OpenROAD dcf36133a369abc8f3c5e5738cd4d82e4903c0e0 
Features included (+) or not (-): +GPU +GUI +Python
This program is licensed under the BSD-3 license. See the LICENSE file for details.
Components of this program may be licensed under more restrictive licenses which must be honored.
[INFO ODB-0388] unsupported LEF58_EOLENCLOSURE property for layer Via1 :"
  	EOLENCLOSURE 0.34 0.06 ;"
[INFO ODB-0388] unsupported LEF58_EOLENCLOSURE property for layer Via2 :" EOLENCLOSURE 0.34 0.06 ; "
[INFO ODB-0388] unsupported LEF58_EOLENCLOSURE property for layer Via3 :" EOLENCLOSURE 0.34 0.06 ; "
[INFO ODB-0388] unsupported LEF58_EOLENCLOSURE property for layer Via4 :" EOLENCLOSURE 0.34 0.06 ; "
[INFO ODB-0227] LEF file: /Users/kimmy/Projects/open-microled-driver-asic/build/layout/pdk/gf180mcuD/libs.ref/gf180mcu_fd_sc_mcu7t5v0/techlef/gf180mcu_fd_sc_mcu7t5v0__max.tlef, created 15 layers, 56 vias
[WARNING ODB-0220] WARNING (LEFPARS-2008): NOWIREEXTENSIONATPIN statement is obsolete in version 5.6 or later.
The NOWIREEXTENSIONATPIN statement will be ignored. See file /Users/kimmy/Projects/open-microled-driver-asic/build/layout/pdk/gf180mcuD/libs.ref/gf180mcu_fd_sc_mcu7t5v0/lef/gf180mcu_fd_sc_mcu7t5v0.lef at line 2.

[INFO ODB-0227] LEF file: /Users/kimmy/Projects/open-microled-driver-asic/build/layout/pdk/gf180mcuD/libs.ref/gf180mcu_fd_sc_mcu7t5v0/lef/gf180mcu_fd_sc_mcu7t5v0.lef, created 229 library cells
R2R_BEGIN_SETUP max_ff_n40C_3v60
Startpoint: _153_ (rising edge-triggered flip-flop clocked by clk)
Endpoint: _152_ (rising edge-triggered flip-flop clocked by clk)
Path Group: clk
Path Type: max

Fanout         Cap        Slew       Delay        Time   Description
---------------------------------------------------------------------------------------------
                                  0.000000    0.000000   clock clk (rise edge)
                                  0.000000    0.000000   clock source latency
     1    0.030984    0.138566    0.072087    0.072087 ^ clk (in)
     4    0.098350    0.131903    0.248551    0.320638 ^ clkbuf_0_clk/Z (gf180mcu_fd_sc_mcu7t5v0__clkbuf_16)
     5    0.027476    0.075911    0.204870    0.525508 ^ clkbuf_2_1__f_clk/Z (gf180mcu_fd_sc_mcu7t5v0__clkbuf_16)
                      0.075911    0.000241    0.525748 ^ _153_/CLK (gf180mcu_fd_sc_mcu7t5v0__dffq_1)
     6    0.032629    0.499211    0.866086    1.391835 ^ _153_/Q (gf180mcu_fd_sc_mcu7t5v0__dffq_1)
     4    0.026463    0.431604    0.582589    1.974424 ^ _080_/Z (gf180mcu_fd_sc_mcu7t5v0__and3_1)
     3    0.018970    0.639732    0.543686    2.518110 ^ _108_/Z (gf180mcu_fd_sc_mcu7t5v0__xor2_1)
     1    0.009264    0.408345    0.327063    2.845172 v _109_/ZN (gf180mcu_fd_sc_mcu7t5v0__aoi221_1)
     1    0.005499    0.725398    0.444301    3.289473 ^ _114_/ZN (gf180mcu_fd_sc_mcu7t5v0__oai222_1)
     1    0.005934    0.137691    0.265787    3.555260 ^ wire13/Z (gf180mcu_fd_sc_mcu7t5v0__clkbuf_1)
     1    0.008278    0.288100    0.132879    3.688139 v _119_/ZN (gf180mcu_fd_sc_mcu7t5v0__aoi21_1)
     1    0.012701    0.500738    0.378423    4.066562 ^ _122_/ZN (gf180mcu_fd_sc_mcu7t5v0__oai211_1)
     1    0.003390    0.251730    0.096119    4.162681 v _123_/ZN (gf180mcu_fd_sc_mcu7t5v0__aoi21_1)
                      0.251730    0.000066    4.162747 v _152_/D (gf180mcu_fd_sc_mcu7t5v0__dffq_1)
                                              4.162747   data arrival time

                               1000.000000 1000.000000   clock clk (rise edge)
                                  0.000000 1000.000000   clock source latency
     1    0.030984    0.138566    0.065256 1000.065308 ^ clk (in)
     4    0.098350    0.131903    0.224873 1000.290161 ^ clkbuf_0_clk/Z (gf180mcu_fd_sc_mcu7t5v0__clkbuf_16)
     5    0.026583    0.075213    0.184400 1000.474548 ^ clkbuf_2_2__f_clk/Z (gf180mcu_fd_sc_mcu7t5v0__clkbuf_16)
                      0.075213    0.000114 1000.474670 ^ _152_/CLK (gf180mcu_fd_sc_mcu7t5v0__dffq_1)
                                 -0.250000 1000.224670   clock uncertainty
                                  0.030537 1000.255249   clock reconvergence pessimism
                                 -0.239734 1000.015503   library setup time
                                           1000.015503   data required time
---------------------------------------------------------------------------------------------
                                           1000.015503   data required time
                                             -4.162747   data arrival time
---------------------------------------------------------------------------------------------
                                            995.852722   slack (MET)


Startpoint: _153_ (rising edge-triggered flip-flop clocked by clk)
Endpoint: _162_ (rising edge-triggered flip-flop clocked by clk)
Path Group: clk
Path Type: max

Fanout         Cap        Slew       Delay        Time   Description
---------------------------------------------------------------------------------------------
                                  0.000000    0.000000   clock clk (rise edge)
                                  0.000000    0.000000   clock source latency
     1    0.030984    0.138566    0.072087    0.072087 ^ clk (in)
     4    0.098350    0.131903    0.248551    0.320638 ^ clkbuf_0_clk/Z (gf180mcu_fd_sc_mcu7t5v0__clkbuf_16)
     5    0.027476    0.075911    0.204870    0.525508 ^ clkbuf_2_1__f_clk/Z (gf180mcu_fd_sc_mcu7t5v0__clkbuf_16)
                      0.075911    0.000241    0.525748 ^ _153_/CLK (gf180mcu_fd_sc_mcu7t5v0__dffq_1)
     6    0.032629    0.499211    0.866086    1.391835 ^ _153_/Q (gf180mcu_fd_sc_mcu7t5v0__dffq_1)
     4    0.027583    0.461355    0.665393    2.057228 ^ _081_/Z (gf180mcu_fd_sc_mcu7t5v0__and4_1)
     2    0.015504    0.443011    0.324771    2.381999 v _084_/ZN (gf180mcu_fd_sc_mcu7t5v0__nand4_1)
     2    0.009424    0.229448    0.233311    2.615310 ^ _085_/ZN (gf180mcu_fd_sc_mcu7t5v0__clkinv_1)
     2    0.018398    0.310031    0.377116    2.992426 ^ _086_/Z (gf180mcu_fd_sc_mcu7t5v0__and2_1)
    10    0.061495    0.462715    0.429863    3.422289 ^ fanout14/Z (gf180mcu_fd_sc_mcu7t5v0__buf_2)
     1    0.005194    0.194596    0.158111    3.580400 v _134_/ZN (gf180mcu_fd_sc_mcu7t5v0__nor2_1)
     1    0.003533    0.412398    0.339332    3.919732 ^ _135_/ZN (gf180mcu_fd_sc_mcu7t5v0__aoi211_1)
                      0.412398    0.000039    3.919771 ^ _162_/D (gf180mcu_fd_sc_mcu7t5v0__dffq_1)
                                              3.919771   data arrival time

                               1000.000000 1000.000000   clock clk (rise edge)
                                  0.000000 1000.000000   clock source latency
     1    0.030984    0.138566    0.065256 1000.065308 ^ clk (in)
     4    0.098350    0.131903    0.224873 1000.290161 ^ clkbuf_0_clk/Z (gf180mcu_fd_sc_mcu7t5v0__clkbuf_16)
     5    0.024021    0.073210    0.183036 1000.473206 ^ clkbuf_2_0__f_clk/Z (gf180mcu_fd_sc_mcu7t5v0__clkbuf_16)
                      0.073210    0.000227 1000.473389 ^ _162_/CLK (gf180mcu_fd_sc_mcu7t5v0__dffq_1)
                                 -0.250000 1000.223450   clock uncertainty
                                  0.030537 1000.254028   clock reconvergence pessimism
                                 -0.220280 1000.033691   library setup time
                                           1000.033691   data required time
---------------------------------------------------------------------------------------------
                                           1000.033691   data required time
                                             -3.919771   data arrival time
---------------------------------------------------------------------------------------------
                                            996.113892   slack (MET)


Startpoint: _153_ (rising edge-triggered flip-flop clocked by clk)
Endpoint: _161_ (rising edge-triggered flip-flop clocked by clk)
Path Group: clk
Path Type: max

Fanout         Cap        Slew       Delay        Time   Description
---------------------------------------------------------------------------------------------
                                  0.000000    0.000000   clock clk (rise edge)
                                  0.000000    0.000000   clock source latency
     1    0.030984    0.138566    0.072087    0.072087 ^ clk (in)
     4    0.098350    0.131903    0.248551    0.320638 ^ clkbuf_0_clk/Z (gf180mcu_fd_sc_mcu7t5v0__clkbuf_16)
     5    0.027476    0.075911    0.204870    0.525508 ^ clkbuf_2_1__f_clk/Z (gf180mcu_fd_sc_mcu7t5v0__clkbuf_16)
                      0.075911    0.000241    0.525748 ^ _153_/CLK (gf180mcu_fd_sc_mcu7t5v0__dffq_1)
     6    0.032629    0.499211    0.866086    1.391835 ^ _153_/Q (gf180mcu_fd_sc_mcu7t5v0__dffq_1)
     4    0.027583    0.461355    0.665393    2.057228 ^ _081_/Z (gf180mcu_fd_sc_mcu7t5v0__and4_1)
     2    0.015504    0.443011    0.324771    2.381999 v _084_/ZN (gf180mcu_fd_sc_mcu7t5v0__nand4_1)
     2    0.009424    0.229448    0.233311    2.615310 ^ _085_/ZN (gf180mcu_fd_sc_mcu7t5v0__clkinv_1)
     2    0.018398    0.310031    0.377116    2.992426 ^ _086_/Z (gf180mcu_fd_sc_mcu7t5v0__and2_1)
    10    0.061495    0.462715    0.429863    3.422289 ^ fanout14/Z (gf180mcu_fd_sc_mcu7t5v0__buf_2)
     1    0.004477    0.187415    0.150025    3.572314 v _132_/ZN (gf180mcu_fd_sc_mcu7t5v0__nor2_1)
     1    0.003017    0.393675    0.326208    3.898521 ^ _133_/ZN (gf180mcu_fd_sc_mcu7t5v0__aoi211_1)
                      0.393675    0.000031    3.898552 ^ _161_/D (gf180mcu_fd_sc_mcu7t5v0__dffq_1)
                                              3.898552   data arrival time

                               1000.000000 1000.000000   clock clk (rise edge)
                                  0.000000 1000.000000   clock source latency
     1    0.030984    0.138566    0.065256 1000.065308 ^ clk (in)
     4    0.098350    0.131903    0.224873 1000.290161 ^ clkbuf_0_clk/Z (gf180mcu_fd_sc_mcu7t5v0__clkbuf_16)
     5    0.024021    0.073210    0.183036 1000.473206 ^ clkbuf_2_0__f_clk/Z (gf180mcu_fd_sc_mcu7t5v0__clkbuf_16)
                      0.073210    0.000227 1000.473389 ^ _161_/CLK (gf180mcu_fd_sc_mcu7t5v0__dffq_1)
                                 -0.250000 1000.223450   clock uncertainty
                                  0.030537 1000.254028   clock reconvergence pessimism
                                 -0.219132 1000.034790   library setup time
                                           1000.034790   data required time
---------------------------------------------------------------------------------------------
                                           1000.034790   data required time
                                             -3.898552   data arrival time
---------------------------------------------------------------------------------------------
                                            996.136292   slack (MET)


Startpoint: _153_ (rising edge-triggered flip-flop clocked by clk)
Endpoint: _164_ (rising edge-triggered flip-flop clocked by clk)
Path Group: clk
Path Type: max

Fanout         Cap        Slew       Delay        Time   Description
---------------------------------------------------------------------------------------------
                                  0.000000    0.000000   clock clk (rise edge)
                                  0.000000    0.000000   clock source latency
     1    0.030984    0.138566    0.072087    0.072087 ^ clk (in)
     4    0.098350    0.131903    0.248551    0.320638 ^ clkbuf_0_clk/Z (gf180mcu_fd_sc_mcu7t5v0__clkbuf_16)
     5    0.027476    0.075911    0.204870    0.525508 ^ clkbuf_2_1__f_clk/Z (gf180mcu_fd_sc_mcu7t5v0__clkbuf_16)
                      0.075911    0.000241    0.525748 ^ _153_/CLK (gf180mcu_fd_sc_mcu7t5v0__dffq_1)
     6    0.032629    0.499211    0.866086    1.391835 ^ _153_/Q (gf180mcu_fd_sc_mcu7t5v0__dffq_1)
     4    0.027583    0.461355    0.665393    2.057228 ^ _081_/Z (gf180mcu_fd_sc_mcu7t5v0__and4_1)
     2    0.015504    0.443011    0.324771    2.381999 v _084_/ZN (gf180mcu_fd_sc_mcu7t5v0__nand4_1)
     2    0.009424    0.229448    0.233311    2.615310 ^ _085_/ZN (gf180mcu_fd_sc_mcu7t5v0__clkinv_1)
     2    0.018398    0.310031    0.377116    2.992426 ^ _086_/Z (gf180mcu_fd_sc_mcu7t5v0__and2_1)
    10    0.061495    0.462715    0.429863    3.422289 ^ fanout14/Z (gf180mcu_fd_sc_mcu7t5v0__buf_2)
     1    0.006952    0.232704    0.185655    3.607944 v _138_/ZN (gf180mcu_fd_sc_mcu7t5v0__oai21_1)
     1    0.002789    0.239777    0.234872    3.842815 ^ _139_/ZN (gf180mcu_fd_sc_mcu7t5v0__aoi21_1)
                      0.239777    0.000028    3.842844 ^ _164_/D (gf180mcu_fd_sc_mcu7t5v0__dffq_1)
                                              3.842844   data arrival time

                               1000.000000 1000.000000   clock clk (rise edge)
                                  0.000000 1000.000000   clock source latency
     1    0.030984    0.138566    0.065256 1000.065308 ^ clk (in)
     4    0.098350    0.131903    0.224873 1000.290161 ^ clkbuf_0_clk/Z (gf180mcu_fd_sc_mcu7t5v0__clkbuf_16)
     5    0.024021    0.073210    0.183036 1000.473206 ^ clkbuf_2_0__f_clk/Z (gf180mcu_fd_sc_mcu7t5v0__clkbuf_16)
                      0.073210    0.000114 1000.473328 ^ _164_/CLK (gf180mcu_fd_sc_mcu7t5v0__dffq_1)
                                 -0.250000 1000.223328   clock uncertainty
                                  0.030537 1000.253906   clock reconvergence pessimism
                                 -0.209693 1000.044250   library setup time
                                           1000.044250   data required time
---------------------------------------------------------------------------------------------
                                           1000.044250   data required time
                                             -3.842844   data arrival time
---------------------------------------------------------------------------------------------
                                            996.201416   slack (MET)


Startpoint: _153_ (rising edge-triggered flip-flop clocked by clk)
Endpoint: _163_ (rising edge-triggered flip-flop clocked by clk)
Path Group: clk
Path Type: max

Fanout         Cap        Slew       Delay        Time   Description
---------------------------------------------------------------------------------------------
                                  0.000000    0.000000   clock clk (rise edge)
                                  0.000000    0.000000   clock source latency
     1    0.030984    0.138566    0.072087    0.072087 ^ clk (in)
     4    0.098350    0.131903    0.248551    0.320638 ^ clkbuf_0_clk/Z (gf180mcu_fd_sc_mcu7t5v0__clkbuf_16)
     5    0.027476    0.075911    0.204870    0.525508 ^ clkbuf_2_1__f_clk/Z (gf180mcu_fd_sc_mcu7t5v0__clkbuf_16)
                      0.075911    0.000241    0.525748 ^ _153_/CLK (gf180mcu_fd_sc_mcu7t5v0__dffq_1)
     6    0.032629    0.499211    0.866086    1.391835 ^ _153_/Q (gf180mcu_fd_sc_mcu7t5v0__dffq_1)
     4    0.027583    0.461355    0.665393    2.057228 ^ _081_/Z (gf180mcu_fd_sc_mcu7t5v0__and4_1)
     2    0.015504    0.443011    0.324771    2.381999 v _084_/ZN (gf180mcu_fd_sc_mcu7t5v0__nand4_1)
     2    0.009424    0.229448    0.233311    2.615310 ^ _085_/ZN (gf180mcu_fd_sc_mcu7t5v0__clkinv_1)
     2    0.018398    0.310031    0.377116    2.992426 ^ _086_/Z (gf180mcu_fd_sc_mcu7t5v0__and2_1)
    10    0.061495    0.462715    0.429863    3.422289 ^ fanout14/Z (gf180mcu_fd_sc_mcu7t5v0__buf_2)
     1    0.005040    0.210889    0.164841    3.587130 v _136_/ZN (gf180mcu_fd_sc_mcu7t5v0__oai21_1)
     1    0.003358    0.249266    0.239816    3.826946 ^ _137_/ZN (gf180mcu_fd_sc_mcu7t5v0__aoi21_1)
                      0.249266    0.000038    3.826983 ^ _163_/D (gf180mcu_fd_sc_mcu7t5v0__dffq_1)
                                              3.826983   data arrival time

                               1000.000000 1000.000000   clock clk (rise edge)
                                  0.000000 1000.000000   clock source latency
     1    0.030984    0.138566    0.065256 1000.065308 ^ clk (in)
     4    0.098350    0.131903    0.224873 1000.290161 ^ clkbuf_0_clk/Z (gf180mcu_fd_sc_mcu7t5v0__clkbuf_16)
     5    0.024021    0.073210    0.183036 1000.473206 ^ clkbuf_2_0__f_clk/Z (gf180mcu_fd_sc_mcu7t5v0__clkbuf_16)
                      0.073210    0.000114 1000.473328 ^ _163_/CLK (gf180mcu_fd_sc_mcu7t5v0__dffq_1)
                                 -0.250000 1000.223328   clock uncertainty
                                  0.030537 1000.253906   clock reconvergence pessimism
                                 -0.210275 1000.043579   library setup time
                                           1000.043579   data required time
---------------------------------------------------------------------------------------------
                                           1000.043579   data required time
                                             -3.826983   data arrival time
---------------------------------------------------------------------------------------------
                                            996.216614   slack (MET)


Startpoint: _153_ (rising edge-triggered flip-flop clocked by clk)
Endpoint: _165_ (rising edge-triggered flip-flop clocked by clk)
Path Group: clk
Path Type: max

Fanout         Cap        Slew       Delay        Time   Description
---------------------------------------------------------------------------------------------
                                  0.000000    0.000000   clock clk (rise edge)
                                  0.000000    0.000000   clock source latency
     1    0.030984    0.138566    0.072087    0.072087 ^ clk (in)
     4    0.098350    0.131903    0.248551    0.320638 ^ clkbuf_0_clk/Z (gf180mcu_fd_sc_mcu7t5v0__clkbuf_16)
     5    0.027476    0.075911    0.204870    0.525508 ^ clkbuf_2_1__f_clk/Z (gf180mcu_fd_sc_mcu7t5v0__clkbuf_16)
                      0.075911    0.000241    0.525748 ^ _153_/CLK (gf180mcu_fd_sc_mcu7t5v0__dffq_1)
     6    0.032629    0.499211    0.866086    1.391835 ^ _153_/Q (gf180mcu_fd_sc_mcu7t5v0__dffq_1)
     4    0.027583    0.461355    0.665393    2.057228 ^ _081_/Z (gf180mcu_fd_sc_mcu7t5v0__and4_1)
     2    0.015504    0.443011    0.324771    2.381999 v _084_/ZN (gf180mcu_fd_sc_mcu7t5v0__nand4_1)
     2    0.009424    0.229448    0.233311    2.615310 ^ _085_/ZN (gf180mcu_fd_sc_mcu7t5v0__clkinv_1)
     2    0.018398    0.310031    0.377116    2.992426 ^ _086_/Z (gf180mcu_fd_sc_mcu7t5v0__and2_1)
    10    0.061495    0.462715    0.429863    3.422289 ^ fanout14/Z (gf180mcu_fd_sc_mcu7t5v0__buf_2)
     1    0.006456    0.226775    0.179303    3.601592 v _140_/ZN (gf180mcu_fd_sc_mcu7t5v0__oai21_1)
     1    0.003459    0.257018    0.244361    3.845952 ^ _141_/ZN (gf180mcu_fd_sc_mcu7t5v0__aoi21_1)
                      0.257018    0.000069    3.846021 ^ _165_/D (gf180mcu_fd_sc_mcu7t5v0__dffq_1)
                                              3.846021   data arrival time

                               1000.000000 1000.000000   clock clk (rise edge)
                                  0.000000 1000.000000   clock source latency
     1    0.030984    0.138566    0.065256 1000.065308 ^ clk (in)
     4    0.098350    0.131903    0.224873 1000.290161 ^ clkbuf_0_clk/Z (gf180mcu_fd_sc_mcu7t5v0__clkbuf_16)
     5    0.027476    0.075911    0.185310 1000.475464 ^ clkbuf_2_1__f_clk/Z (gf180mcu_fd_sc_mcu7t5v0__clkbuf_16)
                      0.075911    0.000227 1000.475708 ^ _165_/CLK (gf180mcu_fd_sc_mcu7t5v0__dffq_1)
                                 -0.250000 1000.225708   clock uncertainty
                                  0.050048 1000.275696   clock reconvergence pessimism
                                 -0.210182 1000.065491   library setup time
                                           1000.065491   data required time
---------------------------------------------------------------------------------------------
                                           1000.065491   data required time
                                             -3.846021   data arrival time
---------------------------------------------------------------------------------------------
                                            996.219482   slack (MET)


Startpoint: _153_ (rising edge-triggered flip-flop clocked by clk)
Endpoint: _167_ (rising edge-triggered flip-flop clocked by clk)
Path Group: clk
Path Type: max

Fanout         Cap        Slew       Delay        Time   Description
---------------------------------------------------------------------------------------------
                                  0.000000    0.000000   clock clk (rise edge)
                                  0.000000    0.000000   clock source latency
     1    0.030984    0.138566    0.072087    0.072087 ^ clk (in)
     4    0.098350    0.131903    0.248551    0.320638 ^ clkbuf_0_clk/Z (gf180mcu_fd_sc_mcu7t5v0__clkbuf_16)
     5    0.027476    0.075911    0.204870    0.525508 ^ clkbuf_2_1__f_clk/Z (gf180mcu_fd_sc_mcu7t5v0__clkbuf_16)
                      0.075911    0.000241    0.525748 ^ _153_/CLK (gf180mcu_fd_sc_mcu7t5v0__dffq_1)
     6    0.032629    0.499211    0.866086    1.391835 ^ _153_/Q (gf180mcu_fd_sc_mcu7t5v0__dffq_1)
     4    0.027583    0.461355    0.665393    2.057228 ^ _081_/Z (gf180mcu_fd_sc_mcu7t5v0__and4_1)
     2    0.015504    0.443011    0.324771    2.381999 v _084_/ZN (gf180mcu_fd_sc_mcu7t5v0__nand4_1)
     2    0.009424    0.229448    0.233311    2.615310 ^ _085_/ZN (gf180mcu_fd_sc_mcu7t5v0__clkinv_1)
     5    0.035311    0.464386    0.341280    2.956590 v _087_/ZN (gf180mcu_fd_sc_mcu7t5v0__nand2_1)
     3    0.018135    0.556145    0.456560    3.413150 ^ _144_/ZN (gf180mcu_fd_sc_mcu7t5v0__nor2_1)
     1    0.005135    0.287565    0.217124    3.630274 v _145_/ZN (gf180mcu_fd_sc_mcu7t5v0__aoi22_1)
     1    0.003153    0.195751    0.188274    3.818548 ^ _146_/ZN (gf180mcu_fd_sc_mcu7t5v0__nor2_1)
                      0.195751    0.000033    3.818582 ^ _167_/D (gf180mcu_fd_sc_mcu7t5v0__dffq_1)
                                              3.818582   data arrival time

                               1000.000000 1000.000000   clock clk (rise edge)
                                  0.000000 1000.000000   clock source latency
     1    0.030984    0.138566    0.065256 1000.065308 ^ clk (in)
     4    0.098350    0.131903    0.224873 1000.290161 ^ clkbuf_0_clk/Z (gf180mcu_fd_sc_mcu7t5v0__clkbuf_16)
     5    0.026583    0.075213    0.184400 1000.474548 ^ clkbuf_2_2__f_clk/Z (gf180mcu_fd_sc_mcu7t5v0__clkbuf_16)
                      0.075213    0.000227 1000.474792 ^ _167_/CLK (gf180mcu_fd_sc_mcu7t5v0__dffq_1)
                                 -0.250000 1000.224792   clock uncertainty
                                  0.030537 1000.255371   clock reconvergence pessimism
                                 -0.206550 1000.048767   library setup time
                                           1000.048767   data required time
---------------------------------------------------------------------------------------------
                                           1000.048767   data required time
                                             -3.818582   data arrival time
---------------------------------------------------------------------------------------------
                                            996.230164   slack (MET)


Startpoint: _153_ (rising edge-triggered flip-flop clocked by clk)
Endpoint: _168_ (rising edge-triggered flip-flop clocked by clk)
Path Group: clk
Path Type: max

Fanout         Cap        Slew       Delay        Time   Description
---------------------------------------------------------------------------------------------
                                  0.000000    0.000000   clock clk (rise edge)
                                  0.000000    0.000000   clock source latency
     1    0.030984    0.138566    0.072087    0.072087 ^ clk (in)
     4    0.098350    0.131903    0.248551    0.320638 ^ clkbuf_0_clk/Z (gf180mcu_fd_sc_mcu7t5v0__clkbuf_16)
     5    0.027476    0.075911    0.204870    0.525508 ^ clkbuf_2_1__f_clk/Z (gf180mcu_fd_sc_mcu7t5v0__clkbuf_16)
                      0.075911    0.000241    0.525748 ^ _153_/CLK (gf180mcu_fd_sc_mcu7t5v0__dffq_1)
     6    0.032629    0.499211    0.866086    1.391835 ^ _153_/Q (gf180mcu_fd_sc_mcu7t5v0__dffq_1)
     4    0.027583    0.461355    0.665393    2.057228 ^ _081_/Z (gf180mcu_fd_sc_mcu7t5v0__and4_1)
     2    0.015504    0.443011    0.324771    2.381999 v _084_/ZN (gf180mcu_fd_sc_mcu7t5v0__nand4_1)
     2    0.009424    0.229448    0.233311    2.615310 ^ _085_/ZN (gf180mcu_fd_sc_mcu7t5v0__clkinv_1)
     5    0.035311    0.464386    0.341280    2.956590 v _087_/ZN (gf180mcu_fd_sc_mcu7t5v0__nand2_1)
     3    0.018135    0.556145    0.456560    3.413150 ^ _144_/ZN (gf180mcu_fd_sc_mcu7t5v0__nor2_1)
     1    0.004693    0.283193    0.212450    3.625600 v _147_/ZN (gf180mcu_fd_sc_mcu7t5v0__aoi22_1)
     1    0.002725    0.186858    0.180619    3.806219 ^ _148_/ZN (gf180mcu_fd_sc_mcu7t5v0__nor2_1)
                      0.186858    0.000027    3.806247 ^ _168_/D (gf180mcu_fd_sc_mcu7t5v0__dffq_1)
                                              3.806247   data arrival time

                               1000.000000 1000.000000   clock clk (rise edge)
                                  0.000000 1000.000000   clock source latency
     1    0.030984    0.138566    0.065256 1000.065308 ^ clk (in)
     4    0.098350    0.131903    0.224873 1000.290161 ^ clkbuf_0_clk/Z (gf180mcu_fd_sc_mcu7t5v0__clkbuf_16)
     5    0.026583    0.075213    0.184400 1000.474548 ^ clkbuf_2_2__f_clk/Z (gf180mcu_fd_sc_mcu7t5v0__clkbuf_16)
                      0.075214    0.000455 1000.475037 ^ _168_/CLK (gf180mcu_fd_sc_mcu7t5v0__dffq_1)
                                 -0.250000 1000.225037   clock uncertainty
                                  0.030537 1000.255615   clock reconvergence pessimism
                                 -0.206002 1000.049622   library setup time
                                           1000.049622   data required time
---------------------------------------------------------------------------------------------
                                           1000.049622   data required time
                                             -3.806247   data arrival time
---------------------------------------------------------------------------------------------
                                            996.243347   slack (MET)


Startpoint: _153_ (rising edge-triggered flip-flop clocked by clk)
Endpoint: _166_ (rising edge-triggered flip-flop clocked by clk)
Path Group: clk
Path Type: max

Fanout         Cap        Slew       Delay        Time   Description
---------------------------------------------------------------------------------------------
                                  0.000000    0.000000   clock clk (rise edge)
                                  0.000000    0.000000   clock source latency
     1    0.030984    0.138566    0.072087    0.072087 ^ clk (in)
     4    0.098350    0.131903    0.248551    0.320638 ^ clkbuf_0_clk/Z (gf180mcu_fd_sc_mcu7t5v0__clkbuf_16)
     5    0.027476    0.075911    0.204870    0.525508 ^ clkbuf_2_1__f_clk/Z (gf180mcu_fd_sc_mcu7t5v0__clkbuf_16)
                      0.075911    0.000241    0.525748 ^ _153_/CLK (gf180mcu_fd_sc_mcu7t5v0__dffq_1)
     6    0.032629    0.499211    0.866086    1.391835 ^ _153_/Q (gf180mcu_fd_sc_mcu7t5v0__dffq_1)
     4    0.027583    0.461355    0.665393    2.057228 ^ _081_/Z (gf180mcu_fd_sc_mcu7t5v0__and4_1)
     2    0.015504    0.443011    0.324771    2.381999 v _084_/ZN (gf180mcu_fd_sc_mcu7t5v0__nand4_1)
     2    0.009424    0.229448    0.233311    2.615310 ^ _085_/ZN (gf180mcu_fd_sc_mcu7t5v0__clkinv_1)
     2    0.018398    0.310031    0.377116    2.992426 ^ _086_/Z (gf180mcu_fd_sc_mcu7t5v0__and2_1)
     5    0.036507    0.288486    0.321524    3.313949 ^ fanout15/Z (gf180mcu_fd_sc_mcu7t5v0__buf_2)
     1    0.005251    0.154733    0.140416    3.454365 v _142_/ZN (gf180mcu_fd_sc_mcu7t5v0__nor2_1)
     1    0.003396    0.407431    0.329403    3.783768 ^ _143_/ZN (gf180mcu_fd_sc_mcu7t5v0__aoi211_1)
                      0.407431    0.000039    3.783808 ^ _166_/D (gf180mcu_fd_sc_mcu7t5v0__dffq_1)
                                              3.783808   data arrival time

                               1000.000000 1000.000000   clock clk (rise edge)
                                  0.000000 1000.000000   clock source latency
     1    0.030984    0.138566    0.065256 1000.065308 ^ clk (in)
     4    0.098350    0.131903    0.224873 1000.290161 ^ clkbuf_0_clk/Z (gf180mcu_fd_sc_mcu7t5v0__clkbuf_16)
     5    0.027476    0.075911    0.185310 1000.475464 ^ clkbuf_2_1__f_clk/Z (gf180mcu_fd_sc_mcu7t5v0__clkbuf_16)
                      0.075911    0.000341 1000.475830 ^ _166_/CLK (gf180mcu_fd_sc_mcu7t5v0__dffq_1)
                                 -0.250000 1000.225830   clock uncertainty
                                  0.050048 1000.275818   clock reconvergence pessimism
                                 -0.219475 1000.056274   library setup time
                                           1000.056274   data required time
---------------------------------------------------------------------------------------------
                                           1000.056274   data required time
                                             -3.783808   data arrival time
---------------------------------------------------------------------------------------------
                                            996.272461   slack (MET)


Startpoint: _153_ (rising edge-triggered flip-flop clocked by clk)
Endpoint: _169_ (rising edge-triggered flip-flop clocked by clk)
Path Group: clk
Path Type: max

Fanout         Cap        Slew       Delay        Time   Description
---------------------------------------------------------------------------------------------
                                  0.000000    0.000000   clock clk (rise edge)
                                  0.000000    0.000000   clock source latency
     1    0.030984    0.138566    0.072087    0.072087 ^ clk (in)
     4    0.098350    0.131903    0.248551    0.320638 ^ clkbuf_0_clk/Z (gf180mcu_fd_sc_mcu7t5v0__clkbuf_16)
     5    0.027476    0.075911    0.204870    0.525508 ^ clkbuf_2_1__f_clk/Z (gf180mcu_fd_sc_mcu7t5v0__clkbuf_16)
                      0.075911    0.000241    0.525748 ^ _153_/CLK (gf180mcu_fd_sc_mcu7t5v0__dffq_1)
     6    0.032629    0.499211    0.866086    1.391835 ^ _153_/Q (gf180mcu_fd_sc_mcu7t5v0__dffq_1)
     4    0.027583    0.461355    0.665393    2.057228 ^ _081_/Z (gf180mcu_fd_sc_mcu7t5v0__and4_1)
     2    0.015504    0.443011    0.324771    2.381999 v _084_/ZN (gf180mcu_fd_sc_mcu7t5v0__nand4_1)
     2    0.009424    0.229448    0.233311    2.615310 ^ _085_/ZN (gf180mcu_fd_sc_mcu7t5v0__clkinv_1)
     2    0.018398    0.310031    0.377116    2.992426 ^ _086_/Z (gf180mcu_fd_sc_mcu7t5v0__and2_1)
     5    0.036507    0.288486    0.321524    3.313949 ^ fanout15/Z (gf180mcu_fd_sc_mcu7t5v0__buf_2)
     1    0.005113    0.173795    0.147600    3.461549 v _149_/ZN (gf180mcu_fd_sc_mcu7t5v0__oai21_1)
     1    0.002908    0.199045    0.163708    3.625257 ^ _150_/ZN (gf180mcu_fd_sc_mcu7t5v0__nor2_1)
                      0.199045    0.000030    3.625287 ^ _169_/D (gf180mcu_fd_sc_mcu7t5v0__dffq_1)
                                              3.625287   data arrival time

                               1000.000000 1000.000000   clock clk (rise edge)
                                  0.000000 1000.000000   clock source latency
     1    0.030984    0.138566    0.065256 1000.065308 ^ clk (in)
     4    0.098350    0.131903    0.224873 1000.290161 ^ clkbuf_0_clk/Z (gf180mcu_fd_sc_mcu7t5v0__clkbuf_16)
     5    0.026583    0.075213    0.184400 1000.474548 ^ clkbuf_2_2__f_clk/Z (gf180mcu_fd_sc_mcu7t5v0__clkbuf_16)
                      0.075214    0.000341 1000.474915 ^ _169_/CLK (gf180mcu_fd_sc_mcu7t5v0__dffq_1)
                                 -0.250000 1000.224915   clock uncertainty
                                  0.030537 1000.255493   clock reconvergence pessimism
                                 -0.206753 1000.048706   library setup time
                                           1000.048706   data required time
---------------------------------------------------------------------------------------------
                                           1000.048706   data required time
                                             -3.625287   data arrival time
---------------------------------------------------------------------------------------------
                                            996.423462   slack (MET)


Startpoint: _153_ (rising edge-triggered flip-flop clocked by clk)
Endpoint: _170_ (rising edge-triggered flip-flop clocked by clk)
Path Group: clk
Path Type: max

Fanout         Cap        Slew       Delay        Time   Description
---------------------------------------------------------------------------------------------
                                  0.000000    0.000000   clock clk (rise edge)
                                  0.000000    0.000000   clock source latency
     1    0.030984    0.138566    0.072087    0.072087 ^ clk (in)
     4    0.098350    0.131903    0.248551    0.320638 ^ clkbuf_0_clk/Z (gf180mcu_fd_sc_mcu7t5v0__clkbuf_16)
     5    0.027476    0.075911    0.204870    0.525508 ^ clkbuf_2_1__f_clk/Z (gf180mcu_fd_sc_mcu7t5v0__clkbuf_16)
                      0.075911    0.000241    0.525748 ^ _153_/CLK (gf180mcu_fd_sc_mcu7t5v0__dffq_1)
     6    0.032629    0.499211    0.866086    1.391835 ^ _153_/Q (gf180mcu_fd_sc_mcu7t5v0__dffq_1)
     4    0.027583    0.461355    0.665393    2.057228 ^ _081_/Z (gf180mcu_fd_sc_mcu7t5v0__and4_1)
     2    0.015504    0.443011    0.324771    2.381999 v _084_/ZN (gf180mcu_fd_sc_mcu7t5v0__nand4_1)
     2    0.009424    0.229448    0.233311    2.615310 ^ _085_/ZN (gf180mcu_fd_sc_mcu7t5v0__clkinv_1)
     2    0.018398    0.310031    0.377116    2.992426 ^ _086_/Z (gf180mcu_fd_sc_mcu7t5v0__and2_1)
     5    0.036507    0.288486    0.321524    3.313949 ^ fanout15/Z (gf180mcu_fd_sc_mcu7t5v0__buf_2)
     1    0.006219    0.146617    0.119647    3.433597 v _088_/ZN (gf180mcu_fd_sc_mcu7t5v0__nand2_1)
     1    0.002817    0.246241    0.152894    3.586491 ^ _151_/ZN (gf180mcu_fd_sc_mcu7t5v0__aoi21_1)
                      0.246241    0.000029    3.586520 ^ _170_/D (gf180mcu_fd_sc_mcu7t5v0__dffq_1)
                                              3.586520   data arrival time

                               1000.000000 1000.000000   clock clk (rise edge)
                                  0.000000 1000.000000   clock source latency
     1    0.030984    0.138566    0.065256 1000.065308 ^ clk (in)
     4    0.098350    0.131903    0.224873 1000.290161 ^ clkbuf_0_clk/Z (gf180mcu_fd_sc_mcu7t5v0__clkbuf_16)
     5    0.026583    0.075213    0.184400 1000.474548 ^ clkbuf_2_2__f_clk/Z (gf180mcu_fd_sc_mcu7t5v0__clkbuf_16)
                      0.075213    0.000227 1000.474792 ^ _170_/CLK (gf180mcu_fd_sc_mcu7t5v0__dffq_1)
                                 -0.250000 1000.224792   clock uncertainty
                                  0.030537 1000.255371   clock reconvergence pessimism
                                 -0.209664 1000.045715   library setup time
                                           1000.045715   data required time
---------------------------------------------------------------------------------------------
                                           1000.045715   data required time
                                             -3.586520   data arrival time
---------------------------------------------------------------------------------------------
                                            996.459229   slack (MET)


Startpoint: _153_ (rising edge-triggered flip-flop clocked by clk)
Endpoint: _160_ (rising edge-triggered flip-flop clocked by clk)
Path Group: clk
Path Type: max

Fanout         Cap        Slew       Delay        Time   Description
---------------------------------------------------------------------------------------------
                                  0.000000    0.000000   clock clk (rise edge)
                                  0.000000    0.000000   clock source latency
     1    0.030984    0.138566    0.072087    0.072087 ^ clk (in)
     4    0.098350    0.131903    0.248551    0.320638 ^ clkbuf_0_clk/Z (gf180mcu_fd_sc_mcu7t5v0__clkbuf_16)
     5    0.027476    0.075911    0.204870    0.525508 ^ clkbuf_2_1__f_clk/Z (gf180mcu_fd_sc_mcu7t5v0__clkbuf_16)
                      0.075911    0.000241    0.525748 ^ _153_/CLK (gf180mcu_fd_sc_mcu7t5v0__dffq_1)
     6    0.032629    0.499211    0.866086    1.391835 ^ _153_/Q (gf180mcu_fd_sc_mcu7t5v0__dffq_1)
     4    0.027583    0.461355    0.665393    2.057228 ^ _081_/Z (gf180mcu_fd_sc_mcu7t5v0__and4_1)
     2    0.015504    0.443011    0.324771    2.381999 v _084_/ZN (gf180mcu_fd_sc_mcu7t5v0__nand4_1)
     3    0.018176    0.309787    0.583907    2.965906 v _117_/Z (gf180mcu_fd_sc_mcu7t5v0__xor2_1)
     1    0.003090    0.164276    0.181509    3.147415 ^ _131_/ZN (gf180mcu_fd_sc_mcu7t5v0__nand2_1)
                      0.164276    0.000033    3.147448 ^ _160_/D (gf180mcu_fd_sc_mcu7t5v0__dffq_1)
                                              3.147448   data arrival time

                               1000.000000 1000.000000   clock clk (rise edge)
                                  0.000000 1000.000000   clock source latency
     1    0.030984    0.138566    0.065256 1000.065308 ^ clk (in)
     4    0.098350    0.131903    0.224873 1000.290161 ^ clkbuf_0_clk/Z (gf180mcu_fd_sc_mcu7t5v0__clkbuf_16)
     5    0.026906    0.075466    0.184627 1000.474792 ^ clkbuf_2_3__f_clk/Z (gf180mcu_fd_sc_mcu7t5v0__clkbuf_16)
                      0.075467    0.000227 1000.475037 ^ _160_/CLK (gf180mcu_fd_sc_mcu7t5v0__dffq_1)
                                 -0.250000 1000.225037   clock uncertainty
                                  0.030537 1000.255615   clock reconvergence pessimism
                                 -0.202312 1000.053223   library setup time
                                           1000.053223   data required time
---------------------------------------------------------------------------------------------
                                           1000.053223   data required time
                                             -3.147448   data arrival time
---------------------------------------------------------------------------------------------
                                            996.905823   slack (MET)


Startpoint: _153_ (rising edge-triggered flip-flop clocked by clk)
Endpoint: _159_ (rising edge-triggered flip-flop clocked by clk)
Path Group: clk
Path Type: max

Fanout         Cap        Slew       Delay        Time   Description
---------------------------------------------------------------------------------------------
                                  0.000000    0.000000   clock clk (rise edge)
                                  0.000000    0.000000   clock source latency
     1    0.030984    0.138566    0.072087    0.072087 ^ clk (in)
     4    0.098350    0.131903    0.248551    0.320638 ^ clkbuf_0_clk/Z (gf180mcu_fd_sc_mcu7t5v0__clkbuf_16)
     5    0.027476    0.075911    0.204870    0.525508 ^ clkbuf_2_1__f_clk/Z (gf180mcu_fd_sc_mcu7t5v0__clkbuf_16)
                      0.075911    0.000241    0.525748 ^ _153_/CLK (gf180mcu_fd_sc_mcu7t5v0__dffq_1)
     6    0.032629    0.499211    0.866086    1.391835 ^ _153_/Q (gf180mcu_fd_sc_mcu7t5v0__dffq_1)
     4    0.027583    0.461355    0.665393    2.057228 ^ _081_/Z (gf180mcu_fd_sc_mcu7t5v0__and4_1)
     1    0.008157    0.245199    0.184161    2.241389 v _083_/ZN (gf180mcu_fd_sc_mcu7t5v0__nand3_1)
     3    0.018999    0.286590    0.518321    2.759710 v _115_/Z (gf180mcu_fd_sc_mcu7t5v0__xor2_1)
     1    0.003161    0.160716    0.175875    2.935585 ^ _130_/ZN (gf180mcu_fd_sc_mcu7t5v0__nand2_1)
                      0.160716    0.000034    2.935619 ^ _159_/D (gf180mcu_fd_sc_mcu7t5v0__dffq_1)
                                              2.935619   data arrival time

                               1000.000000 1000.000000   clock clk (rise edge)
                                  0.000000 1000.000000   clock source latency
     1    0.030984    0.138566    0.065256 1000.065308 ^ clk (in)
     4    0.098350    0.131903    0.224873 1000.290161 ^ clkbuf_0_clk/Z (gf180mcu_fd_sc_mcu7t5v0__clkbuf_16)
     5    0.026906    0.075466    0.184627 1000.474792 ^ clkbuf_2_3__f_clk/Z (gf180mcu_fd_sc_mcu7t5v0__clkbuf_16)
                      0.075466    0.000000 1000.474792 ^ _159_/CLK (gf180mcu_fd_sc_mcu7t5v0__dffq_1)
                                 -0.250000 1000.224792   clock uncertainty
                                  0.030537 1000.255371   clock reconvergence pessimism
                                 -0.201623 1000.053772   library setup time
                                           1000.053772   data required time
---------------------------------------------------------------------------------------------
                                           1000.053772   data required time
                                             -2.935619   data arrival time
---------------------------------------------------------------------------------------------
                                            997.118164   slack (MET)


Startpoint: _153_ (rising edge-triggered flip-flop clocked by clk)
Endpoint: _157_ (rising edge-triggered flip-flop clocked by clk)
Path Group: clk
Path Type: max

Fanout         Cap        Slew       Delay        Time   Description
---------------------------------------------------------------------------------------------
                                  0.000000    0.000000   clock clk (rise edge)
                                  0.000000    0.000000   clock source latency
     1    0.030984    0.138566    0.072087    0.072087 ^ clk (in)
     4    0.098350    0.131903    0.248551    0.320638 ^ clkbuf_0_clk/Z (gf180mcu_fd_sc_mcu7t5v0__clkbuf_16)
     5    0.027476    0.075911    0.204870    0.525508 ^ clkbuf_2_1__f_clk/Z (gf180mcu_fd_sc_mcu7t5v0__clkbuf_16)
                      0.075911    0.000241    0.525748 ^ _153_/CLK (gf180mcu_fd_sc_mcu7t5v0__dffq_1)
     6    0.032629    0.499211    0.866086    1.391835 ^ _153_/Q (gf180mcu_fd_sc_mcu7t5v0__dffq_1)
     4    0.027583    0.461355    0.665393    2.057228 ^ _081_/Z (gf180mcu_fd_sc_mcu7t5v0__and4_1)
     2    0.013400    0.502821    0.457445    2.514673 ^ _110_/Z (gf180mcu_fd_sc_mcu7t5v0__xor2_1)
     2    0.010485    0.237036    0.203406    2.718079 v _111_/ZN (gf180mcu_fd_sc_mcu7t5v0__clkinv_1)
     1    0.003081    0.150066    0.160995    2.879074 ^ _128_/ZN (gf180mcu_fd_sc_mcu7t5v0__nand2_1)
                      0.150066    0.000033    2.879107 ^ _157_/D (gf180mcu_fd_sc_mcu7t5v0__dffq_1)
                                              2.879107   data arrival time

                               1000.000000 1000.000000   clock clk (rise edge)
                                  0.000000 1000.000000   clock source latency
     1    0.030984    0.138566    0.065256 1000.065308 ^ clk (in)
     4    0.098350    0.131903    0.224873 1000.290161 ^ clkbuf_0_clk/Z (gf180mcu_fd_sc_mcu7t5v0__clkbuf_16)
     5    0.026906    0.075466    0.184627 1000.474792 ^ clkbuf_2_3__f_clk/Z (gf180mcu_fd_sc_mcu7t5v0__clkbuf_16)
                      0.075466    0.000000 1000.474792 ^ _157_/CLK (gf180mcu_fd_sc_mcu7t5v0__dffq_1)
                                 -0.250000 1000.224792   clock uncertainty
                                  0.030537 1000.255371   clock reconvergence pessimism
                                 -0.199564 1000.055847   library setup time
                                           1000.055847   data required time
---------------------------------------------------------------------------------------------
                                           1000.055847   data required time
                                             -2.879107   data arrival time
---------------------------------------------------------------------------------------------
                                            997.176697   slack (MET)


Startpoint: _153_ (rising edge-triggered flip-flop clocked by clk)
Endpoint: _158_ (rising edge-triggered flip-flop clocked by clk)
Path Group: clk
Path Type: max

Fanout         Cap        Slew       Delay        Time   Description
---------------------------------------------------------------------------------------------
                                  0.000000    0.000000   clock clk (rise edge)
                                  0.000000    0.000000   clock source latency
     1    0.030984    0.138566    0.072087    0.072087 ^ clk (in)
     4    0.098350    0.131903    0.248551    0.320638 ^ clkbuf_0_clk/Z (gf180mcu_fd_sc_mcu7t5v0__clkbuf_16)
     5    0.027476    0.075911    0.204870    0.525508 ^ clkbuf_2_1__f_clk/Z (gf180mcu_fd_sc_mcu7t5v0__clkbuf_16)
                      0.075911    0.000241    0.525748 ^ _153_/CLK (gf180mcu_fd_sc_mcu7t5v0__dffq_1)
     6    0.032629    0.499211    0.866086    1.391835 ^ _153_/Q (gf180mcu_fd_sc_mcu7t5v0__dffq_1)
     4    0.027583    0.461355    0.665393    2.057228 ^ _081_/Z (gf180mcu_fd_sc_mcu7t5v0__and4_1)
     1    0.007650    0.190699    0.139323    2.196551 v _082_/ZN (gf180mcu_fd_sc_mcu7t5v0__nand2_1)
     3    0.017915    0.285989    0.492692    2.689243 v _113_/Z (gf180mcu_fd_sc_mcu7t5v0__xor2_1)
     1    0.002869    0.156740    0.172433    2.861676 ^ _129_/ZN (gf180mcu_fd_sc_mcu7t5v0__nand2_1)
                      0.156740    0.000030    2.861705 ^ _158_/D (gf180mcu_fd_sc_mcu7t5v0__dffq_1)
                                              2.861705   data arrival time

                               1000.000000 1000.000000   clock clk (rise edge)
                                  0.000000 1000.000000   clock source latency
     1    0.030984    0.138566    0.065256 1000.065308 ^ clk (in)
     4    0.098350    0.131903    0.224873 1000.290161 ^ clkbuf_0_clk/Z (gf180mcu_fd_sc_mcu7t5v0__clkbuf_16)
     5    0.026906    0.075466    0.184627 1000.474792 ^ clkbuf_2_3__f_clk/Z (gf180mcu_fd_sc_mcu7t5v0__clkbuf_16)
                      0.075466    0.000000 1000.474792 ^ _158_/CLK (gf180mcu_fd_sc_mcu7t5v0__dffq_1)
                                 -0.250000 1000.224792   clock uncertainty
                                  0.030537 1000.255371   clock reconvergence pessimism
                                 -0.200855 1000.054504   library setup time
                                           1000.054504   data required time
---------------------------------------------------------------------------------------------
                                           1000.054504   data required time
                                             -2.861705   data arrival time
---------------------------------------------------------------------------------------------
                                            997.192749   slack (MET)


Startpoint: _153_ (rising edge-triggered flip-flop clocked by clk)
Endpoint: _156_ (rising edge-triggered flip-flop clocked by clk)
Path Group: clk
Path Type: max

Fanout         Cap        Slew       Delay        Time   Description
---------------------------------------------------------------------------------------------
                                  0.000000    0.000000   clock clk (rise edge)
                                  0.000000    0.000000   clock source latency
     1    0.030984    0.138566    0.072087    0.072087 ^ clk (in)
     4    0.098350    0.131903    0.248551    0.320638 ^ clkbuf_0_clk/Z (gf180mcu_fd_sc_mcu7t5v0__clkbuf_16)
     5    0.027476    0.075911    0.204870    0.525508 ^ clkbuf_2_1__f_clk/Z (gf180mcu_fd_sc_mcu7t5v0__clkbuf_16)
                      0.075911    0.000241    0.525748 ^ _153_/CLK (gf180mcu_fd_sc_mcu7t5v0__dffq_1)
     6    0.032629    0.499211    0.866086    1.391835 ^ _153_/Q (gf180mcu_fd_sc_mcu7t5v0__dffq_1)
     4    0.026463    0.431604    0.582589    1.974424 ^ _080_/Z (gf180mcu_fd_sc_mcu7t5v0__and3_1)
     3    0.018970    0.639732    0.543686    2.518110 ^ _108_/Z (gf180mcu_fd_sc_mcu7t5v0__xor2_1)
     1    0.003008    0.105029    0.247203    2.765313 ^ _127_/Z (gf180mcu_fd_sc_mcu7t5v0__or2_1)
                      0.105029    0.000033    2.765346 ^ _156_/D (gf180mcu_fd_sc_mcu7t5v0__dffq_1)
                                              2.765346   data arrival time

                               1000.000000 1000.000000   clock clk (rise edge)
                                  0.000000 1000.000000   clock source latency
     1    0.030984    0.138566    0.065256 1000.065308 ^ clk (in)
     4    0.098350    0.131903    0.224873 1000.290161 ^ clkbuf_0_clk/Z (gf180mcu_fd_sc_mcu7t5v0__clkbuf_16)
     5    0.027476    0.075911    0.185310 1000.475464 ^ clkbuf_2_1__f_clk/Z (gf180mcu_fd_sc_mcu7t5v0__clkbuf_16)
                      0.075911    0.000000 1000.475464 ^ _156_/CLK (gf180mcu_fd_sc_mcu7t5v0__dffq_1)
                                 -0.250000 1000.225464   clock uncertainty
                                  0.050048 1000.275513   clock reconvergence pessimism
                                 -0.190782 1000.084717   library setup time
                                           1000.084717   data required time
---------------------------------------------------------------------------------------------
                                           1000.084717   data required time
                                             -2.765346   data arrival time
---------------------------------------------------------------------------------------------
                                            997.319397   slack (MET)


Startpoint: _153_ (rising edge-triggered flip-flop clocked by clk)
Endpoint: _155_ (rising edge-triggered flip-flop clocked by clk)
Path Group: clk
Path Type: max

Fanout         Cap        Slew       Delay        Time   Description
---------------------------------------------------------------------------------------------
                                  0.000000    0.000000   clock clk (rise edge)
                                  0.000000    0.000000   clock source latency
     1    0.030984    0.138566    0.072087    0.072087 ^ clk (in)
     4    0.098350    0.131903    0.248551    0.320638 ^ clkbuf_0_clk/Z (gf180mcu_fd_sc_mcu7t5v0__clkbuf_16)
     5    0.027476    0.075911    0.204870    0.525508 ^ clkbuf_2_1__f_clk/Z (gf180mcu_fd_sc_mcu7t5v0__clkbuf_16)
                      0.075911    0.000241    0.525748 ^ _153_/CLK (gf180mcu_fd_sc_mcu7t5v0__dffq_1)
     6    0.032629    0.499211    0.866086    1.391835 ^ _153_/Q (gf180mcu_fd_sc_mcu7t5v0__dffq_1)
     4    0.026463    0.431604    0.582589    1.974424 ^ _080_/Z (gf180mcu_fd_sc_mcu7t5v0__and3_1)
     1    0.003624    0.218436    0.116481    2.090905 v _126_/ZN (gf180mcu_fd_sc_mcu7t5v0__oai21_1)
                      0.218436    0.000074    2.090979 v _155_/D (gf180mcu_fd_sc_mcu7t5v0__dffq_1)
                                              2.090979   data arrival time

                               1000.000000 1000.000000   clock clk (rise edge)
                                  0.000000 1000.000000   clock source latency
     1    0.030984    0.138566    0.065256 1000.065308 ^ clk (in)
     4    0.098350    0.131903    0.224873 1000.290161 ^ clkbuf_0_clk/Z (gf180mcu_fd_sc_mcu7t5v0__clkbuf_16)
     5    0.027476    0.075911    0.185310 1000.475464 ^ clkbuf_2_1__f_clk/Z (gf180mcu_fd_sc_mcu7t5v0__clkbuf_16)
                      0.075911    0.000114 1000.475586 ^ _155_/CLK (gf180mcu_fd_sc_mcu7t5v0__dffq_1)
                                 -0.250000 1000.225586   clock uncertainty
                                  0.050048 1000.275574   clock reconvergence pessimism
                                 -0.228354 1000.047180   library setup time
                                           1000.047180   data required time
---------------------------------------------------------------------------------------------
                                           1000.047180   data required time
                                             -2.090979   data arrival time
---------------------------------------------------------------------------------------------
                                            997.956299   slack (MET)


Startpoint: _153_ (rising edge-triggered flip-flop clocked by clk)
Endpoint: _154_ (rising edge-triggered flip-flop clocked by clk)
Path Group: clk
Path Type: max

Fanout         Cap        Slew       Delay        Time   Description
---------------------------------------------------------------------------------------------
                                  0.000000    0.000000   clock clk (rise edge)
                                  0.000000    0.000000   clock source latency
     1    0.030984    0.138566    0.072087    0.072087 ^ clk (in)
     4    0.098350    0.131903    0.248551    0.320638 ^ clkbuf_0_clk/Z (gf180mcu_fd_sc_mcu7t5v0__clkbuf_16)
     5    0.027476    0.075911    0.204870    0.525508 ^ clkbuf_2_1__f_clk/Z (gf180mcu_fd_sc_mcu7t5v0__clkbuf_16)
                      0.075911    0.000241    0.525748 ^ _153_/CLK (gf180mcu_fd_sc_mcu7t5v0__dffq_1)
     6    0.032629    0.499211    0.866086    1.391835 ^ _153_/Q (gf180mcu_fd_sc_mcu7t5v0__dffq_1)
     2    0.011653    0.468399    0.412004    1.803838 ^ _105_/ZN (gf180mcu_fd_sc_mcu7t5v0__xnor2_1)
     1    0.002946    0.170602    0.090922    1.894761 v _125_/ZN (gf180mcu_fd_sc_mcu7t5v0__nand2_1)
                      0.170602    0.000031    1.894791 v _154_/D (gf180mcu_fd_sc_mcu7t5v0__dffq_1)
                                              1.894791   data arrival time

                               1000.000000 1000.000000   clock clk (rise edge)
                                  0.000000 1000.000000   clock source latency
     1    0.030984    0.138566    0.065256 1000.065308 ^ clk (in)
     4    0.098350    0.131903    0.224873 1000.290161 ^ clkbuf_0_clk/Z (gf180mcu_fd_sc_mcu7t5v0__clkbuf_16)
     5    0.024021    0.073210    0.183036 1000.473206 ^ clkbuf_2_0__f_clk/Z (gf180mcu_fd_sc_mcu7t5v0__clkbuf_16)
                      0.073210    0.000114 1000.473328 ^ _154_/CLK (gf180mcu_fd_sc_mcu7t5v0__dffq_1)
                                 -0.250000 1000.223328   clock uncertainty
                                  0.030537 1000.253906   clock reconvergence pessimism
                                 -0.213937 1000.039917   library setup time
                                           1000.039917   data required time
---------------------------------------------------------------------------------------------
                                           1000.039917   data required time
                                             -1.894791   data arrival time
---------------------------------------------------------------------------------------------
                                            998.145142   slack (MET)


Startpoint: _153_ (rising edge-triggered flip-flop clocked by clk)
Endpoint: _153_ (rising edge-triggered flip-flop clocked by clk)
Path Group: clk
Path Type: max

Fanout         Cap        Slew       Delay        Time   Description
---------------------------------------------------------------------------------------------
                                  0.000000    0.000000   clock clk (rise edge)
                                  0.000000    0.000000   clock source latency
     1    0.030984    0.138566    0.072087    0.072087 ^ clk (in)
     4    0.098350    0.131903    0.248551    0.320638 ^ clkbuf_0_clk/Z (gf180mcu_fd_sc_mcu7t5v0__clkbuf_16)
     5    0.027476    0.075911    0.204870    0.525508 ^ clkbuf_2_1__f_clk/Z (gf180mcu_fd_sc_mcu7t5v0__clkbuf_16)
                      0.075911    0.000241    0.525748 ^ _153_/CLK (gf180mcu_fd_sc_mcu7t5v0__dffq_1)
     6    0.032629    0.499211    0.866086    1.391835 ^ _153_/Q (gf180mcu_fd_sc_mcu7t5v0__dffq_1)
     1    0.002725    0.158210    0.100297    1.492132 v _124_/ZN (gf180mcu_fd_sc_mcu7t5v0__nand2_1)
                      0.158210    0.000027    1.492158 v _153_/D (gf180mcu_fd_sc_mcu7t5v0__dffq_1)
                                              1.492158   data arrival time

                               1000.000000 1000.000000   clock clk (rise edge)
                                  0.000000 1000.000000   clock source latency
     1    0.030984    0.138566    0.065256 1000.065308 ^ clk (in)
     4    0.098350    0.131903    0.224873 1000.290161 ^ clkbuf_0_clk/Z (gf180mcu_fd_sc_mcu7t5v0__clkbuf_16)
     5    0.027476    0.075911    0.185310 1000.475464 ^ clkbuf_2_1__f_clk/Z (gf180mcu_fd_sc_mcu7t5v0__clkbuf_16)
                      0.075911    0.000227 1000.475708 ^ _153_/CLK (gf180mcu_fd_sc_mcu7t5v0__dffq_1)
                                 -0.250000 1000.225708   clock uncertainty
                                  0.050071 1000.275696   clock reconvergence pessimism
                                 -0.210551 1000.065186   library setup time
                                           1000.065186   data required time
---------------------------------------------------------------------------------------------
                                           1000.065186   data required time
                                             -1.492158   data arrival time
---------------------------------------------------------------------------------------------
                                            998.572998   slack (MET)


R2R_END_SETUP max_ff_n40C_3v60
R2R_BEGIN_HOLD max_ff_n40C_3v60
Startpoint: _170_ (rising edge-triggered flip-flop clocked by clk)
Endpoint: _170_ (rising edge-triggered flip-flop clocked by clk)
Path Group: clk
Path Type: min

Fanout         Cap        Slew       Delay        Time   Description
---------------------------------------------------------------------------------------------
                                  0.000000    0.000000   clock clk (rise edge)
                                  0.000000    0.000000   clock source latency
     1    0.030984    0.138566    0.065222    0.065222 ^ clk (in)
     4    0.098350    0.131903    0.224879    0.290101 ^ clkbuf_0_clk/Z (gf180mcu_fd_sc_mcu7t5v0__clkbuf_16)
     5    0.026583    0.075213    0.184397    0.474497 ^ clkbuf_2_2__f_clk/Z (gf180mcu_fd_sc_mcu7t5v0__clkbuf_16)
                      0.075213    0.000209    0.474706 ^ _170_/CLK (gf180mcu_fd_sc_mcu7t5v0__dffq_1)
     2    0.011591    0.138018    0.547284    1.021991 v _170_/Q (gf180mcu_fd_sc_mcu7t5v0__dffq_1)
     1    0.005217    0.140442    0.120474    1.142464 ^ _100_/ZN (gf180mcu_fd_sc_mcu7t5v0__nand2_1)
     1    0.002817    0.090764    0.080236    1.222700 v _151_/ZN (gf180mcu_fd_sc_mcu7t5v0__aoi21_1)
                      0.090764    0.000026    1.222726 v _170_/D (gf180mcu_fd_sc_mcu7t5v0__dffq_1)
                                              1.222726   data arrival time

                                  0.000000    0.000000   clock clk (rise edge)
                                  0.000000    0.000000   clock source latency
     1    0.030984    0.138566    0.072087    0.072087 ^ clk (in)
     4    0.098350    0.131903    0.248551    0.320638 ^ clkbuf_0_clk/Z (gf180mcu_fd_sc_mcu7t5v0__clkbuf_16)
     5    0.026583    0.075213    0.203807    0.524445 ^ clkbuf_2_2__f_clk/Z (gf180mcu_fd_sc_mcu7t5v0__clkbuf_16)
                      0.075213    0.000231    0.524675 ^ _170_/CLK (gf180mcu_fd_sc_mcu7t5v0__dffq_1)
                                  0.250000    0.774675   clock uncertainty
                                 -0.049969    0.724706   clock reconvergence pessimism
                                  0.055368    0.780074   library hold time
                                              0.780074   data required time
---------------------------------------------------------------------------------------------
                                              0.780074   data required time
                                             -1.222726   data arrival time
---------------------------------------------------------------------------------------------
                                              0.442653   slack (MET)


Startpoint: _153_ (rising edge-triggered flip-flop clocked by clk)
Endpoint: _153_ (rising edge-triggered flip-flop clocked by clk)
Path Group: clk
Path Type: min

Fanout         Cap        Slew       Delay        Time   Description
---------------------------------------------------------------------------------------------
                                  0.000000    0.000000   clock clk (rise edge)
                                  0.000000    0.000000   clock source latency
     1    0.030984    0.138566    0.065222    0.065222 ^ clk (in)
     4    0.098350    0.131903    0.224879    0.290101 ^ clkbuf_0_clk/Z (gf180mcu_fd_sc_mcu7t5v0__clkbuf_16)
     5    0.027476    0.075911    0.185358    0.475459 ^ clkbuf_2_1__f_clk/Z (gf180mcu_fd_sc_mcu7t5v0__clkbuf_16)
                      0.075911    0.000218    0.475677 ^ _153_/CLK (gf180mcu_fd_sc_mcu7t5v0__dffq_1)
     6    0.032629    0.284619    0.649476    1.125154 v _153_/Q (gf180mcu_fd_sc_mcu7t5v0__dffq_1)
     1    0.002725    0.132230    0.132279    1.257433 ^ _124_/ZN (gf180mcu_fd_sc_mcu7t5v0__nand2_1)
                      0.132230    0.000024    1.257457 ^ _153_/D (gf180mcu_fd_sc_mcu7t5v0__dffq_1)
                                              1.257457   data arrival time

                                  0.000000    0.000000   clock clk (rise edge)
                                  0.000000    0.000000   clock source latency
     1    0.030984    0.138566    0.072087    0.072087 ^ clk (in)
     4    0.098350    0.131903    0.248551    0.320638 ^ clkbuf_0_clk/Z (gf180mcu_fd_sc_mcu7t5v0__clkbuf_16)
     5    0.027476    0.075911    0.204870    0.525508 ^ clkbuf_2_1__f_clk/Z (gf180mcu_fd_sc_mcu7t5v0__clkbuf_16)
                      0.075911    0.000241    0.525748 ^ _153_/CLK (gf180mcu_fd_sc_mcu7t5v0__dffq_1)
                                  0.250000    0.775748   clock uncertainty
                                 -0.050071    0.725677   clock reconvergence pessimism
                                  0.024844    0.750521   library hold time
                                              0.750521   data required time
---------------------------------------------------------------------------------------------
                                              0.750521   data required time
                                             -1.257457   data arrival time
---------------------------------------------------------------------------------------------
                                              0.506935   slack (MET)


Startpoint: _169_ (rising edge-triggered flip-flop clocked by clk)
Endpoint: _169_ (rising edge-triggered flip-flop clocked by clk)
Path Group: clk
Path Type: min

Fanout         Cap        Slew       Delay        Time   Description
---------------------------------------------------------------------------------------------
                                  0.000000    0.000000   clock clk (rise edge)
                                  0.000000    0.000000   clock source latency
     1    0.030984    0.138566    0.065222    0.065222 ^ clk (in)
     4    0.098350    0.131903    0.224879    0.290101 ^ clkbuf_0_clk/Z (gf180mcu_fd_sc_mcu7t5v0__clkbuf_16)
     5    0.026583    0.075213    0.184397    0.474497 ^ clkbuf_2_2__f_clk/Z (gf180mcu_fd_sc_mcu7t5v0__clkbuf_16)
                      0.075214    0.000407    0.474904 ^ _169_/CLK (gf180mcu_fd_sc_mcu7t5v0__dffq_1)
     2    0.010572    0.130561    0.541248    1.016153 v _169_/Q (gf180mcu_fd_sc_mcu7t5v0__dffq_1)
     1    0.005113    0.225266    0.175380    1.191532 ^ _149_/ZN (gf180mcu_fd_sc_mcu7t5v0__oai21_1)
     1    0.002908    0.119929    0.101359    1.292891 v _150_/ZN (gf180mcu_fd_sc_mcu7t5v0__nor2_1)
                      0.119929    0.000027    1.292918 v _169_/D (gf180mcu_fd_sc_mcu7t5v0__dffq_1)
                                              1.292918   data arrival time

                                  0.000000    0.000000   clock clk (rise edge)
                                  0.000000    0.000000   clock source latency
     1    0.030984    0.138566    0.072087    0.072087 ^ clk (in)
     4    0.098350    0.131903    0.248551    0.320638 ^ clkbuf_0_clk/Z (gf180mcu_fd_sc_mcu7t5v0__clkbuf_16)
     5    0.026583    0.075213    0.203807    0.524445 ^ clkbuf_2_2__f_clk/Z (gf180mcu_fd_sc_mcu7t5v0__clkbuf_16)
                      0.075214    0.000450    0.524894 ^ _169_/CLK (gf180mcu_fd_sc_mcu7t5v0__dffq_1)
                                  0.250000    0.774894   clock uncertainty
                                 -0.049990    0.724904   clock reconvergence pessimism
                                  0.050005    0.774909   library hold time
                                              0.774909   data required time
---------------------------------------------------------------------------------------------
                                              0.774909   data required time
                                             -1.292918   data arrival time
---------------------------------------------------------------------------------------------
                                              0.518008   slack (MET)


Startpoint: _161_ (rising edge-triggered flip-flop clocked by clk)
Endpoint: _161_ (rising edge-triggered flip-flop clocked by clk)
Path Group: clk
Path Type: min

Fanout         Cap        Slew       Delay        Time   Description
---------------------------------------------------------------------------------------------
                                  0.000000    0.000000   clock clk (rise edge)
                                  0.000000    0.000000   clock source latency
     1    0.030984    0.138566    0.065222    0.065222 ^ clk (in)
     4    0.098350    0.131903    0.224879    0.290101 ^ clkbuf_0_clk/Z (gf180mcu_fd_sc_mcu7t5v0__clkbuf_16)
     5    0.024021    0.073210    0.183061    0.473162 ^ clkbuf_2_0__f_clk/Z (gf180mcu_fd_sc_mcu7t5v0__clkbuf_16)
                      0.073210    0.000193    0.473355 ^ _161_/CLK (gf180mcu_fd_sc_mcu7t5v0__dffq_1)
     2    0.015533    0.165190    0.566530    1.039885 v _161_/Q (gf180mcu_fd_sc_mcu7t5v0__dffq_1)
     1    0.004477    0.208844    0.157900    1.197785 ^ _132_/ZN (gf180mcu_fd_sc_mcu7t5v0__nor2_1)
     1    0.003017    0.114532    0.137107    1.334891 v _133_/ZN (gf180mcu_fd_sc_mcu7t5v0__aoi211_1)
                      0.114532    0.000028    1.334920 v _161_/D (gf180mcu_fd_sc_mcu7t5v0__dffq_1)
                                              1.334920   data arrival time

                                  0.000000    0.000000   clock clk (rise edge)
                                  0.000000    0.000000   clock source latency
     1    0.030984    0.138566    0.072087    0.072087 ^ clk (in)
     4    0.098350    0.131903    0.248551    0.320638 ^ clkbuf_0_clk/Z (gf180mcu_fd_sc_mcu7t5v0__clkbuf_16)
     5    0.024021    0.073210    0.202330    0.522968 ^ clkbuf_2_0__f_clk/Z (gf180mcu_fd_sc_mcu7t5v0__clkbuf_16)
                      0.073210    0.000214    0.523182 ^ _161_/CLK (gf180mcu_fd_sc_mcu7t5v0__dffq_1)
                                  0.250000    0.773182   clock uncertainty
                                 -0.049827    0.723355   clock reconvergence pessimism
                                  0.050555    0.773910   library hold time
                                              0.773910   data required time
---------------------------------------------------------------------------------------------
                                              0.773910   data required time
                                             -1.334920   data arrival time
---------------------------------------------------------------------------------------------
                                              0.561010   slack (MET)


Startpoint: _168_ (rising edge-triggered flip-flop clocked by clk)
Endpoint: _168_ (rising edge-triggered flip-flop clocked by clk)
Path Group: clk
Path Type: min

Fanout         Cap        Slew       Delay        Time   Description
---------------------------------------------------------------------------------------------
                                  0.000000    0.000000   clock clk (rise edge)
                                  0.000000    0.000000   clock source latency
     1    0.030984    0.138566    0.065222    0.065222 ^ clk (in)
     4    0.098350    0.131903    0.224879    0.290101 ^ clkbuf_0_clk/Z (gf180mcu_fd_sc_mcu7t5v0__clkbuf_16)
     5    0.026583    0.075213    0.184397    0.474497 ^ clkbuf_2_2__f_clk/Z (gf180mcu_fd_sc_mcu7t5v0__clkbuf_16)
                      0.075214    0.000439    0.474936 ^ _168_/CLK (gf180mcu_fd_sc_mcu7t5v0__dffq_1)
     3    0.024173    0.224568    0.609320    1.084256 v _168_/Q (gf180mcu_fd_sc_mcu7t5v0__dffq_1)
     1    0.004693    0.183775    0.160699    1.244955 ^ _147_/ZN (gf180mcu_fd_sc_mcu7t5v0__aoi22_1)
     1    0.002725    0.109159    0.096653    1.341609 v _148_/ZN (gf180mcu_fd_sc_mcu7t5v0__nor2_1)
                      0.109159    0.000024    1.341633 v _168_/D (gf180mcu_fd_sc_mcu7t5v0__dffq_1)
                                              1.341633   data arrival time

                                  0.000000    0.000000   clock clk (rise edge)
                                  0.000000    0.000000   clock source latency
     1    0.030984    0.138566    0.072087    0.072087 ^ clk (in)
     4    0.098350    0.131903    0.248551    0.320638 ^ clkbuf_0_clk/Z (gf180mcu_fd_sc_mcu7t5v0__clkbuf_16)
     5    0.026583    0.075213    0.203807    0.524445 ^ clkbuf_2_2__f_clk/Z (gf180mcu_fd_sc_mcu7t5v0__clkbuf_16)
                      0.075214    0.000485    0.524930 ^ _168_/CLK (gf180mcu_fd_sc_mcu7t5v0__dffq_1)
                                  0.250000    0.774930   clock uncertainty
                                 -0.049993    0.724936   clock reconvergence pessimism
                                  0.051985    0.776922   library hold time
                                              0.776922   data required time
---------------------------------------------------------------------------------------------
                                              0.776922   data required time
                                             -1.341633   data arrival time
---------------------------------------------------------------------------------------------
                                              0.564711   slack (MET)


Startpoint: _167_ (rising edge-triggered flip-flop clocked by clk)
Endpoint: _167_ (rising edge-triggered flip-flop clocked by clk)
Path Group: clk
Path Type: min

Fanout         Cap        Slew       Delay        Time   Description
---------------------------------------------------------------------------------------------
                                  0.000000    0.000000   clock clk (rise edge)
                                  0.000000    0.000000   clock source latency
     1    0.030984    0.138566    0.065222    0.065222 ^ clk (in)
     4    0.098350    0.131903    0.224879    0.290101 ^ clkbuf_0_clk/Z (gf180mcu_fd_sc_mcu7t5v0__clkbuf_16)
     5    0.026583    0.075213    0.184397    0.474497 ^ clkbuf_2_2__f_clk/Z (gf180mcu_fd_sc_mcu7t5v0__clkbuf_16)
                      0.075213    0.000307    0.474805 ^ _167_/CLK (gf180mcu_fd_sc_mcu7t5v0__dffq_1)
     3    0.023786    0.221860    0.607397    1.082202 v _167_/Q (gf180mcu_fd_sc_mcu7t5v0__dffq_1)
     1    0.005135    0.191006    0.164931    1.247133 ^ _145_/ZN (gf180mcu_fd_sc_mcu7t5v0__aoi22_1)
     1    0.003153    0.114247    0.100457    1.347589 v _146_/ZN (gf180mcu_fd_sc_mcu7t5v0__nor2_1)
                      0.114247    0.000030    1.347619 v _167_/D (gf180mcu_fd_sc_mcu7t5v0__dffq_1)
                                              1.347619   data arrival time

                                  0.000000    0.000000   clock clk (rise edge)
                                  0.000000    0.000000   clock source latency
     1    0.030984    0.138566    0.072087    0.072087 ^ clk (in)
     4    0.098350    0.131903    0.248551    0.320638 ^ clkbuf_0_clk/Z (gf180mcu_fd_sc_mcu7t5v0__clkbuf_16)
     5    0.026583    0.075213    0.203807    0.524445 ^ clkbuf_2_2__f_clk/Z (gf180mcu_fd_sc_mcu7t5v0__clkbuf_16)
                      0.075213    0.000340    0.524784 ^ _167_/CLK (gf180mcu_fd_sc_mcu7t5v0__dffq_1)
                                  0.250000    0.774784   clock uncertainty
                                 -0.049979    0.724805   clock reconvergence pessimism
                                  0.051050    0.775855   library hold time
                                              0.775855   data required time
---------------------------------------------------------------------------------------------
                                              0.775855   data required time
                                             -1.347619   data arrival time
---------------------------------------------------------------------------------------------
                                              0.571764   slack (MET)


Startpoint: _162_ (rising edge-triggered flip-flop clocked by clk)
Endpoint: _162_ (rising edge-triggered flip-flop clocked by clk)
Path Group: clk
Path Type: min

Fanout         Cap        Slew       Delay        Time   Description
---------------------------------------------------------------------------------------------
                                  0.000000    0.000000   clock clk (rise edge)
                                  0.000000    0.000000   clock source latency
     1    0.030984    0.138566    0.065222    0.065222 ^ clk (in)
     4    0.098350    0.131903    0.224879    0.290101 ^ clkbuf_0_clk/Z (gf180mcu_fd_sc_mcu7t5v0__clkbuf_16)
     5    0.024021    0.073210    0.183061    0.473162 ^ clkbuf_2_0__f_clk/Z (gf180mcu_fd_sc_mcu7t5v0__clkbuf_16)
                      0.073210    0.000197    0.473359 ^ _162_/CLK (gf180mcu_fd_sc_mcu7t5v0__dffq_1)
     3    0.014610    0.158961    0.562120    1.035478 v _162_/Q (gf180mcu_fd_sc_mcu7t5v0__dffq_1)
     1    0.005194    0.225272    0.166003    1.201481 ^ _134_/ZN (gf180mcu_fd_sc_mcu7t5v0__nor2_1)
     1    0.003533    0.133767    0.143603    1.345084 v _135_/ZN (gf180mcu_fd_sc_mcu7t5v0__aoi211_1)
                      0.133767    0.000036    1.345120 v _162_/D (gf180mcu_fd_sc_mcu7t5v0__dffq_1)
                                              1.345120   data arrival time

                                  0.000000    0.000000   clock clk (rise edge)
                                  0.000000    0.000000   clock source latency
     1    0.030984    0.138566    0.072087    0.072087 ^ clk (in)
     4    0.098350    0.131903    0.248551    0.320638 ^ clkbuf_0_clk/Z (gf180mcu_fd_sc_mcu7t5v0__clkbuf_16)
     5    0.024021    0.073210    0.202330    0.522968 ^ clkbuf_2_0__f_clk/Z (gf180mcu_fd_sc_mcu7t5v0__clkbuf_16)
                      0.073210    0.000218    0.523186 ^ _162_/CLK (gf180mcu_fd_sc_mcu7t5v0__dffq_1)
                                  0.250000    0.773186   clock uncertainty
                                 -0.049827    0.723359   clock reconvergence pessimism
                                  0.047035    0.770394   library hold time
                                              0.770394   data required time
---------------------------------------------------------------------------------------------
                                              0.770394   data required time
                                             -1.345120   data arrival time
---------------------------------------------------------------------------------------------
                                              0.574726   slack (MET)


Startpoint: _164_ (rising edge-triggered flip-flop clocked by clk)
Endpoint: _164_ (rising edge-triggered flip-flop clocked by clk)
Path Group: clk
Path Type: min

Fanout         Cap        Slew       Delay        Time   Description
---------------------------------------------------------------------------------------------
                                  0.000000    0.000000   clock clk (rise edge)
                                  0.000000    0.000000   clock source latency
     1    0.030984    0.138566    0.065222    0.065222 ^ clk (in)
     4    0.098350    0.131903    0.224879    0.290101 ^ clkbuf_0_clk/Z (gf180mcu_fd_sc_mcu7t5v0__clkbuf_16)
     5    0.024021    0.073210    0.183061    0.473162 ^ clkbuf_2_0__f_clk/Z (gf180mcu_fd_sc_mcu7t5v0__clkbuf_16)
                      0.073210    0.000136    0.473297 ^ _164_/CLK (gf180mcu_fd_sc_mcu7t5v0__dffq_1)
     2    0.012188    0.142510    0.550261    1.023558 v _164_/Q (gf180mcu_fd_sc_mcu7t5v0__dffq_1)
     1    0.006952    0.253484    0.204038    1.227596 ^ _138_/ZN (gf180mcu_fd_sc_mcu7t5v0__oai21_1)
     1    0.002789    0.107767    0.124253    1.351849 v _139_/ZN (gf180mcu_fd_sc_mcu7t5v0__aoi21_1)
                      0.107767    0.000025    1.351875 v _164_/D (gf180mcu_fd_sc_mcu7t5v0__dffq_1)
                                              1.351875   data arrival time

                                  0.000000    0.000000   clock clk (rise edge)
                                  0.000000    0.000000   clock source latency
     1    0.030984    0.138566    0.072087    0.072087 ^ clk (in)
     4    0.098350    0.131903    0.248551    0.320638 ^ clkbuf_0_clk/Z (gf180mcu_fd_sc_mcu7t5v0__clkbuf_16)
     5    0.024021    0.073210    0.202330    0.522968 ^ clkbuf_2_0__f_clk/Z (gf180mcu_fd_sc_mcu7t5v0__clkbuf_16)
                      0.073210    0.000150    0.523118 ^ _164_/CLK (gf180mcu_fd_sc_mcu7t5v0__dffq_1)
                                  0.250000    0.773118   clock uncertainty
                                 -0.049821    0.723297   clock reconvergence pessimism
                                  0.051793    0.775090   library hold time
                                              0.775090   data required time
---------------------------------------------------------------------------------------------
                                              0.775090   data required time
                                             -1.351875   data arrival time
---------------------------------------------------------------------------------------------
                                              0.576784   slack (MET)


Startpoint: _166_ (rising edge-triggered flip-flop clocked by clk)
Endpoint: _166_ (rising edge-triggered flip-flop clocked by clk)
Path Group: clk
Path Type: min

Fanout         Cap        Slew       Delay        Time   Description
---------------------------------------------------------------------------------------------
                                  0.000000    0.000000   clock clk (rise edge)
                                  0.000000    0.000000   clock source latency
     1    0.030984    0.138566    0.065222    0.065222 ^ clk (in)
     4    0.098350    0.131903    0.224879    0.290101 ^ clkbuf_0_clk/Z (gf180mcu_fd_sc_mcu7t5v0__clkbuf_16)
     5    0.027476    0.075911    0.185358    0.475459 ^ clkbuf_2_1__f_clk/Z (gf180mcu_fd_sc_mcu7t5v0__clkbuf_16)
                      0.075911    0.000294    0.475753 ^ _166_/CLK (gf180mcu_fd_sc_mcu7t5v0__dffq_1)
     3    0.018088    0.182574    0.579758    1.055511 v _166_/Q (gf180mcu_fd_sc_mcu7t5v0__dffq_1)
     1    0.005251    0.227309    0.172921    1.228432 ^ _142_/ZN (gf180mcu_fd_sc_mcu7t5v0__nor2_1)
     1    0.003396    0.139971    0.142719    1.371151 v _143_/ZN (gf180mcu_fd_sc_mcu7t5v0__aoi211_1)
                      0.139971    0.000035    1.371186 v _166_/D (gf180mcu_fd_sc_mcu7t5v0__dffq_1)
                                              1.371186   data arrival time

                                  0.000000    0.000000   clock clk (rise edge)
                                  0.000000    0.000000   clock source latency
     1    0.030984    0.138566    0.072087    0.072087 ^ clk (in)
     4    0.098350    0.131903    0.248551    0.320638 ^ clkbuf_0_clk/Z (gf180mcu_fd_sc_mcu7t5v0__clkbuf_16)
     5    0.027476    0.075911    0.204870    0.525508 ^ clkbuf_2_1__f_clk/Z (gf180mcu_fd_sc_mcu7t5v0__clkbuf_16)
                      0.075911    0.000325    0.525833 ^ _166_/CLK (gf180mcu_fd_sc_mcu7t5v0__dffq_1)
                                  0.250000    0.775833   clock uncertainty
                                 -0.050079    0.725753   clock reconvergence pessimism
                                  0.046466    0.772219   library hold time
                                              0.772219   data required time
---------------------------------------------------------------------------------------------
                                              0.772219   data required time
                                             -1.371186   data arrival time
---------------------------------------------------------------------------------------------
                                              0.598967   slack (MET)


Startpoint: _163_ (rising edge-triggered flip-flop clocked by clk)
Endpoint: _163_ (rising edge-triggered flip-flop clocked by clk)
Path Group: clk
Path Type: min

Fanout         Cap        Slew       Delay        Time   Description
---------------------------------------------------------------------------------------------
                                  0.000000    0.000000   clock clk (rise edge)
                                  0.000000    0.000000   clock source latency
     1    0.030984    0.138566    0.065222    0.065222 ^ clk (in)
     4    0.098350    0.131903    0.224879    0.290101 ^ clkbuf_0_clk/Z (gf180mcu_fd_sc_mcu7t5v0__clkbuf_16)
     5    0.024021    0.073210    0.183061    0.473162 ^ clkbuf_2_0__f_clk/Z (gf180mcu_fd_sc_mcu7t5v0__clkbuf_16)
                      0.073210    0.000105    0.473267 ^ _163_/CLK (gf180mcu_fd_sc_mcu7t5v0__dffq_1)
     3    0.019667    0.193326    0.586826    1.060093 v _163_/Q (gf180mcu_fd_sc_mcu7t5v0__dffq_1)
     1    0.005040    0.227175    0.190123    1.250216 ^ _136_/ZN (gf180mcu_fd_sc_mcu7t5v0__oai21_1)
     1    0.003358    0.101733    0.125753    1.375969 v _137_/ZN (gf180mcu_fd_sc_mcu7t5v0__aoi21_1)
                      0.101733    0.000034    1.376003 v _163_/D (gf180mcu_fd_sc_mcu7t5v0__dffq_1)
                                              1.376003   data arrival time

                                  0.000000    0.000000   clock clk (rise edge)
                                  0.000000    0.000000   clock source latency
     1    0.030984    0.138566    0.072087    0.072087 ^ clk (in)
     4    0.098350    0.131903    0.248551    0.320638 ^ clkbuf_0_clk/Z (gf180mcu_fd_sc_mcu7t5v0__clkbuf_16)
     5    0.024021    0.073210    0.202330    0.522968 ^ clkbuf_2_0__f_clk/Z (gf180mcu_fd_sc_mcu7t5v0__clkbuf_16)
                      0.073210    0.000116    0.523084 ^ _163_/CLK (gf180mcu_fd_sc_mcu7t5v0__dffq_1)
                                  0.250000    0.773084   clock uncertainty
                                 -0.049817    0.723267   clock reconvergence pessimism
                                  0.052897    0.776164   library hold time
                                              0.776164   data required time
---------------------------------------------------------------------------------------------
                                              0.776164   data required time
                                             -1.376003   data arrival time
---------------------------------------------------------------------------------------------
                                              0.599839   slack (MET)


Startpoint: _165_ (rising edge-triggered flip-flop clocked by clk)
Endpoint: _165_ (rising edge-triggered flip-flop clocked by clk)
Path Group: clk
Path Type: min

Fanout         Cap        Slew       Delay        Time   Description
---------------------------------------------------------------------------------------------
                                  0.000000    0.000000   clock clk (rise edge)
                                  0.000000    0.000000   clock source latency
     1    0.030984    0.138566    0.065222    0.065222 ^ clk (in)
     4    0.098350    0.131903    0.224879    0.290101 ^ clkbuf_0_clk/Z (gf180mcu_fd_sc_mcu7t5v0__clkbuf_16)
     5    0.027476    0.075911    0.185358    0.475459 ^ clkbuf_2_1__f_clk/Z (gf180mcu_fd_sc_mcu7t5v0__clkbuf_16)
                      0.075911    0.000247    0.475707 ^ _165_/CLK (gf180mcu_fd_sc_mcu7t5v0__dffq_1)
     3    0.018121    0.182767    0.579833    1.055540 v _165_/Q (gf180mcu_fd_sc_mcu7t5v0__dffq_1)
     1    0.006456    0.246542    0.206763    1.262302 ^ _140_/ZN (gf180mcu_fd_sc_mcu7t5v0__oai21_1)
     1    0.003459    0.118274    0.128968    1.391270 v _141_/ZN (gf180mcu_fd_sc_mcu7t5v0__aoi21_1)
                      0.118274    0.000063    1.391333 v _165_/D (gf180mcu_fd_sc_mcu7t5v0__dffq_1)
                                              1.391333   data arrival time

                                  0.000000    0.000000   clock clk (rise edge)
                                  0.000000    0.000000   clock source latency
     1    0.030984    0.138566    0.072087    0.072087 ^ clk (in)
     4    0.098350    0.131903    0.248551    0.320638 ^ clkbuf_0_clk/Z (gf180mcu_fd_sc_mcu7t5v0__clkbuf_16)
     5    0.027476    0.075911    0.204870    0.525508 ^ clkbuf_2_1__f_clk/Z (gf180mcu_fd_sc_mcu7t5v0__clkbuf_16)
                      0.075911    0.000273    0.525781 ^ _165_/CLK (gf180mcu_fd_sc_mcu7t5v0__dffq_1)
                                  0.250000    0.775781   clock uncertainty
                                 -0.050074    0.725707   clock reconvergence pessimism
                                  0.050462    0.776169   library hold time
                                              0.776169   data required time
---------------------------------------------------------------------------------------------
                                              0.776169   data required time
                                             -1.391333   data arrival time
---------------------------------------------------------------------------------------------
                                              0.615164   slack (MET)


Startpoint: _170_ (rising edge-triggered flip-flop clocked by clk)
Endpoint: _152_ (rising edge-triggered flip-flop clocked by clk)
Path Group: clk
Path Type: min

Fanout         Cap        Slew       Delay        Time   Description
---------------------------------------------------------------------------------------------
                                  0.000000    0.000000   clock clk (rise edge)
                                  0.000000    0.000000   clock source latency
     1    0.030984    0.138566    0.065222    0.065222 ^ clk (in)
     4    0.098350    0.131903    0.224879    0.290101 ^ clkbuf_0_clk/Z (gf180mcu_fd_sc_mcu7t5v0__clkbuf_16)
     5    0.026583    0.075213    0.184397    0.474497 ^ clkbuf_2_2__f_clk/Z (gf180mcu_fd_sc_mcu7t5v0__clkbuf_16)
                      0.075213    0.000209    0.474706 ^ _170_/CLK (gf180mcu_fd_sc_mcu7t5v0__dffq_1)
     2    0.011591    0.138018    0.547284    1.021991 v _170_/Q (gf180mcu_fd_sc_mcu7t5v0__dffq_1)
     1    0.012701    0.405272    0.280616    1.302606 ^ _122_/ZN (gf180mcu_fd_sc_mcu7t5v0__oai211_1)
     1    0.003390    0.107305    0.089990    1.392597 v _123_/ZN (gf180mcu_fd_sc_mcu7t5v0__aoi21_1)
                      0.107305    0.000059    1.392656 v _152_/D (gf180mcu_fd_sc_mcu7t5v0__dffq_1)
                                              1.392656   data arrival time

                                  0.000000    0.000000   clock clk (rise edge)
                                  0.000000    0.000000   clock source latency
     1    0.030984    0.138566    0.072087    0.072087 ^ clk (in)
     4    0.098350    0.131903    0.248551    0.320638 ^ clkbuf_0_clk/Z (gf180mcu_fd_sc_mcu7t5v0__clkbuf_16)
     5    0.026583    0.075213    0.203807    0.524445 ^ clkbuf_2_2__f_clk/Z (gf180mcu_fd_sc_mcu7t5v0__clkbuf_16)
                      0.075213    0.000219    0.524664 ^ _152_/CLK (gf180mcu_fd_sc_mcu7t5v0__dffq_1)
                                  0.250000    0.774664   clock uncertainty
                                 -0.049947    0.724717   clock reconvergence pessimism
                                  0.052326    0.777043   library hold time
                                              0.777043   data required time
---------------------------------------------------------------------------------------------
                                              0.777043   data required time
                                             -1.392656   data arrival time
---------------------------------------------------------------------------------------------
                                              0.615613   slack (MET)


Startpoint: _155_ (rising edge-triggered flip-flop clocked by clk)
Endpoint: _155_ (rising edge-triggered flip-flop clocked by clk)
Path Group: clk
Path Type: min

Fanout         Cap        Slew       Delay        Time   Description
---------------------------------------------------------------------------------------------
                                  0.000000    0.000000   clock clk (rise edge)
                                  0.000000    0.000000   clock source latency
     1    0.030984    0.138566    0.065222    0.065222 ^ clk (in)
     4    0.098350    0.131903    0.224879    0.290101 ^ clkbuf_0_clk/Z (gf180mcu_fd_sc_mcu7t5v0__clkbuf_16)
     5    0.027476    0.075911    0.185358    0.475459 ^ clkbuf_2_1__f_clk/Z (gf180mcu_fd_sc_mcu7t5v0__clkbuf_16)
                      0.075911    0.000142    0.475602 ^ _155_/CLK (gf180mcu_fd_sc_mcu7t5v0__dffq_1)
     3    0.012048    0.141583    0.550163    1.025764 v _155_/Q (gf180mcu_fd_sc_mcu7t5v0__dffq_1)
     3    0.016849    0.424357    0.295499    1.321263 ^ _101_/ZN (gf180mcu_fd_sc_mcu7t5v0__aoi21_1)
     1    0.003624    0.164019    0.132322    1.453585 v _126_/ZN (gf180mcu_fd_sc_mcu7t5v0__oai21_1)
                      0.164019    0.000067    1.453652 v _155_/D (gf180mcu_fd_sc_mcu7t5v0__dffq_1)
                                              1.453652   data arrival time

                                  0.000000    0.000000   clock clk (rise edge)
                                  0.000000    0.000000   clock source latency
     1    0.030984    0.138566    0.072087    0.072087 ^ clk (in)
     4    0.098350    0.131903    0.248551    0.320638 ^ clkbuf_0_clk/Z (gf180mcu_fd_sc_mcu7t5v0__clkbuf_16)
     5    0.027476    0.075911    0.204870    0.525508 ^ clkbuf_2_1__f_clk/Z (gf180mcu_fd_sc_mcu7t5v0__clkbuf_16)
                      0.075911    0.000157    0.525665 ^ _155_/CLK (gf180mcu_fd_sc_mcu7t5v0__dffq_1)
                                  0.250000    0.775665   clock uncertainty
                                 -0.050063    0.725601   clock reconvergence pessimism
                                  0.042037    0.767638   library hold time
                                              0.767638   data required time
---------------------------------------------------------------------------------------------
                                              0.767638   data required time
                                             -1.453652   data arrival time
---------------------------------------------------------------------------------------------
                                              0.686014   slack (MET)


Startpoint: _159_ (rising edge-triggered flip-flop clocked by clk)
Endpoint: _159_ (rising edge-triggered flip-flop clocked by clk)
Path Group: clk
Path Type: min

Fanout         Cap        Slew       Delay        Time   Description
---------------------------------------------------------------------------------------------
                                  0.000000    0.000000   clock clk (rise edge)
                                  0.000000    0.000000   clock source latency
     1    0.030984    0.138566    0.065222    0.065222 ^ clk (in)
     4    0.098350    0.131903    0.224879    0.290101 ^ clkbuf_0_clk/Z (gf180mcu_fd_sc_mcu7t5v0__clkbuf_16)
     5    0.026906    0.075466    0.184611    0.474712 ^ clkbuf_2_3__f_clk/Z (gf180mcu_fd_sc_mcu7t5v0__clkbuf_16)
                      0.075466    0.000069    0.474781 ^ _159_/CLK (gf180mcu_fd_sc_mcu7t5v0__dffq_1)
     2    0.013423    0.150928    0.556807    1.031587 v _159_/Q (gf180mcu_fd_sc_mcu7t5v0__dffq_1)
     3    0.018999    0.590064    0.370068    1.401655 ^ _115_/Z (gf180mcu_fd_sc_mcu7t5v0__xor2_1)
     1    0.003161    0.167131    0.082420    1.484075 v _130_/ZN (gf180mcu_fd_sc_mcu7t5v0__nand2_1)
                      0.167131    0.000031    1.484105 v _159_/D (gf180mcu_fd_sc_mcu7t5v0__dffq_1)
                                              1.484105   data arrival time

                                  0.000000    0.000000   clock clk (rise edge)
                                  0.000000    0.000000   clock source latency
     1    0.030984    0.138566    0.072087    0.072087 ^ clk (in)
     4    0.098350    0.131903    0.248551    0.320638 ^ clkbuf_0_clk/Z (gf180mcu_fd_sc_mcu7t5v0__clkbuf_16)
     5    0.026906    0.075466    0.204044    0.524682 ^ clkbuf_2_3__f_clk/Z (gf180mcu_fd_sc_mcu7t5v0__clkbuf_16)
                      0.075466    0.000076    0.524758 ^ _159_/CLK (gf180mcu_fd_sc_mcu7t5v0__dffq_1)
                                  0.250000    0.774758   clock uncertainty
                                 -0.049977    0.724781   clock reconvergence pessimism
                                  0.041376    0.766157   library hold time
                                              0.766157   data required time
---------------------------------------------------------------------------------------------
                                              0.766157   data required time
                                             -1.484105   data arrival time
---------------------------------------------------------------------------------------------
                                              0.717949   slack (MET)


Startpoint: _160_ (rising edge-triggered flip-flop clocked by clk)
Endpoint: _160_ (rising edge-triggered flip-flop clocked by clk)
Path Group: clk
Path Type: min

Fanout         Cap        Slew       Delay        Time   Description
---------------------------------------------------------------------------------------------
                                  0.000000    0.000000   clock clk (rise edge)
                                  0.000000    0.000000   clock source latency
     1    0.030984    0.138566    0.065222    0.065222 ^ clk (in)
     4    0.098350    0.131903    0.224879    0.290101 ^ clkbuf_0_clk/Z (gf180mcu_fd_sc_mcu7t5v0__clkbuf_16)
     5    0.026906    0.075466    0.184611    0.474712 ^ clkbuf_2_3__f_clk/Z (gf180mcu_fd_sc_mcu7t5v0__clkbuf_16)
                      0.075467    0.000308    0.475020 ^ _160_/CLK (gf180mcu_fd_sc_mcu7t5v0__dffq_1)
     3    0.017176    0.176382    0.575195    1.050214 v _160_/Q (gf180mcu_fd_sc_mcu7t5v0__dffq_1)
     3    0.018176    0.569185    0.364169    1.414384 ^ _117_/Z (gf180mcu_fd_sc_mcu7t5v0__xor2_1)
     1    0.003090    0.162933    0.081927    1.496311 v _131_/ZN (gf180mcu_fd_sc_mcu7t5v0__nand2_1)
                      0.162933    0.000029    1.496340 v _160_/D (gf180mcu_fd_sc_mcu7t5v0__dffq_1)
                                              1.496340   data arrival time

                                  0.000000    0.000000   clock clk (rise edge)
                                  0.000000    0.000000   clock source latency
     1    0.030984    0.138566    0.072087    0.072087 ^ clk (in)
     4    0.098350    0.131903    0.248551    0.320638 ^ clkbuf_0_clk/Z (gf180mcu_fd_sc_mcu7t5v0__clkbuf_16)
     5    0.026906    0.075466    0.204044    0.524682 ^ clkbuf_2_3__f_clk/Z (gf180mcu_fd_sc_mcu7t5v0__clkbuf_16)
                      0.075467    0.000340    0.525022 ^ _160_/CLK (gf180mcu_fd_sc_mcu7t5v0__dffq_1)
                                  0.250000    0.775022   clock uncertainty
                                 -0.050002    0.725020   clock reconvergence pessimism
                                  0.042148    0.767168   library hold time
                                              0.767168   data required time
---------------------------------------------------------------------------------------------
                                              0.767168   data required time
                                             -1.496340   data arrival time
---------------------------------------------------------------------------------------------
                                              0.729173   slack (MET)


Startpoint: _158_ (rising edge-triggered flip-flop clocked by clk)
Endpoint: _158_ (rising edge-triggered flip-flop clocked by clk)
Path Group: clk
Path Type: min

Fanout         Cap        Slew       Delay        Time   Description
---------------------------------------------------------------------------------------------
                                  0.000000    0.000000   clock clk (rise edge)
                                  0.000000    0.000000   clock source latency
     1    0.030984    0.138566    0.065222    0.065222 ^ clk (in)
     4    0.098350    0.131903    0.224879    0.290101 ^ clkbuf_0_clk/Z (gf180mcu_fd_sc_mcu7t5v0__clkbuf_16)
     5    0.026906    0.075466    0.184611    0.474712 ^ clkbuf_2_3__f_clk/Z (gf180mcu_fd_sc_mcu7t5v0__clkbuf_16)
                      0.075466    0.000038    0.474750 ^ _158_/CLK (gf180mcu_fd_sc_mcu7t5v0__dffq_1)
     3    0.018874    0.187932    0.583546    1.058296 v _158_/Q (gf180mcu_fd_sc_mcu7t5v0__dffq_1)
     3    0.017915    0.563246    0.363363    1.421659 ^ _113_/Z (gf180mcu_fd_sc_mcu7t5v0__xor2_1)
     1    0.002869    0.159510    0.079389    1.501048 v _129_/ZN (gf180mcu_fd_sc_mcu7t5v0__nand2_1)
                      0.159510    0.000027    1.501075 v _158_/D (gf180mcu_fd_sc_mcu7t5v0__dffq_1)
                                              1.501075   data arrival time

                                  0.000000    0.000000   clock clk (rise edge)
                                  0.000000    0.000000   clock source latency
     1    0.030984    0.138566    0.072087    0.072087 ^ clk (in)
     4    0.098350    0.131903    0.248551    0.320638 ^ clkbuf_0_clk/Z (gf180mcu_fd_sc_mcu7t5v0__clkbuf_16)
     5    0.026906    0.075466    0.204044    0.524682 ^ clkbuf_2_3__f_clk/Z (gf180mcu_fd_sc_mcu7t5v0__clkbuf_16)
                      0.075466    0.000042    0.524723 ^ _158_/CLK (gf180mcu_fd_sc_mcu7t5v0__dffq_1)
                                  0.250000    0.774723   clock uncertainty
                                 -0.049974    0.724750   clock reconvergence pessimism
                                  0.042778    0.767528   library hold time
                                              0.767528   data required time
---------------------------------------------------------------------------------------------
                                              0.767528   data required time
                                             -1.501075   data arrival time
---------------------------------------------------------------------------------------------
                                              0.733547   slack (MET)


Startpoint: _154_ (rising edge-triggered flip-flop clocked by clk)
Endpoint: _154_ (rising edge-triggered flip-flop clocked by clk)
Path Group: clk
Path Type: min

Fanout         Cap        Slew       Delay        Time   Description
---------------------------------------------------------------------------------------------
                                  0.000000    0.000000   clock clk (rise edge)
                                  0.000000    0.000000   clock source latency
     1    0.030984    0.138566    0.065222    0.065222 ^ clk (in)
     4    0.098350    0.131903    0.224879    0.290101 ^ clkbuf_0_clk/Z (gf180mcu_fd_sc_mcu7t5v0__clkbuf_16)
     5    0.024021    0.073210    0.183061    0.473162 ^ clkbuf_2_0__f_clk/Z (gf180mcu_fd_sc_mcu7t5v0__clkbuf_16)
                      0.073210    0.000064    0.473226 ^ _154_/CLK (gf180mcu_fd_sc_mcu7t5v0__dffq_1)
     5    0.027391    0.247206    0.624748    1.097974 v _154_/Q (gf180mcu_fd_sc_mcu7t5v0__dffq_1)
     2    0.011653    0.332308    0.339147    1.437121 ^ _105_/ZN (gf180mcu_fd_sc_mcu7t5v0__xnor2_1)
     1    0.002946    0.121968    0.081832    1.518952 v _125_/ZN (gf180mcu_fd_sc_mcu7t5v0__nand2_1)
                      0.121968    0.000028    1.518980 v _154_/D (gf180mcu_fd_sc_mcu7t5v0__dffq_1)
                                              1.518980   data arrival time

                                  0.000000    0.000000   clock clk (rise edge)
                                  0.000000    0.000000   clock source latency
     1    0.030984    0.138566    0.072087    0.072087 ^ clk (in)
     4    0.098350    0.131903    0.248551    0.320638 ^ clkbuf_0_clk/Z (gf180mcu_fd_sc_mcu7t5v0__clkbuf_16)
     5    0.024021    0.073210    0.202330    0.522968 ^ clkbuf_2_0__f_clk/Z (gf180mcu_fd_sc_mcu7t5v0__clkbuf_16)
                      0.073210    0.000071    0.523039 ^ _154_/CLK (gf180mcu_fd_sc_mcu7t5v0__dffq_1)
                                  0.250000    0.773039   clock uncertainty
                                 -0.049813    0.723226   clock reconvergence pessimism
                                  0.049194    0.772420   library hold time
                                              0.772420   data required time
---------------------------------------------------------------------------------------------
                                              0.772420   data required time
                                             -1.518980   data arrival time
---------------------------------------------------------------------------------------------
                                              0.746560   slack (MET)


Startpoint: _157_ (rising edge-triggered flip-flop clocked by clk)
Endpoint: _157_ (rising edge-triggered flip-flop clocked by clk)
Path Group: clk
Path Type: min

Fanout         Cap        Slew       Delay        Time   Description
---------------------------------------------------------------------------------------------
                                  0.000000    0.000000   clock clk (rise edge)
                                  0.000000    0.000000   clock source latency
     1    0.030984    0.138566    0.065222    0.065222 ^ clk (in)
     4    0.098350    0.131903    0.224879    0.290101 ^ clkbuf_0_clk/Z (gf180mcu_fd_sc_mcu7t5v0__clkbuf_16)
     5    0.026906    0.075466    0.184611    0.474712 ^ clkbuf_2_3__f_clk/Z (gf180mcu_fd_sc_mcu7t5v0__clkbuf_16)
                      0.075466    0.000069    0.474781 ^ _157_/CLK (gf180mcu_fd_sc_mcu7t5v0__dffq_1)
     4    0.024570    0.387530    0.720404    1.195185 ^ _157_/Q (gf180mcu_fd_sc_mcu7t5v0__dffq_1)
     2    0.013400    0.234904    0.194080    1.389265 v _110_/Z (gf180mcu_fd_sc_mcu7t5v0__xor2_1)
     2    0.010485    0.200343    0.171120    1.560386 ^ _111_/ZN (gf180mcu_fd_sc_mcu7t5v0__clkinv_1)
     1    0.003081    0.100543    0.080805    1.641190 v _128_/ZN (gf180mcu_fd_sc_mcu7t5v0__nand2_1)
                      0.100543    0.000030    1.641220 v _157_/D (gf180mcu_fd_sc_mcu7t5v0__dffq_1)
                                              1.641220   data arrival time

                                  0.000000    0.000000   clock clk (rise edge)
                                  0.000000    0.000000   clock source latency
     1    0.030984    0.138566    0.072087    0.072087 ^ clk (in)
     4    0.098350    0.131903    0.248551    0.320638 ^ clkbuf_0_clk/Z (gf180mcu_fd_sc_mcu7t5v0__clkbuf_16)
     5    0.026906    0.075466    0.204044    0.524682 ^ clkbuf_2_3__f_clk/Z (gf180mcu_fd_sc_mcu7t5v0__clkbuf_16)
                      0.075466    0.000076    0.524758 ^ _157_/CLK (gf180mcu_fd_sc_mcu7t5v0__dffq_1)
                                  0.250000    0.774758   clock uncertainty
                                 -0.049977    0.724781   clock reconvergence pessimism
                                  0.053627    0.778408   library hold time
                                              0.778408   data required time
---------------------------------------------------------------------------------------------
                                              0.778408   data required time
                                             -1.641220   data arrival time
---------------------------------------------------------------------------------------------
                                              0.862812   slack (MET)


Startpoint: _156_ (rising edge-triggered flip-flop clocked by clk)
Endpoint: _156_ (rising edge-triggered flip-flop clocked by clk)
Path Group: clk
Path Type: min

Fanout         Cap        Slew       Delay        Time   Description
---------------------------------------------------------------------------------------------
                                  0.000000    0.000000   clock clk (rise edge)
                                  0.000000    0.000000   clock source latency
     1    0.030984    0.138566    0.065222    0.065222 ^ clk (in)
     4    0.098350    0.131903    0.224879    0.290101 ^ clkbuf_0_clk/Z (gf180mcu_fd_sc_mcu7t5v0__clkbuf_16)
     5    0.027476    0.075911    0.185358    0.475459 ^ clkbuf_2_1__f_clk/Z (gf180mcu_fd_sc_mcu7t5v0__clkbuf_16)
                      0.075911    0.000034    0.475493 ^ _156_/CLK (gf180mcu_fd_sc_mcu7t5v0__dffq_1)
     2    0.013280    0.149877    0.556132    1.031625 v _156_/Q (gf180mcu_fd_sc_mcu7t5v0__dffq_1)
     3    0.018970    0.588776    0.369548    1.401173 ^ _108_/Z (gf180mcu_fd_sc_mcu7t5v0__xor2_1)
     1    0.003008    0.102192    0.222035    1.623207 ^ _127_/Z (gf180mcu_fd_sc_mcu7t5v0__or2_1)
                      0.102192    0.000030    1.623237 ^ _156_/D (gf180mcu_fd_sc_mcu7t5v0__dffq_1)
                                              1.623237   data arrival time

                                  0.000000    0.000000   clock clk (rise edge)
                                  0.000000    0.000000   clock source latency
     1    0.030984    0.138566    0.072087    0.072087 ^ clk (in)
     4    0.098350    0.131903    0.248551    0.320638 ^ clkbuf_0_clk/Z (gf180mcu_fd_sc_mcu7t5v0__clkbuf_16)
     5    0.027476    0.075911    0.204870    0.525508 ^ clkbuf_2_1__f_clk/Z (gf180mcu_fd_sc_mcu7t5v0__clkbuf_16)
                      0.075911    0.000037    0.525545 ^ _156_/CLK (gf180mcu_fd_sc_mcu7t5v0__dffq_1)
                                  0.250000    0.775545   clock uncertainty
                                 -0.050052    0.725493   clock reconvergence pessimism
                                  0.027801    0.753294   library hold time
                                              0.753294   data required time
---------------------------------------------------------------------------------------------
                                              0.753294   data required time
                                             -1.623237   data arrival time
---------------------------------------------------------------------------------------------
                                              0.869943   slack (MET)


R2R_END_HOLD max_ff_n40C_3v60
