seed,library,temperature_c,logic_v,led_supply_v,local_mismatch,global_variation,reference,calibration_error,tc_ppm,line_ppm_v,pwm_on,iout,iref,bias,headroom,led_k,power_w,out_vth,ref_vth,x0_dvth,x0_mulu0,x1_dvth,x1_mulu0,x2_dvth,x2_mulu0,x3_dvth,x3_mulu0,x4_dvth,x4_mulu0,x5_dvth,x5_mulu0,mirror_ratio,reference_error_pct,absolute_error_pct,absolute_current_budget_pass
20261004,ss,85,2.97,4.5,1,0,bounded,-0.005,-25,3000,True,9.962794654101805e-05,9.920770822930314e-05,1.552917706968529,1.417082293031471,1.67904134023625,0.0007429726625637935,0.7273629169030386,0.728892736146774,-0.001964534281406865,1.0,-0.003184419296273099,1.001000935035619,9.050473501905178e-05,1.0,8.659020094562709e-05,1.0,0.001578596271378047,1.0,-0.009716322146445345,1.0,1.0042359441540933,-0.7922917706968624,-0.37205345898195796,True
20261005,ss,85,2.97,4.5,1,0,bounded,-0.005,-25,3000,True,9.946668175336105e-05,9.92077536023163e-05,1.552463976836897,1.417536023163103,1.679199395808792,0.0007422471057773952,0.7276174119098086,0.7284599094733658,0.002954698018581346,1.0,-0.001559386258943305,0.999039917674632,0.0003463078822073783,1.0,-0.0106905909275773,1.0,0.001145847379768125,1.0,0.001105518011193261,1.0,1.0026099588151414,-0.7922463976836935,-0.5333182466389474,True
20261006,ss,85,2.97,4.5,1,0,bounded,-0.005,-25,3000,True,9.93841384842168e-05,9.920782319253162e-05,1.551768074683481,1.418231925316519,1.679280390561839,0.0007418758677499621,0.7273073006647202,0.7277957779354004,-0.004441318171449941,1.0,0.003508429838598729,0.9987161330113852,3.686620822039355e-05,1.0,-0.01186770981302498,1.0,0.0004817552793472879,1.0,0.002978947255065226,1.0,1.0017772317344673,-0.792176807468381,-0.6158615157832004,True
20261007,ss,85,2.97,4.5,1,0,bounded,-0.005,-25,3000,True,9.936269358008878e-05,9.9207956425944e-05,1.550435740559849,1.419564259440151,1.679301443606239,0.000741779761384656,0.7261324984934012,0.7265239980851669,-0.002480742574951055,1.0,0.003127182775864493,0.9989452892355686,-0.001137762008186841,1.0,0.003218767425208999,1.0,-0.000790015256558994,1.0,-0.00536635479757717,1.0,1.001559725245024,-0.7920435740560006,-0.6373064199112322,True
20261008,ss,85,2.97,4.5,1,0,bounded,-0.005,-25,3000,True,9.886462022689647e-05,9.920793266071782e-05,1.550673392821631,1.419326607178369,1.679791632952409,0.000739538360711989,0.7284802974343634,0.7267516981768389,0.007393481850449108,1.0,-4.06284909650119e-06,0.9986306669174446,0.001214077199938528,1.0,0.005401585510434783,1.0,-0.000562073606327358,1.0,-3.593578336850196e-05,1.0,0.9965394659014271,-0.7920673392821875,-1.1353797731035287,True
20261009,ss,85,2.97,4.5,1,0,bounded,-0.005,-25,3000,True,9.953490613300011e-05,9.920781829850303e-05,1.551817014969438,1.418182985030562,1.679132499457363,0.0007425543076335715,0.7267125563411112,0.7278422403236787,-0.003845073517560099,1.0,-0.000546643254337671,0.9999709246287304,-0.0005591011069583707,1.0,0.002431175496035539,1.0,0.0005281446452143916,1.0,-0.003087594249006638,1.0,1.0032969965483256,-0.7921817014969745,-0.4650938669998994,True
20261010,ss,85,2.97,4.5,1,0,bounded,-0.005,-25,3000,True,9.969633781675404e-05,9.920765002826722e-05,1.553499717327796,1.416500282672204,1.678974383268301,0.0007432802504482015,0.7276252911078185,0.7294481569125492,-0.001153464943796613,1.0,0.001501293141613185,0.9992890329001916,0.000352324167510895,1.0,0.007436132563033426,1.0,0.002133984365583403,1.0,0.005585899096540435,1.0,1.0049259083180337,-0.7923499717327864,-0.3036621832459674,True
20261011,ss,85,2.97,4.5,1,0,bounded,-0.005,-25,3000,True,9.917962720427033e-05,9.920786090154824e-05,1.551390984517542,1.418609015482458,1.679481340579364,0.0007409556789866957,0.7278195335649245,0.7274361660824357,0.006832136896383303,1.0,0.008087914363690421,0.9974306216168264,0.0005507580581727083,1.0,0.004642080407106708,1.0,0.0001222422273930491,1.0,0.01241937761525784,1.0,0.9997154086680093,-0.7921390984517718,-0.8203727957296847,True
20261012,ss,85,2.97,4.5,1,0,bounded,-0.005,-25,3000,True,9.943788517289866e-05,9.920777362097606e-05,1.552263790239221,1.417736209760779,1.679227644916352,0.0007421175806212545,0.7275496789905069,0.7282688722214619,-0.002110435571382488,1.0,0.001853059785585875,1.000775687209754,0.0002788085538014922,1.0,-0.01008703774335,1.0,0.0009548239207783136,1.0,-0.008997280315850509,1.0,1.0023194911398954,-0.7922263790239414,-0.5621148271013454,True
20261013,ss,85,2.97,4.5,1,0,bounded,-0.005,-25,3000,True,9.911734305629784e-05,9.920793435732399e-05,1.55065642676003,1.419343573239971,1.679542618272068,0.0007406756184836734,0.7273868021452574,0.7267350770215151,0.002569266914224281,1.0,0.002817546862356797,0.9996164271934468,0.000118531873645472,1.0,0.01088006073719023,1.0,-0.0005788172448487331,1.0,0.001314630205227231,1.0,0.9990868542761927,-0.7920656426760209,-0.8826569437021647,True
20261014,ss,85,2.97,4.5,1,0,bounded,-0.005,-25,3000,True,9.930291937643977e-05,9.920790245631844e-05,1.550975436815449,1.419024563184551,1.679360148334395,0.0007415106171778821,0.7268997231977505,0.7270392871918153,-0.006760011243393812,1.0,-0.0006267239939935169,1.00206567718511,-0.0003700524285070453,1.0,0.001485574505919524,1.0,-0.0002746967466770907,1.0,-0.003352712540625203,1.0,1.0009577555594744,-0.792097543681558,-0.6970806235602311,True
20261015,ss,85,2.97,4.5,1,0,bounded,-0.005,-25,3000,True,9.93197129570459e-05,9.920780912254189e-05,1.55190877458089,1.41809122541911,1.679343651836387,0.0007415859110884047,0.7277151405056567,0.7279301920888558,0.003853817880258088,1.0,-0.005742668776689785,0.9983310608577873,0.0004452286545152052,1.0,-0.002691138122762175,1.0,0.0006162007671696442,1.0,0.007324501314643958,1.0,1.0011279740525847,-0.7921908774581099,-0.6802870429541086,True
20261016,ss,85,2.97,4.5,1,0,bounded,-0.005,-25,3000,True,9.976728311650453e-05,9.92078137900743e-05,1.551862099256975,1.418137900743025,1.678904971881286,0.000743599990669222,0.725768036061104,0.7278848844523894,0.001378278392250517,1.0,-0.001237806565758677,1.001517568801154,-0.001505506370770542,1.0,0.0006963493984544692,1.0,0.0005706762004831158,1.0,0.004764374102157048,1.0,1.0056393675564113,-0.7921862099257049,-0.23271688349547626,True
20261017,ss,85,2.97,4.5,1,0,bounded,-0.005,-25,3000,True,9.908337567970639e-05,9.920800839652842e-05,1.549916034715549,1.420083965284451,1.679576052170108,0.000740522985184979,0.7268279574792783,0.7260283541040105,-0.007877703796151216,1.0,-0.0004626611715611133,1.002171124902741,-0.0004400372567339499,1.0,-0.01083087626021317,1.0,-0.001285524300640895,1.0,-0.01233816583002314,1.0,0.998743723225207,-0.7919916034715868,-0.9166243202936131,True
20261018,ss,85,2.97,4.5,1,0,bounded,-0.005,-25,3000,True,9.942193601831496e-05,9.920777442831824e-05,1.552255716817457,1.417744283182543,1.679243294190856,0.0007420458118229303,0.727609847928212,0.7282611926218973,0.005752918020585441,1.0,-0.001735099881191994,1.003371877414067,0.0003391068673234897,1.0,-0.006578302989069465,1.0,0.0009471520435736502,1.0,0.005062416586912334,1.0,1.0021587178145142,-0.7922255716817594,-0.5780639816850397,True
20261019,ss,85,2.97,4.5,1,0,bounded,-0.005,-25,3000,True,9.931826675157942e-05,9.92078561529293e-05,1.551438470706797,1.418561529293203,1.679345072353944,0.0007415795428461907,0.7272743811602506,0.7274812614489615,0.002464672227630361,1.0,0.007747269603141408,0.9986417189557254,4.481039964549457e-06,1.0,0.01012942874938728,1.0,0.0001672704476403131,1.0,0.002690378270244297,1.0,1.001112921929085,-0.7921438470707032,-0.6817332484205907,True
20261020,ss,85,2.97,4.5,1,0,bounded,-0.005,-25,3000,True,9.968680637008211e-05,9.920782564205866e-05,1.551743579413304,1.418256420586696,1.67898371220621,0.0007432378805116247,0.7259972409368758,0.7277718861646812,0.002021241856581874,1.0,0.004824190329625882,0.9984189038761265,-0.001275648688386491,1.0,-0.003063938048249067,1.0,0.0004577168159125517,1.0,-0.006940442497169999,1.0,1.0048280538851,-0.7921743579413443,-0.3131936299178961,True
20261021,ss,85,2.97,4.5,1,0,bounded,-0.005,-25,3000,True,9.893229210209332e-05,9.920793625119297e-05,1.550637488070214,1.419362511929787,1.679724894827755,0.0007398428948143431,0.728157551460895,0.7267173098726518,0.007971380156421877,1.0,0.00154492064562947,0.9974555948291142,0.0008907822852015642,1.0,0.006690090799853604,1.0,-0.0005964947333664521,1.0,-0.005019141840075906,1.0,0.9972215514250621,-0.7920637488070259,-1.067707897906689,True
20261022,ss,85,2.97,4.5,1,0,bounded,-0.005,-25,3000,True,0.0001001178825814667,9.920767816232456e-05,1.553218376754184,1.416781623245817,1.678562638865264,0.0007451772854465682,0.7255690819220392,0.7291789055288747,-0.001424826539686858,1.0,-0.005412288494582303,1.000922179062895,-0.001707304475653542,1.0,0.002245654703508604,1.0,0.001864528473776967,1.0,-0.001551203922442319,1.0,1.009174737641303,-0.7923218376754471,0.1178825814666995,True
20261023,ss,85,2.97,4.5,1,0,bounded,-0.005,-25,3000,True,9.945496706478186e-05,9.920779955366731e-05,1.552004463326892,1.417995536673109,1.679210886844221,0.0007421945261553886,0.7272306108727307,0.7280213041052792,0.01096446819827523,1.0,0.005870168260030412,1.00124894131348,-4.039812850453067e-05,1.0,-0.00785989727883781,1.0,0.000707247316811032,1.0,-0.004651044292964601,1.0,1.0024914120888333,-0.7922004463327026,-0.5450329352181371,True
20261024,ss,85,2.97,4.5,1,0,bounded,-0.005,-25,3000,True,9.961660793356066e-05,9.92079483827911e-05,1.55051617208897,1.41948382791103,1.679052445264305,0.0007429223520858564,0.7251292452545669,0.7266003502106432,-0.0002892324008054538,1.0,-0.004610632946182905,1.000455312106423,-0.002143074939715016,1.0,-0.004504924491018858,1.0,-0.0007137861129233337,1.0,0.005174905837696685,1.0,1.0041192218711423,-0.7920516172089109,-0.38339206643934753,True
20261025,ss,85,2.97,4.5,1,0,bounded,-0.005,-25,3000,True,9.94374348524777e-05,9.920781564613512e-05,1.551843538648592,1.418156461351408,1.67922808673704,0.0007421156789941966,0.7271522697789788,0.7278677226985077,0.004965159363550144,1.0,0.002798279135667754,1.000886195592035,-0.0001185970052187237,1.0,-0.00610508303605998,1.0,0.0005536742760056868,1.0,0.00440015763226499,1.0,1.0023145273872536,-0.7921843538648887,-0.5625651475222981,True
20261026,ss,85,2.97,4.5,1,0,bounded,-0.005,-25,3000,True,9.954962375207024e-05,9.920776611077311e-05,1.552338892268654,1.417661107731346,1.679118074031719,0.000742620381922595,0.7271458577783125,0.7283403719297838,0.01247320430404477,1.0,0.004577086039843142,0.9991439066658736,-0.0001259190550250288,1.0,0.004418126521602672,1.0,0.001026269541229427,1.0,0.005636455275398589,1.0,1.00344587580891,-0.7922338892268899,-0.4503762479297735,True
20261027,ss,85,2.97,4.5,1,0,bounded,-0.005,-25,3000,True,9.939687483446681e-05,9.920792557218797e-05,1.550744278120216,1.419255721879785,1.679267888981722,0.0007419334853931386,0.7262802617558894,0.7268184683812035,-0.001410522774268631,1.0,0.0002224010016770516,0.9995431947115759,-0.0009902760158981628,1.0,0.0004890479827132647,1.0,-0.0004955612751618365,1.0,-0.006247577553688578,1.0,1.001904578300464,-0.7920744278120284,-0.6031251655331915,True
20261028,ss,85,2.97,4.5,1,0,bounded,-0.005,-25,3000,True,9.94746519989801e-05,9.920775361757782e-05,1.552463824221688,1.417536175778312,1.679191578462759,0.0007422829719293143,0.7275833532890704,0.7284597503877007,0.000753460275892626,1.0,0.006112369702976127,1.000808832916995,0.0003121846087217682,1.0,0.000672480974721324,1.0,0.001145684431615392,1.0,0.002090282782382714,1.0,1.0026902975994307,-0.7922463824221793,-0.5253480010198985,True
20261029,ss,85,2.97,4.5,1,0,bounded,-0.005,-25,3000,True,9.969693094008227e-05,9.920772276006866e-05,1.552772399313312,1.417227600686688,1.678973802774651,0.0007432831355160638,0.7269317532549394,0.7287539203918646,0.01215701579456799,1.0,-0.001906129040474764,0.9990040533540427,-0.0003412184973022379,1.0,-0.002534930648341031,1.0,0.001439746968967416,1.0,-0.0006159877860991461,1.0,1.0049311501806846,-0.7922772399313494,-0.3030690599177377,True
20261030,ss,85,2.97,4.5,1,0,bounded,-0.005,-25,3000,True,9.91487676221984e-05,9.920787402863755e-05,1.55125971362437,1.41874028637563,1.679511696931783,0.000740816849854135,0.7278262426469561,0.7273109107408919,0.005321655818537338,1.0,0.003546869874772667,0.999824962738574,0.0005577174664418668,1.0,-0.0006397057252230105,1.0,-2.998265781423173e-06,1.0,0.006048844791527458,1.0,0.9994042165804088,-0.7921259713624562,-0.8512323778016029,True
20261031,ss,85,2.97,4.5,1,0,bounded,-0.005,-25,3000,True,9.96254907613673e-05,9.920777898145376e-05,1.552210185462313,1.417789814537687,1.679043745324205,0.0007429618216883998,0.7267011088463996,0.7282173882673696,0.0131814383993375,1.0,-0.009391152821871588,1.003939811498465,-0.0005712834015963621,1.0,-0.0009683382520374982,1.0,0.0009032490095399715,1.0,-0.009417527222229816,1.0,1.004210474059616,-0.7922210185462353,-0.37450923863270313,True
20261032,ss,85,2.97,4.5,1,0,bounded,-0.005,-25,3000,True,9.99456643911626e-05,9.920773648044903e-05,1.552635195509547,1.417364804490453,1.678730654108201,0.0007444024767956873,0.7257454165333737,0.7286225368901406,-0.01102101477800284,1.0,-0.00115805233079446,0.9962470125230459,-0.001529572879146173,1.0,-0.009588641697220597,1.0,0.00130824282024771,1.0,0.002890089089483517,1.0,1.0074382093261345,-0.7922635195509731,-0.054335608837396965,True
20261033,ss,85,2.97,4.5,1,0,bounded,-0.005,-25,3000,True,9.948400845419959e-05,9.920779084969248e-05,1.552091503075018,1.417908496924982,1.679182402258341,0.0007423251865569418,0.727189793950257,0.7281043388562249,0.004046524725609812,1.0,0.005572072968263942,0.9992475308172096,-8.145062778106653e-05,1.0,-0.0008220634949661986,1.0,0.0007902680647664901,1.0,0.003895873362369481,1.0,1.0027842329936123,-0.7922091503075213,-0.5159915458004094,True
20261034,ss,85,2.97,4.5,1,0,bounded,-0.005,-25,3000,True,9.937604928573242e-05,9.920778534912602e-05,1.552146508739702,1.417853491260298,1.679288331441073,0.0007418393539610358,0.7277012856423627,0.7281570260606024,0.002296695070044587,1.0,-0.002850691639928403,0.9984586314788924,0.0004309168039394588,1.0,0.004284057175606183,1.0,0.000843007630669317,1.0,0.003319089338561779,1.0,1.001696075928056,-0.7922146508739791,-0.6239507142675849,True
20261035,ss,85,2.97,4.5,1,0,bounded,-0.005,-25,3000,True,9.941267281255696e-05,9.920788920954061e-05,1.551107904593792,1.418892095406208,1.679252384321217,0.0007420044682975435,0.7265585992542587,0.7271655533022722,0.009412246710863893,1.0,0.001130786048811306,0.9998114917200076,-0.0007120666667253811,1.0,-0.009630382988750926,1.0,-0.0001484837157079846,1.0,0.002532008447424707,1.0,1.0020641866755557,-0.7921107904593994,-0.587327187443043,True
20261036,ss,85,2.97,4.5,1,0,bounded,-0.005,-25,3000,True,9.911067814895182e-05,9.920785501337762e-05,1.551449866223569,1.418550133776431,1.679549177645216,0.0007406453907488749,0.7281692088698649,0.7274924887423457,0.004807146875611891,1.0,0.0009095582420001371,1.000736635423178,0.0009009926633253172,1.0,-0.003532377377344307,1.0,0.0001785983476709354,1.0,-0.002285131253540692,1.0,0.9990204720743867,-0.7921449866223895,-0.889321851048186,True
20261037,ss,85,2.97,4.5,1,0,bounded,-0.005,-25,3000,True,9.928722609335785e-05,9.920794486829087e-05,1.550551317091094,1.419448682908906,1.679375566392846,0.0007414401233673273,0.7265635193009086,0.7266344540747615,-0.003058393980404164,1.0,-0.001679728763996274,1.001182333658813,-0.0007061290253283183,1.0,-0.01289626473617606,1.0,-0.0006795226019155001,1.0,0.01267228400347793,1.0,1.0007991418950593,-0.7920551317091351,-0.7127739066421612,True
20261038,ss,85,2.97,4.5,1,0,bounded,-0.005,-25,3000,True,9.974951890357721e-05,9.920780022206633e-05,1.551997779336614,1.418002220663386,1.678922347616511,0.0007435200114143894,0.7259724045628123,0.7280144280163932,0.0004156353193103134,1.0,0.001005027889033331,1.000144606635481,-0.001300993770242161,1.0,-0.009782116383867258,1.0,0.0007002284827973443,1.0,0.005524856065475221,1.0,1.0054604444438673,-0.7921997779336776,-0.25048109642279437,True
20261039,ss,85,2.97,4.5,1,0,bounded,-0.005,-25,3000,True,9.936366177384505e-05,9.9207847758145e-05,1.551522418549848,1.418477581450152,1.679300493011212,0.000741783795513875,0.7271609871120647,0.727561318756528,-0.001220414310655045,1.0,0.007273131534832951,1.0000698004745,-0.0001092812422782392,1.0,-0.001791517910542893,1.0,0.0002473058247252852,1.0,0.007029758446198407,1.0,1.0015705815539906,-0.7921522418550042,-0.6363382261549533,True
20261040,ss,85,2.97,4.5,1,0,bounded,-0.005,-25,3000,True,9.982610525101e-05,9.920769987950289e-05,1.553001204970941,1.416998795029059,1.678847457049232,0.0007438643519601955,0.7266005640136443,0.728972103006559,-1.233808110032523e-05,1.0,-0.001541252895952729,1.00029495450258,-0.0006734555669220528,1.0,0.000712092655155522,1.0,0.001657867171001612,1.0,-0.001738582307053652,1.0,1.0062334412778264,-0.7923001204971136,-0.17389474899000001,True
20261041,ss,85,2.97,4.5,1,0,bounded,-0.005,-25,3000,True,9.901156957983138e-05,9.92079107662164e-05,1.550892337835693,1.419107662164308,1.679646766335169,0.0007401995677738958,0.7280617625211934,0.7269604528299374,0.01334803394828722,1.0,0.002171183325340817,1.001001911745873,0.0007943502625409936,1.0,-0.006444598892276086,1.0,-0.0003533899878174618,1.0,-0.0005924383157229488,1.0,0.9980209119931202,-0.7920892337835994,-0.9884304201686178,True
20261042,ss,85,2.97,4.5,1,0,bounded,-0.005,-25,3000,True,9.896477334293698e-05,9.920803694932072e-05,1.549630506792691,1.420369493207309,1.679692877160312,0.0007399893594716534,0.7270620982414554,0.7257559835830438,-0.00918509358156565,1.0,0.002544420556398017,1.001607781865681,-0.0002049344166351956,1.0,-0.001401576450759836,1.0,-0.001557837577882554,1.0,-0.003224354740505117,1.0,0.9975479445631203,-0.7919630506792785,-1.0352266570630264,True
20261043,ss,85,2.97,4.5,1,0,bounded,-0.005,-25,3000,True,9.974941547807794e-05,9.92078252815286e-05,1.551747184713893,1.418252815286108,1.678922448788831,0.000743519620426762,0.7257347370927839,0.727775222169821,0.01299302543749283,1.0,0.003839362117050165,1.002764707440052,-0.001538660401535588,1.0,-0.004646180062096806,1.0,0.0004610224835188155,1.0,0.006038476585508433,1.0,1.0054591479554404,-0.7921747184714056,-0.25058452192207037,True
20261044,ss,85,2.97,4.5,1,0,bounded,-0.005,-25,3000,True,9.886736409391451e-05,9.920789710264743e-05,1.551028973525414,1.418971026474586,1.679788926102403,0.0007395506025054952,0.7288065136039465,0.7270911256195253,5.308330359933914e-05,1.0,-0.00414814322146085,0.9987815892252012,0.001540271112118443,1.0,0.003711702764944277,1.0,-0.0002226472055965502,1.0,-0.004285279292622728,1.0,0.996567480828864,-0.7921028973525757,-1.1326359060854996,True
20261045,ss,85,2.97,4.5,1,0,bounded,-0.005,-25,3000,True,9.921215113223005e-05,9.920795603638646e-05,1.550439636135257,1.419560363864743,1.679449356723615,0.0007411023192113841,0.7267770059531973,0.7265279702659382,-0.0005703470888215078,1.0,-0.002171320724533684,0.99915901367172,-0.0004920333815398225,1.0,-0.006003627800051889,1.0,-0.0007859701197806152,1.0,0.01625505545926418,1.0,1.0000422858812055,-0.7920439636135423,-0.787848867769958,True
20261046,ss,85,2.97,4.5,1,0,bounded,-0.005,-25,3000,True,9.93864656402136e-05,9.920777490592875e-05,1.552250940712388,1.417749059287612,1.679278106188973,0.000741886196540431,0.7277561962882296,0.7282566933600451,0.003800865344249653,1.0,0.001410479991859415,0.99752259303736,0.0004857429548299122,1.0,0.004601586276759088,1.0,0.0009426699668199544,1.0,-0.007712288320305525,1.0,1.0018011767167876,-0.7922250940712638,-0.6135343597864051,True
20261047,ss,85,2.97,4.5,1,0,bounded,-0.005,-25,3000,True,9.952534535327664e-05,9.920790904642588e-05,1.550909535741115,1.419090464258885,1.679141871508639,0.0007425115536454335,0.7258909098198296,0.7269760047010418,-0.009921115937495806,1.0,-0.005861348924407312,0.999814249883384,-0.001380670074348367,1.0,0.00934764847967292,1.0,-0.0003380870783578812,1.0,-0.001715224149696541,1.0,1.0031997076634507,-0.7920909535741316,-0.47465464672337143,True
20261048,ss,85,2.97,4.5,1,0,bounded,-0.005,-25,3000,True,9.939324001228135e-05,9.920776941625623e-05,1.552305837437508,1.417694162562492,1.679271456647927,0.0007419166649102425,0.7277795421383063,0.7283090831161805,0.005131120754937235,1.0,0.00133769125829999,0.9998461781288374,0.0005090338528132383,1.0,0.0008533423998921461,1.0,0.0009950564844956348,1.0,-0.01049290443293293,1.0,1.0018695168444613,-0.7922305837437804,-0.6067599877186636,True
20261049,ss,85,2.97,4.5,1,0,bounded,-0.005,-25,3000,True,9.903493590943148e-05,9.920789580643447e-05,1.551041935655221,1.418958064344779,1.679623749989056,0.000740304671826863,0.728104329819699,0.7271032168400651,0.00242131568118633,1.0,0.00393913868173538,0.998210653400512,0.0008367280182328588,1.0,-0.007507491525336973,1.0,-0.0002106371799108681,1.0,-0.007944985067323858,1.0,0.998256591417477,-0.7921041935655349,-0.9650640905685237,True
20261050,ss,85,2.97,4.5,1,0,bounded,-0.005,-25,3000,True,9.924564089563694e-05,9.920773620782004e-05,1.552637921799523,1.417362078200477,1.679416433468329,0.0007412523702553168,0.7287233231611672,0.7286263177236133,0.006280563166215039,1.0,-0.006590787040830747,1.00127805301224,0.001454012166814803,1.0,-0.01233806102060733,1.0,0.00131236288711068,1.0,0.00756355788912905,1.0,1.0003820739114286,-0.7922637921799702,-0.7543591043630671,True
20261051,ss,85,2.97,4.5,1,0,bounded,-0.005,-25,3000,True,9.939475512199016e-05,9.920784894272004e-05,1.551510572799497,1.418489427200503,1.679269969515922,0.0007419237190986233,0.7270174301416462,0.7275499588499016,0.003239707982773348,1.0,0.00682501909187344,0.9968456244089826,-0.0002530904348083226,1.0,0.002412369641333909,1.0,0.0002359308406389745,1.0,0.003469579679291176,1.0,1.0018839858061839,-0.7921510572799662,-0.6052448780098474,True
20261052,ss,85,2.97,4.5,1,0,bounded,-0.005,-25,3000,True,9.983781659176052e-05,9.920786023730016e-05,1.551397626998156,1.418602373001844,1.678836009827811,0.0007439175292555399,0.7250272560265221,0.7274413985957433,0.0008578270882559609,1.0,-0.005113368612787739,1.000114776216212,-0.002246858554832195,1.0,0.004082456323632338,1.0,0.000127155787570403,1.0,-0.0009972356598703055,1.0,1.0063498633369727,-0.7921397626998394,-0.1621834082394802,True
20261053,ss,85,2.97,4.5,1,0,bounded,-0.005,-25,3000,True,9.928611949200507e-05,9.920783664048505e-05,1.551633595149344,1.418366404850656,1.679376653674225,0.0007414348222246021,0.7275966296716486,0.7276675743551482,-0.00478995274329375,1.0,-0.002199016828566223,1.000777929214916,0.0003269903229214594,1.0,0.008262893802823953,1.0,0.0003535990903111166,1.0,0.001743699690331516,1.0,1.0007890793123904,-0.7921633595149524,-0.7138805079949351,True
20261054,ss,85,2.97,4.5,1,0,bounded,-0.005,-25,3000,True,9.915283780194719e-05,9.920791081412508e-05,1.550891858749107,1.419108141250893,1.679507692611408,0.0007408352749159138,0.727459351257209,0.7269597577369691,-0.007758094647493779,1.0,0.003197127214192698,0.9971133801332572,0.0001907930599089017,1.0,-0.00688222352912343,1.0,-0.0003541535395902427,1.0,-0.002362779528830091,1.0,0.9994448727755081,-0.7920891858749224,-0.8471621980528088,True
20261055,ss,85,2.97,4.5,1,0,bounded,-0.005,-25,3000,True,9.856916256242889e-05,9.920794947838746e-05,1.550505216125228,1.419494783874772,1.680083522777369,0.0007382088511700066,0.7295817839028748,0.7265916553421825,0.006196244808632577,1.0,-0.002155698551582496,1.00166697356149,0.002317960368188337,1.0,-0.004004062041377397,1.0,-0.0007219733981926205,1.0,0.0004675470557624501,1.0,0.993561131750861,-0.7920505216125417,-1.4308374375711197,True
20261056,ss,85,2.97,4.5,1,0,bounded,-0.005,-25,3000,True,9.92472186020469e-05,9.920779280631374e-05,1.552071936862523,1.417928063137477,1.679414882710271,0.0007412596380326885,0.7281787868370931,0.7280860606734452,0.002847509053064508,1.0,0.0009376071789865768,0.9980040381341012,0.000909463044205184,1.0,-0.005178414529209785,1.0,0.0007721046145307879,1.0,-0.01067990900293344,1.0,1.0003974062381382,-0.7922071936862674,-0.7527813979531062,True
20261057,ss,85,2.97,4.5,1,0,bounded,-0.005,-25,3000,True,9.891484218946734e-05,9.920786758181332e-05,1.55132418186663,1.41867581813337,1.679742099815343,0.0007397641662593977,0.728884547440606,0.7273728441972374,-0.004174781479584244,1.0,0.001390444853963754,1.000301778393228,0.001617919815845568,1.0,0.003235421345599325,1.0,5.904860308784782e-05,1.0,-0.002033692005938357,1.0,0.9970463492514409,-0.7921324181866862,-1.0851578105326665,True
20261058,ss,85,2.97,4.5,1,0,bounded,-0.005,-25,3000,True,9.89295460119647e-05,9.920804761695496e-05,1.549523830450085,1.420476169549915,1.679727602183042,0.0007398308681645022,0.7271109263743514,0.7256542070086955,-0.003021216797904603,1.0,-0.002832400869078403,0.999108759213966,-0.0001558205266345571,1.0,-0.005841590655588523,1.0,-0.001659597167424138,1.0,-0.005595284627046475,1.0,0.9971927518817267,-0.7919523830450359,-1.0704539880353026,True
20261059,ss,85,2.97,4.5,1,0,bounded,-0.005,-25,3000,True,9.920165741335841e-05,9.920771286200208e-05,1.552871379978919,1.417128620021082,1.679459675102692,0.0007410543752506341,0.7291324234236549,0.7288492337199629,0.002663589958953463,1.0,0.00973343270376243,0.9999547011287808,0.001863469213957005,1.0,0.00813691610789489,1.0,0.001535300386753016,1.0,-0.006747935864294651,1.0,0.9999389619166799,-0.7922871379979268,-0.7983425866415872,True
20261060,ss,85,2.97,4.5,1,0,bounded,-0.005,-25,3000,True,9.972519556681028e-05,9.920773528074303e-05,1.552647192569603,1.417352807430397,1.678946143800202,0.0007434103635228643,0.7266927266605273,0.728634359584495,-0.002375919293241864,1.0,-0.001937261081431495,0.9998433602347012,-0.0005804743672739053,1.0,-0.002125676462254855,1.0,0.001320172363384975,1.0,0.0007023669584552361,1.0,1.005215926808559,-0.7922647192569743,-0.2748044331897237,True
20261061,ss,85,2.97,4.5,1,0,bounded,-0.005,-25,3000,True,9.929290280996574e-05,9.920784020920862e-05,1.551597907913771,1.41840209208623,1.679369988965995,0.000741465357755114,0.7275338739297396,0.7276334972064962,0.01042781906864759,1.0,0.002266119438794216,0.9986376441677044,0.0002641795562223332,1.0,-0.011284994475865,1.0,0.0003195186254676377,1.0,-0.004811975153875547,1.0,1.00085741812923,-0.7921597907913913,-0.7070971900342671,True
20261062,ss,85,2.97,4.5,1,0,bounded,-0.005,-25,3000,True,9.949969012392237e-05,9.920783296951557e-05,1.551670304844195,1.418329695155806,1.679167024530291,0.0007423958791654187,0.7267228963257611,0.7277022563209867,0.007534091825714396,1.0,-0.002288992440071684,1.000757480026288,-0.0005484754586351463,1.0,-0.003508867210594932,1.0,0.0003881775894160307,1.0,-0.005657061188901589,1.0,1.0029418761167426,-0.7921670304844253,-0.5003098760776314,True
20261063,ss,85,2.97,4.5,1,0,bounded,-0.005,-25,3000,True,9.933708641346163e-05,9.9207893728877e-05,1.551062711229877,1.418937288770123,1.679326588506497,0.0007416643429235657,0.7268372309883806,0.7271225399583774,0.01721373948670538,1.0,-0.00305317265692074,0.9991846949988912,-0.0004328217930992439,1.0,0.009081161549102133,1.0,-0.0001914604670448472,1.0,0.002306812376896432,1.0,1.001302241986285,-0.7921062711230054,-0.6629135865383717,True
20261064,ss,85,2.97,4.5,1,0,bounded,-0.005,-25,3000,True,9.891669169462082e-05,9.920790310017776e-05,1.550968998222367,1.419031001777633,1.679740276133125,0.0007397725945210567,0.728539122206188,0.7270337913024002,0.00161253409114786,1.0,-0.005974826466525879,1.000819159176215,0.001272479578273925,1.0,0.005032381989308689,1.0,-0.0002800054754144808,1.0,0.002469520551036154,1.0,0.9970646350093412,-0.7920968998222477,-1.0833083053791825,True
20261065,ss,85,2.97,4.5,1,0,bounded,-0.005,-25,3000,True,9.907159704647319e-05,9.920781119198128e-05,1.551888080186945,1.418111919813056,1.679587648353115,0.0007404693956386214,0.7287521692714519,0.7279108560171266,-0.008544023913758993,1.0,0.003607484725895283,1.001939247451998,0.001484270083114524,1.0,-0.01557842399300955,1.0,0.0005969849157934009,1.0,-0.005354756804333506,1.0,0.9986269816471962,-0.7921888080187234,-0.928402953526819,True
20261066,ss,85,2.97,4.5,1,0,bounded,-0.005,-25,3000,True,9.8672513079782e-05,9.920800369395522e-05,1.549963060447646,1.420036939552354,1.679981325935275,0.0007386740895186815,0.7286250948164765,0.7260739372500943,0.004983868317857998,1.0,0.0006605459443223745,1.000349907760601,0.00136043291954807,1.0,0.008065926955327311,1.0,-0.001239742012556328,1.0,0.00201618066875546,1.0,0.9946023446271014,-0.7919963060447843,-1.3274869202180128,True
20261067,ss,85,2.97,4.5,1,0,bounded,-0.005,-25,3000,True,9.869091515274965e-05,9.920798427842855e-05,1.550157215714224,1.419842784285776,1.679963139939293,0.0007387568411834668,0.7287310389985779,0.7262592487644567,-6.090253992760907e-05,1.0,0.003380923612400111,0.9990556089339144,0.00146622782744032,1.0,0.01240267706500572,1.0,-0.001054439258728973,1.0,0.001914818513871402,1.0,0.9947880291143932,-0.7920157215714485,-1.3090848472503525,True
20261068,ss,85,2.97,4.5,1,0,bounded,-0.005,-25,3000,True,9.994700943262749e-05,9.92077480483699e-05,1.55251951630098,1.41748048369902,1.678729340828265,0.0007444085638394133,0.7256297942681094,0.7285121151052888,-0.001157068696844608,1.0,0.002670443610000204,1.00192673434647,-0.001645206055120337,1.0,-0.001808111433258785,1.0,0.001197820289905344,1.0,-0.008112238279463092,1.0,1.0074516496826151,-0.7922519516301074,-0.05299056737251284,True
20261069,ss,85,2.97,4.5,1,0,bounded,-0.005,-25,3000,True,9.893137301891932e-05,9.920796235202958e-05,1.550376479703945,1.419623520296055,1.679725800938896,0.0007398388364593755,0.7279134572909822,0.7264681539742082,0.001472717280542755,1.0,0.0008096315990771497,0.9989783057298354,0.000646695570465584,1.0,-0.01480558380993582,1.0,-0.000845650397525776,1.0,-0.01036484133898709,1.0,0.997212024856142,-0.7920376479704228,-1.0686269810806892,True
20261070,ss,85,2.97,4.5,1,0,bounded,-0.005,-25,3000,True,9.899036249263394e-05,9.920800025898117e-05,1.54999741018815,1.42000258981185,1.679667660244071,0.0007401044016742093,0.7273016944860716,0.726106192752232,-0.0008364710255832889,1.0,-0.003206410629910219,0.9997039348928236,3.445425422314365e-05,1.0,-0.003983409512240397,1.0,-0.001207640512454618,1.0,-0.0075581596126465,1.0,0.9978062478249831,-0.791999741018834,-1.0096375073660568,True
20261071,ss,85,2.97,4.5,1,0,bounded,-0.005,-25,3000,True,9.882274799334047e-05,9.92078975588842e-05,1.551024411157776,1.418975588842224,1.679832949145543,0.0007393498314088515,0.7289925335125497,0.7270868455477766,0.01195296821751581,1.0,0.001670919773089724,0.9985111762347416,0.001726652938136049,1.0,-0.003696571114326367,1.0,-0.0002269056601561394,1.0,-0.008192903556934267,1.0,0.9961177529710764,-0.7921024411158051,-1.1772520066595349,True
20261072,ss,85,2.97,4.5,1,0,bounded,-0.005,-25,3000,True,9.904333797299194e-05,9.92079302638274e-05,1.550697361725896,1.419302638274104,1.679615475032551,0.0007403425834491503,0.7277410663646906,0.726774277810521,-0.00753541233983798,1.0,-0.01098276234390799,1.002831078760402,0.0004733964070689872,1.0,-0.003667243048507399,1.0,-0.0005395805597630438,1.0,-0.00883482422199156,1.0,0.9983409361489777,-0.792069736172607,-0.9566620270080706,True
20261073,ss,85,2.97,4.5,1,0,bounded,-0.005,-25,3000,True,9.959471855670734e-05,9.920780290100466e-05,1.551970989953231,1.41802901004677,1.679073887105472,0.0007428234178102517,0.726604611354981,0.727989116856079,-0.001418502526922718,1.0,0.002894514540931494,0.9978253116432437,-0.0006675312767343037,1.0,-0.0002561215031551513,1.0,0.0006749923170627576,1.0,0.01228798786982825,1.0,1.003900052661067,-0.7921970989953397,-0.405281443292671,True
20261074,ss,85,2.97,4.5,1,0,bounded,-0.005,-25,3000,True,9.941642880828474e-05,9.920782089303511e-05,1.55179106964879,1.41820893035121,1.67924869840629,0.0007420211673780156,0.7271917737542988,0.727817673514173,0.004424990353289136,1.0,-0.001837185733567171,0.9976691155457332,-7.892263381712814e-05,1.0,-0.009657610141839985,1.0,0.0005036352287551241,1.0,-0.003475429761227685,1.0,1.0021027365924562,-0.7921791069648965,-0.5835711917152708,True
20261075,ss,85,2.97,4.5,1,0,bounded,-0.005,-25,3000,True,9.887222544541365e-05,9.92078963574804e-05,1.551036425195956,1.418963574804044,1.679784130509676,0.0007395724763742675,0.7287928633051789,0.7270982306715632,-0.00498843501181542,1.0,-0.003158479806503686,1.00215699029562,0.001526581378995513,1.0,-1.007778598608893e-05,1.0,-0.0002155445032944047,1.0,-0.007234826964094917,1.0,0.9966164899731649,-0.7921036425196037,-1.1277745545863582,True
20261076,ss,85,2.97,4.5,1,0,bounded,-0.005,-25,3000,True,9.903187465311638e-05,9.920791053731185e-05,1.550894626881429,1.419105373118572,1.679626765100079,0.0007402909399235463,0.7279773740079859,0.7269626037708325,0.002666686299758852,1.0,0.0003964246345608562,1.002896893324503,0.0007097970386752204,1.0,0.003767947541759003,1.0,-0.000351248884833904,1.0,-0.01242448944873376,1.0,0.9982255862134173,-0.7920894626881503,-0.9681253468836193,True
20261077,ss,85,2.97,4.5,1,0,bounded,-0.005,-25,3000,True,9.940987845407014e-05,9.920776308425957e-05,1.552369157404109,1.417630842595891,1.679255126627234,0.0007419915190921726,0.7277688948249018,0.7283694964849796,0.004650279642364791,1.0,-8.54520530789597e-05,0.9990883181651736,0.000498251572276357,1.0,0.0160356063965925,1.0,0.001055461841534852,1.0,0.007084907270242504,1.0,1.0020372938924034,-0.7922369157404296,-0.590121545929867,True
20261078,ss,85,2.97,4.5,1,0,bounded,-0.005,-25,3000,True,9.927913086122876e-05,9.920786462566118e-05,1.55135374338808,1.41864625661192,1.679383520557245,0.000741403456502818,0.7273604716357932,0.7274004493412234,0.001951423661772926,1.0,0.00227299558396253,1.000163062343994,9.088897702800016e-05,1.0,-0.002573825782977617,1.0,8.647723661545189e-05,1.0,-0.004300491492292803,1.0,1.0007183526813777,-0.7921353743388315,-0.7208691387712407,True
20261079,ss,85,2.97,4.5,1,0,bounded,-0.005,-25,3000,True,9.95158059598237e-05,9.920781352817762e-05,1.551864718223721,1.418135281776279,1.679151223447319,0.0007424683426856631,0.7268391113993711,0.7278878077995046,0.00358795325907928,1.0,-0.005899671526075283,1.000913703756936,-0.0004323911126467545,1.0,-0.01167300870408443,1.0,0.0005737214155097642,1.0,-0.004046309407726855,1.0,1.0031045178871782,-0.792186471822387,-0.4841940401763001,True
20261080,ss,85,2.97,4.5,1,0,bounded,-0.005,-25,3000,True,9.912488847671076e-05,9.92079120490823e-05,1.550879509176955,1.419120490823045,1.67953519283342,0.0007407095066184448,0.7275666639448274,0.7269480161082734,-0.01036423424240118,1.0,-0.008737524900506204,0.9976583408072716,0.0002983324665441581,1.0,0.001094236530587869,1.0,-0.000365881634004849,1.0,0.001107450798472643,1.0,0.9991631355740008,-0.7920879509177081,-0.8751115232892404,True
20261081,ss,85,2.97,4.5,1,0,bounded,-0.005,-25,3000,True,9.902067151326056e-05,9.920802655343336e-05,1.549734465666249,1.420265534333751,1.679637800118496,0.000740240870362458,0.7269226129205808,0.7258551307549961,0.00222263966055888,1.0,0.002945705397397344,1.002508755442341,-0.0003448731722026755,1.0,-0.001870564626068932,1.0,-0.001458717410194384,1.0,0.01097923067488028,1.0,0.9981114931252877,-0.7919734465666406,-0.9793284867394392,True
20261082,ss,85,2.97,4.5,1,0,bounded,-0.005,-25,3000,True,9.956663739673223e-05,9.920789575576343e-05,1.551042442365625,1.418957557634375,1.679101400686072,0.0007426973283689762,0.7258417063131899,0.7271028052637829,0.006143384425142651,1.0,0.002293192559317103,1.001311678711696,-0.001430208531899777,1.0,-0.02092381926741343,1.0,-0.0002113064183642527,1.0,0.001691590278333388,1.0,1.0036160593694272,-0.79210424423658,-0.433362603267784,True
20261083,ss,85,2.97,4.5,1,0,bounded,-0.005,-25,3000,True,9.935469810842625e-05,9.920780758127133e-05,1.551924187286631,1.418075812713369,1.679309294081425,0.0007417433396921609,0.7275808979935083,0.7279448454241048,0.001774571408007803,1.0,-0.005641749853394325,0.9986469072731874,0.0003107023507501871,1.0,-0.002720917563029478,1.0,0.0006308371610994865,1.0,0.007559078257579279,1.0,1.00148063474777,-0.7921924187286766,-0.6453018915737574,True
20261084,ss,85,2.97,4.5,1,0,bounded,-0.005,-25,3000,True,9.923038529737672e-05,9.920795790004294e-05,1.550420999570462,1.419579000429538,1.67943142969718,0.0007411843784906325,0.7266816624432267,0.7265101491268651,0.0007821260067862983,1.0,0.00347577614054335,1.00012003363667,-0.0005875248031116452,1.0,-0.01137113821846477,1.0,-0.0008038001102218039,1.0,-0.003352999988208071,1.0,1.0002260644993457,-0.7920420999570688,-0.769614702623278,True
20261085,ss,85,2.97,4.5,1,0,bounded,-0.005,-25,3000,True,9.964141040748422e-05,9.92077113619514e-05,1.552886380485837,1.417113619514163,1.679028155287787,0.0007430332592663544,0.727275949873369,0.7288628117708944,-0.0178380337828314,1.0,-0.007641748418748816,0.9982503305137628,3.428489781406846e-06,1.0,-0.008958630150133191,1.0,0.001548665345737605,1.0,0.007403487154651008,1.0,1.0043716263542306,-0.7922886380485994,-0.35858959251579003,True
20261086,ss,85,2.97,4.5,1,0,bounded,-0.005,-25,3000,True,9.944230869185424e-05,9.920779143172869e-05,1.552085682712974,1.417914317287026,1.679223304991494,0.0007421375393547063,0.7273615886071174,0.7280988533342866,-0.01051785718656612,1.0,0.003158551523237673,1.001380697242813,9.068228769273595e-05,1.0,0.01412338172495116,1.0,0.0007848027459603437,1.0,0.01091300663333724,1.0,1.0023638996165631,-0.7922085682713131,-0.5576913081457691,True
20261087,ss,85,2.97,4.5,1,0,bounded,-0.005,-25,3000,True,9.958944819050165e-05,9.920791265882929e-05,1.550873411707015,1.419126588292986,1.679079050385242,0.0007428000271417388,0.7255841243492092,0.7269414133194478,-0.005121409692976957,1.0,-0.006561462695049542,1.00304459690797,-0.001687975531615124,1.0,-0.009351902701382697,1.0,-0.0003727095534566487,1.0,0.003558821262017348,1.0,1.0038458175507072,-0.7920873411707108,-0.4105518094983496,True
20261088,ss,85,2.97,4.5,1,0,bounded,-0.005,-25,3000,True,9.905652535283783e-05,9.920792615459635e-05,1.550738454036455,1.419261545963546,1.679602488495997,0.0007404019144561695,0.7277239150508562,0.7268134818463257,-0.0008291675251925227,1.0,0.004242765279575431,1.001573164532431,0.0004561381199427494,1.0,-0.003325906216385677,1.0,-0.0005003828813842924,1.0,0.01551012120099177,1.0,0.9984739041765415,-0.7920738454036624,-0.943474647162168,True
20261089,ss,85,2.97,4.5,1,0,bounded,-0.005,-25,3000,True,9.944925361132041e-05,9.920779926483672e-05,1.552007351632768,1.417992648367232,1.679216491684249,0.0007421688147558165,0.7272576313237444,0.7280240707809623,0.004798322943916694,1.0,-0.001577162457631029,0.9973882841376938,-1.33313313012533e-05,1.0,0.008184256443182191,1.0,0.0007100167636161595,1.0,0.009202238145251895,1.0,1.0024338242383457,-0.7922007351632843,-0.5507463886795905,True
20261090,ss,85,2.97,4.5,1,0,bounded,-0.005,-25,3000,True,9.890381645861458e-05,9.920796195308642e-05,1.550380469135805,1.419619530864195,1.679752972275736,0.0007397148307526401,0.7280347394080239,0.7264720087186363,-0.00524644776559524,1.0,-0.002651856601623561,0.9978606029740952,0.0007682012209858612,1.0,0.003619895147724379,1.0,-0.000841782295897598,1.0,-0.005774506415865477,1.0,0.9969342632538338,-0.7920380469135901,-1.0961835413854204,True
20261091,ss,85,2.97,4.5,1,0,bounded,-0.005,-25,3000,True,9.95862194472378e-05,9.920785225499043e-05,1.551477450095456,1.418522549904544,1.679082213653092,0.0007427853183984843,0.7261717899164378,0.7275180187087367,0.0006530206718977444,1.0,0.000198367479701102,0.9987437168920048,-0.00110028377304884,1.0,-0.002825003646918039,1.0,0.0002038978890954201,1.0,-0.009778105709931768,1.0,1.003813883514733,-0.7921477450095749,-0.4137805527622107,True
20261092,ss,85,2.97,4.5,1,0,bounded,-0.005,-25,3000,True,9.953465623787329e-05,9.92077383842339e-05,1.552616157660894,1.417383842339106,1.679132744408738,0.00074255294576012,0.7274729387249294,0.7286050566082074,0.003643027648338471,1.0,-0.0006645114034350995,0.9976655648189998,0.0002012833046944174,1.0,0.00342638213211235,1.0,0.001290961697284231,1.0,0.003088521673839517,1.0,1.0032952858210842,-0.79226161576611,-0.46534376212671313,True
20261093,ss,85,2.97,4.5,1,0,bounded,-0.005,-25,3000,True,9.936724064368553e-05,9.92077968730811e-05,1.552031269188936,1.417968730811064,1.679296979270271,0.0007417997492974123,0.7276292506327224,0.7280470394017867,-0.007053829059705592,1.0,-0.005657182360385218,0.9956270840055476,0.0003589532478741173,1.0,0.01267876916548897,1.0,0.0007330251473788387,1.0,0.0125529402855232,1.0,1.0016071697550992,-0.7922031269189111,-0.6327593563144718,True
20261094,ss,85,2.97,4.5,1,0,bounded,-0.005,-25,3000,True,9.898975179133109e-05,9.920796441402974e-05,1.550355859702532,1.419644140297468,1.67966826198971,0.0007401015470592039,0.7276449233391846,0.7264483718148581,0.002731867649168058,1.0,-0.001447961514405673,1.003479192479694,0.0003776880615571216,1.0,0.00830417224396999,1.0,-0.0008654608639264884,1.0,-0.01118441611415865,1.0,0.9978004525746746,-0.7920355859702632,-1.010248208668918,True
20261095,ss,85,2.97,4.5,1,0,bounded,-0.005,-25,3000,True,9.94823736396936e-05,9.920791737997824e-05,1.550826200217359,1.419173799782641,1.679184005519314,0.0007423182056852126,0.7259944622405722,0.7268965261588182,0.008030943188152362,1.0,-0.003005456809860611,0.9974688572923964,-0.001276769077414169,1.0,-0.006254318312165255,1.0,-0.0004175448640694246,1.0,0.00488818381608015,1.0,1.0027664753677286,-0.7920826200217612,-0.5176263603064002,True
20261096,ss,85,2.97,4.5,1,0,bounded,-0.005,-25,3000,True,9.955045707870459e-05,9.920783360364947e-05,1.551663963505047,1.418336036494953,1.679117257309922,0.0007426243323467122,0.7265010135428988,0.7276961176686507,0.004655010815668722,1.0,0.006433750031439795,1.000180759259142,-0.0007707700508149831,1.0,0.005723633901258575,1.0,0.0003820143303078545,1.0,0.002164560874624252,1.0,1.0034535929533948,-0.7921663963505354,-0.4495429212954094,True
20261097,ss,85,2.97,4.5,1,0,bounded,-0.005,-25,3000,True,9.981285840429712e-05,9.920779424557793e-05,1.552057544220617,1.417942455779383,1.678860406683144,0.0007438050214179722,0.7257602375291542,0.7280713698685738,-0.0008632369719437225,1.0,0.004297810003481109,1.000185166574393,-0.001513674597362802,1.0,-0.01021109425227589,1.0,0.0007571396890235053,1.0,0.007310037326117728,1.0,1.0060989578824968,-0.7922057544220706,-0.1871415957028888,True
20261098,ss,85,2.97,4.5,1,0,bounded,-0.005,-25,3000,True,9.958689370864895e-05,9.920792491677276e-05,1.550750832272163,1.419249167727837,1.679081553056933,0.0007427885683814392,0.7254784803330246,0.7268244049638295,-0.004232990052023617,1.0,0.005843290334735345,1.00141821456094,-0.001793598826584482,1.0,0.008055551889971318,1.0,-0.0004897167703486892,1.0,-0.003213527442077178,1.0,1.0038199447493144,-0.7920750832272505,-0.4131062913510619,True
20261099,ss,85,2.97,4.5,1,0,bounded,-0.005,-25,3000,True,9.944978479974699e-05,9.92078303775864e-05,1.551696224135842,1.418303775864158,1.67921597058089,0.0007421712975089309,0.7269597574886033,0.7277270818621011,0.004373463150299234,1.0,0.0002171468408014365,0.9977190532819358,-0.0003112094756072105,1.0,-0.002834821259814204,1.0,0.0004130273356416197,1.0,0.0005036819151312632,1.0,1.0024388641626343,-0.7921696224136077,-0.5502152002530125,True
20261100,ss,85,2.97,4.5,1,0,bounded,-0.005,-25,3000,True,9.893978777355462e-05,9.920794648747532e-05,1.550535125246719,1.419464874753281,1.679717505249177,0.0007398766557368449,0.7280283292980859,0.7266195824331225,-0.00190250764083775,1.0,-0.003596882730753179,0.9985336072512416,0.0007614993188696669,1.0,-0.006261655006796744,1.0,-0.0006942258880307271,1.0,-0.004953000323648022,1.0,0.9972970036835249,-0.7920535125246819,-1.0602122264453784,True
20261101,ss,85,2.97,4.5,1,0,bounded,-0.005,-25,3000,True,9.923280934317637e-05,9.920786455249654e-05,1.551354475034358,1.418645524965642,1.679429046717799,0.0007411950094530993,0.7275583645874831,0.7274012257890099,-0.007247908453313317,1.0,-0.006124794010023512,0.999756349056904,0.0002891576786773601,1.0,0.004486297701589616,1.0,8.727613248957886e-05,1.0,-0.002461527342647529,1.0,1.0002514396493902,-0.7921354475034614,-0.7671906568236353,True
20261102,ss,85,2.97,4.5,1,0,bounded,-0.005,-25,3000,True,9.920706568921224e-05,9.92079434625069e-05,1.550565374930826,1.419434625069174,1.679454357064486,0.0007410793973732281,0.7269181455394274,0.7266480085866802,-0.004431685329095489,1.0,-0.003556406533883197,0.998461688578114,-0.0003508525431801887,1.0,-0.004564725537982547,1.0,-0.0006659292328760676,1.0,-0.01325905109014184,1.0,0.999991152187375,-0.7920565374931021,-0.792934310787774,True
20261103,ss,85,2.97,4.5,1,0,bounded,-0.005,-25,3000,True,9.887318329787766e-05,9.920794860455068e-05,1.550513954492965,1.419486045507035,1.679783185640318,0.0007395769418845784,0.728292261599044,0.7265994850739442,-0.0004822248610178705,1.0,-0.0002880201685203794,1.002323351474223,0.001025971902461938,1.0,-0.002365212772601214,1.0,-0.0007142909878079857,1.0,0.003654661626652834,1.0,0.9966256201102655,-0.7920513954493225,-1.1268167021223463,True
20261104,ss,85,2.97,4.5,1,0,bounded,-0.005,-25,3000,True,9.871403047444196e-05,9.920797494632387e-05,1.550250536761135,1.419749463238865,1.679940300598831,0.0007388608324142335,0.7287210507808526,0.7263482945493196,0.009645796612850761,1.0,-0.001220875691544727,1.00188818656376,0.001456052102413716,1.0,0.009276477911352792,1.0,-0.0009654046001358528,1.0,0.001225445773341892,1.0,0.9950211213146004,-0.7920250536761375,-1.2859695255580506,True
20261105,ss,85,2.97,4.5,1,0,bounded,-0.005,-25,3000,True,9.881884539463405e-05,9.920804607823384e-05,1.549539217661412,1.420460782338588,1.679836800766486,0.0007393327108172901,0.727597708350944,0.7256690824684514,-0.007573960481239047,1.0,0.00268632929905134,1.000583754798501,0.0003318594322899018,1.0,0.006840926077108021,1.0,-0.001644668049641388,1.0,0.01107441962230713,1.0,0.9960769242114407,-0.7919539217661642,-1.1811546053659638,True
20261106,ss,85,2.97,4.5,1,0,bounded,-0.005,-25,3000,True,9.894945173104664e-05,9.920793785276949e-05,1.550621472305012,1.419378527694988,1.679707978858491,0.0007399201179014588,0.7280691811226843,0.7267019925217401,-0.005243865840074056,1.0,0.002984734370185314,1.003810959010655,0.0008022727514161821,1.0,-0.007503363367950915,1.0,-0.0006118204126787862,1.0,0.001642606836960535,1.0,0.9973945016163278,-0.7920621472305212,-1.0505482689533663,True
20261107,ss,85,2.97,4.5,1,0,bounded,-0.005,-25,3000,True,9.900784811921616e-05,9.920808793560119e-05,1.549120643988065,1.420879356011935,1.6796504325313,0.0007401833473951048,0.7263939266688869,0.7252691803031246,-0.009239395015707573,1.0,0.007630970557527973,0.999748667782844,-0.0008734554036842572,1.0,-0.001120041429861221,1.0,-0.002044662144321445,1.0,-0.01672437375474901,1.0,0.9979816180257903,-0.7919120643988142,-0.9921518807838536,True
20261108,ss,85,2.97,4.5,1,0,bounded,-0.005,-25,3000,True,9.962736527471184e-05,9.92078156926376e-05,1.551843073623938,1.418156926376062,1.679041909499099,0.0007429703660327333,0.726344312250912,0.7278669590260352,0.003704862343890229,1.0,0.004410230393087894,1.000598688251852,-0.0009280952030159196,1.0,0.008856994470454104,1.0,0.0005528185628910141,1.0,-0.007927974176023164,1.0,1.004228997273502,-0.7921843073624091,-0.3726347252881568,True
20261109,ss,85,2.97,4.5,1,0,bounded,-0.005,-25,3000,True,9.919174629723505e-05,9.920794629441192e-05,1.550537055880606,1.419462944119394,1.679469421565095,0.0007410104685201858,0.7269564617988281,0.7266210011228481,0.006492579326468398,1.0,-0.002161052693016871,0.999996248950172,-0.0003124120161976364,1.0,0.002765669089205044,1.0,-0.0006929292959322232,1.0,-0.006961341284307345,1.0,0.9998367066572592,-0.7920537055880916,-0.8082537027649606,True
20261110,ss,85,2.97,4.5,1,0,bounded,-0.005,-25,3000,True,9.918271476413144e-05,9.920794478164758e-05,1.550552183524055,1.419447816475946,1.679478303861982,0.0007409698221286396,0.7270093085077813,0.7266354570897394,0.008115435098193404,1.0,-0.0006770657944046876,0.9976041297126331,-0.0002594920453719213,1.0,-0.00272559863177441,1.0,-0.0006784689401351559,1.0,0.006366937891263661,1.0,0.9997456855136786,-0.7920552183524165,-0.817285235868559,True
20261111,ss,85,2.97,4.5,1,0,bounded,-0.005,-25,3000,True,9.952133192189384e-05,9.920771644183861e-05,1.552835581613853,1.417164418386147,1.679145805970037,0.0007424929211693073,0.7277380907978623,0.7288145250917192,0.01397126174873401,1.0,-0.001094446336993312,1.002874278982962,0.0004665434614771704,1.0,-0.004800595092533139,1.0,0.001500436815195981,1.0,0.005890366786624713,1.0,1.0031612004721335,-0.7922835581613996,-0.4786680781061592,True
20261112,ss,85,2.97,4.5,1,0,bounded,-0.005,-25,3000,True,9.92312082608874e-05,9.920796198864194e-05,1.550380113580398,1.419619886419602,1.679430620669506,0.0007411880939692209,0.7266392699007379,0.7264711180285005,-0.002225736568382795,1.0,0.002072975896428024,0.9981278127440579,-0.0006299240213397078,1.0,0.01219319268936325,1.0,-0.0008428316404421556,1.0,0.007406896428613284,1.0,1.0002343186149527,-0.792038011358065,-0.7687917391126065,True
20261113,ss,85,2.97,4.5,1,0,bounded,-0.005,-25,3000,True,9.964591177273809e-05,9.920770149244672e-05,1.552985075532554,1.417014924467446,1.679023747550107,0.0007430534860985958,0.7273505988801721,0.7289570105439264,-0.001881733354376886,1.0,0.0008955409451817367,1.002230400744412,7.804098273834512e-05,1.0,-0.01073846680640208,1.0,0.001642862017077618,1.0,-0.01000973829260945,1.0,1.0044170994156612,-0.7922985075532907,-0.35408822726191724,True
20261114,ss,85,2.97,4.5,1,0,bounded,-0.005,-25,3000,True,9.978335902720494e-05,9.920780468896127e-05,1.55195311038708,1.41804688961292,1.678889250057847,0.0007436723052376202,0.7257862494607323,0.7279717322332414,0.01160156566756635,1.0,0.002157069836970772,1.001977628038466,-0.001487423374655915,1.0,-0.001333097270832661,1.0,0.0006575162645009896,1.0,-0.002368945159149474,1.0,1.0058015026141156,-0.7921953110387348,-0.216640972795068,True
20261115,ss,85,2.97,4.5,1,0,bounded,-0.005,-25,3000,True,9.962611442552762e-05,9.920771170534364e-05,1.552882946563451,1.417117053436549,1.679043134528276,0.000742964428368287,0.7273376932643216,0.7288595596846765,-0.004189472251375748,1.0,-0.001452211037381758,1.000694853737887,6.529595793390171e-05,1.0,-0.01224081610295307,1.0,0.001545420669022183,1.0,-0.005270455491160684,1.0,1.0042174414971556,-0.7922882946563625,-0.3738855744723879,True
20261116,ss,85,2.97,4.5,1,0,bounded,-0.005,-25,3000,True,9.945015073710741e-05,9.920785273571872e-05,1.551472642812657,1.418527357187343,1.679215611592726,0.0007421730106315185,0.726745751478146,0.727513658936292,0.002206961016567009,1.0,0.005697790013961994,0.9993853718382651,-0.0005252184546704323,1.0,-0.001617310629460022,1.0,0.0001996040516386911,1.0,0.0005993760402575114,1.0,1.0024423268391278,-0.7921472642812843,-0.5498492628925877,True
20261117,ss,85,2.97,4.5,1,0,bounded,-0.005,-25,3000,True,9.868535304537053e-05,9.920791701324251e-05,1.550829867574784,1.419170132425217,1.679968636396954,0.0007387316119222048,0.7293940790850759,0.7269013689460818,0.01258603125785148,1.0,0.001247307537124173,0.9976340072857676,0.002129313033407398,1.0,-0.001598483913253069,1.0,-0.0004123158376265685,1.0,-0.002837348221406004,1.0,0.9947326384465645,-0.7920829867574919,-1.3146469546294726,True
20261118,ss,85,2.97,4.5,1,0,bounded,-0.005,-25,3000,True,9.947337637880173e-05,9.920788090308278e-05,1.551190969172122,1.418809030827878,1.679192829571753,0.0007422776096763846,0.7263793157086729,0.7272447426291129,-0.009910938897586733,1.0,0.005747941659441574,1.003409959293348,-0.0008918426253369873,1.0,0.004138096666863193,1.0,-6.932373844484485e-05,1.0,0.001643168012663537,1.0,1.0026761530767734,-0.7921190969172209,-0.5266236211982744,True
20261119,ss,85,2.97,4.5,1,0,bounded,-0.005,-25,3000,True,9.92790003479397e-05,9.920795938162434e-05,1.5504061837565,1.4195938162435,1.679383648801258,0.0007414031506186294,0.7264605788376237,0.7264959241239352,-0.001440814214922481,1.0,0.005396427408549625,1.003039106687831,-0.00080900276332747,1.0,0.01347190551866058,1.0,-0.0008180486839728354,1.0,-0.006015533329671047,1.0,1.0007160813180531,-0.7920406183756667,-0.7209996520603057,True
20261120,ss,85,2.97,4.5,1,0,bounded,-0.005,-25,3000,True,9.918645841581343e-05,9.920788788985195e-05,1.55112110148027,1.41887889851973,1.679474621976881,0.0007409864995932193,0.7275339924581053,0.7271785316963907,-0.004099629574395964,1.0,0.003631696215051082,0.9981326676005817,0.0002651615377753175,1.0,-0.003677026620998875,1.0,-0.0001353956872990448,1.0,-0.0009909890722725873,1.0,0.9997839942519257,-0.7921121101480577,-0.8135415841865723,True
20261121,ss,85,2.97,4.5,1,0,bounded,-0.005,-25,3000,True,9.946122494390343e-05,9.920794484887129e-05,1.550551511287057,1.419448488712943,1.679204748278744,0.0007422231181385636,0.7258233686104592,0.726634346606106,-0.02306949569971921,1.0,0.006869240240560194,1.001321686959466,-0.001447691154589963,1.0,0.002136068461664597,1.0,-0.0006797143900237408,1.0,0.0009497842590618087,1.0,1.0025530222949177,-0.7920551511287122,-0.5387750560965743,True
20261122,ss,85,2.97,4.5,1,0,bounded,-0.005,-25,3000,True,9.892255917889705e-05,9.920795672648935e-05,1.550432735106437,1.419567264893563,1.679734490785381,0.0007397991574727523,0.7280044873523137,0.7265218701431954,0.005454299295817802,1.0,0.007746509248123297,1.001605071934657,0.0007377971280075994,1.0,-0.002092526366648243,1.0,-0.0007919299118732916,1.0,-0.004871924467046413,1.0,0.9971232393347328,-0.7920432735106564,-1.0774408211029596,True
20261123,ss,85,2.97,4.5,1,0,bounded,-0.005,-25,3000,True,9.979919459996913e-05,9.920774978530162e-05,1.552502146983533,1.417497853016467,1.678873765628258,0.000743743402250311,0.7262406521744409,0.728495784387821,-0.003320250314035729,1.0,-0.003931516988497438,0.9995901245803046,-0.001033149114470615,1.0,0.005477803471479387,1.0,0.001181561189455756,1.0,-0.001257524262261068,1.0,1.005961679565835,-0.7922502146983867,-0.200805400030879,True
20261124,ss,85,2.97,4.5,1,0,bounded,-0.005,-25,3000,True,9.909484414790816e-05,9.920785865266134e-05,1.551413473386508,1.418586526613492,1.679564762604893,0.0007405741485532814,0.7282020892795236,0.7274577760165852,0.0007326430161057507,1.0,0.004099107583867386,0.9993671817823232,0.0009340015150676302,1.0,-0.003004937944672088,1.0,0.000143893265660136,1.0,0.004126315548289752,1.0,0.9988608311247916,-0.7921413473386596,-0.9051558520918435,True
20261125,ss,85,2.97,4.5,1,0,bounded,-0.005,-25,3000,True,9.94975316259731e-05,9.920791106363911e-05,1.550889363608774,1.419110636391226,1.679169141055777,0.0007423863978638435,0.725990004793585,0.7269567954540795,0.008490423301348606,1.0,-0.00434317579516169,0.9965239866286983,-0.001281349482316727,1.0,0.0075257832232352,1.0,-0.0003572828632726832,1.0,-0.003111784870854518,1.0,1.002919329307803,-0.7920889363608907,-0.5024683740268987,True
20261126,ss,85,2.97,4.5,1,0,bounded,-0.005,-25,3000,True,9.865086977872841e-05,9.920807259205567e-05,1.549274079443122,1.420725920556878,1.680002719222092,0.0007385768992915411,0.7280627046064321,0.7254162564131467,0.001401663699594954,1.0,0.001453780574041678,0.9971853918904727,0.0007982182755526815,1.0,0.007182007180695489,1.0,-0.001897412918514837,1.0,-0.005417411471077887,1.0,0.994383493210089,-0.7919274079443261,-1.3491302212715994,True
20261127,ss,85,2.97,4.5,1,0,bounded,-0.005,-25,3000,True,9.98430992797187e-05,9.920774503050306e-05,1.552549694969296,1.417450305030705,1.678830846694336,0.0007439409591875133,0.7260994565763994,0.7285410966168705,-0.006474297442766515,1.0,-0.003544557482677358,0.998270175653827,-0.00117470085565113,1.0,-0.009850189666867615,1.0,0.00122685218079974,1.0,-0.00166996403334423,1.0,1.0064042807244564,-0.7922549694969416,-0.15690072028130553,True
20261128,ss,85,2.97,4.5,1,0,bounded,-0.005,-25,3000,True,9.915384199035961e-05,9.920796521709745e-05,1.55034782902535,1.41965217097465,1.679506704695708,0.0007408399553402205,0.7269380672822929,0.7264404295057331,-0.01121500748800329,1.0,0.001570603166430103,1.000344930369877,-0.0003304990612775375,1.0,0.008668842837113007,1.0,-0.0008734826975408804,1.0,-0.004614078425011992,1.0,0.9994544467612112,-0.7920347829025509,-0.8461580096403853,True
20261129,ss,85,2.97,4.5,1,0,bounded,-0.005,-25,3000,True,9.891364129127757e-05,9.92079966398334e-05,1.550033601665713,1.419966398334287,1.679743283963822,0.0007397591455192813,0.7276632117396306,0.7261408706676042,0.01074777437278929,1.0,-0.002733996678548789,0.9993557899007944,0.0003965938551312112,1.0,-0.005711944254133314,1.0,-0.001172925388791891,1.0,0.00312133711043795,1.0,0.9970329473578177,-0.7920033601665932,-1.0863587087224347,True
20261130,ss,85,2.97,4.5,1,0,bounded,-0.005,-25,3000,True,9.919638294922186e-05,9.920789396543256e-05,1.551060345674322,1.418939654325678,1.679464861826898,0.0007410311780376371,0.7274339863036807,0.7271205188233029,0.001361138196222209,1.0,0.001444916579008643,1.001262967226704,0.0001650748776160604,1.0,0.0006584676946366461,1.0,-0.0001934134190171808,1.0,0.01250689165491269,1.0,0.9998839707633073,-0.7921060345674413,-0.8036170507781493,True
20261131,ss,85,2.97,4.5,1,0,bounded,-0.005,-25,3000,True,9.926787600807265e-05,9.920790397515484e-05,1.55096024845157,1.41903975154843,1.67939458030598,0.0007413529265305394,0.7270344539306067,0.7270248476632734,-0.006311616661348256,1.0,-0.004333228457335871,0.9974403677094612,-0.0002350374316496921,1.0,0.004923640164064116,1.0,-0.0002891193054945095,1.0,-0.002699684859835164,1.0,1.0006045086179105,-0.7920960248451681,-0.7321239919273581,True
20261132,ss,85,2.97,4.5,1,0,bounded,-0.005,-25,3000,True,9.887741344710412e-05,9.920810247155506e-05,1.548975284449337,1.421024715550664,1.679779012932187,0.0007395964345415262,0.726811911243632,0.7251306337170886,9.675133897458528e-05,1.0,0.002800671536050992,0.9984976995440288,-0.0004544127685435207,1.0,0.0093095159773582,1.0,-0.002183145639385096,1.0,0.0006333103868695287,1.0,0.996666713542417,-0.7918975284449403,-1.1225865528958878,True
20261133,ss,85,2.97,4.5,1,0,bounded,-0.005,-25,3000,True,9.922977295154047e-05,9.920798859864633e-05,1.550114013536541,1.419885986463459,1.679432031677842,0.0007411817141080808,0.7263925159249789,0.7262171003455589,-0.005569475081550444,1.0,-0.003264879524100288,1.002105186299687,-0.0008766663544313259,1.0,0.009384682454269105,1.0,-0.001096848843079729,1.0,-0.002997803005654773,1.0,1.0002195826485534,-0.7920114013536761,-0.7702270484595375,True
20261134,ss,85,2.97,4.5,1,0,bounded,-0.005,-25,3000,True,9.925569311535134e-05,9.920793697004868e-05,1.550630299513036,1.419369700486964,1.679406553348059,0.0007412982015090717,0.7267727843803925,0.7267099033090588,-0.01332420905828291,1.0,0.001813599705570805,1.001015485520546,-0.0004966081572362393,1.0,0.002734962124528349,1.0,-0.0006040580227327917,1.0,0.004589705980446345,1.0,1.0004813742404206,-0.7920630299513176,-0.7443068846486711,True
20261135,ss,85,2.97,4.5,1,0,bounded,-0.005,-25,3000,True,9.969040866642777e-05,9.920787245238138e-05,1.551275476186141,1.418724523813859,1.678980186346158,0.0007432542298715467,0.7255371495886904,0.727325045349064,-0.01150347075124146,1.0,0.002879319761095864,0.9959299043600458,-0.001735769257927882,1.0,0.005584188939358017,1.0,1.087387605733869e-05,1.0,0.009916010855408436,1.0,1.0048638903558587,-0.7921275476186262,-0.30959133357223445,True
20261136,ss,85,2.97,4.5,1,0,bounded,-0.005,-25,3000,True,9.936840233311463e-05,9.920777563956266e-05,1.552243604373366,1.417756395626635,1.679295838747324,0.0007418049138378142,0.7278261070516338,0.7282497209553306,-0.00145442596209798,1.0,0.003654646398536775,1.000504219791627,0.0005558002436272983,1.0,-0.01172987937314526,1.0,0.0009357063096939696,1.0,0.004224748552677195,1.0,1.00161909379095,-0.7922243604373436,-0.6315976668853751,True
20261137,ss,85,2.97,4.5,1,0,bounded,-0.005,-25,3000,True,9.9826237271076e-05,9.920776687194244e-05,1.552331280575488,1.417668719424512,1.678847327999447,0.0007438651450172823,0.7259635032682017,0.7283326405794186,0.00382737861993548,1.0,-0.006266710813761868,0.9966469671897058,-0.001310517383896807,1.0,0.002237320740323058,1.0,0.001018404137883722,1.0,0.000709972205612616,1.0,1.0062340925376527,-0.7922331280575623,-0.17376272892400957,True
20261138,ss,85,2.97,4.5,1,0,bounded,-0.005,-25,3000,True,9.86743136451499e-05,9.920794972698799e-05,1.550502730119984,1.419497269880016,1.67997954637003,0.0007386820317806131,0.7291303170820255,0.7265891052301438,-0.007947152075553701,1.0,-0.002875117805549453,1.000762503197756,0.0018656405797188,1.0,-0.004575894104094204,1.0,-0.0007245744683520355,1.0,0.0005984603214958929,1.0,0.9946210350752475,-0.7920502730120238,-1.3256863548500974,True
20261139,ss,85,2.97,4.5,1,0,bounded,-0.005,-25,3000,True,9.957741804212197e-05,9.920772971181063e-05,1.552702881893561,1.417297118106439,1.679090837069463,0.0007427453481224637,0.7273735626924108,0.7286877654164012,0.003125323125746817,1.0,0.001088606322453052,1.002141815306232,0.0001015603989025306,1.0,-0.00283045105870355,1.0,0.001373649853274321,1.0,-0.005913537352870634,1.0,1.0037264065147469,-0.7922702881893784,-0.4225819578780321,True
20261140,ss,85,2.97,4.5,1,0,bounded,-0.005,-25,3000,True,9.883810394808825e-05,9.920789284751923e-05,1.551071524807598,1.418928475192402,1.679817795180025,0.0007394189192120156,0.7289717913249926,0.7271317934223982,0.00436163007432466,1.0,-0.001380384798117233,1.003505650723439,0.001705786185987074,1.0,-0.005215205043845547,1.0,-0.0001819651888631942,1.0,0.0109656727859653,1.0,0.9962725858919377,-0.792107152480781,-1.1618960519117594,True
20261141,ss,85,2.97,4.5,1,0,bounded,-0.005,-25,3000,True,9.999343238181003e-05,9.92077011783538e-05,1.552988216461902,1.417011783538098,1.678684024374551,0.0007446173279060562,0.7258781576484337,0.7289594235519571,-0.007167215103926384,1.0,-0.003631261493868549,1.004110021151869,-0.001397219244547971,1.0,-0.002985555117347804,1.0,0.001645106619255586,1.0,0.008652657272187463,1.0,1.0079200625971936,-0.792298821646209,-0.00656761818996765,True
20261142,ss,85,2.97,4.5,1,0,bounded,-0.005,-25,3000,True,9.953819843068792e-05,9.92077406143216e-05,1.552593856783774,1.417406143216226,1.67912927234693,0.0007425688922508996,0.7274366853513945,0.7285837637377077,0.01170233481270292,1.0,-0.002795598597702023,1.002231120661529,0.0001650011977316563,1.0,0.006238026047253583,1.0,0.001269667092138182,1.0,0.006296713301180736,1.0,1.0033309680708384,-0.7922593856784066,-0.4618015693120814,True
20261143,ss,85,2.97,4.5,1,0,bounded,-0.005,-25,3000,True,9.87595117142296e-05,9.920787427399772e-05,1.551257260022677,1.418742739977324,1.679895377193827,0.0007390651989960216,0.7294836760109313,0.7273092240050837,0.005610918526823944,1.0,-0.003068771801122024,0.999607571899356,0.002218308397787815,1.0,-0.004110077082262977,1.0,-4.496370118326945e-06,1.0,0.002902137679543245,1.0,0.9954805748732222,-0.7921257260022796,-1.2404882857704025,True
20261144,ss,85,2.97,4.5,1,0,bounded,-0.005,-25,3000,True,9.965659103606064e-05,9.920777389171041e-05,1.552261082895835,1.417738917104165,1.679013291169303,0.0007431017578097355,0.7266172913764942,0.7282659197007947,0.00180031733170661,1.0,0.00249708735708559,0.9982473985543072,-0.0006553531491177329,1.0,0.01353340523411524,1.0,0.00095176541303594,1.0,-0.003996121264444394,1.0,1.0045240118464922,-0.7922261082895954,-0.34340896393936227,True
20261145,ss,85,2.97,4.5,1,0,bounded,-0.005,-25,3000,True,9.922583369817252e-05,9.920789441397373e-05,1.551055860262607,1.418944139737393,1.67943590433578,0.000741163707739161,0.7273043080614171,0.7271161875487242,0.003173602261024385,1.0,-0.00568979708879567,1.001593426158211,3.515773725260439e-05,1.0,0.004163989399781957,1.0,-0.0001977589690733244,1.0,0.0005188092707605584,1.0,1.0001808251682467,-0.7921055860262816,-0.7741663018274836,True
20261146,ss,85,2.97,4.5,1,0,bounded,-0.005,-25,3000,True,9.960247554301396e-05,9.920787907878341e-05,1.551209212165576,1.418790787834425,1.679066288201831,0.0007428585504961428,0.7258478284796259,0.7272619395116261,-0.002731866331081299,1.0,3.89292329292248e-05,0.9973978443282552,-0.001424377075557574,1.0,-0.005738742449884928,1.0,-5.218940269202257e-05,1.0,0.009637441849183775,1.0,1.0039774710224092,-0.7921209212165881,-0.39752445698605365,True
20261147,ss,85,2.97,4.5,1,0,bounded,-0.005,-25,3000,True,9.90568858072597e-05,9.920787664220139e-05,1.55123357798598,1.41876642201402,1.6796021335543,0.0007404033894486098,0.7281928866252804,0.7272861170797201,0.004424983657527275,1.0,-0.000232778050399004,0.9994458440275695,0.0009251067708963692,1.0,-0.0002906151596625455,1.0,-2.7747422156522e-05,1.0,0.001931594915707497,1.0,0.9984780358167906,-0.7921233577986131,-0.943114192740302,True
20261148,ss,85,2.97,4.5,1,0,bounded,-0.005,-25,3000,True,0.0001000561599338515,9.92077839417588e-05,1.552160582411882,1.417839417588119,1.678622823637131,0.0007448998476979941,0.7248257961316001,0.7281693149547783,-0.004882708522667359,1.0,0.0002574007471597208,1.001341002374202,-0.002450089590512341,1.0,0.008230781456968931,1.0,0.000854966954740032,1.0,0.006376941883653666,1.0,1.0085515063272732,-0.7922160582412019,0.0561599338514851,True
20261149,ss,85,2.97,4.5,1,0,bounded,-0.005,-25,3000,True,9.89760268009602e-05,9.920788611737181e-05,1.551138826281621,1.418861173718379,1.679681786638727,0.0007400395520606558,0.7284475034329012,0.7271958056298767,0.008433900544306016,1.0,-0.005436438347489803,0.9985579356902532,0.001180379490398469,1.0,0.004905931562205736,1.0,-0.0001180197643999182,1.0,0.01080741029929417,1.0,0.99766289429716,-0.7921138826281982,-1.023973199039807,True
20261150,ss,85,2.97,4.5,1,0,bounded,-0.005,-25,3000,True,9.894934542850655e-05,9.92079407615616e-05,1.550592384383927,1.419407615616074,1.67970808364297,0.0007399196481795241,0.728041991392677,0.7266742255393746,0.004095270360917274,1.0,0.005049150266172669,0.9993916034994728,0.0007750838836923451,1.0,-0.006981449609665171,1.0,-0.0006395873671458785,1.0,0.01088702306327136,1.0,0.9973934008601533,-0.7920592384384029,-1.050654571493459,True
20261151,ss,85,2.97,4.5,1,0,bounded,-0.005,-25,3000,True,9.914417546587208e-05,9.920800804730161e-05,1.54991952698374,1.420080473016261,1.679516214969997,0.0007407965831862946,0.7265722332383173,0.7260315854628615,-0.001792169407239594,1.0,0.00416060149069517,1.000902442911875,-0.0006962546928462847,1.0,0.005251138385808234,1.0,-0.001282322402606061,1.0,-0.0005518758797285559,1.0,0.9993565783379191,-0.7919919526983898,-0.8558245341279247,True
20261152,ss,85,2.97,4.5,1,0,bounded,-0.005,-25,3000,True,9.881155753169869e-05,9.920795107849447e-05,1.550489215055057,1.419510784944943,1.679843993818216,0.0007392996332841522,0.7285316619030782,0.7265759726543832,0.003417543335259781,1.0,-0.001148742318526425,0.9976505060726908,0.001265872103104205,1.0,-0.003585559886952389,1.0,-0.0007377735635629743,1.0,-0.01882900564780707,1.0,0.9960044175644536,-0.7920489215055393,-1.1884424683013095,True
20261153,ss,85,2.97,4.5,1,0,bounded,-0.005,-25,3000,True,9.936551865276235e-05,9.920777794505386e-05,1.5522205494613,1.417779450538701,1.679298669909112,0.0007417919441229924,0.7278164408261985,0.7282277189585957,-0.008299810334167034,1.0,0.001378876468111368,0.9989861846001532,0.000546157409922962,1.0,0.007898901266749102,1.0,0.0009137056918053576,1.0,0.002548411212068492,1.0,1.0015900034349712,-0.7922220549461456,-0.6344813472376587,True
20261154,ss,85,2.97,4.5,1,0,bounded,-0.005,-25,3000,True,9.942035357990355e-05,9.920791732413606e-05,1.550826758639287,1.419173241360713,1.679244847005785,0.0007420391152508394,0.7262587718969478,0.7268971637199257,-0.006904863467862605,1.0,0.0002354453086195363,0.9962704060036766,-0.001011956328905198,1.0,-0.008888451878517634,1.0,-0.0004168772474620386,1.0,-0.01493716584512858,1.0,1.0021413236110321,-0.7920826758639476,-0.579646420096458,True
20261155,ss,85,2.97,4.5,1,0,bounded,-0.005,-25,3000,True,9.945490408261128e-05,9.920787140484332e-05,1.551285951566681,1.418714048433319,1.679210948627438,0.0007421944561326892,0.726548135975419,0.7273354413540308,-0.007065832556204137,1.0,-0.00107596402694447,0.9996874242794288,-0.000722872515596703,1.0,7.505705058867566e-05,1.0,2.138401496017376e-05,1.0,-0.004011581933004271,1.0,1.0024900511851513,-0.7921285951566825,-0.5450959173887271,True
20261156,ss,85,2.97,4.5,1,0,bounded,-0.005,-25,3000,True,9.917028493249637e-05,9.92078773427878e-05,1.551226572121793,1.418773427878207,1.679490529559639,0.0007409136875937306,0.7277030954131443,0.727279238550775,0.0007201263243565506,1.0,0.004556265108749724,1.003216953885284,0.0004343956887497264,1.0,0.0003340822907655859,1.0,-3.468090996255191e-05,1.0,0.0114847114259277,1.0,0.9996210743410874,-0.792122657212202,-0.8297150675036336,True
20261157,ss,85,2.97,4.5,1,0,bounded,-0.005,-25,3000,True,9.95856016166511e-05,9.920782926907939e-05,1.551707309205932,1.418292690794068,1.679082818965823,0.0007427824698924244,0.7263928331646105,0.7277374345041747,0.01226486726935809,1.0,-0.001891480200380716,0.9988851031469974,-0.0008792355129670959,1.0,-0.009594740684671357,1.0,0.000423314169801746,1.0,0.004491328092077604,1.0,1.003807888453512,-0.7921707309206161,-0.4143983833489018,True
20261158,ss,85,2.97,4.5,1,0,bounded,-0.005,-25,3000,True,9.933544734415469e-05,9.920782895234078e-05,1.55171047659205,1.41828952340795,1.679328198196438,0.0007416567747262081,0.7274597651880709,0.7277408791649788,0.007821736520450373,1.0,0.002483972214629853,1.002970539880982,0.0001897257029466455,1.0,-0.01402153337164576,1.0,0.0004268800579540604,1.0,-0.007418208286244152,1.0,1.001286374202133,-0.7921710476592181,-0.6645526558453185,True
20261159,ss,85,2.97,4.5,1,0,bounded,-0.005,-25,3000,True,9.958743909625958e-05,9.920776207116297e-05,1.552379288370135,1.417620711629866,1.679081018725794,0.0007427905389719952,0.7270234873453647,0.7283788680097182,-0.01184052664241637,1.0,-0.00897464174459353,1.002758685900871,-0.0002485962367857885,1.0,0.007329552901817169,1.0,0.001064747328743789,1.0,0.003983403074301705,1.0,1.0038270899087942,-0.7922379288370363,-0.4125609037404332,True
20261160,ss,85,2.97,4.5,1,0,bounded,-0.005,-25,3000,True,9.990320083617923e-05,9.920787350238852e-05,1.551264976114579,1.418735023885421,1.678772123561484,0.0007442117977537754,0.7246237320334509,0.7273146638945794,0.006221682490801683,1.0,0.001227985603543954,1.00007553098903,-0.002650912927515223,1.0,-0.004493164819449992,1.0,3.892938527210024e-07,1.0,0.00409440019274378,1.0,1.0070087918351962,-0.7921264976114895,-0.09679916382078213,True
20261161,ss,85,2.97,4.5,1,0,bounded,-0.005,-25,3000,True,9.953493567475581e-05,9.9207780927359e-05,1.552190726410005,1.417809273589995,1.679132470500103,0.0007425543295789886,0.7270675261432973,0.7281989663591725,-0.01374336703250501,1.0,-0.002405335848688811,0.9976504647459475,-0.0002041315440667507,1.0,-0.0005818038985013367,1.0,0.0008848709688291392,1.0,0.005389392940558291,1.0,1.0032976722625857,-0.7922190726410094,-0.46506432524419106,True
20261162,ss,85,2.97,4.5,1,0,bounded,-0.005,-25,3000,True,9.918271875247888e-05,9.920782291914904e-05,1.551770808509497,1.418229191490503,1.67947829993937,0.0007409694781441949,0.728167300577535,0.7277987265741906,0.01494549218010566,1.0,-0.002969930192292137,1.002972040445884,0.0008984999931629822,1.0,0.001196700109156753,1.0,0.0004848015282055791,1.0,0.006821173999467426,1.0,0.999746953758973,-0.7921770808509643,-0.8172812475211289,True
20261163,ss,85,2.97,4.5,1,0,bounded,-0.005,-25,3000,True,9.88933814093277e-05,9.920801773785534e-05,1.549822621446488,1.420177378553512,1.679763263325572,0.0007396680387114953,0.727549091550279,0.7259395002400332,-0.003150292772320198,1.0,-0.004024961575440543,0.997611492649792,0.0002826380098349845,1.0,0.006862359308333978,1.0,-0.001374286168991597,1.0,0.0006301181088386418,1.0,0.9968285191489359,-0.7919822621446637,-1.1066185906723147,True
20261164,ss,85,2.97,4.5,1,0,bounded,-0.005,-25,3000,True,9.9134242215028e-05,9.920786057322856e-05,1.551394267714181,1.418605732285819,1.679525988576158,0.00074075144555932,0.7280159717121423,0.7274393766356475,-0.01262263905710866,1.0,0.003052113696770588,1.001958216186764,0.0007475643587764955,1.0,0.00461962269302608,1.0,0.000125474777011171,1.0,0.002537080173510086,1.0,0.999257938254336,-0.7921394267714432,-0.86575778497201,True
20261165,ss,85,2.97,4.5,1,0,bounded,-0.005,-25,3000,True,9.964439644386238e-05,9.92077537801537e-05,1.552462198462652,1.417537801537349,1.679025231339318,0.0007430468224121334,0.7268602149125358,0.7284579127914235,-0.007035335629441817,1.0,-0.008298238674912256,1.000157263535262,-0.00041233069341844,1.0,0.002021875381393003,1.0,0.001143764575944642,1.0,0.002411239677331915,1.0,1.004401295736181,-0.7922462198462932,-0.35560355613761807,True
20261166,ss,85,2.97,4.5,1,0,bounded,-0.005,-25,3000,True,9.886285521344553e-05,9.920804812621169e-05,1.549518737882994,1.420481262117006,1.679793374192035,0.0007395307610856079,0.7273905236023779,0.725649457795363,-0.000595672768934632,1.0,0.008885341725503251,1.002735274032919,0.00012431768433026,1.0,-0.0127358373663782,1.0,-0.001664314066529527,1.0,-0.003334840272774884,1.0,0.9965205150258877,-0.7919518737883102,-1.1371447865544781,True
20261167,ss,85,2.97,4.5,1,0,bounded,-0.005,-25,3000,True,9.96986820797955e-05,9.920772201488558e-05,1.552779851144134,1.417220148855866,1.678972088942022,0.0007432910134319074,0.7269313876793626,0.7287610305441923,-0.01497480886447858,1.0,-2.026269781644064e-05,1.003375765416478,-0.0003415982776892668,1.0,0.0006083819513796392,1.0,0.001446856278969018,1.0,-0.009615060430042633,1.0,1.0049488089731184,-0.7922779851144202,-0.30131792020451353,True
20261168,ss,85,2.97,4.5,1,0,bounded,-0.005,-25,3000,True,9.940072597504659e-05,9.920776537512366e-05,1.5523462487633,1.4176537512367,1.679264109128865,0.0007419503397404266,0.7277860987563819,0.7283476447519476,-0.002683131917634688,1.0,0.000474481931436896,0.9980962063817962,0.0005155297465193415,1.0,-0.004380140968778245,1.0,0.00103361452532266,1.0,-0.002024363426653921,1.0,1.0019450150821694,-0.7922346248763423,-0.5992740249534112,True
20261169,ss,85,2.97,4.5,1,0,bounded,-0.005,-25,3000,True,9.906308715373603e-05,9.920793092755833e-05,1.550690724416583,1.419309275583417,1.679596027242499,0.0007404314567352546,0.7276505918956518,0.7267679086059201,0.0005733219041888315,1.0,-9.364485505592628e-05,1.001569210827139,0.0003827617367075651,1.0,-0.001574820588983615,1.0,-0.0005459593402657039,1.0,-0.0001431655604942218,1.0,0.9985399980377772,-0.7920690724416701,-0.9369128462639709,True
20261170,ss,85,2.97,4.5,1,0,bounded,-0.005,-25,3000,True,9.89067522750401e-05,9.92080321202848e-05,1.549678797151878,1.420321202848123,1.679750077158178,0.0007397282503241258,0.7273553924179785,0.7258021801968868,0.02092658193812475,1.0,0.003782216967164799,0.997933500200806,8.88304155225733e-05,1.0,0.001641079200277605,1.0,-0.001511612808192486,1.0,0.01813170876452518,1.0,0.9969631506763544,-0.7919678797152052,-1.0932477249599004,True
20261171,ss,85,2.97,4.5,1,0,bounded,-0.005,-25,3000,True,9.885255299419007e-05,9.920796615340672e-05,1.550338465932539,1.419661534067461,1.679803538234696,0.0007394841576372094,0.7282135057204697,0.726431998792855,-0.0101033901121408,1.0,-0.006371433775833327,0.995506521122997,0.0009473833728303834,1.0,-0.01352769255367586,1.0,-0.0008817674133260044,1.0,0.006543499541701091,1.0,0.9964174937457434,-0.7920338465932764,-1.1474470058099429,True
20261172,ss,85,2.97,4.5,1,0,bounded,-0.005,-25,3000,True,9.922335977722886e-05,9.920792333549457e-05,1.550766645054186,1.419233354945814,1.679438336508219,0.0007411526609929684,0.727040013401545,0.7268401117142852,0.006090073555108664,1.0,0.002415427186164012,0.9987103642547523,-0.0002291168549804611,1.0,0.003101897089084121,1.0,-0.0004738338386483943,1.0,-0.006977980444198677,1.0,1.0001555968637916,-0.7920766645054367,-0.7766402227711411,True
20261173,ss,85,2.97,4.5,1,0,bounded,-0.005,-25,3000,True,9.882482452311527e-05,9.920799647608729e-05,1.550035239126835,1.419964760873165,1.679830899799352,0.000739359469577161,0.7280436216370559,0.7261425834018579,0.0002936939818436183,1.0,0.003719126244532046,0.9996343008504428,0.0007777242172930146,1.0,-0.006846334416140873,1.0,-0.001171169612514257,1.0,0.00356977093970449,1.0,0.9961376908456732,-0.792003523912721,-1.1751754768847378,True
20261174,ss,85,2.97,4.5,1,0,bounded,-0.005,-25,3000,True,9.932544991680649e-05,9.920792864318771e-05,1.550713568122611,1.419286431877389,1.679338016971518,0.0007416120823848249,0.7265549959822046,0.7267892732110929,0.0008322064639053385,1.0,0.002629860653257014,0.9991181362359591,-0.0007149624069744369,1.0,-0.000983735081695437,1.0,-0.0005247218576226717,1.0,0.0005931543060117189,1.0,1.0011845955784588,-0.7920713568122961,-0.6745500831935147,True
20261175,ss,85,2.97,4.5,1,0,bounded,-0.005,-25,3000,True,9.936621447546847e-05,9.920781008285702e-05,1.551899171429723,1.418100828570278,1.679297986751803,0.0007417951707744133,0.7275081073051359,0.7279209471892892,-0.01542072579177113,1.0,-5.251414913284399e-05,1.000481108739415,0.0002378182442002783,1.0,0.006301155391371179,1.0,0.0006069333253873765,1.0,0.009248239352921477,1.0,1.0015966927652082,-0.7921899171429825,-0.6337855245315382,True
20261176,ss,85,2.97,4.5,1,0,bounded,-0.005,-25,3000,True,9.903782202825985e-05,9.920799569815519e-05,1.550043018447954,1.419956981552046,1.679620907456508,0.0007403179560396341,0.7271427407576707,0.726149650979459,-0.001189346564478517,1.0,0.002311665811838845,1.00035983552108,-0.0001248844563333295,1.0,-0.0006285017592368376,1.0,-0.001164205247224273,1.0,0.002255220138228518,1.0,0.9982846778760343,-0.7920043018448064,-0.9621779717401524,True
20261177,ss,85,2.97,4.5,1,0,bounded,-0.005,-25,3000,True,9.925431148349352e-05,9.920801604706815e-05,1.549839529318432,1.420160470681568,1.679407911269312,0.0007412922190245769,0.7260272230615323,0.7259550329219558,0.02483154554915083,1.0,0.002762240355459928,0.999119963524256,-0.001242158269317816,1.0,-0.0007204105110755225,1.0,-0.001358928380332278,1.0,-0.0005553371299768192,1.0,1.0004666501586263,-0.7919839529318518,-0.7456885165064819,True
20261178,ss,85,2.97,4.5,1,0,bounded,-0.005,-25,3000,True,9.885659796695569e-05,9.920808780479298e-05,1.549121952070061,1.420878047929939,1.679799547394485,0.000739502721318616,0.7270400943078413,0.725270683662029,0.005124743928475538,1.0,-0.01052101395087212,1.001488694114018,-0.0002260608529741072,1.0,0.00570122325354934,1.0,-0.002043085488649169,1.0,0.005179299968448497,1.0,0.9964570445251509,-0.7919121952070229,-1.1434020330443162,True
20261179,ss,85,2.97,4.5,1,0,bounded,-0.005,-25,3000,True,9.960805979440414e-05,9.920761583599185e-05,1.553841640081235,1.416158359918765,1.679060818101724,0.0007428828977966399,0.7283252951299347,0.7297746700522562,-0.003367931741234153,1.0,0.002575770930632298,1.000155452339554,0.001053044279126329,1.0,-0.008186330374580695,1.0,0.002460540561449569,1.0,0.003243827838541269,1.0,1.0040364235652461,-0.792384164008153,-0.3919402055958643,True
20261180,ss,85,2.97,4.5,1,0,bounded,-0.005,-25,3000,True,9.941607360006633e-05,9.920787839949126e-05,1.551216005087253,1.418783994912747,1.67924904698124,0.0007420197397343084,0.7266468464006024,0.7272687376902479,0.001338867339305435,1.0,-0.007913298705403018,0.9976295131020868,-0.0006238471066840449,1.0,-0.005853517200929264,1.0,-4.530088823560074e-05,1.0,-0.003555914855747425,1.0,1.0020985752737974,-0.7921216005087439,-0.5839263999336763,True
20261181,ss,85,2.97,4.5,1,0,bounded,-0.005,-25,3000,True,9.912433056658379e-05,9.920797899510664e-05,1.550210048933502,1.419789951066498,1.679535741853711,0.0007407071948550953,0.7269328635724439,0.7263089538993143,-0.005468721072466419,1.0,0.007561077099933593,1.000200011124651,-0.0003354633808072105,1.0,-0.00217210133939882,1.0,-0.001004944114245475,1.0,0.001572962016240902,1.0,0.9991568376921883,-0.7920210048933729,-0.8756694334162152,True
20261182,ss,85,2.97,4.5,1,0,bounded,-0.005,-25,3000,True,9.88630637801561e-05,9.920784384109814e-05,1.551561589018515,1.418438410981485,1.679793168433071,0.0007395310929077146,0.7293310181335889,0.727599552363,-0.007173493498636383,1.0,0.002532593114417355,0.9952806711150732,0.002064810525580596,1.0,-0.000977592017559606,1.0,0.0002857820527647894,1.0,-0.002788955994037757,1.0,0.9965246693447519,-0.7921561589018689,-1.1369362198438981,True
20261183,ss,85,2.97,4.5,1,0,bounded,-0.005,-25,3000,True,9.943038990358678e-05,9.920788653102393e-05,1.551134689760695,1.418865310239305,1.679234998960978,0.0007420841872519358,0.7265086709255519,0.7271910920285455,-0.003754767835201889,1.0,-0.000928877273028388,0.99925517254985,-0.0007621387123316447,1.0,0.0008238869043662218,1.0,-0.0001229535533590205,1.0,-0.009204004836363449,1.0,1.0022427992404945,-0.7921134689760745,-0.56961009641322,True
20261184,ss,85,2.97,4.5,1,0,bounded,-0.005,-25,3000,True,9.937131716014326e-05,9.920785429510219e-05,1.551457048977827,1.418542951022173,1.679292977085324,0.0007418182641654937,0.727066293848415,0.727498906342271,-0.001404324476472454,1.0,-0.001497680363581506,0.9973399371140548,-0.0002040366047320505,1.0,0.000856629489804158,1.0,0.000184889647784299,1.0,-0.007718587057276492,1.0,1.001647680682165,-0.7921457048978175,-0.6286828398567423,True
20261185,ss,85,2.97,4.5,1,0,bounded,-0.005,-25,3000,True,9.897919581390559e-05,9.920796923658003e-05,1.5503076341996,1.419692365800401,1.679678663725266,0.000740054059483707,0.7276441156196287,0.7264023534627668,0.003735001261025213,1.0,-0.001030843790704203,0.9968459471150027,0.0003769659699468218,1.0,-0.00545412645968158,1.0,-0.0009114741396145552,1.0,-0.0101867169412006,1.0,0.9976940015561765,-0.7920307634199708,-1.020804186094415,True
20261186,ss,85,2.97,4.5,1,0,bounded,-0.005,-25,3000,True,9.92855112507788e-05,9.92077739275804e-05,1.552260724195888,1.417739275804112,1.679377251301154,0.000741431898881501,0.7281951426620658,0.7282662021261713,-0.0061408731386074,1.0,-0.004091824230466609,0.9982838294170292,0.0009255082478377605,1.0,0.0007975877684564554,1.0,0.000952227663448354,1.0,0.003625797622688489,1.0,1.0007835809646848,-0.7922260724195995,-0.7144887492212093,True
20261187,ss,85,2.97,4.5,1,0,bounded,-0.005,-25,3000,True,9.982793545954584e-05,9.920764738103108e-05,1.553526189689156,1.416473810310844,1.67884566803236,0.0007438724319788828,0.7270915827479215,0.7294732032873695,0.0002426209210755095,1.0,0.003916201606338902,1.002923465362577,-0.0001824516783260098,1.0,-0.004248592018783465,1.0,0.002158966989603388,1.0,-0.008700333854062643,1.0,1.0062524220147302,-0.7923526189689278,-0.1720645404541643,True
20261188,ss,85,2.97,4.5,1,0,bounded,-0.005,-25,3000,True,9.979483277907354e-05,9.920773808069091e-05,1.552619193090753,1.417380806909247,1.67887803049605,0.0007437237392932671,0.7263703775131837,0.7286075159629516,0.005398288658657604,1.0,-0.005154231908287911,0.9978645343764028,-0.0009033883936666104,1.0,0.006859562227724323,1.0,0.001293294972940292,1.0,-0.00499365312409122,1.0,1.0059178317109208,-0.7922619193090896,-0.205167220926461,True
20261189,ss,85,2.97,4.5,1,0,bounded,-0.005,-25,3000,True,9.91260507887707e-05,9.920800479286584e-05,1.549952071341487,1.420047928658513,1.679534049051299,0.0007407150124736975,0.726680373916242,0.7260626832162471,0.008657499593643349,1.0,0.004847877722419295,0.9972487817457888,-0.0005879669913232607,1.0,0.001285122391281688,1.0,-0.001251215839754567,1.0,-0.0001108351008413005,1.0,0.9991739174246448,-0.7919952071341663,-0.8739492112292968,True
20261190,ss,85,2.97,4.5,1,0,bounded,-0.005,-25,3000,True,9.941412850405319e-05,9.92078002107972e-05,1.551997892027943,1.418002107972057,1.679250955774894,0.0007420107545828474,0.7273980511766089,0.7280151002700911,0.002645171756601524,1.0,-0.001458281297067715,0.9982961205135455,0.000127373448218037,1.0,0.01038429586844341,1.0,0.000701063266735424,1.0,-0.0006305401428183768,1.0,1.0020797587772088,-0.7921997892028076,-0.5858714959468103,True
20261191,ss,85,2.97,4.5,1,0,bounded,-0.005,-25,3000,True,9.94858893244325e-05,9.920781661184013e-05,1.551833881598428,1.418166118401572,1.679180557721646,0.0007423337269857722,0.7269369957892455,0.7278584229438684,0.002954837924563178,1.0,0.0002278088037127044,0.9996615292513615,-0.0003342640462050179,1.0,0.006325435057479514,1.0,0.0005443510325320065,1.0,0.001953054975178706,1.0,1.0028029314835176,-0.7921833881598728,-0.5141106755675029,True
20261192,ss,85,2.97,4.5,1,0,bounded,-0.005,-25,3000,True,9.928215841419265e-05,9.920793421652936e-05,1.550657834706275,1.419342165293725,1.679380545690444,0.0007414172871749334,0.7266862888202733,0.7267361434941666,0.009019017648729682,1.0,-0.005717860657033665,1.00106200086425,-0.000583318397971019,1.0,0.002908172768439572,1.0,-0.0005778306406384253,1.0,-0.01000714041447336,1.0,1.0007481679590393,-0.7920657834706413,-0.717841585807355,True
20261193,ss,85,2.97,4.5,1,0,bounded,-0.005,-25,3000,True,9.908507354640697e-05,9.920794185519324e-05,1.550581448067496,1.419418551932505,1.679574380711141,0.0007405304279573875,0.7274530455171614,0.7266635572594662,0.006142592947775367,1.0,-6.843444964503566e-05,0.999965615262949,0.0001850370090313138,1.0,0.006840668044418979,1.0,-0.0006503214297763582,1.0,0.00199823146017465,1.0,0.9987615073300722,-0.7920581448067621,-0.9149264535930346,True
20261194,ss,85,2.97,4.5,1,0,bounded,-0.005,-25,3000,True,9.937360359557536e-05,9.920794705637225e-05,1.550529436277424,1.419470563722576,1.679290732409131,0.000741828828626668,0.7261751268962028,0.7266134213132088,-0.0009165067627454044,1.0,0.003205180189912111,0.9988594232494148,-0.001095222104847198,1.0,-0.006465224411737541,1.0,-0.0007005972397268935,1.0,0.0003299832509444825,1.0,1.001669791020965,-0.7920529436277524,-0.6263964044246451,True
20261195,ss,85,2.97,4.5,1,0,bounded,-0.005,-25,3000,True,9.887393904601728e-05,9.920797067162987e-05,1.550293283701253,1.419706716298748,1.679782440142043,0.0007395804082894347,0.7280793174108073,0.7263888316936427,0.0003501353864071146,1.0,-0.00665105871147396,0.9997144907518448,0.0008130215835362644,1.0,0.003101700595622845,1.0,-0.0009249449128767422,1.0,-0.001686374830054997,1.0,0.9966330162450535,-0.7920293283701363,-1.1260609539827215,True
20261196,ss,85,2.97,4.5,1,0,bounded,-0.005,-25,3000,True,9.8559015434189e-05,9.920797047567241e-05,1.55029524327572,1.41970475672428,1.680093562119884,0.0007381632514557334,0.7294255649956471,0.7263912326675851,-0.01546102417699907,1.0,0.003449625390831795,1.001170353882996,0.002161823772567335,1.0,0.003552103303837498,1.0,-0.0009223913251465004,1.0,-0.01309708981439453,1.0,0.9934586400833334,-0.7920295243275866,-1.4409845658109988,True
20261197,ss,85,2.97,4.5,1,0,bounded,-0.005,-25,3000,True,9.891982640876242e-05,9.920793806895169e-05,1.550619310482934,1.419380689517066,1.679737185260072,0.0007397868045928271,0.7281934574979838,0.7266999787579291,-0.007415093971883877,1.0,-0.0005717993100211364,1.0009711860898,0.0009267894415453768,1.0,-0.00866621957566581,1.0,-0.0006138198217844338,1.0,-0.007214638173069781,1.0,0.997095880976893,-0.7920619310483157,-1.0801735912375876,True
20261198,ss,85,2.97,4.5,1,0,bounded,-0.005,-25,3000,True,9.922072392046933e-05,9.920786668331564e-05,1.55133316684352,1.41866683315648,1.679440927947079,0.0007411406313804338,0.7275895829863394,0.7273809059171351,0.005763028891074442,1.0,0.001493021726783154,1.000513229423837,0.0003204741118377842,1.0,0.000952009430341019,1.0,6.696209985714069e-05,1.0,0.001507768841365714,1.0,1.0001295989681418,-0.7921333166843625,-0.7792760795306664,True
20261199,ss,85,2.97,4.5,1,0,bounded,-0.005,-25,3000,True,9.903697121106538e-05,9.920790266720958e-05,1.550973327904042,1.419026672095958,1.679621745416461,0.0007403138510598155,0.72803044820332,0.7270377218556888,-0.00649297156344532,1.0,-0.001484918619371827,0.99884812864592,0.0007628298918327132,1.0,-0.001280355275686128,1.0,-0.0002761332060168397,1.0,-0.00525202464491932,1.0,0.9982770379017327,-0.7920973327904313,-0.9630287889346278,True
20261200,ss,85,2.97,4.5,1,0,bounded,-0.005,-25,3000,True,9.8846337788027e-05,9.92079397537288e-05,1.550602462711873,1.419397537288127,1.679809670566913,0.0007394561108038871,0.7284908704592943,0.726684019696836,0.0009544289505240716,1.0,0.003594331713891869,1.001037558327894,0.001224798528488151,1.0,0.01210692211080788,1.0,-0.0006297432839901756,1.0,-0.0005171711117078822,1.0,0.9963551106232078,-0.7920602462711979,-1.1536622119730056,True
20261201,ss,85,2.97,4.5,1,0,bounded,-0.005,-25,3000,True,9.988561281834598e-05,9.92078897539886e-05,1.551102460113971,1.418897539886029,1.678789304729697,0.0007441326999406207,0.7245439562255365,0.7271595599108988,-0.01043853096857434,1.0,0.0006895593654756067,0.9998227708939068,-0.002730546066329201,1.0,-0.004962613229656354,1.0,-0.0001547062980010029,1.0,0.007452089645561427,1.0,1.0068313424067175,-0.7921102460114016,-0.11438718165402983,True
20261202,ss,85,2.97,4.5,1,0,bounded,-0.005,-25,3000,True,9.886772262731304e-05,9.920795627044387e-05,1.550437295561074,1.419562704438926,1.679788572411199,0.0007395523916361503,0.7282427101322226,0.7265263159609439,-0.01073082564697453,1.0,0.007901080363967075,0.997171580477871,0.0009764647314833063,1.0,-0.008255921290210301,1.0,-0.0007874575164858407,1.0,0.0001434812755315426,1.0,0.9965705004324115,-0.7920437295561356,-1.1322773726869628,True
20261203,ss,85,2.97,4.5,1,0,bounded,-0.005,-25,3000,True,9.931224442563482e-05,9.920786341158847e-05,1.551365884115231,1.418634115884769,1.679350987920721,0.0007415524639360594,0.7272310394229529,0.7274119827410236,0.004455202031808304,1.0,-0.002478733772151129,1.003016610794004,-3.881184564340239e-05,1.0,0.009854911353837273,1.0,9.79945993826524e-05,1.0,0.003022380880125292,1.0,1.001052144562506,-0.7921365884115406,-0.6877555743651897,True
20261204,ss,85,2.97,4.5,1,0,bounded,-0.005,-25,3000,True,9.955286026014511e-05,9.920785171233824e-05,1.551482876617404,1.418517123382596,1.679114902050504,0.0007426352004443595,0.7263187406277549,0.7275232548471924,0.000763252167944967,1.0,-0.002850990432583673,0.9954031369941858,-0.0009530624601523775,1.0,-0.0002869744984756556,1.0,0.000209150197800973,1.0,-0.005020186480831006,1.0,1.0034776334922286,-0.7921482876617647,-0.44713973985489597,True
20261205,ss,85,2.97,4.5,1,0,bounded,-0.005,-25,3000,True,9.926742222496378e-05,9.920779112373762e-05,1.552088762623598,1.417911237376403,1.679395026247678,0.0007413505493382558,0.7281087577681989,0.7281020876493522,0.0001457252789446174,1.0,-0.002146075078202579,0.9986378778821242,0.0008392700879825045,1.0,-0.00502614091340222,1.0,0.0007881218133964638,1.0,-0.003535358480818315,1.0,1.0006010727640513,-0.7922088762623902,-0.732577775036225,True
20261206,ss,85,2.97,4.5,1,0,bounded,-0.005,-25,3000,True,9.904428655257126e-05,9.920800683507882e-05,1.549931649211651,1.420068350788349,1.679614540845009,0.000740347079474515,0.7270093641987168,0.7260433257264152,-0.006008759411133571,1.0,-0.006145722267808427,0.9960687025166708,-0.0002583134543011609,1.0,-0.008595748486616693,1.0,-0.001270533723026838,1.0,-0.003866553393590654,1.0,0.9983497271265642,-0.7919931649211787,-0.955713447428741,True
20261207,ss,85,2.97,4.5,1,0,bounded,-0.005,-25,3000,True,9.916992899387557e-05,9.920784178081316e-05,1.551582191868283,1.418417808131717,1.679490879674152,0.0007409119802497247,0.7280425463559899,0.7276187023479149,0.003155914161660602,1.0,-0.001964088796031052,1.001635125049943,0.0007738495192245612,1.0,-0.002397825409691637,1.0,0.0003047833473414758,1.0,-0.01560414757201454,1.0,0.9996178448572508,-0.7921582191868448,-0.8300710061244332,True
20261208,ss,85,2.97,4.5,1,0,bounded,-0.005,-25,3000,True,9.917064285520117e-05,9.920800055037965e-05,1.549994496203462,1.420005503796538,1.679490177494746,0.0007409156641728554,0.726530759137185,0.7261031074299718,0.007736401304545674,1.0,0.007170023311219616,1.00140292145706,-0.0007379434917431708,1.0,-0.004161472697257233,1.0,-0.00121081320102065,1.0,0.00551385391856195,1.0,0.9996234407006368,-0.7919994496203508,-0.8293571447988257,True
20261209,ss,85,2.97,4.5,1,0,bounded,-0.005,-25,3000,True,9.948087962875197e-05,9.920784471766143e-05,1.551552823385617,1.418447176614383,1.67918547071622,0.0007423112668298285,0.7266912226668991,0.7275901447661436,-0.004233502758506359,1.0,0.002191953051533766,0.9963296998926979,-0.0005799965313579635,1.0,0.01583236769315985,1.0,0.0002760750551956131,1.0,-6.836965159307955e-05,1.0,1.0027521504158021,-0.7921552823385691,-0.5191203712480275,True
20261210,ss,85,2.97,4.5,1,0,bounded,-0.005,-25,3000,True,9.875747054674568e-05,9.920804476808021e-05,1.549552319197767,1.420447680802233,1.679897392905077,0.0007390565201105751,0.727872073826622,0.7256816928316412,0.0008211072838240684,1.0,0.002520285165311715,1.00253721533279,0.0006067227694717621,1.0,-0.001531063419372918,1.0,-0.001632027933669785,1.0,-0.009828376965527845,1.0,0.9954582894725137,-0.7919552319197942,-1.2425294532543263,True
20261211,ss,85,2.97,4.5,1,0,bounded,-0.005,-25,3000,True,9.919973367395065e-05,9.920774585753024e-05,1.552541424697511,1.417458575302489,1.679461566810656,0.0007410458164188158,0.7288270940198233,0.728534285592212,-0.008348542814788435,1.0,0.002975476934769621,1.001984695308394,0.00155815541477346,1.0,0.003937960531311574,1.0,0.001220352924415851,1.0,-0.003208430410927335,1.0,0.9999192383265003,-0.7922541424697616,-0.8002663260493592,True
20261212,ss,85,2.97,4.5,1,0,bounded,-0.005,-25,3000,True,9.950515455622457e-05,9.920776316191362e-05,1.552368380863624,1.417631619136376,1.679161666549833,0.0007424202617841362,0.7273629462370992,0.7283685948627009,-0.001440990037698658,1.0,0.008582538480464419,1.001189076853565,9.153012717877803e-05,1.0,0.004510172593423505,1.0,0.001054514047883959,1.0,0.006590334991158822,1.0,1.0029976625299533,-0.7922368380863909,-0.49484544377543793,True
20261213,ss,85,2.97,4.5,1,0,bounded,-0.005,-25,3000,True,9.9420338221096e-05,9.920782066243643e-05,1.55179337563564,1.41820662436436,1.679244862077186,0.0007420387590503725,0.7271773162991775,0.7278198681146607,0.006910782714540984,1.0,-0.004071397318620443,1.004822241839499,-9.341180118145335e-05,1.0,0.002903864062173908,1.0,0.0005058279365892298,1.0,-0.01570676413659599,1.0,1.0021421452183963,-0.79217933756357,-0.5796617789040059,True
20261214,ss,85,2.97,4.5,1,0,bounded,-0.005,-25,3000,True,9.926922938958617e-05,9.920792174283318e-05,1.550782571668045,1.419217428331955,1.679393250322581,0.0007413590695183195,0.7268598638760679,0.7268552378940192,-0.00753677108905918,1.0,0.002071404943128233,1.003016874488711,-0.0004096384646857282,1.0,-0.001513602937932008,1.0,-0.0004587298743245931,1.0,-0.003727163242865516,1.0,1.0006179712837036,-0.7920782571668172,-0.7307706104138334,True
20261215,ss,85,2.97,4.5,1,0,bounded,-0.005,-25,3000,True,9.931940041818e-05,9.920763493579943e-05,1.553650642005696,1.416349357994304,1.679343958822177,0.0007415839873287577,0.7293715670126161,0.7295928492341114,-0.0008900982979482738,1.0,-0.007810305482223901,0.9986621966710676,0.002101657698334901,1.0,0.004813735628889731,1.0,0.002278859473091103,1.0,-0.002765918493356887,1.0,1.0011265814617283,-0.7923650642005731,-0.6805995818199961,True
20261216,ss,85,2.97,4.5,1,0,bounded,-0.005,-25,3000,True,9.88343541217366e-05,9.920790093922207e-05,1.550990607779192,1.419009392220808,1.679821495475616,0.0007394020690263861,0.728910894968839,0.7270545580450161,-0.00473038858006359,1.0,0.00288040799354703,0.9941872420192855,0.001644920247637507,1.0,-0.007827680078254498,1.0,-0.000259198814463673,1.0,0.006955247851959567,1.0,0.9962347069744544,-0.7920990607779288,-1.1656458782634105,True
20261217,ss,85,2.97,4.5,1,0,bounded,-0.005,-25,3000,True,9.992720785191457e-05,9.92077930527835e-05,1.552069472164892,1.417930527835108,1.678748676512567,0.0007443195903895391,0.7252862066311004,0.7280825631929835,-0.01216760587456242,1.0,0.00317835714511021,1.00094846885343,-0.001988633067535161,1.0,0.00934889002335899,1.0,0.0007682776094685053,1.0,-0.0008281655619430943,1.0,1.0072515956357209,-0.7922069472165005,-0.0727921480854321,True
20261218,ss,85,2.97,4.5,1,0,bounded,-0.005,-25,3000,True,9.89530848577528e-05,9.920792011517184e-05,1.55079884828154,1.41920115171846,1.679704397677881,0.0007399364142903495,0.7282222286220613,0.7268713076034341,0.001784572958193202,1.0,-0.001310754434393467,0.998053798455868,0.0009552907797506295,1.0,0.00918674148398938,1.0,-0.0004425069481658127,1.0,0.004003358029465724,1.0,0.9974313012799462,-0.7920798848281674,-1.0469151422472067,True
20261219,ss,85,2.97,4.5,1,0,bounded,-0.005,-25,3000,True,9.926371602368013e-05,9.920779565953006e-05,1.552043404699404,1.417956595300597,1.679398668477732,0.000741333884903771,0.7280814505175678,0.728058797577096,0.004855112127739885,1.0,-0.001210176727215705,1.004058275306671,0.0008119929011994484,1.0,-0.0156318712679719,1.0,0.0007448335004316163,1.0,0.001892316527745636,1.0,1.0005636690521982,-0.7922043404699486,-0.7362839763198736,True
20261220,ss,85,2.97,4.5,1,0,bounded,-0.005,-25,3000,True,9.925827042711979e-05,9.920794735199182e-05,1.550526480081801,1.419473519918199,1.679404020314228,0.0007413098302456521,0.7266631457828114,0.7266107935005923,0.007729976508575684,1.0,-0.003174112776847101,1.001198378511639,-0.0006062676614875192,1.0,0.009982285345363513,1.0,-0.0007031691643504356,1.0,0.002534969695859851,1.0,1.0005072484258688,-0.7920526480081902,-0.741729572880212,True
20261221,ss,85,2.97,4.5,1,0,bounded,-0.005,-25,3000,True,9.889261179324129e-05,9.920793566449212e-05,1.550643355078733,1.419356644921267,1.679764022362096,0.0007396643316831221,0.7283323545452838,0.7267229773022232,0.003395409132061306,1.0,0.00791809363857381,0.9995183668274592,0.001065907248584839,1.0,0.005295635708087843,1.0,-0.0005908080699304596,1.0,0.0008779566989356367,1.0,0.9968215862053896,-0.7920643355078805,-1.1073882067587193,True
20261222,ss,85,2.97,4.5,1,0,bounded,-0.005,-25,3000,True,9.972807380657235e-05,9.920774855393143e-05,1.552514460685491,1.41748553931451,1.678943327652495,0.0007434233550229464,0.7265543733478945,0.728507657952042,0.001398667944136127,1.0,-0.003232856611700956,0.9976537863537144,-0.0007188510275719895,1.0,0.008137236103037711,1.0,0.001193469228723881,1.0,0.006743128009137167,1.0,1.0052448045664302,-0.7922514460685703,-0.2719261934276518,True
20261223,ss,85,2.97,4.5,1,0,bounded,-0.005,-25,3000,True,9.921500983833744e-05,9.920795319540402e-05,1.550468045959614,1.419531954040387,1.67944654596325,0.0007411151749511644,0.7267918108026985,0.7265550853898032,0.0009340479962282763,1.0,-0.00188751678758279,1.001097428994352,-0.0004772517212158922,1.0,0.007119036213206244,1.0,-0.0007588563582752177,1.0,0.002689682520402291,1.0,1.0000711298107272,-0.7920468045959805,-0.7849901616625687,True
20261224,ss,85,2.97,4.5,1,0,bounded,-0.005,-25,3000,True,9.948828654241217e-05,9.920788553914496e-05,1.551144608550225,1.418855391449775,1.679178206859732,0.0007423447191799489,0.7262718792977036,0.7272004627757045,-0.001948873732681126,1.0,-0.00606060167878917,1.002081236977351,-0.0009993999840526707,1.0,-0.0102801777351487,1.0,-0.0001136108549005472,1.0,-0.002170095174230108,1.0,1.0028263983426657,-0.7921144608550534,-0.5117134575878257,True
20261225,ss,85,2.97,4.5,1,0,bounded,-0.005,-25,3000,True,9.927416709769523e-05,9.92079116054016e-05,1.550883945983978,1.419116054016023,1.679388398126578,0.0007413812590962707,0.7269351841998011,0.7269519999769024,0.006709847690578114,1.0,0.0003175433287797375,0.9997544903648384,-0.000334358194447855,1.0,-0.006762179619244781,1.0,-0.0003619701023690987,1.0,-0.0001042422700355765,1.0,1.000667844844443,-0.7920883945984003,-0.7258329023047794,True
20261226,ss,85,2.97,4.5,1,0,bounded,-0.005,-25,3000,True,9.939862732167106e-05,9.920782730756608e-05,1.551726924338969,1.418273075661032,1.679266168917231,0.0007419410797395326,0.7272065460807473,0.7277564731214514,0.007427917589147365,1.0,-0.0003961722238716105,0.9980193320074772,-6.400590589358989e-05,1.0,-0.004168581029920211,1.0,0.0004424434107200331,1.0,-0.0003441348499357565,1.0,1.0019232354873921,-0.7921726924339234,-0.6013726783289375,True
20261227,ss,85,2.97,4.5,1,0,bounded,-0.005,-25,3000,True,9.965495145249838e-05,9.920777274094915e-05,1.55227259050834,1.41772740949166,1.679014896464689,0.0007430943762657988,0.7266352238719535,0.7282769069803197,-0.003869001106587098,1.0,0.002361431471893729,0.9996747316624948,-0.0006374073537617114,1.0,-0.006580678124262974,1.0,0.0009627534964606902,1.0,0.0004657741942354308,1.0,1.0045074967333143,-0.7922272590508483,-0.34504854750162517,True
20261228,ss,85,2.97,4.5,1,0,bounded,-0.005,-25,3000,True,9.954295711586716e-05,9.9207846655238e-05,1.551533447619938,1.418466552380062,1.679124608062391,0.0007425906212755406,0.7264088965577817,0.7275715448162879,0.001070949355136624,1.0,-0.003581571118802108,1.002528244717418,-0.0008628261981744501,1.0,-0.003327843356201664,1.0,0.0002574450068670372,1.0,-0.001987556219632473,1.0,1.003377862456724,-0.7921533447620033,-0.4570428841328522,True
20261229,ss,85,2.97,4.5,1,0,bounded,-0.005,-25,3000,True,9.94846437877809e-05,9.920789168574793e-05,1.551083142520449,1.418916857479551,1.679181779194055,0.0007423283450405137,0.7262289474953187,0.7271417948804306,-0.007033610873905223,1.0,0.000911712411140898,1.002571677465725,-0.00104230223733943,1.0,0.001125885150443569,1.0,-0.0001722770345732241,1.0,-0.003505188215804324,1.0,1.002789617814978,-0.7921083142520713,-0.5153562122191091,True
20261230,ss,85,2.97,4.5,1,0,bounded,-0.005,-25,3000,True,9.918466567755337e-05,9.920792008703155e-05,1.550799129684443,1.419200870315557,1.679476385120251,0.0007409785278958638,0.7272356628624252,0.7268711863109326,-0.0008718962162214399,1.0,-0.001810685198048637,1.000055851296556,-3.315351589430292e-05,1.0,-0.000155352732413335,1.0,-0.0004427404645022088,1.0,0.008378593757262626,1.0,0.999765599264073,-0.7920799129684575,-0.815334322446637,True
20261231,ss,85,2.97,4.5,1,0,bounded,-0.005,-25,3000,True,9.932497191381818e-05,9.920804084929419e-05,1.549591507058022,1.420408492941978,1.67933848645617,0.0007416102646237268,0.7254907770830087,0.7257181469632822,-0.002521744007311102,1.0,0.003992483855450786,0.9983922826671138,-0.00177917742976409,1.0,-0.004124568626421218,1.0,-0.00159584878151073,1.0,-0.001378818445718074,1.0,1.0011786450324285,-0.7919591507058121,-0.675028086181817,True
20261232,ss,85,2.97,4.5,1,0,bounded,-0.005,-25,3000,True,9.887498676652319e-05,9.92079945483904e-05,1.550054516095966,1.419945483904034,1.67978140664022,0.0007395851939466644,0.7278479385575989,0.726160900954694,-0.005241259914837443,1.0,-0.0005126338245592977,0.9993723264140559,0.0005816342311921532,1.0,0.001370270991264204,1.0,-0.001152876352661984,1.0,0.006979710629886397,1.0,0.996643337229191,-0.792005451609612,-1.1250132334768126,True
20261233,ss,85,2.97,4.5,1,0,bounded,-0.005,-25,3000,True,9.891089519411457e-05,9.920795949381617e-05,1.550405061838187,1.419594938161813,1.679745991810684,0.0007397466777589675,0.7280279387860956,0.7264954729323307,0.003416411985126912,1.0,0.001485527043654455,1.000084136727223,0.0007613431777495559,1.0,-0.008042311531574293,1.0,-0.0008183214927409567,1.0,-0.002838575974895626,1.0,0.9970056404625466,-0.7920405061838331,-1.0891048058854325,True
20261234,ss,85,2.97,4.5,1,0,bounded,-0.005,-25,3000,True,9.932704046204868e-05,9.920783318376814e-05,1.551668162318373,1.418331837681627,1.679336454786316,0.0007416189563254534,0.727455295663693,0.7277005019074891,-0.005530105714064373,1.0,0.0101133805896682,0.9988417978757852,0.0001853243732507915,1.0,0.01188724944837908,1.0,0.0003865068403210151,1.0,0.002131911140861812,1.0,1.0012015913910721,-0.7921668162318651,-0.6729595379513342,True
20261235,ss,85,2.97,4.5,1,0,bounded,-0.005,-25,3000,True,9.898948085225547e-05,9.920801537102969e-05,1.54984628970307,1.420153710296931,1.6796685289567,0.0007401004791743253,0.7271618318774605,0.7259619324755912,0.009989685752750672,1.0,-0.01047557224468292,1.001210515803512,-0.0001054012028310833,1.0,0.0006855789406399541,1.0,-0.001351900484194152,1.0,0.002340971503629678,1.0,0.9977972090464977,-0.7919846289703214,-1.0105191477445374,True
20261236,ss,85,2.97,4.5,1,0,bounded,-0.005,-25,3000,True,9.919695337293012e-05,9.920798224554141e-05,1.550177544585641,1.419822455414359,1.679464300879477,0.000741034007136212,0.7265926378990165,0.726277802737721,0.004846398918366876,1.0,0.001089319331888349,1.000011035676388,-0.0006762781550220292,1.0,0.009774387990132832,1.0,-0.001036130495239947,1.0,-0.00811646413994971,1.0,0.9998888307940385,-0.7920177544585849,-0.8030466270698811,True
20261237,ss,85,2.97,4.5,1,0,bounded,-0.005,-25,3000,True,9.89943857080481e-05,9.92081113454938e-05,1.548886545061801,1.421113454938199,1.679663696115426,0.0007401228360708874,0.7262288348501621,0.7250457221763139,-0.0009842550028924507,1.0,-0.001745781325686468,1.0030641814016,-0.001038438018239049,1.0,-0.002430698257635166,1.0,-0.002268113936711622,1.0,-0.007618174641545433,1.0,0.997845683840292,-0.791888654506212,-1.0056142919519062,True
20261238,ss,85,2.97,4.5,1,0,bounded,-0.005,-25,3000,True,9.941093283177528e-05,9.920787631416067e-05,1.551236858393272,1.418763141606728,1.679254091881565,0.0007419966000852892,0.7266885250182042,0.7272886523534458,0.002489783310471123,1.0,0.004111894385048871,0.9990725342704556,-0.0005821267883436338,1.0,-0.002096581471765261,1.0,-2.538371696257635e-05,1.0,0.0003750481863398374,1.0,1.0020467781909936,-0.792123685839341,-0.5890671682247217,True
20261239,ss,85,2.97,4.5,1,0,bounded,-0.005,-25,3000,True,9.933557648995096e-05,9.920784755437318e-05,1.551524456268206,1.418475543731794,1.6793280713646,0.000741657411131203,0.7272824352025156,0.727563311219093,-0.008877514721136608,1.0,0.006829392280897829,0.99783831161898,1.239466960902322e-05,1.0,-0.0005449744800546116,1.0,0.0002493118991406187,1.0,-0.004484600811619473,1.0,1.0012874882252412,-0.7921524456268259,-0.6644235100490392,True
20261240,ss,85,2.97,4.5,1,0,bounded,-0.005,-25,3000,True,9.947860662007293e-05,9.920781859823796e-05,1.551814017620146,1.418185982379854,1.679187699926941,0.0007423009607154967,0.7269491106788586,0.7278394739103943,0.01165837343981152,1.0,-0.001663079452269459,0.9983502505942594,-0.0003220900810389704,1.0,-0.005850214565091972,1.0,0.0005254055121229794,1.0,0.006748594603110532,1.0,1.0027295028321466,-0.7921814017620488,-0.521393379927082,True
20261241,ss,85,2.97,4.5,1,0,bounded,-0.005,-25,3000,True,9.910197491263352e-05,9.920799102585464e-05,1.550089741453466,1.419910258546534,1.679557743702197,0.0007406066301430447,0.7269137776847615,0.7261941451400072,0.007227729475957152,1.0,0.004552066517165125,0.9965742508361808,-0.0003543679242034304,1.0,-0.002768010951432437,1.0,-0.001119742137438901,1.0,0.001590206405685154,1.0,0.9989313752639796,-0.792008974145364,-0.898025087366483,True
20261242,ss,85,2.97,4.5,1,0,bounded,-0.005,-25,3000,True,9.893363321462991e-05,9.920799266042826e-05,1.550073395717238,1.419926604282763,1.679723572658124,0.000739849097356329,0.7276157848242646,0.7261788248167276,0.00577814776614529,1.0,0.002993449267940046,1.00215359832557,0.0003490047692019293,1.0,-0.01216138628723898,1.0,-0.001134980895528413,1.0,-0.01559223978986859,1.0,0.9972345025996299,-0.7920073395717431,-1.0663667853700987,True
20261243,ss,85,2.97,4.5,1,0,bounded,-0.005,-25,3000,True,9.929824724579297e-05,9.920792610849511e-05,1.550738915048844,1.419261084951156,1.679364738284691,0.0007414896628364657,0.726694862781475,0.7268135149101461,0.0008805910442379044,1.0,-0.00320946538507142,0.9992037740519828,-0.0005748749457177516,1.0,-0.003855111176333366,1.0,-0.0005004669556491559,1.0,-0.001305311226451084,1.0,1.0009104225926373,-0.7920738915048964,-0.7017527542070412,True
20261244,ss,85,2.97,4.5,1,0,bounded,-0.005,-25,3000,True,9.939498928323166e-05,9.920807046998731e-05,1.549295300126855,1.420704699873145,1.679269739680574,0.0007419254307593352,0.7249113873475199,0.72543526140021,0.0002341518765262113,1.0,0.001665144719558886,0.997525389367533,-0.002359135130456872,1.0,-0.004365073724849271,1.0,-0.001878768514656382,1.0,-0.0008173761354692305,1.0,1.001884108947577,-0.7919295300126916,-0.6050107167683505,True
20261245,ss,85,2.97,4.5,1,0,bounded,-0.005,-25,3000,True,9.883456455770746e-05,9.920808337087302e-05,1.54916629126966,1.42083370873034,1.679821287815726,0.0007394035578096175,0.7271762374297818,0.7253130488305765,-0.02482089641449773,1.0,-0.002655077462811233,1.001911538805196,-8.973900014423848e-05,1.0,-0.003664947662702019,1.0,-0.00200070960651102,1.0,0.0008826270797241636,1.0,0.9962349961769827,-0.7919166291269875,-1.1654354422925395,True
20261246,ss,85,2.97,4.5,1,0,bounded,-0.005,-25,3000,True,9.936396128570925e-05,9.920780115545806e-05,1.551988445419241,1.418011554580759,1.6793001989453,0.000741785004906698,0.7276025438125537,0.7280061674666719,0.005374297555273361,1.0,0.003884677129437619,0.9968074414154068,0.0003322730290750729,1.0,-0.005713163590397361,1.0,0.0006921547666847601,1.0,0.000983527927342177,1.0,1.0015740710753835,-0.792198844541947,-0.6360387142907542,True
20261247,ss,85,2.97,4.5,1,0,bounded,-0.005,-25,3000,True,9.895531059981456e-05,9.920784967250892e-05,1.55150327491069,1.41849672508931,1.679702203820965,0.0007399462209158148,0.7288821687109963,0.7275437324960383,-0.006570262553902011,1.0,0.003925840316602115,1.0026795015866,0.001615212814553612,1.0,0.00224912660555996,1.0,0.000229917435800906,1.0,-0.01120101571767599,1.0,0.997454444647999,-0.7921503274910813,-1.044689400185439,True
20261248,ss,85,2.97,4.5,1,0,bounded,-0.005,-25,3000,True,9.974908942872153e-05,9.920782372397883e-05,1.551762760211713,1.418237239788287,1.6789227677357,0.0007435181485784903,0.7257509082588423,0.7277900904859544,-0.001908624783123483,1.0,0.002705236599883075,0.9998182359031872,-0.001522486590643254,1.0,0.003085143891732413,1.0,0.0004758909703715018,1.0,-0.0003421020275296736,1.0,1.005455877212352,-0.7921762760211837,-0.25091057127847316,True
20261249,ss,85,2.97,4.5,1,0,bounded,-0.005,-25,3000,True,9.94100868818696e-05,9.920792238613156e-05,1.550776138684361,1.419223861315639,1.679254922079434,0.000741992930144385,0.7262543428148377,0.7268488598678988,-0.005836926052755764,1.0,0.003877409979037445,0.9994052242208912,-0.001016302129994073,1.0,-0.007754736994171739,1.0,-0.0004651761652099777,1.0,-0.005655559791813528,1.0,1.0020377858025409,-0.7920776138684471,-0.5899131181304029,True
20261250,ss,85,2.97,4.5,1,0,bounded,-0.005,-25,3000,True,9.888916697567231e-05,9.920805733066181e-05,1.54942669338164,1.42057330661836,1.679767419894012,0.0007396491913501264,0.727190803361856,0.7255615453186343,-0.01275534602652034,1.0,-0.007803370315438972,0.9989929339066186,-7.561599228578139e-05,1.0,-0.001072616923011704,1.0,-0.001752239368283939,1.0,0.001758929939773478,1.0,0.9967856405662028,-0.7919426693381859,-1.1108330243276954,True
20261251,ss,85,2.97,4.5,1,0,bounded,-0.005,-25,3000,True,9.918114921455702e-05,9.92079263003226e-05,1.550736996773891,1.41926300322611,1.679479843620612,0.0007409627222665513,0.7271916103620829,0.7268118808929804,0.005398865661138365,1.0,0.003459292776840071,0.9998089145933272,-7.717749149845256e-05,1.0,-0.01041643954125193,1.0,-0.0005020442286931389,1.0,-0.005579466350865404,1.0,0.999730091266251,-0.792073699677398,-0.8188507854429816,True
20261252,ss,85,2.97,4.5,1,0,bounded,-0.005,-25,3000,True,9.968804560539203e-05,9.920779721870232e-05,1.552027812976498,1.417972187023502,1.678982499252295,0.0007432433726527472,0.7262620542646185,0.7280432001240772,-0.003760536966050514,1.0,0.001914025770016144,0.9983316177499796,-0.001010845412743972,1.0,-0.01260811548025749,1.0,0.0007290304047710446,1.0,-0.001321060627020255,1.0,1.0048408330812044,-0.7922027812976795,-0.3119543946079717,True
20261253,ss,85,2.97,4.5,1,0,bounded,-0.005,-25,3000,True,9.954064211478743e-05,9.92078296649561e-05,1.551703350438902,1.418296649561099,1.679126877113096,0.0007425801533099027,0.7265801805700342,0.7277337313563627,0.005180380408641138,1.0,-0.002020475314650771,1.000519534546698,-0.0006915234070340617,1.0,-0.00530845621603067,1.0,0.0004196328062091451,1.0,0.004396318551539337,1.0,1.003354699432044,-0.7921703350439069,-0.4593578852125746,True
20261254,ss,85,2.97,4.5,1,0,bounded,-0.005,-25,3000,True,9.98215326248745e-05,9.920772523182761e-05,1.552747681723669,1.417252318276331,1.678851926897383,0.0007438438504384704,0.7263790958106201,0.7287301170467878,0.006792719170371184,1.0,-0.004338217689319414,0.9965970839131828,-0.0008948866782425927,1.0,0.006427745988005894,1.0,0.001415883221970186,1.0,-0.006649158667443167,1.0,1.0061870927048528,-0.7922747681723963,-0.1784673751255128,True
20261255,ss,85,2.97,4.5,1,0,bounded,-0.005,-25,3000,True,9.900045516702795e-05,9.920787248566282e-05,1.55127514337155,1.41872485662845,1.679657716084655,0.0007401494392233017,0.7284729055875271,0.7273258892802155,0.002537263270162854,1.0,0.003892609809060035,0.9998964522650308,0.001205583487110381,1.0,0.002833918278310684,1.0,1.205215827652407e-05,1.0,-0.001649567996044685,1.0,0.9979092655306679,-0.792127514337182,-0.9995448329720547,True
20261256,ss,85,2.97,4.5,1,0,bounded,-0.005,-25,3000,True,9.929062373213261e-05,9.920793795214282e-05,1.550620478571567,1.419379521428433,1.679372228144791,0.0007414553922005711,0.7266147273581455,0.7267004693968939,0.006277466435811428,1.0,-0.004072270693330318,0.9999379591009971,-0.0006549485289114278,1.0,0.01993094286842434,1.0,-0.0006135088704067945,1.0,0.005695345199716441,1.0,1.000833459314815,-0.7920620478571783,-0.7093762678673898,True
20261257,ss,85,2.97,4.5,1,0,bounded,-0.005,-25,3000,True,9.997467504346082e-05,9.920779916406755e-05,1.552008359324306,1.417991640675694,1.6787023322262,0.000744533210902209,0.7250268003251948,0.7280241480958366,-0.009368828042000074,1.0,0.004204038097300908,0.9994705427568292,-0.002248424414352836,1.0,-0.01741890194192659,1.0,0.0007098394602582267,1.0,0.00909582923468254,1.0,1.0077299958859587,-0.792200835932455,-0.02532495653918554,True
20261258,ss,85,2.97,4.5,1,0,bounded,-0.005,-25,3000,True,9.966326200982513e-05,9.920772684517698e-05,1.552731548230115,1.417268451769885,1.679006759962236,0.0007431316374623928,0.7270359561316334,0.7287149836979372,0.0005265836049802669,1.0,-0.00538052577202669,0.9996455953303788,-0.0002367425068044899,1.0,0.01259076682461583,1.0,0.001400826558042573,1.0,-0.001727096861179697,1.0,1.0045917306961287,-0.79227315482302,-0.3367379901748735,True
20261259,ss,85,2.97,4.5,1,0,bounded,-0.005,-25,3000,True,9.95951862382808e-05,9.920782458980846e-05,1.551754101915213,1.418245898084787,1.679073428939065,0.000742825586792606,0.7263965645212724,0.7277820848158835,-0.009082636209062793,1.0,4.175305324642317e-05,0.998303498527602,-0.0008755819043663526,1.0,-0.01614642860972339,1.0,0.0004679598748403951,1.0,0.008109720677412087,1.0,1.0039045473486992,-0.7921754101915424,-0.4048137617192027,True
