seed,library,temperature_c,logic_v,led_supply_v,local_mismatch,global_variation,reference,calibration_error,tc_ppm,line_ppm_v,pwm_on,iout,iref,bias,headroom,led_k,power_w,out_vth,ref_vth,x0_dvth,x0_mulu0,x1_dvth,x1_mulu0,x2_dvth,x2_mulu0,x3_dvth,x3_mulu0,x4_dvth,x4_mulu0,x5_dvth,x5_mulu0,mirror_ratio,reference_error_pct,absolute_error_pct,absolute_current_budget_pass
20261004,ff,0,3.63,5.5,1,0,bounded,0.005,-25,3000,True,0.0001025478225891146,0.0001007184481849608,1.210518150391573,2.419481849608427,2.708981871813317,0.000929621005839032,0.5938200738718579,0.5953389660177406,-0.001964534281406865,1.0,-0.003184419296273099,1.001000935035619,9.050473501905178e-05,1.0,8.659020094562709e-05,1.0,0.001578596271378047,1.0,-0.009716322146445345,1.0,1.0181632504980052,0.7184481849608071,2.54782258911459,True
20261005,ff,0,3.63,5.5,1,0,bounded,0.005,-25,3000,True,0.0001023287873981698,0.0001007184927783401,1.210072216598613,2.419927783401387,2.709143813122556,0.0009284164741626895,0.5940741501997343,0.5949061143193237,0.002954698018581346,1.0,-0.001559386258943305,0.999039917674632,0.0003463078822073783,1.0,-0.0106905909275773,1.0,0.001145847379768125,1.0,0.001105518011193261,1.0,1.015988073048051,0.7184927783400852,2.328787398169796,True
20261006,ff,0,3.63,5.5,1,0,bounded,0.005,-25,3000,True,0.0001022166903100068,0.0001007185611586072,1.209388413927679,2.420611586072321,2.709226815970336,0.0009278001883984194,0.5937638247765495,0.5942419699629351,-0.004441318171449941,1.0,0.003508429838598729,0.9987161330113852,3.686620822039355e-05,1.0,-0.01186770981302498,1.0,0.0004817552793472879,1.0,0.002978947255065226,1.0,1.0148744097827251,0.7185611586072005,2.216690310006797,True
20261007,ff,0,3.63,5.5,1,0,bounded,0.005,-25,3000,True,0.0001021875567152169,0.000100718692063191,1.208079368089643,2.421920631910357,2.709248401982483,0.0009276404288107773,0.5925889668721861,0.5929701867353963,-0.002480742574951055,1.0,0.003127182775864493,0.9989452892355686,-0.001137762008186841,1.0,0.003218767425208999,1.0,-0.000790015256558994,1.0,-0.00536635479757717,1.0,1.0145838336651982,0.7186920631909954,2.1875567152168873,True
20261008,ff,0,3.63,5.5,1,0,bounded,0.005,-25,3000,True,0.0001015115750130118,0.000100718668755833,1.208312441670171,2.421687558329829,2.709750876906239,0.0009239224448429471,0.5949354767819687,0.5931978098400628,0.007393481850449108,1.0,-4.06284909650119e-06,0.9986306669174446,0.001214077199938528,1.0,0.005401585510434783,1.0,-0.000562073606327358,1.0,-3.593578336850196e-05,1.0,1.0078724854783476,0.7186687558329963,1.511575013011801,True
20261009,ff,0,3.63,5.5,1,0,bounded,0.005,-25,3000,True,0.000102421432284066,0.0001007185563374098,1.209436625901993,2.420563374098006,2.709075277721556,0.0009289262517547925,0.5931694715969181,0.5942884557167601,-0.003845073517560099,1.0,-0.000546643254337671,0.9999709246287304,-0.0005591011069583707,1.0,0.002431175496035539,1.0,0.0005281446452143916,1.0,-0.003087594249006638,1.0,1.0169072711978866,0.7185563374097814,2.421432284065994,True
20261010,ff,0,3.63,5.5,1,0,bounded,0.005,-25,3000,True,0.000102640741554863,0.0001007183909955296,1.211090044704226,2.418909955295774,2.708913270577935,0.0009301318525531859,0.5940826258549545,0.5958943974236841,-0.001153464943796613,1.0,0.001501293141613185,0.9992890329001916,0.000352324167510895,1.0,0.007436132563033426,1.0,0.002133984365583403,1.0,0.005585899096540435,1.0,1.019086390681308,0.7183909955295942,2.640741554863002,True
20261011,ff,0,3.63,5.5,1,0,bounded,0.005,-25,3000,True,0.0001019390529008906,0.0001007185982253787,1.209017746212989,2.420982253787011,2.709432760022169,0.0009262733172008048,0.5942755277944316,0.5938823264455237,0.006832136896383303,1.0,0.008087914363690421,0.9974306216168264,0.0005507580581727083,1.0,0.004642080407106708,1.0,0.0001222422273930491,1.0,0.01241937761525784,1.0,1.012117470824811,0.7185982253786971,1.9390529008906032,True
20261012,ff,0,3.63,5.5,1,0,bounded,0.005,-25,3000,True,0.0001022896799264377,0.0001007185124493955,1.209875506044436,2.420124493955564,2.709172760810719,0.0009282014544746448,0.5940063425567753,0.5947150725968114,-0.002110435571382488,1.0,0.001853059785585875,1.000775687209754,0.0002788085538014922,1.0,-0.01008703774335,1.0,0.0009548239207783136,1.0,-0.008997280315850509,1.0,1.0155995897758279,0.718512449395492,2.2896799264376932,True
20261013,ff,0,3.63,5.5,1,0,bounded,0.005,-25,3000,True,0.0001018545085541316,0.0001007186704014241,1.208295985758518,2.421704014241482,2.709495576679559,0.0009258085852924026,0.5938426350770755,0.5931812277234801,0.002569266914224281,1.0,0.002817546862356797,0.9996164271934468,0.000118531873645472,1.0,0.01088006073719023,1.0,-0.0005788172448487331,1.0,0.001314630205227231,1.0,1.0112773346607984,0.7186704014241041,1.8545085541316064,True
20261014,ff,0,3.63,5.5,1,0,bounded,0.005,-25,3000,True,0.0001021064117352549,0.0001007186390428284,1.208609571716128,2.421390428283872,2.709308555160354,0.0009271939389569262,0.5933560367259317,0.5934854666121315,-0.006760011243393812,1.0,-0.0006267239939935169,1.00206567718511,-0.0003700524285070453,1.0,0.001485574505919524,1.0,-0.0002746967466770907,1.0,-0.003352712540625203,1.0,1.0137787077507707,0.718639042828384,2.1064117352548983,True
20261015,ff,0,3.63,5.5,1,0,bounded,0.005,-25,3000,True,0.0001021292246403843,0.000100718547340134,1.209526598659372,2.420473401340628,2.709291639336556,0.0009273190770543332,0.5941714976645736,0.5943763741490578,0.003853817880258088,1.0,-0.005742668776689785,0.9983310608577873,0.0004452286545152052,1.0,-0.002691138122762175,1.0,0.0006162007671696442,1.0,0.007324501314643958,1.0,1.0140061323113243,0.7185473401339904,2.1292246403842974,True
20261016,ff,0,3.63,5.5,1,0,bounded,0.005,-25,3000,True,0.0001027370814960432,0.0001007185518881431,1.20948111856886,2.42051888143114,2.708842204772528,0.000930662306269801,0.5922255548273074,0.5943311358960862,0.001378278392250517,1.0,-0.001237806565758677,1.001517568801154,-0.001505506370770542,1.0,0.0006963493984544692,1.0,0.0005706762004831158,1.0,0.004764374102157048,1.0,1.0200412890183514,0.718551888143093,2.737081496043192,True
20261017,ff,0,3.63,5.5,1,0,bounded,0.005,-25,3000,True,0.0001018083890489745,0.0001007187431479849,1.207568520151134,2.422431479848866,2.709529864089079,0.0009255551920842796,0.5932837023469207,0.5924744995190234,-0.007877703796151216,1.0,-0.0004626611715611133,1.002171124902741,-0.0004400372567339499,1.0,-0.01083087626021317,1.0,-0.001285524300640895,1.0,-0.01233816583002314,1.0,1.0108187003424833,0.7187431479849016,1.8083890489744903,True
20261018,ff,0,3.63,5.5,1,0,bounded,0.005,-25,3000,True,0.0001022680239162437,0.0001007185132439723,1.209867560276388,2.420132439723612,2.709188795216258,0.0009280823493023301,0.5940664701395353,0.5947073905266996,0.005752918020585441,1.0,-0.001735099881191994,1.003371877414067,0.0003391068673234897,1.0,-0.006578302989069465,1.0,0.0009471520435736502,1.0,0.005062416586912334,1.0,1.0153845665743497,0.7185132439722963,2.2680239162437,True
20261019,ff,0,3.63,5.5,1,0,bounded,0.005,-25,3000,True,0.0001021272597547434,0.0001007185935480977,1.209064519022763,2.420935480977237,2.709293096165327,0.0009273084379184146,0.5937307345573434,0.593927443267433,0.002464672227630361,1.0,0.007747269603141408,0.9986417189557254,4.481039964549457e-06,1.0,0.01012942874938728,1.0,0.0001672704476403131,1.0,0.002690378270244297,1.0,1.0139861584343213,0.7185935480976902,2.1272597547433936,True
20261020,ff,0,3.63,5.5,1,0,bounded,0.005,-25,3000,True,0.0001026277486751131,0.0001007185635396709,1.209364603290358,2.420635396709642,2.708922859621296,0.0009300610180498102,0.5924545505593799,0.594218125111441,0.002021241856581874,1.0,0.004824190329625882,0.9984189038761265,-0.001275648688386491,1.0,-0.003063938048249067,1.0,0.0004577168159125517,1.0,-0.006940442497169999,1.0,1.018955643015006,0.71856353967088,2.627748675113084,True
20261021,ff,0,3.63,5.5,1,0,bounded,0.005,-25,3000,True,0.0001016033889752404,0.0001007186722777824,1.208277222175463,2.421722777824536,2.70968244633025,0.0009244274344197888,0.594612905711478,0.5931634319816983,0.007971380156421877,1.0,0.00154492064562947,0.9974555948291142,0.0008907822852015642,1.0,0.006690090799853604,1.0,-0.0005964947333664521,1.0,-0.005019141840075906,1.0,1.0087840385248323,0.7186722777823951,1.603388975240394,True
20261022,ff,0,3.63,5.5,1,0,bounded,0.005,-25,3000,True,0.0001032135713728782,0.0001007184186020413,1.210813979586533,2.419186020413467,2.708491629607414,0.0009332825167637028,0.5920275132314874,0.5956252115303787,-0.001424826539686858,1.0,-0.005412288494582303,1.000922179062895,-0.001707304475653542,1.0,0.002245654703508604,1.0,0.001864528473776967,1.0,-0.001551203922442319,1.0,1.0247735499173765,0.718418602041293,3.213571372878188,True
20261023,ff,0,3.63,5.5,1,0,bounded,0.005,-25,3000,True,0.0001023128716982651,0.0001007185379271612,1.209620728387728,2.420379271612272,2.709155592815958,0.0009283291017037275,0.5936873187116365,0.594467507115655,0.01096446819827523,1.0,0.005870168260030412,1.00124894131348,-4.039812850453067e-05,1.0,-0.00785989727883781,1.0,0.000707247316811032,1.0,-0.004651044292964601,1.0,1.0158295960596342,0.7185379271611891,2.3128716982651065,True
20261024,ff,0,3.63,5.5,1,0,bounded,0.005,-25,3000,True,0.0001025323681627182,0.0001007186841392763,1.208158607236834,2.421841392763166,2.708993287297489,0.0009295368630082047,0.5915863723484627,0.5930465782101095,-0.0002892324008054538,1.0,-0.004610632946182905,1.000455312106423,-0.002143074939715016,1.0,-0.004504924491018858,1.0,-0.0007137861129233337,1.0,0.005174905837696685,1.0,1.0180074237361352,0.7186841392762933,2.5323681627181793,True
20261025,ff,0,3.63,5.5,1,0,bounded,0.005,-25,3000,True,0.0001022890621895716,0.0001007185537396825,1.209462603174983,2.420537396825017,2.709173218147628,0.0009281982068053533,0.5936089321259052,0.5943139229857608,0.004965159363550144,1.0,0.002798279135667754,1.000886195592035,-0.0001185970052187237,1.0,-0.00610508303605998,1.0,0.0005536742760056868,1.0,0.00440015763226499,1.0,1.0155930401259359,0.7185537396825037,2.289062189571589,True
20261026,ff,0,3.63,5.5,1,0,bounded,0.005,-25,3000,True,0.0001024414318997362,0.0001007185050610614,1.20994938938533,2.42005061061467,2.709060490301246,0.0009290360635077484,0.5936028113228998,0.5947865896287483,0.01247320430404477,1.0,0.004577086039843142,0.9991439066658736,-0.0001259190550250288,1.0,0.004418126521602672,1.0,0.001026269541229427,1.0,0.005636455275398589,1.0,1.0171063583363382,0.7185050610613919,2.4414318997361795,True
20261027,ff,0,3.63,5.5,1,0,bounded,0.005,-25,3000,True,0.0001022339708296176,0.0001007186617463578,1.208382536422075,2.421617463577925,2.709214014991255,0.0009278955963898488,0.5927368187836367,0.5932646623377621,-0.001410522774268631,1.0,0.0002224010016770516,0.9995431947115759,-0.0009902760158981628,1.0,0.0004890479827132647,1.0,-0.0004955612751618365,1.0,-0.006247577553688578,1.0,1.0150449683999558,0.718661746357796,2.233970829617604,True
20261028,ff,0,3.63,5.5,1,0,bounded,0.005,-25,3000,True,0.0001023396160735839,0.0001007184927926583,1.210072073416938,2.419927926583062,2.709135799467199,0.0009284760319298513,0.594040112296847,0.5949059564711809,0.000753460275892626,1.0,0.006112369702976127,1.000808832916995,0.0003121846087217682,1.0,0.000672480974721324,1.0,0.001145684431615392,1.0,0.002090282782382714,1.0,1.0160955871754642,0.7184927926582985,2.3396160735838833,True
20261029,ff,0,3.63,5.5,1,0,bounded,0.005,-25,3000,True,0.0001026415254145068,0.0001007184624558471,1.210375441529217,2.419624558470783,2.708912692107686,0.0009301364231819889,0.5933890893668322,0.5952001609581103,0.01215701579456799,1.0,-0.001906129040474764,0.9990040533540427,-0.0003412184973022379,1.0,-0.002534930648341031,1.0,0.001439746968967416,1.0,-0.0006159877860991461,1.0,1.019093450314561,0.718462455847102,2.6415254145067957,True
20261030,ff,0,3.63,5.5,1,0,bounded,0.005,-25,3000,True,0.0001018971621055247,0.0001007186111254609,1.208888745390673,2.421111254609327,2.70946387891007,0.0009260429646536159,0.5942821569440575,0.5937570663247581,0.005321655818537338,1.0,0.003546869874772667,0.999824962738574,0.0005577174664418668,1.0,-0.0006397057252230105,1.0,-2.998265781423173e-06,1.0,0.006048844791527458,1.0,1.0117014220797358,0.7186111254608996,1.8971621055246857,True
20261031,ff,0,3.63,5.5,1,0,bounded,0.005,-25,3000,True,0.0001025444708330508,0.000100718517700259,1.209822997410159,2.420177002589841,2.708984347467338,0.0009296028235210941,0.5931582593079194,0.5946636177239362,0.0131814383993375,1.0,-0.009391152821871588,1.003939811498465,-0.0005712834015963621,1.0,-0.0009683382520374982,1.0,0.0009032490095399715,1.0,-0.009417527222229816,1.0,1.0181292693189339,0.7185177002589915,2.5444708330507826,True
20261032,ff,0,3.63,5.5,1,0,bounded,0.005,-25,3000,True,0.0001029794779601705,0.0001007184759152439,1.210240847560591,2.419759152439409,2.708663673793375,0.0009319952110410259,0.5922033993055674,0.5950688160781805,-0.01102101477800284,1.0,-0.00115805233079446,0.9962470125230459,-0.001529572879146173,1.0,-0.009588641697220597,1.0,0.00130824282024771,1.0,0.002890089089483517,1.0,1.0224487317185902,0.7184759152438991,2.9794779601704846,True
20261033,ff,0,3.63,5.5,1,0,bounded,0.005,-25,3000,True,0.000102352314101724,0.0001007185293729361,1.209706270638728,2.420293729361271,2.709126403422716,0.0009285460038708265,0.5936465771668845,0.5945505463722408,0.004046524725609812,1.0,0.005572072968263942,0.9992475308172096,-8.145062778106653e-05,1.0,-0.0008220634949661986,1.0,0.0007902680647664901,1.0,0.003895873362369481,1.0,1.0162212925363354,0.7185293729361053,2.3523141017239846,True
20261034,ff,0,3.63,5.5,1,0,bounded,0.005,-25,3000,True,0.0001022057209877208,0.000100718523977692,1.209760223079626,2.420239776920373,2.709234942818552,0.0009277397221590883,0.5941577888943198,0.5946032168558115,0.002296695070044587,1.0,-0.002850691639928403,0.9984586314788924,0.0004309168039394588,1.0,0.004284057175606183,1.0,0.000843007630669317,1.0,0.003319089338561779,1.0,1.0147658737568295,0.7185239776919872,2.205720987720783,True
20261035,ff,0,3.63,5.5,1,0,bounded,0.005,-25,3000,True,0.0001022554234460298,0.0001007186260185044,1.208739814955604,2.421260185044396,2.709198126233512,0.0009280134560879656,0.5930151972616092,0.5936117497197313,0.009412246710863893,1.0,0.001130786048811306,0.9998114917200076,-0.0007120666667253811,1.0,-0.009630382988750926,1.0,-0.0001484837157079846,1.0,0.002532008447424707,1.0,1.0152583239890807,0.7186260185044091,2.255423446029803,True
20261036,ff,0,3.63,5.5,1,0,bounded,0.005,-25,3000,True,0.0001018454666269602,0.0001007185924460234,1.209075539766141,2.420924460233859,2.709502297732119,0.0009257585717149869,0.5946250245854163,0.5939386384446896,0.004807146875611891,1.0,0.0009095582420001371,1.000736635423178,0.0009009926633253172,1.0,-0.003532377377344307,1.0,0.0001785983476709354,1.0,-0.002285131253540692,1.0,1.0111883432201527,0.7185924460233917,1.8454666269601905,True
20261037,ff,0,3.63,5.5,1,0,bounded,0.005,-25,3000,True,0.0001020850933797118,0.0001007186807141384,1.208192858615571,2.421807141384429,2.709324365958019,0.0009270768392683782,0.5930197920582724,0.5930806310443817,-0.003058393980404164,1.0,-0.001679728763996274,1.001182333658813,-0.0007061290253283183,1.0,-0.01289626473617606,1.0,-0.0006795226019155001,1.0,0.01267228400347793,1.0,1.0135666259316043,0.7186807141383866,2.0850933797117888,True
20261038,ff,0,3.63,5.5,1,0,bounded,0.005,-25,3000,True,0.0001027129458677916,0.000100718538558921,1.20961441079019,2.420385589209809,2.708860002746895,0.0009305295119293251,0.5924298771498472,0.5944606767066202,0.0004156353193103134,1.0,0.001005027889033331,1.000144606635481,-0.001300993770242161,1.0,-0.009782116383867258,1.0,0.0007002284827973443,1.0,0.005524856065475221,1.0,1.0198017895951088,0.7185385589209892,2.712945867791605,True
20261039,ff,0,3.63,5.5,1,0,bounded,0.005,-25,3000,True,0.0001021888877649762,0.0001007185852963054,1.209147036945916,2.420852963054084,2.709247415640032,0.0009276473620208359,0.5936174581363302,0.5940075076041347,-0.001220414310655045,1.0,0.007273131534832951,1.0000698004745,-0.0001092812422782392,1.0,-0.001791517910542893,1.0,0.0002473058247252852,1.0,0.007029758446198407,1.0,1.0145981247090128,0.7185852963053962,2.1888877649761884,True
20261040,ff,0,3.63,5.5,1,0,bounded,0.005,-25,3000,True,0.0001028170282962453,0.000100718439964339,1.21060035661025,2.41939964338975,2.708783278627376,0.0009311016073876381,0.593058235913824,0.5954183636385948,-1.233808110032523e-05,1.0,-0.001541252895952729,1.00029495450258,-0.0006734555669220528,1.0,0.000712092655155522,1.0,0.001657867171001612,1.0,-0.001738582307053652,1.0,1.0208361878187284,0.7184399643390016,2.8170282962453053,True
20261041,ff,0,3.63,5.5,1,0,bounded,0.005,-25,3000,True,0.0001017109576940083,0.0001007186472319751,1.208527680249097,2.421472319750904,2.709602346800667,0.0009250189714570267,0.594517321741015,0.5934065871912333,0.01334803394828722,1.0,0.002171183325340817,1.001001911745873,0.0007943502625409936,1.0,-0.006444598892276086,1.0,-0.0003533899878174618,1.0,-0.0005924383157229488,1.0,1.0098523013295415,0.7186472319750781,1.710957694008286,True
20261042,ff,0,3.63,5.5,1,0,bounded,0.005,-25,3000,True,0.0001016474461198218,0.0001007187712110967,1.207287889032878,2.422712110967121,2.709649630238197,0.0009246701078431513,0.5935175363435914,0.5922021106642494,-0.00918509358156565,1.0,0.002544420556398017,1.001607781865681,-0.0002049344166351956,1.0,-0.001401576450759836,1.0,-0.001557837577882554,1.0,-0.003224354740505117,1.0,1.0092204749676572,0.7187712110966915,1.6474461198217938,True
20261043,ff,0,3.63,5.5,1,0,bounded,0.005,-25,3000,True,0.0001027128015900108,0.0001007185631801439,1.209368198560755,2.420631801439245,2.708860109151186,0.0009305288077766661,0.5921922093800593,0.5942214708330008,0.01299302543749283,1.0,0.003839362117050165,1.002764707440052,-0.001538660401535588,1.0,-0.004646180062096806,1.0,0.0004610224835188155,1.0,0.006038476585508433,1.0,1.0198001078142869,0.7185631801438941,2.712801590010794,True
20261044,ff,0,3.63,5.5,1,0,bounded,0.005,-25,3000,True,0.0001015153005253726,0.0001007186338195952,1.208661804048001,2.421338195951998,2.709748099092011,0.0009239428083423189,0.5952617000669166,0.5935372377206756,5.308330359933914e-05,1.0,-0.00414814322146085,0.9987815892252012,0.001540271112118443,1.0,0.003711702764944277,1.0,-0.0002226472055965502,1.0,-0.004285279292622728,1.0,1.0079098243846751,0.7186338195952047,1.5153005253726093,True
20261045,ff,0,3.63,5.5,1,0,bounded,0.005,-25,3000,True,0.0001019831811204046,0.0001007186916931782,1.208083068217641,2.421916931782359,2.709399991944171,0.0009265163616961442,0.5932330842480411,0.592974135615948,-0.0005703470888215078,1.0,-0.002171320724533684,0.99915901367172,-0.0004920333815398225,1.0,-0.006003627800051889,1.0,-0.0007859701197806152,1.0,0.01625505545926418,1.0,1.0125546649382464,0.7186916931781973,1.983181120404609,True
20261046,ff,0,3.63,5.5,1,0,bounded,0.005,-25,3000,True,0.0001022198662084133,0.0001007185137162302,1.209862837698074,2.420137162301926,2.709224463192444,0.0009278174836239353,0.5942127265632107,0.5947028857731624,0.003800865344249653,1.0,0.001410479991859415,0.99752259303736,0.0004857429548299122,1.0,0.004601586276759088,1.0,0.0009426699668199544,1.0,-0.007712288320305525,1.0,1.0149064202477518,0.7185137162301958,2.2198662084133014,True
20261047,ff,0,3.63,5.5,1,0,bounded,0.005,-25,3000,True,0.0001024084335398517,0.0001007186454988293,1.20854501170655,2.42145498829345,2.709084890244567,0.0009288550823173655,0.5923478001469337,0.5934222185722463,-0.009921115937495806,1.0,-0.005861348924407312,0.999814249883384,-0.001380670074348367,1.0,0.00934764847967292,1.0,-0.0003380870783578812,1.0,-0.001715224149696541,1.0,1.016777311019756,0.7186454988292956,2.4084335398516954,True
20261048,ff,0,3.63,5.5,1,0,bounded,0.005,-25,3000,True,0.0001022290635791184,0.0001007185083219787,1.209916780212722,2.420083219787278,2.709217649955208,0.0009278680495815878,0.5942360899713001,0.5947552765800507,0.005131120754937235,1.0,0.00133769125829999,0.9998461781288374,0.0005090338528132383,1.0,0.0008533423998921461,1.0,0.0009950564844956348,1.0,-0.01049290443293293,1.0,1.0149977921864244,0.7185083219787058,2.2290635791183844,True
20261049,ff,0,3.63,5.5,1,0,bounded,0.005,-25,3000,True,0.0001017426677900684,0.0001007186325319193,1.208674680807263,2.421325319192738,2.709578749405792,0.0009251933236240868,0.5945599494934667,0.5935493548178177,0.00242131568118633,1.0,0.00393913868173538,0.998210653400512,0.0008367280182328588,1.0,-0.007507491525336973,1.0,-0.0002106371799108681,1.0,-0.007944985067323858,1.0,1.0101672871484286,0.7186325319193054,1.7426677900683973,True
20261050,ff,0,3.63,5.5,1,0,bounded,0.005,-25,3000,True,0.0001020286734056679,0.0001007184757066762,1.210242933238284,2.419757066761716,2.709366224798869,0.0009267657852340738,0.5951794884567748,0.5950724883499054,0.006280563166215039,1.0,-0.006590787040830747,1.00127805301224,0.001454012166814803,1.0,-0.01233806102060733,1.0,0.00131236288711068,1.0,0.00756355788912905,1.0,1.0130085139771914,0.7184757066762026,2.0286734056679023,True
20261051,ff,0,3.63,5.5,1,0,bounded,0.005,-25,3000,True,0.0001022311072548359,0.0001007185864575326,1.209135424673412,2.420864575326588,2.709216136116745,0.0009278795734302256,0.5934739817921965,0.5939961525130025,0.003239707982773348,1.0,0.00682501909187344,0.9968456244089826,-0.0002530904348083226,1.0,0.002412369641333909,1.0,0.0002359308406389745,1.0,0.003469579679291176,1.0,1.0150172957197037,0.7185864575325995,2.2311072548359068,True
20261052,ff,0,3.63,5.5,1,0,bounded,0.005,-25,3000,True,0.0001028329033241331,0.000100718597517032,1.209024829679576,2.420975170320424,2.708771582751497,0.0009311894919571651,0.5914849580733773,0.5938876609704226,0.0008578270882559609,1.0,-0.005113368612787739,1.000114776216212,-0.002246858554832195,1.0,0.004082456323632338,1.0,0.000127155787570403,1.0,-0.0009972356598703055,1.0,1.0209922085813752,0.7185975170319825,2.8329033241330848,True
20261053,ff,0,3.63,5.5,1,0,bounded,0.005,-25,3000,True,0.0001020836186310686,0.0001007185743796499,1.209256203500685,2.420743796499314,2.709325459821987,0.0009270683421567492,0.5940528997844786,0.5941137512060243,-0.00478995274329375,1.0,-0.002199016828566223,1.000777929214916,0.0003269903229214594,1.0,0.008262893802823953,1.0,0.0003535990903111166,1.0,0.001743699690331516,1.0,1.0135530537423345,0.7185743796499056,2.0836186310686067,True
20261054,ff,0,3.63,5.5,1,0,bounded,0.005,-25,3000,True,0.0001019026786867788,0.0001007186472671088,1.208527328911357,2.421472671088643,2.70945978019469,0.0009260734370446853,0.5939152760275364,0.5934059139331653,-0.007758094647493779,1.0,0.003197127214192698,0.9971133801332572,0.0001907930599089017,1.0,-0.00688222352912343,1.0,-0.0003541535395902427,1.0,-0.002362779528830091,1.0,1.011755831236791,0.7186472671087962,1.9026786867788026,True
20261055,ff,0,3.63,5.5,1,0,bounded,0.005,-25,3000,True,0.0001011108216381711,0.0001007186853041608,1.208146958392223,2.421853041607776,2.710050243245961,0.0009217183613515866,0.5960362004755254,0.5930377214382411,0.006196244808632577,1.0,-0.002155698551582496,1.00166697356149,0.002317960368188337,1.0,-0.004004062041377397,1.0,-0.0007219733981926205,1.0,0.0004675470557624501,1.0,1.0038933821745795,0.7186853041607932,1.110821638171089,True
20261056,ff,0,3.63,5.5,1,0,bounded,0.005,-25,3000,True,0.0001020308092921045,0.0001007185313153698,1.209686846302023,2.420313153697976,2.709364639759069,0.0009267777344688674,0.5946349561706384,0.5945322315204477,0.002847509053064508,1.0,0.0009376071789865768,0.9980040381341012,0.000909463044205184,1.0,-0.005178414529209785,1.0,0.0007721046145307879,1.0,-0.01067990900293344,1.0,1.013029161164252,0.7185313153697859,2.0308092921045073,True
20261057,ff,0,3.63,5.5,1,0,bounded,0.005,-25,3000,True,0.000101579718982519,0.0001007186048111479,1.208951888521264,2.421048111478735,2.709700082475228,0.0009242970045561694,0.5953398566352136,0.5938189636399872,-0.004174781479584244,1.0,0.001390444853963754,1.000301778393228,0.001617919815845568,1.0,0.003235421345599325,1.0,5.904860308784782e-05,1.0,-0.002033692005938357,1.0,1.0085497031356394,0.7186048111478938,1.579718982518985,True
20261058,ff,0,3.63,5.5,1,0,bounded,0.005,-25,3000,True,0.0001015996451209649,0.0001007187816950044,1.207183049956196,2.422816950043805,2.709685235562881,0.0009244072404058327,0.5935662733791127,0.5921003286446533,-0.003021216797904603,1.0,-0.002832400869078403,0.999108759213966,-0.0001558205266345571,1.0,-0.005841590655588523,1.0,-0.001659597167424138,1.0,-0.005595284627046475,1.0,1.0087457712567247,0.718781695004389,1.5996451209648876,True
20261059,ff,0,3.63,5.5,1,0,bounded,0.005,-25,3000,True,0.0001019689808922646,0.0001007184527727366,1.210472272633832,2.419527727366168,2.709410535095517,0.0009264373931603124,0.5955884749022522,0.5952953975562669,0.002663589958953463,1.0,0.00973343270376243,0.9999547011287808,0.001863469213957005,1.0,0.00813691610789489,1.0,0.001535300386753016,1.0,-0.006747935864294651,1.0,1.0124160775419149,0.7184527727365886,1.9689808922646046,True
20261060,ff,0,3.63,5.5,1,0,bounded,0.005,-25,3000,True,0.0001026799201945732,0.0001007184747552139,1.210252447860852,2.419747552139148,2.708884362692057,0.000930347639119117,0.5931501361902676,0.5950806045316984,-0.002375919293241864,1.0,-0.001937261081431495,0.9998433602347012,-0.0005804743672739053,1.0,-0.002125676462254855,1.0,0.001320172363384975,1.0,0.0007023669584552361,1.0,1.0194745347775214,0.7184747552138937,2.679920194573193,True
20261061,ff,0,3.63,5.5,1,0,bounded,0.005,-25,3000,True,0.0001020928174399476,0.0001007185778853906,1.20922114609385,2.42077885390615,2.709318637038824,0.0009271189483314611,0.593990161538945,0.5940796751010853,0.01042781906864759,1.0,0.002266119438794216,0.9986376441677044,0.0002641795562223332,1.0,-0.011284994475865,1.0,0.0003195186254676377,1.0,-0.004811975153875547,1.0,1.013644350261982,0.7185778853906033,2.092817439947603,True
20261062,ff,0,3.63,5.5,1,0,bounded,0.005,-25,3000,True,0.0001023736005556569,0.0001007185707548236,1.209292451763447,2.420707548236552,2.709110654716827,0.0009286632295837467,0.5931797201513537,0.5941484662473822,0.007534091825714396,1.0,-0.002288992440071684,1.000757480026288,-0.0005484754586351463,1.0,-0.003508867210594932,1.0,0.0003881775894160307,1.0,-0.005657061188901589,1.0,1.016432220874759,0.7185707548235998,2.373600555656896,True
20261063,ff,0,3.63,5.5,1,0,bounded,0.005,-25,3000,True,0.0001021528032487656,0.0001007186304651777,1.208695348222828,2.421304651777171,2.709274159444766,0.0009274490611444069,0.5932936331016976,0.593568724673071,0.01721373948670538,1.0,-0.00305317265692074,0.9991846949988912,-0.0004328217930992439,1.0,0.009081161549102133,1.0,-0.0001914604670448472,1.0,0.002306812376896432,1.0,1.0142393991753467,0.7186304651776831,2.152803248765589,True
20261064,ff,0,3.63,5.5,1,0,bounded,0.005,-25,3000,True,0.0001015822252232273,0.000100718639708047,1.208602919529782,2.421397080470218,2.709698214932612,0.0009243109155556161,0.5949944361548787,0.5934799110162179,0.00161253409114786,1.0,-0.005974826466525879,1.000819159176215,0.001272479578273925,1.0,0.005032381989308689,1.0,-0.0002800054754144808,1.0,0.002469520551036154,1.0,1.0085742372780608,0.7186397080469975,1.582225223227307,True
20261065,ff,0,3.63,5.5,1,0,bounded,0.005,-25,3000,True,0.0001017924280385767,0.0001007185493943449,1.209506056550379,2.42049394344962,2.709541733629609,0.0009254667032014355,0.595207883861706,0.5943569996950747,-0.008544023913758993,1.0,0.003607484725895283,1.001939247451998,0.001484270083114524,1.0,-0.01557842399300955,1.0,0.0005969849157934009,1.0,-0.005354756804333506,1.0,1.0106621734595007,0.7185493943449028,1.7924280385766878,True
20261066,ff,0,3.63,5.5,1,0,bounded,0.005,-25,3000,True,0.0001012509829838298,0.0001007187385623617,1.207614376383056,2.422385623616944,2.709945415779156,0.0009224894420800883,0.5950797780351863,0.5925200192534317,0.004983868317857998,1.0,0.0006605459443223745,1.000349907760601,0.00136043291954807,1.0,0.008065926955327311,1.0,-0.001239742012556328,1.0,0.00201618066875546,1.0,1.0052844627431325,0.7187385623616871,1.250982983829796,True
20261067,ff,0,3.63,5.5,1,0,bounded,0.005,-25,3000,True,0.0001012759452448524,0.0001007187194850335,1.207805149664673,2.422194850335327,2.709926760568905,0.0009226266652650615,0.5951857697423757,0.5927053336135595,-6.090253992760907e-05,1.0,0.003380923612400111,0.9990556089339144,0.00146622782744032,1.0,0.01240267706500572,1.0,-0.001054439258728973,1.0,0.001914818513871402,1.0,1.005532494482336,0.7187194850335032,1.2759452448523945,True
20261068,ff,0,3.63,5.5,1,0,bounded,0.005,-25,3000,True,0.0001029813061307099,0.0001007184872807957,1.210127192043232,2.419872807956768,2.708662328789477,0.000932005307235829,0.592087780541857,0.5949583944982327,-0.001157068696844608,1.0,0.002670443610000204,1.00192673434647,-0.001645206055120337,1.0,-0.001808111433258785,1.0,0.001197820289905344,1.0,-0.008112238279463092,1.0,1.022466767631305,0.7184872807957099,2.9813061307099042,True
20261069,ff,0,3.63,5.5,1,0,bounded,0.005,-25,3000,True,0.0001016021295708729,0.0001007186979220269,1.208020779730518,2.421979220269482,2.70968338459639,0.0009244206007845799,0.5943688090667353,0.5929142759260106,0.001472717280542755,1.0,0.0008096315990771497,0.9989783057298354,0.000646695570465584,1.0,-0.01480558380993582,1.0,-0.000845650397525776,1.0,-0.01036484133898709,1.0,1.0087712774993371,0.7186979220269007,1.60212957087289,True
20261070,ff,0,3.63,5.5,1,0,bounded,0.005,-25,3000,True,0.000101682171031106,0.0001007187351606952,1.207648393047503,2.422351606952497,2.709623774636252,0.0009248609639920535,0.5937571987805036,0.5925523238004197,-0.0008364710255832889,1.0,-0.003206410629910219,0.9997039348928236,3.445425422314365e-05,1.0,-0.003983409512240397,1.0,-0.001207640512454618,1.0,-0.0075581596126465,1.0,1.0095656073209582,0.7187351606951831,1.6821710311059945,True
20261071,ff,0,3.63,5.5,1,0,bounded,0.005,-25,3000,True,0.0001014547687340955,0.0001007186342716181,1.208657283818661,2.421342716181339,2.709793244555053,0.0009236098851314173,0.5954476046710442,0.593532950761463,0.01195296821751581,1.0,0.001670919773089724,0.9985111762347416,0.001726652938136049,1.0,-0.003696571114326367,1.0,-0.0002269056601561394,1.0,-0.008192903556934267,1.0,1.0073088209327004,0.7186342716180905,1.4547687340954907,True
20261072,ff,0,3.63,5.5,1,0,bounded,0.005,-25,3000,True,0.0001017540673380051,0.0001007186663857917,1.208336142082775,2.421663857917225,2.709570267991082,0.0009252561440268699,0.5941967077526181,0.5932204170728652,-0.00753541233983798,1.0,-0.01098276234390799,1.002831078760402,0.0004733964070689872,1.0,-0.003667243048507399,1.0,-0.0005395805597630438,1.0,-0.00883482422199156,1.0,1.0102801296856674,0.7186663857916997,1.7540673380050942,True
20261073,ff,0,3.63,5.5,1,0,bounded,0.005,-25,3000,True,0.0001025026694975911,0.0001007185412041248,1.209587958751782,2.420412041248218,2.709015228859255,0.0009293730014956249,0.5930616818810391,0.5944353415293394,-0.001418502526922718,1.0,0.002894514540931494,0.9978253116432437,-0.0006675312767343037,1.0,-0.0002561215031551513,1.0,0.0006749923170627576,1.0,0.01228798786982825,1.0,1.0177140005418708,0.7185412041248007,2.5026694975911035,True
20261074,ff,0,3.63,5.5,1,0,bounded,0.005,-25,3000,True,0.0001022605360133593,0.000100718558896598,1.209411034019783,2.420588965980217,2.709194340098429,0.000928041331555843,0.593648381603629,0.5942638705442845,0.004424990353289136,1.0,-0.001837185733567171,0.9976691155457332,-7.892263381712814e-05,1.0,-0.009657610141839985,1.0,0.0005036352287551241,1.0,-0.003475429761227685,1.0,1.0153097615142048,0.7185588965979983,2.2605360133592933,True
20261075,ff,0,3.63,5.5,1,0,bounded,0.005,-25,3000,True,0.0001015218942650602,0.000100718633087052,1.208669129479584,2.421330870520416,2.709743182904963,0.000923979071251333,0.5952480623176788,0.5935443435226083,-0.00498843501181542,1.0,-0.003158479806503686,1.00215699029562,0.001526581378995513,1.0,-1.007778598608893e-05,1.0,-0.0002155445032944047,1.0,-0.007234826964094917,1.0,1.0079752986452262,0.7186330870520008,1.5218942650601974,True
20261076,ff,0,3.63,5.5,1,0,bounded,0.005,-25,3000,True,0.0001017385169012802,0.0001007186470053564,1.208529946435597,2.421470053564403,2.709581837942215,0.000925170546274143,0.5944329857885063,0.5934087412717763,0.002666686299758852,1.0,0.0003964246345608562,1.002896893324503,0.0007097970386752204,1.0,0.003767947541759003,1.0,-0.000351248884833904,1.0,-0.01242448944873376,1.0,1.010125929271762,0.7186470053563987,1.738516901280196,True
20261077,ff,0,3.63,5.5,1,0,bounded,0.005,-25,3000,True,0.0001022516653179811,0.0001007185020992924,1.209979007075604,2.420020992924396,2.709200909445023,0.0009279923365571032,0.5942254858777222,0.5948156925327429,0.004650279642364791,1.0,-8.54520530789597e-05,0.9990883181651736,0.000498251572276357,1.0,0.0160356063965925,1.0,0.001055461841534852,1.0,0.007084907270242504,1.0,1.015222259929732,0.7185020992923841,2.2516653179810886,True
20261078,ff,0,3.63,5.5,1,0,bounded,0.005,-25,3000,True,0.0001020741209055114,0.0001007186018759413,1.208981240587273,2.421018759412727,2.709332504914091,0.0009270162044775604,0.5938167235594926,0.593846625095457,0.001951423661772926,1.0,0.00227299558396253,1.000163062343994,9.088897702800016e-05,1.0,-0.002573825782977617,1.0,8.647723661545189e-05,1.0,-0.004300491492292803,1.0,1.0134584774244557,0.7186018759413049,2.0741209055114007,True
20261079,ff,0,3.63,5.5,1,0,bounded,0.005,-25,3000,True,0.0001023954869680548,0.0001007185516521322,1.209483478677999,2.420516521322001,2.70909446531709,0.0009287835355089322,0.593295977045131,0.5943340202309617,0.00358795325907928,1.0,-0.005899671526075283,1.000913703756936,-0.0004323911126467545,1.0,-0.01167300870408443,1.0,0.0005737214155097642,1.0,-0.004046309407726855,1.0,1.016649716347337,0.7185516521321933,2.395486968054805,True
20261080,ff,0,3.63,5.5,1,0,bounded,0.005,-25,3000,True,0.0001018647477404837,0.0001007186484828205,1.208515171795207,2.421484828204793,2.709487966351217,0.0009258648212526371,0.5940225163945254,0.5933941679842281,-0.01036423424240118,1.0,-0.008737524900506204,0.9976583408072716,0.0002983324665441581,1.0,0.001094236530587869,1.0,-0.000365881634004849,1.0,0.001107450798472643,1.0,1.011379216013395,0.7186484828204831,1.8647477404837076,True
20261081,ff,0,3.63,5.5,1,0,bounded,0.005,-25,3000,True,0.0001017232969869025,0.0001007187609924358,1.207390075641939,2.422609924358061,2.709593163573119,0.0009250872505182299,0.5933781955819599,0.5923012664745876,0.00222263966055888,1.0,0.002945705397397344,1.002508755442341,-0.0003448731722026755,1.0,-0.001870564626068932,1.0,-0.001458717410194384,1.0,0.01097923067488028,1.0,1.0099736730731046,0.7187609924357963,1.7232969869025005,True
20261082,ff,0,3.63,5.5,1,0,bounded,0.005,-25,3000,True,0.0001024645018124364,0.0001007186324371822,1.208675628177734,2.421324371822267,2.709043436091577,0.0009291634104028774,0.5922987037178634,0.5935490255356671,0.006143384425142651,1.0,0.002293192559317103,1.001311678711696,-0.001430208531899777,1.0,-0.02092381926741343,1.0,-0.0002113064183642527,1.0,0.001691590278333388,1.0,1.0173341251068226,0.7186324371821984,2.4645018124364038,True
20261083,ff,0,3.63,5.5,1,0,bounded,0.005,-25,3000,True,0.0001021767240053944,0.0001007185458228582,1.209541771417807,2.420458228582193,2.709256429747314,0.0009275803180541398,0.5940373458348213,0.5943910329014881,0.001774571408007803,1.0,-0.005641749853394325,0.9986469072731874,0.0003107023507501871,1.0,-0.002720917563029478,1.0,0.0006308371610994865,1.0,0.007559078257579279,1.0,1.0144777525392474,0.7185458228581965,2.1767240053943926,True
20261084,ff,0,3.63,5.5,1,0,bounded,0.005,-25,3000,True,0.000102007930104227,0.0001007186935226867,1.208064773132563,2.421935226867437,2.709381619998837,0.0009266524877483149,0.5931377879419449,0.5929563172957502,0.0007821260067862983,1.0,0.00347577614054335,1.00012003363667,-0.0005875248031116452,1.0,-0.01137113821846477,1.0,-0.0008038001102218039,1.0,-0.003352999988208071,1.0,1.0128003703825834,0.7186935226866975,2.007930104226996,True
20261085,ff,0,3.63,5.5,1,0,bounded,0.005,-25,3000,True,0.0001025661064901034,0.0001007184512616957,1.210487383042591,2.419512616957409,2.708968368395543,0.0009297215784629811,0.5937331417719124,0.5953090437272633,-0.0178380337828314,1.0,-0.007641748418748816,0.9982503305137628,3.428489781406846e-06,1.0,-0.008958630150133191,1.0,0.001548665345737605,1.0,0.007403487154651008,1.0,1.0183447541663142,0.7184512616956962,2.5661064901034036,True
20261086,ff,0,3.63,5.5,1,0,bounded,0.005,-25,3000,True,0.0001022956957520887,0.0001007185299483155,1.209700516844369,2.420299483155631,2.709168307173094,0.0009282346050364365,0.5938182637172238,0.5945450543927715,-0.01051785718656612,1.0,0.003158551523237673,1.001380697242813,9.068228769273595e-05,1.0,0.01412338172495116,1.0,0.0007848027459603437,1.0,0.01091300663333724,1.0,1.0156591424098675,0.7185299483154939,2.2956957520887,True
20261087,ff,0,3.63,5.5,1,0,bounded,0.005,-25,3000,True,0.0001024954843485464,0.0001007186490426133,1.208509573866716,2.421490426133284,2.709020538183299,0.0009293338746292268,0.5920411809757283,0.5933876371227189,-0.005121409692976957,1.0,-0.006561462695049542,1.00304459690797,-0.001687975531615124,1.0,-0.009351902701382697,1.0,-0.0003727095534566487,1.0,0.003558821262017348,1.0,1.0176415720705443,0.7186490426132952,2.495484348546406,True
20261088,ff,0,3.63,5.5,1,0,bounded,0.005,-25,3000,True,0.0001017719640569031,0.0001007186623473415,1.208376526584731,2.421623473415269,2.709556954382827,0.0009253545613214171,0.5941795905598042,0.5932596231482082,-0.0008291675251925227,1.0,0.004242765279575431,1.001573164532431,0.0004561381199427494,1.0,-0.003325906216385677,1.0,-0.0005003828813842924,1.0,0.01551012120099177,1.0,1.0104578603906509,0.7186623473415032,1.771964056903097,True
20261089,ff,0,3.63,5.5,1,0,bounded,0.005,-25,3000,True,0.0001023051211669018,0.0001007185376438614,1.209623561386332,2.420376438613668,2.709161329838539,0.0009282864727528145,0.5937143244055639,0.5944702729100038,0.004798322943916694,1.0,-0.001577162457631029,0.9973882841376938,-1.33313313012533e-05,1.0,0.008184256443182191,1.0,0.0007100167636161595,1.0,0.009202238145251895,1.0,1.0157526465351445,0.7185376438614055,2.3051211669018024,True
20261090,ff,0,3.63,5.5,1,0,bounded,0.005,-25,3000,True,0.0001015647494947896,0.0001007186975323845,1.208024676155228,2.421975323844772,2.709711237987755,0.0009242150089514211,0.5944900200197079,0.5929181264199169,-0.00524644776559524,1.0,-0.002651856601623561,0.9978606029740952,0.0007682012209858612,1.0,0.003619895147724379,1.0,-0.000841782295897598,1.0,-0.005774506415865477,1.0,1.0084001479678892,0.7186975323844935,1.5647494947895968,True
20261091,ff,0,3.63,5.5,1,0,bounded,0.005,-25,3000,True,0.0001024911142802925,0.0001007185896956632,1.209103043368086,2.420896956631913,2.709023767528668,0.0009293096238243922,0.5926288382843384,0.5939642420405524,0.0006530206718977444,1.0,0.000198367479701102,0.9987437168920048,-0.00110028377304884,1.0,-0.002825003646918039,1.0,0.0002038978890954201,1.0,-0.009778105709931768,1.0,1.0175987828064834,0.7185896956631854,2.4911142802924946,True
20261092,ff,0,3.63,5.5,1,0,bounded,0.005,-25,3000,True,0.0001024211093541699,0.0001007184778205852,1.21022179414791,2.41977820585209,2.709075516513206,0.0009289241906240311,0.5939298534660181,0.595051271999448,0.003643027648338471,1.0,-0.0006645114034350995,0.9976655648189998,0.0002012833046944174,1.0,0.00342638213211235,1.0,0.001290961697284231,1.0,0.003088521673839517,1.0,1.0169048576827946,0.718477820585206,2.4211093541699036,True
20261093,ff,0,3.63,5.5,1,0,bounded,0.005,-25,3000,True,0.0001021937636674491,0.0001007185353008654,1.209646991346278,2.420353008653722,2.709243802572003,0.0009276739980006816,0.5940857310690867,0.5944932288300625,-0.007053829059705592,1.0,-0.005657182360385218,0.9956270840055476,0.0003589532478741173,1.0,0.01267876916548897,1.0,0.0007330251473788387,1.0,0.0125529402855232,1.0,1.0146470395163802,0.7185353008653861,2.1937636674491,True
20261094,ff,0,3.63,5.5,1,0,bounded,0.005,-25,3000,True,0.0001016813524688214,0.0001007186999430197,1.208000569802886,2.421999430197114,2.709624384029561,0.0009248563340591732,0.5941004261359593,0.5928945027865573,0.002731867649168058,1.0,-0.001447961514405673,1.003479192479694,0.0003776880615571216,1.0,0.00830417224396999,1.0,-0.0008654608639264884,1.0,-0.01118441611415865,1.0,1.0095578331168522,0.7186999430196961,1.6813524688213954,True
20261095,ff,0,3.63,5.5,1,0,bounded,0.005,-25,3000,True,0.0001023500671571381,0.0001007186536902382,1.208463097617757,2.421536902382243,2.709128065994687,0.0009285340969473254,0.5924512409976014,0.5933427333625982,0.008030943188152362,1.0,-0.003005456809860611,0.9974688572923964,-0.001276769077414169,1.0,-0.006254318312165255,1.0,-0.0004175448640694246,1.0,0.00488818381608015,1.0,1.0161977290911506,0.7186536902382024,2.3500671571380805,True
20261096,ff,0,3.63,5.5,1,0,bounded,0.005,-25,3000,True,0.0001024425507535814,0.000100718571373567,1.209286264330164,2.420713735669836,2.709059663116772,0.0009290424579184433,0.5929579691450433,0.5941423354661101,0.004655010815668722,1.0,0.006433750031439795,1.000180759259142,-0.0007707700508149831,1.0,0.005723633901258575,1.0,0.0003820143303078545,1.0,0.002164560874624252,1.0,1.0171167973939994,0.7185713735669896,2.442550753581396,True
20261097,ff,0,3.63,5.5,1,0,bounded,0.005,-25,3000,True,0.0001027990017156082,0.0001007185326815765,1.209673184234512,2.420326815765488,2.708796561693966,0.0009310027977575207,0.5922178747630362,0.5945176283957283,-0.0008632369719437225,1.0,0.004297810003481109,1.000185166574393,-0.001513674597362802,1.0,-0.01021109425227589,1.0,0.0007571396890235053,1.0,0.007310037326117728,1.0,1.0206562683017746,0.7185326815764892,2.799001715608185,True
20261098,ff,0,3.63,5.5,1,0,bounded,0.005,-25,3000,True,0.0001024920205298212,0.000100718661086324,1.20838913675994,2.42161086324006,2.709023097827745,0.0009293148673451307,0.5919355303724003,0.593270628369191,-0.004232990052023617,1.0,0.005843290334735345,1.00141821456094,-0.001793598826584482,1.0,0.008055551889971318,1.0,-0.0004897167703486892,1.0,-0.003213527442077178,1.0,1.0176070593509707,0.7186610863239906,2.492020529821204,True
20261099,ff,0,3.63,5.5,1,0,bounded,0.005,-25,3000,True,0.0001023058310937391,0.0001007185682124488,1.2093178755122,2.420682124487799,2.709160804326565,0.000928290488314248,0.5934164518568437,0.5941732840567139,0.004373463150299234,1.0,0.0002171468408014365,0.9977190532819358,-0.0003112094756072105,1.0,-0.002834821259814204,1.0,0.0004130273356416197,1.0,0.0005036819151312632,1.0,1.0157593868683898,0.7185682124488002,2.305831093739097,True
20261100,ff,0,3.63,5.5,1,0,bounded,0.005,-25,3000,True,0.0001016135522302069,0.0001007186823343373,1.208176656627233,2.421823343372767,2.709674875022532,0.0009244833688274418,0.5944837028699073,0.5930657056925918,-0.00190250764083775,1.0,-0.003596882730753179,0.9985336072512416,0.0007614993188696669,1.0,-0.006261655006796744,1.0,-0.0006942258880307271,1.0,-0.004953000323648022,1.0,1.008884845146197,0.718682334337295,1.6135522302068939,True
20261101,ff,0,3.63,5.5,1,0,bounded,0.005,-25,3000,True,0.0001020112424840019,0.0001007186018079675,1.208981920324614,2.421018079675386,2.709379161431103,0.0009266703729126153,0.5940144965417234,0.5938473943773617,-0.007247908453313317,1.0,-0.006124794010023512,0.999756349056904,0.0002891576786773601,1.0,0.004486297701589616,1.0,8.727613248957886e-05,1.0,-0.002461527342647529,1.0,1.0128341801100356,0.7186018079674783,2.011242484001885,True
20261102,ff,0,3.63,5.5,1,0,bounded,0.005,-25,3000,True,0.00010197628073424,0.0001007186793397241,1.208206602758473,2.421793397241526,2.709405115058173,0.000926478364729341,0.593374210685791,0.593094173155889,-0.004431685329095489,1.0,-0.003556406533883197,0.998461688578114,-0.0003508525431801887,1.0,-0.004564725537982547,1.0,-0.0006659292328760676,1.0,-0.01325905109014184,1.0,1.0124862776474064,0.7186793397240931,1.976280734239988,True
20261103,ff,0,3.63,5.5,1,0,bounded,0.005,-25,3000,True,0.0001015231871934202,0.0001007186844199906,1.208155800094005,2.421844199905995,2.709742218953158,0.0009239863686958771,0.5947474630321554,0.5930455980506225,-0.0004822248610178705,1.0,-0.0002880201685203794,1.002323351474223,0.001025971902461938,1.0,-0.002365212772601214,1.0,-0.0007142909878079857,1.0,0.003654661626652834,1.0,1.0079876219398862,0.7186844199906117,1.5231871934201946,True
20261104,ff,0,3.63,5.5,1,0,bounded,0.005,-25,3000,True,0.0001013072959924149,0.000100718710314279,1.207896857209475,2.422103142790525,2.709903337086074,0.0009227990610866088,0.5951758411819486,0.5927943829651212,0.009645796612850761,1.0,-0.001220875691544727,1.00188818656376,0.001456052102413716,1.0,0.009276477911352792,1.0,-0.0009654046001358528,1.0,0.001225445773341892,1.0,1.0058438563827843,0.7187103142789919,1.307295992414903,True
20261105,ff,0,3.63,5.5,1,0,bounded,0.005,-25,3000,True,0.0001014494659204939,0.0001007187801925473,1.207198074526757,2.422801925473243,2.709797200665282,0.0009235812493494267,0.5940527693524876,0.5921151870217539,-0.007573960481239047,1.0,0.00268632929905134,1.000583754798501,0.0003318594322899018,1.0,0.006840926077108021,1.0,-0.001644668049641388,1.0,0.01107441962230713,1.0,1.0072547118476785,0.718780192547297,1.4494659204938865,True
20261106,ff,0,3.63,5.5,1,0,bounded,0.005,-25,3000,True,0.0001016266652323044,0.0001007186738498872,1.208261501127855,2.421738498872144,2.709665107288973,0.000924555459540408,0.5945245796832515,0.5931481172769624,-0.005243865840074056,1.0,0.002984734370185314,1.003810959010655,0.0008022727514161821,1.0,-0.007503363367950915,1.0,-0.0006118204126787862,1.0,0.001642606836960535,1.0,1.0090151244819852,0.718673849887197,1.6266652323043918,True
20261107,ff,0,3.63,5.5,1,0,bounded,0.005,-25,3000,True,0.0001017058891521199,0.000100718821301335,1.206786986649459,2.423213013350541,2.70960611924456,0.0009249917263485855,0.5928494761079552,0.5917153140161372,-0.009239395015707573,1.0,0.007630970557527973,0.999748667782844,-0.0008734554036842572,1.0,-0.001120041429861221,1.0,-0.002044662144321445,1.0,-0.01672437375474901,1.0,1.0098002323501358,0.7188213013350042,1.7058891521198882,True
20261108,ff,0,3.63,5.5,1,0,bounded,0.005,-25,3000,True,0.0001025470143133394,0.0001007185537692898,1.209462307102199,2.420537692897801,2.708982468810224,0.00092961694359368,0.5928014675570925,0.5943131887587293,0.003704862343890229,1.0,0.004410230393087894,1.000598688251852,-0.0009280952030159196,1.0,0.008856994470454104,1.0,0.0005528185628910141,1.0,-0.007927974176023164,1.0,1.0181541580535196,0.7185537692897981,2.5470143133393908,True
20261109,ff,0,3.63,5.5,1,0,bounded,0.005,-25,3000,True,0.0001019554892243395,0.0001007186821233796,1.208178766204294,2.421821233795706,2.709420553435337,0.000926364021529381,0.5934124872969049,0.5930671633227208,0.006492579326468398,1.0,-0.002161052693016871,0.999996248950172,-0.0003124120161976364,1.0,0.002765669089205044,1.0,-0.0006929292959322232,1.0,-0.006961341284307345,1.0,1.012279818151759,0.7186821233795992,1.9554892243395017,True
20261110,ff,0,3.63,5.5,1,0,bounded,0.005,-25,3000,True,0.0001019432278193638,0.000100718680637847,1.208193621530105,2.421806378469895,2.709429659306636,0.000926296578409394,0.5934653106015231,0.5930816178921744,0.008115435098193404,1.0,-0.0006770657944046876,0.9976041297126331,-0.0002594920453719213,1.0,-0.00272559863177441,1.0,-0.0006784689401351559,1.0,0.006366937891263661,1.0,1.0121580939480321,0.7186806378469912,1.9432278193637798,True
20261111,ff,0,3.63,5.5,1,0,bounded,0.005,-25,3000,True,0.0001024030137717329,0.0001007184562629535,1.210437370464978,2.419562629535022,2.709088898478932,0.0009288245866668435,0.5941949709627391,0.5952607384255488,0.01397126174873401,1.0,-0.001094446336993312,1.002874278982962,0.0004665434614771704,1.0,-0.004800595092533139,1.0,0.001500436815195981,1.0,0.005890366786624713,1.0,1.016725410329775,0.7184562629535041,2.403013771732887,True
20261112,ff,0,3.63,5.5,1,0,bounded,0.005,-25,3000,True,0.0001020090578867521,0.0001007186975396744,1.208024603255678,2.421975396744322,2.709380782909634,0.0009266587051338139,0.5930953976147332,0.5929172863282458,-0.002225736568382795,1.0,0.002072975896428024,0.9981278127440579,-0.0006299240213397078,1.0,0.01219319268936325,1.0,-0.0008428316404421556,1.0,0.007406896428613284,1.0,1.012811527338997,0.7186975396743955,2.009057886752097,True
20261113,ff,0,3.63,5.5,1,0,bounded,0.005,-25,3000,True,0.0001025722218937535,0.0001007184415643592,1.210584356407864,2.419415643592136,2.708963852417632,0.0009297551779817937,0.5938078024774908,0.5954032432025533,-0.001881733354376886,1.0,0.0008955409451817367,1.002230400744412,7.804098273834512e-05,1.0,-0.01073846680640208,1.0,0.001642862017077618,1.0,-0.01000973829260945,1.0,1.0184055700286996,0.7184415643591846,2.5722218937535013,True
20261114,ff,0,3.63,5.5,1,0,bounded,0.005,-25,3000,True,0.0001027589233679099,0.0001007185429448335,1.209570551664397,2.420429448335603,2.708826101607809,0.0009307824041010551,0.5922438100189793,0.5944179861765229,0.01160156566756635,1.0,0.002157069836970772,1.001977628038466,-0.001487423374655915,1.0,-0.001333097270832661,1.0,0.0006575162645009896,1.0,-0.002368945159149474,1.0,1.020258240075951,0.718542944833489,2.7589233679099046,True
20261115,ff,0,3.63,5.5,1,0,bounded,0.005,-25,3000,True,0.0001025453276853288,0.0001007184516003868,1.210483996131426,2.419516003868574,2.708983714577045,0.0009296072962662377,0.593794845425467,0.595305789267224,-0.004189472251375748,1.0,-0.001452211037381758,1.000694853737887,6.529595793390171e-05,1.0,-0.01224081610295307,1.0,0.001545420669022183,1.0,-0.005270455491160684,1.0,1.018138444901738,0.7184516003867936,2.545327685328802,True
20261116,ff,0,3.63,5.5,1,0,bounded,0.005,-25,3000,True,0.0001023063244224059,0.0001007185901795023,1.20909820497645,2.42090179502355,2.709160439149938,0.0009282932813626014,0.5932024467661265,0.593959861177753,0.002206961016567009,1.0,0.005697790013961994,0.9993853718382651,-0.0005252184546704323,1.0,-0.001617310629460022,1.0,0.0001996040516386911,1.0,0.0005993760402575114,1.0,1.0157640634174279,0.7185901795022875,2.306324422405903,True
20261117,ff,0,3.63,5.5,1,0,bounded,0.005,-25,3000,True,0.0001012683991829793,0.0001007186533972235,1.20846602776454,2.42153397223546,2.709932399564274,0.0009225849220260381,0.5958487954592382,0.5933474529611797,0.01258603125785148,1.0,0.001247307537124173,0.9976340072857676,0.002129313033407398,1.0,-0.001598483913253069,1.0,-0.0004123158376265685,1.0,-0.002837348221406004,1.0,1.0054582320872347,0.718653397223501,1.2683991829792962,True
20261118,ff,0,3.63,5.5,1,0,bounded,0.005,-25,3000,True,0.000102337861350355,0.0001007186178522033,1.208821477967121,2.421178522032879,2.709137097979302,0.0009284668349182132,0.5928360712236551,0.5936909484579183,-0.009910938897586733,1.0,0.005747941659441574,1.003409959293348,-0.0008918426253369873,1.0,0.004138096666863193,1.0,-6.932373844484485e-05,1.0,0.001643168012663537,1.0,1.0160769034830066,0.7186178522032849,2.337861350354986,True
20261119,ff,0,3.63,5.5,1,0,bounded,0.005,-25,3000,True,0.0001020739366454731,0.0001007186949742323,1.208050257676795,2.421949742323205,2.709332641598053,0.0009270155289942034,0.5929168303624976,0.5929420998200363,-0.001440814214922481,1.0,0.005396427408549625,1.003039106687831,-0.00080900276332747,1.0,0.01347190551866058,1.0,-0.0008180486839728354,1.0,-0.006015533329671047,1.0,1.0134557111923217,0.7186949742322923,2.0739366454731067,True
20261120,ff,0,3.63,5.5,1,0,bounded,0.005,-25,3000,True,0.0001019483175145713,0.0001007186247410217,1.208752589782847,2.421247410217152,2.709425879345898,0.0009263243688276978,0.5939900043131194,0.5936246931025592,-0.004099629574395964,1.0,0.003631696215051082,0.9981326676005817,0.0002651615377753175,1.0,-0.003677026620998875,1.0,-0.0001353956872990448,1.0,-0.0009909890722725873,1.0,1.01220918947922,0.7186247410216895,1.948317514571296,True
20261121,ff,0,3.63,5.5,1,0,bounded,0.005,-25,3000,True,0.0001023213476045353,0.0001007186806803303,1.208193196697177,2.421806803302823,2.709149319327402,0.0009283762373824545,0.5922800925014352,0.5930805505228811,-0.02306949569971921,1.0,0.006869240240560194,1.001321686959466,-0.001447691154589963,1.0,0.002136068461664597,1.0,-0.0006797143900237408,1.0,0.0009497842590618087,1.0,1.015912310540402,0.718680680330297,2.3213476045352843,True
20261122,ff,0,3.63,5.5,1,0,bounded,0.005,-25,3000,True,0.0001015901767871679,0.0001007186923956603,1.208076043397331,2.421923956602669,2.709692290054236,0.0009243548404134561,0.5944598163910035,0.5929679907389033,0.005454299295817802,1.0,0.007746509248123297,1.001605071934657,0.0007377971280075994,1.0,-0.002092526366648243,1.0,-0.0007919299118732916,1.0,-0.004871924467046413,1.0,1.0086526579205781,0.718692395660292,1.5901767871678851,True
20261123,ff,0,3.63,5.5,1,0,bounded,0.005,-25,3000,True,0.0001027804551799055,0.0001007184889998942,1.210110001057671,2.419889998942329,2.708810230160999,0.0009309006332466957,0.5926982540321736,0.5949420408179907,-0.003320250314035729,1.0,-0.003931516988497438,0.9995901245803046,-0.001033149114470615,1.0,0.005477803471479387,1.0,0.001181561189455756,1.0,-0.001257524262261068,1.0,1.020472568646393,0.7184889998941957,2.7804551799055055,True
20261124,ff,0,3.63,5.5,1,0,bounded,0.005,-25,3000,True,0.0001018239766799117,0.000100718596022988,1.209039770119394,2.420960229880606,2.70951827389047,0.0009256403899908922,0.5946578640147013,0.5939039232698222,0.0007326430161057507,1.0,0.004099107583867386,0.9993671817823232,0.0009340015150676302,1.0,-0.003004937944672088,1.0,0.000143893265660136,1.0,0.004126315548289752,1.0,1.0109749410791171,0.7185960229879829,1.8239766799116985,True
20261125,ff,0,3.63,5.5,1,0,bounded,0.005,-25,3000,True,0.0001023706594786927,0.0001007186474831149,1.208525168851094,2.421474831148906,2.709112830480175,0.0009286473321841377,0.5924468229376888,0.5934030050128126,0.008490423301348606,1.0,-0.00434317579516169,0.9965239866286983,-0.001281349482316727,1.0,0.0075257832232352,1.0,-0.0003572828632726832,1.0,-0.003111784870854518,1.0,1.016402245630381,0.7186474831148981,2.3706594786926827,True
20261126,ff,0,3.63,5.5,1,0,bounded,0.005,-25,3000,True,0.0001012216243887192,0.0001007188062564649,1.206937435351151,2.423062564648848,2.709967362023283,0.0009223282155367274,0.5945173319297463,0.5918623350528752,0.001401663699594954,1.0,0.001453780574041678,0.9971853918904727,0.0007982182755526815,1.0,0.007182007180695489,1.0,-0.001897412918514837,1.0,-0.005417411471077887,1.0,1.004992296383795,0.7188062564648989,1.221624388719178,True
20261127,ff,0,3.63,5.5,1,0,bounded,0.005,-25,3000,True,0.0001028401030351294,0.0001007184843245091,1.210156754908311,2.419843245091689,2.708766278942241,0.0009312286794789619,0.5925571725378131,0.5949873598644796,-0.006474297442766515,1.0,-0.003544557482677358,0.998270175653827,-0.00117470085565113,1.0,-0.009850189666867615,1.0,0.00122685218079974,1.0,-0.00166996403334423,1.0,1.0210648395361528,0.7184843245090944,2.8401030351294043,True
20261128,ff,0,3.63,5.5,1,0,bounded,0.005,-25,3000,True,0.0001019040414309185,0.0001007187007181748,1.20799281825136,2.422007181748639,2.709458767733473,0.0009260811261645297,0.5933939946476545,0.5928865858372454,-0.01121500748800329,1.0,0.001570603166430103,1.000344930369877,-0.0003304990612775375,1.0,0.008668842837113007,1.0,-0.0008734826975408804,1.0,-0.004614078425011992,1.0,1.011768824501226,0.7187007181747918,1.9040414309184905,True
20261129,ff,0,3.63,5.5,1,0,bounded,0.005,-25,3000,True,0.0001015780711243313,0.0001007187316113575,1.207683886425021,2.422316113574978,2.709701310411512,0.0009242884016208656,0.5941185176776524,0.5925869898690006,0.01074777437278929,1.0,-0.002733996678548789,0.9993557899007944,0.0003965938551312112,1.0,-0.005711944254133314,1.0,-0.001172925388791891,1.0,0.00312133711043795,1.0,1.0085320724280935,0.7187316113574926,1.578071124331304,True
20261130,ff,0,3.63,5.5,1,0,bounded,0.005,-25,3000,True,0.0001019617898094598,0.0001007186307094852,1.20869290514739,2.42130709485261,2.709415874734392,0.0009263984881150511,0.5938900238653643,0.5935666817627349,0.001361138196222209,1.0,0.001444916579008643,1.001262967226704,0.0001650748776160604,1.0,0.0006584676946366461,1.0,-0.0001934134190171808,1.0,0.01250689165491269,1.0,1.0123428911931933,0.7186307094851907,1.9617898094598019,True
20261131,ff,0,3.63,5.5,1,0,bounded,0.005,-25,3000,True,0.0001020588393753191,0.0001007186405380571,1.208594619428837,2.421405380571163,2.709343841520445,0.0009269322964050308,0.593490676673024,0.593471021660253,-0.006311616661348256,1.0,-0.004333228457335871,0.9974403677094612,-0.0002350374316496921,1.0,0.004923640164064116,1.0,-0.0002891193054945095,1.0,-0.002699684859835164,1.0,1.013306363450722,0.7186405380571026,2.058839375319099,True
20261132,ff,0,3.63,5.5,1,0,bounded,0.005,-25,3000,True,0.0001015289162083537,0.0001007188355938481,1.206644061519025,2.423355938480976,2.7097379477837,0.0009240184270394251,0.5932671235211876,0.5915767472857646,9.675133897458528e-05,1.0,0.002800671536050992,0.9984976995440288,-0.0004544127685435207,1.0,0.0093095159773582,1.0,-0.002183145639385096,1.0,0.0006333103868695287,1.0,1.0080429902681984,0.7188355938480884,1.5289162083536922,True
20261133,ff,0,3.63,5.5,1,0,bounded,0.005,-25,3000,True,0.0001020071039743069,0.0001007187236841812,1.207763158187303,2.422236841812698,2.709382233193885,0.0009266480535199432,0.5928486398763125,0.5926632684109313,-0.005569475081550444,1.0,-0.003264879524100288,1.002105186299687,-0.0008766663544313259,1.0,0.009384682454269105,1.0,-0.001096848843079729,1.0,-0.002997803005654773,1.0,1.012791864739724,0.7187236841811995,2.0071039743068786,True
20261134,ff,0,3.63,5.5,1,0,bounded,0.005,-25,3000,True,0.0001020422947137316,0.0001007186729567424,1.208270432575405,2.421729567424595,2.709356116965968,0.0009268414184462362,0.5932289755116517,0.5931560754059488,-0.01332420905828291,1.0,0.001813599705570805,1.001015485520546,-0.0004966081572362393,1.0,0.002734962124528349,1.0,-0.0006040580227327917,1.0,0.004589705980446345,1.0,1.013141771214139,0.7186729567423944,2.042294713731607,True
20261135,ff,0,3.63,5.5,1,0,bounded,0.005,-25,3000,True,0.0001026326362815038,0.000100718609530943,1.208904690570328,2.421095309429672,2.708919252322863,0.0009300880668332559,0.5919944685204501,0.5937712848350132,-0.01150347075124146,1.0,0.002879319761095864,0.9959299043600458,-0.001735769257927882,1.0,0.005584188939358017,1.0,1.087387605733869e-05,1.0,0.009916010855408436,1.0,1.0190037050697445,0.7186095309430041,2.6326362815038085,True
20261136,ff,0,3.63,5.5,1,0,bounded,0.005,-25,3000,True,0.0001021953325673036,0.0001007185144385633,1.209855614366953,2.420144385633047,2.709242640043553,0.0009276825512198209,0.594282590434567,0.5946959105672676,-0.00145442596209798,1.0,0.003654646398536775,1.000504219791627,0.0005558002436272983,1.0,-0.01172987937314526,1.0,0.0009357063096939696,1.0,0.004224748552677195,1.0,1.0146628267600306,0.7185144385633002,2.1953325673035984,True
20261137,ff,0,3.63,5.5,1,0,bounded,0.005,-25,3000,True,0.0001028171919700843,0.0001007185057854792,1.209942145207396,2.420057854792604,2.708783158032609,0.000931102746524177,0.5924211753844068,0.5947789012000702,0.00382737861993548,1.0,-0.006266710813761868,0.9966469671897058,-0.001310517383896807,1.0,0.002237320740323058,1.0,0.001018404137883722,1.0,0.000709972205612616,1.0,1.0208371457483205,0.7185057854791843,2.8171919700842984,True
20261138,ff,0,3.63,5.5,1,0,bounded,0.005,-25,3000,True,0.0001012534232259715,0.0001007186855395503,1.208144604496487,2.421855395503512,2.709943591907752,0.0009225026709390731,0.5955850049361185,0.593035187529981,-0.007947152075553701,1.0,-0.002875117805549453,1.000762503197756,0.0018656405797188,1.0,-0.004575894104094204,1.0,-0.0007245744683520355,1.0,0.0005984603214958929,1.0,1.005309220265898,0.7186855395503011,1.253423225971484,True
20261139,ff,0,3.63,5.5,1,0,bounded,0.005,-25,3000,True,0.0001024791855457413,0.0001007184692961698,1.210307038302126,2.419692961697874,2.709032583148312,0.0009292435787343531,0.593830588418372,0.5951339874401429,0.003125323125746817,1.0,0.001088606322453052,1.002141815306232,0.0001015603989025306,1.0,-0.00283045105870355,1.0,0.001373649853274321,1.0,-0.005913537352870634,1.0,1.0174815628342602,0.718469296169788,2.4791855457412915,True
20261140,ff,0,3.63,5.5,1,0,bounded,0.005,-25,3000,True,0.0001014756006860811,0.0001007186296413731,1.208703586269383,2.421296413730617,2.709777704956266,0.0009237244440593013,0.5954269021545323,0.5935779010074137,0.00436163007432466,1.0,-0.001380384798117233,1.003505650723439,0.001705786185987074,1.0,-0.005215205043845547,1.0,-0.0001819651888631942,1.0,0.0109656727859653,1.0,1.0075157003962756,0.718629641373103,1.4756006860811022,True
20261141,ff,0,3.63,5.5,1,0,bounded,0.005,-25,3000,True,0.0001030444082941334,0.0001007184412262843,1.210587737157192,2.419412262842808,2.708615917513428,0.0009323522019568462,0.592336264832737,0.5954057101842332,-0.007167215103926384,1.0,-0.003631261493868549,1.004110021151869,-0.001397219244547971,1.0,-0.002985555117347804,1.0,0.001645106619255586,1.0,0.008652657272187463,1.0,1.023093755617438,0.7184412262843054,3.044408294133394,True
20261142,ff,0,3.63,5.5,1,0,bounded,0.005,-25,3000,True,0.0001024259209410321,0.0001007184800113838,1.210199886161377,2.419800113838622,2.70907195864059,0.0009289506623043889,0.5938936092922872,0.5950299796776258,0.01170233481270292,1.0,-0.002795598597702023,1.002231120661529,0.0001650011977316563,1.0,0.006238026047253583,1.0,0.001269667092138182,1.0,0.006296713301180736,1.0,1.0169526081951923,0.718480011383793,2.425920941032089,True
20261143,ff,0,3.63,5.5,1,0,bounded,0.005,-25,3000,True,0.0001013689890362084,0.0001007186113993767,1.208886006233192,2.421113993766808,2.709857263320852,0.0009231380137664726,0.5959385838592943,0.5937553194725863,0.005610918526823944,1.0,-0.003068771801122024,0.999607571899356,0.002218308397787815,1.0,-0.004110077082262977,1.0,-4.496370118326945e-06,1.0,0.002902137679543245,1.0,1.0064573729501964,0.7186113993767007,1.36898903620839,True
20261144,ff,0,3.63,5.5,1,0,bounded,0.005,-25,3000,True,0.0001025867244512729,0.0001007185126968767,1.209873031232351,2.420126968767649,2.708953143869667,0.0009298352002592859,0.5930745226768928,0.594712153987945,0.00180031733170661,1.0,0.00249708735708559,0.9982473985543072,-0.0006553531491177329,1.0,0.01353340523411524,1.0,0.00095176541303594,1.0,-0.003996121264444394,1.0,1.018548841760787,0.7185126968767053,2.5867244512728815,True
20261145,ff,0,3.63,5.5,1,0,bounded,0.005,-25,3000,True,0.0001020017683011414,0.0001007186311476915,1.208688523084967,2.421311476915033,2.709386193709451,0.0009266183714098522,0.5937604219066749,0.593562355044519,0.003173602261024385,1.0,-0.00568979708879567,1.001593426158211,3.515773725260439e-05,1.0,0.004163989399781957,1.0,-0.0001977589690733244,1.0,0.0005188092707605584,1.0,1.0127398192253858,0.7186311476915064,2.0017683011414045,True
20261146,ff,0,3.63,5.5,1,0,bounded,0.005,-25,3000,True,0.0001025131868685474,0.0001007186160488894,1.208839511105754,2.421160488894246,2.709007457881283,0.0009294311187220328,0.592304918995233,0.5937081653513152,-0.002731866331081299,1.0,3.89292329292248e-05,0.9973978443282552,-0.001424377075557574,1.0,-0.005738742449884928,1.0,-5.218940269202257e-05,1.0,0.009637441849183775,1.0,1.0178176675778279,0.7186160488893867,2.5131868685474013,True
20261147,ff,0,3.63,5.5,1,0,bounded,0.005,-25,3000,True,0.000101772460955905,0.0001007186137010676,1.208862989323592,2.421137010676408,2.709556584764228,0.0009253571176800269,0.5946485631302902,0.5937322584590047,0.004424983657527275,1.0,-0.000232778050399004,0.9994458440275695,0.0009251067708963692,1.0,-0.0002906151596625455,1.0,-2.7747422156522e-05,1.0,0.001931594915707497,1.0,1.0104632819705521,0.7186137010676052,1.7724609559049975,True
20261148,ff,0,3.63,5.5,1,0,bounded,0.005,-25,3000,True,0.0001031296468801362,0.000100718522537293,1.209774627070211,2.420225372929789,2.708553267065562,0.0009328213093387089,0.5912840664780198,0.5946156113031978,-0.004882708522667359,1.0,0.0002574007471597208,1.001341002374202,-0.002450089590512341,1.0,0.008230781456968931,1.0,0.000854966954740032,1.0,0.006376941883653666,1.0,1.0239392346323433,0.7185225372929871,3.1296468801361943,True
20261149,ff,0,3.63,5.5,1,0,bounded,0.005,-25,3000,True,0.000101662736129045,0.0001007186230173205,1.208769826795028,2.421230173204972,2.709638244531807,0.0009247536649501553,0.5949029708004685,0.5936419345136861,0.008433900544306016,1.0,-0.005436438347489803,0.9985579356902532,0.001180379490398469,1.0,0.004905931562205736,1.0,-0.0001180197643999182,1.0,0.01080741029929417,1.0,1.0093737690552238,0.7186230173204855,1.662736129044995,True
20261150,ff,0,3.63,5.5,1,0,bounded,0.005,-25,3000,True,0.000101626520696792,0.0001007186767078001,1.208232921998712,2.421767078001287,2.709665214945471,0.0009245546749692658,0.5944973896759101,0.5931203502769232,0.004095270360917274,1.0,0.005049150266172669,0.9993916034994728,0.0007750838836923451,1.0,-0.006981449609665171,1.0,-0.0006395873671458785,1.0,0.01088702306327136,1.0,1.0090136608091635,0.7186767078001033,1.6265206967919887,True
20261151,ff,0,3.63,5.5,1,0,bounded,0.005,-25,3000,True,0.000101890913242249,0.0001007187427997353,1.20757200264654,2.42242799735346,2.709468521947191,0.0009260090738830438,0.593028135514422,0.5924777402801801,-0.001792169407239594,1.0,0.00416060149069517,1.000902442911875,-0.0006962546928462847,1.0,0.005251138385808234,1.0,-0.001282322402606061,1.0,-0.0005518758797285559,1.0,1.0116380567303584,0.7187427997352946,1.8909132422489927,True
20261152,ff,0,3.63,5.5,1,0,bounded,0.005,-25,3000,True,0.0001014395831304054,0.0001007186868558476,1.208131441523729,2.421868558476271,2.709804574135262,0.0009235265551916896,0.5949867041131122,0.5930220761196048,0.003417543335259781,1.0,-0.001148742318526425,0.9976505060726908,0.001265872103104205,1.0,-0.003585559886952389,1.0,-0.0007377735635629743,1.0,-0.01882900564780707,1.0,1.0071575225716514,0.7186868558475945,1.4395831304053974,True
20261153,ff,0,3.63,5.5,1,0,bounded,0.005,-25,3000,True,0.0001021914263388429,0.0001007185167039787,1.209832960212615,2.420167039787385,2.709245534524107,0.0009276610751865938,0.5942729168049817,0.5946739081274764,-0.008299810334167034,1.0,0.001378876468111368,0.9989861846001532,0.000546157409922962,1.0,0.007898901266749102,1.0,0.0009137056918053576,1.0,0.002548411212068492,1.0,1.0146240203198507,0.7185167039786888,2.1914263388429056,True
20261154,ff,0,3.63,5.5,1,0,bounded,0.005,-25,3000,True,0.0001022658482794352,0.0001007186536406159,1.208463593841024,2.421536406158976,2.709190406262504,0.0009280708929398837,0.5927153897851275,0.5933433613148102,-0.006904863467862605,1.0,0.0002354453086195363,0.9962704060036766,-0.001011956328905198,1.0,-0.008888451878517634,1.0,-0.0004168772474620386,1.0,-0.01493716584512858,1.0,1.0153615500495072,0.7186536406158961,2.2658482794351897,True
20261155,ff,0,3.63,5.5,1,0,bounded,0.005,-25,3000,True,0.0001023127766259595,0.0001007186085216732,1.208914783267518,2.421085216732482,2.709155663187031,0.0009283288350640595,0.59300484357201,0.5937816443240039,-0.007065832556204137,1.0,-0.00107596402694447,0.9996874242794288,-0.000722872515596703,1.0,7.505705058867566e-05,1.0,2.138401496017376e-05,1.0,-0.004011581933004271,1.0,1.0158279401163812,0.718608521673203,2.3127766259595006,True
20261156,ff,0,3.63,5.5,1,0,bounded,0.005,-25,3000,True,0.0001019263678075415,0.0001007186143798201,1.208856201798502,2.421143798201498,2.709442181978583,0.000926203607827967,0.5941590654177648,0.5937253974609525,0.0007201263243565506,1.0,0.004556265108749724,1.003216953885284,0.0004343956887497264,1.0,0.0003340822907655859,1.0,-3.468090996255191e-05,1.0,0.0114847114259277,1.0,1.0119913626210826,0.7186143798200817,1.9263678075414958,True
20261157,ff,0,3.63,5.5,1,0,bounded,0.005,-25,3000,True,0.0001024902766918406,0.0001007185671118346,1.209328881653441,2.420671118346559,2.709024386495257,0.0009293049351088902,0.5928498799420489,0.5941836577492569,0.01226486726935809,1.0,-0.001891480200380716,0.9988851031469974,-0.0008792355129670959,1.0,-0.009594740684671357,1.0,0.000423314169801746,1.0,0.004491328092077604,1.0,1.0175906948521094,0.7185671118346004,2.490276691840587,True
20261158,ff,0,3.63,5.5,1,0,bounded,0.005,-25,3000,True,0.0001021505784235171,0.0001007185668218045,1.209331781955085,2.420668218044915,2.709275808647845,0.0009274365935801132,0.5939161630604544,0.59418706364986,0.007821736520450373,1.0,0.002483972214629853,1.002970539880982,0.0001897257029466455,1.0,-0.01402153337164576,1.0,0.0004268800579540604,1.0,-0.007418208286244152,1.0,1.014217950541792,0.7185668218045116,2.150578423517091,True
20261159,ff,0,3.63,5.5,1,0,bounded,0.005,-25,3000,True,0.0001024927950533599,0.000100718501088875,1.209989111249977,2.420010888750023,2.709022525474134,0.0009293185464336203,0.5934805390751541,0.5948250915750904,-0.01184052664241637,1.0,-0.00897464174459353,1.002758685900871,-0.0002485962367857885,1.0,0.007329552901817169,1.0,0.001064747328743789,1.0,0.003983403074301705,1.0,1.0176163658642938,0.7185010888749899,2.4927950533599086,True
20261160,ff,0,3.63,5.5,1,0,bounded,0.005,-25,3000,True,0.0001029217399735654,0.0001007186105445498,1.208894554501744,2.421105445498256,2.708706163679337,0.0009316781408190847,0.5910816040623798,0.5937609364178922,0.006221682490801683,1.0,0.001227985603543954,1.00007553098903,-0.002650912927515223,1.0,-0.004493164819449992,1.0,3.892938527210024e-07,1.0,0.00409440019274378,1.0,1.0218741046674895,0.7186105445498026,2.921739973565396,True
20261161,ff,0,3.63,5.5,1,0,bounded,0.005,-25,3000,True,0.0001024214787000038,0.0001007185196197954,1.209803802045666,2.420196197954334,2.70907524339918,0.0009289263737574571,0.5935244415273092,0.5946451817735132,-0.01374336703250501,1.0,-0.002405335848688811,0.9976504647459475,-0.0002041315440667507,1.0,-0.0005818038985013367,1.0,0.0008848709688291392,1.0,0.005389392940558291,1.0,1.0169081027663724,0.718519619795388,2.4214787000037985,True
20261162,ff,0,3.63,5.5,1,0,bounded,0.005,-25,3000,True,0.0001019432530560831,0.0001007185609070397,1.20939092960304,2.42060907039696,2.709429640563639,0.000926296282588748,0.5946233028441372,0.5942448874310652,0.01494549218010566,1.0,-0.002969930192292137,1.002972040445884,0.0008984999931629822,1.0,0.001196700109156753,1.0,0.0004848015282055791,1.0,0.006821173999467426,1.0,1.0121595477339451,0.7185609070397003,1.943253056083094,True
20261163,ff,0,3.63,5.5,1,0,bounded,0.005,-25,3000,True,0.000101550587507953,0.0001007187523418733,1.207476581267153,2.422523418732847,2.709721793149221,0.0009241373169822698,0.5940043451557063,0.5923856163079838,-0.003150292772320198,1.0,-0.004024961575440543,0.997611492649792,0.0002826380098349845,1.0,0.006862359308333978,1.0,-0.001374286168991597,1.0,0.0006301181088386418,1.0,1.0082589899769228,0.7187523418732855,1.5505875079530052,True
20261164,ff,0,3.63,5.5,1,0,bounded,0.005,-25,3000,True,0.0001018774521276083,0.0001007185979066283,1.209020933717157,2.420979066282843,2.709478524741404,0.0009259345117905756,0.59447184844765,0.5938855299808887,-0.01262263905710866,1.0,0.003052113696770588,1.001958216186764,0.0007475643587764955,1.0,0.00461962269302608,1.0,0.000125474777011171,1.0,0.002537080173510086,1.0,1.011505861331135,0.7185979066282933,1.8774521276083034,True
20261165,ff,0,3.63,5.5,1,0,bounded,0.005,-25,3000,True,0.0001025701582000931,0.000100718492938015,1.210070619849984,2.419929380150015,2.708965376343748,0.0009297440141531311,0.5933174145295376,0.5949041451933894,-0.007035335629441817,1.0,-0.008298238674912256,1.000157263535262,-0.00041233069341844,1.0,0.002021875381393003,1.0,0.001143764575944642,1.0,0.002411239677331915,1.0,1.018384560849393,0.7184929380150029,2.570158200093098,True
20261166,ff,0,3.63,5.5,1,0,bounded,0.005,-25,3000,True,0.0001015091609810508,0.0001007187822009751,1.207177990248909,2.422822009751091,2.70975267690604,0.0009239095794731596,0.5938456982297052,0.5920955691348497,-0.000595672768934632,1.0,0.008885341725503251,1.002735274032919,0.00012431768433026,1.0,-0.0127358373663782,1.0,-0.001664314066529527,1.0,-0.003334840272774884,1.0,1.0078473822141591,0.7187822009750988,1.5091609810508055,True
20261167,ff,0,3.63,5.5,1,0,bounded,0.005,-25,3000,True,0.000102643906588769,0.000100718461723533,1.210382764669777,2.419617235330223,2.708910934881709,0.0009301495169823027,0.5933887283590128,0.5952072713837103,-0.01497480886447858,1.0,-2.026269781644064e-05,1.003375765416478,-0.0003415982776892668,1.0,0.0006083819513796392,1.0,0.001446856278969018,1.0,-0.009615060430042633,1.0,1.0191170996090195,0.7184617235330037,2.643906588768985,True
20261168,ff,0,3.63,5.5,1,0,bounded,0.005,-25,3000,True,0.0001022392266065691,0.0001007185043508733,1.209956491267063,2.420043508732937,2.709210122042583,0.0009279239318174693,0.5942426659880562,0.594793839376043,-0.002683131917634688,1.0,0.000474481931436896,0.9980962063817962,0.0005155297465193415,1.0,-0.004380140968778245,1.0,0.00103361452532266,1.0,-0.002024363426653921,1.0,1.0150987374712999,0.7185043508733058,2.2392266065691,True
20261169,ff,0,3.63,5.5,1,0,bounded,0.005,-25,3000,True,0.0001017808691655003,0.0001007186670362461,1.208329637539295,2.421670362460705,2.709550330567329,0.0009254035564394664,0.5941062843824458,0.5932140509201741,0.0005733219041888315,1.0,-9.364485505592628e-05,1.001569210827139,0.0003827617367075651,1.0,-0.001574820588983615,1.0,-0.0005459593402657039,1.0,-0.0001431655604942218,1.0,1.0105462290210012,0.7186670362461012,1.7808691655003095,True
20261170,ff,0,3.63,5.5,1,0,bounded,0.005,-25,3000,True,0.0001015687237552303,0.0001007187664714802,1.207335285197918,2.422664714802082,2.709708276152746,0.0009242371176328951,0.5938106805436221,0.5922482983214327,0.02092658193812475,1.0,0.003782216967164799,0.997933500200806,8.88304155225733e-05,1.0,0.001641079200277605,1.0,-0.001511612808192486,1.0,0.01813170876452518,1.0,1.0084389167334646,0.7187664714801922,1.5687237552302946,True
20261171,ff,0,3.63,5.5,1,0,bounded,0.005,-25,3000,True,0.0001014951924123491,0.0001007187016635344,1.207983364656242,2.422016635343758,2.709763093219701,0.0009238324599942378,0.5946686537959694,0.5928781085761353,-0.0101033901121408,1.0,-0.006371433775833327,0.995506521122997,0.0009473833728303834,1.0,-0.01352769255367586,1.0,-0.0008817674133260044,1.0,0.006543499541701091,1.0,1.007709499189224,0.7187016635343824,1.4951924123491,True
20261172,ff,0,3.63,5.5,1,0,bounded,0.005,-25,3000,True,0.0001019984050463823,0.0001007186595634687,1.208404365312337,2.421595634687663,2.709388690255293,0.0009265999766581848,0.5934961207980683,0.5932862788143936,0.006090073555108664,1.0,0.002415427186164012,0.9987103642547523,-0.0002291168549804611,1.0,0.003101897089084121,1.0,-0.0004738338386483943,1.0,-0.006977980444198677,1.0,1.0127061409321791,0.7186595634686821,1.99840504638229,True
20261173,ff,0,3.63,5.5,1,0,bounded,0.005,-25,3000,True,0.0001014575751431739,0.0001007187314579642,1.207685420358269,2.422314579641731,2.709791150940141,0.000923625673167407,0.5944986980712671,0.5925886888948899,0.0002936939818436183,1.0,0.003719126244532046,0.9996343008504428,0.0007777242172930146,1.0,-0.006846334416140873,1.0,-0.001171169612514257,1.0,0.00356977093970449,1.0,1.0073357127767049,0.7187314579641946,1.457575143173906,True
20261174,ff,0,3.63,5.5,1,0,bounded,0.005,-25,3000,True,0.0001021369941148525,0.0001007186647696721,1.208352303278827,2.421647696721173,2.70928587905708,0.0009273622354332334,0.5930113678508134,0.5932354561066486,0.0008322064639053385,1.0,0.002629860653257014,0.9991181362359591,-0.0007149624069744369,1.0,-0.000983735081695437,1.0,-0.0005247218576226717,1.0,0.0005931543060117189,1.0,1.014082090429057,0.7186647696720838,2.1369941148525085,True
20261175,ff,0,3.63,5.5,1,0,bounded,0.005,-25,3000,True,0.0001021923647447292,0.0001007185482797132,1.209517202868163,2.420482797131837,2.709244839164286,0.0009276663510389121,0.5939645850360822,0.5943671364512366,-0.01542072579177113,1.0,-5.251414913284399e-05,1.000481108739415,0.0002378182442002783,1.0,0.006301155391371179,1.0,0.0006069333253873765,1.0,0.009248239352921477,1.0,1.0146330193414121,0.7185482797131826,2.1923647447291916,True
20261176,ff,0,3.63,5.5,1,0,bounded,0.005,-25,3000,True,0.0001017465749315943,0.0001007187306756734,1.207693243265693,2.422306756734307,2.709575842340865,0.0009252151691642356,0.5935983678178274,0.5925957893622408,-0.001189346564478517,1.0,0.002311665811838845,1.00035983552108,-0.0001248844563333295,1.0,-0.0006285017592368376,1.0,-0.001164205247224273,1.0,0.002255220138228518,1.0,1.0102050954080297,0.7187306756734069,1.7465749315942913,True
20261177,ff,0,3.63,5.5,1,0,bounded,0.005,-25,3000,True,0.0001020404043314987,0.0001007187506502087,1.207493497913148,2.422506502086852,2.709357519668438,0.0009268313033712248,0.5924834104928971,0.5924012047689977,0.02483154554915083,1.0,0.002762240355459928,0.999119963524256,-0.001242158269317816,1.0,-0.0007204105110755225,1.0,-0.001358928380332278,1.0,-0.0005553371299768192,1.0,1.0131222207658237,0.7187506502086993,2.0404043314986797,True
20261178,ff,0,3.63,5.5,1,0,bounded,0.005,-25,3000,True,0.0001015006762265518,0.000100718821185582,1.206788144179781,2.423211855820219,2.709759003798835,0.0009238630548372251,0.5934952527984486,0.5917167940232468,0.005124743928475538,1.0,-0.01052101395087212,1.001488694114018,-0.0002260608529741072,1.0,0.00570122325354934,1.0,-0.002043085488649169,1.0,0.005179299968448497,1.0,1.0077627501172715,0.718821185581997,1.5006762265518114,True
20261179,ff,0,3.63,5.5,1,0,bounded,0.005,-25,3000,True,0.0001025208263972193,0.0001007183574083513,1.211425916486991,2.418574083513009,2.709001813722891,0.0009294721972645192,0.5947824005889767,0.5962208968799033,-0.003367931741234153,1.0,0.002575770930632298,1.000155452339554,0.001053044279126329,1.0,-0.008186330374580695,1.0,0.002460540561449569,1.0,0.003243827838541269,1.0,1.017896131700799,0.7183574083512889,2.5208263972193112,True
20261180,ff,0,3.63,5.5,1,0,bounded,0.005,-25,3000,True,0.0001022600449145888,0.0001007186153972599,1.208846027400909,2.42115397259909,2.709194703776222,0.0009280388356096554,0.5931034532566488,0.593714934640217,0.001338867339305435,1.0,-0.007913298705403018,0.9976295131020868,-0.0006238471066840449,1.0,-0.005853517200929264,1.0,-4.530088823560074e-05,1.0,-0.003555914855747425,1.0,1.015304316002053,0.718615397259903,2.260044914588799,True
20261181,ff,0,3.63,5.5,1,0,bounded,0.005,-25,3000,True,0.0001018639795741532,0.0001007187142575975,1.207857424024919,2.422142575975081,2.709488537270049,0.000925860835100778,0.5933887144882996,0.5927551056593631,-0.005468721072466419,1.0,0.007561077099933593,1.000200011124651,-0.0003354633808072105,1.0,-0.00217210133939882,1.0,-0.001004944114245475,1.0,0.001572962016240902,1.0,1.011370928679913,0.7187142575975081,1.863979574153185,True
20261182,ff,0,3.63,5.5,1,0,bounded,0.005,-25,3000,True,0.0001015094697374846,0.0001007185814900477,1.209185099522468,2.420814900477532,2.709752446682554,0.0009239105490526726,0.5957861935137445,0.5940456638215,-0.007173493498636383,1.0,0.002532593114417355,0.9952806711150732,0.002064810525580596,1.0,-0.000977592017559606,1.0,0.0002857820527647894,1.0,-0.002788955994037757,1.0,1.0078524561777613,0.7185814900476872,1.5094697374845811,True
20261183,ff,0,3.63,5.5,1,0,bounded,0.005,-25,3000,True,0.0001022794861944281,0.0001007186233853378,1.208766146621627,2.421233853378372,2.709180307994715,0.0009281457916458754,0.592965314921008,0.5936372911940008,-0.003754767835201889,1.0,-0.000928877273028388,0.99925517254985,-0.0007621387123316447,1.0,0.0008238869043662218,1.0,-0.0001229535533590205,1.0,-0.009204004836363449,1.0,1.0154972611482052,0.718623385337791,2.279486194428104,True
20261184,ff,0,3.63,5.5,1,0,bounded,0.005,-25,3000,True,0.0001021992819838485,0.0001007185917182788,1.209082817211342,2.420917182788657,2.709239713665989,0.0009277045535360037,0.593522784719173,0.5939450963729758,-0.001404324476472454,1.0,-0.001497680363581506,0.9973399371140548,-0.0002040366047320505,1.0,0.000856629489804158,1.0,0.000184889647784299,1.0,-0.007718587057276492,1.0,1.014701260614439,0.7185917182787938,2.199281983848489,True
20261185,ff,0,3.63,5.5,1,0,bounded,0.005,-25,3000,True,0.0001016670216116627,0.0001007187046820808,1.207953179192112,2.422046820807887,2.70963505363355,0.000924777531547594,0.5940995910624386,0.5928484827988263,0.003735001261025213,1.0,-0.001030843790704203,0.9968459471150027,0.0003769659699468218,1.0,-0.00545412645968158,1.0,-0.0009114741396145552,1.0,-0.0101867169412006,1.0,1.0094154996589288,0.7187046820807952,1.6670216116627001,True
20261186,ff,0,3.63,5.5,1,0,bounded,0.005,-25,3000,True,0.000102082799445336,0.0001007185127635238,1.209872364761907,2.420127635238092,2.709326067442193,0.0009270636129685714,0.5946514112537535,0.5947123789089109,-0.0061408731386074,1.0,-0.004091824230466609,0.9982838294170292,0.0009255082478377605,1.0,0.0007975877684564554,1.0,0.000952227663448354,1.0,0.003625797622688489,1.0,1.013545540381592,0.7185127635237931,2.082799445335981,True
20261187,ff,0,3.63,5.5,1,0,bounded,0.005,-25,3000,True,0.0001028195255502933,0.0001007183883834102,1.211116165897696,2.418883834102304,2.708781438671894,0.0009311151550462124,0.5935492594922469,0.5959194642277693,0.0002426209210755095,1.0,0.003916201606338902,1.002923465362577,-0.0001824516783260098,1.0,-0.004248592018783465,1.0,0.002158966989603388,1.0,-0.008700333854062643,1.0,1.020861505040019,0.7183883834101845,2.8195255502933003,True
20261188,ff,0,3.63,5.5,1,0,bounded,0.005,-25,3000,True,0.0001027745322826395,0.0001007184775003057,1.21022499694249,2.419775003057509,2.708814595715298,0.0009308680155681289,0.5928279680590224,0.5950537717216253,0.005398288658657604,1.0,-0.005154231908287911,0.9978645343764028,-0.0009033883936666104,1.0,0.006859562227724323,1.0,0.001293294972940292,1.0,-0.00499365312409122,1.0,1.0204138786979535,0.718477500305692,2.774532282639508,True
20261189,ff,0,3.63,5.5,1,0,bounded,0.005,-25,3000,True,0.0001018663120468926,0.0001007187396037861,1.20760396213925,2.42239603786075,2.709486803735154,0.0009258737557073086,0.5931362292654236,0.5925088352316827,0.008657499593643349,1.0,0.004847877722419295,0.9972487817457888,-0.0005879669913232607,1.0,0.001285122391281688,1.0,-0.001251215839754567,1.0,-0.0001108351008413005,1.0,1.0113938324448946,0.7187396037861005,1.8663120468926042,True
20261190,ff,0,3.63,5.5,1,0,bounded,0.005,-25,3000,True,0.0001022574261391523,0.0001007185385762502,1.209614237497773,2.420385762502226,2.70919664310898,0.0009280241534848103,0.5938546531690364,0.5944612969578624,0.002645171756601524,1.0,-0.001458281297067715,0.9982961205135455,0.000127373448218037,1.0,0.01038429586844341,1.0,0.000701063266735424,1.0,-0.0006305401428183768,1.0,1.0152790894770287,0.7185385762501939,2.2574261391522965,True
20261191,ff,0,3.63,5.5,1,0,bounded,0.005,-25,3000,True,0.0001023548669505008,0.0001007185546843959,1.209453156040695,2.420546843959305,2.709124514545643,0.0009285601364198857,0.5933937838734052,0.5943046307413059,0.002954837924563178,1.0,0.0002278088037127044,0.9996615292513615,-0.0003342640462050179,1.0,0.006325435057479514,1.0,0.0005443510325320065,1.0,0.001953054975178706,1.0,1.0162463835112838,0.7185546843959001,2.3548669505008,True
20261192,ff,0,3.63,5.5,1,0,bounded,0.005,-25,3000,True,0.0001020782221661225,0.000100718670249169,1.208297508310194,2.421702491689806,2.709329462662469,0.0009270390096058245,0.5931425485149817,0.5931823196873285,0.009019017648729682,1.0,-0.005717860657033665,1.00106200086425,-0.000583318397971019,1.0,0.002908172768439572,1.0,-0.0005778306406384253,1.0,-0.01000714041447336,1.0,1.0134985093984075,0.7186702491689845,2.078222166122501,True
20261193,ff,0,3.63,5.5,1,0,bounded,0.005,-25,3000,True,0.0001018107098850134,0.0001007186777708398,1.208222291601963,2.421777708398037,2.709528138324222,0.0009255677193633138,0.5939087949124754,0.5931097029689505,0.006142592947775367,1.0,-6.843444964503566e-05,0.999965615262949,0.0001850370090313138,1.0,0.006840668044418979,1.0,-0.0006503214297763582,1.0,0.00199823146017465,1.0,1.010842399228654,0.718677770839804,1.8107098850133951,True
20261194,ff,0,3.63,5.5,1,0,bounded,0.005,-25,3000,True,0.0001022023667610999,0.0001007186828566327,1.208171433672407,2.421828566327592,2.709237428028768,0.00092772185064345,0.5926316235348268,0.5930596116548321,-0.0009165067627454044,1.0,0.003205180189912111,0.9988594232494148,-0.001095222104847198,1.0,-0.006465224411737541,1.0,-0.0007005972397268935,1.0,0.0003299832509444825,1.0,1.0147309700880338,0.7186828566327019,2.2023667610999054,True
20261195,ff,0,3.63,5.5,1,0,bounded,0.005,-25,3000,True,0.0001015242128112331,0.000100718706100899,1.20793899101016,2.422061008989839,2.709741454304749,0.0009239920882955097,0.5945345207980839,0.5928349447790444,0.0003501353864071146,1.0,-0.00665105871147396,0.9997144907518448,0.0008130215835362644,1.0,0.003101700595622845,1.0,-0.0009249449128767422,1.0,-0.001686374830054997,1.0,1.0079975879508136,0.7187061008989915,1.5242128112330944,True
20261196,ff,0,3.63,5.5,1,0,bounded,0.005,-25,3000,True,0.0001010970646139402,0.0001007187059349012,1.207940650987401,2.422059349012599,2.710060539509307,0.0009216427726081614,0.5958799554206615,0.5928372971943625,-0.01546102417699907,1.0,0.003449625390831795,1.001170353882996,0.002161823772567335,1.0,0.003552103303837498,1.0,-0.0009223913251465004,1.0,-0.01309708981439453,1.0,1.003756587969702,0.7187059349011982,1.0970646139401907,True
20261197,ff,0,3.63,5.5,1,0,bounded,0.005,-25,3000,True,0.0001015864684069872,0.0001007186740647859,1.208259352140618,2.421740647859382,2.709695053192885,0.0009243343777812608,0.5946487794691512,0.5931460989383202,-0.007415093971883877,1.0,-0.0005717993100211364,1.0009711860898,0.0009267894415453768,1.0,-0.00866621957566581,1.0,-0.0006138198217844338,1.0,-0.007214638173069781,1.0,1.008616022304296,0.7186740647858958,1.586468406987196,True
20261198,ff,0,3.63,5.5,1,0,bounded,0.005,-25,3000,True,0.0001019948347251348,0.000100718603902542,1.208960974579545,2.421039025420455,2.709391340590699,0.0009265801378421826,0.5940456836196362,0.5938270726337925,0.005763028891074442,1.0,0.001493021726783154,1.000513229423837,0.0003204741118377842,1.0,0.000952009430341019,1.0,6.696209985714069e-05,1.0,0.001507768841365714,1.0,1.0126712521137378,0.7186039025419921,1.9948347251347975,True
20261199,ff,0,3.63,5.5,1,0,bounded,0.005,-25,3000,True,0.0001017454319007687,0.0001007186392724997,1.208607275002854,2.421392724997146,2.709576692789392,0.0009252085507012141,0.5944860731584799,0.5934838601464729,-0.00649297156344532,1.0,-0.001484918619371827,0.99884812864592,0.0007628298918327132,1.0,-0.001280355275686128,1.0,-0.0002761332060168397,1.0,-0.00525202464491932,1.0,1.0101946634276,0.7186392724996882,1.7454319007687014,True
20261200,ff,0,3.63,5.5,1,0,bounded,0.005,-25,3000,True,0.0001014867749971931,0.0001007186757262862,1.208242737137599,2.421757262862401,2.709769370703087,0.0009237860700587856,0.59494600259134,0.5931301285372946,0.0009544289505240716,1.0,0.003594331713891869,1.001037558327894,0.001224798528488151,1.0,0.01210692211080788,1.0,-0.0006297432839901756,1.0,-0.0005171711117078822,1.0,1.007626185167429,0.7186757262861887,1.4867749971930966,True
20261201,ff,0,3.63,5.5,1,0,bounded,0.005,-25,3000,True,0.0001028978365947868,0.0001007186265133554,1.208734866445905,2.421265133554094,2.708723760886655,0.000931546730202349,0.5910017824756895,0.5936058296939336,-0.01043853096857434,1.0,0.0006895593654756067,0.9998227708939068,-0.002730546066329201,1.0,-0.004962613229656354,1.0,-0.0001547062980010029,1.0,0.007452089645561427,1.0,1.0216366143668811,0.7186265133553915,2.8978365947867957,True
20261202,ff,0,3.63,5.5,1,0,bounded,0.005,-25,3000,True,0.0001015157756475542,0.0001007186919522141,1.208080477859111,2.421919522140889,2.709747744838535,0.0009239456325360871,0.5946978974295695,0.5929724280905642,-0.01073082564697453,1.0,0.007901080363967075,0.997171580477871,0.0009764647314833063,1.0,-0.008255921290210301,1.0,-0.0007874575164858407,1.0,0.0001434812755315426,1.0,1.0079139599600666,0.7186919522140789,1.515775647554185,True
20261203,ff,0,3.63,5.5,1,0,bounded,0.005,-25,3000,True,0.0001021190821895762,0.0001007186006803042,1.208993196957723,2.421006803042276,2.709299159553038,0.0009272634871996899,0.5936873772013895,0.5938581636239273,0.004455202031808304,1.0,-0.002478733772151129,1.003016610794004,-3.881184564340239e-05,1.0,0.009854911353837273,1.0,9.79945993826524e-05,1.0,0.003022380880125292,1.0,1.0139048944267737,0.7186006803041822,2.1190821895761935,True
20261204,ff,0,3.63,5.5,1,0,bounded,0.005,-25,3000,True,0.0001024458080103746,0.0001007185891653269,1.209108346730453,2.420891653269547,2.709057255028667,0.0009290604374147921,0.5927757024143245,0.5939694730075209,0.000763252167944967,1.0,-0.002850990432583673,0.9954031369941858,-0.0009530624601523775,1.0,-0.0002869744984756556,1.0,0.000209150197800973,1.0,-0.005020186480831006,1.0,1.0171489578970623,0.7185891653268994,2.445808010374595,True
20261205,ff,0,3.63,5.5,1,0,bounded,0.005,-25,3000,True,0.0001020582366410299,0.0001007185296605085,1.209703394914368,2.420296605085632,2.709344288691442,0.0009269285788808075,0.5945649794455714,0.594548261623559,0.0001457252789446174,1.0,-0.002146075078202579,0.9986378778821242,0.0008392700879825045,1.0,-0.00502614091340222,1.0,0.0007881218133964638,1.0,-0.003535358480818315,1.0,1.0133014946210708,0.7185296605084934,2.058236641029887,True
20261206,ff,0,3.63,5.5,1,0,bounded,0.005,-25,3000,True,0.0001017553427604394,0.0001007187416171612,1.207583828387756,2.422416171612244,2.709569319115008,0.0009252634319401561,0.5934650079432049,0.5924894651017684,-0.006008759411133571,1.0,-0.006145722267808427,0.9960687025166708,-0.0002583134543011609,1.0,-0.008595748486616693,1.0,-0.001270533723026838,1.0,-0.003866553393590654,1.0,1.0102920382704779,0.7187416171611893,1.7553427604394045,True
20261207,ff,0,3.63,5.5,1,0,bounded,0.005,-25,3000,True,0.0001019258885735912,0.0001007185794398978,1.209205601022036,2.420794398977964,2.709442537954981,0.0009262008452091269,0.5944985154715561,0.5940648612178571,0.003155914161660602,1.0,-0.001964088796031052,1.001635125049943,0.0007738495192245612,1.0,-0.002397825409691637,1.0,0.0003047833473414758,1.0,-0.01560414757201454,1.0,1.0119869555389613,0.7185794398977929,1.9258885735911946,True
20261208,ff,0,3.63,5.5,1,0,bounded,0.005,-25,3000,True,0.0001019268334937156,0.0001007187354317744,1.207645682256137,2.422354317743863,2.70944183606704,0.0009262066085206211,0.5929867299034657,0.5925492663409722,0.007736401304545674,1.0,0.007170023311219616,1.00140292145706,-0.0007379434917431708,1.0,-0.004161472697257233,1.0,-0.00121081320102065,1.0,0.00551385391856195,1.0,1.0119947699577656,0.7187354317744088,1.9268334937156073,True
20261209,ff,0,3.63,5.5,1,0,bounded,0.005,-25,3000,True,0.0001023480638781021,0.0001007185822990802,1.209177009197977,2.420822990802023,2.709129548301064,0.0009285228197630111,0.5931479977533458,0.5940363517770663,-0.004233502758506359,1.0,0.002191953051533766,0.9963296998926979,-0.0005799965313579635,1.0,0.01583236769315985,1.0,0.0002760750551956131,1.0,-6.836965159307955e-05,1.0,1.0161785595252246,0.7185822990801949,2.3480638781020913,True
20261210,ff,0,3.63,5.5,1,0,bounded,0.005,-25,3000,True,0.0001013662069281711,0.000100718778910502,1.207210894980223,2.422789105019777,2.709859340498932,0.0009231233202377506,0.5943269762901151,0.5921277879157616,0.0008211072838240684,1.0,0.002520285165311715,1.00253721533279,0.0006067227694717621,1.0,-0.001531063419372918,1.0,-0.001632027933669785,1.0,-0.009828376965527845,1.0,1.0064280765183264,0.7187789105019826,1.3662069281710876,True
20261211,ff,0,3.63,5.5,1,0,bounded,0.005,-25,3000,True,0.000101966362497004,0.00010071848519154,1.210148084599948,2.419851915400051,2.709412479307999,0.0009264231096665863,0.5952831404588244,0.5949804491156109,-0.008348542814788435,1.0,0.002975476934769621,1.001984695308394,0.00155815541477346,1.0,0.003937960531311574,1.0,0.001220352924415851,1.0,-0.003208430410927335,1.0,1.0123897545032658,0.7184851915399859,1.9663624970039928,True
20261212,ff,0,3.63,5.5,1,0,bounded,0.005,-25,3000,True,0.0001023810392940288,0.0001007185021675249,1.209978324750555,2.420021675249445,2.709105151913115,0.0009287038936730161,0.593819784385241,0.5948148056699464,-0.001440990037698658,1.0,0.008582538480464419,1.001189076853565,9.153012717877803e-05,1.0,0.004510172593423505,1.0,0.001054514047883959,1.0,0.006590334991158822,1.0,1.0165067697664785,0.7185021675248926,2.381039294028797,True
20261213,ff,0,3.63,5.5,1,0,bounded,0.005,-25,3000,True,0.0001022658502421319,0.000100718558669701,1.20941330298985,2.42058669701015,2.709190404809133,0.0009280705589904076,0.5936339343323714,0.5942660657531456,0.006910782714540984,1.0,-0.004071397318620443,1.004822241839499,-9.341180118145335e-05,1.0,0.002903864062173908,1.0,0.0005058279365892298,1.0,-0.01570676413659599,1.0,1.0153625269549889,0.7185586697010082,2.265850242131906,True
20261214,ff,0,3.63,5.5,1,0,bounded,0.005,-25,3000,True,0.0001020606706759591,0.000100718657994789,1.208420052109752,2.421579947890248,2.709342482886217,0.0009269424319263819,0.5933160900768069,0.5933014120911438,-0.00753677108905918,1.0,0.002071404943128233,1.003016874488711,-0.0004096384646857282,1.0,-0.001513602937932008,1.0,-0.0004587298743245931,1.0,-0.003727163242865516,1.0,1.0133243701602888,0.718657994789007,2.0606706759590976,True
20261215,ff,0,3.63,5.5,1,0,bounded,0.005,-25,3000,True,0.0001021288340550602,0.0001007183761987681,1.211238012318918,2.418761987681082,2.709291928926898,0.0009273163075919153,0.5958279236364272,0.5960390313254645,-0.0008900982979482738,1.0,-0.007810305482223901,0.9986621966710676,0.002101657698334901,1.0,0.004813735628889731,1.0,0.002278859473091103,1.0,-0.002765918493356887,1.0,1.014003977322952,0.7183761987680892,2.1288340550601914,True
20261216,ff,0,3.63,5.5,1,0,bounded,0.005,-25,3000,True,0.000101470511847877,0.000100718637591838,1.208624081619613,2.421375918380387,2.70978150070144,0.000923696484309328,0.5953659960963417,0.5935006650476373,-0.00473038858006359,1.0,0.00288040799354703,0.9941872420192855,0.001644920247637507,1.0,-0.007827680078254498,1.0,-0.000259198814463673,1.0,0.006955247851959567,1.0,1.0074650955773048,0.7186375918379895,1.4705118478770096,True
20261217,ff,0,3.63,5.5,1,0,bounded,0.005,-25,3000,True,0.0001029543910445501,0.0001007185314999346,1.209685000653304,2.420314999346695,2.708682132743939,0.0009318574347774556,0.5917441413370776,0.5945288394894153,-0.01216760587456242,1.0,0.00317835714511021,1.00094846885343,-0.001988633067535161,1.0,0.00934889002335899,1.0,0.0007682776094685053,1.0,-0.0008281655619430943,1.0,1.0221990880061327,0.7185314999345938,2.9543910445500865,True
20261218,ff,0,3.63,5.5,1,0,bounded,0.005,-25,3000,True,0.0001016316047542514,0.0001007186564223065,1.208435776934875,2.421564223065125,2.709661428197309,0.0009245825636488123,0.5946776366545837,0.5933174329308118,0.001784572958193202,1.0,-0.001310754434393467,0.998053798455868,0.0009552907797506295,1.0,0.00918674148398938,1.0,-0.0004425069481658127,1.0,0.004003358029465724,1.0,1.0090643418446426,0.7186564223065073,1.6316047542513923,True
20261219,ff,0,3.63,5.5,1,0,bounded,0.005,-25,3000,True,0.0001020532000099888,0.0001007185341172979,1.209658827021135,2.420341172978865,2.709348025484621,0.0009269008935883517,0.5945376625509308,0.5945049709735815,0.004855112127739885,1.0,-0.001210176727215705,1.004058275306671,0.0008119929011994484,1.0,-0.0156318712679719,1.0,0.0007448335004316163,1.0,0.001892316527745636,1.0,1.0132514427894328,0.7185341172978976,2.053200009988787,True
20261220,ff,0,3.63,5.5,1,0,bounded,0.005,-25,3000,True,0.0001020457950101222,0.0001007186831568333,1.208168431666863,2.421831568333137,2.709353519737922,0.0009268607071023492,0.5931193436025147,0.5930569659931075,0.007729976508575684,1.0,-0.003174112776847101,1.001198378511639,-0.0006062676614875192,1.0,0.009982285345363513,1.0,-0.0007031691643504356,1.0,0.002534969695859851,1.0,1.0131764218086767,0.7186831568332996,2.045795010122209,True
20261221,ff,0,3.63,5.5,1,0,bounded,0.005,-25,3000,True,0.0001015495510599589,0.0001007186717046924,1.208282953075526,2.421717046924473,2.709722565684858,0.0009241313238056621,0.5947876062267453,0.5931690932849469,0.003395409132061306,1.0,0.00791809363857381,0.9995183668274592,0.001065907248584839,1.0,0.005295635708087843,1.0,-0.0005908080699304596,1.0,0.0008779566989356367,1.0,1.008249506682362,0.7186717046923974,1.5495510599588869,True
20261222,ff,0,3.63,5.5,1,0,bounded,0.005,-25,3000,True,0.000102683832450941,0.0001007184877960849,1.210122039150759,2.419877960849241,2.708881476605699,0.0009303692038674114,0.5930117903725629,0.5949539033421072,0.001398667944136127,1.0,-0.003232856611700956,0.9976537863537144,-0.0007188510275719895,1.0,0.008137236103037711,1.0,0.001193469228723881,1.0,0.006743128009137167,1.0,1.0195132462555945,0.718487796084899,2.6838324509409928,True
20261223,ff,0,3.63,5.5,1,0,bounded,0.005,-25,3000,True,0.0001019870681976425,0.000100718688901661,1.20811098338942,2.42188901661058,2.709397106169872,0.000926537730487645,0.5932478965533513,0.5930012511861811,0.0009340479962282763,1.0,-0.00188751678758279,1.001097428994352,-0.0004772517212158922,1.0,0.007119036213206244,1.0,-0.0007588563582752177,1.0,0.002689682520402291,1.0,1.012593286408046,0.7186889016610021,1.9870681976424942,True
20261224,ff,0,3.63,5.5,1,0,bounded,0.005,-25,3000,True,0.0001023581013845903,0.0001007186224059119,1.20877594088123,2.42122405911877,2.709122121420171,0.0009285781716361411,0.5927286734321453,0.5936466709095971,-0.001948873732681126,1.0,-0.00606060167878917,1.002081236977351,-0.0009993999840526707,1.0,-0.0102801777351487,1.0,-0.0001136108549005472,1.0,-0.002170095174230108,1.0,1.0162778137698412,0.7186224059118951,2.3581013845902943,True
20261225,ff,0,3.63,5.5,1,0,bounded,0.005,-25,3000,True,0.0001020673727746928,0.0001007186480342949,1.20851965705099,2.42148034294901,2.709337510821152,0.0009269792573128866,0.5933914231853034,0.593398174941271,0.006709847690578114,1.0,0.0003175433287797375,0.9997544903648384,-0.000334358194447855,1.0,-0.006762179619244781,1.0,-0.0003619701023690987,1.0,-0.0001042422700355765,1.0,1.0133910131511956,0.7186480342949109,2.0673727746927995,True
20261226,ff,0,3.63,5.5,1,0,bounded,0.005,-25,3000,True,0.0001022363656704411,0.0001007185652004509,1.20934799549113,2.42065200450887,2.709212241111921,0.0009279084175526232,0.5936631077781087,0.5942026673924853,0.007427917589147365,1.0,-0.0003961722238716105,0.9980193320074772,-6.400590589358989e-05,1.0,-0.004168581029920211,1.0,0.0004424434107200331,1.0,-0.0003441348499357565,1.0,1.0150697189437663,0.7185652004509047,2.2363656704410984,True
20261227,ff,0,3.63,5.5,1,0,bounded,0.005,-25,3000,True,0.0001025844873415576,0.000100718511566377,1.20988433622937,2.42011566377063,2.708954795637737,0.0009298228920523247,0.5930924508355235,0.5947231410088683,-0.003869001106587098,1.0,0.002361431471893729,0.9996747316624948,-0.0006374073537617114,1.0,-0.006580678124262974,1.0,0.0009627534964606902,1.0,0.0004657741942354308,1.0,1.0185266416884136,0.7185115663769892,2.5844873415576064,True
20261228,ff,0,3.63,5.5,1,0,bounded,0.005,-25,3000,True,0.0001024323578517877,0.0001007185841975172,1.209158024827846,2.420841975172154,2.709067199184612,0.0009289864435095677,0.5928658326389048,0.5940177614430062,0.001070949355136624,1.0,-0.003581571118802108,1.002528244717418,-0.0008628261981744501,1.0,-0.003327843356201664,1.0,0.0002574450068670372,1.0,-0.001987556219632473,1.0,1.0170154660922321,0.7185841975172025,2.432357851787681,True
20261229,ff,0,3.63,5.5,1,0,bounded,0.005,-25,3000,True,0.0001023531586168663,0.0001007186284452983,1.208715547016418,2.421284452983582,2.709125778553086,0.000928551008336781,0.5926857322110513,0.5935880024495298,-0.007033610873905223,1.0,0.000911712411140898,1.002571677465725,-0.00104230223733943,1.0,0.001125885150443569,1.0,-0.0001722770345732241,1.0,-0.003505188215804324,1.0,1.0162286778205656,0.7186284452983083,2.353158616866291,True
20261230,ff,0,3.63,5.5,1,0,bounded,0.005,-25,3000,True,0.00010194588090698,0.0001007186563751044,1.208436248955567,2.421563751044433,2.709427688917754,0.0009263110823176718,0.5936916700484103,0.5933173474265296,-0.0008718962162214399,1.0,-0.001810685198048637,1.000055851296556,-3.315351589430292e-05,1.0,-0.000155352732413335,1.0,-0.0004427404645022088,1.0,0.008378593757262626,1.0,1.0121846793438654,0.7186563751043984,1.945880906980002,True
20261231,ff,0,3.63,5.5,1,0,bounded,0.005,-25,3000,True,0.000102136325082574,0.0001007187750123914,1.207249876085418,2.422750123914582,2.709286375060791,0.0009273589559368486,0.5919471475488278,0.5921643297344122,-0.002521744007311102,1.0,0.003992483855450786,0.9983922826671138,-0.00177917742976409,1.0,-0.004124568626421218,1.0,-0.00159584878151073,1.0,-0.001378818445718074,1.0,1.0140743378779995,0.7187750123913927,2.1363250825739977,True
20261232,ff,0,3.63,5.5,1,0,bounded,0.005,-25,3000,True,0.0001015256310916773,0.0001007187295597669,1.207704402331161,2.422295597668839,2.709740396918954,0.0009239999739936956,0.5943031446262034,0.5926070141916389,-0.005241259914837443,1.0,-0.0005126338245592977,0.9993723264140559,0.0005816342311921532,1.0,0.001370270991264204,1.0,-0.001152876352661984,1.0,0.006979710629886397,1.0,1.008011434769256,0.7187295597668841,1.525631091677293,True
20261233,ff,0,3.63,5.5,1,0,bounded,0.005,-25,3000,True,0.0001015743484147418,0.0001007186951155514,1.208048844485412,2.421951155514588,2.709704084535671,0.0009242677942383463,0.5944832376526815,0.5929415917248373,0.003416411985126912,1.0,0.001485527043654455,1.000084136727223,0.0007613431777495559,1.0,-0.008042311531574293,1.0,-0.0008183214927409567,1.0,-0.002838575974895626,1.0,1.0084954764178462,0.7186951155514043,1.5743484147417997,True
20261234,ff,0,3.63,5.5,1,0,bounded,0.005,-25,3000,True,0.0001021391765403284,0.0001007185709799294,1.20929020070586,2.42070979929414,2.70928426108287,0.0009273738983166767,0.593911671840781,0.5941466850950154,-0.005530105714064373,1.0,0.0101133805896682,0.9988417978757852,0.0001853243732507915,1.0,0.01188724944837908,1.0,0.0003865068403210151,1.0,0.002131911140861812,1.0,1.0141047032992763,0.7185709799294004,2.1391765403283802,True
20261235,ff,0,3.63,5.5,1,0,bounded,0.005,-25,3000,True,0.0001016809748385743,0.0001007187500083646,1.207499916354014,2.422500083645986,2.709624665164656,0.0009248544388300707,0.5936173338922633,0.5924080633820832,0.009989685752750672,1.0,-0.01047557224468292,1.001210515803512,-0.0001054012028310833,1.0,0.0006855789406399541,1.0,-0.001351900484194152,1.0,0.002340971503629678,1.0,1.0095535819311676,0.7187500083645881,1.6809748385743006,True
20261236,ff,0,3.63,5.5,1,0,bounded,0.005,-25,3000,True,0.0001019625554059172,0.000100718717445023,1.207825549769806,2.422174450230194,2.70941530623468,0.0009264030137457927,0.5930486768648159,0.592723965729025,0.004846398918366876,1.0,0.001089319331888349,1.000011035676388,-0.0006762781550220292,1.0,0.009774387990132832,1.0,-0.001036130495239947,1.0,-0.00811646413994971,1.0,1.0123496207303588,0.7187174450229872,1.9625554059172101,True
20261237,ff,0,3.63,5.5,1,0,bounded,0.005,-25,3000,True,0.0001016876179076025,0.0001007188443025766,1.206556974233775,2.423443025766225,2.709619719728301,0.0009248913179977442,0.592684349445489,0.5914918537995365,-0.0009842550028924507,1.0,-0.001745781325686468,1.0030641814016,-0.001038438018239049,1.0,-0.002430698257635166,1.0,-0.002268113936711622,1.0,-0.007618174641545433,1.0,1.009618593340046,0.7188443025766045,1.687617907602501,True
20261238,ff,0,3.63,5.5,1,0,bounded,0.005,-25,3000,True,0.0001022530666169513,0.0001007186133488413,1.20886651158721,2.42113348841279,2.709199871653541,0.0009280004475371592,0.5931451185598594,0.5937348485088682,0.002489783310471123,1.0,0.004111894385048871,0.9990725342704556,-0.0005821267883436338,1.0,-0.002096581471765261,1.0,-2.538371696257635e-05,1.0,0.0003750481863398374,1.0,1.0152350515668378,0.7186133488412905,2.2530666169513047,True
20261239,ff,0,3.63,5.5,1,0,bounded,0.005,-25,3000,True,0.0001021507568252549,0.0001007185850984696,1.209149015303367,2.420850984696633,2.709275676402252,0.0009274376411340715,0.5937388334328186,0.5940094957187093,-0.008877514721136608,1.0,0.006829392280897829,0.99783831161898,1.239466960902322e-05,1.0,-0.0005449744800546116,1.0,0.0002493118991406187,1.0,-0.004484600811619473,1.0,1.0142195377882355,0.7185850984696041,2.150756825254896,True
20261240,ff,0,3.63,5.5,1,0,bounded,0.005,-25,3000,True,0.000102344970620381,0.0001007185566366747,1.209433633253069,2.420566366746931,2.709131837179292,0.000928505713690709,0.5934058798182809,0.5942856805754624,0.01165837343981152,1.0,-0.001663079452269459,0.9983502505942594,-0.0003220900810389704,1.0,-0.005850214565091972,1.0,0.0005254055121229794,1.0,0.006748594603110532,1.0,1.0161481065457811,0.7185566366746832,2.344970620380993,True
20261241,ff,0,3.63,5.5,1,0,bounded,0.005,-25,3000,True,0.000101833636424205,0.0001007187260797193,1.207739202806798,2.422260797193202,2.709511092208493,0.0009256939906901499,0.593369570725299,0.5926402934386574,0.007227729475957152,1.0,0.004552066517165125,0.9965742508361808,-0.0003543679242034304,1.0,-0.002768010951432437,1.0,-0.001119742137438901,1.0,0.001590206405685154,1.0,1.011069543747041,0.7187260797193007,1.8336364242049985,True
20261242,ff,0,3.63,5.5,1,0,bounded,0.005,-25,3000,True,0.0001016051938718637,0.0001007187276999002,1.207723000997786,2.422276999002213,2.709681101687008,0.000924437562533613,0.5940711424225703,0.5926249471053117,0.00577814776614529,1.0,0.002993449267940046,1.00215359832557,0.0003490047692019293,1.0,-0.01216138628723898,1.0,-0.001134980895528413,1.0,-0.01559223978986859,1.0,1.0088014035940247,0.7187276999002012,1.605193871863686,True
20261243,ff,0,3.63,5.5,1,0,bounded,0.005,-25,3000,True,0.0001021000622788453,0.0001007186622816245,1.208377183754344,2.421622816245655,2.709313263924459,0.0009271591013035169,0.5931511641500633,0.5932596935955349,0.0008805910442379044,1.0,-0.00320946538507142,0.9992037740519828,-0.0005748749457177516,1.0,-0.003855111176333366,1.0,-0.0005004669556491559,1.0,-0.001305311226451084,1.0,1.013715432333267,0.7186622816244936,2.100062278845294,True
20261244,ff,0,3.63,5.5,1,0,bounded,0.005,-25,3000,True,0.0001022313827697712,0.0001007188041087284,1.206958912715353,2.423041087284647,2.709215932033139,0.0009278818788360029,0.591367939259367,0.591881454998677,0.0002341518765262113,1.0,0.001665144719558886,0.997525389367533,-0.002359135130456872,1.0,-0.004365073724849271,1.0,-0.001878768514656382,1.0,-0.0008173761354692305,1.0,1.015017837775456,0.7188041087283992,2.231382769771195,True
20261245,ff,0,3.63,5.5,1,0,bounded,0.005,-25,3000,True,0.0001014707822213073,0.0001007188168311199,1.206831688800865,2.423168311199135,2.709781299026477,0.0009236986220018176,0.5936313389724553,0.5917591557920494,-0.02482089641449773,1.0,-0.002655077462811233,1.001911538805196,-8.973900014423848e-05,1.0,-0.003664947662702019,1.0,-0.00200070960651102,1.0,0.0008826270797241636,1.0,1.007465987129776,0.718816831119895,1.4707822213072985,True
20261246,ff,0,3.63,5.5,1,0,bounded,0.005,-25,3000,True,0.0001021893006756596,0.0001007185395086376,1.209604913623514,2.420395086376486,2.709247109664922,0.00092764946682042,0.5940590156649279,0.5944523563805861,0.005374297555273361,1.0,0.003884677129437619,0.9968074414154068,0.0003322730290750729,1.0,-0.005713163590397361,1.0,0.0006921547666847601,1.0,0.000983527927342177,1.0,1.0146026856048271,0.7185395086376056,2.189300675659589,True
20261247,ff,0,3.63,5.5,1,0,bounded,0.005,-25,3000,True,0.0001016346296105635,0.0001007185872116821,1.209127883178317,2.420872116821682,2.709659175283594,0.0009245989491241794,0.5953375825397482,0.5939898581951968,-0.006570262553902011,1.0,0.003925840316602115,1.0026795015866,0.001615212814553612,1.0,0.00224912660555996,1.0,0.000229917435800906,1.0,-0.01120101571767599,1.0,1.0090950679933202,0.7185872116820979,1.6346296105634872,True
20261248,ff,0,3.63,5.5,1,0,bounded,0.005,-25,3000,True,0.0001027123629816611,0.0001007185616498561,1.209383501438651,2.420616498561349,2.708860432624106,0.00093052638987564,0.592208379733155,0.5942363391012156,-0.001908624783123483,1.0,0.002705236599883075,0.9998182359031872,-0.001522486590643254,1.0,0.003085143891732413,1.0,0.0004758909703715018,1.0,-0.0003421020275296736,1.0,1.0197957685171912,0.7185616498561087,2.7123629816610872,True
20261249,ff,0,3.63,5.5,1,0,bounded,0.005,-25,3000,True,0.0001022519072867905,0.0001007186586149225,1.208413850775219,2.421586149224781,2.709200730243786,0.0009279942355373058,0.5927109340763997,0.593295055870484,-0.005836926052755764,1.0,0.003877409979037445,0.9994052242208912,-0.001016302129994073,1.0,-0.007754736994171739,1.0,-0.0004651761652099777,1.0,-0.005655559791813528,1.0,1.0152230847089623,0.718658614922485,2.2519072867905,True
20261250,ff,0,3.63,5.5,1,0,bounded,0.005,-25,3000,True,0.0001015448620129416,0.0001007187912421005,1.207087578994531,2.422912421005469,2.709726060844539,0.0009241059679675619,0.5936460460131664,0.5920076607179973,-0.01275534602652034,1.0,-0.007803370315438972,0.9989929339066186,-7.561599228578139e-05,1.0,-0.001072616923011704,1.0,-0.001752239368283939,1.0,0.001758929939773478,1.0,1.0082017542173978,0.7187912421005027,1.5448620129415946,True
20261251,ff,0,3.63,5.5,1,0,bounded,0.005,-25,3000,True,0.0001019411022659594,0.0001007186624799953,1.208375200047282,2.421624799952718,2.709431237942196,0.0009262848219529565,0.5936476083987682,0.593258041459793,0.005398865661138365,1.0,0.003459292776840071,0.9998089145933272,-7.717749149845256e-05,1.0,-0.01041643954125193,1.0,-0.0005020442286931389,1.0,-0.005579466350865404,1.0,1.0121371725543606,0.7186624799952801,1.9411022659594046,True
20261252,ff,0,3.63,5.5,1,0,bounded,0.005,-25,3000,True,0.0001026294343569294,0.0001007185356132874,1.209643867125959,2.420356132874041,2.708921615485537,0.0009300701879268963,0.5927193671256709,0.5944894392746118,-0.003760536966050514,1.0,0.001914025770016144,0.9983316177499796,-0.001010845412743972,1.0,-0.01260811548025749,1.0,0.0007290304047710446,1.0,-0.001321060627020255,1.0,1.0189726621024253,0.7185356132873855,2.6294343569293943,True
20261253,ff,0,3.63,5.5,1,0,bounded,0.005,-25,3000,True,0.0001024292162412249,0.000100718567504592,1.209324954079702,2.420675045920298,2.709069522058656,0.0009289691040558915,0.5930371106631007,0.5941799476315347,0.005180380408641138,1.0,-0.002020475314650771,1.000519534546698,-0.0006915234070340617,1.0,-0.00530845621603067,1.0,0.0004196328062091451,1.0,0.004396318551539337,1.0,1.0169844426803916,0.7185675045920048,2.4292162412248963,True
20261254,ff,0,3.63,5.5,1,0,bounded,0.005,-25,3000,True,0.0001028108119614562,0.000100718464873826,1.210351261740301,2.419648738259698,2.708787858950737,0.0009310675079675179,0.5928367557936393,0.5951763769577639,0.006792719170371184,1.0,-0.004338217689319414,0.9965970839131828,-0.0008948866782425927,1.0,0.006427745988005894,1.0,0.001415883221970186,1.0,-0.006649158667443167,1.0,1.0207742154355843,0.718464873826008,2.8108119614562055,True
20261255,ff,0,3.63,5.5,1,0,bounded,0.005,-25,3000,True,0.0001016958848338039,0.0001007186096219983,1.208903780016616,2.421096219983384,2.709613565831435,0.000924935934201577,0.5949284361357194,0.5937720219428427,0.002537263270162854,1.0,0.003892609809060035,0.9998964522650308,0.001205583487110381,1.0,0.002833918278310684,1.0,1.205215827652407e-05,1.0,-0.001649567996044685,1.0,1.0097030252450203,0.7186096219983007,1.6958848338038957,True
20261256,ff,0,3.63,5.5,1,0,bounded,0.005,-25,3000,True,0.0001020897232791623,0.000100718673918707,1.208260812930015,2.421739187069985,2.709320931922875,0.000927102279047993,0.5930710090560513,0.5931466469030015,0.006277466435811428,1.0,-0.004072270693330318,0.9999379591009971,-0.0006549485289114278,1.0,0.01993094286842434,1.0,-0.0006135088704067945,1.0,0.005695345199716441,1.0,1.0136126629463162,0.7186739187069913,2.0897232791623033,True
20261257,ff,0,3.63,5.5,1,0,bounded,0.005,-25,3000,True,0.0001030188837972706,0.0001007185375003236,1.209624996763954,2.420375003236046,2.708634687441969,0.0009322121666988818,0.5914848584314829,0.5944704317610676,-0.009368828042000074,1.0,0.004204038097300908,0.9994705427568292,-0.002248424414352836,1.0,-0.01741890194192659,1.0,0.0007098394602582267,1.0,0.00909582923468254,1.0,1.0228393536486728,0.7185375003235794,3.0188837972705995,True
20261258,ff,0,3.63,5.5,1,0,bounded,0.005,-25,3000,True,0.0001025957960444562,0.000100718466472381,1.210335276189782,2.419664723810218,2.708946446210651,0.0009298849262266393,0.5934932048391799,0.595161219041905,0.0005265836049802669,1.0,-0.00538052577202669,0.9996455953303788,-0.0002367425068044899,1.0,0.01259076682461583,1.0,0.001400826558042573,1.0,-0.001727096861179697,1.0,1.0186393780388823,0.7184664723810075,2.595796044456189,True
20261259,ff,0,3.63,5.5,1,0,bounded,0.005,-25,3000,True,0.000102503293443677,0.000100718562513582,1.209374864179503,2.420625135820496,2.70901476782299,0.0009293765105521524,0.5928536361715284,0.5942283095484846,-0.009082636209062793,1.0,4.175305324642317e-05,0.998303498527602,-0.0008755819043663526,1.0,-0.01614642860972339,1.0,0.0004679598748403951,1.0,0.008109720677412087,1.0,1.0177199801660626,0.7185625135819995,2.5032934436769905,True
