seed,library,temperature_c,logic_v,led_supply_v,local_mismatch,global_variation,reference,calibration_error,tc_ppm,line_ppm_v,pwm_on,iout,iref,bias,headroom,led_k,power_w,out_vth,ref_vth,x0_dvth,x0_mulu0,x1_dvth,x1_mulu0,x2_dvth,x2_mulu0,x3_dvth,x3_mulu0,x4_dvth,x4_mulu0,x5_dvth,x5_mulu0,mirror_ratio,reference_error_pct,absolute_error_pct,absolute_current_budget_pass
20261004,typical,27,3.3,5,1,0,ideal,0,0,0,True,0.000101114654770388,9.999999999999999e-05,1.376626018586207,1.923373981413793,2.199085089379208,0.0008355732858839218,0.6868784668744634,0.6884026413718689,-0.001964534281406865,1.0,-0.003184419296273099,1.001000935035619,9.050473501905178e-05,1.0,8.659020094562709e-05,1.0,0.001578596271378047,1.0,-0.009716322146445345,1.0,1.0111465477038801,-1.1102230246251565e-14,1.1146547703879905,True
20261005,typical,27,3.3,5,1,0,ideal,0,0,0,True,0.000100920220806028,9.999999999999999e-05,1.376177182717276,1.923822817282725,2.199244162124617,0.0008346011160621216,0.6871327231522734,0.6879698000692458,0.002954698018581346,1.0,-0.001559386258943305,0.999039917674632,0.0003463078822073783,1.0,-0.0106905909275773,1.0,0.001145847379768125,1.0,0.001105518011193261,1.0,1.00920220806028,-1.1102230246251565e-14,0.9202208060280048,True
20261006,typical,27,3.3,5,1,0,ideal,0,0,0,True,0.0001008206464285201,9.999999999999999e-05,1.375488868419633,1.924511131580368,2.199325738609447,0.0008341032441747023,0.6868224892875845,0.6873056606429188,-0.004441318171449941,1.0,0.003508429838598729,0.9987161330113852,3.686620822039355e-05,1.0,-0.01186770981302498,1.0,0.0004817552793472879,1.0,0.002978947255065226,1.0,1.008206464285201,-1.1102230246251565e-14,0.8206464285200887,True
20261007,typical,27,3.3,5,1,0,ideal,0,0,0,True,0.0001007946178242349,9.999999999999999e-05,1.374171131200416,1.925828868799584,2.199347075061696,0.0008339731011531562,0.6856476539934604,0.6860338777362059,-0.002480742574951055,1.0,0.003127182775864493,0.9989452892355686,-0.001137762008186841,1.0,0.003218767425208999,1.0,-0.000790015256558994,1.0,-0.00536635479757717,1.0,1.0079461782423491,-1.1102230246251565e-14,0.7946178242348889,True
20261008,typical,27,3.3,5,1,0,ideal,0,0,0,True,0.0001001946010547385,9.999999999999999e-05,1.374405935415576,1.925594064584424,2.199840367331098,0.0008309730173056743,0.6879947195896926,0.6862615342088544,0.007393481850449108,1.0,-4.06284909650119e-06,0.9986306669174446,0.001214077199938528,1.0,0.005401585510434783,1.0,-0.000562073606327358,1.0,-3.593578336850196e-05,1.0,1.0019460105473852,-1.1102230246251565e-14,0.19460105473849687,True
20261009,typical,27,3.3,5,1,0,ideal,0,0,0,True,0.0001010023552232155,9.999999999999999e-05,1.375537345659911,1.924462654340089,2.199176930216834,0.0008350117881481791,0.6862279676049047,0.6873521363718011,-0.003845073517560099,1.0,-0.000546643254337671,0.9999709246287304,-0.0005591011069583707,1.0,0.002431175496035539,1.0,0.0005281446452143916,1.0,-0.003087594249006638,1.0,1.010023552232155,-1.1102230246251565e-14,1.0023552232155009,True
20261010,typical,27,3.3,5,1,0,ideal,0,0,0,True,0.0001011971807462543,9.999999999999999e-05,1.377201684177282,1.922798315822719,2.199017658992773,0.0008359859157631335,0.6871409428626939,0.6889580686891683,-0.001153464943796613,1.0,0.001501293141613185,0.9992890329001916,0.000352324167510895,1.0,0.007436132563033426,1.0,0.002133984365583403,1.0,0.005585899096540435,1.0,1.011971807462543,-1.1102230246251565e-14,1.1971807462543005,True
20261011,typical,27,3.3,5,1,0,ideal,0,0,0,True,0.0001005741747081003,9.999999999999999e-05,1.375115812592149,1.924884187407851,2.199527986859185,0.0008328708855726032,0.6873344202623091,0.686946030447294,0.006832136896383303,1.0,0.008087914363690421,0.9974306216168264,0.0005507580581727083,1.0,0.004642080407106708,1.0,0.0001222422273930491,1.0,0.01241937761525784,1.0,1.005741747081003,-1.1102230246251565e-14,0.5741747081002835,True
20261012,typical,27,3.3,5,1,0,ideal,0,0,0,True,0.0001008854882756295,9.999999999999999e-05,1.375979176313714,1.924020823686286,2.199272608224924,0.0008344274534102493,0.6870649474999846,0.6877787601025025,-0.002110435571382488,1.0,0.001853059785585875,1.000775687209754,0.0002788085538014922,1.0,-0.01008703774335,1.0,0.0009548239207783136,1.0,-0.008997280315850509,1.0,1.008854882756295,-1.1102230246251565e-14,0.885488275629509,True
20261013,typical,27,3.3,5,1,0,ideal,0,0,0,True,0.0001004990335513724,9.999999999999999e-05,1.374389278195693,1.925610721804307,2.199589738314338,0.0008324951797888439,0.6869015962701762,0.6862449352618312,0.002569266914224281,1.0,0.002817546862356797,0.9996164271934468,0.000118531873645472,1.0,0.01088006073719023,1.0,-0.0005788172448487331,1.0,0.001314630205227231,1.0,1.0049903355137242,-1.1102230246251565e-14,0.49903355137239647,True
20261014,typical,27,3.3,5,1,0,ideal,0,0,0,True,0.0001007226677134233,9.999999999999999e-05,1.37470488079952,1.92529511920048,2.199406081722926,0.0008336133505992185,0.6864147911541221,0.6865491620493923,-0.006760011243393812,1.0,-0.0006267239939935169,1.00206567718511,-0.0003700524285070453,1.0,0.001485574505919524,1.0,-0.0002746967466770907,1.0,-0.003352712540625203,1.0,1.007226677134233,-1.1102230246251565e-14,0.7226677134233084,True
20261015,typical,27,3.3,5,1,0,ideal,0,0,0,True,0.0001007430360509111,9.999999999999999e-05,1.375627994575179,1.924372005424821,2.199389373527672,0.0008337151922864175,0.6872302342831655,0.6874400692438756,0.003853817880258088,1.0,-0.005742668776689785,0.9983310608577873,0.0004452286545152052,1.0,-0.002691138122762175,1.0,0.0006162007671696442,1.0,0.007324501314643958,1.0,1.007430360509111,-1.1102230246251565e-14,0.7430360509110834,True
20261016,typical,27,3.3,5,1,0,ideal,0,0,0,True,0.0001012824569218508,9.999999999999999e-05,1.375582049002355,1.924417950997645,2.198948035681617,0.0008364122966413558,0.6852837907594118,0.6873948010545067,0.001378278392250517,1.0,-0.001237806565758677,1.001517568801154,-0.001505506370770542,1.0,0.0006963493984544692,1.0,0.0005706762004831158,1.0,0.004764374102157048,1.0,1.012824569218508,-1.1102230246251565e-14,1.2824569218508053,True
20261017,typical,27,3.3,5,1,0,ideal,0,0,0,True,0.0001004579978630672,9.999999999999999e-05,1.373656988540184,1.926343011459817,2.199623479999254,0.0008322900013473179,0.6863427006680952,0.6855382087025463,-0.007877703796151216,1.0,-0.0004626611715611133,1.002171124902741,-0.0004400372567339499,1.0,-0.01083087626021317,1.0,-0.001285524300640895,1.0,-0.01233816583002314,1.0,1.0045799786306722,-1.1102230246251565e-14,0.45799786306719437,True
20261018,typical,27,3.3,5,1,0,ideal,0,0,0,True,0.0001008662678163431,9.999999999999999e-05,1.375971183587084,1.924028816412916,2.19928835382102,0.0008343313511136976,0.6871250928999914,0.6877710790901594,0.005752918020585441,1.0,-0.001735099881191994,1.003371877414067,0.0003391068673234897,1.0,-0.006578302989069465,1.0,0.0009471520435736502,1.0,0.005062416586912334,1.0,1.0086626781634311,-1.1102230246251565e-14,0.8662678163430915,True
20261019,typical,27,3.3,5,1,0,ideal,0,0,0,True,0.0001007412313082802,9.999999999999999e-05,1.375162845665555,1.924837154334445,2.199390853834107,0.0008337061685735027,0.6867894723104667,0.68699113806663,0.002464672227630361,1.0,0.007747269603141408,0.9986417189557254,4.481039964549457e-06,1.0,0.01012942874938728,1.0,0.0001672704476403131,1.0,0.002690378270244297,1.0,1.007412313082802,-1.1102230246251565e-14,0.7412313082802102,True
20261020,typical,27,3.3,5,1,0,ideal,0,0,0,True,0.0001011854283816617,9.999999999999999e-05,1.375464789124111,1.924535210875889,2.199027258470671,0.0008359271539404103,0.6855128765079392,0.6872817955539839,0.002021241856581874,1.0,0.004824190329625882,0.9984189038761265,-0.001275648688386491,1.0,-0.003063938048249067,1.0,0.0004577168159125517,1.0,-0.006940442497169999,1.0,1.0118542838166171,-1.1102230246251565e-14,1.1854283816616906,True
20261021,typical,27,3.3,5,1,0,ideal,0,0,0,True,0.0001002761077405658,9.999999999999999e-05,1.374370457214311,1.925629542785689,2.199773195581852,0.0008313805507348107,0.6876720731272782,0.6862271518205387,0.007971380156421877,1.0,0.00154492064562947,0.9974555948291142,0.0008907822852015642,1.0,0.006690090799853604,1.0,-0.0005964947333664521,1.0,-0.005019141840075906,1.0,1.0027610774056581,-1.1102230246251565e-14,0.2761077405657897,True
20261022,typical,27,3.3,5,1,0,ideal,0,0,0,True,0.0001017053700442928,9.999999999999999e-05,1.376923632446751,1.92307636755325,2.198603561407334,0.0008385268622534462,0.6850853572329582,0.6886888543308225,-0.001424826539686858,1.0,-0.005412288494582303,1.000922179062895,-0.001707304475653542,1.0,0.002245654703508604,1.0,0.001864528473776967,1.0,-0.001551203922442319,1.0,1.017053700442928,-1.1102230246251565e-14,1.7053700442928088,True
20261023,typical,27,3.3,5,1,0,ideal,0,0,0,True,0.0001009060371170313,9.999999999999999e-05,1.375722700229165,1.924277299770835,2.199255777519783,0.0008345301976172583,0.6867459042994486,0.6875311932650839,0.01096446819827523,1.0,0.005870168260030412,1.00124894131348,-4.039812850453067e-05,1.0,-0.00785989727883781,1.0,0.000707247316811032,1.0,-0.004651044292964601,1.0,1.0090603711703132,-1.1102230246251565e-14,0.9060371170312997,True
20261024,typical,27,3.3,5,1,0,ideal,0,0,0,True,0.0001011006342799838,9.999999999999999e-05,1.374250804450676,1.925749195549324,2.199096550386291,0.0008355031834319008,0.6846447756561328,0.6861102523241185,-0.0002892324008054538,1.0,-0.004610632946182905,1.000455312106423,-0.002143074939715016,1.0,-0.004504924491018858,1.0,-0.0007137861129233337,1.0,0.005174905837696685,1.0,1.0110063427998381,-1.1102230246251565e-14,1.100634279983792,True
20261025,typical,27,3.3,5,1,0,ideal,0,0,0,True,0.0001008848860168178,9.999999999999999e-05,1.375563531058873,1.924436468941128,2.199273101558725,0.0008344244421161908,0.6866675371495177,0.687377610171538,0.004965159363550144,1.0,0.002798279135667754,1.000886195592035,-0.0001185970052187237,1.0,-0.00610508303605998,1.0,0.0005536742760056868,1.0,0.00440015763226499,1.0,1.008848860168178,-1.1102230246251565e-14,0.8848860168177985,True
20261026,typical,27,3.3,5,1,0,ideal,0,0,0,True,0.0001010201701453041,9.999999999999999e-05,1.376053509546155,1.923946490453845,2.19916235441771,0.0008351008627586223,0.6866612913880514,0.6878502697349045,0.01247320430404477,1.0,0.004577086039843142,0.9991439066658736,-0.0001259190550250288,1.0,0.004418126521602672,1.0,0.001026269541229427,1.0,0.005636455275398589,1.0,1.0102017014530411,-1.1102230246251565e-14,1.020170145304089,True
20261027,typical,27,3.3,5,1,0,ideal,0,0,0,True,0.0001008358510923947,9.999999999999999e-05,1.37447630230338,1.92552369769662,2.199313277269104,0.0008341792674940754,0.6857954680282646,0.6863283513150291,-0.001410522774268631,1.0,0.0002224010016770516,0.9995431947115759,-0.0009902760158981628,1.0,0.0004890479827132647,1.0,-0.0004955612751618365,1.0,-0.006247577553688578,1.0,1.008358510923947,-1.1102230246251565e-14,0.8358510923947016,True
20261028,typical,27,3.3,5,1,0,ideal,0,0,0,True,0.0001009298307711716,9.999999999999999e-05,1.37617703567653,1.92382296432347,2.199236293142988,0.0008346491658879598,0.6870986763334035,0.6879696416885376,0.000753460275892626,1.0,0.006112369702976127,1.000808832916995,0.0003121846087217682,1.0,0.000672480974721324,1.0,0.001145684431615392,1.0,0.002090282782382714,1.0,1.0092983077117161,-1.1102230246251565e-14,0.9298307711715914,True
20261029,typical,27,3.3,5,1,0,ideal,0,0,0,True,0.0001011977839239221,9.999999999999999e-05,1.376482337025363,1.923517662974638,2.199017166338034,0.0008359889316517123,0.6864474049965807,0.6882638315793198,0.01215701579456799,1.0,-0.001906129040474764,0.9990040533540427,-0.0003412184973022379,1.0,-0.002534930648341031,1.0,0.001439746968967416,1.0,-0.0006159877860991461,1.0,1.0119778392392211,-1.1102230246251565e-14,1.197783923922091,True
20261030,typical,27,3.3,5,1,0,ideal,0,0,0,True,0.0001005369738363838,9.999999999999999e-05,1.374985965841511,1.925014034158489,2.199558553342107,0.000832684881214021,0.6873410837081474,0.6868207722732005,0.005321655818537338,1.0,0.003546869874772667,0.999824962738574,0.0005577174664418668,1.0,-0.0006397057252230105,1.0,-2.998265781423173e-06,1.0,0.006048844791527458,1.0,1.005369738363838,-1.1102230246251565e-14,0.5369738363837806,True
20261031,typical,27,3.3,5,1,0,ideal,0,0,0,True,0.0001011115902993999,9.999999999999999e-05,1.375926250459784,1.924073749540217,2.199087594294242,0.0008355579635288615,0.6862166543576583,0.6877272926536284,0.0131814383993375,1.0,-0.009391152821871588,1.003939811498465,-0.0005712834015963621,1.0,-0.0009683382520374982,1.0,0.0009032490095399715,1.0,-0.009417527222229816,1.0,1.0111159029939991,-1.1102230246251565e-14,1.1115902993998894,True
20261032,typical,27,3.3,5,1,0,ideal,0,0,0,True,0.0001014976208615116,9.999999999999999e-05,1.376346758441716,1.923653241558285,2.198772610430345,0.0008374881163396599,0.6852614360368544,0.6881324699378133,-0.01102101477800284,1.0,-0.00115805233079446,0.9962470125230459,-0.001529572879146173,1.0,-0.009588641697220597,1.0,0.00130824282024771,1.0,0.002890089089483517,1.0,1.014976208615116,-1.1102230246251565e-14,1.497620861511595,True
20261033,typical,27,3.3,5,1,0,ideal,0,0,0,True,0.0001009410519908939,9.999999999999999e-05,1.375808800069515,1.924191199930485,2.199227105699021,0.0008347052719865712,0.686705130370259,0.6876142306549808,0.004046524725609812,1.0,0.005572072968263942,0.9992475308172096,-8.145062778106653e-05,1.0,-0.0008220634949661986,1.0,0.0007902680647664901,1.0,0.003895873362369481,1.0,1.0094105199089392,-1.1102230246251565e-14,0.941051990893893,True
20261034,typical,27,3.3,5,1,0,ideal,0,0,0,True,0.000100810959655785,9.999999999999999e-05,1.375863150236106,1.924136849763894,2.199333678552419,0.0008340548103109072,0.6872164628175551,0.6876669083902576,0.002296695070044587,1.0,-0.002850691639928403,0.9984586314788924,0.0004309168039394588,1.0,0.004284057175606183,1.0,0.000843007630669317,1.0,0.003319089338561779,1.0,1.0081095965578502,-1.1102230246251565e-14,0.810959655784993,True
20261035,typical,27,3.3,5,1,0,ideal,0,0,0,True,0.0001008549372911495,9.999999999999999e-05,1.374835949567033,1.925164050432967,2.199297637222687,0.0008342746984877293,0.6860738292228614,0.6866754379457959,0.009412246710863893,1.0,0.001130786048811306,0.9998114917200076,-0.0007120666667253811,1.0,-0.009630382988750926,1.0,-0.0001484837157079846,1.0,0.002532008447424707,1.0,1.0085493729114952,-1.1102230246251565e-14,0.8549372911494935,True
20261036,typical,27,3.3,5,1,0,ideal,0,0,0,True,0.0001004911107638441,9.999999999999999e-05,1.37517401525201,1.92482598474799,2.19959625183586,0.0008324555658513224,0.687683994027789,0.6870023470887096,0.004807146875611891,1.0,0.0009095582420001371,1.000736635423178,0.0009009926633253172,1.0,-0.003532377377344307,1.0,0.0001785983476709354,1.0,-0.002285131253540692,1.0,1.0049111076384412,-1.1102230246251565e-14,0.4911107638440937,True
20261037,typical,27,3.3,5,1,0,ideal,0,0,0,True,0.0001007036914433392,9.999999999999999e-05,1.374285403675841,1.925714596324159,2.199421650857256,0.0008335184692487976,0.6860785635862451,0.6861443271751099,-0.003058393980404164,1.0,-0.001679728763996274,1.001182333658813,-0.0007061290253283183,1.0,-0.01289626473617606,1.0,-0.0006795226019155001,1.0,0.01267228400347793,1.0,1.0070369144333922,-1.1102230246251565e-14,0.7036914433391939,True
20261038,typical,27,3.3,5,1,0,ideal,0,0,0,True,0.0001012610585377906,9.999999999999999e-05,1.375716233117378,1.924283766882622,2.198965501112991,0.0008363053047210547,0.685488133120024,0.6875243431665305,0.0004156353193103134,1.0,0.001005027889033331,1.000144606635481,-0.001300993770242161,1.0,-0.009782116383867258,1.0,0.0007002284827973443,1.0,0.005524856065475221,1.0,1.0126105853779062,-1.1102230246251565e-14,1.2610585377905936,True
20261039,typical,27,3.3,5,1,0,ideal,0,0,0,True,0.000100795939420525,9.999999999999999e-05,1.375245895302873,1.924754104697127,2.199345991583681,0.000833979709134727,0.686676145273728,0.6870711994455148,-0.001220414310655045,1.0,0.007273131534832951,1.0000698004745,-0.0001092812422782392,1.0,-0.001791517910542893,1.0,0.0002473058247252852,1.0,0.007029758446198407,1.0,1.00795939420525,-1.1102230246251565e-14,0.7959394205250048,True
20261040,typical,27,3.3,5,1,0,ideal,0,0,0,True,0.0001013535365667408,9.999999999999999e-05,1.37670869814762,1.92329130185238,2.198890045094824,0.0008367676948656858,0.686116407054019,0.6884820258078157,-1.233808110032523e-05,1.0,-0.001541252895952729,1.00029495450258,-0.0006734555669220528,1.0,0.000712092655155522,1.0,0.001657867171001612,1.0,-0.001738582307053652,1.0,1.0135353656674082,-1.1102230246251565e-14,1.3535365667407984,True
20261041,typical,27,3.3,5,1,0,ideal,0,0,0,True,0.0001003716350194352,9.999999999999999e-05,1.374622551157167,1.925377448842834,2.199694534348116,0.0008318581871292776,0.6875764011015744,0.6864703019685331,0.01334803394828722,1.0,0.002171183325340817,1.001001911745873,0.0007943502625409936,1.0,-0.006444598892276086,1.0,-0.0003533899878174618,1.0,-0.0005924383157229488,1.0,1.003716350194352,-1.1102230246251565e-14,0.3716350194351792,True
20261042,typical,27,3.3,5,1,0,ideal,0,0,0,True,0.0001003150879365257,9.999999999999999e-05,1.373374534340378,1.926625465659622,2.199741089129631,0.0008315754517146104,0.6865766665445547,0.6852658275027158,-0.00918509358156565,1.0,0.002544420556398017,1.001607781865681,-0.0002049344166351956,1.0,-0.001401576450759836,1.0,-0.001557837577882554,1.0,-0.003224354740505117,1.0,1.003150879365257,-1.1102230246251565e-14,0.3150879365257042,True
20261043,typical,27,3.3,5,1,0,ideal,0,0,0,True,0.0001012608986670961,9.999999999999999e-05,1.375468385394687,1.924531614605314,2.19896563161301,0.0008363045053675824,0.6852504652168315,0.687285137091308,0.01299302543749283,1.0,0.003839362117050165,1.002764707440052,-0.001538660401535588,1.0,-0.004646180062096806,1.0,0.0004610224835188155,1.0,0.006038476585508433,1.0,1.012608986670961,-1.1102230246251565e-14,1.2608986670960887,True
20261044,typical,27,3.3,5,1,0,ideal,0,0,0,True,0.0001001979553606559,9.999999999999999e-05,1.374757618780081,1.925242381219919,2.199837601949088,0.0008309897888352615,0.6883209401881409,0.6866009622037823,5.308330359933914e-05,1.0,-0.00414814322146085,0.9987815892252012,0.001540271112118443,1.0,0.003711702764944277,1.0,-0.0002226472055965502,1.0,-0.004285279292622728,1.0,1.0019795536065592,-1.1102230246251565e-14,0.19795536065589925,True
20261045,typical,27,3.3,5,1,0,ideal,0,0,0,True,0.0001006132203485989,9.999999999999999e-05,1.374174910787653,1.925825089212348,2.1994959160216,0.0008330661137750963,0.6862919394614707,0.6860378366579202,-0.0005703470888215078,1.0,-0.002171320724533684,0.99915901367172,-0.0004920333815398225,1.0,-0.006003627800051889,1.0,-0.0007859701197806152,1.0,0.01625505545926418,1.0,1.006132203485989,-1.1102230246251565e-14,0.6132203485988974,True
20261046,typical,27,3.3,5,1,0,ideal,0,0,0,True,0.0001008235271704584,9.999999999999999e-05,1.375966442580095,1.924033557419906,2.199323377494067,0.0008341176478842741,0.687271388952737,0.6877665766995192,0.003800865344249653,1.0,0.001410479991859415,0.99752259303736,0.0004857429548299122,1.0,0.004601586276759088,1.0,0.0009426699668199544,1.0,-0.007712288320305525,1.0,1.0082352717045842,-1.1102230246251565e-14,0.8235271704583935,True
20261047,typical,27,3.3,5,1,0,ideal,0,0,0,True,0.0001009907033685166,9.999999999999999e-05,1.374639810602242,1.925360189397758,2.199186464827819,0.0008349535288745648,0.6854063059381426,0.686485899110389,-0.009921115937495806,1.0,-0.005861348924407312,0.999814249883384,-0.001380670074348367,1.0,0.00934764847967292,1.0,-0.0003380870783578812,1.0,-0.001715224149696541,1.0,1.009907033685166,-1.1102230246251565e-14,0.9907033685165878,True
20261048,typical,27,3.3,5,1,0,ideal,0,0,0,True,0.0001008316969965363,9.999999999999999e-05,1.376020740873663,1.923979259126337,2.199316681681027,0.0008341584970146634,0.687294744847993,0.6878189671001679,0.005131120754937235,1.0,0.00133769125829999,0.9998461781288374,0.0005090338528132383,1.0,0.0008533423998921461,1.0,0.0009950564844956348,1.0,-0.01049290443293293,1.0,1.0083169699653631,-1.1102230246251565e-14,0.8316969965362908,True
20261049,typical,27,3.3,5,1,0,ideal,0,0,0,True,0.0001003998041936995,9.999999999999999e-05,1.374770520174966,1.925229479825035,2.199671352073893,0.000831999033000599,0.6876190029657541,0.6866130681647354,0.00242131568118633,1.0,0.00393913868173538,0.998210653400512,0.0008367280182328588,1.0,-0.007507491525336973,1.0,-0.0002106371799108681,1.0,-0.007944985067323858,1.0,1.0039980419369952,-1.1102230246251565e-14,0.3998041936994934,True
20261050,typical,27,3.3,5,1,0,ideal,0,0,0,True,0.0001006538842955997,9.999999999999999e-05,1.376349113567011,1.923650886432989,2.199462528381348,0.0008332694335099803,0.6882383085235895,0.6881361889914663,0.006280563166215039,1.0,-0.006590787040830747,1.00127805301224,0.001454012166814803,1.0,-0.01233806102060733,1.0,0.00131236288711068,1.0,0.00756355788912905,1.0,1.0065388429559972,-1.1102230246251565e-14,0.6538842955996937,True
20261051,typical,27,3.3,5,1,0,ideal,0,0,0,True,0.0001008334083764274,9.999999999999999e-05,1.375234194536861,1.924765805463139,2.199315279135532,0.0008341670539143587,0.6865326341756894,0.6870598422697778,0.003239707982773348,1.0,0.00682501909187344,0.9968456244089826,-0.0002530904348083226,1.0,0.002412369641333909,1.0,0.0002359308406389745,1.0,0.003469579679291176,1.0,1.008334083764274,-1.1102230246251565e-14,0.8334083764274025,True
20261052,typical,27,3.3,5,1,0,ideal,0,0,0,True,0.0001013674189717796,9.999999999999999e-05,1.375122702929423,1.924877297070577,2.198878723540514,0.00083683710689088,0.6845431145107266,0.6869513210226089,0.0008578270882559609,1.0,-0.005113368612787739,1.000114776216212,-0.002246858554832195,1.0,0.004082456323632338,1.0,0.000127155787570403,1.0,-0.0009972356598703055,1.0,1.013674189717796,-1.1102230246251565e-14,1.3674189717795882,True
20261053,typical,27,3.3,5,1,0,ideal,0,0,0,True,0.000100702522442372,9.999999999999999e-05,1.375355815402925,1.924644184597075,2.19942261005737,0.0008335126242439619,0.6871116736342172,0.687177448311621,-0.00478995274329375,1.0,-0.002199016828566223,1.000777929214916,0.0003269903229214594,1.0,0.008262893802823953,1.0,0.0003535990903111166,1.0,0.001743699690331516,1.0,1.0070252244237201,-1.1102230246251565e-14,0.7025224423719889,True
20261054,typical,27,3.3,5,1,0,ideal,0,0,0,True,0.0001005418227923406,9.999999999999999e-05,1.374622146081648,1.925377853918352,2.199554568545086,0.0008327091259936849,0.6869741978788986,0.6864696193040349,-0.007758094647493779,1.0,0.003197127214192698,0.9971133801332572,0.0001907930599089017,1.0,-0.00688222352912343,1.0,-0.0003541535395902427,1.0,-0.002362779528830091,1.0,1.005418227923406,-1.1102230246251565e-14,0.5418227923406072,True
20261055,typical,27,3.3,5,1,0,ideal,0,0,0,True,9.98387534132518e-05,9.999999999999999e-05,1.374239459416167,1.925760540583834,2.200134233062035,0.0008291937790983608,0.6890957716929803,0.6861014652887396,0.006196244808632577,1.0,-0.002155698551582496,1.00166697356149,0.002317960368188337,1.0,-0.004004062041377397,1.0,-0.0007219733981926205,1.0,0.0004675470557624501,1.0,0.9983875341325181,-1.1102230246251565e-14,-0.16124658674819825,True
20261056,typical,27,3.3,5,1,0,ideal,0,0,0,True,0.0001006557068036464,9.999999999999999e-05,1.37578933305556,1.924210666944441,2.199461032285019,0.0008332785460503335,0.6876937739004428,0.6875959315851459,0.002847509053064508,1.0,0.0009376071789865768,0.9980040381341012,0.000909463044205184,1.0,-0.005178414529209785,1.0,0.0007721046145307879,1.0,-0.01067990900293344,1.0,1.0065570680364642,-1.1102230246251565e-14,0.6557068036463942,True
20261057,typical,27,3.3,5,1,0,ideal,0,0,0,True,0.0001002551842665901,9.999999999999999e-05,1.375049613664032,1.924950386335968,2.199790434258877,0.0008312759333649325,0.6883990441946537,0.6868826852123427,-0.004174781479584244,1.0,0.001390444853963754,1.000301778393228,0.001617919815845568,1.0,0.003235421345599325,1.0,5.904860308784782e-05,1.0,-0.002033692005938357,1.0,1.002551842665901,-1.1102230246251565e-14,0.25518426659010274,True
20261058,typical,27,3.3,5,1,0,ideal,0,0,0,True,0.0001002726378775733,9.999999999999999e-05,1.373269010804139,1.926730989195861,2.199776054139578,0.0008313632014198481,0.6866254427098185,0.6851640477374138,-0.003021216797904603,1.0,-0.002832400869078403,0.999108759213966,-0.0001558205266345571,1.0,-0.005841590655588523,1.0,-0.001659597167424138,1.0,-0.005595284627046475,1.0,1.0027263787757332,-1.1102230246251565e-14,0.2726378775733007,True
20261059,typical,27,3.3,5,1,0,ideal,0,0,0,True,0.0001006009313970359,9.999999999999999e-05,1.37657999171798,1.92342000828202,2.199506008511875,0.000833004669017401,0.6886473442887499,0.6883591013234894,0.002663589958953463,1.0,0.00973343270376243,0.9999547011287808,0.001863469213957005,1.0,0.00813691610789489,1.0,0.001535300386753016,1.0,-0.006747935864294651,1.0,1.0060093139703592,-1.1102230246251565e-14,0.6009313970358976,True
20261060,typical,27,3.3,5,1,0,ideal,0,0,0,True,0.0001012318367871713,9.999999999999999e-05,1.37635851638365,1.92364148361635,2.198989357599016,0.0008361591959679584,0.6862084200423876,0.6881442731584628,-0.002375919293241864,1.0,-0.001937261081431495,0.9998433602347012,-0.0005804743672739053,1.0,-0.002125676462254855,1.0,0.001320172363384975,1.0,0.0007023669584552361,1.0,1.0123183678717131,-1.1102230246251565e-14,1.231836787171292,True
20261061,typical,27,3.3,5,1,0,ideal,0,0,0,True,0.0001007106824796046,9.999999999999999e-05,1.375320522608435,1.924679477391565,2.199415914721344,0.0008335534244301247,0.6870489277869841,0.6871433717251239,0.01042781906864759,1.0,0.002266119438794216,0.9986376441677044,0.0002641795562223332,1.0,-0.011284994475865,1.0,0.0003195186254676377,1.0,-0.004811975153875547,1.0,1.0071068247960462,-1.1102230246251565e-14,0.7106824796045963,True
20261062,typical,27,3.3,5,1,0,ideal,0,0,0,True,0.0001009598887006681,9.999999999999999e-05,1.37539222659098,1.92460777340902,2.199211685180632,0.0008347994555353224,0.6862382553997705,0.6872121491324371,0.007534091825714396,1.0,-0.002288992440071684,1.000757480026288,-0.0005484754586351463,1.0,-0.003508867210594932,1.0,0.0003881775894160307,1.0,-0.005657061188901589,1.0,1.0095988870066812,-1.1102230246251565e-14,0.959888700668099,True
20261063,typical,27,3.3,5,1,0,ideal,0,0,0,True,0.0001007638538102675,9.999999999999999e-05,1.37479121488555,1.92520878511445,2.199372299948081,0.0008338192810833191,0.6863523494569818,0.6866324179040807,0.01721373948670538,1.0,-0.00305317265692074,0.9991846949988912,-0.0004328217930992439,1.0,0.009081161549102133,1.0,-0.0001914604670448472,1.0,0.002306812376896432,1.0,1.0076385381026751,-1.1102230246251565e-14,0.7638538102675119,True
20261064,typical,27,3.3,5,1,0,ideal,0,0,0,True,0.0001002573626328242,9.999999999999999e-05,1.374698324993311,1.925301675006689,2.199788639363347,0.0008312868251961027,0.688053621287749,0.6865436321692249,0.00161253409114786,1.0,-0.005974826466525879,1.000819159176215,0.001272479578273925,1.0,0.005032381989308689,1.0,-0.0002800054754144808,1.0,0.002469520551036154,1.0,1.002573626328242,-1.1102230246251565e-14,0.25736263282418737,True
20261065,typical,27,3.3,5,1,0,ideal,0,0,0,True,0.0001004440867778057,9.999999999999999e-05,1.375607406393728,1.924392593606272,2.199634921357688,0.0008322204459210105,0.6882668973341871,0.687420711307083,-0.008544023913758993,1.0,0.003607484725895283,1.001939247451998,0.001484270083114524,1.0,-0.01557842399300955,1.0,0.0005969849157934009,1.0,-0.005354756804333506,1.0,1.0044408677780572,-1.1102230246251565e-14,0.4440867778056967,True
20261066,typical,27,3.3,5,1,0,ideal,0,0,0,True,9.996313716678876e-05,9.999999999999999e-05,1.373703299025756,1.926296700974244,2.200031402897553,0.0008298156978659257,0.6881392338220002,0.6855837557918929,0.004983868317857998,1.0,0.0006605459443223745,1.000349907760601,0.00136043291954807,1.0,0.008065926955327311,1.0,-0.001239742012556328,1.0,0.00201618066875546,1.0,0.9996313716678876,-1.1102230246251565e-14,-0.03686283321124861,True
20261067,typical,27,3.3,5,1,0,ideal,0,0,0,True,9.998532719468392e-05,9.999999999999999e-05,1.373895334103154,1.926104665896847,2.20001307066063,0.0008299266480054014,0.688245205270163,0.6857690690922311,-6.090253992760907e-05,1.0,0.003380923612400111,0.9990556089339144,0.00146622782744032,1.0,0.01240267706500572,1.0,-0.001054439258728973,1.0,0.001914818513871402,1.0,0.9998532719468393,-1.1102230246251565e-14,-0.014672805316084947,True
20261068,typical,27,3.3,5,1,0,ideal,0,0,0,True,0.0001014992282050144,9.999999999999999e-05,1.376232347720696,1.923767652279304,2.198771301261611,0.0008374961530570537,0.6851458156484476,0.6880220481714394,-0.001157068696844608,1.0,0.002670443610000204,1.00192673434647,-0.001645206055120337,1.0,-0.001808111433258785,1.0,0.001197820289905344,1.0,-0.008112238279463092,1.0,1.014992282050144,-1.1102230246251565e-14,1.4992282050144023,True
20261069,typical,27,3.3,5,1,0,ideal,0,0,0,True,0.0001002749555336137,9.999999999999999e-05,1.374112310397722,1.925887689602279,2.199774144787762,0.0008313747897001701,0.6874279772457893,0.6859779956087747,0.001472717280542755,1.0,0.0008096315990771497,0.9989783057298354,0.000646695570465584,1.0,-0.01480558380993582,1.0,-0.000845650397525776,1.0,-0.01036484133898709,1.0,1.002749555336137,-1.1102230246251565e-14,0.2749555336136966,True
20261070,typical,27,3.3,5,1,0,ideal,0,0,0,True,0.0001003459630099569,9.999999999999999e-05,1.373737426386197,1.926262573613804,2.199715666863344,0.0008317298270817666,0.6868163008516494,0.6856160392425094,-0.0008364710255832889,1.0,-0.003206410629910219,0.9997039348928236,3.445425422314365e-05,1.0,-0.003983409512240397,1.0,-0.001207640512454618,1.0,-0.0075581596126465,1.0,1.003459630099569,-1.1102230246251565e-14,0.34596300995688445,True
20261071,typical,27,3.3,5,1,0,ideal,0,0,0,True,0.0001001442136123955,9.999999999999999e-05,1.374753084719456,1.925246915280545,2.199881918592694,0.0008307210800939592,0.6885068944543444,0.6865966782067103,0.01195296821751581,1.0,0.001670919773089724,0.9985111762347416,0.001726652938136049,1.0,-0.003696571114326367,1.0,-0.0002269056601561394,1.0,-0.008192903556934267,1.0,1.001442136123955,-1.1102230246251565e-14,0.14421361239549402,True
20261072,typical,27,3.3,5,1,0,ideal,0,0,0,True,0.000100409878637663,9.999999999999999e-05,1.374429728380761,1.925570271619239,2.199663062631591,0.0008320494052201768,0.6872557515048869,0.6862841295731098,-0.00753541233983798,1.0,-0.01098276234390799,1.002831078760402,0.0004733964070689872,1.0,-0.003667243048507399,1.0,-0.0005395805597630438,1.0,-0.00883482422199156,1.0,1.0040987863766302,-1.1102230246251565e-14,0.40987863766299704,True
20261073,typical,27,3.3,5,1,0,ideal,0,0,0,True,0.0001010744658279385,9.999999999999999e-05,1.375689661926127,1.924310338073873,2.199117945699768,0.0008353723411716743,0.6861201111294588,0.6874990183165484,-0.001418502526922718,1.0,0.002894514540931494,0.9978253116432437,-0.0006675312767343037,1.0,-0.0002561215031551513,1.0,0.0006749923170627576,1.0,0.01228798786982825,1.0,1.010744658279385,-1.1102230246251565e-14,1.0744658279384867,True
20261074,typical,27,3.3,5,1,0,ideal,0,0,0,True,0.0001008595626165522,9.999999999999999e-05,1.375511626996111,1.924488373003889,2.199293847451862,0.0008342978251147429,0.6867070100538166,0.6873275590885234,0.004424990353289136,1.0,-0.001837185733567171,0.9976691155457332,-7.892263381712814e-05,1.0,-0.009657610141839985,1.0,0.0005036352287551241,1.0,-0.003475429761227685,1.0,1.008595626165522,-1.1102230246251565e-14,0.8595626165522008,True
20261075,typical,27,3.3,5,1,0,ideal,0,0,0,True,0.0001002038103064108,9.999999999999999e-05,1.374764991131632,1.925235008868369,2.199832775179185,0.0008310190635640361,0.6883072970359155,0.6866080676888332,-0.00498843501181542,1.0,-0.003158479806503686,1.00215699029562,0.001526581378995513,1.0,-1.007778598608893e-05,1.0,-0.0002155445032944047,1.0,-0.007234826964094917,1.0,1.0020381030641081,-1.1102230246251565e-14,0.2038103064107899,True
20261076,typical,27,3.3,5,1,0,ideal,0,0,0,True,0.0001003961000934196,9.999999999999999e-05,1.374624825022017,1.925375174977983,2.199674400073794,0.00083198051249908,0.6874920425170943,0.6864724546993312,0.002666686299758852,1.0,0.0003964246345608562,1.002896893324503,0.0007097970386752204,1.0,0.003767947541759003,1.0,-0.000351248884833904,1.0,-0.01242448944873376,1.0,1.0039610009341962,-1.1102230246251565e-14,0.3961000934195935,True
20261077,typical,27,3.3,5,1,0,ideal,0,0,0,True,0.0001008517641346564,9.999999999999999e-05,1.376083374921651,1.92391662507835,2.199300237250019,0.0008342588327051439,0.6872841222170055,0.687879381994761,0.004650279642364791,1.0,-8.54520530789597e-05,0.9990883181651736,0.000498251572276357,1.0,0.0160356063965925,1.0,0.001055461841534852,1.0,0.007084907270242504,1.0,1.0085176413465642,-1.1102230246251565e-14,0.8517641346563964,True
20261078,typical,27,3.3,5,1,0,ideal,0,0,0,True,0.0001006940563930527,9.999999999999999e-05,1.375079028159184,1.924920971840816,2.199429557016027,0.0008334702939973651,0.6868755049342732,0.6869103224341965,0.001951423661772926,1.0,0.00227299558396253,1.000163062343994,9.088897702800016e-05,1.0,-0.002573825782977617,1.0,8.647723661545189e-05,1.0,-0.004300491492292803,1.0,1.006940563930527,-1.1102230246251565e-14,0.6940563930526888,True
20261079,typical,27,3.3,5,1,0,ideal,0,0,0,True,0.0001009793366413837,9.999999999999999e-05,1.37558451664021,1.92441548335979,2.199195767117059,0.0008348966952389006,0.6863544944689285,0.687397702201772,0.00358795325907928,1.0,-0.005899671526075283,1.000913703756936,-0.0004323911126467545,1.0,-0.01167300870408443,1.0,0.0005737214155097642,1.0,-0.004046309407726855,1.0,1.009793366413837,-1.1102230246251565e-14,0.979336641383699,True
20261080,typical,27,3.3,5,1,0,ideal,0,0,0,True,0.0001005081516189356,9.999999999999999e-05,1.374609918344047,1.925390081655954,2.199582242720426,0.0008325407701266598,0.6870814694045752,0.6864578752062916,-0.01036423424240118,1.0,-0.008737524900506204,0.9976583408072716,0.0002983324665441581,1.0,0.001094236530587869,1.0,-0.000365881634004849,1.0,0.001107450798472643,1.0,1.005081516189356,-1.1102230246251565e-14,0.5081516189355817,True
20261081,typical,27,3.3,5,1,0,ideal,0,0,0,True,0.0001003824373682462,9.999999999999999e-05,1.373477380194273,1.926522619805727,2.199685643659417,0.0008319121988733327,0.68643726360819,0.6853649796804296,0.00222263966055888,1.0,0.002945705397397344,1.002508755442341,-0.0003448731722026755,1.0,-0.001870564626068932,1.0,-0.001458717410194384,1.0,0.01097923067488028,1.0,1.0038243736824621,-1.1102230246251565e-14,0.38243736824619123,True
20261082,typical,27,3.3,5,1,0,ideal,0,0,0,True,0.0001010404769941821,9.999999999999999e-05,1.374771280055674,1.925228719944326,2.199145742718931,0.0008352023970030122,0.6853571634674693,0.6866127034269253,0.006143384425142651,1.0,0.002293192559317103,1.001311678711696,-0.001430208531899777,1.0,-0.02092381926741343,1.0,-0.0002113064183642527,1.0,0.001691590278333388,1.0,1.010404769941821,-1.1102230246251565e-14,1.0404769941821046,True
20261083,typical,27,3.3,5,1,0,ideal,0,0,0,True,0.0001007851955650842,9.999999999999999e-05,1.375643255367374,1.924356744632626,2.199354800054535,0.0008339259898574028,0.6870960433910773,0.6874547256754858,0.001774571408007803,1.0,-0.005641749853394325,0.9986469072731874,0.0003107023507501871,1.0,-0.002720917563029478,1.0,0.0006308371610994865,1.0,0.007559078257579279,1.0,1.007851955650842,-1.1102230246251565e-14,0.7851955650842068,True
20261084,typical,27,3.3,5,1,0,ideal,0,0,0,True,0.0001006351853715727,9.999999999999999e-05,1.374156487437869,1.925843512562131,2.199477879792383,0.0008331759388898454,0.6861966227889521,0.6860200171070775,0.0007821260067862983,1.0,0.00347577614054335,1.00012003363667,-0.0005875248031116452,1.0,-0.01137113821846477,1.0,-0.0008038001102218039,1.0,-0.003352999988208071,1.0,1.006351853715727,-1.1102230246251565e-14,0.6351853715726996,True
20261085,typical,27,3.3,5,1,0,ideal,0,0,0,True,0.0001011308754118757,9.999999999999999e-05,1.376595042067339,1.923404957932662,2.199071831726702,0.0008356543890913606,0.686791519676575,0.6883727181555905,-0.0178380337828314,1.0,-0.007641748418748816,0.9982503305137628,3.428489781406846e-06,1.0,-0.008958630150133191,1.0,0.001548665345737605,1.0,0.007403487154651008,1.0,1.011308754118757,-1.1102230246251565e-14,1.130875411875687,True
20261086,typical,27,3.3,5,1,0,ideal,0,0,0,True,0.0001008908041954405,9.999999999999999e-05,1.375803023280893,1.924196976719107,2.199268253866487,0.0008344540330093044,0.6868768635260892,0.6876087414542534,-0.01051785718656612,1.0,0.003158551523237673,1.001380697242813,9.068228769273595e-05,1.0,0.01412338172495116,1.0,0.0007848027459603437,1.0,0.01091300663333724,1.0,1.008908041954405,-1.1102230246251565e-14,0.8908041954404977,True
20261087,typical,27,3.3,5,1,0,ideal,0,0,0,True,0.0001010679494668344,9.999999999999999e-05,1.374604113833664,1.925395886166336,2.199123274282161,0.0008353397593659143,0.6850996150319857,0.686451313349022,-0.005121409692976957,1.0,-0.006561462695049542,1.00304459690797,-0.001687975531615124,1.0,-0.009351902701382697,1.0,-0.0003727095534566487,1.0,0.003558821262017348,1.0,1.0106794946683442,-1.1102230246251565e-14,1.0679494668343947,True
20261088,typical,27,3.3,5,1,0,ideal,0,0,0,True,0.0001004257709840352,9.999999999999999e-05,1.374470376506545,1.925529623493455,2.199649987697502,0.0008321288669522777,0.6872386196541438,0.6863233348048527,-0.0008291675251925227,1.0,0.004242765279575431,1.001573164532431,0.0004561381199427494,1.0,-0.003325906216385677,1.0,-0.0005003828813842924,1.0,0.01551012120099177,1.0,1.004257709840352,-1.1102230246251565e-14,0.42577098403520086,True
20261089,typical,27,3.3,5,1,0,ideal,0,0,0,True,0.0001008991590072163,9.999999999999999e-05,1.37572555413083,1.92427444586917,2.199261410736286,0.0008344958070680632,0.686772916376022,0.6875339594428358,0.004798322943916694,1.0,-0.001577162457631029,0.9973882841376938,-1.33313313012533e-05,1.0,0.008184256443182191,1.0,0.0007100167636161595,1.0,0.009202238145251895,1.0,1.008991590072163,-1.1102230246251565e-14,0.899159007216288,True
20261090,typical,27,3.3,5,1,0,ideal,0,0,0,True,0.0001002417707164084,9.999999999999999e-05,1.374116242747552,1.925883757252449,2.199801487349581,0.000831208865614024,0.6875492188840171,0.6859818479382236,-0.00524644776559524,1.0,-0.002651856601623561,0.9978606029740952,0.0007682012209858612,1.0,0.003619895147724379,1.0,-0.000841782295897598,1.0,-0.005774506415865477,1.0,1.002417707164084,-1.1102230246251565e-14,0.24177071640838488,True
20261091,typical,27,3.3,5,1,0,ideal,0,0,0,True,0.000101064148680713,9.999999999999999e-05,1.375201528225258,1.924798471774742,2.199126382423662,0.0008353207554355471,0.6856872765524555,0.6870279189850733,0.0006530206718977444,1.0,0.000198367479701102,0.9987437168920048,-0.00110028377304884,1.0,-0.002825003646918039,1.0,0.0002038978890954201,1.0,-0.009778105709931768,1.0,1.01064148680713,-1.1102230246251565e-14,1.064148680712984,True
20261092,typical,27,3.3,5,1,0,ideal,0,0,0,True,0.0001010021709345067,9.999999999999999e-05,1.376327728712659,1.923672271287342,2.199177081010644,0.0008350108667045156,0.6869883505504262,0.6881149533362115,0.003643027648338471,1.0,-0.0006645114034350995,0.9976655648189998,0.0002012833046944174,1.0,0.00342638213211235,1.0,0.001290961697284231,1.0,0.003088521673839517,1.0,1.010021709345067,-1.1102230246251565e-14,1.0021709345066965,True
20261093,typical,27,3.3,5,1,0,ideal,0,0,0,True,0.0001008003324187746,9.999999999999999e-05,1.375749169636654,1.924250830363347,2.19934239018856,0.0008340016741258552,0.6871444147135987,0.687556920856022,-0.007053829059705592,1.0,-0.005657182360385218,0.9956270840055476,0.0003589532478741173,1.0,0.01267876916548897,1.0,0.0007330251473788387,1.0,0.0125529402855232,1.0,1.0080033241877462,-1.1102230246251565e-14,0.8003324187745964,True
20261094,typical,27,3.3,5,1,0,ideal,0,0,0,True,0.0001003452832352315,9.999999999999999e-05,1.374091944878606,1.925908055121395,2.199716226504747,0.0008317264282082594,0.687159529250835,0.6859582185679192,0.002731867649168058,1.0,-0.001447961514405673,1.003479192479694,0.0003776880615571216,1.0,0.00830417224396999,1.0,-0.0008654608639264884,1.0,-0.01118441611415865,1.0,1.003452832352315,-1.1102230246251565e-14,0.3452832352314861,True
20261095,typical,27,3.3,5,1,0,ideal,0,0,0,True,0.0001009388955129821,9.999999999999999e-05,1.374557367761019,1.925442632238981,2.19922887125438,0.0008346944895968925,0.6855097947641547,0.686406416701341,0.008030943188152362,1.0,-0.003005456809860611,0.9974688572923964,-0.001276769077414169,1.0,-0.006254318312165255,1.0,-0.0004175448640694246,1.0,0.00488818381608015,1.0,1.0093889551298212,-1.1102230246251565e-14,0.9388955129820964,True
20261096,typical,27,3.3,5,1,0,ideal,0,0,0,True,0.0001010210766673082,9.999999999999999e-05,1.375385979523003,1.924614020476997,2.199161612784762,0.0008351053953686429,0.6860164476043104,0.6872060149548973,0.004655010815668722,1.0,0.006433750031439795,1.000180759259142,-0.0007707700508149831,1.0,0.005723633901258575,1.0,0.0003820143303078545,1.0,0.002164560874624252,1.0,1.010210766673082,-1.1102230246251565e-14,1.0210766673081961,True
20261097,typical,27,3.3,5,1,0,ideal,0,0,0,True,0.0001013374227799914,9.999999999999999e-05,1.375775373792616,1.924224626207384,2.198903188239319,0.0008366871259320587,0.6852760598265859,0.6875812906673305,-0.0008632369719437225,1.0,0.004297810003481109,1.000185166574393,-0.001513674597362802,1.0,-0.01021109425227589,1.0,0.0007571396890235053,1.0,0.007310037326117728,1.0,1.013374227799914,-1.1102230246251565e-14,1.337422779991404,True
20261098,typical,27,3.3,5,1,0,ideal,0,0,0,True,0.0001010648598884635,9.999999999999999e-05,1.374482877175587,1.925517122824413,2.199125800815978,0.0008353243114744193,0.6849939671570877,0.6863343046637209,-0.004232990052023617,1.0,0.005843290334735345,1.00141821456094,-0.001793598826584482,1.0,0.008055551889971318,1.0,-0.0004897167703486892,1.0,-0.003213527442077178,1.0,1.010648598884635,-1.1102230246251565e-14,1.0648598884634985,True
20261099,typical,27,3.3,5,1,0,ideal,0,0,0,True,0.000100899749133866,9.999999999999999e-05,1.37541783745015,1.92458216254985,2.199260927404662,0.000834498757701432,0.6864750429266152,0.6872369702953688,0.004373463150299234,1.0,0.0002171468408014365,0.9977190532819358,-0.0003112094756072105,1.0,-0.002834821259814204,1.0,0.0004130273356416197,1.0,0.0005036819151312632,1.0,1.0089974913386601,-1.1102230246251565e-14,0.8997491338659902,True
20261100,typical,27,3.3,5,1,0,ideal,0,0,0,True,0.0001002851169903031,9.999999999999999e-05,1.374269220462464,1.925730779537536,2.199765773976216,0.0008314255969834974,0.6875428618368592,0.6861294249478146,-0.00190250764083775,1.0,-0.003596882730753179,0.9985336072512416,0.0007614993188696669,1.0,-0.006261655006796744,1.0,-0.0006942258880307271,1.0,-0.004953000323648022,1.0,1.0028511699030311,-1.1102230246251565e-14,0.28511699030309146,True
20261101,typical,27,3.3,5,1,0,ideal,0,0,0,True,0.0001006382464426138,9.999999999999999e-05,1.37507972929683,1.924920270703171,2.199475366536037,0.0008331912442450509,0.6870733296240029,0.6869110948045566,-0.007247908453313317,1.0,-0.006124794010023512,0.999756349056904,0.0002891576786773601,1.0,0.004486297701589616,1.0,8.727613248957886e-05,1.0,-0.002461527342647529,1.0,1.006382464426138,-1.1102230246251565e-14,0.6382464426137879,True
20261102,typical,27,3.3,5,1,0,ideal,0,0,0,True,0.0001006071117857167,9.999999999999999e-05,1.37429926838631,1.92570073161369,2.199500932628026,0.0008330355709605655,0.6864330717014008,0.6861578746415145,-0.004431685329095489,1.0,-0.003556406533883197,0.998461688578114,-0.0003508525431801887,1.0,-0.004564725537982547,1.0,-0.0006659292328760676,1.0,-0.01325905109014184,1.0,1.006071117857167,-1.1102230246251565e-14,0.6071117857167074,True
20261103,typical,27,3.3,5,1,0,ideal,0,0,0,True,0.0001002048894837983,9.999999999999999e-05,1.374248249498552,1.925751750501448,2.19983188554299,0.0008310244594509732,0.6878066961451046,0.6861093217172929,-0.0004822248610178705,1.0,-0.0002880201685203794,1.002323351474223,0.001025971902461938,1.0,-0.002365212772601214,1.0,-0.0007142909878079857,1.0,0.003654661626652834,1.0,1.002048894837983,-1.1102230246251565e-14,0.2048894837982873,True
20261104,typical,27,3.3,5,1,0,ideal,0,0,0,True,0.0001000131759208357,9.999999999999999e-05,1.373987642977846,1.926012357022154,2.199990068912268,0.0008300658916361606,0.6882352511050337,0.6858581169868486,0.009645796612850761,1.0,-0.001220875691544727,1.00188818656376,0.001456052102413716,1.0,0.009276477911352792,1.0,-0.0009654046001358528,1.0,0.001225445773341892,1.0,1.0001317592083572,-1.1102230246251565e-14,0.013175920835695187,True
20261105,typical,27,3.3,5,1,0,ideal,0,0,0,True,0.0001001393097631577,9.999999999999999e-05,1.373284175541535,1.926715824458466,2.199885963528029,0.0008306965608478902,0.6871120619342844,0.685178913486635,-0.007573960481239047,1.0,0.00268632929905134,1.000583754798501,0.0003318594322899018,1.0,0.006840926077108021,1.0,-0.001644668049641388,1.0,0.01107441962230713,1.0,1.001393097631577,-1.1102230246251565e-14,0.13930976315768007,True
20261106,typical,27,3.3,5,1,0,ideal,0,0,0,True,0.0001002967695636626,9.999999999999999e-05,1.374354625437846,1.925645374562154,2.199756175792162,0.0008314838598502952,0.6875837279751064,0.6862118359614189,-0.005243865840074056,1.0,0.002984734370185314,1.003810959010655,0.0008022727514161821,1.0,-0.007503363367950915,1.0,-0.0006118204126787862,1.0,0.001642606836960535,1.0,1.002967695636626,-1.1102230246251565e-14,0.29676956366258,True
20261107,typical,27,3.3,5,1,0,ideal,0,0,0,True,0.0001003669035253586,9.999999999999999e-05,1.372870284526475,1.927129715473525,2.199698428806511,0.0008318345296588949,0.6859085577924375,0.6847790275633824,-0.009239395015707573,1.0,0.007630970557527973,0.999748667782844,-0.0008734554036842572,1.0,-0.001120041429861221,1.0,-0.002044662144321445,1.0,-0.01672437375474901,1.0,1.003669035253586,-1.1102230246251565e-14,0.36690352535859727,True
20261108,typical,27,3.3,5,1,0,ideal,0,0,0,True,0.0001011138004401992,9.999999999999999e-05,1.375563163694038,1.924436836305962,2.199085787706068,0.0008355690142330975,0.6858598601395542,0.687376863257449,0.003704862343890229,1.0,0.004410230393087894,1.000598688251852,-0.0009280952030159196,1.0,0.008856994470454104,1.0,0.0005528185628910141,1.0,-0.007927974176023164,1.0,1.011138004401992,-1.1102230246251565e-14,1.1138004401991974,True
20261109,typical,27,3.3,5,1,0,ideal,0,0,0,True,0.0001005886530950874,9.999999999999999e-05,1.374271252363484,1.925728747636516,2.199516093412401,0.0008329432775075387,0.6864713653749254,0.6861308658053791,0.006492579326468398,1.0,-0.002161052693016871,0.999996248950172,-0.0003124120161976364,1.0,0.002765669089205044,1.0,-0.0006929292959322232,1.0,-0.006961341284307345,1.0,1.0058865309508742,-1.1102230246251565e-14,0.5886530950873992,True
20261110,typical,27,3.3,5,1,0,ideal,0,0,0,True,0.0001005777715303537,9.999999999999999e-05,1.374286209727771,1.92571379027223,2.199525032055806,0.0008328888696837503,0.6865241987743014,0.6861453209893577,0.008115435098193404,1.0,-0.0006770657944046876,0.9976041297126331,-0.0002594920453719213,1.0,-0.00272559863177441,1.0,-0.0006784689401351559,1.0,0.006366937891263661,1.0,1.0057777153035372,-1.1102230246251565e-14,0.577771530353699,True
20261111,typical,27,3.3,5,1,0,ideal,0,0,0,True,0.0001009861404980973,9.999999999999999e-05,1.376544741260921,1.92345525873908,2.199190198866539,0.0008349307145224685,0.6872534831729306,0.6883244208351272,0.01397126174873401,1.0,-0.001094446336993312,1.002874278982962,0.0004665434614771704,1.0,-0.004800595092533139,1.0,0.001500436815195981,1.0,0.005890366786624713,1.0,1.009861404980973,-1.1102230246251565e-14,0.9861404980972877,True
20261112,typical,27,3.3,5,1,0,ideal,0,0,0,True,0.000100636180967907,9.999999999999999e-05,1.37411605021397,1.92588394978603,2.199477062361878,0.0008331809168716367,0.686154231491475,0.685980986050046,-0.002225736568382795,1.0,0.002072975896428024,0.9981278127440579,-0.0006299240213397078,1.0,0.01219319268936325,1.0,-0.0008428316404421556,1.0,0.007406896428613284,1.0,1.00636180967907,-1.1102230246251565e-14,0.6361809679070074,True
20261113,typical,27,3.3,5,1,0,ideal,0,0,0,True,0.0001011363145796231,9.999999999999999e-05,1.376692657580855,1.923307342419145,2.199067386566738,0.000835681584930217,0.6868661754421801,0.6884669174120905,-0.001881733354376886,1.0,0.0008955409451817367,1.002230400744412,7.804098273834512e-05,1.0,-0.01073846680640208,1.0,0.001642862017077618,1.0,-0.01000973829260945,1.0,1.011363145796231,-1.1102230246251565e-14,1.1363145796230878,True
20261114,typical,27,3.3,5,1,0,ideal,0,0,0,True,0.0001013018486738061,9.999999999999999e-05,1.375672070285717,1.924327929714283,2.198932211061646,0.0008365092554010127,0.6853020280311806,0.6874816503350857,0.01160156566756635,1.0,0.002157069836970772,1.001977628038466,-0.001487423374655915,1.0,-0.001333097270832661,1.0,0.0006575162645009896,1.0,-0.002368945159149474,1.0,1.0130184867380612,-1.1102230246251565e-14,1.3018486738060941,True
20261115,typical,27,3.3,5,1,0,ideal,0,0,0,True,0.0001011124364909967,9.999999999999999e-05,1.376591638243536,1.923408361756464,2.199086902605577,0.0008355621944869654,0.6868532404493012,0.688369464715203,-0.004189472251375748,1.0,-0.001452211037381758,1.000694853737887,6.529595793390171e-05,1.0,-0.01224081610295307,1.0,0.001545420669022183,1.0,-0.005270455491160684,1.0,1.011124364909967,-1.1102230246251565e-14,1.1124364909966822,True
20261116,typical,27,3.3,5,1,0,ideal,0,0,0,True,0.0001009001582111536,9.999999999999999e-05,1.375196707345507,1.924803292654493,2.199260592359475,0.0008345008030878699,0.686261037202068,0.6870235472058157,0.002206961016567009,1.0,0.005697790013961994,0.9993853718382651,-0.0005252184546704323,1.0,-0.001617310629460022,1.0,0.0001996040516386911,1.0,0.0005993760402575114,1.0,1.0090015821115361,-1.1102230246251565e-14,0.90015821115359,True
20261117,typical,27,3.3,5,1,0,ideal,0,0,0,True,9.997871614256929e-05,9.999999999999999e-05,1.374560607466816,1.925439392533185,2.200018531965509,0.0008298935927449482,0.6889082378796979,0.6864111893711643,0.01258603125785148,1.0,0.001247307537124173,0.9976340072857676,0.002129313033407398,1.0,-0.001598483913253069,1.0,-0.0004123158376265685,1.0,-0.002837348221406004,1.0,0.999787161425693,-1.1102230246251565e-14,-0.021283857430720587,True
20261118,typical,27,3.3,5,1,0,ideal,0,0,0,True,0.0001009281101138128,9.999999999999999e-05,1.374918133119685,1.925081866880315,2.199237702026741,0.0008346405626010458,0.6858946354101622,0.6867546327007912,-0.009910938897586733,1.0,0.005747941659441574,1.003409959293348,-0.0008918426253369873,1.0,0.004138096666863193,1.0,-6.932373844484485e-05,1.0,0.001643168012663537,1.0,1.009281101138128,-1.1102230246251565e-14,0.9281101138127967,True
20261119,typical,27,3.3,5,1,0,ideal,0,0,0,True,0.000100693770081527,9.999999999999999e-05,1.374141857770196,1.925858142229805,2.199429791963052,0.0008334688624398569,0.6859756109160522,0.6860057963776198,-0.001440814214922481,1.0,0.005396427408549625,1.003039106687831,-0.00080900276332747,1.0,0.01347190551866058,1.0,-0.0008180486839728354,1.0,-0.006015533329671047,1.0,1.00693770081527,-1.1102230246251565e-14,0.6937700815270009,True
20261120,typical,27,3.3,5,1,0,ideal,0,0,0,True,0.000100582363221008,9.999999999999999e-05,1.3748488917419,1.9251511082581,2.199521260108341,0.000832911828137022,0.6870488888880004,0.6866883964244709,-0.004099629574395964,1.0,0.003631696215051082,0.9981326676005817,0.0002651615377753175,1.0,-0.003677026620998875,1.0,-0.0001353956872990448,1.0,-0.0009909890722725873,1.0,1.0058236322100802,-1.1102230246251565e-14,0.5823632210079976,True
20261121,typical,27,3.3,5,1,0,ideal,0,0,0,True,0.00010091337247513,9.999999999999999e-05,1.374285680579057,1.925714319420943,2.199249770211066,0.0008345668744077518,0.6853386696317081,0.6861442350447056,-0.02306949569971921,1.0,0.006869240240560194,1.001321686959466,-0.001447691154589963,1.0,0.002136068461664597,1.0,-0.0006797143900237408,1.0,0.0009497842590618087,1.0,1.0091337247513001,-1.1102230246251565e-14,0.9133724751299921,True
20261122,typical,27,3.3,5,1,0,ideal,0,0,0,True,0.0001002643514873149,9.999999999999999e-05,1.374167944652792,1.925832055347208,2.199782881045716,0.000831321769468676,0.6875189944395033,0.686031711054508,0.005454299295817802,1.0,0.007746509248123297,1.001605071934657,0.0007377971280075994,1.0,-0.002092526366648243,1.0,-0.0007919299118732916,1.0,-0.004871924467046413,1.0,1.002643514873149,-1.1102230246251565e-14,0.26435148731489555,True
20261123,typical,27,3.3,5,1,0,ideal,0,0,0,True,0.0001013210230883778,9.999999999999999e-05,1.376215096645947,1.923784903354053,2.198916566595347,0.0008366051274738709,0.6857564548379301,0.6880057043732307,-0.003320250314035729,1.0,-0.003931516988497438,0.9995901245803046,-0.001033149114470615,1.0,0.005477803471479387,1.0,0.001181561189455756,1.0,-0.001257524262261068,1.0,1.013210230883778,-1.1102230246251565e-14,1.3210230883777818,True
20261124,typical,27,3.3,5,1,0,ideal,0,0,0,True,0.000100472030009623,9.999999999999999e-05,1.375138013707597,1.924861986292403,2.199611940579752,0.0008323601620803369,0.6877168510768955,0.6869676329379469,0.0007326430161057507,1.0,0.004099107583867386,0.9993671817823232,0.0009340015150676302,1.0,-0.003004937944672088,1.0,0.000143893265660136,1.0,0.004126315548289752,1.0,1.0047203000962301,-1.1102230246251565e-14,0.47203000962299235,True
20261125,typical,27,3.3,5,1,0,ideal,0,0,0,True,0.0001009571783657427,9.999999999999999e-05,1.374619846005742,1.925380153994258,2.199213903807719,0.0008347859038606955,0.6855053598132855,0.686466687391653,0.008490423301348606,1.0,-0.00434317579516169,0.9965239866286983,-0.001281349482316727,1.0,0.0075257832232352,1.0,-0.0003572828632726832,1.0,-0.003111784870854518,1.0,1.0095717836574272,-1.1102230246251565e-14,0.9571783657426947,True
20261126,typical,27,3.3,5,1,0,ideal,0,0,0,True,9.993697748085132e-05,9.999999999999999e-05,1.373021863740371,1.926978136259629,2.200053019568426,0.0008296848994362386,0.6875768110557138,0.6849260724527488,0.001401663699594954,1.0,0.001453780574041678,0.9971853918904727,0.0007982182755526815,1.0,0.007182007180695489,1.0,-0.001897412918514837,1.0,-0.005417411471077887,1.0,0.9993697748085133,-1.1102230246251565e-14,-0.06302251914868107,True
20261127,typical,27,3.3,5,1,0,ideal,0,0,0,True,0.0001013739528214187,9.999999999999999e-05,1.376262144913615,1.923737855086385,2.198873395476657,0.0008368697761390756,0.6856153241914873,0.6880510205211384,-0.006474297442766515,1.0,-0.003544557482677358,0.998270175653827,-0.00117470085565113,1.0,-0.009850189666867615,1.0,0.00122685218079974,1.0,-0.00166996403334423,1.0,1.013739528214187,-1.1102230246251565e-14,1.3739528214187002,True
20261128,typical,27,3.3,5,1,0,ideal,0,0,0,True,0.0001005429615508148,9.999999999999999e-05,1.374084082087201,1.925915917912799,2.199553632757009,0.0008327148197860559,0.6864529148174223,0.6859502906873653,-0.01121500748800329,1.0,0.001570603166430103,1.000344930369877,-0.0003304990612775375,1.0,0.008668842837113007,1.0,-0.0008734826975408804,1.0,-0.004614078425011992,1.0,1.0054296155081481,-1.1102230246251565e-14,0.5429615508147911,True
20261129,typical,27,3.3,5,1,0,ideal,0,0,0,True,0.0001002535519208471,9.999999999999999e-05,1.373773183662483,1.926226816337518,2.199791779277148,0.0008312677716362175,0.6871777052472511,0.6856507104447859,0.01074777437278929,1.0,-0.002733996678548789,0.9993557899007944,0.0003965938551312112,1.0,-0.005711944254133314,1.0,-0.001172925388791891,1.0,0.00312133711043795,1.0,1.002535519208471,-1.1102230246251565e-14,0.2535519208470838,True
20261130,typical,27,3.3,5,1,0,ideal,0,0,0,True,0.0001005943136268285,9.999999999999999e-05,1.374788806853758,1.925211193146242,2.199511443936972,0.0008329715801662442,0.6869488973027599,0.6866303843725878,0.001361138196222209,1.0,0.001444916579008643,1.001262967226704,0.0001650748776160604,1.0,0.0006584676946366461,1.0,-0.0001934134190171808,1.0,0.01250689165491269,1.0,1.0059431362682851,-1.1102230246251565e-14,0.594313626828491,True
20261131,typical,27,3.3,5,1,0,ideal,0,0,0,True,0.0001006804418802289,9.999999999999999e-05,1.374689841910572,1.925310158089428,2.199440729782802,0.0008334022214331264,0.6865494702114794,0.6865347194213716,-0.006311616661348256,1.0,-0.004333228457335871,0.9974403677094612,-0.0002350374316496921,1.0,0.004923640164064116,1.0,-0.0002891193054945095,1.0,-0.002699684859835164,1.0,1.006804418802289,-1.1102230246251565e-14,0.6804418802289103,True
20261132,typical,27,3.3,5,1,0,ideal,0,0,0,True,0.0001002097731220565,9.999999999999999e-05,1.372726455982252,1.927273544017748,2.199827859754283,0.0008310488776422644,0.6863263503273925,0.6846404693869804,9.675133897458528e-05,1.0,0.002800671536050992,0.9984976995440288,-0.0004544127685435207,1.0,0.0093095159773582,1.0,-0.002183145639385096,1.0,0.0006333103868695287,1.0,1.002097731220565,-1.1102230246251565e-14,0.20977312205650023,True
20261133,typical,27,3.3,5,1,0,ideal,0,0,0,True,0.0001006344121399606,9.999999999999999e-05,1.373852867466044,1.926147132533956,2.199478514656205,0.0008331720727317851,0.6859074750859577,0.6857269680067374,-0.005569475081550444,1.0,-0.003264879524100288,1.002105186299687,-0.0008766663544313259,1.0,0.009384682454269105,1.0,-0.001096848843079729,1.0,-0.002997803005654773,1.0,1.006344121399606,-1.1102230246251565e-14,0.6344121399606051,True
20261134,typical,27,3.3,5,1,0,ideal,0,0,0,True,0.0001006657143506508,9.999999999999999e-05,1.374363504786162,1.925636495213838,2.199452817545785,0.0008333285837853556,0.6862877823168434,0.6862197737044173,-0.01332420905828291,1.0,0.001813599705570805,1.001015485520546,-0.0004966081572362393,1.0,0.002734962124528349,1.0,-0.0006040580227327917,1.0,0.004589705980446345,1.0,1.0066571435065081,-1.1102230246251565e-14,0.6657143506507923,True
20261135,typical,27,3.3,5,1,0,ideal,0,0,0,True,0.0001011897057207846,9.999999999999999e-05,1.375001819431362,1.924998180568639,2.199023764565526,0.000835948540635905,0.6850527899677992,0.6868349546470996,-0.01150347075124146,1.0,0.002879319761095864,0.9959299043600458,-0.001735769257927882,1.0,0.005584188939358017,1.0,1.087387605733869e-05,1.0,0.009916010855408436,1.0,1.011897057207846,-1.1102230246251565e-14,1.189705720784584,True
20261136,typical,27,3.3,5,1,0,ideal,0,0,0,True,0.0001008017523337869,9.999999999999999e-05,1.375959177868097,1.924040822131904,2.199341226168848,0.0008340087737010362,0.6873412730058808,0.6877596026931871,-0.00145442596209798,1.0,0.003654646398536775,1.000504219791627,0.0005558002436272983,1.0,-0.01172987937314526,1.0,0.0009357063096939696,1.0,0.004224748552677195,1.0,1.0080175233378692,-1.1102230246251565e-14,0.8017523337868981,True
20261137,typical,27,3.3,5,1,0,ideal,0,0,0,True,0.000101353597038706,9.999999999999999e-05,1.376046116201739,1.923953883798261,2.198889995774832,0.000836767997225392,0.6854793457181204,0.6878425628035129,0.00382737861993548,1.0,-0.006266710813761868,0.9966469671897058,-0.001310517383896807,1.0,0.002237320740323058,1.0,0.001018404137883722,1.0,0.000709972205612616,1.0,1.0135359703870601,-1.1102230246251565e-14,1.3535970387059892,True
20261138,typical,27,3.3,5,1,0,ideal,0,0,0,True,9.99653755010356e-05,9.999999999999999e-05,1.37423705172334,1.92576294827666,2.200029553529971,0.00082982688953716,0.6886444592900165,0.6860989243998633,-0.007947152075553701,1.0,-0.002875117805549453,1.000762503197756,0.0018656405797188,1.0,-0.004575894104094204,1.0,-0.0007245744683520355,1.0,0.0005984603214958929,1.0,0.9996537550103561,-1.1102230246251565e-14,-0.03462449896439734,True
20261139,typical,27,3.3,5,1,0,ideal,0,0,0,True,0.00010105371969669,9.999999999999999e-05,1.376413523276864,1.923586476723136,2.199134911422594,0.000835268610515432,0.6868890377540191,0.6881976659924187,0.003125323125746817,1.0,0.001088606322453052,1.002141815306232,0.0001015603989025306,1.0,-0.00283045105870355,1.0,0.001373649853274321,1.0,-0.005913537352870634,1.0,1.0105371969669001,-1.1102230246251565e-14,1.053719696689992,True
20261140,typical,27,3.3,5,1,0,ideal,0,0,0,True,0.0001001627149655561,9.999999999999999e-05,1.374799689303719,1.925200310696282,2.19986665944337,0.0008308135868598823,0.6884861748957058,0.6866416274713657,0.00436163007432466,1.0,-0.001380384798117233,1.003505650723439,0.001705786185987074,1.0,-0.005215205043845547,1.0,-0.0001819651888631942,1.0,0.0109656727859653,1.0,1.001627149655561,-1.1102230246251565e-14,0.16271496555608778,True
20261141,typical,27,3.3,5,1,0,ideal,0,0,0,True,0.0001015552704526924,9.999999999999999e-05,1.37669593370377,1.92330406629623,2.198725667451226,0.0008377763642954442,0.6853942483153231,0.6884693611366253,-0.007167215103926384,1.0,-0.003631261493868549,1.004110021151869,-0.001397219244547971,1.0,-0.002985555117347804,1.0,0.001645106619255586,1.0,0.008652657272187463,1.0,1.0155527045269241,-1.1102230246251565e-14,1.5552704526923922,True
20261142,typical,27,3.3,5,1,0,ideal,0,0,0,True,0.0001010064379896071,9.999999999999999e-05,1.376305673955789,1.923694326044211,2.199173589568976,0.0008350322019800174,0.6869521023911209,0.6880936607591328,0.01170233481270292,1.0,-0.002795598597702023,1.002231120661529,0.0001650011977316563,1.0,0.006238026047253583,1.0,0.001269667092138182,1.0,0.006296713301180736,1.0,1.0100643798960711,-1.1102230246251565e-14,1.0064379896070896,True
20261143,typical,27,3.3,5,1,0,ideal,0,0,0,True,0.000100068085025299,9.999999999999999e-05,1.374983350044071,1.925016649955929,2.199944734176301,0.0008303404371584769,0.6889979442480916,0.6868190513141122,0.005610918526823944,1.0,-0.003068771801122024,0.999607571899356,0.002218308397787815,1.0,-0.004110077082262977,1.0,-4.496370118326945e-06,1.0,0.002902137679543245,1.0,1.00068085025299,-1.1102230246251565e-14,0.06808502529898064,True
20261144,typical,27,3.3,5,1,0,ideal,0,0,0,True,0.0001011490912512726,9.999999999999999e-05,1.375976605224415,1.924023394775585,2.199056945714136,0.0008357454682882251,0.6861328829582709,0.6877758268806543,0.00180031733170661,1.0,0.00249708735708559,0.9982473985543072,-0.0006553531491177329,1.0,0.01353340523411524,1.0,0.00095176541303594,1.0,-0.003996121264444394,1.0,1.011490912512726,-1.1102230246251565e-14,1.1490912512726048,True
20261145,typical,27,3.3,5,1,0,ideal,0,0,0,True,0.0001006297984226413,9.999999999999999e-05,1.374784384940614,1.925215615059387,2.199482302857573,0.0008331490041451886,0.6868192624719222,0.6866260556878411,0.003173602261024385,1.0,-0.00568979708879567,1.001593426158211,3.515773725260439e-05,1.0,0.004163989399781957,1.0,-0.0001977589690733244,1.0,0.0005188092707605584,1.0,1.006297984226413,-1.1102230246251565e-14,0.6297984226413034,True
20261146,typical,27,3.3,5,1,0,ideal,0,0,0,True,0.0001010837015721257,9.999999999999999e-05,1.37493623896428,1.92506376103572,2.199110393966129,0.0008354185198926104,0.6853633388079051,0.6867718409864558,-0.002731866331081299,1.0,3.89292329292248e-05,0.9973978443282552,-0.001424377075557574,1.0,-0.005738742449884928,1.0,-5.218940269202257e-05,1.0,0.009637441849183775,1.0,1.0108370157212572,-1.1102230246251565e-14,1.0837015721256948,True
20261147,typical,27,3.3,5,1,0,ideal,0,0,0,True,0.0001004262767038035,9.999999999999999e-05,1.374960072073466,1.925039927926535,2.19964957166419,0.0008321313955511192,0.6877075923285206,0.6867959705043963,0.004424983657527275,1.0,-0.000232778050399004,0.9994458440275695,0.0009251067708963692,1.0,-0.0002906151596625455,1.0,-2.7747422156522e-05,1.0,0.001931594915707497,1.0,1.004262767038035,-1.1102230246251565e-14,0.42627670380348537,True
20261148,typical,27,3.3,5,1,0,ideal,0,0,0,True,0.0001016307864042466,9.999999999999999e-05,1.375877401375889,1.924122598624112,2.198664214055204,0.0008381539440530953,0.6843419787525156,0.6876792573635976,-0.004882708522667359,1.0,0.0002574007471597208,1.001341002374202,-0.002450089590512341,1.0,0.008230781456968931,1.0,0.000854966954740032,1.0,0.006376941883653666,1.0,1.016307864042466,-1.1102230246251565e-14,1.630786404246587,True
20261149,typical,27,3.3,5,1,0,ideal,0,0,0,True,0.0001003288592941622,9.999999999999999e-05,1.374866319879904,1.925133680120097,2.199729749005928,0.0008316443085027926,0.6879620900139546,0.6867056518613605,0.008433900544306016,1.0,-0.005436438347489803,0.9985579356902532,0.001180379490398469,1.0,0.004905931562205736,1.0,-0.0001180197643999182,1.0,0.01080741029929417,1.0,1.003288592941622,-1.1102230246251565e-14,0.32885929416219817,True
20261150,typical,27,3.3,5,1,0,ideal,0,0,0,True,0.0001002966374316507,9.999999999999999e-05,1.374325856369704,1.925674143630296,2.199756284622971,0.0008314831991904749,0.6875565380561617,0.6861840689441686,0.004095270360917274,1.0,0.005049150266172669,0.9993916034994728,0.0007750838836923451,1.0,-0.006981449609665171,1.0,-0.0006395873671458785,1.0,0.01088702306327136,1.0,1.0029663743165071,-1.1102230246251565e-14,0.29663743165069256,True
20261151,typical,27,3.3,5,1,0,ideal,0,0,0,True,0.000100531252548567,9.999999999999999e-05,1.373660472053434,1.926339527946566,2.19956325524005,0.0008326562747749368,0.6860870660314261,0.685541445417274,-0.001792169407239594,1.0,0.00416060149069517,1.000902442911875,-0.0006962546928462847,1.0,0.005251138385808234,1.0,-0.001282322402606061,1.0,-0.0005518758797285559,1.0,1.00531252548567,-1.1102230246251565e-14,0.531252548566985,True
20261152,typical,27,3.3,5,1,0,ideal,0,0,0,True,0.0001001306607952514,9.999999999999999e-05,1.374223751396428,1.925776248603573,2.199893098075121,0.0008306533160083587,0.688046005795451,0.6860858038619296,0.003417543335259781,1.0,-0.001148742318526425,0.9976505060726908,0.001265872103104205,1.0,-0.003585559886952389,1.0,-0.0007377735635629743,1.0,-0.01882900564780707,1.0,1.0013066079525141,-1.1102230246251565e-14,0.13066079525139163,True
20261153,typical,27,3.3,5,1,0,ideal,0,0,0,True,0.0001007982824039146,9.999999999999999e-05,1.375936374310817,1.924063625689183,2.199344070779393,0.0008339914240515548,0.6873316025661993,0.6877376004260931,-0.008299810334167034,1.0,0.001378876468111368,0.9989861846001532,0.000546157409922962,1.0,0.007898901266749102,1.0,0.0009137056918053576,1.0,0.002548411212068492,1.0,1.0079828240391462,-1.1102230246251565e-14,0.7982824039145964,True
20261154,typical,27,3.3,5,1,0,ideal,0,0,0,True,0.0001008641531033162,9.999999999999999e-05,1.374557889917868,1.925442110082132,2.199290086387508,0.000834320777548563,0.6857740128795486,0.6864070487941653,-0.006904863467862605,1.0,0.0002354453086195363,0.9962704060036766,-0.001011956328905198,1.0,-0.008888451878517634,1.0,-0.0004168772474620386,1.0,-0.01493716584512858,1.0,1.008641531033162,-1.1102230246251565e-14,0.8641531033162009,True
20261155,typical,27,3.3,5,1,0,ideal,0,0,0,True,0.0001009058603859749,9.999999999999999e-05,1.375012065168292,1.924987934831709,2.199255922259138,0.000834529313961976,0.6860634285063043,0.6868453298792849,-0.007065832556204137,1.0,-0.00107596402694447,0.9996874242794288,-0.000722872515596703,1.0,7.505705058867566e-05,1.0,2.138401496017376e-05,1.0,-0.004011581933004271,1.0,1.009058603859749,-1.1102230246251565e-14,0.9058603859749104,True
20261156,typical,27,3.3,5,1,0,ideal,0,0,0,True,0.0001005628936828663,9.999999999999999e-05,1.374953198165948,1.925046801834053,2.199537254908944,0.0008328144804464335,0.6872179681433932,0.6867891019482701,0.0007201263243565506,1.0,0.004556265108749724,1.003216953885284,0.0004343956887497264,1.0,0.0003340822907655859,1.0,-3.468090996255191e-05,1.0,0.0114847114259277,1.0,1.005628936828663,-1.1102230246251565e-14,0.5628936828662834,True
20261157,typical,27,3.3,5,1,0,ideal,0,0,0,True,0.0001010634348226382,9.999999999999999e-05,1.375428867137924,1.924571132862076,2.199126966202492,0.0008353171861452926,0.6859083191332661,0.687247334926486,0.01226486726935809,1.0,-0.001891480200380716,0.9988851031469974,-0.0008792355129670959,1.0,-0.009594740684671357,1.0,0.000423314169801746,1.0,0.004491328092077604,1.0,1.010634348226382,-1.1102230246251565e-14,1.0634348226381984,True
20261158,typical,27,3.3,5,1,0,ideal,0,0,0,True,0.0001007619629409397,9.999999999999999e-05,1.375431877974192,1.924568122025808,2.19937385059826,0.0008338098267366802,0.6869748819097149,0.687250757530307,0.007821736520450373,1.0,0.002483972214629853,1.002970539880982,0.0001897257029466455,1.0,-0.01402153337164576,1.0,0.0004268800579540604,1.0,-0.007418208286244152,1.0,1.007619629409397,-1.1102230246251565e-14,0.7619629409396866,True
20261159,typical,27,3.3,5,1,0,ideal,0,0,0,True,0.0001010657553953322,9.999999999999999e-05,1.376093481415652,1.923906518584348,2.199125068498664,0.0008353287890085229,0.6865389768713743,0.6878887691882554,-0.01184052664241637,1.0,-0.00897464174459353,1.002758685900871,-0.0002485962367857885,1.0,0.007329552901817169,1.0,0.001064747328743789,1.0,0.003983403074301705,1.0,1.0106575539533222,-1.1102230246251565e-14,1.0657553953322019,True
20261160,typical,27,3.3,5,1,0,ideal,0,0,0,True,0.0001014462221302494,9.999999999999999e-05,1.374991538203406,1.925008461796594,2.198814484559533,0.0008372311226832287,0.6841396870744341,0.6868245919826689,0.006221682490801683,1.0,0.001227985603543954,1.00007553098903,-0.002650912927515223,1.0,-0.004493164819449992,1.0,3.892938527210024e-07,1.0,0.00409440019274378,1.0,1.014462221302494,-1.1102230246251565e-14,1.4462221302494083,True
20261161,typical,27,3.3,5,1,0,ideal,0,0,0,True,0.0001010024442812742,9.999999999999999e-05,1.375906960688716,1.924093039311284,2.199176857345394,0.0008350122334382329,0.6865829378763355,0.6877088627376899,-0.01374336703250501,1.0,-0.002405335848688811,0.9976504647459475,-0.0002041315440667507,1.0,-0.0005818038985013367,1.0,0.0008848709688291392,1.0,0.005389392940558291,1.0,1.010024442812742,-1.1102230246251565e-14,1.002444281274184,True
20261162,typical,27,3.3,5,1,0,ideal,0,0,0,True,0.0001005779522155272,9.999999999999999e-05,1.375491474196981,1.924508525803019,2.199524883624842,0.0008328897731096176,0.6876821922503712,0.6873085915434592,0.01494549218010566,1.0,-0.002969930192292137,1.002972040445884,0.0008984999931629822,1.0,0.001196700109156753,1.0,0.0004848015282055791,1.0,0.006821173999467426,1.0,1.005779522155272,-1.1102230246251565e-14,0.5779522155271888,True
20261163,typical,27,3.3,5,1,0,ideal,0,0,0,True,0.0001002291244785737,9.999999999999999e-05,1.373564507384523,1.926435492615477,2.199811909428667,0.0008311456344247306,0.6870635550616869,0.6854493380546496,-0.003150292772320198,1.0,-0.004024961575440543,0.997611492649792,0.0002826380098349845,1.0,0.006862359308333978,1.0,-0.001374286168991597,1.0,0.0006301181088386418,1.0,1.002291244785737,-1.1102230246251565e-14,0.22912447857368345,True
20261164,typical,27,3.3,5,1,0,ideal,0,0,0,True,0.0001005194957519108,9.999999999999999e-05,1.375119037816439,1.924880962183561,2.199572918059643,0.0008325974907915359,0.6875307915484348,0.6869492370089226,-0.01262263905710866,1.0,0.003052113696770588,1.001958216186764,0.0007475643587764955,1.0,0.00461962269302608,1.0,0.000125474777011171,1.0,0.002537080173510086,1.0,1.0051949575191081,-1.1102230246251565e-14,0.5194957519107923,True
20261165,typical,27,3.3,5,1,0,ideal,0,0,0,True,0.0001011344166602192,9.999999999999999e-05,1.376175510495099,1.923824489504901,2.199068937615886,0.0008356720953329581,0.686375788666638,0.6879678190689531,-0.007035335629441817,1.0,-0.008298238674912256,1.000157263535262,-0.00041233069341844,1.0,0.002021875381393003,1.0,0.001143764575944642,1.0,0.002411239677331915,1.0,1.011344166602192,-1.1102230246251565e-14,1.134416660219184,True
20261166,typical,27,3.3,5,1,0,ideal,0,0,0,True,0.0001001923059459243,9.999999999999999e-05,1.373263941687724,1.926736058312276,2.199842259532067,0.0008309615417618434,0.6869049418145713,0.6851592926579309,-0.000595672768934632,1.0,0.008885341725503251,1.002735274032919,0.00012431768433026,1.0,-0.0127358373663782,1.0,-0.001664314066529527,1.0,-0.003334840272774884,1.0,1.001923059459243,-1.1102230246251565e-14,0.19230594592429817,True
20261167,typical,27,3.3,5,1,0,ideal,0,0,0,True,0.0001011998977604057,9.999999999999999e-05,1.376489708167797,1.923510291832203,2.199015439850749,0.0008359995008341305,0.6864470420333364,0.6882709418939496,-0.01497480886447858,1.0,-2.026269781644064e-05,1.003375765416478,-0.0003415982776892668,1.0,0.0006083819513796392,1.0,0.001446856278969018,1.0,-0.009615060430042633,1.0,1.011998977604057,-1.1102230246251565e-14,1.1998977604056993,True
20261168,typical,27,3.3,5,1,0,ideal,0,0,0,True,0.0001008407219514353,9.999999999999999e-05,1.376060712930654,1.923939287069346,2.199309285615022,0.0008342036217891583,0.6873013125421753,0.6878575294303836,-0.002683131917634688,1.0,0.000474481931436896,0.9980962063817962,0.0005155297465193415,1.0,-0.004380140968778245,1.0,0.00103361452532266,1.0,-0.002024363426653921,1.0,1.008407219514353,-1.1102230246251565e-14,0.840721951435297,True
20261169,typical,27,3.3,5,1,0,ideal,0,0,0,True,0.00010043366979,9.999999999999999e-05,1.374423173409267,1.925576826590733,2.199643489923335,0.000832168360982102,0.6871653061122494,0.6862777621001451,0.0005733219041888315,1.0,-9.364485505592628e-05,1.001569210827139,0.0003827617367075651,1.0,-0.001574820588983615,1.0,-0.0005459593402657039,1.0,-0.0001431655604942218,1.0,1.0043366979000001,-1.1102230246251565e-14,0.43366978999999084,True
20261170,typical,27,3.3,5,1,0,ideal,0,0,0,True,0.000100245206787747,9.999999999999999e-05,1.373422266795084,1.926577733204916,2.199798655811105,0.0008312260459707168,0.686869875415283,0.6853120190591347,0.02092658193812475,1.0,0.003782216967164799,0.997933500200806,8.88304155225733e-05,1.0,0.001641079200277605,1.0,-0.001511612808192486,1.0,0.01813170876452518,1.0,1.00245206787747,-1.1102230246251565e-14,0.24520678774699878,True
20261171,typical,27,3.3,5,1,0,ideal,0,0,0,True,0.0001001800124118758,9.999999999999999e-05,1.374074675247064,1.925925324752936,2.199852395621198,0.000830900074091361,0.6877279096979406,0.6859418334681333,-0.0101033901121408,1.0,-0.006371433775833327,0.995506521122997,0.0009473833728303834,1.0,-0.01352769255367586,1.0,-0.0008817674133260044,1.0,0.006543499541701091,1.0,1.0018001241187582,-1.1102230246251565e-14,0.1800124118757962,True
20261172,typical,27,3.3,5,1,0,ideal,0,0,0,True,0.0001006267756634784,9.999999999999999e-05,1.37449833952105,1.925501660478951,2.199484784853614,0.0008331338903494936,0.6865549638312511,0.6863499793816351,0.006090073555108664,1.0,0.002415427186164012,0.9987103642547523,-0.0002291168549804611,1.0,0.003101897089084121,1.0,-0.0004738338386483943,1.0,-0.006977980444198677,1.0,1.0062677566347842,-1.1102230246251565e-14,0.6267756634783961,True
20261173,typical,27,3.3,5,1,0,ideal,0,0,0,True,0.0001001465749068088,9.999999999999999e-05,1.373774760082971,1.926225239917029,2.199879970947501,0.0008307328865660259,0.6875579845195114,0.6856524153767222,0.0002936939818436183,1.0,0.003719126244532046,0.9996343008504428,0.0007777242172930146,1.0,-0.006846334416140873,1.0,-0.001171169612514257,1.0,0.00356977093970449,1.0,1.001465749068088,-1.1102230246251565e-14,0.14657490680880514,True
20261174,typical,27,3.3,5,1,0,ideal,0,0,0,True,0.0001007497774212708,9.999999999999999e-05,1.374445894247751,1.92555410575225,2.199383844264351,0.0008337488991384558,0.6860700968544835,0.6862991498232551,0.0008322064639053385,1.0,0.002629860653257014,0.9991181362359591,-0.0007149624069744369,1.0,-0.000983735081695437,1.0,-0.0005247218576226717,1.0,0.0005931543060117189,1.0,1.007497774212708,-1.1102230246251565e-14,0.749777421270803,True
20261175,typical,27,3.3,5,1,0,ideal,0,0,0,True,0.0001007990738565247,9.999999999999999e-05,1.375618519432745,1.924381480567255,2.19934342194703,0.0008339953813147252,0.687023269697083,0.6874308284358565,-0.01542072579177113,1.0,-5.251414913284399e-05,1.000481108739415,0.0002378182442002783,1.0,0.006301155391371179,1.0,0.0006069333253873765,1.0,0.009248239352921477,1.0,1.0079907385652471,-1.1102230246251565e-14,0.7990738565246902,True
20261176,typical,27,3.3,5,1,0,ideal,0,0,0,True,0.000100403141994846,9.999999999999999e-05,1.373782557558973,1.926217442441027,2.199668605581667,0.0008320157220062122,0.686657417046049,0.6856595016839164,-0.001189346564478517,1.0,0.002311665811838845,1.00035983552108,-0.0001248844563333295,1.0,-0.0006285017592368376,1.0,-0.001164205247224273,1.0,0.002255220138228518,1.0,1.0040314199484601,-1.1102230246251565e-14,0.4031419948459902,True
20261177,typical,27,3.3,5,1,0,ideal,0,0,0,True,0.0001006639339205186,9.999999999999999e-05,1.373581405157615,1.926418594842386,2.199454278963714,0.0008333196816345746,0.6855422180400164,0.6854649025007375,0.02483154554915083,1.0,0.002762240355459928,0.999119963524256,-0.001242158269317816,1.0,-0.0007204105110755225,1.0,-0.001358928380332278,1.0,-0.0005553371299768192,1.0,1.0066393392051862,-1.1102230246251565e-14,0.6639339205186001,True
20261178,typical,27,3.3,5,1,0,ideal,0,0,0,True,0.0001001847206655383,9.999999999999999e-05,1.372871504740706,1.927128495259294,2.199848513500903,0.0008309236153595537,0.6865545029301189,0.6847805176307072,0.005124743928475538,1.0,-0.01052101395087212,1.001488694114018,-0.0002260608529741072,1.0,0.00570122325354934,1.0,-0.002043085488649169,1.0,0.005179299968448497,1.0,1.0018472066553832,-1.1102230246251565e-14,0.18472066553829602,True
20261179,typical,27,3.3,5,1,0,ideal,0,0,0,True,0.0001010908167337766,9.999999999999999e-05,1.377539817200149,1.922460182799851,2.199104576597762,0.000835454095700985,0.6878408167691337,0.6892845743320433,-0.003367931741234153,1.0,0.002575770930632298,1.000155452339554,0.001053044279126329,1.0,-0.008186330374580695,1.0,0.002460540561449569,1.0,0.003243827838541269,1.0,1.010908167337766,-1.1102230246251565e-14,1.0908167337765784,True
20261180,typical,27,3.3,5,1,0,ideal,0,0,0,True,0.0001008590527387766,9.999999999999999e-05,1.37494286658288,1.92505713341712,2.199294265213378,0.0008342952757258652,0.6861620815244595,0.68677862272925,0.001338867339305435,1.0,-0.007913298705403018,0.9976295131020868,-0.0006238471066840449,1.0,-0.005853517200929264,1.0,-4.530088823560074e-05,1.0,-0.003555914855747425,1.0,1.008590527387766,-1.1102230246251565e-14,0.8590527387765778,True
20261181,typical,27,3.3,5,1,0,ideal,0,0,0,True,0.0001005073825402149,9.999999999999999e-05,1.373947798454636,1.926052201545364,2.199582874924254,0.0008325369247331761,0.6864476674385672,0.685818812360597,-0.005468721072466419,1.0,0.007561077099933593,1.000200011124651,-0.0003354633808072105,1.0,-0.00217210133939882,1.0,-0.001004944114245475,1.0,0.001572962016240902,1.0,1.005073825402149,-1.1102230246251565e-14,0.5073825402148957,True
20261182,typical,27,3.3,5,1,0,ideal,0,0,0,True,0.0001001928487916039,9.999999999999999e-05,1.375284393004668,1.924715606995332,2.199841811979621,0.0008309642559900013,0.6888454389746751,0.6871093890350146,-0.007173493498636383,1.0,0.002532593114417355,0.9952806711150732,0.002064810525580596,1.0,-0.000977592017559606,1.0,0.0002857820527647894,1.0,-0.002788955994037757,1.0,1.001928487916039,-1.1102230246251565e-14,0.19284879160390567,True
20261183,typical,27,3.3,5,1,0,ideal,0,0,0,True,0.000100876296248721,9.999999999999999e-05,1.374862449761533,1.925137550238467,2.199280138075537,0.000834381493275587,0.6860239271041841,0.6867009782596674,-0.003754767835201889,1.0,-0.000928877273028388,0.99925517254985,-0.0007621387123316447,1.0,0.0008238869043662218,1.0,-0.0001229535533590205,1.0,-0.009204004836363449,1.0,1.00876296248721,-1.1102230246251565e-14,0.8762962487210091,True
20261184,typical,27,3.3,5,1,0,ideal,0,0,0,True,0.0001008051560903168,9.999999999999999e-05,1.375181246095247,1.924818753904754,2.199338435895728,0.0008340257924836859,0.686581463237011,0.6870087876491026,-0.001404324476472454,1.0,-0.001497680363581506,0.9973399371140548,-0.0002040366047320505,1.0,0.000856629489804158,1.0,0.000184889647784299,1.0,-0.007718587057276492,1.0,1.0080515609031682,-1.1102230246251565e-14,0.8051560903167942,True
20261185,typical,27,3.3,5,1,0,ideal,0,0,0,True,0.0001003325548887481,9.999999999999999e-05,1.374044243048518,1.925955756951482,2.199726706090836,0.0008316627864758421,0.6871587058949248,0.6859121992426758,0.003735001261025213,1.0,-0.001030843790704203,0.9968459471150027,0.0003769659699468218,1.0,-0.00545412645968158,1.0,-0.0009114741396145552,1.0,-0.0101867169412006,1.0,1.003325548887481,-1.1102230246251565e-14,0.33255488874808226,True
20261186,typical,27,3.3,5,1,0,ideal,0,0,0,True,0.0001007018764723568,9.999999999999999e-05,1.375976069727728,1.924023930272272,2.199423140099661,0.0008335093943937658,0.6877101864199581,0.6877760765776747,-0.0061408731386074,1.0,-0.004091824230466609,0.9982838294170292,0.0009255082478377605,1.0,0.0007975877684564554,1.0,0.000952227663448354,1.0,0.003625797622688489,1.0,1.0070187647235682,-1.1102230246251565e-14,0.7018764723567994,True
20261187,typical,27,3.3,5,1,0,ideal,0,0,0,True,0.0001013558186706688,9.999999999999999e-05,1.377227930633998,1.922772069366002,2.198888183864662,0.0008367791053854459,0.6866074290984375,0.6889831267110076,0.0002426209210755095,1.0,0.003916201606338902,1.002923465362577,-0.0001824516783260098,1.0,-0.004248592018783465,1.0,0.002158966989603388,1.0,-0.008700333854062643,1.0,1.013558186706688,-1.1102230246251565e-14,1.3558186706687847,True
20261188,typical,27,3.3,5,1,0,ideal,0,0,0,True,0.0001013157826281343,9.999999999999999e-05,1.376330857729352,1.923669142270648,2.198920842027647,0.0008365789251725333,0.685886173867031,0.6881174356660168,0.005398288658657604,1.0,-0.005154231908287911,0.9978645343764028,-0.0009033883936666104,1.0,0.006859562227724323,1.0,0.001293294972940292,1.0,-0.00499365312409122,1.0,1.013157826281343,-1.1102230246251565e-14,1.3157826281342988,True
20261189,typical,27,3.3,5,1,0,ideal,0,0,0,True,0.0001005094193424795,9.999999999999999e-05,1.37369265065519,1.92630734934481,2.199581200626852,0.0008325471087446191,0.686195180032427,0.6855725416031904,0.008657499593643349,1.0,0.004847877722419295,0.9972487817457888,-0.0005879669913232607,1.0,0.001285122391281688,1.0,-0.001251215839754567,1.0,-0.0001108351008413005,1.0,1.0050941934247952,-1.1102230246251565e-14,0.5094193424795002,True
20261190,typical,27,3.3,5,1,0,ideal,0,0,0,True,0.0001008568291206514,9.999999999999999e-05,1.37571618112396,1.92428381887604,2.199296087128114,0.0008342841576352391,0.6869132843887944,0.6875249858272965,0.002645171756601524,1.0,-0.001458281297067715,0.9982961205135455,0.000127373448218037,1.0,0.01038429586844341,1.0,0.000701063266735424,1.0,-0.0006305401428183768,1.0,1.0085682912065141,-1.1102230246251565e-14,0.8568291206513923,True
20261191,typical,27,3.3,5,1,0,ideal,0,0,0,True,0.0001009432844450443,9.999999999999999e-05,1.375554003490026,1.924445996509974,2.199225277977512,0.0008347164342573235,0.6864523347126992,0.6873683146838171,0.002954837924563178,1.0,0.0002278088037127044,0.9996615292513615,-0.0003342640462050179,1.0,0.006325435057479514,1.0,0.0005443510325320065,1.0,0.001953054975178706,1.0,1.009432844450443,-1.1102230246251565e-14,0.9432844450443012,True
20261192,typical,27,3.3,5,1,0,ideal,0,0,0,True,0.0001006976064516642,9.999999999999999e-05,1.37439075083501,1.92560924916499,2.199426643889205,0.0008334880442903028,0.6862013258027405,0.6862460162443025,0.009019017648729682,1.0,-0.005717860657033665,1.00106200086425,-0.000583318397971019,1.0,0.002908172768439572,1.0,-0.0005778306406384253,1.0,-0.01000714041447336,1.0,1.0069760645166421,-1.1102230246251565e-14,0.69760645166419,True
20261193,typical,27,3.3,5,1,0,ideal,0,0,0,True,0.0001004601448016586,9.999999999999999e-05,1.374315105927688,1.925684894072312,2.199621714353308,0.0008323007360402747,0.6869677920144973,0.6861734125937674,0.006142592947775367,1.0,-6.843444964503566e-05,0.999965615262949,0.0001850370090313138,1.0,0.006840668044418979,1.0,-0.0006503214297763582,1.0,0.00199823146017465,1.0,1.0046014480165861,-1.1102230246251565e-14,0.46014480165859073,True
20261194,typical,27,3.3,5,1,0,ideal,0,0,0,True,0.0001008077742802128,9.999999999999999e-05,1.374263804822874,1.925736195177126,2.199336289661136,0.0008340388834330462,0.68569029856659,0.6861233020060651,-0.0009165067627454044,1.0,0.003205180189912111,0.9988594232494148,-0.001095222104847198,1.0,-0.006465224411737541,1.0,-0.0007005972397268935,1.0,0.0003299832509444825,1.0,1.0080777428021281,-1.1102230246251565e-14,0.8077742802127919,True
20261195,typical,27,3.3,5,1,0,ideal,0,0,0,True,0.0001002057709750338,9.999999999999999e-05,1.374029998812022,1.925970001187978,2.199831158879022,0.000831028866907151,0.6875937528391554,0.6858986682112043,0.0003501353864071146,1.0,-0.00665105871147396,0.9997144907518448,0.0008130215835362644,1.0,0.003101700595622845,1.0,-0.0009249449128767422,1.0,-0.001686374830054997,1.0,1.002057709750338,-1.1102230246251565e-14,0.20577097503378106,True
20261196,typical,27,3.3,5,1,0,ideal,0,0,0,True,9.98265095022112e-05,9.999999999999999e-05,1.374031784193073,1.925968215806927,2.200144361817839,0.000829132559543038,0.6889395376866482,0.6859010415424506,-0.01546102417699907,1.0,0.003449625390831795,1.001170353882996,0.002161823772567335,1.0,0.003552103303837498,1.0,-0.0009223913251465004,1.0,-0.01309708981439453,1.0,0.9982650950221121,-1.1102230246251565e-14,-0.17349049778879744,True
20261197,typical,27,3.3,5,1,0,ideal,0,0,0,True,0.0001002610838058117,9.999999999999999e-05,1.374352472940333,1.925647527059667,2.199785573335296,0.0008313054310610404,0.687707960755977,0.6862098195914877,-0.007415093971883877,1.0,-0.0005717993100211364,1.0009711860898,0.0009267894415453768,1.0,-0.00866621957566581,1.0,-0.0006138198217844338,1.0,-0.007214638173069781,1.0,1.0026108380581171,-1.1102230246251565e-14,0.26108380581169044,True
20261198,typical,27,3.3,5,1,0,ideal,0,0,0,True,0.0001006236801294448,9.999999999999999e-05,1.375058648769636,1.924941351230365,2.199487326677789,0.000833118412679206,0.6871045301706761,0.6868907738488294,0.005763028891074442,1.0,0.001493021726783154,1.000513229423837,0.0003204741118377842,1.0,0.000952009430341019,1.0,6.696209985714069e-05,1.0,0.001507768841365714,1.0,1.006236801294448,-1.1102230246251565e-14,0.6236801294448036,True
20261199,typical,27,3.3,5,1,0,ideal,0,0,0,True,0.0001004022489299351,9.999999999999999e-05,1.374702665671096,1.925297334328905,2.199669340427074,0.0008320112566816576,0.687545124289198,0.6865475733005643,-0.00649297156344532,1.0,-0.001484918619371827,0.99884812864592,0.0007628298918327132,1.0,-0.001280355275686128,1.0,-0.0002761332060168397,1.0,-0.00525202464491932,1.0,1.004022489299351,-1.1102230246251565e-14,0.40224892993510064,True
20261200,typical,27,3.3,5,1,0,ideal,0,0,0,True,0.0001001725739086402,9.999999999999999e-05,1.374335774198541,1.925664225801459,2.19985852927684,0.000830862881575183,0.6880052656741964,0.6861938540620666,0.0009544289505240716,1.0,0.003594331713891869,1.001037558327894,0.001224798528488151,1.0,0.01210692211080788,1.0,-0.0006297432839901756,1.0,-0.0005171711117078822,1.0,1.001725739086402,-1.1102230246251565e-14,0.1725739086402056,True
20261201,typical,27,3.3,5,1,0,ideal,0,0,0,True,0.000101424993742615,9.999999999999999e-05,1.374830795441809,1.925169204558191,2.19883178496575,0.0008371249807450569,0.6840598850484149,0.6866694863013284,-0.01043853096857434,1.0,0.0006895593654756067,0.9998227708939068,-0.002730546066329201,1.0,-0.004962613229656354,1.0,-0.0001547062980010029,1.0,0.007452089645561427,1.0,1.01424993742615,-1.1102230246251565e-14,1.4249937426149994,True
20261202,typical,27,3.3,5,1,0,ideal,0,0,0,True,0.0001001982994226437,9.999999999999999e-05,1.374172428541421,1.92582757145858,2.199837318299871,0.0008309915091454403,0.6877571365447817,0.686036152056463,-0.01073082564697453,1.0,0.007901080363967075,0.997171580477871,0.0009764647314833063,1.0,-0.008255921290210301,1.0,-0.0007874575164858407,1.0,0.0001434812755315426,1.0,1.001982994226437,-1.1102230246251565e-14,0.1982994226436885,True
20261203,typical,27,3.3,5,1,0,ideal,0,0,0,True,0.0001007339639093131,9.999999999999999e-05,1.375091051902514,1.924908948097486,2.199396815034817,0.0008336698315784277,0.6867461216070405,0.6869218587643137,0.004455202031808304,1.0,-0.002478733772151129,1.003016610794004,-3.881184564340239e-05,1.0,0.009854911353837273,1.0,9.79945993826524e-05,1.0,0.003022380880125292,1.0,1.007339639093131,-1.1102230246251565e-14,0.7339639093130845,True
20261204,typical,27,3.3,5,1,0,ideal,0,0,0,True,0.0001010239440740114,9.999999999999999e-05,1.375206879001996,1.924793120998004,2.199159266977455,0.000835119732402039,0.6858341780073564,0.6870331521852318,0.000763252167944967,1.0,-0.002850990432583673,0.9954031369941858,-0.0009530624601523775,1.0,-0.0002869744984756556,1.0,0.000209150197800973,1.0,-0.005020186480831006,1.0,1.010239440740114,-1.1102230246251565e-14,1.023944074011407,True
20261205,typical,27,3.3,5,1,0,ideal,0,0,0,True,0.0001006800530201381,9.999999999999999e-05,1.375805984224215,1.924194015775785,2.199441048922193,0.0008334002771327922,0.6876237746374607,0.6876119603553414,0.0001457252789446174,1.0,-0.002146075078202579,0.9986378778821242,0.0008392700879825045,1.0,-0.00502614091340222,1.0,0.0007881218133964638,1.0,-0.003535358480818315,1.0,1.0068005302013812,-1.1102230246251565e-14,0.6800530201380939,True
20261206,typical,27,3.3,5,1,0,ideal,0,0,0,True,0.0001004109107707619,9.999999999999999e-05,1.37367241279346,1.926327587206541,2.19966221341714,0.0008320545658857916,0.6865240498549396,0.6855531769004819,-0.006008759411133571,1.0,-0.006145722267808427,0.9960687025166708,-0.0002583134543011609,1.0,-0.008595748486616693,1.0,-0.001270533723026838,1.0,-0.003866553393590654,1.0,1.0041091077076192,-1.1102230246251565e-14,0.4109107707618964,True
20261207,typical,27,3.3,5,1,0,ideal,0,0,0,True,0.0001005625145177937,9.999999999999999e-05,1.375304919062274,1.924695080937726,2.199537566433147,0.0008328125846209502,0.6875574189573213,0.6871285660253326,0.003155914161660602,1.0,-0.001964088796031052,1.001635125049943,0.0007738495192245612,1.0,-0.002397825409691637,1.0,0.0003047833473414758,1.0,-0.01560414757201454,1.0,1.0056251451779372,-1.1102230246251565e-14,0.5625145177936997,True
20261208,typical,27,3.3,5,1,0,ideal,0,0,0,True,0.0001005631468325986,9.999999999999999e-05,1.373734631951694,1.926265368048306,2.199537046920337,0.0008328157461952148,0.6860456309768657,0.6856129697776621,0.007736401304545674,1.0,0.007170023311219616,1.00140292145706,-0.0007379434917431708,1.0,-0.004161472697257233,1.0,-0.00121081320102065,1.0,0.00551385391856195,1.0,1.0056314683259862,-1.1102230246251565e-14,0.5631468325985933,True
20261209,typical,27,3.3,5,1,0,ideal,0,0,0,True,0.0001009372108825558,9.999999999999999e-05,1.375276023933136,1.924723976066864,2.199230250522611,0.000834686066444761,0.6862065539077155,0.6871000358198426,-0.004233502758506359,1.0,0.002191953051533766,0.9963296998926979,-0.0005799965313579635,1.0,0.01583236769315985,1.0,0.0002760750551956131,1.0,-6.836965159307955e-05,1.0,1.009372108825558,-1.1102230246251565e-14,0.9372108825558056,True
20261210,typical,27,3.3,5,1,0,ideal,0,0,0,True,0.0001000653896311866,9.999999999999999e-05,1.373297103553701,1.926702896446299,2.199946959035524,0.0008303269601880349,0.6873863371756167,0.6851915184696513,0.0008211072838240684,1.0,0.002520285165311715,1.00253721533279,0.0006067227694717621,1.0,-0.001531063419372918,1.0,-0.001632027933669785,1.0,-0.009828376965527845,1.0,1.000653896311866,-1.1102230246251565e-14,0.06538963118660757,True
20261211,typical,27,3.3,5,1,0,ideal,0,0,0,True,0.000100598564547404,9.999999999999999e-05,1.376253651844084,1.923746348155916,2.199507952456481,0.000832992834769002,0.6883420116593979,0.6880441527362456,-0.008348542814788435,1.0,0.002975476934769621,1.001984695308394,0.00155815541477346,1.0,0.003937960531311574,1.0,0.001220352924415851,1.0,-0.003208430410927335,1.0,1.0059856454740401,-1.1102230246251565e-14,0.5985645474039902,True
20261212,typical,27,3.3,5,1,0,ideal,0,0,0,True,0.0001009665796321747,9.999999999999999e-05,1.376082653311286,1.923917346688715,2.199206208354433,0.0008348329101930954,0.6868783142170629,0.6878784887709042,-0.001440990037698658,1.0,0.008582538480464419,1.001189076853565,9.153012717877803e-05,1.0,0.004510172593423505,1.0,0.001054514047883959,1.0,0.006590334991158822,1.0,1.0096657963217472,-1.1102230246251565e-14,0.9665796321747022,True
20261213,typical,27,3.3,5,1,0,ideal,0,0,0,True,0.0001008642791943472,9.999999999999999e-05,1.375513909609997,1.924486090390004,2.199289983081257,0.0008343214080034781,0.6866925584104544,0.6873297540380662,0.006910782714540984,1.0,-0.004071397318620443,1.004822241839499,-9.341180118145335e-05,1.0,0.002903864062173908,1.0,0.0005058279365892298,1.0,-0.01570676413659599,1.0,1.008642791943472,-1.1102230246251565e-14,0.864279194347195,True
20261214,typical,27,3.3,5,1,0,ideal,0,0,0,True,0.0001006820443274527,9.999999999999999e-05,1.374514113880516,1.925485886119484,2.199439414658865,0.0008334102336692453,0.6863748819271596,0.6863651096141734,-0.00753677108905918,1.0,0.002071404943128233,1.003016874488711,-0.0004096384646857282,1.0,-0.001513602937932008,1.0,-0.0004587298743245931,1.0,-0.003727163242865516,1.0,1.0068204432745271,-1.1102230246251565e-14,0.6820443274526911,True
20261215,typical,27,3.3,5,1,0,ideal,0,0,0,True,0.0001007429140217332,9.999999999999999e-05,1.377350771383629,1.922649228616371,2.199389473619033,0.0008337145821406479,0.6888866623562088,0.6891027278916179,-0.0008900982979482738,1.0,-0.007810305482223901,0.9986621966710676,0.002101657698334901,1.0,0.004813735628889731,1.0,0.002278859473091103,1.0,-0.002765918493356887,1.0,1.007429140217332,-1.1102230246251565e-14,0.7429140217331875,True
20261216,typical,27,3.3,5,1,0,ideal,0,0,0,True,0.0001001581863447355,9.999999999999999e-05,1.374719657658742,1.925280342341258,2.199870394217416,0.0008307909437557795,0.6884252729284455,0.6865643916933851,-0.00473038858006359,1.0,0.00288040799354703,0.9941872420192855,0.001644920247637507,1.0,-0.007827680078254498,1.0,-0.000259198814463673,1.0,0.006955247851959567,1.0,1.001581863447355,-1.1102230246251565e-14,0.1581863447355003,True
20261217,typical,27,3.3,5,1,0,ideal,0,0,0,True,0.0001014752922474606,9.999999999999999e-05,1.375787226878285,1.924212773121715,2.198790798925125,0.0008373764732692848,0.684802198208232,0.6875924941146913,-0.01216760587456242,1.0,0.00317835714511021,1.00094846885343,-0.001988633067535161,1.0,0.00934889002335899,1.0,0.0007682776094685053,1.0,-0.0008281655619430943,1.0,1.0147529224746061,-1.1102230246251565e-14,1.4752922474605912,True
20261218,typical,27,3.3,5,1,0,ideal,0,0,0,True,0.0001003011778372311,9.999999999999999e-05,1.37453005829781,1.92546994170219,2.199752544985528,0.000831505901218257,0.687736781074845,0.6863811515211028,0.001784572958193202,1.0,-0.001310754434393467,0.998053798455868,0.0009552907797506295,1.0,0.00918674148398938,1.0,-0.0004425069481658127,1.0,0.004003358029465724,1.0,1.003011778372311,-1.1102230246251565e-14,0.3011778372310925,True
20261219,typical,27,3.3,5,1,0,ideal,0,0,0,True,0.0001006755768017732,9.999999999999999e-05,1.375761121657041,1.924238878342959,2.199444722659606,0.000833377896040848,0.6875964618388553,0.6875686699149172,0.004855112127739885,1.0,-0.001210176727215705,1.004058275306671,0.0008119929011994484,1.0,-0.0156318712679719,1.0,0.0007448335004316163,1.0,0.001892316527745636,1.0,1.0067557680177321,-1.1102230246251565e-14,0.6755768017731922,True
20261220,typical,27,3.3,5,1,0,ideal,0,0,0,True,0.0001006688076723562,9.999999999999999e-05,1.374260824892273,1.925739175107727,2.19945027853406,0.0008333440503937631,0.6861781474223853,0.6861206640330442,0.007729976508575684,1.0,-0.003174112776847101,1.001198378511639,-0.0006062676614875192,1.0,0.009982285345363513,1.0,-0.0007031691643504356,1.0,0.002534969695859851,1.0,1.006688076723562,-1.1102230246251565e-14,0.6688076723561975,True
20261221,typical,27,3.3,5,1,0,ideal,0,0,0,True,0.0001002283122397997,9.999999999999999e-05,1.374376240637283,1.925623759362717,2.199812578857131,0.0008311415732311003,0.6878468178384396,0.686232815767595,0.003395409132061306,1.0,0.00791809363857381,0.9995183668274592,0.001065907248584839,1.0,0.005295635708087843,1.0,-0.0005908080699304596,1.0,0.0008779566989356367,1.0,1.002283122397997,-1.1102230246251565e-14,0.2283122397997106,True
20261222,typical,27,3.3,5,1,0,ideal,0,0,0,True,0.0001012352912989235,9.999999999999999e-05,1.376227240670929,1.923772759329072,2.198986537016468,0.0008361764685264797,0.6860700708652843,0.6880175716656864,0.001398667944136127,1.0,-0.003232856611700956,0.9976537863537144,-0.0007188510275719895,1.0,0.008137236103037711,1.0,0.001193469228723881,1.0,0.006743128009137167,1.0,1.012352912989235,-1.1102230246251565e-14,1.235291298923502,True
20261223,typical,27,3.3,5,1,0,ideal,0,0,0,True,0.000100616674190185,9.999999999999999e-05,1.374203010487696,1.925796989512304,2.199493079709402,0.0008330833829830267,0.6863067485998294,0.686064952060976,0.0009340479962282763,1.0,-0.00188751678758279,1.001097428994352,-0.0004772517212158922,1.0,0.007119036213206244,1.0,-0.0007588563582752177,1.0,0.002689682520402291,1.0,1.00616674190185,-1.1102230246251565e-14,0.616674190185007,True
20261224,typical,27,3.3,5,1,0,ideal,0,0,0,True,0.0001009460664832708,9.999999999999999e-05,1.37487228798517,1.92512771201483,2.199223000361979,0.0008347303444483358,0.6857872209080659,0.6867103541187025,-0.001948873732681126,1.0,-0.00606060167878917,1.002081236977351,-0.0009993999840526707,1.0,-0.0102801777351487,1.0,-0.0001136108549005472,1.0,-0.002170095174230108,1.0,1.009460664832708,-1.1102230246251565e-14,0.9460664832708021,True
20261225,typical,27,3.3,5,1,0,ideal,0,0,0,True,0.000100688006124411,9.999999999999999e-05,1.374614379026919,1.925385620973081,2.19943452200134,0.000833440042654037,0.68645020962816,0.686461872219678,0.006709847690578114,1.0,0.0003175433287797375,0.9997544903648384,-0.000334358194447855,1.0,-0.006762179619244781,1.0,-0.0003619701023690987,1.0,-0.0001042422700355765,1.0,1.0068800612441102,-1.1102230246251565e-14,0.6880061244110003,True
20261226,typical,27,3.3,5,1,0,ideal,0,0,0,True,0.0001008381031501883,9.999999999999999e-05,1.37544817618358,1.924551823816421,2.199311431692131,0.0008341905277829233,0.6867217560551581,0.6872663570711859,0.007427917589147365,1.0,-0.0003961722238716105,0.9980193320074772,-6.400590589358989e-05,1.0,-0.004168581029920211,1.0,0.0004424434107200331,1.0,-0.0003441348499357565,1.0,1.008381031501883,-1.1102230246251565e-14,0.8381031501882852,True
20261227,typical,27,3.3,5,1,0,ideal,0,0,0,True,0.0001011471077016814,9.999999999999999e-05,1.375987985907783,1.924012014092217,2.19905856655198,0.0008357355505403887,0.6861508129730087,0.6877868140213235,-0.003869001106587098,1.0,0.002361431471893729,0.9996747316624948,-0.0006374073537617114,1.0,-0.006580678124262974,1.0,0.0009627534964606902,1.0,0.0004657741942354308,1.0,1.011471077016814,-1.1102230246251565e-14,1.1471077016813824,True
20261228,typical,27,3.3,5,1,0,ideal,0,0,0,True,0.000101012014584775,9.999999999999999e-05,1.375256890776845,1.924743109223155,2.199169026828387,0.0008350600849557369,0.6859243193612189,0.687081441324416,0.001070949355136624,1.0,-0.003581571118802108,1.002528244717418,-0.0008628261981744501,1.0,-0.003327843356201664,1.0,0.0002574450068670372,1.0,-0.001987556219632473,1.0,1.01012014584775,-1.1102230246251565e-14,1.0120145847750006,True
20261229,typical,27,3.3,5,1,0,ideal,0,0,0,True,0.0001009416720315527,9.999999999999999e-05,1.374811494110315,1.925188505889686,2.199226598064769,0.0008347083721897456,0.685744283693563,0.6866516858504218,-0.007033610873905223,1.0,0.000911712411140898,1.002571677465725,-0.00104230223733943,1.0,0.001125885150443569,1.0,-0.0001722770345732241,1.0,-0.003505188215804324,1.0,1.009416720315527,-1.1102230246251565e-14,0.9416720315526872,True
20261230,typical,27,3.3,5,1,0,ideal,0,0,0,True,0.0001005801585728285,9.999999999999999e-05,1.374530449179765,1.925469550820235,2.19952307114592,0.0008329008048961243,0.686750556294599,0.6863810505994755,-0.0008718962162214399,1.0,-0.001810685198048637,1.000055851296556,-3.315351589430292e-05,1.0,-0.000155352732413335,1.0,-0.0004427404645022088,1.0,0.008378593757262626,1.0,1.0058015857282852,-1.1102230246251565e-14,0.580158572828493,True
20261231,typical,27,3.3,5,1,0,ideal,0,0,0,True,0.0001007490384910027,9.999999999999999e-05,1.373336137429415,1.926663862570585,2.199384450317065,0.0008337452044871154,0.6850058759528895,0.6852280225482761,-0.002521744007311102,1.0,0.003992483855450786,0.9983922826671138,-0.00177917742976409,1.0,-0.004124568626421218,1.0,-0.00159584878151073,1.0,-0.001378818445718074,1.0,1.007490384910027,-1.1102230246251565e-14,0.7490384910026959,True
20261232,typical,27,3.3,5,1,0,ideal,0,0,0,True,0.0001002069987244204,9.999999999999999e-05,1.373793850043261,1.926206149956739,2.199830146784543,0.0008310350056542039,0.6873623752545573,0.685670737354964,-0.005241259914837443,1.0,-0.0005126338245592977,0.9993723264140559,0.0005816342311921532,1.0,0.001370270991264204,1.0,-0.001152876352661984,1.0,0.006979710629886397,1.0,1.002069987244204,-1.1102230246251565e-14,0.20699872442038192,True
20261233,typical,27,3.3,5,1,0,ideal,0,0,0,True,0.0001002502957801922,9.999999999999999e-05,1.374140569169288,1.925859430830712,2.199794462329387,0.000831251490932943,0.687542428664625,0.6860053127932055,0.003416411985126912,1.0,0.001485527043654455,1.000084136727223,0.0007613431777495559,1.0,-0.008042311531574293,1.0,-0.0008183214927409567,1.0,-0.002838575974895626,1.0,1.0025029578019222,-1.1102230246251565e-14,0.2502957801922001,True
20261234,typical,27,3.3,5,1,0,ideal,0,0,0,True,0.0001007518376870066,9.999999999999999e-05,1.375390023554323,1.924609976445677,2.199382154506181,0.0008337592004672547,0.6869704000257554,0.687210379500304,-0.005530105714064373,1.0,0.0101133805896682,0.9988417978757852,0.0001853243732507915,1.0,0.01188724944837908,1.0,0.0003865068403210151,1.0,0.002131911140861812,1.0,1.0075183768700662,-1.1102230246251565e-14,0.7518376870065957,True
20261235,typical,27,3.3,5,1,0,ideal,0,0,0,True,0.0001003448812721998,9.999999999999999e-05,1.373587962695595,1.926412037304405,2.199716557432562,0.0008317244183929809,0.6866764367884882,0.6854717787566648,0.009989685752750672,1.0,-0.01047557224468292,1.001210515803512,-0.0001054012028310833,1.0,0.0006855789406399541,1.0,-0.001351900484194152,1.0,0.002340971503629678,1.0,1.003448812721998,-1.1102230246251565e-14,0.344881272199804,True
20261236,typical,27,3.3,5,1,0,ideal,0,0,0,True,0.0001005948784450651,9.999999999999999e-05,1.373915685825473,1.926084314174528,2.199510980017203,0.0008329744042573075,0.6861075487636656,0.6857876675649062,0.004846398918366876,1.0,0.001089319331888349,1.000011035676388,-0.0006762781550220292,1.0,0.009774387990132832,1.0,-0.001036130495239947,1.0,-0.00811646413994971,1.0,1.005948784450651,-1.1102230246251565e-14,0.5948784450650946,True
20261237,typical,27,3.3,5,1,0,ideal,0,0,0,True,0.0001003506527674815,9.999999999999999e-05,1.372638746767709,1.927361253232291,2.199711806000634,0.0008317532758695092,0.6857434458899633,0.6845555680473235,-0.0009842550028924507,1.0,-0.001745781325686468,1.0030641814016,-0.001038438018239049,1.0,-0.002430698257635166,1.0,-0.002268113936711622,1.0,-0.007618174641545433,1.0,1.0035065276748152,-1.1102230246251565e-14,0.3506527674814963,True
20261238,typical,27,3.3,5,1,0,ideal,0,0,0,True,0.0001008528621740935,9.999999999999999e-05,1.374963488760705,1.925036511239296,2.199299337527582,0.0008342643229026893,0.6862037525920962,0.6867985369582534,0.002489783310471123,1.0,0.004111894385048871,0.9990725342704556,-0.0005821267883436338,1.0,-0.002096581471765261,1.0,-2.538371696257635e-05,1.0,0.0003750481863398374,1.0,1.008528621740935,-1.1102230246251565e-14,0.852862174093505,True
20261239,typical,27,3.3,5,1,0,ideal,0,0,0,True,0.0001007620972029456,9.999999999999999e-05,1.37524789704967,1.92475210295033,2.199373740492752,0.0008338104980469498,0.6867975519445325,0.6870731894353012,-0.008877514721136608,1.0,0.006829392280897829,0.99783831161898,1.239466960902322e-05,1.0,-0.0005449744800546116,1.0,0.0002493118991406187,1.0,-0.004484600811619473,1.0,1.007620972029456,-1.1102230246251565e-14,0.7620972029455997,True
20261240,typical,27,3.3,5,1,0,ideal,0,0,0,True,0.0001009344993773666,9.999999999999999e-05,1.375534353668778,1.924465646331222,2.199232470575913,0.0008346725089188147,0.6864644387859479,0.6873493649880306,0.01165837343981152,1.0,-0.001663079452269459,0.9983502505942594,-0.0003220900810389704,1.0,-0.005850214565091972,1.0,0.0005254055121229794,1.0,0.006748594603110532,1.0,1.009344993773666,-1.1102230246251565e-14,0.9344993773666044,True
20261241,typical,27,3.3,5,1,0,ideal,0,0,0,True,0.0001004804321403831,9.999999999999999e-05,1.373828799337295,1.926171200662705,2.19960503176186,0.0008324021727340172,0.6864285484832414,0.6857040015283742,0.007227729475957152,1.0,0.004552066517165125,0.9965742508361808,-0.0003543679242034304,1.0,-0.002768010951432437,1.0,-0.001119742137438901,1.0,0.001590206405685154,1.0,1.0048043214038311,-1.1102230246251565e-14,0.48043214038309134,True
20261242,typical,27,3.3,5,1,0,ideal,0,0,0,True,0.0001002776361285242,9.999999999999999e-05,1.37381255104791,1.92618744895209,2.199771936488144,0.0008313881926746028,0.6871303077708303,0.685688666384849,0.00577814776614529,1.0,0.002993449267940046,1.00215359832557,0.0003490047692019293,1.0,-0.01216138628723898,1.0,-0.001134980895528413,1.0,-0.01559223978986859,1.0,1.002776361285242,-1.1102230246251565e-14,0.2776361285241835,True
20261243,typical,27,3.3,5,1,0,ideal,0,0,0,True,0.0001007170015979709,9.999999999999999e-05,1.374470950013372,1.925529049986628,2.199410730214881,0.0008335850200218366,0.6862099235585353,0.6863233891474477,0.0008805910442379044,1.0,-0.00320946538507142,0.9992037740519828,-0.0005748749457177516,1.0,-0.003855111176333366,1.0,-0.0005004669556491559,1.0,-0.001305311226451084,1.0,1.0071700159797092,-1.1102230246251565e-14,0.717001597970901,True
20261244,typical,27,3.3,5,1,0,ideal,0,0,0,True,0.000100833367223462,9.999999999999999e-05,1.373043213251568,1.926956786748432,2.199315312861812,0.0008341668481494115,0.6844265891525632,0.6849451428951437,0.0002341518765262113,1.0,0.001665144719558886,0.997525389367533,-0.002359135130456872,1.0,-0.004365073724849271,1.0,-0.001878768514656382,1.0,-0.0008173761354692305,1.0,1.0083336722346201,-1.1102230246251565e-14,0.8333672234619893,True
20261245,typical,27,3.3,5,1,0,ideal,0,0,0,True,0.0001001581859534219,9.999999999999999e-05,1.372915347072564,1.927084652927437,2.199870394540102,0.0008307909417990913,0.6866906136774914,0.6848228809012956,-0.02482089641449773,1.0,-0.002655077462811233,1.001911538805196,-8.973900014423848e-05,1.0,-0.003664947662702019,1.0,-0.00200070960651102,1.0,0.0008826270797241636,1.0,1.0015818595342192,-1.1102230246251565e-14,0.15818595342189656,True
20261246,typical,27,3.3,5,1,0,ideal,0,0,0,True,0.0001007963659881951,9.999999999999999e-05,1.37570681361246,1.924293186387541,2.199345641875584,0.0008339818419730773,0.6871177029387712,0.6875160485901775,0.005374297555273361,1.0,0.003884677129437619,0.9968074414154068,0.0003322730290750729,1.0,-0.005713163590397361,1.0,0.0006921547666847601,1.0,0.000983527927342177,1.0,1.007963659881951,-1.1102230246251565e-14,0.7963659881951024,True
20261247,typical,27,3.3,5,1,0,ideal,0,0,0,True,0.0001003039555099362,9.999999999999999e-05,1.375226762979209,1.924773237020792,2.199750257275378,0.000831519789581783,0.6883967252083149,0.6870535772251634,-0.006570262553902011,1.0,0.003925840316602115,1.0026795015866,0.001615212814553612,1.0,0.00224912660555996,1.0,0.000229917435800906,1.0,-0.01120101571767599,1.0,1.003039555099362,-1.1102230246251565e-14,0.30395550993618237,True
20261248,typical,27,3.3,5,1,0,ideal,0,0,0,True,0.0001012605114257283,9.999999999999999e-05,1.375483790058573,1.924516209941427,2.198965947713034,0.0008363025691607431,0.6852666359469343,0.6873000053940905,-0.001908624783123483,1.0,0.002705236599883075,0.9998182359031872,-0.001522486590643254,1.0,0.003085143891732413,1.0,0.0004758909703715018,1.0,-0.0003421020275296736,1.0,1.012605114257283,-1.1102230246251565e-14,1.2605114257282946,True
20261249,typical,27,3.3,5,1,0,ideal,0,0,0,True,0.0001008517739552452,9.999999999999999e-05,1.374507819978116,1.925492180021885,2.199300229203084,0.0008342588818082077,0.6857695685928128,0.6863587439928289,-0.005836926052755764,1.0,0.003877409979037445,0.9994052242208912,-0.001016302129994073,1.0,-0.007754736994171739,1.0,-0.0004651761652099777,1.0,-0.005655559791813528,1.0,1.008517739552452,-1.1102230246251565e-14,0.8517739552452053,True
20261250,typical,27,3.3,5,1,0,ideal,0,0,0,True,0.0001002239893508373,9.999999999999999e-05,1.373172919536857,1.926827080463143,2.199816141767862,0.0008311199587861687,0.6867052602054099,0.6850713824147446,-0.01275534602652034,1.0,-0.007803370315438972,0.9989929339066186,-7.561599228578139e-05,1.0,-0.001072616923011704,1.0,-0.001752239368283939,1.0,0.001758929939773478,1.0,1.0022398935083732,-1.1102230246251565e-14,0.22398935083729477,True
20261251,typical,27,3.3,5,1,0,ideal,0,0,0,True,0.0001005759088884019,9.999999999999999e-05,1.374468995780542,1.925531004219458,2.199526562210996,0.0008328795564741112,0.6867064985093917,0.6863217448154981,0.005398865661138365,1.0,0.003459292776840071,0.9998089145933272,-7.717749149845256e-05,1.0,-0.01041643954125193,1.0,-0.0005020442286931389,1.0,-0.005579466350865404,1.0,1.005759088884019,-1.1102230246251565e-14,0.5759088884018881,True
20261252,typical,27,3.3,5,1,0,ideal,0,0,0,True,0.0001011869603940276,9.999999999999999e-05,1.375745907576243,1.924254092423757,2.199026007044534,0.0008359348140019999,0.6857776919718894,0.6875531098709462,-0.003760536966050514,1.0,0.001914025770016144,0.9983316177499796,-0.001010845412743972,1.0,-0.01260811548025749,1.0,0.0007290304047710446,1.0,-0.001321060627020255,1.0,1.0118696039402761,-1.1102230246251565e-14,1.186960394027592,True
20261253,typical,27,3.3,5,1,0,ideal,0,0,0,True,0.0001010092484051874,9.999999999999999e-05,1.375424929888122,1.924575070111878,2.199171290072318,0.0008350462540580385,0.6860956001453103,0.6872436278090285,0.005180380408641138,1.0,-0.002020475314650771,1.000519534546698,-0.0006915234070340617,1.0,-0.00530845621603067,1.0,0.0004196328062091451,1.0,0.004396318551539337,1.0,1.0100924840518741,-1.1102230246251565e-14,1.0092484051873907,True
20261254,typical,27,3.3,5,1,0,ideal,0,0,0,True,0.000101347988932904,9.999999999999999e-05,1.37645795114877,1.92354204885123,2.198894569778358,0.0008367399566962622,0.6858949318072065,0.6882400392221251,0.006792719170371184,1.0,-0.004338217689319414,0.9965970839131828,-0.0008948866782425927,1.0,0.006427745988005894,1.0,0.001415883221970186,1.0,-0.006649158667443167,1.0,1.01347988932904,-1.1102230246251565e-14,1.3479889329039985,True
20261255,typical,27,3.3,5,1,0,ideal,0,0,0,True,0.0001003583044557245,9.999999999999999e-05,1.375001154349768,1.924998845650232,2.199705507079763,0.0008317915343106044,0.6879875282707597,0.6868357377787906,0.002537263270162854,1.0,0.003892609809060035,0.9998964522650308,0.001205583487110381,1.0,0.002833918278310684,1.0,1.205215827652407e-05,1.0,-0.001649567996044685,1.0,1.0035830445572451,-1.1102230246251565e-14,0.35830445572448966,True
20261256,typical,27,3.3,5,1,0,ideal,0,0,0,True,0.0001007078095866411,9.999999999999999e-05,1.374353808451365,1.925646191548635,2.199418271880935,0.0008335390599651872,0.6861297768457103,0.6862103428639059,0.006277466435811428,1.0,-0.004072270693330318,0.9999379591009971,-0.0006549485289114278,1.0,0.01993094286842434,1.0,-0.0006135088704067945,1.0,0.005695345199716441,1.0,1.0070780958664112,-1.1102230246251565e-14,0.707809586641095,True
20261257,typical,27,3.3,5,1,0,ideal,0,0,0,True,0.0001015325025452753,9.999999999999999e-05,1.375726807064574,1.924273192935426,2.198744203941391,0.0008376625247583582,0.6845428620104773,0.6875340831565396,-0.009368828042000074,1.0,0.004204038097300908,0.9994705427568292,-0.002248424414352836,1.0,-0.01741890194192659,1.0,0.0007098394602582267,1.0,0.00909582923468254,1.0,1.015325025452753,-1.1102230246251565e-14,1.5325025452752827,True
20261258,typical,27,3.3,5,1,0,ideal,0,0,0,True,0.0001011572009118779,9.999999999999999e-05,1.376441917306531,1.92355808269347,2.199050319296403,0.0008357860165913713,0.6865515581190039,0.6882248918799918,0.0005265836049802669,1.0,-0.00538052577202669,0.9996455953303788,-0.0002367425068044899,1.0,0.01259076682461583,1.0,0.001400826558042573,1.0,-0.001727096861179697,1.0,1.011572009118779,-1.1102230246251565e-14,1.157200911877898,True
20261259,typical,27,3.3,5,1,0,ideal,0,0,0,True,0.0001010749918875077,9.999999999999999e-05,1.37547515165196,1.92452484834804,2.199117515542525,0.0008353749714696404,0.6859120646870212,0.6872919861243616,-0.009082636209062793,1.0,4.175305324642317e-05,0.998303498527602,-0.0008755819043663526,1.0,-0.01614642860972339,1.0,0.0004679598748403951,1.0,0.008109720677412087,1.0,1.010749918875077,-1.1102230246251565e-14,1.0749918875077036,True
