seed,library,temperature_c,logic_v,led_supply_v,local_mismatch,global_variation,reference,calibration_error,tc_ppm,line_ppm_v,pwm_on,iout,iref,bias,headroom,led_k,power_w,out_vth,ref_vth,x0_dvth,x0_mulu0,x1_dvth,x1_mulu0,x2_dvth,x2_mulu0,x3_dvth,x3_mulu0,x4_dvth,x4_mulu0,x5_dvth,x5_mulu0,mirror_ratio,reference_error_pct,absolute_error_pct,absolute_current_budget_pass
20261004,statistical,27,3.3,5,1,1,ideal,0,0,0,True,0.0001002685136544591,9.999999999999999e-05,1.409661993077575,1.890338006922425,2.199779451895948,0.0008313425791604595,0.7309645887100302,0.7296486534474781,0.001046153961375969,1.0,-0.004630799815881151,1.004992445791786,-1.53959231950508e-05,1.0,-0.01581789904111882,1.0,-0.001373745219305774,1.0,0.006311388049938009,1.0,1.0026851365445912,-1.1102230246251565e-14,0.2685136544591016,True
20261005,statistical,27,3.3,5,1,1,ideal,0,0,0,True,0.0001002321836221255,9.999999999999999e-05,1.410133961429582,1.889866038570418,2.199809388199229,0.0008311609289985518,0.723732850644407,0.7222746648084898,-0.001194297789983824,1.0,-0.001784744772358926,1.0022882045463,-0.0003101495699324079,1.0,0.007947541031251679,1.0,-0.00181102007548784,1.0,0.01120865266388922,1.0,1.0023218362212551,-1.1102230246251565e-14,0.23218362212549248,True
20261006,statistical,27,3.3,5,1,1,ideal,0,0,0,True,0.0001001523809176631,9.999999999999999e-05,1.390703080787903,1.909296919212098,2.199875182211354,0.0008307619154767193,0.6964026266413192,0.6945566630524591,-0.006435223577713423,1.0,0.002975072317145065,0.9981407293771591,0.0008290340183386713,1.0,-0.01008804156693812,1.0,-0.001060209611480312,1.0,0.00154027814237954,1.0,1.001523809176631,-1.1102230246251565e-14,0.15238091766309747,True
20261007,statistical,27,3.3,5,1,1,ideal,0,0,0,True,0.0001007728820847866,9.999999999999999e-05,1.351817188540884,1.948182811459117,2.199364896484425,0.0008338644213124562,0.6596037122972946,0.6598317277864052,-0.005070796019266256,1.0,-0.002106722297619184,1.001959853638134,-0.0008875657603872422,1.0,-0.006869724827201704,1.0,-0.0006981893002435031,1.0,0.006407553167060417,1.0,1.007728820847866,-1.1102230246251565e-14,0.772882084786608,True
20261008,statistical,27,3.3,5,1,1,ideal,0,0,0,True,0.0001010875225585685,9.999999999999999e-05,1.369169337809599,1.930830662190402,2.199107269873195,0.0008354376236818454,0.6783264310308463,0.6797451242894967,0.001630443052937254,1.0,-0.00156656300659728,0.9972160312216448,-0.0007249403005544564,1.0,-0.004689265679160766,1.0,0.0006574670017106828,1.0,0.008610971669988254,1.0,1.010875225585685,-1.1102230246251565e-14,1.0875225585684989,True
20261009,statistical,27,3.3,5,1,1,ideal,0,0,0,True,0.0001009002828204543,9.999999999999999e-05,1.382653494757687,1.917346505242314,2.199260490301395,0.0008345014249903154,0.6968589738821769,0.6976270486003047,0.002516881193624792,1.0,0.0001901628950526394,1.001544466019209,-0.000874022016092884,1.0,0.0004618424795895425,1.0,-0.0001436341827660066,1.0,0.00512034833772672,1.0,1.0090028282045431,-1.1102230246251565e-14,0.9002828204542901,True
20261010,statistical,27,3.3,5,1,1,ideal,0,0,0,True,0.0001004333459179242,9.999999999999999e-05,1.444112564980767,1.855887435019233,2.199643756339935,0.0008321667404788638,0.7489521159230099,0.7483267762596997,-0.003434901988720441,1.0,0.0007661873314902594,0.9981019634423318,0.0007403376663807574,1.0,-0.002381895869768787,1.0,7.381922224336018e-05,1.0,0.001520223981219947,1.0,1.004333459179242,-1.1102230246251565e-14,0.4333459179241883,True
20261011,statistical,27,3.3,5,1,1,ideal,0,0,0,True,0.0001012481532237643,9.999999999999999e-05,1.41169222705699,1.88830777294301,2.198976036147639,0.0008362407770072249,0.6983222019003094,0.7005489279018975,-0.003008495906670696,1.0,-0.001008770206337383,1.00157618366733,-0.0001183119454681217,1.0,0.002332208460633616,1.0,0.002073332274911539,1.0,0.003094441109064082,1.0,1.012481532237643,-1.1102230246251565e-14,1.2481532237643034,True
20261012,statistical,27,3.3,5,1,1,ideal,0,0,0,True,0.0001006331988776878,9.999999999999999e-05,1.399025176392025,1.900974823607975,2.199479510818191,0.000833166005276363,0.7119913028488477,0.7118849548928062,0.001849198446084494,1.0,0.002853962224960144,0.9993557429291188,-0.0004133374562644369,1.0,-0.001086179083581227,1.0,-0.0005593699257810559,1.0,0.004801187605043172,1.0,1.0063319887768782,-1.1102230246251565e-14,0.6331988776878017,True
20261013,statistical,27,3.3,5,1,1,ideal,0,0,0,True,0.0001002822032807273,9.999999999999999e-05,1.364943776047743,1.935056223952258,2.199768174152344,0.0008314110272920399,0.6732263172683538,0.6717544986763685,0.004725564764883314,1.0,-0.007320956539742998,1.003277569536022,0.0004382192045512528,1.0,0.01128908682442807,1.0,-0.0010759086455764,1.0,0.006508410096259834,1.0,1.0028220328072732,-1.1102230246251565e-14,0.28220328072730005,True
20261014,statistical,27,3.3,5,1,1,ideal,0,0,0,True,0.0001010414561622709,9.999999999999999e-05,1.355128348009488,1.944871651990512,2.199144941805065,0.0008352072916997582,0.6696648117777516,0.6708387428438994,-0.004486331799007226,1.0,-0.001102203540588043,1.000919085067149,-0.001006616617639299,1.0,-0.001934182414095883,1.0,0.0001306836499267913,1.0,-0.005069604144896884,1.0,1.0104145616227092,-1.1102230246251565e-14,1.0414561622708929,True
20261015,statistical,27,3.3,5,1,1,ideal,0,0,0,True,0.000101023444595988,9.999999999999999e-05,1.392620267732805,1.907379732267195,2.199159675592614,0.0008351172338688233,0.7087678885661532,0.7100247656842316,0.009063794229578386,1.0,-0.01182162378878515,1.000948557896234,-0.0007463586107987971,1.0,0.004827094256219122,1.0,0.0004737521995344676,1.0,-0.0004908667633716849,1.0,1.01023444595988,-1.1102230246251565e-14,1.023444595987999,True
20261016,statistical,27,3.3,5,1,1,ideal,0,0,0,True,0.0001004638266890757,9.999999999999999e-05,1.391439564524266,1.908560435475734,2.199618686445582,0.0008323191443335426,0.7039983159972255,0.703284411487752,-0.00307984189768605,1.0,5.692071607380003e-06,1.000140733457034,-0.001304288995970478,1.0,0.002886799807956598,1.0,-0.002059144975916645,1.0,-0.006562060122435335,1.0,1.0046382668907572,-1.1102230246251565e-14,0.463826689075697,True
20261017,statistical,27,3.3,5,1,1,ideal,0,0,0,True,0.0001001180100521672,9.999999999999999e-05,1.318019266282782,1.981980733717218,2.199903534735172,0.0008305900611494791,0.6407538202142525,0.63854997857802,-0.01108855128676523,1.0,0.007447732958231475,0.9954897064839192,0.001189273507936916,1.0,0.007592083436296249,1.0,-0.001058107413686263,1.0,-0.001798360093389834,1.0,1.001180100521672,-1.1102230246251565e-14,0.11801005216718341,True
20261018,statistical,27,3.3,5,1,1,ideal,0,0,0,True,0.0001003865873547695,9.999999999999999e-05,1.406308369069717,1.893691630930283,2.199682228322852,0.0008319329476620113,0.7219335687798524,0.720993784375025,0.00348544704170357,1.0,0.003083455036630999,0.9979915469187551,0.0002195963749878131,1.0,-0.004548899903716264,1.0,-0.000761717512650421,1.0,-0.01420484354471104,1.0,1.003865873547695,-1.1102230246251565e-14,0.38658735476948536,True
20261019,statistical,27,3.3,5,1,1,ideal,0,0,0,True,0.0001004953580164027,9.999999999999999e-05,1.399577498607601,1.900422501392399,2.199592760003484,0.0008324768009706567,0.6960632090855341,0.6954745390650283,-0.004010734274751059,1.0,-0.00300518862273347,1.001805434796835,0.001485581727591925,1.0,0.005629609311127493,1.0,0.0008561984044134468,1.0,-0.001865549925359711,1.0,1.004953580164027,-1.1102230246251565e-14,0.4953580164027027,True
20261020,statistical,27,3.3,5,1,1,ideal,0,0,0,True,0.0001012778277985262,9.999999999999999e-05,1.399429701099954,1.900570298900046,2.198951813693667,0.0008363891498816337,0.7000379484187875,0.7022690916835218,-0.001100926348447443,1.0,-0.001418299766050938,0.9988266766176503,-0.002580905360937448,1.0,-0.0002703769154082336,1.0,-0.0003846236025159076,1.0,0.008278275941870217,1.0,1.012778277985262,-1.1102230246251565e-14,1.2778277985262099,True
20261021,statistical,27,3.3,5,1,1,ideal,0,0,0,True,0.0001002429842099097,9.999999999999999e-05,1.368663598905904,1.931336401094096,2.199800487344383,0.0008312149319377122,0.6791517038953822,0.6775789869470128,0.004881726750796496,1.0,-0.00492291293692445,0.997733224443513,0.0004743095315250118,1.0,-0.01377048736512879,1.0,-0.001141010813924842,1.0,-0.01299762777114847,1.0,1.0024298420990971,-1.1102230246251565e-14,0.24298420990969127,True
20261022,statistical,27,3.3,5,1,1,ideal,0,0,0,True,0.0001010685192486561,9.999999999999999e-05,1.419711467763434,1.880288532236566,2.199122808345227,0.0008353426071314446,0.7379393792978347,0.7394536336706069,-0.0088889092869054,1.0,0.005437425460882064,1.000618703054559,-0.002113808689159397,1.0,0.0005226356011174302,1.0,-0.0006359837453591728,1.0,0.002517839096615766,1.0,1.0106851924865612,-1.1102230246251565e-14,1.0685192486560968,True
20261023,statistical,27,3.3,5,1,1,ideal,0,0,0,True,0.000101191156716517,9.999999999999999e-05,1.418589334221567,1.881410665778434,2.199022579364619,0.0008359557944749446,0.7191831322426366,0.7211606543411071,0.002120721424231187,1.0,-0.0007250052538028559,0.9989273455692151,-0.001616006847283786,1.0,-0.0003025328758155119,1.0,0.0003260057555373827,1.0,0.0001208491184377901,1.0,1.0119115671651702,-1.1102230246251565e-14,1.1911567165169945,True
20261024,statistical,27,3.3,5,1,1,ideal,0,0,0,True,0.0001008576803028162,9.999999999999999e-05,1.346228577237024,1.953771422762976,2.199295389710199,0.0008342884124020051,0.6649306126066198,0.6654200057787414,0.0077433581119854,1.0,0.0003962600881577538,0.999054526582617,-0.0005176796602774839,1.0,0.001148195906813059,1.0,-6.629260229670346e-05,1.0,-0.0111540542211788,1.0,1.008576803028162,-1.1102230246251565e-14,0.8576803028161883,True
20261025,statistical,27,3.3,5,1,1,ideal,0,0,0,True,0.0001006144625412587,9.999999999999999e-05,1.401883212316485,1.898116787683515,2.199494895916211,0.0008330723235960159,0.7077224172530329,0.7075607465066077,0.001256375091456872,1.0,-0.002323988026070022,0.9994877345752395,-0.0013422711528516,1.0,-0.002931560123414295,1.0,-0.001543765485815521,1.0,0.006189136073279295,1.0,1.006144625412587,-1.1102230246251565e-14,0.6144625412586979,True
20261026,statistical,27,3.3,5,1,1,ideal,0,0,0,True,0.0001007352953138997,9.999999999999999e-05,1.433167524783743,1.866832475216258,2.199395722898769,0.0008336764874594606,0.7311751193043626,0.7315964103245198,0.006502384686529239,1.0,0.002013501688084426,0.99995514039475,-0.0007419110616136422,1.0,-0.001301377552590512,1.0,-0.0003595392652153486,1.0,0.007607339635300726,1.0,1.007352953138997,-1.1102230246251565e-14,0.7352953138996865,True
20261027,statistical,27,3.3,5,1,1,ideal,0,0,0,True,0.0001004411466349565,9.999999999999999e-05,1.357502294661409,1.942497705338592,2.199637339708041,0.0008322057440640254,0.670678854731872,0.6697778551033999,-0.004142450684459596,1.0,-0.00522163201309141,1.002946369961927,0.0001969624293929901,1.0,-0.00699754706122172,1.0,-0.000745158625182135,1.0,-0.01113930573673743,1.0,1.0044114663495651,-1.1102230246251565e-14,0.44114663495649076,True
20261028,statistical,27,3.3,5,1,1,ideal,0,0,0,True,0.0001004458948333066,9.999999999999999e-05,1.420503109345265,1.879496890654735,2.199633434214058,0.0008322294850545771,0.7210904203473714,0.7204043448624565,-0.007622224871990744,1.0,-0.00543193647065418,1.00230972649711,-0.0003421327619470072,1.0,-0.003996355992982571,1.0,-0.001069292062180847,1.0,0.00527130428810355,1.0,1.0044589483330661,-1.1102230246251565e-14,0.44589483330659263,True
20261029,statistical,27,3.3,5,1,1,ideal,0,0,0,True,0.0001005538477578617,9.999999999999999e-05,1.430767612350772,1.869232387649228,2.199544687393094,0.000832769249678791,0.7429855055400058,0.7427466639045578,-0.001746936105610983,1.0,-0.001540035365290083,0.998984755743531,-0.0007575822052814284,1.0,0.0005558613190989395,1.0,-0.001036702441541902,1.0,0.01058907731776329,1.0,1.0055384775786171,-1.1102230246251565e-14,0.5538477578616918,True
20261030,statistical,27,3.3,5,1,1,ideal,0,0,0,True,0.0001008618105095528,9.999999999999999e-05,1.389505776436259,1.910494223563741,2.199292005694592,0.0008343090634368869,0.6930087494149479,0.6936837493921549,0.004953549862792402,1.0,-0.0009191546769496295,0.9970880532976888,-4.623394790795118e-05,1.0,0.004343604464795038,1.0,0.0005907928590586041,1.0,-0.004802957731268451,1.0,1.008618105095528,-1.1102230246251565e-14,0.8618105095528072,True
20261031,statistical,27,3.3,5,1,1,ideal,0,0,0,True,0.000100897050638661,9.999999999999999e-05,1.397463681615293,1.902536318384707,2.199263137576112,0.0008344852640814688,0.7287984628817942,0.7296217357621904,-0.003178067703643817,1.0,-0.003632967950922213,1.003679927980376,-0.0006071222355593701,1.0,0.002403272703090066,1.0,0.0001784370151278152,1.0,0.002961949597172705,1.0,1.0089705063866101,-1.1102230246251565e-14,0.89705063866099,True
20261032,statistical,27,3.3,5,1,1,ideal,0,0,0,True,0.0001006022366161687,9.999999999999999e-05,1.403616700388646,1.896383299611354,2.199504936525685,0.000833011193969247,0.7122712578936415,0.7121055629103277,-0.004782916628787113,1.0,-0.002532388232396412,1.003553898651162,0.0003190989754986107,1.0,-0.01129162737543741,1.0,0.000113487783503361,1.0,0.001259786454175344,1.0,1.0060223661616872,-1.1102230246251565e-14,0.6022366161686943,True
20261033,statistical,27,3.3,5,1,1,ideal,0,0,0,True,0.0001006187946219085,9.999999999999999e-05,1.416693438284186,1.883306561715814,2.199491338445633,0.0008330939839975866,0.7152089159235888,0.7151368422679508,-0.003879342107660664,1.0,-0.002160024143488884,0.9972345920675588,0.0003526258478137613,1.0,-0.009649851384232825,1.0,0.0002407617265453492,1.0,-0.002807669651216705,1.0,1.0061879462190852,-1.1102230246251565e-14,0.6187946219085028,True
20261034,statistical,27,3.3,5,1,1,ideal,0,0,0,True,0.0001013895225492546,9.999999999999999e-05,1.401958095962966,1.898041904037034,2.198860700354874,0.0008369476236355158,0.7133738557509969,0.7159529360293583,-0.005965150913367186,1.0,0.00813435609523613,0.998067050970515,-0.0009516379965655936,1.0,0.007784148415773221,1.0,0.001593414928482452,1.0,-0.01067475744058809,1.0,1.0138952254925462,-1.1102230246251565e-14,1.389522549254596,True
20261035,statistical,27,3.3,5,1,1,ideal,0,0,0,True,0.0001012241945316851,9.999999999999999e-05,1.384269971091543,1.915730028908457,2.198995597763265,0.0008361209835465893,0.6918334168821578,0.6937596012697795,-0.005552756060036803,1.0,-0.001038114923791501,0.9984668578596928,-0.001859274474915573,1.0,9.02154947563062e-05,1.0,3.164677047635037e-05,1.0,-0.001972260846378049,1.0,1.0122419453168512,-1.1102230246251565e-14,1.2241945316850966,True
20261036,statistical,27,3.3,5,1,1,ideal,0,0,0,True,0.0001004891245071206,9.999999999999999e-05,1.386199030888554,1.913800969111446,2.199597884862698,0.000832445633424606,0.6982783190885287,0.6976333351093571,0.01044833146855861,1.0,0.002396708984022333,0.9973443356305062,0.0004405272401866926,1.0,0.002878104236064065,1.0,-0.0002452189201404821,1.0,-0.01316317591425656,1.0,1.0048912450712062,-1.1102230246251565e-14,0.4891245071205974,True
20261037,statistical,27,3.3,5,1,1,ideal,0,0,0,True,0.0001002370588197578,9.999999999999999e-05,1.348919190468697,1.951080809531303,2.199805370396482,0.000831185304988511,0.6635261974304989,0.6618275871650834,0.005856972341050546,1.0,0.001569843668487068,1.000511639745162,0.0003868355689499913,1.0,0.007387544235199689,1.0,-0.001354422237735993,1.0,-0.00174888836456764,1.0,1.0023705881975782,-1.1102230246251565e-14,0.23705881975779608,True
20261038,statistical,27,3.3,5,1,1,ideal,0,0,0,True,0.0001003070724357826,9.999999999999999e-05,1.39874541638147,1.901254583618531,2.199747690224743,0.0008315353730679158,0.7071323176752161,0.7058806500349628,0.003675057162120202,1.0,0.004500450040108937,1.001505967643145,-0.0007667833153034599,1.0,0.005287291574221057,1.0,-0.002060574375617536,1.0,0.00498651930226003,1.0,1.003070724357826,-1.1102230246251565e-14,0.3070724357826071,True
20261039,statistical,27,3.3,5,1,1,ideal,0,0,0,True,0.0001006180520402856,9.999999999999999e-05,1.398059527127625,1.901940472872376,2.199491948237593,0.000833090271089712,0.6939511010064691,0.69380536185353,-0.001429319376606613,1.0,-0.001771950870268241,0.9993670252244078,0.001383104842706458,1.0,0.008104692815970763,1.0,0.001197570240810263,1.0,0.003734116068829906,1.0,1.0061805204028562,-1.1102230246251565e-14,0.6180520402855993,True
20261040,statistical,27,3.3,5,1,1,ideal,0,0,0,True,0.0001006045004698954,9.999999999999999e-05,1.421811800456682,1.878188199543319,2.199503077236659,0.0008330225132376406,0.7361352199087988,0.7360229649339908,-0.00887907437331041,1.0,-0.001873099569802405,0.999803392887603,0.0005179654697014233,1.0,-0.00261574783582696,1.0,0.0003658108273362381,1.0,-0.003398118418409627,1.0,1.006045004698954,-1.1102230246251565e-14,0.6045004698953971,True
20261041,statistical,27,3.3,5,1,1,ideal,0,0,0,True,0.0001008283538870493,9.999999999999999e-05,1.38403678984213,1.91596321015787,2.199319421559811,0.0008341417803236499,0.692805709352269,0.6933417764360068,-0.01043935044413877,1.0,-0.002002180302089024,1.000816671449271,0.0003846090387700123,1.0,0.003403659572845836,1.0,0.0008824519951698747,1.0,0.007408688243433817,1.0,1.008283538870493,-1.1102230246251565e-14,0.8283538870492935,True
20261042,statistical,27,3.3,5,1,1,ideal,0,0,0,True,0.0001007185284210656,9.999999999999999e-05,1.319868800615695,1.980131199384305,2.199409477582148,0.0008335926529944507,0.6311905027770661,0.631093988603718,-0.002042818359472877,1.0,-0.001744665489062686,1.000684405829393,0.001253724329644082,1.0,0.008003256805195058,1.0,0.001118164467208326,1.0,0.002035181982980385,1.0,1.0071852842106561,-1.1102230246251565e-14,0.7185284210655896,True
20261043,statistical,27,3.3,5,1,1,ideal,0,0,0,True,0.00010160934648081,9.999999999999999e-05,1.414981829791114,1.885018170208886,2.198681657085603,0.000838046743292214,0.7145251559232706,0.7179743432621775,0.007934634425914891,1.0,-0.001571815156292589,1.000540604271965,-0.001515699875258025,1.0,-0.00886504787865245,1.0,0.001901106210498408,1.0,0.001798663252523102,1.0,1.0160934648081001,-1.1102230246251565e-14,1.6093464808099922,True
20261044,statistical,27,3.3,5,1,1,ideal,0,0,0,True,0.0001002582867804626,9.999999999999999e-05,1.358102075733971,1.94189792426603,2.199787877910028,0.0008312914447911961,0.6811583580421499,0.679604987423422,0.004795083646888542,1.0,-0.00610278044322657,0.9988416866982672,0.0008944504903584135,1.0,-0.004563208864071647,1.0,-0.0007014106659292809,1.0,0.002571467293662391,1.0,1.0025828678046262,-1.1102230246251565e-14,0.2582867804626021,True
20261045,statistical,27,3.3,5,1,1,ideal,0,0,0,True,0.0001010216681189603,9.999999999999999e-05,1.353513613091418,1.946486386908583,2.199161128916831,0.0008351083514827257,0.661521134896953,0.6626471163787133,-0.01245189700731756,1.0,-0.0009921748009116063,1.002281500507996,-0.001395457139253956,1.0,0.006071569581642049,1.0,-0.0003062539063425227,1.0,-3.185082052062717e-05,1.0,1.010216681189603,-1.1102230246251565e-14,1.021668118960295,True
20261046,statistical,27,3.3,5,1,1,ideal,0,0,0,True,0.0001007642166857216,9.999999999999999e-05,1.411550876322464,1.888449123677536,2.199372002367076,0.0008338210943170114,0.7192863608698328,0.7197329065081076,7.017244589059329e-05,1.0,0.005222374329307298,0.9974565976931827,0.0002705589751642243,1.0,-0.004643911718952071,1.0,0.000678400139133135,1.0,-0.002965880595361838,1.0,1.007642166857216,-1.1102230246251565e-14,0.7642166857215971,True
20261047,statistical,27,3.3,5,1,1,ideal,0,0,0,True,0.000100919522240769,9.999999999999999e-05,1.342017579612275,1.957982420387725,2.199244734162144,0.0008345976220922484,0.6649111144884896,0.6655990529941067,0.00257434988353204,1.0,0.001357505977799547,1.000340728467772,-3.500055750082567e-05,1.0,-0.0004841476255252532,1.0,0.0006153937590233095,1.0,0.002663986093242011,1.0,1.00919522240769,-1.1102230246251565e-14,0.9195222407689885,True
20261048,statistical,27,3.3,5,1,1,ideal,0,0,0,True,0.0001004354209733761,9.999999999999999e-05,1.410680821001361,1.889319178998639,2.199642049416937,0.000832177115757322,0.7229919224781837,0.7222583273890663,-0.002194581574531761,1.0,-0.001199812160738546,0.9992012815500784,0.0007481129853617028,1.0,-0.01224736896837816,1.0,-2.664633977840768e-05,1.0,0.003400806604047942,1.0,1.004354209733761,-1.1102230246251565e-14,0.4354209733760994,True
20261049,statistical,27,3.3,5,1,1,ideal,0,0,0,True,0.0001004802455036148,9.999999999999999e-05,1.375225744808973,1.924774255191027,2.199605185221735,0.0008324012384067175,0.6835934434262445,0.6828589681535231,0.008410015109678936,1.0,-0.004128366611283938,0.997453403119376,0.0001879798740987367,1.0,0.0006509911564609734,1.0,-0.0005873234201879009,1.0,0.003096794913141434,1.0,1.004802455036148,-1.1102230246251565e-14,0.4802455036148068,True
20261050,statistical,27,3.3,5,1,1,ideal,0,0,0,True,0.0001008714375655763,9.999999999999999e-05,1.411920613780413,1.888079386219587,2.199284118432825,0.0008343571987159254,0.7326714963384148,0.7334388365067157,-0.002694615168784034,1.0,-0.003579770703907908,0.9994924459147644,-0.0003736560376862484,1.0,-0.0121163258343466,1.0,0.0003557804787790987,1.0,0.002422929510150776,1.0,1.008714375655763,-1.1102230246251565e-14,0.8714375655763051,True
20261051,statistical,27,3.3,5,1,1,ideal,0,0,0,True,0.0001006196412305584,9.999999999999999e-05,1.402807772206224,1.897192227793777,2.199490643233975,0.0008330982170421543,0.6972613347870543,0.6971601511836101,-0.002399978487646506,1.0,0.006832950747572716,0.9962771366062004,-0.0002044609175703541,1.0,-0.007304740002657028,1.0,-0.0003454283799846646,1.0,-0.002525831932025942,1.0,1.0061964123055842,-1.1102230246251565e-14,0.6196412305583987,True
20261052,statistical,27,3.3,5,1,1,ideal,0,0,0,True,0.0001003905341266211,9.999999999999999e-05,1.36942021429328,1.930579785706721,2.199678980349954,0.000831952681521389,0.6906594138703217,0.6896210412340303,-0.008297939497934262,1.0,0.003363582093871577,0.9969497014612971,-0.0009233999572072786,1.0,0.01584620674408358,1.0,-0.002003273736672274,1.0,-7.18534367951478e-05,1.0,1.0039053412662111,-1.1102230246251565e-14,0.39053412662108933,True
20261053,statistical,27,3.3,5,1,1,ideal,0,0,0,True,0.0001007441158817492,9.999999999999999e-05,1.376319641870285,1.923680358129715,2.199388487828451,0.0008337205902971495,0.6909848181835495,0.6912107760921321,-0.01087519894579537,1.0,-0.001457387020296831,1.000425855226676,-0.000506428050606015,1.0,0.0003234754152698935,1.0,-0.0003193254145275819,1.0,-0.0001349742016039366,1.0,1.007441158817492,-1.1102230246251565e-14,0.7441158817491855,True
20261054,statistical,27,3.3,5,1,1,ideal,0,0,0,True,0.000100784021793018,9.999999999999999e-05,1.362011685378948,1.937988314621052,2.199355762438215,0.0008339201198534934,0.6668311768613246,0.6671483751345711,-0.0005762195755263367,1.0,0.004342540885269097,0.9992999450249632,-9.390771053217488e-05,1.0,0.00331289089255351,1.0,0.0001847350191812246,1.0,0.01007809518012152,1.0,1.00784021793018,-1.1102230246251565e-14,0.7840217930179971,True
20261055,statistical,27,3.3,5,1,1,ideal,0,0,0,True,0.0001006599025425849,9.999999999999999e-05,1.355994460195907,1.944005539804094,2.19945758810081,0.0008332995236013279,0.6728429517444637,0.6726968376396766,0.0005135884092586631,1.0,0.004522931605192786,1.000796658513802,-0.0001855315211761589,1.0,-0.000986853042030923,1.0,-0.0003711309779643553,1.0,0.00366991382014221,1.0,1.006599025425849,-1.1102230246251565e-14,0.6599025425849003,True
20261056,statistical,27,3.3,5,1,1,ideal,0,0,0,True,0.0001008642939291916,9.999999999999999e-05,1.399003577725053,1.900996422274947,2.199289971009001,0.000834321480535081,0.710813099599011,0.7115328487789634,0.004800853007258838,1.0,-0.002024929029093416,1.000100370582155,-0.002058962994374421,1.0,0.01307220421465815,1.0,-0.001377169922852435,1.0,0.01172176121548935,1.0,1.008642939291916,-1.1102230246251565e-14,0.8642939291916063,True
20261057,statistical,27,3.3,5,1,1,ideal,0,0,0,True,0.0001009931814559407,9.999999999999999e-05,1.37343654553122,1.92656345446878,2.199184436944194,0.000834965918167508,0.6816693719381435,0.6827799519102209,0.001746515713255646,1.0,0.001089244313723656,1.001432881704373,-0.001856272782857651,1.0,0.004094718793427108,1.0,-0.0007826842476205526,1.0,-0.001395776516424607,1.0,1.0099318145594072,-1.1102230246251565e-14,0.9931814559406948,True
20261058,statistical,27,3.3,5,1,1,ideal,0,0,0,True,0.0001007309051271256,9.999999999999999e-05,1.314613688718901,1.985386311281099,2.199399324170973,0.0008336545365235521,0.635268008722182,0.6351948562174806,0.009014527291820456,1.0,-0.007161578039821296,1.00099018206163,0.001003506356768733,1.0,0.003304101498157378,1.0,0.0008913991927851721,1.0,-0.001731474771133792,1.0,1.0073090512712561,-1.1102230246251565e-14,0.7309051271255917,True
20261059,statistical,27,3.3,5,1,1,ideal,0,0,0,True,9.979798973397527e-05,9.999999999999999e-05,1.438431396177668,1.861568603822332,2.200167959277211,0.0008289899595597184,0.7379574246296189,0.7349854878617951,0.001430520234925531,1.0,0.007280173343803938,1.002222460220744,0.002804005418797076,1.0,-0.005777314750150022,1.0,-0.0002138610763978253,1.0,0.002492322311208184,1.0,0.9979798973397528,-1.1102230246251565e-14,-0.2020102660247325,True
20261060,statistical,27,3.3,5,1,1,ideal,0,0,0,True,0.0001005954551987144,9.999999999999999e-05,1.409465960800321,1.890534039199679,2.199510506296851,0.0008329772868823353,0.7231778065072718,0.7229959064429576,0.005086763907939211,1.0,0.005132782294168824,1.000698977006558,0.0003602783723536112,1.0,-0.004464167374987699,1.0,0.0001384110195212113,1.0,-0.004517265632894826,1.0,1.005954551987144,-1.1102230246251565e-14,0.5954551987144008,True
20261061,statistical,27,3.3,5,1,1,ideal,0,0,0,True,0.0001008373302969757,9.999999999999999e-05,1.401617293238356,1.898382706761644,2.199312065046358,0.000834186662374481,0.7076574528990287,0.7083232098917879,0.001311023456968973,1.0,-0.004165467357336535,1.001819965494452,-0.0009914336836412934,1.0,0.009747897823331549,1.0,-0.0003638338386316186,1.0,0.006887093793323919,1.0,1.008373302969757,-1.1102230246251565e-14,0.8373302969756802,True
20261062,statistical,27,3.3,5,1,1,ideal,0,0,0,True,0.0001006336643859775,9.999999999999999e-05,1.387702607183547,1.912297392816453,2.199479128606362,0.0008331683328192498,0.7069205738219257,0.7067708709250088,0.01440248800728718,1.0,0.00184333773052786,0.9983947480110946,-0.0003790997310816509,1.0,0.01332187136276698,1.0,-0.0005684845357121741,1.0,-0.00854088000202488,1.0,1.0063366438597752,-1.1102230246251565e-14,0.6336643859774949,True
20261063,statistical,27,3.3,5,1,1,ideal,0,0,0,True,0.000100739294089184,9.999999999999999e-05,1.387436600714447,1.912563399285553,2.199392442829813,0.000833696481334563,0.701739472012578,0.7019960904260893,0.00966236925573151,1.0,-0.003490562784645816,1.000382995950739,-3.820264196520179e-05,1.0,-0.003964669724236552,1.0,0.0001795242402105865,1.0,-0.008261003540287847,1.0,1.00739294089184,-1.1102230246251565e-14,0.7392940891839839,True
20261064,statistical,27,3.3,5,1,1,ideal,0,0,0,True,0.000100630074848901,9.999999999999999e-05,1.358635548435922,1.941364451564078,2.199482075886739,0.000833150385132429,0.6808459560737674,0.6806053071269103,0.004785134344181353,1.0,-0.0002394692297771142,0.999745786670754,0.0003180896886915187,1.0,0.007063670256225686,1.0,3.773138767518155e-05,1.0,-0.006745304531085496,1.0,1.00630074848901,-1.1102230246251565e-14,0.6300748489009855,True
20261065,statistical,27,3.3,5,1,1,ideal,0,0,0,True,9.99825599783434e-05,9.999999999999999e-05,1.382269372650937,1.917730627349064,2.200015356581213,0.000829912810779761,0.6951213915859397,0.6926398376665137,-0.004734089760766769,1.0,0.007579875638668074,0.9994798935257896,0.0009451367464778064,1.0,-0.008500267391905144,1.0,-0.001580968098833594,1.0,0.01393888675400876,1.0,0.9998255997834341,-1.1102230246251565e-14,-0.017440021656600635,True
20261066,statistical,27,3.3,5,1,1,ideal,0,0,0,True,0.0001004094083107211,9.999999999999999e-05,1.345189474344481,1.95481052565552,2.19966344960809,0.0008320470524415298,0.6581040379962613,0.6570089910976948,-0.005570608066089965,1.0,-0.008414767721915874,0.9995333883382648,0.001846996358927804,1.0,-0.002221745742412989,1.0,0.0007105911758899122,1.0,0.00649941170217882,1.0,1.0040940831072112,-1.1102230246251565e-14,0.4094083107210933,True
20261067,statistical,27,3.3,5,1,1,ideal,0,0,0,True,0.0001000253420917686,9.999999999999999e-05,1.348031816502845,1.951968183497156,2.199980022111325,0.0008301267213474866,0.6562660392239203,0.6538095806397355,-0.003191282983608394,1.0,0.002664594290812305,0.9995227726228888,0.0006680630562334735,1.0,0.002743894660987321,1.0,-0.001832626013454266,1.0,0.00338719183056666,1.0,1.000253420917686,-1.1102230246251565e-14,0.025342091768587593,True
20261068,statistical,27,3.3,5,1,1,ideal,0,0,0,True,0.0001006731704023557,9.999999999999999e-05,1.412099022354418,1.887900977645583,2.19944669771144,0.0008333658629005418,0.720826929281038,0.7209419087310135,-0.003435984482723783,1.0,0.001837856946424206,1.003678062652795,8.222917347453133e-05,1.0,-0.01270361411059932,1.0,0.0001578234399688489,1.0,-0.01451918809009469,1.0,1.006731704023557,-1.1102230246251565e-14,0.6731704023556828,True
20261069,statistical,27,3.3,5,1,1,ideal,0,0,0,True,0.0001015813554229829,9.999999999999999e-05,1.352428132062782,1.947571867937218,2.198704435168267,0.0008379067880043968,0.6628112851497906,0.6658950717086698,-0.002155724906793477,1.0,-0.002274988489760248,0.998603139391658,-0.0008074590121828707,1.0,-0.003071044162065556,1.0,0.002243735413926376,1.0,0.005372351866815937,1.0,1.0158135542298292,-1.1102230246251565e-14,1.5813554229828997,True
20261070,statistical,27,3.3,5,1,1,ideal,0,0,0,True,0.0001010466303984393,9.999999999999999e-05,1.328638246689362,1.971361753310638,2.199140709642028,0.0008352331628802407,0.6495886476597188,0.6506669780826561,0.004625281362983914,1.0,-0.003611178110781094,0.999712656073401,-0.0006373236891232289,1.0,-0.002663137707456882,1.0,0.00040441370238409,1.0,-0.002107658106629622,1.0,1.010466303984393,-1.1102230246251565e-14,1.0466303984392855,True
20261071,statistical,27,3.3,5,1,1,ideal,0,0,0,True,9.968810246310148e-05,9.999999999999999e-05,1.381103643624275,1.918896356375726,2.200258940066631,0.0008284405232040308,0.6966663169312921,0.6931612664482838,0.005467009423114468,1.0,-0.01111540774434145,1.002183596204691,0.002288357470790708,1.0,-0.00737140887578961,1.0,-0.001263447419128888,1.0,0.0119646345569758,1.0,0.9968810246310149,-1.1102230246251565e-14,-0.31189753689853106,True
20261072,statistical,27,3.3,5,1,1,ideal,0,0,0,True,0.0001003850599688895,9.999999999999999e-05,1.321031100487222,1.978968899512778,2.199683485308348,0.0008319253107326114,0.6619568753885517,0.6607166531973023,0.009829072883381102,1.0,-0.006793965607793005,0.9986526120688096,-5.984878715077342e-05,1.0,0.002685309893044355,1.0,-0.001341615336082502,1.0,-0.006066436591169344,1.0,1.0038505996888951,-1.1102230246251565e-14,0.38505996888948957,True
20261073,statistical,27,3.3,5,1,1,ideal,0,0,0,True,0.0001005779952376463,9.999999999999999e-05,1.405455973109339,1.894544026890661,2.199524848282682,0.0008328899870762758,0.7053577879615724,0.705097762952913,-0.0008576025814518058,1.0,-0.005612266065082394,1.001702724696,0.0005033131161803358,1.0,-0.01033450880999788,1.0,0.0002031921901752688,1.0,0.003520615456157384,1.0,1.0057799523764632,-1.1102230246251565e-14,0.5779952376463005,True
20261074,statistical,27,3.3,5,1,1,ideal,0,0,0,True,0.0001009574429339145,9.999999999999999e-05,1.393839159144212,1.906160840855788,2.199213687234956,0.0008347872255574969,0.7065664586896091,0.7076055050214147,-0.00120519586728448,1.0,-0.005584767162869735,1.005286966105911,-0.0002842578169823062,1.0,-0.003346269581832415,1.0,0.0007175289105912238,1.0,0.004447194809013334,1.0,1.009574429339145,-1.1102230246251565e-14,0.9574429339144874,True
20261075,statistical,27,3.3,5,1,1,ideal,0,0,0,True,0.0001008178085231605,9.999999999999999e-05,1.351308133495028,1.948691866504972,2.199328064676917,0.0008340890535038464,0.6741295107224144,0.6744903818233546,0.002717553143381241,1.0,0.002411598929955203,0.9994146837159416,-0.0004278828986438659,1.0,0.006868438504080085,1.0,-0.0001053165792245645,1.0,-0.006087009013665295,1.0,1.0081780852316051,-1.1102230246251565e-14,0.8178085231604904,True
20261076,statistical,27,3.3,5,1,1,ideal,0,0,0,True,0.0001013024114293905,9.999999999999999e-05,1.361950273557163,1.938049726442837,2.19893175186798,0.0008365120680351163,0.6789760088899777,0.6810584237101495,-0.00146784843455445,1.0,-0.0007234956352886004,1.001243536655876,-0.0007891510577061168,1.0,-0.003577383734258478,1.0,0.001258584790048381,1.0,0.0006674592673090701,1.0,1.0130241142939052,-1.1102230246251565e-14,1.3024114293904931,True
20261077,statistical,27,3.3,5,1,1,ideal,0,0,0,True,0.0001005463736650859,9.999999999999999e-05,1.414795741124907,1.885204258875093,2.19955082887242,0.0008327318792153916,0.7235124054811101,0.72316537186966,0.005833530398902729,1.0,0.002889690871781293,0.9996819222952376,0.0001047245012637912,1.0,0.01459277365071375,1.0,-0.000282642723593202,1.0,-0.004391325722356159,1.0,1.0054637366508592,-1.1102230246251565e-14,0.5463736650858975,True
20261078,statistical,27,3.3,5,1,1,ideal,0,0,0,True,0.0001008006624211112,9.999999999999999e-05,1.383412677596611,1.91658732240339,2.199342119657406,0.0008340033229944392,0.6916909199942533,0.692148226677258,0.003628278753154764,1.0,-0.005907197774715434,1.004895466118854,1.658057912236845e-05,1.0,-0.002794355638573157,1.0,0.0004354558113967479,1.0,-0.01017497931437655,1.0,1.008006624211112,-1.1102230246251565e-14,0.800662421111209,True
20261079,statistical,27,3.3,5,1,1,ideal,0,0,0,True,0.0001008281456711337,9.999999999999999e-05,1.384210275261384,1.915789724738616,2.199319592208044,0.0008341407392438322,0.7084713567170036,0.7089850026336018,0.003961540466616759,1.0,0.001663813508095478,1.001070014479111,0.0004190809722840783,1.0,-0.001217609543360005,1.0,0.0008944989815599789,1.0,-0.01119507267419297,1.0,1.0082814567113372,-1.1102230246251565e-14,0.8281456711336954,True
20261080,statistical,27,3.3,5,1,1,ideal,0,0,0,True,0.0001012890652308442,9.999999999999999e-05,1.337909660111562,1.962090339888439,2.198942642658181,0.0008364453370422649,0.6623509568471736,0.6643021876442895,0.01786471349988777,1.0,-0.007521078791956857,0.9970994368572916,-0.001176363255231428,1.0,-0.002689342340807088,1.0,0.0007400872450534559,1.0,-0.005166576111021831,1.0,1.0128906523084422,-1.1102230246251565e-14,1.2890652308441997,True
20261081,statistical,27,3.3,5,1,1,ideal,0,0,0,True,0.0001014651454058181,9.999999999999999e-05,1.342859207488132,1.957140792511868,2.198799065604829,0.0008373257379178539,0.6455374382780924,0.6481808841459608,-0.004119971945662233,1.0,-0.0002907658583832546,1.001669209831465,-0.001029687576398107,1.0,0.00441280059107649,1.0,0.001580298387011673,1.0,-0.002853268496651934,1.0,1.014651454058181,-1.1102230246251565e-14,1.4651454058181024,True
20261082,statistical,27,3.3,5,1,1,ideal,0,0,0,True,0.0001006402842916145,9.999999999999999e-05,1.380357942314799,1.919642057685201,2.199473693424018,0.0008332014323467157,0.6888384677370989,0.6886876374200251,0.003035602730025987,1.0,-0.002552646535992572,0.9970380119178596,0.0008696734064468297,1.0,-0.00170184556711635,1.0,0.0006792123736686672,1.0,0.004555983663351082,1.0,1.0064028429161451,-1.1102230246251565e-14,0.6402842916144902,True
20261083,statistical,27,3.3,5,1,1,ideal,0,0,0,True,0.0001005357570735511,9.999999999999999e-05,1.390746944060482,1.909253055939518,2.19955955328729,0.0008326787962557997,0.7086651425703,0.7082098019834433,0.003348268392657699,1.0,-0.009402295200650624,1.003320339495709,0.001206620656998111,1.0,-0.001682571186290607,1.0,0.0007108655452939098,1.0,-0.0102132629247133,1.0,1.0053575707355111,-1.1102230246251565e-14,0.5357570735510908,True
20261084,statistical,27,3.3,5,1,1,ideal,0,0,0,True,0.0001011114543199589,9.999999999999999e-05,1.358101298155252,1.941898701844748,2.19908770544623,0.000835557282488198,0.6627780303689884,0.6642527986317525,0.0006238477018633439,1.0,0.001937355209300785,0.9980867962001078,-0.001265995795821446,1.0,-0.01059204614846574,1.0,0.0001726662727046484,1.0,-0.003625639752108925,1.0,1.0111145431995892,-1.1102230246251565e-14,1.1114543199588933,True
20261085,statistical,27,3.3,5,1,1,ideal,0,0,0,True,0.0001004667189694643,9.999999999999999e-05,1.390975735599312,1.909024264400689,2.199616307967298,0.0008323336057352455,0.7115915519242236,0.7109058992115314,0.006695557943593083,1.0,0.000264415981892124,1.002768012562219,0.000637257660352388,1.0,-0.0005172674168744385,1.0,-8.932655165173004e-05,1.0,0.004144943298771225,1.0,1.004667189694643,-1.1102230246251565e-14,0.4667189694642859,True
20261086,statistical,27,3.3,5,1,1,ideal,0,0,0,True,0.0001011109219762964,9.999999999999999e-05,1.397617115520472,1.902382884479529,2.199088140594594,0.000835554620769406,0.6979442357260489,0.6995694918980778,0.0008232759929718912,1.0,0.00262090447831577,1.000544087513798,0.0006305617224785959,1.0,-0.0002790399023988011,1.0,0.002219708320340702,1.0,0.01003014543073113,1.0,1.011109219762964,-1.1102230246251565e-14,1.1109219762963862,True
20261087,statistical,27,3.3,5,1,1,ideal,0,0,0,True,0.0001005756485182409,9.999999999999999e-05,1.343405570455327,1.956594429544673,2.199526776106253,0.0008328782534792484,0.6689103465095322,0.6684044204686811,-0.003954801278956355,1.0,-0.001576566111128512,0.9999676154256639,-0.0008946537636281255,1.0,0.00412710751809272,1.0,-0.001440696339248906,1.0,0.002746074478082098,1.0,1.0057564851824092,-1.1102230246251565e-14,0.575648518240901,True
20261088,statistical,27,3.3,5,1,1,ideal,0,0,0,True,0.000100716703429601,9.999999999999999e-05,1.373001824084197,1.926998175915803,2.199410974839598,0.0008335835280364084,0.6728420460779231,0.6729491721891343,-0.003914203035179314,1.0,0.001130294041456709,0.9973548854511216,0.001761561862379195,1.0,-0.01589416379094775,1.0,0.001829630095856926,1.0,-0.0147613914691735,1.0,1.0071670342960102,-1.1102230246251565e-14,0.7167034296009955,True
20261089,statistical,27,3.3,5,1,1,ideal,0,0,0,True,0.0001017427044810439,9.999999999999999e-05,1.405765389705705,1.894234610294295,2.198573216102515,0.0008387135332935029,0.7106146653814781,0.7144785558770111,0.008023676783215418,1.0,0.00067058061323513,1.001814813580412,-0.002746406537573407,1.0,-0.005750787155196374,1.0,0.001086099121096699,1.0,0.00671939228354958,1.0,1.017427044810439,-1.1102230246251565e-14,1.7427044810438996,True
20261090,statistical,27,3.3,5,1,1,ideal,0,0,0,True,0.0001004167628369891,9.999999999999999e-05,1.335642984447527,1.964357015552473,2.199657398631821,0.0008320838250738287,0.655619354197039,0.6545374575970356,-0.009275437441990749,1.0,0.005890479210415312,1.001653346418656,-1.231370736174712e-05,1.0,0.002928253749083367,1.0,-0.001135514977034519,1.0,-0.01139568963444406,1.0,1.004167628369891,-1.1102230246251565e-14,0.4167628369891041,True
20261091,statistical,27,3.3,5,1,1,ideal,0,0,0,True,9.995978313462564e-05,9.999999999999999e-05,1.379612088686624,1.920387911313376,2.20003417415566,0.0008297989265612921,0.6947208853548785,0.6921961952563425,0.006086956301714882,1.0,0.009277246402333093,1.001069084891016,0.001194202357783219,1.0,-0.00796619027728315,1.0,-0.001375210229366161,1.0,0.008485367941076875,1.0,0.9995978313462565,-1.1102230246251565e-14,-0.040216865374365085,True
20261092,statistical,27,3.3,5,1,1,ideal,0,0,0,True,0.0001008961511627184,9.999999999999999e-05,1.419859055767059,1.880140944232942,2.199263874293848,0.0008344807667017557,0.729510299176814,0.7304060878226925,0.004946935590352842,1.0,-0.0005020319178487997,0.99979815265629,0.0004201631712400156,1.0,0.008537377990624541,1.0,0.001278234333558875,1.0,0.008056632877139903,1.0,1.0089615116271842,-1.1102230246251565e-14,0.8961511627183949,True
20261093,statistical,27,3.3,5,1,1,ideal,0,0,0,True,0.0001006854703523742,9.999999999999999e-05,1.385116379954117,1.914883620045884,2.199436602995712,0.0008334273626495554,0.6990728051672367,0.6991252078287982,-0.003845249896181057,1.0,-0.002059721576412299,1.002148305257704,-0.0006863931388941964,1.0,-0.0008727196293407985,1.0,-0.0006732847748795044,1.0,0.00173539486269195,1.0,1.006854703523742,-1.1102230246251565e-14,0.6854703523741845,True
20261094,statistical,27,3.3,5,1,1,ideal,0,0,0,True,0.0001012033631359123,9.999999999999999e-05,1.344571948554326,1.955428051445675,2.199012609560006,0.0008360168265686843,0.6652737287763152,0.6669409115638777,0.01357747455263746,1.0,-0.003908612359552221,0.9972366683338035,0.0005467315088588922,1.0,0.003052288843674875,1.0,0.00217849402476859,1.0,0.006875989738422878,1.0,1.0120336313591232,-1.1102230246251565e-14,1.2033631359122943,True
20261095,statistical,27,3.3,5,1,1,ideal,0,0,0,True,0.0001002350322388991,9.999999999999999e-05,1.371945575793931,1.92805442420607,2.199807040542836,0.0008311751720825394,0.6846228845867065,0.6830558472293909,0.006381417325970635,1.0,0.003431308052569705,1.003522451073316,0.0005940604372911913,1.0,5.67956318628788e-05,1.0,-0.001015640390887921,1.0,0.01472916853879937,1.0,1.0023503223889911,-1.1102230246251565e-14,0.23503223889909108,True
20261096,statistical,27,3.3,5,1,1,ideal,0,0,0,True,0.0001007381697657407,9.999999999999999e-05,1.406330545827324,1.893669454172676,2.19939336506444,0.0008336908597168675,0.7033119394205755,0.703650667196719,-0.0007472713464011693,1.0,0.003395197231019923,1.000357931997637,-0.0002852419120078623,1.0,0.01197478938282017,1.0,1.458844410508837e-05,1.0,0.001647021714671911,1.0,1.007381697657407,-1.1102230246251565e-14,0.7381697657407038,True
20261097,statistical,27,3.3,5,1,1,ideal,0,0,0,True,9.995093868149133e-05,9.999999999999999e-05,1.40660862533173,1.89339137466827,2.200041482274776,0.0008297547042965795,0.7094245846957256,0.7069098797482394,-0.001176096652868307,1.0,-0.003433704575497578,1.000089958456021,0.001401292707729757,1.0,0.003390361772277921,1.0,-0.001158198562850791,1.0,-0.001815937733402315,1.0,0.9995093868149134,-1.1102230246251565e-14,-0.04906131850866968,True
20261098,statistical,27,3.3,5,1,1,ideal,0,0,0,True,0.0001009768995722062,9.999999999999999e-05,1.363316324158683,1.936683675841317,2.199197761690913,0.0008348845087489549,0.6657788142909021,0.66677327026774,-0.003491280245445698,1.0,0.002431767174993251,1.001296562927752,-0.001536253059472686,1.0,-0.003768427483768409,1.0,-0.0005789091152280212,1.0,-0.005999344126832555,1.0,1.0097689957220621,-1.1102230246251565e-14,0.9768995722061913,True
20261099,statistical,27,3.3,5,1,1,ideal,0,0,0,True,0.0001002317448899283,9.999999999999999e-05,1.395113132336803,1.904886867663197,2.199809749781151,0.0008311587353378053,0.7050529007619217,0.7035354826344914,-0.002043065645736386,1.0,0.003050872954311813,0.9952840582433128,0.0009492168323209376,1.0,0.004232194934166494,1.0,-0.0006108887491317898,1.0,-0.001772944392496214,1.0,1.002317448899283,-1.1102230246251565e-14,0.23174488992829811,True
20261100,statistical,27,3.3,5,1,1,ideal,0,0,0,True,0.000100579989403581,9.999999999999999e-05,1.345143907722958,1.954856092277042,2.199523210113832,0.0008328999579069077,0.6644084088334201,0.6639517252874616,-5.557761693990561e-05,1.0,0.001283966642861571,1.000529451205789,0.0003894827779104905,1.0,0.002436470820690568,1.0,-0.0001072845518676914,1.0,0.004793989771256012,1.0,1.0057998940358102,-1.1102230246251565e-14,0.5799894035809938,True
20261101,statistical,27,3.3,5,1,1,ideal,0,0,0,True,0.0001000014861591082,9.999999999999999e-05,1.355400938437091,1.944599061562909,2.199999723377349,0.0008300074416840647,0.6827155940816754,0.6802656043778351,-0.002966350785755991,1.0,8.858581503005742e-05,1.001592450959081,0.002040899808119297,1.0,-0.006803363676222198,1.0,-0.0004535019524211443,1.0,-0.003569405761947351,1.0,1.0000148615910822,-1.1102230246251565e-14,0.0014861591081993808,True
20261102,statistical,27,3.3,5,1,1,ideal,0,0,0,True,0.000100513569619526,9.999999999999999e-05,1.337911342510692,1.962088657489309,2.199577789104098,0.0008325678589863933,0.6624779904240929,0.6617371323240803,0.00167182995593749,1.0,-0.003580433718126122,1.001226938288152,0.0006559684631181251,1.0,-0.002858103384581449,1.0,-0.000125470737872138,1.0,0.0009193963926058875,1.0,1.0051356961952602,-1.1102230246251565e-14,0.5135696195259998,True
20261103,statistical,27,3.3,5,1,1,ideal,0,0,0,True,0.0001007090512920285,9.999999999999999e-05,1.350506425377852,1.949493574622148,2.199417253075119,0.0008335452673491454,0.6648176449375766,0.6647955204107466,0.004203158215054913,1.0,0.007080869601264783,0.9980984479199556,-0.000439156739742998,1.0,0.0001707266812785553,1.0,-0.0005003982582798313,1.0,-0.0119831208166705,1.0,1.0070905129202852,-1.1102230246251565e-14,0.7090512920284953,True
20261104,statistical,27,3.3,5,1,1,ideal,0,0,0,True,0.0001004867675115974,9.999999999999999e-05,1.353253349040871,1.946746650959129,2.199599822736607,0.0008324338484465104,0.6703906461703084,0.6696020834512203,0.0128532485263174,1.0,0.0008335074008170005,0.9961699043583195,0.0003913978579853518,1.0,0.0005338358243823174,1.0,-0.0004379450469491542,1.0,0.01419092572129105,1.0,1.004867675115974,-1.1102230246251565e-14,0.48676751159739684,True
20261105,statistical,27,3.3,5,1,1,ideal,0,0,0,True,0.0001013408565858,9.999999999999999e-05,1.324491640285356,1.975508359714644,2.198900387305122,0.000836704293816924,0.6283399678242769,0.6304611241436631,-0.004849034150142588,1.0,-0.008532532949701495,1.002133169113787,-0.0009243117910042128,1.0,-0.009563568003709621,1.0,0.001162454799878917,1.0,0.004568742811631794,1.0,1.013408565858,-1.1102230246251565e-14,1.3408565857999877,True
20261106,statistical,27,3.3,5,1,1,ideal,0,0,0,True,0.0001005296007232061,9.999999999999999e-05,1.351669204953699,1.948330795046301,2.199564612798437,0.0008326480145046738,0.6630487135423476,0.6623804407038738,0.004602508785616294,1.0,-0.007208089028605953,0.999958093775113,0.000443221836309683,1.0,0.004046947478746823,1.0,-0.0002655095460303909,1.0,0.005702036905296793,1.0,1.0052960072320611,-1.1102230246251565e-14,0.5296007232060918,True
20261107,statistical,27,3.3,5,1,1,ideal,0,0,0,True,0.0001000995126153582,9.999999999999999e-05,1.307843930977324,1.992156069022676,2.199918797053881,0.0008304975739650748,0.6168172648159811,0.6144602068548541,0.002140567030144844,1.0,-0.007277617135565555,1.003044375470246,0.001370958105964042,1.0,-0.005232249167735698,1.0,-0.001029775340605115,1.0,0.003335680196289227,1.0,1.000995126153582,-1.1102230246251565e-14,0.09951261535821043,True
20261108,statistical,27,3.3,5,1,1,ideal,0,0,0,True,0.0001010285701922555,9.999999999999999e-05,1.403205258676422,1.896794741323579,2.199155482511088,0.0008351428618531571,0.7079100501294194,0.7092456510064631,0.001005841892269773,1.0,-0.006074428140277786,0.9970238113723914,0.0003857825226728956,1.0,-0.004798732510219441,1.0,0.001684657203047742,1.0,-0.005199225824114013,1.0,1.010285701922555,-1.1102230246251565e-14,1.0285701922554846,True
20261109,statistical,27,3.3,5,1,1,ideal,0,0,0,True,0.0001011122707755908,9.999999999999999e-05,1.355661992989882,1.944338007010118,2.199087038063187,0.000835561364767197,0.673561644243266,0.6749688084705764,0.01130158808223774,1.0,0.0002747878297055784,1.000568562810928,-0.0006223001402569866,1.0,-0.003891941170811822,1.0,0.0007487624291748132,1.0,0.005607600946571998,1.0,1.011122707755908,-1.1102230246251565e-14,1.1122707755907957,True
20261110,statistical,27,3.3,5,1,1,ideal,0,0,0,True,0.0001000479289441038,9.999999999999999e-05,1.364844853828916,1.935155146171084,2.199961372974786,0.0008302396556095219,0.6770091601252206,0.6747166001572196,0.0002948083534124961,1.0,-0.003320365409763964,1.001966049566077,0.0005701825231360755,1.0,-0.00997444223679606,1.0,-0.001766439891575495,1.0,-0.01111255003758993,1.0,1.0004792894410381,-1.1102230246251565e-14,0.047928944103792226,True
20261111,statistical,27,3.3,5,1,1,ideal,0,0,0,True,0.0001004029831862176,9.999999999999999e-05,1.435207151169629,1.864792848830372,2.199668736254607,0.000832014926819971,0.7490817596560443,0.7482898208353159,0.001827231633115923,1.0,-0.001101357333292871,0.9982108883022036,0.001235755441552473,1.0,0.003703402275376532,1.0,0.000402410042675262,1.0,0.00505752884628016,1.0,1.004029831862176,-1.1102230246251565e-14,0.402983186217587,True
20261112,statistical,27,3.3,5,1,1,ideal,0,0,0,True,0.0001005642154930832,9.999999999999999e-05,1.35440879766768,1.94559120233232,2.199536168910846,0.0008328210883538196,0.6601723236421876,0.6596628810694016,-0.003553393018708561,1.0,0.003255237488045836,0.9992358209991622,0.0009700033355279676,1.0,-0.002122415399022783,1.0,0.0004203612257702694,1.0,0.008980391096352463,1.0,1.005642154930832,-1.1102230246251565e-14,0.5642154930831866,True
20261113,statistical,27,3.3,5,1,1,ideal,0,0,0,True,0.0001003868595970515,9.999999999999999e-05,1.41913880180048,1.88086119819952,2.19968200427876,0.0008319343088736613,0.7333135410224344,0.7324371611754193,0.01066522220787085,1.0,0.002573755691107682,0.9973154923733708,0.0003107369659318557,1.0,0.001024623111446799,1.0,-0.0006071704583087876,1.0,0.007972158639400055,1.0,1.0038685959705151,-1.1102230246251565e-14,0.3868595970514921,True
20261114,statistical,27,3.3,5,1,1,ideal,0,0,0,True,0.0001010909677596529,9.999999999999999e-05,1.414039049449941,1.88596095055006,2.199104453122917,0.000835454849687627,0.7206635975233979,0.7222536851970341,-0.005505603425871052,1.0,-0.003203087549701308,0.9985002918382834,0.0005242109058681793,1.0,-0.003814248226864238,1.0,0.002078038912084941,1.0,0.001718885054013705,1.0,1.0109096775965292,-1.1102230246251565e-14,1.0909677596528944,True
20261115,statistical,27,3.3,5,1,1,ideal,0,0,0,True,9.969217528184153e-05,9.999999999999999e-05,1.410972342006196,1.889027657993804,2.200255566309082,0.0008284608872973715,0.7307570926333786,0.7273983522096044,-0.002051735153934409,1.0,0.00168683683071997,0.9978360900355334,0.003451401356517004,1.0,-0.002762390661236966,1.0,4.593624299792492e-05,1.0,0.005418749087842375,1.0,0.9969217528184153,-1.1102230246251565e-14,-0.3078247181584781,True
20261116,statistical,27,3.3,5,1,1,ideal,0,0,0,True,0.0001011084349124615,9.999999999999999e-05,1.396885429180713,1.903114570819287,2.199090173598943,0.000835542185452629,0.695024537079472,0.6966453291113271,-0.005929930452817297,1.0,-0.00522737396703039,0.9967448237470268,-0.0002405060454524257,1.0,0.006905984101704041,1.0,0.001344157932270588,1.0,0.004948899474383693,1.0,1.011084349124615,-1.1102230246251565e-14,1.1084349124614867,True
20261117,statistical,27,3.3,5,1,1,ideal,0,0,0,True,0.000100398398382623,9.999999999999999e-05,1.380770534039482,1.919229465960519,2.199672508863856,0.0008319920028021181,0.6902526729449392,0.6892805881342216,0.00518163230321077,1.0,-0.005276963151888145,1.002011727562307,0.0006064333114517812,1.0,-0.001869862765404962,1.0,-0.0004070923234692505,1.0,0.00282709885896011,1.0,1.00398398382623,-1.1102230246251565e-14,0.39839838262298866,True
20261118,statistical,27,3.3,5,1,1,ideal,0,0,0,True,0.0001007998865432781,9.999999999999999e-05,1.370620260102968,1.929379739897032,2.199342755712121,0.0008339994436051539,0.6731226311466725,0.6735207640063484,-8.117255514808057e-05,1.0,0.006654290256655955,0.999455397896896,0.0001644860909991641,1.0,-0.004361183996769646,1.0,0.0005241829825823938,1.0,0.006817577704529026,1.0,1.0079988654327812,-1.1102230246251565e-14,0.7998865432780944,True
20261119,statistical,27,3.3,5,1,1,ideal,0,0,0,True,0.0001002338856781861,9.999999999999999e-05,1.353467244021685,1.946532755978315,2.199807985460796,0.0008311694392790942,0.6623876597060454,0.6606888825300365,-0.003976410341394536,1.0,-0.00580226440834975,0.9946717100460222,0.00133031444855858,1.0,0.0002584663955516851,1.0,-0.0004111330481941748,1.0,-0.005608136272385118,1.0,1.0023388567818612,-1.1102230246251565e-14,0.2338856781860965,True
20261120,statistical,27,3.3,5,1,1,ideal,0,0,0,True,0.0001005795587853732,9.999999999999999e-05,1.372832323715066,1.927167676284934,2.1995235638558,0.00083289780481491,0.6781970635016624,0.6778144385735465,0.004854723968232244,1.0,0.004384013556046147,1.000391117353047,0.0004059245126090288,1.0,-0.004144005715773445,1.0,-1.678522673777317e-05,1.0,0.009643200690760589,1.0,1.0057955878537321,-1.1102230246251565e-14,0.5795587853731909,True
20261121,statistical,27,3.3,5,1,1,ideal,0,0,0,True,0.0001011872415665528,9.999999999999999e-05,1.341115622625971,1.958884377374029,2.199025777370358,0.0008359362187228458,0.6391072162934501,0.640799534534169,0.001900984824222594,1.0,-0.003943786601148649,1.001921560995494,-4.057308502062934e-06,1.0,-0.003938845193024636,1.0,0.001652722710210448,1.0,-0.01446437290851939,1.0,1.011872415665528,-1.1102230246251565e-14,1.1872415665528102,True
20261122,statistical,27,3.3,5,1,1,ideal,0,0,0,True,0.000100801520331263,9.999999999999999e-05,1.367891010832075,1.932108989167925,2.199341416359132,0.0008340076125447188,0.6690589580672115,0.6694451269058539,-0.0002179380371261678,1.0,-0.0006618994045653646,1.000120584962328,-0.0009777762046275806,1.0,-0.002546872174996765,1.0,-0.0006300309727846491,1.0,0.006566231973198383,1.0,1.00801520331263,-1.1102230246251565e-14,0.8015203312629948,True
20261123,statistical,27,3.3,5,1,1,ideal,0,0,0,True,0.0001004167416333103,9.999999999999999e-05,1.398007738334728,1.901992261665272,2.199657416076787,0.0008320837190548352,0.7174684898633512,0.7166130189877081,-0.005033580559385181,1.0,0.006313918628460568,1.001932005538607,-0.0001333295103516483,1.0,-0.001172816376180216,1.0,-0.001030105243602576,1.0,0.001103036400625194,1.0,1.0041674163331031,-1.1102230246251565e-14,0.41674163331029135,True
20261124,statistical,27,3.3,5,1,1,ideal,0,0,0,True,0.0001010073934604029,9.999999999999999e-05,1.390707442697543,1.909292557302458,2.199172807791108,0.0008350369781918567,0.6912661678960993,0.6924894875956652,-0.005058000358113902,1.0,-0.004999543223013399,0.998366783528892,-0.0005913757223765815,1.0,0.001695115734412235,1.0,0.0005950599131096158,1.0,-0.007127821438768027,1.0,1.010073934604029,-1.1102230246251565e-14,1.0073934604028834,True
20261125,statistical,27,3.3,5,1,1,ideal,0,0,0,True,0.0001012202273909181,9.999999999999999e-05,1.370541913255257,1.929458086744743,2.198998837244448,0.0008361011478426345,0.685260895355451,0.6871515385844374,0.002256140932627577,1.0,0.00118925239596445,0.9997731068375708,-0.00107992316661501,1.0,0.01306094663252876,1.0,0.0007754256783166571,1.0,0.005850538825985322,1.0,1.0122022739091812,-1.1102230246251565e-14,1.2202273909180938,True
20261126,statistical,27,3.3,5,1,1,ideal,0,0,0,True,0.0001001187147823614,9.999999999999999e-05,1.31992828839324,1.98007171160676,2.199902953311498,0.0008305935848004502,0.6327843689223117,0.6305825479724402,0.002598755668294277,1.0,-0.003660891568904058,0.9984488248212415,0.0003146287932607704,1.0,0.001623533064265836,1.0,-0.001930725204971796,1.0,0.01295737886834964,1.0,1.001187147823614,-1.1102230246251565e-14,0.11871478236138433,True
20261127,statistical,27,3.3,5,1,1,ideal,0,0,0,True,0.0001005264195267976,9.999999999999999e-05,1.396542892477153,1.903457107522847,2.199567227334597,0.0008326321085222715,0.7143449783009914,0.7138648495497181,0.006385552214893075,1.0,0.006573335833579987,1.001087412710778,-0.0007554802271301091,1.0,-0.002952280635963951,1.0,-0.001276093250977062,1.0,0.007489744915426336,1.0,1.0052641952679762,-1.1102230246251565e-14,0.5264195267975946,True
20261128,statistical,27,3.3,5,1,1,ideal,0,0,0,True,0.0001000326752794258,9.999999999999999e-05,1.333760453481073,1.966239546518928,2.199973966932945,0.0008301633872856523,0.6490070946495462,0.6465391033794041,0.006867552245330724,1.0,-0.001362687524586964,1.003454964081661,0.001397800416185658,1.0,0.002334423580495202,1.0,-0.001114367419055224,1.0,-0.003854861596132334,1.0,1.000326752794258,-1.1102230246251565e-14,0.03267527942578674,True
20261129,statistical,27,3.3,5,1,1,ideal,0,0,0,True,0.0001003747271013679,9.999999999999999e-05,1.349791839806525,1.950208160193476,2.199691989371101,0.0008318736463951231,0.665436465094703,0.6642716163870437,0.005978414190431953,1.0,-0.003478114610463027,1.001492723716829,0.0003214463215730797,1.0,-0.01019007424605045,1.0,-0.000885020965235734,1.0,0.0002226916546394167,1.0,1.003747271013679,-1.1102230246251565e-14,0.3747271013678999,True
20261130,statistical,27,3.3,5,1,1,ideal,0,0,0,True,0.0001004845402894396,9.999999999999999e-05,1.377563127930359,1.922436872069641,2.199601653952682,0.0008324227123353617,0.6835924605424091,0.6828920162268767,0.005083157630797075,1.0,-0.002064599320513799,0.9998159507701094,0.0008419605358623963,1.0,-0.001314652740922761,1.0,0.0001007207878460662,1.0,-0.006954168311402828,1.0,1.004845402894396,-1.1102230246251565e-14,0.4845402894395834,True
20261131,statistical,27,3.3,5,1,1,ideal,0,0,0,True,0.0001006586195223348,9.999999999999999e-05,1.351088332996769,1.948911667003231,2.199458641287881,0.000833293108499718,0.6704915020779205,0.6703184864856808,0.006522010214580739,1.0,0.001307385602763839,1.001521461367809,-0.0001290492231304481,1.0,0.01157800910641438,1.0,-0.0003415604307601379,1.0,-0.00235918480505414,1.0,1.0065861952233481,-1.1102230246251565e-14,0.6586195223347913,True
20261132,statistical,27,3.3,5,1,1,ideal,0,0,0,True,0.0001004988989907964,9.999999999999999e-05,1.315222335638195,1.984777664361805,2.199589848936098,0.0008324945058431046,0.6234496095973132,0.6225607232336481,-0.003847477161781799,1.0,-0.0008359343232376169,1.00007609267806,0.0009201720300094598,1.0,0.004434102719087748,1.0,-9.402650406342447e-06,1.0,-0.0007834320549465567,1.0,1.004988989907964,-1.1102230246251565e-14,0.49889899079638145,True
20261133,statistical,27,3.3,5,1,1,ideal,0,0,0,True,0.0001008877158506606,9.999999999999999e-05,1.32511260940903,1.97488739059097,2.199270783554906,0.0008344385901411074,0.6478283927054452,0.6483131739124398,-0.001005049740593147,1.0,-0.005736879350883324,1.006315806410899,-6.935673461013881e-05,1.0,0.01479787530009168,1.0,0.000377642903026131,1.0,-0.00297482307723695,1.0,1.008877158506606,-1.1102230246251565e-14,0.8877158506605864,True
20261134,statistical,27,3.3,5,1,1,ideal,0,0,0,True,0.0001005007076492105,9.999999999999999e-05,1.343039166873043,1.956960833126957,2.199588362058604,0.0008325035491340965,0.653472910746425,0.6526805062927117,0.0003078387618458161,1.0,-0.001958751668744186,1.00280710899452,0.0004391110595712773,1.0,-0.0003371185294612834,1.0,-0.0003939682223501703,1.0,0.003434090555795734,1.0,1.005007076492105,-1.1102230246251565e-14,0.5007076492104856,True
20261135,statistical,27,3.3,5,1,1,ideal,0,0,0,True,0.0001006887855155404,9.999999999999999e-05,1.372435611259105,1.927564388740895,2.199433882399795,0.0008334439384661057,0.6722693346903141,0.6722870413873537,0.002590579682622222,1.0,-0.0124233458216224,1.001151655788561,-0.0008571148731980327,1.0,-0.002518496228843435,1.0,-0.0008786754665509645,1.0,-0.008658221561686783,1.0,1.0068878551554041,-1.1102230246251565e-14,0.688785515540391,True
20261136,statistical,27,3.3,5,1,1,ideal,0,0,0,True,0.0001009617872989067,9.999999999999999e-05,1.4113575233434,1.8886424766566,2.199210131058579,0.0008348089473824578,0.7124884044016826,0.7136397076555839,0.004449481395317523,1.0,-0.01028708085439613,0.9986089327391948,-0.0001126859904876448,1.0,0.003223757375968877,1.0,0.001001391876498312,1.0,0.01490423275855984,1.0,1.009617872989067,-1.1102230246251565e-14,0.9617872989067022,True
20261137,statistical,27,3.3,5,1,1,ideal,0,0,0,True,0.0001011367739375792,9.999999999999999e-05,1.402408593101927,1.897591406898073,2.199067011166707,0.00083568388057582,0.7193597585662576,0.7210495126895407,-0.01586879720493388,1.0,0.002690162970157171,0.9938293463031358,-0.001913060541940253,1.0,0.001000032553378546,1.0,-0.0002592253488610697,1.0,0.0001293422569982328,1.0,1.011367739375792,-1.1102230246251565e-14,1.1367739375792052,True
20261138,statistical,27,3.3,5,1,1,ideal,0,0,0,True,0.0001009914369049304,9.999999999999999e-05,1.338725693977833,1.961274306022167,2.199185864551079,0.0008349571954125763,0.6559195639254899,0.6568655449829557,0.007802212775805199,1.0,0.0085697478328489,0.9984210003567732,-3.517902267587144e-05,1.0,-0.005282635156336871,1.0,0.0008737965891037082,1.0,0.0001263220574510483,1.0,1.0099143690493042,-1.1102230246251565e-14,0.9914369049303984,True
20261139,statistical,27,3.3,5,1,1,ideal,0,0,0,True,0.0001008148241900066,9.999999999999999e-05,1.418832683679115,1.881167316320886,2.199330510829383,0.0008340741318384364,0.7300313888220599,0.7306584972937373,-0.002629699352516212,1.0,0.006023543938114401,0.9979073702109668,-0.001044630699934805,1.0,-0.001268997151795274,1.0,-0.0004558481083774637,1.0,0.004992747588706097,1.0,1.008148241900066,-1.1102230246251565e-14,0.81482419000658,True
20261140,statistical,27,3.3,5,1,1,ideal,0,0,0,True,0.0001008110240152894,9.999999999999999e-05,1.373327830130255,1.926672169869745,2.199333625796609,0.0008340551309644912,0.6870109312554172,0.6874299260944281,-0.001159521167897896,1.0,-0.008157505378970215,0.9973394483122215,0.0002190385268599809,1.0,-0.007538174098381332,1.0,0.0005996792574317597,1.0,0.001725876220803144,1.0,1.008110240152894,-1.1102230246251565e-14,0.8110240152893855,True
20261141,statistical,27,3.3,5,1,1,ideal,0,0,0,True,0.0001007693446189641,9.999999999999999e-05,1.411450817352541,1.888549182647459,2.19936779724136,0.0008338467339829842,0.7271787442343545,0.7276076668892763,0.0003922838205832203,1.0,0.007523176828515134,1.001093507890108,0.0003726877701205543,1.0,-0.001733202743524516,1.0,0.0007629439440080254,1.0,-0.006414530930404302,1.0,1.0076934461896412,-1.1102230246251565e-14,0.7693446189640962,True
20261142,statistical,27,3.3,5,1,1,ideal,0,0,0,True,0.0001004812947904056,9.999999999999999e-05,1.423237292020713,1.876762707979287,2.199604322461559,0.0008324064848407912,0.7385682522766289,0.7380233540145694,0.00208360324806186,1.0,-0.001261964409029587,0.9980856942347616,0.0002585236778898729,1.0,0.01085333994114399,1.0,-0.0003271957848241842,1.0,0.0008617611119579344,1.0,1.0048129479040562,-1.1102230246251565e-14,0.4812947904055953,True
20261143,statistical,27,3.3,5,1,1,ideal,0,0,0,True,0.0001005399858518564,9.999999999999999e-05,1.377353844149251,1.922646155850749,2.199556078093136,0.0008326999401476859,0.6943287108218645,0.6938319247695591,-0.001421132134454788,1.0,0.008835884572725976,1.002054236006786,0.0009490909064195251,1.0,0.002457480095920473,1.0,0.0004119223279883542,1.0,0.001232468209968918,1.0,1.0053998585185642,-1.1102230246251565e-14,0.5399858518563949,True
20261144,statistical,27,3.3,5,1,1,ideal,0,0,0,True,9.992268651153672e-05,9.999999999999999e-05,1.409180216612649,1.890819783387352,2.200064830945768,0.0008296134434469262,0.7179284555470954,0.715352130406642,0.001708151989199942,1.0,-0.007679926762787215,1.001451931825997,0.001032971647817377,1.0,0.01335845002139897,1.0,-0.001588352446831132,1.0,0.0189287996439733,1.0,0.9992268651153673,-1.1102230246251565e-14,-0.07731348846329311,True
20261145,statistical,27,3.3,5,1,1,ideal,0,0,0,True,0.0001009212584438614,9.999999999999999e-05,1.362550646133228,1.937449353866772,2.199243312435919,0.0008346063031074708,0.6840864314701236,0.6848793298794791,-0.002871130277645806,1.0,0.001486603632544992,1.004839646724597,-0.0007697374592557561,1.0,0.00310626972914355,1.0,-1.437017783980513e-05,1.0,-0.0004727687721933233,1.0,1.009212584438614,-1.1102230246251565e-14,0.9212584438613947,True
20261146,statistical,27,3.3,5,1,1,ideal,0,0,0,True,0.000100301554799639,9.999999999999999e-05,1.375276767906337,1.924723232093663,2.19975223451335,0.0008315077848869584,0.6829112092480634,0.6815533281646391,-0.002112970231911388,1.0,0.001419163129254486,0.999377158705923,0.00105341886090826,1.0,0.003726900724719475,1.0,-0.0003466269376149265,1.0,-0.0005343218068421901,1.0,1.00301554799639,-1.1102230246251565e-14,0.30155479963898113,True
20261147,statistical,27,3.3,5,1,1,ideal,0,0,0,True,0.0001001219856149439,9.999999999999999e-05,1.379476537957278,1.920523462042723,2.199900254826178,0.0008306099389628835,0.6918340846641079,0.6898699946957441,-0.002273365707185814,1.0,-0.005501221798205108,1.000987972937213,0.0005843487883841125,1.0,-0.00814618103680068,1.0,-0.001423249774484664,1.0,-0.003576467954643507,1.0,1.001219856149439,-1.1102230246251565e-14,0.12198561494389804,True
20261148,statistical,27,3.3,5,1,1,ideal,0,0,0,True,0.0001004361128842425,9.999999999999999e-05,1.395702762051165,1.904297237948836,2.199641480264288,0.0008321805753092565,0.7065180057565391,0.70569377082872,-0.008250729797960283,1.0,0.005135184902286156,0.9991981996599276,0.0003694640909999429,1.0,0.002271893211244632,1.0,-0.0004959290628953533,1.0,-0.001004433467046591,1.0,1.0043611288424252,-1.1102230246251565e-14,0.43611288424250105,True
20261149,statistical,27,3.3,5,1,1,ideal,0,0,0,True,0.00010132208462187,9.999999999999999e-05,1.377076485135561,1.922923514864439,2.198915700568007,0.0008366104339972742,0.6913491159348734,0.6935912791655607,-0.006002455141851982,1.0,-0.00282236055506114,0.9984983988701208,-0.002041908448815922,1.0,0.01133496505835025,1.0,0.0001657227280537585,1.0,-0.007698488040283444,1.0,1.0132208462187,-1.1102230246251565e-14,1.3220846218699789,True
20261150,statistical,27,3.3,5,1,1,ideal,0,0,0,True,0.0001008586065805552,9.999999999999999e-05,1.374475680687094,1.925524319312906,2.199294630768741,0.000834293043792498,0.6726787486075325,0.67330752277805,-5.054343572732988e-05,1.0,-0.000563277930702927,1.001422647942414,-0.000127923610600214,1.0,-0.001261716300218117,1.0,0.0004628540722867756,1.0,0.001394330196331678,1.0,1.008586065805552,-1.1102230246251565e-14,0.8586065805551879,True
20261151,statistical,27,3.3,5,1,1,ideal,0,0,0,True,0.000101035694348507,9.999999999999999e-05,1.340719404086394,1.959280595913606,2.199149654804919,0.0008351784826303395,0.6467153549149139,0.6478101478793082,0.002369087312701688,1.0,0.004711368726457594,1.000000429734917,-0.0001701880077343641,1.0,-0.006332494792836377,1.0,0.0008879323840385497,1.0,0.0001176948611253721,1.0,1.01035694348507,-1.1102230246251565e-14,1.0356943485070103,True
20261152,statistical,27,3.3,5,1,1,ideal,0,0,0,True,0.00010127707070707,9.999999999999999e-05,1.349978890546,1.950021109454001,2.198952431601607,0.0008363853644236335,0.6680961274495524,0.6700751347445547,0.003112596540385446,1.0,-0.007927347282688587,0.9988780276156324,-0.000997387350487991,1.0,-0.01492892908060489,1.0,0.0009467506815221782,1.0,0.003640833956006592,1.0,1.0127707070707002,-1.1102230246251565e-14,1.2770707070699938,True
20261153,statistical,27,3.3,5,1,1,ideal,0,0,0,True,0.0001006142108247977,9.999999999999999e-05,1.396666957963933,1.903333042036068,2.199495102628222,0.0008330710650126321,0.7046967854109907,0.7045228654059615,-0.004077902162903707,1.0,-0.005661086238933163,1.001533592284749,0.001006218781986903,1.0,-0.0100776564424257,1.0,0.0007924727617423274,1.0,0.0002114105135531188,1.0,1.0061421082479771,-1.1102230246251565e-14,0.6142108247977118,True
20261154,statistical,27,3.3,5,1,1,ideal,0,0,0,True,0.0001008584177402873,9.999999999999999e-05,1.352568073496418,1.947431926503582,2.199294785493636,0.00083429209958984,0.6654474268207402,0.6660009172533147,-0.004496063357884902,1.0,0.006664026913068211,1.000728850680787,-0.0006461731591521803,1.0,0.01097744622162546,1.0,-0.0001306831353439208,1.0,-0.01126519286258588,1.0,1.008584177402873,-1.1102230246251565e-14,0.8584177402872983,True
20261155,statistical,27,3.3,5,1,1,ideal,0,0,0,True,0.0001006934016630047,9.999999999999999e-05,1.363511389747104,1.936488610252897,2.1994300942886,0.0008334670192028278,0.678999028652351,0.6789802844704311,-0.006333778281844347,1.0,0.001346266547754346,1.000042100020475,6.5847038491995e-05,1.0,-0.0103649132549564,1.0,7.868258608681099e-06,1.0,0.0007382677301057153,1.0,1.0069340166300471,-1.1102230246251565e-14,0.6934016630046891,True
20261156,statistical,27,3.3,5,1,1,ideal,0,0,0,True,0.000100511946566776,9.999999999999999e-05,1.384126536681136,1.915873463318865,2.199579123235774,0.00083255974372564,0.6872680942507222,0.6866673154512739,-0.004582781967750365,1.0,0.0008350126900358746,0.996932159726274,0.000548319526870214,1.0,0.001437390458533207,1.0,-9.304889871852491e-05,1.0,0.005805335037102452,1.0,1.00511946566776,-1.1102230246251565e-14,0.5119465667760004,True
20261157,statistical,27,3.3,5,1,1,ideal,0,0,0,True,0.0001007704729928562,9.999999999999999e-05,1.401670087157816,1.898329912842184,2.199366871953239,0.0008338523758535234,0.713022029930776,0.7134272386150201,-0.004463634202779267,1.0,0.00536748517467167,1.000596185636855,-0.0009060553198647191,1.0,0.00531289999863143,1.0,-0.0005395044563550511,1.0,0.005325747208991174,1.0,1.007704729928562,-1.1102230246251565e-14,0.7704729928561971,True
20261158,statistical,27,3.3,5,1,1,ideal,0,0,0,True,0.0001004319366992269,9.999999999999999e-05,1.396502685928712,1.903497314071289,2.199644915570121,0.0008321596943860966,0.7093095688614189,0.70848807357949,0.001166311811842649,1.0,0.001265800783461996,0.99760744611353,0.0004596265294625101,1.0,-0.01033504108837119,1.0,-0.0004030585332988488,1.0,0.0006082295749254742,1.0,1.0043193669922692,-1.1102230246251565e-14,0.43193669922689804,True
20261159,statistical,27,3.3,5,1,1,ideal,0,0,0,True,0.0001008077571239809,9.999999999999999e-05,1.375877439822483,1.924122560177517,2.199336303724609,0.0008340387965078284,0.7035122149596568,0.7039314785034502,0.008481583034658138,1.0,4.738278958520212e-05,0.999634947718114,-0.0005701924655939555,1.0,-0.0007211992569390368,1.0,-0.0001893097330085241,1.0,0.01256883427478688,1.0,1.0080775712398091,-1.1102230246251565e-14,0.8077571239808901,True
20261160,statistical,27,3.3,5,1,1,ideal,0,0,0,True,0.0001007669347130537,9.999999999999999e-05,1.388066995281425,1.911933004718575,2.19936977344281,0.0008338346844531926,0.695086659293123,0.695427527513155,0.007311419119699581,1.0,0.001839133263104445,0.9993902810946088,0.0008335582024564549,1.0,-0.005451037785639746,1.0,0.001135742979504794,1.0,-0.00835057496670295,1.0,1.0076693471305371,-1.1102230246251565e-14,0.7669347130536908,True
20261161,statistical,27,3.3,5,1,1,ideal,0,0,0,True,0.0001006708297034854,9.999999999999999e-05,1.385774933012425,1.914225066987575,2.199448618882088,0.0008333541594059506,0.696603188448878,0.6966205758506805,0.002642159407818236,1.0,0.005449836285092626,1.002233321668219,0.0003291095132987279,1.0,-0.008160952029218257,1.0,0.0003070935939899467,1.0,-0.0003873741118906179,1.0,1.006708297034854,-1.1102230246251565e-14,0.6708297034853983,True
20261162,statistical,27,3.3,5,1,1,ideal,0,0,0,True,0.0001003108940851084,9.999999999999999e-05,1.401224176621039,1.898775823378962,2.199744542877282,0.0008315544813141855,0.7195750479816151,0.7183424706032889,0.001207411458232559,1.0,-0.001750174545523871,0.9982044156206412,0.000462268190723954,1.0,0.005572363397267337,1.0,-0.0008124051613761492,1.0,0.005764499993795123,1.0,1.003108940851084,-1.1102230246251565e-14,0.3108940851084041,True
20261163,statistical,27,3.3,5,1,1,ideal,0,0,0,True,0.00010020553852247,9.999999999999999e-05,1.322867176124336,1.977132823875664,2.199831350502482,0.0008310277035009932,0.6436920123551648,0.6418240226636925,0.004204003980108667,1.0,-0.003823812218683512,0.9972716705677351,0.001240378842878895,1.0,0.00294390749966915,1.0,-0.0006704956304393461,1.0,0.003868916272455142,1.0,1.0020553852247,-1.1102230246251565e-14,0.2055385224700057,True
20261164,statistical,27,3.3,5,1,1,ideal,0,0,0,True,0.0001004460980696499,9.999999999999999e-05,1.369750989245386,1.930249010754615,2.199633267051724,0.0008322305012361738,0.67690656939245,0.6760450843858433,-0.001157659289465443,1.0,0.001018483035552294,1.001156192045914,0.001511843278275219,1.0,-0.00343453865449859,1.0,0.000609275157990223,1.0,-0.001598627800709732,1.0,1.004460980696499,-1.1102230246251565e-14,0.44609806964990284,True
20261165,statistical,27,3.3,5,1,1,ideal,0,0,0,True,0.0001006985966762776,9.999999999999999e-05,1.386901986087026,1.913098013912974,2.199425831342424,0.0008334929942694319,0.7122472933815568,0.7123384245949882,0.005296664222815299,1.0,0.0002267404049863113,1.001076149730247,0.0001753699274490241,1.0,0.00334376708719316,1.0,0.0002273037799672436,1.0,-0.00399905474484652,1.0,1.006985966762776,-1.1102230246251565e-14,0.6985966762776075,True
20261166,statistical,27,3.3,5,1,1,ideal,0,0,0,True,9.988733907917782e-05,9.999999999999999e-05,1.334296413883945,1.965703586116055,2.200094052148164,0.0008294367062862107,0.6378752557904531,0.634833260761215,-0.005652864272615575,1.0,-0.008634606350734724,1.00061945332848,0.0007608789344751898,1.0,0.002598421552825359,1.0,-0.002326377481139362,1.0,0.001445242960040741,1.0,0.9988733907917783,-1.1102230246251565e-14,-0.11266092082218293,True
20261167,statistical,27,3.3,5,1,1,ideal,0,0,0,True,0.0001002840963194664,9.999999999999999e-05,1.393679552746161,1.906320447253839,2.199766614749119,0.0008314204924860951,0.7124542112465807,0.7111058042612955,-0.001566746341199647,1.0,0.0008155762506900319,0.9985676963449496,0.000885387094062614,1.0,0.003662633861832419,1.0,-0.0005053163903254796,1.0,-0.005570277521430946,1.0,1.0028409631946642,-1.1102230246251565e-14,0.28409631946639813,True
20261168,statistical,27,3.3,5,1,1,ideal,0,0,0,True,0.0001010364530577802,9.999999999999999e-05,1.40620719045555,1.893792809544451,2.19914903418787,0.000835182276178863,0.7136293023952021,0.7150146482134349,0.003772813469321781,1.0,0.002595112442480346,1.000032466589022,-0.0003095171007435603,1.0,0.00310363488062453,1.0,0.001039160742160809,1.0,-0.004274164935391435,1.0,1.0103645305778022,-1.1102230246251565e-14,1.0364530577801956,True
20261169,statistical,27,3.3,5,1,1,ideal,0,0,0,True,0.0001007336069631783,9.999999999999999e-05,1.358588354262426,1.941411645737574,2.199397107836186,0.0008336680457039353,0.6717838606527711,0.6719004207271824,0.002626062516982796,1.0,-7.708226711686259e-06,1.000726282662279,0.0003294693273363665,1.0,0.003207408218002227,1.0,0.0004070959508551231,1.0,0.009145804450291376,1.0,1.007336069631783,-1.1102230246251565e-14,0.7336069631783015,True
20261170,statistical,27,3.3,5,1,1,ideal,0,0,0,True,0.0001004740207600498,9.999999999999999e-05,1.37097855319002,1.92902144680998,2.199610303596779,0.0008323701146900908,0.6683252407423872,0.6675683899597553,0.005358463507499667,1.0,-0.002856257170737364,0.9995964571732352,0.001069458692823658,1.0,0.007862790384284814,1.0,0.0002717347486956957,1.0,-0.002781848094075761,1.0,1.004740207600498,-1.1102230246251565e-14,0.474020760049787,True
20261171,statistical,27,3.3,5,1,1,ideal,0,0,0,True,0.0001007281301830999,9.999999999999999e-05,1.329920504304597,1.970079495695403,2.199401600534856,0.0008336406618043827,0.6493391978655437,0.6493293129794079,0.006823925626059588,1.0,0.003827724600898566,0.9983019351258052,0.0007937218878630221,1.0,0.00439276965757327,1.0,0.0007448612917303305,1.0,0.006974866954560014,1.0,1.007281301830999,-1.1102230246251565e-14,0.7281301830998954,True
20261172,statistical,27,3.3,5,1,1,ideal,0,0,0,True,0.0001009972565150398,9.999999999999999e-05,1.369847764646763,1.930152235353237,2.199181102318243,0.0008349862934633628,0.6786805623036894,0.6797600906511461,0.003826619635157477,1.0,0.001141763692171201,1.00172976578925,-0.00140317670141603,1.0,0.001199746580367361,1.0,-0.000360609250693006,1.0,0.008867466481116772,1.0,1.0099725651503981,-1.1102230246251565e-14,0.9972565150397905,True
20261173,statistical,27,3.3,5,1,1,ideal,0,0,0,True,0.0001001392307792627,9.999999999999999e-05,1.345541243897285,1.954458756102716,2.199886028679614,0.0008306961647843575,0.6537288501530375,0.6516549280542923,0.00160816201713764,1.0,-0.003750343913749045,1.000588046308416,0.001123408795553056,1.0,-0.00642381540555876,1.0,-0.0009938916608969812,1.0,-0.005820937301571476,1.0,1.001392307792627,-1.1102230246251565e-14,0.1392307792627001,True
20261174,statistical,27,3.3,5,1,1,ideal,0,0,0,True,0.0001003042691428603,9.999999999999999e-05,1.365069917417687,1.934930082582313,2.199749998968901,0.0008315213566031847,0.6723984145432499,0.6710157651259814,-0.005294626539362557,1.0,0.0007745387918833438,1.002412368712386,0.0001192327527726003,1.0,-0.0009524074936451638,1.0,-0.001305560906385806,1.0,-0.000158125798259282,1.0,1.003042691428603,-1.1102230246251565e-14,0.3042691428602806,True
20261175,statistical,27,3.3,5,1,1,ideal,0,0,0,True,0.0001003846151819089,9.999999999999999e-05,1.37623378191429,1.92376621808571,2.19968385135597,0.0008319230867977085,0.6860768175188665,0.6850187099913988,-0.003918213962167061,1.0,0.0008562119211101943,1.003298961124323,-9.125980842765006e-05,1.0,0.003619455239583744,1.0,-0.001190910840942403,1.0,0.007537073444441255,1.0,1.003846151819089,-1.1102230246251565e-14,0.3846151819089094,True
20261176,statistical,27,3.3,5,1,1,ideal,0,0,0,True,0.0001001353752340641,9.999999999999999e-05,1.340604719865419,1.959395280134582,2.199889209055599,0.0008306768870584841,0.6516830679688465,0.6495878303716619,-0.003019726872181199,1.0,0.00179895833507976,0.9961979987217192,0.0006171867596987641,1.0,-0.004158281985516797,1.0,-0.001521458482883741,1.0,-0.0009142307033137615,1.0,1.001353752340641,-1.1102230246251565e-14,0.13537523406410568,True
20261177,statistical,27,3.3,5,1,1,ideal,0,0,0,True,0.000100354135865416,9.999999999999999e-05,1.370236173629606,1.929763826370394,2.199708938635242,0.000831770690217881,0.6768270665827026,0.6756468569502533,-0.002561884257165709,1.0,-0.001548607995601139,0.9966034728790942,0.0003248908799864425,1.0,-0.001200855071965049,1.0,-0.0008970899748535784,1.0,0.006789826948343872,1.0,1.0035413586541602,-1.1102230246251565e-14,0.3541358654159943,True
20261178,statistical,27,3.3,5,1,1,ideal,0,0,0,True,0.0001011768709017104,9.999999999999999e-05,1.302501337979189,1.997498662020811,2.199034248985499,0.0008358843653967158,0.6325556432007962,0.6339744779244506,-0.01099879534444659,1.0,0.003348037828448833,1.000097810664802,-0.000305979413365966,1.0,-0.004649784501227137,1.0,0.001077235458509824,1.0,-0.003915028527294292,1.0,1.0117687090171041,-1.1102230246251565e-14,1.1768709017103918,True
20261179,statistical,27,3.3,5,1,1,ideal,0,0,0,True,0.0001004158658032885,9.999999999999999e-05,1.452180173983588,1.847819826016412,2.199658136648774,0.0008320793399052054,0.7564200218093661,0.755758641081325,-0.01728384949745148,1.0,-0.001299223815925636,0.9968929591493216,0.00121656924806019,1.0,0.0117738125377112,1.0,0.0005138791486368199,1.0,-0.00914079102980919,1.0,1.0041586580328852,-1.1102230246251565e-14,0.41586580328849543,True
20261180,statistical,27,3.3,5,1,1,ideal,0,0,0,True,0.0001000343871061594,9.999999999999999e-05,1.36106128909627,1.93893871090373,2.199972553499428,0.0008301719464187214,0.6890159612054518,0.6867228912291649,-0.01162425220283284,1.0,-0.00237528725893175,1.00067817542289,0.002016932613240666,1.0,0.001972025658210337,1.0,-0.0003203038595518139,1.0,-0.009592964937101413,1.0,1.000343871061594,-1.1102230246251565e-14,0.034387106159394776,True
20261181,statistical,27,3.3,5,1,1,ideal,0,0,0,True,0.0001005712635429069,9.999999999999999e-05,1.35163959503365,1.94836040496635,2.199530378465354,0.0008328563286026985,0.6519013102652652,0.6513863866500702,0.00855110061568173,1.0,0.005951201779816431,0.996434783900237,0.001304227324442388,1.0,0.008867342194339628,1.0,0.0007491580805597833,1.0,0.005046257931669068,1.0,1.005712635429069,-1.1102230246251565e-14,0.5712635429068857,True
20261182,statistical,27,3.3,5,1,1,ideal,0,0,0,True,0.0001008672570417914,9.999999999999999e-05,1.384579389335222,1.915420610664778,2.199287543368702,0.0008343362960970008,0.6868392223743022,0.6875750848953871,-0.00626272264615088,1.0,-0.01004653025011467,0.9983681242395256,0.0004293983014736975,1.0,0.002673818674474408,1.0,0.001127327672131531,1.0,-0.002796018521330834,1.0,1.008672570417914,-1.1102230246251565e-14,0.8672570417914027,True
20261183,statistical,27,3.3,5,1,1,ideal,0,0,0,True,0.0001012821072413352,9.999999999999999e-05,1.362732036396306,1.937267963603695,2.198948321064182,0.0008364105470949595,0.6781599787026311,0.6801903337530032,-0.01015372340662436,1.0,9.583973193883155e-05,0.997486644300246,-0.0004873804100898733,1.0,0.001022383136079413,1.0,0.001508143631803883,1.0,0.01019847144475657,1.0,1.012821072413352,-1.1102230246251565e-14,1.2821072413351953,True
20261184,statistical,27,3.3,5,1,1,ideal,0,0,0,True,0.0001005572339479101,9.999999999999999e-05,1.375870043399275,1.924129956600725,2.199541905093955,0.0008327861806281937,0.6923908008384603,0.6919472404601775,0.002579183057443515,1.0,0.008240603729668594,1.000368433303683,0.001934052899777809,1.0,-0.006404325535371238,1.0,0.001450238918027565,1.0,-0.004025382503032518,1.0,1.005572339479101,-1.1102230246251565e-14,0.5572339479100963,True
20261185,statistical,27,3.3,5,1,1,ideal,0,0,0,True,0.0001007271688908097,9.999999999999999e-05,1.349682517304462,1.950317482695539,2.199402389123442,0.0008336358553424521,0.6644045073149794,0.664481084781624,-0.007774748356055775,1.0,-0.005252429842688215,0.9976576787395788,9.092908716374364e-05,1.0,-0.003956867406753577,1.0,0.000128524214539628,1.0,0.001924503453497477,1.0,1.007271688908097,-1.1102230246251565e-14,0.727168890809704,True
20261186,statistical,27,3.3,5,1,1,ideal,0,0,0,True,0.0001006323947645206,9.999999999999999e-05,1.391195523151337,1.908804476848663,2.199480171049954,0.0008331619847111265,0.7079779463392524,0.7078485354923495,-0.002928291864997483,1.0,-0.002805918378149947,0.9973215297560711,0.0005666549085291915,1.0,-0.003603625424562266,1.0,0.000397552687055154,1.0,-0.02287248004734816,1.0,1.0063239476452062,-1.1102230246251565e-14,0.6323947645205941,True
20261187,statistical,27,3.3,5,1,1,ideal,0,0,0,True,0.0001007363680153119,9.999999999999999e-05,1.440533286087698,1.859466713912302,2.199394842983437,0.0008336818509662815,0.7496563387362005,0.7500581699034775,-0.01447848836202413,1.0,0.004002866860591026,0.999645495832302,-0.001110434163661951,1.0,0.004218757102485413,1.0,-0.0007475151531773647,1.0,0.001047204644105439,1.0,1.0073636801531192,-1.1102230246251565e-14,0.7363680153118946,True
20261188,statistical,27,3.3,5,1,1,ideal,0,0,0,True,9.995955328559694e-05,9.999999999999999e-05,1.411175747728515,1.888824252271486,2.200034364070855,0.0008297977773162684,0.7323353153507858,0.7299527837188676,0.009433725552979125,1.0,0.001416959120643703,0.9985711685630372,0.00104415724883628,1.0,0.01396728857867408,1.0,-0.001383099922830247,1.0,-0.004820978187174266,1.0,0.9995955328559695,-1.1102230246251565e-14,-0.04044671440306402,True
20261189,statistical,27,3.3,5,1,1,ideal,0,0,0,True,0.0001009275394763555,9.999999999999999e-05,1.359536339550976,1.940463660449024,2.199238169272913,0.0008346377082706606,0.6596830004950263,0.6605113534696608,0.0003713143643125293,1.0,0.003080823506712618,0.9988923783301323,-0.0005112982899869094,1.0,-0.006047568402628122,1.0,0.000279573280281673,1.0,0.0004766831281792787,1.0,1.009275394763555,-1.1102230246251565e-14,0.92753947635551,True
20261190,statistical,27,3.3,5,1,1,ideal,0,0,0,True,0.0001003659607289577,9.999999999999999e-05,1.40172343997411,1.898276560025891,2.199699204835992,0.0008318298145328323,0.7127320414332026,0.711745774523387,0.001886042014133465,1.0,-0.002085437501183103,1.001243862760372,0.002186556683185357,1.0,0.007809221714089338,1.0,0.001158605757969861,1.0,0.01104436776465194,1.0,1.0036596072895771,-1.1102230246251565e-14,0.3659607289576927,True
20261191,statistical,27,3.3,5,1,1,ideal,0,0,0,True,0.000101325968332663,9.999999999999999e-05,1.397804031770813,1.902195968229188,2.198912532205541,0.0008366298525514787,0.7050497235727464,0.7074081414660666,0.001679400256676961,1.0,0.004231574253033031,1.00137488145962,-0.001301602332445479,1.0,-0.01194848414279382,1.0,0.001022313473132578,1.0,-0.01063621955589692,1.0,1.01325968332663,-1.1102230246251565e-14,1.3259683326630078,True
20261192,statistical,27,3.3,5,1,1,ideal,0,0,0,True,9.985929232622218e-05,9.999999999999999e-05,1.351216785903191,1.948783214096809,2.200117244899716,0.0008292964725192748,0.6816561145712443,0.6787033776356255,-0.00410957675006858,1.0,-0.0006525491417037477,1.000253642259128,0.001001967151836262,1.0,-0.004017821589738688,1.0,-0.001996245860479407,1.0,0.001772268607357786,1.0,0.9985929232622219,-1.1102230246251565e-14,-0.1407076737778179,True
20261193,statistical,27,3.3,5,1,1,ideal,0,0,0,True,0.0001003689415101085,9.999999999999999e-05,1.364072485949269,1.935927514050731,2.199696751334713,0.0008318447184390658,0.6763195410322819,0.6751691696887763,0.007490592953232218,1.0,4.007180241009069e-05,0.9992280645241114,0.001324618740991128,1.0,0.003164036388868286,1.0,0.0001325862195374079,1.0,-0.002899529179608806,1.0,1.0036894151010851,-1.1102230246251565e-14,0.3689415101084892,True
20261194,statistical,27,3.3,5,1,1,ideal,0,0,0,True,0.0001003997331467978,9.999999999999999e-05,1.358847462766917,1.941152537233083,2.199671410535403,0.0008319986766250296,0.6649703439235273,0.6639004466567999,-0.006719231815028683,1.0,0.001221130548654947,0.9991911708875294,-1.902493686202711e-05,1.0,-0.008779015714958156,1.0,-0.001130352162831507,1.0,0.005641903292242884,1.0,1.003997331467978,-1.1102230246251565e-14,0.39973314679779826,True
20261195,statistical,27,3.3,5,1,1,ideal,0,0,0,True,0.0001012407328023847,9.999999999999999e-05,1.334068767244893,1.965931232755108,2.198982094253723,0.0008362036748997277,0.6577449478421261,0.6595179504674343,-0.006690779974610744,1.0,-0.002243437738135375,1.00183500897729,-0.002242825475587269,1.0,0.009106672759130928,1.0,-0.0005049644058145844,1.0,-7.292638209583277e-05,1.0,1.012407328023847,-1.1102230246251565e-14,1.240732802384703,True
20261196,statistical,27,3.3,5,1,1,ideal,0,0,0,True,0.0001010645897690522,9.999999999999999e-05,1.328227736315346,1.971772263684655,2.199126021712269,0.0008353229597330654,0.6400905325887456,0.6412514621491293,0.001288900434048147,1.0,0.00765322615400255,1.000526151226089,-0.00102447812281627,1.0,0.006938397853330855,1.0,9.999408292322119e-05,1.0,0.002724109381710853,1.0,1.0106458976905222,-1.1102230246251565e-14,1.0645897690521933,True
20261197,statistical,27,3.3,5,1,1,ideal,0,0,0,True,0.0001004963780922487,9.999999999999999e-05,1.340801705859302,1.959198294140698,2.199591921379987,0.0008324819013510855,0.6601764854657289,0.659368246934844,0.004289252059776435,1.0,-0.005735683906182443,1.003119362755377,0.0003209904843335243,1.0,-0.01071462387646392,1.0,-0.0005279566207070729,1.0,-0.008035472439478192,1.0,1.004963780922487,-1.1102230246251565e-14,0.4963780922486949,True
20261198,statistical,27,3.3,5,1,1,ideal,0,0,0,True,0.0001001779398201243,9.999999999999999e-05,1.386568115398699,1.913431884601301,2.199854104600054,0.0008308897099903436,0.6959662731237514,0.6942203500475129,0.003131796889525477,1.0,0.002410021444312245,1.000637810936845,0.0002880659483759745,1.0,0.01250953883719481,1.0,-0.001500946649923119,1.0,-0.003876636576107581,1.0,1.001779398201243,-1.1102230246251565e-14,0.17793982012428433,True
20261199,statistical,27,3.3,5,1,1,ideal,0,0,0,True,0.0001001734895440655,9.999999999999999e-05,1.352749825380305,1.947250174619695,2.199857774237477,0.0008308674586087312,0.6715858468718733,0.6697074874333571,-0.007340783369717017,1.0,0.006046917415057747,1.003025036944292,0.0007598088443708965,1.0,-0.003234725525296704,1.0,-0.001161674748439052,1.0,0.003247906980749699,1.0,1.001734895440655,-1.1102230246251565e-14,0.173489544065486,True
20261200,statistical,27,3.3,5,1,1,ideal,0,0,0,True,0.0001004264781768995,9.999999999999999e-05,1.36142672599771,1.938573274002291,2.199649405921739,0.0008321324017732605,0.6699378926296357,0.6689590205879752,-0.00336390364457323,1.0,-0.0001397361264139453,0.998854128318602,0.0005329314387832353,1.0,0.008146461203395329,1.0,-0.000487170523654485,1.0,0.003068540634889289,1.0,1.0042647817689951,-1.1102230246251565e-14,0.42647817689949186,True
20261201,statistical,27,3.3,5,1,1,ideal,0,0,0,True,0.000100521634323595,9.999999999999999e-05,1.36300996190589,1.93699003809411,2.199571160305329,0.0008326081825066182,0.6703322044010261,0.6697230000597192,0.0005160540449301148,1.0,-0.002024986657885679,1.003217334581721,0.0006461363743324931,1.0,-0.002283555337017319,1.0,-3.586345739402395e-06,1.0,-0.006432435482327368,1.0,1.0052163432359502,-1.1102230246251565e-14,0.5216343235949994,True
20261202,statistical,27,3.3,5,1,1,ideal,0,0,0,True,9.98759692734942e-05,9.999999999999999e-05,1.351656211182849,1.948343788817152,2.200103453464406,0.0008293798572561143,0.651508369813375,0.6484995325965835,-8.393918504073038e-05,1.0,-0.00499771048538717,1.003297222859618,0.0009394946476982876,1.0,0.003393979329282069,1.0,-0.002114689111683336,1.0,-0.008193145712893821,1.0,0.9987596927349421,-1.1102230246251565e-14,-0.12403072650579716,True
20261203,statistical,27,3.3,5,1,1,ideal,0,0,0,True,0.0001016187310153462,9.999999999999999e-05,1.379203829264157,1.920796170735843,2.19867402161837,0.0008380936659652542,0.6939593842997593,0.6972120164409095,0.001170239983491556,1.0,0.002954702815963741,1.000144578465019,-0.001188477858993107,1.0,-0.005967357374306605,1.0,0.002031841633046763,1.0,-0.002546138218426609,1.0,1.016187310153462,-1.1102230246251565e-14,1.6187310153461976,True
20261204,statistical,27,3.3,5,1,1,ideal,0,0,0,True,0.0001009535263449769,9.999999999999999e-05,1.379133469621734,1.920866530378266,2.199216893368936,0.0008347676426126889,0.6923920974422711,0.6933795210194406,-0.005073001836984681,1.0,-0.003108583992064274,1.003258909304017,-0.001312546831185111,1.0,-0.00726924938013047,1.0,-0.000362412495058025,1.0,-0.00081104902466379,1.0,1.0095352634497692,-1.1102230246251565e-14,0.953526344976896,True
20261205,statistical,27,3.3,5,1,1,ideal,0,0,0,True,0.000100406517003563,9.999999999999999e-05,1.391507548833597,1.908492451166404,2.199665828560576,0.0008320325959062186,0.708382383929295,0.7074650809086203,0.0004829377642573509,1.0,-0.003584371919994419,0.9988057339227864,-0.001747532086364094,1.0,-0.00446992434501182,1.0,-0.002706216088670577,1.0,0.002525495688738678,1.0,1.00406517003563,-1.1102230246251565e-14,0.4065170035630006,True
20261206,statistical,27,3.3,5,1,1,ideal,0,0,0,True,0.0001010293902172633,9.999999999999999e-05,1.318934248132695,1.981065751867306,2.199154811694144,0.0008351469619747203,0.6414732144622137,0.6424641569962187,0.01669691736762138,1.0,-0.007776836787279319,0.995760352166537,-0.0005665122318155895,1.0,0.002864453744157647,1.0,0.0003877077586895737,1.0,0.007833383579381828,1.0,1.0102939021726332,-1.1102230246251565e-14,1.029390217263293,True
20261207,statistical,27,3.3,5,1,1,ideal,0,0,0,True,0.0001006622724457919,9.999999999999999e-05,1.374906477137585,1.925093522862415,2.199455642762147,0.000833311373119161,0.6981772543701116,0.6980821918441661,-0.005753452685413266,1.0,-0.001660868487748021,1.002966364459119,-0.001456303185119197,1.0,-9.406825783545456e-05,1.0,-0.001590834125017202,1.0,0.001656411173769945,1.0,1.0066227244579191,-1.1102230246251565e-14,0.6622724457918894,True
20261208,statistical,27,3.3,5,1,1,ideal,0,0,0,True,0.0001009567054477713,9.999999999999999e-05,1.360578629735633,1.939421370264367,2.199214290934878,0.0008347835381270202,0.6589142364890505,0.659823269560156,-0.005681968695644407,1.0,-0.003641745491815492,1.001020218092305,-0.001509361355326628,1.0,0.004849306896380684,1.0,-0.0006375906730964573,1.0,0.003231303966391498,1.0,1.009567054477713,-1.1102230246251565e-14,0.9567054477712889,True
20261209,statistical,27,3.3,5,1,1,ideal,0,0,0,True,0.0001006811844665058,9.999999999999999e-05,1.38447036926555,1.91552963073445,2.199440120341918,0.0008334059332206927,0.6894500829770542,0.6894827104326978,0.003000755048100796,1.0,0.0007136027388158919,0.9999470250152828,-0.0002367026219285326,1.0,-0.007347783548200647,1.0,-0.0002434000767385302,1.0,-0.006897318034597087,1.0,1.006811844665058,-1.1102230246251565e-14,0.681184466505802,True
20261210,statistical,27,3.3,5,1,1,ideal,0,0,0,True,0.0001004089681126742,9.999999999999999e-05,1.324636440237695,1.975363559762305,2.199663811796604,0.0008320448514516547,0.6405776659385612,0.6393992939496099,0.002034779504637518,1.0,-0.009451394566318667,1.003711154006412,0.0007817305412177563,1.0,-0.007689746001658156,1.0,-0.0004380031711625616,1.0,-0.01661824561968438,1.0,1.0040896811267421,-1.1102230246251565e-14,0.40896811267419064,True
20261211,statistical,27,3.3,5,1,1,ideal,0,0,0,True,0.0001002890543683001,9.999999999999999e-05,1.402518339776546,1.897481660223454,2.199762530654522,0.0008314452827313423,0.7132617424597145,0.711948828506085,0.004205663076604869,1.0,-0.0005134460660084589,1.000666553354012,0.0004865023018554347,1.0,0.00341859291826125,1.0,-0.0008686698964250337,1.0,0.005977073595298313,1.0,1.0028905436830011,-1.1102230246251565e-14,0.2890543683000901,True
20261212,statistical,27,3.3,5,1,1,ideal,0,0,0,True,0.0001005468068806471,9.999999999999999e-05,1.423023218982425,1.876976781017575,2.199550472886457,0.000832734045291999,0.7171138326643923,0.7167962712884234,0.001240970948386282,1.0,-5.126434853073744e-05,0.9956501808722468,0.0009997616883542547,1.0,-0.008324726511330888,1.0,0.0006418723310141118,1.0,0.01632016586136259,1.0,1.0054680688064712,-1.1102230246251565e-14,0.5468068806470994,True
20261213,statistical,27,3.3,5,1,1,ideal,0,0,0,True,0.0001007833868262721,9.999999999999999e-05,1.382714310221171,1.917285689778829,2.199356283056126,0.000833916945020004,0.7104296772732935,0.710783758327402,0.00497509836374557,1.0,0.001747645881670023,1.003083711442288,0.0002357937409127951,1.0,0.001028874096898901,1.0,0.0005513118688163977,1.0,0.009884542505211773,1.0,1.007833868262721,-1.1102230246251565e-14,0.7833868262721033,True
20261214,statistical,27,3.3,5,1,1,ideal,0,0,0,True,0.000100333109150096,9.999999999999999e-05,1.349301045180685,1.950698954819316,2.199726249726718,0.0008316655566386439,0.6644743947283573,0.6631072761326972,-0.01418515863365831,1.0,0.001024754280206638,1.000199615045394,0.000134744438531671,1.0,-0.002403703669329505,1.0,-0.001274303079056845,1.0,-0.01032108430927423,1.0,1.0033310915009601,-1.1102230246251565e-14,0.3331091500959893,True
20261215,statistical,27,3.3,5,1,1,ideal,0,0,0,True,0.0001006433462774793,9.999999999999999e-05,1.428999637855958,1.871000362144042,2.199471179536264,0.00083321674227592,0.7527108153674958,0.7527787196963805,0.0007402490571904768,1.0,-0.002843033545293601,0.9996254922367788,-0.0001112240965445407,1.0,-0.001383908266831148,1.0,-8.293068045898509e-05,1.0,0.007139036986131719,1.0,1.006433462774793,-1.1102230246251565e-14,0.6433462774792842,True
20261216,statistical,27,3.3,5,1,1,ideal,0,0,0,True,0.00010014726195282,9.999999999999999e-05,1.373204607485934,1.926795392514066,2.199879404265607,0.000830736320652144,0.6750616433661968,0.6731486865117303,0.006400189467088759,1.0,0.0001440087740249597,0.9954627548431771,0.001829012596412919,1.0,0.003919701617140831,1.0,-0.0001272625857882975,1.0,0.001201902581183573,1.0,1.0014726195282002,-1.1102230246251565e-14,0.1472619528199992,True
20261217,statistical,27,3.3,5,1,1,ideal,0,0,0,True,0.0001008825505019074,9.999999999999999e-05,1.387350000713078,1.912649999286922,2.199275014696718,0.0008344127633974613,0.6944442744767736,0.6951716134966123,0.00365602971745083,1.0,-0.0001001166757444521,1.000872710261898,-0.000394528093140088,1.0,-0.00315919641533911,1.0,0.0002949925343469363,1.0,-0.007868177294612602,1.0,1.0088255050190742,-1.1102230246251565e-14,0.8825505019073976,True
20261218,statistical,27,3.3,5,1,1,ideal,0,0,0,True,0.0001009561363987678,9.999999999999999e-05,1.363189398961343,1.936810601038657,2.199214756756375,0.000834780692881883,0.6753452416269892,0.6762428241189623,0.0006159844986691269,1.0,0.0001673471449573051,1.000849892296649,-0.0004776661982376181,1.0,-0.009554173805208864,1.0,0.0003826473915136296,1.0,0.005347857091959032,1.0,1.0095613639876782,-1.1102230246251565e-14,0.9561363987677929,True
20261219,statistical,27,3.3,5,1,1,ideal,0,0,0,True,0.000100598814827947,9.999999999999999e-05,1.398666025687816,1.901333974312185,2.199507746893683,0.0008329940850281387,0.7152607981335886,0.7150291049094849,0.001821967098235247,1.0,0.001351866067246845,0.9990681872232536,0.0005534084489646613,1.0,-0.000716458722259502,1.0,0.0002817732708270536,1.0,0.006209527969724526,1.0,1.0059881482794701,-1.1102230246251565e-14,0.5988148279469918,True
20261220,statistical,27,3.3,5,1,1,ideal,0,0,0,True,0.0001006646125003775,9.999999999999999e-05,1.355976706598094,1.944023293401906,2.199453721966957,0.0008333230733911304,0.6757570272559892,0.675587521618547,-0.003673259633650637,1.0,0.0009300715412443839,0.9987249020258012,0.0003511728079038945,1.0,0.01081202634072585,1.0,0.0001422169583455283,1.0,-0.01155805598665135,1.0,1.006646125003775,-1.1102230246251565e-14,0.6646125003774817,True
20261221,statistical,27,3.3,5,1,1,ideal,0,0,0,True,0.0001008378048445237,9.999999999999999e-05,1.376632165519534,1.923367834480466,2.199311676153458,0.0008341890351105426,0.6729677078475268,0.6735404435996165,0.003885724980071608,1.0,0.00327108111827998,0.9981210734112784,-0.0004372078674347349,1.0,0.009411251658220269,1.0,9.737600162660166e-05,1.0,-0.003140721474455758,1.0,1.0083780484452372,-1.1102230246251565e-14,0.837804844523693,True
20261222,statistical,27,3.3,5,1,1,ideal,0,0,0,True,0.0001012803379564743,9.999999999999999e-05,1.413071177376605,1.886928822623395,2.198949765033611,0.000836401700671015,0.7218175779024714,0.7240867441911609,0.00181672374301487,1.0,-0.004430129419736251,1.002070449055133,-0.001718921594785856,1.0,-0.003422997720348917,1.0,0.0005154006932806445,1.0,0.005700536746259812,1.0,1.012803379564743,-1.1102230246251565e-14,1.2803379564742867,True
20261223,statistical,27,3.3,5,1,1,ideal,0,0,0,True,0.0001012224386328099,9.999999999999999e-05,1.353735717160535,1.946264282839465,2.198997031577536,0.0008361122040523334,0.6649903893158138,0.6668459391729372,-0.00155849958166037,1.0,0.005413626765123818,1.001751715524052,-0.0006166609788315682,1.0,0.0001416679920435809,1.0,0.001203611876438423,1.0,-0.01824272362292717,1.0,1.012224386328099,-1.1102230246251565e-14,1.2224386328098857,True
20261224,statistical,27,3.3,5,1,1,ideal,0,0,0,True,0.0001003741492650291,9.999999999999999e-05,1.354439441354767,1.945560558645234,2.199692464960974,0.0008318707572142684,0.6811344192604266,0.6799733652916987,0.002460465150256007,1.0,-0.0004889004059434203,0.998841294855218,-7.223630840218646e-05,1.0,-0.005505250729059909,1.0,-0.001274914407578549,1.0,-0.008265934032818936,1.0,1.003741492650291,-1.1102230246251565e-14,0.37414926502910006,True
20261225,statistical,27,3.3,5,1,1,ideal,0,0,0,True,0.0001012697953443577,9.999999999999999e-05,1.373787501038839,1.926212498961161,2.198958369684261,0.0008363489876105517,0.683658894271264,0.6857059298067547,-0.005034891557612298,1.0,-0.002697851258910076,0.9956679611270471,-0.0005085224473647946,1.0,0.002086693719887752,1.0,0.001503590715371728,1.0,0.004590842099171951,1.0,1.0126979534435772,-1.1102230246251565e-14,1.2697953443576937,True
20261226,statistical,27,3.3,5,1,1,ideal,0,0,0,True,0.0001006661490223272,9.999999999999999e-05,1.398389015756291,1.901610984243709,2.199452460761073,0.0008333307560008786,0.7082974328497503,0.7083353599894167,-0.002178269110152419,1.0,0.002116087477573398,0.9970987619348511,-0.0003557213374551355,1.0,-0.01209597533550409,1.0,-0.0003572323210955589,1.0,0.003907775852311684,1.0,1.006661490223272,-1.1102230246251565e-14,0.6661490223272004,True
20261227,statistical,27,3.3,5,1,1,ideal,0,0,0,True,0.0001004701601246473,9.999999999999999e-05,1.404536659213154,1.895463340786846,2.199613478203412,0.0008323508115115202,0.7114068986715781,0.7107570801190933,-0.001766633742102531,1.0,0.001787317751002925,0.9996319496036684,0.0009339736051049513,1.0,0.001040194091322585,1.0,0.0002432516711483215,1.0,-0.001899445786543477,1.0,1.0047016012464731,-1.1102230246251565e-14,0.47016012464728973,True
20261228,statistical,27,3.3,5,1,1,ideal,0,0,0,True,0.0001004302596606656,9.999999999999999e-05,1.375021348885884,1.924978651114116,2.199646295130297,0.0008321513091937693,0.6963901397590139,0.6954997272895426,0.00615073819774506,1.0,0.00608122097851569,1.002627425431652,0.0006249766636596481,1.0,0.0129664610408403,1.0,-0.0003066395030442393,1.0,0.00684654644050446,1.0,1.004302596606656,-1.1102230246251565e-14,0.4302596606655884,True
20261229,statistical,27,3.3,5,1,1,ideal,0,0,0,True,0.0001007320232160182,9.999999999999999e-05,1.357426384353984,1.942573615646016,2.199398406988176,0.0008336601269683746,0.6722660059981864,0.6723434137871878,-0.01429795939382212,1.0,-0.0008523409525586997,0.9990050968636536,-0.001105231694710526,1.0,-0.007523245735902502,1.0,-0.001066769090707226,1.0,0.006730416902101809,1.0,1.0073202321601822,-1.1102230246251565e-14,0.7320232160181961,True
20261230,statistical,27,3.3,5,1,1,ideal,0,0,0,True,0.0001001457090811932,9.999999999999999e-05,1.358716643613612,1.941283356386389,2.199880685093626,0.000830728556296527,0.6734792292607154,0.6715105190345525,-0.003822782274706876,1.0,0.0007555919762073085,1.000957455860352,0.0007824869855768013,1.0,-0.0005633986861068882,1.0,-0.001229554420085575,1.0,0.0003686565351922927,1.0,1.001457090811932,-1.1102230246251565e-14,0.14570908119320158,True
20261231,statistical,27,3.3,5,1,1,ideal,0,0,0,True,0.0001006135658243003,9.999999999999999e-05,1.33132464716809,1.96867535283191,2.199495632311101,0.0008330678400095455,0.6368750498541607,0.6364514663187064,0.00429320320958383,1.0,-0.002155392448478019,0.999091283696644,0.0001976890029217284,1.0,0.004151954001524918,1.0,-0.0002657247940120981,1.0,0.001329456334147484,1.0,1.0061356582430032,-1.1102230246251565e-14,0.6135658243002995,True
20261232,statistical,27,3.3,5,1,1,ideal,0,0,0,True,0.0001009926624823833,9.999999999999999e-05,1.334516558721857,1.965483441278144,2.19918486162998,0.0008349633233000803,0.6465292309794132,0.64743079992524,-0.000351334545405032,1.0,-0.005316486609744321,0.9977899776649998,1.321252104044062e-05,1.0,0.00447472461654317,1.0,0.0008777861568305577,1.0,0.002696653655774712,1.0,1.009926624823833,-1.1102230246251565e-14,0.9926624823832997,True
20261233,statistical,27,3.3,5,1,1,ideal,0,0,0,True,0.0001008314080657903,9.999999999999999e-05,1.357956023837339,1.942043976162662,2.199316918473717,0.0008341570512178346,0.6682434319646599,0.6687015379984707,0.004015522463578692,1.0,-0.00595104214403634,1.002422554617084,0.001461222588935646,1.0,0.001004130040634924,1.0,0.001881127056026618,1.0,0.0003794396793307789,1.0,1.0083140806579032,-1.1102230246251565e-14,0.8314080657902956,True
20261234,statistical,27,3.3,5,1,1,ideal,0,0,0,True,0.0001010828407172716,9.999999999999999e-05,1.39942872276687,1.90057127723313,2.199111097828601,0.0008354142144742822,0.6899529108982456,0.6914921264507238,0.004349740139093834,1.0,-0.002420566739204362,1.000251120088863,-0.001492719770787018,1.0,-0.01200939764419062,1.0,1.017745065662093e-05,1.0,-0.001247036887669766,1.0,1.010828407172716,-1.1102230246251565e-14,1.0828407172716048,True
20261235,statistical,27,3.3,5,1,1,ideal,0,0,0,True,0.0001007147868456605,9.999999999999999e-05,1.325972153468432,1.974027846531568,2.199412547268598,0.000833573945116826,0.6587160507699987,0.6586215618250184,-0.006558682611157867,1.0,0.002810954329070362,0.999946791619292,-0.000327237315197721,1.0,-0.002971420338304831,1.0,-0.0004608030840115678,1.0,-0.006631040917680737,1.0,1.007147868456605,-1.1102230246251565e-14,0.7147868456604867,True
20261236,statistical,27,3.3,5,1,1,ideal,0,0,0,True,0.00010117590576613,9.999999999999999e-05,1.348318134387395,1.951681865612605,2.199035037429366,0.0008358795397185743,0.6603473861318518,0.6619728625100114,0.001653323210354552,1.0,-0.0001661734037204007,1.000306821300006,-0.001741253849766507,1.0,-0.009711844038980181,1.0,-0.0001514023740259059,1.0,0.0008820448909123015,1.0,1.0117590576613003,-1.1102230246251565e-14,1.1759057661300032,True
20261237,statistical,27,3.3,5,1,1,ideal,0,0,0,True,0.0001014680928760149,9.999999999999999e-05,1.298559811804539,2.001440188195462,2.198796664207046,0.0008373404752701563,0.6173756077179638,0.619816448578978,-0.00711128478809776,1.0,-0.002585248880106538,0.9989999094208828,-0.001565266296126697,1.0,-0.003938411866182438,1.0,0.0008421347380251498,1.0,0.005142564148393297,1.0,1.014680928760149,-1.1102230246251565e-14,1.4680928760149037,True
20261238,statistical,27,3.3,5,1,1,ideal,0,0,0,True,0.0001006879097128212,9.999999999999999e-05,1.386840425227551,1.913159574772449,2.199434601121125,0.0008334395594537082,0.6892921560526897,0.6893622546112534,-0.004916223624726162,1.0,-0.002723186257642049,1.002425943905969,0.0003230730293337537,1.0,0.002604740650915676,1.0,0.0003538975323619421,1.0,0.01072328274933363,1.0,1.006879097128212,-1.1102230246251565e-14,0.6879097128211775,True
20261239,statistical,27,3.3,5,1,1,ideal,0,0,0,True,0.0001005493609731757,9.999999999999999e-05,1.383531148624735,1.916468851375265,2.199548374142975,0.0008327468157544021,0.6829736823855787,0.6825301626977103,-0.006705305437809801,1.0,0.005419588915252584,1.000769524430738,-0.0003925013980651617,1.0,0.00970451389231826,1.0,-0.0008763310373632443,1.0,-0.007926281813202377,1.0,1.005493609731757,-1.1102230246251565e-14,0.5493609731756832,True
20261240,statistical,27,3.3,5,1,1,ideal,0,0,0,True,0.00010039305279275,9.999999999999999e-05,1.407875140914514,1.892124859085486,2.199676907691018,0.0008319652748523935,0.7171868762298361,0.7163064049894072,0.0002268703342821384,1.0,-0.0004021044432349972,0.9976342502531191,0.001005230330735912,1.0,-0.0007805556378533957,1.0,8.327810285634738e-05,1.0,-0.002253932141797703,1.0,1.0039305279275001,-1.1102230246251565e-14,0.3930527927499927,True
20261241,statistical,27,3.3,5,1,1,ideal,0,0,0,True,0.0001009926640679061,9.999999999999999e-05,1.361242218130486,1.938757781869515,2.199184860332493,0.0008349633312284136,0.6614975359186324,0.6625563127890413,0.006722696961942956,1.0,0.0007500626552912074,1.000544982423135,-0.0008292080471211978,1.0,0.000311545601628579,1.0,0.0001925745379453182,1.0,-0.004178490282339833,1.0,1.0099266406790612,-1.1102230246251565e-14,0.9926640679061016,True
20261242,statistical,27,3.3,5,1,1,ideal,0,0,0,True,9.977524653166716e-05,9.999999999999999e-05,1.343997127174601,1.956002872825399,2.200186781706233,0.0008288762435467395,0.6621988876335922,0.658865290821051,-0.009727996462171276,1.0,-0.001241526483092295,0.9974293772508471,0.001833649966296471,1.0,-0.002993597457158683,1.0,-0.001546049344182416,1.0,-0.009992318061993485,1.0,0.9977524653166717,-1.1102230246251565e-14,-0.22475346833283893,True
20261243,statistical,27,3.3,5,1,1,ideal,0,0,0,True,0.0001009561476192679,9.999999999999999e-05,1.355642407421722,1.944357592578278,2.199214747571323,0.0008347807489851027,0.6726350317354322,0.6735151981123945,-0.003062231397893182,1.0,-0.002660327702330857,1.000210659213306,-0.000452773946863993,1.0,-0.006496030211703153,1.0,0.0003901228883138441,1.0,2.188957287992591e-05,1.0,1.009561476192679,-1.1102230246251565e-14,0.9561476192678997,True
20261244,statistical,27,3.3,5,1,1,ideal,0,0,0,True,0.0001010546380484491,9.999999999999999e-05,1.323058423373767,1.976941576626234,2.199134160345884,0.0008352732011307689,0.6302284981425403,0.6313478711101028,-0.0151344826863274,1.0,0.002534361520202045,1.001126586148536,-0.001402797764968935,1.0,0.005280059678176214,1.0,-0.0003199562664081058,1.0,0.002544011396272459,1.0,1.0105463804844912,-1.1102230246251565e-14,1.054638048449097,True
20261245,statistical,27,3.3,5,1,1,ideal,0,0,0,True,0.0001006208151119593,9.999999999999999e-05,1.277378164646717,2.022621835353283,2.199489679284274,0.0008331040864477208,0.5986108733047554,0.5980047345708632,0.006179293479043859,1.0,0.001244005227771128,1.00125913349955,0.0004453833120906125,1.0,-0.01575869988455141,1.0,-0.0002005332556629035,1.0,-0.003034705515959068,1.0,1.006208151119593,-1.1102230246251565e-14,0.6208151119593053,True
20261246,statistical,27,3.3,5,1,1,ideal,0,0,0,True,9.953156767111074e-05,9.999999999999999e-05,1.410688221795411,1.889311778204589,2.200388705378186,0.0008276578492439574,0.7146612743304598,0.7106722562708159,-0.00425602516979869,1.0,0.002183623757436747,1.002265703944981,0.001192155462940194,1.0,0.004980606829045275,1.0,-0.002844786568278271,1.0,0.01659308478686873,1.0,0.9953156767111075,-1.1102230246251565e-14,-0.4684323288892678,True
20261247,statistical,27,3.3,5,1,1,ideal,0,0,0,True,0.0001003420979971316,9.999999999999999e-05,1.373240242624125,1.926759757375875,2.199718848878895,0.000831710500874661,0.6859106604998325,0.6846827895311401,-0.01066233957720718,1.0,0.002059191819257726,1.00412961310307,0.0001425330114299838,1.0,-0.001557424286550577,1.0,-0.001127199608874951,1.0,0.0005537161778854751,1.0,1.003420979971316,-1.1102230246251565e-14,0.3420979971316074,True
20261248,statistical,27,3.3,5,1,1,ideal,0,0,0,True,0.0001006244688152193,9.999999999999999e-05,1.392690624242515,1.907309375757485,2.199486679060275,0.0008331223549646198,0.6980314416085792,0.6978983188075047,0.00647505529894968,1.0,0.004238807082653982,0.9982152190843924,-0.0004592256844462247,1.0,0.000568362835327328,1.0,-0.0006320974907219468,1.0,-0.00384227570876721,1.0,1.0062446881521931,-1.1102230246251565e-14,0.6244688152192923,True
20261249,statistical,27,3.3,5,1,1,ideal,0,0,0,True,9.994196538283609e-05,9.999999999999999e-05,1.356910579491032,1.943089420508968,2.20004889747908,0.0008297098378023443,0.667680160069931,0.6649578898428281,-0.01071068641322776,1.0,0.001850319101689174,0.9989157395476872,0.001640135660858274,1.0,0.0002348933036590689,1.0,-0.001126988979969711,1.0,0.005318790560323144,1.0,0.999419653828361,-1.1102230246251565e-14,-0.05803461716391567,True
20261250,statistical,27,3.3,5,1,1,ideal,0,0,0,True,0.0001012197953175188,9.999999999999999e-05,1.293145576917669,2.006854423082332,2.19899919007342,0.0008360989874753983,0.6187862533597361,0.620320297461825,0.009115892972695988,1.0,0.0145998828037561,1.003970985175607,-0.001086566631120851,1.0,-0.008088987023514186,1.0,0.0004121792027682073,1.0,0.005251937763170745,1.0,1.0121979531751881,-1.1102230246251565e-14,1.2197953175187903,True
20261251,statistical,27,3.3,5,1,1,ideal,0,0,0,True,0.0001012543939990564,9.999999999999999e-05,1.370613509877225,1.929386490122776,2.198970941438998,0.0008362719808836854,0.6762241011073312,0.6782355367221004,-0.006963760178067688,1.0,-0.007842074525421896,0.9991242195211731,-0.002238198650846259,1.0,-0.004654779404566769,1.0,-0.0002618001488212107,1.0,0.007266218153357516,1.0,1.0125439399905642,-1.1102230246251565e-14,1.2543939990564024,True
20261252,statistical,27,3.3,5,1,1,ideal,0,0,0,True,0.0001004893105342076,9.999999999999999e-05,1.397108365712184,1.902891634287816,2.199597731916814,0.000832446563560161,0.703485524987899,0.7028950074730123,-0.003048121050548377,1.0,0.001638633767646221,1.000898711216347,-0.0001861850315541432,1.0,0.0073721797697512,1.0,-0.0008174629007374819,1.0,-0.006052851149109161,1.0,1.004893105342076,-1.1102230246251565e-14,0.48931053420759874,True
20261253,statistical,27,3.3,5,1,1,ideal,0,0,0,True,0.0001009341381462327,9.999999999999999e-05,1.392934608969119,1.907065391030881,2.199232766339268,0.0008346707016202862,0.7043520250972477,0.7053119453380029,-0.001639455098077394,1.0,-0.001746736398259245,1.001609441597515,-0.001032631765790744,1.0,0.003539730239938846,1.0,-0.000110145063478807,1.0,0.001148890581520729,1.0,1.009341381462327,-1.1102230246251565e-14,0.9341381462326881,True
20261254,statistical,27,3.3,5,1,1,ideal,0,0,0,True,9.994495085049585e-05,9.999999999999999e-05,1.418712537868258,1.881287462131742,2.200046430328888,0.0008297247651406431,0.7377274211612004,0.7353188238296924,0.003352629542160342,1.0,-0.005483883901798318,0.997232163482124,0.00120327778666908,1.0,0.006449592605143713,1.0,-0.001250154163440241,1.0,-0.001170466144969645,1.0,0.9994495085049586,-1.1102230246251565e-14,-0.05504914950414941,True
20261255,statistical,27,3.3,5,1,1,ideal,0,0,0,True,0.0001001004969065668,9.999999999999999e-05,1.382545252057958,1.917454747942043,2.199917984844034,0.0008305024954225561,0.6907638211559408,0.6887062055815101,-0.005196422417402158,1.0,0.004376165467325426,0.999611823538724,0.0006037256868616423,1.0,0.001909114409320686,1.0,-0.001497558274776654,1.0,0.002126350926734542,1.0,1.0010049690656682,-1.1102230246251565e-14,0.10049690656679378,True
20261256,statistical,27,3.3,5,1,1,ideal,0,0,0,True,0.0001009761898489926,9.999999999999999e-05,1.359539740386395,1.940460259613605,2.199198342559137,0.000834880960133007,0.6751677828122907,0.6761440605646033,0.008640088928071743,1.0,-0.006598751101842149,1.00116683278412,-0.001091031629412936,1.0,0.008023164813667594,1.0,-0.0001518733459065404,1.0,0.003610216613524622,1.0,1.0097618984899261,-1.1102230246251565e-14,0.9761898489925924,True
20261257,statistical,27,3.3,5,1,1,ideal,0,0,0,True,0.0001003661209100527,9.999999999999999e-05,1.396039294483378,1.903960705516622,2.199699072988103,0.0008318306154385473,0.6969436476947046,0.6958772603885481,-0.009710288051702726,1.0,0.003984489056691247,0.9946824109961302,0.0005436838928443167,1.0,0.008253110297689763,1.0,-0.0005643839517324991,1.0,0.007229419702050133,1.0,1.003661209100527,-1.1102230246251565e-14,0.366120910052703,True
20261258,statistical,27,3.3,5,1,1,ideal,0,0,0,True,0.0001003220851803056,9.999999999999999e-05,1.407339612437378,1.892660387562622,2.199735327016143,0.0008316104367895722,0.729302570690526,0.7281594850407824,-0.00747438367971257,1.0,-0.0006903221847945825,1.003306306643692,0.0006192062381737701,1.0,0.002285147555591297,1.0,-0.0005658928312493008,1.0,-0.01359909441502321,1.0,1.003220851803056,-1.1102230246251565e-14,0.32208518030560906,True
20261259,statistical,27,3.3,5,1,1,ideal,0,0,0,True,0.0001005360352650477,9.999999999999999e-05,1.381554170735368,1.918445829264632,2.199559324666385,0.0008326801872132823,0.6892454844866539,0.688747869030592,0.009132325683008553,1.0,-0.003304249546582609,0.9995871207257846,-0.0003510373372720472,1.0,0.003599722978698284,1.0,-0.0008890636054410972,1.0,-0.002022389006231846,1.0,1.005360352650477,-1.1102230246251565e-14,0.5360352650477074,True
