seed,library,temperature_c,logic_v,led_supply_v,local_mismatch,global_variation,reference,calibration_error,tc_ppm,line_ppm_v,pwm_on,iout,iref,bias,headroom,led_k,power_w,out_vth,ref_vth,x0_dvth,x0_mulu0,x1_dvth,x1_mulu0,x2_dvth,x2_mulu0,x3_dvth,x3_mulu0,x4_dvth,x4_mulu0,x5_dvth,x5_mulu0,mirror_ratio,reference_error_pct,absolute_error_pct,absolute_current_budget_pass
20261004,statistical,27,3.3,5,1,1,bounded,0,0,0,True,0.0001002675495634299,9.999903415368215e-05,1.40965846317854,1.89034153682146,2.199780246184824,0.0008313345714125503,0.7309645810308147,0.729648645326491,0.001046153961375969,1.0,-0.004630799815881151,1.004992445791786,-1.53959231950508e-05,1.0,-0.01581789904111882,1.0,-0.001373745219305774,1.0,0.006311388049938009,1.0,1.0026851800321899,-0.000965846317857455,0.2675495634298919,True
20261005,statistical,27,3.3,5,1,1,bounded,0,0,0,True,0.0001002311726186846,9.999898697747903e-05,1.410130225209649,1.889869774790351,2.199810221421742,0.0008311525310070996,0.7237328425917311,0.7222746562911491,-0.001194297789983824,1.0,-0.001784744772358926,1.0022882045463,-0.0003101495699324079,1.0,0.007947541031251679,1.0,-0.00181102007548784,1.0,0.01120865266388922,1.0,1.0023218799332223,-0.001013022520968132,0.23117261868459416,True
20261006,statistical,27,3.3,5,1,1,bounded,0,0,0,True,0.0001001533080823193,0.0001000009293460903,1.390706539096396,1.909293460903604,2.199874417519917,0.0008307696181421303,0.6964026340259508,0.6945566708658125,-0.006435223577713423,1.0,0.002975072317145065,0.9981407293771591,0.0008290340183386713,1.0,-0.01008804156693812,1.0,-0.001060209611480312,1.0,0.00154027814237954,1.0,1.0015237732011635,0.0009293460902837225,0.15330808231930337,True
20261007,statistical,27,3.3,5,1,1,bounded,0,0,0,True,0.0001007777021092728,0.0001000048164977134,1.351835022866269,1.948164977133731,2.199360944170317,0.0008339044158772995,0.659603750687719,0.6598317682880634,-0.005070796019266256,1.0,-0.002106722297619184,1.001959853638134,-0.0008875657603872422,1.0,-0.006869724827201704,1.0,-0.0006981893002435031,1.0,0.006407553167060417,1.0,1.007728483873345,0.004816497713400203,0.7777021092727932,True
20261008,statistical,27,3.3,5,1,1,bounded,0,0,0,True,0.0001010906113088729,0.0001000030819272647,1.369180727353121,1.93081927264688,2.199104744548146,0.000835463237793355,0.6783264556323156,0.679745150207812,0.001630443052937254,1.0,-0.00156656300659728,0.9972160312216448,-0.0007249403005544564,1.0,-0.004689265679160766,1.0,0.0006574670017106828,1.0,0.008610971669988254,1.0,1.010874958657766,0.003081927264680928,1.0906113088728908,True
20261009,statistical,27,3.3,5,1,1,bounded,0,0,0,True,0.0001009020191051881,0.0001000017340149331,1.382659850668474,1.917340149331527,2.199259068253777,0.0008345158286632588,0.6968589877115897,0.6976270631823468,0.002516881193624792,1.0,0.0001901628950526394,1.001544466019209,-0.000874022016092884,1.0,0.0004618424795895425,1.0,-0.0001436341827660066,1.0,0.00512034833772672,1.0,1.009002694794478,0.0017340149330857813,0.902019105188101,True
20261010,statistical,27,3.3,5,1,1,bounded,0,0,0,True,0.0001004289410649085,9.999559038841895e-05,1.444096115810442,1.855903884189559,2.199647379844507,0.0008321301644956217,0.7489520808392327,0.7483267391833992,-0.003434901988720441,1.0,0.0007661873314902594,0.9981019634423318,0.0007403376663807574,1.0,-0.002381895869768787,1.0,7.381922224336018e-05,1.0,0.001520223981219947,1.0,1.0043336978641384,-0.004409611581057682,0.4289410649084946,True
20261011,statistical,27,3.3,5,1,1,bounded,0,0,0,True,0.0001012469810534745,9.999883122199785e-05,1.411687780021515,1.888312219978485,2.198976993091478,0.0008362310591883142,0.6983221925648372,0.7005489180730714,-0.003008495906670696,1.0,-0.001008770206337383,1.00157618366733,-0.0001183119454681217,1.0,0.002332208460633616,1.0,0.002073332274911539,1.0,0.003094441109064082,1.0,1.0124816441974782,-0.0011687780021585326,1.246981053474494,True
20261012,statistical,27,3.3,5,1,1,bounded,0,0,0,True,0.0001006332963221047,0.0001000000974465191,1.399025534808501,1.900974465191499,2.199479430809988,0.0008331668140720656,0.711991303624984,0.7118849557122074,0.001849198446084494,1.0,0.002853962224960144,0.9993557429291188,-0.0004133374562644369,1.0,-0.001086179083581227,1.0,-0.0005593699257810559,1.0,0.004801187605043172,1.0,1.0063319825855594,9.744651909837643e-05,0.6332963221046928,True
20261013,statistical,27,3.3,5,1,1,bounded,0,0,0,True,0.0001002857017477544,0.0001000035043226977,1.36495677302281,1.93504322697719,2.199765292288591,0.0008314400838921547,0.6732263451329146,0.6717545281398575,0.004725564764883314,1.0,-0.007320956539742998,1.003277569536022,0.0004382192045512528,1.0,0.01128908682442807,1.0,-0.0010759086455764,1.0,0.006508410096259834,1.0,1.002821875362948,0.0035043226976894104,0.2857017477543966,True
20261014,statistical,27,3.3,5,1,1,bounded,0,0,0,True,0.0001010459507301177,0.0001000044855195815,1.355144804185089,1.944855195814911,2.199141265551544,0.0008352445667535629,0.669664847576619,0.670838780565936,-0.004486331799007226,1.0,-0.001102203540588043,1.000919085067149,-0.001006616617639299,1.0,-0.001934182414095883,1.0,0.0001306836499267913,1.0,-0.005069604144896884,1.0,1.0104141849750556,0.004485519581498565,1.045950730117684,True
20261015,statistical,27,3.3,5,1,1,bounded,0,0,0,True,0.0001010241836833571,0.0001000007377031607,1.392622968393052,1.907377031606948,2.199159070957399,0.0008351233637261504,0.7087678944530513,0.7100247718882022,0.009063794229578386,1.0,-0.01182162378878515,1.000948557896234,-0.0007463586107987971,1.0,0.004827094256219122,1.0,0.0004737521995344676,1.0,-0.0004908667633716849,1.0,1.0102343843025874,0.0007377031606914386,1.024183683357105,True
20261016,statistical,27,3.3,5,1,1,bounded,0,0,0,True,0.000100464681696021,0.0001000008557276753,1.391442723246534,1.908557276753466,2.199617983320524,0.0008323262432697148,0.7039983228072961,0.7032844186829798,-0.00307984189768605,1.0,5.692071607380003e-06,1.000140733457034,-0.001304288995970478,1.0,0.002886799807956598,1.0,-0.002059144975916645,1.0,-0.006562060122435335,1.0,1.004638219992925,0.0008557276752974019,0.4646816960209854,True
20261017,statistical,27,3.3,5,1,1,bounded,0,0,0,True,0.0001001261856296977,0.0001000081950877789,1.318049122210994,1.981950877789007,2.199896789873309,0.0008306579828267894,0.6407538853338475,0.6385500474803725,-0.01108855128676523,1.0,0.007447732958231475,0.9954897064839192,0.001189273507936916,1.0,0.007592083436296249,1.0,-0.001058107413686263,1.0,-0.001798360093389834,1.0,1.0011798087328267,0.008195087778894994,0.12618562969768377,True
20261018,statistical,27,3.3,5,1,1,bounded,0,0,0,True,0.0001003859575320688,9.999936939495716e-05,1.406306050428423,1.893693949571577,2.199682746642877,0.0008319277175519663,0.7219335637633248,0.7209937790727885,0.00348544704170357,1.0,0.003083455036630999,0.9979915469187551,0.0002195963749878131,1.0,-0.004548899903716264,1.0,-0.000761717512650421,1.0,-0.01420484354471104,1.0,1.003865905749713,-0.0006306050428506182,0.38595753206878136,True
20261019,statistical,27,3.3,5,1,1,bounded,0,0,0,True,0.0001004954002210602,0.0001000000422342524,1.39957765747554,1.90042234252446,2.199592725306152,0.0008324771513670407,0.6960632094216728,0.6954745394201317,-0.004010734274751059,1.0,-0.00300518862273347,1.001805434796835,0.001485581727591925,1.0,0.005629609311127493,1.0,0.0008561984044134468,1.0,-0.001865549925359711,1.0,1.0049535777759715,4.223425238425449e-05,0.49540022106018267,True
20261020,statistical,27,3.3,5,1,1,bounded,0,0,0,True,0.0001012778849825081,0.000100000057008598,1.399429914020315,1.900570085979685,2.198951767022549,0.0008363896239299898,0.7000379488742372,0.7022690921629626,-0.001100926348447443,1.0,-0.001418299766050938,0.9988266766176503,-0.002580905360937448,1.0,-0.0002703769154082336,1.0,-0.0003846236025159076,1.0,0.008278275941870217,1.0,1.012778272454387,5.700859799784297e-05,1.277884982508093,True
20261021,statistical,27,3.3,5,1,1,bounded,0,0,0,True,0.000100246110833936,0.0001000031324801785,1.368675198214997,1.931324801785004,2.199797910835473,0.0008312409022423856,0.6791517287987519,0.6775790132843176,0.004881726750796496,1.0,-0.00492291293692445,0.997733224443513,0.0004743095315250118,1.0,-0.01377048736512879,1.0,-0.001141010813924842,1.0,-0.01299762777114847,1.0,1.0024297074274713,0.003132480178491548,0.24611083393599742,True
20261022,statistical,27,3.3,5,1,1,bounded,0,0,0,True,0.0001010665448181526,9.999802957385428e-05,1.41970426145703,1.88029573854297,2.199124422938809,0.0008353262325726136,0.7379393635711925,0.739453617099337,-0.0088889092869054,1.0,0.005437425460882064,1.000618703054559,-0.002113808689159397,1.0,0.0005226356011174302,1.0,-0.0006359837453591728,1.0,0.002517839096615766,1.0,1.0106853629901693,-0.0019704261457254013,1.0665448181526038,True
20261023,statistical,27,3.3,5,1,1,bounded,0,0,0,True,0.0001011892935953042,9.999814176071577e-05,1.418582392842252,1.881417607157748,2.199024101200493,0.0008359403466792408,0.7191831174036641,0.7211606387139027,0.002120721424231187,1.0,-0.0007250052538028559,0.9989273455692151,-0.001616006847283786,1.0,-0.0003025328758155119,1.0,0.0003260057555373827,1.0,0.0001208491184377901,1.0,1.0119117396945108,-0.0018582392842358963,1.1892935953041972,True
20261024,statistical,27,3.3,5,1,1,bounded,0,0,0,True,0.0001008630616966889,0.0001000053751813224,1.346248186776023,1.953751813223977,2.199290980581093,0.0008343330574698423,0.6649306554697495,0.6654200509810821,0.0077433581119854,1.0,0.0003962600881577538,0.999054526582617,-0.0005176796602774839,1.0,0.001148195906813059,1.0,-6.629260229670346e-05,1.0,-0.0111540542211788,1.0,1.0085764041563907,0.005375181322397893,0.8630616966888827,True
20261025,statistical,27,3.3,5,1,1,bounded,0,0,0,True,0.0001006142743125728,9.999981174867017e-05,1.401882513298128,1.898117486701873,2.199495050491404,0.0008330707612232847,0.7077224157538464,0.7075607449237065,0.001256375091456872,1.0,-0.002323988026070022,0.9994877345752395,-0.0013422711528516,1.0,-0.002931560123414295,1.0,-0.001543765485815521,1.0,0.006189136073279295,1.0,1.0061446372063876,-0.00018825132983568693,0.6142743125727934,True
20261026,statistical,27,3.3,5,1,1,bounded,0,0,0,True,0.0001007319784944584,9.999668449382955e-05,1.433155061704468,1.866844938295533,2.199398443673668,0.0008336489621919675,0.7311750928872608,0.7315963824458238,0.006502384686529239,1.0,0.002013501688084426,0.99995514039475,-0.0007419110616136422,1.0,-0.001301377552590512,1.0,-0.0003595392652153486,1.0,0.007607339635300726,1.0,1.0073531838015513,-0.0033155061704537303,0.7319784944583851,True
20261027,statistical,27,3.3,5,1,1,bounded,0,0,0,True,0.00010044539102552,0.0001000042482020026,1.357517979974212,1.942482020025789,2.199633848598436,0.0008322409850834836,0.6706788885383951,0.6697778908237718,-0.004142450684459596,1.0,-0.00522163201309141,1.002946369961927,0.0001969624293929901,1.0,-0.00699754706122172,1.0,-0.000745158625182135,1.0,-0.01113930573673743,1.0,1.0044112408367525,0.004248202002599122,0.4453910255199922,True
20261028,statistical,27,3.3,5,1,1,bounded,0,0,0,True,0.0001004438472979564,9.99979504569295e-05,1.420495430704948,1.879504569295052,2.199635118334102,0.0008322124838858098,0.7210904040395968,0.7204043276301262,-0.007622224871990744,1.0,-0.00543193647065418,1.00230972649711,-0.0003421327619470072,1.0,-0.003996355992982571,1.0,-0.001069292062180847,1.0,0.00527130428810355,1.0,1.0044590598006202,-0.0020495430705147477,0.4438472979564123,True
20261029,statistical,27,3.3,5,1,1,bounded,0,0,0,True,0.0001005507735793855,9.999692437467756e-05,1.430756253224227,1.869243746775774,2.199547213400753,0.0008327437292228869,0.7429854810540941,0.7427466380428351,-0.001746936105610983,1.0,-0.001540035365290083,0.998984755743531,-0.0007575822052814284,1.0,0.0005558613190989395,1.0,-0.001036702441541902,1.0,0.01058907731776329,1.0,1.0055386623955826,-0.003075625322446207,0.5507735793854884,True
20261030,statistical,27,3.3,5,1,1,bounded,0,0,0,True,0.0001008628606992658,0.000100001049032242,1.389509677580017,1.910490322419984,2.199291145260036,0.0008343177761918766,0.6930087577793269,0.6936837582134462,0.004953549862792402,1.0,-0.0009191546769496295,0.9970880532976888,-4.623394790795118e-05,1.0,0.004343604464795038,1.0,0.0005907928590586041,1.0,-0.004802957731268451,1.0,1.0086180262643638,0.0010490322420064757,0.8628606992657994,True
20261031,statistical,27,3.3,5,1,1,bounded,0,0,0,True,0.0001008973044899476,0.0001000002535405041,1.397464594958431,1.902535405041569,2.199262929659785,0.0008344873700216243,0.7287984649038429,0.729621737894449,-0.003178067703643817,1.0,-0.003632967950922213,1.003679927980376,-0.0006071222355593701,1.0,0.002403272703090066,1.0,0.0001784370151278152,1.0,0.002961949597172705,1.0,1.0089704867506177,0.0002535405040804406,0.8973044899476035,True
20261032,statistical,27,3.3,5,1,1,bounded,0,0,0,True,0.0001006018751466122,9.999963846390627e-05,1.403615360937269,1.896384639062731,2.199505233402018,0.0008330081935524042,0.712271255014558,0.7121055598702938,-0.004782916628787113,1.0,-0.002532388232396412,1.003553898651162,0.0003190989754986107,1.0,-0.01129162737543741,1.0,0.000113487783503361,1.0,0.001259786454175344,1.0,1.0060223886001678,-0.0003615360937292422,0.6018751466121852,True
20261033,statistical,27,3.3,5,1,1,bounded,0,0,0,True,0.0001006171261269308,9.99983312825092e-05,1.416687174907883,1.883312825092118,2.19949270858358,0.000833080134754956,0.7152089026347594,0.7151368282368992,-0.003879342107660664,1.0,-0.002160024143488884,0.9972345920675588,0.0003526258478137613,1.0,-0.009649851384232825,1.0,0.0002407617265453492,1.0,-0.002807669651216705,1.0,1.0061880517053172,-0.001668717490810323,0.6171261269307893,True
20261034,statistical,27,3.3,5,1,1,bounded,0,0,0,True,0.0001013893261005307,9.999980426237567e-05,1.401957376243235,1.898042623756765,2.198860860522433,0.0008369459954578398,0.7133738541862944,0.7159529343830912,-0.005965150913367186,1.0,0.00813435609523613,0.998067050970515,-0.0009516379965655936,1.0,0.007784148415773221,1.0,0.001593414928482452,1.0,-0.01067475744058809,1.0,1.0138952455797738,-0.0001957376243422182,1.3893261005306856,True
20261035,statistical,27,3.3,5,1,1,bounded,0,0,0,True,0.0001012257714750965,0.0001000015724223361,1.384275776639094,1.915724223360906,2.198994310098559,0.0008361340572574311,0.6918334294421132,0.693759614493827,-0.005552756060036803,1.0,-0.001038114923791501,0.9984668578596928,-0.001859274474915573,1.0,9.02154947563062e-05,1.0,3.164677047635037e-05,1.0,-0.001972260846378049,1.0,1.0122417980348373,0.0015724223360935596,1.2257714750965043,True
20261036,statistical,27,3.3,5,1,1,bounded,0,0,0,True,0.0001004905031173244,0.0001000013795876428,1.386204123571712,1.913795876428289,2.199596751417135,0.0008324570791149236,0.698278330069044,0.6976333467094424,0.01044833146855861,1.0,0.002396708984022333,0.9973443356305062,0.0004405272401866926,1.0,0.002878104236064065,1.0,-0.0002452189201404821,1.0,-0.01316317591425656,1.0,1.004891167818869,0.0013795876427913356,0.49050311732439233,True
20261037,statistical,27,3.3,5,1,1,bounded,0,0,0,True,0.0001002421555470646,0.0001000051062048832,1.348937951167966,1.951062048832034,2.199801170220456,0.0008312276391012264,0.6635262380254494,0.6618276300969421,0.005856972341050546,1.0,0.001569843668487068,1.000511639745162,0.0003868355689499913,1.0,0.007387544235199689,1.0,-0.001354422237735993,1.0,-0.00174888836456764,1.0,1.0023703723857436,0.00510620488318736,0.24215554706459308,True
20261038,statistical,27,3.3,5,1,1,bounded,0,0,0,True,0.0001003071976454385,0.0001000001254118252,1.398745881747969,1.901254118252031,2.19974758710562,0.0008315364129752925,0.7071323186724907,0.7058806510894027,0.003675057162120202,1.0,0.004500450040108937,1.001505967643145,-0.0007667833153034599,1.0,0.005287291574221057,1.0,-0.002060574375617536,1.0,0.00498651930226003,1.0,1.0030707184850889,0.0001254118251914349,0.30719764543849504,True
20261039,statistical,27,3.3,5,1,1,bounded,0,0,0,True,0.0001006182459930506,0.0001000001939742187,1.398060257813009,1.901939742186991,2.199491788967379,0.0008330918809684812,0.693951102551197,0.6938053634844981,-0.001429319376606613,1.0,-0.001771950870268241,0.9993670252244078,0.001383104842706458,1.0,0.008104692815970763,1.0,0.001197570240810263,1.0,0.003734116068829906,1.0,1.0061805081997264,0.00019397421870959164,0.6182459930506035,True
20261040,statistical,27,3.3,5,1,1,bounded,0,0,0,True,0.0001006023205350316,9.999781962153313e-05,1.42180378466863,1.87819621533137,2.199504867602942,0.000833004418314492,0.7361352025455837,0.7360229465997804,-0.00887907437331041,1.0,-0.001873099569802405,0.999803392887603,0.0005179654697014233,1.0,-0.00261574783582696,1.0,0.0003658108273362381,1.0,-0.003398118418409627,1.0,1.0060451409419362,-0.0021803784668761317,0.6023205350315974,True
20261041,statistical,27,3.3,5,1,1,bounded,0,0,0,True,0.0001008299511233125,0.0001000015957309583,1.384042690417345,1.915957309582656,2.199318112518206,0.0008341550324172392,0.692805722073906,0.6933417898545974,-0.01043935044413877,1.0,-0.002002180302089024,1.000816671449271,0.0003846090387700123,1.0,0.003403659572845836,1.0,0.0008824519951698747,1.0,0.007408688243433817,1.0,1.0082834217424168,0.001595730958303676,0.8299511233125001,True
20261042,statistical,27,3.3,5,1,1,bounded,0,0,0,True,0.0001007265427604089,0.000100008010166007,1.319898339929932,1.980101660070068,2.199402902768397,0.0008336591582390676,0.6311905666096553,0.6310940559600665,-0.002042818359472877,1.0,-0.001744665489062686,1.000684405829393,0.001253724329644082,1.0,0.008003256805195058,1.0,0.001118164467208326,1.0,0.002035181982980385,1.0,1.007184750433582,0.008010166006999775,0.7265427604088881,True
20261043,statistical,27,3.3,5,1,1,bounded,0,0,0,True,0.0001016078419000478,9.999850237619232e-05,1.414976238076741,1.885023761923259,2.198682881307735,0.000838034278229854,0.714525143940034,0.7179743306662397,0.007934634425914891,1.0,-0.001571815156292589,1.000540604271965,-0.001515699875258025,1.0,-0.00886504787865245,1.0,0.001901106210498408,1.0,0.001798663252523102,1.0,1.016093636260683,-0.001497623807678039,1.6078419000477906,True
20261044,statistical,27,3.3,5,1,1,bounded,0,0,0,True,0.000100262467641027,0.000100004188269998,1.358117300020472,1.941882699979528,2.199784433163599,0.0008313261703850464,0.6811583913436969,0.679605022639139,0.004795083646888542,1.0,-0.00610278044322657,0.9988416866982672,0.0008944504903584135,1.0,-0.004563208864071647,1.0,-0.0007014106659292809,1.0,0.002571467293662391,1.0,1.0025826855404465,0.004188269997995597,0.2624676410269977,True
20261045,statistical,27,3.3,5,1,1,bounded,0,0,0,True,0.000101026323972583,0.000100004646918709,1.353530812909576,1.946469187090425,2.199157320044935,0.0008351469655826767,0.6615211719798874,0.6626471554572605,-0.01245189700731756,1.0,-0.0009921748009116063,1.002281500507996,-0.001395457139253956,1.0,0.006071569581642049,1.0,-0.0003062539063425227,1.0,-3.185082052062717e-05,1.0,1.0102162957957792,0.004646918709005909,1.0263239725829987,True
20261046,statistical,27,3.3,5,1,1,bounded,0,0,0,True,0.0001007630613604817,9.99988453409701e-05,1.411546590298887,1.888453409701113,2.199372949811201,0.0008338115073159961,0.7192863516677692,0.7197328967985678,7.017244589059329e-05,1.0,0.005222374329307298,0.9974565976931827,0.0002705589751642243,1.0,-0.004643911718952071,1.0,0.000678400139133135,1.0,-0.002965880595361838,1.0,1.0076422484370278,-0.0011546590299005288,0.7630613604816983,True
20261047,statistical,27,3.3,5,1,1,bounded,0,0,0,True,0.0001009253268587997,0.0001000057961396002,1.342038603998241,1.957961396001759,2.199239981019224,0.0008346457724431605,0.6649111607234259,0.6655991017382157,0.00257434988353204,1.0,0.001357505977799547,1.000340728467772,-3.500055750082567e-05,1.0,-0.0004841476255252532,1.0,0.0006153937590233095,1.0,0.002663986093242011,1.0,1.0091947742500436,0.005796139600189321,0.925326858799691,True
20261048,statistical,27,3.3,5,1,1,bounded,0,0,0,True,0.0001004343543662535,9.999893231235743e-05,1.410676876425588,1.889323123574412,2.199642926794787,0.0008321682593526125,0.72299191398267,0.7222583184116316,-0.002194581574531761,1.0,-0.001199812160738546,0.9992012815500784,0.0007481129853617028,1.0,-0.01224736896837816,1.0,-2.664633977840768e-05,1.0,0.003400806604047942,1.0,1.0043542670289316,-0.0010676876425752546,0.43435436625349766,True
20261049,statistical,27,3.3,5,1,1,bounded,0,0,0,True,0.0001004827202317173,0.0001000024765093561,1.375234906439018,1.924765093560982,2.199603150427592,0.0008324217845282048,0.6835934631369734,0.6828589889766247,0.008410015109678936,1.0,-0.004128366611283938,0.997453403119376,0.0001879798740987367,1.0,0.0006509911564609734,1.0,-0.0005873234201879009,1.0,0.003096794913141434,1.0,1.0048023182937502,0.002476509356097445,0.48272023171729295,True
20261050,statistical,27,3.3,5,1,1,bounded,0,0,0,True,0.0001008702446096023,9.999880837213438e-05,1.411916278656098,1.888083721343902,2.199285095760322,0.0008343473015641439,0.7326714868363329,0.7334388264856775,-0.002694615168784034,1.0,-0.003579770703907908,0.9994924459147644,-0.0003736560376862484,1.0,-0.0121163258343466,1.0,0.0003557804787790987,1.0,0.002422929510150776,1.0,1.0087144662186869,-0.0011916278656265433,0.8702446096022998,True
20261051,statistical,27,3.3,5,1,1,bounded,0,0,0,True,0.0001006193605903184,9.999971932877176e-05,1.402806712282433,1.897193287717567,2.199490873687444,0.0008330958876259667,0.6972613325518933,0.6971601488236577,-0.002399978487646506,1.0,0.006832950747572716,0.9962771366062004,-0.0002044609175703541,1.0,-0.007304740002657028,1.0,-0.0003454283799846646,1.0,-0.002525831932025942,1.0,1.0061964300070625,-0.0002806712282477086,0.6193605903183963,True
20261052,statistical,27,3.3,5,1,1,bounded,0,0,0,True,0.0001003935874576491,0.0001000030568628939,1.369431371060976,1.930568628939024,2.199676467711239,0.0008319780358241962,0.6906594381907335,0.6896210669375114,-0.008297939497934262,1.0,0.003363582093871577,0.9969497014612971,-0.0009233999572072786,1.0,0.01584620674408358,1.0,-0.002003273736672274,1.0,-7.18534367951478e-05,1.0,1.0039051865713529,0.0030568628938798525,0.39358745764908054,True
20261053,statistical,27,3.3,5,1,1,bounded,0,0,0,True,0.0001007464843204565,0.0001000023671653397,1.376328346602501,1.923671653397499,2.19938654521801,0.0008337402441363499,0.6909848370481606,0.6912107959978167,-0.01087519894579537,1.0,-0.001457387020296831,1.000425855226676,-0.000506428050606015,1.0,0.0003234754152698935,1.0,-0.0003193254145275819,1.0,-0.0001349742016039366,1.0,1.0074409954105037,0.0023671653397006054,0.7464843204564975,True
20261054,statistical,27,3.3,5,1,1,bounded,0,0,0,True,0.0001007878221308402,0.0001000037974198134,1.362025801865434,1.937974198134567,2.199352646553612,0.0008339516530280205,0.6668312071300462,0.6671484070668008,-0.0005762195755263367,1.0,0.004342540885269097,0.9992999450249632,-9.390771053217488e-05,1.0,0.00331289089255351,1.0,0.0001847350191812246,1.0,0.01007809518012152,1.0,1.0078399493944763,0.0037974198134005377,0.7878221308401878,True
20261055,statistical,27,3.3,5,1,1,bounded,0,0,0,True,0.0001006643021986377,0.0001000043989399246,1.356010600754381,1.943989399245619,2.199453976670608,0.000833336038383376,0.6728429867878597,0.6726968746300348,0.0005135884092586631,1.0,0.004522931605192786,1.000796658513802,-0.0001855315211761589,1.0,-0.000986853042030923,1.0,-0.0003711309779643553,1.0,0.00366991382014221,1.0,1.006598742312421,0.004398939924610268,0.6643021986377118,True
20261056,statistical,27,3.3,5,1,1,bounded,0,0,0,True,0.0001008643936445565,0.0001000000996055704,1.399003944295902,1.900996055704098,2.199289889312402,0.0008343223078103903,0.7108131003932371,0.7115328496165761,0.004800853007258838,1.0,-0.002024929029093416,1.000100370582155,-0.002058962994374421,1.0,0.01307220421465815,1.0,-0.001377169922852435,1.0,0.01172176121548935,1.0,1.0086429317810195,9.960557039168094e-05,0.8643936445565048,True
20261057,statistical,27,3.3,5,1,1,bounded,0,0,0,True,0.0001009958414280233,0.0001000026553612553,1.373446387446986,1.926553612553014,2.1991822602714,0.0008349879807200927,0.6816693931243475,0.6827799742404681,0.001746515713255646,1.0,0.001089244313723656,1.001432881704373,-0.001856272782857651,1.0,0.004094718793427108,1.0,-0.0007826842476205526,1.0,-0.001395776516424607,1.0,1.0099315969479026,0.0026553612552993044,0.9958414280232919,True
20261058,statistical,27,3.3,5,1,1,bounded,0,0,0,True,0.0001007394458007339,0.0001000085355258094,1.314644741906196,1.985355258093804,2.199392318388052,0.0008337254071268713,0.6352680767496054,0.6351949279946877,0.009014527291820456,1.0,-0.007161578039821296,1.00099018206163,0.001003506356768733,1.0,0.003304101498157378,1.0,0.0008913991927851721,1.0,-0.001731474771133792,1.0,1.0073084789321396,0.008535525809394429,0.7394458007339066,True
20261059,statistical,27,3.3,5,1,1,bounded,0,0,0,True,9.979416403354327e-05,9.999615830404508e-05,1.438416959549103,1.861583040450898,2.200171125170962,0.000828958153460886,0.7379573941595574,0.7349854555674348,0.001430520234925531,1.0,0.007280173343803938,1.002222460220744,0.002804005418797076,1.0,-0.005777314750150022,1.0,-0.0002138610763978253,1.0,0.002492322311208184,1.0,0.9979799796919434,-0.0038416959549203433,-0.20583596645673552,True
20261060,statistical,27,3.3,5,1,1,bounded,0,0,0,True,0.0001005945091679585,9.99990537522504e-05,1.409462477495974,1.890537522504027,2.199511283326888,0.000832969434110991,0.7231777989721314,0.7229958984862371,0.005086763907939211,1.0,0.005132782294168824,1.000698977006558,0.0003602783723536112,1.0,-0.004464167374987699,1.0,0.0001384110195212113,1.0,-0.004517265632894826,1.0,1.0059546105024488,-0.0009462477496002819,0.5945091679584902,True
20261061,statistical,27,3.3,5,1,1,bounded,0,0,0,True,0.000100837168474829,9.999983833078766e-05,1.401616692123407,1.898383307876594,2.199312197660364,0.0008341853197554596,0.7076574516101453,0.7083232085322954,0.001311023456968973,1.0,-0.004165467357336535,1.001819965494452,-0.0009914336836412934,1.0,0.009747897823331549,1.0,-0.0003638338386316186,1.0,0.006887093793323919,1.0,1.0083733149774858,-0.0001616692123507235,0.8371684748289976,True
20261062,statistical,27,3.3,5,1,1,bounded,0,0,0,True,0.0001006348936825886,0.0001000012292910132,1.387707089867795,1.912292910132205,2.19947811928393,0.0008331785359626133,0.7069205836133833,0.7067708812620059,0.01440248800728718,1.0,0.00184333773052786,0.9983947480110946,-0.0003790997310816509,1.0,0.01332187136276698,1.0,-0.0005684845357121741,1.0,-0.00854088000202488,1.0,1.0063365660209174,0.0012292910132050139,0.6348936825885998,True
20261063,statistical,27,3.3,5,1,1,bounded,0,0,0,True,0.0001007405505923521,0.000100001255877857,1.387441221429772,1.912558778570228,2.199391412185256,0.0008337069082472963,0.7017394820206743,0.7019961009868945,0.00966236925573151,1.0,-0.003490562784645816,1.000382995950739,-3.820264196520179e-05,1.0,-0.003964669724236552,1.0,0.0001795242402105865,1.0,-0.008261003540287847,1.0,1.0073928542997308,0.001255877856998211,0.7405505923520961,True
20261064,statistical,27,3.3,5,1,1,bounded,0,0,0,True,0.0001006342098679837,0.0001000041349391,1.358650608999761,1.941349391000239,2.199478680733174,0.0008331847055269167,0.6808459890100591,0.6806053418977853,0.004785134344181353,1.0,-0.0002394692297771142,0.999745786670754,0.0003180896886915187,1.0,0.007063670256225686,1.0,3.773138767518155e-05,1.0,-0.006745304531085496,1.0,1.0063004887674634,0.004134939099986745,0.6342098679836816,True
20261065,statistical,27,3.3,5,1,1,bounded,0,0,0,True,9.99843267912616e-05,0.000100001772409052,1.38227590947933,1.91772409052067,2.200013897059458,0.0008299274937942265,0.6951214056583718,0.6926398525673223,-0.004734089760766769,1.0,0.007579875638668074,0.9994798935257896,0.0009451367464778064,1.0,-0.008500267391905144,1.0,-0.001580968098833594,1.0,0.01393888675400876,1.0,0.9998255469141183,0.0017724090519921631,-0.015673208738409272,True
20261066,statistical,27,3.3,5,1,1,bounded,0,0,0,True,0.0001004148817855323,0.0001000054790351043,1.34520964895747,1.95479035104253,2.199658946237544,0.0008320925006314634,0.6581040815918551,0.6570090371664153,-0.005570608066089965,1.0,-0.008414767721915874,0.9995333883382648,0.001846996358927804,1.0,-0.002221745742412989,1.0,0.0007105911758899122,1.0,0.00649941170217882,1.0,1.0040938032033655,0.00547903510428327,0.41488178553230615,True
20261067,statistical,27,3.3,5,1,1,bounded,0,0,0,True,0.0001000305219795229,0.0001000051948898658,1.348051101342162,1.951948898657838,2.1999757449179,0.0008301697639227683,0.6562660804806267,0.6538096243139063,-0.003191282983608394,1.0,0.002664594290812305,0.9995227726228888,0.0006680630562334735,1.0,0.002743894660987321,1.0,-0.001832626013454266,1.0,0.00338719183056666,1.0,1.0002532577401102,0.0051948898657894205,0.030521979522890597,True
20261068,statistical,27,3.3,5,1,1,bounded,0,0,0,True,0.000100671960796518,9.999879054668158e-05,1.412094533184094,1.887905466815907,2.199447690511921,0.0008333558236754128,0.7208269196467123,0.7209418985610632,-0.003435984482723783,1.0,0.001837856946424206,1.003678062652795,8.222917347453133e-05,1.0,-0.01270361411059932,1.0,0.0001578234399688489,1.0,-0.01451918809009469,1.0,1.006731783916148,-0.0012094533184181522,0.6719607965179897,True
20261069,statistical,27,3.3,5,1,1,bounded,0,0,0,True,0.0001015861328408575,0.0001000047554363506,1.352445636494181,1.947554363505819,2.198700547066236,0.0008379463680338174,0.6628113232012871,0.665895111706582,-0.002155724906793477,1.0,-0.002274988489760248,0.998603139391658,-0.0008074590121828707,1.0,-0.003071044162065556,1.0,0.002243735413926376,1.0,0.005372351866815937,1.0,1.0158130220668695,0.004755436350589726,1.5861328408574904,True
20261070,statistical,27,3.3,5,1,1,bounded,0,0,0,True,0.0001010537789853706,0.0001000071335836353,1.328664163646922,1.971335836353079,2.199134862932995,0.0008352924466410022,0.6495887045990768,0.6506670380760354,0.004625281362983914,1.0,-0.003611178110781094,0.999712656073401,-0.0006373236891232289,1.0,-0.002663137707456882,1.0,0.00040441370238409,1.0,-0.002107658106629622,1.0,1.01046570743736,0.007133583635288154,1.0537789853706014,True
20261071,statistical,27,3.3,5,1,1,bounded,0,0,0,True,9.968998273029676e-05,0.000100001888940524,1.381110594759503,1.918889405240498,2.200257382513612,0.0008284561580438536,0.6966663319076969,0.6931612823277676,0.005467009423114468,1.0,-0.01111540774434145,1.002183596204691,0.002288357470790708,1.0,-0.00737140887578961,1.0,-0.001263447419128888,1.0,0.0119646345569758,1.0,0.9968809968138428,0.0018889405239974622,-0.3100172697032444,True
20261072,statistical,27,3.3,5,1,1,bounded,0,0,0,True,0.0001003929454876874,0.0001000078940905285,1.321059094714406,1.978940905285595,2.199676995993444,0.0008319907888254092,0.6619569382017302,0.6607167195782243,0.009829072883381102,1.0,-0.006793965607793005,0.9986526120688096,-5.984878715077342e-05,1.0,0.002685309893044355,1.0,-0.001341615336082502,1.0,-0.006066436591169344,1.0,1.0038502100325235,0.00789409052848189,0.39294548768737947,True
20261073,statistical,27,3.3,5,1,1,bounded,0,0,0,True,0.0001005774500119506,9.999945460693774e-05,1.405453930622483,1.894546069377517,2.19952529618038,0.0008328854611506858,0.7053577836190598,0.7050977583671102,-0.0008576025814518058,1.0,-0.005612266065082394,1.001702724696,0.0005033131161803358,1.0,-0.01033450880999788,1.0,0.0002031921901752688,1.0,0.003520615456157384,1.0,1.005779985573769,-0.0005453930622678627,0.5774500119505976,True
20261074,statistical,27,3.3,5,1,1,bounded,0,0,0,True,0.0001009580597493133,0.0001000006158575643,1.393841424356798,1.906158575643202,2.199213182318294,0.0008347923419645283,0.7065664636025469,0.7076055102005249,-0.00120519586728448,1.0,-0.005584767162869735,1.005286966105911,-0.0002842578169823062,1.0,-0.003346269581832415,1.0,0.0007175289105912238,1.0,0.004447194809013334,1.0,1.0095743799529469,0.0006158575643011588,0.9580597493132892,True
20261075,statistical,27,3.3,5,1,1,bounded,0,0,0,True,0.000100822680572893,0.0001000048674198687,1.351325801312613,1.948674198687387,2.199324071376293,0.0008341294762380341,0.6741295495290139,0.6744904227556504,0.002717553143381241,1.0,0.002411598929955203,0.9994146837159416,-0.0004278828986438659,1.0,0.006868438504080085,1.0,-0.0001053165792245645,1.0,-0.006087009013665295,1.0,1.0081777334856186,0.004867419868692657,0.8226805728929865,True
20261076,statistical,27,3.3,5,1,1,bounded,0,0,0,True,0.0001013062274966216,0.000100003803585301,1.361964146990437,1.938035853009564,2.198928638121205,0.0008365437002028791,0.6789760392847448,0.6810584556998153,-0.00146784843455445,1.0,-0.0007234956352886004,1.001243536655876,-0.0007891510577061168,1.0,-0.003577383734258478,1.0,0.001258584790048381,1.0,0.0006674592673090701,1.0,1.0130237437440033,0.0038035853009876774,1.3062274966215925,True
20261077,statistical,27,3.3,5,1,1,bounded,0,0,0,True,0.0001005448953347034,9.999852097325417e-05,1.414790267458077,1.885209732541923,2.199552043670701,0.0008327196067752553,0.7235123937064313,0.7231653594333824,0.005833530398902729,1.0,0.002889690871781293,0.9996819222952376,0.0001047245012637912,1.0,0.01459277365071375,1.0,-0.000282642723593202,1.0,-0.004391325722356159,1.0,1.0054638244259169,-0.0014790267458320017,0.544895334703388,True
20261078,statistical,27,3.3,5,1,1,bounded,0,0,0,True,0.0001008023218625133,0.0001000016581176226,1.383418823774422,1.916581176225578,2.199340759284195,0.000834017091989672,0.6916909332114102,0.6921482406204126,0.003628278753154764,1.0,-0.005907197774715434,1.004895466118854,1.658057912236845e-05,1.0,-0.002794355638573157,1.0,0.0004354558113967479,1.0,-0.01017497931437655,1.0,1.0080065046916418,0.001658117622582722,0.8023218625133,True
20261079,statistical,27,3.3,5,1,1,bounded,0,0,0,True,0.0001008297255763536,0.0001000015784009611,1.38421599038913,1.91578400961087,2.199318297367801,0.0008341538474931182,0.7084713693013328,0.7089850159072356,0.003961540466616759,1.0,0.001663813508095478,1.001070014479111,0.0004190809722840783,1.0,-0.001217609543360005,1.0,0.0008944989815599789,1.0,-0.01119507267419297,1.0,1.0082813410411584,0.001578400961088633,0.8297255763535905,True
20261080,statistical,27,3.3,5,1,1,bounded,0,0,0,True,0.0001012952922556955,0.0001000062067911361,1.337932088638543,1.962067911361457,2.198937561101961,0.0008364969545772722,0.6623510064472015,0.6643022398480285,0.01786471349988777,1.0,-0.007521078791956857,0.9970994368572916,-0.001176363255231428,1.0,-0.002689342340807088,1.0,0.0007400872450534559,1.0,-0.005166576111021831,1.0,1.0128900545868285,0.006206791136098566,1.2952922556954904,True
20261081,statistical,27,3.3,5,1,1,bounded,0,0,0,True,0.0001014708806984323,0.000100005711956842,1.342880431579904,1.957119568420097,2.19879439293964,0.0008373732638385361,0.6455374839569208,0.6481809321854991,-0.004119971945662233,1.0,-0.0002907658583832546,1.001669209831465,-0.001029687576398107,1.0,0.00441280059107649,1.0,0.001580298387011673,1.0,-0.002853268496651934,1.0,1.0146508505656417,0.005711956841980559,1.4708806984322864,True
20261082,statistical,27,3.3,5,1,1,bounded,0,0,0,True,0.0001006422478524839,0.0001000019634792385,1.380365207615156,1.919634792384844,2.199472081333979,0.0008332177296326475,0.6888384833763807,0.6886876539300865,0.003035602730025987,1.0,-0.002552646535992572,0.9970380119178596,0.0008696734064468297,1.0,-0.00170184556711635,1.0,0.0006792123736686672,1.0,0.004555983663351082,1.0,1.006402718016415,0.0019634792384870536,0.6422478524839015,True
20261083,statistical,27,3.3,5,1,1,bounded,0,0,0,True,0.0001005366815924659,0.0001000009249669705,1.390750330295067,1.909249669704933,2.199558793509416,0.0008326864712414467,0.7086651499342286,0.7082098097612323,0.003348268392657699,1.0,-0.009402295200650624,1.003320339495709,0.001206620656998111,1.0,-0.001682571186290607,1.0,0.0007108655452939098,1.0,-0.0102132629247133,1.0,1.0053575166996942,0.0009249669704836094,0.536681592465893,True
20261084,statistical,27,3.3,5,1,1,bounded,0,0,0,True,0.0001011156524154834,0.0001000041883123818,1.358116876182093,1.941883123817907,2.199084273914124,0.0008355920943968037,0.6627780638055418,0.6642528338540382,0.0006238477018633439,1.0,0.001937355209300785,0.9980867962001078,-0.001265995795821446,1.0,-0.01059204614846574,1.0,0.0001726662727046484,1.0,-0.003625639752108925,1.0,1.0111141755346258,0.004188312381803172,1.1156524154833924,True
20261085,statistical,27,3.3,5,1,1,bounded,0,0,0,True,0.0001004676203250233,0.0001000009020970069,1.390979029930616,1.909020970069385,2.199615566747124,0.0008323410894331679,0.7115915591037457,0.7109059067969647,0.006695557943593083,1.0,0.000264415981892124,1.002768012562219,0.000637257660352388,1.0,-0.0005172674168744385,1.0,-8.932655165173004e-05,1.0,0.004144943298771225,1.0,1.004667140178032,0.0009020970068940315,0.4676203250232991,True
20261086,statistical,27,3.3,5,1,1,bounded,0,0,0,True,0.0001011111607147831,0.0001000002381993349,1.397618006650509,1.902381993349491,2.199087945444717,0.0008355566005196919,0.6979442376274951,0.6995694939012127,0.0008232759929718912,1.0,0.00262090447831577,1.000544087513798,0.0006305617224785959,1.0,-0.0002790399023988011,1.0,0.002219708320340702,1.0,0.01003014543073113,1.0,1.0111091986924448,0.00023819933490099032,1.1111607147830993,True
20261087,statistical,27,3.3,5,1,1,bounded,0,0,0,True,0.0001005813047158845,0.0001000056573931554,1.343426068445558,1.956573931554442,2.199522129626808,0.000832925203864911,0.6689103915623912,0.6684044680413468,-0.003954801278956355,1.0,-0.001576566111128512,0.9999676154256639,-0.0008946537636281255,1.0,0.00412710751809272,1.0,-0.001440696339248906,1.0,0.002746074478082098,1.0,1.005756147579392,0.005657393155389379,0.5813047158844897,True
20261088,statistical,27,3.3,5,1,1,bounded,0,0,0,True,0.0001007194033453053,0.0001000026988067315,1.373011932685204,1.926988067314796,2.199408759786815,0.0008336059336771511,0.6728420675814089,0.6729491948820322,-0.003914203035179314,1.0,0.001130294041456709,0.9973548854511216,0.001761561862379195,1.0,-0.01589416379094775,1.0,0.001829630095856926,1.0,-0.0147613914691735,1.0,1.0071668519662547,0.002698806731493697,0.7194033453052917,True
20261089,statistical,27,3.3,5,1,1,bounded,0,0,0,True,0.0001017421250824525,9.999942367440826e-05,1.405763255917273,1.894236744082728,2.198573686955952,0.0008387087344260718,0.7106146607667021,0.7144785510293941,0.008023676783215418,1.0,0.00067058061323513,1.001814813580412,-0.002746406537573407,1.0,-0.005750787155196374,1.0,0.001086099121096699,1.0,0.00671939228354958,1.0,1.0174271145173632,-0.0005763255917390353,1.7421250824524837,True
20261090,statistical,27,3.3,5,1,1,bounded,0,0,0,True,0.0001004231900132736,0.0001000064333545863,1.33566645413644,1.96433354586356,2.199652110978832,0.0008321371910253365,0.6556194053904746,0.654537511691839,-0.009275437441990749,1.0,0.005890479210415312,1.001653346418656,-1.231370736174712e-05,1.0,0.002928253749083367,1.0,-0.001135514977034519,1.0,-0.01139568963444406,1.0,1.0041672984897845,0.006433354586299345,0.42319001327359995,True
20261091,statistical,27,3.3,5,1,1,bounded,0,0,0,True,9.996181452381584e-05,0.0001000020380393769,1.379619606230622,1.920380393769378,2.200032495716621,0.000829815809037276,0.6947209015350548,0.6921962123906754,0.006086956301714882,1.0,0.009277246402333093,1.001069084891016,0.001194202357783219,1.0,-0.00796619027728315,1.0,-0.001375210229366161,1.0,0.008485367941076875,1.0,0.9995977730419332,0.0020380393769059424,-0.03818547618416046,True
20261092,statistical,27,3.3,5,1,1,bounded,0,0,0,True,0.0001008941635360507,9.999801482589342e-05,1.419851741065843,1.880148258934157,2.199265502285725,0.0008344642774939509,0.7295102833456008,0.7304060711287486,0.004946935590352842,1.0,-0.0005020319178487997,0.99979815265629,0.0004201631712400156,1.0,0.008537377990624541,1.0,0.001278234333558875,1.0,0.008056632877139903,1.0,1.008961665006226,-0.0019851741065890494,0.8941635360506961,True
20261093,statistical,27,3.3,5,1,1,bounded,0,0,0,True,0.0001006869585525862,0.0001000014878154007,1.385121845992993,1.914878154007007,2.199435381690598,0.0008334397134415223,0.6990728170208592,0.6991252203398621,-0.003845249896181057,1.0,-0.002059721576412299,1.002148305257704,-0.0006863931388941964,1.0,-0.0008727196293407985,1.0,-0.0006732847748795044,1.0,0.00173539486269195,1.0,1.0068546053879803,0.0014878154007025302,0.6869585525862032,True
20261094,statistical,27,3.3,5,1,1,bounded,0,0,0,True,0.0001012089195914924,0.0001000055407922365,1.344592077635356,1.955407922364644,2.199008071602472,0.0008360628934610739,0.6652737730336934,0.6669409581634176,0.01357747455263746,1.0,-0.003908612359552221,0.9972366683338035,0.0005467315088588922,1.0,0.003052288843674875,1.0,0.00217849402476859,1.0,0.006875989738422878,1.0,1.0120331212623104,0.005540792236491399,1.2089195914924078,True
20261095,statistical,27,3.3,5,1,1,bounded,0,0,0,True,0.0001002378312650122,0.0001000028044049449,1.371955950550571,1.928044049449429,2.199804733817055,0.0008311984217493757,0.6846229068810883,0.6830558708085583,0.006381417325970635,1.0,0.003431308052569705,1.003522451073316,0.0005940604372911913,1.0,5.67956318628788e-05,1.0,-0.001015640390887921,1.0,0.01472916853879937,1.0,1.0023502026914726,0.002804404944889427,0.23783126501220053,True
20261096,statistical,27,3.3,5,1,1,bounded,0,0,0,True,0.0001007375366676867,9.999936718380661e-05,1.406328161933829,1.893671838066172,2.199393884372072,0.000833685605933176,0.7033119343782496,0.70365066187566,-0.0007472713464011693,1.0,0.003395197231019923,1.000357931997637,-0.0002852419120078623,1.0,0.01197478938282017,1.0,1.458844410508837e-05,1.0,0.001647021714671911,1.0,1.0073817415516568,-0.0006328161933910614,0.7375366676867001,True
20261097,statistical,27,3.3,5,1,1,bounded,0,0,0,True,9.995028028486521e-05,9.999933938484644e-05,1.406606151535507,1.893393848464493,2.200042026328282,0.000829749232283559,0.709424579451815,0.7069098741945887,-0.001176096652868307,1.0,-0.003433704575497578,1.000089958456021,0.001401292707729757,1.0,0.003390361772277921,1.0,-0.001158198562850791,1.0,-0.001815937733402315,1.0,0.9995094057592478,-0.0006606151535581972,-0.049719715134788345,True
20261098,statistical,27,3.3,5,1,1,bounded,0,0,0,True,0.0001009805727803438,0.0001000036670011659,1.363329988340904,1.936670011659096,2.199194755439418,0.000834914975893612,0.6657788435464167,0.6667733011042988,-0.003491280245445698,1.0,0.002431767174993251,1.001296562927752,-0.001536253059472686,1.0,-0.003768427483768409,1.0,-0.0005789091152280212,1.0,-0.005999344126832555,1.0,1.0097686995734518,0.0036670011658967994,0.9805727803438025,True
20261099,statistical,27,3.3,5,1,1,bounded,0,0,0,True,0.0001002322324333561,0.0001000004885057545,1.395114942454959,1.904885057545041,2.199809347971468,0.000831162785124056,0.7050529046451748,0.7035354867417289,-0.002043065645736386,1.0,0.003050872954311813,0.9952840582433128,0.0009492168323209376,1.0,0.004232194934166494,1.0,-0.0006108887491317898,1.0,-0.001772944392496214,1.0,1.0023174279552471,0.0004885057544923299,0.23223243335610544,True
20261100,statistical,27,3.3,5,1,1,bounded,0,0,0,True,0.0001005854719182366,0.0001000054836038622,1.345163961377953,1.954836038622047,2.199518706490951,0.0008329454663728868,0.6644084525025549,0.6639517713984615,-5.557761693990561e-05,1.0,0.001283966642861571,1.000529451205789,0.0003894827779104905,1.0,0.002436470820690568,1.0,-0.0001072845518676914,1.0,0.004793989771256012,1.0,1.0057995651185672,0.005483603862188602,0.5854719182365908,True
20261101,statistical,27,3.3,5,1,1,bounded,0,0,0,True,0.0001000059310137259,0.000100004458292575,1.355417074249885,1.944582925750115,2.199996052288559,0.0008300443783226291,0.6827156294864904,0.680265641861684,-0.002966350785755991,1.0,8.858581503005742e-05,1.001592450959081,0.002040899808119297,1.0,-0.006803363676222198,1.0,-0.0004535019524211443,1.0,-0.003569405761947351,1.0,1.000014726554956,0.004458292575004741,0.005931013725901657,True
20261102,statistical,27,3.3,5,1,1,bounded,0,0,0,True,0.0001005197732004993,0.0001000062066180378,1.337933819622232,1.962066180377768,2.199572690014649,0.0008326193587308344,0.6624780398372331,0.6617371845145451,0.00167182995593749,1.0,-0.003580433718126122,1.001226938288152,0.0006559684631181251,1.0,-0.002858103384581449,1.0,-0.000125470737872138,1.0,0.0009193963926058875,1.0,1.005135347093236,0.00620661803780731,0.5197732004992961,True
20261103,statistical,27,3.3,5,1,1,bounded,0,0,0,True,0.0001007140009397957,0.0001000049475408973,1.35052459102717,1.94947540897283,2.199413192060026,0.0008335863424730587,0.6648176843609445,0.6647955620141298,0.004203158215054913,1.0,0.007080869601264783,0.9980984479199556,-0.000439156739742998,1.0,0.0001707266812785553,1.0,-0.0005003982582798313,1.0,-0.0119831208166705,1.0,1.0070901831992705,0.00494754089728211,0.7140009397957003,True
20261104,statistical,27,3.3,5,1,1,bounded,0,0,0,True,0.0001004914373998779,0.0001000046729536854,1.353270463145847,1.946729536854153,2.199595983290685,0.0008324726186350922,0.6703906833659148,0.6696021227436181,0.0128532485263174,1.0,0.0008335074008170005,0.9961699043583195,0.0003913978579853518,1.0,0.0005338358243823174,1.0,-0.0004379450469491542,1.0,0.01419092572129105,1.0,1.0048674170097824,0.004672953685402881,0.49143739987789203,True
20261105,statistical,27,3.3,5,1,1,bounded,0,0,0,True,0.0001013484313283043,0.0001000075480378363,1.324519621637363,1.975480378362637,2.198894208949481,0.0008367670760543884,0.6283400281537576,0.6304611876235441,-0.004849034150142588,1.0,-0.008532532949701495,1.002133169113787,-0.0009243117910042128,1.0,-0.009563568003709621,1.0,0.001162454799878917,1.0,0.004568742811631794,1.0,1.0134078208772872,0.007548037836291321,1.3484313283042892,True
20261106,statistical,27,3.3,5,1,1,bounded,0,0,0,True,0.0001005344298839396,0.0001000048312987826,1.351687012174181,1.948312987825819,2.199560643995098,0.0008326881035943994,0.6630487520053735,0.6623804813269749,0.004602508785616294,1.0,-0.007208089028605953,0.999958093775113,0.000443221836309683,1.0,0.004046947478746823,1.0,-0.0002655095460303909,1.0,0.005702036905296793,1.0,1.005295729999031,0.004831298782592697,0.5344298839395911,True
20261107,statistical,27,3.3,5,1,1,bounded,0,0,0,True,0.0001001087022373816,0.0001000092121944143,1.307878055856918,1.992121944143083,2.199911214324087,0.0008305739223168822,0.6168173380089726,0.614460284304661,0.002140567030144844,1.0,-0.007277617135565555,1.003044375470246,0.001370958105964042,1.0,-0.005232249167735698,1.0,-0.001029775340605115,1.0,0.003335680196289227,1.0,1.0009948087859537,0.009212194414298658,0.10870223738159712,True
20261108,statistical,27,3.3,5,1,1,bounded,0,0,0,True,0.0001010282491862781,9.999967959326696e-05,1.403204067330332,1.896795932669668,2.199155745109662,0.0008351401994811565,0.7079100475727,0.7092456483120203,0.001005841892269773,1.0,-0.006074428140277786,0.9970238113723914,0.0003857825226728956,1.0,-0.004798732510219441,1.0,0.001684657203047742,1.0,-0.005199225824114013,1.0,1.0102857288862792,-0.00032040673304534195,1.0282491862780851,True
20261109,statistical,27,3.3,5,1,1,bounded,0,0,0,True,0.0001011167135017245,0.0001000044321848015,1.355678151985283,1.944321848014717,2.199083406601177,0.0008355982046076586,0.6735616796297572,0.6749688457454494,0.01130158808223774,1.0,0.0002747878297055784,1.000568562810928,-0.0006223001402569866,1.0,-0.003891941170811822,1.0,0.0007487624291748132,1.0,0.005607600946571998,1.0,1.0111223202074442,0.004432184801483885,1.1167135017244867,True
20261110,statistical,27,3.3,5,1,1,bounded,0,0,0,True,0.0001000514332954551,0.0001000035142172818,1.364857827181604,1.935142172818396,2.199958479914703,0.0008302687742833885,0.6770091880372096,0.674716629702492,0.0002948083534124961,1.0,-0.003320365409763964,1.001966049566077,0.0005701825231360755,1.0,-0.00997444223679606,1.0,-0.001766439891575495,1.0,-0.01111255003758993,1.0,1.0004791739425196,0.0035142172817970163,0.05143329545509445,True
20261111,statistical,27,3.3,5,1,1,bounded,0,0,0,True,0.0001003994680053778,9.999648057960024e-05,1.435194203997502,1.864805796002498,2.199671628709462,0.0008319857368285636,0.7490817316578644,0.7482897912435339,0.001827231633115923,1.0,-0.001101357333292871,0.9982108883022036,0.001235755441552473,1.0,0.003703402275376532,1.0,0.000402410042675262,1.0,0.00505752884628016,1.0,1.004030016090984,-0.003519420399766826,0.399468005377801,True
20261112,statistical,27,3.3,5,1,1,bounded,0,0,0,True,0.000100568771650046,0.00010000455742806,1.35442571939962,1.945574280600381,2.199532425678906,0.0008328589086511857,0.6601723599307209,0.6596629193899919,-0.003553393018708561,1.0,0.003255237488045836,0.9992358209991622,0.0009700033355279676,1.0,-0.002122415399022783,1.0,0.0004203612257702694,1.0,0.008980391096352463,1.0,1.0056418850950055,0.004557428059981383,0.5687716500460072,True
20261113,statistical,27,3.3,5,1,1,bounded,0,0,0,True,0.0001003849488427057,9.999808682561202e-05,1.419131743879733,1.880868256120267,2.199683576762048,0.000831918441626423,0.7333135258032601,0.7324371450890864,0.01066522220787085,1.0,0.002573755691107682,0.9973154923733708,0.0003107369659318557,1.0,0.001024623111446799,1.0,-0.0006071704583087876,1.0,0.007972158639400055,1.0,1.0038686941858033,-0.0019131743879796659,0.3849488427057013,True
20261114,statistical,27,3.3,5,1,1,bounded,0,0,0,True,0.0001010895613586484,9.999859661564777e-05,1.414033843522375,1.885966156477626,2.199105602966716,0.0008354431865142389,0.7206635863217669,0.722253673395095,-0.005505603425871052,1.0,-0.003203087549701308,0.9985002918382834,0.0005242109058681793,1.0,-0.003814248226864238,1.0,0.002078038912084941,1.0,0.001718885054013705,1.0,1.0109098005364399,-0.0014033843522387457,1.0895613586483943,True
20261115,statistical,27,3.3,5,1,1,bounded,0,0,0,True,9.969108351885927e-05,9.99989031677179e-05,1.410968322820799,1.889031677179201,2.200256470668493,0.0008284518089358977,0.7307570839373029,0.727398342988889,-0.002051735153934409,1.0,0.00168683683071997,0.9978360900355334,0.003451401356517004,1.0,-0.002762390661236966,1.0,4.593624299792492e-05,1.0,0.005418749087842375,1.0,0.9969217697483906,-0.001096832282099225,-0.3089164811407308,True
20261116,statistical,27,3.3,5,1,1,bounded,0,0,0,True,0.0001011087469567541,0.0001000003113403431,1.396886596568414,1.903113403431586,2.199089918521539,0.0008355447730972221,0.6950245395647611,0.6966453317295292,-0.005929930452817297,1.0,-0.00522737396703039,0.9967448237470268,-0.0002405060454524257,1.0,0.006905984101704041,1.0,0.001344157932270588,1.0,0.004948899474383693,1.0,1.0110843216541447,0.00031134034310653647,1.108746956754092,True
20261117,statistical,27,3.3,5,1,1,bounded,0,0,0,True,0.000100400318427102,0.0001000019222340105,1.380777659895315,1.919222340104686,2.199670928934057,0.0008320079463968403,0.6902526882379411,0.6892806042966692,0.00518163230321077,1.0,-0.005276963151888145,1.002011727562307,0.0006064333114517812,1.0,-0.001869862765404962,1.0,-0.0004070923234692505,1.0,0.00282709885896011,1.0,1.0039838853513159,0.0019222340104985136,0.4003184271019977,True
20261118,statistical,27,3.3,5,1,1,bounded,0,0,0,True,0.000100802825793881,0.0001000029368770044,1.370631229956195,1.929368770043805,2.199340346176616,0.0008340238315523322,0.6731226545564994,0.6735207887018092,-8.117255514808057e-05,1.0,0.006654290256655955,0.999455397896896,0.0001644860909991641,1.0,-0.004361183996769646,1.0,0.0005241829825823938,1.0,0.006817577704529026,1.0,1.0079986542581285,0.00293687700438916,0.8028257938810013,True
20261119,statistical,27,3.3,5,1,1,bounded,0,0,0,True,0.0001002385284473951,0.000100004651550423,1.353484495769854,1.946515504230146,2.199804159266434,0.0008312080032415343,0.6623876966844389,0.6606889216383138,-0.003976410341394536,1.0,-0.00580226440834975,0.9946717100460222,0.00133031444855858,1.0,0.0002584663955516851,1.0,-0.0004111330481941748,1.0,-0.005608136272385118,1.0,1.0023386601857631,0.004651550422996031,0.23852844739509216,True
20261120,statistical,27,3.3,5,1,1,bounded,0,0,0,True,0.0001005822738972241,0.0001000027157585249,1.37284241475122,1.92715758524878,2.199521333483828,0.0008329203423774207,0.6781970851268019,0.677814461408758,0.004854723968232244,1.0,0.004384013556046147,1.000391117353047,0.0004059245126090288,1.0,-0.004144005715773445,1.0,-1.678522673777317e-05,1.0,0.009643200690760589,1.0,1.0057954239972706,0.002715758524884926,0.5822738972240948,True
20261121,statistical,27,3.3,5,1,1,bounded,0,0,0,True,0.0001011931438243287,0.0001000058862300825,1.341137699175254,1.958862300824746,2.199020956282946,0.0008359851545711028,0.6391072633016815,0.6407995840349759,0.001900984824222594,1.0,-0.003943786601148649,1.001921560995494,-4.057308502062934e-06,1.0,-0.003938845193024636,1.0,0.001652722710210448,1.0,-0.01446437290851939,1.0,1.0118718771364585,0.005886230082485788,1.1931438243286907,True
20261122,statistical,27,3.3,5,1,1,bounded,0,0,0,True,0.0001008047327093066,0.0001000032096998373,1.367903001626692,1.932096998373308,2.199338782962872,0.000834034266444406,0.6690589836522864,0.6694451538953586,-0.0002179380371261678,1.0,-0.0006618994045653646,1.000120584962328,-0.0009777762046275806,1.0,-0.002546872174996765,1.0,-0.0006300309727846491,1.0,0.006566231973198383,1.0,1.008014972838123,0.003209699837292135,0.8047327093066103,True
20261123,statistical,27,3.3,5,1,1,bounded,0,0,0,True,0.0001004169405732504,0.000100000199153421,1.398008465789631,1.901991534210369,2.199657252403642,0.0008320853709608083,0.7174684914479421,0.7166130206622772,-0.005033580559385181,1.0,0.006313918628460568,1.001932005538607,-0.0001333295103516483,1.0,-0.001172816376180216,1.0,-0.001030105243602576,1.0,0.001103036400625194,1.0,1.0041674058987626,0.00019915342099885436,0.4169405732503906,True
20261124,statistical,27,3.3,5,1,1,bounded,0,0,0,True,0.0001010083240330885,0.0001000009289086087,1.390710913912984,1.909289086087016,2.199172046391757,0.0008350446964537196,0.6912661753077319,0.6924894954071192,-0.005058000358113902,1.0,-0.004999543223013399,0.998366783528892,-0.0005913757223765815,1.0,0.001695115734412235,1.0,0.0005950599131096158,1.0,-0.007127821438768027,1.0,1.0100738576678667,0.0009289086086994303,1.0083240330884813,True
20261125,statistical,27,3.3,5,1,1,bounded,0,0,0,True,0.0001012231805111731,0.0001000029447281362,1.370552718637536,1.929447281362464,2.19899642577911,0.0008361256310467319,0.6852609188773431,0.6871515633506126,0.002256140932627577,1.0,0.00118925239596445,0.9997731068375708,-0.00107992316661501,1.0,0.01306094663252876,1.0,0.0007754256783166571,1.0,0.005850538825985322,1.0,1.0122019985146855,0.002944728136200503,1.2231805111730942,True
20261126,statistical,27,3.3,5,1,1,bounded,0,0,0,True,0.0001001266999293761,0.0001000080042174528,1.319957825472122,1.980042174527878,2.199896365592721,0.0008306599244531269,0.6327844325237008,0.6305826152685171,0.002598755668294277,1.0,-0.003660891568904058,0.9984488248212415,0.0003146287932607704,1.0,0.001623533064265836,1.0,-0.001930725204971796,1.0,0.01295737886834964,1.0,1.001186862120208,0.008004217452795004,0.1266999293761062,True
20261127,statistical,27,3.3,5,1,1,bounded,0,0,0,True,0.0001005267649274479,0.00010000034558441,1.396544155900319,1.903455844099682,2.199566943455716,0.0008326349759540247,0.714344981052151,0.7138648524556267,0.006385552214893075,1.0,0.006573335833579987,1.001087412710778,-0.0007554802271301091,1.0,-0.002952280635963951,1.0,-0.001276093250977062,1.0,0.007489744915426336,1.0,1.00526417523821,0.00034558440999976625,0.526764927447898,True
20261128,statistical,27,3.3,5,1,1,bounded,0,0,0,True,0.0001000392781003291,0.0001000066215194421,1.333784805578432,1.966215194421568,2.199968515192201,0.0008302182524043338,0.6490071472407093,0.6465391590488224,0.006867552245330724,1.0,-0.001362687524586964,1.003454964081661,0.001397800416185658,1.0,0.002334423580495202,1.0,-0.001114367419055224,1.0,-0.003854861596132334,1.0,1.000326544186683,0.006621519442107093,0.03927810032908763,True
20261129,statistical,27,3.3,5,1,1,bounded,0,0,0,True,0.0001003797400370345,0.0001000050189691681,1.349810308319155,1.950189691680845,2.199687863567636,0.0008319152736717655,0.665436505022999,0.6642716585878691,0.005978414190431953,1.0,-0.003478114610463027,1.001492723716829,0.0003214463215730797,1.0,-0.01019007424605045,1.0,-0.000885020965235734,1.0,0.0002226916546394167,1.0,1.003747022616754,0.005018969168091303,0.3797400370344928,True
20261130,statistical,27,3.3,5,1,1,bounded,0,0,0,True,0.0001004867815293266,0.0001000022428526251,1.377571473748984,1.922428526251016,2.19959981121139,0.000832441319948462,0.6835924783932478,0.6828920350851214,0.005083157630797075,1.0,-0.002064599320513799,0.9998159507701094,0.0008419605358623963,1.0,-0.001314652740922761,1.0,0.0001007207878460662,1.0,-0.006954168311402828,1.0,1.004845278094568,0.0022428526250894976,0.48678152932659646,True
20261131,statistical,27,3.3,5,1,1,bounded,0,0,0,True,0.0001006635098067434,0.0001000048893828362,1.351106171638042,1.948893828361958,2.199454627089617,0.0008333336948851428,0.6704915410298413,0.6703185276008808,0.006522010214580739,1.0,0.001307385602763839,1.001521461367809,-0.0001290492231304481,1.0,0.01157800910641438,1.0,-0.0003415604307601379,1.0,-0.00235918480505414,1.0,1.0065858822300766,0.004889382836203993,0.6635098067433898,True
20261132,statistical,27,3.3,5,1,1,bounded,0,0,0,True,0.0001005073691433935,0.0001000084746277331,1.315253722668922,1.984746277331078,2.199582885936881,0.0008325648228775721,0.6234496770601103,0.6225607944908704,-0.003847477161781799,1.0,-0.0008359343232376169,1.00007609267806,0.0009201720300094598,1.0,0.004434102719087748,1.0,-9.402650406342447e-06,1.0,-0.0007834320549465567,1.0,1.0049885223979014,0.008474627733079387,0.5073691433934879,True
20261133,statistical,27,3.3,5,1,1,bounded,0,0,0,True,0.0001008952120071561,0.0001000074860276904,1.325139723095954,1.974860276904047,2.199264643517878,0.0008345007748149509,0.6478284524129735,0.648313236866776,-0.001005049740593147,1.0,-0.005736879350883324,1.006315806410899,-6.935673461013881e-05,1.0,0.01479787530009168,1.0,0.000377642903026131,1.0,-0.00297482307723695,1.0,1.0088765952902756,0.007486027690406516,0.8952120071560987,True
20261134,statistical,27,3.3,5,1,1,bounded,0,0,0,True,0.0001005063984129285,0.0001000056939821146,1.343060178853974,1.956939821146026,2.199583683910395,0.00083255079309368,0.6534729560720841,0.65268055416938,0.0003078387618458161,1.0,-0.001958751668744186,1.00280710899452,0.0004391110595712773,1.0,-0.0003371185294612834,1.0,-0.0003939682223501703,1.0,0.003434090555795734,1.0,1.0050067592241643,0.0056939821146073655,0.5063984129284993,True
20261135,statistical,27,3.3,5,1,1,bounded,0,0,0,True,0.0001006915417280253,0.0001000027554080232,1.372445919767632,1.927554080232368,2.199431620572197,0.0008334668123749727,0.6722693566425152,0.6722870645563749,0.002590579682622222,1.0,-0.0124233458216224,1.001151655788561,-0.0008571148731980327,1.0,-0.002518496228843435,1.0,-0.0008786754665509645,1.0,-0.008658221561686783,1.0,1.006887673416515,0.002755408023191741,0.6915417280253022,True
20261136,statistical,27,3.3,5,1,1,bounded,0,0,0,True,0.0001009606502466766,9.999886467252607e-05,1.411353274739147,1.888646725260854,2.199211061804045,0.0008347995155407446,0.712488395345474,0.7136396981083944,0.004449481395317523,1.0,-0.01028708085439613,0.9986089327391948,-0.0001126859904876448,1.0,0.003223757375968877,1.0,0.001001391876498312,1.0,0.01490423275855984,1.0,1.0096179649369037,-0.0011353274739334118,0.9606502466765976,True
20261137,statistical,27,3.3,5,1,1,bounded,0,0,0,True,0.0001011365325852544,9.999975922870123e-05,1.4024077129876,1.8975922870124,2.199067208406301,0.0008356818792689331,0.7193597566438465,0.7210495106646057,-0.01586879720493388,1.0,0.002690162970157171,0.9938293463031358,-0.001913060541940253,1.0,0.001000032553378546,1.0,-0.0002592253488610697,1.0,0.0001293422569982328,1.0,1.0113677609358374,-0.00024077129877619896,1.1365325852543906,True
20261138,statistical,27,3.3,5,1,1,bounded,0,0,0,True,0.0001009975731123126,0.0001000061251895951,1.338748104048957,1.961251895951044,2.199180843251583,0.0008350080895752771,0.6559196128005436,0.6568655964942082,0.007802212775805199,1.0,0.0085697478328489,0.9984210003567732,-3.517902267587144e-05,1.0,-0.005282635156336871,1.0,0.0008737965891037082,1.0,0.0001263220574510483,1.0,1.0099138719837197,0.00612518959510755,0.9975731123125886,True
20261139,statistical,27,3.3,5,1,1,bounded,0,0,0,True,0.000100812940098244,9.999811742696117e-05,1.418825730388247,1.881174269611753,2.199332055187782,0.0008340584988885851,0.7300313738154575,0.730658481462972,-0.002629699352516212,1.0,0.006023543938114401,0.9979073702109668,-0.001044630699934805,1.0,-0.001268997151795274,1.0,-0.0004558481083774637,1.0,0.004992747588706097,1.0,1.0081483801120354,-0.0018825730388360995,0.8129400982439972,True
20261140,statistical,27,3.3,5,1,1,bounded,0,0,0,True,0.0001008136925913695,0.0001000026662374362,1.373337625638005,1.926662374361995,2.199331438378538,0.0008340772724284868,0.687010952510239,0.6874299485150813,-0.001159521167897896,1.0,-0.008157505378970215,0.9973394483122215,0.0002190385268599809,1.0,-0.007538174098381332,1.0,0.0005996792574317597,1.0,0.001725876220803144,1.0,1.0081100473062157,0.0026662374361885455,0.813692591369497,True
20261141,statistical,27,3.3,5,1,1,bounded,0,0,0,True,0.0001007681992731725,9.999885533866177e-05,1.411446613382265,1.888553386617735,2.199368736456741,0.0008338372298717029,0.7271787351116918,0.7276076572637092,0.0003922838205832203,1.0,0.007523176828515134,1.001093507890108,0.0003726877701205543,1.0,-0.001733202743524516,1.0,0.0007629439440080254,1.0,-0.006414530930404302,1.0,1.0076935274099412,-0.0011446613382370963,0.7681992731724874,True
20261142,statistical,27,3.3,5,1,1,bounded,0,0,0,True,0.0001004789737893076,9.99976771244078e-05,1.423228755921862,1.876771244078138,2.199606230880907,0.000832387214345958,0.7385682337898394,0.7380233344828604,0.00208360324806186,1.0,-0.001261964409029587,0.9980856942347616,0.0002585236778898729,1.0,0.01085333994114399,1.0,-0.0003271957848241842,1.0,0.0008617611119579344,1.0,1.0048130784508225,-0.002322875592208895,0.4789737893075907,True
20261143,statistical,27,3.3,5,1,1,bounded,0,0,0,True,0.0001005422486396092,0.0001000022637860809,1.37736213919045,1.92263786080955,2.199554218599019,0.0008327187245805894,0.6943287288451281,0.6938319438049808,-0.001421132134454788,1.0,0.008835884572725976,1.002054236006786,0.0009490909064195251,1.0,0.002457480095920473,1.0,0.0004119223279883542,1.0,0.001232468209968918,1.0,1.0053997262970307,0.002263786080902719,0.5422486396091886,True
20261144,statistical,27,3.3,5,1,1,bounded,0,0,0,True,9.992177204026468e-05,9.999908231935904e-05,1.409176806409388,1.890823193590612,2.200065586803343,0.000829605842744409,0.7179284482634206,0.7153521226917373,0.001708151989199942,1.0,-0.007679926762787215,1.001451931825997,0.001032971647817377,1.0,0.01335845002139897,1.0,-0.001588352446831132,1.0,0.0189287996439733,1.0,0.9992268901143766,-0.0009176806409660898,-0.07822795973532193,True
20261145,statistical,27,3.3,5,1,1,bounded,0,0,0,True,0.0001009250072925595,0.0001000037435713054,1.3625642869463,1.937435713053701,2.199240242691092,0.0008346374011363893,0.6840864613303945,0.6848793613618377,-0.002871130277645806,1.0,0.001486603632544992,1.004839646724597,-0.0007697374592557561,1.0,0.00310626972914355,1.0,-1.437017783980513e-05,1.0,-0.0004727687721933233,1.0,1.0092122923438083,0.003743571305392379,0.9250072925594877,True
20261146,statistical,27,3.3,5,1,1,bounded,0,0,0,True,0.0001003040222687303,0.0001000024714063164,1.375285936836267,1.924714063163733,2.199750202293126,0.0008315282778732107,0.6829112289010362,0.6815533489438165,-0.002112970231911388,1.0,0.001419163129254486,0.999377158705923,0.00105341886090826,1.0,0.003726900724719475,1.0,-0.0003466269376149265,1.0,-0.0005343218068421901,1.0,1.0030154341005102,0.00247140631639553,0.30402226873029736,True
20261147,statistical,27,3.3,5,1,1,bounded,0,0,0,True,0.000100124032122192,0.0001000020515876109,1.37948412389116,1.92051587610884,2.19989856646956,0.0008306269417382767,0.6918341009644707,0.6898700119445429,-0.002273365707185814,1.0,-0.005501221798205108,1.000987972937213,0.0005843487883841125,1.0,-0.00814618103680068,1.0,-0.001423249774484664,1.0,-0.003576467954643507,1.0,1.001219780320949,0.0020515876109072906,0.124032122191986,True
20261148,statistical,27,3.3,5,1,1,bounded,0,0,0,True,0.0001004365420319998,0.0001000004295653159,1.395704346841175,1.904295653158826,2.199641127257409,0.0008321841386136247,0.7065180091746242,0.7056937744405647,-0.008250729797960283,1.0,0.005135184902286156,0.9991981996599276,0.0003694640909999429,1.0,0.002271893211244632,1.0,-0.0004959290628953533,1.0,-0.001004433467046591,1.0,1.0043611059330404,0.00042956531589588565,0.43654203199978703,True
20261149,statistical,27,3.3,5,1,1,bounded,0,0,0,True,0.0001013243838060908,0.0001000022915119901,1.377084880098482,1.922915119901518,2.198913824861273,0.0008366294919079127,0.6913491342478766,0.6935912984383004,-0.006002455141851982,1.0,-0.00282236055506114,0.9984983988701208,-0.002041908448815922,1.0,0.01133496505835025,1.0,0.0001657227280537585,1.0,-0.007698488040283444,1.0,1.0132206199889149,0.0022915119900934755,1.3243838060907898,True
20261150,statistical,27,3.3,5,1,1,bounded,0,0,0,True,0.0001008611608633671,0.0001000025514753289,1.374485246710525,1.925514753289475,2.199292537962684,0.0008343142350752599,0.6726787689511172,0.6733075442329829,-5.054343572732988e-05,1.0,-0.000563277930702927,1.001422647942414,-0.000127923610600214,1.0,-0.001261716300218117,1.0,0.0004628540722867756,1.0,0.001394330196331678,1.0,1.0085858748139043,0.002551475328904651,0.8611608633670942,True
20261151,statistical,27,3.3,5,1,1,bounded,0,0,0,True,0.0001010416322744624,0.0001000059258660182,1.340741339817914,1.959258660182086,2.199144797754272,0.0008352277276179828,0.6467154022083091,0.6478101977125367,0.002369087312701688,1.0,0.004711368726457594,1.000000429734917,-0.0001701880077343641,1.0,-0.006332494792836377,1.0,0.0008879323840385497,1.0,0.0001176948611253721,1.0,1.0103564503750686,0.005925866018197112,1.0416322744623896,True
20261152,statistical,27,3.3,5,1,1,bounded,0,0,0,True,0.0001012820868741428,0.0001000050002880681,1.349997119319317,1.950002880680683,2.198948337686367,0.0008364269462096368,0.6680961674038943,0.67007517679959,0.003112596540385446,1.0,-0.007927347282688587,0.9988780276156324,-0.000997387350487991,1.0,-0.01492892908060489,1.0,0.0009467506815221782,1.0,0.003640833956006592,1.0,1.0127702273125945,0.005000288068091052,1.282086874142796,True
20261153,statistical,27,3.3,5,1,1,bounded,0,0,0,True,0.0001006145439687635,0.0001000003331808475,1.396668191524823,1.903331808475177,2.199494829047257,0.0008330738302293376,0.7046967880644187,0.7045228682075287,-0.004077902162903707,1.0,-0.005661086238933163,1.001533592284749,0.001006218781986903,1.0,-0.0100776564424257,1.0,0.0007924727617423274,1.0,0.0002114105135531188,1.0,1.0061420874149012,0.00033318084748934496,0.6145439687635035,True
20261154,statistical,27,3.3,5,1,1,bounded,0,0,0,True,0.000100863164592372,0.0001000047414473318,1.352585526681331,1.947414473318669,2.199290896277875,0.000834331480626505,0.6654474646295213,0.6660009571260717,-0.004496063357884902,1.0,0.006664026913068211,1.000728850680787,-0.0006461731591521803,1.0,0.01097744622162546,1.0,-0.0001306831353439208,1.0,-0.01126519286258588,1.0,1.0085838244528866,0.0047414473317797245,0.86316459237199,True
20261155,statistical,27,3.3,5,1,1,bounded,0,0,0,True,0.0001006970503979367,0.0001000036475240212,1.363524759788387,1.936475240211614,2.199427100172509,0.0008334972997067042,0.6789990577145056,0.6789803151423609,-0.006333778281844347,1.0,0.001346266547754346,1.000042100020475,6.5847038491995e-05,1.0,-0.0103649132549564,1.0,7.868258608681099e-06,1.0,0.0007382677301057153,1.0,1.006933775828016,0.0036475240211997217,0.6970503979366827,True
20261156,statistical,27,3.3,5,1,1,bounded,0,0,0,True,0.0001005135323771035,0.0001000015867544369,1.38413245563114,1.91586754436886,2.199577819716739,0.0008325729090669627,0.6872681068809995,0.6866673287927776,-0.004582781967750365,1.0,0.0008350126900358746,0.996932159726274,0.000548319526870214,1.0,0.001437390458533207,1.0,-9.304889871852491e-05,1.0,0.005805335037102452,1.0,1.0051193749947562,0.0015867544368886044,0.5135323771034983,True
20261157,statistical,27,3.3,5,1,1,bounded,0,0,0,True,0.0001007703059394095,9.999983305284237e-05,1.401669471576352,1.898330528423648,2.199367008939641,0.0008338509896607851,0.713022028600204,0.7134272372111492,-0.004463634202779267,1.0,0.00536748517467167,1.000596185636855,-0.0009060553198647191,1.0,0.00531289999863143,1.0,-0.0005395044563550511,1.0,0.005325747208991174,1.0,1.0077047417285185,-0.00016694715763154733,0.7703059394094991,True
20261158,statistical,27,3.3,5,1,1,bounded,0,0,0,True,0.000100432285950859,0.0001000003496024784,1.396503975215805,1.903496024784195,2.19964462827268,0.0008321625943325518,0.7093095716431678,0.7084880765190147,0.001166311811842649,1.0,0.001265800783461996,0.99760744611353,0.0004596265294625101,1.0,-0.01033504108837119,1.0,-0.0004030585332988488,1.0,0.0006082295749254742,1.0,1.0043193483832569,0.00034960247838888847,0.43228595085900157,True
20261159,statistical,27,3.3,5,1,1,bounded,0,0,0,True,0.0001008101705693355,0.0001000024113853338,1.375886146662018,1.924113853337982,2.199334325373341,0.00083405882130632,0.7035122341835278,0.7039314987821889,0.008481583034658138,1.0,4.738278958520212e-05,0.999634947718114,-0.0005701924655939555,1.0,-0.0007211992569390368,1.0,-0.0001893097330085241,1.0,0.01256883427478688,1.0,1.008077397062849,0.002411385333789262,0.8101705693354999,True
20261160,statistical,27,3.3,5,1,1,bounded,0,0,0,True,0.0001007681283327634,0.0001000011928581604,1.388071418395572,1.911928581604428,2.199368794630176,0.0008338445889836217,0.695086668800023,0.6954275375437603,0.007311419119699581,1.0,0.001839133263104445,0.9993902810946088,0.0008335582024564549,1.0,-0.005451037785639746,1.0,0.001135742979504794,1.0,-0.00835057496670295,1.0,1.0076692632625974,0.0011928581604037092,0.7681283327633848,True
20261161,statistical,27,3.3,5,1,1,bounded,0,0,0,True,0.0001006722519260385,0.0001000014219809468,1.385780190531943,1.914219809468058,2.199447451562368,0.0008333659630559414,0.6966031997768428,0.6966205878079326,0.002642159407818236,1.0,0.005449836285092626,1.002233321668219,0.0003291095132987279,1.0,-0.008160952029218257,1.0,0.0003070935939899467,1.0,-0.0003873741118906179,1.0,1.0067082040615334,0.001421980946791912,0.6722519260385029,True
20261162,statistical,27,3.3,5,1,1,bounded,0,0,0,True,0.0001003107719070363,9.999987762711795e-05,1.401223728820259,1.898776271179741,2.19974464349619,0.0008315534665932892,0.7195750470084632,0.7183424695743671,0.001207411458232559,1.0,-0.001750174545523871,0.9982044156206412,0.000462268190723954,1.0,0.005572363397267337,1.0,-0.0008124051613761492,1.0,0.005764499993795123,1.0,1.003108946603691,-0.0001223728820498593,0.3107719070363002,True
20261163,statistical,27,3.3,5,1,1,bounded,0,0,0,True,0.00010021323385374,0.0001000077104699209,1.322895300791108,1.977104699208893,2.199825007039302,0.0008310916247081095,0.6436920736498402,0.6418240874934354,0.004204003980108667,1.0,-0.003823812218683512,0.9972716705677351,0.001240378842878895,1.0,0.00294390749966915,1.0,-0.0006704956304393461,1.0,0.003868916272455142,1.0,1.0020550753822217,0.007710469920896301,0.21323385373999137,True
20261164,statistical,27,3.3,5,1,1,bounded,0,0,0,True,0.0001004491191382363,0.0001000030237764294,1.369762235705719,1.930237764294281,2.199630782253623,0.0008322555850413956,0.6769065934544829,0.6760451098100355,-0.001157659289465443,1.0,0.001018483035552294,1.001156192045914,0.001511843278275219,1.0,-0.00343453865449859,1.0,0.000609275157990223,1.0,-0.001598627800709732,1.0,1.0044608187328836,0.0030237764294005487,0.4491191382363091,True
20261165,statistical,27,3.3,5,1,1,bounded,0,0,0,True,0.0001006999064118332,0.0001000013093270941,1.38690672905866,1.913093270941341,2.199424756626624,0.0008335038637266106,0.7122473038140255,0.7123384356055227,0.005296664222815299,1.0,0.0002267404049863113,1.001076149730247,0.0001753699274490241,1.0,0.00334376708719316,1.0,0.0002273037799672436,1.0,-0.00399905474484652,1.0,1.0069858793793796,0.0013093270941011426,0.6999064118331955,True
20261166,statistical,27,3.3,5,1,1,bounded,0,0,0,True,9.989388376812861e-05,0.0001000065679022982,1.33432097701809,1.965679022981911,2.200088641017301,0.0008294911038086638,0.6378753079159936,0.6348333159747591,-0.005652864272615575,1.0,-0.008634606350734724,1.00061945332848,0.0007608789344751898,1.0,0.002598421552825359,1.0,-0.002326377481139362,1.0,0.001445242960040741,1.0,0.9988732326632819,0.0065679022982045865,-0.1061162318713893,True
20261167,statistical,27,3.3,5,1,1,bounded,0,0,0,True,0.0001002847270506314,0.0001000006318134405,1.393681865595122,1.906318134404879,2.199766095186281,0.0008314257311262557,0.7124542162703894,0.7111058095735913,-0.001566746341199647,1.0,0.0008155762506900319,0.9985676963449496,0.000885387094062614,1.0,0.003662633861832419,1.0,-0.0005053163903254796,1.0,-0.005570277521430946,1.0,1.0028409344225033,0.0006318134404992293,0.2847270506314059,True
20261168,statistical,27,3.3,5,1,1,bounded,0,0,0,True,0.0001010358313881844,9.999937951099349e-05,1.406204890065088,1.893795109934912,2.199149542707419,0.0008351771202172054,0.7136292974436846,0.7150146429953507,0.003772813469321781,1.0,0.002595112442480346,1.000032466589022,-0.0003095171007435603,1.0,0.00310363488062453,1.0,0.001039160742160809,1.0,-0.004274164935391435,1.0,1.0103645830830077,-0.0006204890065197866,1.035831388184394,True
20261169,statistical,27,3.3,5,1,1,bounded,0,0,0,True,0.0001007377487480844,0.0001000041396399335,1.358603600664806,1.941396399335194,2.199393710409777,0.0008337024154403478,0.6717838936417173,0.6719004555373188,0.002626062516982796,1.0,-7.708226711686259e-06,1.000726282662279,0.0003294693273363665,1.0,0.003207408218002227,1.0,0.0004070959508551231,1.0,0.009145804450291376,1.0,1.007335787406324,0.004139639933486983,0.7377487480843881,True
20261170,statistical,27,3.3,5,1,1,bounded,0,0,0,True,0.0001004769196097967,0.0001000029010530109,1.370989469890821,1.929010530109179,2.199607919943486,0.0008323941824137549,0.6683252638303618,0.6675684143516234,0.005358463507499667,1.0,-0.002856257170737364,0.9995964571732352,0.001069458692823658,1.0,0.007862790384284814,1.0,0.0002717347486956957,1.0,-0.002781848094075761,1.0,1.0047400480565511,0.0029010530109063737,0.4769196097966999,True
20261171,statistical,27,3.3,5,1,1,bounded,0,0,0,True,0.0001007351395422197,0.00010000700539705,1.329946029499506,1.970053970500494,2.199395850675815,0.0008336988264102145,0.6493392536963007,0.6493293718897312,0.006823925626059588,1.0,0.003827724600898566,0.9983019351258052,0.0007937218878630221,1.0,0.00439276965757327,1.0,0.0007448612917303305,1.0,0.006974866954560014,1.0,1.0072808314005488,0.007005397049986151,0.7351395422196871,True
20261172,statistical,27,3.3,5,1,1,bounded,0,0,0,True,0.0001010002760433294,0.000100003014111053,1.369858889469998,1.930141110530002,2.199178631515947,0.0008350113376713481,0.678680586353658,0.6797601159983465,0.003826619635157477,1.0,0.001141763692171201,1.00172976578925,-0.00140317670141603,1.0,0.001199746580367361,1.0,-0.000360609250693006,1.0,0.008867466481116772,1.0,1.0099723187460026,0.0030141110529902093,1.0002760433293956,True
20261173,statistical,27,3.3,5,1,1,bounded,0,0,0,True,0.0001001446619736192,0.0001000054438586725,1.345561413274542,1.954438586725458,2.199881548771624,0.0008307412854898406,0.6537288934110725,0.6516549738228217,0.00160816201713764,1.0,-0.003750343913749045,1.000588046308416,0.001123408795553056,1.0,-0.00642381540555876,1.0,-0.0009938916608969812,1.0,-0.005820937301571476,1.0,1.0013921053652184,0.00544385867249364,0.14466197361919786,True
20261174,statistical,27,3.3,5,1,1,bounded,0,0,0,True,0.0001003077553798305,0.00010000349171044,1.365082895600197,1.934917104399803,2.199747127772873,0.0008315503104326076,0.6723984423104234,0.6710157944836334,-0.005294626539362557,1.0,0.0007745387918833438,1.002412368712386,0.0001192327527726003,1.0,-0.0009524074936451638,1.0,-0.001305560906385806,1.0,-0.000158125798259282,1.0,1.0030425304575514,0.00349171043998453,0.30775537983049883,True
20261175,statistical,27,3.3,5,1,1,bounded,0,0,0,True,0.0001003869880811016,0.000100002375742183,1.376242578169854,1.923757421830147,2.199681898541966,0.0008319427912429783,0.686076836418634,0.6850187299667472,-0.003918213962167061,1.0,0.0008562119211101943,1.003298961124323,-9.125980842765006e-05,1.0,0.003619455239583744,1.0,-0.001190910840942403,1.0,0.007537073444441255,1.0,1.003846032017381,0.0023757421829806447,0.38698808110158023,True
20261176,statistical,27,3.3,5,1,1,bounded,0,0,0,True,0.0001001412986931917,0.0001000059373348583,1.340626651416661,1.95937334858334,2.199884322938725,0.0008307260975591142,0.6516831151481279,0.6495878802895099,-0.003019726872181199,1.0,0.00179895833507976,0.9961979987217192,0.0006171867596987641,1.0,-0.004158281985516797,1.0,-0.001521458482883741,1.0,-0.0009142307033137615,1.0,1.0013535332195342,0.00593733485829695,0.14129869319168264,True
20261177,statistical,27,3.3,5,1,1,bounded,0,0,0,True,0.0001003571071615673,0.0001000029752752701,1.370247247299217,1.929752752700783,2.199706492670558,0.0008317953651071407,0.6768270902484596,0.6756468819661388,-0.002561884257165709,1.0,-0.001548607995601139,0.9966034728790942,0.0003248908799864425,1.0,-0.001200855071965049,1.0,-0.0008970899748535784,1.0,0.006789826948343872,1.0,1.0035412135021224,0.0029752752700895613,0.35710716156729383,True
20261178,statistical,27,3.3,5,1,1,bounded,0,0,0,True,0.0001011866441624355,0.0001000097463653997,1.302536346003003,1.997463653996997,2.199026265357252,0.0008359653947062834,0.63255572104824,0.6339745598968625,-0.01099879534444659,1.0,0.003348037828448833,1.000097810664802,-0.000305979413365966,1.0,-0.004649784501227137,1.0,0.001077235458509824,1.0,-0.003915028527294292,1.0,1.0117678310345457,0.009746365399698753,1.1866441624355017,True
20261179,statistical,27,3.3,5,1,1,bounded,0,0,0,True,0.0001004106558825803,9.999478393037562e-05,1.452160696243826,1.847839303756175,2.1996624231323,0.0008320360772718797,0.7564199803135391,0.7557585972246974,-0.01728384949745148,1.0,-0.001299223815925636,0.9968929591493216,0.00121656924806019,1.0,0.0117738125377112,1.0,0.0005138791486368199,1.0,-0.00914079102980919,1.0,1.004158936455068,-0.005216069624391917,0.41065588258029084,True
20261180,statistical,27,3.3,5,1,1,bounded,0,0,0,True,0.0001000382684134705,0.000100003892462135,1.361075378649922,1.938924621350079,2.199969348836913,0.0008302041980803071,0.6890159921217991,0.6867229239563932,-0.01162425220283284,1.0,-0.00237528725893175,1.00067817542289,0.002016932613240666,1.0,0.001972025658210337,1.0,-0.0003203038595518139,1.0,-0.009592964937101413,1.0,1.000343746133167,0.0038924621349911703,0.03826841347049914,True
20261181,statistical,27,3.3,5,1,1,bounded,0,0,0,True,0.000100576096618127,0.0001000048342338262,1.351657661737586,1.948342338262414,2.199526407990352,0.0008328964469504923,0.65190134875824,0.6513864272970445,0.00855110061568173,1.0,0.005951201779816431,0.996434783900237,0.001304227324442388,1.0,0.008867342194339628,1.0,0.0007491580805597833,1.0,0.005046257931669068,1.0,1.0057123476947636,0.004834233826200851,0.5760966181269866,True
20261182,statistical,27,3.3,5,1,1,bounded,0,0,0,True,0.0001008688002440862,0.0001000015414848241,1.384585151758994,1.915414848241006,2.199286279069284,0.0008343490990084096,0.6868392346655753,0.6875750978579558,-0.00626272264615088,1.0,-0.01004653025011467,0.9983681242395256,0.0004293983014736975,1.0,0.002673818674474408,1.0,0.001127327672131531,1.0,-0.002796018521330834,1.0,1.0086724539080603,0.0015414848240968837,0.8688002440861986,True
20261183,statistical,27,3.3,5,1,1,bounded,0,0,0,True,0.0001012858445678545,0.0001000037254350533,1.362745649466971,1.937254350533029,2.198945270991464,0.0008364415276632925,0.6781600084703723,0.6801903650853727,-0.01015372340662436,1.0,9.583973193883155e-05,0.997486644300246,-0.0004873804100898733,1.0,0.001022383136079413,1.0,0.001508143631803883,1.0,0.01019847144475657,1.0,1.0128207137006497,0.0037254350532922587,1.2858445678544994,True
20261184,statistical,27,3.3,5,1,1,bounded,0,0,0,True,0.0001005596452241377,0.0001000024121124278,1.375878875722081,1.92412112427792,2.199539923896865,0.0008328061969804306,0.6923908200444904,0.6919472607429838,0.002579183057443515,1.0,0.008240603729668594,1.000368433303683,0.001934052899777809,1.0,-0.006404325535371238,1.0,0.001450238918027565,1.0,-0.004025382503032518,1.0,1.0055721967094498,0.0024121124277964867,0.5596452241376948,True
20261185,statistical,27,3.3,5,1,1,bounded,0,0,0,True,0.0001007322013584434,0.0001000050299003214,1.349700996785831,1.95029900321417,2.19939826085652,0.0008336776163517084,0.6644045473988832,0.6644811270787098,-0.007774748356055775,1.0,-0.005252429842688215,0.9976576787395788,9.092908716374364e-05,1.0,-0.003956867406753577,1.0,0.000128524214539628,1.0,0.001924503453497477,1.0,1.0072713488396214,0.00502990032138495,0.7322013584433851,True
20261186,statistical,27,3.3,5,1,1,bounded,0,0,0,True,0.0001006332748839468,0.0001000008801256581,1.391198743418649,1.908801256581351,2.199479448412094,0.0008331692897230496,0.7079779533494818,0.7078485428932385,-0.002928291864997483,1.0,-0.002805918378149947,0.9973215297560711,0.0005666549085291915,1.0,-0.003603625424562266,1.0,0.000397552687055154,1.0,-0.02287248004734816,1.0,1.0063238919246917,0.0008801256580870387,0.6332748839467994,True
20261187,statistical,27,3.3,5,1,1,bounded,0,0,0,True,0.0001007323145397122,9.999594816879385e-05,1.440518312061378,1.859481687938622,2.199398168013125,0.0008336482125453105,0.7496563064511435,0.7500581358324822,-0.01447848836202413,1.0,0.004002866860591026,0.999645495832302,-0.001110434163661951,1.0,0.004218757102485413,1.0,-0.0007475151531773647,1.0,0.001047204644105439,1.0,1.0073639620844972,-0.004051831206153267,0.7323145397121866,True
20261188,statistical,27,3.3,5,1,1,bounded,0,0,0,True,9.995843982594358e-05,9.999888283412667e-05,1.411171658733195,1.888828341266805,2.200035284084505,0.0008297885233706642,0.7323353064817242,0.7299527743263095,0.009433725552979125,1.0,0.001416959120643703,0.9985711685630372,0.00104415724883628,1.0,0.01396728857867408,1.0,-0.001383099922830247,1.0,-0.004820978187174266,1.0,0.9995955653999637,-0.0011171658733322154,-0.041560174056431975,True
20261189,statistical,27,3.3,5,1,1,bounded,0,0,0,True,0.0001009315902448228,0.0001000040448537025,1.359551462975219,1.940448537024781,2.19923485249952,0.0008346713101303053,0.6596830327577985,0.6605113874833534,0.0003713143643125293,1.0,0.003080823506712618,0.9988923783301323,-0.0005112982899869094,1.0,-0.006047568402628122,1.0,0.000279573280281673,1.0,0.0004766831281792787,1.0,1.0092750787478368,0.004044853702489526,0.9315902448227886,True
20261190,statistical,27,3.3,5,1,1,bounded,0,0,0,True,0.000100365788679614,9.999982771992955e-05,1.401722800704402,1.898277199295598,2.199699346453047,0.0008318283857618532,0.7127320400628245,0.711745773074827,0.001886042014133465,1.0,-0.002085437501183103,1.001243862760372,0.002186556683185357,1.0,0.007809221714089338,1.0,0.001158605757969861,1.0,0.01104436776465194,1.0,1.0036596159016333,-0.00017228007045400062,0.36578867961398753,True
20261191,statistical,27,3.3,5,1,1,bounded,0,0,0,True,0.0001013261885774987,0.0001000002195156139,1.397804843861023,1.902195156138977,2.198912352531456,0.0008366316781772292,0.7050497253269504,0.7074081433122489,0.001679400256676961,1.0,0.004231574253033031,1.00137488145962,-0.001301602332445479,1.0,-0.01194848414279382,1.0,0.001022313473132578,1.0,-0.01063621955589692,1.0,1.0132596615118206,0.00021951561390842755,1.3261885774986881,True
20261192,statistical,27,3.3,5,1,1,bounded,0,0,0,True,9.986415085150204e-05,0.0001000048765623253,1.351234376746441,1.94876562325356,2.200113226792507,0.0008293368578013321,0.6816561532714117,0.6787034186348164,-0.00410957675006858,1.0,-0.0006525491417037477,1.000253642259128,0.001001967151836262,1.0,-0.004017821589738688,1.0,-0.001996245860479407,1.0,0.001772268607357786,1.0,0.998592811514191,0.004876562325306644,-0.13584914849795737,True
20261193,statistical,27,3.3,5,1,1,bounded,0,0,0,True,0.0001003725284403102,0.0001000035914253417,1.364085746583274,1.935914253416726,2.199693798999236,0.0008318745047938263,0.6763195696019114,0.6751691998858589,0.007490592953232218,1.0,4.007180241009069e-05,0.9992280645241114,0.001324618740991128,1.0,0.003164036388868286,1.0,0.0001325862195374079,1.0,-0.002899529179608806,1.0,1.003689237653469,0.0035914253416979847,0.3725284403101936,True
20261194,statistical,27,3.3,5,1,1,bounded,0,0,0,True,0.0001004038423772115,0.0001000041137237245,1.358862762754955,1.941137237245046,2.199668029286606,0.0008320327980654749,0.6649703766525293,0.6639004812450026,-0.006719231815028683,1.0,0.001221130548654947,0.9991911708875294,-1.902493686202711e-05,1.0,-0.008779015714958156,1.0,-0.001130352162831507,1.0,0.005641903292242884,1.0,1.0039971221043098,0.004113723724508134,0.4038423772114941,True
20261195,statistical,27,3.3,5,1,1,bounded,0,0,0,True,0.0001012473434540374,0.0001000065907373084,1.334092626915456,1.965907373084544,2.198976697231493,0.0008362584775912292,0.6577450004974246,0.6595180058992082,-0.006690779974610744,1.0,-0.002243437738135375,1.00183500897729,-0.002242825475587269,1.0,0.009106672759130928,1.0,-0.0005049644058145844,1.0,-7.292638209583277e-05,1.0,1.01240670947366,0.006590737308398431,1.2473434540373862,True
20261196,statistical,27,3.3,5,1,1,bounded,0,0,0,True,0.0001010717799646733,0.0001000071745860419,1.328254139580558,1.971745860419442,2.199120141954529,0.0008353825868450909,0.640090589857429,0.6412515224853957,0.001288900434048147,1.0,0.00765322615400255,1.000526151226089,-0.00102447812281627,1.0,0.006938397853330855,1.0,9.999408292322119e-05,1.0,0.002724109381710853,1.0,1.0106452900308214,0.007174586041891473,1.0717799646732917,True
20261197,statistical,27,3.3,5,1,1,bounded,0,0,0,True,0.0001005022923384614,0.0001000059176716227,1.340823283773265,1.959176716226735,2.199587059324303,0.0008325310008985298,0.6601765325729454,0.6593682966939731,0.004289252059776435,1.0,-0.005735683906182443,1.003119362755377,0.0003209904843335243,1.0,-0.01071462387646392,1.0,-0.0005279566207070729,1.0,-0.008035472439478192,1.0,1.0049634529475404,0.005917671622679421,0.5022923384613964,True
20261198,statistical,27,3.3,5,1,1,bounded,0,0,0,True,0.0001001792795294455,0.0001000013426899013,1.386573100987172,1.913426899012828,2.199852999923857,0.000830900839413632,0.695966283794357,0.694220361336258,0.003131796889525477,1.0,0.002410021444312245,1.000637810936845,0.0002880659483759745,1.0,0.01250953883719481,1.0,-0.001500946649923119,1.0,-0.003876636576107581,1.0,1.0017793445043632,0.0013426899012847215,0.1792795294454974,True
20261199,statistical,27,3.3,5,1,1,bounded,0,0,0,True,0.0001001782025676369,0.0001000047232896914,1.352767103085885,1.947232896914116,2.199853887946789,0.0008309066105826107,0.6715858844116384,0.6697075271460308,-0.007340783369717017,1.0,0.006046917415057747,1.003025036944292,0.0007598088443708965,1.0,-0.003234725525296704,1.0,-0.001161674748439052,1.0,0.003247906980749699,1.0,1.0017347108440364,0.00472328969141067,0.17820256763689812,True
20261200,statistical,27,3.3,5,1,1,bounded,0,0,0,True,0.000100430330357696,0.0001000038558989628,1.361441010371564,1.938558989628437,2.199646236973276,0.000832164387143907,0.669937923311305,0.6689590530086365,-0.00336390364457323,1.0,-0.0001397361264139453,0.998854128318602,0.0005329314387832353,1.0,0.008146461203395329,1.0,-0.000487170523654485,1.0,0.003068540634889289,1.0,1.0042645801494303,0.0038558989627901497,0.43033035769599604,True
20261201,statistical,27,3.3,5,1,1,bounded,0,0,0,True,0.000100525330046345,0.0001000036976296981,1.36302370301864,1.936976296981361,2.199568122765913,0.0008326388632983865,0.6703322338366905,0.6697230311506279,0.0005160540449301148,1.0,-0.002024986657885679,1.003217334581721,0.0006461363743324931,1.0,-0.002283555337017319,1.0,-3.586345739402395e-06,1.0,-0.006432435482327368,1.0,1.0052161312932493,0.003697629698096172,0.525330046344985,True
20261202,statistical,27,3.3,5,1,1,bounded,0,0,0,True,9.988078432341744e-05,0.0001000048325647729,1.351674352270732,1.948325647729268,2.200099471936142,0.0008294198799695466,0.6515084081632128,0.6484995732217858,-8.393918504073038e-05,1.0,-0.00499771048538717,1.003297222859618,0.0009394946476982876,1.0,0.003393979329282069,1.0,-0.002114689111683336,1.0,-0.008193145712893821,1.0,0.9987595775306647,0.004832564772905279,-0.11921567658256249,True
20261203,statistical,27,3.3,5,1,1,bounded,0,0,0,True,0.0001016208198061931,0.0001000020788574604,1.379211425395538,1.920788574604462,2.198672322221446,0.0008381109701491567,0.693959400936748,0.6972120339263627,0.001170239983491556,1.0,0.002954702815963741,1.000144578465019,-0.001188477858993107,1.0,-0.005967357374306605,1.0,0.002031841633046763,1.0,-0.002546138218426609,1.0,1.0161870729811526,0.0020788574603969323,1.6208198061930856,True
20261204,statistical,27,3.3,5,1,1,bounded,0,0,0,True,0.0001009556154795845,0.0001000020858858738,1.37914114126217,1.92085885873783,2.199215183181196,0.0008347849717092244,0.6923921140823894,0.6933795385610592,-0.005073001836984681,1.0,-0.003108583992064274,1.003258909304017,-0.001312546831185111,1.0,-0.00726924938013047,1.0,-0.000362412495058025,1.0,-0.00081104902466379,1.0,1.0095350970458647,0.0020858858737815567,0.9556154795844929,True
20261205,statistical,27,3.3,5,1,1,bounded,0,0,0,True,0.0001004073649963678,0.0001000008489340793,1.391510659206921,1.908489340793079,2.199665130829862,0.0008320396373527389,0.7083823906836365,0.7074650880467586,0.0004829377642573509,1.0,-0.003584371919994419,0.9988057339227864,-0.001747532086364094,1.0,-0.00446992434501182,1.0,-0.002706216088670577,1.0,0.002525495688738678,1.0,1.004065126112644,0.000848934079300534,0.4073649963677983,True
20261206,statistical,27,3.3,5,1,1,bounded,0,0,0,True,0.0001010375104197649,0.0001000081036383503,1.318963616497327,1.981036383502673,2.199148169283022,0.0008352143049938537,0.6414732791415739,0.642464225148529,0.01669691736762138,1.0,-0.007776836787279319,0.995760352166537,-0.0005665122318155895,1.0,0.002864453744157647,1.0,0.0003877077586895737,1.0,0.007833383579381828,1.0,1.0102932336877135,0.00810363835028749,1.0375104197648977,True
20261207,statistical,27,3.3,5,1,1,bounded,0,0,0,True,0.0001006647812936413,0.0001000025084420621,1.374915579379185,1.925084420620815,2.199453583417414,0.0008333321952172235,0.698177274353562,0.6980822129378882,-0.005753452685413266,1.0,-0.001660868487748021,1.002966364459119,-0.001456303185119197,1.0,-9.406825783545456e-05,1.0,-0.001590834125017202,1.0,0.001656411173769945,1.0,1.0066225623926512,0.002508442062088001,0.6647812936412922,True
20261208,statistical,27,3.3,5,1,1,bounded,0,0,0,True,0.0001009606524317021,0.0001000039406618075,1.360593381924734,1.939406618075266,2.199211060015458,0.0008348162772306039,0.6589142679244927,0.6598233026972006,-0.005681968695644407,1.0,-0.003641745491815492,1.001020218092305,-0.001509361355326628,1.0,0.004849306896380684,1.0,-0.0006375906730964573,1.0,0.003231303966391498,1.0,1.0095667407060487,0.00394066180751107,0.9606524317020915,True
20261209,statistical,27,3.3,5,1,1,bounded,0,0,0,True,0.0001006827372196141,0.0001000015523861255,1.384476138744807,1.915523861255194,2.199438846010304,0.0008334188198605757,0.6894500953443904,0.6894827234862446,0.003000755048100796,1.0,0.0007136027388158919,0.9999470250152828,-0.0002367026219285326,1.0,-0.007347783548200647,1.0,-0.0002434000767385302,1.0,-0.006897318034597087,1.0,1.0068117425903391,0.0015523861254918003,0.6827372196140935,True
20261210,statistical,27,3.3,5,1,1,bounded,0,0,0,True,0.0001004164943106679,0.0001000075335920726,1.324664079273592,1.975335920726408,2.1996576195561,0.0008321073432954989,0.6405777258840575,0.63939935729375,0.002034779504637518,1.0,-0.009451394566318667,1.003711154006412,0.0007817305412177563,1.0,-0.007689746001658156,1.0,-0.0004380031711625616,1.0,-0.01661824561968438,1.0,1.004089299114839,0.0075335920725949634,0.4164943106679031,True
20261211,statistical,27,3.3,5,1,1,bounded,0,0,0,True,0.0001002888030561556,9.99997482590863e-05,1.40251740913685,1.89748259086315,2.199762737663344,0.0008314431954256308,0.7132617404580536,0.7119488263894989,0.004205663076604869,1.0,-0.0005134460660084589,1.000666553354012,0.0004865023018554347,1.0,0.00341859291826125,1.0,-0.0008686698964250337,1.0,0.005977073595298313,1.0,1.0028905552474032,-0.0002517409137037241,0.28880305615559543,True
20261212,statistical,27,3.3,5,1,1,bounded,0,0,0,True,0.000100544506575634,9.999769854720833e-05,1.423014527916691,1.87698547208331,2.199552363131062,0.000832714948972673,0.7171138143438922,0.7167962519380137,0.001240970948386282,1.0,-5.126434853073744e-05,0.9956501808722468,0.0009997616883542547,1.0,-0.008324726511330888,1.0,0.0006418723310141118,1.0,0.01632016586136259,1.0,1.0054682061324394,-0.0023014527916753735,0.5445065756339851,True
20261213,statistical,27,3.3,5,1,1,bounded,0,0,0,True,0.0001007851160170893,0.000100001727944889,1.382720551109496,1.917279448890504,2.199354865276167,0.0008339312931922542,0.7104296910467918,0.7107837728585109,0.00497509836374557,1.0,0.001747645881670023,1.003083711442288,0.0002357937409127951,1.0,0.001028874096898901,1.0,0.0005513118688163977,1.0,0.009884542505211773,1.0,1.0078337453592006,0.0017279448889961913,0.7851160170893046,True
20261214,statistical,27,3.3,5,1,1,bounded,0,0,0,True,0.0001003381701457896,0.0001000050680359544,1.349319640455892,1.950680359544109,2.199722082746523,0.0008317075861358819,0.664474435038537,0.6631073187446412,-0.01418515863365831,1.0,0.001024754280206638,1.000199615045394,0.000134744438531671,1.0,-0.002403703669329505,1.0,-0.001274303079056845,1.0,-0.01032108430927423,1.0,1.0033308522895605,0.005068035954391981,0.3381701457896069,True
20261215,statistical,27,3.3,5,1,1,bounded,0,0,0,True,0.0001006404474557633,9.999710109044356e-05,1.428989095564171,1.871010904435829,2.199473559464586,0.0008331926817658024,0.752710792277284,0.7527786953188739,0.0007402490571904768,1.0,-0.002843033545293601,0.9996254922367788,-0.0001112240965445407,1.0,-0.001383908266831148,1.0,-8.293068045898509e-05,1.0,0.007139036986131719,1.0,1.0064336501588966,-0.0028989095564369016,0.6404474557633044,True
20261216,statistical,27,3.3,5,1,1,bounded,0,0,0,True,0.0001001499342167057,0.0001000026785367565,1.373214632434825,1.926785367565175,2.19987720019256,0.0008307585211429509,0.6750616646501009,0.6731487090311862,0.006400189467088759,1.0,0.0001440087740249597,0.9954627548431771,0.001829012596412919,1.0,0.003919701617140831,1.0,-0.0001272625857882975,1.0,0.001201902581183573,1.0,1.0014725173575734,0.0026785367564841067,0.14993421670568274,True
20261217,statistical,27,3.3,5,1,1,bounded,0,0,0,True,0.000100883816566263,0.0001000012645320851,1.387354679149279,1.912645320850721,2.199273977594417,0.0008344232666751368,0.6944442845606077,0.695171624130204,0.00365602971745083,1.0,-0.0001001166757444521,1.000872710261898,-0.000394528093140088,1.0,-0.00315919641533911,1.0,0.0002949925343469363,1.0,-0.007868177294612602,1.0,1.0088254087416537,0.0012645320850879216,0.883816566262996,True
20261218,statistical,27,3.3,5,1,1,bounded,0,0,0,True,0.0001009598220661302,0.0001000036797088564,1.363202911436009,1.936797088563992,2.199211739725688,0.0008348112642579692,0.6753452709829688,0.676242855063543,0.0006159844986691269,1.0,0.0001673471449573051,1.000849892296649,-0.0004776661982376181,1.0,-0.009554173805208864,1.0,0.0003826473915136296,1.0,0.005347857091959032,1.0,1.0095610717531338,0.0036797088563966796,0.9598220661301893,True
20261219,statistical,27,3.3,5,1,1,bounded,0,0,0,True,0.0001005989481502424,0.000100000133348555,1.398666514450005,1.901333485549995,2.199507637392325,0.0008329951916898454,0.7152607991954971,0.7150291060307687,0.001821967098235247,1.0,0.001351866067246845,0.9990681872232536,0.0005534084489646613,1.0,-0.000716458722259502,1.0,0.0002817732708270536,1.0,0.006209527969724526,1.0,1.0059881400317758,0.00013334855499813614,0.5989481502423954,True
20261220,statistical,27,3.3,5,1,1,bounded,0,0,0,True,0.0001006690141755263,0.000100004400727556,1.355992724439829,1.944007275560171,2.199450109038161,0.0008333596041678229,0.6757570623155488,0.6755875586241394,-0.003673259633650637,1.0,0.0009300715412443839,0.9987249020258012,0.0003511728079038945,1.0,0.01081202634072585,1.0,0.0001422169583455283,1.0,-0.01155805598665135,1.0,1.006645842014302,0.004400727555986528,0.6690141755262946,True
20261221,statistical,27,3.3,5,1,1,bounded,0,0,0,True,0.0001008401430564589,0.0001000023359046986,1.376640953013692,1.923359046986308,2.199309760008214,0.0008342084346557018,0.6729677264701206,0.6735404632416252,0.003885724980071608,1.0,0.00327108111827998,0.9981210734112784,-0.0004372078674347349,1.0,0.009411251658220269,1.0,9.737600162660166e-05,1.0,-0.003140721474455758,1.0,1.008377875818408,0.0023359046986026755,0.8401430564588974,True
20261222,statistical,27,3.3,5,1,1,bounded,0,0,0,True,0.0001012790273124366,9.999869336545473e-05,1.413066345452635,1.886933654547365,2.198950834707005,0.000836390835556901,0.7218175674632837,0.7240867332020018,0.00181672374301487,1.0,-0.004430129419736251,1.002070449055133,-0.001718921594785856,1.0,-0.003422997720348917,1.0,0.0005154006932806445,1.0,0.005700536746259812,1.0,1.012803506764861,-0.0013066345452728,1.2790273124366092,True
20261223,statistical,27,3.3,5,1,1,bounded,0,0,0,True,0.0001012270765468272,0.0001000046247200677,1.353752799323215,1.946247200676785,2.198993244446911,0.0008361506551985891,0.6649904262563691,0.6668459780674979,-0.00155849958166037,1.0,0.005413626765123818,1.001751715524052,-0.0006166609788315682,1.0,0.0001416679920435809,1.0,0.001203611876438423,1.0,-0.01824272362292717,1.0,1.0122239529439903,0.0046247200676807765,1.2270765468271883,True
20261224,statistical,27,3.3,5,1,1,bounded,0,0,0,True,0.0001003786981862333,0.0001000045544071919,1.354455928080442,1.945544071919558,2.199688721027615,0.0008319085313639988,0.6811344554938904,0.6799734035874839,0.002460465150256007,1.0,-0.0004889004059434203,0.998841294855218,-7.223630840218646e-05,1.0,-0.005505250729059909,1.0,-0.001274914407578549,1.0,-0.008265934032818936,1.0,1.0037412673978625,0.004554407191892373,0.3786981862332839,True
20261225,statistical,27,3.3,5,1,1,bounded,0,0,0,True,0.0001012724237736186,0.0001000026202850974,1.373797149025951,1.92620285097405,2.198956224338836,0.0008363707766976861,0.6836589152062226,0.6857059518438139,-0.005034891557612298,1.0,-0.002697851258910076,0.9956679611270471,-0.0005085224473647946,1.0,0.002086693719887752,1.0,0.001503590715371728,1.0,0.004590842099171951,1.0,1.0126977021692143,0.0026202850973877645,1.2724237736186028,True
20261226,statistical,27,3.3,5,1,1,bounded,0,0,0,True,0.0001006663100820794,0.0001000001610388539,1.398389611461324,1.901610388538676,2.199452328561291,0.0008333320927278412,0.70829743413258,0.70833536134356,-0.002178269110152419,1.0,0.002116087477573398,0.9970987619348511,-0.0003557213374551355,1.0,-0.01209597533550409,1.0,-0.0003572323210955589,1.0,0.003907775852311684,1.0,1.0066614797046844,0.00016103885389640027,0.6663100820794021,True
20261227,statistical,27,3.3,5,1,1,bounded,0,0,0,True,0.0001004697070033912,9.999954650254195e-05,1.404534974580343,1.895465025419657,2.199613850813265,0.0008323470493636158,0.7114068950625633,0.7107570763060045,-0.001766633742102531,1.0,0.001787317751002925,0.9996319496036684,0.0009339736051049513,1.0,0.001040194091322585,1.0,0.0002432516711483215,1.0,-0.001899445786543477,1.0,1.0047016263302484,-0.0004534974580527873,0.4697070033911954,True
20261228,statistical,27,3.3,5,1,1,bounded,0,0,0,True,0.0001004327541837958,0.0001000024969541729,1.375030458270865,1.924969541729135,2.199644243101505,0.0008321720217582772,0.6963901596282646,0.6954997482851398,0.00615073819774506,1.0,0.00608122097851569,1.002627425431652,0.0006249766636596481,1.0,0.0129664610408403,1.0,-0.0003066395030442393,1.0,0.00684654644050446,1.0,1.0043024648656529,0.0024969541728925293,0.43275418379578046,True
20261229,statistical,27,3.3,5,1,1,bounded,0,0,0,True,0.0001007362812710468,0.0001000042558011155,1.357441988845479,1.942558011154521,2.199394914137947,0.0008336954613871489,0.6722660399131147,0.6723434495740419,-0.01429795939382212,1.0,-0.0008523409525586997,0.9990050968636536,-0.001105231694710526,1.0,-0.007523245735902502,1.0,-0.001066769090707226,1.0,0.006730416902101809,1.0,1.0073199431770896,0.004255801115493618,0.7362812710467903,True
20261230,statistical,27,3.3,5,1,1,bounded,0,0,0,True,0.0001001498263205071,0.0001000041268173249,1.358731826750991,1.941268173249009,2.199877289183862,0.0008307627609902934,0.673479262054406,0.6715105537312599,-0.003822782274706876,1.0,0.0007555919762073085,1.000957455860352,0.0007824869855768013,1.0,-0.0005633986861068882,1.0,-0.001229554420085575,1.0,0.0003686565351922927,1.0,1.00145693490678,0.004126817324889842,0.1498263205071071,True
20261231,statistical,27,3.3,5,1,1,bounded,0,0,0,True,0.0001006204308221149,0.0001000068649863163,1.331350136837122,1.968649863162878,2.199489994848312,0.0008331248194534142,0.6368751045317672,0.6364515240428683,0.00429320320958383,1.0,-0.002155392448478019,0.999091283696644,0.0001976890029217284,1.0,0.004151954001524918,1.0,-0.0002657247940120981,1.0,0.001329456334147484,1.0,1.0061352371747936,0.006864986316301724,0.6204308221148924,True
20261232,statistical,27,3.3,5,1,1,bounded,0,0,0,True,0.0001009992205659173,0.0001000065459428658,1.33454057134209,1.965459428657911,2.199179495178064,0.0008350177153293164,0.6465292832133623,0.6474308549736665,-0.000351334545405032,1.0,-0.005316486609744321,0.9977899776649998,1.321252104044062e-05,1.0,0.00447472461654317,1.0,0.0008777861568305577,1.0,0.002696653655774712,1.0,1.009926096473911,0.006545942865798793,0.9992205659172804,True
20261233,statistical,27,3.3,5,1,1,bounded,0,0,0,True,0.0001008356151129454,0.0001000042028459153,1.357971540846834,1.942028459153166,2.199313470658149,0.0008341919558450953,0.6682434654731199,0.6687015733408072,0.004015522463578692,1.0,-0.00595104214403634,1.002422554617084,0.001461222588935646,1.0,0.001004130040634924,1.0,0.001881127056026618,1.0,0.0003794396793307789,1.0,1.0083137732552212,0.004202845915290965,0.835615112945387,True
20261234,statistical,27,3.3,5,1,1,bounded,0,0,0,True,0.0001010828979458402,0.0001000000571061354,1.399428938646069,1.900571061353931,2.199111051036515,0.0008354146890674303,0.6899529113540306,0.691492126930935,0.004349740139093834,1.0,-0.002420566739204362,1.000251120088863,-0.001492719770787018,1.0,-0.01200939764419062,1.0,1.017745065662093e-05,1.0,-0.001247036887669766,1.0,1.0108284022133658,5.7106135398221625e-05,1.0828979458401777,True
20261235,statistical,27,3.3,5,1,1,bounded,0,0,0,True,0.0001007221907052837,0.0001000074001345283,1.325998654716957,1.974001345283043,2.19940647305187,0.0008336353848589922,0.6587161097449701,0.6586216240566237,-0.006558682611157867,1.0,0.002810954329070362,0.999946791619292,-0.000327237315197721,1.0,-0.002971420338304831,1.0,-0.0004608030840115678,1.0,-0.006631040917680737,1.0,1.0071473767920562,0.0074001345282903586,0.7221907052836984,True
20261236,statistical,27,3.3,5,1,1,bounded,0,0,0,True,0.0001011810859395935,0.0001000051662876064,1.348337123936089,1.951662876063911,2.199030805696276,0.0008359224893350376,0.6603474273912646,0.6619729059586001,0.001653323210354552,1.0,-0.0001661734037204007,1.000306821300006,-0.001741253849766507,1.0,-0.009711844038980181,1.0,-0.0001514023740259059,1.0,0.0008820448909123015,1.0,1.0117585890373428,0.005166287606384046,1.1810859395934958,True
20261237,statistical,27,3.3,5,1,1,bounded,0,0,0,True,0.0001014782753456912,0.0001000101403248054,1.298596751946238,2.001403248053762,2.198788368728686,0.0008374248506903848,0.6173756888211295,0.6198165338679376,-0.00711128478809776,1.0,-0.002585248880106538,0.9989999094208828,-0.001565266296126697,1.0,-0.003938411866182438,1.0,0.0008421347380251498,1.0,0.005142564148393297,1.0,1.0146798616232084,0.010140324805396617,1.4782753456912046,True
20261238,statistical,27,3.3,5,1,1,bounded,0,0,0,True,0.0001006892255086846,0.0001000013154661938,1.386845338061889,1.913154661938111,2.199433521324875,0.0008334504794714206,0.6892921665325686,0.689362265672467,-0.004916223624726162,1.0,-0.002723186257642049,1.002425943905969,0.0003230730293337537,1.0,0.002604740650915676,1.0,0.0003538975323619421,1.0,0.01072328274933363,1.0,1.0068790099338578,0.0013154661937964107,0.6892255086845989,True
20261239,statistical,27,3.3,5,1,1,bounded,0,0,0,True,0.0001005510065661354,0.0001000016462680788,1.383537319211673,1.916462680788327,2.199547021956394,0.0008327604764038193,0.6829736954920506,0.6825301765398191,-0.006705305437809801,1.0,0.005419588915252584,1.000769524430738,-0.0003925013980651617,1.0,0.00970451389231826,1.0,-0.0008763310373632443,1.0,-0.007926281813202377,1.0,1.0054935125426228,0.0016462680787920903,0.5510065661354036,True
20261240,statistical,27,3.3,5,1,1,bounded,0,0,0,True,0.0001003922665283453,9.999921277828313e-05,1.407872217168599,1.892127782831401,2.199677554717921,0.0008319587456986537,0.7171868699672735,0.7163063983703222,0.0002268703342821384,1.0,-0.0004021044432349972,0.9976342502531191,0.001005230330735912,1.0,-0.0007805556378533957,1.0,8.327810285634738e-05,1.0,-0.002253932141797703,1.0,1.00393056844291,-0.000787221716880282,0.3922665283452975,True
20261241,statistical,27,3.3,5,1,1,bounded,0,0,0,True,0.0001009965453165974,0.0001000038743317614,1.361256682385883,1.938743317614117,2.199181684283714,0.0008349955227668097,0.6614975668312384,0.6625563453694144,0.006722696961942956,1.0,0.0007500626552912074,1.000544982423135,-0.0008292080471211978,1.0,0.000311545601628579,1.0,0.0001925745379453182,1.0,-0.004178490282339833,1.0,1.0099263252695874,0.0038743317613887385,0.9965453165973859,True
20261242,statistical,27,3.3,5,1,1,bounded,0,0,0,True,9.978082184707651e-05,0.0001000055982324731,1.344017675268533,1.955982324731467,2.200182167164296,0.0008289225942909988,0.6621989320411181,0.6588653378842014,-0.009727996462171276,1.0,-0.001241526483092295,0.9974293772508471,0.001833649966296471,1.0,-0.002993597457158683,1.0,-0.001546049344182416,1.0,-0.009992318061993485,1.0,0.997752361974036,0.0055982324730807775,-0.21917815292349374,True
20261243,statistical,27,3.3,5,1,1,bounded,0,0,0,True,0.0001009605889088085,0.0001000044341379207,1.355658620793287,1.944341379206713,2.199211112013058,0.0008348175880880264,0.672635067110547,0.6735152354020641,-0.003062231397893182,1.0,-0.002660327702330857,1.000210659213306,-0.000452773946863993,1.0,-0.006496030211703153,1.0,0.0003901228883138441,1.0,2.188957287992591e-05,1.0,1.009561123755464,0.00443413792068359,0.9605889088085018,True
20261244,statistical,27,3.3,5,1,1,bounded,0,0,0,True,0.0001010623459071026,0.0001000076913125941,1.323086874059235,1.976913125940765,2.199127856703249,0.0008353371217555732,0.6302285595337848,0.631347935791232,-0.0151344826863274,1.0,0.002534361520202045,1.001126586148536,-0.001402797764968935,1.0,0.005280059678176214,1.0,-0.0003199562664081058,1.0,0.002544011396272459,1.0,1.0105457348396532,0.007691312594104716,1.062345907102591,True
20261245,statistical,27,3.3,5,1,1,bounded,0,0,0,True,0.0001006330744207985,0.000100012257721525,1.277422784750383,2.022577215249618,2.199479613005451,0.0008332058334730647,0.5986109709507426,0.5980048376451274,0.006179293479043859,1.0,0.001244005227771128,1.00125913349955,0.0004453833120906125,1.0,-0.01575869988455141,1.0,-0.0002005332556629035,1.0,-0.003034705515959068,1.0,1.0062074061061805,0.01225772152499971,0.6330744207984962,True
20261246,statistical,27,3.3,5,1,1,bounded,0,0,0,True,9.953050501917096e-05,9.999893157862879e-05,1.41068421371195,1.889315786288051,2.200389586958067,0.0008276490101937989,0.7146612658666177,0.710672247289742,-0.00425602516979869,1.0,0.002183623757436747,1.002265703944981,0.001192155462940194,1.0,0.004980606829045275,1.0,-0.002844786568278271,1.0,0.01659308478686873,1.0,0.9953156843571923,-0.0010684213712197632,-0.46949498082904384,True
20261247,statistical,27,3.3,5,1,1,bounded,0,0,0,True,0.0001003447692483696,0.0001000026749889318,1.373250110681491,1.926749889318509,2.199716649659565,0.0008317326845943944,0.6859106817759909,0.6846828120223666,-0.01066233957720718,1.0,0.002059191819257726,1.00412961310307,0.0001425330114299838,1.0,-0.001557424286550577,1.0,-0.001127199608874951,1.0,0.0005537161778854751,1.0,1.0034208510869902,0.0026749889317834175,0.3447692483695919,True
20261248,statistical,27,3.3,5,1,1,bounded,0,0,0,True,0.0001006251994304321,0.0001000007306654873,1.392693345126815,1.907306654873185,2.199486079130759,0.0008331284192367432,0.6980314474277524,0.6978983249513194,0.00647505529894968,1.0,0.004238807082653982,0.9982152190843924,-0.0004592256844462247,1.0,0.000568362835327328,1.0,-0.0006320974907219468,1.0,-0.00384227570876721,1.0,1.006244642022004,0.0007306654872918372,0.6251994304320885,True
20261249,statistical,27,3.3,5,1,1,bounded,0,0,0,True,9.994625847808428e-05,0.0001000043073497018,1.356926502982214,1.943073497017786,2.200045349744871,0.0008297455175325925,0.6676801942637504,0.6649579260546599,-0.01071068641322776,1.0,0.001850319101689174,0.9989157395476872,0.001640135660858274,1.0,0.0002348933036590689,1.0,-0.001126988979969711,1.0,0.005318790560323144,1.0,0.9994195362864269,0.004307349701804242,-0.053741521915717794,True
20261250,statistical,27,3.3,5,1,1,bounded,0,0,0,True,0.0001012305089956946,0.000100010681589841,1.293184101590096,2.006815898409904,2.19899044175464,0.0008361878051127321,0.6187863386967518,0.6203203873000598,0.009115892972695988,1.0,0.0145998828037561,1.003970985175607,-0.001086566631120851,1.0,-0.008088987023514186,1.0,0.0004121792027682073,1.0,0.005251937763170745,1.0,1.0121969712280963,0.010681589840988437,1.2305089956945903,True
20261251,statistical,27,3.3,5,1,1,bounded,0,0,0,True,0.0001012573404294805,0.0001000029375597883,1.370624402116803,1.929375597883197,2.198968536198516,0.0008362964069831674,0.6762241245748032,0.6782355614270436,-0.006963760178067688,1.0,-0.007842074525421896,0.9991242195211731,-0.002238198650846259,1.0,-0.004654779404566769,1.0,-0.0002618001488212107,1.0,0.007266218153357516,1.0,1.0125436602194033,0.0029375597883074533,1.2573404294804913,True
20261252,statistical,27,3.3,5,1,1,bounded,0,0,0,True,0.0001004895993791734,0.0001000002890558452,1.397109441548009,1.902890558451991,2.199597494437701,0.0008324489616692446,0.7034855272885029,0.7028950099034754,-0.003048121050548377,1.0,0.001638633767646221,1.000898711216347,-0.0001861850315541432,1.0,0.0073721797697512,1.0,-0.0008174629007374819,1.0,-0.006052851149109161,1.0,1.004893089089522,0.0002890558451928982,0.4895993791733888,True
20261253,statistical,27,3.3,5,1,1,bounded,0,0,0,True,0.0001009348454329063,0.0001000007062784834,1.392937215165457,1.907062784834543,2.199232187238754,0.0008346765687726391,0.7043520307307325,0.7053119512774115,-0.001639455098077394,1.0,-0.001746736398259245,1.001609441597515,-0.001032631765790744,1.0,0.003539730239938846,1.0,-0.000110145063478807,1.0,0.001148890581520729,1.0,1.0093413255684565,0.0007062784833866687,0.934845432906295,True
20261254,statistical,27,3.3,5,1,1,bounded,0,0,0,True,9.994308664604281e-05,9.999812943285315e-05,1.418705671468554,1.881294328531446,2.200047970874161,0.0008297092712467974,0.7377274063122674,0.7353188081030486,0.003352629542160342,1.0,-0.005483883901798318,0.997232163482124,0.00120327778666908,1.0,0.006449592605143713,1.0,-0.001250154163440241,1.0,-0.001170466144969645,1.0,0.9994495618355812,-0.0018705671468555174,-0.05691335395718866,True
20261255,statistical,27,3.3,5,1,1,bounded,0,0,0,True,0.0001001022372227246,0.0001000017448271588,1.3825517284125,1.9174482715875,2.199916548801653,0.0008305169549330117,0.6907638350172053,0.6887062202508,-0.005196422417402158,1.0,0.004376165467325426,0.999611823538724,0.0006037256868616423,1.0,0.001909114409320686,1.0,-0.001497558274776654,1.0,0.002126350926734542,1.0,1.0010049064217779,0.0017448271588005326,0.10223722272459934,True
20261256,statistical,27,3.3,5,1,1,bounded,0,0,0,True,0.0001009802412315465,0.0001000040445428472,1.359554571527482,1.940445428472518,2.199195026783594,0.0008349145640372385,0.6751678150816423,0.6761440945779231,0.008640088928071743,1.0,-0.006598751101842149,1.00116683278412,-0.001091031629412936,1.0,0.008023164813667594,1.0,-0.0001518733459065404,1.0,0.003610216613524622,1.0,1.0097615720760278,0.004044542847192467,0.980241231546497,True
20261257,statistical,27,3.3,5,1,1,bounded,0,0,0,True,0.0001003665163095348,0.0001000003959223686,1.396040776313868,1.903959223686132,2.199698747528681,0.0008318338989798973,0.6969436508439024,0.6958772637173526,-0.009710288051702726,1.0,0.003984489056691247,0.9946824109961302,0.0005436838928443167,1.0,0.008253110297689763,1.0,-0.0005643839517324991,1.0,0.007229419702050133,1.0,1.0036611893761944,0.0003959223686011981,0.3665163095347923,True
20261258,statistical,27,3.3,5,1,1,bounded,0,0,0,True,0.0001003213526228421,9.999926630619255e-05,1.407336938074317,1.892663061925683,2.199735930247289,0.0008316043528128053,0.7293025648555179,0.7281594788716537,-0.00747438367971257,1.0,-0.0006903221847945825,1.003306306643692,0.0006192062381737701,1.0,0.002285147555591297,1.0,-0.0005658928312493008,1.0,-0.01359909441502321,1.0,1.0032208867979424,-0.0007336938074531396,0.3213526228420971,True
20261259,statistical,27,3.3,5,1,1,bounded,0,0,0,True,0.0001005378783023082,0.0001000018438992154,1.381561007845355,1.918438992154645,2.199557810052331,0.0008326954872669452,0.6892454991661195,0.6887478845348177,0.009132325683008553,1.0,-0.003304249546582609,0.9995871207257846,-0.0003510373372720472,1.0,0.003599722978698284,1.0,-0.0008890636054410972,1.0,-0.002022389006231846,1.0,1.005360245193409,0.001843899215381306,0.5378783023082034,True
