seed,library,temperature_c,logic_v,led_supply_v,local_mismatch,global_variation,reference,calibration_error,tc_ppm,line_ppm_v,pwm_on,iout,iref,bias,headroom,led_k,power_w,out_vth,ref_vth,x0_dvth,x0_mulu0,x1_dvth,x1_mulu0,x2_dvth,x2_mulu0,x3_dvth,x3_mulu0,x4_dvth,x4_mulu0,x5_dvth,x5_mulu0,mirror_ratio,reference_error_pct,absolute_error_pct,absolute_current_budget_pass
20261004,typical,0,2.97,4.5,0,0,bounded,-0.005,-25,-3000,True,9.993583722385159e-05,9.963727606019054e-05,1.362239398094599,1.607760601905401,1.71093439424276,0.0007456339871460714,0.7232988349771268,0.7233404768154186,-0.0,1.0,-0.0,1.0,0.0,1.0,0.0,1.0,0.0,1.0,-0.0,1.0,1.0029964805890588,-0.3627239398094617,-0.06416277614841315,True
20261004,typical,0,2.97,4.5,0,0,bounded,-0.005,-25,3000,True,9.97383974624936e-05,9.943934400751257e-05,1.361559924873991,1.608440075126009,1.711083915265814,0.0007441576500235466,0.7232972767702062,0.7233388279242532,-0.0,1.0,-0.0,1.0,0.0,1.0,0.0,1.0,0.0,1.0,-0.0,1.0,1.0030073956939864,-0.5606559924874355,-0.26160253750641127,True
20261004,typical,0,2.97,4.5,0,0,bounded,-0.005,25,-3000,True,9.980121938969168e-05,9.950232238109735e-05,1.361776189026558,1.608223810973442,1.711036310290813,0.0007446273944654459,0.723297772565103,0.7233393525718436,-0.0,1.0,-0.0,1.0,0.0,1.0,0.0,1.0,0.0,1.0,-0.0,1.0,1.0030039199230902,-0.4976776189026588,-0.1987806103083245,True
20261004,typical,0,2.97,4.5,0,0,bounded,-0.005,25,3000,True,9.960377846535286e-05,9.930439037127824e-05,1.36109628721752,1.608903712782481,1.711186020750131,0.0007431510522367856,0.7232962143469536,0.723337703678158,-0.0,1.0,-0.0,1.0,0.0,1.0,0.0,1.0,0.0,1.0,-0.0,1.0,1.0030148525453435,-0.6956096287217606,-0.3962215346471454,True
20261004,typical,0,2.97,4.5,0,0,bounded,0.005,-25,-3000,True,0.0001009329817612806,0.000100636933846135,1.365661538649929,1.604338461350071,1.710183446060713,0.000753090121188739,0.723306704458067,0.7233488044920778,-0.0,1.0,-0.0,1.0,0.0,1.0,0.0,1.0,0.0,1.0,-0.0,1.0,1.00294174219972,0.6369338461349905,0.9329817612806046,True
20261004,typical,0,2.97,4.5,0,0,bounded,0.005,-25,3000,True,0.0001007355505765998,0.0001004390014786599,1.36498521340084,1.605014786599161,1.710331579660139,0.0007516138217262941,0.7233051463340346,0.7233471556195878,-0.0,1.0,-0.0,1.0,0.0,1.0,0.0,1.0,0.0,1.0,-0.0,1.0,1.0029525293319737,0.43900147865989503,0.7355505765997972,True
20261004,typical,0,2.97,4.5,0,0,bounded,0.005,25,-3000,True,0.0001007983697734131,0.0001005019799525081,1.365200474918466,1.604799525081535,1.710284416732814,0.0007520835541792962,0.7233056421025461,0.7233476802612384,-0.0,1.0,-0.0,1.0,0.0,1.0,0.0,1.0,0.0,1.0,-0.0,1.0,1.0029490943466493,0.5019799525080915,0.798369773413099,True
20261004,typical,0,2.97,4.5,0,0,bounded,0.005,25,3000,True,0.0001006009374348641,0.0001003040476272576,1.36452372742374,1.60547627257626,1.710432736024134,0.0007506072496498271,0.723304083967355,0.7233460313862264,-0.0,1.0,-0.0,1.0,0.0,1.0,0.0,1.0,0.0,1.0,-0.0,1.0,1.0029598985746795,0.3040476272575976,0.6009374348640906,True
20261004,typical,0,2.97,5,0,0,bounded,-0.005,-25,-3000,True,0.0001003751452058345,9.963727596069053e-05,1.362240393094688,1.607759606905312,2.210602693875917,0.0007977984453723856,0.7233022978313318,0.7233406836985736,-0.0,1.0,-0.0,1.0,0.0,1.0,0.0,1.0,0.0,1.0,-0.0,1.0,1.0074055541766826,-0.36272403930946995,0.37514520583450395,True
20261004,typical,0,2.97,5,0,0,bounded,-0.005,-25,3000,True,0.0001001770871887898,9.943934390815104e-05,1.361560918489271,1.608439081510729,2.210752069819574,0.0007962202970911605,0.7233007347564702,0.7233390345166755,-0.0,1.0,-0.0,1.0,0.0,1.0,0.0,1.0,0.0,1.0,-0.0,1.0,1.0074190280390445,-0.5606560918489656,0.1770871887897929,True
20261004,typical,0,2.97,5,0,0,bounded,-0.005,25,-3000,True,0.0001002401058443282,9.950232228169173e-05,1.361777183082578,1.608222816917422,2.21070451107424,0.000796722436138278,0.7233012321003448,0.7233395592567768,-0.0,1.0,-0.0,1.0,0.0,1.0,0.0,1.0,0.0,1.0,-0.0,1.0,1.0074147371208866,-0.4976777183082759,0.24010584432820892,True
20261004,typical,0,2.97,5,0,0,bounded,-0.005,25,3000,True,0.0001000420465977604,9.930439027201113e-05,1.361097279888548,1.608902720111452,2.21085407602552,0.0007951442818366331,0.7232996690137093,0.7233379100723261,-0.0,1.0,-0.0,1.0,0.0,1.0,0.0,1.0,0.0,1.0,-0.0,1.0,1.0074282347812489,-0.6956097279888773,0.042046597760392324,True
20261004,typical,0,2.97,5,0,0,bounded,0.005,-25,-3000,True,0.0001013754107927624,0.000100636933745936,1.36566254063943,1.60433745936057,2.209852468910892,0.0008057687569292011,0.7233101918859993,0.7233490128428813,-0.0,1.0,-0.0,1.0,0.0,1.0,0.0,1.0,0.0,1.0,-0.0,1.0,1.0073380320657495,0.636933745936008,1.3754107927623993,True
20261004,typical,0,2.97,5,0,0,bounded,0.005,-25,3000,True,0.0001011773618293112,0.0001004390013785993,1.36498621400693,1.60501378599307,2.210000460563708,0.0008041906529809762,0.7233086288979095,0.723347363679887,-0.0,1.0,-0.0,1.0,0.0,1.0,0.0,1.0,0.0,1.0,-0.0,1.0,1.007351332058039,0.4390013785992908,1.1773618293112076,True
20261004,typical,0,2.97,5,0,0,bounded,0.005,25,-3000,True,0.0001012403776019823,0.0001005019798524035,1.365201475964604,1.604798524035396,2.209953342867765,0.0008046927779115092,0.7233091262141583,0.7233478884139735,-0.0,1.0,-0.0,1.0,0.0,1.0,0.0,1.0,0.0,1.0,-0.0,1.0,1.0073470965513636,0.5019798524035002,1.240377601982301,True
20261004,typical,0,2.97,5,0,0,bounded,0.005,25,3000,True,0.0001010423274219398,0.0001003040475272913,1.364524727086444,1.605475272913556,2.210101519793798,0.00080311466800571,0.7233075632143959,0.7233462392484302,-0.0,1.0,-0.0,1.0,0.0,1.0,0.0,1.0,0.0,1.0,-0.0,1.0,1.0073604197721693,0.3040475272912957,1.0423274219397927,True
20261004,typical,0,2.97,5.5,0,0,bounded,-0.005,-25,-3000,True,0.0001007754342191252,9.963727587003323e-05,1.362241299667605,1.607758700332396,2.710301632936338,0.0008501876072791721,0.7233054292983128,0.723340872155734,-0.0,1.0,-0.0,1.0,0.0,1.0,0.0,1.0,0.0,1.0,-0.0,1.0,1.0114230175318781,-0.36272412996677383,0.7754342191252039,True
20261004,typical,0,2.97,5.5,0,0,bounded,-0.005,-25,3000,True,0.0001005768689218183,9.943934381760722e-05,1.361561823927639,1.608438176072361,2.71045083585835,0.0008485076399483123,0.7233038621611065,0.7233392227351815,-0.0,1.0,-0.0,1.0,0.0,1.0,0.0,1.0,0.0,1.0,-0.0,1.0,1.0114393866707079,-0.5606561823927825,0.5768689218182965,True
20261004,typical,0,2.97,5.5,0,0,bounded,-0.005,25,-3000,True,0.0001006400490091846,9.95023221911118e-05,1.361778088881973,1.608221911118027,2.710403332232498,0.0008490421761980875,0.7233043607977605,0.7233397475512294,-0.0,1.0,-0.0,1.0,0.0,1.0,0.0,1.0,0.0,1.0,-0.0,1.0,1.0114341735249917,-0.49767780888820834,0.6400490091845956,True
20261004,typical,0,2.97,5.5,0,0,bounded,-0.005,25,3000,True,0.0001004414823282023,9.930439018154469e-05,1.361098184552884,1.608901815447117,2.710552723739734,0.0008473622013842911,0.7233027936474347,0.7233380981280488,-0.0,1.0,-0.0,1.0,0.0,1.0,0.0,1.0,0.0,1.0,-0.0,1.0,1.011450572775069,-0.6956098184553117,0.4414823282022917,True
20261004,typical,0,2.97,5.5,0,0,bounded,0.005,-25,-3000,True,0.000101778258409409,0.0001006369336547064,1.365663452936093,1.604336547063907,2.709552272449113,0.0008586721239461778,0.72331334383996,0.7233492025037402,-0.0,1.0,-0.0,1.0,0.0,1.0,0.0,1.0,0.0,1.0,-0.0,1.0,1.0113410128195934,0.6369336547063842,1.7782584094089948,True
20261004,typical,0,2.97,5.5,0,0,bounded,0.005,-25,3000,True,0.0001015797032923676,0.0001004390012874828,1.364987125171407,1.605012874828593,2.709700094166982,0.000856992211671811,0.7233117767993847,0.7233475531026303,-0.0,1.0,-0.0,1.0,0.0,1.0,0.0,1.0,0.0,1.0,-0.0,1.0,1.011357161961615,0.43900128748279865,1.5797032923676069,True
20261004,typical,0,2.97,5.5,0,0,bounded,0.005,25,-3000,True,0.0001016428801378471,0.000100501979761251,1.36520238748942,1.60479761251058,2.709653030606767,0.0008575267303890432,0.7233122754052684,0.7233480779124913,-0.0,1.0,-0.0,1.0,0.0,1.0,0.0,1.0,0.0,1.0,-0.0,1.0,1.0113520189284468,0.5019797612509924,1.6428801378471025,True
20261004,typical,0,2.97,5.5,0,0,bounded,0.005,25,3000,True,0.0001014443236535439,0.0001003040474362521,1.364525637478744,1.605474362521257,2.709801037185562,0.0008558468107201188,0.723310708351708,0.7233464285087589,-0.0,1.0,-0.0,1.0,0.0,1.0,0.0,1.0,0.0,1.0,-0.0,1.0,1.0113681974599928,0.3040474362520973,1.4443236535438997,True
20261004,typical,0,3.3,4.5,0,0,bounded,-0.005,-25,-3000,True,9.987002760119358e-05,9.957129870232084e-05,1.362012976791504,1.937987023208497,1.710984201155663,0.0007780004219543986,0.723298315603961,0.7233399271872332,-0.0,1.0,-0.0,1.0,0.0,1.0,0.0,1.0,0.0,1.0,-0.0,1.0,1.0030001506735975,-0.4287012976791682,-0.12997239880642164,True
20261004,typical,0,3.3,4.5,0,0,bounded,-0.005,-25,3000,True,9.987002760126463e-05,9.957129870232084e-05,1.362012976791529,1.937987023208472,1.710984201155624,0.0007780004219547184,0.723298315603961,0.7233399271872332,-0.0,1.0,-0.0,1.0,0.0,1.0,0.0,1.0,0.0,1.0,-0.0,1.0,1.0030001506743111,-0.4287012976791682,-0.12997239873536737,True
20261004,typical,0,3.3,4.5,0,0,bounded,-0.005,25,-3000,True,9.973540936809946e-05,9.94363450374998e-05,1.361549625002066,1.938450374997934,1.71108618027096,0.0007769492928116391,0.723297253188108,0.723338802942815,-0.0,1.0,-0.0,1.0,0.0,1.0,0.0,1.0,0.0,1.0,-0.0,1.0,1.0030075957687994,-0.5636549625002152,-0.264590631900552,True
20261004,typical,0,3.3,4.5,0,0,bounded,-0.005,25,3000,True,9.973540936808169e-05,9.94363450374998e-05,1.361549625002042,1.938450374997958,1.711086180270983,0.0007769492928115592,0.723297253188108,0.723338802942815,-0.0,1.0,-0.0,1.0,0.0,1.0,0.0,1.0,0.0,1.0,-0.0,1.0,1.0030075957686206,-0.5636549625002152,-0.26459063191831556,True
20261004,typical,0,3.3,4.5,0,0,bounded,0.005,-25,-3000,True,0.0001008671750833604,0.000100570956383436,1.365436165639426,1.934563834360574,1.710232791066417,0.0007857864559718893,0.7233061851132059,0.7233482548701611,-0.0,1.0,-0.0,1.0,0.0,1.0,0.0,1.0,0.0,1.0,-0.0,1.0,1.0029453702199573,0.5709563834359832,0.8671750833604053,True
20261004,typical,0,3.3,4.5,0,0,bounded,0.005,-25,3000,True,0.0001008671750833427,0.000100570956383436,1.365436165639417,1.934563834360583,1.710232791066404,0.0007857864559718094,0.7233061851132059,0.7233482548701611,-0.0,1.0,-0.0,1.0,0.0,1.0,0.0,1.0,0.0,1.0,-0.0,1.0,1.0029453702197815,0.5709563834359832,0.8671750833427083,True
20261004,typical,0,3.3,4.5,0,0,bounded,0.005,25,-3000,True,0.0001007325626990455,0.0001004360025038703,1.36497496129699,1.935025038703011,1.710333823560374,0.0007847353524398867,0.723305122753875,0.7233471306384716,-0.0,1.0,-0.0,1.0,0.0,1.0,0.0,1.0,0.0,1.0,-0.0,1.0,1.0029527279838102,0.43600250387030304,0.7325626990454914,True
20261004,typical,0,3.3,4.5,0,0,bounded,0.005,25,3000,True,0.0001007325626990455,0.0001004360025038703,1.364974961297003,1.935025038702998,1.71033382356038,0.0007847353524398867,0.723305122753875,0.7233471306384716,-0.0,1.0,-0.0,1.0,0.0,1.0,0.0,1.0,0.0,1.0,-0.0,1.0,1.0029527279838102,0.43600250387030304,0.7325626990454914,True
20261004,typical,0,3.3,5,0,0,bounded,-0.005,-25,-3000,True,0.0001003091295195481,9.957129860286697e-05,1.362013971330098,1.937986028669902,2.210652452501242,0.0008301309450186804,0.7233017768356914,0.7233401339734891,-0.0,1.0,-0.0,1.0,0.0,1.0,0.0,1.0,0.0,1.0,-0.0,1.0,1.0074100762672977,-0.42870139713303557,0.3091295195480903,True
20261004,typical,0,3.3,5,0,0,bounded,-0.005,-25,3000,True,0.0001003091295195481,9.957129860286697e-05,1.362013971330101,1.937986028669899,2.210652452501243,0.0008301309450186804,0.7233017768356914,0.7233401339734891,-0.0,1.0,-0.0,1.0,0.0,1.0,0.0,1.0,0.0,1.0,-0.0,1.0,1.0074100762672977,-0.42870139713303557,0.3091295195480903,True
20261004,typical,0,3.3,5,0,0,bounded,-0.005,25,-3000,True,0.0001001740897369032,9.943634493814035e-05,1.361550618596376,1.938449381403624,2.210754332624221,0.000829010399011803,0.7233007111006917,0.7233390095308349,-0.0,1.0,-0.0,1.0,0.0,1.0,0.0,1.0,0.0,1.0,-0.0,1.0,1.0074192670619764,-0.5636550618596581,0.17408973690320462,True
20261004,typical,0,3.3,5,0,0,bounded,-0.005,25,3000,True,0.0001001740897368676,9.943634493814035e-05,1.361550618596386,1.938449381403615,2.210754332624236,0.0008290103990116252,0.7233007111006917,0.7233390095308349,-0.0,1.0,-0.0,1.0,0.0,1.0,0.0,1.0,0.0,1.0,-0.0,1.0,1.0074192670616182,-0.5636550618596581,0.17408973686758866,True
20261004,typical,0,3.3,5,0,0,bounded,0.005,-25,-3000,True,0.0001013093982098069,0.0001005709562832832,1.36543716716777,1.934562832832231,2.209901766671671,0.000838431158815333,0.7233096709199559,0.7233484631241386,-0.0,1.0,-0.0,1.0,0.0,1.0,0.0,1.0,0.0,1.0,-0.0,1.0,1.0073424968183031,0.570956283283186,1.309398209806889,True
20261004,typical,0,3.3,5,0,0,bounded,0.005,-25,3000,True,0.0001013093982097714,0.0001005709562832832,1.36543716716776,1.93456283283224,2.209901766671694,0.0008384311588151554,0.7233096709199559,0.7233484631241386,-0.0,1.0,-0.0,1.0,0.0,1.0,0.0,1.0,0.0,1.0,-0.0,1.0,1.00734249681795,0.570956283283186,1.3093982097714063,True
20261004,typical,0,3.3,5,0,0,bounded,0.005,25,-3000,True,0.0001011743646017961,0.0001004360024038118,1.364975961882114,1.935024038117886,2.210002702311045,0.0008373106429730595,0.723308605244132,0.7233473386943753,-0.0,1.0,-0.0,1.0,0.0,1.0,0.0,1.0,0.0,1.0,-0.0,1.0,1.007351568962449,0.436002403811786,1.1743646017960963,True
20261004,typical,0,3.3,5,0,0,bounded,0.005,25,3000,True,0.0001011743646017783,0.0001004360024038118,1.364975961882092,1.935024038117908,2.210002702311051,0.0008373106429729708,0.723308605244132,0.7233473386943753,-0.0,1.0,-0.0,1.0,0.0,1.0,0.0,1.0,0.0,1.0,-0.0,1.0,1.0073515689622716,0.436002403811786,1.1743646017782883,True
20261004,typical,0,3.3,5.5,0,0,bounded,-0.005,-25,-3000,True,0.000100709249473459,9.957129851224749e-05,1.362014877525109,1.937985122474891,2.710351333959419,0.0008824861692258202,0.7233049069488501,0.7233403223511136,-0.0,1.0,-0.0,1.0,0.0,1.0,0.0,1.0,0.0,1.0,-0.0,1.0,1.0114285037778386,-0.42870148775251415,0.7092494734589838,True
20261004,typical,0,3.3,5.5,0,0,bounded,-0.005,-25,3000,True,0.0001007092494735123,9.957129851224746e-05,1.362014877525184,1.937985122474816,2.710351333959392,0.0008824861692261133,0.7233049069488501,0.7233403223511136,-0.0,1.0,-0.0,1.0,0.0,1.0,0.0,1.0,0.0,1.0,-0.0,1.0,1.0114285037783741,-0.42870148775254746,0.7092494735122967,True
20261004,typical,0,3.3,5.5,0,0,bounded,-0.005,25,-3000,True,0.0001005738637909542,9.943634484759822e-05,1.361551524017657,1.938448475982343,2.710453096039704,0.0008812962008787575,0.723303838443833,0.7233391977457289,-0.0,1.0,-0.0,1.0,0.0,1.0,0.0,1.0,0.0,1.0,-0.0,1.0,1.011439669721362,-0.5636551524017874,0.5738637909541877,True
20261004,typical,0,3.3,5.5,0,0,bounded,-0.005,25,3000,True,0.0001005738637909186,9.943634484759822e-05,1.361551524017645,1.938448475982355,2.710453096039735,0.000881296200878562,0.723303838443833,0.7233391977457289,-0.0,1.0,-0.0,1.0,0.0,1.0,0.0,1.0,0.0,1.0,-0.0,1.0,1.011439669721004,-0.5636551524017874,0.573863790918594,True
20261004,typical,0,3.3,5.5,0,0,bounded,0.005,-25,-3000,True,0.0001017120771420804,0.0001005709561920913,1.365438079087047,1.934561920912954,2.709601513635062,0.0008913005917467645,0.7233128215233771,0.7233486527056406,-0.0,1.0,-0.0,1.0,0.0,1.0,0.0,1.0,0.0,1.0,-0.0,1.0,1.0113464263759167,0.5709561920912876,1.7120771420803926,True
20261004,typical,0,3.3,5.5,0,0,bounded,0.005,-25,3000,True,0.0001017120771420626,0.0001005709561920913,1.365438079087036,1.934561920912964,2.709601513635064,0.0008913005917466667,0.7233128215233771,0.7233486527056406,-0.0,1.0,-0.0,1.0,0.0,1.0,0.0,1.0,0.0,1.0,-0.0,1.0,1.0113464263757397,0.5709561920912876,1.7120771420625847,True
20261004,typical,0,3.3,5.5,0,0,bounded,0.005,25,-3000,True,0.0001015766984031412,0.000100436002312697,1.364976873029523,1.935023126970478,2.70970233333796,0.0008901106608805633,0.7233117530842647,0.723347528113512,-0.0,1.0,-0.0,1.0,0.0,1.0,0.0,1.0,0.0,1.0,-0.0,1.0,1.0113574421938138,0.4360023126970036,1.576698403141208,True
20261004,typical,0,3.3,5.5,0,0,bounded,0.005,25,3000,True,0.0001015766984031057,0.000100436002312697,1.364976873029433,1.935023126970567,2.709702333337989,0.000890110660880368,0.7233117530842647,0.723347528113512,-0.0,1.0,-0.0,1.0,0.0,1.0,0.0,1.0,0.0,1.0,-0.0,1.0,1.0113574421934601,0.4360023126970036,1.576698403105703,True
20261004,typical,0,3.63,4.5,0,0,bounded,-0.005,-25,-3000,True,9.980421559727593e-05,9.950532135142552e-05,1.361786485744612,2.268213514255388,1.711034040534687,0.0008103233012571342,0.7232977962116877,0.7233393775576074,-0.0,1.0,-0.0,1.0,0.0,1.0,0.0,1.0,0.0,1.0,-0.0,1.0,1.0030038016237826,-0.49467864857448696,-0.19578440272407516,True
20261004,typical,0,3.63,4.5,0,0,bounded,-0.005,-25,3000,True,0.000100001654811818,9.970325342502518e-05,1.362465749748276,2.267534250251724,1.710884611928843,0.0008119302711496128,0.7232993544132896,0.7233410264475493,-0.0,1.0,-0.0,1.0,0.0,1.0,0.0,1.0,0.0,1.0,-0.0,1.0,1.002992895181873,-0.2967465749748266,0.0016548118179970928,True
20261004,typical,0,3.63,4.5,0,0,bounded,-0.005,25,-3000,True,9.966959697348989e-05,9.937036770089075e-05,1.361322991092411,2.268677008907589,1.711136082796455,0.0008092276356986643,0.723296733792066,0.7233382533123462,-0.0,1.0,-0.0,1.0,0.0,1.0,0.0,1.0,0.0,1.0,-0.0,1.0,1.00301125254462,-0.6296322991092507,-0.33040302651011766,True
20261004,typical,0,3.63,4.5,0,0,bounded,-0.005,25,3000,True,9.986703735046212e-05,9.956829973167391e-05,1.36200268326099,2.26799731673901,1.710986465004914,0.000810834610666718,0.7232982920048934,0.723339902204807,-0.0,1.0,-0.0,1.0,0.0,1.0,0.0,1.0,0.0,1.0,-0.0,1.0,1.003000328614562,-0.4317002683260962,-0.13296264953788217,True
20261004,typical,0,3.63,4.5,0,0,bounded,0.005,-25,-3000,True,0.0001008013659601784,0.0001005049789276084,1.365210723915831,2.264789276084169,1.710282167963614,0.0008184392348916625,0.7233056657487352,0.723347705246769,-0.0,1.0,-0.0,1.0,0.0,1.0,0.0,1.0,0.0,1.0,-0.0,1.0,1.0029489786051644,0.5049789276083905,0.8013659601784129,True
20261004,typical,0,3.63,4.5,0,0,bounded,0.005,-25,3000,True,0.0001009987966030882,0.0001007029113156959,1.365886843041147,2.264113156958853,1.710134124956096,0.0008200461673535258,0.7233072238674872,0.7233493541180374,-0.0,1.0,-0.0,1.0,0.0,1.0,0.0,1.0,0.0,1.0,-0.0,1.0,1.0029381999341085,0.7029113156959088,0.9987966030881923,True
20261004,typical,0,3.63,4.5,0,0,bounded,0.005,25,-3000,True,0.0001006667531883158,0.0001003700250621175,1.364749378825006,2.265250621174994,1.710383262355853,0.0008173435948866186,0.7233046033856603,0.7233465810142383,-0.0,1.0,-0.0,1.0,0.0,1.0,0.0,1.0,0.0,1.0,-0.0,1.0,1.0029563420554557,0.3700250621174961,0.666753188315794,True
20261004,typical,0,3.63,4.5,0,0,bounded,0.005,25,3000,True,0.0001008641849845075,0.0001005679574080217,1.365425919782943,2.264574080217058,1.710235033899616,0.0008189505323851064,0.7233061615155661,0.7233482298880288,-0.0,1.0,-0.0,1.0,0.0,1.0,0.0,1.0,0.0,1.0,-0.0,1.0,1.0029455463163477,0.5679574080216909,0.86418498450751,True
20261004,typical,0,3.63,5,0,0,bounded,-0.005,-25,-3000,True,0.0001002431114343628,9.950532125201782e-05,1.361787479821724,2.268212520178276,2.210702243521388,0.0008624198878803104,0.723301255820804,0.7233395842469533,-0.0,1.0,-0.0,1.0,0.0,1.0,0.0,1.0,0.0,1.0,-0.0,1.0,1.0074145801758319,-0.49467874798219125,0.24311143436279714,True
20261004,typical,0,3.63,5,0,0,bounded,-0.005,-25,3000,True,0.0001004411688722086,9.970325332547903e-05,1.362466745209706,2.267533254790294,2.210552959785881,0.0008641286684961753,0.7233028188900816,0.7233412334276124,-0.0,1.0,-0.0,1.0,0.0,1.0,0.0,1.0,0.0,1.0,-0.0,1.0,1.0074011180389537,-0.2967466745209757,0.44116887220859713,True
20261004,typical,0,3.63,5,0,0,bounded,-0.005,25,-3000,True,0.000100108071238857,9.937036760157748e-05,1.361323984225108,2.268676015774892,2.210804186647946,0.0008612548051517518,0.723300190081854,0.7233384598034454,-0.0,1.0,-0.0,1.0,0.0,1.0,0.0,1.0,0.0,1.0,-0.0,1.0,1.007423778889873,-0.6296323984225305,0.10807123885698822,True
20261004,typical,0,3.63,5,0,0,bounded,-0.005,25,3000,True,0.0001003061299053733,9.956829963222216e-05,1.362003677778478,2.267996322221522,2.210654714154729,0.0008629635917554071,0.7233017531628988,0.7233401089866587,-0.0,1.0,-0.0,1.0,0.0,1.0,0.0,1.0,0.0,1.0,-0.0,1.0,1.0074102929936182,-0.43170036777784304,0.3061299053732869,True
20261004,typical,0,3.63,5,0,0,bounded,0.005,-25,-3000,True,0.0001012433831644123,0.0001005049788275017,1.365211724983064,2.264788275016936,2.209951096254269,0.0008710500035296067,0.7233091499341614,0.723347913403915,-0.0,1.0,-0.0,1.0,0.0,1.0,0.0,1.0,0.0,1.0,-0.0,1.0,1.0073469428631783,0.5049788275016898,1.243383164412304,True
20261004,typical,0,3.63,5,0,0,bounded,0.005,-25,3000,True,0.0001014414315556457,0.0001007029112154508,1.365887845491834,2.264112154508166,2.209803194989154,0.0008727587400539384,0.7233107129167266,0.7233495625656703,-0.0,1.0,-0.0,1.0,0.0,1.0,0.0,1.0,0.0,1.0,-0.0,1.0,1.0073336543232088,0.7029112154508077,1.4414315556456891,True
20261004,typical,0,3.63,5,0,0,bounded,0.005,25,-3000,True,0.0001011083491478927,0.0001003700249621051,1.364750378948943,2.265249621051057,2.210052093652376,0.0008698849509155484,0.7233080842544258,0.7233467889732982,-0.0,1.0,-0.0,1.0,0.0,1.0,0.0,1.0,0.0,1.0,-0.0,1.0,1.0073560227375289,0.3700249621050977,1.1083491478926843,True
20261004,typical,0,3.63,5,0,0,bounded,0.005,25,3000,True,0.000101306398754918,0.0001005679573078709,1.365426921290365,2.264573078709635,2.209904007356533,0.000871593693365897,0.723309647248653,0.7233484381376059,-0.0,1.0,-0.0,1.0,0.0,1.0,0.0,1.0,0.0,1.0,-0.0,1.0,1.0073427110067126,0.5679573078708922,1.3063987549179812,True
20261004,typical,0,3.63,5.5,0,0,bounded,-0.005,-25,-3000,True,0.0001006430622980208,9.950532116143614e-05,1.361788385638458,2.268211614361541,2.710401067306881,0.0009147411730187537,0.7233043845798709,0.7233397725450266,-0.0,1.0,-0.0,1.0,0.0,1.0,0.0,1.0,0.0,1.0,-0.0,1.0,1.0114339728097437,-0.49467883856386674,0.6430622980208023,True
20261004,typical,0,3.63,5.5,0,0,bounded,-0.005,-25,3000,True,0.0001008416269412021,9.970325323478388e-05,1.362467652161164,2.267532347838836,2.710251956386973,0.0009165517719824838,0.7233059517108377,0.7233414219643064,-0.0,1.0,-0.0,1.0,0.0,1.0,0.0,1.0,0.0,1.0,-0.0,1.0,1.0114176184776793,-0.2967467652161271,0.8416269412020894,True
20261004,typical,0,3.63,5.5,0,0,bounded,-0.005,25,-3000,True,0.0001005076761512829,9.937036751107319e-05,1.361324889267985,2.268675110732015,2.710502892249925,0.0009135066674608671,0.7233033160704586,0.7233386479387635,-0.0,1.0,-0.0,1.0,0.0,1.0,0.0,1.0,0.0,1.0,-0.0,1.0,1.0114451487772045,-0.6296324889268123,0.5076761512829098,True
20261004,typical,0,3.63,5.5,0,0,bounded,-0.005,25,3000,True,0.0001007062421769849,9.956829954160436e-05,1.362004583956329,2.267995416043671,2.710353592994072,0.0009153172738731008,0.7233048832145362,0.7233402973606695,-0.0,1.0,-0.0,1.0,0.0,1.0,0.0,1.0,0.0,1.0,-0.0,1.0,1.0114287643820314,-0.4317004583956452,0.7062421769848948,True
20261004,typical,0,3.63,5.5,0,0,bounded,0.005,-25,-3000,True,0.0001016458933820435,0.0001005049787363475,1.365212636524994,2.264787363475006,2.709650786573869,0.0009238855009779123,0.7233122991867826,0.7233481029060448,-0.0,1.0,-0.0,1.0,0.0,1.0,0.0,1.0,0.0,1.0,-0.0,1.0,1.0113518221688194,0.5049787363474945,1.645893382043484,True
20261004,typical,0,3.63,5.5,0,0,bounded,0.005,-25,3000,True,0.0001018444478535568,0.0001007029111241834,1.365888758165798,2.264111241834201,2.709503055042504,0.0009256960451389973,0.7233138662211863,0.723349752305884,-0.0,1.0,-0.0,1.0,0.0,1.0,0.0,1.0,0.0,1.0,-0.0,1.0,1.0113356874853965,0.7029111241833919,1.8444478535567965,True
20261004,typical,0,3.63,5.5,0,0,bounded,0.005,25,-3000,True,0.0001015105141843247,0.0001003700248710281,1.364751289718726,2.265248710281274,2.709751667898077,0.0009226510328592002,0.7233112307433165,0.7233469783130396,-0.0,1.0,-0.0,1.0,0.0,1.0,0.0,1.0,0.0,1.0,-0.0,1.0,1.0113628477701593,0.3700248710281073,1.510514184324685,True
20261004,typical,0,3.63,5.5,0,0,bounded,0.005,25,3000,True,0.0001017090700220163,0.0001005679572166807,1.365427833192481,2.264572166807519,2.709603751747703,0.000924461584381323,0.7233127977907022,0.7233486277155029,-0.0,1.0,-0.0,1.0,0.0,1.0,0.0,1.0,0.0,1.0,-0.0,1.0,1.011346683744177,0.5679572166807034,1.7090700220163013,True
20261004,typical,27,2.97,4.5,0,0,bounded,-0.005,-25,-3000,True,9.984035037214602e-05,9.956866033334644e-05,1.373396666535607,1.596603333464393,1.700132912066371,0.0007450005076051901,0.6867778202209697,0.6868200174318884,-0.0,1.0,-0.0,1.0,0.0,1.0,0.0,1.0,0.0,1.0,-0.0,1.0,1.0027286702250486,-0.43133966665356294,-0.15964962785398606,True
20261004,typical,27,2.97,4.5,0,0,bounded,-0.005,-25,3000,True,9.964297665058387e-05,9.937073348241645e-05,1.372665175835494,1.597334824164506,1.700296329125888,0.000743524483110961,0.686776248138945,0.6868183533743006,-0.0,1.0,-0.0,1.0,0.0,1.0,0.0,1.0,0.0,1.0,-0.0,1.0,1.0027396715172239,-0.6292665175835488,-0.3570233494161301,True
20261004,typical,27,2.97,4.5,0,0,bounded,-0.005,25,-3000,True,9.984035037214602e-05,9.956866033334644e-05,1.373396666535607,1.596603333464393,1.700132912066371,0.0007450005076051901,0.6867778202209697,0.6868200174318884,-0.0,1.0,-0.0,1.0,0.0,1.0,0.0,1.0,0.0,1.0,-0.0,1.0,1.0027286702250486,-0.43133966665356294,-0.15964962785398606,True
20261004,typical,27,2.97,4.5,0,0,bounded,-0.005,25,3000,True,9.964297665058387e-05,9.937073348241645e-05,1.372665175835494,1.597334824164506,1.700296329125888,0.000743524483110961,0.686776248138945,0.6868183533743006,-0.0,1.0,-0.0,1.0,0.0,1.0,0.0,1.0,0.0,1.0,-0.0,1.0,1.0027396715172239,-0.6292665175835488,-0.3570233494161301,True
20261004,typical,27,2.97,4.5,0,0,bounded,0.005,-25,-3000,True,0.0001008371599464068,0.0001005682919170009,1.377080829990894,1.592919170009106,1.699312204649461,0.0007524550564927727,0.68678575976497,0.6868284217064691,-0.0,1.0,-0.0,1.0,0.0,1.0,0.0,1.0,0.0,1.0,-0.0,1.0,1.0026734870830638,0.568291917000896,0.8371599464067847,True
20261004,typical,27,2.97,4.5,0,0,bounded,0.005,-25,3000,True,0.0001006397952742991,0.0001003703647284551,1.376352715448516,1.593647284551485,1.699474094913447,0.0007509790717182786,0.6867841877702079,0.6868267576676146,-0.0,1.0,-0.0,1.0,0.0,1.0,0.0,1.0,0.0,1.0,-0.0,1.0,1.0026843635227682,0.37036472845508595,0.6397952742990931,True
20261004,typical,27,2.97,4.5,0,0,bounded,0.005,25,-3000,True,0.0001008371599464068,0.0001005682919170009,1.377080829990894,1.592919170009106,1.699312204649461,0.0007524550564927727,0.68678575976497,0.6868284217064691,-0.0,1.0,-0.0,1.0,0.0,1.0,0.0,1.0,0.0,1.0,-0.0,1.0,1.0026734870830638,0.568291917000896,0.8371599464067847,True
20261004,typical,27,2.97,4.5,0,0,bounded,0.005,25,3000,True,0.0001006397952742991,0.0001003703647284551,1.376352715448516,1.593647284551485,1.699474094913447,0.0007509790717182786,0.6867841877702079,0.6868267576676146,-0.0,1.0,-0.0,1.0,0.0,1.0,0.0,1.0,0.0,1.0,-0.0,1.0,1.0026843635227682,0.37036472845508595,0.6397952742990931,True
20261004,typical,27,2.97,5,0,0,bounded,-0.005,-25,-3000,True,0.0001002639178654831,9.956866023729828e-05,1.373397627017099,1.596602372982901,2.199783238308229,0.0007970385199727267,0.6867811899262738,0.6868202187460406,-0.0,1.0,-0.0,1.0,0.0,1.0,0.0,1.0,0.0,1.0,-0.0,1.0,1.0069826954237189,-0.43133976270172125,0.2639178654830987,True
20261004,typical,27,2.97,5,0,0,bounded,-0.005,-25,3000,True,0.0001000659237485237,9.937073338650745e-05,1.372666134925321,1.597333865074679,2.199946518154583,0.0007954607066410598,0.6867796129143563,0.6868185543939999,-0.0,1.0,-0.0,1.0,0.0,1.0,0.0,1.0,0.0,1.0,-0.0,1.0,1.006995926650881,-0.6292666134925518,0.06592374852369964,True
20261004,typical,27,2.97,5,0,0,bounded,-0.005,25,-3000,True,0.0001002639178654831,9.956866023729828e-05,1.373397627017099,1.596602372982901,2.199783238308229,0.0007970385199727267,0.6867811899262738,0.6868202187460406,-0.0,1.0,-0.0,1.0,0.0,1.0,0.0,1.0,0.0,1.0,-0.0,1.0,1.0069826954237189,-0.43133976270172125,0.2639178654830987,True
20261004,typical,27,2.97,5,0,0,bounded,-0.005,25,3000,True,0.0001000659237485237,9.937073338650745e-05,1.372666134925321,1.597333865074679,2.199946518154583,0.0007954607066410598,0.6867796129143563,0.6868185543939999,-0.0,1.0,-0.0,1.0,0.0,1.0,0.0,1.0,0.0,1.0,-0.0,1.0,1.006995926650881,-0.6292666134925518,0.06592374852369964,True
20261004,typical,27,2.97,5,0,0,bounded,0.005,-25,-3000,True,0.0001012638603990935,0.0001005682918202501,1.377081797499127,1.592918202500873,2.198963214027486,0.0008050071384420449,0.6867891543655906,0.6868286245075861,-0.0,1.0,-0.0,1.0,0.0,1.0,0.0,1.0,0.0,1.0,-0.0,1.0,1.0069163805634347,0.5682918202500886,1.2638603990934971,True
20261004,typical,27,2.97,5,0,0,bounded,0.005,-25,3000,True,0.0001010658754438189,0.0001003703646318434,1.37635368156562,1.59364631843438,2.199124970327439,0.0008034293699160739,0.6867875774419437,0.6868269601743352,-0.0,1.0,-0.0,1.0,0.0,1.0,0.0,1.0,0.0,1.0,-0.0,1.0,1.0069294439103278,0.3703646318433895,1.0658754438188867,True
20261004,typical,27,2.97,5,0,0,bounded,0.005,25,-3000,True,0.0001012638603990935,0.0001005682918202501,1.377081797499127,1.592918202500873,2.198963214027486,0.0008050071384420449,0.6867891543655906,0.6868286245075861,-0.0,1.0,-0.0,1.0,0.0,1.0,0.0,1.0,0.0,1.0,-0.0,1.0,1.0069163805634347,0.5682918202500886,1.2638603990934971,True
20261004,typical,27,2.97,5,0,0,bounded,0.005,25,3000,True,0.0001010658754438189,0.0001003703646318434,1.37635368156562,1.59364631843438,2.199124970327439,0.0008034293699160739,0.6867875774419437,0.6868269601743352,-0.0,1.0,-0.0,1.0,0.0,1.0,0.0,1.0,0.0,1.0,-0.0,1.0,1.0069294439103278,0.3703646318433895,1.0658754438188867,True
20261004,typical,27,2.97,5.5,0,0,bounded,-0.005,-25,-3000,True,0.0001006460029692296,9.956866015066024e-05,1.373398493397571,1.596601506602429,2.6994689984528,0.0008492719467186069,0.6867842132702734,0.6868204003094733,-0.0,1.0,-0.0,1.0,0.0,1.0,0.0,1.0,0.0,1.0,-0.0,1.0,1.0108200995869503,-0.43133984933976244,0.6460029692295866,True
20261004,typical,27,2.97,5.5,0,0,bounded,-0.005,-25,3000,True,0.0001004475098386398,9.93707332999812e-05,1.372667000188064,1.597332999811936,2.699632105877388,0.0008475923917540132,0.6867826322360219,0.6868187357205061,-0.0,1.0,-0.0,1.0,0.0,1.0,0.0,1.0,0.0,1.0,-0.0,1.0,1.010835952426838,-0.6292667000188046,0.44750983863979243,True
20261004,typical,27,2.97,5.5,0,0,bounded,-0.005,25,-3000,True,0.0001006460029692296,9.956866015066024e-05,1.373398493397571,1.596601506602429,2.6994689984528,0.0008492719467186069,0.6867842132702734,0.6868204003094733,-0.0,1.0,-0.0,1.0,0.0,1.0,0.0,1.0,0.0,1.0,-0.0,1.0,1.0108200995869503,-0.43133984933976244,0.6460029692295866,True
20261004,typical,27,2.97,5.5,0,0,bounded,-0.005,25,3000,True,0.0001004475098386398,9.93707332999812e-05,1.372667000188064,1.597332999811936,2.699632105877388,0.0008475923917540132,0.6867826322360219,0.6868187357205061,-0.0,1.0,-0.0,1.0,0.0,1.0,0.0,1.0,0.0,1.0,-0.0,1.0,1.010835952426838,-0.6292667000188046,0.44750983863979243,True
20261004,typical,27,2.97,5.5,0,0,bounded,0.005,-25,-3000,True,0.0001016484630088482,0.0001005682917330481,1.37708266951925,1.592917330480751,2.698649835372308,0.0008577543827361263,0.686792197999266,0.6868288072662875,-0.0,1.0,-0.0,1.0,0.0,1.0,0.0,1.0,0.0,1.0,-0.0,1.0,1.01074067439335,0.5682917330480874,1.6484630088482,True
20261004,typical,27,2.97,5.5,0,0,bounded,0.005,-25,3000,True,0.0001014499799507523,0.000100370364544753,1.376354552469962,1.593645447530039,2.698811422418999,0.000856074882167439,0.6867906170615674,0.6868271426965471,-0.0,1.0,-0.0,1.0,0.0,1.0,0.0,1.0,0.0,1.0,-0.0,1.0,1.0107563164774391,0.37036454475298797,1.4499799507522892,True
20261004,typical,27,2.97,5.5,0,0,bounded,0.005,25,-3000,True,0.0001016484630088482,0.0001005682917330481,1.37708266951925,1.592917330480751,2.698649835372308,0.0008577543827361263,0.686792197999266,0.6868288072662875,-0.0,1.0,-0.0,1.0,0.0,1.0,0.0,1.0,0.0,1.0,-0.0,1.0,1.01074067439335,0.5682917330480874,1.6484630088482,True
20261004,typical,27,2.97,5.5,0,0,bounded,0.005,25,3000,True,0.0001014499799507523,0.000100370364544753,1.376354552469962,1.593645447530039,2.698811422418999,0.000856074882167439,0.6867906170615674,0.6868271426965471,-0.0,1.0,-0.0,1.0,0.0,1.0,0.0,1.0,0.0,1.0,-0.0,1.0,1.0107563164774391,0.37036454475298797,1.4499799507522892,True
20261004,typical,27,3.3,4.5,0,0,bounded,-0.005,-25,-3000,True,9.977456284420517e-05,9.950268470888717e-05,1.373152911128337,1.926847088871663,1.700187347593032,0.0007773444043703464,0.6867772962236839,0.6868194627482824,-0.0,1.0,-0.0,1.0,0.0,1.0,0.0,1.0,0.0,1.0,-0.0,1.0,1.0027323698462351,-0.497315291112832,-0.2254371557948276,True
20261004,typical,27,3.3,4.5,0,0,bounded,-0.005,-25,3000,True,9.977456284424071e-05,9.950268470888715e-05,1.373152911128369,1.926847088871631,1.700187347593004,0.0007773444043705063,0.6867772962236839,0.6868194627482824,-0.0,1.0,-0.0,1.0,0.0,1.0,0.0,1.0,0.0,1.0,-0.0,1.0,1.0027323698465924,-0.4973152911128542,-0.22543715575930046,True
20261004,typical,27,3.3,4.5,0,0,bounded,-0.005,25,-3000,True,9.977456284420517e-05,9.950268470888717e-05,1.373152911128337,1.926847088871663,1.700187347593032,0.0007773444043703464,0.6867772962236839,0.6868194627482824,-0.0,1.0,-0.0,1.0,0.0,1.0,0.0,1.0,0.0,1.0,-0.0,1.0,1.0027323698462351,-0.497315291112832,-0.2254371557948276,True
20261004,typical,27,3.3,4.5,0,0,bounded,-0.005,25,3000,True,9.977456284424071e-05,9.950268470888715e-05,1.373152911128369,1.926847088871631,1.700187347593004,0.0007773444043705063,0.6867772962236839,0.6868194627482824,-0.0,1.0,-0.0,1.0,0.0,1.0,0.0,1.0,0.0,1.0,-0.0,1.0,1.0027323698465924,-0.4973152911128542,-0.22543715575930046,True
20261004,typical,27,3.3,4.5,0,0,bounded,0.005,-25,-3000,True,0.0001007713755265042,0.0001005023161801134,1.376838198866211,1.923161801133789,1.699366131865424,0.0007851288452958686,0.6867852357974984,0.6868278670291503,-0.0,1.0,-0.0,1.0,0.0,1.0,0.0,1.0,0.0,1.0,-0.0,1.0,1.0026771457277521,0.5023161801134046,0.7713755265041922,True
20261004,typical,27,3.3,4.5,0,0,bounded,0.005,-25,3000,True,0.0001007713755264864,0.0001005023161801133,1.376838198866163,1.923161801133837,1.699366131865424,0.0007851288452957888,0.6867852357974984,0.6868278670291503,-0.0,1.0,-0.0,1.0,0.0,1.0,0.0,1.0,0.0,1.0,-0.0,1.0,1.0026771457275763,0.5023161801132936,0.7713755264864064,True
20261004,typical,27,3.3,4.5,0,0,bounded,0.005,25,-3000,True,0.0001007713755265042,0.0001005023161801134,1.376838198866211,1.923161801133789,1.699366131865424,0.0007851288452958686,0.6867852357974984,0.6868278670291503,-0.0,1.0,-0.0,1.0,0.0,1.0,0.0,1.0,0.0,1.0,-0.0,1.0,1.0026771457277521,0.5023161801134046,0.7713755265041922,True
20261004,typical,27,3.3,4.5,0,0,bounded,0.005,25,3000,True,0.0001007713755264864,0.0001005023161801133,1.376838198866163,1.923161801133837,1.699366131865424,0.0007851288452957888,0.6867852357974984,0.6868278670291503,-0.0,1.0,-0.0,1.0,0.0,1.0,0.0,1.0,0.0,1.0,-0.0,1.0,1.0026771457275763,0.5023161801132936,0.7713755264864064,True
20261004,typical,27,3.3,5,0,0,bounded,-0.005,-25,-3000,True,0.0001001979235529617,9.95026846128854e-05,1.373153871146032,1.926846128853968,2.19983762817185,0.0008293484890195015,0.6867806642858033,0.6868196639642896,-0.0,1.0,-0.0,1.0,0.0,1.0,0.0,1.0,0.0,1.0,-0.0,1.0,1.0069871375107227,-0.4973153871146052,0.1979235529616874,True
20261004,typical,27,3.3,5,0,0,bounded,-0.005,-25,3000,True,0.0001001979235529794,9.95026846128854e-05,1.373153871146031,1.92684612885397,2.199837628171836,0.0008293484890195903,0.6867806642858033,0.6868196639642896,-0.0,1.0,-0.0,1.0,0.0,1.0,0.0,1.0,0.0,1.0,-0.0,1.0,1.0069871375109007,-0.4973153871146052,0.19792355297940656,True
20261004,typical,27,3.3,5,0,0,bounded,-0.005,25,-3000,True,0.0001001979235529617,9.95026846128854e-05,1.373153871146032,1.926846128853968,2.19983762817185,0.0008293484890195015,0.6867806642858033,0.6868196639642896,-0.0,1.0,-0.0,1.0,0.0,1.0,0.0,1.0,0.0,1.0,-0.0,1.0,1.0069871375107227,-0.4973153871146052,0.1979235529616874,True
20261004,typical,27,3.3,5,0,0,bounded,-0.005,25,3000,True,0.0001001979235529794,9.95026846128854e-05,1.373153871146031,1.92684612885397,2.199837628171836,0.0008293484890195903,0.6867806642858033,0.6868196639642896,-0.0,1.0,-0.0,1.0,0.0,1.0,0.0,1.0,0.0,1.0,-0.0,1.0,1.0069871375109007,-0.4973153871146052,0.19792355297940656,True
20261004,typical,27,3.3,5,0,0,bounded,0.005,-25,-3000,True,0.0001011978692316297,0.0001005023160834089,1.376839165910766,1.923160834089234,2.199017096661847,0.0008376470012654538,0.6867886287552663,0.68682806973214,-0.0,1.0,-0.0,1.0,0.0,1.0,0.0,1.0,0.0,1.0,-0.0,1.0,1.00692076735469,0.5023160834088936,1.1978692316297002,True
20261004,typical,27,3.3,5,0,0,bounded,0.005,-25,3000,True,0.0001011978692315942,0.0001005023160834089,1.376839165910702,1.923160834089298,2.199017096661869,0.000837647001265276,0.6867886287552663,0.68682806973214,-0.0,1.0,-0.0,1.0,0.0,1.0,0.0,1.0,0.0,1.0,-0.0,1.0,1.0069207673543368,0.5023160834088936,1.1978692315941952,True
20261004,typical,27,3.3,5,0,0,bounded,0.005,25,-3000,True,0.0001011978692316297,0.0001005023160834089,1.376839165910766,1.923160834089234,2.199017096661847,0.0008376470012654538,0.6867886287552663,0.68682806973214,-0.0,1.0,-0.0,1.0,0.0,1.0,0.0,1.0,0.0,1.0,-0.0,1.0,1.00692076735469,0.5023160834088936,1.1978692316297002,True
20261004,typical,27,3.3,5,0,0,bounded,0.005,25,3000,True,0.0001011978692315942,0.0001005023160834089,1.376839165910702,1.923160834089298,2.199017096661869,0.000837647001265276,0.6867886287552663,0.68682806973214,-0.0,1.0,-0.0,1.0,0.0,1.0,0.0,1.0,0.0,1.0,-0.0,1.0,1.0069207673543368,0.5023160834088936,1.1978692315941952,True
20261004,typical,27,3.3,5.5,0,0,bounded,-0.005,-25,-3000,True,0.0001005798423479636,9.950268452628458e-05,1.373154737154073,1.926845262845927,2.69952333091612,0.0008815480038827216,0.6867836862892804,0.6868198454487622,-0.0,1.0,-0.0,1.0,0.0,1.0,0.0,1.0,0.0,1.0,-0.0,1.0,1.0108254146790832,-0.4973154737154206,0.5798423479635995,True
20261004,typical,27,3.3,5.5,0,0,bounded,-0.005,-25,3000,True,0.0001005798423480169,9.95026845262846e-05,1.37315473715406,1.92684526284594,2.699523330916086,0.0008815480038830148,0.6867836862892804,0.6868198454487622,-0.0,1.0,-0.0,1.0,0.0,1.0,0.0,1.0,0.0,1.0,-0.0,1.0,1.0108254146796187,-0.4973154737154095,0.5798423480168902,True
20261004,typical,27,3.3,5.5,0,0,bounded,-0.005,25,-3000,True,0.0001005798423479636,9.950268452628458e-05,1.373154737154073,1.926845262845927,2.69952333091612,0.0008815480038827216,0.6867836862892804,0.6868198454487622,-0.0,1.0,-0.0,1.0,0.0,1.0,0.0,1.0,0.0,1.0,-0.0,1.0,1.0108254146790832,-0.4973154737154206,0.5798423479635995,True
20261004,typical,27,3.3,5.5,0,0,bounded,-0.005,25,3000,True,0.0001005798423480169,9.95026845262846e-05,1.37315473715406,1.92684526284594,2.699523330916086,0.0008815480038830148,0.6867836862892804,0.6868198454487622,-0.0,1.0,-0.0,1.0,0.0,1.0,0.0,1.0,0.0,1.0,-0.0,1.0,1.0108254146796187,-0.4973154737154095,0.5798423480168902,True
20261004,typical,27,3.3,5.5,0,0,bounded,0.005,-25,-3000,True,0.0001015823058359882,0.0001005023159962441,1.376840037559013,1.923159962440988,2.698703661660868,0.0008903603369176372,0.6867916710511804,0.6868282524120269,-0.0,1.0,-0.0,1.0,0.0,1.0,0.0,1.0,0.0,1.0,-0.0,1.0,1.0107459199227256,0.5023159962440849,1.5823058359881959,True
20261004,typical,27,3.3,5.5,0,0,bounded,0.005,-25,3000,True,0.0001015823058359882,0.0001005023159962441,1.376840037559066,1.923159962440935,2.698703661660859,0.0008903603369176372,0.6867916710511804,0.6868282524120269,-0.0,1.0,-0.0,1.0,0.0,1.0,0.0,1.0,0.0,1.0,-0.0,1.0,1.0107459199227256,0.5023159962440849,1.5823058359881959,True
20261004,typical,27,3.3,5.5,0,0,bounded,0.005,25,-3000,True,0.0001015823058359882,0.0001005023159962441,1.376840037559013,1.923159962440988,2.698703661660868,0.0008903603369176372,0.6867916710511804,0.6868282524120269,-0.0,1.0,-0.0,1.0,0.0,1.0,0.0,1.0,0.0,1.0,-0.0,1.0,1.0107459199227256,0.5023159962440849,1.5823058359881959,True
20261004,typical,27,3.3,5.5,0,0,bounded,0.005,25,3000,True,0.0001015823058359882,0.0001005023159962441,1.376840037559066,1.923159962440935,2.698703661660859,0.0008903603369176372,0.6867916710511804,0.6868282524120269,-0.0,1.0,-0.0,1.0,0.0,1.0,0.0,1.0,0.0,1.0,-0.0,1.0,1.0107459199227256,0.5023159962440849,1.5823058359881959,True
20261004,typical,27,3.63,4.5,0,0,bounded,-0.005,-25,-3000,True,9.970877290366976e-05,9.943670909190766e-05,1.372909080923408,2.257090919076592,1.700241818852805,0.0008096447466346971,0.6867767722068677,0.6868189080632122,-0.0,1.0,-0.0,1.0,0.0,1.0,0.0,1.0,0.0,1.0,-0.0,1.0,1.0027360500387301,-0.5632909080923509,-0.2912270963302377,True
20261004,typical,27,3.63,4.5,0,0,bounded,-0.005,-25,3000,True,9.990614604883965e-05,9.963463596527547e-05,1.37364034724528,2.25635965275472,1.700078503493791,0.0008112514003383707,0.686778344283298,0.6868205721195743,-0.0,1.0,-0.0,1.0,0.0,1.0,0.0,1.0,0.0,1.0,-0.0,1.0,1.0027250572146298,-0.3653640347245357,-0.09385395116034978,True
20261004,typical,27,3.63,4.5,0,0,bounded,-0.005,25,-3000,True,9.970877290366976e-05,9.943670909190766e-05,1.372909080923408,2.257090919076592,1.700241818852805,0.0008096447466346971,0.6867767722068677,0.6868189080632122,-0.0,1.0,-0.0,1.0,0.0,1.0,0.0,1.0,0.0,1.0,-0.0,1.0,1.0027360500387301,-0.5632909080923509,-0.2912270963302377,True
20261004,typical,27,3.63,4.5,0,0,bounded,-0.005,25,3000,True,9.990614604883965e-05,9.963463596527547e-05,1.37364034724528,2.25635965275472,1.700078503493791,0.0008112514003383707,0.686778344283298,0.6868205721195743,-0.0,1.0,-0.0,1.0,0.0,1.0,0.0,1.0,0.0,1.0,-0.0,1.0,1.0027250572146298,-0.3653640347245357,-0.09385395116034978,True
20261004,typical,27,3.63,4.5,0,0,bounded,0.005,-25,-3000,True,0.0001007055886263101,0.0001004363404505953,1.376595494046629,2.25340450595337,1.699420094184215,0.000817759079218488,0.6867847118099599,0.6868273123503358,-0.0,1.0,-0.0,1.0,0.0,1.0,0.0,1.0,0.0,1.0,-0.0,1.0,1.0026807844103722,0.43634045059528503,0.7055886263100941,True
20261004,typical,27,3.63,4.5,0,0,bounded,0.005,-25,3000,True,0.0001009029527269815,0.000100634267661248,1.377323387519549,2.252676612480451,1.699258303610669,0.0008193656934462658,0.6867862837991678,0.6868289763879664,-0.0,1.0,-0.0,1.0,0.0,1.0,0.0,1.0,0.0,1.0,-0.0,1.0,1.0026699162420294,0.6342676612479892,0.9029527269814874,True
20261004,typical,27,3.63,4.5,0,0,bounded,0.005,25,-3000,True,0.0001007055886263101,0.0001004363404505953,1.376595494046629,2.25340450595337,1.699420094184215,0.000817759079218488,0.6867847118099599,0.6868273123503358,-0.0,1.0,-0.0,1.0,0.0,1.0,0.0,1.0,0.0,1.0,-0.0,1.0,1.0026807844103722,0.43634045059528503,0.7055886263100941,True
20261004,typical,27,3.63,4.5,0,0,bounded,0.005,25,3000,True,0.0001009029527269815,0.000100634267661248,1.377323387519549,2.252676612480451,1.699258303610669,0.0008193656934462658,0.6867862837991678,0.6868289763879664,-0.0,1.0,-0.0,1.0,0.0,1.0,0.0,1.0,0.0,1.0,-0.0,1.0,1.0026699162420294,0.6342676612479892,0.9029527269814874,True
20261004,typical,27,3.63,5,0,0,bounded,-0.005,-25,-3000,True,0.0001001319268179692,9.943670899595228e-05,1.372910040477108,2.257089959522891,2.19989205369489,0.000861614902309626,0.6867801386257203,0.6868191091810691,-0.0,1.0,-0.0,1.0,0.0,1.0,0.0,1.0,0.0,1.0,-0.0,1.0,1.0069915610546323,-0.5632910040477279,0.1319268179691857,True
20261004,typical,27,3.63,5,0,0,bounded,-0.005,-25,3000,True,0.0001003299203503295,9.963463586918095e-05,1.373641308190493,2.256358691809506,2.199728875332313,0.000863323344521434,0.6867817156319719,0.6868207735318822,-0.0,1.0,-0.0,1.0,0.0,1.0,0.0,1.0,0.0,1.0,-0.0,1.0,1.006978341167036,-0.36536413081905694,0.3299203503294823,True
20261004,typical,27,3.63,5,0,0,bounded,-0.005,25,-3000,True,0.0001001319268179692,9.943670899595228e-05,1.372910040477108,2.257089959522891,2.19989205369489,0.000861614902309626,0.6867801386257203,0.6868191091810691,-0.0,1.0,-0.0,1.0,0.0,1.0,0.0,1.0,0.0,1.0,-0.0,1.0,1.0069915610546323,-0.5632910040477279,0.1319268179691857,True
20261004,typical,27,3.63,5,0,0,bounded,-0.005,25,3000,True,0.0001003299203503295,9.963463586918095e-05,1.373641308190493,2.256358691809506,2.199728875332313,0.000863323344521434,0.6867817156319719,0.6868207735318822,-0.0,1.0,-0.0,1.0,0.0,1.0,0.0,1.0,0.0,1.0,-0.0,1.0,1.006978341167036,-0.36536413081905694,0.3299203503294823,True
20261004,typical,27,3.63,5,0,0,bounded,0.005,-25,-3000,True,0.0001011318755745662,0.0001004363403539372,1.376596460627501,2.253403539372499,2.199071014326861,0.0008702433079221025,0.6867881031247995,0.6868275149551979,-0.0,1.0,-0.0,1.0,0.0,1.0,0.0,1.0,0.0,1.0,-0.0,1.0,1.006925135047513,0.4363403539372035,1.131875574566199,True
20261004,typical,27,3.63,5,0,0,bounded,0.005,-25,3000,True,0.0001013298599520808,0.0001006342675644508,1.377324355491659,2.252675644508341,2.198909357505519,0.0008719517055838274,0.6867896800428335,0.6868291792872174,-0.0,1.0,-0.0,1.0,0.0,1.0,0.0,1.0,0.0,1.0,-0.0,1.0,1.006912082777216,0.6342675644507967,1.3298599520807919,True
20261004,typical,27,3.63,5,0,0,bounded,0.005,25,-3000,True,0.0001011318755745662,0.0001004363403539372,1.376596460627501,2.253403539372499,2.199071014326861,0.0008702433079221025,0.6867881031247995,0.6868275149551979,-0.0,1.0,-0.0,1.0,0.0,1.0,0.0,1.0,0.0,1.0,-0.0,1.0,1.006925135047513,0.4363403539372035,1.131875574566199,True
20261004,typical,27,3.63,5,0,0,bounded,0.005,25,3000,True,0.0001013298599520808,0.0001006342675644508,1.377324355491659,2.252675644508341,2.198909357505519,0.0008719517055838274,0.6867896800428335,0.6868291792872174,-0.0,1.0,-0.0,1.0,0.0,1.0,0.0,1.0,0.0,1.0,-0.0,1.0,1.006912082777216,0.6342675644507967,1.3298599520807919,True
20261004,typical,27,3.63,5.5,0,0,bounded,-0.005,-25,-3000,True,0.0001005136792784338,9.943670890938873e-05,1.372910906112606,2.257089093887394,2.699577698966407,0.0009137805039370193,0.6867831592884467,0.6868192905865691,-0.0,1.0,-0.0,1.0,0.0,1.0,0.0,1.0,0.0,1.0,-0.0,1.0,1.0108307121269113,-0.5632910906112842,0.5136792784337985,True
20261004,typical,27,3.63,5.5,0,0,bounded,-0.005,-25,3000,True,0.0001007121717637265,9.963463578250564e-05,1.373642174943578,2.256357825056422,2.699414692814008,0.0009155906871553988,0.6867847403164783,0.6868209551742783,-0.0,1.0,-0.0,1.0,0.0,1.0,0.0,1.0,0.0,1.0,-0.0,1.0,1.0108148734901088,-0.3653642174943683,0.7121717637264879,True
20261004,typical,27,3.63,5.5,0,0,bounded,-0.005,25,-3000,True,0.0001005136792784338,9.943670890938873e-05,1.372910906112606,2.257089093887394,2.699577698966407,0.0009137805039370193,0.6867831592884467,0.6868192905865691,-0.0,1.0,-0.0,1.0,0.0,1.0,0.0,1.0,0.0,1.0,-0.0,1.0,1.0108307121269113,-0.5632910906112842,0.5136792784337985,True
20261004,typical,27,3.63,5.5,0,0,bounded,-0.005,25,3000,True,0.0001007121717637265,9.963463578250564e-05,1.373642174943578,2.256357825056422,2.699414692814008,0.0009155906871553988,0.6867847403164783,0.6868209551742783,-0.0,1.0,-0.0,1.0,0.0,1.0,0.0,1.0,0.0,1.0,-0.0,1.0,1.0108148734901088,-0.3653642174943683,0.7121717637264879,True
20261004,typical,27,3.63,5.5,0,0,bounded,0.005,-25,-3000,True,0.0001015161461480201,0.0001004363402668096,1.376597331903846,2.253402668096154,2.698757522909296,0.0009229227335470188,0.686791144082721,0.6868276975562544,-0.0,1.0,-0.0,1.0,0.0,1.0,0.0,1.0,0.0,1.0,-0.0,1.0,1.010751147227607,0.43634026680958726,1.5161461480200922,True
20261004,typical,27,3.63,5.5,0,0,bounded,0.005,-25,3000,True,0.0001017146285690611,0.0001006342674772116,1.377325227883619,2.25267477211638,2.698596035134822,0.0009247328626364932,0.6867927250142664,0.686829362124737,-0.0,1.0,-0.0,1.0,0.0,1.0,0.0,1.0,0.0,1.0,-0.0,1.0,1.0107355190128864,0.634267477211603,1.714628569061083,True
20261004,typical,27,3.63,5.5,0,0,bounded,0.005,25,-3000,True,0.0001015161461480201,0.0001004363402668096,1.376597331903846,2.253402668096154,2.698757522909296,0.0009229227335470188,0.686791144082721,0.6868276975562544,-0.0,1.0,-0.0,1.0,0.0,1.0,0.0,1.0,0.0,1.0,-0.0,1.0,1.010751147227607,0.43634026680958726,1.5161461480200922,True
20261004,typical,27,3.63,5.5,0,0,bounded,0.005,25,3000,True,0.0001017146285690611,0.0001006342674772116,1.377325227883619,2.25267477211638,2.698596035134822,0.0009247328626364932,0.6867927250142664,0.686829362124737,-0.0,1.0,-0.0,1.0,0.0,1.0,0.0,1.0,0.0,1.0,-0.0,1.0,1.0107355190128864,0.634267477211603,1.714628569061083,True
20261004,typical,85,2.97,4.5,0,0,bounded,-0.005,-25,-3000,True,9.964735091141298e-05,9.942148246979893e-05,1.395175302010743,1.574824697989258,1.679022338385118,0.0007436948918658728,0.6083253212466528,0.6083686313538947,-0.0,1.0,-0.0,1.0,0.0,1.0,0.0,1.0,0.0,1.0,-0.0,1.0,1.0022718273355324,-0.5785175302010725,-0.3526490885870204,True
20261004,typical,85,2.97,4.5,0,0,bounded,-0.005,-25,3000,True,9.945011948985373e-05,9.92235667257761e-05,1.394332742238946,1.575667257761054,1.679215642246518,0.0007422195407091294,0.6083237193951173,0.6083669347207711,-0.0,1.0,-0.0,1.0,0.0,1.0,0.0,1.0,0.0,1.0,-0.0,1.0,1.0022832555969667,-0.7764332742239088,-0.5498805101462834,True
20261004,typical,85,2.97,4.5,0,0,bounded,-0.005,25,-3000,True,9.99362214910119e-05,9.971135920256915e-05,1.396407974308319,1.573592025691682,1.678739874497835,0.0007458557433703543,0.6083276673571822,0.608371116314796,-0.0,1.0,-0.0,1.0,0.0,1.0,0.0,1.0,0.0,1.0,-0.0,1.0,1.0022551321157496,-0.28864079743086135,-0.06377850898809934,True
20261004,typical,85,2.97,4.5,0,0,bounded,-0.005,25,3000,True,9.973899309171066e-05,9.951344334659677e-05,1.395566534032173,1.574433465967827,1.678932644629445,0.0007443804054813154,0.6083260655345832,0.6083694196871924,-0.0,1.0,-0.0,1.0,0.0,1.0,0.0,1.0,0.0,1.0,-0.0,1.0,1.002266525381182,-0.4865566534032362,-0.2610069082893407,True
20261004,typical,85,2.97,4.5,0,0,bounded,0.005,-25,-3000,True,0.000100643437713254,0.0001004210580986069,1.399419013931255,1.570580986068746,1.678051599532119,0.0007511460220916821,0.6083334111043732,0.6083772001504566,-0.0,1.0,-0.0,1.0,0.0,1.0,0.0,1.0,0.0,1.0,-0.0,1.0,1.0022144719330555,0.4210580986069079,0.6434377132539915,True
20261004,typical,85,2.97,4.5,0,0,bounded,0.005,-25,3000,True,0.0001004462166927259,0.0001002231419705642,1.398580294357446,1.571419705642554,1.678243075941688,0.0007496707165990212,0.6083318093524549,0.6083755035363739,-0.0,1.0,-0.0,1.0,0.0,1.0,0.0,1.0,0.0,1.0,-0.0,1.0,1.0022257805709904,0.22314197056418905,0.44621669272590925,True
20261004,typical,85,2.97,4.5,0,0,bounded,0.005,25,-3000,True,0.0001009322930798488,0.0001007109353918133,1.40064608186686,1.569353918133141,1.67777179921052,0.0007533068068022357,0.6083357570691649,0.60837968508347,-0.0,1.0,-0.0,1.0,0.0,1.0,0.0,1.0,0.0,1.0,-0.0,1.0,1.0021979508697274,0.7109353918132832,0.9322930798487894,True
20261004,typical,85,2.97,4.5,0,0,bounded,0.005,25,3000,True,0.0001007350750647743,0.0001005130191534573,1.399808465427138,1.570191534572863,1.677962752438746,0.000751831514506441,0.6083341553460463,0.6083779884749092,-0.0,1.0,-0.0,1.0,0.0,1.0,0.0,1.0,0.0,1.0,-0.0,1.0,1.00220922536391,0.5130191534572948,0.7350750647743043,True
20261004,typical,85,2.97,5,0,0,bounded,-0.005,-25,-3000,True,0.0001000459529361776,9.942148237914784e-05,1.395176208521698,1.574823791478302,2.178632779712082,0.0007955115771761728,0.6083285547755162,0.6083688245292471,-0.0,1.0,-0.0,1.0,0.0,1.0,0.0,1.0,0.0,1.0,-0.0,1.0,1.0062810425079793,-0.5785176208521703,0.04595293617759566,True
20261004,typical,85,2.97,5,0,0,bounded,-0.005,-25,3000,True,9.984808494138866e-05,9.922356663526836e-05,1.394333647316289,1.575666352683711,2.17882597410277,0.0007939344274429135,0.6083269477657738,0.6083671275880059,-0.0,1.0,-0.0,1.0,0.0,1.0,0.0,1.0,0.0,1.0,-0.0,1.0,1.0062940521823402,-0.7764333647316435,-0.15191505861134047,True
20261004,typical,85,2.97,5,0,0,bounded,-0.005,25,-3000,True,0.0001003357561427477,9.971135911170806e-05,1.396408882919383,1.573591117080617,2.178350474875904,0.0007978215271047327,0.6083309084431577,0.6083713099415654,-0.0,1.0,-0.0,1.0,0.0,1.0,0.0,1.0,0.0,1.0,-0.0,1.0,1.0062620451330937,-0.2886408882919467,0.3357561427476785,True
20261004,typical,85,2.97,5,0,0,bounded,-0.005,25,3000,True,0.0001001378909491847,9.951344325587906e-05,1.395567441209353,1.574432558790647,2.178543136579012,0.0007962443910450642,0.6083293014605934,0.6083696130057367,-0.0,1.0,-0.0,1.0,0.0,1.0,0.0,1.0,0.0,1.0,-0.0,1.0,1.0062750084096679,-0.4865567441209473,0.13789094918470468,True
20261004,typical,85,2.97,5,0,0,bounded,0.005,-25,-3000,True,0.0001010452570812283,0.0001004210580072313,1.39941992768715,1.57058007231285,2.177662582919387,0.0008034768375168073,0.6083366707033222,0.60837739488308,-0.0,1.0,-0.0,1.0,0.0,1.0,0.0,1.0,0.0,1.0,-0.0,1.0,1.0062158185382997,0.4210580072312897,1.0452570812282902,True
20261004,typical,85,2.97,5,0,0,bounded,0.005,-25,3000,True,0.0001008473987141335,0.0001002231418793322,1.398581206678089,1.571418793321911,2.177853953425419,0.0008018997347814615,0.608335063787035,0.6083756979605082,-0.0,1.0,-0.0,1.0,0.0,1.0,0.0,1.0,0.0,1.0,-0.0,1.0,1.00622866957766,0.22314187933218932,0.8473987141335071,True
20261004,typical,85,2.97,5,0,0,bounded,0.005,25,-3000,True,0.0001013350462179509,0.0001007109353002274,1.400646997725302,1.569353002274698,2.17738293645162,0.0008057867187606384,0.6083390242343465,0.6083798802680541,-0.0,1.0,-0.0,1.0,0.0,1.0,0.0,1.0,0.0,1.0,-0.0,1.0,1.006197052145956,0.7109353002273888,1.335046217950886,True
20261004,typical,85,2.97,5,0,0,bounded,0.005,25,3000,True,0.0001011371906265203,0.000100513019062015,1.399809379849583,1.570190620150417,2.177573784796546,0.0008042096295760202,0.6083374173450252,0.608378183350895,-0.0,1.0,-0.0,1.0,0.0,1.0,0.0,1.0,0.0,1.0,-0.0,1.0,1.0062098578903513,0.5130190620149966,1.1371906265202902,True
20261004,typical,85,2.97,5.5,0,0,bounded,-0.005,-25,-3000,True,0.0001003972564021698,9.942148229925503e-05,1.395177007449745,1.574822992550255,2.678290665377753,0.0008474667224698912,0.6083313974874187,0.6083689947669977,-0.0,1.0,-0.0,1.0,0.0,1.0,0.0,1.0,0.0,1.0,-0.0,1.0,1.0098145197632211,-0.5785177007449738,0.39725640216978775,True
20261004,typical,85,2.97,5.5,0,0,bounded,-0.005,-25,3000,True,0.0001001989000216046,9.92235665554854e-05,1.394334445145967,1.575665554854033,2.6784836934522,0.0008457879526177977,0.6083297864851065,0.6083672975893333,-0.0,1.0,-0.0,1.0,0.0,1.0,0.0,1.0,0.0,1.0,-0.0,1.0,1.009829655393145,-0.7764334445146126,0.19890002160458664,True
20261004,typical,85,2.97,5.5,0,0,bounded,-0.005,25,-3000,True,0.000100687774753359,9.971135903165443e-05,1.396409683455645,1.573590316544355,2.678008602930551,0.000849925507296729,0.6083337570010626,0.6083714805255128,-0.0,1.0,-0.0,1.0,0.0,1.0,0.0,1.0,0.0,1.0,-0.0,1.0,1.0097924221591905,-0.28864096834557706,0.687774753358994,True
20261004,typical,85,2.97,5.5,0,0,bounded,-0.005,25,3000,True,0.0001004894213101065,9.951344317593522e-05,1.395568240647639,1.574431759352361,2.678201099295355,0.0008482467532673159,0.6083321460273082,0.6083697833533269,-0.0,1.0,-0.0,1.0,0.0,1.0,0.0,1.0,0.0,1.0,-0.0,1.0,1.0098075004041998,-0.48655682406478773,0.48942131010649703,True
20261004,typical,85,2.97,5.5,0,0,bounded,0.005,-25,-3000,True,0.0001013990257365709,0.0001004210579267841,1.399420732158494,1.570579267841506,2.677321298418813,0.0008559451934229123,0.6083395335654411,0.6083775663141947,-0.0,1.0,-0.0,1.0,0.0,1.0,0.0,1.0,0.0,1.0,-0.0,1.0,1.0097386726447337,0.4210579267841075,1.3990257365708914,True
20261004,typical,85,2.97,5.5,0,0,bounded,0.005,-25,3000,True,0.0001012006794453395,0.0001002231417989948,1.398582010052304,1.571417989947696,2.677512505952155,0.0008542664779215971,0.6083379226612762,0.6083758691554283,-0.0,1.0,-0.0,1.0,0.0,1.0,0.0,1.0,0.0,1.0,-0.0,1.0,1.009753612077989,0.22314179899480813,1.200679445339503,True
20261004,typical,85,2.97,5.5,0,0,bounded,0.005,25,-3000,True,0.0001016895293498071,0.0001007109352196197,1.40064780380331,1.56935219619669,2.677041889471155,0.0008584038988554343,0.6083418929356615,0.6083800520450315,-0.0,1.0,-0.0,1.0,0.0,1.0,0.0,1.0,0.0,1.0,-0.0,1.0,1.009716860716797,0.7109352196196905,1.6895293498071062,True
20261004,typical,85,2.97,5.5,0,0,bounded,0.005,25,3000,True,0.0001014911859640382,0.0001005130189815169,1.399810184830838,1.570189815169162,2.677232575798218,0.0008567251990064877,0.6083402820597885,0.6083783548917417,-0.0,1.0,-0.0,1.0,0.0,1.0,0.0,1.0,0.0,1.0,-0.0,1.0,1.0097317441305904,0.5130189815168995,1.4911859640381886,True
20261004,typical,85,3.3,4.5,0,0,bounded,-0.005,-25,-3000,True,9.958161159040392e-05,9.935551054661405e-05,1.394894533859544,1.905105466140456,1.679086728236107,0.000775990449091843,0.6083247873330573,0.6083680658121774,-0.0,1.0,-0.0,1.0,0.0,1.0,0.0,1.0,0.0,1.0,-0.0,1.0,1.0022756769357428,-0.6444894533859546,-0.41838840959608214,True
20261004,typical,85,3.3,4.5,0,0,bounded,-0.005,-25,3000,True,9.958161159042169e-05,9.935551054661403e-05,1.394894533859615,1.905105466140385,1.679086728236112,0.0007759904490919229,0.6083247873330573,0.6083680658121774,-0.0,1.0,-0.0,1.0,0.0,1.0,0.0,1.0,0.0,1.0,-0.0,1.0,1.0022756769359218,-0.6444894533859769,-0.4183884095783075,True
20261004,typical,85,3.3,4.5,0,0,bounded,-0.005,25,-3000,True,9.987048321165849e-05,9.964538724210415e-05,1.396127578958436,1.903872421041565,1.678804086652018,0.0007782469644825746,0.6083271334535088,0.6083705507749362,-0.0,1.0,-0.0,1.0,0.0,1.0,0.0,1.0,0.0,1.0,-0.0,1.0,1.0022589702923974,-0.3546127578958558,-0.12951678834151048,True
20261004,typical,85,3.3,4.5,0,0,bounded,-0.005,25,3000,True,9.987048321162297e-05,9.964538724210415e-05,1.396127578958409,1.903872421041591,1.678804086652064,0.0007782469644824147,0.6083271334535068,0.6083705507749362,-0.0,1.0,-0.0,1.0,0.0,1.0,0.0,1.0,0.0,1.0,-0.0,1.0,1.0022589702920408,-0.3546127578958558,-0.12951678837703762,True
20261004,typical,85,3.3,4.5,0,0,bounded,0.005,-25,-3000,True,0.0001005777019783542,0.0001003550860475398,1.399139524601285,1.900860475398715,1.678115380958292,0.0007837714549906755,0.6083328772249492,0.6083766346151454,-0.0,1.0,-0.0,1.0,0.0,1.0,0.0,1.0,0.0,1.0,-0.0,1.0,1.0022182824965038,0.3550860475397988,0.5777019783541837,True
20261004,typical,85,3.3,4.5,0,0,bounded,0.005,-25,3000,True,0.0001005777019783719,0.0001003550860475399,1.399139524601249,1.900860475398751,1.678115380958283,0.0007837714549907555,0.6083328772249492,0.6083766346151454,-0.0,1.0,-0.0,1.0,0.0,1.0,0.0,1.0,0.0,1.0,-0.0,1.0,1.0022182824966792,0.3550860475398876,0.5777019783719028,True
20261004,typical,85,3.3,4.5,0,0,bounded,0.005,25,-3000,True,0.0001008665583819682,0.0001006449633040107,1.400366959892725,1.899633040107275,1.677835406448585,0.0007860279037533108,0.6083352231996247,0.6083791195500196,-0.0,1.0,-0.0,1.0,0.0,1.0,0.0,1.0,0.0,1.0,-0.0,1.0,1.0022017502981062,0.6449633040106928,0.8665583819682077,True
20261004,typical,85,3.3,4.5,0,0,bounded,0.005,25,3000,True,0.0001008665583820038,0.0001006449633040107,1.40036695989273,1.899633040107271,1.677835406448563,0.0007860279037534706,0.6083352231996247,0.6083791195500196,-0.0,1.0,-0.0,1.0,0.0,1.0,0.0,1.0,0.0,1.0,-0.0,1.0,1.00220175029846,0.6449633040106928,0.8665583820037792,True
20261004,typical,85,3.3,5,0,0,bounded,-0.005,-25,-3000,True,9.998000142124389e-05,9.935551045601073e-05,1.394895439892777,1.905104560107223,2.178697133154422,0.0008277732037422839,0.6083280191424946,0.6083682588848258,-0.0,1.0,-0.0,1.0,0.0,1.0,0.0,1.0,0.0,1.0,-0.0,1.0,1.0062854185174728,-0.6444895439892795,-0.019998578756119656,True
20261004,typical,85,3.3,5,0,0,bounded,-0.005,-25,3000,True,9.99800014211906e-05,9.935551045601073e-05,1.394895439892763,1.905104560107237,2.178697133154476,0.0008277732037420175,0.6083280191424946,0.6083682588848258,-0.0,1.0,-0.0,1.0,0.0,1.0,0.0,1.0,0.0,1.0,-0.0,1.0,1.0062854185169363,-0.6444895439892795,-0.01999857880939926,True
20261004,typical,85,3.3,5,0,0,bounded,-0.005,25,-3000,True,0.0001002698055956265,9.964538715129083e-05,1.396128487091468,1.903871512908532,2.17841465096841,0.0008301788177085504,0.6083303728194757,0.6083707442989661,-0.0,1.0,-0.0,1.0,0.0,1.0,0.0,1.0,0.0,1.0,-0.0,1.0,1.0062664059239153,-0.3546128487091793,0.2698055956265044,True
20261004,typical,85,3.3,5,0,0,bounded,-0.005,25,3000,True,0.000100269805595591,9.964538715129083e-05,1.39612848709149,1.90387151290851,2.178414650968443,0.0008301788177083727,0.6083303728194757,0.6083707442989661,-0.0,1.0,-0.0,1.0,0.0,1.0,0.0,1.0,0.0,1.0,-0.0,1.0,1.0062664059235589,-0.3546128487091793,0.2698055955909995,True
20261004,typical,85,3.3,5,0,0,bounded,0.005,-25,-3000,True,0.0001009793088942813,0.0001003550859562121,1.399140437878828,1.900859562121172,2.177726329124349,0.0008360683402581462,0.608336135102417,0.6083768292449379,-0.0,1.0,-0.0,1.0,0.0,1.0,0.0,1.0,0.0,1.0,-0.0,1.0,1.0062201425281183,0.3550859562120978,0.9793088942812833,True
20261004,typical,85,3.3,5,0,0,bounded,0.005,-25,3000,True,0.0001009793088942636,0.0001003550859562121,1.399140437878753,1.900859562121247,2.177726329124384,0.0008360683402580573,0.608336135102417,0.6083768292449379,-0.0,1.0,-0.0,1.0,0.0,1.0,0.0,1.0,0.0,1.0,-0.0,1.0,1.0062201425279418,0.3550859562120978,0.9793088942635864,True
20261004,typical,85,3.3,5,0,0,bounded,0.005,25,-3000,True,0.0001012690989914801,0.0001006449632124727,1.40036787527265,1.89963212472735,2.177446508807962,0.0008384738856897793,0.608338488642716,0.6083793146317342,-0.0,1.0,-0.0,1.0,0.0,1.0,0.0,1.0,0.0,1.0,-0.0,1.0,1.006201361291074,0.6449632124726934,1.2690989914800888,True
20261004,typical,85,3.3,5,0,0,bounded,0.005,25,3000,True,0.0001012690989914623,0.0001006449632124727,1.400367875272647,1.899632124727353,2.177446508807972,0.0008384738856896904,0.608338488642716,0.6083793146317342,-0.0,1.0,-0.0,1.0,0.0,1.0,0.0,1.0,0.0,1.0,-0.0,1.0,1.006201361290897,0.6449632124726934,1.2690989914622808,True
20261004,typical,85,3.3,5.5,0,0,bounded,-0.005,-25,-3000,True,0.0001003311421129088,9.93555103761545e-05,1.394896238454844,1.905103761545156,2.678354963459382,0.0008796944779934568,0.6083308605237318,0.6083684290437772,-0.0,1.0,-0.0,1.0,0.0,1.0,0.0,1.0,0.0,1.0,-0.0,1.0,1.0098196036944564,-0.6444896238455011,0.3311421129087888,True
20261004,typical,85,3.3,5.5,0,0,bounded,-0.005,-25,3000,True,0.0001003311421129443,9.935551037615452e-05,1.394896238454889,1.905103761545112,2.678354963459343,0.0008796944779936523,0.6083308605237318,0.6083684290437772,-0.0,1.0,-0.0,1.0,0.0,1.0,0.0,1.0,0.0,1.0,-0.0,1.0,1.0098196036948135,-0.64448962384549,0.33114211294429374,True
20261004,typical,85,3.3,5.5,0,0,bounded,-0.005,25,-3000,True,0.0001006216614772076,9.964538707127382e-05,1.396129287261783,1.903870712738218,2.678072723987837,0.0008822489275910872,0.6083332200471715,0.6083709148041364,-0.0,1.0,-0.0,1.0,0.0,1.0,0.0,1.0,0.0,1.0,-0.0,1.0,1.009797487215695,-0.35461292872618344,0.6216614772075912,True
20261004,typical,85,3.3,5.5,0,0,bounded,-0.005,25,3000,True,0.0001006216614771898,9.964538707127381e-05,1.396129287261764,1.903870712738236,2.67807272398786,0.0008822489275909895,0.6083332200471715,0.6083709148041364,-0.0,1.0,-0.0,1.0,0.0,1.0,0.0,1.0,0.0,1.0,-0.0,1.0,1.0097974872155164,-0.35461292872619454,0.6216614771898055,True
20261004,typical,85,3.3,5.5,0,0,bounded,0.005,-25,-3000,True,0.0001013329149290403,0.0001003550858758015,1.399141241984469,1.900858758015531,2.677384990375815,0.0008885028276310236,0.6083389966354344,0.6083770005973339,-0.0,1.0,-0.0,1.0,0.0,1.0,0.0,1.0,0.0,1.0,-0.0,1.0,1.009743692058108,0.3550858758015085,1.3329149290402853,True
20261004,typical,85,3.3,5.5,0,0,bounded,0.005,-25,3000,True,0.0001013329149290759,0.0001003550858758015,1.399141241984549,1.900858758015452,2.677384990375777,0.0008885028276312191,0.6083389966354344,0.6083770005973339,-0.0,1.0,-0.0,1.0,0.0,1.0,0.0,1.0,0.0,1.0,-0.0,1.0,1.0097436920584628,0.3550858758015085,1.3329149290759013,True
20261004,typical,85,3.3,5.5,0,0,bounded,0.005,25,-3000,True,0.0001016234195457582,0.0001006449631319015,1.400368680984902,1.899631319015098,2.677105407897501,0.0008910571979680615,0.6083413560153698,0.608379486330011,-0.0,1.0,-0.0,1.0,0.0,1.0,0.0,1.0,0.0,1.0,-0.0,1.0,1.0097218617147723,0.6449631319014992,1.623419545758198,True
20261004,typical,85,3.3,5.5,0,0,bounded,0.005,25,3000,True,0.0001016234195457937,0.0001006449631319015,1.400368680984999,1.899631319015001,2.677105407897477,0.0008910571979682569,0.6083413560153698,0.608379486330011,-0.0,1.0,-0.0,1.0,0.0,1.0,0.0,1.0,0.0,1.0,-0.0,1.0,1.009721861715125,0.6449631319014992,1.6234195457936806,True
20261004,typical,85,3.63,4.5,0,0,bounded,-0.005,-25,-3000,True,9.951586942509229e-05,9.928953863193652e-05,1.394613680634727,2.235386319365273,1.679151161226381,0.0008082424523209266,0.6083242533960495,0.6083675002687781,-0.0,1.0,-0.0,1.0,0.0,1.0,0.0,1.0,0.0,1.0,-0.0,1.0,1.0022795029191824,-0.7104613680634864,-0.48413057490771516,True
20261004,typical,85,3.63,4.5,0,0,bounded,-0.005,-25,3000,True,9.971310018836922e-05,9.948745440147975e-05,1.395455985202609,2.234544014797391,1.678957979089162,0.0008098484249991424,0.6083258552412416,0.6083691969006599,-0.0,1.0,-0.0,1.0,0.0,1.0,0.0,1.0,0.0,1.0,-0.0,1.0,1.0022680828275985,-0.5125455985202643,-0.2868998116307808,True
20261004,typical,85,3.63,4.5,0,0,bounded,-0.005,25,-3000,True,9.980474206300917e-05,9.957941529011014e-05,1.39584709889849,2.23415290110151,1.67886834172786,0.0008105946314607355,0.6083265995262209,0.6083699852333796,-0.0,1.0,-0.0,1.0,0.0,1.0,0.0,1.0,0.0,1.0,-0.0,1.0,1.002262784655268,-0.42058470988987073,-0.1952579369908336,True
20261004,typical,85,3.63,4.5,0,0,bounded,-0.005,25,3000,True,0.0001000019698052893,9.977733117149376e-05,1.396688285062273,2.233311714937726,1.678675692614451,0.0008122005909504994,0.6083282013424837,0.6083716818597418,-0.0,1.0,-0.0,1.0,0.0,1.0,0.0,1.0,0.0,1.0,-0.0,1.0,1.0022513995028535,-0.22266882850624503,0.0019698052893035722,True
20261004,typical,85,3.63,4.5,0,0,bounded,0.005,-25,-3000,True,0.0001005119633123767,0.0001002891140048558,1.398859951441687,2.231140048558313,1.678179204782204,0.0008163533334172651,0.6083323433214098,0.6083760690781088,-0.0,1.0,-0.0,1.0,0.0,1.0,0.0,1.0,0.0,1.0,-0.0,1.0,1.002222068763217,0.28911400485578387,0.5119633123766842,True
20261004,typical,85,3.63,4.5,0,0,bounded,0.005,-25,3000,True,0.0001007091836793476,0.0001004870301580454,1.399698419545412,2.230301580454588,1.677987847687547,0.0008179592607047081,0.608333945067019,0.6083777656909499,-0.0,1.0,-0.0,1.0,0.0,1.0,0.0,1.0,0.0,1.0,-0.0,1.0,1.0022107681056232,0.4870301580453873,0.7091836793476025,True
20261004,typical,85,3.63,4.5,0,0,bounded,0.005,25,-3000,True,0.0001008008207273062,0.0001005789912245555,1.400087754444363,2.229912245555637,1.67789905587405,0.0008187054460920605,0.6083346893057643,0.6083785540148261,-0.0,1.0,-0.0,1.0,0.0,1.0,0.0,1.0,0.0,1.0,-0.0,1.0,1.00220552522997,0.5789912245554918,0.800820727306184,True
20261004,typical,85,3.63,4.5,0,0,bounded,0.005,25,3000,True,0.0001009980380901557,0.000100776907487952,1.400925120480233,2.229074879519767,1.677708221275479,0.0008203113602609456,0.6083362910225861,0.6083802506221438,-0.0,1.0,-0.0,1.0,0.0,1.0,0.0,1.0,0.0,1.0,-0.0,1.0,1.0021942586621855,0.7769074879519833,0.9980380901557062,True
20261004,typical,85,3.63,5,0,0,bounded,-0.005,-25,-3000,True,9.991404707014332e-05,9.928953854138098e-05,1.394614586190012,2.235385413809988,2.178761529655422,0.0008599912749300725,0.6083274834861285,0.6083676932387204,-0.0,1.0,-0.0,1.0,0.0,1.0,0.0,1.0,0.0,1.0,-0.0,1.0,1.0062897716913255,-0.7104614586190272,-0.0859529298566808,True
20261004,typical,85,3.63,5,0,0,bounded,-0.005,-25,3000,True,0.0001001119144567077,9.948745431078087e-05,1.395456892191373,2.234543107808626,2.178568456751277,0.0008616990461057592,0.6083290904899237,0.608369390178745,-0.0,1.0,-0.0,1.0,0.0,1.0,0.0,1.0,0.0,1.0,-0.0,1.0,1.0062767727876132,-0.5125456892191349,0.11191445670768463,True
20261004,typical,85,3.63,5,0,0,bounded,-0.005,25,-3000,True,0.0001002038521875405,9.957941519934462e-05,1.395848006553612,2.234151993446388,2.178478869902407,0.0008624925527854353,0.6083298371722434,0.6083701786546705,-0.0,1.0,-0.0,1.0,0.0,1.0,0.0,1.0,0.0,1.0,-0.0,1.0,1.0062707436767513,-0.42058480065538806,0.2038521875404875,True
20261004,typical,85,3.63,5,0,0,bounded,-0.005,25,3000,True,0.0001004017167750106,9.977733108058481e-05,1.396689194151711,2.233310805848289,2.178286328981016,0.0008642003103716844,0.6083314441488785,0.6083718755892786,-0.0,1.0,-0.0,1.0,0.0,1.0,0.0,1.0,0.0,1.0,-0.0,1.0,1.0062577911000796,-0.22266891941519207,0.40171677501059655,True
20261004,typical,85,3.63,5,0,0,bounded,0.005,-25,-3000,True,0.0001009133577848721,0.0001002891139135759,1.39886086424081,2.23113913575919,2.177790117647995,0.0008686162871046556,0.6083355994774678,0.6083762636050744,-0.0,1.0,-0.0,1.0,0.0,1.0,0.0,1.0,0.0,1.0,-0.0,1.0,1.0062244429822578,0.2891139135758891,0.9133577848720931,True
20261004,typical,85,3.63,5,0,0,bounded,0.005,-25,3000,True,0.0001011112155504391,0.000100487030066622,1.399699333779593,2.230300666220407,2.177598866224311,0.0008703240115679601,0.6083372063878615,0.6083779605264272,-0.0,1.0,-0.0,1.0,0.0,1.0,0.0,1.0,0.0,1.0,-0.0,1.0,1.00621160246654,0.4870300666220073,1.111215550439093,True
20261004,typical,85,3.63,5,0,0,bounded,0.005,25,-3000,True,0.0001012031488168787,0.0001005789911330654,1.400088669345806,2.229911330654194,2.177510123273198,0.0008711174965714947,0.6083379530268289,0.6083787489936783,-0.0,1.0,-0.0,1.0,0.0,1.0,0.0,1.0,0.0,1.0,-0.0,1.0,1.0062056466940252,0.5789911330653874,1.2031488168786852,True
20261004,typical,85,3.63,5,0,0,bounded,0.005,25,3000,True,0.0001014010038086467,0.0001007769073963183,1.400926036817121,2.229073963182879,2.177319393326808,0.0008728252075657929,0.6083395599102747,0.6083804459096187,-0.0,1.0,-0.0,1.0,0.0,1.0,0.0,1.0,0.0,1.0,-0.0,1.0,1.0061928514026934,0.7769073963183049,1.4010038086466947,True
20261004,typical,85,3.63,5.5,0,0,bounded,-0.005,-25,-3000,True,0.0001002650249706054,9.92895384615614e-05,1.394615384385961,2.23538461561404,2.678419304523076,0.0009118786766279209,0.6083303235365447,0.608367863318867,-0.0,1.0,-0.0,1.0,0.0,1.0,0.0,1.0,0.0,1.0,-0.0,1.0,1.0098246655605279,-0.7104615384386115,0.26502497060538754,True
20261004,typical,85,3.63,5.5,0,0,bounded,-0.005,-25,3000,True,0.0001004633807119309,9.948745423085144e-05,1.395457691485589,2.234542308514412,2.678226397711969,0.0009136880674476728,0.6083319345325948,0.6083695604953001,-0.0,1.0,-0.0,1.0,0.0,1.0,0.0,1.0,0.0,1.0,-0.0,1.0,1.0098095432094876,-0.5125457691485646,0.46338071193088304,True
20261004,typical,85,3.63,5.5,0,0,bounded,-0.005,25,-3000,True,0.0001005555453233403,9.957941511936419e-05,1.395848806357874,2.234151193642126,2.678136887810483,0.0009145287908357347,0.6083326830695783,0.6083703490810561,-0.0,1.0,-0.0,1.0,0.0,1.0,0.0,1.0,0.0,1.0,-0.0,1.0,1.009802529998856,-0.42058488063581034,0.5555453233403007,True
20261004,typical,85,3.63,5.5,0,0,bounded,-0.005,25,3000,True,0.0001007538981298044,9.97773310004946e-05,1.396689995053883,2.233310004946117,2.677944512005838,0.0009163381659196518,0.6083342940370905,0.6083720462520068,-0.0,1.0,-0.0,1.0,0.0,1.0,0.0,1.0,0.0,1.0,-0.0,1.0,1.0097874649433645,-0.2226689995054043,0.7538981298043979,True
20261004,typical,85,3.63,5.5,0,0,bounded,0.005,-25,-3000,True,0.000101266801182403,0.0001002891138332019,1.398861667980938,2.231138332019062,2.677448724576653,0.0009210169043917314,0.608338459681225,0.6083764348787367,-0.0,1.0,-0.0,1.0,0.0,1.0,0.0,1.0,0.0,1.0,-0.0,1.0,1.0097486886844684,0.28911383320189277,1.266801182402988,True
20261004,typical,85,3.63,5.5,0,0,bounded,0.005,-25,3000,True,0.0001014651468424593,0.0001004870299861383,1.399700138616678,2.230299861383322,2.677257635907806,0.0009228262411573089,0.6083400705791945,0.6083781320362716,-0.0,1.0,-0.0,1.0,0.0,1.0,0.0,1.0,0.0,1.0,-0.0,1.0,1.0097337622224074,0.48702998613829873,1.4651468424592862,True
20261004,typical,85,3.63,5.5,0,0,bounded,0.005,25,-3000,True,0.0001015573067772362,0.0001005789910525307,1.40008947469245,2.22991052530755,2.677168968358226,0.0009236669394695161,0.6083408190706681,0.6083789206132473,-0.0,1.0,-0.0,1.0,0.0,1.0,0.0,1.0,0.0,1.0,-0.0,1.0,1.0097268397154087,0.5789910525306974,1.5573067772362004,True
20261004,typical,85,3.63,5.5,0,0,bounded,0.005,25,3000,True,0.000101755649534157,0.0001007769073156739,1.400926843260588,2.229073156739412,2.676978400213276,0.0009254762606678367,0.6083424299403668,0.6083806177653038,-0.0,1.0,-0.0,1.0,0.0,1.0,0.0,1.0,0.0,1.0,-0.0,1.0,1.009711969185731,0.7769073156739026,1.7556495341569889,True
20261004,ff,0,2.97,4.5,0,0,bounded,-0.005,-25,-3000,True,0.0001001395328281288,9.965295991081777e-05,1.205400891822205,1.764599108177795,1.710780424527073,0.0007465971984840206,0.5937106011845401,0.5937508593958454,-0.0,1.0,-0.0,1.0,0.0,1.0,0.0,1.0,0.0,1.0,-0.0,1.0,1.0048826740093468,-0.34704008918223783,0.13953282812879664,True
20261004,ff,0,2.97,4.5,0,0,bounded,-0.005,-25,3000,True,9.99418428818314e-05,9.945502491373654e-05,1.204750862634519,1.765249137365482,1.710929850486252,0.0007451197267843335,0.5937090408917204,0.593749210240716,-0.0,1.0,-0.0,1.0,0.0,1.0,0.0,1.0,0.0,1.0,-0.0,1.0,1.0048948554235153,-0.5449750862634661,-0.05815711816860025,True
20261004,ff,0,2.97,4.5,0,0,bounded,-0.005,25,-3000,True,0.0001000047444285405,9.951800422445949e-05,1.204957755404962,1.765042244595038,1.710882275793754,0.0007455898322973359,0.5937095373504334,0.5937497349723047,-0.0,1.0,-0.0,1.0,0.0,1.0,0.0,1.0,0.0,1.0,-0.0,1.0,1.0048909763401523,-0.4819957755405113,0.004744428540504053,True
20261004,ff,0,2.97,4.5,0,0,bounded,-0.005,25,3000,True,9.980705322349882e-05,9.932006926845912e-05,1.204307315408701,1.765692684591299,1.711031890969453,0.0007441123550553847,0.5937079770456207,0.5937480858145954,-0.0,1.0,-0.0,1.0,0.0,1.0,0.0,1.0,0.0,1.0,-0.0,1.0,1.0049031777628286,-0.6799307315408787,-0.19294677650117942,True
20261004,ff,0,2.97,4.5,0,0,bounded,0.005,-25,-3000,True,0.0001011379387992887,0.0001006526325279046,1.208674720953637,1.761325279046363,1.710029951592037,0.0007540590530268438,0.5937184811834418,0.5937591884043328,-0.0,1.0,-0.0,1.0,0.0,1.0,0.0,1.0,0.0,1.0,-0.0,1.0,1.0048215954138064,0.6526325279045952,1.1379387992886958,True
20261004,ff,0,2.97,4.5,0,0,bounded,0.005,-25,3000,True,0.0001009402581310274,0.0001004546972290833,1.208027709166586,1.761972290833414,1.710177991733175,0.0007525816221821787,0.5937169209790811,0.5937575392683165,-0.0,1.0,-0.0,1.0,0.0,1.0,0.0,1.0,0.0,1.0,-0.0,1.0,1.00483363063488,0.4546972290832896,0.9402581310273828,True
20261004,ff,0,2.97,4.5,0,0,bounded,0.005,25,-3000,True,0.0001010031567239215,0.000100517676635911,1.208233640889985,1.761766359110015,1.710130858576625,0.0007530517146884829,0.5937174174096352,0.5937580639938219,-0.0,1.0,-0.0,1.0,0.0,1.0,0.0,1.0,0.0,1.0,-0.0,1.0,1.004829798143554,0.5176766359110019,1.0031567239215056,True
20261004,ff,0,2.97,4.5,0,0,bounded,0.005,25,3000,True,0.0001008054748077873,0.0001003197413775631,1.207586224368787,1.762413775631213,1.710279084195242,0.0007515742783485784,0.5937158571933692,0.5937564148552239,-0.0,1.0,-0.0,1.0,0.0,1.0,0.0,1.0,0.0,1.0,-0.0,1.0,1.0048418528950958,0.3197413775630986,0.8054748077872986,True
20261004,ff,0,2.97,5,0,0,bounded,-0.005,-25,-3000,True,0.0001005912238052388,9.965295980842462e-05,1.205401915753739,1.764598084246261,2.210440040313125,0.0007989254194794278,0.5937141618702189,0.5937510721263064,-0.0,1.0,-0.0,1.0,0.0,1.0,0.0,1.0,0.0,1.0,-0.0,1.0,1.0094153148949907,-0.34704019157538735,0.5912238052387941,True
20261004,ff,0,2.97,5,0,0,bounded,-0.005,-25,3000,True,0.0001003929082207335,9.945502481148367e-05,1.204751885163063,1.765248114836937,2.210589310408085,0.0007973459746160724,0.5937125966509229,0.593749422676957,-0.0,1.0,-0.0,1.0,0.0,1.0,0.0,1.0,0.0,1.0,-0.0,1.0,1.0094302264870738,-0.544975188516339,0.39290822073347886,True
20261004,ff,0,2.97,5,0,0,bounded,-0.005,25,-3000,True,0.0001004560088484076,9.951800412216201e-05,1.204958778379972,1.765041221620028,2.210541785378862,0.0007978485263071722,0.5937130946772657,0.5937499475021673,-0.0,1.0,-0.0,1.0,0.0,1.0,0.0,1.0,0.0,1.0,-0.0,1.0,1.0094254776763223,-0.4819958778379929,0.45600884840759637,True
20261004,ff,0,2.97,5,0,0,bounded,-0.005,25,3000,True,0.0001002576919155586,9.932006916630195e-05,1.204308336980474,1.765691663019527,2.210691244248905,0.0007962690748239932,0.5937115294452544,0.5937482980501954,-0.0,1.0,-0.0,1.0,0.0,1.0,0.0,1.0,0.0,1.0,-0.0,1.0,1.0094404157903545,-0.6799308336980503,0.25769191555859994,True
20261004,ff,0,2.97,5,0,0,bounded,0.005,-25,-3000,True,0.0001015927875936952,0.0001006526324248034,1.208675751966159,1.761324248033841,2.20969034478149,0.0008069022660923606,0.593722066734376,0.5937594026198078,-0.0,1.0,-0.0,1.0,0.0,1.0,0.0,1.0,0.0,1.0,-0.0,1.0,1.0093405919571372,0.652632424803401,1.5927875936951885,True
20261004,ff,0,2.97,5,0,0,bounded,0.005,-25,3000,True,0.0001013944819352232,0.0001004546971261222,1.208028738777768,1.761971261222232,2.209838232284165,0.0008053228699629234,0.593720501608777,0.5937577531898799,-0.0,1.0,-0.0,1.0,0.0,1.0,0.0,1.0,0.0,1.0,-0.0,1.0,1.0093553097663626,0.45469712612218327,1.3944819352232019,True
20261004,ff,0,2.97,5,0,0,bounded,0.005,25,-3000,True,0.0001014575794022256,0.0001005176765329053,1.208234670947001,1.761765329052999,2.20979114776291,0.0008058254061360513,0.5937209996052872,0.5937582780089093,-0.0,1.0,-0.0,1.0,0.0,1.0,0.0,1.0,0.0,1.0,-0.0,1.0,1.0093506227137334,0.5176765329052868,1.457579402225595,True
20261004,ff,0,2.97,5,0,0,bounded,0.005,25,3000,True,0.0001012592724100471,0.0001003197412746975,1.207587253024292,1.762412746975708,2.209939220312025,0.0008042460034582706,0.5937194344670897,0.593756628576361,-0.0,1.0,-0.0,1.0,0.0,1.0,0.0,1.0,0.0,1.0,-0.0,1.0,1.0093653664115516,0.3197412746974937,1.2592724100471075,True
20261004,ff,0,2.97,5.5,0,0,bounded,-0.005,-25,-3000,True,0.0001010051902707492,9.965295971458919e-05,1.205402854108116,1.764597145891884,2.710129335192374,0.0008514978466636449,0.5937173976752527,0.5937512670312054,-0.0,1.0,-0.0,1.0,0.0,1.0,0.0,1.0,0.0,1.0,-0.0,1.0,1.0135693968351052,-0.34704028541081566,1.00519027074919,True
20261004,ff,0,2.97,5.5,0,0,bounded,-0.005,-25,3000,True,0.0001008063552667143,9.945502471776461e-05,1.204752822353782,1.765247177646218,2.710278423409339,0.0008498163872008459,0.5937158282931697,0.5937496173374686,-0.0,1.0,-0.0,1.0,0.0,1.0,0.0,1.0,0.0,1.0,-0.0,1.0,1.0135873532059796,-0.5449752822353937,0.8063552667143092,True
20261004,ff,0,2.97,5.5,0,0,bounded,-0.005,25,-3000,True,0.0001008696211911957,9.951800402840591e-05,1.20495971594101,1.76504028405899,2.710230956319728,0.0008503513983381406,0.5937163276442677,0.5937501422404523,-0.0,1.0,-0.0,1.0,0.0,1.0,0.0,1.0,0.0,1.0,-0.0,1.0,1.0135816345593507,-0.4819959715940958,0.8696211911956908,True
20261004,ff,0,2.97,5.5,0,0,bounded,-0.005,25,3000,True,0.0001006707846693172,9.932006907266224e-05,1.204309273377441,1.765690726622559,2.710380232875135,0.0008486699306493121,0.5937147582480069,0.593748492544014,-0.0,1.0,-0.0,1.0,0.0,1.0,0.0,1.0,0.0,1.0,-0.0,1.0,1.0135996240162377,-0.6799309273377685,0.6707846693172037,True
20261004,ff,0,2.97,5.5,0,0,bounded,0.005,-25,-3000,True,0.0001020093736283539,0.0001006526323303811,1.208676696188733,1.761323303811267,2.70938054855404,0.0008599898827993904,0.5937253235310548,0.593759598757192,-0.0,1.0,-0.0,1.0,0.0,1.0,0.0,1.0,0.0,1.0,-0.0,1.0,1.0134794417846862,0.6526323303810866,2.0093736283538943,True
20261004,ff,0,2.97,5.5,0,0,bounded,0.005,-25,3000,True,0.0001018105497903381,0.000100454697031816,1.208029681839575,1.761970318160425,2.709528257368859,0.0008583084838535565,0.5937237542533913,0.5937579490834693,-0.0,1.0,-0.0,1.0,0.0,1.0,0.0,1.0,0.0,1.0,-0.0,1.0,1.0134971564156197,0.4546970318159982,1.8105497903381007,True
20261004,ff,0,2.97,5.5,0,0,bounded,0.005,25,-3000,True,0.0001018738121589973,0.0001005176764385622,1.208235614378206,1.761764385621794,2.709481229770522,0.0008588434757192153,0.5937242535712437,0.5937584739800845,-0.0,1.0,-0.0,1.0,0.0,1.0,0.0,1.0,0.0,1.0,-0.0,1.0,1.0134915148109696,0.5176764385621979,1.87381215899729,True
20261004,ff,0,2.97,5.5,0,0,bounded,0.005,25,3000,True,0.0001016749868214344,0.0001003197411804706,1.207588195294391,1.762411804705609,2.709629123205624,0.0008571620686460609,0.5937226842795471,0.5937568243036625,-0.0,1.0,-0.0,1.0,0.0,1.0,0.0,1.0,0.0,1.0,-0.0,1.0,1.0135092617366883,0.31974118047060074,1.6749868214343877,True
20261004,ff,0,3.3,4.5,0,0,bounded,-0.005,-25,-3000,True,0.0001000736374020531,9.958698157177023e-05,1.205184282297567,2.094815717702433,1.710830201624361,0.0007789684196295743,0.593710081097092,0.593750309678542,-0.0,1.0,-0.0,1.0,0.0,1.0,0.0,1.0,0.0,1.0,-0.0,1.0,1.0048867414455387,-0.4130184282297833,0.07363740205308389,True
20261004,ff,0,3.3,4.5,0,0,bounded,-0.005,-25,3000,True,0.0001000736374020531,9.958698157177023e-05,1.205184282297581,2.094815717702419,1.710830201624353,0.0007789684196295743,0.593710081097092,0.593750309678542,-0.0,1.0,-0.0,1.0,0.0,1.0,0.0,1.0,0.0,1.0,-0.0,1.0,1.0048867414455387,-0.4130184282297833,0.07363740205308389,True
20261004,ff,0,3.3,4.5,0,0,bounded,-0.005,25,-3000,True,9.993884858075765e-05,9.945202589909207e-05,1.204741009079291,2.095258990920709,1.710932115880401,0.0007779165162140422,0.5937090172589714,0.5937491852541388,-0.0,1.0,-0.0,1.0,0.0,1.0,0.0,1.0,0.0,1.0,-0.0,1.0,1.0048950504252123,-0.5479741009079331,-0.061151419242344573,True
20261004,ff,0,3.3,4.5,0,0,bounded,-0.005,25,3000,True,9.993884858081094e-05,9.945202589909204e-05,1.2047410090794,2.095258990920601,1.710932115880543,0.000777916516214282,0.5937090172589731,0.5937491852541423,-0.0,1.0,-0.0,1.0,0.0,1.0,0.0,1.0,0.0,1.0,-0.0,1.0,1.0048950504257486,-0.5479741009079664,-0.06115141918906497,True
20261004,ff,0,3.3,4.5,0,0,bounded,0.005,-25,-3000,True,0.0001010720464819085,0.0001005866540883759,1.208459116241094,2.091540883758907,1.71007926735166,0.0007867601797937018,0.5937179611256068,0.5937586386934087,-0.0,1.0,-0.0,1.0,0.0,1.0,0.0,1.0,0.0,1.0,-0.0,1.0,1.0048256142719105,0.5866540883759042,1.0720464819085063,True
20261004,ff,0,3.3,4.5,0,0,bounded,0.005,-25,3000,True,0.0001010720464818907,0.0001005866540883759,1.208459116241095,2.091540883758905,1.710079267351647,0.0007867601797936219,0.5937179611256068,0.5937586386934087,-0.0,1.0,-0.0,1.0,0.0,1.0,0.0,1.0,0.0,1.0,-0.0,1.0,1.0048256142717336,0.5866540883759042,1.0720464818906983,True
20261004,ff,0,3.3,4.5,0,0,bounded,0.005,25,-3000,True,0.0001009372639884046,0.0001004516982098602,1.208017901397993,2.091982098602007,1.710180236081918,0.0007857083041739753,0.5937168973478144,0.593757514282037,-0.0,1.0,-0.0,1.0,0.0,1.0,0.0,1.0,0.0,1.0,-0.0,1.0,1.0048338234912662,0.45169820986019626,0.9372639884045908,True
20261004,ff,0,3.3,4.5,0,0,bounded,0.005,25,3000,True,0.0001009372639883869,0.0001004516982098602,1.208017901397971,2.091982098602029,1.710180236081901,0.0007857083041738954,0.5937168973478144,0.593757514282037,-0.0,1.0,-0.0,1.0,0.0,1.0,0.0,1.0,0.0,1.0,-0.0,1.0,1.0048338234910899,0.45169820986019626,0.9372639883868938,True
20261004,ff,0,3.3,5,0,0,bounded,-0.005,-25,-3000,True,0.0001005251198508751,9.958698146942385e-05,1.205185305761287,2.094814694238714,2.210489765528286,0.0008312626502370974,0.593713640140755,0.5937505223109373,-0.0,1.0,-0.0,1.0,0.0,1.0,0.0,1.0,0.0,1.0,-0.0,1.0,1.009420291363478,-0.4130185305761591,0.5251198508751109,True
20261004,ff,0,3.3,5,0,0,bounded,-0.005,-25,3000,True,0.0001005251198508751,9.958698146942386e-05,1.205185305761342,2.094814694238658,2.210489765528286,0.0008312626502370974,0.593713640140755,0.5937505223109373,-0.0,1.0,-0.0,1.0,0.0,1.0,0.0,1.0,0.0,1.0,-0.0,1.0,1.009420291363478,-0.413018530576148,0.5251198508751109,True
20261004,ff,0,3.3,5,0,0,bounded,-0.005,25,-3000,True,0.000100389904442565,9.945202579684133e-05,1.204742031586588,2.095257968413413,2.210591573436363,0.000830141219476028,0.5937125729435491,0.5937493976859235,-0.0,1.0,-0.0,1.0,0.0,1.0,0.0,1.0,0.0,1.0,-0.0,1.0,1.009430462961504,-0.5479742031586743,0.38990444256499224,True
20261004,ff,0,3.3,5,0,0,bounded,-0.005,25,3000,True,0.0001003899044425828,9.945202579684132e-05,1.204742031586594,2.095257968413407,2.210591573436605,0.0008301412194761167,0.5937125729435491,0.5937493976859235,-0.0,1.0,-0.0,1.0,0.0,1.0,0.0,1.0,0.0,1.0,-0.0,1.0,1.0094304629616833,-0.5479742031586854,0.3899044425828002,True
20261004,ff,0,3.3,5,0,0,bounded,0.005,-25,-3000,True,0.0001015266869634636,0.0001005866539853213,1.208460146786655,2.091539853213345,2.209739609732516,0.0008395694051024367,0.5937215450362647,0.5937588528109224,-0.0,1.0,-0.0,1.0,0.0,1.0,0.0,1.0,0.0,1.0,-0.0,1.0,1.0093455040097017,0.5866539853212949,1.5266869634636082,True
20261004,ff,0,3.3,5,0,0,bounded,0.005,-25,3000,True,0.0001015266869635169,0.0001005866539853213,1.208460146786684,2.091539853213316,2.209739609732487,0.0008395694051027032,0.5937215450362647,0.5937588528109224,-0.0,1.0,-0.0,1.0,0.0,1.0,0.0,1.0,0.0,1.0,-0.0,1.0,1.0093455040102317,0.5866539853212949,1.526686963516899,True
20261004,ff,0,3.3,5,0,0,bounded,0.005,25,-3000,True,0.0001013914783253113,0.0001004516981069012,1.208018930987882,2.091981069012118,2.209840474316161,0.0008384480075128993,0.5937204779029615,0.5937577281991511,-0.0,1.0,-0.0,1.0,0.0,1.0,0.0,1.0,0.0,1.0,-0.0,1.0,1.0093555433718002,0.4516981069011994,1.3914783253113017,True
20261004,ff,0,3.3,5,0,0,bounded,0.005,25,3000,True,0.0001013914783253646,0.0001004516981069012,1.208018930987916,2.091981069012084,2.209840474316115,0.0008384480075131658,0.5937204779029615,0.5937577281991511,-0.0,1.0,-0.0,1.0,0.0,1.0,0.0,1.0,0.0,1.0,-0.0,1.0,1.009355543372331,0.4516981069011994,1.3914783253645924,True
20261004,ff,0,3.3,5.5,0,0,bounded,-0.005,-25,-3000,True,0.0001009389132068233,9.958698137562718e-05,1.205186243727923,2.094813756272078,2.71017899985347,0.0008838010733106642,0.5937168745584545,0.593750717134392,-0.0,1.0,-0.0,1.0,0.0,1.0,0.0,1.0,0.0,1.0,-0.0,1.0,1.013575387189384,-0.41301862437281844,0.9389132068232886,True
20261004,ff,0,3.3,5.5,0,0,bounded,-0.005,-25,3000,True,0.0001009389132068233,9.958698137562718e-05,1.205186243727969,2.094813756272031,2.710178999853456,0.0008838010733106642,0.5937168745584545,0.593750717134392,-0.0,1.0,-0.0,1.0,0.0,1.0,0.0,1.0,0.0,1.0,-0.0,1.0,1.013575387189384,-0.41301862437281844,0.9389132068232886,True
20261004,ff,0,3.3,5.5,0,0,bounded,-0.005,25,-3000,True,0.0001008033436193206,9.945202570312402e-05,1.204742968759681,2.095257031240319,2.710280683678142,0.0008826100868600632,0.5937158045227281,0.5937495923427359,-0.0,1.0,-0.0,1.0,0.0,1.0,0.0,1.0,0.0,1.0,-0.0,1.0,1.0135876359143294,-0.547974296875986,0.8033436193205956,True
20261004,ff,0,3.3,5.5,0,0,bounded,-0.005,25,3000,True,0.0001008033436193028,9.945202570312402e-05,1.204742968759638,2.095257031240362,2.71028068367815,0.0008826100868599657,0.5937158045227281,0.5937495923427359,-0.0,1.0,-0.0,1.0,0.0,1.0,0.0,1.0,0.0,1.0,-0.0,1.0,1.0135876359141505,-0.547974296875986,0.8033436193027876,True
20261004,ff,0,3.3,5.5,0,0,bounded,0.005,-25,-3000,True,0.0001019431003013498,0.0001005866538909377,1.208461090622375,2.091538909377625,2.709429754012668,0.0008926230216311254,0.5937248004491782,0.5937590488670569,-0.0,1.0,-0.0,1.0,0.0,1.0,0.0,1.0,0.0,1.0,-0.0,1.0,1.013485351763295,0.5866538909376828,1.9431003013497872,True
20261004,ff,0,3.3,5.5,0,0,bounded,0.005,-25,3000,True,0.0001019431003013321,0.0001005866538909378,1.208461090622338,2.091538909377662,2.709429754012691,0.0008926230216310276,0.5937248004491782,0.5937590488670569,-0.0,1.0,-0.0,1.0,0.0,1.0,0.0,1.0,0.0,1.0,-0.0,1.0,1.013485351763118,0.5866538909377939,1.9431003013320902,True
20261004,ff,0,3.3,5.5,0,0,bounded,0.005,25,-3000,True,0.0001018075383301014,0.0001004516980125968,1.208019874032147,2.091980125967853,2.709530496689584,0.0008914320763906663,0.5937237304846744,0.5937579240890467,-0.0,1.0,-0.0,1.0,0.0,1.0,0.0,1.0,0.0,1.0,-0.0,1.0,1.013497435527019,0.45169801259679065,1.807538330101388,True
20261004,ff,0,3.3,5.5,0,0,bounded,0.005,25,3000,True,0.0001018075383301014,0.0001004516980125968,1.208019874032173,2.091980125967828,2.709530496689566,0.0008914320763906663,0.5937237304846744,0.5937579240890467,-0.0,1.0,-0.0,1.0,0.0,1.0,0.0,1.0,0.0,1.0,-0.0,1.0,1.013497435527019,0.45169801259679065,1.807538330101388,True
20261004,ff,0,3.63,4.5,0,0,bounded,-0.005,-25,-3000,True,0.0001000077412809245,9.952100323940742e-05,1.204967605925613,2.425032394074387,1.710880009864469,0.0008112960922109084,0.5937095610038263,0.5937497599605891,-0.0,1.0,-0.0,1.0,0.0,1.0,0.0,1.0,0.0,1.0,-0.0,1.0,1.0048908072233373,-0.478996760592576,0.0077412809244892244,True
20261004,ff,0,3.63,4.5,0,0,bounded,-0.005,-25,3000,True,0.0001002054306174164,9.971893825654244e-05,1.205617434575486,2.424382565424514,1.710730676223233,0.0008129041983372604,0.5937111212908291,0.5937514091144569,-0.0,1.0,-0.0,1.0,0.0,1.0,0.0,1.0,0.0,1.0,-0.0,1.0,1.0048786355869774,-0.28106174345756685,0.20543061741640223,True
20261004,ff,0,3.63,4.5,0,0,bounded,-0.005,25,-3000,True,9.987295203905879e-05,9.938604758042285e-05,1.204524195771342,2.425475804228658,1.710981987193047,0.0008101996515804102,0.5937084971617006,0.5937486355353258,-0.0,1.0,-0.0,1.0,0.0,1.0,0.0,1.0,0.0,1.0,-0.0,1.0,1.0048991228697564,-0.6139524195771573,-0.12704796094121784,True
20261004,ff,0,3.63,4.5,0,0,bounded,-0.005,25,3000,True,0.0001000706426334955,9.958398255651759e-05,1.205174434824149,2.424825565175851,1.710832464585611,0.000811807763218532,0.5937100574606893,0.5937502846917766,-0.0,1.0,-0.0,1.0,0.0,1.0,0.0,1.0,0.0,1.0,-0.0,1.0,1.004886931256256,-0.4160174434824082,0.07064263349549904,True
20261004,ff,0,3.63,4.5,0,0,bounded,0.005,-25,-3000,True,0.0001010061534611798,0.0001005206756554331,1.208243445669027,2.421756554330973,1.710128613650707,0.0008194177578920536,0.5937174410618886,0.5937580889818298,-0.0,1.0,-0.0,1.0,0.0,1.0,0.0,1.0,0.0,1.0,-0.0,1.0,1.0048296313428178,0.5206756554331005,1.006153461179804,True
20261004,ff,0,3.63,4.5,0,0,bounded,0.005,-25,3000,True,0.0001012038335249824,0.0001007186109740119,1.208890259880441,2.421109740119558,1.70998066400507,0.0008210258233856105,0.5937190012604756,0.5937597381165882,-0.0,1.0,-0.0,1.0,0.0,1.0,0.0,1.0,0.0,1.0,-0.0,1.0,1.0048176056666995,0.7186109740118907,1.2038335249824117,True
20261004,ff,0,3.63,4.5,0,0,bounded,0.005,25,-3000,True,0.0001008713705506407,0.0001003857197904085,1.207802095914543,2.422197904085456,1.710229644207032,0.0008183213450047383,0.5937163772801205,0.5937569645695976,-0.0,1.0,-0.0,1.0,0.0,1.0,0.0,1.0,0.0,1.0,-0.0,1.0,1.004837847068748,0.3857197904084897,0.8713705506407043,True
20261004,ff,0,3.63,4.5,0,0,bounded,0.005,25,3000,True,0.0001010690518615701,0.0001005836550685535,1.208449314464437,2.421550685535563,1.710081509326784,0.0008199294159634685,0.5937179374906064,0.593758613706934,-0.0,1.0,-0.0,1.0,0.0,1.0,0.0,1.0,0.0,1.0,-0.0,1.0,1.0048258018928202,0.5836550685534903,1.0690518615700917,True
20261004,ff,0,3.63,5,0,0,bounded,-0.005,-25,-3000,True,0.0001004590151854358,9.952100313710779e-05,1.204968628921918,2.425031371078082,2.210539521814046,0.0008635563320024206,0.5937131184053444,0.5937499724949117,-0.0,1.0,-0.0,1.0,0.0,1.0,0.0,1.0,0.0,1.0,-0.0,1.0,1.0094252672175716,-0.47899686289222254,0.4590151854358071,True
20261004,ff,0,3.63,5,0,0,bounded,-0.005,-25,3000,True,0.0001006573301164905,9.971893815410255e-05,1.205618458974472,2.424381541025528,2.210390343821805,0.00086526641076936,0.5937146836184696,0.5937516219429817,-0.0,1.0,-0.0,1.0,0.0,1.0,0.0,1.0,0.0,1.0,-0.0,1.0,1.0094103685795148,-0.28106184589745675,0.6573301164904954,True
20261004,ff,0,3.63,5,0,0,bounded,-0.005,25,-3000,True,0.0001003237993265883,9.93860474782189e-05,1.204525217810865,2.425474782189135,2.210641392647647,0.000862390363666484,0.5937120512038908,0.5937488478690232,-0.0,1.0,-0.0,1.0,0.0,1.0,0.0,1.0,0.0,1.0,-0.0,1.0,1.0094354476524978,-0.6139525217811137,0.32379932658830324,True
20261004,ff,0,3.63,5,0,0,bounded,-0.005,25,3000,True,0.0001005221156050097,9.958398245417332e-05,1.20517545826673,2.42482454173327,2.210492026129882,0.0008641004490213441,0.5937136164297224,0.5937504973197139,-0.0,1.0,-0.0,1.0,0.0,1.0,0.0,1.0,0.0,1.0,-0.0,1.0,1.009420522535018,-0.4160175458266746,0.5221156050096987,True
20261004,ff,0,3.63,5,0,0,bounded,0.005,-25,-3000,True,0.0001014605856143581,0.0001005206755524252,1.208244475747274,2.421755524252726,2.209788905152552,0.0008721929950147425,0.593721023332148,0.5937583030013719,-0.0,1.0,-0.0,1.0,0.0,1.0,0.0,1.0,0.0,1.0,-0.0,1.0,1.0093504152928487,0.5206755524252094,1.4605856143580898,True
20261004,ff,0,3.63,5,0,0,bounded,0.005,-25,3000,True,0.0001016588906265915,0.000100718610870864,1.208891291360082,2.421108708639919,2.209641107935163,0.0008739030252817501,0.5937225884516353,0.5937599524300202,-0.0,1.0,-0.0,1.0,0.0,1.0,0.0,1.0,0.0,1.0,-0.0,1.0,1.0093357101294127,0.7186108708640004,1.6588906265915027,True
20261004,ff,0,3.63,5,0,0,bounded,0.005,25,-3000,True,0.0001013253765306067,0.0001003857196874963,1.207803125037312,2.422196874962688,2.209889831418546,0.0008710270598062977,0.5937199561946389,0.5937571783887275,-0.0,1.0,-0.0,1.0,0.0,1.0,0.0,1.0,0.0,1.0,-0.0,1.0,1.0093604632813868,0.3857196874962998,1.3253765306066922,True
20261004,ff,0,3.63,5,0,0,bounded,0.005,25,3000,True,0.0001015236828756229,0.0001005836549655011,1.208450344988687,2.421549655011313,2.209741849396896,0.0008727370965905232,0.5937215213267142,0.5937588278199949,-0.0,1.0,-0.0,1.0,0.0,1.0,0.0,1.0,0.0,1.0,-0.0,1.0,1.0093457322707573,0.5836549655011014,1.5236828756228782,True
20261004,ff,0,3.63,5.5,0,0,bounded,-0.005,-25,-3000,True,0.0001008726354028849,9.952100304334994e-05,1.204969566500486,2.425030433499514,2.710228695513745,0.0009160607504507658,0.5937163514354594,0.5937501672369027,-0.0,1.0,-0.0,1.0,0.0,1.0,0.0,1.0,0.0,1.0,-0.0,1.0,1.013581377982557,-0.4789969566500685,0.8726354028848915,True
20261004,ff,0,3.63,5.5,0,0,bounded,-0.005,-25,3000,True,0.0001010714696708508,9.971893806022833e-05,1.205619397716683,2.424380602283317,2.710079699186545,0.0009178728430358412,0.5937179208106563,0.59375181692932,-0.0,1.0,-0.0,1.0,0.0,1.0,0.0,1.0,0.0,1.0,-0.0,1.0,1.0135634377675138,-0.28106193977167626,1.0714696708507887,True
20261004,ff,0,3.63,5.5,0,0,bounded,-0.005,25,-3000,True,0.0001007370653084099,9.93860473845404e-05,1.20452615459587,2.42547384540413,2.71033044211814,0.0009148252258896555,0.5937152813949982,0.5937490424443459,-0.0,1.0,-0.0,1.0,0.0,1.0,0.0,1.0,0.0,1.0,-0.0,1.0,1.0135936377330936,-0.613952615459612,0.7370653084099121,True
20261004,ff,0,3.63,5.5,0,0,bounded,-0.005,25,3000,True,0.0001009359010929405,9.958398236037843e-05,1.20517639621573,2.42482360378427,2.710181257701339,0.0009166373266669242,0.5937168507843662,0.5937506921394661,-0.0,1.0,-0.0,1.0,0.0,1.0,0.0,1.0,0.0,1.0,-0.0,1.0,1.0135756644845724,-0.4160176396215798,0.9359010929404832,True
20261004,ff,0,3.63,5.5,0,0,bounded,0.005,-25,-3000,True,0.0001018768262271213,0.0001005206754580804,1.20824541919612,2.42175458080388,2.709478989870602,0.0009252126108495596,0.5937242773610528,0.5937584989762424,-0.0,1.0,-0.0,1.0,0.0,1.0,0.0,1.0,0.0,1.0,-0.0,1.0,1.0134912620001888,0.5206754580803885,1.8768262271213088,True
20261004,ff,0,3.63,5.5,0,0,bounded,0.005,-25,3000,True,0.0001020756493379853,0.000100718610776403,1.208892235969485,2.421107764030515,2.709331371133222,0.000927024643164951,0.5937258466319002,0.593760148648647,-0.0,1.0,-0.0,1.0,0.0,1.0,0.0,1.0,0.0,1.0,-0.0,1.0,1.0134735631391398,0.7186107764029837,2.075649337985297,True
20261004,ff,0,3.63,5.5,0,0,bounded,0.005,25,-3000,True,0.0001017412637550113,0.0001003857195932305,1.207804067694499,2.422195932305501,2.709579794087785,0.0009239771274636699,0.5937232073918614,0.5937573741973313,-0.0,1.0,-0.0,1.0,0.0,1.0,0.0,1.0,0.0,1.0,-0.0,1.0,1.0135033565259437,0.38571959323048244,1.7412637550112908,True
20261004,ff,0,3.63,5.5,0,0,bounded,0.005,25,3000,True,0.0001019400883642323,0.0001005836548711193,1.208451288806861,2.421548711193139,2.709431990971652,0.0009257891678731273,0.5937247766767332,0.5937590238724372,-0.0,1.0,-0.0,1.0,0.0,1.0,0.0,1.0,0.0,1.0,-0.0,1.0,1.0134856254214568,0.5836548711192879,1.9400883642322952,True
20261004,ff,27,2.97,4.5,0,0,bounded,-0.005,-25,-3000,True,0.0001000416587965295,9.958458233900112e-05,1.214176609988726,1.755823390011275,1.699966549609313,0.0007459536839621286,0.5571978019368379,0.5572386224637739,-0.0,1.0,-0.0,1.0,0.0,1.0,0.0,1.0,0.0,1.0,-0.0,1.0,1.0045898315461366,-0.41541766099888466,0.041658796529486786,True
20261004,ff,27,2.97,4.5,0,0,bounded,-0.005,-25,3000,True,9.984403329903393e-05,9.938665227778952e-05,1.213477222104683,1.756522777895317,1.700129865645085,0.0007444765169416284,0.5571962277380241,0.5572369581380624,-0.0,1.0,-0.0,1.0,0.0,1.0,0.0,1.0,0.0,1.0,-0.0,1.0,1.004602036699717,-0.6133477222104888,-0.15596670096608145,True
20261004,ff,27,2.97,4.5,0,0,bounded,-0.005,25,-3000,True,0.0001000416587965295,9.958458233900112e-05,1.214176609988726,1.755823390011275,1.699966549609313,0.0007459536839621286,0.5571978019368379,0.5572386224637739,-0.0,1.0,-0.0,1.0,0.0,1.0,0.0,1.0,0.0,1.0,-0.0,1.0,1.0045898315461366,-0.41541766099888466,0.041658796529486786,True
20261004,ff,27,2.97,4.5,0,0,bounded,-0.005,25,3000,True,9.984403329903393e-05,9.938665227778952e-05,1.213477222104683,1.756522777895317,1.700129865645085,0.0007444765169416284,0.5571962277380241,0.5572369581380624,-0.0,1.0,-0.0,1.0,0.0,1.0,0.0,1.0,0.0,1.0,-0.0,1.0,1.004602036699717,-0.6133477222104888,-0.15596670096608145,True
20261004,ff,27,2.97,4.5,0,0,bounded,0.005,-25,-3000,True,0.0001010397380107745,0.0001005842300930541,1.217699069458819,1.752300930541181,1.699146347177727,0.0007534139942557488,0.5572057521559963,0.5572470280912396,-0.0,1.0,-0.0,1.0,0.0,1.0,0.0,1.0,0.0,1.0,-0.0,1.0,1.0045286216069755,0.5842300930541056,1.0397380107745047,True
20261004,ff,27,2.97,4.5,0,0,bounded,0.005,-25,3000,True,0.0001008421222075687,0.0001003862997084592,1.217002915408257,1.752997084591744,1.699308138142899,0.0007519368698991136,0.5572041780496216,0.5572453637846838,-0.0,1.0,-0.0,1.0,0.0,1.0,0.0,1.0,0.0,1.0,-0.0,1.0,1.0045406843407247,0.3862997084592035,0.8421222075686963,True
20261004,ff,27,2.97,4.5,0,0,bounded,0.005,25,-3000,True,0.0001010397380107745,0.0001005842300930541,1.217699069458819,1.752300930541181,1.699146347177727,0.0007534139942557488,0.5572057521559963,0.5572470280912396,-0.0,1.0,-0.0,1.0,0.0,1.0,0.0,1.0,0.0,1.0,-0.0,1.0,1.0045286216069755,0.5842300930541056,1.0397380107745047,True
20261004,ff,27,2.97,4.5,0,0,bounded,0.005,25,3000,True,0.0001008421222075687,0.0001003862997084592,1.217002915408257,1.752997084591744,1.699308138142899,0.0007519368698991136,0.5572041780496216,0.5572453637846838,-0.0,1.0,-0.0,1.0,0.0,1.0,0.0,1.0,0.0,1.0,-0.0,1.0,1.0045406843407247,0.3862997084592035,0.8421222075686963,True
20261004,ff,27,2.97,5,0,0,bounded,-0.005,-25,-3000,True,0.0001004764177881191,9.958458224032415e-05,1.214177596758495,1.755822403241506,2.199608332574577,0.0007981483080252885,0.5572012609029704,0.5572388291122669,-0.0,1.0,-0.0,1.0,0.0,1.0,0.0,1.0,0.0,1.0,-0.0,1.0,1.0089555584582632,-0.41541775967585126,0.47641778811908786,True
20261004,ff,27,2.97,5,0,0,bounded,-0.005,-25,3000,True,0.0001002781670136023,9.9386652179253e-05,1.213478207469971,1.756521792530029,2.199771499146533,0.0007965692018713463,0.5571996817351107,0.5572371644897678,-0.0,1.0,-0.0,1.0,0.0,1.0,0.0,1.0,0.0,1.0,-0.0,1.0,1.0089701666652517,-0.6133478207470011,0.2781670136022818,True
20261004,ff,27,2.97,5,0,0,bounded,-0.005,25,-3000,True,0.0001004764177881191,9.958458224032415e-05,1.214177596758495,1.755822403241506,2.199608332574577,0.0007981483080252885,0.5572012609029704,0.5572388291122669,-0.0,1.0,-0.0,1.0,0.0,1.0,0.0,1.0,0.0,1.0,-0.0,1.0,1.0089555584582632,-0.41541775967585126,0.47641778811908786,True
20261004,ff,27,2.97,5,0,0,bounded,-0.005,25,3000,True,0.0001002781670136023,9.9386652179253e-05,1.213478207469971,1.756521792530029,2.199771499146533,0.0007965692018713463,0.5571996817351107,0.5572371644897678,-0.0,1.0,-0.0,1.0,0.0,1.0,0.0,1.0,0.0,1.0,-0.0,1.0,1.0089701666652517,-0.6133478207470011,0.2781670136022818,True
20261004,ff,27,2.97,5,0,0,bounded,0.005,-25,-3000,True,0.0001014776540270147,0.0001005842299936681,1.217700063319177,1.752299936680823,2.198788874883688,0.0008061234430472232,0.5572092362104845,0.5572472362381943,-0.0,1.0,-0.0,1.0,0.0,1.0,0.0,1.0,0.0,1.0,-0.0,1.0,1.0088823469981612,0.584229993668095,1.4776540270146965,True
20261004,ff,27,2.97,5,0,0,bounded,0.005,-25,3000,True,0.0001012794132536889,0.0001003862996092135,1.217003907864745,1.752996092135255,2.198950519722273,0.0008045443859387143,0.5572076571376257,0.557245571635001,-0.0,1.0,-0.0,1.0,0.0,1.0,0.0,1.0,0.0,1.0,-0.0,1.0,1.0088967682637187,0.3862996092134807,1.2794132536888991,True
20261004,ff,27,2.97,5,0,0,bounded,0.005,25,-3000,True,0.0001014776540270147,0.0001005842299936681,1.217700063319177,1.752299936680823,2.198788874883688,0.0008061234430472232,0.5572092362104845,0.5572472362381943,-0.0,1.0,-0.0,1.0,0.0,1.0,0.0,1.0,0.0,1.0,-0.0,1.0,1.0088823469981612,0.584229993668095,1.4776540270146965,True
20261004,ff,27,2.97,5,0,0,bounded,0.005,25,3000,True,0.0001012794132536889,0.0001003862996092135,1.217003907864745,1.752996092135255,2.198950519722273,0.0008045443859387143,0.5572076571376257,0.557245571635001,-0.0,1.0,-0.0,1.0,0.0,1.0,0.0,1.0,0.0,1.0,-0.0,1.0,1.0088967682637187,0.3862996092134807,1.2794132536888991,True
20261004,ff,27,2.97,5.5,0,0,bounded,-0.005,-25,-3000,True,0.0001008711849883586,9.958458215072827e-05,1.214178492717221,1.755821507282779,2.699284325355439,0.000850557736254568,0.5572043824627709,0.5572390167109499,-0.0,1.0,-0.0,1.0,0.0,1.0,0.0,1.0,0.0,1.0,-0.0,1.0,1.012919699112489,-0.4154178492717375,0.8711849883586087,True
20261004,ff,27,2.97,5.5,0,0,bounded,-0.005,-25,3000,True,0.0001006724245215711,9.938665208977148e-05,1.213479102285217,1.756520897714783,2.699447309901923,0.0008488767014062088,0.5572027991822746,0.5572373518464329,-0.0,1.0,-0.0,1.0,0.0,1.0,0.0,1.0,0.0,1.0,-0.0,1.0,1.012937073588496,-0.6133479102285233,0.67242452157108,True
20261004,ff,27,2.97,5.5,0,0,bounded,-0.005,25,-3000,True,0.0001008711849883586,9.958458215072827e-05,1.214178492717221,1.755821507282779,2.699284325355439,0.000850557736254568,0.5572043824627709,0.5572390167109499,-0.0,1.0,-0.0,1.0,0.0,1.0,0.0,1.0,0.0,1.0,-0.0,1.0,1.012919699112489,-0.4154178492717375,0.8711849883586087,True
20261004,ff,27,2.97,5.5,0,0,bounded,-0.005,25,3000,True,0.0001006724245215711,9.938665208977148e-05,1.213479102285217,1.756520897714783,2.699447309901923,0.0008488767014062088,0.5572027991822746,0.5572373518464329,-0.0,1.0,-0.0,1.0,0.0,1.0,0.0,1.0,0.0,1.0,-0.0,1.0,1.012937073588496,-0.6133479102285233,0.67242452157108,True
20261004,ff,27,2.97,5.5,0,0,bounded,0.005,-25,-3000,True,0.00010187499230973,0.0001005842299034954,1.217700965046201,1.752299034953799,2.698465777047937,0.0008590476303477284,0.5572123785131937,0.5572474250576944,-0.0,1.0,-0.0,1.0,0.0,1.0,0.0,1.0,0.0,1.0,-0.0,1.0,1.0128326518726942,0.5842299034953813,1.8749923097299837,True
20261004,ff,27,2.97,5.5,0,0,bounded,0.005,-25,3000,True,0.0001016762428726797,0.0001003862995191549,1.217004808450803,1.752995191549197,2.698627243134991,0.0008573666552024843,0.557210795336919,0.5572457602129756,-0.0,1.0,-0.0,1.0,0.0,1.0,0.0,1.0,0.0,1.0,-0.0,1.0,1.0128497948395703,0.3862995191548979,1.6762428726796896,True
20261004,ff,27,2.97,5.5,0,0,bounded,0.005,25,-3000,True,0.00010187499230973,0.0001005842299034954,1.217700965046201,1.752299034953799,2.698465777047937,0.0008590476303477284,0.5572123785131937,0.5572474250576944,-0.0,1.0,-0.0,1.0,0.0,1.0,0.0,1.0,0.0,1.0,-0.0,1.0,1.0128326518726942,0.5842299034953813,1.8749923097299837,True
20261004,ff,27,2.97,5.5,0,0,bounded,0.005,25,3000,True,0.0001016762428726797,0.0001003862995191549,1.217004808450803,1.752995191549197,2.698627243134991,0.0008573666552024843,0.557210795336919,0.5572457602129756,-0.0,1.0,-0.0,1.0,0.0,1.0,0.0,1.0,0.0,1.0,-0.0,1.0,1.0128497948395703,0.3862995191548979,1.6762428726796896,True
20261004,ff,27,3.3,4.5,0,0,bounded,-0.005,-25,-3000,True,9.997578494770044e-05,9.951860564476397e-05,1.213943552360155,2.086056447639845,1.700020953496221,0.0007783024430355563,0.5571972772148989,0.5572380676896583,-0.0,1.0,-0.0,1.0,0.0,1.0,0.0,1.0,0.0,1.0,-0.0,1.0,1.0045939078424029,-0.48139435523603114,-0.02421505229955878,True
20261004,ff,27,3.3,4.5,0,0,bounded,-0.005,-25,3000,True,9.997578494764715e-05,9.951860564476397e-05,1.213943552360094,2.086056447639906,1.700020953496264,0.0007783024430353165,0.5571972772148989,0.5572380676896583,-0.0,1.0,-0.0,1.0,0.0,1.0,0.0,1.0,0.0,1.0,-0.0,1.0,1.0045939078418673,-0.48139435523603114,-0.024215052352849487,True
20261004,ff,27,3.3,4.5,0,0,bounded,-0.005,25,-3000,True,9.997578494770044e-05,9.951860564476397e-05,1.213943552360155,2.086056447639845,1.700020953496221,0.0007783024430355563,0.5571972772148989,0.5572380676896583,-0.0,1.0,-0.0,1.0,0.0,1.0,0.0,1.0,0.0,1.0,-0.0,1.0,1.0045939078424029,-0.48139435523603114,-0.02421505229955878,True
20261004,ff,27,3.3,4.5,0,0,bounded,-0.005,25,3000,True,9.997578494764715e-05,9.951860564476397e-05,1.213943552360094,2.086056447639906,1.700020953496264,0.0007783024430353165,0.5571972772148989,0.5572380676896583,-0.0,1.0,-0.0,1.0,0.0,1.0,0.0,1.0,0.0,1.0,-0.0,1.0,1.0045939078418673,-0.48139435523603114,-0.024215052352849487,True
20261004,ff,27,3.3,4.5,0,0,bounded,0.005,-25,-3000,True,0.0001009738674116126,0.0001005182532911281,1.217467088719002,2.082532911280999,1.699200243369333,0.0007860926513560402,0.5572052274650164,0.5572464733235175,-0.0,1.0,-0.0,1.0,0.0,1.0,0.0,1.0,0.0,1.0,-0.0,1.0,1.0045326505939665,0.5182532911280902,0.9738674116126056,True
20261004,ff,27,3.3,4.5,0,0,bounded,0.005,-25,3000,True,0.0001009738674115949,0.0001005182532911281,1.217467088718982,2.082532911281018,1.699200243369341,0.0007860926513559603,0.5572052274650164,0.5572464733235175,-0.0,1.0,-0.0,1.0,0.0,1.0,0.0,1.0,0.0,1.0,-0.0,1.0,1.0045326505937904,0.5182532911280902,0.9738674115948864,True
20261004,ff,27,3.3,4.5,0,0,bounded,0.005,25,-3000,True,0.0001009738674116126,0.0001005182532911281,1.217467088719002,2.082532911280999,1.699200243369333,0.0007860926513560402,0.5572052274650164,0.5572464733235175,-0.0,1.0,-0.0,1.0,0.0,1.0,0.0,1.0,0.0,1.0,-0.0,1.0,1.0045326505939665,0.5182532911280902,0.9738674116126056,True
20261004,ff,27,3.3,4.5,0,0,bounded,0.005,25,3000,True,0.0001009738674115949,0.0001005182532911281,1.217467088718982,2.082532911281018,1.699200243369341,0.0007860926513559603,0.5572052274650164,0.5572464733235175,-0.0,1.0,-0.0,1.0,0.0,1.0,0.0,1.0,0.0,1.0,-0.0,1.0,1.0045326505937904,0.5182532911280902,0.9738674115948864,True
20261004,ff,27,3.3,5,0,0,bounded,-0.005,-25,-3000,True,0.0001004103355241383,9.951860554613383e-05,1.213944538661716,2.086055461338284,2.199662686715312,0.0008304630880660728,0.5572007345247713,0.557238274239227,-0.0,1.0,-0.0,1.0,0.0,1.0,0.0,1.0,0.0,1.0,-0.0,1.0,1.0089604348162926,-0.48139445386617963,0.41033552413829444,True
20261004,ff,27,3.3,5,0,0,bounded,-0.005,-25,3000,True,0.0001004103355241205,9.951860554613383e-05,1.213944538661687,2.086055461338314,2.199662686715314,0.0008304630880659839,0.5572007345247695,0.557238274239227,-0.0,1.0,-0.0,1.0,0.0,1.0,0.0,1.0,0.0,1.0,-0.0,1.0,1.0089604348161139,-0.48139445386617963,0.41033552412048646,True
20261004,ff,27,3.3,5,0,0,bounded,-0.005,25,-3000,True,0.0001004103355241383,9.951860554613383e-05,1.213944538661716,2.086055461338284,2.199662686715312,0.0008304630880660728,0.5572007345247713,0.557238274239227,-0.0,1.0,-0.0,1.0,0.0,1.0,0.0,1.0,0.0,1.0,-0.0,1.0,1.0089604348162926,-0.48139445386617963,0.41033552413829444,True
20261004,ff,27,3.3,5,0,0,bounded,-0.005,25,3000,True,0.0001004103355241205,9.951860554613383e-05,1.213944538661687,2.086055461338314,2.199662686715314,0.0008304630880659839,0.5572007345247695,0.557238274239227,-0.0,1.0,-0.0,1.0,0.0,1.0,0.0,1.0,0.0,1.0,-0.0,1.0,1.0089604348161139,-0.48139445386617963,0.41033552412048646,True
20261004,ff,27,3.3,5,0,0,bounded,0.005,-25,-3000,True,0.000101411575114433,0.0001005182531917888,1.217468082111405,2.082531917888596,2.198842722439811,0.0008387681232482273,0.5572087098640924,0.5572466813715992,-0.0,1.0,-0.0,1.0,0.0,1.0,0.0,1.0,0.0,1.0,-0.0,1.0,1.0088871612297097,0.5182531917887978,1.4115751144329947,True
20261004,ff,27,3.3,5,0,0,bounded,0.005,-25,3000,True,0.0001014115751144508,0.0001005182531917888,1.217468082111407,2.082531917888593,2.198842722439801,0.0008387681232483161,0.5572087098640924,0.5572466813715992,-0.0,1.0,-0.0,1.0,0.0,1.0,0.0,1.0,0.0,1.0,-0.0,1.0,1.0088871612298866,0.5182531917887978,1.4115751144507804,True
20261004,ff,27,3.3,5,0,0,bounded,0.005,25,-3000,True,0.000101411575114433,0.0001005182531917888,1.217468082111405,2.082531917888596,2.198842722439811,0.0008387681232482273,0.5572087098640924,0.5572466813715992,-0.0,1.0,-0.0,1.0,0.0,1.0,0.0,1.0,0.0,1.0,-0.0,1.0,1.0088871612297097,0.5182531917887978,1.4115751144329947,True
20261004,ff,27,3.3,5,0,0,bounded,0.005,25,3000,True,0.0001014115751144508,0.0001005182531917888,1.217468082111407,2.082531917888593,2.198842722439801,0.0008387681232483161,0.5572087098640924,0.5572466813715992,-0.0,1.0,-0.0,1.0,0.0,1.0,0.0,1.0,0.0,1.0,-0.0,1.0,1.0088871612298866,0.5182531917887978,1.4115751144507804,True
20261004,ff,27,3.3,5.5,0,0,bounded,-0.005,-25,-3000,True,0.0001008049328526877,9.951860545657607e-05,1.21394543423932,2.086054565760681,2.699338618894932,0.0008828385408396833,0.5572038547139204,0.5572384617572497,-0.0,1.0,-0.0,1.0,0.0,1.0,0.0,1.0,0.0,1.0,-0.0,1.0,1.0129254965964418,-0.48139454342392973,0.8049328526876787,True
20261004,ff,27,3.3,5.5,0,0,bounded,-0.005,-25,3000,True,0.0001008049328526699,9.951860545657606e-05,1.213945434239304,2.086054565760696,2.699338618894946,0.0008828385408395857,0.5572038547139204,0.5572384617572497,-0.0,1.0,-0.0,1.0,0.0,1.0,0.0,1.0,0.0,1.0,-0.0,1.0,1.0129254965962633,-0.48139454342394083,0.8049328526698929,True
20261004,ff,27,3.3,5.5,0,0,bounded,-0.005,25,-3000,True,0.0001008049328526877,9.951860545657607e-05,1.21394543423932,2.086054565760681,2.699338618894932,0.0008828385408396833,0.5572038547139204,0.5572384617572497,-0.0,1.0,-0.0,1.0,0.0,1.0,0.0,1.0,0.0,1.0,-0.0,1.0,1.0129254965964418,-0.48139454342392973,0.8049328526876787,True
20261004,ff,27,3.3,5.5,0,0,bounded,-0.005,25,3000,True,0.0001008049328526699,9.951860545657606e-05,1.213945434239304,2.086054565760696,2.699338618894946,0.0008828385408395857,0.5572038547139204,0.5572384617572497,-0.0,1.0,-0.0,1.0,0.0,1.0,0.0,1.0,0.0,1.0,-0.0,1.0,1.0129254965962633,-0.48139454342394083,0.8049328526698929,True
20261004,ff,27,3.3,5.5,0,0,bounded,0.005,-25,-3000,True,0.0001018087438678688,0.0001005182531016542,1.217468983458292,2.082531016541708,2.698519565092338,0.0008916583386518453,0.5572118507992182,0.5572468701106019,-0.0,1.0,-0.0,1.0,0.0,1.0,0.0,1.0,0.0,1.0,-0.0,1.0,1.0128383723989864,0.5182531016541869,1.8087438678688006,True
20261004,ff,27,3.3,5.5,0,0,bounded,0.005,-25,3000,True,0.0001018087438678866,0.0001005182531016542,1.217468983458327,2.082531016541673,2.698519565092328,0.0008916583386519429,0.5572118507992182,0.5572468701106019,-0.0,1.0,-0.0,1.0,0.0,1.0,0.0,1.0,0.0,1.0,-0.0,1.0,1.0128383723991634,0.5182531016541869,1.8087438678865864,True
20261004,ff,27,3.3,5.5,0,0,bounded,0.005,25,-3000,True,0.0001018087438678688,0.0001005182531016542,1.217468983458292,2.082531016541708,2.698519565092338,0.0008916583386518453,0.5572118507992182,0.5572468701106019,-0.0,1.0,-0.0,1.0,0.0,1.0,0.0,1.0,0.0,1.0,-0.0,1.0,1.0128383723989864,0.5182531016541869,1.8087438678688006,True
20261004,ff,27,3.3,5.5,0,0,bounded,0.005,25,3000,True,0.0001018087438678866,0.0001005182531016542,1.217468983458327,2.082531016541673,2.698519565092328,0.0008916583386519429,0.5572118507992182,0.5572468701106019,-0.0,1.0,-0.0,1.0,0.0,1.0,0.0,1.0,0.0,1.0,-0.0,1.0,1.0128383723991634,0.5182531016541869,1.8087438678865864,True
20261004,ff,27,3.63,4.5,0,0,bounded,-0.005,-25,-3000,True,9.990991035830822e-05,9.94526289576909e-05,1.213710423090956,2.416289576909044,1.7000753916828,0.0008106076544271123,0.5571967524867322,0.5572375129148698,-0.0,1.0,-0.0,1.0,0.0,1.0,0.0,1.0,0.0,1.0,-0.0,1.0,1.0045979820283268,-0.5473710423091083,-0.0900896416917818,True
20261004,ff,27,3.63,4.5,0,0,bounded,-0.005,-25,3000,True,0.0001001075352192108,9.965055904039424e-05,1.21440959605752,2.41559040394248,1.69991217724185,0.0008122154525014208,0.5571983266794696,0.5572391772393203,-0.0,1.0,-0.0,1.0,0.0,1.0,0.0,1.0,0.0,1.0,-0.0,1.0,1.0045857864041818,-0.3494409596057624,0.1075352192107859,True
20261004,ff,27,3.63,4.5,0,0,bounded,-0.005,25,-3000,True,9.990991035830822e-05,9.94526289576909e-05,1.213710423090956,2.416289576909044,1.7000753916828,0.0008106076544271123,0.5571967524867322,0.5572375129148698,-0.0,1.0,-0.0,1.0,0.0,1.0,0.0,1.0,0.0,1.0,-0.0,1.0,1.0045979820283268,-0.5473710423091083,-0.0900896416917818,True
20261004,ff,27,3.63,4.5,0,0,bounded,-0.005,25,3000,True,0.0001001075352192108,9.965055904039424e-05,1.21440959605752,2.41559040394248,1.69991217724185,0.0008122154525014208,0.5571983266794696,0.5572391772393203,-0.0,1.0,-0.0,1.0,0.0,1.0,0.0,1.0,0.0,1.0,-0.0,1.0,1.0045857864041818,-0.3494409596057624,0.1075352192107859,True
20261004,ff,27,3.63,4.5,0,0,bounded,0.005,-25,-3000,True,0.0001009079960624374,0.0001004522764962606,1.217235037393909,2.412764962606091,1.699254173196723,0.0008187277606607385,0.5572047027677317,0.5572459185551206,-0.0,1.0,-0.0,1.0,0.0,1.0,0.0,1.0,0.0,1.0,-0.0,1.0,1.0045366773364641,0.4522764962605841,0.9079960624374106,True
20261004,ff,27,3.63,4.5,0,0,bounded,0.005,-25,3000,True,0.0001011056112343792,0.0001006502069020308,1.217930979692206,2.412069020307793,1.699092481819292,0.0008203355163073536,0.5572062768680722,0.5572475828604172,-0.0,1.0,-0.0,1.0,0.0,1.0,0.0,1.0,0.0,1.0,-0.0,1.0,1.0045246239065526,0.6502069020307921,1.105611234379178,True
20261004,ff,27,3.63,4.5,0,0,bounded,0.005,25,-3000,True,0.0001009079960624374,0.0001004522764962606,1.217235037393909,2.412764962606091,1.699254173196723,0.0008187277606607385,0.5572047027677317,0.5572459185551206,-0.0,1.0,-0.0,1.0,0.0,1.0,0.0,1.0,0.0,1.0,-0.0,1.0,1.0045366773364641,0.4522764962605841,0.9079960624374106,True
20261004,ff,27,3.63,4.5,0,0,bounded,0.005,25,3000,True,0.0001011056112343792,0.0001006502069020308,1.217930979692206,2.412069020307793,1.699092481819292,0.0008203355163073536,0.5572062768680722,0.5572475828604172,-0.0,1.0,-0.0,1.0,0.0,1.0,0.0,1.0,0.0,1.0,-0.0,1.0,1.0045246239065526,0.6502069020307921,1.105611234379178,True
20261004,ff,27,3.63,5,0,0,bounded,-0.005,-25,-3000,True,0.0001003442525109256,9.945262885910755e-05,1.213711408924417,2.416288591075583,2.199717075081096,0.0008627343200116813,0.5572002081402687,0.5572377193655121,-0.0,1.0,-0.0,1.0,0.0,1.0,0.0,1.0,0.0,1.0,-0.0,1.0,1.00896531003802,-0.5473711408924498,0.34425251092558007,True
20261004,ff,27,3.63,5,0,0,bounded,-0.005,-25,3000,True,0.0001005425026277464,9.965055894167045e-05,1.21441058329542,2.41558941670458,2.199554009881285,0.0008644440567954273,0.5572017873018774,0.5572393839867392,-0.0,1.0,-0.0,1.0,0.0,1.0,0.0,1.0,0.0,1.0,-0.0,1.0,1.008950714331648,-0.3494410583295582,0.5425026277463996,True
20261004,ff,27,3.63,5,0,0,bounded,-0.005,25,-3000,True,0.0001003442525109256,9.945262885910755e-05,1.213711408924417,2.416288591075583,2.199717075081096,0.0008627343200116813,0.5572002081402687,0.5572377193655121,-0.0,1.0,-0.0,1.0,0.0,1.0,0.0,1.0,0.0,1.0,-0.0,1.0,1.00896531003802,-0.5473711408924498,0.34425251092558007,True
20261004,ff,27,3.63,5,0,0,bounded,-0.005,25,3000,True,0.0001005425026277464,9.965055894167045e-05,1.21441058329542,2.41558941670458,2.199554009881285,0.0008644440567954273,0.5572017873018774,0.5572393839867392,-0.0,1.0,-0.0,1.0,0.0,1.0,0.0,1.0,0.0,1.0,-0.0,1.0,1.008950714331648,-0.3494410583295582,0.5425026277463996,True
20261004,ff,27,3.63,5,0,0,bounded,0.005,-25,-3000,True,0.0001013454954438266,0.0001004522763969681,1.217236030318544,2.412763969681456,2.198896603558769,0.0008713692552384793,0.5572081835113272,0.5572461265043235,-0.0,1.0,-0.0,1.0,0.0,1.0,0.0,1.0,0.0,1.0,-0.0,1.0,1.0088919741681976,0.45227639696809874,1.3454954438266054,True
20261004,ff,27,3.63,5,0,0,bounded,0.005,-25,3000,True,0.0001015437355664019,0.0001006502068025979,1.217931974020369,2.412068025979631,2.198735058090525,0.0008730789432237602,0.5572097625779926,0.557247791106245,-0.0,1.0,-0.0,1.0,0.0,1.0,0.0,1.0,0.0,1.0,-0.0,1.0,1.008877565105817,0.6502068025978858,1.5437355664018826,True
20261004,ff,27,3.63,5,0,0,bounded,0.005,25,-3000,True,0.0001013454954438266,0.0001004522763969681,1.217236030318544,2.412763969681456,2.198896603558769,0.0008713692552384793,0.5572081835113272,0.5572461265043235,-0.0,1.0,-0.0,1.0,0.0,1.0,0.0,1.0,0.0,1.0,-0.0,1.0,1.0088919741681976,0.45227639696809874,1.3454954438266054,True
20261004,ff,27,3.63,5,0,0,bounded,0.005,25,3000,True,0.0001015437355664019,0.0001006502068025979,1.217931974020369,2.412068025979631,2.198735058090525,0.0008730789432237602,0.5572097625779926,0.557247791106245,-0.0,1.0,-0.0,1.0,0.0,1.0,0.0,1.0,0.0,1.0,-0.0,1.0,1.008877565105817,0.6502068025978858,1.5437355664018826,True
20261004,ff,27,3.63,5.5,0,0,bounded,-0.005,-25,-3000,True,0.0001007386799435733,9.945262876958789e-05,1.21371230412094,2.41628769587906,2.699392946586105,0.0009150757968216777,0.5572033269585525,0.5572379068028602,-0.0,1.0,-0.0,1.0,0.0,1.0,0.0,1.0,0.0,1.0,-0.0,1.0,1.012931293922506,-0.5473712304121081,0.7386799435732838,True
20261004,ff,27,3.63,5.5,0,0,bounded,-0.005,-25,3000,True,0.0001009374396841328,9.965055885203646e-05,1.214411479635282,2.415588520364718,2.699230063193157,0.0009168874615939943,0.5572049102321818,0.5572395716660737,-0.0,1.0,-0.0,1.0,0.0,1.0,0.0,1.0,0.0,1.0,-0.0,1.0,1.0129139349234069,-0.3494411479635473,0.9374396841328014,True
20261004,ff,27,3.63,5.5,0,0,bounded,-0.005,25,-3000,True,0.0001007386799435733,9.945262876958789e-05,1.21371230412094,2.41628769587906,2.699392946586105,0.0009150757968216777,0.5572033269585525,0.5572379068028602,-0.0,1.0,-0.0,1.0,0.0,1.0,0.0,1.0,0.0,1.0,-0.0,1.0,1.012931293922506,-0.5473712304121081,0.7386799435732838,True
20261004,ff,27,3.63,5.5,0,0,bounded,-0.005,25,3000,True,0.0001009374396841328,9.965055885203646e-05,1.214411479635282,2.415588520364718,2.699230063193157,0.0009168874615939943,0.5572049102321818,0.5572395716660737,-0.0,1.0,-0.0,1.0,0.0,1.0,0.0,1.0,0.0,1.0,-0.0,1.0,1.0129139349234069,-0.3494411479635473,0.9374396841328014,True
20261004,ff,27,3.63,5.5,0,0,bounded,0.005,-25,-3000,True,0.0001017424946440908,0.0001004522763068715,1.217236931284844,2.412763068715155,2.698573386628097,0.0009242254982348027,0.5572113230786604,0.5572463151628168,-0.0,1.0,-0.0,1.0,0.0,1.0,0.0,1.0,0.0,1.0,-0.0,1.0,1.0128440925846003,0.4522763068715019,1.7424946440907974,True
20261004,ff,27,3.63,5.5,0,0,bounded,0.005,-25,3000,True,0.0001019412433635463,0.0001006502067123872,1.217932876127714,2.412067123872285,2.698412019697977,0.000926037103563809,0.5572129062481401,0.5572479800062319,-0.0,1.0,-0.0,1.0,0.0,1.0,0.0,1.0,0.0,1.0,-0.0,1.0,1.0128269647259471,0.6502067123872024,1.9412433635462856,True
20261004,ff,27,3.63,5.5,0,0,bounded,0.005,25,-3000,True,0.0001017424946440908,0.0001004522763068715,1.217236931284844,2.412763068715155,2.698573386628097,0.0009242254982348027,0.5572113230786604,0.5572463151628168,-0.0,1.0,-0.0,1.0,0.0,1.0,0.0,1.0,0.0,1.0,-0.0,1.0,1.0128440925846003,0.4522763068715019,1.7424946440907974,True
20261004,ff,27,3.63,5.5,0,0,bounded,0.005,25,3000,True,0.0001019412433635463,0.0001006502067123872,1.217932876127714,2.412067123872285,2.698412019697977,0.000926037103563809,0.5572129062481401,0.5572479800062319,-0.0,1.0,-0.0,1.0,0.0,1.0,0.0,1.0,0.0,1.0,-0.0,1.0,1.0128269647259471,0.6502067123872024,1.9412433635462856,True
20261004,ff,85,2.97,4.5,0,0,bounded,-0.005,-25,-3000,True,9.984765163179622e-05,9.943793217186939e-05,1.230678281306015,1.739321718693985,1.678826397576148,0.0007446451015721298,0.478762983353862,0.4788049015575791,-0.0,1.0,-0.0,1.0,0.0,1.0,0.0,1.0,0.0,1.0,-0.0,1.0,1.0041203537822836,-0.5620678281306191,-0.15234836820378073,True
20261004,ff,85,2.97,4.5,0,0,bounded,-0.005,-25,3000,True,9.965016090557034e-05,9.924001260746922e-05,1.229873925307706,1.740126074692294,1.679019586971801,0.000743168572197833,0.4787613792851137,0.4788032046449199,-0.0,1.0,-0.0,1.0,0.0,1.0,0.0,1.0,0.0,1.0,-0.0,1.0,1.0041328924425212,-0.759987392530781,-0.3498390944296603,True
20261004,ff,85,2.97,4.5,0,0,bounded,-0.005,25,-3000,True,0.0001001369018137713,9.972781449408053e-05,1.231855059194591,1.738144940805409,1.678544100608881,0.0007468076778879577,0.4787653327102843,0.478807386927771,-0.0,1.0,-0.0,1.0,0.0,1.0,0.0,1.0,0.0,1.0,-0.0,1.0,1.0041020383507457,-0.27218550591947555,0.13690181377130628,True
20261004,ff,85,2.97,4.5,0,0,bounded,-0.005,25,3000,True,9.99394142617175e-05,9.952989482264819e-05,1.231051773518045,1.738948226481956,1.678736756868392,0.0007453311624795693,0.4787637286717187,0.4788056900207419,-0.0,1.0,-0.0,1.0,0.0,1.0,0.0,1.0,0.0,1.0,-0.0,1.0,1.0041145370423532,-0.47010517735180946,-0.06058573828250369,True
20261004,ff,85,2.97,4.5,0,0,bounded,0.005,-25,-3000,True,0.0001008450464769465,0.0001004375270443916,1.234729556083451,1.735270443916549,1.677856230672675,0.0007521021751465645,0.4787710843966927,0.4788134717647787,-0.0,1.0,-0.0,1.0,0.0,1.0,0.0,1.0,0.0,1.0,-0.0,1.0,1.0040574419198394,0.4375270443915946,0.8450464769464983,True
20261004,ff,85,2.97,4.5,0,0,bounded,0.005,-25,3000,True,0.0001006475666708565,0.0001002396071128345,1.233928871655129,1.736071128344871,1.67804759464645,0.0007506256938225493,0.4787694804318198,0.4788117748715448,-0.0,1.0,-0.0,1.0,0.0,1.0,0.0,1.0,0.0,1.0,-0.0,1.0,1.0040698439446474,0.23960711283450564,0.6475666708565031,True
20261004,ff,85,2.97,4.5,0,0,bounded,0.005,25,-3000,True,0.0001011342806904329,0.0001007274099024348,1.23590097565179,1.73409902434821,1.677576594315149,0.0007542646811956649,0.4787734336011836,0.478815957106509,-0.0,1.0,-0.0,1.0,0.0,1.0,0.0,1.0,0.0,1.0,-0.0,1.0,1.0040393254268347,0.7274099024348057,1.1342806904329095,True
20261004,ff,85,2.97,4.5,0,0,bounded,0.005,25,3000,True,0.0001009368040378026,0.0001005294898654055,1.235101345945005,1.734898654054995,1.677767435687281,0.0007527882137488612,0.478771829666326,0.4788142602189105,-0.0,1.0,-0.0,1.0,0.0,1.0,0.0,1.0,0.0,1.0,-0.0,1.0,1.0040516884442807,0.5294898654054858,0.9368040378026077,True
20261004,ff,85,2.97,5,0,0,bounded,-0.005,-25,-3000,True,0.0001002553038059729,9.943793207906313e-05,1.230679209368657,1.739320790631343,2.178428767945618,0.0007966071879832521,0.4787662905258633,0.4788050991332285,-0.0,1.0,-0.0,1.0,0.0,1.0,0.0,1.0,0.0,1.0,-0.0,1.0,1.0082199187957759,-0.5620679209368706,0.25530380597289515,True
20261004,ff,85,2.97,5,0,0,bounded,-0.005,-25,3000,True,0.0001000571773646931,9.924001251480634e-05,1.229874851936519,1.740125148063481,2.178621831271006,0.0007950287346709848,0.478764681305584,0.4788034019128496,-0.0,1.0,-0.0,1.0,0.0,1.0,0.0,1.0,0.0,1.0,-0.0,1.0,1.0082342275981158,-0.7599874851936694,0.05717736469310619,True
20261004,ff,85,2.97,5,0,0,bounded,-0.005,25,-3000,True,0.0001005454852595412,9.972781440106422e-05,1.231855989357557,1.738144010642443,2.178146654319905,0.0007989190457474563,0.478768647428822,0.478807584954197,-0.0,1.0,-0.0,1.0,0.0,1.0,0.0,1.0,0.0,1.0,-0.0,1.0,1.0081990251504827,-0.2721855989357813,0.5454852595411896,True
20261004,ff,85,2.97,5,0,0,bounded,-0.005,25,3000,True,0.0001003473618512842,9.95298947297753e-05,1.231052702246922,1.738947297753078,2.178339185569252,0.0007973406072824369,0.4787670382376174,0.4788058877393855,-0.0,1.0,-0.0,1.0,0.0,1.0,0.0,1.0,0.0,1.0,-0.0,1.0,1.0082132822879832,-0.4701052702247077,0.34736185128418917,True
20261004,ff,85,2.97,5,0,0,bounded,0.005,-25,-3000,True,0.0001012559108254542,0.0001004375269508609,1.234730491390413,1.735269508609587,2.177459226755589,0.0008045790198497733,0.4787744175982857,0.478813670895261,-0.0,1.0,-0.0,1.0,0.0,1.0,0.0,1.0,0.0,1.0,-0.0,1.0,1.0081481882264354,0.4375269508609003,1.2559108254541984,True
20261004,ff,85,2.97,5,0,0,bounded,0.005,-25,3000,True,0.0001010577948071258,0.0001002396070194472,1.23392980552728,1.73607019447272,2.177650468286166,0.0008030006175618254,0.4787728084779624,0.478811973694074,-0.0,1.0,-0.0,1.0,0.0,1.0,0.0,1.0,0.0,1.0,-0.0,1.0,1.0081623203841956,0.23960701944718554,1.0577948071258003,True
20261004,ff,85,2.97,5,0,0,bounded,0.005,25,-3000,True,0.0001015460770490718,0.0001007274098086939,1.235901913060456,1.734098086939544,2.177179768455657,0.000806890803055614,0.4787767743551435,0.4788161566881167,-0.0,1.0,-0.0,1.0,0.0,1.0,0.0,1.0,0.0,1.0,-0.0,1.0,1.008127551794817,0.7274098086939018,1.5460770490717923,True
20261004,ff,85,2.97,5,0,0,bounded,0.005,25,3000,True,0.0001013479640346161,0.0001005294897718081,1.235102281918507,1.734897718081493,2.177370488421677,0.00080531241547378,0.4787751652636529,0.478814459492497,-0.0,1.0,-0.0,1.0,0.0,1.0,0.0,1.0,0.0,1.0,-0.0,1.0,1.008141633511379,0.5294897718080893,1.3479640346161004,True
20261004,ff,85,2.97,5.5,0,0,bounded,-0.005,-25,-3000,True,0.0001006176976910549,9.943793199656229e-05,1.2306800343772,1.7393199656228,2.678076569601119,0.0008487280060091955,0.4787692217739511,0.478805274754986,-0.0,1.0,-0.0,1.0,0.0,1.0,0.0,1.0,0.0,1.0,-0.0,1.0,1.0118643426186036,-0.5620680034377212,0.6176976910549081,True
20261004,ff,85,2.97,5.5,0,0,bounded,-0.005,-25,3000,True,0.0001004190748619199,9.92400124324173e-05,1.229875675826932,1.740124324173068,2.678269455101313,0.0008470477593434141,0.4787676084909449,0.4788035772942859,-0.0,1.0,-0.0,1.0,0.0,1.0,0.0,1.0,0.0,1.0,-0.0,1.0,1.011880917793169,-0.7599875675827095,0.4190748619198992,True
20261004,ff,85,2.97,5.5,0,0,bounded,-0.005,25,-3000,True,0.0001009086059607949,9.972781431839967e-05,1.231856816003207,1.738143183996794,2.677794715182946,0.0008511889519886337,0.4787715846252522,0.4788077609278306,-0.0,1.0,-0.0,1.0,0.0,1.0,0.0,1.0,0.0,1.0,-0.0,1.0,1.011840143599511,-0.2721856816003343,0.9086059607948949,True
20261004,ff,85,2.97,5.5,0,0,bounded,-0.005,25,3000,True,0.0001007099863402577,9.952989464722249e-05,1.231053527774833,1.738946472225167,2.677987069615859,0.0008495087226522744,0.4787699713730344,0.4788060634727854,-0.0,1.0,-0.0,1.0,0.0,1.0,0.0,1.0,0.0,1.0,-0.0,1.0,1.0118566557034745,-0.47010535277751675,0.7099863402576956,True
20261004,ff,85,2.97,5.5,0,0,bounded,0.005,-25,-3000,True,0.0001016208099037979,0.0001004375268677958,1.234731322041692,1.735268677958308,2.677107916050053,0.0008572139199467482,0.4787773693474211,0.4788138477298562,-0.0,1.0,-0.0,1.0,0.0,1.0,0.0,1.0,0.0,1.0,-0.0,1.0,1.0117812840768137,0.43752686779579,1.620809903797893,True
20261004,ff,85,2.97,5.5,0,0,bounded,0.005,-25,3000,True,0.0001014221980948787,0.0001002396069364938,1.233930635061773,1.736069364938227,2.677298983204711,0.0008555337328017161,0.4787757561702171,0.4788121502886443,-0.0,1.0,-0.0,1.0,0.0,1.0,0.0,1.0,0.0,1.0,-0.0,1.0,1.0117976436114133,0.23960693649378584,1.4221980948786905,True
20261004,ff,85,2.97,5.5,0,0,bounded,0.005,25,-3000,True,0.0001019117020768672,0.0001007274097254653,1.235902745346843,1.734097254653157,2.676828711935066,0.000859674778985887,0.4787797320441291,0.4788163338741604,-0.0,1.0,-0.0,1.0,0.0,1.0,0.0,1.0,0.0,1.0,-0.0,1.0,1.0117573990498685,0.7274097254653,1.9117020768671944,True
20261004,ff,85,2.97,5.5,0,0,bounded,0.005,25,3000,True,0.0001017130934408766,0.0001005294896886911,1.235103113088609,1.734896886911391,2.67701925851007,0.000857994608978713,0.4787781188974172,0.4788146364385998,-0.0,1.0,-0.0,1.0,0.0,1.0,0.0,1.0,0.0,1.0,-0.0,1.0,1.0117736970102083,0.5294896886910871,1.7130934408766008,True
20261004,ff,85,3.3,4.5,0,0,bounded,-0.005,-25,-3000,True,9.978182581814301e-05,9.937195897559921e-05,1.230410244007774,2.069589755992227,1.678890749392829,0.0007769456938927449,0.4787624487007308,0.4788043359226652,-0.0,1.0,-0.0,1.0,0.0,1.0,0.0,1.0,0.0,1.0,-0.0,1.0,1.0041245724323944,-0.6280410244007939,-0.21817418185700044,True
20261004,ff,85,3.3,4.5,0,0,bounded,-0.005,-25,3000,True,9.978182581812524e-05,9.937195897559921e-05,1.230410244007783,2.069589755992218,1.678890749392836,0.0007769456938926649,0.4787624487007308,0.4788043359226652,-0.0,1.0,-0.0,1.0,0.0,1.0,0.0,1.0,0.0,1.0,-0.0,1.0,1.0041245724322156,-0.6280410244007939,-0.218174181874764,True
20261004,ff,85,3.3,4.5,0,0,bounded,-0.005,25,-3000,True,0.0001000710770792549,9.966184126216767e-05,1.231587378323064,2.068412621676937,1.678608274938902,0.000779203936113409,0.4787647980673855,0.4788068212947416,-0.0,1.0,-0.0,1.0,0.0,1.0,0.0,1.0,0.0,1.0,-0.0,1.0,1.0041062437930552,-0.3381587378323392,0.07107707925488871,True
20261004,ff,85,3.3,4.5,0,0,bounded,-0.005,25,3000,True,0.0001000710770792194,9.96618412621677e-05,1.231587378323005,2.068412621676996,1.678608274938937,0.0007792039361132491,0.4787647980673855,0.4788068212947416,-0.0,1.0,-0.0,1.0,0.0,1.0,0.0,1.0,0.0,1.0,-0.0,1.0,1.0041062437926989,-0.3381587378323059,0.07107707921940598,True
20261004,ff,85,3.3,4.5,0,0,bounded,0.005,-25,-3000,True,0.0001007792243766074,0.0001003715537258545,1.234462741454834,2.065537258545166,1.677919974783711,0.0007847326500816615,0.4787705497787826,0.4788129061363738,-0.0,1.0,-0.0,1.0,0.0,1.0,0.0,1.0,0.0,1.0,-0.0,1.0,1.004061615424091,0.37155372585448987,0.7792243766074014,True
20261004,ff,85,3.3,4.5,0,0,bounded,0.005,-25,3000,True,0.0001007792243766251,0.0001003715537258545,1.234462741454851,2.065537258545149,1.677919974783687,0.0007847326500817415,0.4787705497787826,0.4788129061363738,-0.0,1.0,-0.0,1.0,0.0,1.0,0.0,1.0,0.0,1.0,-0.0,1.0,1.0040616154242674,0.37155372585448987,0.7792243766250984,True
20261004,ff,85,3.3,4.5,0,0,bounded,0.005,25,-3000,True,0.0001010684596626758,0.0001006614365487742,1.235634512257971,2.064365487742029,1.677640164443964,0.0007869908221846439,0.4787728989934502,0.4788153914799939,-0.0,1.0,-0.0,1.0,0.0,1.0,0.0,1.0,0.0,1.0,-0.0,1.0,1.0040434860444734,0.6614365487741969,1.0684596626757914,True
20261004,ff,85,3.3,4.5,0,0,bounded,0.005,25,3000,True,0.0001010684596626402,0.0001006614365487742,1.235634512257948,2.064365487742052,1.677640164443968,0.0007869908221844841,0.4787728989934502,0.4788153914799939,-0.0,1.0,-0.0,1.0,0.0,1.0,0.0,1.0,0.0,1.0,-0.0,1.0,1.0040434860441196,0.6614365487741969,1.0684596626401976,True
20261004,ff,85,3.3,5,0,0,bounded,-0.005,-25,-3000,True,0.0001001892660901439,9.937195888284075e-05,1.230411171592473,2.069588828407527,2.178493077822204,0.0008288738078557159,0.4787657541555808,0.4788045333957439,-0.0,1.0,-0.0,1.0,0.0,1.0,0.0,1.0,0.0,1.0,-0.0,1.0,1.0082247267387248,-0.6280411171592615,0.1892660901438914,True
20261004,ff,85,3.3,5,0,0,bounded,-0.005,-25,3000,True,0.0001001892660901084,9.937195888284076e-05,1.230411171592377,2.069588828407623,2.178493077822234,0.0008288738078555383,0.4787657541555808,0.4788045333957404,-0.0,1.0,-0.0,1.0,0.0,1.0,0.0,1.0,0.0,1.0,-0.0,1.0,1.0082247267383673,-0.6280411171592504,0.18926609010838646,True
20261004,ff,85,3.3,5,0,0,bounded,-0.005,25,-3000,True,0.0001004794485756867,9.966184116919918e-05,1.231588308007989,2.068411691992011,2.17821078706268,0.0008312813318285409,0.478768111068404,0.4788070192185777,-0.0,1.0,-0.0,1.0,0.0,1.0,0.0,1.0,0.0,1.0,-0.0,1.0,1.0082038159931186,-0.33815883080082765,0.47944857568669175,True
20261004,ff,85,3.3,5,0,0,bounded,-0.005,25,3000,True,0.0001004794485757222,9.966184116919918e-05,1.231588308008012,2.068411691991988,2.178210787062645,0.0008312813318287185,0.478768111068404,0.4788070192185777,-0.0,1.0,-0.0,1.0,0.0,1.0,0.0,1.0,0.0,1.0,-0.0,1.0,1.008203815993475,-0.33815883080082765,0.4794485757221967,True
20261004,ff,85,3.3,5,0,0,bounded,0.005,-25,-3000,True,0.0001011898766568321,0.0001003715536323716,1.234463676283382,2.065536323716619,2.177522930133776,0.0008371755233624825,0.4787738812619132,0.4788131051642069,-0.0,1.0,-0.0,1.0,0.0,1.0,0.0,1.0,0.0,1.0,-0.0,1.0,1.0081529377084044,0.37155363237160177,1.1898766568321006,True
20261004,ff,85,3.3,5,0,0,bounded,0.005,-25,3000,True,0.0001011898766567611,0.0001003715536323716,1.234463676283347,2.065536323716653,2.177522930133825,0.0008371755233621273,0.4787738812619132,0.4788131051642069,-0.0,1.0,-0.0,1.0,0.0,1.0,0.0,1.0,0.0,1.0,-0.0,1.0,1.008152937707697,0.37155363237160177,1.1898766567610908,True
20261004,ff,85,3.3,5,0,0,bounded,0.005,25,-3000,True,0.0001014800439029918,0.0001006614364550811,1.235635449188139,2.064364550811861,2.177243298196845,0.0008395829729083429,0.4787762380285547,0.4788155909589279,-0.0,1.0,-0.0,1.0,0.0,1.0,0.0,1.0,0.0,1.0,-0.0,1.0,1.0081322845842358,0.6614364550810992,1.48004390299179,True
20261004,ff,85,3.3,5,0,0,bounded,0.005,25,3000,True,0.0001014800439029918,0.0001006614364550811,1.235635449188139,2.064364550811861,2.17724329819685,0.0008395829729083429,0.4787762380285547,0.4788155909589279,-0.0,1.0,-0.0,1.0,0.0,1.0,0.0,1.0,0.0,1.0,-0.0,1.0,1.0081322845842358,0.6614364550810992,1.48004390299179,True
20261004,ff,85,3.3,5.5,0,0,bounded,-0.005,-25,-3000,True,0.0001005514945364521,9.937195880037717e-05,1.230411996228218,2.069588003771782,2.678140820283232,0.0008809606970834505,0.478768684049644,0.4788047089374026,-0.0,1.0,-0.0,1.0,0.0,1.0,0.0,1.0,0.0,1.0,-0.0,1.0,1.011869905256114,-0.6280411996228419,0.5514945364520907,True
20261004,ff,85,3.3,5.5,0,0,bounded,-0.005,-25,3000,True,0.0001005514945364521,9.937195880037718e-05,1.23041199622821,2.06958800377179,2.678140820283242,0.0008809606970834505,0.478768684049644,0.4788047089374026,-0.0,1.0,-0.0,1.0,0.0,1.0,0.0,1.0,0.0,1.0,-0.0,1.0,1.0118699052561138,-0.6280411996228197,0.5514945364520907,True
20261004,ff,85,3.3,5.5,0,0,bounded,-0.005,25,-3000,True,0.0001008424038966976,9.966184108657187e-05,1.231589134281074,2.068410865718926,2.677858789066889,0.0008835173101091787,0.478771046911377,0.4788071951121418,-0.0,1.0,-0.0,1.0,0.0,1.0,0.0,1.0,0.0,1.0,-0.0,1.0,1.0118456853420983,-0.33815891342813265,0.8424038966976077,True
20261004,ff,85,3.3,5.5,0,0,bounded,-0.005,25,3000,True,0.0001008424038966976,9.966184108657188e-05,1.231589134281063,2.068410865718938,2.67785878906689,0.0008835173101091787,0.478771046911377,0.4788071951121418,-0.0,1.0,-0.0,1.0,0.0,1.0,0.0,1.0,0.0,1.0,-0.0,1.0,1.011845685342098,-0.33815891342812154,0.8424038966976077,True
20261004,ff,85,3.3,5.5,0,0,bounded,0.005,-25,-3000,True,0.0001015546104952297,0.0001003715535493437,1.234464506562495,2.065535493437506,2.677171561381655,0.0008897764975282208,0.4787768316589714,0.4788132819188035,-0.0,1.0,-0.0,1.0,0.0,1.0,0.0,1.0,0.0,1.0,-0.0,1.0,1.0117867752769654,0.3715535493436839,1.5546104952296913,True
20261004,ff,85,3.3,5.5,0,0,bounded,0.005,-25,3000,True,0.0001015546104952297,0.0001003715535493437,1.234464506562504,2.065535493437497,2.677171561381662,0.0008897764975282208,0.4787768316589714,0.4788132819188035,-0.0,1.0,-0.0,1.0,0.0,1.0,0.0,1.0,0.0,1.0,-0.0,1.0,1.0117867752769654,0.3715535493436839,1.5546104952296913,True
20261004,ff,85,3.3,5.5,0,0,bounded,0.005,25,-3000,True,0.0001018455037471693,0.0001006614363718897,1.235636281102472,2.064363718897528,2.676892183957414,0.0008923330237282179,0.4787791943660126,0.4788157680650041,-0.0,1.0,-0.0,1.0,0.0,1.0,0.0,1.0,0.0,1.0,-0.0,1.0,1.0117628698532088,0.6614363718896898,1.845503747169297,True
20261004,ff,85,3.3,5.5,0,0,bounded,0.005,25,3000,True,0.0001018455037471516,0.0001006614363718897,1.235636281102428,2.064363718897573,2.676892183957428,0.0008923330237281203,0.4787791943660126,0.4788157680650041,-0.0,1.0,-0.0,1.0,0.0,1.0,0.0,1.0,0.0,1.0,-0.0,1.0,1.011762869853033,0.6614363718896898,1.8455037471516,True
20261004,ff,85,3.63,4.5,0,0,bounded,-0.005,-25,-3000,True,9.971599781006736e-05,9.930598578746259e-05,1.230142125373949,2.399857874626051,1.678955143651566,0.0008092027343025272,0.4787619140294613,0.4788037702863731,-0.0,1.0,-0.0,1.0,0.0,1.0,0.0,1.0,0.0,1.0,-0.0,1.0,1.0041287745079364,-0.6940142125374194,-0.2840021899326417,True
20261004,ff,85,3.63,4.5,0,0,bounded,-0.005,-25,3000,True,9.9913487834579e-05,9.950390537626208e-05,1.230946237379211,2.399053762620789,1.67876207585418,0.0008108098875204109,0.4787635180915088,0.4788054671977618,-0.0,1.0,-0.0,1.0,0.0,1.0,0.0,1.0,0.0,1.0,-0.0,1.0,1.0041162450535799,-0.49609462373793045,-0.08651216542100437,True
20261004,ff,85,3.63,4.5,0,0,bounded,-0.005,25,-3000,True,0.0001000052501388052,9.959586803835368e-05,1.231319616463114,2.398680383536886,1.678672491482446,0.0008115566423528395,0.4787642634062558,0.4788062556603337,-0.0,1.0,-0.0,1.0,0.0,1.0,0.0,1.0,0.0,1.0,-0.0,1.0,1.0041104325763182,-0.4041319616463257,0.005250138805190652,True
20261004,ff,85,3.63,4.5,0,0,bounded,-0.005,25,3000,True,0.0001002027369904416,9.979378773408122e-05,1.23212265918756,2.397877340812439,1.678479956116217,0.000813163781680419,0.4787658674381313,0.4788079525660889,-0.0,1.0,-0.0,1.0,0.0,1.0,0.0,1.0,0.0,1.0,-0.0,1.0,1.0040979430247712,-0.2062122659187815,0.20273699044159876,True
20261004,ff,85,3.63,4.5,0,0,bounded,0.005,-25,-3000,True,0.0001007134000413449,0.0001003055804153323,1.234195846677199,2.395804153322801,1.677983760557811,0.0008173195728425676,0.4787700151424037,0.4788123405065746,-0.0,1.0,-0.0,1.0,0.0,1.0,0.0,1.0,0.0,1.0,-0.0,1.0,1.0040657720569877,0.3055804153323072,0.7134000413448804,True
20261004,ff,85,3.63,4.5,0,0,bounded,0.005,-25,3000,True,0.0001009108791507122,0.0001005035003709328,1.234996290672328,2.395003709327672,1.677792515776653,0.0008189266782735167,0.4787716191006135,0.4788140373985362,-0.0,1.0,-0.0,1.0,0.0,1.0,0.0,1.0,0.0,1.0,-0.0,1.0,1.0040533790193962,0.5035003709327857,0.910879150712196,True
20261004,ff,85,3.63,4.5,0,0,bounded,0.005,25,-3000,True,0.0001010026363881115,0.0001005954632030946,1.235367969053882,2.394632030946118,1.677703776014391,0.0008196734109224353,0.4787723643671533,0.478814825852079,-0.0,1.0,-0.0,1.0,0.0,1.0,0.0,1.0,0.0,1.0,-0.0,1.0,1.00404762970468,0.5954632030945817,1.0026363881114886,True
20261004,ff,85,3.63,4.5,0,0,bounded,0.005,25,3000,True,0.0001012001123454579,0.0001007933832640656,1.236167359344091,2.393832640655909,1.677513053150566,0.0008212805025519494,0.4787739682953637,0.4788165227384036,-0.0,1.0,-0.0,1.0,0.0,1.0,0.0,1.0,0.0,1.0,-0.0,1.0,1.0040352756125541,0.7933832640655947,1.2001123454578932,True
20261004,ff,85,3.63,5,0,0,bounded,-0.005,-25,-3000,True,0.0001001232261843156,9.930598569475191e-05,1.230143052480824,2.399856947519176,2.178557430058937,0.0008610968747424198,0.478765217767194,0.4788039676568807,-0.0,1.0,-0.0,1.0,0.0,1.0,0.0,1.0,0.0,1.0,-0.0,1.0,1.008229518934294,-0.6940143052481029,0.12322618431559462,True
20261004,ff,85,3.63,5,0,0,bounded,-0.005,-25,3000,True,0.0001003213519558378,9.9503905283408e-05,1.230947165919979,2.399052834080021,2.178364488089967,0.0008628059517067441,0.4787668269810204,0.4788056648760032,-0.0,1.0,-0.0,1.0,0.0,1.0,0.0,1.0,0.0,1.0,-0.0,1.0,1.0082152220066292,-0.49609471659201043,0.32135195583780085,True
20261004,ff,85,3.63,5,0,0,bounded,-0.005,25,-3000,True,0.0001004134096903221,9.959586794543298e-05,1.231320545670046,2.398679454329954,2.178274961937671,0.0008636000648423745,0.4787675746897813,0.4788064534815762,-0.0,1.0,-0.0,1.0,0.0,1.0,0.0,1.0,0.0,1.0,-0.0,1.0,1.0082085909963356,-0.40413205456701906,0.4134096903220863,True
20261004,ff,85,3.63,5,0,0,bounded,-0.005,25,3000,True,0.0001006115324308111,9.979378764101712e-05,1.232123589828643,2.397876410171357,2.178082551341248,0.0008653091270397642,0.4787691838745544,0.4788081506951332,-0.0,1.0,-0.0,1.0,0.0,1.0,0.0,1.0,0.0,1.0,-0.0,1.0,1.0081943456514109,-0.20621235898288237,0.6115324308110903,True
20261004,ff,85,3.63,5,0,0,bounded,0.005,-25,-3000,True,0.0001011238402581539,0.0001003055803218972,1.234196781027574,2.395803218972426,2.177586675094918,0.0008697284736081516,0.4787733449071092,0.4788125394317602,-0.0,1.0,-0.0,1.0,0.0,1.0,0.0,1.0,0.0,1.0,-0.0,1.0,1.0081576711248843,0.3055803218971809,1.1238402581538853,True
20261004,ff,85,3.63,5,0,0,bounded,0.005,-25,3000,True,0.0001013219556136348,0.0001005035002773542,1.234997226457546,2.395002773542454,2.177395552520325,0.0008714374998237476,0.4787749540210402,0.4788142366316891,-0.0,1.0,-0.0,1.0,0.0,1.0,0.0,1.0,0.0,1.0,-0.0,1.0,1.0081435505631342,0.5035002773541963,1.3219556136347954,True
20261004,ff,85,3.63,5,0,0,bounded,0.005,25,-3000,True,0.0001014140085152561,0.0001005954631094494,1.235368905505803,2.394631094494197,2.177306869299933,0.0008722315894124759,0.4787757016834397,0.4788150252283428,-0.0,1.0,-0.0,1.0,0.0,1.0,0.0,1.0,0.0,1.0,-0.0,1.0,1.0081370012176007,0.5954631094494012,1.4140085152561044,True
20261004,ff,85,3.63,5,0,0,bounded,0.005,25,3000,True,0.0001016121208688538,0.0001007933831702769,1.236168297231158,2.393831702768842,2.177116267607142,0.0008739406010011134,0.4787773107685543,0.4788167224227081,-0.0,1.0,-0.0,1.0,0.0,1.0,0.0,1.0,0.0,1.0,-0.0,1.0,1.0081229310181379,0.7933831702769067,1.6121208688538058,True
20261004,ff,85,3.63,5.5,0,0,bounded,-0.005,-25,-3000,True,0.0001004852891736956,9.930598561232559e-05,1.230143876744065,2.399856123255935,2.678205113246892,0.0009131498339768002,0.4787681463070607,0.4788041431184372,-0.0,1.0,-0.0,1.0,0.0,1.0,0.0,1.0,0.0,1.0,-0.0,1.0,1.0118754529658849,-0.6940143876744242,0.4852891736955911,True
20261004,ff,85,3.63,5.5,0,0,bounded,-0.005,-25,3000,True,0.0001006839112929452,9.950390520086988e-05,1.23094799130117,2.39905200869883,2.678012348873,0.0009149607037391151,0.4787697595832222,0.4788058405778607,-0.0,1.0,-0.0,1.0,0.0,1.0,0.0,1.0,0.0,1.0,-0.0,1.0,1.0118588922685319,-0.4960947991301201,0.6839112929451829,True
20261004,ff,85,3.63,5.5,0,0,bounded,-0.005,25,-3000,True,0.0001007761996129002,9.959586786284294e-05,1.231321371570461,2.398678628429539,2.677922905005129,0.0009158021139618749,0.478770509179133,0.4788066292950673,-0.0,1.0,-0.0,1.0,0.0,1.0,0.0,1.0,0.0,1.0,-0.0,1.0,1.0118512120571381,-0.404132137157065,0.7761996129001858,True
20261004,ff,85,3.63,5.5,0,0,bounded,-0.005,25,3000,True,0.0001009748185261099,9.97937875583153e-05,1.232124416846897,2.397875583153103,2.677730670996464,0.0009176129664790701,0.4787721224245294,0.4788083267488378,-0.0,1.0,-0.0,1.0,0.0,1.0,0.0,1.0,0.0,1.0,-0.0,1.0,1.011834714331335,-0.20621244168470554,0.9748185261098996,True
20261004,ff,85,3.63,5.5,0,0,bounded,0.005,-25,-3000,True,0.0001014884088387707,0.0001003055802389065,1.234197610934483,2.395802389065517,2.677235248219502,0.0009222955206291683,0.4787762939519202,0.4788127161063508,-0.0,1.0,-0.0,1.0,0.0,1.0,0.0,1.0,0.0,1.0,-0.0,1.0,1.0117922512092243,0.3055802389064999,1.488408838770705,True
20261004,ff,85,3.63,5.5,0,0,bounded,0.005,-25,3000,True,0.0001016870199462244,0.0001005035001942519,1.234998057481119,2.39500194251888,2.677044299796134,0.0009241063311581538,0.478777907122353,0.4788144135462881,-0.0,1.0,-0.0,1.0,0.0,1.0,0.0,1.0,0.0,1.0,-0.0,1.0,1.0117759058110913,0.5035001942518935,1.6870199462243995,True
20261004,ff,85,3.63,5.5,0,0,bounded,0.005,25,-3000,True,0.0001017793031579278,0.0001005954630262951,1.235369737048189,2.394630262951811,2.67695569726559,0.0009249477139029428,0.4787786566692054,0.4788152022544387,-0.0,1.0,-0.0,1.0,0.0,1.0,0.0,1.0,0.0,1.0,-0.0,1.0,1.0117683252904084,0.5954630262950955,1.779303157927803,True
20261004,ff,85,3.63,5.5,0,0,bounded,0.005,25,3000,True,0.0001019779110949575,0.000100793383087011,1.236169129889692,2.393830870110308,2.676765268740533,0.0009267585073768525,0.4787802698091658,0.4788168996887266,-0.0,1.0,-0.0,1.0,0.0,1.0,0.0,1.0,0.0,1.0,-0.0,1.0,1.01175204137085,0.7933830870110015,1.9779110949574852,True
20261004,ss,0,2.97,4.5,0,0,bounded,-0.005,-25,-3000,True,9.97613360844466e-05,9.962241740866086e-05,1.510825913391393,1.459174086608607,1.711066529673771,0.0007448046017496918,0.8422866597447973,0.842329475093797,-0.0,1.0,-0.0,1.0,0.0,1.0,0.0,1.0,0.0,1.0,-0.0,1.0,1.0013944519657245,-0.37758259133914285,-0.23866391555340538,True
20261004,ss,0,2.97,4.5,0,0,bounded,-0.005,-25,3000,True,9.95641057233724e-05,9.942448855564919e-05,1.510114443507931,1.459885556492069,1.711216136226156,0.0007433292164314425,0.8422851033030415,0.8423278264500359,-0.0,1.0,-0.0,1.0,0.0,1.0,0.0,1.0,0.0,1.0,-0.0,1.0,1.001404253315772,-0.575511444350818,-0.43589427662761304,True
20261004,ss,0,2.97,4.5,0,0,bounded,-0.005,25,-3000,True,9.962686101073905e-05,9.948746591085469e-05,1.510340891453076,1.459659108546924,1.711168504005285,0.0007437986579695123,0.8422855985361966,0.8423283510188974,-0.0,1.0,-0.0,1.0,0.0,1.0,0.0,1.0,0.0,1.0,-0.0,1.0,1.0014011322794096,-0.5125340891453223,-0.3731389892609571,True
20261004,ss,0,2.97,4.5,0,0,bounded,-0.005,25,3000,True,9.942962956479042e-05,9.928953710261194e-05,1.509628973880442,1.460371026119558,1.711318300195502,0.0007423232679022941,0.8422840420838323,0.8423267023726668,-0.0,1.0,-0.0,1.0,0.0,1.0,0.0,1.0,0.0,1.0,-0.0,1.0,1.0014109488901504,-0.7104628973880645,-0.5703704352095773,True
20261004,ss,0,2.97,4.5,0,0,bounded,0.005,-25,-3000,True,0.0001007574247818736,0.0001006220590771949,1.51440922805102,1.455590771948981,1.710315153993209,0.0007522559366436336,0.8422945203245764,0.8423378015221114,-0.0,1.0,-0.0,1.0,0.0,1.0,0.0,1.0,0.0,1.0,-0.0,1.0,1.0013452885572025,0.622059077194903,0.7574247818735946,True
20261004,ss,0,2.97,4.5,0,0,bounded,0.005,-25,3000,True,0.0001005602024251876,0.0001004241298953596,1.513701046404222,1.456298953595778,1.710463371649671,0.0007507805863685349,0.8422929639611609,0.8423361528966409,-0.0,1.0,-0.0,1.0,0.0,1.0,0.0,1.0,0.0,1.0,-0.0,1.0,1.001354978429684,0.424129895359604,0.5602024251875948,True
20261004,ss,0,2.97,4.5,0,0,bounded,0.005,25,-3000,True,0.0001006229551646368,0.0001004871073552961,1.513926447038551,1.45607355296145,1.710416181945624,0.0007512500167520825,0.8422934591693814,0.8423366774596831,-0.0,1.0,-0.0,1.0,0.0,1.0,0.0,1.0,0.0,1.0,-0.0,1.0,1.0013518929235408,0.4871073552960903,0.6229551646367959,True
20261004,ss,0,2.97,4.5,0,0,bounded,0.005,25,3000,True,0.0001004257317303595,0.0001002891782175665,1.51321782433491,1.45678217566509,1.710564585490858,0.0007497746617587283,0.8422919027954117,0.8423350288317429,-0.0,1.0,-0.0,1.0,0.0,1.0,0.0,1.0,0.0,1.0,-0.0,1.0,1.001361597684017,0.2891782175665103,0.42573173035949097,True
20261004,ss,0,2.97,5,0,0,bounded,-0.005,-25,-3000,True,0.0001001860597922145,9.962241731256085e-05,1.510826874391336,1.459173125608664,2.210745296694617,0.0007968088880453681,0.8422900074217315,0.8423296750938518,-0.0,1.0,-0.0,1.0,0.0,1.0,0.0,1.0,0.0,1.0,-0.0,1.0,1.0056577876230932,-0.3775826874391486,0.18605979221448798,True
20261004,ss,0,2.97,5,0,0,bounded,-0.005,-25,3000,True,9.99882231790962e-05,9.942448845968477e-05,1.510115403152155,1.459884596847845,2.210894768699755,0.0007952318562866906,0.8422884462069408,0.8423280261650172,-0.0,1.0,-0.0,1.0,0.0,1.0,0.0,1.0,0.0,1.0,-0.0,1.0,1.0056699785751475,-0.5755115403152322,-0.011776820903808272,True
20261004,ss,0,2.97,5,0,0,bounded,-0.005,25,-3000,True,0.0001000511713717102,9.948746581484714e-05,1.510341851528582,1.459658148471419,2.210847179355464,0.000795733639994598,0.8422889429588465,0.8423285508245896,-0.0,1.0,-0.0,1.0,0.0,1.0,0.0,1.0,0.0,1.0,-0.0,1.0,1.00566609624887,-0.5125341851528686,0.05117137171020136,True
20261004,ss,0,2.97,5,0,0,bounded,-0.005,25,3000,True,9.985333363124474e-05,9.928953700673997e-05,1.509629932600146,1.460370067399854,2.210996840581782,0.0007941566027322336,0.842287381733096,0.8423269018932634,-0.0,1.0,-0.0,1.0,0.0,1.0,0.0,1.0,0.0,1.0,-0.0,1.0,1.0056783085257663,-0.7104629932600304,-0.14666636875526606,True
20261004,ss,0,2.97,5,0,0,bounded,0.005,-25,-3000,True,0.0001011852094397305,0.0001006220589804104,1.514410195895626,1.455589804104374,2.209994591312897,0.0008047735720362994,0.842297892100051,0.8423380029614689,-0.0,1.0,-0.0,1.0,0.0,1.0,0.0,1.0,0.0,1.0,-0.0,1.0,1.0055966898811894,0.6220589804103893,1.1852094397305057,True
20261004,ss,0,2.97,5,0,0,bounded,0.005,-25,3000,True,0.0001009873811345265,0.0001004241297987106,1.5137020128938,1.4562979871062,2.210142677464437,0.0008031965808407875,0.8422963309661119,0.8423363540510763,-0.0,1.0,-0.0,1.0,0.0,1.0,0.0,1.0,0.0,1.0,-0.0,1.0,1.005608725083751,0.4241297987105819,0.9873811345264993,True
20261004,ss,0,2.97,5,0,0,bounded,0.005,25,-3000,True,0.0001010503266817543,0.000100487107258604,1.513927413959267,1.456072586040733,2.210095529667651,0.000803698351632788,0.8422968276922747,0.8423368787047809,-0.0,1.0,-0.0,1.0,0.0,1.0,0.0,1.0,0.0,1.0,-0.0,1.0,1.0056048923938157,0.4871072586039915,1.0503266817542878,True
20261004,ss,0,2.97,5,0,0,bounded,0.005,25,3000,True,0.0001008524972594173,0.0001002891781210099,1.513218789900531,1.456781210099469,2.210243801301505,0.0008021213549824909,0.8422952665474593,0.8423352297918971,-0.0,1.0,-0.0,1.0,0.0,1.0,0.0,1.0,0.0,1.0,-0.0,1.0,1.0056169483982378,0.28917812100990314,0.8524972594172953,True
20261004,ss,0,2.97,5.5,0,0,bounded,-0.005,-25,-3000,True,0.0001005708084741191,9.962241722551025e-05,1.510827744897458,1.459172255102542,2.710455394030947,0.0008490180354333546,0.842293019609987,0.8423298562263607,-0.0,1.0,-0.0,1.0,0.0,1.0,0.0,1.0,0.0,1.0,-0.0,1.0,1.0095198578294082,-0.37758277448975974,0.5708084741191,True
20261004,ss,0,2.97,5.5,0,0,bounded,-0.005,-25,3000,True,0.0001003724807382139,9.942448837274383e-05,1.510116272561578,1.459883727438422,2.710604701598412,0.0008473393841932023,0.8422914544653687,0.8423282070664955,-0.0,1.0,-0.0,1.0,0.0,1.0,0.0,1.0,0.0,1.0,-0.0,1.0,1.0095347975230815,-0.5755116272561756,0.3724807382138984,True
20261004,ss,0,2.97,5.5,0,0,bounded,-0.005,25,-3000,True,0.0001004355852192856,9.94874657278713e-05,1.510342721287057,1.459657278712943,2.710557164640036,0.0008478735015838519,0.8422919524678706,0.8423287317995868,-0.0,1.0,-0.0,1.0,0.0,1.0,0.0,1.0,0.0,1.0,-0.0,1.0,1.0095300396334117,-0.5125342721287063,0.4355852192855947,True
20261004,ss,0,2.97,5.5,0,0,bounded,-0.005,25,3000,True,0.0001002372562167313,9.928953691987384e-05,1.509630801261405,1.460369198738595,2.710706661020602,0.0008461948435100138,0.8422903873110581,0.8423270826371619,-0.0,1.0,-0.0,1.0,0.0,1.0,0.0,1.0,0.0,1.0,-0.0,1.0,1.0095450067172966,-0.7104630801261669,0.23725621673129638,True
20261004,ss,0,2.97,5.5,0,0,bounded,0.005,-25,-3000,True,0.0001015724354578556,0.0001006220588928065,1.514411071934398,1.455588928065602,2.70970551008799,0.0008574959195956908,0.8423009241086203,0.8423381852593416,-0.0,1.0,-0.0,1.0,0.0,1.0,0.0,1.0,0.0,1.0,-0.0,1.0,1.0094450121127172,0.6220588928064874,1.5724354578555921,True
20261004,ss,0,2.97,5.5,0,0,bounded,0.005,-25,3000,True,0.0001013741170452125,0.0001004241297112162,1.513702887838057,1.456297112161943,2.709853434785225,0.0008558173186568841,0.8422993590538524,0.8423365361184015,-0.0,1.0,-0.0,1.0,0.0,1.0,0.0,1.0,0.0,1.0,-0.0,1.0,1.0094597517223014,0.42412971121619236,1.3741170452125084,True
20261004,ss,0,2.97,5.5,0,0,bounded,0.005,25,-3000,True,0.0001014372185574591,0.0001004871071710748,1.513928289251838,1.456071710748162,2.709806338423434,0.0008563514200300188,0.842299857027746,0.8423370608454706,-0.0,1.0,-0.0,1.0,0.0,1.0,0.0,1.0,0.0,1.0,-0.0,1.0,1.009455057600243,0.4871071710748076,1.4372185574591079,True
20261004,ss,0,2.97,5.5,0,0,bounded,0.005,25,3000,True,0.0001012388988922357,0.0001002891780335902,1.513219664098316,1.456780335901684,2.709954448204287,0.0008546728123330339,0.8422982919608972,0.8423354117019742,-0.0,1.0,-0.0,1.0,0.0,1.0,0.0,1.0,0.0,1.0,-0.0,1.0,1.009469823935813,0.28917803359020944,1.2388988922356958,True
20261004,ss,0,3.3,4.5,0,0,bounded,-0.005,-25,-3000,True,9.969562962239754e-05,9.955644111702813e-05,1.510588829718536,1.789411170281464,1.711116339752399,0.0007771666009265929,0.8422861412229785,0.8423289255637867,-0.0,1.0,-0.0,1.0,0.0,1.0,0.0,1.0,0.0,1.0,-0.0,1.0,1.0013980863900689,-0.44355888297188395,-0.30437037760246977,True
20261004,ss,0,3.3,4.5,0,0,bounded,-0.005,-25,3000,True,9.969562962241531e-05,9.955644111702813e-05,1.510588829718607,1.789411170281393,1.711116339752367,0.0007771666009266729,0.8422861412229785,0.8423289255637867,-0.0,1.0,-0.0,1.0,0.0,1.0,0.0,1.0,0.0,1.0,-0.0,1.0,1.0013980863902474,-0.44355888297188395,-0.3043703775846951,True
20261004,ss,0,3.3,4.5,0,0,bounded,-0.005,25,-3000,True,9.956115387204014e-05,9.942148963413023e-05,1.510103658697469,1.789896341302531,1.711218377416917,0.000776116120156489,0.842285080008358,0.8423278014879158,-0.0,1.0,-0.0,1.0,0.0,1.0,0.0,1.0,0.0,1.0,-0.0,1.0,1.0014047691140404,-0.5785103658697666,-0.43884612795986877,True
20261004,ss,0,3.3,4.5,0,0,bounded,-0.005,25,3000,True,9.956115387204014e-05,9.942148963413023e-05,1.510103658697508,1.789896341302492,1.711218377416899,0.000776116120156489,0.842285080008358,0.8423278014879158,-0.0,1.0,-0.0,1.0,0.0,1.0,0.0,1.0,0.0,1.0,-0.0,1.0,1.0014047691140404,-0.5785103658697666,-0.43884612795986877,True
20261004,ss,0,3.3,4.5,0,0,bounded,0.005,-25,-3000,True,0.000100691723429213,0.0001005560826760616,1.514173239384,1.785826760616,1.710364500138998,0.0007849478402020603,0.8422940018481102,0.8423372519993474,-0.0,1.0,-0.0,1.0,0.0,1.0,0.0,1.0,0.0,1.0,-0.0,1.0,1.0013489064961725,0.5560826760615978,0.6917234292129981,True
20261004,ss,0,3.3,4.5,0,0,bounded,0.005,-25,3000,True,0.0001006917234291774,0.0001005560826760616,1.514173239384011,1.785826760615989,1.710364500139017,0.0007849478402019004,0.8422940018481102,0.8423372519993474,-0.0,1.0,-0.0,1.0,0.0,1.0,0.0,1.0,0.0,1.0,-0.0,1.0,1.0013489064958185,0.5560826760615978,0.6917234291774044,True
20261004,ss,0,3.3,4.5,0,0,bounded,0.005,25,-3000,True,0.0001005572531118785,0.0001004211309688504,1.513690311495851,1.78630968850415,1.710465590192851,0.0007838973831403016,0.8422929406867113,0.8423361279359355,-0.0,1.0,-0.0,1.0,0.0,1.0,0.0,1.0,0.0,1.0,-0.0,1.0,1.0013555129454808,0.4211309688503917,0.5572531118784863,True
20261004,ss,0,3.3,4.5,0,0,bounded,0.005,25,3000,True,0.0001005572531118074,0.0001004211309688504,1.513690311495784,1.786309688504216,1.710465590192899,0.0007838973831399817,0.842292940686708,0.8423361279359355,-0.0,1.0,-0.0,1.0,0.0,1.0,0.0,1.0,0.0,1.0,-0.0,1.0,1.0013555129447729,0.4211309688503917,0.5572531118073876,True
20261004,ss,0,3.3,5,0,0,bounded,-0.005,-25,-3000,True,0.0001001201513665818,9.955644102097331e-05,1.510589790266808,1.789410209733193,2.210795062016745,0.0008291370241418001,0.8422894873098491,0.8423291254688728,-0.0,1.0,-0.0,1.0,0.0,1.0,0.0,1.0,0.0,1.0,-0.0,1.0,1.0056622187356992,-0.4435589790266925,0.12015136658178882,True
20261004,ss,0,3.3,5,0,0,bounded,-0.005,-25,3000,True,0.000100120151366493,9.95564410209733e-05,1.510589790266725,1.789410209733275,2.21079506201671,0.000829137024141356,0.8422894873098491,0.8423291254688728,-0.0,1.0,-0.0,1.0,0.0,1.0,0.0,1.0,0.0,1.0,-0.0,1.0,1.0056622187348074,-0.4435589790267036,0.12015136649299318,True
20261004,ss,0,3.3,5,0,0,bounded,-0.005,25,-3000,True,9.99852622543286e-05,9.942148953816787e-05,1.510104618321323,1.789895381678677,2.210897007871824,0.0008280172386872215,0.8422884228408206,0.8423280011986318,-0.0,1.0,-0.0,1.0,0.0,1.0,0.0,1.0,0.0,1.0,-0.0,1.0,1.0056705317812031,-0.578510461832138,-0.014737745671400404,True
20261004,ss,0,3.3,5,0,0,bounded,-0.005,25,3000,True,9.998526225441743e-05,9.942148953816784e-05,1.510104618321383,1.789895381678618,2.210897007871687,0.0008280172386876656,0.8422884228408206,0.8423280011986318,-0.0,1.0,-0.0,1.0,0.0,1.0,0.0,1.0,0.0,1.0,-0.0,1.0,1.0056705317820969,-0.5785104618321713,-0.014737745582582562,True
20261004,ss,0,3.3,5,0,0,bounded,0.005,-25,-3000,True,0.0001011193062313644,0.0001005560825793223,1.514174206777148,1.785825793222853,2.210043893715894,0.0008374316156081292,0.8422973720344128,0.8423374533437918,-0.0,1.0,-0.0,1.0,0.0,1.0,0.0,1.0,0.0,1.0,-0.0,1.0,1.005601089835593,0.5560825793222923,1.119306231364381,True
20261004,ss,0,3.3,5,0,0,bounded,0.005,-25,3000,True,0.0001011193062313644,0.0001005560825793223,1.514174206777173,1.785825793222827,2.210043893715909,0.0008374316156081292,0.8422973720344128,0.8423374533437918,-0.0,1.0,-0.0,1.0,0.0,1.0,0.0,1.0,0.0,1.0,-0.0,1.0,1.005601089835593,0.5560825793222923,1.119306231364381,True
20261004,ss,0,3.3,5,0,0,bounded,0.005,25,-3000,True,0.0001009844227591862,0.0001004211308722035,1.51369127796506,1.78630872203494,2.210144894036643,0.0008363118576138512,0.8422963076203175,0.8423363290861111,-0.0,1.0,-0.0,1.0,0.0,1.0,0.0,1.0,0.0,1.0,-0.0,1.0,1.005609296391011,0.4211308722035012,0.9844227591861987,True
20261004,ss,0,3.3,5,0,0,bounded,0.005,25,3000,True,0.0001009844227592395,0.0001004211308722035,1.513691277965107,1.786308722034893,2.210144894036601,0.0008363118576141177,0.8422963076203175,0.8423363290861111,-0.0,1.0,-0.0,1.0,0.0,1.0,0.0,1.0,0.0,1.0,-0.0,1.0,1.0056092963915417,0.4211308722035012,0.9844227592394894,True
20261004,ss,0,3.3,5.5,0,0,bounded,-0.005,-25,-3000,True,0.0001005047364556671,9.955644093395919e-05,1.510590660407814,1.789409339592186,2.710505104637205,0.0008813123175278229,0.8422924981891009,0.8423293065244283,-0.0,1.0,-0.0,1.0,0.0,1.0,0.0,1.0,0.0,1.0,-0.0,1.0,1.0095252051279833,-0.44355906604081063,0.5047364556671097,True
20261004,ss,0,3.3,5.5,0,0,bounded,-0.005,-25,3000,True,0.0001005047364555605,9.955644093395919e-05,1.510590660407824,1.789409339592176,2.710505104637286,0.0008813123175272367,0.8422924981891009,0.8423293065244283,-0.0,1.0,-0.0,1.0,0.0,1.0,0.0,1.0,0.0,1.0,-0.0,1.0,1.0095252051269126,-0.44355906604081063,0.5047364555605061,True
20261004,ss,0,3.3,5.5,0,0,bounded,-0.005,25,-3000,True,0.0001003695124619935,9.942148945122854e-05,1.510105487714452,1.789894512285549,2.710606938304536,0.0008801232456696721,0.8422914310404235,0.8423281820966512,-0.0,1.0,-0.0,1.0,0.0,1.0,0.0,1.0,0.0,1.0,-0.0,1.0,1.009535393364128,-0.5785105487714715,0.369512461993482,True
20261004,ss,0,3.3,5.5,0,0,bounded,-0.005,25,3000,True,0.0001003695124619224,9.942148945122855e-05,1.510105487714355,1.789894512285645,2.710606938304589,0.0008801232456692812,0.8422914310404235,0.8423281820966495,-0.0,1.0,-0.0,1.0,0.0,1.0,0.0,1.0,0.0,1.0,-0.0,1.0,1.0095353933634126,-0.5785105487714493,0.3695124619223833,True
20261004,ss,0,3.3,5.5,0,0,bounded,0.005,-25,-3000,True,0.0001015063690003775,0.0001005560824917548,1.514175082451402,1.785824917548599,2.709754758769528,0.0008901201136644981,0.8423004027370183,0.842337635564871,-0.0,1.0,-0.0,1.0,0.0,1.0,0.0,1.0,0.0,1.0,-0.0,1.0,1.009450313547175,0.5560824917548057,1.5063690003774832,True
20261004,ss,0,3.3,5.5,0,0,bounded,0.005,-25,3000,True,0.0001015063690003775,0.0001005560824917548,1.514175082451404,1.785824917548596,2.709754758769525,0.0008901201136644981,0.8423004027370183,0.842337635564871,-0.0,1.0,-0.0,1.0,0.0,1.0,0.0,1.0,0.0,1.0,-0.0,1.0,1.009450313547175,0.5560824917548057,1.5063690003774832,True
20261004,ss,0,3.3,5.5,0,0,bounded,0.005,25,-3000,True,0.0001013711513397713,0.0001004211307847107,1.51369215289308,1.786307847106921,2.709855648938146,0.0008889310758979599,0.8422993356494165,0.8423365111499863,-0.0,1.0,-0.0,1.0,0.0,1.0,0.0,1.0,0.0,1.0,-0.0,1.0,1.009460365041072,0.4211307847107104,1.3711513397712816,True
20261004,ss,0,3.3,5.5,0,0,bounded,0.005,25,3000,True,0.0001013711513397358,0.0001004211307847107,1.513692152893014,1.786307847106986,2.709855648938173,0.0008889310758977646,0.8422993356494165,0.8423365111499863,-0.0,1.0,-0.0,1.0,0.0,1.0,0.0,1.0,0.0,1.0,-0.0,1.0,1.0094603650407186,0.4211307847107104,1.3711513397357988,True
20261004,ss,0,3.63,4.5,0,0,bounded,-0.005,-25,-3000,True,9.962988994791124e-05,9.949046483268757e-05,1.51035167312413,2.119648326875869,1.711166205704837,0.0008094849065605551,0.8422856224390265,0.8423283760178158,-0.0,1.0,-0.0,1.0,0.0,1.0,0.0,1.0,0.0,1.0,-0.0,1.0,1.0014013917359632,-0.509535167312436,-0.3701100520887679,True
20261004,ss,0,3.63,4.5,0,0,bounded,-0.005,-25,3000,True,9.982712026429232e-05,9.968839370755321e-05,1.511062924467884,2.118937075532116,1.711016691366815,0.000811090924799959,0.8422871788794238,0.8423300246605987,-0.0,1.0,-0.0,1.0,0.0,1.0,0.0,1.0,0.0,1.0,-0.0,1.0,1.001391601886435,-0.3116062924467977,-0.17287973570768722,True
20261004,ss,0,3.63,4.5,0,0,bounded,-0.005,25,-3000,True,9.949541382455441e-05,9.935551336471265e-05,1.509866352873376,2.120133647126624,1.711268306587026,0.0008083898901766076,0.8422845612207819,0.8423272519411173,-0.0,1.0,-0.0,1.0,0.0,1.0,0.0,1.0,0.0,1.0,-0.0,1.0,1.0014080794824964,-0.6444866352873557,-0.5045861754455871,True
20261004,ss,0,3.63,4.5,0,0,bounded,-0.005,25,3000,True,9.969264522017886e-05,9.955344219485365e-05,1.5105780514635,2.1194219485365,1.711118602865245,0.000809995913110395,0.8422861176717443,0.8423289005863663,-0.0,1.0,-0.0,1.0,0.0,1.0,0.0,1.0,0.0,1.0,-0.0,1.0,1.0013982743565286,-0.44655780514635257,-0.3073547798211451,True
20261004,ss,0,3.63,4.5,0,0,bounded,0.005,-25,-3000,True,0.000100625986508435,0.0001004901062821132,1.513937178868066,2.116062821131933,1.710413903087931,0.0008175960395442165,0.8422934830909469,0.8423367024595154,-0.0,1.0,-0.0,1.0,0.0,1.0,0.0,1.0,0.0,1.0,-0.0,1.0,1.0013521751677756,0.49010628211318963,0.6259865084349947,True
20261004,ss,0,3.63,4.5,0,0,bounded,0.005,-25,3000,True,0.0001008232088628473,0.000100688035485479,1.514645145210063,2.115354854789937,1.710265775795043,0.0008192020231472701,0.8422950394533382,0.8423383510840219,-0.0,1.0,-0.0,1.0,0.0,1.0,0.0,1.0,0.0,1.0,-0.0,1.0,1.0013424969184923,0.6880354854789994,0.8232088628473022,True
20261004,ss,0,3.63,4.5,0,0,bounded,0.005,25,-3000,True,0.0001004915158202328,0.0001003551545896039,1.513454103961032,2.116545896038968,1.710515055109931,0.0008165010468035764,0.842292421925938,0.8423355783952727,-0.0,1.0,-0.0,1.0,0.0,1.0,0.0,1.0,0.0,1.0,-0.0,1.0,1.0013587865136229,0.3551545896038899,0.4915158202327907,True
20261004,ss,0,3.63,4.5,0,0,bounded,0.005,25,3000,True,0.000100688739246179,0.0001005530837489072,1.514162510927587,2.115837489072413,1.710366742175167,0.0008181070350685375,0.8422939782988331,0.8423372270222506,-0.0,1.0,-0.0,1.0,0.0,1.0,0.0,1.0,0.0,1.0,-0.0,1.0,1.0013490933566052,0.5530837489071905,0.6887392461789821,True
20261004,ss,0,3.63,5,0,0,bounded,-0.005,-25,-3000,True,0.0001000542096198521,9.949046473667792e-05,1.510352633220625,2.119647366779375,2.210844883122631,0.0008614214495456108,0.8422889669349828,0.8423285758278842,-0.0,1.0,-0.0,1.0,0.0,1.0,0.0,1.0,0.0,1.0,-0.0,1.0,1.0056663207340146,-0.5095352633220918,0.054209619852096935,True
20261004,ss,0,3.63,5,0,0,bounded,-0.005,-25,3000,True,0.0001002520461685953,9.9688393611408e-05,1.511063885919928,2.118936114080072,2.210695503129298,0.0008631291141046127,0.8422905281482489,0.8423302247557303,-0.0,1.0,-0.0,1.0,0.0,1.0,0.0,1.0,0.0,1.0,-0.0,1.0,1.0056541442465654,-0.3116063885920006,0.25204616859528794,True
20261004,ss,0,3.63,5,0,0,bounded,-0.005,25,-3000,True,9.991932012026431e-05,9.935551326879547e-05,1.509867312045249,2.12013268795475,2.210946892056617,0.0008602571282192329,0.8422879024622112,0.8423274515568051,-0.0,1.0,-0.0,1.0,0.0,1.0,0.0,1.0,0.0,1.0,-0.0,1.0,1.0056746408218287,-0.644486731204541,-0.08067987973569002,True
20261004,ss,0,3.63,5,0,0,bounded,-0.005,25,3000,True,0.0001001171577909722,9.955344209880087e-05,1.510579011991212,2.119420988008788,2.210797323095125,0.0008619647982256451,0.8422894636863937,0.8423291004871406,-0.0,1.0,-0.0,1.0,0.0,1.0,0.0,1.0,0.0,1.0,-0.0,1.0,1.005662443008368,-0.4465579011991294,0.11715779097218881,True
20261004,ss,0,3.63,5,0,0,bounded,0.005,-25,-3000,True,0.0001010533673394888,0.000100490106185419,1.513938145809526,2.116061854190474,2.210093252832629,0.0008700459366026803,0.8422968516871676,0.8423369037089894,-0.0,1.0,-0.0,1.0,0.0,1.0,0.0,1.0,0.0,1.0,-0.0,1.0,1.0056051404008919,0.49010618541900364,1.0533673394887977,True
20261004,ss,0,3.63,5,0,0,bounded,0.005,-25,3000,True,0.0001012511956251529,0.0001006880353886493,1.514646113506292,2.115353886493708,2.209945256846437,0.0008717535610387962,0.8422984128199389,0.8423385526184141,-0.0,1.0,-0.0,1.0,0.0,1.0,0.0,1.0,0.0,1.0,-0.0,1.0,1.0055931197220191,0.6880353886492996,1.251195625152901,True
20261004,ss,0,3.63,5,0,0,bounded,0.005,25,-3000,True,0.000100918483483511,0.0001003551544930021,1.513455069978708,2.116544930021292,2.210194314985803,0.0008688816426794645,0.8422957872693572,0.8423357794504743,-0.0,1.0,-0.0,1.0,0.0,1.0,0.0,1.0,0.0,1.0,-0.0,1.0,1.005613353826765,0.35515449300209667,0.9184834835110012,True
20261004,ss,0,3.63,5,0,0,bounded,0.005,25,3000,True,0.0001011163128796823,0.00010055308365217,1.514163478300198,2.115836521699802,2.210046133763773,0.0008705892725079196,0.8422973484129541,0.842337428362385,-0.0,1.0,-0.0,1.0,0.0,1.0,0.0,1.0,0.0,1.0,-0.0,1.0,1.005601312332306,0.5530836521699944,1.1163128796823019,True
20261004,ss,0,3.63,5.5,0,0,bounded,-0.005,-25,-3000,True,0.0001004386310106913,9.949046464970039e-05,1.51035350299597,2.11964649700403,2.710554870933684,0.0009135628716893933,0.8422919765043643,0.8423287568064324,-0.0,1.0,-0.0,1.0,0.0,1.0,0.0,1.0,0.0,1.0,-0.0,1.0,1.0095302234674384,-0.5095353502996169,0.43863101069130384,True
20261004,ss,0,3.63,5.5,0,0,bounded,-0.005,-25,3000,True,0.0001006369586156258,9.968839352432081e-05,1.51106475679185,2.11893524320815,2.71040565517932,0.0009153721553314157,0.8422935416468689,0.842330405965279,-0.0,1.0,-0.0,1.0,0.0,1.0,0.0,1.0,0.0,1.0,-0.0,1.0,1.0095153012077938,-0.31160647567919364,0.6369586156258045,True
20261004,ss,0,3.63,5.5,0,0,bounded,-0.005,25,-3000,True,0.0001003034065832491,9.935551318189273e-05,1.509868181072552,2.120131818927447,2.710656767543936,0.0009123292635104256,0.8422909093515318,0.8423276323777963,-0.0,1.0,-0.0,1.0,0.0,1.0,0.0,1.0,0.0,1.0,-0.0,1.0,1.0095404207678043,-0.6444868181072705,0.3034065832490995,True
20261004,ss,0,3.63,5.5,0,0,bounded,-0.005,25,3000,True,0.0001005017354490061,9.955344201178845e-05,1.510579882115619,2.119420117884381,2.71050736322891,0.0009141385539245587,0.8422924745061839,0.8423292815391972,-0.0,1.0,-0.0,1.0,0.0,1.0,0.0,1.0,0.0,1.0,-0.0,1.0,1.0095254711243973,-0.44655798821156,0.501735449006091,True
20261004,ss,0,3.63,5.5,0,0,bounded,0.005,-25,-3000,True,0.0001014402667490426,0.0001004901060978881,1.513939021118991,2.116060978881009,2.70980406407134,0.0009227005667071967,0.8422998810829083,0.8423370858532248,-0.0,1.0,-0.0,1.0,0.0,1.0,0.0,1.0,0.0,1.0,-0.0,1.0,1.0094552656778861,0.49010609788811,1.4402667490426069,True
20261004,ss,0,3.63,5.5,0,0,bounded,0.005,-25,3000,True,0.0001016385850770778,0.000100688035301009,1.51464698991024,2.11535301008976,2.709656229345506,0.0009245098005186509,0.8423014461359297,0.842338734993167,-0.0,1.0,-0.0,1.0,0.0,1.0,0.0,1.0,0.0,1.0,-0.0,1.0,1.0094405434888774,0.6880353010090046,1.638585077077792,True
20261004,ss,0,3.63,5.5,0,0,bounded,0.005,25,-3000,True,0.0001013050486593042,0.0001003551544055458,1.51345594454162,2.116544055458379,2.709905015939622,0.0009214669925705096,0.8422988139911881,0.8423359614374826,-0.0,1.0,-0.0,1.0,0.0,1.0,0.0,1.0,0.0,1.0,-0.0,1.0,1.0094653260152415,0.3551544055457878,1.3050486593041866,True
20261004,ss,0,3.63,5.5,0,0,bounded,0.005,25,3000,True,0.0001015033682333471,0.0001005530835646042,1.514164353957857,2.115835646042143,2.709756996375819,0.0009232762330750111,0.8423003790562382,0.8423376105799758,-0.0,1.0,-0.0,1.0,0.0,1.0,0.0,1.0,0.0,1.0,-0.0,1.0,1.0094505770987356,0.5530835646041954,1.503368233347091,True
20261004,ss,27,2.97,4.5,0,0,bounded,-0.005,-25,-3000,True,9.966832302342445e-05,9.955354390440463e-05,1.524560955953732,1.445439044046269,1.700275326392783,0.0007441814886673294,0.8057523266354386,0.805795687672588,-0.0,1.0,-0.0,1.0,0.0,1.0,0.0,1.0,0.0,1.0,-0.0,1.0,1.001152938554654,-0.44645609559537114,-0.3316769765755567,True
20261004,ss,27,2.97,4.5,0,0,bounded,-0.005,-25,3000,True,9.947115999613323e-05,9.935562054733872e-05,1.523794526612562,1.446205473387438,1.700438833847613,0.0007427064226740364,0.8057507563441312,0.8057940238664926,-0.0,1.0,-0.0,1.0,0.0,1.0,0.0,1.0,0.0,1.0,-0.0,1.0,1.0011628878986212,-0.6443794526612812,-0.5288400038667818,True
20261004,ss,27,2.97,4.5,0,0,bounded,-0.005,25,-3000,True,9.966832302342445e-05,9.955354390440463e-05,1.524560955953732,1.445439044046269,1.700275326392783,0.0007441814886673294,0.8057523266354386,0.805795687672588,-0.0,1.0,-0.0,1.0,0.0,1.0,0.0,1.0,0.0,1.0,-0.0,1.0,1.001152938554654,-0.44645609559537114,-0.3316769765755567,True
20261004,ss,27,2.97,4.5,0,0,bounded,-0.005,25,3000,True,9.947115999613323e-05,9.935562054733872e-05,1.523794526612562,1.446205473387438,1.700438833847613,0.0007427064226740364,0.8057507563441312,0.8057940238664926,-0.0,1.0,-0.0,1.0,0.0,1.0,0.0,1.0,0.0,1.0,-0.0,1.0,1.0011628878986212,-0.6443794526612812,-0.5288400038667818,True
20261004,ss,27,2.97,4.5,0,0,bounded,0.005,-25,-3000,True,0.0001006640700419707,0.0001005531578885266,1.528421114734308,1.441578885265692,1.699454167231229,0.0007516312037836915,0.8057602571479194,0.8058040906781426,-0.0,1.0,-0.0,1.0,0.0,1.0,0.0,1.0,0.0,1.0,-0.0,1.0,1.0011030200917912,0.5531578885265898,0.664070041970688,True
20261004,ss,27,2.97,4.5,0,0,bounded,0.005,-25,3000,True,0.0001004669155515484,0.0001003552341785897,1.52765821410313,1.44234178589687,1.699616146309578,0.0007501561751582424,0.8057586869397596,0.8058024268904057,-0.0,1.0,-0.0,1.0,0.0,1.0,0.0,1.0,0.0,1.0,-0.0,1.0,1.0011128604688417,0.35523417858969175,0.466915551548408,True
20261004,ss,27,2.97,4.5,0,0,bounded,0.005,25,-3000,True,0.0001006640700419707,0.0001005531578885266,1.528421114734308,1.441578885265692,1.699454167231229,0.0007516312037836915,0.8057602571479194,0.8058040906781426,-0.0,1.0,-0.0,1.0,0.0,1.0,0.0,1.0,0.0,1.0,-0.0,1.0,1.0011030200917912,0.5531578885265898,0.664070041970688,True
20261004,ss,27,2.97,4.5,0,0,bounded,0.005,25,3000,True,0.0001004669155515484,0.0001003552341785897,1.52765821410313,1.44234178589687,1.699616146309578,0.0007501561751582424,0.8057586869397596,0.8058024268904057,-0.0,1.0,-0.0,1.0,0.0,1.0,0.0,1.0,0.0,1.0,-0.0,1.0,1.0011128604688417,0.35523417858969175,0.466915551548408,True
20261004,ss,27,2.97,5,0,0,bounded,-0.005,-25,-3000,True,0.0001000784284651991,9.955354381150867e-05,1.524561884913108,1.445438115086893,2.199936196912905,0.0007960661771120082,0.80575558902303,0.805795882574024,-0.0,1.0,-0.0,1.0,0.0,1.0,0.0,1.0,0.0,1.0,-0.0,1.0,1.0052723854279284,-0.44645618849133983,0.07842846519909852,True
20261004,ss,27,2.97,5,0,0,bounded,-0.005,-25,3000,True,9.988065463290133e-05,9.935562045457957e-05,1.523795454204212,1.446204545795788,2.200099579173907,0.0007944894755804489,0.8057540138783896,0.8057942184780369,-0.0,1.0,-0.0,1.0,0.0,1.0,0.0,1.0,0.0,1.0,-0.0,1.0,1.0052843933329547,-0.644379545420426,-0.11934536709867771,True
20261004,ss,27,2.97,5,0,0,bounded,-0.005,25,-3000,True,0.0001000784284651991,9.955354381150867e-05,1.524561884913108,1.445438115086893,2.199936196912905,0.0007960661771120082,0.80575558902303,0.805795882574024,-0.0,1.0,-0.0,1.0,0.0,1.0,0.0,1.0,0.0,1.0,-0.0,1.0,1.0052723854279284,-0.44645618849133983,0.07842846519909852,True
20261004,ss,27,2.97,5,0,0,bounded,-0.005,25,3000,True,9.988065463290133e-05,9.935562045457957e-05,1.523795454204212,1.446204545795788,2.200099579173907,0.0007944894755804489,0.8057540138783896,0.8057942184780369,-0.0,1.0,-0.0,1.0,0.0,1.0,0.0,1.0,0.0,1.0,-0.0,1.0,1.0052843933329547,-0.644379545420426,-0.11934536709867771,True
20261004,ss,27,2.97,5,0,0,bounded,0.005,-25,-3000,True,0.0001010772606145984,0.0001005531577949398,1.528422050602432,1.441577949397568,2.199115660435542,0.0008040291913898477,0.8057635440489936,0.8058042870437647,-0.0,1.0,-0.0,1.0,0.0,1.0,0.0,1.0,0.0,1.0,-0.0,1.0,1.0052121965252192,0.553157794939807,1.0772606145984076,True
20261004,ss,27,2.97,5,0,0,bounded,0.005,-25,3000,True,0.000100879495230405,0.0001003552340851397,1.527659148603197,1.442340851396803,2.199277517486404,0.0008024525310507439,0.8057619689869068,0.8058026229661033,-0.0,1.0,-0.0,1.0,0.0,1.0,0.0,1.0,0.0,1.0,-0.0,1.0,1.0052240538328128,0.35523408513968846,0.879495230405003,True
20261004,ss,27,2.97,5,0,0,bounded,0.005,25,-3000,True,0.0001010772606145984,0.0001005531577949398,1.528422050602432,1.441577949397568,2.199115660435542,0.0008040291913898477,0.8057635440489936,0.8058042870437647,-0.0,1.0,-0.0,1.0,0.0,1.0,0.0,1.0,0.0,1.0,-0.0,1.0,1.0052121965252192,0.553157794939807,1.0772606145984076,True
20261004,ss,27,2.97,5,0,0,bounded,0.005,25,3000,True,0.000100879495230405,0.0001003552340851397,1.527659148603197,1.442340851396803,2.199277517486404,0.0008024525310507439,0.8057619689869068,0.8058026229661033,-0.0,1.0,-0.0,1.0,0.0,1.0,0.0,1.0,0.0,1.0,-0.0,1.0,1.0052240538328128,0.35523408513968846,0.879495230405003,True
20261004,ss,27,2.97,5.5,0,0,bounded,-0.005,-25,-3000,True,0.0001004458843282468,9.955354372827657e-05,1.524562717234078,1.445437282765922,2.699633442854499,0.0008481263983442326,0.8057584984070968,0.8057960571770845,-0.0,1.0,-0.0,1.0,0.0,1.0,0.0,1.0,0.0,1.0,-0.0,1.0,1.0089634237672724,-0.4464562717234388,0.4458843282467928,True
20261004,ss,27,2.97,5.5,0,0,bounded,-0.005,-25,3000,True,0.0001002476263807833,9.935562037145574e-05,1.523796285442557,1.446203714557444,2.699796661969286,0.0008464481472633602,0.8057569193641766,0.8057943928512676,-0.0,1.0,-0.0,1.0,0.0,1.0,0.0,1.0,0.0,1.0,-0.0,1.0,1.0089779119288136,-0.644379628544256,0.24762638078330568,True
20261004,ss,27,2.97,5.5,0,0,bounded,-0.005,25,-3000,True,0.0001004458843282468,9.955354372827657e-05,1.524562717234078,1.445437282765922,2.699633442854499,0.0008481263983442326,0.8057584984070968,0.8057960571770845,-0.0,1.0,-0.0,1.0,0.0,1.0,0.0,1.0,0.0,1.0,-0.0,1.0,1.0089634237672724,-0.4464562717234388,0.4458843282467928,True
20261004,ss,27,2.97,5.5,0,0,bounded,-0.005,25,3000,True,0.0001002476263807833,9.935562037145574e-05,1.523796285442557,1.446203714557444,2.699796661969286,0.0008464481472633602,0.8057569193641766,0.8057943928512676,-0.0,1.0,-0.0,1.0,0.0,1.0,0.0,1.0,0.0,1.0,-0.0,1.0,1.0089779119288136,-0.644379628544256,0.24762638078330568,True
20261004,ss,27,2.97,5.5,0,0,bounded,0.005,-25,-3000,True,0.0001014471590896787,0.0001005531577111614,1.528422888385632,1.441577111614368,2.698813721048116,0.0008566022630612201,0.8057664730990518,0.8058044628064255,-0.0,1.0,-0.0,1.0,0.0,1.0,0.0,1.0,0.0,1.0,-0.0,1.0,1.0088908334543338,0.5531577111614006,1.4471590896786957,True
20261004,ss,27,2.97,5.5,0,0,bounded,0.005,-25,3000,True,0.0001012489103857899,0.0001003552340014694,1.527659985305903,1.442340014694098,2.698975418016432,0.0008549240617721072,0.8057648941460299,0.805802798499318,-0.0,1.0,-0.0,1.0,0.0,1.0,0.0,1.0,0.0,1.0,-0.0,1.0,1.0089051297943006,0.35523400146939554,1.248910385789892,True
20261004,ss,27,2.97,5.5,0,0,bounded,0.005,25,-3000,True,0.0001014471590896787,0.0001005531577111614,1.528422888385632,1.441577111614368,2.698813721048116,0.0008566022630612201,0.8057664730990518,0.8058044628064255,-0.0,1.0,-0.0,1.0,0.0,1.0,0.0,1.0,0.0,1.0,-0.0,1.0,1.0088908334543338,0.5531577111614006,1.4471590896786957,True
20261004,ss,27,2.97,5.5,0,0,bounded,0.005,25,3000,True,0.0001012489103857899,0.0001003552340014694,1.527659985305903,1.442340014694098,2.698975418016432,0.0008549240617721072,0.8057648941460299,0.805802798499318,-0.0,1.0,-0.0,1.0,0.0,1.0,0.0,1.0,0.0,1.0,-0.0,1.0,1.0089051297943006,0.35523400146939554,1.248910385789892,True
20261004,ss,27,3.3,4.5,0,0,bounded,-0.005,-25,-3000,True,9.960263721415265e-05,9.94875694442214e-05,1.524305557785904,1.775694442214096,1.700329765897572,0.0007765208585693404,0.8057518034855438,0.8057951330877728,-0.0,1.0,-0.0,1.0,0.0,1.0,0.0,1.0,0.0,1.0,-0.0,1.0,1.00115660449415,-0.5124305557786091,-0.39736278584735496,True
20261004,ss,27,3.3,4.5,0,0,bounded,-0.005,-25,3000,True,9.960263721411712e-05,9.948756944422141e-05,1.524305557785853,1.775694442214147,1.700329765897546,0.0007765208585691805,0.8057518034855438,0.8057951330877728,-0.0,1.0,-0.0,1.0,0.0,1.0,0.0,1.0,0.0,1.0,-0.0,1.0,1.001156604493793,-0.512430555778598,-0.3973627858828821,True
20261004,ss,27,3.3,4.5,0,0,bounded,-0.005,25,-3000,True,9.960263721415265e-05,9.94875694442214e-05,1.524305557785904,1.775694442214096,1.700329765897572,0.0007765208585693404,0.8057518034855438,0.8057951330877728,-0.0,1.0,-0.0,1.0,0.0,1.0,0.0,1.0,0.0,1.0,-0.0,1.0,1.00115660449415,-0.5124305557786091,-0.39736278584735496,True
20261004,ss,27,3.3,4.5,0,0,bounded,-0.005,25,3000,True,9.960263721411712e-05,9.948756944422141e-05,1.524305557785853,1.775694442214147,1.700329765897546,0.0007765208585691805,0.8057518034855438,0.8057951330877728,-0.0,1.0,-0.0,1.0,0.0,1.0,0.0,1.0,0.0,1.0,-0.0,1.0,1.001156604493793,-0.512430555778598,-0.3973627858828821,True
20261004,ss,27,3.3,4.5,0,0,bounded,0.005,-25,-3000,True,0.0001005983894190213,0.0001004871833108347,1.528166891652927,1.771833108347073,1.699508096294928,0.0007843004692511145,0.8057597340443583,0.805803536100559,-0.0,1.0,-0.0,1.0,0.0,1.0,0.0,1.0,0.0,1.0,-0.0,1.0,1.0011066695724031,0.48718331083468236,0.5983894190212835,True
20261004,ss,27,3.3,4.5,0,0,bounded,0.005,-25,3000,True,0.0001005983894190391,0.0001004871833108347,1.528166891652962,1.771833108347038,1.699508096294751,0.0007843004692511943,0.8057597340443583,0.805803536100559,-0.0,1.0,-0.0,1.0,0.0,1.0,0.0,1.0,0.0,1.0,-0.0,1.0,1.0011066695725803,0.48718331083468236,0.5983894190390915,True
20261004,ss,27,3.3,4.5,0,0,bounded,0.005,25,-3000,True,0.0001005983894190213,0.0001004871833108347,1.528166891652927,1.771833108347073,1.699508096294928,0.0007843004692511145,0.8057597340443583,0.805803536100559,-0.0,1.0,-0.0,1.0,0.0,1.0,0.0,1.0,0.0,1.0,-0.0,1.0,1.0011066695724031,0.48718331083468236,0.5983894190212835,True
20261004,ss,27,3.3,4.5,0,0,bounded,0.005,25,3000,True,0.0001005983894190391,0.0001004871833108347,1.528166891652962,1.771833108347038,1.699508096294751,0.0007843004692511943,0.8057597340443583,0.805803536100559,-0.0,1.0,-0.0,1.0,0.0,1.0,0.0,1.0,0.0,1.0,-0.0,1.0,1.0011066695725803,0.48718331083468236,0.5983894190390915,True
20261004,ss,27,3.3,5,0,0,bounded,-0.005,-25,-3000,True,0.0001000125391608754,9.948756935137104e-05,1.524306486289484,1.775693513710516,2.199990594779221,0.000828371686603559,0.8057550642562077,0.8057953278926298,-0.0,1.0,-0.0,1.0,0.0,1.0,0.0,1.0,0.0,1.0,-0.0,1.0,1.0052767377163498,-0.5124306486289698,0.012539160875402189,True
20261004,ss,27,3.3,5,0,0,bounded,-0.005,-25,3000,True,0.0001000125391608932,9.948756935137104e-05,1.524306486289492,1.775693513710509,2.199990594779204,0.0008283716866036477,0.8057550642562077,0.8057953278926298,-0.0,1.0,-0.0,1.0,0.0,1.0,0.0,1.0,0.0,1.0,-0.0,1.0,1.0052767377165288,-0.5124306486289698,0.012539160893187962,True
20261004,ss,27,3.3,5,0,0,bounded,-0.005,25,-3000,True,0.0001000125391608754,9.948756935137104e-05,1.524306486289484,1.775693513710516,2.199990594779221,0.000828371686603559,0.8057550642562077,0.8057953278926298,-0.0,1.0,-0.0,1.0,0.0,1.0,0.0,1.0,0.0,1.0,-0.0,1.0,1.0052767377163498,-0.5124306486289698,0.012539160875402189,True
20261004,ss,27,3.3,5,0,0,bounded,-0.005,25,3000,True,0.0001000125391608932,9.948756935137104e-05,1.524306486289492,1.775693513710509,2.199990594779204,0.0008283716866036477,0.8057550642562077,0.8057953278926298,-0.0,1.0,-0.0,1.0,0.0,1.0,0.0,1.0,0.0,1.0,-0.0,1.0,1.0052767377165288,-0.5124306486289698,0.012539160893187962,True
20261004,ss,27,3.3,5,0,0,bounded,0.005,-25,-3000,True,0.0001010113764740551,0.0001004871832172934,1.528167827065338,1.771832172934662,2.199169548915207,0.0008366645989271242,0.8057630193283642,0.8058037323695935,-0.0,1.0,-0.0,1.0,0.0,1.0,0.0,1.0,0.0,1.0,-0.0,1.0,1.005216518564643,0.48718321729339653,1.0113764740550923,True
20261004,ss,27,3.3,5,0,0,bounded,0.005,-25,3000,True,0.0001010113764741262,0.0001004871832172934,1.528167827065354,1.771832172934646,2.199169548915167,0.0008366645989274796,0.8057630193283642,0.8058037323695935,-0.0,1.0,-0.0,1.0,0.0,1.0,0.0,1.0,0.0,1.0,-0.0,1.0,1.0052165185653505,0.48718321729339653,1.011376474126191,True
20261004,ss,27,3.3,5,0,0,bounded,0.005,25,-3000,True,0.0001010113764740551,0.0001004871832172934,1.528167827065338,1.771832172934662,2.199169548915207,0.0008366645989271242,0.8057630193283642,0.8058037323695935,-0.0,1.0,-0.0,1.0,0.0,1.0,0.0,1.0,0.0,1.0,-0.0,1.0,1.005216518564643,0.48718321729339653,1.0113764740550923,True
20261004,ss,27,3.3,5,0,0,bounded,0.005,25,3000,True,0.0001010113764741262,0.0001004871832172934,1.528167827065354,1.771832172934646,2.199169548915167,0.0008366645989274796,0.8057630193283642,0.8058037323695935,-0.0,1.0,-0.0,1.0,0.0,1.0,0.0,1.0,0.0,1.0,-0.0,1.0,1.0052165185653505,0.48718321729339653,1.011376474126191,True
20261004,ss,27,3.3,5.5,0,0,bounded,-0.005,-25,-3000,True,0.0001003798337563904,9.9487569268175e-05,1.524307318249802,1.775692681750198,2.699687786435504,0.0008803980761849153,0.8057579723417078,0.8057955024191293,-0.0,1.0,-0.0,1.0,0.0,1.0,0.0,1.0,0.0,1.0,-0.0,1.0,1.0089686027589058,-0.5124307318249977,0.37983375639039085,True
20261004,ss,27,3.3,5.5,0,0,bounded,-0.005,-25,3000,True,0.0001003798337564437,9.9487569268175e-05,1.524307318249826,1.775692681750174,2.699687786435466,0.0008803980761852084,0.8057579723417078,0.8057955024191293,-0.0,1.0,-0.0,1.0,0.0,1.0,0.0,1.0,0.0,1.0,-0.0,1.0,1.0089686027594416,-0.5124307318249977,0.37983375644368156,True
20261004,ss,27,3.3,5.5,0,0,bounded,-0.005,25,-3000,True,0.0001003798337563904,9.9487569268175e-05,1.524307318249802,1.775692681750198,2.699687786435504,0.0008803980761849153,0.8057579723417078,0.8057955024191293,-0.0,1.0,-0.0,1.0,0.0,1.0,0.0,1.0,0.0,1.0,-0.0,1.0,1.0089686027589058,-0.5124307318249977,0.37983375639039085,True
20261004,ss,27,3.3,5.5,0,0,bounded,-0.005,25,3000,True,0.0001003798337564437,9.9487569268175e-05,1.524307318249826,1.775692681750174,2.699687786435466,0.0008803980761852084,0.8057579723417078,0.8057955024191293,-0.0,1.0,-0.0,1.0,0.0,1.0,0.0,1.0,0.0,1.0,-0.0,1.0,1.0089686027594416,-0.5124307318249977,0.37983375644368156,True
20261004,ss,27,3.3,5.5,0,0,bounded,0.005,-25,-3000,True,0.0001013811139517689,0.0001004871831335511,1.528168664488822,1.771831335511178,2.698867556263481,0.0008892038430151487,0.8057659470823423,0.8058039080558249,-0.0,1.0,-0.0,1.0,0.0,1.0,0.0,1.0,0.0,1.0,-0.0,1.0,1.0088959685239631,0.48718313355109455,1.3811139517688975,True
20261004,ss,27,3.3,5.5,0,0,bounded,0.005,-25,3000,True,0.0001013811139518399,0.0001004871831335511,1.528168664488843,1.771831335511157,2.69886755626344,0.0008892038430155394,0.8057659470823423,0.8058039080558249,-0.0,1.0,-0.0,1.0,0.0,1.0,0.0,1.0,0.0,1.0,-0.0,1.0,1.00889596852467,0.48718313355109455,1.3811139518399074,True
20261004,ss,27,3.3,5.5,0,0,bounded,0.005,25,-3000,True,0.0001013811139517689,0.0001004871831335511,1.528168664488822,1.771831335511178,2.698867556263481,0.0008892038430151487,0.8057659470823423,0.8058039080558249,-0.0,1.0,-0.0,1.0,0.0,1.0,0.0,1.0,0.0,1.0,-0.0,1.0,1.0088959685239631,0.48718313355109455,1.3811139517688975,True
20261004,ss,27,3.3,5.5,0,0,bounded,0.005,25,3000,True,0.0001013811139518399,0.0001004871831335511,1.528168664488843,1.771831335511157,2.69886755626344,0.0008892038430155394,0.8057659470823423,0.8058039080558249,-0.0,1.0,-0.0,1.0,0.0,1.0,0.0,1.0,0.0,1.0,-0.0,1.0,1.00889596852467,0.48718313355109455,1.3811139518399074,True
20261004,ss,27,3.63,4.5,0,0,bounded,-0.005,-25,-3000,True,9.953692013540495e-05,9.942159499186256e-05,1.524050081374268,2.105949918625732,1.700384265089086,0.0008088165448821951,0.8057512800865538,0.8057945784877807,-0.0,1.0,-0.0,1.0,0.0,1.0,0.0,1.0,0.0,1.0,-0.0,1.0,1.0011599607062411,-0.5784050081374392,-0.4630798645950507,True
20261004,ss,27,3.63,4.5,0,0,bounded,-0.005,-25,3000,True,9.973408306535183e-05,9.961951837238031e-05,1.524816276196847,2.105183723803153,1.700220859124508,0.0008104222399381055,0.8057528503760828,0.8057962422928875,-0.0,1.0,-0.0,1.0,0.0,1.0,0.0,1.0,0.0,1.0,-0.0,1.0,1.0011500225542476,-0.38048162761969984,-0.26591693464818045,True
20261004,ss,27,3.63,4.5,0,0,bounded,-0.005,25,-3000,True,9.953692013540495e-05,9.942159499186256e-05,1.524050081374268,2.105949918625732,1.700384265089086,0.0008088165448821951,0.8057512800865538,0.8057945784877807,-0.0,1.0,-0.0,1.0,0.0,1.0,0.0,1.0,0.0,1.0,-0.0,1.0,1.0011599607062411,-0.5784050081374392,-0.4630798645950507,True
20261004,ss,27,3.63,4.5,0,0,bounded,-0.005,25,3000,True,9.973408306535183e-05,9.961951837238031e-05,1.524816276196847,2.105183723803153,1.700220859124508,0.0008104222399381055,0.8057528503760828,0.8057962422928875,-0.0,1.0,-0.0,1.0,0.0,1.0,0.0,1.0,0.0,1.0,-0.0,1.0,1.0011500225542476,-0.38048162761969984,-0.26591693464818045,True
20261004,ss,27,3.63,4.5,0,0,bounded,0.005,-25,-3000,True,0.0001005326752807659,0.0001004212087408522,1.527912591477609,2.102087408522391,1.699562085979584,0.0008169260409450489,0.8057592106738403,0.805802981506732,-0.0,1.0,-0.0,1.0,0.0,1.0,0.0,1.0,0.0,1.0,-0.0,1.0,1.0011099900241327,0.42120874085220805,0.5326752807658819,True
20261004,ss,27,3.63,4.5,0,0,bounded,0.005,-25,3000,True,0.000100729829714931,0.0001006191324738945,1.528675261054446,2.101324738945554,1.699400206354491,0.0008185316990496326,0.8057607808805483,0.8058046452934946,-0.0,1.0,-0.0,1.0,0.0,1.0,0.0,1.0,0.0,1.0,-0.0,1.0,1.0011001609566175,0.6191324738944903,0.7298297149310073,True
20261004,ss,27,3.63,4.5,0,0,bounded,0.005,25,-3000,True,0.0001005326752807659,0.0001004212087408522,1.527912591477609,2.102087408522391,1.699562085979584,0.0008169260409450489,0.8057592106738403,0.805802981506732,-0.0,1.0,-0.0,1.0,0.0,1.0,0.0,1.0,0.0,1.0,-0.0,1.0,1.0011099900241327,0.42120874085220805,0.5326752807658819,True
20261004,ss,27,3.63,4.5,0,0,bounded,0.005,25,3000,True,0.000100729829714931,0.0001006191324738945,1.528675261054446,2.101324738945554,1.699400206354491,0.0008185316990496326,0.8057607808805483,0.8058046452934946,-0.0,1.0,-0.0,1.0,0.0,1.0,0.0,1.0,0.0,1.0,-0.0,1.0,1.0011001609566175,0.6191324738944903,0.7298297149310073,True
20261004,ss,27,3.63,5,0,0,bounded,-0.005,-25,-3000,True,9.994661849264467e-05,9.942159489905781e-05,1.524051009421832,2.105948990578168,2.200045052242023,0.0008606334963990471,0.8057545392395363,0.8057947731960131,-0.0,1.0,-0.0,1.0,0.0,1.0,0.0,1.0,0.0,1.0,-0.0,1.0,1.0052807802381354,-0.578405100942192,-0.053381507355332314,True
20261004,ss,27,3.63,5,0,0,bounded,-0.005,-25,3000,True,0.0001001443922341173,9.961951827943874e-05,1.524817205612436,2.105182794387564,2.199881771260247,0.0008623408269770871,0.8057561143824435,0.8057964372910112,-0.0,1.0,-0.0,1.0,0.0,1.0,0.0,1.0,0.0,1.0,-0.0,1.0,1.005268786315612,-0.3804817205612654,0.14439223411730762,True
20261004,ss,27,3.63,5,0,0,bounded,-0.005,25,-3000,True,9.994661849264467e-05,9.942159489905781e-05,1.524051009421832,2.105948990578168,2.200045052242023,0.0008606334963990471,0.8057545392395363,0.8057947731960131,-0.0,1.0,-0.0,1.0,0.0,1.0,0.0,1.0,0.0,1.0,-0.0,1.0,1.0052807802381354,-0.578405100942192,-0.053381507355332314,True
20261004,ss,27,3.63,5,0,0,bounded,-0.005,25,3000,True,0.0001001443922341173,9.961951827943874e-05,1.524817205612436,2.105182794387564,2.199881771260247,0.0008623408269770871,0.8057561143824435,0.8057964372910112,-0.0,1.0,-0.0,1.0,0.0,1.0,0.0,1.0,0.0,1.0,-0.0,1.0,1.005268786315612,-0.3804817205612654,0.14439223411730762,True
20261004,ss,27,3.63,5,0,0,bounded,0.005,-25,-3000,True,0.0001009454587170423,0.0001004212086473566,1.527913526434004,2.102086473565995,2.199223497926605,0.0008692562954272772,0.8057624943399696,0.8058031776791315,-0.0,1.0,-0.0,1.0,0.0,1.0,0.0,1.0,0.0,1.0,-0.0,1.0,1.0052205114511883,0.4212086473565968,0.9454587170423023,True
20261004,ss,27,3.63,5,0,0,bounded,0.005,-25,3000,True,0.0001011432240533096,0.0001006191323802621,1.528676197378639,2.101323802621361,2.199061740122822,0.0008709635852590515,0.8057640694006617,0.8058048417558197,-0.0,1.0,-0.0,1.0,0.0,1.0,0.0,1.0,0.0,1.0,-0.0,1.0,1.0052086681791972,0.6191323802620996,1.1432240533095994,True
20261004,ss,27,3.63,5,0,0,bounded,0.005,25,-3000,True,0.0001009454587170423,0.0001004212086473566,1.527913526434004,2.102086473565995,2.199223497926605,0.0008692562954272772,0.8057624943399696,0.8058031776791315,-0.0,1.0,-0.0,1.0,0.0,1.0,0.0,1.0,0.0,1.0,-0.0,1.0,1.0052205114511883,0.4212086473565968,0.9454587170423023,True
20261004,ss,27,3.63,5,0,0,bounded,0.005,25,3000,True,0.0001011432240533096,0.0001006191323802621,1.528676197378639,2.101323802621361,2.199061740122822,0.0008709635852590515,0.8057640694006617,0.8058048417558197,-0.0,1.0,-0.0,1.0,0.0,1.0,0.0,1.0,0.0,1.0,-0.0,1.0,1.0052086681791972,0.6191323802620996,1.1432240533095994,True
20261004,ss,27,3.63,5.5,0,0,bounded,-0.005,-25,-3000,True,0.0001003137517261071,9.942159481589785e-05,1.52405184102141,2.10594815897859,2.699742189519563,0.0009126260381275574,0.8057574460256899,0.8057949476459064,-0.0,1.0,-0.0,1.0,0.0,1.0,0.0,1.0,0.0,1.0,-0.0,1.0,1.008973472130087,-0.5784051841021487,0.3137517261071032,True
20261004,ss,27,3.63,5.5,0,0,bounded,-0.005,-25,3000,True,0.0001005120095310712,9.961951819617053e-05,1.52481803829465,2.10518196170535,2.699579071479428,0.0009144349179251341,0.8057590250663941,0.8057966119707127,-0.0,1.0,-0.0,1.0,0.0,1.0,0.0,1.0,0.0,1.0,-0.0,1.0,1.008959000716538,-0.38048180382947994,0.5120095310712003,True
20261004,ss,27,3.63,5.5,0,0,bounded,-0.005,25,-3000,True,0.0001003137517261071,9.942159481589785e-05,1.52405184102141,2.10594815897859,2.699742189519563,0.0009126260381275574,0.8057574460256899,0.8057949476459064,-0.0,1.0,-0.0,1.0,0.0,1.0,0.0,1.0,0.0,1.0,-0.0,1.0,1.008973472130087,-0.5784051841021487,0.3137517261071032,True
20261004,ss,27,3.63,5.5,0,0,bounded,-0.005,25,3000,True,0.0001005120095310712,9.961951819617053e-05,1.52481803829465,2.10518196170535,2.699579071479428,0.0009144349179251341,0.8057590250663941,0.8057966119707127,-0.0,1.0,-0.0,1.0,0.0,1.0,0.0,1.0,0.0,1.0,-0.0,1.0,1.008959000716538,-0.38048180382947994,0.5120095310712003,True
20261004,ss,27,3.63,5.5,0,0,bounded,0.005,-25,-3000,True,0.0001013150350979135,0.0001004212085636503,1.527914363497064,2.102085636502936,2.698921451917532,0.0009217616945767197,0.8057654207970495,0.8058033532888844,-0.0,1.0,-0.0,1.0,0.0,1.0,0.0,1.0,0.0,1.0,-0.0,1.0,1.0089007745181304,0.42120856365028825,1.3150350979134862,True
20261004,ss,27,3.63,5.5,0,0,bounded,0.005,-25,3000,True,0.0001015132837036586,0.0001006191322964477,1.528677035522415,2.101322964477585,2.698759853996723,0.0009235705250583525,0.8057669997482084,0.8058050175949973,-0.0,1.0,-0.0,1.0,0.0,1.0,0.0,1.0,0.0,1.0,-0.0,1.0,1.0088864949120862,0.6191322964476997,1.5132837036585967,True
20261004,ss,27,3.63,5.5,0,0,bounded,0.005,25,-3000,True,0.0001013150350979135,0.0001004212085636503,1.527914363497064,2.102085636502936,2.698921451917532,0.0009217616945767197,0.8057654207970495,0.8058033532888844,-0.0,1.0,-0.0,1.0,0.0,1.0,0.0,1.0,0.0,1.0,-0.0,1.0,1.0089007745181304,0.42120856365028825,1.3150350979134862,True
20261004,ss,27,3.63,5.5,0,0,bounded,0.005,25,3000,True,0.0001015132837036586,0.0001006191322964477,1.528677035522415,2.101322964477585,2.698759853996723,0.0009235705250583525,0.8057669997482084,0.8058050175949973,-0.0,1.0,-0.0,1.0,0.0,1.0,0.0,1.0,0.0,1.0,-0.0,1.0,1.0088864949120862,0.6191322964476997,1.5132837036585967,True
20261004,ss,85,2.97,4.5,0,0,bounded,-0.005,-25,-3000,True,9.9477271098957e-05,9.940578523890289e-05,1.552147610971151,1.417852389028849,1.679189009736836,0.0007428829117934622,0.7272711917679651,0.7273156690938999,-0.0,1.0,-0.0,1.0,0.0,1.0,0.0,1.0,0.0,1.0,-0.0,1.0,1.000719131787776,-0.5942147610971227,-0.5227289010430014,True
20261004,ss,85,2.97,4.5,0,0,bounded,-0.005,-25,3000,True,9.928025689070287e-05,9.920787368467703e-05,1.55126315322963,1.41873684677037,1.679382414113138,0.0007414085505402604,0.7272695917929506,0.7273139727235536,-0.0,1.0,-0.0,1.0,0.0,1.0,0.0,1.0,0.0,1.0,-0.0,1.0,1.000729611504989,-0.7921263153229718,-0.7197431092971329,True
20261004,ss,85,2.97,4.5,0,0,bounded,-0.005,25,-3000,True,9.976582367165511e-05,9.969565584156235e-05,1.553441584376279,1.416558415623721,1.678906399299494,0.0007450423140605037,0.7272735351311456,0.7273181536700504,-0.0,1.0,-0.0,1.0,0.0,1.0,0.0,1.0,0.0,1.0,-0.0,1.0,1.0007038203370093,-0.3043441584376638,-0.23417632834489277,True
20261004,ss,85,2.97,4.5,0,0,bounded,-0.005,25,3000,True,9.95688123772124e-05,9.949774417014563e-05,1.552558298543636,1.417441701456364,1.679099269403467,0.0007435679655714168,0.7272719351841814,0.7273164573051251,-0.0,1.0,-0.0,1.0,0.0,1.0,0.0,1.0,0.0,1.0,-0.0,1.0,1.000714269531028,-0.50225582985437,-0.4311876227876099,True
20261004,ss,85,2.97,4.5,0,0,bounded,0.005,-25,-3000,True,0.0001004722619833968,0.0001004053397616075,1.55660238392511,1.41339761607489,1.678217768866235,0.0007503290477058811,0.7272792721574894,0.7273242365643168,-0.0,1.0,-0.0,1.0,0.0,1.0,0.0,1.0,0.0,1.0,-0.0,1.0,1.0006665205451044,0.40533976160750385,0.4722619833968045,True
20261004,ss,85,2.97,4.5,0,0,bounded,0.005,-25,3000,True,0.000100275257808237,0.0001002074278053887,1.555721946112804,1.414278053887196,1.678409343934033,0.0007488547304077115,0.7272776722790704,0.7273225402126814,-0.0,1.0,-0.0,1.0,0.0,1.0,0.0,1.0,0.0,1.0,-0.0,1.0,1.0006768959580523,0.20742780538869354,0.27525780823698387,True
20261004,ss,85,2.97,4.5,0,0,bounded,0.005,25,-3000,True,0.0001007607998757668,0.0001006952109509269,1.557890490730495,1.412109509269505,1.67793782470001,0.0007524883856538551,0.7272816153793137,0.727326721113056,-0.0,1.0,-0.0,1.0,0.0,1.0,0.0,1.0,0.0,1.0,-0.0,1.0,1.000651360915981,0.6952109509269055,0.7607998757667822,True
20261004,ss,85,2.97,4.5,0,0,bounded,0.005,25,3000,True,0.0001005637986024458,0.000100497298879235,1.557011207650056,1.412988792349944,1.678128876055469,0.0007510140810709518,0.7272800155288421,0.7273250247668485,-0.0,1.0,-0.0,1.0,0.0,1.0,0.0,1.0,0.0,1.0,-0.0,1.0,1.000661706572738,0.4972988792349975,0.5637986024457975,True
20261004,ss,85,2.97,5,0,0,bounded,-0.005,-25,-3000,True,9.986432551223237e-05,9.940578515098385e-05,1.552148490161606,1.417851509838394,2.17881010345346,0.0007945568191482489,0.7272743314010822,0.7273158566592575,-0.0,1.0,-0.0,1.0,0.0,1.0,0.0,1.0,0.0,1.0,-0.0,1.0,1.0046128136360681,-0.5942148490161614,-0.13567448776763413,True
20261004,ss,85,2.97,5,0,0,bounded,-0.005,-25,3000,True,9.966667874426696e-05,9.92078735969002e-05,1.551264030997837,1.418735969002163,2.179003414974052,0.0007929807879927758,0.7272727263006606,0.7273141599827438,-0.0,1.0,-0.0,1.0,0.0,1.0,0.0,1.0,0.0,1.0,-0.0,1.0,1.0046246848232125,-0.7921264030998132,-0.3333212557330434,True
20261004,ss,85,2.97,5,0,0,bounded,-0.005,25,-3000,True,0.0001001538049389196,9.969565575343494e-05,1.553442465650418,1.416557534349582,2.178527627748945,0.0007968651319709256,0.7272766822742001,0.7273183416840086,-0.0,1.0,-0.0,1.0,0.0,1.0,0.0,1.0,0.0,1.0,-0.0,1.0,1.0045954779275212,-0.3043442465650692,0.15380493891958835,True
20261004,ss,85,2.97,5,0,0,bounded,-0.005,25,3000,True,9.99561607780776e-05,9.949774408216048e-05,1.552559178395116,1.417440821604884,2.178720406025914,0.000795289113503033,0.7272750771993686,0.7273166450127729,-0.0,1.0,-0.0,1.0,0.0,1.0,0.0,1.0,0.0,1.0,-0.0,1.0,1.0046073074334085,-0.5022559178395225,-0.04383922192241485,True
20261004,ss,85,2.97,5,0,0,bounded,0.005,-25,-3000,True,0.0001008625143667387,0.0001004053396729695,1.556603270304655,1.413396729695346,2.177839320865468,0.0008025164403510771,0.7272824377023384,0.7273244256774946,-0.0,1.0,-0.0,1.0,0.0,1.0,0.0,1.0,0.0,1.0,-0.0,1.0,1.004553290644285,0.4053396729694958,0.8625143667386981,True
20261004,ss,85,2.97,5,0,0,bounded,0.005,-25,3000,True,0.0001006648765615949,0.0001002074277168932,1.555722831067861,1.414277168932139,2.178030806600254,0.0008009404528157371,0.7272808326899368,0.7273227290191829,-0.0,1.0,-0.0,1.0,0.0,1.0,0.0,1.0,0.0,1.0,-0.0,1.0,1.0045650193316416,0.20742771689319373,0.6648765615948848,True
20261004,ss,85,2.97,5,0,0,bounded,0.005,25,-3000,True,0.0001011519806921903,0.0001006952108620803,1.557891379196962,1.412108620803039,2.177559506298302,0.0008048246894099842,0.7272847884467543,0.7273269106755876,-0.0,1.0,-0.0,1.0,0.0,1.0,0.0,1.0,0.0,1.0,-0.0,1.0,1.0045361624073228,0.6952108620803088,1.1519806921902909,True
20261004,ss,85,2.97,5,0,0,bounded,0.005,25,3000,True,0.0001009543454727647,0.0001004972987905308,1.557012094691555,1.412987905308445,2.177750469328602,0.00080324871446031,0.7272831834597665,0.727325214022557,-0.0,1.0,-0.0,1.0,0.0,1.0,0.0,1.0,0.0,1.0,-0.0,1.0,1.0045478504172192,0.49729879053079795,0.954345472764695,True
20261004,ss,85,2.97,5.5,0,0,bounded,-0.005,-25,-3000,True,0.000100202298716992,9.940578507421476e-05,1.552149257852428,1.417850742147573,2.678480383002377,0.0008463478343025303,0.7272770671942612,0.727316020427818,-0.0,1.0,-0.0,1.0,0.0,1.0,0.0,1.0,0.0,1.0,-0.0,1.0,1.0080127493805575,-0.5942149257852414,0.20229871699199986,True
20261004,ss,85,2.97,5.5,0,0,bounded,-0.005,-25,3000,True,0.0001000041764153697,9.920787352023785e-05,1.551264797621372,1.418735202378628,2.678673539270567,0.0008446703643282913,0.7272754582105478,0.727314323521124,-0.0,1.0,-0.0,1.0,0.0,1.0,0.0,1.0,0.0,1.0,-0.0,1.0,1.0080266098533945,-0.7921264797621563,0.004176415369694375,True
20261004,ss,85,2.97,5.5,0,0,bounded,-0.005,25,-3000,True,0.0001004924745131302,9.969565567650957e-05,1.553443234904039,1.416556765095962,2.678198133518809,0.0008488047168700363,0.7272794237537467,0.7273185057896453,-0.0,1.0,-0.0,1.0,0.0,1.0,0.0,1.0,0.0,1.0,-0.0,1.0,1.0079925131262102,-0.3043443234904353,0.4924745131301922,True
20261004,ss,85,2.97,5.5,0,0,bounded,-0.005,25,3000,True,0.0001002943549153539,9.94977440053418e-05,1.552559946581737,1.417440053418264,2.678390757491512,0.0008471272614189141,0.7272778147966644,0.7273168088882782,-0.0,1.0,-0.0,1.0,0.0,1.0,0.0,1.0,0.0,1.0,-0.0,1.0,1.0080063213289472,-0.5022559946581961,0.29435491535390046,True
20261004,ss,85,2.97,5.5,0,0,bounded,0.005,-25,-3000,True,0.0001012028882601062,0.0001004053395956617,1.556604043383198,1.413395956616802,2.677510374679985,0.0008548197537183065,0.7272851930973443,0.7273245906080897,-0.0,1.0,-0.0,1.0,0.0,1.0,0.0,1.0,0.0,1.0,-0.0,1.0,1.0079432893475215,0.4053395956616912,1.202888260106194,True
20261004,ss,85,2.97,5.5,0,0,bounded,0.005,-25,3000,True,0.0001010047752478354,0.000100207427639692,1.555723603080017,1.414276396919983,2.67770170840387,0.0008531423336416084,0.7272835842051809,0.7273228937197611,-0.0,1.0,-0.0,1.0,0.0,1.0,0.0,1.0,0.0,1.0,-0.0,1.0,1.0079569711240404,0.20742763969199274,1.0047752478353988,True
20261004,ss,85,2.97,5.5,0,0,bounded,0.005,25,-3000,True,0.000101493050484363,0.0001006952107846163,1.557892153837197,1.412107846162803,2.677230781613524,0.0008572765633829561,0.7272875495230211,0.7273270759430228,-0.0,1.0,-0.0,1.0,0.0,1.0,0.0,1.0,0.0,1.0,-0.0,1.0,1.0079233132691212,0.6952107846162958,1.49305048436299,True
20261004,ss,85,2.97,5.5,0,0,bounded,0.005,25,3000,True,0.0001012949401486534,0.0001004972987131734,1.557012868265628,1.412987131734373,2.677421593558583,0.0008555991576843364,0.7272859406572626,0.7273253790600179,-0.0,1.0,-0.0,1.0,0.0,1.0,0.0,1.0,0.0,1.0,-0.0,1.0,1.0079369440342523,0.4972987131733886,1.2949401486533896,True
20261004,ss,85,3.3,4.5,0,0,bounded,-0.005,-25,-3000,True,9.941163205700411e-05,9.93398147119122e-05,1.551852880878094,1.748147119121906,1.679253405681318,0.0007751737447705095,0.727270658705981,0.7273151036532802,-0.0,1.0,-0.0,1.0,0.0,1.0,0.0,1.0,0.0,1.0,-0.0,1.0,1.0007229462356073,-0.6601852880878112,-0.5883679429958932,True
20261004,ss,85,3.3,4.5,0,0,bounded,-0.005,-25,3000,True,9.941163205702187e-05,9.933981471191218e-05,1.551852880878099,1.748147119121901,1.679253405681323,0.0007751737447705895,0.727270658705981,0.7273151036532802,-0.0,1.0,-0.0,1.0,0.0,1.0,0.0,1.0,0.0,1.0,-0.0,1.0,1.0007229462357863,-0.6601852880878223,-0.5883679429781297,True
20261004,ss,85,3.3,4.5,0,0,bounded,-0.005,25,-3000,True,9.970018621652179e-05,9.962968527554612e-05,1.553147244538644,1.746852755461356,1.67897061687291,0.0007774288113484282,0.7272730020835068,0.7273175882315367,-0.0,1.0,-0.0,1.0,0.0,1.0,0.0,1.0,0.0,1.0,-0.0,1.0,1.00070762986735,-0.3703147244538796,-0.29981378347821996,True
20261004,ss,85,3.3,4.5,0,0,bounded,-0.005,25,3000,True,9.970018621653955e-05,9.962968527554611e-05,1.553147244538709,1.746852755461291,1.678970616872915,0.0007774288113485081,0.7272730020835068,0.7273175882315367,-0.0,1.0,-0.0,1.0,0.0,1.0,0.0,1.0,0.0,1.0,-0.0,1.0,1.0007076298675286,-0.3703147244538907,-0.2998137834604453,True
20261004,ss,85,3.3,4.5,0,0,bounded,0.005,-25,-3000,True,0.0001004066284706743,0.0001003393691007494,1.556308992505987,1.743691007494014,1.678281554017326,0.0007829497581151755,0.7272787391454262,0.7273236711309947,-0.0,1.0,-0.0,1.0,0.0,1.0,0.0,1.0,0.0,1.0,-0.0,1.0,1.0006703188442154,0.3393691007493871,0.4066284706742973,True
20261004,ss,85,3.3,4.5,0,0,bounded,0.005,-25,3000,True,0.0001004066284706032,0.0001003393691007494,1.556308992505979,1.743691007494022,1.678281554017379,0.0007829497581148556,0.7272787391454243,0.7273236711309947,-0.0,1.0,-0.0,1.0,0.0,1.0,0.0,1.0,0.0,1.0,-0.0,1.0,1.0006703188435067,0.3393691007493871,0.4066284706031986,True
20261004,ss,85,3.3,4.5,0,0,bounded,0.005,25,-3000,True,0.0001006951679978255,0.0001006292402516149,1.557597483850426,1.742402516149574,1.678001434952411,0.0007852047607851951,0.7272810823819802,0.7273261556818629,-0.0,1.0,-0.0,1.0,0.0,1.0,0.0,1.0,0.0,1.0,-0.0,1.0,1.000655154963366,0.6292402516148821,0.6951679978254965,True
20261004,ss,85,3.3,4.5,0,0,bounded,0.005,25,3000,True,0.0001006951679978611,0.0001006292402516149,1.557597483850432,1.742402516149568,1.678001434952389,0.0007852047607853549,0.7272810823819802,0.7273261556818629,-0.0,1.0,-0.0,1.0,0.0,1.0,0.0,1.0,0.0,1.0,-0.0,1.0,1.00065515496372,0.6292402516148821,0.6951679978610903,True
20261004,ss,85,3.3,5,0,0,bounded,-0.005,-25,-3000,True,9.979847569726266e-05,9.933981462404052e-05,1.551853759594719,1.748146240405281,2.178874468539263,0.0008268137787105028,0.7272737966312849,0.7273152911166193,-0.0,1.0,-0.0,1.0,0.0,1.0,0.0,1.0,0.0,1.0,-0.0,1.0,1.004617092099054,-0.6601853759594767,-0.20152430273734367,True
20261004,ss,85,3.3,5,0,0,bounded,-0.005,-25,3000,True,9.979847569722714e-05,9.933981462404052e-05,1.551853759594713,1.748146240405287,2.178874468539278,0.0008268137787103252,0.7272737966312849,0.7273152911166193,-0.0,1.0,-0.0,1.0,0.0,1.0,0.0,1.0,0.0,1.0,-0.0,1.0,1.0046170920986963,-0.6601853759594767,-0.2015243027728597,True
20261004,ss,85,3.3,5,0,0,bounded,-0.005,25,-3000,True,0.000100087956610654,9.962968518746611e-05,1.55314812533878,1.74685187466122,2.178591814805932,0.0008292177561366326,0.72727614751794,0.7273177761434302,-0.0,1.0,-0.0,1.0,0.0,1.0,0.0,1.0,0.0,1.0,-0.0,1.0,1.0045997477792448,-0.37031481253390064,0.08795661065399418,True
20261004,ss,85,3.3,5,0,0,bounded,-0.005,25,3000,True,0.0001000879566105474,9.962968518746612e-05,1.553148125338649,1.746851874661352,2.178591814806036,0.0008292177561360996,0.72727614751794,0.7273177761434302,-0.0,1.0,-0.0,1.0,0.0,1.0,0.0,1.0,0.0,1.0,-0.0,1.0,1.0045997477781745,-0.37031481253387843,0.08795661054739057,True
20261004,ss,85,3.3,5,0,0,bounded,0.005,-25,-3000,True,0.0001007966697307551,0.0001003393690121589,1.556309878410891,1.743690121589109,2.177903076330872,0.0008351032783585504,0.7272819029796519,0.7273238601419898,-0.0,1.0,-0.0,1.0,0.0,1.0,0.0,1.0,0.0,1.0,-0.0,1.0,1.0045575403064453,0.3393690121588966,0.7966697307550952,True
20261004,ss,85,3.3,5,0,0,bounded,0.005,-25,3000,True,0.0001007966697307906,0.0001003393690121589,1.55630987841094,1.743690121589061,2.177903076330836,0.000835103278358728,0.7272819029796519,0.7273238601419898,-0.0,1.0,-0.0,1.0,0.0,1.0,0.0,1.0,0.0,1.0,-0.0,1.0,1.004557540306799,0.3393690121588966,0.7966697307906001,True
20261004,ss,85,3.3,5,0,0,bounded,0.005,25,-3000,True,0.0001010861375876217,0.0001006292401628158,1.557598371842047,1.742401628157953,2.177623087200642,0.0008375071924399896,0.7272842537379696,0.7273263451421655,-0.0,1.0,-0.0,1.0,0.0,1.0,0.0,1.0,0.0,1.0,-0.0,1.0,1.0045404042012704,0.6292401628158029,1.086137587621705,True
20261004,ss,85,3.3,5,0,0,bounded,0.005,25,3000,True,0.000101086137587675,0.0001006292401628158,1.557598371842036,1.742401628157964,2.177623087200607,0.0008375071924402561,0.7272842537379696,0.7273263451421655,-0.0,1.0,-0.0,1.0,0.0,1.0,0.0,1.0,0.0,1.0,-0.0,1.0,1.0045404042018002,0.6292401628158029,1.0861375876749957,True
20261004,ss,85,3.3,5.5,0,0,bounded,-0.005,-25,-3000,True,0.0001001362904758434,9.933981454730701e-05,1.551854526929989,1.748145473070011,2.678544696434769,0.0008785709975879809,0.7272765311307472,0.7273154548084967,-0.0,1.0,-0.0,1.0,0.0,1.0,0.0,1.0,0.0,1.0,-0.0,1.0,1.0080176909144227,-0.6601854526929962,0.1362904758434036,True
20261004,ss,85,3.3,5.5,0,0,bounded,-0.005,-25,3000,True,0.0001001362904758967,9.9339814547307e-05,1.551854526929951,1.748145473070049,2.678544696434749,0.0008785709975882741,0.7272765311307472,0.7273154548084967,-0.0,1.0,-0.0,1.0,0.0,1.0,0.0,1.0,0.0,1.0,-0.0,1.0,1.0080176909149596,-0.6601854526930073,0.1362904758966943,True
20261004,ss,85,3.3,5.5,0,0,bounded,-0.005,25,-3000,True,0.0001004264677920812,9.962968511057628e-05,1.553148894236958,1.746851105763042,2.678262269238464,0.0008811235456859759,0.7272788877041261,0.727317940172398,-0.0,1.0,-0.0,1.0,0.0,1.0,0.0,1.0,0.0,1.0,-0.0,1.0,1.0079974425355314,-0.3703148894237285,0.42646779208119767,True
20261004,ss,85,3.3,5.5,0,0,bounded,-0.005,25,3000,True,0.0001004264677920635,9.96296851105763e-05,1.553148894236936,1.746851105763064,2.678262269238487,0.0008811235456858781,0.7272788877041261,0.727317940172398,-0.0,1.0,-0.0,1.0,0.0,1.0,0.0,1.0,0.0,1.0,-0.0,1.0,1.0079974425353535,-0.3703148894237063,0.4264677920635007,True
20261004,ss,85,3.3,5.5,0,0,bounded,0.005,-25,-3000,True,0.0001011368853119326,0.0001003393689348865,1.556310651134344,1.743689348865656,2.677574079571598,0.0008873727986654081,0.7272846570821607,0.7273240249959549,-0.0,1.0,-0.0,1.0,0.0,1.0,0.0,1.0,0.0,1.0,-0.0,1.0,1.0079481900824354,0.3393689348864859,1.1368853119325895,True
20261004,ss,85,3.3,5.5,0,0,bounded,0.005,-25,3000,True,0.0001011368853119504,0.0001003393689348865,1.556310651134364,1.743689348865636,2.677574079571592,0.0008873727986655059,0.7272846570821607,0.7273240249959549,-0.0,1.0,-0.0,1.0,0.0,1.0,0.0,1.0,0.0,1.0,-0.0,1.0,1.007948190082613,0.3393689348864859,1.1368853119503974,True
20261004,ss,85,3.3,5.5,0,0,bounded,0.005,25,-3000,True,0.000101427049099188,0.0001006292400853873,1.557599146127228,1.742400853872772,2.677294312250647,0.000889925274292053,0.7272870135220791,0.7273265103329877,-0.0,1.0,-0.0,1.0,0.0,1.0,0.0,1.0,0.0,1.0,-0.0,1.0,1.0079282027085144,0.6292400853872948,1.4270490991880047,True
20261004,ss,85,3.3,5.5,0,0,bounded,0.005,25,3000,True,0.000101427049099188,0.0001006292400853873,1.557599146127208,1.742400853872792,2.677294312250652,0.000889925274292053,0.7272870135220791,0.7273265103329877,-0.0,1.0,-0.0,1.0,0.0,1.0,0.0,1.0,0.0,1.0,-0.0,1.0,1.0079282027085144,0.6292400853872948,1.4270490991880047,True
20261004,ss,85,3.63,4.5,0,0,bounded,-0.005,-25,-3000,True,9.934596490852078e-05,9.927384419383294e-05,1.551558061670459,2.07844193832954,1.679317869591413,0.0008074209109920188,0.7272701254156705,0.7273145381987349,-0.0,1.0,-0.0,1.0,0.0,1.0,0.0,1.0,0.0,1.0,-0.0,1.0,1.000726482542038,-0.7261558061670614,-0.6540350914792215,True
20261004,ss,85,3.63,4.5,0,0,bounded,-0.005,-25,3000,True,9.954297889485465e-05,9.947175577477406e-05,1.552442252259406,2.077557747740594,1.679124586715901,0.0008090258929693949,0.7272717253878807,0.7273162345680635,-0.0,1.0,-0.0,1.0,0.0,1.0,0.0,1.0,0.0,1.0,-0.0,1.0,1.0007160135007755,-0.5282442252259489,-0.4570211051453499,True
20261004,ss,85,3.63,4.5,0,0,bounded,-0.005,25,-3000,True,9.96345200723018e-05,9.956371471840327e-05,1.552852815967148,2.077147184032852,1.679034902671276,0.0008097716392332715,0.7272724688028124,0.7273170227788142,-0.0,1.0,-0.0,1.0,0.0,1.0,0.0,1.0,0.0,1.0,-0.0,1.0,1.0007111562088535,-0.43628528159673774,-0.36547992769820903,True
20261004,ss,85,3.63,4.5,0,0,bounded,-0.005,25,3000,True,9.983153115558898e-05,9.976162641642063e-05,1.553735835793524,2.076264164206476,1.678842153353646,0.0008113766085717112,0.7272740687470617,0.7273187191427236,-0.0,1.0,-0.0,1.0,0.0,1.0,0.0,1.0,0.0,1.0,-0.0,1.0,1.0007007177176177,-0.23837358357937655,-0.16846884441101828,True
20261004,ss,85,3.63,4.5,0,0,bounded,0.005,-25,-3000,True,0.0001003409647815216,0.0001002733984486725,1.556015513274542,2.073984486725458,1.678345408084982,0.0008155267923654836,0.7272782058882437,0.7273231056827417,-0.0,1.0,-0.0,1.0,0.0,1.0,0.0,1.0,0.0,1.0,-0.0,1.0,1.0006738211120239,0.2733984486724905,0.34096478152159104,True
20261004,ss,85,3.63,4.5,0,0,bounded,0.005,-25,3000,True,0.0001005379687732014,0.0001004713104312146,1.556895687854026,2.073104312145974,1.678153952078842,0.0008171317308248089,0.7272798057641732,0.7273248020333739,-0.0,1.0,-0.0,1.0,0.0,1.0,0.0,1.0,0.0,1.0,-0.0,1.0,1.00066345648027,0.4713104312145999,0.5379687732014027,True
20261004,ss,85,3.63,4.5,0,0,bounded,0.005,25,-3000,True,0.0001006295053097565,0.000100563269561047,1.557304389529413,2.072695610470587,1.678065114427917,0.0008178774568805202,0.7272805491343901,0.7273255902354383,-0.0,1.0,-0.0,1.0,0.0,1.0,0.0,1.0,0.0,1.0,-0.0,1.0,1.000658647526066,0.5632695610469973,0.6295053097564951,True
20261004,ss,85,3.63,4.5,0,0,bounded,0.005,25,3000,True,0.0001008265064113215,0.0001007611816589504,1.558183410496211,2.071816589503789,1.677874181439758,0.0008194823827530572,0.7272821489824652,0.7273272865806462,-0.0,1.0,-0.0,1.0,0.0,1.0,0.0,1.0,0.0,1.0,-0.0,1.0,1.0006483126864492,0.7611816589503828,0.8265064113214926,True
20261004,ss,85,3.63,5,0,0,bounded,-0.005,-25,-3000,True,9.97325977091669e-05,9.927384410600868e-05,1.551558939913067,2.078441060086933,2.178938901499548,0.0008590270571307282,0.7272732616326126,0.7273147255600265,-0.0,1.0,-0.0,1.0,0.0,1.0,0.0,1.0,0.0,1.0,-0.0,1.0,1.0046210923661658,-0.7261558939913204,-0.2674022908331075,True
20261004,ss,85,3.63,5,0,0,bounded,-0.005,-25,3000,True,9.993024432621303e-05,9.947175568680756e-05,1.552443131924333,2.077556868075667,2.178745711245227,0.0008607337092542279,0.7272748667307996,0.7273164222355523,-0.0,1.0,-0.0,1.0,0.0,1.0,0.0,1.0,0.0,1.0,-0.0,1.0,1.0046092344127215,-0.5282443131924497,-0.06975567378697534,True
20261004,ss,85,3.63,5,0,0,bounded,-0.005,25,-3000,True,0.0001000220795246455,9.956371463037068e-05,1.552853696293147,2.077146303706853,2.178656069997434,0.0008615266962115533,0.7272756125280704,0.7273172105886127,-0.0,1.0,-0.0,1.0,0.0,1.0,0.0,1.0,0.0,1.0,-0.0,1.0,1.0046037343622272,-0.43628536962933007,0.022079524645479687,True
20261004,ss,85,3.63,5,0,0,bounded,-0.005,25,3000,True,0.0001002197235462389,9.976162632824576e-05,1.553736717542248,2.076263282457752,2.178463412273399,0.0008632333357827645,0.7272772176007584,0.7273189072588642,-0.0,1.0,-0.0,1.0,0.0,1.0,0.0,1.0,0.0,1.0,-0.0,1.0,1.004591918103719,-0.23837367175424395,0.21972354623889245,True
20261004,ss,85,3.63,5,0,0,bounded,0.005,-25,-3000,True,0.0001007307948457238,0.0001002733983601295,1.55601639870478,2.07398360129522,2.177966900622859,0.0008676464247558543,0.7272813680112578,0.7273232945915178,-0.0,1.0,-0.0,1.0,0.0,1.0,0.0,1.0,0.0,1.0,-0.0,1.0,1.0045614938066783,0.27339836012949537,0.7307948457238034,True
20261004,ss,85,3.63,5,0,0,bounded,0.005,-25,3000,True,0.0001009284325405381,0.0001004713103425291,1.55689657470862,2.07310342529138,2.17777553372006,0.000869353033726087,0.727282973021754,0.7273249912488599,-0.0,1.0,-0.0,1.0,0.0,1.0,0.0,1.0,0.0,1.0,-0.0,1.0,1.0045497784039104,0.47131034252909654,0.9284325405380933,True
20261004,ss,85,3.63,5,0,0,bounded,0.005,25,-3000,True,0.000101020263598496,0.0001005632694722954,1.557305277046186,2.072694722953814,2.177686737236375,0.0008701460006568886,0.7272837187783223,0.7273257795934726,-0.0,1.0,-0.0,1.0,0.0,1.0,0.0,1.0,0.0,1.0,-0.0,1.0,1.0045443443575242,0.5632694722953913,1.0202635984959851,True
20261004,ss,85,3.63,5,0,0,bounded,0.005,25,3000,True,0.0001012178987199554,0.0001007611815700562,1.558184299437966,2.071815700562034,2.177495892345014,0.0008718525971790755,0.7272853237635047,0.7273274762455407,-0.0,1.0,-0.0,1.0,0.0,1.0,0.0,1.0,0.0,1.0,-0.0,1.0,1.0045326696529622,0.7611815700562019,1.2178987199553903,True
20261004,ss,85,3.63,5.5,0,0,bounded,-0.005,-25,-3000,True,0.000100070253986802,9.927384402931073e-05,1.55155970689255,2.07844029310745,2.678609077647693,0.0009107504652338238,0.7272759948377278,0.7273148891751812,-0.0,1.0,-0.0,1.0,0.0,1.0,0.0,1.0,0.0,1.0,-0.0,1.0,1.0080223543802347,-0.7261559706892795,0.07025398680200468,True
20261004,ss,85,3.63,5.5,0,0,bounded,-0.005,-25,3000,True,0.0001002683761163663,9.947175561000291e-05,1.552443899970975,2.077556100029025,2.678416042429668,0.0009125585559842941,0.727277603818978,0.7273165860808783,-0.0,1.0,-0.0,1.0,0.0,1.0,0.0,1.0,0.0,1.0,-0.0,1.0,1.0080085095661395,-0.5282443899971012,0.2683761163662979,True
20261004,ss,85,3.63,5.5,0,0,bounded,-0.005,25,-3000,True,0.0001003604322375101,9.956371455351642e-05,1.552854464835651,2.077145535164349,2.678326472998651,0.0009133986756155461,0.7272783514202579,0.7273173745408746,-0.0,1.0,-0.0,1.0,0.0,1.0,0.0,1.0,0.0,1.0,-0.0,1.0,1.0080020887887366,-0.43628544648358636,0.3604322375100999,True
20261004,ss,85,3.63,5.5,0,0,bounded,-0.005,25,3000,True,0.0001005585516752543,9.97616262512848e-05,1.553737487151906,2.076262512848094,2.678133969364282,0.0009152067519861823,0.7272799603749698,0.7273190714412515,-0.0,1.0,-0.0,1.0,0.0,1.0,0.0,1.0,0.0,1.0,-0.0,1.0,1.007988296240903,-0.23837374871521488,0.558551675254293,True
20261004,ss,85,3.63,5.5,0,0,bounded,0.005,-25,-3000,True,0.0001010708520349351,0.0001002733982828927,1.556017171072617,2.073982828927383,2.677637853196863,0.0009198821364390841,0.7272841208205997,0.7273234593688174,-0.0,1.0,-0.0,1.0,0.0,1.0,0.0,1.0,0.0,1.0,-0.0,1.0,1.007952794716228,0.27339828289270063,1.070852034935088,True
20261004,ss,85,3.63,5.5,0,0,bounded,0.005,-25,3000,True,0.0001012689649172831,0.0001004713102651857,1.556897348142825,2.073102651857175,2.677446638093879,0.0009216901777877567,0.7272857297106381,0.7273251562561688,-0.0,1.0,-0.0,1.0,0.0,1.0,0.0,1.0,0.0,1.0,-0.0,1.0,1.007939128592949,0.4713102651856982,1.2689649172830997,True
20261004,ss,85,3.63,5.5,0,0,bounded,0.005,25,-3000,True,0.0001013610167484363,0.0001005632693949024,1.557306050975749,2.07269394902425,2.677357911928224,0.0009225302744999097,0.7272864772695943,0.7273259447076401,-0.0,1.0,-0.0,1.0,0.0,1.0,0.0,1.0,0.0,1.0,-0.0,1.0,1.0079327905539868,0.5632693949023881,1.3610167484362945,True
20261004,ss,85,3.63,5.5,0,0,bounded,0.005,25,3000,True,0.0001015591269673682,0.0001007611814925566,1.558185074434128,2.071814925565872,2.677167217912165,0.000924338301618522,0.7272880861333386,0.7273276415896714,-0.0,1.0,-0.0,1.0,0.0,1.0,0.0,1.0,0.0,1.0,-0.0,1.0,1.007919175450226,0.7611814925565952,1.5591269673681962,True
20261004,fs,0,2.97,4.5,0,0,bounded,-0.005,-25,-3000,True,0.0001000853033427288,9.964899949914756e-05,1.245005008524343,1.724994991475657,1.710821386997981,0.0007463414032447002,0.6260942289419952,0.626134857264958,-0.0,1.0,-0.0,1.0,0.0,1.0,0.0,1.0,0.0,1.0,-0.0,1.0,1.0043784066651364,-0.3510005008524497,0.08530334272880413,True
20261004,fs,0,2.97,4.5,0,0,bounded,-0.005,-25,3000,True,9.988768010109984e-05,9.945106528508544e-05,1.244347149145416,1.725652850854584,1.710970838148575,0.0007448642340415683,0.6260926692036781,0.6261332081784311,-0.0,1.0,-0.0,1.0,0.0,1.0,0.0,1.0,0.0,1.0,-0.0,1.0,1.0043902477541373,-0.5489347149145729,-0.11231989890015948,True
20261004,fs,0,2.97,4.5,0,0,bounded,-0.005,25,-3000,True,9.995056041931439e-05,9.951404434659149e-05,1.244556534085215,1.725443465914785,1.710923255431546,0.0007453342432862523,0.6260931654859263,0.6261337328881884,-0.0,1.0,-0.0,1.0,0.0,1.0,0.0,1.0,0.0,1.0,-0.0,1.0,1.00438647706049,-0.48595565340852076,-0.04943958068561738,True
20261004,fs,0,2.97,4.5,0,0,bounded,-0.005,25,3000,True,9.975293594569314e-05,9.931611017407883e-05,1.243898259211648,1.726101740788352,1.71107289585588,0.0007438570686625591,0.6260916057358302,0.6261320837990957,-0.0,1.0,-0.0,1.0,0.0,1.0,0.0,1.0,0.0,1.0,-0.0,1.0,1.0043983374988072,-0.6838898259211801,-0.24706405430685585,True
20261004,fs,0,2.97,4.5,0,0,bounded,0.005,-25,-3000,True,0.0001010833730181685,0.000100648668172024,1.248318279759958,1.721681720240042,1.710070788101839,0.0007538017327425985,0.6261021061451092,0.6261431859273391,-0.0,1.0,-0.0,1.0,0.0,1.0,0.0,1.0,0.0,1.0,-0.0,1.0,1.0043190322737456,0.6486681720240028,1.0833730181684986,True
20261004,fs,0,2.97,4.5,0,0,bounded,0.005,-25,3000,True,0.0001008857588578974,0.0001004507336527806,1.24766347219341,1.72233652780659,1.71021885301651,0.0007523246034992148,0.6261005464936907,0.6261415368598023,-0.0,1.0,-0.0,1.0,0.0,1.0,0.0,1.0,0.0,1.0,-0.0,1.0,1.0043307319847012,0.4507336527806105,0.8857588578973896,True
20261004,fs,0,2.97,4.5,0,0,bounded,0.005,25,-3000,True,0.0001009486362849491,0.0001005137128114874,1.247871885125621,1.722128114874379,1.710171711968617,0.0007527946000223499,0.6261010427482722,0.6261420615635188,-0.0,1.0,-0.0,1.0,0.0,1.0,0.0,1.0,0.0,1.0,-0.0,1.0,1.00432700634865,0.513712811487399,0.9486362849491004,True
20261004,fs,0,2.97,4.5,0,0,bounded,0.005,25,3000,True,0.0001007510209032195,0.000100315778333179,1.247216668209955,1.722783331790045,1.710319962416562,0.0007513174654039108,0.6260994830851603,0.6261404124934179,-0.0,1.0,-0.0,1.0,0.0,1.0,0.0,1.0,0.0,1.0,-0.0,1.0,1.0043387249470859,0.3157783331789954,0.7510209032195014,True
20261004,fs,0,2.97,5,0,0,bounded,-0.005,-25,-3000,True,0.0001005332833942453,9.964899939761774e-05,1.245006023822547,1.724993976177453,2.210483623034294,0.0007986239548721032,0.6260977603197728,0.6261350682437546,-0.0,1.0,-0.0,1.0,0.0,1.0,0.0,1.0,0.0,1.0,-0.0,1.0,1.0088739877166162,-0.3510006023822676,0.5332833942452986,True
20261004,fs,0,2.97,5,0,0,bounded,-0.005,-25,3000,True,0.0001003350373294544,9.945106518369525e-05,1.244348163047332,1.725651836952669,2.210632921119533,0.0007970448599327593,0.6260961956772502,0.626133418864336,-0.0,1.0,-0.0,1.0,0.0,1.0,0.0,1.0,0.0,1.0,-0.0,1.0,1.0088885136034125,-0.5489348163047469,0.3350373294543907,True
20261004,fs,0,2.97,5,0,0,bounded,-0.005,25,-3000,True,0.0001003981158320179,9.951404424515686e-05,1.244557548431467,1.725442451568533,2.21058538717467,0.0007975473002581304,0.6260966935200352,0.626133943667294,-0.0,1.0,-0.0,1.0,0.0,1.0,0.0,1.0,0.0,1.0,-0.0,1.0,1.008883887631811,-0.485955754843137,0.3981158320178979,True
20261004,fs,0,2.97,5,0,0,bounded,-0.005,25,3000,True,0.0001001998684515683,9.931611007278385e-05,1.243899272161423,1.726100727838577,2.210734874095725,0.0007959681988638971,0.6260951288650579,0.6261322942852687,-0.0,1.0,-0.0,1.0,0.0,1.0,0.0,1.0,0.0,1.0,-0.0,1.0,1.0088984393180198,-0.6838899272161525,0.1998684515682969,True
20261004,fs,0,2.97,5,0,0,bounded,0.005,-25,-3000,True,0.0001015344968030475,0.0001006486680697895,1.248319302105229,1.721680697894771,2.209733787482594,0.0008065990378724732,0.6261056622767113,0.6261433983845087,-0.0,1.0,-0.0,1.0,0.0,1.0,0.0,1.0,0.0,1.0,-0.0,1.0,1.0088011967793133,0.6486680697894931,1.5344968030474915,True
20261004,fs,0,2.97,5,0,0,bounded,0.005,-25,3000,True,0.0001013362604235225,0.0001004507335506856,1.247664493144001,1.722335506855999,2.20988170253237,0.0008050199904530964,0.6261040977259782,0.62614174902437,-0.0,1.0,-0.0,1.0,0.0,1.0,0.0,1.0,0.0,1.0,-0.0,1.0,1.0088155341582457,0.4507335506855892,1.3362604235225062,True
20261004,fs,0,2.97,5,0,0,bounded,0.005,25,-3000,True,0.0001013993358421174,0.000100513712709348,1.247872906520033,1.722127093479967,2.209834609236702,0.0008055224156473086,0.6261045955395359,0.6261422738211907,-0.0,1.0,-0.0,1.0,0.0,1.0,0.0,1.0,0.0,1.0,-0.0,1.0,1.0088109682639057,0.513712709347991,1.3993358421173996,True
20261004,fs,0,2.97,5,0,0,bounded,0.005,25,3000,True,0.0001012010981611268,0.000100315778231179,1.247217688209392,1.722782311790608,2.209982709392171,0.0008039433618421941,0.6261030309764601,0.6261406244584509,-0.0,1.0,-0.0,1.0,0.0,1.0,0.0,1.0,0.0,1.0,-0.0,1.0,1.0088253308259003,0.31577823117898696,1.2010981611267901,True
20261004,fs,0,2.97,5.5,0,0,bounded,-0.005,-25,-3000,True,0.0001009432492575773,9.96489993047092e-05,1.245006952907885,1.724993047092116,2.710175749707254,0.0008511454085415625,0.6261009655530588,0.6261352612630664,-0.0,1.0,-0.0,1.0,0.0,1.0,0.0,1.0,0.0,1.0,-0.0,1.0,1.0129880878071893,-0.351000695290804,0.9432492575772944,True
20261004,fs,0,2.97,5.5,0,0,bounded,-0.005,-25,3000,True,0.0001007444876985613,9.945106509090216e-05,1.244349090978288,1.725650909021712,2.710324868239782,0.0008494643553519975,0.6260993967799277,0.626133611641111,-0.0,1.0,-0.0,1.0,0.0,1.0,0.0,1.0,0.0,1.0,-0.0,1.0,1.0130056184564429,-0.5489349090978424,0.7444876985613025,True
20261004,fs,0,2.97,5.5,0,0,bounded,-0.005,25,-3000,True,0.0001008077302481763,9.951404415232704e-05,1.244558476729621,1.725441523270379,2.710277391494167,0.0008499992371872688,0.6260998959372222,0.626134136521251,-0.0,1.0,-0.0,1.0,0.0,1.0,0.0,1.0,0.0,1.0,-0.0,1.0,1.0130000353906732,-0.48595584767295863,0.807730248176286,True
20261004,fs,0,2.97,5.5,0,0,bounded,-0.005,25,3000,True,0.0001006089672082649,9.93161099800695e-05,1.243900199304973,1.726099800695027,2.710426698429592,0.0008483181759761829,0.6260983271502033,0.6261324868966135,-0.0,1.0,-0.0,1.0,0.0,1.0,0.0,1.0,0.0,1.0,-0.0,1.0,1.0130175983378211,-0.6838900199305109,0.60896720826491,True
20261004,fs,0,2.97,5.5,0,0,bounded,0.005,-25,-3000,True,0.0001019470625008073,0.0001006486679762987,1.248320237012506,1.721679762987494,2.709426811389847,0.0008596353973339551,0.626108888339832,0.6261435926269936,-0.0,1.0,-0.0,1.0,0.0,1.0,0.0,1.0,0.0,1.0,-0.0,1.0,1.0129002653548713,0.648667976298678,1.947062500807295,True
20261004,fs,0,2.97,5.5,0,0,bounded,0.005,-25,3000,True,0.0001017483118372003,0.00010045073345731,1.247665426899557,1.722334573100443,2.709574550049163,0.0008579544031626948,0.6261073196689827,0.6261419430248952,-0.0,1.0,-0.0,1.0,0.0,1.0,0.0,1.0,0.0,1.0,-0.0,1.0,1.0129175600339617,0.45073345730999304,1.7483118372003004,True
20261004,fs,0,2.97,5.5,0,0,bounded,0.005,25,-3000,True,0.000101811550917395,0.0001005137126159358,1.247873840642187,1.722126159357813,2.709527512944821,0.0008584892662049209,0.6261078187937119,0.6261424678987155,-0.0,1.0,-0.0,1.0,0.0,1.0,0.0,1.0,0.0,1.0,-0.0,1.0,1.0129120521736,0.5137126159358019,1.8115509173949995,True
20261004,fs,0,2.97,5.5,0,0,bounded,0.005,25,3000,True,0.0001016127987905496,0.000100315778137882,1.24721862117954,1.72278137882046,2.709675436287341,0.0008568082641074394,0.626106250109116,0.6261408182939402,-0.0,1.0,-0.0,1.0,0.0,1.0,0.0,1.0,0.0,1.0,-0.0,1.0,1.0129293783763993,0.3157781378819946,1.6127987905496077,True
20261004,fs,0,3.3,4.5,0,0,bounded,-0.005,-25,-3000,True,0.0001000194304571115,9.958302142103007e-05,1.244785789699198,2.055214210300802,1.710871172248419,0.000778711419715778,0.6260937090417883,0.6261343075706636,-0.0,1.0,-0.0,1.0,0.0,1.0,0.0,1.0,0.0,1.0,-0.0,1.0,1.0043823638794442,-0.41697857896993984,0.019430457111502264,True
20261004,fs,0,3.3,4.5,0,0,bounded,-0.005,-25,3000,True,0.0001000194304570937,9.958302142103006e-05,1.244785789699182,2.055214210300818,1.71087117224842,0.0007787114197156981,0.6260937090417883,0.6261343075706636,-0.0,1.0,-0.0,1.0,0.0,1.0,0.0,1.0,0.0,1.0,-0.0,1.0,1.0043823638792655,-0.41697857896995094,0.019430457093694287,True
20261004,fs,0,3.3,4.5,0,0,bounded,-0.005,25,-3000,True,9.988468711994804e-05,9.944806628231013e-05,1.244337176898673,2.055662823101327,1.710973103690975,0.0007776597227407308,0.6260926455817689,0.6261331831930372,-0.0,1.0,-0.0,1.0,0.0,1.0,0.0,1.0,0.0,1.0,-0.0,1.0,1.004390440698952,-0.5519337176898786,-0.11531288005196538,True
20261004,fs,0,3.3,4.5,0,0,bounded,-0.005,25,3000,True,9.988468711993027e-05,9.944806628231011e-05,1.244337176898657,2.055662823101343,1.710973103690985,0.0007776597227406507,0.6260926455817689,0.6261331831930372,-0.0,1.0,-0.0,1.0,0.0,1.0,0.0,1.0,0.0,1.0,-0.0,1.0,1.0043904406987734,-0.5519337176898897,-0.11531288006972895,True
20261004,fs,0,3.3,4.5,0,0,bounded,0.005,-25,-3000,True,0.0001010175031828046,0.0001005826899922794,1.248100077206097,2.051899922793904,1.710120111872408,0.0007865016532665398,0.6261015862740509,0.6261426362393866,-0.0,1.0,-0.0,1.0,0.0,1.0,0.0,1.0,0.0,1.0,-0.0,1.0,1.0043229425516316,0.5826899922793949,1.0175031828046022,True
20261004,fs,0,3.3,4.5,0,0,bounded,0.005,-25,3000,True,0.0001010175031827513,0.0001005826899922794,1.248100077206034,2.051899922793967,1.710120111872447,0.0007865016532663,0.6261015862740509,0.6261426362393866,-0.0,1.0,-0.0,1.0,0.0,1.0,0.0,1.0,0.0,1.0,-0.0,1.0,1.0043229425511018,0.5826899922793949,1.0175031827512893,True
20261004,fs,0,3.3,4.5,0,0,bounded,0.005,25,-3000,True,0.0001008827660392823,0.0001004477346453744,1.247653546255636,2.052346453744365,1.710221097503854,0.0007854499834757441,0.6261005228732913,0.6261415118747111,-0.0,1.0,-0.0,1.0,0.0,1.0,0.0,1.0,0.0,1.0,-0.0,1.0,1.0043309228968056,0.447734645374398,0.8827660392823011,True
20261004,fs,0,3.3,4.5,0,0,bounded,0.005,25,3000,True,0.0001008827660393,0.0001004477346453744,1.247653546255675,2.052346453744325,1.710221097503829,0.000785449983475824,0.6261005228732913,0.6261415118747111,-0.0,1.0,-0.0,1.0,0.0,1.0,0.0,1.0,0.0,1.0,-0.0,1.0,1.004330922896982,0.447734645374398,0.8827660392999981,True
20261004,fs,0,3.3,5,0,0,bounded,-0.005,-25,-3000,True,0.0001004672029186828,9.958302131954678e-05,1.244786804531995,2.055213195468006,2.210533357335194,0.0008309599969173247,0.6260972387849743,0.6261345184518401,-0.0,1.0,-0.0,1.0,0.0,1.0,0.0,1.0,0.0,1.0,-0.0,1.0,1.0088788388564636,-0.4169786804532283,0.4672029186828075,True
20261004,fs,0,3.3,5,0,0,bounded,-0.005,-25,3000,True,0.0001004672029186828,9.958302131954678e-05,1.244786804532056,2.055213195467944,2.210533357335144,0.0008309599969173247,0.6260972387849743,0.6261345184518401,-0.0,1.0,-0.0,1.0,0.0,1.0,0.0,1.0,0.0,1.0,-0.0,1.0,1.0088788388564636,-0.4169786804532283,0.4672029186828075,True
20261004,fs,0,3.3,5,0,0,bounded,-0.005,25,-3000,True,0.000100332034914853,9.944806618092204e-05,1.244338190779461,2.055661809220539,2.210635184338855,0.0008298388049405474,0.6260961719810589,0.6261333938745047,-0.0,1.0,-0.0,1.0,0.0,1.0,0.0,1.0,0.0,1.0,-0.0,1.0,1.0088887473419823,-0.5519338190779655,0.33203491485300773,True
20261004,fs,0,3.3,5,0,0,bounded,-0.005,25,3000,True,0.0001003320349148885,9.944806618092203e-05,1.244338190779487,2.055661809220513,2.210635184338793,0.000829838804940725,0.6260961719810589,0.6261333938745047,-0.0,1.0,-0.0,1.0,0.0,1.0,0.0,1.0,0.0,1.0,-0.0,1.0,1.0088887473423394,-0.5519338190779766,0.33203491488849046,True
20261004,fs,0,3.3,5,0,0,bounded,0.005,-25,-3000,True,0.0001014684195784489,0.0001005826898900913,1.248101099086494,2.051898900913506,2.209783061368836,0.0008392649864989169,0.6261051407726841,0.6261428485990307,-0.0,1.0,-0.0,1.0,0.0,1.0,0.0,1.0,0.0,1.0,-0.0,1.0,1.0088059852975244,0.5826898900912925,1.4684195784488985,True
20261004,fs,0,3.3,5,0,0,bounded,0.005,-25,3000,True,0.0001014684195784311,0.0001005826898900913,1.248101099086543,2.051898900913458,2.209783061368837,0.0008392649864988282,0.6261051407726841,0.6261428485990307,-0.0,1.0,-0.0,1.0,0.0,1.0,0.0,1.0,0.0,1.0,-0.0,1.0,1.0088059852973474,0.5826898900912925,1.4684195784310905,True
20261004,fs,0,3.3,5,0,0,bounded,0.005,25,-3000,True,0.0001013332581806416,0.0001004477345432815,1.247654567184991,2.052345432815009,2.209883944745286,0.000838143826865301,0.6261040740313714,0.6261417240348434,-0.0,1.0,-0.0,1.0,0.0,1.0,0.0,1.0,0.0,1.0,-0.0,1.0,1.0088157651477798,0.4477345432814861,1.3332581806416055,True
20261004,fs,0,3.3,5,0,0,bounded,0.005,25,3000,True,0.0001013332581806238,0.0001004477345432815,1.247654567185007,2.052345432814993,2.209883944745286,0.0008381438268652123,0.6261040740313714,0.6261417240348434,-0.0,1.0,-0.0,1.0,0.0,1.0,0.0,1.0,0.0,1.0,-0.0,1.0,1.0088157651476026,0.4477345432814861,1.3332581806237975,True
20261004,fs,0,3.3,5.5,0,0,bounded,-0.005,-25,-3000,True,0.0001008769969809347,9.958302122667673e-05,1.244787733232616,2.055212266767384,2.710225424228895,0.0008834474654125803,0.6261004426416498,0.6261347113903181,-0.0,1.0,-0.0,1.0,0.0,1.0,0.0,1.0,0.0,1.0,-0.0,1.0,1.0129939395121639,-0.41697877332327327,0.8769969809346856,True
20261004,fs,0,3.3,5.5,0,0,bounded,-0.005,-25,3000,True,0.0001008769969809702,9.958302122667672e-05,1.244787733232643,2.055212266767358,2.710225424228857,0.0008834474654127757,0.6261004426416498,0.6261347113903181,-0.0,1.0,-0.0,1.0,0.0,1.0,0.0,1.0,0.0,1.0,-0.0,1.0,1.0129939395125205,-0.41697877332328437,0.8769969809701905,True
20261004,fs,0,3.3,5.5,0,0,bounded,-0.005,25,-3000,True,0.0001007414774750242,9.94480660881307e-05,1.244339118692984,2.055660881307017,2.710327128734936,0.0008822567561728102,0.6260993730211608,0.6261335866476068,-0.0,1.0,-0.0,1.0,0.0,1.0,0.0,1.0,0.0,1.0,-0.0,1.0,1.0130058978295997,-0.5519339118693067,0.7414774750241993,True
20261004,fs,0,3.3,5.5,0,0,bounded,-0.005,25,3000,True,0.000100741477475042,9.94480660881307e-05,1.24433911869298,2.055660881307021,2.710327128734912,0.0008822567561729079,0.6260993730211608,0.6261335866476068,-0.0,1.0,-0.0,1.0,0.0,1.0,0.0,1.0,0.0,1.0,-0.0,1.0,1.0130058978297787,-0.5519339118693067,0.741477475041985,True
20261004,fs,0,3.3,5.5,0,0,bounded,0.005,-25,-3000,True,0.0001018808138781129,0.000100582689796639,1.248102033610011,2.051897966389989,2.709476026549103,0.0008922673646278069,0.6261083654626918,0.6261430427608764,-0.0,1.0,-0.0,1.0,0.0,1.0,0.0,1.0,0.0,1.0,-0.0,1.0,1.0129060386444078,0.5826897966390021,1.880813878112897,True
20261004,fs,0,3.3,5.5,0,0,bounded,0.005,-25,3000,True,0.0001018808138780774,0.000100582689796639,1.24810203361,2.05189796639,2.709476026549144,0.0008922673646276115,0.6261083654626918,0.6261430427608764,-0.0,1.0,-0.0,1.0,0.0,1.0,0.0,1.0,0.0,1.0,-0.0,1.0,1.0129060386440547,0.5826897966390021,1.880813878077392,True
20261004,fs,0,3.3,5.5,0,0,bounded,0.005,25,-3000,True,0.0001017453018038932,0.0001004477344499077,1.247655500923206,2.052344499076795,2.709576789585878,0.0008910766955753859,0.6261072959119649,0.6261419180317044,-0.0,1.0,-0.0,1.0,0.0,1.0,0.0,1.0,0.0,1.0,-0.0,1.0,1.0129178359381772,0.4477344499077107,1.7453018038932067,True
20261004,fs,0,3.3,5.5,0,0,bounded,0.005,25,3000,True,0.0001017453018039643,0.0001004477344499077,1.247655500923276,2.052344499076725,2.709576789585822,0.0008910766955757766,0.6261072959119665,0.6261419180317044,-0.0,1.0,-0.0,1.0,0.0,1.0,0.0,1.0,0.0,1.0,-0.0,1.0,1.012917835938885,0.4477344499077107,1.7453018039643053,True
20261004,fs,0,3.63,4.5,0,0,bounded,-0.005,-25,-3000,True,9.995355669004814e-05,9.951704334967357e-05,1.244566503264078,2.385433496735922,1.710920988795143,0.0008110378869528032,0.6260931891342935,0.6261337578756292,-0.0,1.0,-0.0,1.0,0.0,1.0,0.0,1.0,0.0,1.0,-0.0,1.0,1.0043863174154077,-0.4829566503264382,-0.04644330995186019,True
20261004,fs,0,3.63,4.5,0,0,bounded,-0.005,-25,3000,True,0.000100151179336793,9.971497758401823e-05,1.245224159817714,2.384775840182286,1.710771629989634,0.0008126456901339966,0.6260947488669125,0.6261354069609067,-0.0,1.0,-0.0,1.0,0.0,1.0,0.0,1.0,0.0,1.0,-0.0,1.0,1.0043744857928412,-0.2850224159817838,0.15117933679298368,True
20261004,fs,0,3.63,4.5,0,0,bounded,-0.005,25,-3000,True,9.981881294091201e-05,9.938208822480344e-05,1.244117751965426,2.385882248034574,1.711022983329269,0.000809941652978474,0.6260921256703373,0.6261326334971491,-0.0,1.0,-0.0,1.0,0.0,1.0,0.0,1.0,0.0,1.0,-0.0,1.0,1.004394400680339,-0.6179117751965557,-0.18118705908799493,True
20261004,fs,0,3.63,4.5,0,0,bounded,-0.005,25,3000,True,0.0001000164368189031,9.958002241763965e-05,1.24477582360349,2.38522417639651,1.710873435500371,0.0008115494615495492,0.6260936854147248,0.626134282584989,-0.0,1.0,-0.0,1.0,0.0,1.0,0.0,1.0,0.0,1.0,-0.0,1.0,1.0043825497390744,-0.41997758236035354,0.016436818903087236,True
20261004,fs,0,3.63,4.5,0,0,bounded,0.005,-25,-3000,True,0.0001009516324527074,0.0001005167118191958,1.247881808041385,2.382118191958615,1.710169466338024,0.0008191580244292693,0.6261010663956005,0.6261420865506896,-0.0,1.0,-0.0,1.0,0.0,1.0,0.0,1.0,0.0,1.0,-0.0,1.0,1.0043268489949602,0.516711819195792,0.951632452707396,True
20261004,fs,0,3.63,4.5,0,0,bounded,0.005,-25,3000,True,0.0001011492460232458,0.000100714646358422,1.248536415779617,2.381463584220382,1.710021491945277,0.0008207657878740002,0.6261026260413577,0.6261437356169768,-0.0,1.0,-0.0,1.0,0.0,1.0,0.0,1.0,0.0,1.0,-0.0,1.0,1.0043151585249792,0.7146463584219998,1.149246023245798,True
20261004,fs,0,3.63,4.5,0,0,bounded,0.005,25,-3000,True,0.0001008168949006586,0.0001003817564859359,1.24743514064111,2.382564859358889,1.710270513814254,0.0008180618175851798,0.6261000029909319,0.6261409621851552,-0.0,1.0,-0.0,1.0,0.0,1.0,0.0,1.0,0.0,1.0,-0.0,1.0,1.0043348356310509,0.3817564859359024,0.8168949006585935,True
20261004,fs,0,3.63,4.5,0,0,bounded,0.005,25,3000,True,0.0001010145096919982,0.0001005796909842672,1.248090157328217,2.381909842671783,1.710122354131173,0.0008196695863752082,0.6261015626483807,0.6261426112540046,-0.0,1.0,-0.0,1.0,0.0,1.0,0.0,1.0,0.0,1.0,-0.0,1.0,1.0043231263038879,0.5796909842672004,1.0145096919981889,True
20261004,fs,0,3.63,5,0,0,bounded,-0.005,-25,-3000,True,0.0001004011215459356,9.951704324823684e-05,1.244567517631492,2.385432482368508,2.210583122860673,0.0008632524892091143,0.6260967172427605,0.626133968659177,-0.0,1.0,-0.0,1.0,0.0,1.0,0.0,1.0,0.0,1.0,-0.0,1.0,1.008883687344825,-0.4829567517631639,0.4011215459355899,True
20261004,fs,0,3.63,5,0,0,bounded,-0.005,-25,3000,True,0.0001005993669751461,9.971497748244187e-05,1.245225175581255,2.384774824418745,2.210433916906951,0.0008649622176254035,0.6260982818792519,0.6261356180373248,-0.0,1.0,-0.0,1.0,0.0,1.0,0.0,1.0,0.0,1.0,-0.0,1.0,1.008869174070264,-0.2850225175581311,0.5993669751460873,True
20261004,fs,0,3.63,5,0,0,bounded,-0.005,25,-3000,True,0.00010026595310228,9.938208812346192e-05,1.244118765380748,2.385881234619252,2.210685012809905,0.0008620867598878206,0.626095650434685,0.6261328440809758,-0.0,1.0,-0.0,1.0,0.0,1.0,0.0,1.0,0.0,1.0,-0.0,1.0,1.0088936044261825,-0.6179118765380909,0.26595310227999214,True
20261004,fs,0,3.63,5,0,0,bounded,-0.005,25,3000,True,0.000100464199846101,9.958002231615849e-05,1.244776838415083,2.385223161584916,2.210535618270043,0.0008637964947264371,0.6260972150836239,0.6261344934617301,-0.0,1.0,-0.0,1.0,0.0,1.0,0.0,1.0,0.0,1.0,-0.0,1.0,1.0088790653926079,-0.41997768384152145,0.46419984610099885,True
20261004,fs,0,3.63,5,0,0,bounded,0.005,-25,-3000,True,0.0001014023414440181,0.0001005167117170543,1.247882829456802,2.382117170543198,2.209832365880021,0.0008718873852414061,0.626104619261146,0.6261422988127987,-0.0,1.0,-0.0,1.0,0.0,1.0,0.0,1.0,0.0,1.0,-0.0,1.0,1.008810770983603,0.5167117170542967,1.402341444018096,True
20261004,fs,0,3.63,5,0,0,bounded,0.005,-25,3000,True,0.0001016005771949792,0.000100714646256141,1.248537438589723,2.381462561410276,2.209684541143562,0.0008735970663731169,0.6261061838059089,0.6261439481716685,-0.0,1.0,-0.0,1.0,0.0,1.0,0.0,1.0,0.0,1.0,-0.0,1.0,1.0087964459169632,0.7146462561409939,1.6005771949791914,True
20261004,fs,0,3.63,5,0,0,bounded,0.005,25,-3000,True,0.0001012671796110388,0.0001003817563838894,1.247436161105571,2.382563838894429,2.209933310958705,0.0008707216882170433,0.6261035525157098,0.6261411742477437,-0.0,1.0,-0.0,1.0,0.0,1.0,0.0,1.0,0.0,1.0,-0.0,1.0,1.0088205592235633,0.3817563838893978,1.2671796110387934,True
20261004,fs,0,3.63,5,0,0,bounded,0.005,25,3000,True,0.0001014654166624175,0.0001005796908820812,1.248091179187403,2.381908820812597,2.20978530135895,0.0008724313757023322,0.6261051170728051,0.6261428236092166,-0.0,1.0,-0.0,1.0,0.0,1.0,0.0,1.0,0.0,1.0,-0.0,1.0,1.0088062090126597,0.5796908820811852,1.465416662417507,True
20261004,fs,0,3.63,5.5,0,0,bounded,-0.005,-25,-3000,True,0.000100810743778526,9.951704315540524e-05,1.244568445947415,2.385431554052585,2.710275129904064,0.0009157059719244119,0.626099919722582,0.6261341615168103,-0.0,1.0,-0.0,1.0,0.0,1.0,0.0,1.0,0.0,1.0,-0.0,1.0,1.0129997896048872,-0.48295684459477295,0.8107437785259908,True
20261004,fs,0,3.63,5.5,0,0,bounded,-0.005,-25,3000,True,0.0001010095046212261,9.971497738949486e-05,1.245226105051325,2.384773894948675,2.710126103291989,0.0009175176578288949,0.6261014884889848,0.6261358111374584,-0.0,1.0,-0.0,1.0,0.0,1.0,0.0,1.0,0.0,1.0,-0.0,1.0,1.012982274735667,-0.2850226105051479,1.0095046212261094,True
20261004,fs,0,3.63,5.5,0,0,bounded,-0.005,25,-3000,True,0.0001006752237776159,9.938208803070906e-05,1.244119692909323,2.385880307090678,2.710376897211437,0.0009144707248167942,0.6260988500974528,0.6261330367732053,-0.0,1.0,-0.0,1.0,0.0,1.0,0.0,1.0,0.0,1.0,-0.0,1.0,1.0130117586833882,-0.6179119692909518,0.6752237776158854,True
20261004,fs,0,3.63,5.5,0,0,bounded,-0.005,25,3000,True,0.0001008739861001278,9.958002222329019e-05,1.244777767098159,2.385222232901842,2.710227682445351,0.0009162824187095163,0.6261004188777345,0.6261346863965354,-0.0,1.0,-0.0,1.0,0.0,1.0,0.0,1.0,0.0,1.0,-0.0,1.0,1.0129942115692256,-0.4199777767098123,0.8739861001277882,True
20261004,fs,0,3.63,5.5,0,0,bounded,0.005,-25,-3000,True,0.0001018145643173601,0.0001005167116236403,1.247883763596524,2.382116236403476,2.709525272264119,0.0009248557814276624,0.6261078425777956,0.6261424928939946,-0.0,1.0,-0.0,1.0,0.0,1.0,0.0,1.0,0.0,1.0,-0.0,1.0,1.012911810113519,0.5167116236402869,1.81456431736009,True
20261004,fs,0,3.63,5.5,0,0,bounded,0.005,-25,3000,True,0.0001020133142733553,0.0001007146461626119,1.248538373880716,2.381461626119284,2.709377623712175,0.0009266674085621383,0.6261094112419844,0.6261441424947821,-0.0,1.0,-0.0,1.0,0.0,1.0,0.0,1.0,0.0,1.0,-0.0,1.0,1.0128945308376163,0.7146461626118983,2.0133142733552933,True
20261004,fs,0,3.63,5.5,0,0,bounded,0.005,25,-3000,True,0.0001016790517540383,0.000100381756290554,1.247437094459802,2.382562905540198,2.709626096862296,0.0009236205744703288,0.6261067730224736,0.6261413681639286,-0.0,1.0,-0.0,1.0,0.0,1.0,0.0,1.0,0.0,1.0,-0.0,1.0,1.0129236179105026,0.38175629055399174,1.6790517540382854,True
20261004,fs,0,3.63,5.5,0,0,bounded,0.005,25,3000,True,0.0001018778031722239,0.0001005796907886306,1.248092113693603,2.381907886306396,2.709478263868686,0.0009254322094983423,0.6261083417004039,0.6261430177673981,-0.0,1.0,-0.0,1.0,0.0,1.0,0.0,1.0,0.0,1.0,-0.0,1.0,1.0129063071621616,0.5796907886306046,1.877803172223902,True
20261004,fs,27,2.97,4.5,0,0,bounded,-0.005,-25,-3000,True,9.998797054716326e-05,9.958055896177375e-05,1.254410382262501,1.715589617737499,1.700010887116578,0.0007457001372687552,0.5895786984868453,0.58961988800176,-0.0,1.0,-0.0,1.0,0.0,1.0,0.0,1.0,0.0,1.0,-0.0,1.0,1.004091276345877,-0.41944103822625367,-0.012029452836748167,True
20261004,fs,27,2.97,4.5,0,0,bounded,-0.005,-25,3000,True,9.979041217760644e-05,9.938262975460121e-05,1.253702453987669,1.716297546012331,1.700174230066683,0.0007442232748603931,0.5895771248507657,0.589618223745758,-0.0,1.0,-0.0,1.0,0.0,1.0,0.0,1.0,0.0,1.0,-0.0,1.0,1.004103155893662,-0.617370245398785,-0.20958782239356433,True
20261004,fs,27,2.97,4.5,0,0,bounded,-0.005,25,-3000,True,9.998797054716326e-05,9.958055896177375e-05,1.254410382262501,1.715589617737499,1.700010887116578,0.0007457001372687552,0.5895786984868453,0.58961988800176,-0.0,1.0,-0.0,1.0,0.0,1.0,0.0,1.0,0.0,1.0,-0.0,1.0,1.004091276345877,-0.41944103822625367,-0.012029452836748167,True
20261004,fs,27,2.97,4.5,0,0,bounded,-0.005,25,3000,True,9.979041217760644e-05,9.938262975460121e-05,1.253702453987669,1.716297546012331,1.700174230066683,0.0007442232748603931,0.5895771248507657,0.589618223745758,-0.0,1.0,-0.0,1.0,0.0,1.0,0.0,1.0,0.0,1.0,-0.0,1.0,1.004103155893662,-0.617370245398785,-0.20958782239356433,True
20261004,fs,27,2.97,4.5,0,0,bounded,0.005,-25,-3000,True,0.0001009857112884075,0.0001005802024138695,1.257975861305022,1.712024138694978,1.699190550119693,0.0007531589116570876,0.5895866458683967,0.5896282932775089,-0.0,1.0,-0.0,1.0,0.0,1.0,0.0,1.0,0.0,1.0,-0.0,1.0,1.004031696743554,0.5802024138694906,0.9857112884074981,True
20261004,fs,27,2.97,4.5,0,0,bounded,0.005,-25,3000,True,0.0001007881624294475,0.0001003822728795625,1.257271204374849,1.712728795625151,1.699352367549287,0.0007516820910748429,0.5895850723232792,0.5896266290405424,-0.0,1.0,-0.0,1.0,0.0,1.0,0.0,1.0,0.0,1.0,-0.0,1.0,1.0040434385299482,0.3822728795624952,0.7881624294474809,True
20261004,fs,27,2.97,4.5,0,0,bounded,0.005,25,-3000,True,0.0001009857112884075,0.0001005802024138695,1.257975861305022,1.712024138694978,1.699190550119693,0.0007531589116570876,0.5895866458683967,0.5896282932775089,-0.0,1.0,-0.0,1.0,0.0,1.0,0.0,1.0,0.0,1.0,-0.0,1.0,1.004031696743554,0.5802024138694906,0.9857112884074981,True
20261004,fs,27,2.97,4.5,0,0,bounded,0.005,25,3000,True,0.0001007881624294475,0.0001003822728795625,1.257271204374849,1.712728795625151,1.699352367549287,0.0007516820910748429,0.5895850723232792,0.5896266290405424,-0.0,1.0,-0.0,1.0,0.0,1.0,0.0,1.0,0.0,1.0,-0.0,1.0,1.0040434385299482,0.3822728795624952,0.7881624294474809,True
20261004,fs,27,2.97,5,0,0,bounded,-0.005,-25,-3000,True,0.0001004193336609162,9.958055886389022e-05,1.254411361097826,1.715588638902174,2.199655283570889,0.0007978509378203567,0.5895821303792279,0.5896200930323267,-0.0,1.0,-0.0,1.0,0.0,1.0,0.0,1.0,0.0,1.0,-0.0,1.0,1.0084230778235785,-0.4194411361097883,0.41933366091619906,True
20261004,fs,27,2.97,5,0,0,bounded,-0.005,-25,3000,True,0.0001002211521922226,9.93826296568576e-05,1.253703431423966,1.716296568576035,2.199818480223065,0.000796272180732027,0.5895805517914998,0.5896184284805763,-0.0,1.0,-0.0,1.0,0.0,1.0,0.0,1.0,0.0,1.0,-0.0,1.0,1.0084373148331878,-0.6173703431424094,0.22115219222258453,True
20261004,fs,27,2.97,5,0,0,bounded,-0.005,25,-3000,True,0.0001004193336609162,9.958055886389022e-05,1.254411361097826,1.715588638902174,2.199655283570889,0.0007978509378203567,0.5895821303792279,0.5896200930323267,-0.0,1.0,-0.0,1.0,0.0,1.0,0.0,1.0,0.0,1.0,-0.0,1.0,1.0084230778235785,-0.4194411361097883,0.41933366091619906,True
20261004,fs,27,2.97,5,0,0,bounded,-0.005,25,3000,True,0.0001002211521922226,9.93826296568576e-05,1.253703431423966,1.716296568576035,2.199818480223065,0.000796272180732027,0.5895805517914998,0.5896184284805763,-0.0,1.0,-0.0,1.0,0.0,1.0,0.0,1.0,0.0,1.0,-0.0,1.0,1.0084373148331878,-0.6173703431424094,0.22115219222258453,True
20261004,fs,27,2.97,5,0,0,bounded,0.005,-25,-3000,True,0.0001014202205786531,0.0001005802023152796,1.257976847203962,1.712023152796038,2.198835675398354,0.0008058243134597135,0.5895901027624518,0.5896284998013656,-0.0,1.0,-0.0,1.0,0.0,1.0,0.0,1.0,0.0,1.0,-0.0,1.0,1.008351725727697,0.5802023152795988,1.4202205786530975,True
20261004,fs,27,2.97,5,0,0,bounded,0.005,-25,3000,True,0.0001012220488775951,0.0001003822727811124,1.25727218887551,1.71272781112449,2.198997349843095,0.0008042456042379115,0.5895885242678508,0.5896268352687798,-0.0,1.0,-0.0,1.0,0.0,1.0,0.0,1.0,0.0,1.0,-0.0,1.0,1.0083657808616653,0.3822727811124027,1.2220488775950944,True
20261004,fs,27,2.97,5,0,0,bounded,0.005,25,-3000,True,0.0001014202205786531,0.0001005802023152796,1.257976847203962,1.712023152796038,2.198835675398354,0.0008058243134597135,0.5895901027624518,0.5896284998013656,-0.0,1.0,-0.0,1.0,0.0,1.0,0.0,1.0,0.0,1.0,-0.0,1.0,1.008351725727697,0.5802023152795988,1.4202205786530975,True
20261004,fs,27,2.97,5,0,0,bounded,0.005,25,3000,True,0.0001012220488775951,0.0001003822727811124,1.25727218887551,1.71272781112449,2.198997349843095,0.0008042456042379115,0.5895885242678508,0.5896268352687798,-0.0,1.0,-0.0,1.0,0.0,1.0,0.0,1.0,0.0,1.0,-0.0,1.0,1.0083657808616653,0.3822727811124027,1.2220488775950944,True
20261004,fs,27,2.97,5.5,0,0,bounded,-0.005,-25,-3000,True,0.0001008103662994646,9.958055877516235e-05,1.254412248376517,1.715587751623483,2.69933416493124,0.0008502112838992895,0.5895852229758508,0.5896202788541602,-0.0,1.0,-0.0,1.0,0.0,1.0,0.0,1.0,0.0,1.0,-0.0,1.0,1.012349875712979,-0.4194412248376578,0.8103662994646044,True
20261004,fs,27,2.97,5.5,0,0,bounded,-0.005,-25,3000,True,0.0001006116786867022,9.938262956824326e-05,1.253704317567303,1.716295682432697,2.699497182071621,0.000848530652284564,0.5895836403051262,0.5896186140620806,-0.0,1.0,-0.0,1.0,0.0,1.0,0.0,1.0,0.0,1.0,-0.0,1.0,1.012366840400565,-0.6173704317567474,0.6116786867021995,True
20261004,fs,27,2.97,5.5,0,0,bounded,-0.005,25,-3000,True,0.0001008103662994646,9.958055877516235e-05,1.254412248376517,1.715587751623483,2.69933416493124,0.0008502112838992895,0.5895852229758508,0.5896202788541602,-0.0,1.0,-0.0,1.0,0.0,1.0,0.0,1.0,0.0,1.0,-0.0,1.0,1.012349875712979,-0.4194412248376578,0.8103662994646044,True
20261004,fs,27,2.97,5.5,0,0,bounded,-0.005,25,3000,True,0.0001006116786867022,9.938262956824326e-05,1.253704317567303,1.716295682432697,2.699497182071621,0.000848530652284564,0.5895836403051262,0.5896186140620806,-0.0,1.0,-0.0,1.0,0.0,1.0,0.0,1.0,0.0,1.0,-0.0,1.0,1.012366840400565,-0.6173704317567474,0.6116786867021995,True
20261004,fs,27,2.97,5.5,0,0,bounded,0.005,-25,-3000,True,0.0001018138064712897,0.0001005802022259791,1.257977740208607,1.712022259791393,2.698515453534309,0.0008586991458932687,0.5895932159530314,0.5896286868355212,-0.0,1.0,-0.0,1.0,0.0,1.0,0.0,1.0,0.0,1.0,-0.0,1.0,1.012264881338566,0.5802022259790984,1.8138064712897028,True
20261004,fs,27,2.97,5.5,0,0,bounded,0.005,-25,3000,True,0.0001016151296241202,0.0001003822726919252,1.257273080747294,1.712726919252706,2.698676951712573,0.0008570185725177361,0.5895916333844133,0.589627022063088,-0.0,1.0,-0.0,1.0,0.0,1.0,0.0,1.0,0.0,1.0,-0.0,1.0,1.012281620042402,0.38227269192518953,1.615129624120204,True
20261004,fs,27,2.97,5.5,0,0,bounded,0.005,25,-3000,True,0.0001018138064712897,0.0001005802022259791,1.257977740208607,1.712022259791393,2.698515453534309,0.0008586991458932687,0.5895932159530314,0.5896286868355212,-0.0,1.0,-0.0,1.0,0.0,1.0,0.0,1.0,0.0,1.0,-0.0,1.0,1.012264881338566,0.5802022259790984,1.8138064712897028,True
20261004,fs,27,2.97,5.5,0,0,bounded,0.005,25,3000,True,0.0001016151296241202,0.0001003822726919252,1.257273080747294,1.712726919252706,2.698676951712573,0.0008570185725177361,0.5895916333844133,0.589627022063088,-0.0,1.0,-0.0,1.0,0.0,1.0,0.0,1.0,0.0,1.0,-0.0,1.0,1.012281620042402,0.38227269192518953,1.615129624120204,True
20261004,fs,27,3.3,4.5,0,0,bounded,-0.005,-25,-3000,True,9.992211936352836e-05,9.951458255213308e-05,1.254174478669076,2.045825521330924,1.700065299722001,0.000778047671527386,0.5895781739547827,0.5896193332510155,-0.0,1.0,-0.0,1.0,0.0,1.0,0.0,1.0,0.0,1.0,-0.0,1.0,1.004095247158192,-0.48541744786693153,-0.0778806364716389,True
20261004,fs,27,3.3,4.5,0,0,bounded,-0.005,-25,3000,True,9.992211936351061e-05,9.951458255213308e-05,1.254174478669077,2.045825521330923,1.700065299722021,0.0007780476715273062,0.5895781739547827,0.5896193332510155,-0.0,1.0,-0.0,1.0,0.0,1.0,0.0,1.0,0.0,1.0,-0.0,1.0,1.0040952471580136,-0.48541744786693153,-0.07788063648939136,True
20261004,fs,27,3.3,4.5,0,0,bounded,-0.005,25,-3000,True,9.992211936352836e-05,9.951458255213308e-05,1.254174478669076,2.045825521330924,1.700065299722001,0.000778047671527386,0.5895781739547827,0.5896193332510155,-0.0,1.0,-0.0,1.0,0.0,1.0,0.0,1.0,0.0,1.0,-0.0,1.0,1.004095247158192,-0.48541744786693153,-0.0778806364716389,True
20261004,fs,27,3.3,4.5,0,0,bounded,-0.005,25,3000,True,9.992211936351061e-05,9.951458255213308e-05,1.254174478669077,2.045825521330923,1.700065299722021,0.0007780476715273062,0.5895781739547827,0.5896193332510155,-0.0,1.0,-0.0,1.0,0.0,1.0,0.0,1.0,0.0,1.0,-0.0,1.0,1.0040952471580136,-0.48541744786693153,-0.07788063648939136,True
20261004,fs,27,3.3,4.5,0,0,bounded,0.005,-25,-3000,True,0.0001009198633004741,0.0001005142258952908,1.257741047091449,2.042258952908552,1.699244454876463,0.0007858363422760634,0.5895861213668574,0.5896277385331224,-0.0,1.0,-0.0,1.0,0.0,1.0,0.0,1.0,0.0,1.0,-0.0,1.0,1.0040356218392994,0.5142258952907985,0.9198633004740886,True
20261004,fs,27,3.3,4.5,0,0,bounded,0.005,-25,3000,True,0.0001009198633005096,0.0001005142258952908,1.25774104709148,2.04225895290852,1.699244454876436,0.0007858363422762234,0.5895861213668592,0.5896277385331224,-0.0,1.0,-0.0,1.0,0.0,1.0,0.0,1.0,0.0,1.0,-0.0,1.0,1.0040356218396524,0.5142258952907985,0.9198633005095935,True
20261004,fs,27,3.3,4.5,0,0,bounded,0.005,25,-3000,True,0.0001009198633004741,0.0001005142258952908,1.257741047091449,2.042258952908552,1.699244454876463,0.0007858363422760634,0.5895861213668574,0.5896277385331224,-0.0,1.0,-0.0,1.0,0.0,1.0,0.0,1.0,0.0,1.0,-0.0,1.0,1.0040356218392994,0.5142258952907985,0.9198633004740886,True
20261004,fs,27,3.3,4.5,0,0,bounded,0.005,25,3000,True,0.0001009198633005096,0.0001005142258952908,1.25774104709148,2.04225895290852,1.699244454876436,0.0007858363422762234,0.5895861213668592,0.5896277385331224,-0.0,1.0,-0.0,1.0,0.0,1.0,0.0,1.0,0.0,1.0,-0.0,1.0,1.0040356218396524,0.5142258952907985,0.9198633005095935,True
20261004,fs,27,3.3,5,0,0,bounded,-0.005,-25,-3000,True,0.0001003532747879134,9.951458245429618e-05,1.254175457038137,2.045824542961863,2.19970964748511,0.000830164508008117,0.5895816041967008,0.5896195381830024,-0.0,1.0,-0.0,1.0,0.0,1.0,0.0,1.0,0.0,1.0,-0.0,1.0,1.0084278335187953,-0.48541754570382567,0.3532747879134046,True
20261004,fs,27,3.3,5,0,0,bounded,-0.005,-25,3000,True,0.0001003532747879489,9.951458245429618e-05,1.254175457038173,2.045824542961827,2.199709647485089,0.0008301645080082946,0.5895816041967008,0.5896195381830024,-0.0,1.0,-0.0,1.0,0.0,1.0,0.0,1.0,0.0,1.0,-0.0,1.0,1.0084278335191519,-0.48541754570382567,0.35327478794888734,True
20261004,fs,27,3.3,5,0,0,bounded,-0.005,25,-3000,True,0.0001003532747879134,9.951458245429618e-05,1.254175457038137,2.045824542961863,2.19970964748511,0.000830164508008117,0.5895816041967008,0.5896195381830024,-0.0,1.0,-0.0,1.0,0.0,1.0,0.0,1.0,0.0,1.0,-0.0,1.0,1.0084278335187953,-0.48541754570382567,0.3532747879134046,True
20261004,fs,27,3.3,5,0,0,bounded,-0.005,25,3000,True,0.0001003532747879489,9.951458245429618e-05,1.254175457038173,2.045824542961827,2.199709647485089,0.0008301645080082946,0.5895816041967008,0.5896195381830024,-0.0,1.0,-0.0,1.0,0.0,1.0,0.0,1.0,0.0,1.0,-0.0,1.0,1.0084278335191519,-0.48541754570382567,0.35327478794888734,True
20261004,fs,27,3.3,5,0,0,bounded,0.005,-25,-3000,True,0.0001013541649865991,0.0001005142257967475,1.257742032524363,2.042257967475638,2.198889532566505,0.0008384677820317691,0.5895895766111663,0.5896279449584433,-0.0,1.0,-0.0,1.0,0.0,1.0,0.0,1.0,0.0,1.0,-0.0,1.0,1.0083564210259157,0.5142257967474917,1.3541649865990824,True
20261004,fs,27,3.3,5,0,0,bounded,0.005,-25,3000,True,0.0001013541649866169,0.0001005142257967475,1.257742032524397,2.042257967475603,2.198889532566502,0.000838467782031858,0.5895895766111663,0.5896279449584433,-0.0,1.0,-0.0,1.0,0.0,1.0,0.0,1.0,0.0,1.0,-0.0,1.0,1.008356421026093,0.5142257967474917,1.3541649866168903,True
20261004,fs,27,3.3,5,0,0,bounded,0.005,25,-3000,True,0.0001013541649865991,0.0001005142257967475,1.257742032524363,2.042257967475638,2.198889532566505,0.0008384677820317691,0.5895895766111663,0.5896279449584433,-0.0,1.0,-0.0,1.0,0.0,1.0,0.0,1.0,0.0,1.0,-0.0,1.0,1.0083564210259157,0.5142257967474917,1.3541649865990824,True
20261004,fs,27,3.3,5,0,0,bounded,0.005,25,3000,True,0.0001013541649866169,0.0001005142257967475,1.257742032524397,2.042257967475603,2.198889532566502,0.000838467782031858,0.5895895766111663,0.5896279449584433,-0.0,1.0,-0.0,1.0,0.0,1.0,0.0,1.0,0.0,1.0,-0.0,1.0,1.008356421026093,0.5142257967474917,1.3541649866168903,True
20261004,fs,27,3.3,5.5,0,0,bounded,-0.005,-25,-3000,True,0.000100744138737559,9.951458236560615e-05,1.254176343938353,2.045823656061648,2.699388469081731,0.0008824908968325751,0.5895846954325534,0.5896197239247409,-0.0,1.0,-0.0,1.0,0.0,1.0,0.0,1.0,0.0,1.0,-0.0,1.0,1.0123555396879986,-0.48541763439385877,0.7441387375589859,True
20261004,fs,27,3.3,5.5,0,0,bounded,-0.005,-25,3000,True,0.0001007441387375412,9.951458236560615e-05,1.254176343938357,2.045823656061643,2.699388469081733,0.0008824908968324775,0.5895846954325534,0.5896197239247409,-0.0,1.0,-0.0,1.0,0.0,1.0,0.0,1.0,0.0,1.0,-0.0,1.0,1.0123555396878197,-0.48541763439385877,0.7441387375412001,True
20261004,fs,27,3.3,5.5,0,0,bounded,-0.005,25,-3000,True,0.000100744138737559,9.951458236560615e-05,1.254176343938353,2.045823656061648,2.699388469081731,0.0008824908968325751,0.5895846954325534,0.5896197239247409,-0.0,1.0,-0.0,1.0,0.0,1.0,0.0,1.0,0.0,1.0,-0.0,1.0,1.0123555396879986,-0.48541763439385877,0.7441387375589859,True
20261004,fs,27,3.3,5.5,0,0,bounded,-0.005,25,3000,True,0.0001007441387375412,9.951458236560615e-05,1.254176343938357,2.045823656061643,2.699388469081733,0.0008824908968324775,0.5895846954325534,0.5896197239247409,-0.0,1.0,-0.0,1.0,0.0,1.0,0.0,1.0,0.0,1.0,-0.0,1.0,1.0123555396878197,-0.48541763439385877,0.7441387375412001,True
20261004,fs,27,3.3,5.5,0,0,bounded,0.005,-25,-3000,True,0.0001017475825225827,0.0001005142257074848,1.257742925151638,2.042257074848362,2.698569252018689,0.0008913086606784138,0.5895926884439623,0.5896281319126617,-0.0,1.0,-0.0,1.0,0.0,1.0,0.0,1.0,0.0,1.0,-0.0,1.0,1.012270470238583,0.5142257074848056,1.7475825225826913,True
20261004,fs,27,3.3,5.5,0,0,bounded,0.005,-25,3000,True,0.0001017475825225827,0.0001005142257074848,1.25774292515164,2.04225707484836,2.698569252018677,0.0008913086606784138,0.5895926884439623,0.5896281319126617,-0.0,1.0,-0.0,1.0,0.0,1.0,0.0,1.0,0.0,1.0,-0.0,1.0,1.012270470238583,0.5142257074848056,1.7475825225826913,True
20261004,fs,27,3.3,5.5,0,0,bounded,0.005,25,-3000,True,0.0001017475825225827,0.0001005142257074848,1.257742925151638,2.042257074848362,2.698569252018689,0.0008913086606784138,0.5895926884439623,0.5896281319126617,-0.0,1.0,-0.0,1.0,0.0,1.0,0.0,1.0,0.0,1.0,-0.0,1.0,1.012270470238583,0.5142257074848056,1.7475825225826913,True
20261004,fs,27,3.3,5.5,0,0,bounded,0.005,25,3000,True,0.0001017475825225827,0.0001005142257074848,1.25774292515164,2.04225707484836,2.698569252018677,0.0008913086606784138,0.5895926884439623,0.5896281319126617,-0.0,1.0,-0.0,1.0,0.0,1.0,0.0,1.0,0.0,1.0,-0.0,1.0,1.012270470238583,0.5142257074848056,1.7475825225826913,True
20261004,fs,27,3.63,4.5,0,0,bounded,-0.005,-25,-3000,True,9.985626726057551e-05,9.944860614973963e-05,1.253938502603653,2.376061497396347,1.700119746788287,0.0008103516574846455,0.5895776494150713,0.5896187784995155,-0.0,1.0,-0.0,1.0,0.0,1.0,0.0,1.0,0.0,1.0,-0.0,1.0,1.0040992139218328,-0.5513938502603732,-0.14373273942448472,True
20261004,fs,27,3.63,4.5,0,0,bounded,-0.005,-25,3000,True,0.0001000538250076436,9.964653537865325e-05,1.254646213467415,2.375353786532585,1.699956505462108,0.0008119591504473429,0.5895792230451894,0.589620442754262,-0.0,1.0,-0.0,1.0,0.0,1.0,0.0,1.0,0.0,1.0,-0.0,1.0,1.0040873436034947,-0.35346462134675516,0.053825007643593104,True
20261004,fs,27,3.63,4.5,0,0,bounded,-0.005,25,-3000,True,9.985626726057551e-05,9.944860614973963e-05,1.253938502603653,2.376061497396347,1.700119746788287,0.0008103516574846455,0.5895776494150713,0.5896187784995155,-0.0,1.0,-0.0,1.0,0.0,1.0,0.0,1.0,0.0,1.0,-0.0,1.0,1.0040992139218328,-0.5513938502603732,-0.14373273942448472,True
20261004,fs,27,3.63,4.5,0,0,bounded,-0.005,25,3000,True,0.0001000538250076436,9.964653537865325e-05,1.254646213467415,2.375353786532585,1.699956505462108,0.0008119591504473429,0.5895792230451894,0.589620442754262,-0.0,1.0,-0.0,1.0,0.0,1.0,0.0,1.0,0.0,1.0,-0.0,1.0,1.0040873436034947,-0.35346462134675516,0.053825007643593104,True
20261004,fs,27,3.63,4.5,0,0,bounded,0.005,-25,-3000,True,0.0001008540143785678,0.0001004482493838526,1.257506161473602,2.372493838526398,1.699298393432721,0.0008184702244555177,0.5895855968575522,0.5896271837879716,-0.0,1.0,-0.0,1.0,0.0,1.0,0.0,1.0,0.0,1.0,-0.0,1.0,1.0040395427217912,0.4482493838525947,0.8540143785678023,True
20261004,fs,27,3.63,4.5,0,0,bounded,0.005,-25,3000,True,0.0001010515626201195,0.0001006461789395804,1.258210604195825,2.371789395804174,1.699136675619308,0.0008200776758296542,0.5895871703967482,0.5896288480236843,-0.0,1.0,-0.0,1.0,0.0,1.0,0.0,1.0,0.0,1.0,-0.0,1.0,1.0040278099457949,0.6461789395803885,1.051562620119495,True
20261004,fs,27,3.63,4.5,0,0,bounded,0.005,25,-3000,True,0.0001008540143785678,0.0001004482493838526,1.257506161473602,2.372493838526398,1.699298393432721,0.0008184702244555177,0.5895855968575522,0.5896271837879716,-0.0,1.0,-0.0,1.0,0.0,1.0,0.0,1.0,0.0,1.0,-0.0,1.0,1.0040395427217912,0.4482493838525947,0.8540143785678023,True
20261004,fs,27,3.63,4.5,0,0,bounded,0.005,25,3000,True,0.0001010515626201195,0.0001006461789395804,1.258210604195825,2.371789395804174,1.699136675619308,0.0008200776758296542,0.5895871703967482,0.5896288480236843,-0.0,1.0,-0.0,1.0,0.0,1.0,0.0,1.0,0.0,1.0,-0.0,1.0,1.0040278099457949,0.6461789395803885,1.051562620119495,True
20261004,fs,27,3.63,5,0,0,bounded,-0.005,-25,-3000,True,0.0001002872149874569,9.944860605194936e-05,1.253939480506314,2.376060519493685,2.199764045785949,0.0008624345293942873,0.5895810780064563,0.5896189833329208,-0.0,1.0,-0.0,1.0,0.0,1.0,0.0,1.0,0.0,1.0,-0.0,1.0,1.0084325861246308,-0.551393948050638,0.28721498745689633,True
20261004,fs,27,3.63,5,0,0,bounded,-0.005,-25,3000,True,0.0001004853958158626,9.96465352807231e-05,1.254647192768998,2.375352807231002,2.199600950536641,0.0008641439166368041,0.5895826565880725,0.589620647883408,-0.0,1.0,-0.0,1.0,0.0,1.0,0.0,1.0,0.0,1.0,-0.0,1.0,1.0084183612884912,-0.35346471927690803,0.4853958158625993,True
20261004,fs,27,3.63,5,0,0,bounded,-0.005,25,-3000,True,0.0001002872149874569,9.944860605194936e-05,1.253939480506314,2.376060519493685,2.199764045785949,0.0008624345293942873,0.5895810780064563,0.5896189833329208,-0.0,1.0,-0.0,1.0,0.0,1.0,0.0,1.0,0.0,1.0,-0.0,1.0,1.0084325861246308,-0.551393948050638,0.28721498745689633,True
20261004,fs,27,3.63,5,0,0,bounded,-0.005,25,3000,True,0.0001004853958158626,9.96465352807231e-05,1.254647192768998,2.375352807231002,2.199600950536641,0.0008641439166368041,0.5895826565880725,0.589620647883408,-0.0,1.0,-0.0,1.0,0.0,1.0,0.0,1.0,0.0,1.0,-0.0,1.0,1.0084183612884912,-0.35346471927690803,0.4853958158625993,True
20261004,fs,27,3.63,5,0,0,bounded,0.005,-25,-3000,True,0.0001012881084529162,0.0001004482492853559,1.257507146440398,2.372492853559601,2.198943423461691,0.0008710677016588712,0.5895890504520496,0.5896273901147551,-0.0,1.0,-0.0,1.0,0.0,1.0,0.0,1.0,0.0,1.0,-0.0,1.0,1.0083611130461259,0.44824928535589503,1.2881084529162035,True
20261004,fs,27,3.63,5,0,0,bounded,0.005,-25,3000,True,0.0001014862795205253,0.0001006461788409439,1.258211590561078,2.371788409438921,2.198781848417145,0.0008727770412836676,0.5895906289405914,0.5896290546460782,-0.0,1.0,-0.0,1.0,0.0,1.0,0.0,1.0,0.0,1.0,-0.0,1.0,1.0083470697969472,0.6461788409438896,1.486279520525291,True
20261004,fs,27,3.63,5,0,0,bounded,0.005,25,-3000,True,0.0001012881084529162,0.0001004482492853559,1.257507146440398,2.372492853559601,2.198943423461691,0.0008710677016588712,0.5895890504520496,0.5896273901147551,-0.0,1.0,-0.0,1.0,0.0,1.0,0.0,1.0,0.0,1.0,-0.0,1.0,1.0083611130461259,0.44824928535589503,1.2881084529162035,True
20261004,fs,27,3.63,5,0,0,bounded,0.005,25,3000,True,0.0001014862795205253,0.0001006461788409439,1.258211590561078,2.371788409438921,2.198781848417145,0.0008727770412836676,0.5895906289405914,0.5896290546460782,-0.0,1.0,-0.0,1.0,0.0,1.0,0.0,1.0,0.0,1.0,-0.0,1.0,1.0083470697969472,0.6461788409438896,1.486279520525291,True
20261004,fs,27,3.63,5.5,0,0,bounded,-0.005,-25,-3000,True,0.0001006779102242011,9.944860596329717e-05,1.253940367028195,2.376059632971805,2.699442807545794,0.0009147269603683047,0.5895841678813247,0.5896191689945484,-0.0,1.0,-0.0,1.0,0.0,1.0,0.0,1.0,0.0,1.0,-0.0,1.0,1.0123612015371801,-0.5513940367028347,0.6779102242010948,True
20261004,fs,27,3.63,5.5,0,0,bounded,-0.005,-25,3000,True,0.0001008765971299912,9.96465351919574e-05,1.254648080425957,2.375351919574043,2.699279891591726,0.0009165382214502357,0.5895857505453392,0.589620833785333,-0.0,1.0,-0.0,1.0,0.0,1.0,0.0,1.0,0.0,1.0,-0.0,1.0,1.012344251966857,-0.35346480804260283,0.8765971299911968,True
20261004,fs,27,3.63,5.5,0,0,bounded,-0.005,25,-3000,True,0.0001006779102242011,9.944860596329717e-05,1.253940367028195,2.376059632971805,2.699442807545794,0.0009147269603683047,0.5895841678813247,0.5896191689945484,-0.0,1.0,-0.0,1.0,0.0,1.0,0.0,1.0,0.0,1.0,-0.0,1.0,1.0123612015371801,-0.5513940367028347,0.6779102242010948,True
20261004,fs,27,3.63,5.5,0,0,bounded,-0.005,25,3000,True,0.0001008765971299912,9.96465351919574e-05,1.254648080425957,2.375351919574043,2.699279891591726,0.0009165382214502357,0.5895857505453392,0.589620833785333,-0.0,1.0,-0.0,1.0,0.0,1.0,0.0,1.0,0.0,1.0,-0.0,1.0,1.012344251966857,-0.35346480804260283,0.8765971299911968,True
20261004,fs,27,3.63,5.5,0,0,bounded,0.005,-25,-3000,True,0.0001016813576086389,0.000100448249196131,1.257508038690071,2.372491961309929,2.698623084158927,0.0009238746259179849,0.589592160926857,0.5896275769890257,-0.0,1.0,-0.0,1.0,0.0,1.0,0.0,1.0,0.0,1.0,-0.0,1.0,1.0122760567991602,0.4482491961310009,1.6813576086389004,True
20261004,fs,27,3.63,5.5,0,0,bounded,0.005,-25,3000,True,0.0001018800337573982,0.0001006461787516057,1.258212483943321,2.371787516056679,2.698461685169415,0.0009256858290225092,0.5895937434888316,0.5896292417601673,-0.0,1.0,-0.0,1.0,0.0,1.0,0.0,1.0,0.0,1.0,-0.0,1.0,1.0122593328539342,0.6461787516057083,1.8800337573982029,True
20261004,fs,27,3.63,5.5,0,0,bounded,0.005,25,-3000,True,0.0001016813576086389,0.000100448249196131,1.257508038690071,2.372491961309929,2.698623084158927,0.0009238746259179849,0.589592160926857,0.5896275769890257,-0.0,1.0,-0.0,1.0,0.0,1.0,0.0,1.0,0.0,1.0,-0.0,1.0,1.0122760567991602,0.4482491961310009,1.6813576086389004,True
20261004,fs,27,3.63,5.5,0,0,bounded,0.005,25,3000,True,0.0001018800337573982,0.0001006461787516057,1.258212483943321,2.371787516056679,2.698461685169415,0.0009256858290225092,0.5895937434888316,0.5896292417601673,-0.0,1.0,-0.0,1.0,0.0,1.0,0.0,1.0,0.0,1.0,-0.0,1.0,1.0122593328539342,0.6461787516057083,1.8800337573982029,True
20261004,fs,85,2.97,4.5,0,0,bounded,-0.005,-25,-3000,True,9.979398692475363e-05,9.94337691999466e-05,1.272308000534048,1.697691999465952,1.678878857569478,0.0007443912454057617,0.5111380038867932,0.511180297065402,-0.0,1.0,-0.0,1.0,0.0,1.0,0.0,1.0,0.0,1.0,-0.0,1.0,1.003622690034838,-0.5662308000534022,-0.20601307524636958,True
20261004,fs,85,2.97,4.5,0,0,bounded,-0.005,-25,3000,True,9.959656534824481e-05,9.92358506529846e-05,1.271493470153825,1.698506529846175,1.679072077899483,0.0007429150302270594,0.5111364004076678,0.5111786002255035,-0.0,1.0,-0.0,1.0,0.0,1.0,0.0,1.0,0.0,1.0,-0.0,1.0,1.003634923194457,-0.7641493470154082,-0.40343465175519677,True
20261004,fs,85,2.97,4.5,0,0,bounded,-0.005,25,-3000,True,0.0001000831358828284,9.972365003356865e-05,1.273499664313269,1.696500335686731,1.678596515486534,0.0007465533617930168,0.5111403523800884,0.5111827823290545,-0.0,1.0,-0.0,1.0,0.0,1.0,0.0,1.0,0.0,1.0,-0.0,1.0,1.0036048204125976,-0.2763499664313551,0.08313588282840012,True
20261004,fs,85,2.97,4.5,0,0,bounded,-0.005,25,3000,True,9.98857174351412e-05,9.952573137827793e-05,1.272686217220578,1.697313782779422,1.678789202524431,0.0007450771603721893,0.5111387489307737,0.5111810854947573,-0.0,1.0,-0.0,1.0,0.0,1.0,0.0,1.0,0.0,1.0,-0.0,1.0,1.0036170149355148,-0.47426862172207374,-0.11428256485880306,True
20261004,fs,85,2.97,4.5,0,0,bounded,0.005,-25,-3000,True,0.0001007910330008902,0.0001004333589473707,1.276410526292419,1.693589473707581,1.677908536049332,0.0007518467342982935,0.5111461019556032,0.5111888669054331,-0.0,1.0,-0.0,1.0,0.0,1.0,0.0,1.0,0.0,1.0,-0.0,1.0,1.0035613072914042,0.43335894737071,0.7910330008902067,True
20261004,fs,85,2.97,4.5,0,0,bounded,0.005,-25,3000,True,0.0001005936221889085,0.0001002354400288057,1.275599711942433,1.694400288057567,1.678099930424574,0.0007503705664561708,0.5111444985790773,0.5111871700848538,-0.0,1.0,-0.0,1.0,0.0,1.0,0.0,1.0,0.0,1.0,-0.0,1.0,1.0035734083673387,0.23544002880568904,0.5936221889085047,True
20261004,fs,85,2.97,4.5,0,0,bounded,0.005,25,-3000,True,0.0001010801662170328,0.0001007232403233118,1.277596766881894,1.692403233118106,1.677628855352122,0.0007540087814574504,0.5111484502988201,0.5111913521407918,-0.0,1.0,-0.0,1.0,0.0,1.0,0.0,1.0,0.0,1.0,-0.0,1.0,1.0035436299763123,0.7232403233117912,1.0801662170327964,True
20261004,fs,85,2.97,4.5,0,0,bounded,0.005,25,3000,True,0.0001008827585141551,0.0001005253212979983,1.276787020017115,1.693212979982885,1.677819726973484,0.0007525326272893371,0.5111468469519469,0.5111896553258171,-0.0,1.0,-0.0,1.0,0.0,1.0,0.0,1.0,0.0,1.0,-0.0,1.0,1.0035556933471241,0.5253212979982935,0.8827585141550909,True
20261004,fs,85,2.97,5,0,0,bounded,-0.005,-25,-3000,True,0.0001001987993566934,9.94337691078108e-05,1.272308921891993,1.697691078108007,2.178483791505066,0.0007963123007542388,0.5111412879642735,0.511180493261137,-0.0,1.0,-0.0,1.0,0.0,1.0,0.0,1.0,0.0,1.0,-0.0,1.0,1.0076938675436624,-0.5662308921892012,0.1987993566934021,True
20261004,fs,85,2.97,5,0,0,bounded,-0.005,-25,3000,True,0.0001000007428015727,9.923585056099197e-05,1.271494390080169,1.698505609919831,2.178676890018582,0.0007947341998945524,0.5111396793396571,0.5111787961138831,-0.0,1.0,-0.0,1.0,0.0,1.0,0.0,1.0,0.0,1.0,-0.0,1.0,1.0077078216819497,-0.7641494390080328,0.0007428015726951287,True
20261004,fs,85,2.97,5,0,0,bounded,-0.005,25,-3000,True,0.0001004888785328396,9.972364994122315e-05,1.273500587768422,1.696499412231578,2.178201626539535,0.0007986236427102292,0.5111436439954649,0.5111829789750554,-0.0,1.0,-0.0,1.0,0.0,1.0,0.0,1.0,0.0,1.0,-0.0,1.0,1.007673491614752,-0.27635005877685304,0.48887853283958727,True
20261004,fs,85,2.97,5,0,0,bounded,-0.005,25,3000,True,0.0001002908249450164,9.952573128607562e-05,1.272687139243745,1.697312860756255,2.178394192816044,0.0007970455563652901,0.5111420353993814,0.5111812818333257,-0.0,1.0,-0.0,1.0,0.0,1.0,0.0,1.0,0.0,1.0,-0.0,1.0,1.0076873955011856,-0.4742687139243862,0.2908249450163991,True
20261004,fs,85,2.97,5,0,0,bounded,0.005,-25,-3000,True,0.0001011990540997267,0.0001004333588545116,1.276411454883974,1.693588545116026,2.177514074266633,0.0008042823560170964,0.511149412033892,0.5111890646542867,-0.0,1.0,-0.0,1.0,0.0,1.0,0.0,1.0,0.0,1.0,-0.0,1.0,1.0076239135477316,0.4333588545115896,1.199054099726693,True
20261004,fs,85,2.97,5,0,0,bounded,0.005,-25,3000,True,0.0001010010077418534,0.0001002354399360899,1.275600639101199,1.694399360898801,2.177705350435407,0.0008027043050400202,0.5111478035073854,0.5111873675260826,-0.0,1.0,-0.0,1.0,0.0,1.0,0.0,1.0,0.0,1.0,-0.0,1.0,1.0076376958713569,0.23543993608989844,1.001007741853388,True
20261004,fs,85,2.97,5,0,0,bounded,0.005,25,-3000,True,0.0001014891183749923,0.0001007232402302428,1.277597697572128,1.692402302427872,2.17723456542783,0.0008065936250793631,0.5111517679216664,0.5111915503403102,-0.0,1.0,-0.0,1.0,0.0,1.0,0.0,1.0,0.0,1.0,-0.0,1.0,1.0076037877951383,0.7232402302427943,1.489118374992282,True
20261004,fs,85,2.97,5,0,0,bounded,0.005,25,3000,True,0.0001012910749562791,0.0001005253212050726,1.276787949274249,1.693212050725751,2.177425319874953,0.0008050155884810456,0.5111501594234666,0.5111898532176266,-0.0,1.0,-0.0,1.0,0.0,1.0,0.0,1.0,0.0,1.0,-0.0,1.0,1.007617521058643,0.525321205072582,1.2910749562790924,True
20261004,fs,85,2.97,5.5,0,0,bounded,-0.005,-25,-3000,True,0.0001005578761304254,9.94337690260863e-05,1.272309739137086,1.697690260862914,2.678134625148971,0.000848386622445343,0.5111441927105274,0.5111806672729989,-0.0,1.0,-0.0,1.0,0.0,1.0,0.0,1.0,0.0,1.0,-0.0,1.0,1.0113050839302309,-0.5662309739137061,0.5578761304253943,True
20261004,fs,85,2.97,5.5,0,0,bounded,-0.005,-25,3000,True,0.0001003593260651475,9.92358504793786e-05,1.271495206214009,1.698504793785991,2.678327548827506,0.0008467067790026438,0.5111425800479391,0.5111789698868224,-0.0,1.0,-0.0,1.0,0.0,1.0,0.0,1.0,0.0,1.0,-0.0,1.0,1.01132126726724,-0.7641495206214155,0.35932606514750276,True
20261004,fs,85,2.97,5.5,0,0,bounded,-0.005,25,-3000,True,0.0001008486779204337,9.972364985933593e-05,1.273501406640437,1.696498593359563,2.677852715021675,0.0008508469783651532,0.511146554653903,0.5111831533367523,-0.0,1.0,-0.0,1.0,0.0,1.0,0.0,1.0,0.0,1.0,-0.0,1.0,1.0112814569330812,-0.27635014066407226,0.8486779204337047,True
20261004,fs,85,2.97,5.5,0,0,bounded,-0.005,25,3000,True,0.0001006501309877788,9.95257312042995e-05,1.27268795700492,1.69731204299508,2.678045107463682,0.0008491671518301405,0.5111449420214822,0.511181455956182,-0.0,1.0,-0.0,1.0,0.0,1.0,0.0,1.0,0.0,1.0,-0.0,1.0,1.011297578725357,-0.4742687957005054,0.6501309877787964,True
20261004,fs,85,2.97,5.5,0,0,bounded,0.005,-25,-3000,True,0.0001015606216384751,0.0001004333587722263,1.276412277736994,1.693587722263006,2.677165780534482,0.000856870504285659,0.5111523371570614,0.5111892398719762,-0.0,1.0,-0.0,1.0,0.0,1.0,0.0,1.0,0.0,1.0,-0.0,1.0,1.0112239885236272,0.4333587722262999,1.5606216384750793,True
20261004,fs,85,2.97,5.5,0,0,bounded,0.005,-25,3000,True,0.0001013620823328747,0.0001002354398539155,1.275601460844378,1.694398539155622,2.677356885288804,0.0008551907189174768,0.5111507245981353,0.5111875425051281,-0.0,1.0,-0.0,1.0,0.0,1.0,0.0,1.0,0.0,1.0,-0.0,1.0,1.0112399614407956,0.23543985391549782,1.3620823328746923,True
20261004,fs,85,2.97,5.5,0,0,bounded,0.005,25,-3000,True,0.0001018514077119886,0.000100723240147795,1.27759852205009,1.69240147794991,2.676886521553031,0.000859330775375427,0.5111546989489673,0.5111917259074249,-0.0,1.0,-0.0,1.0,0.0,1.0,0.0,1.0,0.0,1.0,-0.0,1.0,1.0112006679147552,0.7232401477949901,1.8514077119885952,True
20261004,fs,85,2.97,5.5,0,0,bounded,0.005,25,3000,True,0.0001016528715044434,0.0001005253211227357,1.2767887726428,1.6932112273572,2.677077105562487,0.0008576510067295068,0.5111530864199193,0.511190028546181,-0.0,1.0,-0.0,1.0,0.0,1.0,0.0,1.0,0.0,1.0,-0.0,1.0,1.0112165807491529,0.5253211227357113,1.6528715044433984,True
20261004,fs,85,3.3,4.5,0,0,bounded,-0.005,-25,-3000,True,9.972818340498271e-05,9.93677963427241e-05,1.272036572759107,2.027963427240893,1.678943220419948,0.0007766905652570426,0.5111374694240671,0.5111797314543676,-0.0,1.0,-0.0,1.0,0.0,1.0,0.0,1.0,0.0,1.0,-0.0,1.0,1.0036267993809143,-0.6322036572758982,-0.2718165950172935,True
20261004,fs,85,3.3,4.5,0,0,bounded,-0.005,-25,3000,True,9.972818340500046e-05,9.936779634272408e-05,1.272036572759149,2.027963427240851,1.678943220419937,0.0007766905652571225,0.5111374694240671,0.5111797314543676,-0.0,1.0,-0.0,1.0,0.0,1.0,0.0,1.0,0.0,1.0,-0.0,1.0,1.0036267993810932,-0.6322036572759315,-0.27181659499954103,True
20261004,fs,85,3.3,4.5,0,0,bounded,-0.005,25,-3000,True,0.0001000173334250524,9.965767714027174e-05,1.27322859728247,2.026771402717531,1.678660700798434,0.000778948346979214,0.5111398179274524,0.5111822167198973,-0.0,1.0,-0.0,1.0,0.0,1.0,0.0,1.0,0.0,1.0,-0.0,1.0,1.0036089169956715,-0.34232285972827237,0.01733342505239044,True
20261004,fs,85,3.3,4.5,0,0,bounded,-0.005,25,3000,True,0.0001000173334249991,9.965767714027175e-05,1.273228597282407,2.026771402717593,1.678660700798463,0.0007789483469789742,0.5111398179274524,0.5111822167198973,-0.0,1.0,-0.0,1.0,0.0,1.0,0.0,1.0,0.0,1.0,-0.0,1.0,1.0036089169951365,-0.34232285972825016,0.017333424999099734,True
20261004,fs,85,3.3,4.5,0,0,bounded,0.005,-25,-3000,True,0.0001007252331354939,0.0001003673859664008,1.276140335991777,2.023859664008223,1.677972291016832,0.0007844759348023826,0.5111455675276144,0.5111883013008736,-0.0,1.0,-0.0,1.0,0.0,1.0,0.0,1.0,0.0,1.0,-0.0,1.0,1.0035653730108394,0.3673859664008017,0.7252331354938857,True
20261004,fs,85,3.3,4.5,0,0,bounded,0.005,-25,3000,True,0.0001007252331354761,0.0001003673859664008,1.276140335991746,2.023859664008254,1.677972291016854,0.0007844759348023027,0.5111455675276144,0.5111883013008736,-0.0,1.0,-0.0,1.0,0.0,1.0,0.0,1.0,0.0,1.0,-0.0,1.0,1.003565373010662,0.3673859664008017,0.7252331354760999,True
20261004,fs,85,3.3,4.5,0,0,bounded,0.005,25,-3000,True,0.0001010143674073964,0.0001006572673067933,1.277326932066225,2.022673067933775,1.677692436286708,0.0007867336474491854,0.5111479158808733,0.5111907865381093,-0.0,1.0,-0.0,1.0,0.0,1.0,0.0,1.0,0.0,1.0,-0.0,1.0,1.00354768324392,0.6572673067932966,1.0143674073963993,True
20261004,fs,85,3.3,4.5,0,0,bounded,0.005,25,3000,True,0.0001010143674073786,0.0001006572673067933,1.277326932066223,2.022673067933777,1.677692436286714,0.0007867336474491054,0.5111479158808733,0.5111907865381093,-0.0,1.0,-0.0,1.0,0.0,1.0,0.0,1.0,0.0,1.0,-0.0,1.0,1.0035476832437433,0.6572673067932966,1.0143674073785913,True
20261004,fs,85,3.3,5,0,0,bounded,-0.005,-25,-3000,True,0.0001001327841762957,9.936779625063601e-05,1.272037493639855,2.027962506360145,2.178548113832412,0.0008285776605121921,0.5111407517863781,0.5111799275476527,-0.0,1.0,-0.0,1.0,0.0,1.0,0.0,1.0,0.0,1.0,-0.0,1.0,1.0076985497769333,-0.6322037493639909,0.13278417629569716,True
20261004,fs,85,3.3,5,0,0,bounded,-0.005,-25,3000,True,0.0001001327841762602,9.936779625063602e-05,1.272037493639728,2.027962506360272,2.178548113832456,0.0008285776605120143,0.5111407517863781,0.5111799275476527,-0.0,1.0,-0.0,1.0,0.0,1.0,0.0,1.0,0.0,1.0,-0.0,1.0,1.007698549776576,-0.6322037493639798,0.13278417626019223,True
20261004,fs,85,3.3,5,0,0,bounded,-0.005,25,-3000,True,0.0001004228643604001,9.965767704797397e-05,1.273229520260149,2.026770479739851,2.17826577167955,0.000830984668063839,0.5111431078272288,0.5111824132634202,-0.0,1.0,-0.0,1.0,0.0,1.0,0.0,1.0,0.0,1.0,-0.0,1.0,1.0076781572187137,-0.3423229520260307,0.4228643604000881,True
20261004,fs,85,3.3,5,0,0,bounded,-0.005,25,3000,True,0.0001004228643603645,9.965767704797398e-05,1.273229520260081,2.026770479739919,2.178265771679599,0.0008309846680636614,0.5111431078272288,0.5111824132634202,-0.0,1.0,-0.0,1.0,0.0,1.0,0.0,1.0,0.0,1.0,-0.0,1.0,1.0076781572183562,-0.3423229520260196,0.4228643603644944,True
20261004,fs,85,3.3,5,0,0,bounded,0.005,-25,-3000,True,0.0001011330423840952,0.0001003673858735894,1.276141264105493,2.023858735894507,2.177577789912682,0.0008368775973068478,0.5111488758892314,0.5111884989471863,-0.0,1.0,-0.0,1.0,0.0,1.0,0.0,1.0,0.0,1.0,-0.0,1.0,1.0076285389306654,0.36738587358939867,1.1330423840951953,True
20261004,fs,85,3.3,5,0,0,bounded,0.005,-25,3000,True,0.0001011330423841129,0.0001003673858735894,1.276141264105532,2.023858735894469,2.177577789912664,0.0008368775973069365,0.5111488758892314,0.5111884989471863,-0.0,1.0,-0.0,1.0,0.0,1.0,0.0,1.0,0.0,1.0,-0.0,1.0,1.007628538930842,0.36738587358939867,1.1330423841128923,True
20261004,fs,85,3.3,5,0,0,bounded,0.005,25,-3000,True,0.0001014231076584372,0.0001006572672137721,1.277327862278803,2.022672137721198,2.177298107384434,0.0008392845321010669,0.5111512317865989,0.5111909846350554,-0.0,1.0,-0.0,1.0,0.0,1.0,0.0,1.0,0.0,1.0,-0.0,1.0,1.007608396948018,0.6572672137721058,1.4231076584371838,True
20261004,fs,85,3.3,5,0,0,bounded,0.005,25,3000,True,0.000101423107658455,0.0001006572672137721,1.277327862278778,2.022672137721223,2.177298107384436,0.0008392845321011556,0.5111512317865989,0.5111909846350554,-0.0,1.0,-0.0,1.0,0.0,1.0,0.0,1.0,0.0,1.0,-0.0,1.0,1.0076083969481948,0.6572672137721058,1.4231076584549918,True
20261004,fs,85,3.3,5.5,0,0,bounded,-0.005,-25,-3000,True,0.0001004916964678575,9.936779616894854e-05,1.272038310514581,2.027961689485419,2.678198889277164,0.000880618069934279,0.5111436551868338,0.5111801014798834,-0.0,1.0,-0.0,1.0,0.0,1.0,0.0,1.0,0.0,1.0,-0.0,1.0,1.0113105084568652,-0.6322038310514588,0.4916964678574942,True
20261004,fs,85,3.3,5.5,0,0,bounded,-0.005,-25,3000,True,0.0001004916964678398,9.936779616894856e-05,1.272038310514525,2.027961689485475,2.678198889277158,0.0008806180699341814,0.5111436551868338,0.5111801014798834,-0.0,1.0,-0.0,1.0,0.0,1.0,0.0,1.0,0.0,1.0,-0.0,1.0,1.0113105084566871,-0.6322038310514477,0.49169646783979726,True
20261004,fs,85,3.3,5.5,0,0,bounded,-0.005,25,-3000,True,0.0001007824993208555,9.965767696612377e-05,1.273230338762127,2.026769661237873,2.677916802295484,0.0008831740922564067,0.5111460171404166,0.5111825875455133,-0.0,1.0,-0.0,1.0,0.0,1.0,0.0,1.0,0.0,1.0,-0.0,1.0,1.0112868610725703,-0.3423230338762351,0.7824993208554787,True
20261004,fs,85,3.3,5.5,0,0,bounded,-0.005,25,3000,True,0.0001007824993208733,9.965767696612377e-05,1.27323033876213,2.026769661237871,2.677916802295474,0.0008831740922565045,0.5111460171404166,0.5111825875455133,-0.0,1.0,-0.0,1.0,0.0,1.0,0.0,1.0,0.0,1.0,-0.0,1.0,1.011286861072749,-0.3423230338762351,0.7824993208732867,True
20261004,fs,85,3.3,5.5,0,0,bounded,0.005,-25,-3000,True,0.0001014944456278482,0.0001003673857913411,1.276142086588681,2.023857913411319,2.677229439119712,0.0008894318360680542,0.5111517996684518,0.5111886740853354,-0.0,1.0,-0.0,1.0,0.0,1.0,0.0,1.0,0.0,1.0,-0.0,1.0,1.0112293433531305,0.3673857913411016,1.4944456278481955,True
20261004,fs,85,3.3,5.5,0,0,bounded,0.005,-25,3000,True,0.0001014944456278127,0.0001003673857913411,1.276142086588674,2.023857913411327,2.677229439119738,0.0008894318360678588,0.5111517996684518,0.5111886740853354,-0.0,1.0,-0.0,1.0,0.0,1.0,0.0,1.0,0.0,1.0,-0.0,1.0,1.011229343352777,0.3673857913411016,1.4944456278126905,True
20261004,fs,85,3.3,5.5,0,0,bounded,0.005,25,-3000,True,0.000101785232753338,0.0001006572671313613,1.277328686387073,2.022671313612928,2.676950006773907,0.0008919877736803905,0.5111541614704749,0.5111911601226625,-0.0,1.0,-0.0,1.0,0.0,1.0,0.0,1.0,0.0,1.0,-0.0,1.0,1.0112060028463188,0.6572671313612943,1.7852327533379952,True
20261004,fs,85,3.3,5.5,0,0,bounded,0.005,25,3000,True,0.0001017852327533558,0.0001006572671313613,1.277328686387083,2.022671313612917,2.676950006773888,0.0008919877736804881,0.5111541614704749,0.5111911601226643,-0.0,1.0,-0.0,1.0,0.0,1.0,0.0,1.0,0.0,1.0,-0.0,1.0,1.0112060028464955,0.6572671313612943,1.7852327533558032,True
20261004,fs,85,3.63,4.5,0,0,bounded,-0.005,-25,-3000,True,9.966237794356494e-05,9.93018234937336e-05,1.271765062663866,2.358234937336134,1.679007625482169,0.0008089463345542897,0.5111369349452489,0.5111791658420839,-0.0,1.0,-0.0,1.0,0.0,1.0,0.0,1.0,0.0,1.0,-0.0,1.0,1.003630894551036,-0.6981765062664014,-0.3376220564350718,True
20261004,fs,85,3.63,4.5,0,0,bounded,-0.005,-25,3000,True,9.985979882624653e-05,9.949974206539049e-05,1.272579346095148,2.357420653904851,1.678814526786134,0.0008105531729416216,0.5111385384177404,0.5111808626807155,-0.0,1.0,-0.0,1.0,0.0,1.0,0.0,1.0,0.0,1.0,-0.0,1.0,1.0036186702938328,-0.500257934609516,-0.14020117375347363,True
20261004,fs,85,3.63,4.5,0,0,bounded,-0.005,25,-3000,True,9.995152901445627e-05,9.959170425517168e-05,1.272957448283058,2.357042551716942,1.678724928093715,0.0008112997815373658,0.5111392834586383,0.5111816511094853,-0.0,1.0,-0.0,1.0,0.0,1.0,0.0,1.0,0.0,1.0,-0.0,1.0,1.003612999315311,-0.4082957448283242,-0.04847098554373597,True
20261004,fs,85,3.63,4.5,0,0,bounded,-0.005,25,3000,True,0.0001001489467696663,9.978962293505187e-05,1.27377064948122,2.356229350518779,1.678532361984491,0.0008129066062438095,0.5111408869013266,0.5111833479425157,-0.0,1.0,-0.0,1.0,0.0,1.0,0.0,1.0,0.0,1.0,-0.0,1.0,1.0036008136321781,-0.2103770649481418,0.14894676966630271,True
20261004,fs,85,3.63,4.5,0,0,bounded,0.005,-25,-3000,True,0.0001006594312895485,0.0001003014129935427,1.275870064572704,2.354129935427296,1.678036087417457,0.0008170615844956325,0.5111450330832209,0.5111877356950414,-0.0,1.0,-0.0,1.0,0.0,1.0,0.0,1.0,0.0,1.0,-0.0,1.0,1.0035694242515691,0.30141299354269346,0.6594312895484844,True
20261004,fs,85,3.63,4.5,0,0,bounded,0.005,-25,3000,True,0.0001008568414123748,0.000100499331936442,1.276680635579655,2.353319364420345,1.677844812269732,0.000818668375811083,0.5111466364531467,0.5111894325143576,-0.0,1.0,-0.0,1.0,0.0,1.0,0.0,1.0,0.0,1.0,-0.0,1.0,1.0035573318652398,0.49933193644198237,0.8568414123748092,True
20261004,fs,85,3.63,4.5,0,0,bounded,0.005,25,-3000,True,0.0001009485666057178,0.0001005912942983524,1.277057016475387,2.352942983524613,1.677756058433154,0.0008194149625547953,0.5111473814464245,0.5111902209341507,-0.0,1.0,-0.0,1.0,0.0,1.0,0.0,1.0,0.0,1.0,-0.0,1.0,1.003551721944304,0.591294298352385,0.9485666057178044,True
20261004,fs,85,3.63,4.5,0,0,bounded,0.005,25,3000,True,0.0001011459736209678,0.0001007892133478973,1.277866521026715,2.352133478973284,1.677565305354695,0.000821021740273244,0.5111489847867123,0.5111919177478588,-0.0,1.0,-0.0,1.0,0.0,1.0,0.0,1.0,0.0,1.0,-0.0,1.0,1.0035396672046548,0.7892133478972996,1.1459736209677995,True
20261004,fs,85,3.63,5,0,0,bounded,-0.005,-25,-3000,True,0.000100066767060948,9.930182340169323e-05,1.271765983067537,2.358234016932463,2.178612478290222,0.0008607994687788914,0.5111402155924419,0.5111793618329188,-0.0,1.0,-0.0,1.0,0.0,1.0,0.0,1.0,0.0,1.0,-0.0,1.0,1.0077032186625663,-0.6981765983067767,0.06676706094799201,True
20261004,fs,85,3.63,5,0,0,bounded,-0.005,-25,3000,True,0.0001002648229587279,9.949974197320699e-05,1.272580267930094,2.357419732069906,2.178419501170057,0.000862508192682451,0.5111418242107097,0.5111810589789234,-0.0,1.0,-0.0,1.0,0.0,1.0,0.0,1.0,0.0,1.0,-0.0,1.0,1.0076892760759815,-0.5002580267930212,0.26482295872789496,True
20261004,fs,85,3.63,5,0,0,bounded,-0.005,25,-3000,True,0.0001003568482420326,9.959170416292165e-05,1.272958370783425,2.357041629216575,2.178329958722149,0.0008633021418475737,0.5111425716428735,0.5111818475505321,-0.0,1.0,-0.0,1.0,0.0,1.0,0.0,1.0,0.0,1.0,-0.0,1.0,1.007682809381987,-0.40829583707835404,0.35684824203259247,True
20261004,fs,85,3.63,5,0,0,bounded,-0.005,25,3000,True,0.0001005549011745045,9.978962284265862e-05,1.273771573413635,2.356228426586365,2.178137513135187,0.0008650108513175289,0.5111441802326209,0.5111835446910141,-0.0,1.0,-0.0,1.0,0.0,1.0,0.0,1.0,0.0,1.0,-0.0,1.0,1.007668916967975,-0.2103771573413793,0.5549011745044963,True
20261004,fs,85,3.63,5,0,0,bounded,0.005,-25,-3000,True,0.000101067028695251,0.0001003014129007791,1.275870992209085,2.354129007790915,2.177641546912169,0.0008694292868322037,0.511148339728221,0.5111879332388132,-0.0,1.0,-0.0,1.0,0.0,1.0,0.0,1.0,0.0,1.0,-0.0,1.0,1.0076331506439422,0.30141290077909666,1.0670286952509933,True
20261004,fs,85,3.63,5,0,0,bounded,0.005,-25,3000,True,0.0001012650744023737,0.0001004993318435351,1.276681564648617,2.353318435351383,2.177450389735555,0.0008711379611299444,0.5111499482484346,0.5111896303657736,-0.0,1.0,-0.0,1.0,0.0,1.0,0.0,1.0,0.0,1.0,-0.0,1.0,1.0076193795997646,0.4993318435351002,1.2650744023736893,True
20261004,fs,85,3.63,5,0,0,bounded,0.005,25,-3000,True,0.0001013570949572297,0.000100591294205379,1.277057946210175,2.352942053789825,2.177361690473874,0.0008719318872776919,0.5111506956350885,0.5111904189285312,-0.0,1.0,-0.0,1.0,0.0,1.0,0.0,1.0,0.0,1.0,-0.0,1.0,1.0076129923359685,0.5912942053790005,1.3570949572296875,True
20261004,fs,85,3.63,5,0,0,bounded,0.005,25,3000,True,0.0001015551377272884,0.0001007892132547805,1.277867452194829,2.352132547805171,2.177171054335699,0.0008736405472774065,0.5111523041270134,0.5111921160499658,-0.0,1.0,-0.0,1.0,0.0,1.0,0.0,1.0,0.0,1.0,-0.0,1.0,1.007599270276788,0.7892132547804964,1.5551377272883915,True
20261004,fs,85,3.63,5.5,0,0,bounded,-0.005,-25,-3000,True,0.0001004255148534466,9.93018233200428e-05,1.271766799571861,2.358233200428139,2.678263195458229,0.0009128059648716929,0.5111431176469459,0.5111795356855111,-0.0,1.0,-0.0,1.0,0.0,1.0,0.0,1.0,0.0,1.0,-0.0,1.0,1.0113159204517546,-0.6981766799572076,0.4255148534465958,True
20261004,fs,85,3.63,5.5,0,0,bounded,-0.005,-25,3000,True,0.0001006240642235295,9.949974189144546e-05,1.272581085545475,2.357418914454525,2.678070392944845,0.0009146164308214062,0.5111447303028117,0.51118123307042,-0.0,1.0,-0.0,1.0,0.0,1.0,0.0,1.0,0.0,1.0,-0.0,1.0,1.0112997512426785,-0.5002581085545521,0.6240642235294969,True
20261004,fs,85,3.63,5.5,0,0,bounded,-0.005,25,-3000,True,0.0001007163187586162,9.959170408110848e-05,1.272959188915076,2.357040811084924,2.677980931394788,0.0009154576535127806,0.5111454796106483,0.5111820217530157,-0.0,1.0,-0.0,1.0,0.0,1.0,0.0,1.0,0.0,1.0,-0.0,1.0,1.0112922525815184,-0.4082959188915214,0.7163187586161968,True
20261004,fs,85,3.63,5.5,0,0,bounded,-0.005,25,3000,True,0.0001009148649985097,9.97896227607344e-05,1.273772392655949,2.356227607344051,2.677788659415652,0.0009172681026393876,0.511147092236372,0.5111837191323164,-0.0,1.0,-0.0,1.0,0.0,1.0,0.0,1.0,0.0,1.0,-0.0,1.0,1.0112761448199208,-0.21037723926561336,0.9148649985097013,True
20261004,fs,85,3.63,5.5,0,0,bounded,0.005,-25,-3000,True,0.0001014282676274707,0.0001003014128185678,1.275871814322194,2.354128185677806,2.677293138982655,0.0009219496150086082,0.5111512621633383,0.5111881082974203,-0.0,1.0,-0.0,1.0,0.0,1.0,0.0,1.0,0.0,1.0,-0.0,1.0,1.0112346853073868,0.30141281856779223,1.428267627470703,True
20261004,fs,85,3.63,5.5,0,0,bounded,0.005,-25,3000,True,0.0001016268062461361,0.0001004993317612128,1.276682387871526,2.353317612128474,2.677102152997501,0.0009237600231729921,0.5111528747156123,0.511189805663003,-0.0,1.0,-0.0,1.0,0.0,1.0,0.0,1.0,0.0,1.0,-0.0,1.0,1.011218726186182,0.49933176121279566,1.6268062461360921,True
20261004,fs,85,3.63,5.5,0,0,bounded,0.005,25,-3000,True,0.0001017190557935859,0.0001005912941230051,1.27705876994869,2.35294123005131,2.677013533052381,0.0009246012190572317,0.511153623975386,0.5111905943366184,-0.0,1.0,-0.0,1.0,0.0,1.0,0.0,1.0,0.0,1.0,-0.0,1.0,1.0112113248011478,0.5912941230050928,1.7190557935858886,True
20261004,fs,85,3.63,5.5,0,0,bounded,0.005,25,3000,True,0.0001019175913165765,0.0001007892131722957,1.277868277042606,2.352131722957393,2.67682306713048,0.0009264116105826975,0.5111552364978013,0.5111922916966003,-0.0,1.0,-0.0,1.0,0.0,1.0,0.0,1.0,0.0,1.0,-0.0,1.0,1.0111954256687357,0.7892131722956996,1.9175913165764946,True
20261004,sf,0,2.97,4.5,0,0,bounded,-0.005,-25,-3000,True,9.980427833219542e-05,9.962619834210172e-05,1.473016578982892,1.496983421017108,1.711033993010979,0.0007450090713647668,0.8125598404058233,0.8126023679876646,-0.0,1.0,-0.0,1.0,0.0,1.0,0.0,1.0,0.0,1.0,-0.0,1.0,1.0017874815365553,-0.37380165789828723,-0.19572166780458256,True
20261004,sf,0,2.97,4.5,0,0,bounded,-0.005,-25,3000,True,9.960699724128309e-05,9.942826860708777e-05,1.472313929122046,1.497686070877954,1.711183577877066,0.0007435334551426563,0.8125582835351436,0.8126007192817332,-0.0,1.0,-0.0,1.0,0.0,1.0,0.0,1.0,0.0,1.0,-0.0,1.0,1.0017975635772318,-0.5717313929122336,-0.3930027587169094,True
20261004,sf,0,2.97,4.5,0,0,bounded,-0.005,25,-3000,True,9.966976867292678e-05,9.949124624301196e-05,1.472537569880469,1.497462430119531,1.711135952564596,0.000744002970163711,0.8125587789047974,0.8126012438703782,-0.0,1.0,-0.0,1.0,0.0,1.0,0.0,1.0,0.0,1.0,-0.0,1.0,1.0017943531381521,-0.5087537569880451,-0.3302313270732271,True
20261004,sf,0,2.97,4.5,0,0,bounded,-0.005,25,3000,True,9.9472486479412e-05,9.929331655225366e-05,1.471834477463202,1.498165522536798,1.711285727016143,0.0007425273491113716,0.8125572220233691,0.8125995951619667,-0.0,1.0,-0.0,1.0,0.0,1.0,0.0,1.0,0.0,1.0,-0.0,1.0,1.0018044510283233,-0.706683447746348,-0.5275135205880077,True
20261004,sf,0,2.97,4.5,0,0,bounded,0.005,-25,-3000,True,0.0001008006228447426,0.0001006258444537671,1.476555462329202,1.493444537670798,1.71028272569843,0.000752461570622876,0.812567703148726,0.8126106947296898,-0.0,1.0,-0.0,1.0,0.0,1.0,0.0,1.0,0.0,1.0,-0.0,1.0,1.0017369135327436,0.6258444537670993,0.8006228447426045,True
20261004,sf,0,2.97,4.5,0,0,bounded,0.005,-25,3000,True,0.0001006033498882834,0.0001004279143936985,1.475856063014911,1.494143936985089,1.710430922050737,0.000750985990040337,0.8125661463574211,0.8126090460421413,-0.0,1.0,-0.0,1.0,0.0,1.0,0.0,1.0,0.0,1.0,-0.0,1.0,1.0017468797957623,0.42791439369849193,0.6033498882833888,True
20261004,sf,0,2.97,4.5,0,0,bounded,0.005,25,-3000,True,0.0001006661187303718,0.0001004908921331533,1.476078668467245,1.493921331532755,1.710383739133431,0.0007514554937159545,0.8125666417018073,0.8126095706249375,-0.0,1.0,-0.0,1.0,0.0,1.0,0.0,1.0,0.0,1.0,-0.0,1.0,1.001743706255352,0.4908921331532978,0.6661187303717897,True
20261004,sf,0,2.97,4.5,0,0,bounded,0.005,25,3000,True,0.0001004688446793037,0.0001002929621166849,1.475378833150831,1.494621166849169,1.71053212132321,0.0007499799083372618,0.8125650848998166,0.8126079219349074,-0.0,1.0,-0.0,1.0,0.0,1.0,0.0,1.0,0.0,1.0,-0.0,1.0,1.001753687984748,0.2929621166849028,0.46884467930370377,True
20261004,sf,0,2.97,5,0,0,bounded,-0.005,-25,-3000,True,0.0001002334060335598,9.962619824497935e-05,1.473017550206589,1.496982449793411,2.210709565942483,0.0007970568487491673,0.8125632228510055,0.8126025700653623,-0.0,1.0,-0.0,1.0,0.0,1.0,0.0,1.0,0.0,1.0,-0.0,1.0,1.0060948605816247,-0.37380175502065294,0.23340603355979095,True
20261004,sf,0,2.97,5,0,0,bounded,-0.005,-25,3000,True,0.000100035514317053,9.942826851010198e-05,1.472314898979999,1.497685101020001,2.210859013602826,0.0007954795388541225,0.8125616611727586,0.8126009210722991,-0.0,1.0,-0.0,1.0,0.0,1.0,0.0,1.0,0.0,1.0,-0.0,1.0,1.0061073758605112,-0.5717314898980197,0.03551431705299812,True
20261004,sf,0,2.97,5,0,0,bounded,-0.005,25,-3000,True,0.0001000984800463768,9.949124614598272e-05,1.472538540172921,1.49746145982708,2.210811432013405,0.000795981411079235,0.8125621580721567,0.812601445752306,-0.0,1.0,-0.0,1.0,0.0,1.0,0.0,1.0,0.0,1.0,-0.0,1.0,1.0061033902369971,-0.5087538540172853,0.09848004637680319,True
20261004,sf,0,2.97,5,0,0,bounded,-0.005,25,3000,True,9.990058717795584e-05,9.929331645536105e-05,1.471835446389419,1.498164553610582,2.210961068839929,0.0007944040955560196,0.8125605963827539,0.8125997967567375,-0.0,1.0,-0.0,1.0,0.0,1.0,0.0,1.0,0.0,1.0,-0.0,1.0,1.0061159274790443,-0.706683544638953,-0.0994128220441648,True
20261004,sf,0,2.97,5,0,0,bounded,0.005,-25,-3000,True,0.0001012328334507763,0.000100625844355955,1.476556440449416,1.493443559550584,2.20995898228349,0.0008050229347849184,0.8125711098658127,0.8126108982570355,-0.0,1.0,-0.0,1.0,0.0,1.0,0.0,1.0,0.0,1.0,-0.0,1.0,1.0060321391458253,0.6258443559550075,1.232833450776294,True
20261004,sf,0,2.97,5,0,0,bounded,0.005,-25,3000,True,0.000101034950216622,0.000100427914296023,1.475857039769916,1.494142960230084,2.210107044496028,0.0008034456663360866,0.8125695482698024,0.8126092492825245,-0.0,1.0,-0.0,1.0,0.0,1.0,0.0,1.0,0.0,1.0,-0.0,1.0,1.0060444939522462,0.427914296023002,1.0349502166219882,True
20261004,sf,0,2.97,5,0,0,bounded,0.005,25,-3000,True,0.0001010979132453328,0.0001004908920354343,1.476079645656682,1.493920354343318,2.210059904324519,0.0008039475253656951,0.8125700451430202,0.8126097739566323,-0.0,1.0,-0.0,1.0,0.0,1.0,0.0,1.0,0.0,1.0,-0.0,1.0,1.0060405594736332,0.49089203543428717,1.0979132453327933,True
20261004,sf,0,2.97,5,0,0,bounded,0.005,25,3000,True,0.0001009000288711305,0.0001002929620191025,1.475379808974922,1.494620191025078,2.21020815196486,0.0008023702513462092,0.8125684835359496,0.8126081249796145,-0.0,1.0,-0.0,1.0,0.0,1.0,0.0,1.0,0.0,1.0,-0.0,1.0,1.0060529357175867,0.292962019102494,0.9000288711304982,True
20261004,sf,0,2.97,5.5,0,0,bounded,-0.005,-25,-3000,True,0.0001006227389888164,9.962619815686811e-05,1.473018431318856,1.496981568681144,2.710416344461442,0.0008493148827582128,0.8125662703606996,0.8126027533582126,-0.0,1.0,-0.0,1.0,0.0,1.0,0.0,1.0,0.0,1.0,-0.0,1.0,1.010002798966384,-0.37380184313189346,0.6227389888163959,True
20261004,sf,0,2.97,5.5,0,0,bounded,-0.005,-25,3000,True,0.0001004243508346985,9.942826842210171e-05,1.472315778982806,1.497684221017194,2.71056562552409,0.0008476358965983013,0.8125647047093569,0.8126011041316106,-0.0,1.0,-0.0,1.0,0.0,1.0,0.0,1.0,0.0,1.0,-0.0,1.0,1.0100181007715847,-0.5717315778982934,0.42435083469849477,True
20261004,sf,0,2.97,5.5,0,0,bounded,-0.005,25,-3000,True,0.0001004874745439981,9.94912460579471e-05,1.47253942052883,1.49746057947117,2.710518097008593,0.0008481701205779422,0.8125652028731207,0.8126016288859396,-0.0,1.0,-0.0,1.0,0.0,1.0,0.0,1.0,0.0,1.0,-0.0,1.0,1.0100132275503995,-0.5087539420528975,0.4874745439981121,True
20261004,sf,0,2.97,5.5,0,0,bounded,-0.005,25,3000,True,0.0001002890850953069,9.929331636743641e-05,1.471836325635855,1.498163674364145,2.7106675668253,0.0008464911274292774,0.8125636372093614,0.812599979656762,-0.0,1.0,-0.0,1.0,0.0,1.0,0.0,1.0,0.0,1.0,-0.0,1.0,1.010028557452806,-0.7066836325635983,0.28908509530689575,True
20261004,sf,0,2.97,5.5,0,0,bounded,0.005,-25,-3000,True,0.000101624670497527,0.0001006258442672844,1.476557327156266,1.493442672843734,2.709666593069552,0.0008577944550040588,0.8125741774136599,0.8126110827278633,-0.0,1.0,-0.0,1.0,0.0,1.0,0.0,1.0,0.0,1.0,-0.0,1.0,1.0099261401235005,0.6258442672844033,1.624670497526992,True
20261004,sf,0,2.97,5.5,0,0,bounded,0.005,-25,3000,True,0.0001014262918700464,0.000100427914207463,1.475857925370157,1.494142074629843,2.709814491694327,0.000856115520275267,0.8125726118537793,0.8126094335203123,-0.0,1.0,-0.0,1.0,0.0,1.0,0.0,1.0,0.0,1.0,-0.0,1.0,1.0099412366617608,0.42791420746299824,1.4262918700463922,True
20261004,sf,0,2.97,5.5,0,0,bounded,0.005,25,-3000,True,0.0001014894125457549,0.0001004908919468391,1.476080531608993,1.493919468391007,2.709767403637588,0.0008566497278775533,0.8125731099884205,0.8126099582685784,-0.0,1.0,-0.0,1.0,0.0,1.0,0.0,1.0,0.0,1.0,-0.0,1.0,1.0099364288600805,0.4908919468390893,1.489412545754898,True
20261004,sf,0,2.97,5.5,0,0,bounded,0.005,25,3000,True,0.0001012910326389243,0.000100292961930618,1.475380693820301,1.4946193061797,2.709915487287877,0.0008549707862418405,0.8125715444162471,0.8126083090584556,-0.0,1.0,-0.0,1.0,0.0,1.0,0.0,1.0,0.0,1.0,-0.0,1.0,1.0099515528217897,0.29296193061798537,1.2910326389242943,True
20261004,sf,0,3.3,4.5,0,0,bounded,-0.005,-25,-3000,True,9.973853356041764e-05,9.956022175655659e-05,1.472782434433911,1.82721756556609,1.71108381210374,0.000777372144916702,0.8125593215723497,0.8126018184268561,-0.0,1.0,-0.0,1.0,0.0,1.0,0.0,1.0,0.0,1.0,-0.0,1.0,1.0017909944425099,-0.43977824344341165,-0.2614664395823696,True
20261004,sf,0,3.3,4.5,0,0,bounded,-0.005,-25,3000,True,9.973853356036435e-05,9.956022175655659e-05,1.472782434433858,1.827217565566142,1.711083812103795,0.0007773721449164622,0.8125593215723497,0.8126018184268561,-0.0,1.0,-0.0,1.0,0.0,1.0,0.0,1.0,0.0,1.0,-0.0,1.0,1.0017909944419747,-0.43977824344341165,-0.2614664396356603,True
20261004,sf,0,3.3,4.5,0,0,bounded,-0.005,25,-3000,True,9.960402343888765e-05,9.942526967220414e-05,1.472303277958362,1.827696722041638,1.711185834826144,0.0007763215074914926,0.812558260066997,0.812600694308699,-0.0,1.0,-0.0,1.0,0.0,1.0,0.0,1.0,0.0,1.0,-0.0,1.0,1.00179787057428,-0.5747303277958693,-0.39597656111235446,True
20261004,sf,0,3.3,4.5,0,0,bounded,-0.005,25,3000,True,9.96040234389587e-05,9.942526967220415e-05,1.472303277958428,1.827696722041572,1.711185834826103,0.0007763215074918122,0.812558260066997,0.812600694308699,-0.0,1.0,-0.0,1.0,0.0,1.0,0.0,1.0,0.0,1.0,-0.0,1.0,1.0017978705749946,-0.5747303277958471,-0.3959765610413002,True
20261004,sf,0,3.3,4.5,0,0,bounded,0.005,-25,-3000,True,0.0001007348815089541,0.0001005598677599769,1.476322400231194,1.823677599768806,1.710332082125489,0.0007851545424963984,0.8125671843474218,0.8126101451753507,-0.0,1.0,-0.0,1.0,0.0,1.0,0.0,1.0,0.0,1.0,-0.0,1.0,1.0017403935871807,0.5598677599768953,0.7348815089540883,True
20261004,sf,0,3.3,4.5,0,0,bounded,0.005,-25,3000,True,0.0001007348815089718,0.0001005598677599769,1.476322400231231,1.823677599768769,1.710332082125458,0.0007851545424964784,0.8125671843474218,0.8126101451753507,-0.0,1.0,-0.0,1.0,0.0,1.0,0.0,1.0,0.0,1.0,-0.0,1.0,1.0017403935873568,0.5598677599768953,0.7348815089718075,True
20261004,sf,0,3.3,4.5,0,0,bounded,0.005,25,-3000,True,0.0001006003769294087,0.0001004249154538822,1.475845461177322,1.824154538822679,1.710433157485535,0.0007841039292782886,0.8125661228961505,0.8126090210697243,-0.0,1.0,-0.0,1.0,0.0,1.0,0.0,1.0,0.0,1.0,-0.0,1.0,1.0017471906720905,0.4249154538821909,0.6003769294086858,True
20261004,sf,0,3.3,4.5,0,0,bounded,0.005,25,3000,True,0.0001006003769293732,0.0001004249154538823,1.475845461177245,1.824154538822755,1.710433157485563,0.0007841039292781288,0.8125661228961505,0.8126090210697243,-0.0,1.0,-0.0,1.0,0.0,1.0,0.0,1.0,0.0,1.0,-0.0,1.0,1.0017471906717361,0.4249154538822797,0.6003769293732031,True
20261004,sf,0,3.3,5,0,0,bounded,-0.005,-25,-3000,True,0.0001001674577756297,9.956022165947973e-05,1.472783405202472,1.827216594797529,2.210759339378853,0.0008293860324525774,0.8125627024154531,0.8126020204088699,-0.0,1.0,-0.0,1.0,0.0,1.0,0.0,1.0,0.0,1.0,-0.0,1.0,1.0060991840519085,-0.4397783405202804,0.167457775629698,True
20261004,sf,0,3.3,5,0,0,bounded,-0.005,-25,3000,True,0.0001001674577757007,9.956022165947974e-05,1.472783405202533,1.827216594797467,2.210759339378861,0.0008293860324529326,0.8125627024154531,0.8126020204088699,-0.0,1.0,-0.0,1.0,0.0,1.0,0.0,1.0,0.0,1.0,-0.0,1.0,1.0060991840526214,-0.4397783405202693,0.16745777570070786,True
20261004,sf,0,3.3,5,0,0,bounded,-0.005,25,-3000,True,0.0001000325313095586,9.942526957522043e-05,1.472304247795517,1.827695752204483,2.210861268478979,0.0008282660582442638,0.8125616376321361,0.8126008960949338,-0.0,1.0,-0.0,1.0,0.0,1.0,0.0,1.0,0.0,1.0,-0.0,1.0,1.006107720270034,-0.5747304247795793,0.03253130955860328,True
20261004,sf,0,3.3,5,0,0,bounded,-0.005,25,3000,True,0.0001000325313095586,9.942526957522044e-05,1.472304247795577,1.827695752204423,2.210861268479003,0.0008282660582442638,0.8125616376321378,0.8126008960949338,-0.0,1.0,-0.0,1.0,0.0,1.0,0.0,1.0,0.0,1.0,-0.0,1.0,1.006107720270034,-0.5747304247795681,0.03253130955860328,True
20261004,sf,0,3.3,5,0,0,bounded,0.005,-25,-3000,True,0.0001011668887465901,0.0001005598676622103,1.476323377896549,1.823676622103451,2.210008294074615,0.0008376820191163439,0.8125705894633951,0.8126103486070719,-0.0,1.0,-0.0,1.0,0.0,1.0,0.0,1.0,0.0,1.0,-0.0,1.0,1.0060364149087668,0.5598676622103005,1.1668887465901001,True
20261004,sf,0,3.3,5,0,0,bounded,0.005,-25,3000,True,0.0001011668887466434,0.0001005598676622103,1.476323377896538,1.823676622103462,2.210008294074676,0.0008376820191166104,0.8125705894633951,0.8126103486070719,-0.0,1.0,-0.0,1.0,0.0,1.0,0.0,1.0,0.0,1.0,-0.0,1.0,1.006036414909297,0.5598676622103005,1.1668887466433908,True
20261004,sf,0,3.3,5,0,0,bounded,0.005,25,-3000,True,0.0001010319680604467,0.0001004249153562088,1.475846437911851,1.824153562088149,2.21010927790446,0.0008365620730758375,0.8125695247361218,0.8126092243057836,-0.0,1.0,-0.0,1.0,0.0,1.0,0.0,1.0,0.0,1.0,-0.0,1.0,1.0060448415822376,0.4249153562087882,1.0319680604466974,True
20261004,sf,0,3.3,5,0,0,bounded,0.005,25,3000,True,0.0001010319680605178,0.0001004249153562088,1.475846437911916,1.824153562088084,2.210109277904476,0.0008365620730761928,0.8125695247361252,0.8126092243057836,-0.0,1.0,-0.0,1.0,0.0,1.0,0.0,1.0,0.0,1.0,-0.0,1.0,1.0060448415829457,0.4249153562087882,1.031968060517796,True
20261004,sf,0,3.3,5.5,0,0,bounded,-0.005,-25,-3000,True,0.000100556625313784,9.95602215714055e-05,1.472784285944988,1.827215714055012,2.710466062445259,0.0008816101825097067,0.8125657486012983,0.8126022036239048,-0.0,1.0,-0.0,1.0,0.0,1.0,0.0,1.0,0.0,1.0,-0.0,1.0,1.0100080506717624,-0.4397784285945061,0.5566253137839983,True
20261004,sf,0,3.3,5.5,0,0,bounded,-0.005,-25,3000,True,0.000100556625313784,9.956022157140549e-05,1.472784285945001,1.827215714054999,2.710466062445262,0.0008816101825097067,0.8125657486012983,0.8126022036239048,-0.0,1.0,-0.0,1.0,0.0,1.0,0.0,1.0,0.0,1.0,-0.0,1.0,1.0100080506717624,-0.4397784285945172,0.5566253137839983,True
20261004,sf,0,3.3,5.5,0,0,bounded,-0.005,25,-3000,True,0.0001004213603424713,9.942526948722181e-05,1.472305127781686,1.827694872218314,2.71056787788433,0.0008804208832895288,0.812564681108832,0.8126010791507274,-0.0,1.0,-0.0,1.0,0.0,1.0,0.0,1.0,0.0,1.0,-0.0,1.0,1.0100184878591403,-0.5747305127781988,0.4213603424712886,True
20261004,sf,0,3.3,5.5,0,0,bounded,-0.005,25,3000,True,0.0001004213603425069,9.942526948722181e-05,1.472305127781732,1.827694872218269,2.7105678778843,0.0008804208832897242,0.812564681108832,0.8126010791507274,-0.0,1.0,-0.0,1.0,0.0,1.0,0.0,1.0,0.0,1.0,-0.0,1.0,1.0100184878594984,-0.5747305127781988,0.42136034250688237,True
20261004,sf,0,3.3,5.5,0,0,bounded,0.005,-25,-3000,True,0.0001015585607254526,0.0001005598675735765,1.476324264234673,1.823675735765327,2.709715850410314,0.0008904196590808334,0.812573655690477,0.8126105330002475,-0.0,1.0,-0.0,1.0,0.0,1.0,0.0,1.0,0.0,1.0,-0.0,1.0,1.009931329226795,0.5598675735764891,1.5585607254525957,True
20261004,sf,0,3.3,5.5,0,0,bounded,0.005,-25,3000,True,0.0001015585607253993,0.0001005598675735765,1.47632426423465,1.82367573576535,2.709715850410351,0.0008904196590805403,0.812573655690477,0.8126105330002475,-0.0,1.0,-0.0,1.0,0.0,1.0,0.0,1.0,0.0,1.0,-0.0,1.0,1.009931329226265,0.5598675735764891,1.558560725399305,True
20261004,sf,0,3.3,5.5,0,0,bounded,0.005,25,-3000,True,0.0001014233022466176,0.0001004249152676505,1.475847323495253,1.824152676504748,2.709816722633013,0.0008892303948376346,0.8125725882603487,0.8126094085400569,-0.0,1.0,-0.0,1.0,0.0,1.0,0.0,1.0,0.0,1.0,-0.0,1.0,1.0099416263016625,0.42491526765049414,1.423302246617597,True
20261004,sf,0,3.3,5.5,0,0,bounded,0.005,25,3000,True,0.0001014233022465643,0.0001004249152676505,1.475847323495194,1.824152676504806,2.709816722633055,0.0008892303948373416,0.812572588260347,0.8126094085400569,-0.0,1.0,-0.0,1.0,0.0,1.0,0.0,1.0,0.0,1.0,-0.0,1.0,1.0099416263011318,0.42491526765049414,1.4233022465643064,True
20261004,sf,0,3.63,4.5,0,0,bounded,-0.005,-25,-3000,True,9.967277594595293e-05,9.949424517821555e-05,1.472548217844426,2.157451782155573,1.711133671619838,0.0008096916163984854,0.8125588026373115,0.8126012688596806,-0.0,1.0,-0.0,1.0,0.0,1.0,0.0,1.0,0.0,1.0,-0.0,1.0,1.0017943828551852,-0.5057548217844543,-0.32722405404707056,True
20261004,sf,0,3.63,4.5,0,0,bounded,-0.005,-25,3000,True,9.98700566500458e-05,9.9692174934833e-05,1.473250651670044,2.156749348329956,1.710984179163767,0.0008112978645835069,0.8125603595039312,0.812602917564469,-0.0,1.0,-0.0,1.0,0.0,1.0,0.0,1.0,0.0,1.0,-0.0,1.0,1.001784309704639,-0.30782506516701114,-0.1299433499542091,True
20261004,sf,0,3.63,4.5,0,0,bounded,-0.005,25,-3000,True,9.953826544893664e-05,9.935929310861498e-05,1.472068913850027,2.157931086149973,1.711235757540775,0.0008085964431493555,0.8125577411283101,0.8126001447406926,-0.0,1.0,-0.0,1.0,0.0,1.0,0.0,1.0,0.0,1.0,-0.0,1.0,1.0018012642272527,-0.6407068913850233,-0.46173455106336414,True
20261004,sf,0,3.63,4.5,0,0,bounded,-0.005,25,3000,True,9.973554725421087e-05,9.955722282102051e-05,1.472771789794918,2.157228210205082,1.711086075750537,0.0008102026961290933,0.8125592980056713,0.812601793447963,-0.0,1.0,-0.0,1.0,0.0,1.0,0.0,1.0,0.0,1.0,-0.0,1.0,1.0017911752471333,-0.4427771789794921,-0.26445274578913436,True
20261004,sf,0,3.63,4.5,0,0,bounded,0.005,-25,-3000,True,0.0001006691266653396,0.0001004938910732843,1.476089267156813,2.153910732843187,1.710381478778517,0.0008178039092349989,0.8125666654393078,0.8126095956143318,-0.0,1.0,-0.0,1.0,0.0,1.0,0.0,1.0,0.0,1.0,-0.0,1.0,1.0017437437259498,0.4938910732842805,0.6691266653396033,True
20261004,sf,0,3.63,4.5,0,0,bounded,0.005,-25,3000,True,0.0001008663992476092,0.0001006918211546367,1.476788453632532,2.153211546367467,1.710233373004472,0.0008194101220504214,0.8125682222266536,0.8126112443007406,-0.0,1.0,-0.0,1.0,0.0,1.0,0.0,1.0,0.0,1.0,-0.0,1.0,1.001733786229811,0.6918211546366848,0.8663992476091842,True
20261004,sf,0,3.63,4.5,0,0,bounded,0.005,25,-3000,True,0.0001005346217128304,0.0001003589387817231,1.475612182768966,2.154387817231034,1.71048261608782,0.0008167087601303304,0.8125656039844102,0.8126084715078731,-0.0,1.0,-0.0,1.0,0.0,1.0,0.0,1.0,0.0,1.0,-0.0,1.0,1.001750545922864,0.3589387817230838,0.5346217128303854,True
20261004,sf,0,3.63,4.5,0,0,bounded,0.005,25,3000,True,0.0001007318953880213,0.000100556868819518,1.476311804819871,2.153688195180129,1.710334324720388,0.0008183149777059186,0.8125671607824314,0.8126101201967656,-0.0,1.0,-0.0,1.0,0.0,1.0,0.0,1.0,0.0,1.0,-0.0,1.0,1.001740572976844,0.5568688195179972,0.7318953880212975,True
20261004,sf,0,3.63,5,0,0,bounded,-0.005,-25,-3000,True,0.000100101496627726,9.949424508118422e-05,1.472549188157572,2.157450811842428,2.210809153161782,0.000861671607428297,0.8125621818779557,0.8126014707459863,-0.0,1.0,-0.0,1.0,0.0,1.0,0.0,1.0,0.0,1.0,-0.0,1.0,1.0061033836283322,-0.5057549188157817,0.10149662772600543,True
20261004,sf,0,3.63,5,0,0,bounded,-0.005,-25,3000,True,0.0001002993879343918,9.969217483766506e-05,1.473251623349406,2.156748376650594,2.210659797706683,0.0008633795489776251,0.8125637435519554,0.812603119737899,-0.0,1.0,-0.0,1.0,0.0,1.0,0.0,1.0,0.0,1.0,-0.0,1.0,1.0060908802292206,-0.3078251623349404,0.2993879343917927,True
20261004,sf,0,3.63,5,0,0,bounded,-0.005,25,-3000,True,9.99665697697373e-05,9.93592930116768e-05,1.47206988323182,2.157930116768179,2.210911145320642,0.0008605070971259986,0.8125611170908585,0.8126003464312123,-0.0,1.0,-0.0,1.0,0.0,1.0,0.0,1.0,0.0,1.0,-0.0,1.0,1.006111927124815,-0.640706988323203,-0.03343023026269876,True
20261004,sf,0,3.63,5,0,0,bounded,-0.005,25,3000,True,0.0001001644622262922,9.955722272394573e-05,1.472772760542668,2.157227239457332,2.210761600950268,0.0008622150442641722,0.8125626787759987,0.8126019954256302,-0.0,1.0,-0.0,1.0,0.0,1.0,0.0,1.0,0.0,1.0,-0.0,1.0,1.0060994017885598,-0.44277727605427364,0.16446222629220575,True
20261004,sf,0,3.63,5,0,0,bounded,0.005,-25,-3000,True,0.0001011009304858347,0.0001004938909755633,1.476090244367058,2.153909755632942,2.210057646016426,0.0008702974913152932,0.8125700689537798,0.8126097989503991,-0.0,1.0,-0.0,1.0,0.0,1.0,0.0,1.0,0.0,1.0,-0.0,1.0,1.0060405613155035,0.49389097556329364,1.1009304858346836,True
20261004,sf,0,3.63,5,0,0,bounded,0.005,-25,3000,True,0.0001012988133242167,0.0001006918210567792,1.476789432207902,2.153210567792097,2.209909674182375,0.0008720053917020091,0.8125716305456561,0.8126114479237628,-0.0,1.0,-0.0,1.0,0.0,1.0,0.0,1.0,0.0,1.0,-0.0,1.0,1.0060282181915772,0.6918210567791849,1.2988133242166855,True
20261004,sf,0,3.63,5,0,0,bounded,0.005,25,-3000,True,0.0001009660094115218,0.0001003589386840952,1.475613159048379,2.154386840951621,2.210158691658935,0.0008691330091257546,0.8125690042227579,0.8126086746482746,-0.0,1.0,-0.0,1.0,0.0,1.0,0.0,1.0,0.0,1.0,-0.0,1.0,1.0060489950908857,0.35893868409520024,0.9660094115217843,True
20261004,sf,0,3.63,5,0,0,bounded,0.005,25,3000,True,0.0001011638933881044,0.0001005568687217535,1.476312782464568,2.153687217535432,2.210010534640542,0.000870840915045292,0.8125705658256803,0.8126103236241401,-0.0,1.0,-0.0,1.0,0.0,1.0,0.0,1.0,0.0,1.0,-0.0,1.0,1.0060366305560944,0.5568687217534896,1.1638933881043867,True
20261004,sf,0,3.63,5.5,0,0,bounded,-0.005,-25,-3000,True,0.0001004904986936222,9.949424499314694e-05,1.472550068530474,2.157449931469526,2.710515820697939,0.0009138618667850014,0.8125652267394917,0.8126016538831777,-0.0,1.0,-0.0,1.0,0.0,1.0,0.0,1.0,0.0,1.0,-0.0,1.0,1.010013179159698,-0.5057550068530703,0.4904986936221878,True
20261004,sf,0,3.63,5.5,0,0,bounded,-0.005,-25,3000,True,0.0001006888863684612,9.969217474951688e-05,1.473252504831219,2.156747495168781,2.710366631639773,0.0009156714840122123,0.812566792385974,0.8126033031085957,-0.0,1.0,-0.0,1.0,0.0,1.0,0.0,1.0,0.0,1.0,-0.0,1.0,1.0099978922262316,-0.30782525048312914,0.6888863684611835,True
20261004,sf,0,3.63,5.5,0,0,bounded,-0.005,25,-3000,True,0.0001003552332827856,9.935929292371517e-05,1.472070762848156,2.157929237151844,2.710617699058374,0.0009126280310132464,0.8125641592428247,0.8126005294091379,-0.0,1.0,-0.0,1.0,0.0,1.0,0.0,1.0,0.0,1.0,-0.0,1.0,1.0100236256696702,-0.6407070762848299,0.3552332827855942,True
20261004,sf,0,3.63,5.5,0,0,bounded,-0.005,25,3000,True,0.0001005536222502795,9.955722263587315e-05,1.472773641268512,2.157226358731489,2.710468321496195,0.0009144376551896607,0.8125657249017076,0.8126021786371297,-0.0,1.0,-0.0,1.0,0.0,1.0,0.0,1.0,0.0,1.0,-0.0,1.0,1.0100083106782785,-0.4427773641268562,0.5536222502794841,True
20261004,sf,0,3.63,5.5,0,0,bounded,0.005,-25,-3000,True,0.0001014924373406583,0.0001004938908869663,1.476091130336376,2.153908869663623,2.709765147825145,0.0009230012439381376,0.8125731338596294,0.8126099832659017,-0.0,1.0,-0.0,1.0,0.0,1.0,0.0,1.0,0.0,1.0,-0.0,1.0,1.0099363896141222,0.49389088696629724,1.4924373406582925,True
20261004,sf,0,3.63,5.5,0,0,bounded,0.005,-25,3000,True,0.0001016908155047407,0.0001006918209680716,1.476790319283754,2.153209680716246,2.709617339382831,0.0009248108100349941,0.8125746994147764,0.8126116324722724,-0.0,1.0,-0.0,1.0,0.0,1.0,0.0,1.0,0.0,1.0,-0.0,1.0,1.009921307679855,0.6918209680715881,1.6908155047407059,True
20261004,sf,0,3.63,5.5,0,0,bounded,0.005,25,-3000,True,0.0001013571784271488,0.0001003589385955737,1.475614044262961,2.154385955737039,2.709866081726508,0.0009217674430960629,0.8125720664253351,0.8126088588048483,-0.0,1.0,-0.0,1.0,0.0,1.0,0.0,1.0,0.0,1.0,-0.0,1.0,1.0099466957855923,0.358938595573699,1.3571784271487974,True
20261004,sf,0,3.63,5.5,0,0,bounded,0.005,25,3000,True,0.0001015555578686627,0.0001005568686331214,1.476313668785943,2.153686331214057,2.70971808850132,0.0009235770160608122,0.8125736319927644,0.8126105080137911,-0.0,1.0,-0.0,1.0,0.0,1.0,0.0,1.0,0.0,1.0,-0.0,1.0,1.0099315864656147,0.5568686331213879,1.5555578686626825,True
20261004,sf,27,2.97,4.5,0,0,bounded,-0.005,-25,-3000,True,9.971063699416951e-05,9.955739595190255e-05,1.486040480974429,1.483959519025571,1.700240275000697,0.0007443833422479875,0.7760298522135589,0.7760729280824202,-0.0,1.0,-0.0,1.0,0.0,1.0,0.0,1.0,0.0,1.0,-0.0,1.0,1.0015392230863591,-0.44260404809745024,-0.2893630058305008,True
20261004,sf,27,2.97,4.5,0,0,bounded,-0.005,-25,3000,True,9.951342298355405e-05,9.93594716294023e-05,1.485283705976986,1.484716294023014,1.700403759490123,0.0007429080439623491,0.7760282814876145,0.776071264213087,-0.0,1.0,-0.0,1.0,0.0,1.0,0.0,1.0,0.0,1.0,-0.0,1.0,1.00154943813234,-0.6405283705977038,-0.48657701644595486,True
20261004,sf,27,2.97,4.5,0,0,bounded,-0.005,25,-3000,True,9.971063699416951e-05,9.955739595190255e-05,1.486040480974429,1.483959519025571,1.700240275000697,0.0007443833422479875,0.7760298522135589,0.7760729280824202,-0.0,1.0,-0.0,1.0,0.0,1.0,0.0,1.0,0.0,1.0,-0.0,1.0,1.0015392230863591,-0.44260404809745024,-0.2893630058305008,True
20261004,sf,27,2.97,4.5,0,0,bounded,-0.005,25,3000,True,9.951342298355405e-05,9.93594716294023e-05,1.485283705976986,1.484716294023014,1.700403759490123,0.0007429080439623491,0.7760282814876145,0.776071264213087,-0.0,1.0,-0.0,1.0,0.0,1.0,0.0,1.0,0.0,1.0,-0.0,1.0,1.00154943813234,-0.6405283705977038,-0.48657701644595486,True
20261004,sf,27,2.97,4.5,0,0,bounded,0.005,-25,-3000,True,0.000100706641149552,0.0001005570147995398,1.489852004601772,1.480147995398228,1.699419230581636,0.0007518342289247032,0.7760377849183191,0.7760813314070716,-0.0,1.0,-0.0,1.0,0.0,1.0,0.0,1.0,0.0,1.0,-0.0,1.0,1.001487975257723,0.5570147995398012,0.7066411495519898,True
20261004,sf,27,2.97,4.5,0,0,bounded,0.005,-25,3000,True,0.0001005094357920681,0.0001003590901282642,1.48909871735823,1.48090128264177,1.699581187105063,0.0007503589685422904,0.7760362142764556,0.7760796675561922,-0.0,1.0,-0.0,1.0,0.0,1.0,0.0,1.0,0.0,1.0,-0.0,1.0,1.0014980771907334,0.3590901282642056,0.5094357920681025,True
20261004,sf,27,2.97,4.5,0,0,bounded,0.005,25,-3000,True,0.000100706641149552,0.0001005570147995398,1.489852004601772,1.480147995398228,1.699419230581636,0.0007518342289247032,0.7760377849183191,0.7760813314070716,-0.0,1.0,-0.0,1.0,0.0,1.0,0.0,1.0,0.0,1.0,-0.0,1.0,1.001487975257723,0.5570147995398012,0.7066411495519898,True
20261004,sf,27,2.97,4.5,0,0,bounded,0.005,25,3000,True,0.0001005094357920681,0.0001003590901282642,1.48909871735823,1.48090128264177,1.699581187105063,0.0007503589685422904,0.7760362142764556,0.7760796675561922,-0.0,1.0,-0.0,1.0,0.0,1.0,0.0,1.0,0.0,1.0,-0.0,1.0,1.0014980771907334,0.3590901282642056,0.5094357920681025,True
20261004,sf,27,2.97,5,0,0,bounded,-0.005,-25,-3000,True,0.0001001248706874804,9.955739585804492e-05,1.486041419550824,1.483958580449176,2.199897874667383,0.0007963098289328345,0.7760331474981015,0.7760731249494947,-0.0,1.0,-0.0,1.0,0.0,1.0,0.0,1.0,0.0,1.0,-0.0,1.0,1.0056999766269963,-0.442604141955083,0.12487068748039398,True
20261004,sf,27,2.97,5,0,0,bounded,-0.005,-25,3000,True,9.992704209424012e-05,9.935947153568236e-05,1.485284643176267,1.484715356823733,2.200061230921701,0.000794732850729259,0.7760315718887187,0.7760714607884749,-0.0,1.0,-0.0,1.0,0.0,1.0,0.0,1.0,0.0,1.0,-0.0,1.0,1.0057122944575438,-0.6405284643176468,-0.07295790575988503,True
20261004,sf,27,2.97,5,0,0,bounded,-0.005,25,-3000,True,0.0001001248706874804,9.955739585804492e-05,1.486041419550824,1.483958580449176,2.199897874667383,0.0007963098289328345,0.7760331474981015,0.7760731249494947,-0.0,1.0,-0.0,1.0,0.0,1.0,0.0,1.0,0.0,1.0,-0.0,1.0,1.0056999766269963,-0.442604141955083,0.12487068748039398,True
20261004,sf,27,2.97,5,0,0,bounded,-0.005,25,3000,True,9.992704209424012e-05,9.935947153568236e-05,1.485284643176267,1.484715356823733,2.200061230921701,0.000794732850729259,0.7760315718887187,0.7760714607884749,-0.0,1.0,-0.0,1.0,0.0,1.0,0.0,1.0,0.0,1.0,-0.0,1.0,1.0057122944575438,-0.6405284643176468,-0.07295790575988503,True
20261004,sf,27,2.97,5,0,0,bounded,0.005,-25,-3000,True,0.0001011239788945807,0.0001005570147049868,1.489852950132131,1.480147049867869,2.199077468228325,0.0008042742379437702,0.7760411048671444,0.7760815297473326,-0.0,1.0,-0.0,1.0,0.0,1.0,0.0,1.0,0.0,1.0,-0.0,1.0,1.0056382360918057,0.5570147049867913,1.1239788945806906,True
20261004,sf,27,2.97,5,0,0,bounded,0.005,-25,3000,True,0.0001009261589182166,0.0001003590900338488,1.489099661511699,1.480900338488301,2.19923929970388,0.0008026973017886264,0.7760395293416653,0.7760798656047572,-0.0,1.0,-0.0,1.0,0.0,1.0,0.0,1.0,0.0,1.0,-0.0,1.0,1.005650398824626,0.3590900338487968,0.9261589182165908,True
20261004,sf,27,2.97,5,0,0,bounded,0.005,25,-3000,True,0.0001011239788945807,0.0001005570147049868,1.489852950132131,1.480147049867869,2.199077468228325,0.0008042742379437702,0.7760411048671444,0.7760815297473326,-0.0,1.0,-0.0,1.0,0.0,1.0,0.0,1.0,0.0,1.0,-0.0,1.0,1.0056382360918057,0.5570147049867913,1.1239788945806906,True
20261004,sf,27,2.97,5,0,0,bounded,0.005,25,3000,True,0.0001009261589182166,0.0001003590900338488,1.489099661511699,1.480900338488301,2.19923929970388,0.0008026973017886264,0.7760395293416653,0.7760798656047572,-0.0,1.0,-0.0,1.0,0.0,1.0,0.0,1.0,0.0,1.0,-0.0,1.0,1.005650398824626,0.3590900338487968,0.9261589182165908,True
20261004,sf,27,2.97,5.5,0,0,bounded,-0.005,-25,-3000,True,0.0001004966921050415,9.955739577380022e-05,1.486042261997764,1.483957738002236,2.699591663225772,0.0008484172818229733,0.7760360910051398,0.7760733016291956,-0.0,1.0,-0.0,1.0,0.0,1.0,0.0,1.0,0.0,1.0,-0.0,1.0,1.0094347217897846,-0.4426042261997831,0.4966921050414852,True
20261004,sf,27,2.97,5.5,0,0,bounded,-0.005,-25,3000,True,0.000100298374362227,9.93594714515471e-05,1.48528548452896,1.48471451547104,2.699754854007241,0.0008467386990003671,0.7760345114559796,0.7760716372359479,-0.0,1.0,-0.0,1.0,0.0,1.0,0.0,1.0,0.0,1.0,-0.0,1.0,1.0094495562120394,-0.6405285484529122,0.2983743622269941,True
20261004,sf,27,2.97,5.5,0,0,bounded,-0.005,25,-3000,True,0.0001004966921050415,9.955739577380022e-05,1.486042261997764,1.483957738002236,2.699591663225772,0.0008484172818229733,0.7760360910051398,0.7760733016291956,-0.0,1.0,-0.0,1.0,0.0,1.0,0.0,1.0,0.0,1.0,-0.0,1.0,1.0094347217897846,-0.4426042261997831,0.4966921050414852,True
20261004,sf,27,2.97,5.5,0,0,bounded,-0.005,25,3000,True,0.000100298374362227,9.93594714515471e-05,1.48528548452896,1.48471451547104,2.699754854007241,0.0008467386990003671,0.7760345114559796,0.7760716372359479,-0.0,1.0,-0.0,1.0,0.0,1.0,0.0,1.0,0.0,1.0,-0.0,1.0,1.0094495562120394,-0.6405285484529122,0.2983743622269941,True
20261004,sf,27,2.97,5.5,0,0,bounded,0.005,-25,-3000,True,0.000101498268259304,0.0001005570146201899,1.48985379810068,1.48014620189932,2.69877208312758,0.0008568948186452026,0.7760440682490084,0.7760817075986893,-0.0,1.0,-0.0,1.0,0.0,1.0,0.0,1.0,0.0,1.0,-0.0,1.0,1.0093603976079568,0.5570146201898885,1.498268259303992,True
20261004,sf,27,2.97,5.5,0,0,bounded,0.005,-25,3000,True,0.0001012999599584657,0.0001003590899491612,1.489100508387769,1.480899491612231,2.698933752220958,0.0008552162867175985,0.7760424887913414,0.7760800432242834,-0.0,1.0,-0.0,1.0,0.0,1.0,0.0,1.0,0.0,1.0,-0.0,1.0,1.0093750352836113,0.3590899491612065,1.2999599584657018,True
20261004,sf,27,2.97,5.5,0,0,bounded,0.005,25,-3000,True,0.000101498268259304,0.0001005570146201899,1.48985379810068,1.48014620189932,2.69877208312758,0.0008568948186452026,0.7760440682490084,0.7760817075986893,-0.0,1.0,-0.0,1.0,0.0,1.0,0.0,1.0,0.0,1.0,-0.0,1.0,1.0093603976079568,0.5570146201898885,1.498268259303992,True
20261004,sf,27,2.97,5.5,0,0,bounded,0.005,25,3000,True,0.0001012999599584657,0.0001003590899491612,1.489100508387769,1.480899491612231,2.698933752220958,0.0008552162867175985,0.7760424887913414,0.7760800432242834,-0.0,1.0,-0.0,1.0,0.0,1.0,0.0,1.0,0.0,1.0,-0.0,1.0,1.0093750352836113,0.3590899491612065,1.2999599584657018,True
20261004,sf,27,3.3,4.5,0,0,bounded,-0.005,-25,-3000,True,9.964491439976277e-05,9.949142117000318e-05,1.485788299968085,1.814211700031915,1.700294723274019,0.0007767238167616993,0.7760293287613494,0.7760723734671227,-0.0,1.0,-0.0,1.0,0.0,1.0,0.0,1.0,0.0,1.0,-0.0,1.0,1.0015427785426576,-0.5085788299968197,-0.355085600237226,True
20261004,sf,27,3.3,4.5,0,0,bounded,-0.005,-25,3000,True,9.96449143997983e-05,9.949142117000318e-05,1.485788299968078,1.814211700031922,1.70029472327398,0.0007767238167618591,0.7760293287613494,0.7760723734671227,-0.0,1.0,-0.0,1.0,0.0,1.0,0.0,1.0,0.0,1.0,-0.0,1.0,1.0015427785430147,-0.5085788299968197,-0.35508560020171,True
20261004,sf,27,3.3,4.5,0,0,bounded,-0.005,25,-3000,True,9.964491439976277e-05,9.949142117000318e-05,1.485788299968085,1.814211700031915,1.700294723274019,0.0007767238167616993,0.7760293287613494,0.7760723734671227,-0.0,1.0,-0.0,1.0,0.0,1.0,0.0,1.0,0.0,1.0,-0.0,1.0,1.0015427785426576,-0.5085788299968197,-0.355085600237226,True
20261004,sf,27,3.3,4.5,0,0,bounded,-0.005,25,3000,True,9.96449143997983e-05,9.949142117000318e-05,1.485788299968078,1.814211700031922,1.70029472327398,0.0007767238167618591,0.7760293287613494,0.7760723734671227,-0.0,1.0,-0.0,1.0,0.0,1.0,0.0,1.0,0.0,1.0,-0.0,1.0,1.0015427785430147,-0.5085788299968197,-0.35508560020171,True
20261004,sf,27,3.3,4.5,0,0,bounded,0.005,-25,-3000,True,0.0001006409221748809,0.0001004910399014959,1.489600985040592,1.810399014959409,1.699473169716474,0.0007845045935637204,0.7760372614999839,0.7760807767982763,-0.0,1.0,-0.0,1.0,0.0,1.0,0.0,1.0,0.0,1.0,-0.0,1.0,1.0014914988792227,0.49103990149588217,0.640922174880898,True
20261004,sf,27,3.3,4.5,0,0,bounded,0.005,-25,3000,True,0.0001006409221747921,0.0001004910399014959,1.489600985040498,1.810399014959502,1.699473169716541,0.0007845045935633207,0.7760372614999839,0.7760807767982763,-0.0,1.0,-0.0,1.0,0.0,1.0,0.0,1.0,0.0,1.0,-0.0,1.0,1.001491498878339,0.49103990149588217,0.6409221747920801,True
20261004,sf,27,3.3,4.5,0,0,bounded,0.005,25,-3000,True,0.0001006409221748809,0.0001004910399014959,1.489600985040592,1.810399014959409,1.699473169716474,0.0007845045935637204,0.7760372614999839,0.7760807767982763,-0.0,1.0,-0.0,1.0,0.0,1.0,0.0,1.0,0.0,1.0,-0.0,1.0,1.0014914988792227,0.49103990149588217,0.640922174880898,True
20261004,sf,27,3.3,4.5,0,0,bounded,0.005,25,3000,True,0.0001006409221747921,0.0001004910399014959,1.489600985040498,1.810399014959502,1.699473169716541,0.0007845045935633207,0.7760372614999839,0.7760807767982763,-0.0,1.0,-0.0,1.0,0.0,1.0,0.0,1.0,0.0,1.0,-0.0,1.0,1.001491498878339,0.49103990149588217,0.6409221747920801,True
20261004,sf,27,3.3,5,0,0,bounded,-0.005,-25,-3000,True,0.0001000589432794143,9.949142107619144e-05,1.485789238085638,1.814210761914362,2.199952280276225,0.0008286164180502524,0.7760326224184559,0.7760725702369894,-0.0,1.0,-0.0,1.0,0.0,1.0,0.0,1.0,0.0,1.0,-0.0,1.0,1.0057042325567775,-0.508578923808567,0.058943279414291894,True
20261004,sf,27,3.3,5,0,0,bounded,-0.005,-25,3000,True,0.000100058943279361,9.949142107619143e-05,1.485789238085634,1.814210761914366,2.199952280276267,0.0008286164180499859,0.7760326224184559,0.7760725702369894,-0.0,1.0,-0.0,1.0,0.0,1.0,0.0,1.0,0.0,1.0,-0.0,1.0,1.0057042325562418,-0.508578923808578,0.05894327936100119,True
20261004,sf,27,3.3,5,0,0,bounded,-0.005,25,-3000,True,0.0001000589432794143,9.949142107619144e-05,1.485789238085638,1.814210761914362,2.199952280276225,0.0008286164180502524,0.7760326224184559,0.7760725702369894,-0.0,1.0,-0.0,1.0,0.0,1.0,0.0,1.0,0.0,1.0,-0.0,1.0,1.0057042325567775,-0.508578923808567,0.058943279414291894,True
20261004,sf,27,3.3,5,0,0,bounded,-0.005,25,3000,True,0.000100058943279361,9.949142107619143e-05,1.485789238085634,1.814210761914366,2.199952280276267,0.0008286164180499859,0.7760326224184559,0.7760725702369894,-0.0,1.0,-0.0,1.0,0.0,1.0,0.0,1.0,0.0,1.0,-0.0,1.0,1.0057042325562418,-0.508578923808578,0.05894327936100119,True
20261004,sf,27,3.3,5,0,0,bounded,0.005,-25,-3000,True,0.0001010580550956276,0.0001004910398069888,1.489601930112211,1.810398069887789,2.199131365759901,0.0008369107189429275,0.776040579821327,0.7760809750413281,-0.0,1.0,-0.0,1.0,0.0,1.0,0.0,1.0,0.0,1.0,-0.0,1.0,1.005642446229314,0.4910398069887911,1.058055095627597,True
20261004,sf,27,3.3,5,0,0,bounded,0.005,-25,3000,True,0.0001010580550955388,0.0001004910398069888,1.48960193011212,1.810398069887881,2.199131365759981,0.0008369107189424834,0.776040579821327,0.7760809750413281,-0.0,1.0,-0.0,1.0,0.0,1.0,0.0,1.0,0.0,1.0,-0.0,1.0,1.0056424462284306,0.4910398069887911,1.0580550955388013,True
20261004,sf,27,3.3,5,0,0,bounded,0.005,25,-3000,True,0.0001010580550956276,0.0001004910398069888,1.489601930112211,1.810398069887789,2.199131365759901,0.0008369107189429275,0.776040579821327,0.7760809750413281,-0.0,1.0,-0.0,1.0,0.0,1.0,0.0,1.0,0.0,1.0,-0.0,1.0,1.005642446229314,0.4910398069887911,1.058055095627597,True
20261004,sf,27,3.3,5,0,0,bounded,0.005,25,3000,True,0.0001010580550955388,0.0001004910398069888,1.48960193011212,1.810398069887881,2.199131365759981,0.0008369107189424834,0.776040579821327,0.7760809750413281,-0.0,1.0,-0.0,1.0,0.0,1.0,0.0,1.0,0.0,1.0,-0.0,1.0,1.0056424462284306,0.4910398069887911,1.0580550955388013,True
20261004,sf,27,3.3,5.5,0,0,bounded,-0.005,-25,-3000,True,0.0001004306017033745,9.949142099198319e-05,1.48579008016799,1.81420991983201,2.699646013758457,0.0008806900107438466,0.7760355646127111,0.7760727468393087,-0.0,1.0,-0.0,1.0,0.0,1.0,0.0,1.0,0.0,1.0,-0.0,1.0,1.009439816036671,-0.5085790080168184,0.4306017033745002,True
20261004,sf,27,3.3,5.5,0,0,bounded,-0.005,-25,3000,True,0.0001004306017033568,9.949142099198319e-05,1.485790080167974,1.814209919832026,2.699646013758466,0.0008806900107437489,0.7760355646127111,0.7760727468393087,-0.0,1.0,-0.0,1.0,0.0,1.0,0.0,1.0,0.0,1.0,-0.0,1.0,1.009439816036493,-0.5085790080168184,0.43060170335680326,True
20261004,sf,27,3.3,5.5,0,0,bounded,-0.005,25,-3000,True,0.0001004306017033745,9.949142099198319e-05,1.48579008016799,1.81420991983201,2.699646013758457,0.0008806900107438466,0.7760355646127111,0.7760727468393087,-0.0,1.0,-0.0,1.0,0.0,1.0,0.0,1.0,0.0,1.0,-0.0,1.0,1.009439816036671,-0.5085790080168184,0.4306017033745002,True
20261004,sf,27,3.3,5.5,0,0,bounded,-0.005,25,3000,True,0.0001004306017033568,9.949142099198319e-05,1.485790080167974,1.814209919832026,2.699646013758466,0.0008806900107437489,0.7760355646127111,0.7760727468393087,-0.0,1.0,-0.0,1.0,0.0,1.0,0.0,1.0,0.0,1.0,-0.0,1.0,1.009439816036493,-0.5085790080168184,0.43060170335680326,True
20261004,sf,27,3.3,5.5,0,0,bounded,0.005,-25,-3000,True,0.0001014321817429203,0.0001004910397222283,1.489602777716588,1.810397222283413,2.69882592661203,0.0008894974427711246,0.7760435418929442,0.7760811528154361,-0.0,1.0,-0.0,1.0,0.0,1.0,0.0,1.0,0.0,1.0,-0.0,1.0,1.009365432214588,0.4910397222283036,1.432181742920302,True
20261004,sf,27,3.3,5.5,0,0,bounded,0.005,-25,3000,True,0.0001014321817429913,0.0001004910397222283,1.489602777716595,1.810397222283405,2.698825926611978,0.0008894974427715154,0.7760435418929442,0.7760811528154361,-0.0,1.0,-0.0,1.0,0.0,1.0,0.0,1.0,0.0,1.0,-0.0,1.0,1.0093654322152945,0.4910397222283036,1.4321817429912898,True
20261004,sf,27,3.3,5.5,0,0,bounded,0.005,25,-3000,True,0.0001014321817429203,0.0001004910397222283,1.489602777716588,1.810397222283413,2.69882592661203,0.0008894974427711246,0.7760435418929442,0.7760811528154361,-0.0,1.0,-0.0,1.0,0.0,1.0,0.0,1.0,0.0,1.0,-0.0,1.0,1.009365432214588,0.4910397222283036,1.432181742920302,True
20261004,sf,27,3.3,5.5,0,0,bounded,0.005,25,3000,True,0.0001014321817429913,0.0001004910397222283,1.489602777716595,1.810397222283405,2.698825926611978,0.0008894974427715154,0.7760435418929442,0.7760811528154361,-0.0,1.0,-0.0,1.0,0.0,1.0,0.0,1.0,0.0,1.0,-0.0,1.0,1.0093654322152945,0.4910397222283036,1.4321817429912898,True
20261004,sf,27,3.63,4.5,0,0,bounded,-0.005,-25,-3000,True,9.957917925013694e-05,9.942544639583314e-05,1.485536041668449,2.144463958331551,1.700349215714492,0.0008090206916915148,0.7760288052089211,0.7760718188455433,-0.0,1.0,-0.0,1.0,0.0,1.0,0.0,1.0,0.0,1.0,-0.0,1.0,1.0015462123618912,-0.5745536041668609,-0.42082074986306006,True
20261004,sf,27,3.63,4.5,0,0,bounded,-0.005,-25,3000,True,9.977639284284669e-05,9.962337074151304e-05,1.486292584869447,2.143707415130552,1.700185832914812,0.0008106266182333643,0.7760303759305343,0.7760734827137317,-0.0,1.0,-0.0,1.0,0.0,1.0,0.0,1.0,0.0,1.0,-0.0,1.0,1.0015360060615766,-0.37662925848696016,-0.22360715715331603,True
20261004,sf,27,3.63,4.5,0,0,bounded,-0.005,25,-3000,True,9.957917925013694e-05,9.942544639583314e-05,1.485536041668449,2.144463958331551,1.700349215714492,0.0008090206916915148,0.7760288052089211,0.7760718188455433,-0.0,1.0,-0.0,1.0,0.0,1.0,0.0,1.0,0.0,1.0,-0.0,1.0,1.0015462123618912,-0.5745536041668609,-0.42082074986306006,True
20261004,sf,27,3.63,4.5,0,0,bounded,-0.005,25,3000,True,9.977639284284669e-05,9.962337074151304e-05,1.486292584869447,2.143707415130552,1.700185832914812,0.0008106266182333643,0.7760303759305343,0.7760734827137317,-0.0,1.0,-0.0,1.0,0.0,1.0,0.0,1.0,0.0,1.0,-0.0,1.0,1.0015360060615766,-0.37662925848696016,-0.22360715715331603,True
20261004,sf,27,3.63,4.5,0,0,bounded,0.005,-25,-3000,True,0.0001005751899743094,0.0001004250650110675,1.489349889324944,2.140650110675056,1.699527152804047,0.0008171313555235254,0.7760367379761005,0.776080222182876,-0.0,1.0,-0.0,1.0,0.0,1.0,0.0,1.0,0.0,1.0,-0.0,1.0,1.0014948953553116,0.4250650110674936,0.5751899743093869,True
20261004,sf,27,3.63,4.5,0,0,bounded,0.005,-25,3000,True,0.0001007723949267306,0.0001006229897051806,1.490102948194213,2.139897051805787,1.699365295953164,0.0008187372444491281,0.7760383086137344,0.7760818860326194,-0.0,1.0,-0.0,1.0,0.0,1.0,0.0,1.0,0.0,1.0,-0.0,1.0,1.0014848020515763,0.6229897051805988,0.7723949267306018,True
20261004,sf,27,3.63,4.5,0,0,bounded,0.005,25,-3000,True,0.0001005751899743094,0.0001004250650110675,1.489349889324944,2.140650110675056,1.699527152804047,0.0008171313555235254,0.7760367379761005,0.776080222182876,-0.0,1.0,-0.0,1.0,0.0,1.0,0.0,1.0,0.0,1.0,-0.0,1.0,1.0014948953553116,0.4250650110674936,0.5751899743093869,True
20261004,sf,27,3.63,4.5,0,0,bounded,0.005,25,3000,True,0.0001007723949267306,0.0001006229897051806,1.490102948194213,2.139897051805787,1.699365295953164,0.0008187372444491281,0.7760383086137344,0.7760818860326194,-0.0,1.0,-0.0,1.0,0.0,1.0,0.0,1.0,0.0,1.0,-0.0,1.0,1.0014848020515763,0.6229897051805988,0.7723949267306018,True
20261004,sf,27,3.63,5,0,0,bounded,-0.005,-25,-3000,True,9.999300327770646e-05,9.942544630206729e-05,1.485536979326981,2.144463020673019,2.200006729973659,0.0008608794011140883,0.7760320972382843,0.7760720155181847,-0.0,1.0,-0.0,1.0,0.0,1.0,0.0,1.0,0.0,1.0,-0.0,1.0,1.005708367392336,-0.5745536979327115,-0.006996722293539648,True
20261004,sf,27,3.63,5,0,0,bounded,-0.005,-25,3000,True,0.0001001908314552437,9.96233706476095e-05,1.48629352390491,2.14370647609509,2.199843475196417,0.0008625870073760268,0.7760336728433487,0.776073679678061,-0.0,1.0,-0.0,1.0,0.0,1.0,0.0,1.0,0.0,1.0,-0.0,1.0,1.005696061114429,-0.37662935239050066,0.1908314552437007,True
20261004,sf,27,3.63,5,0,0,bounded,-0.005,25,-3000,True,9.999300327770646e-05,9.942544630206729e-05,1.485536979326981,2.144463020673019,2.200006729973659,0.0008608794011140883,0.7760320972382843,0.7760720155181847,-0.0,1.0,-0.0,1.0,0.0,1.0,0.0,1.0,0.0,1.0,-0.0,1.0,1.005708367392336,-0.5745536979327115,-0.006996722293539648,True
20261004,sf,27,3.63,5,0,0,bounded,-0.005,25,3000,True,0.0001001908314552437,9.96233706476095e-05,1.48629352390491,2.14370647609509,2.199843475196417,0.0008625870073760268,0.7760336728433487,0.776073679678061,-0.0,1.0,-0.0,1.0,0.0,1.0,0.0,1.0,0.0,1.0,-0.0,1.0,1.005696061114429,-0.37662935239050066,0.1908314552437007,True
20261004,sf,27,3.63,5,0,0,bounded,0.005,-25,-3000,True,0.0001009921180312502,0.0001004250649166062,1.489350833937563,2.140649166062437,2.199185307166734,0.000869503590452422,0.7760400546696424,0.7760804203287013,-0.0,1.0,-0.0,1.0,0.0,1.0,0.0,1.0,0.0,1.0,-0.0,1.0,1.0056465297295538,0.42506491660618817,0.9921180312501887,True
20261004,sf,27,3.63,5,0,0,bounded,0.005,-25,3000,True,0.0001011899376063709,0.0001006229896105816,1.490103894183606,2.139896105816394,2.199023575155993,0.0008712111549671277,0.7760416301909138,0.776082084470142,-0.0,1.0,-0.0,1.0,0.0,1.0,0.0,1.0,0.0,1.0,-0.0,1.0,1.0056343783660515,0.6229896105816035,1.1899376063708944,True
20261004,sf,27,3.63,5,0,0,bounded,0.005,25,-3000,True,0.0001009921180312502,0.0001004250649166062,1.489350833937563,2.140649166062437,2.199185307166734,0.000869503590452422,0.7760400546696424,0.7760804203287013,-0.0,1.0,-0.0,1.0,0.0,1.0,0.0,1.0,0.0,1.0,-0.0,1.0,1.0056465297295538,0.42506491660618817,0.9921180312501887,True
20261004,sf,27,3.63,5,0,0,bounded,0.005,25,3000,True,0.0001011899376063709,0.0001006229896105816,1.490103894183606,2.139896105816394,2.199023575155993,0.0008712111549671277,0.7760416301909138,0.776082084470142,-0.0,1.0,-0.0,1.0,0.0,1.0,0.0,1.0,0.0,1.0,-0.0,1.0,1.0056343783660515,0.6229896105816035,1.1899376063708944,True
20261004,sf,27,3.63,5.5,0,0,bounded,-0.005,-25,-3000,True,0.0001003644986588963,9.942544621789554e-05,1.485537821044513,2.144462178955487,2.699700408300735,0.0009129191270438018,0.7760350381193375,0.7760721920430993,-0.0,1.0,-0.0,1.0,0.0,1.0,0.0,1.0,0.0,1.0,-0.0,1.0,1.0094447898070558,-0.57455378210447,0.36449865889629507,True
20261004,sf,27,3.63,5.5,0,0,bounded,-0.005,-25,3000,True,0.0001005628159312782,9.962337056332832e-05,1.486294366716808,2.143705633283192,2.699537318790032,0.0009147283374159531,0.7760366176636744,0.7760738564351733,-0.0,1.0,-0.0,1.0,0.0,1.0,0.0,1.0,0.0,1.0,-0.0,1.0,1.0094299697213385,-0.3766294366716827,0.5628159312781822,True
20261004,sf,27,3.63,5.5,0,0,bounded,-0.005,25,-3000,True,0.0001003644986588963,9.942544621789554e-05,1.485537821044513,2.144462178955487,2.699700408300735,0.0009129191270438018,0.7760350381193375,0.7760721920430993,-0.0,1.0,-0.0,1.0,0.0,1.0,0.0,1.0,0.0,1.0,-0.0,1.0,1.0094447898070558,-0.57455378210447,0.36449865889629507,True
20261004,sf,27,3.63,5.5,0,0,bounded,-0.005,25,3000,True,0.0001005628159312782,9.962337056332832e-05,1.486294366716808,2.143705633283192,2.699537318790032,0.0009147283374159531,0.7760366176636744,0.7760738564351733,-0.0,1.0,-0.0,1.0,0.0,1.0,0.0,1.0,0.0,1.0,-0.0,1.0,1.0094299697213385,-0.3766294366716827,0.5628159312781822,True
20261004,sf,27,3.63,5.5,0,0,bounded,0.005,-25,-3000,True,0.0001013660819109834,0.0001004250648318822,1.489351681177821,2.140648318822179,2.698879813893921,0.0009220564504990825,0.7760430154305888,0.7760805980255361,-0.0,1.0,-0.0,1.0,0.0,1.0,0.0,1.0,0.0,1.0,-0.0,1.0,1.0093703407677805,0.4250648318822048,1.3660819109833966,True
20261004,sf,27,3.63,5.5,0,0,bounded,0.005,-25,3000,True,0.000101564389757483,0.0001006229895257484,1.490104742516406,2.139895257483595,2.698718244063905,0.0009238656102935293,0.776044594883559,0.7760822623987788,-0.0,1.0,-0.0,1.0,0.0,1.0,0.0,1.0,0.0,1.0,-0.0,1.0,1.0093557171792606,0.6229895257483964,1.5643897574829868,True
20261004,sf,27,3.63,5.5,0,0,bounded,0.005,25,-3000,True,0.0001013660819109834,0.0001004250648318822,1.489351681177821,2.140648318822179,2.698879813893921,0.0009220564504990825,0.7760430154305888,0.7760805980255361,-0.0,1.0,-0.0,1.0,0.0,1.0,0.0,1.0,0.0,1.0,-0.0,1.0,1.0093703407677805,0.4250648318822048,1.3660819109833966,True
20261004,sf,27,3.63,5.5,0,0,bounded,0.005,25,3000,True,0.000101564389757483,0.0001006229895257484,1.490104742516406,2.139895257483595,2.698718244063905,0.0009238656102935293,0.776044594883559,0.7760822623987788,-0.0,1.0,-0.0,1.0,0.0,1.0,0.0,1.0,0.0,1.0,-0.0,1.0,1.0093557171792606,0.6229895257483964,1.5643897574829868,True
20261004,sf,85,2.97,4.5,0,0,bounded,-0.005,-25,-3000,True,9.951907355758939e-05,9.940980023713172e-05,1.511997628682703,1.458002371317297,1.679148019964,0.0007430829478894529,0.6975580573624126,0.6976022491169832,-0.0,1.0,-0.0,1.0,0.0,1.0,0.0,1.0,0.0,1.0,-0.0,1.0,1.0010992208031502,-0.590199762868282,-0.4809264424106119,True
20261004,sf,85,2.97,4.5,0,0,bounded,-0.005,-25,3000,True,9.932200686609085e-05,9.92118875147181e-05,1.511124852818914,1.458875147181086,1.679341398712645,0.0007416083469921665,0.6975564569326285,0.6976005526804101,-0.0,1.0,-0.0,1.0,0.0,1.0,0.0,1.0,0.0,1.0,-0.0,1.0,1.0011099410981008,-0.788112485281911,-0.6779931339091605,True
20261004,sf,85,2.97,4.5,0,0,bounded,-0.005,25,-3000,True,9.98077029695691e-05,9.969967254904278e-05,1.513274509572138,1.456725490427862,1.678865446888815,0.0007452427010097983,0.6975604013914224,0.6976047337901,-0.0,1.0,-0.0,1.0,0.0,1.0,0.0,1.0,0.0,1.0,-0.0,1.0,1.0010835584286717,-0.30032745095722735,-0.19229703043091018,True
20261004,sf,85,2.97,4.5,0,0,bounded,-0.005,25,3000,True,9.961063921611148e-05,9.950175971084222e-05,1.512402891577779,1.457597108422222,1.679058291505899,0.0007437681129897813,0.6975588009898882,0.697603037358973,-0.0,1.0,-0.0,1.0,0.0,1.0,0.0,1.0,0.0,1.0,-0.0,1.0,1.0010942470322703,-0.49824028915779195,-0.389360783888526,True
20261004,sf,85,2.97,4.5,0,0,bounded,0.005,-25,-3000,True,0.0001005143292602943,0.0001004093606451797,1.516393548202436,1.453606451797564,1.678176907063083,0.0007505302929635476,0.6975661400467049,0.6976108169216285,-0.0,1.0,-0.0,1.0,0.0,1.0,0.0,1.0,0.0,1.0,-0.0,1.0,1.0010454066676664,0.4093606451796905,0.5143292602942884,True
20261004,sf,85,2.97,4.5,0,0,bounded,0.005,-25,3000,True,0.0001003172726831762,0.0001002114475255874,1.51552474412609,1.454475255873911,1.678368456985729,0.0007490557364013418,0.6975645397141876,0.6976091205038436,-0.0,1.0,-0.0,1.0,0.0,1.0,0.0,1.0,0.0,1.0,-0.0,1.0,1.0010560186505817,0.21144752558739377,0.31727268317620627,True
20261004,sf,85,2.97,4.5,0,0,bounded,0.005,25,-3000,True,0.0001008029438752037,0.0001006992335367268,1.517664632732104,1.452335367267896,1.677896999555212,0.0007526899812184396,0.6975684839334001,0.6976133015672148,-0.0,1.0,-0.0,1.0,0.0,1.0,0.0,1.0,0.0,1.0,-0.0,1.0,1.0010299019648354,0.6992335367268065,0.8029438752036988,True
20261004,sf,85,2.97,4.5,0,0,bounded,0.005,25,3000,True,0.0001006058902225019,0.0001005013203030432,1.516796969567951,1.453203030432049,1.678088025903692,0.0007512154374773284,0.6975668836290138,0.6976116051548832,-0.0,1.0,-0.0,1.0,0.0,1.0,0.0,1.0,0.0,1.0,-0.0,1.0,1.0010404830418487,0.5013203030431956,0.6058902225019036,True
20261004,sf,85,2.97,5,0,0,bounded,-0.005,-25,-3000,True,9.990982298792154e-05,9.94098001483453e-05,1.51199851654703,1.45800148345297,2.178765655338424,0.0007947962315562842,0.6975612270245066,0.6976024384764274,-0.0,1.0,-0.0,1.0,0.0,1.0,0.0,1.0,0.0,1.0,-0.0,1.0,1.005029914946314,-0.5901998516547047,-0.09017701207846285,True
20261004,sf,85,2.97,5,0,0,bounded,-0.005,-25,3000,True,9.971212131285504e-05,9.921188742607446e-05,1.511125739255285,1.458874260744715,2.1789589369753,0.0007932199223957385,0.6975596214496063,0.6976007417325152,-0.0,1.0,-0.0,1.0,0.0,1.0,0.0,1.0,0.0,1.0,-0.0,1.0,1.0050420761035648,-0.7881125739255479,-0.2878786871449712,True
20261004,sf,85,2.97,5,0,0,bounded,-0.005,25,-3000,True,0.0001001993827763882,9.969967246004709e-05,1.513275399529036,1.456724600470964,2.178483223225467,0.0007971049512643123,0.6975635785920958,0.6976049235998547,-0.0,1.0,-0.0,1.0,0.0,1.0,0.0,1.0,0.0,1.0,-0.0,1.0,1.0050121560483698,-0.30032753995291595,0.19938277638820168,True
20261004,sf,85,2.97,5,0,0,bounded,-0.005,25,3000,True,0.0001000016837554831,9.950175962198938e-05,1.512403780106001,1.457596219893999,2.178675971762519,0.000795528655030741,0.6975619730431695,0.6976032268612541,-0.0,1.0,-0.0,1.0,0.0,1.0,0.0,1.0,0.0,1.0,-0.0,1.0,1.0050242742981927,-0.49824037801061705,0.0016837554830839707,True
20261004,sf,85,2.97,5,0,0,bounded,0.005,-25,-3000,True,0.000100908288663021,0.0001004093605556714,1.516394443285902,1.453605556714098,2.177795022185565,0.0008027572543413704,0.6975693357181297,0.6976110078347194,-0.0,1.0,-0.0,1.0,0.0,1.0,0.0,1.0,0.0,1.0,-0.0,1.0,1.0049689401923136,0.40936055567140084,0.9082886630209952,True
20261004,sf,85,2.97,5,0,0,bounded,0.005,-25,3000,True,0.0001007105961117318,0.000100211447436222,1.515525637779386,1.454474362220614,2.177986478528418,0.0008011809896202704,0.6975677302325648,0.697609311109124,-0.0,1.0,-0.0,1.0,0.0,1.0,0.0,1.0,0.0,1.0,-0.0,1.0,1.0049809546541824,0.2114474362219898,0.7105961117317872,True
20261004,sf,85,2.97,5,0,0,bounded,0.005,25,-3000,True,0.0001011978351164657,0.0001006992334470089,1.517665529911197,1.452334470088803,2.177515250493101,0.0008050659090959242,0.6975716871551085,0.6976134929313192,-0.0,1.0,-0.0,1.0,0.0,1.0,0.0,1.0,0.0,1.0,-0.0,1.0,1.0049513948854356,0.6992334470088846,1.1978351164656953,True
20261004,sf,85,2.97,5,0,0,bounded,0.005,25,3000,True,0.000101000145196405,0.0001005013202134684,1.516797865316146,1.453202134683854,2.177706184272428,0.0008034896571919724,0.697570081695329,0.6976117962110354,-0.0,1.0,-0.0,1.0,0.0,1.0,0.0,1.0,0.0,1.0,-0.0,1.0,1.0049633674649954,0.5013202134684036,1.000145196404989,True
20261004,sf,85,2.97,5.5,0,0,bounded,-0.005,-25,-3000,True,0.0001002518990405559,9.940980007061978e-05,1.511999293802282,1.458000706197718,2.678432082644631,0.0008466325611088362,0.6975639958032706,0.6976026042355419,-0.0,1.0,-0.0,1.0,0.0,1.0,0.0,1.0,0.0,1.0,-0.0,1.0,1.008470985449502,-0.5901999293802307,0.25189904055589185,True
20261004,sf,85,2.97,5.5,0,0,bounded,-0.005,-25,3000,True,0.000100053717161968,9.921188734845678e-05,1.511126515432111,1.458873484567889,2.678625206269659,0.0008449547599918019,0.6975623863059252,0.6976009072591819,-0.0,1.0,-0.0,1.0,0.0,1.0,0.0,1.0,0.0,1.0,-0.0,1.0,1.0084851708400073,-0.7881126515432268,0.05371716196798104,True
20261004,sf,85,2.97,5.5,0,0,bounded,-0.005,25,-3000,True,0.0001005421620253149,9.969967238216363e-05,1.513276178363486,1.456723821636514,2.678149880785246,0.0008490899282902932,0.6975663531144565,0.6976050896993587,-0.0,1.0,-0.0,1.0,0.0,1.0,0.0,1.0,0.0,1.0,-0.0,1.0,1.0084502749409436,-0.3003276178363823,0.5421620253148962,True
20261004,sf,85,2.97,5.5,0,0,bounded,-0.005,25,3000,True,0.0001003439829078073,9.950175954421377e-05,1.512404557862138,1.457595442137863,2.678342472266095,0.0008474121420152854,0.6975647436442175,0.6976033927283619,-0.0,1.0,-0.0,1.0,0.0,1.0,0.0,1.0,0.0,1.0,-0.0,1.0,1.0084644067346293,-0.4982404557862363,0.34398290780728313,True
20261004,sf,85,2.97,5.5,0,0,bounded,0.005,-25,-3000,True,0.0001012527888843433,0.0001004093604774015,1.516395225984589,1.453604774015411,2.677462237615105,0.0008551061496576901,0.697572124295543,0.6976111747672619,-0.0,1.0,-0.0,1.0,0.0,1.0,0.0,1.0,0.0,1.0,-0.0,1.0,1.0083998982060207,0.40936047740149917,1.2527888843433033,True
20261004,sf,85,2.97,5.5,0,0,bounded,0.005,-25,3000,True,0.0001010546164906661,0.0001002114473580599,1.515526419400677,1.454473580599323,2.677653539213671,0.0008534283995280329,0.6975705148913647,0.6976094778093987,-0.0,1.0,-0.0,1.0,0.0,1.0,0.0,1.0,0.0,1.0,-0.0,1.0,1.0084139003560493,0.2114473580598908,1.0546164906660938,True
20261004,sf,85,2.97,5.5,0,0,bounded,0.005,25,-3000,True,0.0001015430380127374,0.0001006992333685812,1.517666314187612,1.452333685812388,2.677182691418166,0.0008575634423506927,0.6975744814705754,0.6976136602039869,-0.0,1.0,-0.0,1.0,0.0,1.0,0.0,1.0,0.0,1.0,-0.0,1.0,1.0083794544995957,0.699233368581198,1.5430380127373855,True
20261004,sf,85,2.97,5.5,0,0,bounded,0.005,25,3000,True,0.0001013448683512391,0.0001005013201351484,1.516798648515484,1.453201351484516,2.677373471386186,0.0008558857069091332,0.6975728720932597,0.6976119632514887,-0.0,1.0,-0.0,1.0,0.0,1.0,0.0,1.0,0.0,1.0,-0.0,1.0,1.0083934043349514,0.5013201351484087,1.3448683512390813,True
20261004,sf,85,3.3,4.5,0,0,bounded,-0.005,-25,-3000,True,9.945339999146631e-05,9.934382932085572e-05,1.5117067914429,1.7882932085571,1.679212424096884,0.0007753749492463392,0.6975575240107043,0.6976016836460381,-0.0,1.0,-0.0,1.0,0.0,1.0,0.0,1.0,0.0,1.0,-0.0,1.0,1.001102943900589,-0.6561706791442856,-0.5466000085336931,True
20261004,sf,85,3.3,4.5,0,0,bounded,-0.005,-25,3000,True,9.945339999148408e-05,9.934382932085572e-05,1.511706791442922,1.788293208557079,1.679212424096864,0.0007753749492464192,0.6975575240107043,0.6976016836460381,-0.0,1.0,-0.0,1.0,0.0,1.0,0.0,1.0,0.0,1.0,-0.0,1.0,1.0011029439007677,-0.6561706791442856,-0.5466000085159295,True
20261004,sf,85,3.3,4.5,0,0,bounded,-0.005,25,-3000,True,9.974203060030198e-05,9.963370159420881e-05,1.512984057911725,1.787015942088275,1.67892967304115,0.0007776303654881591,0.6975598680508945,0.6976041683210765,-0.0,1.0,-0.0,1.0,0.0,1.0,0.0,1.0,0.0,1.0,-0.0,1.0,1.0010872727235849,-0.3662984057911989,-0.25796939969803256,True
20261004,sf,85,3.3,4.5,0,0,bounded,-0.005,25,3000,True,9.974203060030198e-05,9.963370159420882e-05,1.512984057911727,1.787015942088273,1.678929673041133,0.0007776303654881591,0.6975598680508945,0.6976041683210765,-0.0,1.0,-0.0,1.0,0.0,1.0,0.0,1.0,0.0,1.0,-0.0,1.0,1.0010872727235847,-0.3662984057911878,-0.25796939969803256,True
20261004,sf,85,3.3,4.5,0,0,bounded,0.005,-25,-3000,True,0.0001004486598325497,0.0001003433895966397,1.516104033602931,1.783895966397069,1.678240701784513,0.0007831521674412613,0.6975656067336389,0.6976102514573194,-0.0,1.0,-0.0,1.0,0.0,1.0,0.0,1.0,0.0,1.0,-0.0,1.0,1.0010490998593247,0.34338959663968716,0.44865983254969155,True
20261004,sf,85,3.3,4.5,0,0,bounded,0.005,-25,3000,True,0.0001004486598325497,0.0001003433895966397,1.516104033602944,1.783895966397056,1.67824070178451,0.0007831521674412613,0.6975656067336389,0.6976102514573194,-0.0,1.0,-0.0,1.0,0.0,1.0,0.0,1.0,0.0,1.0,-0.0,1.0,1.0010490998593247,0.34338959663968716,0.44865983254969155,True
20261004,sf,85,3.3,4.5,0,0,bounded,0.005,25,-3000,True,0.0001007372756537476,0.0001006332624501931,1.517375498068708,1.782624501931292,1.677960619797948,0.0007854075190533796,0.6975679506315875,0.697612736104838,-0.0,1.0,-0.0,1.0,0.0,1.0,0.0,1.0,0.0,1.0,-0.0,1.0,1.0010335867189637,0.6332624501930839,0.7372756537475933,True
20261004,sf,85,3.3,4.5,0,0,bounded,0.005,25,3000,True,0.0001007372756537121,0.0001006332624501931,1.517375498068696,1.782624501931305,1.677960619797966,0.0007854075190532197,0.6975679506315875,0.697612736104838,-0.0,1.0,-0.0,1.0,0.0,1.0,0.0,1.0,0.0,1.0,-0.0,1.0,1.0010335867186109,0.6332624501930839,0.7372756537120884,True
20261004,sf,85,3.3,5,0,0,bounded,-0.005,-25,-3000,True,9.984393778785253e-05,9.934382923211687e-05,1.511707678831351,1.788292321168649,2.178830027186631,0.0008270543379310879,0.6975606919579809,0.6976018729030515,-0.0,1.0,-0.0,1.0,0.0,1.0,0.0,1.0,0.0,1.0,-0.0,1.0,1.0050341179678826,-0.6561707678831352,-0.15606221214747862,True
20261004,sf,85,3.3,5,0,0,bounded,-0.005,-25,3000,True,9.984393778783476e-05,9.934382923211688e-05,1.511707678831308,1.788292321168693,2.178830027186664,0.000827054337930999,0.6975606919579809,0.6976018729030515,-0.0,1.0,-0.0,1.0,0.0,1.0,0.0,1.0,0.0,1.0,-0.0,1.0,1.0050341179677036,-0.6561707678831241,-0.1560622121652422,True
20261004,sf,85,3.3,5,0,0,bounded,-0.005,25,-3000,True,0.0001001334986791348,9.963370150526071e-05,1.512984947392682,1.787015052607319,2.178547417436517,0.0008294587208890091,0.6975630435359994,0.6976043580283545,-0.0,1.0,-0.0,1.0,0.0,1.0,0.0,1.0,0.0,1.0,-0.0,1.0,1.00501634654061,-0.3662984947392922,0.1334986791347914,True
20261004,sf,85,3.3,5,0,0,bounded,-0.005,25,3000,True,0.0001001334986791348,9.963370150526073e-05,1.512984947392637,1.787015052607364,2.178547417436532,0.0008294587208890091,0.6975630435359994,0.6976043580283545,-0.0,1.0,-0.0,1.0,0.0,1.0,0.0,1.0,0.0,1.0,-0.0,1.0,1.00501634654061,-0.3662984947392811,0.1334986791347914,True
20261004,sf,85,3.3,5,0,0,bounded,0.005,-25,-3000,True,0.000100842407273042,0.000100343389507179,1.516104928209793,1.783895071790207,2.177858785798085,0.0008353452342647004,0.6975688006876203,0.6976104422678224,-0.0,1.0,-0.0,1.0,0.0,1.0,0.0,1.0,0.0,1.0,-0.0,1.0,1.004973100553149,0.34338950717900385,0.8424072730419896,True
20261004,sf,85,3.3,5,0,0,bounded,0.005,-25,3000,True,0.0001008424072729709,0.000100343389507179,1.516104928209766,1.783895071790234,2.177858785798142,0.000835345234264345,0.6975688006876203,0.6976104422678224,-0.0,1.0,-0.0,1.0,0.0,1.0,0.0,1.0,0.0,1.0,-0.0,1.0,1.0049731005524405,0.34338950717900385,0.8424072729708909,True
20261004,sf,85,3.3,5,0,0,bounded,0.005,25,-3000,True,0.0001011319548355373,0.0001006332623605229,1.517376394770831,1.782623605229169,2.177578839963464,0.0008377495524933551,0.6975711521350746,0.697612927366305,-0.0,1.0,-0.0,1.0,0.0,1.0,0.0,1.0,0.0,1.0,-0.0,1.0,1.0049555431605488,0.6332623605229015,1.1319548355372966,True
20261004,sf,85,3.3,5,0,0,bounded,0.005,25,3000,True,0.0001011319548356084,0.0001006332623605229,1.517376394770887,1.782623605229113,2.177578839963399,0.0008377495524937105,0.6975711521350746,0.697612927366305,-0.0,1.0,-0.0,1.0,0.0,1.0,0.0,1.0,0.0,1.0,-0.0,1.0,1.0049555431612553,0.6332623605229015,1.1319548356083953,True
20261004,sf,85,3.3,5.5,0,0,bounded,-0.005,-25,-3000,True,0.0001001858538177541,9.934382915442729e-05,1.511708455727159,1.788291544272842,2.678496401906924,0.0008788568447331942,0.697563459429653,0.6976020385847063,-0.0,1.0,-0.0,1.0,0.0,1.0,0.0,1.0,0.0,1.0,-0.0,1.0,1.0084758627737,-0.6561708455727122,0.18585381775411136,True
20261004,sf,85,3.3,5.5,0,0,bounded,-0.005,-25,3000,True,0.0001001858538177718,9.934382915442727e-05,1.511708455727166,1.788291544272835,2.678496401906918,0.000878856844733292,0.697563459429653,0.6976020385847063,-0.0,1.0,-0.0,1.0,0.0,1.0,0.0,1.0,0.0,1.0,-0.0,1.0,1.0084758627738784,-0.6561708455727344,0.18585381777180832,True
20261004,sf,85,3.3,5.5,0,0,bounded,-0.005,25,-3000,True,0.0001004761179412644,9.963370142741325e-05,1.512985725867468,1.787014274132532,2.67821402272864,0.0008814098759132779,0.6975658167516441,0.6976045240504151,-0.0,1.0,-0.0,1.0,0.0,1.0,0.0,1.0,0.0,1.0,-0.0,1.0,1.0084551361816552,-0.366298572586754,0.4761179412643868,True
20261004,sf,85,3.3,5.5,0,0,bounded,-0.005,25,3000,True,0.0001004761179413177,9.963370142741322e-05,1.512985725867528,1.787014274132472,2.678214022728576,0.000881409875913571,0.6975658167516475,0.6976045240504151,-0.0,1.0,-0.0,1.0,0.0,1.0,0.0,1.0,0.0,1.0,-0.0,1.0,1.0084551361821905,-0.36629857258678733,0.4761179413176997,True
20261004,sf,85,3.3,5.5,0,0,bounded,0.005,-25,-3000,True,0.0001011867475932764,0.000100343389428945,1.516105710549441,1.783894289450559,2.677525949729663,0.0008876603094044007,0.697571587959228,0.6976106091229638,-0.0,1.0,-0.0,1.0,0.0,1.0,0.0,1.0,0.0,1.0,-0.0,1.0,1.0084047207208264,0.3433894289449846,1.1867475932763938,True
20261004,sf,85,3.3,5.5,0,0,bounded,0.005,-25,3000,True,0.0001011867475932587,0.000100343389428945,1.516105710549452,1.783894289450548,2.67752594972966,0.0008876603094043031,0.697571587959228,0.6976106091229638,-0.0,1.0,-0.0,1.0,0.0,1.0,0.0,1.0,0.0,1.0,-0.0,1.0,1.0084047207206501,0.3433894289449846,1.1867475932586968,True
20261004,sf,85,3.3,5.5,0,0,bounded,0.005,25,-3000,True,0.0001014769978648449,0.0001006332622821312,1.517377178688314,1.782622821311686,2.677246229701132,0.000890213266313656,0.6975739451450973,0.6976130945615898,-0.0,1.0,-0.0,1.0,0.0,1.0,0.0,1.0,0.0,1.0,-0.0,1.0,1.008384261461665,0.6332622821312084,1.4769978648448978,True
20261004,sf,85,3.3,5.5,0,0,bounded,0.005,25,3000,True,0.0001014769978648804,0.0001006332622821311,1.517377178688383,1.782622821311617,2.677246229701097,0.0008902132663138516,0.6975739451450973,0.6976130945615898,-0.0,1.0,-0.0,1.0,0.0,1.0,0.0,1.0,0.0,1.0,-0.0,1.0,1.0083842614620189,0.6332622821310974,1.4769978648803805,True
20261004,sf,85,3.63,4.5,0,0,bounded,-0.005,-25,-3000,True,9.938771421743743e-05,9.927785841338083e-05,1.511415866191608,2.118584133808392,1.679276880586861,0.0008076233551372414,0.6975569905596345,0.6976011181688742,-0.0,1.0,-0.0,1.0,0.0,1.0,0.0,1.0,0.0,1.0,-0.0,1.0,1.001106548890279,-0.7221415866191738,-0.6122857825625716,True
20261004,sf,85,3.63,4.5,0,0,bounded,-0.005,-25,3000,True,9.958478040345587e-05,9.947577116218972e-05,1.51228837810277,2.11771162189723,1.679083623545976,0.0008092285762524704,0.6975585909843078,0.6976028146042862,-0.0,1.0,-0.0,1.0,0.0,1.0,0.0,1.0,0.0,1.0,-0.0,1.0,1.0010958371067908,-0.5242288378102811,-0.4152195965441252,True
20261004,sf,85,3.63,4.5,0,0,bounded,-0.005,25,-3000,True,9.967634582820941e-05,9.956773064813828e-05,1.512693518617063,2.117306481382937,1.678993951473681,0.0008099744335977328,0.697559334609422,0.6976036028457391,-0.0,1.0,-0.0,1.0,0.0,1.0,0.0,1.0,0.0,1.0,-0.0,1.0,1.0010908672856567,-0.4322693518617249,-0.3236541717905883,True
20261004,sf,85,3.63,4.5,0,0,bounded,-0.005,25,3000,True,9.987340907977517e-05,9.976564351262092e-05,1.513564873790683,2.116435126209316,1.678801227855794,0.000811579641927862,0.6975609350058829,0.6976052992757052,-0.0,1.0,-0.0,1.0,0.0,1.0,0.0,1.0,0.0,1.0,-0.0,1.0,1.0010801871602282,-0.23435648737908377,-0.12659092022484497,True
20261004,sf,85,3.63,4.5,0,0,bounded,0.005,-25,-3000,True,0.0001003829775079394,0.0001002774185567719,1.515814432280479,2.11418556771952,1.678304548619132,0.000815730443264961,0.6975650733156215,0.697609685986455,-0.0,1.0,-0.0,1.0,0.0,1.0,0.0,1.0,0.0,1.0,-0.0,1.0,1.0010526692119397,0.2774185567719023,0.382977507939386,True
20261004,sf,85,3.63,4.5,0,0,bounded,0.005,-25,3000,True,0.0001005800335925092,0.0001004753317023726,1.516682976273781,2.113317023726219,1.678113117986268,0.0008173356203640326,0.6975666736431388,0.6976113824030805,-0.0,1.0,-0.0,1.0,0.0,1.0,0.0,1.0,0.0,1.0,-0.0,1.0,1.0010420656330525,0.4753317023725945,0.5800335925091993,True
20261004,sf,85,3.63,4.5,0,0,bounded,0.005,25,-3000,True,0.0001006715943268458,0.000100567291372295,1.517086277050026,2.112913722949973,1.678024292094178,0.0008180814572704093,0.6975674172231346,0.6976121706358019,-0.0,1.0,-0.0,1.0,0.0,1.0,0.0,1.0,0.0,1.0,-0.0,1.0,1.0010371459062637,0.5672913722949868,0.6715943268458036,True
20261004,sf,85,3.63,4.5,0,0,bounded,0.005,25,3000,True,0.000100868647491014,0.0001007652046318763,1.517953681236445,2.112046318763555,1.677833384347434,0.0008196866216414958,0.6975690175225499,0.6976138670469765,-0.0,1.0,-0.0,1.0,0.0,1.0,0.0,1.0,0.0,1.0,-0.0,1.0,1.0010265732056576,0.7652046318763039,0.8686474910139852,True
20261004,sf,85,3.63,5,0,0,bounded,-0.005,-25,-3000,True,9.977804036266484e-05,9.927785832468958e-05,1.511416753104051,2.118583246895949,2.17889445130769,0.0008592688426500914,0.6975601567919519,0.6976013073234439,-0.0,1.0,-0.0,1.0,0.0,1.0,0.0,1.0,0.0,1.0,-0.0,1.0,1.0050382033457994,-0.7221416753104282,-0.22195963733516733,True
20261004,sf,85,3.63,5,0,0,bounded,-0.005,-25,3000,True,9.9975741597408e-05,9.947577107335564e-05,1.512289266443565,2.117710733556434,2.178701291142981,0.0008609757721013487,0.6975617623622681,0.6976030040662272,-0.0,1.0,-0.0,1.0,0.0,1.0,0.0,1.0,0.0,1.0,-0.0,1.0,1.0050260532656103,-0.5242289266443656,-0.024258402592003403,True
20261004,sf,85,3.63,5,0,0,bounded,-0.005,25,-3000,True,0.0001000676021610793,9.956773055923784e-05,1.512694407621413,2.117305592378586,2.178611663844239,0.0008617688878535764,0.6975625083788098,0.6976037924505275,-0.0,1.0,-0.0,1.0,0.0,1.0,0.0,1.0,0.0,1.0,-0.0,1.0,1.0050204177501472,-0.43226944076216745,0.06760216107930539,True
20261004,sf,85,3.63,5,0,0,bounded,-0.005,25,3000,True,0.0001002653007460665,9.976564342357758e-05,1.513565764224055,2.116434235775945,2.178419036072073,0.0008634758044759913,0.697564113923186,0.6976054891880025,-0.0,1.0,-0.0,1.0,0.0,1.0,0.0,1.0,0.0,1.0,-0.0,1.0,1.0050083105299839,-0.23435657642242314,0.2653007460664991,True
20261004,sf,85,3.63,5,0,0,bounded,0.005,-25,-3000,True,0.0001007765129673323,0.0001002774184673589,1.515815326410596,2.114184673589405,2.177922601441053,0.0008678896089912699,0.6975682655520036,0.6976098766943593,-0.0,1.0,-0.0,1.0,0.0,1.0,0.0,1.0,0.0,1.0,-0.0,1.0,1.00497713750116,0.277418467358892,0.776512967332299,True
20261004,sf,85,3.63,5,0,0,bounded,0.005,-25,3000,True,0.0001009742050932551,0.0001004753316128166,1.516683871834254,2.113316128165746,2.177731264157383,0.0008695964943391198,0.6975698710331079,0.6976115734188293,-0.0,1.0,-0.0,1.0,0.0,1.0,0.0,1.0,0.0,1.0,-0.0,1.0,1.0049651339530872,0.4753316128165874,0.9742050932550983,True
20261004,sf,85,3.63,5,0,0,bounded,0.005,25,-3000,True,0.0001010660614300142,0.0001005672912826724,1.517087173275345,2.112912826724656,2.177642481404816,0.0008703895896243746,0.6975706170082413,0.6976123617946243,-0.0,1.0,-0.0,1.0,0.0,1.0,0.0,1.0,0.0,1.0,-0.0,1.0,1.004959566286218,0.5672912826723886,1.066061430014198,True
20261004,sf,85,3.63,5,0,0,bounded,0.005,25,3000,True,0.0001012637509292026,0.0001007652045421107,1.517954578892655,2.112045421107345,2.177451665998057,0.0008720964622521115,0.6975722224635925,0.6976140585137824,-0.0,1.0,-0.0,1.0,0.0,1.0,0.0,1.0,0.0,1.0,-0.0,1.0,1.004947604575978,0.7652045421106868,1.2637509292025895,True
20261004,sf,85,3.63,5.5,0,0,bounded,-0.005,-25,-3000,True,0.0001001197963323346,9.927785824703594e-05,1.511417529640397,2.118582470359603,2.678560773359923,0.0009110375203827015,0.697562922956204,0.6976014729276173,-0.0,1.0,-0.0,1.0,0.0,1.0,0.0,1.0,0.0,1.0,-0.0,1.0,1.0084806229723815,-0.7221417529640561,0.11979633233458742,True
20261004,sf,85,3.63,5.5,0,0,bounded,-0.005,-25,3000,True,0.0001003179777464407,9.947577099559417e-05,1.51229004405833,2.117709955941669,2.678367770989116,0.0009128459414376249,0.6975645324487063,0.697603169902839,-0.0,1.0,-0.0,1.0,0.0,1.0,0.0,1.0,0.0,1.0,-0.0,1.0,1.0084664511007795,-0.5242290044058406,0.31797774644068966,True
20261004,sf,85,3.63,5.5,0,0,bounded,-0.005,25,-3000,True,0.0001004100613989128,9.956773048142626e-05,1.512695185737233,2.117304814262766,2.678278216786637,0.0009136862144596897,0.6975652802874153,0.6976039583951289,-0.0,1.0,-0.0,1.0,0.0,1.0,0.0,1.0,0.0,1.0,-0.0,1.0,1.0084598786515846,-0.43226951857374685,0.4100613989127977,True
20261004,sf,85,3.63,5.5,0,0,bounded,-0.005,25,3000,True,0.000100608240056646,9.976564334565822e-05,1.513566543417706,2.116433456582294,2.678085745854337,0.0009154946207744997,0.6975668897528522,0.6976056553649835,-0.0,1.0,-0.0,1.0,0.0,1.0,0.0,1.0,0.0,1.0,-0.0,1.0,1.0084457603111767,-0.234356654341783,0.6082400566459922,True
20261004,sf,85,3.63,5.5,0,0,bounded,0.005,-25,-3000,True,0.0001011206933479852,0.0001002774183891609,1.515816108390946,2.114183891609054,2.677589713793708,0.0009201708572847374,0.6975710515174682,0.6976100434720816,-0.0,1.0,-0.0,1.0,0.0,1.0,0.0,1.0,0.0,1.0,-0.0,1.0,1.0084094203098815,0.27741838916088835,1.120693347985191,True
20261004,sf,85,3.63,5.5,0,0,bounded,0.005,-25,3000,True,0.0001013188652934876,0.0001004753315345108,1.516684654892181,2.113315345107819,2.677398531041566,0.000921979227702702,0.6975726609169414,0.6976117404288082,-0.0,1.0,-0.0,1.0,0.0,1.0,0.0,1.0,0.0,1.0,-0.0,1.0,1.0083954314565966,0.47533153451080334,1.3188652934875922,True
20261004,sf,85,3.63,5.5,0,0,bounded,0.005,25,-3000,True,0.0001014109445532956,0.0001005672912043166,1.517087956833794,2.112912043166205,2.677309819874668,0.0009228194772331053,0.6975734087124789,0.6976125289125049,-0.0,1.0,-0.0,1.0,0.0,1.0,0.0,1.0,0.0,1.0,-0.0,1.0,1.0083889437497624,0.5672912043166001,1.410944553295601,True
20261004,sf,85,3.63,5.5,0,0,bounded,0.005,25,3000,True,0.0001016091137717706,0.0001007652044636472,1.517955363528245,2.112044636471754,2.677119158067742,0.0009246278330661093,0.6975750180851308,0.6976142258638719,-0.0,1.0,-0.0,1.0,0.0,1.0,0.0,1.0,0.0,1.0,-0.0,1.0,1.0083750071526711,0.7652044636471844,1.6091137717705983,True
