seed,library,temperature_c,logic_v,led_supply_v,local_mismatch,global_variation,reference,calibration_error,tc_ppm,line_ppm_v,pwm_on,iout,iref,bias,headroom,led_k,power_w,out_vth,ref_vth,x0_dvth,x0_mulu0,x1_dvth,x1_mulu0,x2_dvth,x2_mulu0,x3_dvth,x3_mulu0,x4_dvth,x4_mulu0,x5_dvth,x5_mulu0,mirror_ratio,reference_error_pct,absolute_error_pct,absolute_current_budget_pass
20261004,statistical,27,3.3,5,1,1,ideal,0,0,0,True,0.0001002657326934155,9.999999999999999e-05,1.409459415330892,1.890540584669109,2.199781743075013,0.0008313286743553609,0.7308934532833841,0.7295657711417264,0.001046153961375969,1.0,-0.004630799815881151,1.004992445791786,-1.53959231950508e-05,1.0,-0.01581789904111882,1.0,-0.001373745219305774,1.0,0.006311388049938009,1.0,1.0026573269341552,-1.1102230246251565e-14,0.2657326934154991,True
20261005,statistical,27,3.3,5,1,1,ideal,0,0,0,True,0.0001002294226017354,9.999999999999999e-05,1.409931629823532,1.890068370176468,2.199811663723838,0.0008311471238967212,0.7236617427899935,0.7221917896296958,-0.001194297789983824,1.0,-0.001784744772358926,1.0022882045463,-0.0003101495699324079,1.0,0.007947541031251679,1.0,-0.00181102007548784,1.0,0.01120865266388922,1.0,1.0022942260173542,-1.1102230246251565e-14,0.2294226017353962,True
20261006,statistical,27,3.3,5,1,1,ideal,0,0,0,True,0.0001001496240310686,9.999999999999999e-05,1.390501090673904,1.909498909326097,2.199877456029644,0.0008307481310438663,0.6963315775354773,0.6944738017356858,-0.006435223577713423,1.0,0.002975072317145065,0.9981407293771591,0.0008290340183386713,1.0,-0.01008804156693812,1.0,-0.001060209611480312,1.0,0.00154027814237954,1.0,1.0014962403106862,-1.1102230246251565e-14,0.1496240310685959,True
20261007,statistical,27,3.3,5,1,1,ideal,0,0,0,True,0.0001007703687094476,9.999999999999999e-05,1.351614971546486,1.948385028453515,2.199366957467235,0.0008338518544358812,0.6595322278104249,0.6597487814150033,-0.005070796019266256,1.0,-0.002106722297619184,1.001959853638134,-0.0008875657603872422,1.0,-0.006869724827201704,1.0,-0.0006981893002435031,1.0,0.006407553167060417,1.0,1.0077036870944762,-1.1102230246251565e-14,0.7703687094475997,True
20261008,statistical,27,3.3,5,1,1,ideal,0,0,0,True,0.0001010851328917574,9.999999999999999e-05,1.368966902799563,1.931033097200437,2.199109223685797,0.0008354256753479097,0.6782547251660538,0.6796621340867381,0.001630443052937254,1.0,-0.00156656300659728,0.9972160312216448,-0.0007249403005544564,1.0,-0.004689265679160766,1.0,0.0006574670017106828,1.0,0.008610971669988254,1.0,1.010851328917574,-1.1102230246251565e-14,1.085132891757401,True
20261009,statistical,27,3.3,5,1,1,ideal,0,0,0,True,0.0001008977917915778,9.999999999999999e-05,1.382451018256185,1.917548981743815,2.199262530537821,0.0008344889698461728,0.6967873983636776,0.6975440830888354,0.002516881193624792,1.0,0.0001901628950526394,1.001544466019209,-0.000874022016092884,1.0,0.0004618424795895425,1.0,-0.0001436341827660066,1.0,0.00512034833772672,1.0,1.008977917915778,-1.1102230246251565e-14,0.8977917915777844,True
20261010,statistical,27,3.3,5,1,1,ideal,0,0,0,True,0.0001004307080835289,9.999999999999999e-05,1.443910345059394,1.856089654940607,2.199645926247955,0.0008321535513070069,0.7488808693917138,0.7482438760286904,-0.003434901988720441,1.0,0.0007661873314902594,0.9981019634423318,0.0007403376663807574,1.0,-0.002381895869768787,1.0,7.381922224336018e-05,1.0,0.001520223981219947,1.0,1.0043070808352892,-1.1102230246251565e-14,0.4307080835288968,True
20261011,statistical,27,3.3,5,1,1,ideal,0,0,0,True,0.0001012459190347527,9.999999999999999e-05,1.411490255417958,1.888509744582042,2.198977860118035,0.0008362296060624068,0.698250389489283,0.7004659220640502,-0.003008495906670696,1.0,-0.001008770206337383,1.00157618366733,-0.0001183119454681217,1.0,0.002332208460633616,1.0,0.002073332274911539,1.0,0.003094441109064082,1.0,1.012459190347527,-1.1102230246251565e-14,1.2459190347527072,True
20261012,statistical,27,3.3,5,1,1,ideal,0,0,0,True,0.0001006306043200879,9.999999999999999e-05,1.398822805789154,1.901177194210846,2.199481641144801,0.0008331530324884834,0.7119199148825731,0.7118020261506341,0.001849198446084494,1.0,0.002853962224960144,0.9993557429291188,-0.0004133374562644369,1.0,-0.001086179083581227,1.0,-0.0005593699257810559,1.0,0.004801187605043172,1.0,1.006306043200879,-1.1102230246251565e-14,0.6306043200879019,True
20261013,statistical,27,3.3,5,1,1,ideal,0,0,0,True,0.0001002794889186943,9.999999999999999e-05,1.364741718973045,1.935258281026955,2.199770410174353,0.0008313974554819952,0.6731551766651797,0.6716716191586655,0.004725564764883314,1.0,-0.007320956539742998,1.003277569536022,0.0004382192045512528,1.0,0.01128908682442807,1.0,-0.0010759086455764,1.0,0.006508410096259834,1.0,1.0027948891869432,-1.1102230246251565e-14,0.2794889186942928,True
20261014,statistical,27,3.3,5,1,1,ideal,0,0,0,True,0.000101039026389035,9.999999999999999e-05,1.354925850379526,1.945074149620474,2.199146929259728,0.0008351951428336984,0.6695931375401742,0.670755758326463,-0.004486331799007226,1.0,-0.001102203540588043,1.000919085067149,-0.001006616617639299,1.0,-0.001934182414095883,1.0,0.0001306836499267913,1.0,-0.005069604144896884,1.0,1.0103902638903501,-1.1102230246251565e-14,1.0390263890349916,True
20261015,statistical,27,3.3,5,1,1,ideal,0,0,0,True,0.000101020996094391,9.999999999999999e-05,1.392417590718277,1.907582409281724,2.199161678701677,0.0008351049913608382,0.708696225339664,0.7099417818456181,0.009063794229578386,1.0,-0.01182162378878515,1.000948557896234,-0.0007463586107987971,1.0,0.004827094256219122,1.0,0.0004737521995344676,1.0,-0.0004908667633716849,1.0,1.0102099609439101,-1.1102230246251565e-14,1.0209960943909913,True
20261016,statistical,27,3.3,5,1,1,ideal,0,0,0,True,0.0001004611679830027,9.999999999999999e-05,1.391237237569517,1.908762762430483,2.199620872899822,0.0008323058508034171,0.7039270466952816,0.7032015057342658,-0.00307984189768605,1.0,5.692071607380003e-06,1.000140733457034,-0.001304288995970478,1.0,0.002886799807956598,1.0,-0.002059144975916645,1.0,-0.006562060122435335,1.0,1.004611679830027,-1.1102230246251565e-14,0.461167983002686,True
20261017,statistical,27,3.3,5,1,1,ideal,0,0,0,True,0.0001001151623600761,9.999999999999999e-05,1.317816971025555,1.982183028974445,2.199905884206261,0.0008305758226890242,0.6406827911627072,0.6384671178596059,-0.01108855128676523,1.0,0.007447732958231475,0.9954897064839192,0.001189273507936916,1.0,0.007592083436296249,1.0,-0.001058107413686263,1.0,-0.001798360093389834,1.0,1.001151623600761,-1.1102230246251565e-14,0.11516236007609315,True
20261018,statistical,27,3.3,5,1,1,ideal,0,0,0,True,0.0001003838835802674,9.999999999999999e-05,1.406105994536183,1.893894005463817,2.199684453447547,0.0008319194287896208,0.7218623530687656,0.7209108886232855,0.00348544704170357,1.0,0.003083455036630999,0.9979915469187551,0.0002195963749878131,1.0,-0.004548899903716264,1.0,-0.000761717512650421,1.0,-0.01420484354471104,1.0,1.0038388358026742,-1.1102230246251565e-14,0.3838835802673968,True
20261019,statistical,27,3.3,5,1,1,ideal,0,0,0,True,0.0001004927811532176,9.999999999999999e-05,1.399375617527136,1.900624382472864,2.199594878526852,0.0008324639166547314,0.6959919222062404,0.6953916337168459,-0.004010734274751059,1.0,-0.00300518862273347,1.001805434796835,0.001485581727591925,1.0,0.005629609311127493,1.0,0.0008561984044134468,1.0,-0.001865549925359711,1.0,1.004927811532176,-1.1102230246251565e-14,0.49278115321760296,True
20261020,statistical,27,3.3,5,1,1,ideal,0,0,0,True,0.0001012755504829456,9.999999999999999e-05,1.399227363850062,1.900772636149938,2.19895367236114,0.0008363777633038508,0.6999661113794545,0.7021860778174479,-0.001100926348447443,1.0,-0.001418299766050938,0.9988266766176503,-0.002580905360937448,1.0,-0.0002703769154082336,1.0,-0.0003846236025159076,1.0,0.008278275941870217,1.0,1.012755504829456,-1.1102230246251565e-14,1.2755504829455866,True
20261021,statistical,27,3.3,5,1,1,ideal,0,0,0,True,0.0001002402432761541,9.999999999999999e-05,1.368461430317436,1.931538569682565,2.19980274608554,0.0008312012272690544,0.6790805893954824,0.6774961112464061,0.004881726750796496,1.0,-0.00492291293692445,0.997733224443513,0.0004743095315250118,1.0,-0.01377048736512879,1.0,-0.001141010813924842,1.0,-0.01299762777114847,1.0,1.002402432761541,-1.1102230246251565e-14,0.24024327615408403,True
20261022,statistical,27,3.3,5,1,1,ideal,0,0,0,True,0.0001010660827293143,9.999999999999999e-05,1.419508635549484,1.880491364450516,2.199124800816942,0.0008353304245349751,0.7378676838623284,0.739370643027261,-0.0088889092869054,1.0,0.005437425460882064,1.000618703054559,-0.002113808689159397,1.0,0.0005226356011174302,1.0,-0.0006359837453591728,1.0,0.002517839096615766,1.0,1.010660827293143,-1.1102230246251565e-14,1.0660827293142994,True
20261023,statistical,27,3.3,5,1,1,ideal,0,0,0,True,0.0001011888455978606,9.999999999999999e-05,1.41838704597224,1.88161295402776,2.199024467137973,0.0008359442388816623,0.7191113565544983,0.721077652975669,0.002120721424231187,1.0,-0.0007250052538028559,0.9989273455692151,-0.001616006847283786,1.0,-0.0003025328758155119,1.0,0.0003260057555373827,1.0,0.0001208491184377901,1.0,1.011888455978606,-1.1102230246251565e-14,1.1888455978605883,True
20261024,statistical,27,3.3,5,1,1,ideal,0,0,0,True,0.0001008551537992942,9.999999999999999e-05,1.346026035332214,1.953973964667786,2.199297459822615,0.0008342757798845152,0.664859065782357,0.6653370448673196,0.0077433581119854,1.0,0.0003962600881577538,0.999054526582617,-0.0005176796602774839,1.0,0.001148195906813059,1.0,-6.629260229670346e-05,1.0,-0.0111540542211788,1.0,1.0085515379929422,-1.1102230246251565e-14,0.8551537992941949,True
20261025,statistical,27,3.3,5,1,1,ideal,0,0,0,True,0.0001006118926873469,9.999999999999999e-05,1.401681045678358,1.898318954321643,2.199497006328016,0.0008330594743265762,0.7076510445697121,0.70747782255586,0.001256375091456872,1.0,-0.002323988026070022,0.9994877345752395,-0.0013422711528516,1.0,-0.002931560123414295,1.0,-0.001543765485815521,1.0,0.006189136073279295,1.0,1.0061189268734692,-1.1102230246251565e-14,0.6118926873468933,True
20261026,statistical,27,3.3,5,1,1,ideal,0,0,0,True,0.0001007328098838513,9.999999999999999e-05,1.432965403975909,1.867034596024091,2.199397761680067,0.0008336640603092184,0.7311036631936673,0.7315134710862231,0.006502384686529239,1.0,0.002013501688084426,0.99995514039475,-0.0007419110616136422,1.0,-0.001301377552590512,1.0,-0.0003595392652153486,1.0,0.007607339635300726,1.0,1.0073280988385132,-1.1102230246251565e-14,0.7328098838512931,True
20261027,statistical,27,3.3,5,1,1,ideal,0,0,0,True,0.0001004384770642942,9.999999999999999e-05,1.357299988159719,1.942700011840282,2.199639535562768,0.0008321923962108337,0.6706076007898268,0.6696949518295605,-0.004142450684459596,1.0,-0.00522163201309141,1.002946369961927,0.0001969624293929901,1.0,-0.00699754706122172,1.0,-0.000745158625182135,1.0,-0.01113930573673743,1.0,1.004384770642942,-1.1102230246251565e-14,0.43847706429418487,True
20261028,statistical,27,3.3,5,1,1,ideal,0,0,0,True,0.0001004432821653935,9.999999999999999e-05,1.420301104920419,1.879698895079582,2.199635583167457,0.000832216421715251,0.7210191670733822,0.7203214451471089,-0.007622224871990744,1.0,-0.00543193647065418,1.00230972649711,-0.0003421327619470072,1.0,-0.003996355992982571,1.0,-0.001069292062180847,1.0,0.00527130428810355,1.0,1.004432821653935,-1.1102230246251565e-14,0.4432821653934882,True
20261029,statistical,27,3.3,5,1,1,ideal,0,0,0,True,0.0001005512245606467,9.999999999999999e-05,1.430565128545187,1.869434871454813,2.199546842831484,0.000832756133692716,0.7429141722587996,0.7426637448643411,-0.001746936105610983,1.0,-0.001540035365290083,0.998984755743531,-0.0007575822052814284,1.0,0.0005558613190989395,1.0,-0.001036702441541902,1.0,0.01058907731776329,1.0,1.0055122456064671,-1.1102230246251565e-14,0.5512245606466903,True
20261030,statistical,27,3.3,5,1,1,ideal,0,0,0,True,0.0001008593510249191,9.999999999999999e-05,1.389303615945527,1.910696384054473,2.199294020816386,0.0008342967660138381,0.6929372039958187,0.6936007923779106,0.004953549862792402,1.0,-0.0009191546769496295,0.9970880532976888,-4.623394790795118e-05,1.0,0.004343604464795038,1.0,0.0005907928590586041,1.0,-0.004802957731268451,1.0,1.008593510249191,-1.1102230246251565e-14,0.8593510249190972,True
20261031,statistical,27,3.3,5,1,1,ideal,0,0,0,True,0.0001008944871786567,9.999999999999999e-05,1.397260563551422,1.902739436448578,2.199265237199939,0.0008344724467815672,0.7287268842791477,0.7295387650622553,-0.003178067703643817,1.0,-0.003632967950922213,1.003679927980376,-0.0006071222355593701,1.0,0.002403272703090066,1.0,0.0001784370151278152,1.0,0.002961949597172705,1.0,1.008944871786567,-1.1102230246251565e-14,0.8944871786566999,True
20261032,statistical,27,3.3,5,1,1,ideal,0,0,0,True,0.0001005996470071259,9.999999999999999e-05,1.403414348355612,1.896585651644388,2.199507063403696,0.0008329982459242729,0.7121998915775413,0.7120226381867728,-0.004782916628787113,1.0,-0.002532388232396412,1.003553898651162,0.0003190989754986107,1.0,-0.01129162737543741,1.0,0.000113487783503361,1.0,0.001259786454175344,1.0,1.0059964700712591,-1.1102230246251565e-14,0.5996470071258919,True
20261033,statistical,27,3.3,5,1,1,ideal,0,0,0,True,0.000100616259102896,9.999999999999999e-05,1.416491403954711,1.883508596045289,2.199493420576462,0.0008330813064026438,0.7151375417169141,0.7150539192216003,-0.003879342107660664,1.0,-0.002160024143488884,0.9972345920675588,0.0003526258478137613,1.0,-0.009649851384232825,1.0,0.0002407617265453492,1.0,-0.002807669651216705,1.0,1.00616259102896,-1.1102230246251565e-14,0.6162591028959996,True
20261034,statistical,27,3.3,5,1,1,ideal,0,0,0,True,0.0001013872460984046,9.999999999999999e-05,1.401755418437029,1.898244581562971,2.198862556395091,0.0008369362413813854,0.7133019373557655,0.7158699037520933,-0.005965150913367186,1.0,0.00813435609523613,0.998067050970515,-0.0009516379965655936,1.0,0.007784148415773221,1.0,0.001593414928482452,1.0,-0.01067475744058809,1.0,1.0138724609840462,-1.1102230246251565e-14,1.3872460984045931,True
20261035,statistical,27,3.3,5,1,1,ideal,0,0,0,True,0.0001012218656043941,9.999999999999999e-05,1.384067561706227,1.915932438293773,2.198997499500386,0.000836109338910374,0.6917616162736606,0.6936765936120451,-0.005552756060036803,1.0,-0.001038114923791501,0.9984668578596928,-0.001859274474915573,1.0,9.02154947563062e-05,1.0,3.164677047635037e-05,1.0,-0.001972260846378049,1.0,1.012218656043941,-1.1102230246251565e-14,1.2218656043941012,True
20261036,statistical,27,3.3,5,1,1,ideal,0,0,0,True,0.0001004864780544636,9.999999999999999e-05,1.385996736901107,1.914003263098893,2.199600060725317,0.0008324324011614407,0.6982070321764176,0.6975504260329594,0.01044833146855861,1.0,0.002396708984022333,0.9973443356305062,0.0004405272401866926,1.0,0.002878104236064065,1.0,-0.0002452189201404821,1.0,-0.01316317591425656,1.0,1.004864780544636,-1.1102230246251565e-14,0.4864780544636016,True
20261037,statistical,27,3.3,5,1,1,ideal,0,0,0,True,0.0001002342956089421,9.999999999999999e-05,1.348717043201876,1.951282956798124,2.19980764762236,0.0008311714889345525,0.6634550872413525,0.6617447126167427,0.005856972341050546,1.0,0.001569843668487068,1.000511639745162,0.0003868355689499913,1.0,0.007387544235199689,1.0,-0.001354422237735993,1.0,-0.00174888836456764,1.0,1.002342956089421,-1.1102230246251565e-14,0.23429560894210333,True
20261038,statistical,27,3.3,5,1,1,ideal,0,0,0,True,0.0001003043674992411,9.999999999999999e-05,1.398543260688738,1.901456739311263,2.199749917963246,0.0008315218483852087,0.7070611593275191,0.7057977667679071,0.003675057162120202,1.0,0.004500450040108937,1.001505967643145,-0.0007667833153034599,1.0,0.005287291574221057,1.0,-0.002060574375617536,1.0,0.00498651930226003,1.0,1.0030436749924112,-1.1102230246251565e-14,0.3043674992410983,True
20261039,statistical,27,3.3,5,1,1,ideal,0,0,0,True,0.0001006155293973556,9.999999999999999e-05,1.397857619705796,1.902142380294204,2.199494019808987,0.0008330776578753012,0.6938797284411649,0.6937224401041165,-0.001429319376606613,1.0,-0.001771950870268241,0.9993670252244078,0.001383104842706458,1.0,0.008104692815970763,1.0,0.001197570240810263,1.0,0.003734116068829906,1.0,1.006155293973556,-1.1102230246251565e-14,0.6155293973555853,True
20261040,statistical,27,3.3,5,1,1,ideal,0,0,0,True,0.0001006018876993266,9.999999999999999e-05,1.421609309944079,1.878390690055922,2.199505223092372,0.0008330094493849167,0.7360638511335001,0.7359400390827081,-0.00887907437331041,1.0,-0.001873099569802405,0.999803392887603,0.0005179654697014233,1.0,-0.00261574783582696,1.0,0.0003658108273362381,1.0,-0.003398118418409627,1.0,1.006018876993266,-1.1102230246251565e-14,0.6018876993265865,True
20261041,statistical,27,3.3,5,1,1,ideal,0,0,0,True,0.0001008258597946322,9.999999999999999e-05,1.38383449321335,1.91616550678665,2.199321465673691,0.0008341293098616847,0.6927341859147987,0.693258822448681,-0.01043935044413877,1.0,-0.002002180302089024,1.000816671449271,0.0003846090387700123,1.0,0.003403659572845836,1.0,0.0008824519951698747,1.0,0.007408688243433817,1.0,1.008258597946322,-1.1102230246251565e-14,0.8258597946321888,True
20261042,statistical,27,3.3,5,1,1,ideal,0,0,0,True,0.0001007159804448356,9.999999999999999e-05,1.319666604920373,1.980333395079628,2.199411567997007,0.0008335799131133007,0.6311190561264659,0.6310110494391756,-0.002042818359472877,1.0,-0.001744665489062686,1.000684405829393,0.001253724329644082,1.0,0.008003256805195058,1.0,0.001118164467208326,1.0,0.002035181982980385,1.0,1.007159804448356,-1.1102230246251565e-14,0.7159804448356066,True
20261043,statistical,27,3.3,5,1,1,ideal,0,0,0,True,0.0001016072111985657,9.999999999999999e-05,1.414779434329743,1.885220565670257,2.198683394491427,0.000838036066881232,0.7144530877756017,0.7178912855930305,0.007934634425914891,1.0,-0.001571815156292589,1.000540604271965,-0.001515699875258025,1.0,-0.00886504787865245,1.0,0.001901106210498408,1.0,0.001798663252523102,1.0,1.016072111985657,-1.1102230246251565e-14,1.6072111985656834,True
20261044,statistical,27,3.3,5,1,1,ideal,0,0,0,True,0.0001002554894448017,9.999999999999999e-05,1.357899601073433,1.942100398926567,2.199790182800818,0.0008312774581128916,0.6810872296946578,0.6795221065065028,0.004795083646888542,1.0,-0.00610278044322657,0.9988416866982672,0.0008944504903584135,1.0,-0.004563208864071647,1.0,-0.0007014106659292809,1.0,0.002571467293662391,1.0,1.0025548944480172,-1.1102230246251565e-14,0.2554894448016931,True
20261045,statistical,27,3.3,5,1,1,ideal,0,0,0,True,0.0001010192568196756,9.999999999999999e-05,1.353311278401932,1.946688721598068,2.199163101623084,0.0008350962949864222,0.6614494758133778,0.6625641358323572,-0.01245189700731756,1.0,-0.0009921748009116063,1.002281500507996,-0.001395457139253956,1.0,0.006071569581642049,1.0,-0.0003062539063425227,1.0,-3.185082052062717e-05,1.0,1.010192568196756,-1.1102230246251565e-14,1.0192568196755847,True
20261046,statistical,27,3.3,5,1,1,ideal,0,0,0,True,0.0001007616998127893,9.999999999999999e-05,1.411348473448427,1.888651526551574,2.199374066384607,0.0008338085099524699,0.7192148812863263,0.7196499599599353,7.017244589059329e-05,1.0,0.005222374329307298,0.9974565976931827,0.0002705589751642243,1.0,-0.004643911718952071,1.0,0.000678400139133135,1.0,-0.002965880595361838,1.0,1.007616998127893,-1.1102230246251565e-14,0.7616998127892849,True
20261047,statistical,27,3.3,5,1,1,ideal,0,0,0,True,0.0001009170021610507,9.999999999999999e-05,1.341814882032676,1.958185117967324,2.199246797823009,0.000834585021693897,0.6648395229238243,0.6655160821885457,0.00257434988353204,1.0,0.001357505977799547,1.000340728467772,-3.500055750082567e-05,1.0,-0.0004841476255252532,1.0,0.0006153937590233095,1.0,0.002663986093242011,1.0,1.009170021610507,-1.1102230246251565e-14,0.917002161050684,True
20261048,statistical,27,3.3,5,1,1,ideal,0,0,0,True,0.0001004327508675863,9.999999999999999e-05,1.41047845038042,1.889521549619581,2.19964424582943,0.0008321637652284929,0.7229206725802821,0.7221754249176846,-0.002194581574531761,1.0,-0.001199812160738546,0.9992012815500784,0.0007481129853617028,1.0,-0.01224736896837816,1.0,-2.664633977840768e-05,1.0,0.003400806604047942,1.0,1.0043275086758632,-1.1102230246251565e-14,0.43275086758629566,True
20261049,statistical,27,3.3,5,1,1,ideal,0,0,0,True,0.0001004776074682247,9.999999999999999e-05,1.37502359546641,1.924976404533591,2.199607354343752,0.0008323880482298868,0.6835221638185436,0.682776061447755,0.008410015109678936,1.0,-0.004128366611283938,0.997453403119376,0.0001879798740987367,1.0,0.0006509911564609734,1.0,-0.0005873234201879009,1.0,0.003096794913141434,1.0,1.004776074682247,-1.1102230246251565e-14,0.47760746822469446,True
20261050,statistical,27,3.3,5,1,1,ideal,0,0,0,True,0.0001008689056436686,9.999999999999999e-05,1.411717876579868,1.888282123420132,2.199286192719228,0.0008343445391065068,0.732599938940082,0.7333558727296735,-0.002694615168784034,1.0,-0.003579770703907908,0.9994924459147644,-0.0003736560376862484,1.0,-0.0121163258343466,1.0,0.0003557804787790987,1.0,0.002422929510150776,1.0,1.0086890564366862,-1.1102230246251565e-14,0.8689056436685938,True
20261051,statistical,27,3.3,5,1,1,ideal,0,0,0,True,0.0001006171237219212,9.999999999999999e-05,1.402605832065936,1.897394167934064,2.199492710558382,0.0008330856294989688,0.6971899606063695,0.6970772285986491,-0.002399978487646506,1.0,0.006832950747572716,0.9962771366062004,-0.0002044609175703541,1.0,-0.007304740002657028,1.0,-0.0003454283799846646,1.0,-0.002525831932025942,1.0,1.0061712372192122,-1.1102230246251565e-14,0.6171237219211978,True
20261052,statistical,27,3.3,5,1,1,ideal,0,0,0,True,0.0001003878030448603,9.999999999999999e-05,1.369217671800931,1.930782328199069,2.19968122786499,0.0008319390261127052,0.690588193169533,0.6895381425899401,-0.008297939497934262,1.0,0.003363582093871577,0.9969497014612971,-0.0009233999572072786,1.0,0.01584620674408358,1.0,-0.002003273736672274,1.0,-7.18534367951478e-05,1.0,1.003878030448603,-1.1102230246251565e-14,0.38780304486030204,True
20261053,statistical,27,3.3,5,1,1,ideal,0,0,0,True,0.0001007415628092935,9.999999999999999e-05,1.376117172575333,1.923882827424667,2.199390581924818,0.000833707824934991,0.690913351688045,0.6911278313477827,-0.01087519894579537,1.0,-0.001457387020296831,1.000425855226676,-0.000506428050606015,1.0,0.0003234754152698935,1.0,-0.0003193254145275819,1.0,-0.0001349742016039366,1.0,1.0074156280929352,-1.1102230246251565e-14,0.7415628092934945,True
20261054,statistical,27,3.3,5,1,1,ideal,0,0,0,True,0.000100781524653847,9.999999999999999e-05,1.361809502779331,1.93819049722067,2.199357809894563,0.0008339076341577583,0.6667596849443228,0.6670654275887604,-0.0005762195755263367,1.0,0.004342540885269097,0.9992999450249632,-9.390771053217488e-05,1.0,0.00331289089255351,1.0,0.0001847350191812246,1.0,0.01007809518012152,1.0,1.0078152465384702,-1.1102230246251565e-14,0.7815246538469989,True
20261055,statistical,27,3.3,5,1,1,ideal,0,0,0,True,0.0001006573068495199,9.999999999999999e-05,1.355792017016593,1.944207982983407,2.199459718828766,0.0008332865451362429,0.6727715439435,0.6726139040555372,0.0005135884092586631,1.0,0.004522931605192786,1.000796658513802,-0.0001855315211761589,1.0,-0.000986853042030923,1.0,-0.0003711309779643553,1.0,0.00366991382014221,1.0,1.006573068495199,-1.1102230246251565e-14,0.6573068495199008,True
20261056,statistical,27,3.3,5,1,1,ideal,0,0,0,True,0.0001008617973701433,9.999999999999999e-05,1.398801103004643,1.901198896995358,2.199292016459942,0.0008343089977398391,0.7107415493199982,0.7114498881163114,0.004800853007258838,1.0,-0.002024929029093416,1.000100370582155,-0.002058962994374421,1.0,0.01307220421465815,1.0,-0.001377169922852435,1.0,0.01172176121548935,1.0,1.0086179737014331,-1.1102230246251565e-14,0.8617973701432913,True
20261057,statistical,27,3.3,5,1,1,ideal,0,0,0,True,0.0001009907595997674,9.999999999999999e-05,1.373234166068874,1.926765833931126,2.199186418811988,0.0008349538088867609,0.6815977326167884,0.6826969750019041,0.001746515713255646,1.0,0.001089244313723656,1.001432881704373,-0.001856272782857651,1.0,0.004094718793427108,1.0,-0.0007826842476205526,1.0,-0.001395776516424607,1.0,1.009907595997674,-1.1102230246251565e-14,0.990759599767399,True
20261058,statistical,27,3.3,5,1,1,ideal,0,0,0,True,0.0001007283165710361,9.999999999999999e-05,1.314411208834084,1.985588791165917,2.1994014476338,0.0008336415937432247,0.6351965502410026,0.6351119120708862,0.009014527291820456,1.0,-0.007161578039821296,1.00099018206163,0.001003506356768733,1.0,0.003304101498157378,1.0,0.0008913991927851721,1.0,-0.001731474771133792,1.0,1.0072831657103611,-1.1102230246251565e-14,0.7283165710360917,True
20261059,statistical,27,3.3,5,1,1,ideal,0,0,0,True,9.979512127302206e-05,9.999999999999999e-05,1.438229644490373,1.861770355509627,2.200170333012891,0.0008289756172550722,0.7378866257984279,0.7349026767879232,0.001430520234925531,1.0,0.007280173343803938,1.002222460220744,0.002804005418797076,1.0,-0.005777314750150022,1.0,-0.0002138610763978253,1.0,0.002492322311208184,1.0,0.9979512127302207,-1.1102230246251565e-14,-0.20487872697794174,True
20261060,statistical,27,3.3,5,1,1,ideal,0,0,0,True,0.0001005928422509718,9.999999999999999e-05,1.409263500816414,1.890736499183586,2.199512652479306,0.0008329642221436221,0.7231064441691009,0.722912981909018,0.005086763907939211,1.0,0.005132782294168824,1.000698977006558,0.0003602783723536112,1.0,-0.004464167374987699,1.0,0.0001384110195212113,1.0,-0.004517265632894826,1.0,1.005928422509718,-1.1102230246251565e-14,0.5928422509717812,True
20261061,statistical,27,3.3,5,1,1,ideal,0,0,0,True,0.0001008348515848247,9.999999999999999e-05,1.401414954259107,1.898585045740893,2.1993140963849,0.0008341742688137256,0.7075859229448435,0.7082402543253247,0.001311023456968973,1.0,-0.004165467357336535,1.001819965494452,-0.0009914336836412934,1.0,0.009747897823331549,1.0,-0.0003638338386316186,1.0,0.006887093793323919,1.0,1.008348515848247,-1.1102230246251565e-14,0.8348515848247029,True
20261062,statistical,27,3.3,5,1,1,ideal,0,0,0,True,0.0001006310404765499,9.999999999999999e-05,1.387500066631878,1.912499933368123,2.199481283024002,0.0008331552132721122,0.7068491837496634,0.7066879402903307,0.01440248800728718,1.0,0.00184333773052786,0.9983947480110946,-0.0003790997310816509,1.0,0.01332187136276698,1.0,-0.0005684845357121741,1.0,-0.00854088000202488,1.0,1.0063104047654992,-1.1102230246251565e-14,0.6310404765498934,True
20261063,statistical,27,3.3,5,1,1,ideal,0,0,0,True,0.0001007367390354331,9.999999999999999e-05,1.38723409154343,1.912765908456571,2.199394538645508,0.000833683706065929,0.7016680085416477,0.7019131459270909,0.00966236925573151,1.0,-0.003490562784645816,1.000382995950739,-3.820264196520179e-05,1.0,-0.003964669724236552,1.0,0.0001795242402105865,1.0,-0.008261003540287847,1.0,1.0073673903543312,-1.1102230246251565e-14,0.7367390354330983,True
20261064,statistical,27,3.3,5,1,1,ideal,0,0,0,True,0.0001006274401457076,9.999999999999999e-05,1.358432932090897,1.941567067909103,2.199484239239396,0.0008331372116167019,0.6807745673962406,0.6805223757536635,0.004785134344181353,1.0,-0.0002394692297771142,0.999745786670754,0.0003180896886915187,1.0,0.007063670256225686,1.0,3.773138767518155e-05,1.0,-0.006745304531085496,1.0,1.0062744014570761,-1.1102230246251565e-14,0.6274401457075918,True
20261065,statistical,27,3.3,5,1,1,ideal,0,0,0,True,9.997970228999967e-05,9.999999999999999e-05,1.382067319360013,1.917932680639987,2.200017717300335,0.0008298985223382821,0.695050460234546,0.69255699826824,-0.004734089760766769,1.0,0.007579875638668074,0.9994798935257896,0.0009451367464778064,1.0,-0.008500267391905144,1.0,-0.001580968098833594,1.0,0.01393888675400876,1.0,0.9997970228999968,-1.1102230246251565e-14,-0.02029771000032765,True
20261066,statistical,27,3.3,5,1,1,ideal,0,0,0,True,0.0001004067241345154,9.999999999999999e-05,1.344987297148894,1.955012702851107,2.199665658132193,0.0008320336315606209,0.6580328072238861,0.6569260932389624,-0.005570608066089965,1.0,-0.008414767721915874,0.9995333883382648,0.001846996358927804,1.0,-0.002221745742412989,1.0,0.0007105911758899122,1.0,0.00649941170217882,1.0,1.0040672413451541,-1.1102230246251565e-14,0.40672413451539047,True
20261067,statistical,27,3.3,5,1,1,ideal,0,0,0,True,0.0001000225242361665,9.999999999999999e-05,1.347829890128503,1.952170109871497,2.199982348989042,0.0008301126320694756,0.6561950787484548,0.653726736234293,-0.003191282983608394,1.0,0.002664594290812305,0.9995227726228888,0.0006680630562334735,1.0,0.002743894660987321,1.0,-0.001832626013454266,1.0,0.00338719183056666,1.0,1.000225242361665,-1.1102230246251565e-14,0.022524236166510114,True
20261068,statistical,27,3.3,5,1,1,ideal,0,0,0,True,0.0001006706161445194,9.999999999999999e-05,1.411896670885125,1.888103329114875,2.199448794166543,0.0008333530916114799,0.7207555140925158,0.720858975268649,-0.003435984482723783,1.0,0.001837856946424206,1.003678062652795,8.222917347453133e-05,1.0,-0.01270361411059932,1.0,0.0001578234399688489,1.0,-0.01451918809009469,1.0,1.006706161445194,-1.1102230246251565e-14,0.6706161445193981,True
20261069,statistical,27,3.3,5,1,1,ideal,0,0,0,True,0.0001015791653285837,9.999999999999999e-05,1.352225514387036,1.947774485612964,2.19870621763417,0.000837895837532401,0.6627392329935515,0.6658120140208506,-0.002155724906793477,1.0,-0.002274988489760248,0.998603139391658,-0.0008074590121828707,1.0,-0.003071044162065556,1.0,0.002243735413926376,1.0,0.005372351866815937,1.0,1.015791653285837,-1.1102230246251565e-14,1.5791653285837093,True
20261070,statistical,27,3.3,5,1,1,ideal,0,0,0,True,0.0001010441726341006,9.999999999999999e-05,1.328435610513151,1.97156438948685,2.199142719895873,0.0008352208740586669,0.6495169677565581,0.6505839907413332,0.004625281362983914,1.0,-0.003611178110781094,0.999712656073401,-0.0006373236891232289,1.0,-0.002663137707456882,1.0,0.00040441370238409,1.0,-0.002107658106629622,1.0,1.010441726341006,-1.1102230246251565e-14,1.044172634100593,True
20261071,statistical,27,3.3,5,1,1,ideal,0,0,0,True,9.968510933744304e-05,9.999999999999999e-05,1.380901568924673,1.919098431075327,2.200261419532882,0.0008284255575758586,0.6965955903763038,0.6930784654512767,0.005467009423114468,1.0,-0.01111540774434145,1.002183596204691,0.002288357470790708,1.0,-0.00737140887578961,1.0,-0.001263447419128888,1.0,0.0119646345569758,1.0,0.9968510933744305,-1.1102230246251565e-14,-0.31489066255696585,True
20261072,statistical,27,3.3,5,1,1,ideal,0,0,0,True,0.0001003822291005853,9.999999999999999e-05,1.320828158108624,1.979171841891377,2.199685815062092,0.0008319111563913301,0.6618856539708281,0.6606337507872443,0.009829072883381102,1.0,-0.006793965607793005,0.9986526120688096,-5.984878715077342e-05,1.0,0.002685309893044355,1.0,-0.001341615336082502,1.0,-0.006066436591169344,1.0,1.0038222910058532,-1.1102230246251565e-14,0.38222910058529624,True
20261073,statistical,27,3.3,5,1,1,ideal,0,0,0,True,0.0001005754357581735,9.999999999999999e-05,1.405253928130688,1.894746071869312,2.199526950890391,0.0008328771896791514,0.705286441791547,0.7050148448774299,-0.0008576025814518058,1.0,-0.005612266065082394,1.001702724696,0.0005033131161803358,1.0,-0.01033450880999788,1.0,0.0002031921901752688,1.0,0.003520615456157384,1.0,1.0057543575817351,-1.1102230246251565e-14,0.5754357581734926,True
20261074,statistical,27,3.3,5,1,1,ideal,0,0,0,True,0.0001009549815936452,9.999999999999999e-05,1.393636600077839,1.906363399922161,2.199215702083443,0.0008347749188563897,0.7064948426105441,0.7075225310919825,-0.00120519586728448,1.0,-0.005584767162869735,1.005286966105911,-0.0002842578169823062,1.0,-0.003346269581832415,1.0,0.0007175289105912238,1.0,0.004447194809013334,1.0,1.0095498159364522,-1.1102230246251565e-14,0.9549815936451989,True
20261075,statistical,27,3.3,5,1,1,ideal,0,0,0,True,0.0001008152484714166,9.999999999999999e-05,1.351105508144972,1.948894491855028,2.199330163056631,0.0008340762532453665,0.6740579909434367,0.674407425440284,0.002717553143381241,1.0,0.002411598929955203,0.9994146837159416,-0.0004278828986438659,1.0,0.006868438504080085,1.0,-0.0001053165792245645,1.0,-0.006087009013665295,1.0,1.008152484714166,-1.1102230246251565e-14,0.8152484714165853,True
20261076,statistical,27,3.3,5,1,1,ideal,0,0,0,True,0.0001013000787876307,9.999999999999999e-05,1.361747637187065,1.938252362812935,2.198933655257589,0.0008365004048265573,0.6789041513864191,0.6809754032811147,-0.00146784843455445,1.0,-0.0007234956352886004,1.001243536655876,-0.0007891510577061168,1.0,-0.003577383734258478,1.0,0.001258584790048381,1.0,0.0006674592673090701,1.0,1.013000787876307,-1.1102230246251565e-14,1.3000787876306985,True
20261077,statistical,27,3.3,5,1,1,ideal,0,0,0,True,0.0001005437615531902,9.999999999999999e-05,1.414593464529893,1.885406535470107,2.199552975351919,0.000832718818656033,0.7234410791161188,0.7230824556842922,0.005833530398902729,1.0,0.002889690871781293,0.9996819222952376,0.0001047245012637912,1.0,0.01459277365071375,1.0,-0.000282642723593202,1.0,-0.004391325722356159,1.0,1.005437615531902,-1.1102230246251565e-14,0.5437615531901807,True
20261078,statistical,27,3.3,5,1,1,ideal,0,0,0,True,0.0001007981604925802,9.999999999999999e-05,1.383210360937385,1.916789639062615,2.199344170722677,0.0008339908133517841,0.6916194156332872,0.69206527605086,0.003628278753154764,1.0,-0.005907197774715434,1.004895466118854,1.658057912236845e-05,1.0,-0.002794355638573157,1.0,0.0004354558113967479,1.0,-0.01017497931437655,1.0,1.0079816049258021,-1.1102230246251565e-14,0.7981604925801911,True
20261079,statistical,27,3.3,5,1,1,ideal,0,0,0,True,0.0001008255797268411,9.999999999999999e-05,1.384007498679023,1.915992501320978,2.199321695215259,0.000834127909522489,0.708399828769142,0.7089020438524546,0.003961540466616759,1.0,0.001663813508095478,1.001070014479111,0.0004190809722840783,1.0,-0.001217609543360005,1.0,0.0008944989815599789,1.0,-0.01119507267419297,1.0,1.0082557972684112,-1.1102230246251565e-14,0.8255797268410969,True
20261080,statistical,27,3.3,5,1,1,ideal,0,0,0,True,0.0001012866920938861,9.999999999999999e-05,1.33770675229077,1.962293247709231,2.198944579330949,0.0008364334713575944,0.6622791053785692,0.66421916547987,0.01786471349988777,1.0,-0.007521078791956857,0.9970994368572916,-0.001176363255231428,1.0,-0.002689342340807088,1.0,0.0007400872450534559,1.0,-0.005166576111021831,1.0,1.012866920938861,-1.1102230246251565e-14,1.2866920938860993,True
20261081,statistical,27,3.3,5,1,1,ideal,0,0,0,True,0.0001014629392990187,9.999999999999999e-05,1.342656946600534,1.957343053399467,2.198800863033091,0.0008373147073839764,0.6454654709917833,0.6480978459903785,-0.004119971945662233,1.0,-0.0002907658583832546,1.001669209831465,-0.001029687576398107,1.0,0.00441280059107649,1.0,0.001580298387011673,1.0,-0.002853268496651934,1.0,1.014629392990187,-1.1102230246251565e-14,1.4629392990187062,True
20261082,statistical,27,3.3,5,1,1,ideal,0,0,0,True,0.00010063771406314,9.999999999999999e-05,1.380155737011495,1.919844262988506,2.199475803634827,0.000833188581204583,0.6887670763970644,0.6886047093886567,0.003035602730025987,1.0,-0.002552646535992572,0.9970380119178596,0.0008696734064468297,1.0,-0.00170184556711635,1.0,0.0006792123736686672,1.0,0.004555983663351082,1.0,1.0063771406314002,-1.1102230246251565e-14,0.6377140631399936,True
20261083,statistical,27,3.3,5,1,1,ideal,0,0,0,True,0.0001005330994246946,9.999999999999999e-05,1.390544406489229,1.909455593510772,2.199561737403438,0.0008326655080116369,0.7085938207215111,0.7081268841771385,0.003348268392657699,1.0,-0.009402295200650624,1.003320339495709,0.001206620656998111,1.0,-0.001682571186290607,1.0,0.0007108655452939098,1.0,-0.0102132629247133,1.0,1.0053309942469462,-1.1102230246251565e-14,0.5330994246945941,True
20261084,statistical,27,3.3,5,1,1,ideal,0,0,0,True,0.0001011090952545003,9.999999999999999e-05,1.357899009722211,1.942100990277789,2.199089633809989,0.000835545487161145,0.6627063093728328,0.664169806899864,0.0006238477018633439,1.0,0.001937355209300785,0.9980867962001078,-0.001265995795821446,1.0,-0.01059204614846574,1.0,0.0001726662727046484,1.0,-0.003625639752108925,1.0,1.0110909525450031,-1.1102230246251565e-14,1.109095254500292,True
20261085,statistical,27,3.3,5,1,1,ideal,0,0,0,True,0.0001004640202416097,9.999999999999999e-05,1.39077310720859,1.90922689279141,2.199618527274889,0.0008323201120960927,0.7115202774113792,0.7108229896934302,0.006695557943593083,1.0,0.000264415981892124,1.002768012562219,0.000637257660352388,1.0,-0.0005172674168744385,1.0,-8.932655165173004e-05,1.0,0.004144943298771225,1.0,1.0046402024160972,-1.1102230246251565e-14,0.46402024160969724,True
20261086,statistical,27,3.3,5,1,1,ideal,0,0,0,True,0.0001011085810032099,9.999999999999999e-05,1.397414896482373,1.902585103517627,2.199090054178475,0.0008355429159040933,0.6978725164159099,0.6994865016111335,0.0008232759929718912,1.0,0.00262090447831577,1.000544087513798,0.0006305617224785959,1.0,-0.0002790399023988011,1.0,0.002219708320340702,1.0,0.01003014543073113,1.0,1.011085810032099,-1.1102230246251565e-14,1.1085810032098964,True
20261087,statistical,27,3.3,5,1,1,ideal,0,0,0,True,0.0001005729760949982,9.999999999999999e-05,1.343202956784772,1.956797043215228,2.199528971546355,0.0008328648913631548,0.6688389957752177,0.6683214964003622,-0.003954801278956355,1.0,-0.001576566111128512,0.9999676154256639,-0.0008946537636281255,1.0,0.00412710751809272,1.0,-0.001440696339248906,1.0,0.002746074478082098,1.0,1.005729760949982,-1.1102230246251565e-14,0.572976094998201,True
20261088,statistical,27,3.3,5,1,1,ideal,0,0,0,True,0.0001007142047548228,9.999999999999999e-05,1.372799841611582,1.927200158388418,2.199413024840878,0.0008335710346627572,0.6727706037169225,0.6728662363649309,-0.003914203035179314,1.0,0.001130294041456709,0.9973548854511216,0.001761561862379195,1.0,-0.01589416379094775,1.0,0.001829630095856926,1.0,-0.0147613914691735,1.0,1.007142047548228,-1.1102230246251565e-14,0.7142047548228003,True
20261089,statistical,27,3.3,5,1,1,ideal,0,0,0,True,0.0001017405998689859,9.999999999999999e-05,1.405562756977892,1.894437243022109,2.198574926446141,0.0008387030102333332,0.7105425011440822,0.7143954772014436,0.008023676783215418,1.0,0.00067058061323513,1.001814813580412,-0.002746406537573407,1.0,-0.005750787155196374,1.0,0.001086099121096699,1.0,0.00671939228354958,1.0,1.0174059986898591,-1.1102230246251565e-14,1.7405998689858926,True
20261090,statistical,27,3.3,5,1,1,ideal,0,0,0,True,0.0001004140465311067,9.999999999999999e-05,1.335440574775773,1.964559425224227,2.199659633438607,0.0008320702435444165,0.6555481156182347,0.6544545559340395,-0.009275437441990749,1.0,0.005890479210415312,1.001653346418656,-1.231370736174712e-05,1.0,0.002928253749083367,1.0,-0.001135514977034519,1.0,-0.01139568963444406,1.0,1.004140465311067,-1.1102230246251565e-14,0.4140465311067043,True
20261091,statistical,27,3.3,5,1,1,ideal,0,0,0,True,9.995690621073542e-05,9.999999999999999e-05,1.379409852171372,1.920590147828628,2.200036551274123,0.0008297845419419608,0.6946499680097514,0.6921133567559371,0.006086956301714882,1.0,0.009277246402333093,1.001069084891016,0.001194202357783219,1.0,-0.00796619027728315,1.0,-0.001375210229366161,1.0,0.008485367941076875,1.0,0.9995690621073542,-1.1102230246251565e-14,-0.043093789264592175,True
20261092,statistical,27,3.3,5,1,1,ideal,0,0,0,True,0.0001008936746412061,9.999999999999999e-05,1.419656615330409,1.880343384669592,2.199265902726125,0.000834468384094314,0.7294387272350313,0.7303231235336218,0.004946935590352842,1.0,-0.0005020319178487997,0.99979815265629,0.0004201631712400156,1.0,0.008537377990624541,1.0,0.001278234333558875,1.0,0.008056632877139903,1.0,1.008936746412061,-1.1102230246251565e-14,0.8936746412060881,True
20261093,statistical,27,3.3,5,1,1,ideal,0,0,0,True,0.0001006828895653235,9.999999999999999e-05,1.384913893683999,1.915086106316002,2.19943872098243,0.0008334144587145416,0.6990013791033391,0.6990422703268756,-0.003845249896181057,1.0,-0.002059721576412299,1.002148305257704,-0.0006863931388941964,1.0,-0.0008727196293407985,1.0,-0.0006732847748795044,1.0,0.00173539486269195,1.0,1.006828895653235,-1.1102230246251565e-14,0.6828895653234968,True
20261094,statistical,27,3.3,5,1,1,ideal,0,0,0,True,0.0001012009745164767,9.999999999999999e-05,1.344369272830249,1.955630727169751,2.199014560417493,0.0008360048834716264,0.6652019397734457,0.6668579036931459,0.01357747455263746,1.0,-0.003908612359552221,0.9972366683338035,0.0005467315088588922,1.0,0.003052288843674875,1.0,0.00217849402476859,1.0,0.006875989738422878,1.0,1.0120097451647672,-1.1102230246251565e-14,1.2009745164766938,True
20261095,statistical,27,3.3,5,1,1,ideal,0,0,0,True,0.0001002322793058176,9.999999999999999e-05,1.371743279659306,1.928256720340695,2.199809309341538,0.0008311614074172519,0.6845517746141839,0.682972971464111,0.006381417325970635,1.0,0.003431308052569705,1.003522451073316,0.0005940604372911913,1.0,5.67956318628788e-05,1.0,-0.001015640390887921,1.0,0.01472916853879937,1.0,1.002322793058176,-1.1102230246251565e-14,0.23227930581759537,True
20261096,statistical,27,3.3,5,1,1,ideal,0,0,0,True,0.0001007356924758297,9.999999999999999e-05,1.406128504954407,1.893871495045593,2.19939539711392,0.0008336784732675523,0.7032404819101709,0.703567728223854,-0.0007472713464011693,1.0,0.003395197231019923,1.000357931997637,-0.0002852419120078623,1.0,0.01197478938282017,1.0,1.458844410508837e-05,1.0,0.001647021714671911,1.0,1.0073569247582972,-1.1102230246251565e-14,0.7356924758296968,True
20261097,statistical,27,3.3,5,1,1,ideal,0,0,0,True,9.994811778133786e-05,9.999999999999999e-05,1.40640674661218,1.89359325338782,2.200043813295599,0.0008297405997958121,0.7093536776370152,0.7068270467442499,-0.001176096652868307,1.0,-0.003433704575497578,1.000089958456021,0.001401292707729757,1.0,0.003390361772277921,1.0,-0.001158198562850791,1.0,-0.001815937733402315,1.0,0.9994811778133788,-1.1102230246251565e-14,-0.05188221866213594,True
20261098,statistical,27,3.3,5,1,1,ideal,0,0,0,True,0.0001009744938033776,9.999999999999999e-05,1.363114182573032,1.936885817426969,2.199199730691901,0.0008348724799050516,0.6657071888358475,0.666690298239172,-0.003491280245445698,1.0,0.002431767174993251,1.001296562927752,-0.001536253059472686,1.0,-0.003768427483768409,1.0,-0.0005789091152280212,1.0,-0.005999344126832555,1.0,1.009744938033776,-1.1102230246251565e-14,0.9744938033775963,True
20261099,statistical,27,3.3,5,1,1,ideal,0,0,0,True,0.0001002290007836705,9.999999999999999e-05,1.394910924742565,1.905089075257435,2.199812011374932,0.0008311450148066363,0.7049817941650601,0.7034526084842231,-0.002043065645736386,1.0,0.003050872954311813,0.9952840582433128,0.0009492168323209376,1.0,0.004232194934166494,1.0,-0.0006108887491317898,1.0,-0.001772944392496214,1.0,1.002290007836705,-1.1102230246251565e-14,0.2290007836704966,True
20261100,statistical,27,3.3,5,1,1,ideal,0,0,0,True,0.0001005773465271566,9.999999999999999e-05,1.344941394324416,1.955058605675585,2.19952538119242,0.0008328867435247859,0.6643370557469879,0.6638688012056448,-5.557761693990561e-05,1.0,0.001283966642861571,1.000529451205789,0.0003894827779104905,1.0,0.002436470820690568,1.0,-0.0001072845518676914,1.0,0.004793989771256012,1.0,1.0057734652715662,-1.1102230246251565e-14,0.577346527156597,True
20261101,statistical,27,3.3,5,1,1,ideal,0,0,0,True,9.9998561922824e-05,9.999999999999999e-05,1.355198440459516,1.944801559540485,2.200002138642547,0.0008299928205027633,0.6826446446445932,0.6801827573735021,-0.002966350785755991,1.0,8.858581503005742e-05,1.001592450959081,0.002040899808119297,1.0,-0.006803363676222198,1.0,-0.0004535019524211443,1.0,-0.003569405761947351,1.0,0.9999856192282401,-1.1102230246251565e-14,-0.001438077176008079,True
20261102,statistical,27,3.3,5,1,1,ideal,0,0,0,True,0.000100510870157219,9.999999999999999e-05,1.337708765622742,1.962291234377258,2.199580008043848,0.0008325543616749779,0.6624066828360818,0.6616542163054769,0.00167182995593749,1.0,-0.003580433718126122,1.001226938288152,0.0006559684631181251,1.0,-0.002858103384581449,1.0,-0.000125470737872138,1.0,0.0009193963926058875,1.0,1.00510870157219,-1.1102230246251565e-14,0.5108701572190011,True
20261103,statistical,27,3.3,5,1,1,ideal,0,0,0,True,0.0001007064851300789,9.999999999999999e-05,1.350304108541978,1.949695891458022,2.199419358596181,0.0008335324365395172,0.6647462040655335,0.6647125816508035,0.004203158215054913,1.0,0.007080869601264783,0.9980984479199556,-0.000439156739742998,1.0,0.0001707266812785553,1.0,-0.0005003982582798313,1.0,-0.0119831208166705,1.0,1.0070648513007892,-1.1102230246251565e-14,0.7064851300788932,True
20261104,statistical,27,3.3,5,1,1,ideal,0,0,0,True,0.0001004840966687261,9.999999999999999e-05,1.353051015763703,1.946948984236297,2.199602018701004,0.0008324204942322738,0.6703193600980456,0.6695191739406361,0.0128532485263174,1.0,0.0008335074008170005,0.9961699043583195,0.0003913978579853518,1.0,0.0005338358243823174,1.0,-0.0004379450469491542,1.0,0.01419092572129105,1.0,1.004840966687261,-1.1102230246251565e-14,0.48409666872610835,True
20261105,statistical,27,3.3,5,1,1,ideal,0,0,0,True,0.0001013385928899914,9.999999999999999e-05,1.324289436230869,1.975710563769131,2.198902233777806,0.0008366929753381208,0.6282680872336956,0.6303781025046454,-0.004849034150142588,1.0,-0.008532532949701495,1.002133169113787,-0.0009243117910042128,1.0,-0.009563568003709621,1.0,0.001162454799878917,1.0,0.004568742811631794,1.0,1.013385928899914,-1.1102230246251565e-14,1.3385928899913857,True
20261106,statistical,27,3.3,5,1,1,ideal,0,0,0,True,0.0001005269744233174,9.999999999999999e-05,1.351467073281979,1.948532926718022,2.199566771275105,0.0008326348830052304,0.66297739983175,0.6622975279079106,0.004602508785616294,1.0,-0.007208089028605953,0.999958093775113,0.000443221836309683,1.0,0.004046947478746823,1.0,-0.0002655095460303909,1.0,0.005702036905296793,1.0,1.0052697442331742,-1.1102230246251565e-14,0.5269744233173945,True
20261107,statistical,27,3.3,5,1,1,ideal,0,0,0,True,0.0001000967212407956,9.999999999999999e-05,1.307642054280497,1.992357945719503,2.199921100459724,0.0008304836170923819,0.6167462526894324,0.6143773527602411,0.002140567030144844,1.0,-0.007277617135565555,1.003044375470246,0.001370958105964042,1.0,-0.005232249167735698,1.0,-0.001029775340605115,1.0,0.003335680196289227,1.0,1.000967212407956,-1.1102230246251565e-14,0.09672124079560529,True
20261108,statistical,27,3.3,5,1,1,ideal,0,0,0,True,0.0001010261755387133,9.999999999999999e-05,1.4030029297425,1.8969970702575,2.199157441473512,0.0008351308885855664,0.7078383871217834,0.7091626704663418,0.001005841892269773,1.0,-0.006074428140277786,0.9970238113723914,0.0003857825226728956,1.0,-0.004798732510219441,1.0,0.001684657203047742,1.0,-0.005199225824114013,1.0,1.0102617553871331,-1.1102230246251565e-14,1.026175538713292,True
20261109,statistical,27,3.3,5,1,1,ideal,0,0,0,True,0.0001011098526668554,9.999999999999999e-05,1.355459366991621,1.944540633008379,2.199089014676074,0.0008355492742236394,0.673489919139432,0.6748858130138748,0.01130158808223774,1.0,0.0002747878297055784,1.000568562810928,-0.0006223001402569866,1.0,-0.003891941170811822,1.0,0.0007487624291748132,1.0,0.005607600946571998,1.0,1.0110985266685542,-1.1102230246251565e-14,1.1098526668553932,True
20261110,statistical,27,3.3,5,1,1,ideal,0,0,0,True,0.000100045098697862,9.999999999999999e-05,1.364642751101335,1.935357248898666,2.199963709588667,0.0008302255043783127,0.6769381822025603,0.6746337509619541,0.0002948083534124961,1.0,-0.003320365409763964,1.001966049566077,0.0005701825231360755,1.0,-0.00997444223679606,1.0,-0.001766439891575495,1.0,-0.01111255003758993,1.0,1.00045098697862,-1.1102230246251565e-14,0.04509869786200049,True
20261111,statistical,27,3.3,5,1,1,ideal,0,0,0,True,0.0001004002905849467,9.999999999999999e-05,1.435004784942555,1.864995215057445,2.199670951844067,0.0008320014638137367,0.7490105329255533,0.7482069233629358,0.001827231633115923,1.0,-0.001101357333292871,0.9982108883022036,0.001235755441552473,1.0,0.003703402275376532,1.0,0.000402410042675262,1.0,0.00505752884628016,1.0,1.004002905849467,-1.1102230246251565e-14,0.40029058494670533,True
20261112,statistical,27,3.3,5,1,1,ideal,0,0,0,True,0.0001005616248534692,9.999999999999999e-05,1.354206720649828,1.945793279350172,2.199538297390739,0.0008328081351558697,0.6601009859840696,0.6595799637459643,-0.003553393018708561,1.0,0.003255237488045836,0.9992358209991622,0.0009700033355279676,1.0,-0.002122415399022783,1.0,0.0004203612257702694,1.0,0.008980391096352463,1.0,1.005616248534692,-1.1102230246251565e-14,0.5616248534691781,True
20261113,statistical,27,3.3,5,1,1,ideal,0,0,0,True,0.0001003841632478987,9.999999999999999e-05,1.418936394113254,1.881063605886746,2.199684223286866,0.000831920827128017,0.7332423249471558,0.7323542651255704,0.01066522220787085,1.0,0.002573755691107682,0.9973154923733708,0.0003107369659318557,1.0,0.001024623111446799,1.0,-0.0006071704583087876,1.0,0.007972158639400055,1.0,1.0038416324789872,-1.1102230246251565e-14,0.3841632478986945,True
20261114,statistical,27,3.3,5,1,1,ideal,0,0,0,True,0.0001010885913147098,9.999999999999999e-05,1.413836622560171,1.886163377439829,2.199106396062894,0.0008354429674629118,0.7205918903421847,0.7221706957011556,-0.005505603425871052,1.0,-0.003203087549701308,0.9985002918382834,0.0005242109058681793,1.0,-0.003814248226864238,1.0,0.002078038912084941,1.0,0.001718885054013705,1.0,1.010885913147098,-1.1102230246251565e-14,1.088591314709797,True
20261115,statistical,27,3.3,5,1,1,ideal,0,0,0,True,9.96891638027221e-05,9.999999999999999e-05,1.410770070805144,1.889229929194856,2.200258060883533,0.0008284458299018943,0.7306863619495781,0.7273155493288027,-0.002051735153934409,1.0,0.00168683683071997,0.9978360900355334,0.003451401356517004,1.0,-0.002762390661236966,1.0,4.593624299792492e-05,1.0,0.005418749087842375,1.0,0.9968916380272211,-1.1102230246251565e-14,-0.31083619727789724,True
20261116,statistical,27,3.3,5,1,1,ideal,0,0,0,True,0.0001011060998368975,9.999999999999999e-05,1.396683253638358,1.903316746361643,2.199092082406034,0.0008355305100748089,0.6949528198011662,0.6965623394419855,-0.005929930452817297,1.0,-0.00522737396703039,0.9967448237470268,-0.0002405060454524257,1.0,0.006905984101704041,1.0,0.001344157932270588,1.0,0.004948899474383693,1.0,1.0110609983689751,-1.1102230246251565e-14,1.1060998368974895,True
20261117,statistical,27,3.3,5,1,1,ideal,0,0,0,True,0.000100395725720336,9.999999999999999e-05,1.380568309809298,1.919431690190702,2.199674708140804,0.0008319786394906828,0.6901814496776653,0.6891976914003705,0.00518163230321077,1.0,-0.005276963151888145,1.002011727562307,0.0006064333114517812,1.0,-0.001869862765404962,1.0,-0.0004070923234692505,1.0,0.00282709885896011,1.0,1.0039572572033602,-1.1102230246251565e-14,0.3957257203359932,True
20261118,statistical,27,3.3,5,1,1,ideal,0,0,0,True,0.0001007974122821977,9.999999999999999e-05,1.370418176601389,1.929581823398611,2.199344784110197,0.0008339870722997515,0.6730511299204353,0.6734378162657426,-8.117255514808057e-05,1.0,0.006654290256655955,0.999455397896896,0.0001644860909991641,1.0,-0.004361183996769646,1.0,0.0005241829825823938,1.0,0.006817577704529026,1.0,1.007974122821977,-1.1102230246251565e-14,0.7974122821976959,True
20261119,statistical,27,3.3,5,1,1,ideal,0,0,0,True,0.0001002311522585443,9.999999999999999e-05,1.353265241794917,1.946734758205083,2.19981023820172,0.0008311557721811251,0.6623165535540579,0.6606060102753953,-0.003976410341394536,1.0,-0.00580226440834975,0.9946717100460222,0.00133031444855858,1.0,0.0002584663955516851,1.0,-0.0004111330481941748,1.0,-0.005608136272385118,1.0,1.002311522585443,-1.1102230246251565e-14,0.23115225854428711,True
20261120,statistical,27,3.3,5,1,1,ideal,0,0,0,True,0.0001005769759553167,9.999999999999999e-05,1.372630209867166,1.927369790132834,2.199525685615253,0.0008328848906648673,0.6781257150268162,0.6777315190733962,0.004854723968232244,1.0,0.004384013556046147,1.000391117353047,0.0004059245126090288,1.0,-0.004144005715773445,1.0,-1.678522673777317e-05,1.0,0.009643200690760589,1.0,1.0057697595531672,-1.1102230246251565e-14,0.5769759553166942,True
20261121,statistical,27,3.3,5,1,1,ideal,0,0,0,True,0.0001011849418608647,9.999999999999999e-05,1.340913541641331,1.959086458358669,2.199027655889467,0.0008359247201945252,0.6390354445871138,0.6407165350285475,0.001900984824222594,1.0,-0.003943786601148649,1.001921560995494,-4.057308502062934e-06,1.0,-0.003938845193024636,1.0,0.001652722710210448,1.0,-0.01446437290851939,1.0,1.011849418608647,-1.1102230246251565e-14,1.1849418608647078,True
20261122,statistical,27,3.3,5,1,1,ideal,0,0,0,True,0.0001007990496188994,9.999999999999999e-05,1.367688977854285,1.932311022145715,2.199343441817104,0.0008339952589830207,0.6689874559743302,0.6693621792424957,-0.0002179380371261678,1.0,-0.0006618994045653646,1.000120584962328,-0.0009777762046275806,1.0,-0.002546872174996765,1.0,-0.0006300309727846491,1.0,0.006566231973198383,1.0,1.007990496188994,-1.1102230246251565e-14,0.7990496188993834,True
20261123,statistical,27,3.3,5,1,1,ideal,0,0,0,True,0.0001004140269424204,9.999999999999999e-05,1.397805209682258,1.902194790317743,2.199659649555319,0.0008320701456006257,0.7173972512477169,0.7165301172548146,-0.005033580559385181,1.0,0.006313918628460568,1.001932005538607,-0.0001333295103516483,1.0,-0.001172816376180216,1.0,-0.001030105243602576,1.0,0.001103036400625194,1.0,1.004140269424204,-1.1102230246251565e-14,0.41402694242038685,True
20261124,statistical,27,3.3,5,1,1,ideal,0,0,0,True,0.0001010050067525405,9.999999999999999e-05,1.390505259498636,1.909494740501364,2.199174760637773,0.0008350250446525443,0.6911945208797701,0.6924065111389763,-0.005058000358113902,1.0,-0.004999543223013399,0.998366783528892,-0.0005913757223765815,1.0,0.001695115734412235,1.0,0.0005950599131096158,1.0,-0.007127821438768027,1.0,1.0100500675254052,-1.1102230246251565e-14,1.0050067525404938,True
20261125,statistical,27,3.3,5,1,1,ideal,0,0,0,True,0.0001012178674128562,9.999999999999999e-05,1.370339191376481,1.92966080862352,2.199000764407939,0.000836089347952445,0.6851890941464435,0.6870685277944417,0.002256140932627577,1.0,0.00118925239596445,0.9997731068375708,-0.00107992316661501,1.0,0.01306094663252876,1.0,0.0007754256783166571,1.0,0.005850538825985322,1.0,1.012178674128562,-1.1102230246251565e-14,1.2178674128561884,True
20261126,statistical,27,3.3,5,1,1,ideal,0,0,0,True,0.0001001159123156049,9.999999999999999e-05,1.319726212507841,1.980273787492159,2.19990526545392,0.000830579572466668,0.6327133412621021,0.6304996889931235,0.002598755668294277,1.0,-0.003660891568904058,0.9984488248212415,0.0003146287932607704,1.0,0.001623533064265836,1.0,-0.001930725204971796,1.0,0.01295737886834964,1.0,1.001159123156049,-1.1102230246251565e-14,0.11591231560488247,True
20261127,statistical,27,3.3,5,1,1,ideal,0,0,0,True,0.0001005237558209905,9.999999999999999e-05,1.396340367858307,1.903659632141693,2.199569416619501,0.0008326187899933564,0.7142736631502444,0.7137819332126596,0.006385552214893075,1.0,0.006573335833579987,1.001087412710778,-0.0007554802271301091,1.0,-0.002952280635963951,1.0,-0.001276093250977062,1.0,0.007489744915426336,1.0,1.0052375582099051,-1.1102230246251565e-14,0.5237558209904902,True
20261128,statistical,27,3.3,5,1,1,ideal,0,0,0,True,0.0001000298270837553,9.999999999999999e-05,1.333558369571878,1.966441630428122,2.199976318702973,0.00083014914630742,0.6489361273100152,0.6464562562317469,0.006867552245330724,1.0,-0.001362687524586964,1.003454964081661,0.001397800416185658,1.0,0.002334423580495202,1.0,-0.001114367419055224,1.0,-0.003854861596132334,1.0,1.000298270837553,-1.1102230246251565e-14,0.02982708375529608,True
20261129,statistical,27,3.3,5,1,1,ideal,0,0,0,True,0.0001003720183202218,9.999999999999999e-05,1.349589507738674,1.950410492261326,2.199694218863553,0.0008318601024895128,0.6653652570561595,0.6641887215072094,0.005978414190431953,1.0,-0.003478114610463027,1.001492723716829,0.0003214463215730797,1.0,-0.01019007424605045,1.0,-0.000885020965235734,1.0,0.0002226916546394167,1.0,1.003720183202218,-1.1102230246251565e-14,0.3720183202218008,True
20261130,statistical,27,3.3,5,1,1,ideal,0,0,0,True,0.0001004819205632614,9.999999999999999e-05,1.37736103346037,1.92263896653963,2.199603807933335,0.0008324096137045905,0.6835211788590253,0.6828091098885137,0.005083157630797075,1.0,-0.002064599320513799,0.9998159507701094,0.0008419605358623963,1.0,-0.001314652740922761,1.0,0.0001007207878460662,1.0,-0.006954168311402828,1.0,1.0048192056326142,-1.1102230246251565e-14,0.48192056326139543,True
20261131,statistical,27,3.3,5,1,1,ideal,0,0,0,True,0.0001006560050299256,9.999999999999999e-05,1.350885787108455,1.949114212891546,2.199460787473563,0.0008332800360379116,0.6704200938376585,0.6702355516695085,0.006522010214580739,1.0,0.001307385602763839,1.001521461367809,-0.0001290492231304481,1.0,0.01157800910641438,1.0,-0.0003415604307601379,1.0,-0.00235918480505414,1.0,1.0065600502992562,-1.1102230246251565e-14,0.6560050299255993,True
20261132,statistical,27,3.3,5,1,1,ideal,0,0,0,True,0.0001004962725162208,9.999999999999999e-05,1.315020288485535,1.984979711514466,2.19959200817566,0.0008324813734702267,0.6233783172719807,0.6224778143673708,-0.003847477161781799,1.0,-0.0008359343232376169,1.00007609267806,0.0009201720300094598,1.0,0.004434102719087748,1.0,-9.402650406342447e-06,1.0,-0.0007834320549465567,1.0,1.0049627251622082,-1.1102230246251565e-14,0.49627251622079704,True
20261133,statistical,27,3.3,5,1,1,ideal,0,0,0,True,0.0001008851838507886,9.999999999999999e-05,1.324910051500203,1.975089948499798,2.199272857590898,0.000834425930141987,0.6477568244682055,0.6482302086318891,-0.001005049740593147,1.0,-0.005736879350883324,1.006315806410899,-6.935673461013881e-05,1.0,0.01479787530009168,1.0,0.000377642903026131,1.0,-0.00297482307723695,1.0,1.0088518385078862,-1.1102230246251565e-14,0.8851838507885956,True
20261134,statistical,27,3.3,5,1,1,ideal,0,0,0,True,0.0001004980718797945,9.999999999999999e-05,1.342837051649171,1.957162948350829,2.199590528902984,0.0008324903702871362,0.653401617006948,0.6525975970909177,0.0003078387618458161,1.0,-0.001958751668744186,1.00280710899452,0.0004391110595712773,1.0,-0.0003371185294612834,1.0,-0.0003939682223501703,1.0,0.003434090555795734,1.0,1.0049807187979451,-1.1102230246251565e-14,0.49807187979449274,True
20261135,statistical,27,3.3,5,1,1,ideal,0,0,0,True,0.0001006862696910139,9.999999999999999e-05,1.372233571792171,1.92776642820783,2.199435947008902,0.0008334313593437129,0.6721979107649098,0.6722041081015112,0.002590579682622222,1.0,-0.0124233458216224,1.001151655788561,-0.0008571148731980327,1.0,-0.002518496228843435,1.0,-0.0008786754665509645,1.0,-0.008658221561686783,1.0,1.006862696910139,-1.1102230246251565e-14,0.6862696910138855,True
20261136,statistical,27,3.3,5,1,1,ideal,0,0,0,True,0.0001009593823144107,9.999999999999999e-05,1.41115528734082,1.88884471265918,2.199212099694275,0.0008347969224600977,0.7124167889683074,0.7135567369705047,0.004449481395317523,1.0,-0.01028708085439613,0.9986089327391948,-0.0001126859904876448,1.0,0.003223757375968877,1.0,0.001001391876498312,1.0,0.01490423275855984,1.0,1.009593823144107,-1.1102230246251565e-14,0.9593823144107061,True
20261137,statistical,27,3.3,5,1,1,ideal,0,0,0,True,0.0001011343669278232,9.999999999999999e-05,1.402205782750233,1.897794217249767,2.199068978259431,0.0008356718455271601,0.7192880151647606,0.7209665125851452,-0.01586879720493388,1.0,0.002690162970157171,0.9938293463031358,-0.001913060541940253,1.0,0.001000032553378546,1.0,-0.0002592253488610697,1.0,0.0001293422569982328,1.0,1.011343669278232,-1.1102230246251565e-14,1.134366927823205,True
20261138,statistical,27,3.3,5,1,1,ideal,0,0,0,True,0.0001009889754230499,9.999999999999999e-05,1.338523156220129,1.961476843779871,2.199187878878653,0.0008349448880034132,0.6558479237070759,0.6567825661699785,0.007802212775805199,1.0,0.0085697478328489,0.9984210003567732,-3.517902267587144e-05,1.0,-0.005282635156336871,1.0,0.0008737965891037082,1.0,0.0001263220574510483,1.0,1.009889754230499,-1.1102230246251565e-14,0.9889754230498982,True
20261139,statistical,27,3.3,5,1,1,ideal,0,0,0,True,0.0001008123154435338,9.999999999999999e-05,1.418630219124112,1.881369780875888,2.199332567212746,0.0008340615881061924,0.7299598737717129,0.7305755439532351,-0.002629699352516212,1.0,0.006023543938114401,0.9979073702109668,-0.001044630699934805,1.0,-0.001268997151795274,1.0,-0.0004558481083774637,1.0,0.004992747588706097,1.0,1.0081231544353382,-1.1102230246251565e-14,0.8123154435337954,True
20261140,statistical,27,3.3,5,1,1,ideal,0,0,0,True,0.0001008085032294871,9.999999999999999e-05,1.373125463764016,1.926874536235984,2.199335692121702,0.0008340425270355994,0.6869394191701996,0.6873469737060429,-0.001159521167897896,1.0,-0.008157505378970215,0.9973394483122215,0.0002190385268599809,1.0,-0.007538174098381332,1.0,0.0005996792574317597,1.0,0.001725876220803144,1.0,1.0080850322948711,-1.1102230246251565e-14,0.8085032294870897,True
20261141,statistical,27,3.3,5,1,1,ideal,0,0,0,True,0.0001007667982629669,9.999999999999999e-05,1.411248268102462,1.888751731897538,2.199369885337641,0.0008338340022032381,0.7271072601684085,0.7275247188659084,0.0003922838205832203,1.0,0.007523176828515134,1.001093507890108,0.0003726877701205543,1.0,-0.001733202743524516,1.0,0.0007629439440080254,1.0,-0.006414530930404302,1.0,1.007667982629669,-1.1102230246251565e-14,0.7667982629668835,True
20261142,statistical,27,3.3,5,1,1,ideal,0,0,0,True,0.0001004786286561056,9.999999999999999e-05,1.423034838486261,1.876965161513739,2.199606514666689,0.0008323931541692913,0.7384969699374009,0.737940445074769,0.00208360324806186,1.0,-0.001261964409029587,0.9980856942347616,0.0002585236778898729,1.0,0.01085333994114399,1.0,-0.0003271957848241842,1.0,0.0008617611119579344,1.0,1.0047862865610562,-1.1102230246251565e-14,0.47862865610559524,True
20261143,statistical,27,3.3,5,1,1,ideal,0,0,0,True,0.0001005373357712748,9.999999999999999e-05,1.37715139940037,1.922848600599631,2.199558255903407,0.0008326866897450174,0.6942573867001033,0.6937490071429452,-0.001421132134454788,1.0,0.008835884572725976,1.002054236006786,0.0009490909064195251,1.0,0.002457480095920473,1.0,0.0004119223279883542,1.0,0.001232468209968918,1.0,1.0053733577127482,-1.1102230246251565e-14,0.5373357712747939,True
20261144,statistical,27,3.3,5,1,1,ideal,0,0,0,True,9.991982354906517e-05,9.999999999999999e-05,1.408978142201621,1.891021857798379,2.20006719735327,0.0008295991286345686,0.7178575660052021,0.7152692988320425,0.001708151989199942,1.0,-0.007679926762787215,1.001451931825997,0.001032971647817377,1.0,0.01335845002139897,1.0,-0.001588352446831132,1.0,0.0189287996439733,1.0,0.9991982354906518,-1.1102230246251565e-14,-0.08017645093483239,True
20261145,statistical,27,3.3,5,1,1,ideal,0,0,0,True,0.000100918749394804,9.999999999999999e-05,1.362347929473261,1.937652070526739,2.199245367030624,0.0008345937578624234,0.6840148389044653,0.6847963590042802,-0.002871130277645806,1.0,0.001486603632544992,1.004839646724597,-0.0007697374592557561,1.0,0.00310626972914355,1.0,-1.437017783980513e-05,1.0,-0.0004727687721933233,1.0,1.00918749394804,-1.1102230246251565e-14,0.918749394803986,True
20261146,statistical,27,3.3,5,1,1,ideal,0,0,0,True,0.0001002988483150914,9.999999999999999e-05,1.375074664778619,1.924925335221381,2.199754463641963,0.0008314942524642204,0.6828400547335899,0.6814704456042439,-0.002112970231911388,1.0,0.001419163129254486,0.999377158705923,0.00105341886090826,1.0,0.003726900724719475,1.0,-0.0003466269376149265,1.0,-0.0005343218068421901,1.0,1.0029884831509142,-1.1102230246251565e-14,0.2988483150913934,True
20261147,statistical,27,3.3,5,1,1,ideal,0,0,0,True,0.0001001191882619813,9.999999999999999e-05,1.37927435374203,1.92072564625797,2.199902562678646,0.0008305959521983104,0.6917630547097146,0.6897871352383971,-0.002273365707185814,1.0,-0.005501221798205108,1.000987972937213,0.0005843487883841125,1.0,-0.00814618103680068,1.0,-0.001423249774484664,1.0,-0.003576467954643507,1.0,1.0011918826198132,-1.1102230246251565e-14,0.11918826198129562,True
20261148,statistical,27,3.3,5,1,1,ideal,0,0,0,True,0.0001004334468734171,9.999999999999999e-05,1.395500540943395,1.904499459056605,2.199643673294075,0.0008321672452552492,0.7064467568398891,0.7056108699384622,-0.008250729797960283,1.0,0.005135184902286156,0.9991981996599276,0.0003694640909999429,1.0,0.002271893211244632,1.0,-0.0004959290628953533,1.0,-0.001004433467046591,1.0,1.004334468734171,-1.1102230246251565e-14,0.4334468734170871,True
20261149,statistical,27,3.3,5,1,1,ideal,0,0,0,True,0.0001013197688423019,9.999999999999999e-05,1.376873803626874,1.923126196373126,2.198917589853816,0.0008365988550996734,0.6912772442001467,0.6935082554735225,-0.006002455141851982,1.0,-0.00282236055506114,0.9984983988701208,-0.002041908448815922,1.0,0.01133496505835025,1.0,0.0001657227280537585,1.0,-0.007698488040283444,1.0,1.0131976884230192,-1.1102230246251565e-14,1.3197688423018938,True
20261150,statistical,27,3.3,5,1,1,ideal,0,0,0,True,0.0001008561700000356,9.999999999999999e-05,1.37427366960333,1.92572633039667,2.199296627183938,0.00083428086089002,0.672607206826933,0.6732245676204136,-5.054343572732988e-05,1.0,-0.000563277930702927,1.001422647942414,-0.000127923610600214,1.0,-0.001261716300218117,1.0,0.0004628540722867756,1.0,0.001394330196331678,1.0,1.0085617000003562,-1.1102230246251565e-14,0.8561700000355943,True
20261151,statistical,27,3.3,5,1,1,ideal,0,0,0,True,0.0001010332961922379,9.999999999999999e-05,1.340517218313075,1.959482781686925,2.199151616502929,0.0008351664918491137,0.6466436875354209,0.6477271671389034,0.002369087312701688,1.0,0.004711368726457594,1.000000429734917,-0.0001701880077343641,1.0,-0.006332494792836377,1.0,0.0008879323840385497,1.0,0.0001176948611253721,1.0,1.010332961922379,-1.1102230246251565e-14,1.033296192237887,True
20261152,statistical,27,3.3,5,1,1,ideal,0,0,0,True,0.0001012747202520571,9.999999999999999e-05,1.349776161582402,1.950223838417598,2.198954349977118,0.0008363736121486892,0.6680242861371045,0.6699921160147041,0.003112596540385446,1.0,-0.007927347282688587,0.9988780276156324,-0.000997387350487991,1.0,-0.01492892908060489,1.0,0.0009467506815221782,1.0,0.003640833956006592,1.0,1.012747202520571,-1.1102230246251565e-14,1.2747202520571044,True
20261153,statistical,27,3.3,5,1,1,ideal,0,0,0,True,0.0001006116298333949,9.999999999999999e-05,1.396464716181478,1.903535283818522,2.19949722219145,0.0008330581600557378,0.7046254118494931,0.7044399403532796,-0.004077902162903707,1.0,-0.005661086238933163,1.001533592284749,0.001006218781986903,1.0,-0.0100776564424257,1.0,0.0007924727617423274,1.0,0.0002114105135531188,1.0,1.006116298333949,-1.1102230246251565e-14,0.6116298333948889,True
20261154,statistical,27,3.3,5,1,1,ideal,0,0,0,True,0.000100855915806214,9.999999999999999e-05,1.352365599195003,1.947634400804998,2.199296835460562,0.0008342795899197136,0.6653758800029937,0.6659179566527637,-0.004496063357884902,1.0,0.006664026913068211,1.000728850680787,-0.0006461731591521803,1.0,0.01097744622162546,1.0,-0.0001306831353439208,1.0,-0.01126519286258588,1.0,1.00855915806214,-1.1102230246251565e-14,0.8559158062139804,True
20261155,statistical,27,3.3,5,1,1,ideal,0,0,0,True,0.0001006908205102554,9.999999999999999e-05,1.363308964278321,1.936691035721679,2.199432212418763,0.0008334541134393208,0.6789275976880883,0.6788973466812157,-0.006333778281844347,1.0,0.001346266547754346,1.000042100020475,6.5847038491995e-05,1.0,-0.0103649132549564,1.0,7.868258608681099e-06,1.0,0.0007382677301057153,1.0,1.0069082051025542,-1.1102230246251565e-14,0.6908205102553966,True
20261156,statistical,27,3.3,5,1,1,ideal,0,0,0,True,0.0001005093508290179,9.999999999999999e-05,1.383924555319757,1.916075444680243,2.199581256945943,0.0008325467650368496,0.6871967948717527,0.6865844070335281,-0.004582781967750365,1.0,0.0008350126900358746,0.996932159726274,0.000548319526870214,1.0,0.001437390458533207,1.0,-9.304889871852491e-05,1.0,0.005805335037102452,1.0,1.005093508290179,-1.1102230246251565e-14,0.5093508290179072,True
20261157,statistical,27,3.3,5,1,1,ideal,0,0,0,True,0.0001007679413476693,9.999999999999999e-05,1.401467646173653,1.898532353826347,2.199368947964196,0.0008338397176277093,0.7129505455742919,0.7133442909037346,-0.004463634202779267,1.0,0.00536748517467167,1.000596185636855,-0.0009060553198647191,1.0,0.00531289999863143,1.0,-0.0005395044563550511,1.0,0.005325747208991174,1.0,1.007679413476693,-1.1102230246251565e-14,0.7679413476692876,True
20261158,statistical,27,3.3,5,1,1,ideal,0,0,0,True,0.0001004292642936412,9.999999999999999e-05,1.396300404893417,1.903699595106584,2.199647113946042,0.0008321463323581681,0.709238322296874,0.7084051726270923,0.001166311811842649,1.0,0.001265800783461996,0.99760744611353,0.0004596265294625101,1.0,-0.01033504108837119,1.0,-0.0004030585332988488,1.0,0.0006082295749254742,1.0,1.004292642936412,-1.1102230246251565e-14,0.429264293641185,True
20261159,statistical,27,3.3,5,1,1,ideal,0,0,0,True,0.000100805170475592,9.999999999999999e-05,1.37567458098277,1.92432541901723,2.199338424103385,0.0008340258632660042,0.7034407004976644,0.7038485216670257,0.008481583034658138,1.0,4.738278958520212e-05,0.999634947718114,-0.0005701924655939555,1.0,-0.0007211992569390368,1.0,-0.0001893097330085241,1.0,0.01256883427478688,1.0,1.00805170475592,-1.1102230246251565e-14,0.8051704755919875,True
20261160,statistical,27,3.3,5,1,1,ideal,0,0,0,True,0.0001007644221716432,9.999999999999999e-05,1.387864729945856,1.912135270054144,2.199371833855938,0.0008338221217463798,0.6950151791225827,0.6953445820979663,0.007311419119699581,1.0,0.001839133263104445,0.9993902810946088,0.0008335582024564549,1.0,-0.005451037785639746,1.0,0.001135742979504794,1.0,-0.00835057496670295,1.0,1.007644221716432,-1.1102230246251565e-14,0.7644221716431865,True
20261161,statistical,27,3.3,5,1,1,ideal,0,0,0,True,0.0001006682613141442,9.999999999999999e-05,1.385572531310183,1.914427468689818,2.199450726982076,0.0008333413174593644,0.6965317736703609,0.6965376413845127,0.002642159407818236,1.0,0.005449836285092626,1.002233321668219,0.0003291095132987279,1.0,-0.008160952029218257,1.0,0.0003070935939899467,1.0,-0.0003873741118906179,1.0,1.0066826131414421,-1.1102230246251565e-14,0.6682613141441918,True
20261162,statistical,27,3.3,5,1,1,ideal,0,0,0,True,0.0001003081440193689,9.999999999999999e-05,1.401021784562465,1.898978215437535,2.199746807702812,0.0008315407309854876,0.7195038847032909,0.7182595845702127,0.001207411458232559,1.0,-0.001750174545523871,0.9982044156206412,0.000462268190723954,1.0,0.005572363397267337,1.0,-0.0008124051613761492,1.0,0.005764499993795123,1.0,1.0030814401936892,-1.1102230246251565e-14,0.30814401936889446,True
20261163,statistical,27,3.3,5,1,1,ideal,0,0,0,True,0.0001002027313990118,9.999999999999999e-05,1.322664842664874,1.977335157335126,2.199833664601803,0.0008310136678837026,0.643620921611379,0.641741149576933,0.004204003980108667,1.0,-0.003823812218683512,0.9972716705677351,0.001240378842878895,1.0,0.00294390749966915,1.0,-0.0006704956304393461,1.0,0.003868916272455142,1.0,1.0020273139901181,-1.1102230246251565e-14,0.2027313990117907,True
20261164,statistical,27,3.3,5,1,1,ideal,0,0,0,True,0.0001004434594282734,9.999999999999999e-05,1.369548885516547,1.930451114483454,2.199635437364775,0.0008322173080294111,0.6768353143897823,0.6759621830073302,-0.001157659289465443,1.0,0.001018483035552294,1.001156192045914,0.001511843278275219,1.0,-0.00343453865449859,1.0,0.000609275157990223,1.0,-0.001598627800709732,1.0,1.0044345942827342,-1.1102230246251565e-14,0.44345942827339613,True
20261165,statistical,27,3.3,5,1,1,ideal,0,0,0,True,0.0001006959723765134,9.999999999999999e-05,1.386699181709006,1.913300818290994,2.199427984775704,0.0008334798727707309,0.7121758555047815,0.7122554826647401,0.005296664222815299,1.0,0.0002267404049863113,1.001076149730247,0.0001753699274490241,1.0,0.00334376708719316,1.0,0.0002273037799672436,1.0,-0.00399905474484652,1.0,1.006959723765134,-1.1102230246251565e-14,0.6959723765133985,True
20261166,statistical,27,3.3,5,1,1,ideal,0,0,0,True,9.98844925683641e-05,9.999999999999999e-05,1.334094729566376,1.965905270433625,2.200096405739446,0.000829422473732262,0.6378043943287504,0.6347504376163527,-0.005652864272615575,1.0,-0.008634606350734724,1.00061945332848,0.0007608789344751898,1.0,0.002598421552825359,1.0,-0.002326377481139362,1.0,0.001445242960040741,1.0,0.9988449256836411,-1.1102230246251565e-14,-0.11550743163589727,True
20261167,statistical,27,3.3,5,1,1,ideal,0,0,0,True,0.0001002813345808597,9.999999999999999e-05,1.393477155271325,1.906522844728676,2.199768889758907,0.0008314066837931814,0.7123830666223187,0.7110229217366661,-0.001566746341199647,1.0,0.0008155762506900319,0.9985676963449496,0.000885387094062614,1.0,0.003662633861832419,1.0,-0.0005053163903254796,1.0,-0.005570277521430946,1.0,1.002813345808597,-1.1102230246251565e-14,0.28133458085970453,True
20261168,statistical,27,3.3,5,1,1,ideal,0,0,0,True,0.0001010340489971674,9.999999999999999e-05,1.40600472678206,1.893995273217941,2.199151000701857,0.0008351702558759189,0.7135576323261954,0.7149316649214625,0.003772813469321781,1.0,0.002595112442480346,1.000032466589022,-0.0003095171007435603,1.0,0.00310363488062453,1.0,0.001039160742160809,1.0,-0.004274164935391435,1.0,1.0103404899716741,-1.1102230246251565e-14,1.0340489971673916,True
20261169,statistical,27,3.3,5,1,1,ideal,0,0,0,True,0.000100731057118363,9.999999999999999e-05,1.35838599591148,1.94161400408852,2.199399199490049,0.0008336552964800985,0.6717124023668809,0.6718174783339483,0.002626062516982796,1.0,-7.708226711686259e-06,1.000726282662279,0.0003294693273363665,1.0,0.003207408218002227,1.0,0.0004070959508551231,1.0,0.009145804450291376,1.0,1.00731057118363,-1.1102230246251565e-14,0.7310571183629877,True
20261170,statistical,27,3.3,5,1,1,ideal,0,0,0,True,0.0001004714336876268,9.999999999999999e-05,1.370776676428409,1.929223323571592,2.1996124309378,0.0008323571793279762,0.6682539683542679,0.6674854869925874,0.005358463507499667,1.0,-0.002856257170737364,0.9995964571732352,0.001069458692823658,1.0,0.007862790384284814,1.0,0.0002717347486956957,1.0,-0.002781848094075761,1.0,1.004714336876268,-1.1102230246251565e-14,0.4714336876267877,True
20261171,statistical,27,3.3,5,1,1,ideal,0,0,0,True,0.0001007255428628574,9.999999999999999e-05,1.329717976392558,1.970282023607443,2.199403723038777,0.0008336277252031703,0.6492677408017214,0.649246368579675,0.006823925626059588,1.0,0.003827724600898566,0.9983019351258052,0.0007937218878630221,1.0,0.00439276965757327,1.0,0.0007448612917303305,1.0,0.006974866954560014,1.0,1.0072554286285742,-1.1102230246251565e-14,0.7255428628573979,True
20261172,statistical,27,3.3,5,1,1,ideal,0,0,0,True,0.0001009948287927677,9.999999999999999e-05,1.369645409679299,1.930354590320702,2.199183088911202,0.0008349741548522422,0.6786089201788584,0.6796771133093735,0.003826619635157477,1.0,0.001141763692171201,1.00172976578925,-0.00140317670141603,1.0,0.001199746580367361,1.0,-0.000360609250693006,1.0,0.008867466481116772,1.0,1.009948287927677,-1.1102230246251565e-14,0.994828792767688,True
20261173,statistical,27,3.3,5,1,1,ideal,0,0,0,True,0.0001001364573780918,9.999999999999999e-05,1.345339319456462,1.954660680543538,2.199888316401114,0.0008306822977786227,0.6536578102645605,0.6515720686207102,0.00160816201713764,1.0,-0.003750343913749045,1.000588046308416,0.001123408795553056,1.0,-0.00642381540555876,1.0,-0.0009938916608969812,1.0,-0.005820937301571476,1.0,1.001364573780918,-1.1102230246251565e-14,0.13645737809180325,True
20261174,statistical,27,3.3,5,1,1,ideal,0,0,0,True,0.0001003015689253885,9.999999999999999e-05,1.364867845222664,1.935132154777336,2.199752222879176,0.0008315078555158255,0.6723272584561472,0.6709328825377784,-0.005294626539362557,1.0,0.0007745387918833438,1.002412368712386,0.0001192327527726003,1.0,-0.0009524074936451638,1.0,-0.001305560906385806,1.0,-0.000158125798259282,1.0,1.003015689253885,-1.1102230246251565e-14,0.30156892538850677,True
20261175,statistical,27,3.3,5,1,1,ideal,0,0,0,True,0.0001003819361267801,9.999999999999999e-05,1.37603161176629,1.923968388233711,2.199686056177781,0.0008319096915223041,0.6860056046222598,0.6849358159689656,-0.003918213962167061,1.0,0.0008562119211101943,1.003298961124323,-9.125980842765006e-05,1.0,0.003619455239583744,1.0,-0.001190910840942403,1.0,0.007537073444441255,1.0,1.003819361267801,-1.1102230246251565e-14,0.38193612678010247,True
20261176,statistical,27,3.3,5,1,1,ideal,0,0,0,True,0.0001001325878700533,9.999999999999999e-05,1.340402713881034,1.959597286118966,2.199891508378081,0.0008306629502385504,0.6516120299641912,0.6495049706092116,-0.003019726872181199,1.0,0.00179895833507976,0.9961979987217192,0.0006171867596987641,1.0,-0.004158281985516797,1.0,-0.001521458482883741,1.0,-0.0009142307033137615,1.0,1.0013258787005332,-1.1102230246251565e-14,0.1325878700533023,True
20261177,statistical,27,3.3,5,1,1,ideal,0,0,0,True,0.0001003514597293211,9.999999999999999e-05,1.370034077812103,1.929965922187898,2.199711141683002,0.0008317573095376461,0.676755875610367,0.6755639676116162,-0.002561884257165709,1.0,-0.001548607995601139,0.9966034728790942,0.0003248908799864425,1.0,-0.001200855071965049,1.0,-0.0008970899748535784,1.0,0.006789826948343872,1.0,1.0035145972932111,-1.1102230246251565e-14,0.3514597293210908,True
20261178,statistical,27,3.3,5,1,1,ideal,0,0,0,True,0.0001011744307207287,9.999999999999999e-05,1.30229842562873,1.99770157437127,2.199036242445221,0.000835872164492047,0.6324838696546499,0.6338914703924051,-0.01099879534444659,1.0,0.003348037828448833,1.000097810664802,-0.000305979413365966,1.0,-0.004649784501227137,1.0,0.001077235458509824,1.0,-0.003915028527294292,1.0,1.0117443072072871,-1.1102230246251565e-14,1.174430720728692,True
20261179,statistical,27,3.3,5,1,1,ideal,0,0,0,True,0.0001004132243044466,9.999999999999999e-05,1.45197797226144,1.84802202773856,2.199660309926468,0.0008320661324111159,0.7563487878263351,0.7556757435500585,-0.01728384949745148,1.0,-0.001299223815925636,0.9968929591493216,0.00121656924806019,1.0,0.0117738125377112,1.0,0.0005138791486368199,1.0,-0.00914079102980919,1.0,1.0041322430444661,-1.1102230246251565e-14,0.4132243044465911,True
20261180,statistical,27,3.3,5,1,1,ideal,0,0,0,True,0.0001000314724594133,9.999999999999999e-05,1.36085867775744,1.939141322242561,2.199974960100192,0.0008301573731851104,0.6889449877967739,0.6866400387087285,-0.01162425220283284,1.0,-0.00237528725893175,1.00067817542289,0.002016932613240666,1.0,0.001972025658210337,1.0,-0.0003203038595518139,1.0,-0.009592964937101413,1.0,1.000314724594133,-1.1102230246251565e-14,0.03147245941328425,True
20261181,statistical,27,3.3,5,1,1,ideal,0,0,0,True,0.0001005687011155522,9.999999999999999e-05,1.351437716216851,1.948562283783149,2.199532483627093,0.0008328435164660446,0.6518299699582905,0.6513034708241703,0.00855110061568173,1.0,0.005951201779816431,0.996434783900237,0.001304227324442388,1.0,0.008867342194339628,1.0,0.0007491580805597833,1.0,0.005046257931669068,1.0,1.005687011155522,-1.1102230246251565e-14,0.5687011155522059,True
20261182,statistical,27,3.3,5,1,1,ideal,0,0,0,True,0.0001008648058992136,9.999999999999999e-05,1.384377127777584,1.915622872222416,2.199289551553721,0.0008343240403842317,0.6867676718320108,0.6874921255750988,-0.00626272264615088,1.0,-0.01004653025011467,0.9983681242395256,0.0004293983014736975,1.0,0.002673818674474408,1.0,0.001127327672131531,1.0,-0.002796018521330834,1.0,1.008648058992136,-1.1102230246251565e-14,0.8648058992136054,True
20261183,statistical,27,3.3,5,1,1,ideal,0,0,0,True,0.0001012797697150204,9.999999999999999e-05,1.362529402012466,1.937470597987534,2.198950228798503,0.0008363988594635057,0.6780881351239295,0.6801073157101737,-0.01015372340662436,1.0,9.583973193883155e-05,0.997486644300246,-0.0004873804100898733,1.0,0.001022383136079413,1.0,0.001508143631803883,1.0,0.01019847144475657,1.0,1.0127976971502042,-1.1102230246251565e-14,1.2797697150203957,True
20261184,statistical,27,3.3,5,1,1,ideal,0,0,0,True,0.000100554589543055,9.999999999999999e-05,1.375667587772998,1.924332412227002,2.199544077889783,0.0008327729586040382,0.6923194644441062,0.6918643202808235,0.002579183057443515,1.0,0.008240603729668594,1.000368433303683,0.001934052899777809,1.0,-0.006404325535371238,1.0,0.001450238918027565,1.0,-0.004025382503032518,1.0,1.00554589543055,-1.1102230246251565e-14,0.5545895430549841,True
20261185,statistical,27,3.3,5,1,1,ideal,0,0,0,True,0.0001007246052423695,9.999999999999999e-05,1.349480058918701,1.950519941081299,2.199404492226846,0.0008336230371004908,0.6643330521216404,0.6643981417078988,-0.007774748356055775,1.0,-0.005252429842688215,0.9976576787395788,9.092908716374364e-05,1.0,-0.003956867406753577,1.0,0.000128524214539628,1.0,0.001924503453497477,1.0,1.007246052423695,-1.1102230246251565e-14,0.7246052423694804,True
20261186,statistical,27,3.3,5,1,1,ideal,0,0,0,True,0.000100629779864171,9.999999999999999e-05,1.390993006595019,1.909006993404982,2.199482318095812,0.0008331489102094984,0.7079065572754075,0.7077656050915608,-0.002928291864997483,1.0,-0.002805918378149947,0.9973215297560711,0.0005666549085291915,1.0,-0.003603625424562266,1.0,0.000397552687055154,1.0,-0.02287248004734816,1.0,1.00629779864171,-1.1102230246251565e-14,0.6297798641710095,True
20261187,statistical,27,3.3,5,1,1,ideal,0,0,0,True,0.0001007338333924891,9.999999999999999e-05,1.440330931101033,1.859669068898968,2.199396922097205,0.0008336691778522876,0.7495848797662138,0.7499752284733671,-0.01447848836202413,1.0,0.004002866860591026,0.999645495832302,-0.001110434163661951,1.0,0.004218757102485413,1.0,-0.0007475151531773647,1.0,0.001047204644105439,1.0,1.0073383339248911,-1.1102230246251565e-14,0.7338333924890916,True
20261188,statistical,27,3.3,5,1,1,ideal,0,0,0,True,9.9956643311966e-05,9.999999999999999e-05,1.410973226784555,1.889026773215446,2.200036768502924,0.0008297832274482336,0.7322643958180978,0.729869942774116,0.009433725552979125,1.0,0.001416959120643703,0.9985711685630372,0.00104415724883628,1.0,0.01396728857867408,1.0,-0.001383099922830247,1.0,-0.004820978187174266,1.0,0.9995664331196601,-1.1102230246251565e-14,-0.043356688034001944,True
20261189,statistical,27,3.3,5,1,1,ideal,0,0,0,True,0.0001009251210511443,9.999999999999999e-05,1.359334232039746,1.940665767960255,2.199240149541511,0.0008346256161446046,0.6596114093588182,0.6604283877883081,0.0003713143643125293,1.0,0.003080823506712618,0.9988923783301323,-0.0005112982899869094,1.0,-0.006047568402628122,1.0,0.000279573280281673,1.0,0.0004766831281792787,1.0,1.009251210511443,-1.1102230246251565e-14,0.9251210511443064,True
20261190,statistical,27,3.3,5,1,1,ideal,0,0,0,True,0.0001003632705560377,9.999999999999999e-05,1.401521075144333,1.898478924855667,2.199701419194211,0.0008318163636684723,0.71266083992091,0.7116628811037125,0.001886042014133465,1.0,-0.002085437501183103,1.001243862760372,0.002186556683185357,1.0,0.007809221714089338,1.0,0.001158605757969861,1.0,0.01104436776465194,1.0,1.003632705560377,-1.1102230246251565e-14,0.363270556037687,True
20261191,statistical,27,3.3,5,1,1,ideal,0,0,0,True,0.0001013236840978173,9.999999999999999e-05,1.397601522191936,1.902398477808064,2.198914395688874,0.0008366184313773699,0.7049778512243016,0.7073251194399278,0.001679400256676961,1.0,0.004231574253033031,1.00137488145962,-0.001301602332445479,1.0,-0.01194848414279382,1.0,0.001022313473132578,1.0,-0.01063621955589692,1.0,1.0132368409781731,-1.1102230246251565e-14,1.3236840978172904,True
20261192,statistical,27,3.3,5,1,1,ideal,0,0,0,True,9.985629392371812e-05,9.999999999999999e-05,1.351014260118579,1.948985739881422,2.200119724736167,0.0008292814805068744,0.6815852641259533,0.6786205493532639,-0.00410957675006858,1.0,-0.0006525491417037477,1.000253642259128,0.001001967151836262,1.0,-0.004017821589738688,1.0,-0.001996245860479407,1.0,0.001772268607357786,1.0,0.9985629392371812,-1.1102230246251565e-14,-0.14370607628189092,True
20261193,statistical,27,3.3,5,1,1,ideal,0,0,0,True,0.0001003662451617195,9.999999999999999e-05,1.363870260896542,1.936129739103459,2.199698970714239,0.0008318312366972407,0.6762483383049084,0.6750862769403237,0.007490592953232218,1.0,4.007180241009069e-05,0.9992280645241114,0.001324618740991128,1.0,0.003164036388868286,1.0,0.0001325862195374079,1.0,-0.002899529179608806,1.0,1.0036624516171953,-1.1102230246251565e-14,0.36624516171950283,True
20261194,statistical,27,3.3,5,1,1,ideal,0,0,0,True,0.0001003970762970353,9.999999999999999e-05,1.358645404611457,1.941354595388543,2.199673596773085,0.0008319853923763374,0.6648991213435984,0.6638175515063445,-0.006719231815028683,1.0,0.001221130548654947,0.9991911708875294,-1.902493686202711e-05,1.0,-0.008779015714958156,1.0,-0.001130352162831507,1.0,0.005641903292242884,1.0,1.003970762970353,-1.1102230246251565e-14,0.39707629703529257,True
20261195,statistical,27,3.3,5,1,1,ideal,0,0,0,True,0.0001012383452709677,9.999999999999999e-05,1.33386594267045,1.96613405732955,2.198984043546864,0.0008361917372428824,0.6576731308834558,0.659434935578813,-0.006690779974610744,1.0,-0.002243437738135375,1.00183500897729,-0.002242825475587269,1.0,0.009106672759130928,1.0,-0.0005049644058145844,1.0,-7.292638209583277e-05,1.0,1.0123834527096771,-1.1102230246251565e-14,1.238345270967689,True
20261196,statistical,27,3.3,5,1,1,ideal,0,0,0,True,0.0001010621815442504,9.999999999999999e-05,1.328025375967626,1.971974624032374,2.199127991117693,0.0008353109186092962,0.6400188430182769,0.6411684754013857,0.001288900434048147,1.0,0.00765322615400255,1.000526151226089,-0.00102447812281627,1.0,0.006938397853330855,1.0,9.999408292322119e-05,1.0,0.002724109381710853,1.0,1.0106218154425042,-1.1102230246251565e-14,1.0621815442503957,True
20261197,statistical,27,3.3,5,1,1,ideal,0,0,0,True,0.0001004936984414008,9.999999999999999e-05,1.34059933872652,1.95940066127348,2.199594124388531,0.0008324685030968459,0.6601051920842914,0.6592853355507746,0.004289252059776435,1.0,-0.005735683906182443,1.003119362755377,0.0003209904843335243,1.0,-0.01071462387646392,1.0,-0.0005279566207070729,1.0,-0.008035472439478192,1.0,1.0049369844140081,-1.1102230246251565e-14,0.49369844140079167,True
20261198,statistical,27,3.3,5,1,1,ideal,0,0,0,True,0.0001001751806930641,9.999999999999999e-05,1.386365985854956,1.913634014145044,2.199856379720833,0.0008308759143550428,0.6958952049409675,0.6941374839931761,0.003131796889525477,1.0,0.002410021444312245,1.000637810936845,0.0002880659483759745,1.0,0.01250953883719481,1.0,-0.001500946649923119,1.0,-0.003876636576107581,1.0,1.001751806930641,-1.1102230246251565e-14,0.1751806930641031,True
20261199,statistical,27,3.3,5,1,1,ideal,0,0,0,True,0.0001001706791022307,9.999999999999999e-05,1.352547518766727,1.947452481233274,2.199860091768669,0.0008308534063996769,0.6715147792479665,0.669624619401239,-0.007340783369717017,1.0,0.006046917415057747,1.003025036944292,0.0007598088443708965,1.0,-0.003234725525296704,1.0,-0.001161674748439052,1.0,0.003247906980749699,1.0,1.0017067910223072,-1.1102230246251565e-14,0.1706791022306975,True
20261200,statistical,27,3.3,5,1,1,ideal,0,0,0,True,0.0001004238220475208,9.999999999999999e-05,1.361224641417881,1.93877535858212,2.199651591019921,0.0008321191211263673,0.6698666512153955,0.6688761217709813,-0.00336390364457323,1.0,-0.0001397361264139453,0.998854128318602,0.0005329314387832353,1.0,0.008146461203395329,1.0,-0.000487170523654485,1.0,0.003068540634889289,1.0,1.004238220475208,-1.1102230246251565e-14,0.42382204752080543,True
20261201,statistical,27,3.3,5,1,1,ideal,0,0,0,True,0.0001005190233997268,9.999999999999999e-05,1.36280780239878,1.937192197601221,2.199573306304469,0.0008325951278873971,0.6702608959703187,0.6696400878458759,0.0005160540449301148,1.0,-0.002024986657885679,1.003217334581721,0.0006461363743324931,1.0,-0.002283555337017319,1.0,-3.586345739402395e-06,1.0,-0.006432435482327368,1.0,1.005190233997268,-1.1102230246251565e-14,0.5190233997267812,True
20261202,statistical,27,3.3,5,1,1,ideal,0,0,0,True,9.987313026100245e-05,9.999999999999999e-05,1.351454548102581,1.948545451897419,2.200105801106812,0.0008293656621936555,0.6514375162185015,0.6484167107839679,-8.393918504073038e-05,1.0,-0.00499771048538717,1.003297222859618,0.0009394946476982876,1.0,0.003393979329282069,1.0,-0.002114689111683336,1.0,-0.008193145712893821,1.0,0.9987313026100245,-1.1102230246251565e-14,-0.12686973899755927,True
20261203,statistical,27,3.3,5,1,1,ideal,0,0,0,True,0.0001016165398906245,9.999999999999999e-05,1.379001100352053,1.920998899647948,2.198675804307256,0.0008380827103417659,0.6938873056273352,0.6971289534209942,0.001170239983491556,1.0,0.002954702815963741,1.000144578465019,-0.001188477858993107,1.0,-0.005967357374306605,1.0,0.002031841633046763,1.0,-0.002546138218426609,1.0,1.0161653989062451,-1.1102230246251565e-14,1.616539890624491,True
20261204,statistical,27,3.3,5,1,1,ideal,0,0,0,True,0.0001009510605093346,9.999999999999999e-05,1.378930877893461,1.921069122106539,2.199218911970885,0.000834755313434597,0.6923204834392939,0.693296546871776,-0.005073001836984681,1.0,-0.003108583992064274,1.003258909304017,-0.001312546831185111,1.0,-0.00726924938013047,1.0,-0.000362412495058025,1.0,-0.00081104902466379,1.0,1.0095106050933462,-1.1102230246251565e-14,0.9510605093346003,True
20261205,statistical,27,3.3,5,1,1,ideal,0,0,0,True,0.0001004038096944838,9.999999999999999e-05,1.391305114313483,1.908694885686517,2.199668056178772,0.0008320190593609427,0.7083111531775903,0.7073821812874698,0.0004829377642573509,1.0,-0.003584371919994419,0.9988057339227864,-0.001747532086364094,1.0,-0.00446992434501182,1.0,-0.002706216088670577,1.0,0.002525495688738678,1.0,1.0040380969448381,-1.1102230246251565e-14,0.4038096944837921,True
20261206,statistical,27,3.3,5,1,1,ideal,0,0,0,True,0.0001010269152128841,9.999999999999999e-05,1.318731541072746,1.981268458927254,2.199156836373432,0.0008351345869529441,0.6414015454967343,0.6423811707595936,0.01669691736762138,1.0,-0.007776836787279319,0.995760352166537,-0.0005665122318155895,1.0,0.002864453744157647,1.0,0.0003877077586895737,1.0,0.007833383579381828,1.0,1.010269152128841,-1.1102230246251565e-14,1.0269152128840942,True
20261207,statistical,27,3.3,5,1,1,ideal,0,0,0,True,0.0001006596433715891,9.999999999999999e-05,1.374703837396177,1.925296162603823,2.199457800844315,0.0008332982277481471,0.6981058432307838,0.6979992562666504,-0.005753452685413266,1.0,-0.001660868487748021,1.002966364459119,-0.001456303185119197,1.0,-9.406825783545456e-05,1.0,-0.001590834125017202,1.0,0.001656411173769945,1.0,1.006596433715891,-1.1102230246251565e-14,0.6596433715891026,True
20261208,statistical,27,3.3,5,1,1,ideal,0,0,0,True,0.0001009543084459742,9.999999999999999e-05,1.360376644348846,1.939623355651154,2.199216253128866,0.0008347715531182747,0.6588426266306993,0.6597403018192818,-0.005681968695644407,1.0,-0.003641745491815492,1.001020218092305,-0.001509361355326628,1.0,0.004849306896380684,1.0,-0.0006375906730964573,1.0,0.003231303966391498,1.0,1.0095430844597422,-1.1102230246251565e-14,0.9543084459741946,True
20261209,statistical,27,3.3,5,1,1,ideal,0,0,0,True,0.0001006786428560281,9.999999999999999e-05,1.384268167742822,1.915731832257178,2.199442206260412,0.0008333932251684245,0.6893786628275749,0.6893997765643796,0.003000755048100796,1.0,0.0007136027388158919,0.9999470250152828,-0.0002367026219285326,1.0,-0.007347783548200647,1.0,-0.0002434000767385302,1.0,-0.006897318034597087,1.0,1.006786428560281,-1.1102230246251565e-14,0.6786428560280999,True
20261210,statistical,27,3.3,5,1,1,ideal,0,0,0,True,0.0001004062720858236,9.999999999999999e-05,1.324434241069383,1.975565758930617,2.199666030080634,0.0008320313713176412,0.6405064351480998,0.6393163958648861,0.002034779504637518,1.0,-0.009451394566318667,1.003711154006412,0.0007817305412177563,1.0,-0.007689746001658156,1.0,-0.0004380031711625616,1.0,-0.01661824561968438,1.0,1.004062720858236,-1.1102230246251565e-14,0.4062720858236002,True
20261211,statistical,27,3.3,5,1,1,ideal,0,0,0,True,0.0001002863316179016,9.999999999999999e-05,1.402316169024283,1.897683830975717,2.199764773442779,0.00083143166897947,0.7131905965796027,0.7118659475919669,0.004205663076604869,1.0,-0.0005134460660084589,1.000666553354012,0.0004865023018554347,1.0,0.00341859291826125,1.0,-0.0008686698964250337,1.0,0.005977073595298313,1.0,1.0028633161790161,-1.1102230246251565e-14,0.2863316179015918,True
20261212,statistical,27,3.3,5,1,1,ideal,0,0,0,True,0.0001005442634675048,9.999999999999999e-05,1.422821355527645,1.877178644472356,2.199552562904223,0.0008327213282264071,0.7170425107043712,0.7167133599642085,0.001240970948386282,1.0,-5.126434853073744e-05,0.9956501808722468,0.0009997616883542547,1.0,-0.008324726511330888,1.0,0.0006418723310141118,1.0,0.01632016586136259,1.0,1.005442634675048,-1.1102230246251565e-14,0.5442634675048019,True
20261213,statistical,27,3.3,5,1,1,ideal,0,0,0,True,0.0001007807914337135,9.999999999999999e-05,1.38251147658004,1.917488523419961,2.199358411086031,0.0008339039680572108,0.7103581802449909,0.7107008052111915,0.00497509836374557,1.0,0.001747645881670023,1.003083711442288,0.0002357937409127951,1.0,0.001028874096898901,1.0,0.0005513118688163977,1.0,0.009884542505211773,1.0,1.007807914337135,-1.1102230246251565e-14,0.7807914337134791,True
20261214,statistical,27,3.3,5,1,1,ideal,0,0,0,True,0.0001003303835279325,9.999999999999999e-05,1.349098874616881,1.95090112538312,2.19972849395459,0.0008316519285280659,0.6644032174899263,0.6630243888225379,-0.01418515863365831,1.0,0.001024754280206638,1.000199615045394,0.000134744438531671,1.0,-0.002403703669329505,1.0,-0.001274303079056845,1.0,-0.01032108430927423,1.0,1.003303835279325,-1.1102230246251565e-14,0.3303835279324874,True
20261215,statistical,27,3.3,5,1,1,ideal,0,0,0,True,0.0001006407056011972,9.999999999999999e-05,1.428796757273972,1.871203242726028,2.199473347524934,0.0008332035388946295,0.7526394157906244,0.7526957847515984,0.0007402490571904768,1.0,-0.002843033545293601,0.9996254922367788,-0.0001112240965445407,1.0,-0.001383908266831148,1.0,-8.293068045898509e-05,1.0,0.007139036986131719,1.0,1.0064070560119722,-1.1102230246251565e-14,0.6407056011972001,True
20261216,statistical,27,3.3,5,1,1,ideal,0,0,0,True,0.0001001445197259655,9.999999999999999e-05,1.373002688646736,1.926997311353264,2.199881666101321,0.0008307226095181114,0.6749905979723015,0.6730658259015054,0.006400189467088759,1.0,0.0001440087740249597,0.9954627548431771,0.001829012596412919,1.0,0.003919701617140831,1.0,-0.0001272625857882975,1.0,0.001201902581183573,1.0,1.0014451972596552,-1.1102230246251565e-14,0.14451972596549734,True
20261217,statistical,27,3.3,5,1,1,ideal,0,0,0,True,0.0001008800838736902,9.999999999999999e-05,1.387147743038432,1.912852256961568,2.199277035281385,0.000834400430256495,0.6943727137456951,0.6950886528819088,0.00365602971745083,1.0,-0.0001001166757444521,1.000872710261898,-0.000394528093140088,1.0,-0.00315919641533911,1.0,0.0002949925343469363,1.0,-0.007868177294612602,1.0,1.008800838736902,-1.1102230246251565e-14,0.8800838736902072,True
20261218,statistical,27,3.3,5,1,1,ideal,0,0,0,True,0.0001009536761662345,9.999999999999999e-05,1.362986988684647,1.937013011315353,2.199216770722526,0.0008347683917193366,0.6752736273896861,0.6761598514272517,0.0006159844986691269,1.0,0.0001673471449573051,1.000849892296649,-0.0004776661982376181,1.0,-0.009554173805208864,1.0,0.0003826473915136296,1.0,0.005347857091959032,1.0,1.0095367616623452,-1.1102230246251565e-14,0.9536761662344961,True
20261219,statistical,27,3.3,5,1,1,ideal,0,0,0,True,0.0001005961932605927,9.999999999999999e-05,1.398463589594288,1.901536410405712,2.199509900088515,0.000832980977191487,0.715189433739706,0.7149461803456993,0.001821967098235247,1.0,0.001351866067246845,0.9990681872232536,0.0005534084489646613,1.0,-0.000716458722259502,1.0,0.0002817732708270536,1.0,0.006209527969724526,1.0,1.005961932605927,-1.1102230246251565e-14,0.5961932605926812,True
20261220,statistical,27,3.3,5,1,1,ideal,0,0,0,True,0.0001006619994168147,9.999999999999999e-05,1.355774240492262,1.944225759507738,2.199455866876188,0.0008333100079733161,0.6756856158433351,0.6755045871882113,-0.003673259633650637,1.0,0.0009300715412443839,0.9987249020258012,0.0003511728079038945,1.0,0.01081202634072585,1.0,0.0001422169583455283,1.0,-0.01155805598665135,1.0,1.006619994168147,-1.1102230246251565e-14,0.661999416814707,True
20261221,statistical,27,3.3,5,1,1,ideal,0,0,0,True,0.000100835368835618,9.999999999999999e-05,1.376430195311315,1.923569804688686,2.199313672486871,0.0008341768550661338,0.6728961810750486,0.6734574917015259,0.003885724980071608,1.0,0.00327108111827998,0.9981210734112784,-0.0004372078674347349,1.0,0.009411251658220269,1.0,9.737600162660166e-05,1.0,-0.003140721474455758,1.0,1.0083536883561801,-1.1102230246251565e-14,0.8353688356180111,True
20261222,statistical,27,3.3,5,1,1,ideal,0,0,0,True,0.000101278027832631,9.999999999999999e-05,1.41286854276028,1.88713145723972,2.198951650434515,0.0008363901500519182,0.7217457362509316,0.7240037269578491,0.00181672374301487,1.0,-0.004430129419736251,1.002070449055133,-0.001718921594785856,1.0,-0.003422997720348917,1.0,0.0005154006932806445,1.0,0.005700536746259812,1.0,1.0127802783263102,-1.1102230246251565e-14,1.2780278326310013,True
20261223,statistical,27,3.3,5,1,1,ideal,0,0,0,True,0.0001012201005523962,9.999999999999999e-05,1.353533175794025,1.946466824205976,2.198998940820015,0.0008361005136505045,0.6649185884270331,0.6667629300745737,-0.00155849958166037,1.0,0.005413626765123818,1.001751715524052,-0.0006166609788315682,1.0,0.0001416679920435809,1.0,0.001203611876438423,1.0,-0.01824272362292717,1.0,1.012201005523962,-1.1102230246251565e-14,1.220100552396186,True
20261224,statistical,27,3.3,5,1,1,ideal,0,0,0,True,0.0001003713857620204,9.999999999999999e-05,1.354236833671887,1.945763166328114,2.19969473950577,0.0008318569396992251,0.6810632091418303,0.6798904680386084,0.002460465150256007,1.0,-0.0004889004059434203,0.998841294855218,-7.223630840218646e-05,1.0,-0.005505250729059909,1.0,-0.001274914407578549,1.0,-0.008265934032818936,1.0,1.003713857620204,-1.1102230246251565e-14,0.371385762020382,True
20261225,statistical,27,3.3,5,1,1,ideal,0,0,0,True,0.0001012674764504097,9.999999999999999e-05,1.373585019533059,1.926414980466941,2.198960262427881,0.0008363373931409316,0.6835870609854638,0.6856229151745808,-0.005034891557612298,1.0,-0.002697851258910076,0.9956679611270471,-0.0005085224473647946,1.0,0.002086693719887752,1.0,0.001503590715371728,1.0,0.004590842099171951,1.0,1.0126747645040972,-1.1102230246251565e-14,1.2674764504096991,True
20261226,statistical,27,3.3,5,1,1,ideal,0,0,0,True,0.0001006635819133485,9.999999999999999e-05,1.398186639261412,1.901813360738589,2.199454567902126,0.0008333179204559852,0.7082260217489749,0.7082524265967745,-0.002178269110152419,1.0,0.002116087477573398,0.9970987619348511,-0.0003557213374551355,1.0,-0.01209597533550409,1.0,-0.0003572323210955589,1.0,0.003907775852311684,1.0,1.0066358191334852,-1.1102230246251565e-14,0.6635819133484988,True
20261227,statistical,27,3.3,5,1,1,ideal,0,0,0,True,0.0001004675275138246,9.999999999999999e-05,1.404334471983528,1.895665528016472,2.199615643069132,0.0008323376484576466,0.7113356263332821,0.7106741749442961,-0.001766633742102531,1.0,0.001787317751002925,0.9996319496036684,0.0009339736051049513,1.0,0.001040194091322585,1.0,0.0002432516711483215,1.0,-0.001899445786543477,1.0,1.0046752751382462,-1.1102230246251565e-14,0.4675275138245949,True
20261228,statistical,27,3.3,5,1,1,ideal,0,0,0,True,0.0001004275464837824,9.999999999999999e-05,1.374818832369053,1.925181167630947,2.19964852708097,0.0008321377433094734,0.6963188917247578,0.695416823811684,0.00615073819774506,1.0,0.00608122097851569,1.002627425431652,0.0006249766636596481,1.0,0.0129664610408403,1.0,-0.0003066395030442393,1.0,0.00684654644050446,1.0,1.004275464837824,-1.1102230246251565e-14,0.4275464837824039,True
20261229,statistical,27,3.3,5,1,1,ideal,0,0,0,True,0.0001007294632050949,9.999999999999999e-05,1.357224038527121,1.942775961472879,2.199400507012441,0.0008336473269138782,0.6721945489570842,0.6722604718432299,-0.01429795939382212,1.0,-0.0008523409525586997,0.9990050968636536,-0.001105231694710526,1.0,-0.007523245735902502,1.0,-0.001066769090707226,1.0,0.006730416902101809,1.0,1.007294632050949,-1.1102230246251565e-14,0.7294632050949046,True
20261230,statistical,27,3.3,5,1,1,ideal,0,0,0,True,0.0001001429082810858,9.999999999999999e-05,1.358514464302307,1.941485535697693,2.199882995275841,0.00083071455229611,0.6734081825276478,0.6714276562741341,-0.003822782274706876,1.0,0.0007555919762073085,1.000957455860352,0.0007824869855768013,1.0,-0.0005633986861068882,1.0,-0.001229554420085575,1.0,0.0003686565351922927,1.0,1.001429082810858,-1.1102230246251565e-14,0.14290828108580733,True
20261231,statistical,27,3.3,5,1,1,ideal,0,0,0,True,0.0001006109965169023,9.999999999999999e-05,1.33112259699856,1.968877403001441,2.199497742291748,0.0008330549934726755,0.6368036778773897,0.6363685425729657,0.00429320320958383,1.0,-0.002155392448478019,0.999091283696644,0.0001976890029217284,1.0,0.004151954001524918,1.0,-0.0002657247940120981,1.0,0.001329456334147484,1.0,1.006109965169023,-1.1102230246251565e-14,0.6109965169022846,True
20261232,statistical,27,3.3,5,1,1,ideal,0,0,0,True,0.0001009902186764967,9.999999999999999e-05,1.334314240892022,1.965685759107978,2.199186861469647,0.0008349511042708873,0.6464575918833214,0.6473478231024049,-0.000351334545405032,1.0,-0.005316486609744321,0.9977899776649998,1.321252104044062e-05,1.0,0.00447472461654317,1.0,0.0008777861568305577,1.0,0.002696653655774712,1.0,1.0099021867649671,-1.1102230246251565e-14,0.9902186764966903,True
20261233,statistical,27,3.3,5,1,1,ideal,0,0,0,True,0.0001008289090972737,9.999999999999999e-05,1.357753709599392,1.942246290400608,2.19931896652579,0.0008341445563753718,0.6681719058188478,0.668618582985498,0.004015522463578692,1.0,-0.00595104214403634,1.002422554617084,0.001461222588935646,1.0,0.001004130040634924,1.0,0.001881127056026618,1.0,0.0003794396793307789,1.0,1.0082890909727371,-1.1102230246251565e-14,0.828909097273689,True
20261234,statistical,27,3.3,5,1,1,ideal,0,0,0,True,0.0001010805241054626,9.999999999999999e-05,1.399226792282098,1.900773207717902,2.19911299199248,0.0008354026314153567,0.6898812140439537,0.6914091429147199,0.004349740139093834,1.0,-0.002420566739204362,1.000251120088863,-0.001492719770787018,1.0,-0.01200939764419062,1.0,1.017745065662093e-05,1.0,-0.001247036887669766,1.0,1.0108052410546262,-1.1102230246251565e-14,1.0805241054625991,True
20261235,statistical,27,3.3,5,1,1,ideal,0,0,0,True,0.0001007121355122677,9.999999999999999e-05,1.325769300509956,1.974230699490044,2.199414722556863,0.0008335606884499818,0.658644600278987,0.65853861648914,-0.006558682611157867,1.0,0.002810954329070362,0.999946791619292,-0.000327237315197721,1.0,-0.002971420338304831,1.0,-0.0004608030840115678,1.0,-0.006631040917680737,1.0,1.0071213551226772,-1.1102230246251565e-14,0.7121355122676976,True
20261236,statistical,27,3.3,5,1,1,ideal,0,0,0,True,0.00010117354047415,9.999999999999999e-05,1.348115664930856,1.951884335069144,2.199036969726566,0.0008358677132589137,0.6602756181311198,0.6618898601364729,0.001653323210354552,1.0,-0.0001661734037204007,1.000306821300006,-0.001741253849766507,1.0,-0.009711844038980181,1.0,-0.0001514023740259059,1.0,0.0008820448909123015,1.0,1.0117354047415001,-1.1102230246251565e-14,1.1735404741499922,True
20261237,statistical,27,3.3,5,1,1,ideal,0,0,0,True,0.0001014658257657998,9.999999999999999e-05,1.298357157582923,2.001642842417077,2.198798511288083,0.0008373291397190808,0.6173036337214035,0.6197334051606982,-0.00711128478809776,1.0,-0.002585248880106538,0.9989999094208828,-0.001565266296126697,1.0,-0.003938411866182438,1.0,0.0008421347380251498,1.0,0.005142564148393297,1.0,1.014658257657998,-1.1102230246251565e-14,1.4658257657998108,True
20261238,statistical,27,3.3,5,1,1,ideal,0,0,0,True,0.000100685385868541,9.999999999999999e-05,1.386638298748035,1.913361701251966,2.199436672328662,0.0008334269402324269,0.6892207323000744,0.689279320994405,-0.004916223624726162,1.0,-0.002723186257642049,1.002425943905969,0.0003230730293337537,1.0,0.002604740650915676,1.0,0.0003538975323619421,1.0,0.01072328274933363,1.0,1.00685385868541,-1.1102230246251565e-14,0.6853858685410108,True
20261239,statistical,27,3.3,5,1,1,ideal,0,0,0,True,0.0001005467927857175,9.999999999999999e-05,1.383329164596752,1.916670835403248,2.199550484468632,0.0008327339748173505,0.6829023565623864,0.6824472488237084,-0.006705305437809801,1.0,0.005419588915252584,1.000769524430738,-0.0003925013980651617,1.0,0.00970451389231826,1.0,-0.0008763310373632443,1.0,-0.007926281813202377,1.0,1.005467927857175,-1.1102230246251565e-14,0.5467927857174981,True
20261240,statistical,27,3.3,5,1,1,ideal,0,0,0,True,0.0001003903799398954,9.999999999999999e-05,1.407672831751087,1.892327168248913,2.199679107234744,0.0008319519105882405,0.7171156564148748,0.7162235086254598,0.0002268703342821384,1.0,-0.0004021044432349972,0.9976342502531191,0.001005230330735912,1.0,-0.0007805556378533957,1.0,8.327810285634738e-05,1.0,-0.002253932141797703,1.0,1.0039037993989541,-1.1102230246251565e-14,0.3903799398953911,True
20261241,statistical,27,3.3,5,1,1,ideal,0,0,0,True,0.0001009902700997535,9.999999999999999e-05,1.36104009662022,1.93895990337978,2.199186819387971,0.0008349513613877706,0.6614258991248574,0.6624733382330372,0.006722696961942956,1.0,0.0007500626552912074,1.000544982423135,-0.0008292080471211978,1.0,0.000311545601628579,1.0,0.0001925745379453182,1.0,-0.004178490282339833,1.0,1.009902700997535,-1.1102230246251565e-14,0.9902700997534986,True
20261242,statistical,27,3.3,5,1,1,ideal,0,0,0,True,9.977228092765591e-05,9.999999999999999e-05,1.343795040307434,1.956204959692567,2.200189236357394,0.000828861415526923,0.6621281000618731,0.6587824780848287,-0.009727996462171276,1.0,-0.001241526483092295,0.9974293772508471,0.001833649966296471,1.0,-0.002993597457158683,1.0,-0.001546049344182416,1.0,-0.009992318061993485,1.0,0.9977228092765592,-1.1102230246251565e-14,-0.22771907234409028,True
20261243,statistical,27,3.3,5,1,1,ideal,0,0,0,True,0.000100953669125058,9.999999999999999e-05,1.355439836264278,1.944560163735722,2.199216776486603,0.0008347683565141733,0.6725634159821491,0.6734322238185394,-0.003062231397893182,1.0,-0.002660327702330857,1.000210659213306,-0.000452773946863993,1.0,-0.006496030211703153,1.0,0.0003901228883138441,1.0,2.188957287992591e-05,1.0,1.00953669125058,-1.1102230246251565e-14,0.9536691250579876,True
20261244,statistical,27,3.3,5,1,1,ideal,0,0,0,True,0.0001010522415053607,9.999999999999999e-05,1.32285615906033,1.97714384093967,2.199136120379243,0.0008352612184154467,0.6301568162877642,0.6312648864497103,-0.0151344826863274,1.0,0.002534361520202045,1.001126586148536,-0.001402797764968935,1.0,0.005280059678176214,1.0,-0.0003199562664081058,1.0,0.002544011396272459,1.0,1.010522415053607,-1.1102230246251565e-14,1.052241505360696,True
20261245,statistical,27,3.3,5,1,1,ideal,0,0,0,True,0.0001006181826030995,9.999999999999999e-05,1.277175820695948,2.022824179304052,2.199491841021934,0.0008330909239035417,0.5985394925833394,0.5979218061139144,0.006179293479043859,1.0,0.001244005227771128,1.00125913349955,0.0004453833120906125,1.0,-0.01575869988455141,1.0,-0.0002005332556629035,1.0,-0.003034705515959068,1.0,1.0061818260309952,-1.1102230246251565e-14,0.618182603099493,True
20261246,statistical,27,3.3,5,1,1,ideal,0,0,0,True,9.952857454724642e-05,9.999999999999999e-05,1.410486388210533,1.889513611789467,2.200391188507149,0.0008276428836247556,0.7145906598796762,0.7105894788884929,-0.00425602516979869,1.0,0.002183623757436747,1.002265703944981,0.001192155462940194,1.0,0.004980606829045275,1.0,-0.002844786568278271,1.0,0.01659308478686873,1.0,0.9952857454724643,-1.1102230246251565e-14,-0.47142545275358216,True
20261247,statistical,27,3.3,5,1,1,ideal,0,0,0,True,0.0001003393900313156,9.999999999999999e-05,1.373038052365336,1.926961947634664,2.199721078381045,0.0008316969610455808,0.6858394771169948,0.6845999010640363,-0.01066233957720718,1.0,0.002059191819257726,1.00412961310307,0.0001425330114299838,1.0,-0.001557424286550577,1.0,-0.001127199608874951,1.0,0.0005537161778854751,1.0,1.003393900313156,-1.1102230246251565e-14,0.33939003131560064,True
20261248,statistical,27,3.3,5,1,1,ideal,0,0,0,True,0.0001006219073546467,9.999999999999999e-05,1.392488421693758,1.907511578306243,2.19948878238279,0.0008331095476618771,0.697960061475514,0.6978153929506756,0.00647505529894968,1.0,0.004238807082653982,0.9982152190843924,-0.0004592256844462247,1.0,0.000568362835327328,1.0,-0.0006320974907219468,1.0,-0.00384227570876721,1.0,1.0062190735464671,-1.1102230246251565e-14,0.6219073546466891,True
20261249,statistical,27,3.3,5,1,1,ideal,0,0,0,True,9.99390993507844e-05,9.999999999999999e-05,1.356708613005961,1.943291386994039,2.200051265994475,0.0008296955076423256,0.6676092574760474,0.664875056267099,-0.01071068641322776,1.0,0.001850319101689174,0.9989157395476872,0.001640135660858274,1.0,0.0002348933036590689,1.0,-0.001126988979969711,1.0,0.005318790560323144,1.0,0.9993909935078441,-1.1102230246251565e-14,-0.060900649215600566,True
20261250,statistical,27,3.3,5,1,1,ideal,0,0,0,True,0.0001012173898787018,9.999999999999999e-05,1.29294280409479,2.00705719590521,2.199001154368539,0.000836086960281553,0.6187144508317663,0.6202372852188518,0.009115892972695988,1.0,0.0145998828037561,1.003970985175607,-0.001086566631120851,1.0,-0.008088987023514186,1.0,0.0004121792027682073,1.0,0.005251937763170745,1.0,1.0121738987870181,-1.1102230246251565e-14,1.2173898787017912,True
20261251,statistical,27,3.3,5,1,1,ideal,0,0,0,True,0.0001012520879561975,9.999999999999999e-05,1.370411141354718,1.929588858645282,2.198972823961852,0.0008362604506696306,0.6761522796997222,0.6781525252876506,-0.006963760178067688,1.0,-0.007842074525421896,0.9991242195211731,-0.002238198650846259,1.0,-0.004654779404566769,1.0,-0.0002618001488212107,1.0,0.007266218153357516,1.0,1.0125208795619751,-1.1102230246251565e-14,1.2520879561974896,True
20261252,statistical,27,3.3,5,1,1,ideal,0,0,0,True,0.0001004866888730972,9.999999999999999e-05,1.396906151788921,1.90309384821108,2.199599887392302,0.0008324334552546089,0.7034142388765044,0.7028120992545026,-0.003048121050548377,1.0,0.001638633767646221,1.000898711216347,-0.0001861850315541432,1.0,0.0073721797697512,1.0,-0.0008174629007374819,1.0,-0.006052851149109161,1.0,1.004866888730972,-1.1102230246251565e-14,0.48668887309719633,True
20261253,statistical,27,3.3,5,1,1,ideal,0,0,0,True,0.000100931676610493,9.999999999999999e-05,1.392732113943117,1.907267886056883,2.19923478178458,0.0008346583939415877,0.7042804261661331,0.705228975452523,-0.001639455098077394,1.0,-0.001746736398259245,1.001609441597515,-0.001032631765790744,1.0,0.003539730239938846,1.0,-0.000110145063478807,1.0,0.001148890581520729,1.0,1.00931676610493,-1.1102230246251565e-14,0.9316766104930041,True
20261254,statistical,27,3.3,5,1,1,ideal,0,0,0,True,9.994204451082914e-05,9.999999999999999e-05,1.418510049864842,1.881489950135158,2.200048832087876,0.0008297102334424294,0.7376565121685895,0.7352359851535976,0.003352629542160342,1.0,-0.005483883901798318,0.997232163482124,0.00120327778666908,1.0,0.006449592605143713,1.0,-0.001250154163440241,1.0,-0.001170466144969645,1.0,0.9994204451082915,-1.1102230246251565e-14,-0.0579554891708578,True
20261255,statistical,27,3.3,5,1,1,ideal,0,0,0,True,0.0001000977091796108,9.999999999999999e-05,1.382343240488437,1.917656759511563,2.199920285218615,0.0008304885567878963,0.6906928079202151,0.6886233508377031,-0.005196422417402158,1.0,0.004376165467325426,0.999611823538724,0.0006037256868616423,1.0,0.001909114409320686,1.0,-0.001497558274776654,1.0,0.002126350926734542,1.0,1.000977091796108,-1.1102230246251565e-14,0.09770917961080539,True
20261256,statistical,27,3.3,5,1,1,ideal,0,0,0,True,0.0001009737274168677,9.999999999999999e-05,1.359337183338504,1.940662816661496,2.199200357950028,0.0008348686479725026,0.6750961533639966,0.6760610838841246,0.008640088928071743,1.0,-0.006598751101842149,1.00116683278412,-0.001091031629412936,1.0,0.008023164813667594,1.0,-0.0001518733459065404,1.0,0.003610216613524622,1.0,1.0097372741686772,-1.1102230246251565e-14,0.9737274168676979,True
20261257,statistical,27,3.3,5,1,1,ideal,0,0,0,True,0.0001003634728424209,9.999999999999999e-05,1.395837341248528,1.904162658751472,2.199701252684569,0.000831817375100508,0.6968724502461481,0.6957943714691783,-0.009710288051702726,1.0,0.003984489056691247,0.9946824109961302,0.0005436838928443167,1.0,0.008253110297689763,1.0,-0.0005643839517324991,1.0,0.007229419702050133,1.0,1.003634728424209,-1.1102230246251565e-14,0.3634728424208866,True
20261258,statistical,27,3.3,5,1,1,ideal,0,0,0,True,0.0001003193198493903,9.999999999999999e-05,1.407137005050397,1.892862994949603,2.19973760417489,0.0008315966101351152,0.7292313974706657,0.7280765951998915,-0.00747438367971257,1.0,-0.0006903221847945825,1.003306306643692,0.0006192062381737701,1.0,0.002285147555591297,1.0,-0.0005658928312493008,1.0,-0.01359909441502321,1.0,1.003193198493903,-1.1102230246251565e-14,0.3193198493902871,True
20261259,statistical,27,3.3,5,1,1,ideal,0,0,0,True,0.0001005334247483027,9.999999999999999e-05,1.381351969303115,1.918648030696885,2.199561470042252,0.0008326671346297969,0.6891741656495023,0.6886649545345698,0.009132325683008553,1.0,-0.003304249546582609,0.9995871207257846,-0.0003510373372720472,1.0,0.003599722978698284,1.0,-0.0008890636054410972,1.0,-0.002022389006231846,1.0,1.0053342474830271,-1.1102230246251565e-14,0.533424748302691,True
