seed,library,temperature_c,logic_v,led_supply_v,local_mismatch,global_variation,reference,calibration_error,tc_ppm,line_ppm_v,pwm_on,iout,iref,bias,headroom,led_k,power_w,out_vth,ref_vth,x0_dvth,x0_mulu0,x1_dvth,x1_mulu0,x2_dvth,x2_mulu0,x3_dvth,x3_mulu0,x4_dvth,x4_mulu0,x5_dvth,x5_mulu0,mirror_ratio,reference_error_pct,absolute_error_pct,absolute_current_budget_pass
20261004,ff,0,3.63,5.5,1,0,bounded,0.005,-25,3000,True,0.0001025454544706488,0.0001007184685742092,1.210314257907929,2.419685742092071,2.708983620931007,0.000929608055200766,0.5937480000199532,0.5952560410700612,-0.001964534281406865,1.0,-0.003184419296273099,1.001000935035619,9.050473501905178e-05,1.0,8.659020094562709e-05,1.0,0.001578596271378047,1.0,-0.009716322146445345,1.0,1.018139532126558,0.7184685742091856,2.5454544706488003,True
20261005,ff,0,3.63,5.5,1,0,bounded,0.005,-25,3000,True,0.0001023263129281898,0.0001007185131616132,1.209868383868022,2.420131616131978,2.709145644440847,0.0009284029385694646,0.5940022281597841,0.5948232186955889,0.002954698018581346,1.0,-0.001559386258943305,0.999039917674632,0.0003463078822073783,1.0,-0.0106905909275773,1.0,0.001145847379768125,1.0,0.001105518011193261,1.0,1.0159632992595584,0.718513161613199,2.3263129281897887,True
20261006,ff,0,3.63,5.5,1,0,bounded,0.005,-25,3000,True,0.0001022141614034471,0.0001007185815387572,1.209184612427903,2.420815387572097,2.709228689490657,0.0009277863533925202,0.5936919804304944,0.5941590893152632,-0.004441318171449941,1.0,0.003508429838598729,0.9987161330113852,3.686620822039355e-05,1.0,-0.01186770981302498,1.0,0.0004817552793472879,1.0,0.002978947255065226,1.0,1.014849095785909,0.7185815387572125,2.2141614034471013,True
20261007,ff,0,3.63,5.5,1,0,bounded,0.005,-25,3000,True,0.0001021850134386586,0.0001007187124423678,1.207875576322085,2.422124423677915,2.709250286649779,0.0009276265147663287,0.5925171427166545,0.592887309902267,-0.002480742574951055,1.0,0.003127182775864493,0.9989452892355686,-0.001137762008186841,1.0,0.003218767425208999,1.0,-0.000790015256558994,1.0,-0.00536635479757717,1.0,1.014558377095317,0.7187124423678082,2.1850134386586006,True
20261008,ff,0,3.63,5.5,1,0,bounded,0.005,-25,3000,True,0.0001015087056548385,0.0001007186891167988,1.208108832012045,2.421891167987955,2.70975301642015,0.0009239067372835219,0.5948641211662454,0.5931150236170258,0.007393481850449108,1.0,-4.06284909650119e-06,0.9986306669174446,0.001214077199938528,1.0,0.005401585510434783,1.0,-0.000562073606327358,1.0,-3.593578336850196e-05,1.0,1.0078437928945199,0.7186891167987985,1.5087056548384936,True
20261009,ff,0,3.63,5.5,1,0,bounded,0.005,-25,3000,True,0.0001024190026076593,0.0001007185767230925,1.209232769075117,2.420767230924882,2.709077074371778,0.0009289129625348853,0.5930974853437415,0.5942055476333351,-0.003845073517560099,1.0,-0.000546643254337671,0.9999709246287304,-0.0005591011069583707,1.0,0.002431175496035539,1.0,0.0005281446452143916,1.0,-0.003087594249006638,1.0,1.016882941954609,0.7185767230924789,2.419002607659282,True
20261010,ff,0,3.63,5.5,1,0,bounded,0.005,-25,3000,True,0.0001026384186921075,0.0001007184113873675,1.210886126325188,2.419113873674812,2.708914984820869,0.0009301191508307274,0.5940104876027587,0.5958114600625203,-0.001153464943796613,1.0,0.001501293141613185,0.9992890329001916,0.000352324167510895,1.0,0.007436132563033426,1.0,0.002133984365583403,1.0,0.005585899096540435,1.0,1.0190631214123858,0.7184113873675013,2.6384186921075026,True
20261011,ff,0,3.63,5.5,1,0,bounded,0.005,-25,3000,True,0.0001019363896812547,0.0001007186185979825,1.208814020174592,2.421185979825408,2.709434738059546,0.0009262587434456513,0.5942038758820878,0.593799482980854,0.006832136896383303,1.0,0.008087914363690421,0.9974306216168264,0.0005507580581727083,1.0,0.004642080407106708,1.0,0.0001222422273930491,1.0,0.01241937761525784,1.0,1.0120908239233595,0.718618597982501,1.936389681254691,True
20261012,ff,0,3.63,5.5,1,0,bounded,0.005,-25,3000,True,0.0001022871864673452,0.000100718532831585,1.209671684149701,2.420328315850298,2.709174606840621,0.0009281878144371391,0.5939344476220142,0.5946321822006679,-0.002110435571382488,1.0,0.001853059785585875,1.000775687209754,0.0002788085538014922,1.0,-0.01008703774335,1.0,0.0009548239207783136,1.0,-0.008997280315850509,1.0,1.0155746275452922,0.7185328315850059,2.2871864673452036,True
20261013,ff,0,3.63,5.5,1,0,bounded,0.005,-25,3000,True,0.0001018518043749044,0.0001007186907716432,1.208092283568267,2.421907716431733,2.709497586693903,0.0009257937862509641,0.5937710417630422,0.5930983955397578,0.002569266914224281,1.0,0.002817546862356797,0.9996164271934468,0.000118531873645472,1.0,0.01088006073719023,1.0,-0.0005788172448487331,1.0,0.001314630205227231,1.0,1.0112502812991313,0.7186907716431934,1.8518043749043978,True
20261014,ff,0,3.63,5.5,1,0,bounded,0.005,-25,3000,True,0.0001021038293063353,0.0001007186594198908,1.208405801091691,2.421594198908308,2.709310470259653,0.0009271798095669649,0.5932842688137322,0.5934026006903,-0.006760011243393812,1.0,-0.0006267239939935169,1.00206567718511,-0.0003700524285070453,1.0,0.001485574505919524,1.0,-0.0002746967466770907,1.0,-0.003352712540625203,1.0,1.0137528626217094,0.7186594198907992,2.103829306335281,True
20261015,ff,0,3.63,5.5,1,0,bounded,0.005,-25,3000,True,0.0001021266534348247,0.0001007185677179431,1.209322820568627,2.420677179431372,2.709293545715448,0.0009273050093953398,0.5940997139420383,0.5942935052328456,0.003853817880258088,1.0,-0.005742668776689785,0.9983310608577873,0.0004452286545152052,1.0,-0.002691138122762175,1.0,0.0006162007671696442,1.0,0.007324501314643958,1.0,1.0139803985380815,0.7185677179430972,2.126653434824699,True
20261016,ff,0,3.63,5.5,1,0,bounded,0.005,-25,3000,True,0.0001027348051773008,0.0001007185722823512,1.209277176488246,2.420722823511753,2.708843883197636,0.0009306498605478779,0.5921533498007343,0.5942481855132563,0.001378278392250517,1.0,-0.001237806565758677,1.001517568801154,-0.001505506370770542,1.0,0.0006963493984544692,1.0,0.0005706762004831158,1.0,0.004764374102157048,1.0,1.0200184816887334,0.7185722823511931,2.734805177300803,True
20261017,ff,0,3.63,5.5,1,0,bounded,0.005,-25,3000,True,0.0001018056624670809,0.0001007187635168554,1.207364831446039,2.422635168553962,2.709531891611844,0.0009255402698230065,0.5932121409981971,0.5923916734662249,-0.007877703796151216,1.0,-0.0004626611715611133,1.002171124902741,-0.0004400372567339499,1.0,-0.01083087626021317,1.0,-0.001285524300640895,1.0,-0.01233816583002314,1.0,1.0107914246787153,0.718763516855403,1.805662467080893,True
20261018,ff,0,3.63,5.5,1,0,bounded,0.005,-25,3000,True,0.000102265519965064,0.0001007185336255762,1.209663744237755,2.420336255762245,2.709190649380094,0.0009280686515564616,0.5939945902146411,0.5946245030323012,0.005752918020585441,1.0,-0.001735099881191994,1.003371877414067,0.0003391068673234897,1.0,-0.006578302989069465,1.0,0.0009471520435736502,1.0,0.005062416586912334,1.0,1.0153595002210691,0.7185336255761898,2.265519965063989,True
20261019,ff,0,3.63,5.5,1,0,bounded,0.005,-25,3000,True,0.0001021246875034958,0.0001007186139257878,1.208860742122016,2.421139257877984,2.709295003353729,0.0009272943645078661,0.5936589521959083,0.593844574582826,0.002464672227630361,1.0,0.007747269603141408,0.9986417189557254,4.481039964549457e-06,1.0,0.01012942874938728,1.0,0.0001672704476403131,1.0,0.002690378270244297,1.0,1.0139604142958523,0.7186139257878033,2.1246875034957924,True
20261020,ff,0,3.63,5.5,1,0,bounded,0.005,-25,3000,True,0.0001026254191654612,0.0001007185839309116,1.20916069088382,2.42083930911618,2.708924578972486,0.0009300482797670735,0.5923824213096326,0.5941351893730841,0.002021241856581874,1.0,0.004824190329625882,0.9984189038761265,-0.001275648688386491,1.0,-0.003063938048249067,1.0,0.0004577168159125517,1.0,-0.006940442497169999,1.0,1.018932307823724,0.7185839309115982,2.625419165461196,True
20261021,ff,0,3.63,5.5,1,0,bounded,0.005,-25,3000,True,0.0001016005637798561,0.0001007186926412213,1.208073587787319,2.421926412212681,2.709684551138116,0.0009244119697647015,0.5945414864559354,0.5930806334514221,0.007971380156421877,1.0,0.00154492064562947,0.9974555948291142,0.0008907822852015642,1.0,0.006690090799853604,1.0,-0.0005964947333664521,1.0,-0.005019141840075906,1.0,1.0087557842095527,0.7186926412212857,1.60056377985609,True
20261022,ff,0,3.63,5.5,1,0,bounded,0.005,-25,3000,True,0.0001032115276526629,0.0001007184390092999,1.210609907000841,2.419390092999159,2.708493130041242,0.0009332713503809009,0.5919549779650902,0.5955421973814768,-0.001424826539686858,1.0,-0.005412288494582303,1.000922179062895,-0.001707304475653542,1.0,0.002245654703508604,1.0,0.001864528473776967,1.0,-0.001551203922442319,1.0,1.024753050860258,0.7184390092998871,3.211527652662882,True
20261023,ff,0,3.63,5.5,1,0,bounded,0.005,-25,3000,True,0.0001023103894248206,0.0001007185583099402,1.209416900597438,2.420583099402562,2.709157430176017,0.0009283155231896338,0.5936154077021504,0.5943846135939039,0.01096446819827523,1.0,0.005870168260030412,1.00124894131348,-4.039812850453067e-05,1.0,-0.00785989727883781,1.0,0.000707247316811032,1.0,-0.004651044292964601,1.0,1.0158047448413814,0.7185583099401871,2.3103894248206025,True
20261024,ff,0,3.63,5.5,1,0,bounded,0.005,-25,3000,True,0.0001025299920795657,0.0001007187045277704,1.207954722296042,2.422045277703958,2.708995042544674,0.0009295238685611393,0.5915143092040863,0.5929636551715927,-0.0002892324008054538,1.0,-0.004610632946182905,1.000455312106423,-0.002143074939715016,1.0,-0.004504924491018858,1.0,-0.0007137861129233337,1.0,0.005174905837696685,1.0,1.0179836263808961,0.7187045277703863,2.5299920795656794,True
20261025,ff,0,3.63,5.5,1,0,bounded,0.005,-25,3000,True,0.0001022865683480294,0.0001007185741217963,1.209258782036598,2.420741217963402,2.709175064471069,0.0009281845646643048,0.5935370376186093,0.5942310326440551,0.004965159363550144,1.0,0.002798279135667754,1.000886195592035,-0.0001185970052187237,1.0,-0.00610508303605998,1.0,0.0005536742760056868,1.0,0.00440015763226499,1.0,1.0155680741105109,0.7185741217963004,2.286568348029383,True
20261026,ff,0,3.63,5.5,1,0,bounded,0.005,-25,3000,True,0.0001024390120270962,0.0001007185254473572,1.209745526428321,2.42025447357168,2.709062279376167,0.0009290228282106425,0.5935308112088821,0.5947036789002266,0.01247320430404477,1.0,0.004577086039843142,0.9991439066658736,-0.0001259190550250288,1.0,0.004418126521602672,1.0,0.001026269541229427,1.0,0.005636455275398589,1.0,1.0170821263724543,0.7185254473571989,2.439012027096199,True
20261027,ff,0,3.63,5.5,1,0,bounded,0.005,-25,3000,True,0.0001022314500857551,0.0001007186821268305,1.208178731694958,2.421821268305042,2.709215882169911,0.0009278818062798614,0.5926649624586471,0.5931817793051252,-0.001410522774268631,1.0,0.0002224010016770516,0.9995431947115759,-0.0009902760158981628,1.0,0.0004890479827132647,1.0,-0.0004955612751618365,1.0,-0.006247577553688578,1.0,1.0150197354351762,0.7186821268305055,2.2314500857550934,True
20261028,ff,0,3.63,5.5,1,0,bounded,0.005,-25,3000,True,0.0001023371468518502,0.0001007185131762236,1.20986823776399,2.42013176223601,2.709137626721014,0.0009284625252029884,0.593968182751519,0.5948230593962011,0.000753460275892626,1.0,0.006112369702976127,1.000808832916995,0.0003121846087217682,1.0,0.000672480974721324,1.0,0.001145684431615392,1.0,0.002090282782382714,1.0,1.0160708654703285,0.7185131762236008,2.3371468518502025,True
20261029,ff,0,3.63,5.5,1,0,bounded,0.005,-25,3000,True,0.000102639202795503,0.000100718482847604,1.210171523959749,2.419828476040251,2.708914406158524,0.0009301237227996301,0.5933169505702112,0.5951172234428286,0.01215701579456799,1.0,-0.001906129040474764,0.9990040533540427,-0.0003412184973022379,1.0,-0.002534930648341031,1.0,0.001439746968967416,1.0,-0.0006159877860991461,1.0,1.0190701834816676,0.7184828476040073,2.6392027955029818,True
20261030,ff,0,3.63,5.5,1,0,bounded,0.005,-25,3000,True,0.0001018944786355985,0.0001007186314969157,1.208685030842507,2.421314969157493,2.709465872752244,0.0009260282795174324,0.594210534066888,0.5936742284653695,0.005321655818537338,1.0,0.003546869874772667,0.999824962738574,0.0005577174664418668,1.0,-0.0006397057252230105,1.0,-2.998265781423173e-06,1.0,0.006048844791527458,1.0,1.011674574219357,0.7186314969156893,1.8944786355985066,True
20261031,ff,0,3.63,5.5,1,0,bounded,0.005,-25,3000,True,0.0001025421009517107,0.0001007185380893175,1.209619106824446,2.420380893175554,2.708986097940483,0.0009295898631861439,0.5930861877779672,0.5945806931777199,0.0131814383993375,1.0,-0.009391152821871588,1.003939811498465,-0.0005712834015963621,1.0,-0.0009683382520374982,1.0,0.0009032490095399715,1.0,-0.009417527222229816,1.0,1.0181055334696782,0.7185380893174997,2.542100951710702,True
20261032,ff,0,3.63,5.5,1,0,bounded,0.005,-25,3000,True,0.0001029773198551159,0.0001007184963161026,1.210036838973667,2.419963161026333,2.708665261562116,0.0009319834155184343,0.5921310262806243,0.594985833262302,-0.01102101477800284,1.0,-0.00115805233079446,0.9962470125230459,-0.001529572879146173,1.0,-0.009588641697220597,1.0,0.00130824282024771,1.0,0.002890089089483517,1.0,1.0224270975206384,0.7184963161025903,2.9773198551158897,True
20261033,ff,0,3.63,5.5,1,0,bounded,0.005,-25,3000,True,0.0001023498509619163,0.0001007185497567919,1.209502432081137,2.420497567918863,2.709128225964916,0.0009285325305955646,0.5935746388199296,0.5944676475703866,0.004046524725609812,1.0,0.005572072968263942,0.9992475308172096,-8.145062778106653e-05,1.0,-0.0008220634949661986,1.0,0.0007902680647664901,1.0,0.003895873362369481,1.0,1.0161966311971682,0.7185497567918864,2.349850961916289,True
20261034,ff,0,3.63,5.5,1,0,bounded,0.005,-25,3000,True,0.0001022031868465394,0.000100718544357599,1.209556424009404,2.420443575990596,2.70923682040487,0.0009277258583618324,0.5940859521518117,0.5945203377037511,0.002296695070044587,1.0,-0.002850691639928403,0.9984586314788924,0.0004309168039394588,1.0,0.004284057175606183,1.0,0.000843007630669317,1.0,0.003319089338561779,1.0,1.014740507802309,0.7185443575989936,2.2031868465393956,True
20261035,ff,0,3.63,5.5,1,0,bounded,0.005,-25,3000,True,0.00010225291316379,0.0001007186463996071,1.208536003928329,2.421463996071672,2.709199985299091,0.0009279997235192511,0.5929433260682812,0.5935288638365895,0.009412246710863893,1.0,0.001130786048811306,0.9998114917200076,-0.0007120666667253811,1.0,-0.009630382988750926,1.0,-0.0001484837157079846,1.0,0.002532008447424707,1.0,1.0152331948355977,0.7186463996071035,2.2529131637899935,True
20261036,ff,0,3.63,5.5,1,0,bounded,0.005,-25,3000,True,0.0001018427582517294,0.0001007186128161096,1.208871838903735,2.421128161096265,2.709504311032108,0.0009257437495949245,0.594553437539927,0.5938558075262809,0.004807146875611891,1.0,0.0009095582420001371,1.000736635423178,0.0009009926633253172,1.0,-0.003532377377344307,1.0,0.0001785983476709354,1.0,-0.002285131253540692,1.0,1.011161248196222,0.7186128161096095,1.8427582517293928,True
20261037,ff,0,3.63,5.5,1,0,bounded,0.005,-25,3000,True,0.0001020825005550368,0.000100718701090566,1.207989094339644,2.422010905660356,2.709326289141234,0.0009270626526993442,0.5929480389213895,0.5929977679509828,-0.003058393980404164,1.0,-0.001679728763996274,1.001182333658813,-0.0007061290253283183,1.0,-0.01289626473617606,1.0,-0.0006795226019155001,1.0,0.01267228400347793,1.0,1.0135406776467906,0.7187010905659985,2.0825005550367814,True
20261038,ff,0,3.63,5.5,1,0,bounded,0.005,-25,3000,True,0.0001027106578324304,0.0001007185589524967,1.209410475032839,2.420589524967161,2.708861690180798,0.0009305170017636503,0.5923576888514962,0.5943777295675264,0.0004156353193103134,1.0,0.001005027889033331,1.000144606635481,-0.001300993770242161,1.0,-0.009782116383867258,1.0,0.0007002284827973443,1.0,0.005524856065475221,1.0,1.0197788659870846,0.718558952496684,2.7106578324303854,True
20261039,ff,0,3.63,5.5,1,0,bounded,0.005,-25,3000,True,0.0001021863453506793,0.0001007186056756705,1.208943243294426,2.421056756705574,2.709249299645454,0.0009276334527195612,0.5935456330600395,0.593924630665928,-0.001220414310655045,1.0,0.007273131534832951,1.0000698004745,-0.0001092812422782392,1.0,-0.001791517910542893,1.0,0.0002473058247252852,1.0,0.007029758446198407,1.0,1.0145726766684515,0.7186056756705028,2.1863453506792974,True
20261040,ff,0,3.63,5.5,1,0,bounded,0.005,-25,3000,True,0.0001028147911002169,0.0001007184603608647,1.210396391352735,2.419603608647265,2.708784927009706,0.000931089376849105,0.5929859754793722,0.5953354026183746,-1.233808110032523e-05,1.0,-0.001541252895952729,1.00029495450258,-0.0006734555669220528,1.0,0.000712092655155522,1.0,0.001657867171001612,1.0,-0.001738582307053652,1.0,1.0208137687156977,0.7184603608646922,2.8147911002168957,True
20261041,ff,0,3.63,5.5,1,0,bounded,0.005,-25,3000,True,0.0001017081843532158,0.0001007186675983528,1.208324016471539,2.421675983528461,2.709604410937145,0.0009250037920127416,0.5944458279264444,0.593323774261913,0.01334803394828722,1.0,0.002171183325340817,1.001001911745873,0.0007943502625409936,1.0,-0.006444598892276086,1.0,-0.0003533899878174618,1.0,-0.0005924383157229488,1.0,1.0098245616076753,0.7186675983527957,1.7081843532157803,True
20261042,ff,0,3.63,5.5,1,0,bounded,0.005,-25,3000,True,0.0001016446419173694,0.0001007187915755834,1.207084244165282,2.422915755834718,2.709651718561106,0.0009246547586528856,0.5934460865487339,0.5921193061615546,-0.00918509358156565,1.0,0.002544420556398017,1.001607781865681,-0.0002049344166351956,1.0,-0.001401576450759836,1.0,-0.001557837577882554,1.0,-0.003224354740505117,1.0,1.0091924290125265,0.7187915755833885,1.6446419173693938,True
20261043,ff,0,3.63,5.5,1,0,bounded,0.005,-25,3000,True,0.0001027105134377298,0.0001007185835736805,1.209164263194417,2.420835736805582,2.708861796673535,0.0009305162969678627,0.5921200211813155,0.5941385236963372,0.01299302543749283,1.0,0.003839362117050165,1.002764707440052,-0.001538660401535588,1.0,-0.004646180062096806,1.0,0.0004610224835188155,1.0,0.006038476585508433,1.0,1.0197771830517464,0.7185835736804869,2.710513437729789,True
20261044,ff,0,3.63,5.5,1,0,bounded,0.005,-25,3000,True,0.0001015124330362998,0.0001007186541807114,1.20845819288603,2.42154180711397,2.709750237139011,0.0009239271110633494,0.5951903418695251,0.5934544510223382,5.308330359933914e-05,1.0,-0.00414814322146085,0.9987815892252012,0.001540271112118443,1.0,0.003711702764944277,1.0,-0.0002226472055965502,1.0,-0.004285279292622728,1.0,1.0078811503394811,0.7186541807113977,1.5124330362997984,True
20261045,ff,0,3.63,5.5,1,0,bounded,0.005,-25,3000,True,0.0001019805390167488,0.0001007187120668396,1.207879331603615,2.422120668396385,2.709401953506033,0.0009265019040826401,0.5931614017479618,0.5928912861731122,-0.0005703470888215078,1.0,-0.002171320724533684,0.99915901367172,-0.0004920333815398225,1.0,-0.006003627800051889,1.0,-0.0007859701197806152,1.0,0.01625505545926418,1.0,1.0125282276154586,0.7187120668395997,1.9805390167487946,True
20261046,ff,0,3.63,5.5,1,0,bounded,0.005,-25,3000,True,0.0001022173389359065,0.0001007185340965336,1.209659034663613,2.420340965336387,2.709226335447968,0.0009278036576057997,0.594140880016713,0.5946200047324333,0.003800865344249653,1.0,0.001410479991859415,0.99752259303736,0.0004857429548299122,1.0,0.004601586276759088,1.0,0.0009426699668199544,1.0,-0.007712288320305525,1.0,1.0148811224549432,0.7185340965335962,2.2173389359064988,True
20261047,ff,0,3.63,5.5,1,0,bounded,0.005,-25,3000,True,0.0001024059973816254,0.0001007186658840338,1.208341159662026,2.421658840337974,2.709086691901094,0.0009288417574456374,0.5922758229016971,0.5933393121696686,-0.009921115937495806,1.0,-0.005861348924407312,0.999814249883384,-0.001380670074348367,1.0,0.00934764847967292,1.0,-0.0003380870783578812,1.0,-0.001715224149696541,1.0,1.016752917473454,0.7186658840337978,2.405997381625391,True
20261048,ff,0,3.63,5.5,1,0,bounded,0.005,-25,3000,True,0.0001022265407706673,0.0001007185287025381,1.209712974619076,2.420287025380924,2.70921951874684,0.0009278542481165651,0.5941642370501332,0.5946723943104123,0.005131120754937235,1.0,0.00133769125829999,0.9998461781288374,0.0005090338528132383,1.0,0.0008533423998921461,1.0,0.0009950564844956348,1.0,-0.01049290443293293,1.0,1.0149725386932822,0.7185287025381015,2.226540770667307,True
20261049,ff,0,3.63,5.5,1,0,bounded,0.005,-25,3000,True,0.0001017399097613297,0.0001007186528991738,1.208471008261605,2.421528991738394,2.709580801548894,0.0009251782283993218,0.5944884336999305,0.5934665376488474,0.00242131568118633,1.0,0.00393913868173538,0.998210653400512,0.0008367280182328588,1.0,-0.007507491525336973,1.0,-0.0002106371799108681,1.0,-0.007944985067323858,1.0,1.0101396993780114,0.7186528991738106,1.7399097613296943,True
20261050,ff,0,3.63,5.5,1,0,bounded,0.005,-25,3000,True,0.0001020260537337397,0.0001007184960818736,1.210039181263364,2.419960818736635,2.709368168897877,0.0009267514510005817,0.5951077744289243,0.5949896329585704,0.006280563166215039,1.0,-0.006590787040830747,1.00127805301224,0.001454012166814803,1.0,-0.01233806102060733,1.0,0.00131236288711068,1.0,0.00756355788912905,1.0,1.012982299207518,0.7184960818735986,2.0260537337396967,True
20261051,ff,0,3.63,5.5,1,0,bounded,0.005,-25,3000,True,0.0001022285852771514,0.0001007186068380356,1.208931619643791,2.421068380356209,2.709218004258105,0.0009278657765343493,0.5934021274532302,0.5939132699158292,0.003239707982773348,1.0,0.00682501909187344,0.9968456244089826,-0.0002530904348083226,1.0,0.002412369641333909,1.0,0.0002359308406389745,1.0,0.003469579679291176,1.0,1.0149920504911667,0.7186068380355959,2.228585277151396,True
20261052,ff,0,3.63,5.5,1,0,bounded,0.005,-25,3000,True,0.0001028306735638989,0.000100718617913761,1.208820862390346,2.421179137609654,2.708773225418599,0.0009311773023161743,0.5914126866338135,0.5938046977145135,0.0008578270882559609,1.0,-0.005113368612787739,1.000114776216212,-0.002246858554832195,1.0,0.004082456323632338,1.0,0.000127155787570403,1.0,-0.0009972356598703055,1.0,1.0209698633071624,0.7186179137609994,2.8306735638989,True
20261053,ff,0,3.63,5.5,1,0,bounded,0.005,-25,3000,True,0.0001020810253134368,0.0001007185947561895,1.209052438104634,2.420947561895366,2.709327383396775,0.000927054152876856,0.5939811476715811,0.5940308883832808,-0.00478995274329375,1.0,-0.002199016828566223,1.000777929214916,0.0003269903229214594,1.0,0.008262893802823953,1.0,0.0003535990903111166,1.0,0.001743699690331516,1.0,1.0135271005373472,0.7185947561894945,2.0810253134367906,True
20261054,ff,0,3.63,5.5,1,0,bounded,0.005,-25,3000,True,0.0001018999978028728,0.000100718667638661,1.208323613389987,2.421676386610013,2.709461772014802,0.0009260587661320163,0.5938436493260756,0.5933230753096411,-0.007758094647493779,1.0,0.003197127214192698,0.9971133801332572,0.0001907930599089017,1.0,-0.00688222352912343,1.0,-0.0003541535395902427,1.0,-0.002362779528830091,1.0,1.011729009049742,0.7186676386609969,1.8999978028727993,True
20261055,ff,0,3.63,5.5,1,0,bounded,0.005,-25,3000,True,0.000101107759906574,0.0001007187056542868,1.207943457132042,2.422056542867958,2.710052534645468,0.0009217015956991688,0.5959651226415572,0.5929549889125992,0.006196244808632577,1.0,-0.002155698551582496,1.00166697356149,0.002317960368188337,1.0,-0.004004062041377397,1.0,-0.0007219733981926205,1.0,0.0004675470557624501,1.0,1.0038627805009988,0.7187056542867998,1.1077599065739907,True
20261056,ff,0,3.63,5.5,1,0,bounded,0.005,-25,3000,True,0.000102028190536279,0.0001007185516905456,1.209483094544187,2.420516905455813,2.709366583140286,0.0009267634052738707,0.594563240661417,0.5944493758046833,0.002847509053064508,1.0,0.0009376071789865768,0.9980040381341012,0.000909463044205184,1.0,-0.005178414529209785,1.0,0.0007721046145307879,1.0,-0.01067990900293344,1.0,1.0130029555007622,0.7185516905455991,2.0281905362789843,True
20261057,ff,0,3.63,5.5,1,0,bounded,0.005,-25,3000,True,0.0001015768825447144,0.0001007186251740441,1.208748259559351,2.421251740440649,2.709702196118323,0.0009242814780656232,0.5952684537874211,0.5937361683282694,-0.004174781479584244,1.0,0.001390444853963754,1.000301778393228,0.001617919815845568,1.0,0.003235421345599325,1.0,5.904860308784782e-05,1.0,-0.002033692005938357,1.0,1.0085213372321873,0.7186251740441074,1.5768825447143975,True
20261058,ff,0,3.63,5.5,1,0,bounded,0.005,-25,3000,True,0.0001015968178828591,0.0001007188020581861,1.206979418139104,2.423020581860897,2.709687341965036,0.0009243917645148387,0.5934948567166017,0.5920175305409972,-0.003021216797904603,1.0,-0.002832400869078403,0.999108759213966,-0.0001558205266345571,1.0,-0.005841590655588523,1.0,-0.001659597167424138,1.0,-0.005595284627046475,1.0,1.0087174967010208,0.7188020581860854,1.5968178828591029,True
20261059,ff,0,3.63,5.5,1,0,bounded,0.005,-25,3000,True,0.0001019663324311165,0.0001007184731463557,1.210268536442387,2.419731463557612,2.709412501632784,0.0009264229005802671,0.5955168022487421,0.5952125501805678,0.002663589958953463,1.0,0.00973343270376243,0.9999547011287808,0.001863469213957005,1.0,0.00813691610789489,1.0,0.001535300386753016,1.0,-0.006747935864294651,1.0,1.0123895770634599,0.7184731463556915,1.9663324311164798,True
20261060,ff,0,3.63,5.5,1,0,bounded,0.005,-25,3000,True,0.0001026776162186831,0.0001007184951479895,1.210048520104848,2.419951479895152,2.708886062391754,0.0009303350412775108,0.5930779707825309,0.5949976618624161,-0.002375919293241864,1.0,-0.001937261081431495,0.9998433602347012,-0.0005804743672739053,1.0,-0.002125676462254855,1.0,0.001320172363384975,1.0,0.0007023669584552361,1.0,1.0194514529611964,0.7184951479894952,2.6776162186830987,True
20261061,ff,0,3.63,5.5,1,0,bounded,0.005,-25,3000,True,0.0001020902285629948,0.0001007185982621735,1.209017378265153,2.420982621734847,2.709320557158357,0.0009271047834761079,0.593918403050172,0.593996811043123,0.01042781906864759,1.0,0.002266119438794216,0.9986376441677044,0.0002641795562223332,1.0,-0.011284994475865,1.0,0.0003195186254676377,1.0,-0.004811975153875547,1.0,1.0136184411269398,0.7185982621735088,2.090228562994789,True
20261062,ff,0,3.63,5.5,1,0,bounded,0.005,-25,3000,True,0.0001023711476532779,0.0001007185911391948,1.209088608051917,2.420911391948083,2.709112469332092,0.0009286498126160239,0.5931077670500621,0.5940655645643519,0.007534091825714396,1.0,-0.002288992440071684,1.000757480026288,-0.0005484754586351463,1.0,-0.003508867210594932,1.0,0.0003881775894160307,1.0,-0.005657061188901589,1.0,1.0164076611417174,0.7185911391947908,2.371147653277883,True
20261063,ff,0,3.63,5.5,1,0,bounded,0.005,-25,3000,True,0.0001021502432794446,0.0001007186508435045,1.208491564955142,2.421508435044857,2.709276057084041,0.0009274350552866712,0.5932218330351599,0.5934858525398217,0.01721373948670538,1.0,-0.00305317265692074,0.9991846949988912,-0.0004328217930992439,1.0,0.009081161549102133,1.0,-0.0001914604670448472,1.0,0.002306812376896432,1.0,1.0142137769315882,0.7186508435045091,2.150243279444597,True
20261064,ff,0,3.63,5.5,1,0,bounded,0.005,-25,3000,True,0.0001015793899145284,0.0001007186600709611,1.208399290389232,2.421600709610768,2.709700327685682,0.0009242953952751513,0.5949230315692909,0.5933971153446523,0.00161253409114786,1.0,-0.005974826466525879,1.000819159176215,0.001272479578273925,1.0,0.005032381989308689,1.0,-0.0002800054754144808,1.0,0.002469520551036154,1.0,1.008545882589789,0.7186600709610858,1.5793899145283952,True
20261065,ff,0,3.63,5.5,1,0,bounded,0.005,-25,3000,True,0.0001017896941759294,0.0001007185697630611,1.2093023693887,2.4206976306113,2.70954376686384,0.0009254517408954122,0.5951363335793989,0.5942741759143909,-0.008544023913758993,1.0,0.003607484725895283,1.001939247451998,0.001484270083114524,1.0,-0.01557842399300955,1.0,0.0005969849157934009,1.0,-0.005354756804333506,1.0,1.0106348254883692,0.7185697630611054,1.7896941759294016,True
20261066,ff,0,3.63,5.5,1,0,bounded,0.005,-25,3000,True,0.000101247988313185,0.0001007187589161947,1.207410838052668,2.422589161947332,2.709947654094329,0.0009224730452762075,0.59500860304658,0.5924372679068358,0.004983868317857998,1.0,0.0006605459443223745,1.000349907760601,0.00136043291954807,1.0,0.008065926955327311,1.0,-0.001239742012556328,1.0,0.00201618066875546,1.0,1.0052545265915225,0.7187589161947061,1.247988313185,True
20261067,ff,0,3.63,5.5,1,0,bounded,0.005,-25,3000,True,0.0001012729625928781,0.0001007187398395675,1.207601604325114,2.422398395674886,2.709928989388046,0.0009226103345663561,0.5951145774514893,0.5926225789346337,-6.090253992760907e-05,1.0,0.003380923612400111,0.9990556089339144,0.00146622782744032,1.0,0.01240267706500572,1.0,-0.001054439258728973,1.0,0.001914818513871402,1.0,1.0055026775969735,0.7187398395674949,1.2729625928781019,True
20261068,ff,0,3.63,5.5,1,0,bounded,0.005,-25,3000,True,0.0001029791488964254,0.0001007185076816874,1.209923183125429,2.420076816874571,2.708663915891314,0.0009319935165026744,0.5920154062496862,0.5948754114295414,-0.001157068696844608,1.0,0.002670443610000204,1.00192673434647,-0.001645206055120337,1.0,-0.001808111433258785,1.0,0.001197820289905344,1.0,-0.008112238279463092,1.0,1.0224451420773883,0.718507681687397,2.9791488964253876,True
20261069,ff,0,3.63,5.5,1,0,bounded,0.005,-25,3000,True,0.0001015993037128542,0.0001007187182853952,1.207817146048012,2.422182853951988,2.70968548992227,0.0009244051324844683,0.5942973906836709,0.5928314775469109,0.001472717280542755,1.0,0.0008096315990771497,0.9989783057298354,0.000646695570465584,1.0,-0.01480558380993582,1.0,-0.000845650397525776,1.0,-0.01036484133898709,1.0,1.0087430166154794,0.7187182853952034,1.5993037128541943,True
20261070,ff,0,3.63,5.5,1,0,bounded,0.005,-25,3000,True,0.000101679383631284,0.0001007187555261706,1.207444738293648,2.422555261706352,2.709625849784573,0.0009248457072198821,0.5936857249173115,0.592469514668683,-0.0008364710255832889,1.0,-0.003206410629910219,0.9997039348928236,3.445425422314365e-05,1.0,-0.003983409512240397,1.0,-0.001207640512454618,1.0,-0.0075581596126465,1.0,1.0095377281033202,0.7187555261706002,1.6793836312839927,True
20261071,ff,0,3.63,5.5,1,0,bounded,0.005,-25,3000,True,0.0001014518721441054,0.0001007186546310999,1.208453689000613,2.421546310999386,2.709795405502671,0.0009235940277915592,0.5953762884307437,0.593450172175234,0.01195296821751581,1.0,0.001670919773089724,0.9985111762347416,0.001726652938136049,1.0,-0.003696571114326367,1.0,-0.0002269056601561394,1.0,-0.008192903556934267,1.0,1.007279858092734,0.718654631099902,1.4518721441054039,True
20261072,ff,0,3.63,5.5,1,0,bounded,0.005,-25,3000,True,0.000101751314730441,0.0001007186867533056,1.20813246694349,2.42186753305651,2.709572315886397,0.000925241078619573,0.5941251840571238,0.593137598352898,-0.00753541233983798,1.0,-0.01098276234390799,1.002831078760402,0.0004733964070689872,1.0,-0.003667243048507399,1.0,-0.0005395805597630438,1.0,-0.00883482422199156,1.0,1.0102525957240156,0.7186867533055974,1.7513147304409893,True
20261073,ff,0,3.63,5.5,1,0,bounded,0.005,-25,3000,True,0.0001025002792734302,0.0001007185615920216,1.209384079783769,2.420615920216231,2.709016995029691,0.000929359929270797,0.5929896393229253,0.594352422569096,-0.001418502526922718,1.0,0.002894514540931494,0.9978253116432437,-0.0006675312767343037,1.0,-0.0002561215031551513,1.0,0.0006749923170627576,1.0,0.01228798786982825,1.0,1.017690062817078,0.7185615920215938,2.500279273430195,True
20261074,ff,0,3.63,5.5,1,0,bounded,0.005,-25,3000,True,0.0001022580283431101,0.0001007185792779346,1.209207220654055,2.420792779345946,2.709196197143046,0.0009280276133539528,0.5935765068678754,0.5941809840220528,0.004424990353289136,1.0,-0.001837185733567171,0.9976691155457332,-7.892263381712814e-05,1.0,-0.009657610141839985,1.0,0.0005036352287551241,1.0,-0.003475429761227685,1.0,1.0152846582647612,0.7185792779345945,2.2580283431100856,True
20261075,ff,0,3.63,5.5,1,0,bounded,0.005,-25,3000,True,0.0001015190299486673,0.0001007186534483472,1.208465516527708,2.421534483472292,2.709745318456955,0.0009239633914230405,0.5951766995499159,0.5934615559410911,-0.00498843501181542,1.0,-0.003158479806503686,1.00215699029562,0.001526581378995513,1.0,-1.007778598608893e-05,1.0,-0.0002155445032944047,1.0,-0.007234826964094917,1.0,1.0079466560852164,0.718653448347184,1.5190299486673053,True
20261076,ff,0,3.63,5.5,1,0,bounded,0.005,-25,3000,True,0.00010173575684078,0.0001007186673724783,1.208326275216716,2.421673724783283,2.709583891675239,0.0009251554398742874,0.5943614728718195,0.5933259246491641,0.002666686299758852,1.0,0.0003964246345608562,1.002896893324503,0.0007097970386752204,1.0,0.003767947541759003,1.0,-0.000351248884833904,1.0,-0.01242448944873376,1.0,1.0100983213423613,0.7186673724782988,1.7357568407800006,True
20261077,ff,0,3.63,5.5,1,0,bounded,0.005,-25,3000,True,0.0001022491534665964,0.0001007185224804707,1.209775195292999,2.420224804707001,2.709202769736459,0.0009279785953581622,0.5941536172912483,0.5947328072383424,0.004650279642364791,1.0,-8.54520530789597e-05,0.9990883181651736,0.000498251572276357,1.0,0.0160356063965925,1.0,0.001055461841534852,1.0,0.007084907270242504,1.0,1.0151971151723604,0.7185224804707069,2.2491534665963986,True
20261078,ff,0,3.63,5.5,1,0,bounded,0.005,-25,3000,True,0.0001020715229387808,0.0001007186222521853,1.208777478147169,2.421222521852831,2.709334432104595,0.0009270019896266157,0.5937449780291295,0.5937637635266995,0.001951423661772926,1.0,0.00227299558396253,1.000163062343994,9.088897702800016e-05,1.0,-0.002573825782977617,1.0,8.647723661545189e-05,1.0,-0.004300491492292803,1.0,1.0134324780893846,0.7186222521853081,2.07152293878079,True
20261079,ff,0,3.63,5.5,1,0,bounded,0.005,-25,3000,True,0.0001023930447168713,0.0001007185720371213,1.209279628786727,2.420720371213273,2.709096271692655,0.0009287701771253346,0.5932240087746904,0.5942511156278845,0.00358795325907928,1.0,-0.005899671526075283,1.000913703756936,-0.0004323911126467545,1.0,-0.01167300870408443,1.0,0.0005737214155097642,1.0,-0.004046309407726855,1.0,1.016625262311432,0.71857203712129,2.3930447168712954,True
20261080,ff,0,3.63,5.5,1,0,bounded,0.005,-25,3000,True,0.0001018620485483428,0.0001007186688533471,1.208311466528595,2.421688533471404,2.709489972470502,0.000925850049641181,0.5939509159838484,0.5933113344433165,-0.01036423424240118,1.0,-0.008737524900506204,0.9976583408072716,0.0002983324665441581,1.0,0.001094236530587869,1.0,-0.000365881634004849,1.0,0.001107450798472643,1.0,1.0113522121371614,0.7186688533471042,1.8620485483427984,True
20261081,ff,0,3.63,5.5,1,0,bounded,0.005,-25,3000,True,0.0001017205293449113,0.0001007187813589843,1.207186410157069,2.422813589842931,2.709595223234957,0.0009250721024180889,0.5933066932126293,0.5922184518134609,0.00222263966055888,1.0,0.002945705397397344,1.002508755442341,-0.0003448731722026755,1.0,-0.001870564626068932,1.0,-0.001458717410194384,1.0,0.01097923067488028,1.0,1.0099459899376317,0.7187813589842884,1.7205293449112924,True
20261082,ff,0,3.63,5.5,1,0,bounded,0.005,-25,3000,True,0.0001024620928832203,0.0001007186528239186,1.208471760814204,2.421528239185796,2.709045216701762,0.0009291502352962151,0.59222668761209,0.5934661116279237,0.006143384425142651,1.0,0.002293192559317103,1.001311678711696,-0.001430208531899777,1.0,-0.02092381926741343,1.0,-0.0002113064183642527,1.0,0.001691590278333388,1.0,1.0173100017764303,0.7186528239185863,2.4620928832203015,True
20261083,ff,0,3.63,5.5,1,0,bounded,0.005,-25,3000,True,0.0001021741757847199,0.0001007185662019514,1.20933798048562,2.42066201951438,2.709258318265113,0.0009275663768168505,0.5939655291900076,0.5943081576205466,0.001774571408007803,1.0,-0.005641749853394325,0.9986469072731874,0.0003107023507501871,1.0,-0.002720917563029478,1.0,0.0006308371610994865,1.0,0.007559078257579279,1.0,1.0144522468662813,0.7185662019514094,2.1741757847199006,True
20261084,ff,0,3.63,5.5,1,0,bounded,0.005,-25,3000,True,0.000102005299953925,0.0001007187138970135,1.207861029865083,2.422138970134917,2.709383572244305,0.0009266380958805432,0.5930660882878791,0.5928734645348391,0.0007821260067862983,1.0,0.00347577614054335,1.00012003363667,-0.0005875248031116452,1.0,-0.01137113821846477,1.0,-0.0008038001102218039,1.0,-0.003352999988208071,1.0,1.0127740516844472,0.718713897013501,2.0052999539249994,True
20261085,ff,0,3.63,5.5,1,0,bounded,0.005,-25,3000,True,0.0001025637472460322,0.0001007184716514332,1.210283485668323,2.419716514331677,2.708970110668843,0.0009297086766354974,0.5936610552475371,0.5952261163271138,-0.0178380337828314,1.0,-0.007641748418748816,0.9982503305137628,3.428489781406846e-06,1.0,-0.008958630150133191,1.0,0.001548665345737605,1.0,0.007403487154651008,1.0,1.0183211238647976,0.7184716514331946,2.5637472460321886,True
20261086,ff,0,3.63,5.5,1,0,bounded,0.005,-25,3000,True,0.0001022932051723285,0.0001007185503306424,1.209496693575872,2.420503306424128,2.709170150970139,0.000928220980835863,0.5937463646125775,0.5944621631783875,-0.01051785718656612,1.0,0.003158551523237673,1.001380697242813,9.068228769273595e-05,1.0,0.01412338172495116,1.0,0.0007848027459603437,1.0,0.01091300663333724,1.0,1.015634208758136,0.718550330642409,2.293205172328494,True
20261087,ff,0,3.63,5.5,1,0,bounded,0.005,-25,3000,True,0.000102493090425158,0.0001007186694301621,1.208305698378724,2.421694301621276,2.709022307202774,0.0009293207820576396,0.5919691433958447,0.5933047190513727,-0.005121409692976957,1.0,-0.006561462695049542,1.00304459690797,-0.001687975531615124,1.0,-0.009351902701382697,1.0,-0.0003727095534566487,1.0,0.003558821262017348,1.0,1.0176175976612387,0.7186694301620999,2.4930904251579955,True
20261088,ff,0,3.63,5.5,1,0,bounded,0.005,-25,3000,True,0.0001017692200851333,0.0001007186827153442,1.208172846557605,2.421827153442395,2.709558995518322,0.0009253395434127326,0.5941080544596568,0.5931768020325178,-0.0008291675251925227,1.0,0.004242765279575431,1.001573164532431,0.0004561381199427494,1.0,-0.003325906216385677,1.0,-0.0005003828813842924,1.0,0.01551012120099177,1.0,1.0104304121287824,0.7186827153441877,1.769220085133294,True
20261089,ff,0,3.63,5.5,1,0,bounded,0.005,-25,3000,True,0.000102302635138452,0.0001007185580264316,1.209419735683878,2.420580264316122,2.709163170108054,0.0009282728735852544,0.5936424187679991,0.5943873804271594,0.004798322943916694,1.0,-0.001577162457631029,0.9973882841376938,-1.33313313012533e-05,1.0,0.008184256443182191,1.0,0.0007100167636161595,1.0,0.009202238145251895,1.0,1.0157277580523412,0.7185580264315927,2.3026351384519916,True
20261090,ff,0,3.63,5.5,1,0,bounded,0.005,-25,3000,True,0.0001015619056498079,0.0001007187178947444,1.2078210525559,2.4221789474441,2.709713357441965,0.0009241994417195875,0.5944186275461563,0.5928353330507283,-0.00524644776559524,1.0,-0.002651856601623561,0.9978606029740952,0.0007682012209858612,1.0,0.003619895147724379,1.0,-0.000841782295897598,1.0,-0.005774506415865477,1.0,1.0083717085829533,0.7187178947444028,1.5619056498078931,True
20261091,ff,0,3.63,5.5,1,0,bounded,0.005,-25,3000,True,0.000102488718351788,0.0001007186100831788,1.208899168211472,2.421100831788528,2.709025538100271,0.000929296520224597,0.5925568037342906,0.5938813245956164,0.0006530206718977444,1.0,0.000198367479701102,0.9987437168920048,-0.00110028377304884,1.0,-0.002825003646918039,1.0,0.0002038978890954201,1.0,-0.009778105709931768,1.0,1.0175747884839492,0.7186100831787945,2.4887183517880107,True
20261092,ff,0,3.63,5.5,1,0,bounded,0.005,-25,3000,True,0.0001024186796765197,0.0001007184982063713,1.21001793628652,2.41998206371348,2.709077313169641,0.000928910901397688,0.5938578674379515,0.5949683640132093,0.003643027648338471,1.0,-0.0006645114034350995,0.9976655648189998,0.0002012833046944174,1.0,0.00342638213211235,1.0,0.001290961697284231,1.0,0.003088521673839517,1.0,1.016880528407649,0.7184982063713097,2.418679676519697,True
20261093,ff,0,3.63,5.5,1,0,bounded,0.005,-25,3000,True,0.0001021912237153249,0.0001007185556804335,1.209443195664971,2.420556804335029,2.709245684669137,0.0009276601022420309,0.5940139026141067,0.594410351272726,-0.007053829059705592,1.0,-0.005657182360385218,0.9956270840055476,0.0003589532478741173,1.0,0.01267876916548897,1.0,0.0007330251473788387,1.0,0.0125529402855232,1.0,1.0146216158973127,0.718555680433508,2.191223715324897,True
20261094,ff,0,3.63,5.5,1,0,bounded,0.005,-25,3000,True,0.0001016785647514045,0.0001007187203085232,1.207796914767446,2.422203085232554,2.709626459429908,0.0009248410755404316,0.5940289528407668,0.5928116937887048,0.002731867649168058,1.0,-0.001447961514405673,1.003479192479694,0.0003776880615571216,1.0,0.00830417224396999,1.0,-0.0008654608639264884,1.0,-0.01118441611415865,1.0,1.0095299507374704,0.7187203085232019,1.6785647514044877,True
20261095,ff,0,3.63,5.5,1,0,bounded,0.005,-25,3000,True,0.0001023476026796804,0.0001007186740738558,1.208259261442312,2.421740738557688,2.709129889563997,0.0009285206163141824,0.5923793042059475,0.5932598347765168,0.008030943188152362,1.0,-0.003005456809860611,0.9974688572923964,-0.001276769077414169,1.0,-0.006254318312165255,1.0,-0.0004175448640694246,1.0,0.00488818381608015,1.0,1.0161730545085426,0.7186740738557962,2.347602679680394,True
20261096,ff,0,3.63,5.5,1,0,bounded,0.005,-25,3000,True,0.0001024401312928607,0.0001007185917597981,1.209082402018437,2.420917597981563,2.709061451868924,0.0009290292248866929,0.5928859682544638,0.5940594245421131,0.004655010815668722,1.0,0.006433750031439795,1.000180759259142,-0.0007707700508149831,1.0,0.005723633901258575,1.0,0.0003820143303078545,1.0,0.002164560874624252,1.0,1.017092569534414,0.7185917597980929,2.440131292860692,True
20261097,ff,0,3.63,5.5,1,0,bounded,0.005,-25,3000,True,0.0001027967555692105,0.0001007185530774832,1.209469225167808,2.420530774832192,2.708798216941565,0.0009309905179897399,0.5921456268209939,0.5944346697277211,-0.0008632369719437225,1.0,0.004297810003481109,1.000185166574393,-0.001513674597362802,1.0,-0.01021109425227589,1.0,0.0007571396890235053,1.0,0.007310037326117728,1.0,1.0206337603969402,0.7185530774832083,2.7967555692105073,True
20261098,ff,0,3.63,5.5,1,0,bounded,0.005,-25,3000,True,0.0001024896249012368,0.0001007186814737621,1.208185262378849,2.421814737621151,2.709024868163095,0.0009293017653946946,0.5918634951930741,0.5931877107537857,-0.004232990052023617,1.0,0.005843290334735345,1.00141821456094,-0.001793598826584482,1.0,0.008055551889971318,1.0,-0.0004897167703486892,1.0,-0.003213527442077178,1.0,1.0175830680223514,0.7186814737620839,2.4896249012367866,True
20261099,ff,0,3.63,5.5,1,0,bounded,0.005,-25,3000,True,0.0001023033453478189,0.0001007185885949945,1.20911405005476,2.42088594994524,2.709162644375026,0.0009282768907006003,0.5933445457267196,0.5940903914577385,0.004373463150299234,1.0,0.0002171468408014365,0.9977190532819358,-0.0003112094756072105,1.0,-0.002834821259814204,1.0,0.0004130273356416197,1.0,0.0005036819151312632,1.0,1.015734501197162,0.7185885949944959,2.303345347818908,True
20261100,ff,0,3.63,5.5,1,0,bounded,0.005,-25,3000,True,0.0001016107319045095,0.000100718702698036,1.207973019639503,2.422026980360497,2.709676976006321,0.0009244679309563062,0.594412276569671,0.5929829057933437,-0.00190250764083775,1.0,-0.003596882730753179,0.9985336072512416,0.0007614993188696669,1.0,-0.006261655006796744,1.0,-0.0006942258880307271,1.0,-0.004953000323648022,1.0,1.008856639160136,0.7187026980360001,1.610731904509488,True
20261101,ff,0,3.63,5.5,1,0,bounded,0.005,-25,3000,True,0.0001020086141259907,0.0001007186221825146,1.208778174853972,2.421221825146028,2.709381112287129,0.0009266559909032487,0.5939427945933693,0.5937645412355076,-0.007247908453313317,1.0,-0.006124794010023512,0.999756349056904,0.0002891576786773601,1.0,0.004486297701589616,1.0,8.727613248957886e-05,1.0,-0.002461527342647529,1.0,1.0128078791739077,0.7186221825145944,2.008614125990693,True
20261102,ff,0,3.63,5.5,1,0,bounded,0.005,-25,3000,True,0.0001019736353231142,0.0001007186997132169,1.208002867830489,2.421997132169511,2.709407079199555,0.0009264638889240162,0.5933025329687083,0.5930113246463157,-0.004431685329095489,1.0,-0.003556406533883197,0.998461688578114,-0.0003508525431801887,1.0,-0.004564725537982547,1.0,-0.0006659292328760676,1.0,-0.01325905109014184,1.0,1.0124598074982158,0.7186997132168971,1.9736353231141868,True
20261103,ff,0,3.63,5.5,1,0,bounded,0.005,-25,3000,True,0.00010152032338471,0.0001007187047812475,1.207952187525025,2.422047812474975,2.709744354101236,0.0009239706916595067,0.5946760993672813,0.5929628102605767,-0.0004822248610178705,1.0,-0.0002880201685203794,1.002323351474223,0.001025971902461938,1.0,-0.002365212772601214,1.0,-0.0007142909878079857,1.0,0.003654661626652834,1.0,1.0079589844329666,0.7187047812474923,1.5203233847099984,True
20261104,ff,0,3.63,5.5,1,0,bounded,0.005,-25,3000,True,0.0001013043284051545,0.0001007187306696722,1.207693303277822,2.422306696722178,2.709905554007462,0.0009227828132470541,0.595104627160449,0.5927116240908814,0.009645796612850761,1.0,-0.001220875691544727,1.00188818656376,0.001456052102413716,1.0,0.009276477911352792,1.0,-0.0009654046001358528,1.0,0.001225445773341892,1.0,1.005814188995321,0.7187306696721851,1.3043284051544868,True
20261105,ff,0,3.63,5.5,1,0,bounded,0.005,-25,3000,True,0.0001014465664550084,0.0001007188005516779,1.206994483220341,2.423005516779659,2.709799363863624,0.0009235653761931349,0.59398145678513,0.5920324090460081,-0.007573960481239047,1.0,0.00268632929905134,1.000583754798501,0.0003318594322899018,1.0,0.006840926077108021,1.0,-0.001644668049641388,1.0,0.01107441962230713,1.0,1.007225720514385,0.7188005516778784,1.4465664550084023,True
20261106,ff,0,3.63,5.5,1,0,bounded,0.005,-25,3000,True,0.0001016238512377204,0.000100718694213952,1.208057860480082,2.421942139519918,2.709667203304047,0.0009245400564921401,0.5944531442940828,0.5930653156261526,-0.005243865840074056,1.0,0.002984734370185314,1.003810959010655,0.0008022727514161821,1.0,-0.007503363367950915,1.0,-0.0006118204126787862,1.0,0.001642606836960535,1.0,1.0089869813229073,0.718694213951987,1.6238512377203973,True
20261107,ff,0,3.63,5.5,1,0,bounded,0.005,-25,3000,True,0.0001017031129913431,0.0001007188416673277,1.206583326723301,2.423416673276699,2.709608185575963,0.0009249765313929765,0.5927779858034529,0.5916325016465792,-0.009239395015707573,1.0,0.007630970557527973,0.999748667782844,-0.0008734554036842572,1.0,-0.001120041429861221,1.0,-0.002044662144321445,1.0,-0.01672437375474901,1.0,1.0097724646920228,0.7188416673276965,1.703112991343092,True
20261108,ff,0,3.63,5.5,1,0,bounded,0.005,-25,3000,True,0.000102544645597023,0.0001007185741583654,1.209258416345396,2.420741583654604,2.708984218382378,0.0009296039896664294,0.5927293942636908,0.5942302638468804,0.003704862343890229,1.0,0.004410230393087894,1.000598688251852,-0.0009280952030159196,1.0,0.008856994470454104,1.0,0.0005528185628910141,1.0,-0.007927974176023164,1.0,1.0181304337746715,0.7185741583654037,2.5446455970229875,True
20261109,ff,0,3.63,5.5,1,0,bounded,0.005,-25,3000,True,0.0001019528337651093,0.0001007187024963072,1.207975036927447,2.422024963072553,2.709422525412271,0.000926349490457466,0.5933408239907644,0.592984317597677,0.006492579326468398,1.0,-0.002161052693016871,0.999996248950172,-0.0003124120161976364,1.0,0.002765669089205044,1.0,-0.0006929292959322232,1.0,-0.006961341284307345,1.0,1.0122532482867057,0.7187024963071886,1.9528337651092853,True
20261110,ff,0,3.63,5.5,1,0,bounded,0.005,-25,3000,True,0.0001019405664419164,0.0001007187010104459,1.207989895541246,2.422010104458753,2.709431635900251,0.0009262820147862781,0.5933936557940301,0.5929987738114059,0.008115435098193404,1.0,-0.0006770657944046876,0.9976041297126331,-0.0002594920453719213,1.0,-0.00272559863177441,1.0,-0.0006784689401351559,1.0,0.006366937891263661,1.0,1.012131465350648,0.7187010104459102,1.9405664419164026,True
20261111,ff,0,3.63,5.5,1,0,bounded,0.005,-25,3000,True,0.0001024005753601625,0.000100718476648282,1.210233517179676,2.419766482820324,2.709090701890906,0.0009288112494019935,0.5941229974770482,0.5951778328792345,0.01397126174873401,1.0,-0.001094446336993312,1.002874278982962,0.0004665434614771704,1.0,-0.004800595092533139,1.0,0.001500436815195981,1.0,0.005890366786624713,1.0,1.0167009943741956,0.718476648281996,2.4005753601624935,True
20261112,ff,0,3.63,5.5,1,0,bounded,0.005,-25,3000,True,0.0001020064282729809,0.0001007187179140259,1.207820859741085,2.422179140258915,2.709382734736711,0.0009266443162170935,0.5930236971789121,0.5928344334134343,-0.002225736568382795,1.0,0.002072975896428024,0.9981278127440579,-0.0006299240213397078,1.0,0.01219319268936325,1.0,-0.0008428316404421556,1.0,0.007406896428613284,1.0,1.0127852139664266,0.7187179140258904,2.006428272980898,True
20261113,ff,0,3.63,5.5,1,0,bounded,0.005,-25,3000,True,0.0001025698656389534,0.0001007184619542755,1.210380457244432,2.419619542755568,2.70896559238665,0.0009297422925960369,0.5937357117147414,0.5953203149894878,-0.001881733354376886,1.0,0.0008955409451817367,1.002230400744412,7.804098273834512e-05,1.0,-0.01073846680640208,1.0,0.001642862017077618,1.0,-0.01000973829260945,1.0,1.0183819693902634,0.7184619542754955,2.5698656389533836,True
20261114,ff,0,3.63,5.5,1,0,bounded,0.005,-25,3000,True,0.0001027566576944122,0.0001007185633396439,1.209366603560922,2.420633396439078,2.708827771852656,0.0009307700169300626,0.5921715898543238,0.594335032872648,0.01160156566756635,1.0,0.002157069836970772,1.001977628038466,-0.001487423374655915,1.0,-0.001333097270832661,1.0,0.0006575162645009896,1.0,-0.002368945159149474,1.0,1.0202355383872526,0.7185633396439073,2.756657694412201,True
20261115,ff,0,3.63,5.5,1,0,bounded,0.005,-25,3000,True,0.000102542958348602,0.000100718471989563,1.210280104369916,2.419719895630084,2.708985464634285,0.000929594338927133,0.5937227733027043,0.5952228646515593,-0.004189472251375748,1.0,-0.001452211037381758,1.000694853737887,6.529595793390171e-05,1.0,-0.01224081610295307,1.0,0.001545420669022183,1.0,-0.005270455491160684,1.0,1.018114714441141,0.7184719895629854,2.542958348601987,True
20261116,ff,0,3.63,5.5,1,0,bounded,0.005,-25,3000,True,0.000102303838871352,0.00010071861056203,1.20889437969958,2.42110562030042,2.709162279045888,0.0009282796848205173,0.5931305402937077,0.5938769684975819,0.002206961016567009,1.0,0.005697790013961994,0.9993853718382651,-0.0005252184546704323,1.0,-0.001617310629460022,1.0,0.0001996040516386911,1.0,0.0005993760402575114,1.0,1.015739179685622,0.7186105620299976,2.303838871351993,True
20261117,ff,0,3.63,5.5,1,0,bounded,0.005,-25,3000,True,0.0001012654130619577,0.000100718673751648,1.208262483519818,2.421737516480182,2.709934631130911,0.0009225685722471699,0.5957776084001489,0.5932646993389549,0.01258603125785148,1.0,0.001247307537124173,0.9976340072857676,0.002129313033407398,1.0,-0.001598483913253069,1.0,-0.0004123158376265685,1.0,-0.002837348221406004,1.0,1.005428380755468,0.7186737516480024,1.2654130619576875,True
20261118,ff,0,3.63,5.5,1,0,bounded,0.005,-25,3000,True,0.0001023353910278307,0.0001007186382355426,1.208617644574073,2.421382355425926,2.709138926076956,0.0009284533221359946,0.5927641428924563,0.593608051532243,-0.009910938897586733,1.0,0.005747941659441574,1.003409959293348,-0.0008918426253369873,1.0,0.004138096666863193,1.0,-6.932373844484485e-05,1.0,0.001643168012663537,1.0,1.0160521708852648,0.7186382355425902,2.335391027830691,True
20261119,ff,0,3.63,5.5,1,0,bounded,0.005,-25,3000,True,0.0001020713383966747,0.0001007187153503384,1.207846496615582,2.422153503384418,2.709334569000992,0.00092700131259115,0.5928450849582576,0.5928592382120524,-0.001440814214922481,1.0,0.005396427408549625,1.003039106687831,-0.00080900276332747,1.0,0.01347190551866058,1.0,-0.0008180486839728354,1.0,-0.006015533329671047,1.0,1.01342970908268,0.7187153503384058,2.0713383966747045,True
20261120,ff,0,3.63,5.5,1,0,bounded,0.005,-25,3000,True,0.0001019456587127348,0.0001007186451138377,1.208548861622551,2.421451138377449,2.709427853934657,0.0009263098193711778,0.5939183459788258,0.593541848378059,-0.004099629574395964,1.0,0.003631696215051082,0.9981326676005817,0.0002651615377753175,1.0,-0.003677026620998875,1.0,-0.0001353956872990448,1.0,-0.0009909890722725873,1.0,1.0121825864268752,0.7186451138377015,1.945658712734799,True
20261121,ff,0,3.63,5.5,1,0,bounded,0.005,-25,3000,True,0.0001023188691521409,0.0001007187010631341,1.207989368658502,2.422010631341498,2.709151153717434,0.0009283626798841367,0.5922081756149031,0.5929976557672084,-0.02306949569971921,1.0,0.006869240240560194,1.001321686959466,-0.001447691154589963,1.0,0.002136068461664597,1.0,-0.0006797143900237408,1.0,0.0009497842590618087,1.0,1.015887497278224,0.7187010631340973,2.318869152140901,True
20261122,ff,0,3.63,5.5,1,0,bounded,0.005,-25,3000,True,0.000101587345188781,0.0001007187127587138,1.207872412862021,2.422127587137979,2.709694399888452,0.0009243393405406453,0.5943884062929461,0.5928851939654987,0.005454299295817802,1.0,0.007746509248123297,1.001605071934657,0.0007377971280075994,1.0,-0.002092526366648243,1.0,-0.0007919299118732916,1.0,-0.004871924467046413,1.0,1.0086243400682466,0.718712758713802,1.5873451887810086,True
20261123,ff,0,3.63,5.5,1,0,bounded,0.005,-25,3000,True,0.0001027782000874904,0.0001007185093953628,1.209906046371886,2.420093953628114,2.708811892280778,0.0009308883042740759,0.5926260189450635,0.594859084665525,-0.003320250314035729,1.0,-0.003931516988497438,0.9995901245803046,-0.001033149114470615,1.0,0.005477803471479387,1.0,0.001181561189455756,1.0,-0.001257524262261068,1.0,1.0204499719514557,0.7185093953627986,2.77820008749039,True
20261124,ff,0,3.63,5.5,1,0,bounded,0.005,-25,3000,True,0.0001018212579310056,0.0001007186163924892,1.208836075108038,2.421163924891962,2.709520295299756,0.0009256255108132675,0.5945862918643733,0.5938210952290097,0.0007326430161057507,1.0,0.004099107583867386,0.9993671817823232,0.0009340015150676302,1.0,-0.003004937944672088,1.0,0.000143893265660136,1.0,0.004126315548289752,1.0,1.0109477431085783,0.7186163924891797,1.8212579310056043,True
20261125,ff,0,3.63,5.5,1,0,bounded,0.005,-25,3000,True,0.0001023682049974522,0.000100718667867297,1.208321327029548,2.421678672970452,2.709114646312138,0.0009286339065322042,0.5923748718735911,0.5933201036712559,0.008490423301348606,1.0,-0.00434317579516169,0.9965239866286983,-0.001281349482316727,1.0,0.0075257832232352,1.0,-0.0003572828632726832,1.0,-0.003111784870854518,1.0,1.0163776702480674,0.7186678672969959,2.3682049974522057,True
20261126,ff,0,3.63,5.5,1,0,bounded,0.005,-25,3000,True,0.0001012186154818356,0.0001007188266094091,1.206733905909253,2.423266094090747,2.709969611587893,0.0009223117404301771,0.5944461772898766,0.5917795875944198,0.001401663699594954,1.0,0.001453780574041678,0.9971853918904727,0.0007982182755526815,1.0,0.007182007180695489,1.0,-0.001897412918514837,1.0,-0.005417411471077887,1.0,1.0049622189738636,0.7188266094090956,1.2186154818355943,True
20261127,ff,0,3.63,5.5,1,0,bounded,0.005,-25,3000,True,0.0001028378769924903,0.0001007185047215943,1.209952784057338,2.420047215942662,2.708767918763541,0.0009312165102859534,0.5924848961100508,0.594904395721402,-0.006474297442766515,1.0,-0.003544557482677358,0.998270175653827,-0.00117470085565113,1.0,-0.009850189666867615,1.0,0.00122685218079974,1.0,-0.00166996403334423,1.0,1.0210425311292533,0.718504721594293,2.837876992490296,True
20261128,ff,0,3.63,5.5,1,0,bounded,0.005,-25,3000,True,0.0001019013610916791,0.0001007187210896875,1.207789103125158,2.422210896874842,2.709460759124088,0.0009260664582476587,0.593322367000713,0.5928037469943915,-0.01121500748800329,1.0,0.001570603166430103,1.000344930369877,-0.0003304990612775375,1.0,0.008668842837113007,1.0,-0.0008734826975408804,1.0,-0.004614078425011992,1.0,1.0117420077339792,0.7187210896874907,1.901361091679088,True
20261129,ff,0,3.63,5.5,1,0,bounded,0.005,-25,3000,True,0.0001015752336139269,0.0001007187519740284,1.207480259716264,2.422519740283736,2.709703424885893,0.0009242728692302144,0.594047115969767,0.5925041946910561,0.01074777437278929,1.0,-0.002733996678548789,0.9993557899007944,0.0003965938551312112,1.0,-0.005711944254133314,1.0,-0.001172925388791891,1.0,0.00312133711043795,1.0,1.0085036959167182,0.7187519740283976,1.5752336139268852,True
20261130,ff,0,3.63,5.5,1,0,bounded,0.005,-25,3000,True,0.0001019591375012734,0.0001007186510826564,1.2084891734361,2.4215108265639,2.709417844257775,0.0009263839743748154,0.5938183561930543,0.5934838352286028,0.001361138196222209,1.0,0.001444916579008643,1.001262967226704,0.0001650748776160604,1.0,0.0006584676946366461,1.0,-0.0001934134190171808,1.0,0.01250689165491269,1.0,1.0123163525849743,0.7186510826563852,1.9591375012734114,True
20261131,ff,0,3.63,5.5,1,0,bounded,0.005,-25,3000,True,0.0001020562339405001,0.0001007186609138335,1.20839086166509,2.42160913833491,2.709345774520773,0.0009269180404776547,0.5934189417338497,0.5933881621129579,-0.006311616661348256,1.0,-0.004333228457335871,0.9974403677094612,-0.0002350374316496921,1.0,0.004923640164064116,1.0,-0.0002891193054945095,1.0,-0.002699684859835164,1.0,1.0132802900130982,0.7186609138335021,2.0562339405000962,True
20261132,ff,0,3.63,5.5,1,0,bounded,0.005,-25,3000,True,0.000101526054819539,0.000100718855955044,1.206440449559865,2.423559550440135,2.70974008101526,0.0009240027633120762,0.5931957558825669,0.5914939586241149,9.675133897458528e-05,1.0,0.002800671536050992,0.9984976995440288,-0.0004544127685435207,1.0,0.0093095159773582,1.0,-0.002183145639385096,1.0,0.0006333103868695287,1.0,1.0080143768199201,0.7188559550439955,1.52605481953898,True
20261133,ff,0,3.63,5.5,1,0,bounded,0.005,-25,3000,True,0.0001020044733618502,0.0001007187440584426,1.207559415573443,2.422440584426556,2.709384185797142,0.0009266336591101188,0.5927769407943323,0.5925804157400285,-0.005569475081550444,1.0,-0.003264879524100288,1.002105186299687,-0.0008766663544313259,1.0,0.009384682454269105,1.0,-0.001096848843079729,1.0,-0.002997803005654773,1.0,1.0127655414632806,0.7187440584426108,2.0044733618501898,True
20261134,ff,0,3.63,5.5,1,0,bounded,0.005,-25,3000,True,0.0001020396812140039,0.000100718693332026,1.20806667973972,2.42193332026028,2.709358056242988,0.0009268271181600486,0.5931572520392724,0.5930732180536814,-0.01332420905828291,1.0,0.001813599705570805,1.001015485520546,-0.0004966081572362393,1.0,0.002734962124528349,1.0,-0.0006040580227327917,1.0,0.004589705980446345,1.0,1.0131156177495588,0.7186933320259881,2.0396812140038856,True
20261135,ff,0,3.63,5.5,1,0,bounded,0.005,-25,3000,True,0.0001026303090592134,0.0001007186299222497,1.208700777502313,2.421299222497687,2.708920969909557,0.0009300753411312085,0.5919223358824246,0.5936883484100569,-0.01150347075124146,1.0,0.002879319761095864,0.9959299043600458,-0.001735769257927882,1.0,0.005584188939358017,1.0,1.087387605733869e-05,1.0,0.009916010855408436,1.0,1.018980392589131,0.7186299222496917,2.630309059213398,True
20261136,ff,0,3.63,5.5,1,0,bounded,0.005,-25,3000,True,0.0001021927934170624,0.0001007185348182036,1.209651817964367,2.420348182035633,2.709244521519539,0.0009276686598718602,0.5942107608925183,0.5946130328139896,-0.00145442596209798,1.0,0.003654646398536775,1.000504219791627,0.0005558002436272983,1.0,-0.01172987937314526,1.0,0.0009357063096939696,1.0,0.004224748552677195,1.0,1.0146374110933982,0.7185348182036089,2.1927934170623997,True
20261137,ff,0,3.63,5.5,1,0,bounded,0.005,-25,3000,True,0.0001028149547304818,0.0001007185261819153,1.209738180846665,2.420261819153334,2.70878480644459,0.0009310905157457854,0.592348914835486,0.5946959401127266,0.00382737861993548,1.0,-0.006266710813761868,0.9966469671897058,-0.001310517383896807,1.0,0.002237320740323058,1.0,0.001018404137883722,1.0,0.000709972205612616,1.0,1.0208147262280227,0.71852618191528,2.814954730481789,True
20261138,ff,0,3.63,5.5,1,0,bounded,0.005,-25,3000,True,0.0001012504298473065,0.0001007187058935248,1.207941064751775,2.422058935248224,2.709945829206907,0.0009224862812414847,0.5955138282570421,0.5929524358927604,-0.007947152075553701,1.0,-0.002875117805549453,1.000762503197756,0.0018656405797188,1.0,-0.004575894104094204,1.0,-0.0007245744683520355,1.0,0.0005984603214958929,1.0,1.0052792969197184,0.718705893524807,1.2504298473065,True
20261139,ff,0,3.63,5.5,1,0,bounded,0.005,-25,3000,True,0.0001024767840634571,0.0001007184896835355,1.21010316464469,2.41989683535531,2.709034358016775,0.0009292304445880335,0.59375856213803,0.5950510716765269,0.003125323125746817,1.0,0.001088606322453052,1.002141815306232,0.0001015603989025306,1.0,-0.00283045105870355,1.0,0.001373649853274321,1.0,-0.005913537352870634,1.0,1.0174575133666748,0.7184896835354948,2.476784063457105,True
20261140,ff,0,3.63,5.5,1,0,bounded,0.005,-25,3000,True,0.0001014727141191845,0.0001007186500014237,1.208499985762744,2.421500014237256,2.709779858013757,0.0009237086418486041,0.5953555714748048,0.5934951196324849,0.00436163007432466,1.0,-0.001380384798117233,1.003505650723439,0.001705786185987074,1.0,-0.005215205043845547,1.0,-0.0001819651888631942,1.0,0.0109656727859653,1.0,1.007486837023234,0.718650001423704,1.472714119184504,True
20261141,ff,0,3.63,5.5,1,0,bounded,0.005,-25,3000,True,0.0001030422819252746,0.000100718461628945,1.210383710550166,2.419616289449834,2.708617481014091,0.0009323405809899815,0.5922638468070269,0.5953227186904247,-0.007167215103926384,1.0,-0.003631261493868549,1.004110021151869,-0.001397219244547971,1.0,-0.002985555117347804,1.0,0.001645106619255586,1.0,0.008652657272187463,1.0,1.023072436361178,0.7184616289449997,3.0422819252745814,True
20261142,ff,0,3.63,5.5,1,0,bounded,0.005,-25,3000,True,0.0001024234935931272,0.0001007185003972967,1.209996027032862,2.420003972967138,2.709073753495626,0.0009289373858920478,0.5938216199292873,0.5949470710450412,0.01170233481270292,1.0,-0.002795598597702023,1.002231120661529,0.0001650011977316563,1.0,0.006238026047253583,1.0,0.001269667092138182,1.0,0.006296713301180736,1.0,1.0169283020408857,0.7185003972966841,2.4234935931271906,True
20261143,ff,0,3.63,5.5,1,0,bounded,0.005,-25,3000,True,0.000101366051289789,0.0001007186317565759,1.208682434240846,2.421317565759154,2.709859456703225,0.0009231219300581228,0.5958673270771854,0.5936725523982035,0.005610918526823944,1.0,-0.003068771801122024,0.999607571899356,0.002218308397787815,1.0,-0.004110077082262977,1.0,-4.496370118326945e-06,1.0,0.002902137679543245,1.0,1.0064280016708114,0.7186317565758937,1.3660512897889943,True
20261144,ff,0,3.63,5.5,1,0,bounded,0.005,-25,3000,True,0.0001025843751041027,0.0001007185330870829,1.20966912917122,2.42033087082878,2.708954878509066,0.0009298223528663699,0.5930024218614084,0.5946292237824479,0.00180031733170661,1.0,0.00249708735708559,0.9982473985543072,-0.0006553531491177329,1.0,0.01353340523411524,1.0,0.00095176541303594,1.0,-0.003996121264444394,1.0,1.0185253096905866,0.7185330870828954,2.5843751041026986,True
20261145,ff,0,3.63,5.5,1,0,bounded,0.005,-25,3000,True,0.0001019991353041032,0.000100718651521941,1.20848478059011,2.42151521940989,2.709388148178058,0.00092660396388483,0.5936887265245343,0.5934795031522319,0.003173602261024385,1.0,-0.00568979708879567,1.001593426158211,3.515773725260439e-05,1.0,0.004163989399781957,1.0,-0.0001977589690733244,1.0,0.0005188092707605584,1.0,1.012713472259736,0.7186515219409939,1.9991353041032056,True
20261146,ff,0,3.63,5.5,1,0,bounded,0.005,-25,3000,True,0.0001025108016040815,0.0001007186364369631,1.208635630368567,2.421364369631433,2.709009220218291,0.0009294180737764646,0.5922328691463767,0.5936252449301755,-0.002731866331081299,1.0,3.89292329292248e-05,0.9973978443282552,-0.001424377075557574,1.0,-0.005738742449884928,1.0,-5.218940269202257e-05,1.0,0.009637441849183775,1.0,1.0177937790911225,0.7186364369631049,2.510801604081503,True
20261147,ff,0,3.63,5.5,1,0,bounded,0.005,-25,3000,True,0.0001017697173284287,0.0001007186340691532,1.208659308468242,2.421340691531758,2.709558625634318,0.0009253421016650262,0.5945770266865883,0.5936494373101228,0.004424983657527275,1.0,-0.000232778050399004,0.9994458440275695,0.0009251067708963692,1.0,-0.0002906151596625455,1.0,-2.7747422156522e-05,1.0,0.001931594915707497,1.0,1.0104358371118678,0.7186340691532012,1.7697173284286993,True
20261148,ff,0,3.63,5.5,1,0,bounded,0.005,-25,3000,True,0.0001031275619746435,0.0001007185429421378,1.209570578621757,2.420429421378242,2.70855479889735,0.0009328099164282165,0.5912115893750296,0.5945326083301931,-0.004882708522667359,1.0,0.0002574007471597208,1.001341002374202,-0.002450089590512341,1.0,0.008230781456968931,1.0,0.000854966954740032,1.0,0.006376941883653666,1.0,1.0239183268754162,0.7185429421378009,3.1275619746435,True
20261149,ff,0,3.63,5.5,1,0,bounded,0.005,-25,3000,True,0.000101659939613457,0.0001007186433824313,1.208566175686864,2.421433824313136,2.709640326837953,0.0009247383580400623,0.5948315104102451,0.5935591280635931,0.008433900544306016,1.0,-0.005436438347489803,0.9985579356902532,0.001180379490398469,1.0,0.004905931562205736,1.0,-0.0001180197643999182,1.0,0.01080741029929417,1.0,1.0093457993417523,0.7186433824312832,1.6599396134569844,True
20261150,ff,0,3.63,5.5,1,0,bounded,0.005,-25,3000,True,0.0001016237066262509,0.0001007186970718569,1.208029281430653,2.421970718569347,2.709667311019882,0.0009245392715030327,0.5944259543868736,0.5930375486435191,0.004095270360917274,1.0,0.005049150266172669,0.9993916034994728,0.0007750838836923451,1.0,-0.006981449609665171,1.0,-0.0006395873671458785,1.0,0.01088702306327136,1.0,1.0089855168971094,0.7186970718568997,1.6237066262509092,True
20261151,ff,0,3.63,5.5,1,0,bounded,0.005,-25,3000,True,0.0001018882264769144,0.0001007187631708336,1.207368291664143,2.422631708335857,2.709470518352106,0.0009259943706211066,0.5929565169661879,0.592394903167845,-0.001792169407239594,1.0,0.00416060149069517,1.000902442911875,-0.0006962546928462847,1.0,0.005251138385808234,1.0,-0.001282322402606061,1.0,-0.0005518758797285559,1.0,1.0116111762025635,0.7187631708335918,1.8882264769144008,True
20261152,ff,0,3.63,5.5,1,0,bounded,0.005,-25,3000,True,0.0001014366791247828,0.0001007187072148446,1.207927851553877,2.422072148446123,2.709806740917846,0.0009235106570640389,0.5949153983976505,0.5929392995324339,0.003417543335259781,1.0,-0.001148742318526425,0.9976505060726908,0.001265872103104205,1.0,-0.003585559886952389,1.0,-0.0007377735635629743,1.0,-0.01882900564780707,1.0,1.0071284861550762,0.7187072148445939,1.4366791247828026,True
20261153,ff,0,3.63,5.5,1,0,bounded,0.005,-25,3000,True,0.0001021888852932289,0.0001007185370835103,1.209629164896498,2.420370835103502,2.709247417471673,0.000927647173413548,0.5942010899703356,0.5945910308961527,-0.008299810334167034,1.0,0.001378876468111368,0.9989861846001532,0.000546157409922962,1.0,0.007898901266749102,1.0,0.0009137056918053576,1.0,0.002548411212068492,1.0,1.014598585844227,0.7185370835102844,2.1888852932288927,True
20261154,ff,0,3.63,5.5,1,0,bounded,0.005,-25,3000,True,0.0001022633429907299,0.0001007186740219605,1.20825978039471,2.42174021960529,2.709192261453592,0.000928057187836415,0.5926435113658304,0.5932604740155911,-0.006904863467862605,1.0,0.0002354453086195363,0.9962704060036766,-0.001011956328905198,1.0,-0.008888451878517634,1.0,-0.0004168772474620386,1.0,-0.01493716584512858,1.0,1.0153364704586223,0.7186740219604859,2.2633429907298996,True
20261155,ff,0,3.63,5.5,1,0,bounded,0.005,-25,3000,True,0.0001023102941645764,0.0001007186289043489,1.208710956511278,2.421289043488722,2.709157500687788,0.000928315255515769,0.5929329326272471,0.5936987507665302,-0.007065832556204137,1.0,-0.00107596402694447,0.9996874242794288,-0.000722872515596703,1.0,7.505705058867566e-05,1.0,2.138401496017376e-05,1.0,-0.004011581933004271,1.0,1.0158030870509476,0.7186289043488836,2.3102941645763986,True
20261156,ff,0,3.63,5.5,1,0,bounded,0.005,-25,3000,True,0.0001019236984291699,0.0001007186347520585,1.20865247941438,2.421347520585619,2.709444164820391,0.0009261890001984884,0.5940874222974379,0.5936425556852282,0.0007201263243565506,1.0,0.004556265108749724,1.003216953885284,0.0004343956887497264,1.0,0.0003340822907655859,1.0,-3.468090996255191e-05,1.0,0.0114847114259277,1.0,1.0119646546051577,0.718634752058489,1.9236984291699066,True
20261157,ff,0,3.63,5.5,1,0,bounded,0.005,-25,3000,True,0.0001024878804009771,0.00010071858749936,1.209125006400218,2.420874993599782,2.709026157348102,0.0009292918295159886,0.5927778459728976,0.5941007404320745,0.01226486726935809,1.0,-0.001891480200380716,0.9988851031469974,-0.0008792355129670959,1.0,-0.009594740684671357,1.0,0.000423314169801746,1.0,0.004491328092077604,1.0,1.017566696927996,0.7185874993600017,2.487880400977094,True
20261158,ff,0,3.63,5.5,1,0,bounded,0.005,-25,3000,True,0.0001021480175082861,0.0001007185872001621,1.209127998379161,2.420872001620839,2.709277707026884,0.0009274225825200739,0.5938443645370455,0.5941041918584778,0.007821736520450373,1.0,0.002483972214629853,1.002970539880982,0.0001897257029466455,1.0,-0.01402153337164576,1.0,0.0004268800579540604,1.0,-0.007418208286244152,1.0,1.0141923188942596,0.7185872001620908,2.148017508286104,True
20261159,ff,0,3.63,5.5,1,0,bounded,0.005,-25,3000,True,0.000102490400114446,0.0001007185214765626,1.209785234373812,2.420214765626188,2.709024295287362,0.000929305448277178,0.5934085033616128,0.5947421739657397,-0.01184052664241637,1.0,-0.00897464174459353,1.002758685900871,-0.0002485962367857885,1.0,0.007329552901817169,1.0,0.001064747328743789,1.0,0.003983403074301705,1.0,1.0175923813406627,0.7185214765625947,2.4904001144459897,True
20261160,ff,0,3.63,5.5,1,0,bounded,0.005,-25,3000,True,0.0001029195534718479,0.0001007186309436577,1.208690563423149,2.421309436576851,2.708707773181509,0.0009316661891083995,0.5910092710520181,0.5936779612474347,0.006221682490801683,1.0,0.001227985603543954,1.00007553098903,-0.002650912927515223,1.0,-0.004493164819449992,1.0,3.892938527210024e-07,1.0,0.00409440019274378,1.0,1.0218521886920942,0.7186309436576943,2.919553471847891,True
20261161,ff,0,3.63,5.5,1,0,bounded,0.005,-25,3000,True,0.000102419049118792,0.0001007185400055318,1.209599944681784,2.420400055318217,2.709077039978244,0.0009289130850611919,0.5934524552425642,0.5945622737090811,-0.01374336703250501,1.0,-0.002405335848688811,0.9976504647459475,-0.0002041315440667507,1.0,-0.0005818038985013367,1.0,0.0008848709688291392,1.0,0.005389392940558291,1.0,1.0168837744586727,0.7185400055317981,2.4190491187919827,True
20261162,ff,0,3.63,5.5,1,0,bounded,0.005,-25,3000,True,0.0001019405919432064,0.0001007185812798101,1.209187201898582,2.420812798101418,2.709431616960301,0.0009262817204211732,0.5945516480212251,0.5941620434291238,0.01494549218010566,1.0,-0.002969930192292137,1.002972040445884,0.0008984999931629822,1.0,0.001196700109156753,1.0,0.0004848015282055791,1.0,0.006821173999467426,1.0,1.0121329217297192,0.7185812798101043,1.9405919432063934,True
20261163,ff,0,3.63,5.5,1,0,bounded,0.005,-25,3000,True,0.0001015477367283229,0.0001007187727037728,1.207272962271686,2.422727037728313,2.709723918048158,0.0009241217116082575,0.5939329624973745,0.5923028247991344,-0.003150292772320198,1.0,-0.004024961575440543,0.997611492649792,0.0002826380098349845,1.0,0.006862359308333978,1.0,-0.001374286168991597,1.0,0.0006301181088386418,1.0,1.0082304817890126,0.7187727037727853,1.5477367283228904,True
20261164,ff,0,3.63,5.5,1,0,bounded,0.005,-25,3000,True,0.0001018747591734997,0.00010071861827757,1.208817224300045,2.421182775699954,2.70948052599155,0.0009259197744899093,0.5944002392321446,0.5938026947720842,-0.01262263905710866,1.0,0.003052113696770588,1.001958216186764,0.0007475643587764955,1.0,0.00461962269302608,1.0,0.000125474777011171,1.0,0.002537080173510086,1.0,1.0114789193468032,0.7186182775700045,1.874759173499685,True
20261165,ff,0,3.63,5.5,1,0,bounded,0.005,-25,3000,True,0.0001025678008432234,0.0001007185133278022,1.209866721977519,2.420133278022481,2.708967117159241,0.000929731122705457,0.5932453251962857,0.5948212172216237,-0.007035335629441817,1.0,-0.008298238674912256,1.000157263535262,-0.00041233069341844,1.0,0.002021875381393003,1.0,0.001143764575944642,1.0,0.002411239677331915,1.0,1.0183609492864776,0.7185133278021949,2.567800843223389,True
20261166,ff,0,3.63,5.5,1,0,bounded,0.005,-25,3000,True,0.0001015062902096436,0.000100718802561714,1.206974382859993,2.423025617140007,2.709754817521229,0.0009238938641402734,0.5937743442851834,0.5920127831574424,-0.000595672768934632,1.0,0.008885341725503251,1.002735274032919,0.00012431768433026,1.0,-0.0127358373663782,1.0,-0.001664314066529527,1.0,-0.003334840272774884,1.0,1.0078186756385141,0.7188025617139937,1.5062902096435904,True
20261167,ff,0,3.63,5.5,1,0,bounded,0.005,-25,3000,True,0.0001026415851286249,0.0001007184821153553,1.21017884644732,2.419821153552681,2.708912648040261,0.0009301368229740054,0.5933165879120366,0.59512433354982,-0.01497480886447858,1.0,-2.026269781644064e-05,1.003375765416478,-0.0003415982776892668,1.0,0.0006083819513796392,1.0,0.001446856278969018,1.0,-0.009615060430042633,1.0,1.0190938442764361,0.7184821153553012,2.6415851286248904,True
20261168,ff,0,3.63,5.5,1,0,bounded,0.005,-25,3000,True,0.0001022367087270464,0.0001007185247317126,1.209752682873657,2.420247317126343,2.709211987010106,0.00092791015746256,0.594170806022892,0.5947109557471055,-0.002683131917634688,1.0,0.000474481931436896,0.9980962063817962,0.0005155297465193415,1.0,-0.004380140968778245,1.0,0.00103361452532266,1.0,-0.002024363426653921,1.0,1.0150735328915692,0.7185247317125887,2.2367087270463992,True
20261169,ff,0,3.63,5.5,1,0,bounded,0.005,-25,3000,True,0.0001017781294768288,0.0001007186874044824,1.208125955175585,2.421874044824415,2.709552368350406,0.0009253885620886288,0.5940347421098385,0.5931312286078119,0.0005733219041888315,1.0,-9.364485505592628e-05,1.001569210827139,0.0003827617367075651,1.0,-0.001574820588983615,1.0,-0.0005459593402657039,1.0,-0.0001431655604942218,1.0,1.0105188232655546,0.7186874044823988,1.7781294768287825,True
20261170,ff,0,3.63,5.5,1,0,bounded,0.005,-25,3000,True,0.0001015658816701031,0.0001007187868338491,1.207131661509147,2.422868338490852,2.709710394218023,0.0009242215600803928,0.5937392853141193,0.5921655043722754,0.02092658193812475,1.0,0.003782216967164799,0.997933500200806,8.88304155225733e-05,1.0,0.001641079200277605,1.0,-0.001511612808192486,1.0,0.01813170876452518,1.0,1.0084104948330188,0.7187868338490944,1.5658816701030975,True
20261171,ff,0,3.63,5.5,1,0,bounded,0.005,-25,3000,True,0.0001014923151035223,0.0001007187220240111,1.207779759888916,2.422220240111084,2.709765238985135,0.0009238167087042034,0.5945973095350949,0.592795324526089,-0.0101033901121408,1.0,-0.006371433775833327,0.995506521122997,0.0009473833728303834,1.0,-0.01352769255367586,1.0,-0.0008817674133260044,1.0,0.006543499541701091,1.0,1.0076807277134312,0.718722024011087,1.4923151035223015,True
20261172,ff,0,3.63,5.5,1,0,bounded,0.005,-25,3000,True,0.0001019957703649493,0.0001007186799375869,1.20820062413085,2.42179937586915,2.70939064603437,0.0009265855598685881,0.5934244277465675,0.5932034273533333,0.006090073555108664,1.0,0.002415427186164012,0.9987103642547523,-0.0002291168549804611,1.0,0.003101897089084121,1.0,-0.0004738338386483943,1.0,-0.006977980444198677,1.0,1.0126797772583376,0.7186799375868969,1.9957703649492897,True
20261173,ff,0,3.63,5.5,1,0,bounded,0.005,-25,3000,True,0.0001014546796844034,0.0001007187518173831,1.207481826168489,2.422518173831511,2.709793310988067,0.0009236098220491867,0.5944273798839516,0.592505909865817,0.0002936939818436183,1.0,0.003719126244532046,0.9996343008504428,0.0007777242172930146,1.0,-0.006846334416140873,1.0,-0.001171169612514257,1.0,0.00356977093970449,1.0,1.0073067611913484,0.7187518173831009,1.4546796844034038,True
20261174,ff,0,3.63,5.5,1,0,bounded,0.005,-25,3000,True,0.0001021344264262485,0.0001007186851475232,1.20814852476778,2.42185147523222,2.709287782693275,0.0009273481871178292,0.5929395787411756,0.593152586068557,0.0008322064639053385,1.0,0.002629860653257014,0.9991181362359591,-0.0007149624069744369,1.0,-0.000983735081695437,1.0,-0.0005247218576226717,1.0,0.0005931543060117189,1.0,1.0140563915886278,0.7186851475232015,2.1344264262485035,True
20261175,ff,0,3.63,5.5,1,0,bounded,0.005,-25,3000,True,0.0001021898240889013,0.000100718568659225,1.209313407749686,2.420686592250314,2.709246721806882,0.0009276524514096893,0.5938927575504886,0.5942842590724712,-0.01542072579177113,1.0,-5.251414913284399e-05,1.000481108739415,0.0002378182442002783,1.0,0.006301155391371179,1.0,0.0006069333253873765,1.0,0.009248239352921477,1.0,1.0146075887421933,0.718568659224994,2.189824088901293,True
20261176,ff,0,3.63,5.5,1,0,bounded,0.005,-25,3000,True,0.0001017438185738744,0.0001007187510428934,1.207489571065793,2.422510428934207,2.709577893167153,0.0009252000831298729,0.5935268493143987,0.5925129716022515,-0.001189346564478517,1.0,0.002311665811838845,1.00035983552108,-0.0001248844563333295,1.0,-0.0006285017592368376,1.0,-0.001164205247224273,1.0,0.002255220138228518,1.0,1.010177524248136,0.7187510428933841,1.7438185738744005,True
20261177,ff,0,3.63,5.5,1,0,bounded,0.005,-25,3000,True,0.0001020377897562579,0.0001007187710253303,1.207289746696846,2.422710253303154,2.709359459777037,0.0009268169971693124,0.5924116883294398,0.5923183476167204,0.02483154554915083,1.0,0.002762240355459928,0.999119963524256,-0.001242158269317816,1.0,-0.0007204105110755225,1.0,-0.001358928380332278,1.0,-0.0005553371299768192,1.0,1.013096056648625,0.7187710253302892,2.0377897562578795,True
20261178,ff,0,3.63,5.5,1,0,bounded,0.005,-25,3000,True,0.0001014978012882733,0.0001007188415460363,1.206584539636785,2.423415460363215,2.709761147688321,0.0009238473165854074,0.593423904734347,0.5916340091561867,0.005124743928475538,1.0,-0.01052101395087212,1.001488694114018,-0.0002260608529741072,1.0,0.00570122325354934,1.0,-0.002043085488649169,1.0,0.005179299968448497,1.0,1.0077340022013752,0.7188415460362974,1.4978012882733038,True
20261179,ff,0,3.63,5.5,1,0,bounded,0.005,-25,3000,True,0.0001025184453471244,0.0001007183777970007,1.21122202999248,2.41877797000752,2.709003572823905,0.0009294591755002085,0.5947103454494121,0.5961379756125071,-0.003367931741234153,1.0,0.002575770930632298,1.000155452339554,0.001053044279126329,1.0,-0.008186330374580695,1.0,0.002460540561449569,1.0,0.003243827838541269,1.0,1.017872284974166,0.7183777970006799,2.5184453471243984,True
20261180,ff,0,3.63,5.5,1,0,bounded,0.005,-25,3000,True,0.0001022575368921946,0.0001007186357785025,1.208642214974595,2.421357785025404,2.709196561089927,0.000928025115470565,0.5930315788603331,0.5936320481450087,0.001338867339305435,1.0,-0.007913298705403018,0.9976295131020868,-0.0006238471066840449,1.0,-0.005853517200929264,1.0,-4.530088823560074e-05,1.0,-0.003555914855747425,1.0,1.0152792092724172,0.7186357785024855,2.2575368921945893,True
20261181,ff,0,3.63,5.5,1,0,bounded,0.005,-25,3000,True,0.0001018612798712387,0.0001007187346280096,1.207653719904205,2.422346280095795,2.709490543783093,0.0009258460606795321,0.5933171146089048,0.5926722721762403,-0.005468721072466419,1.0,0.007561077099933593,1.000200011124651,-0.0003354633808072105,1.0,-0.00217210133939882,1.0,-0.001004944114245475,1.0,0.001572962016240902,1.0,1.0113439197528538,0.7187346280095985,1.8612798712386969,True
20261182,ff,0,3.63,5.5,1,0,bounded,0.005,-25,3000,True,0.0001015065995611036,0.0001007186018510811,1.208981489188309,2.421018510811691,2.709754586847999,0.0009238948369933065,0.5957148393588592,0.5939628779405363,-0.007173493498636383,1.0,0.002532593114417355,0.9952806711150732,0.002064810525580596,1.0,-0.000977592017559606,1.0,0.0002857820527647894,1.0,-0.002788955994037757,1.0,1.0078237554487464,0.7186018510811021,1.5065995611035943,True
20261183,ff,0,3.63,5.5,1,0,bounded,0.005,-25,3000,True,0.0001022769875732604,0.0001007186437670937,1.208562329062409,2.421437670937591,2.709182158018286,0.000928132123215344,0.5928934270497113,0.5935544020878332,-0.003754767835201889,1.0,-0.000928877273028388,0.99925517254985,-0.0007621387123316447,1.0,0.0008238869043662218,1.0,-0.0001229535533590205,1.0,-0.009204004836363449,1.0,1.0154722477178135,0.7186437670936963,2.276987573260403,True
20261184,ff,0,3.63,5.5,1,0,bounded,0.005,-25,3000,True,0.0001021967445876886,0.0001007186120979153,1.208879020846334,2.421120979153666,2.709241593774431,0.0009276906718354903,0.5934509524384513,0.5938622180373477,-0.001404324476472454,1.0,-0.001497680363581506,0.9973399371140548,-0.0002040366047320505,1.0,0.000856629489804158,1.0,0.000184889647784299,1.0,-0.007718587057276492,1.0,1.0146758623752312,0.7186120979153054,2.1967445876885927,True
20261185,ff,0,3.63,5.5,1,0,bounded,0.005,-25,3000,True,0.0001016642269816775,0.0001007187250471908,1.207749528092239,2.42225047190776,2.709637134453832,0.0009247622350082467,0.5940281277003449,0.5927656757183272,0.003735001261025213,1.0,-0.001030843790704203,0.9968459471150027,0.0003769659699468218,1.0,-0.00545412645968158,1.0,-0.0009114741396145552,1.0,-0.0101867169412006,1.0,1.009387548681178,0.7187250471907936,1.6642269816774968,True
20261186,ff,0,3.63,5.5,1,0,bounded,0.005,-25,3000,True,0.0001020802058592434,0.0001007185331401292,1.209668598707392,2.420331401292608,2.709327991230528,0.0009270494222124149,0.5945796597096941,0.594629516238261,-0.0061408731386074,1.0,-0.004091824230466609,0.9982838294170292,0.0009255082478377605,1.0,0.0007975877684564554,1.0,0.000952227663448354,1.0,0.003625797622688489,1.0,1.0135195844961296,0.7185331401291961,2.0802058592434003,True
20261187,ff,0,3.63,5.5,1,0,bounded,0.005,-25,3000,True,0.0001028172896666906,0.0001007184087800771,1.210912199228804,2.419087800771196,2.708783086049915,0.0009311029317262921,0.5934769973278082,0.595836502908287,0.0002426209210755095,1.0,0.003916201606338902,1.002923465362577,-0.0001824516783260098,1.0,-0.004248592018783465,1.0,0.002158966989603388,1.0,-0.008700333854062643,1.0,1.0208390989495923,0.7184087800770955,2.817289666690592,True
20261188,ff,0,3.63,5.5,1,0,bounded,0.005,-25,3000,True,0.0001027722743290287,0.0001007184978956309,1.210021043690901,2.419978956309099,2.708816260033344,0.0009308556708584601,0.592755737077143,0.5949708163708227,0.005398288658657604,1.0,-0.005154231908287911,0.9978645343764028,-0.0009033883936666104,1.0,0.006859562227724323,1.0,0.001293294972940292,1.0,-0.00499365312409122,1.0,1.0203912536059268,0.7184978956308985,2.77227432902869,True
20261189,ff,0,3.63,5.5,1,0,bounded,0.005,-25,3000,True,0.0001018636134156719,0.0001007187599742249,1.207400257750852,2.422599742249147,2.709488809408847,0.0009258589871807118,0.5930646277688967,0.5924260014185566,0.008657499593643349,1.0,0.004847877722419295,0.9972487817457888,-0.0005879669913232607,1.0,0.001285122391281688,1.0,-0.001251215839754567,1.0,-0.0001108351008413005,1.0,1.01136683416019,0.7187599742249029,1.8636134156718942,True
20261190,ff,0,3.63,5.5,1,0,bounded,0.005,-25,3000,True,0.000102254917003835,0.0001007185589575319,1.209410424681131,2.420589575318869,2.709198501291253,0.0009280104272248441,0.5937827805890914,0.5943784108663609,0.002645171756601524,1.0,-0.001458281297067715,0.9982961205135455,0.000127373448218037,1.0,0.01038429586844341,1.0,0.000701063266735424,1.0,-0.0006305401428183768,1.0,1.0152539716831224,0.7185589575319007,2.2549170038349997,True
20261191,ff,0,3.63,5.5,1,0,bounded,0.005,-25,3000,True,0.000102352404997637,0.0001007185750682844,1.209249317155537,2.420750682844463,2.709126336167222,0.000928546669672815,0.593321843756651,0.5942217315799433,0.002954837924563178,1.0,0.0002278088037127044,0.9996615292513615,-0.0003342640462050179,1.0,0.006325435057479514,1.0,0.0005443510325320065,1.0,0.001953054975178706,1.0,1.016221733957663,0.7185750682843883,2.352404997637003,True
20261192,ff,0,3.63,5.5,1,0,bounded,0.005,-25,3000,True,0.0001020756260406568,0.000100718690625426,1.208093745739301,2.421906254260699,2.709331388414896,0.0009270248048817052,0.5930708001408108,0.5930994575219786,0.009019017648729682,1.0,-0.005717860657033665,1.00106200086425,-0.000583318397971019,1.0,0.002908172768439572,1.0,-0.0005778306406384253,1.0,-0.01000714041447336,1.0,1.0134725283540198,0.7186906254259995,2.0756260406568083,True
20261193,ff,0,3.63,5.5,1,0,bounded,0.005,-25,3000,True,0.0001018079845626279,0.0001007186981398662,1.208018601337672,2.421981398662328,2.709530164867314,0.0009255528040299397,0.5938372319562727,0.5930268766500042,0.006142592947775367,1.0,-6.843444964503566e-05,0.999965615262949,0.0001850370090313138,1.0,0.006840668044418979,1.0,-0.0006503214297763582,1.0,0.00199823146017465,1.0,1.0108151360460302,0.7186981398661807,1.8079845626278956,True
20261194,ff,0,3.63,5.5,1,0,bounded,0.005,-25,3000,True,0.0001021998306723209,0.0001007187032362223,1.207967637776373,2.422032362223627,2.709239307115605,0.0009277079761333299,0.5925597891144841,0.592976732843212,-0.0009165067627454044,1.0,0.003205180189912111,0.9988594232494148,-0.001095222104847198,1.0,-0.006465224411737541,1.0,-0.0007005972397268935,1.0,0.0003299832509444825,1.0,1.0147055848467867,0.7187032362222956,2.1998306723209016,True
20261195,ff,0,3.63,5.5,1,0,bounded,0.005,-25,3000,True,0.0001015213494476424,0.0001007187264621526,1.207735378473586,2.422264621526415,2.709743589100844,0.0009239764137074283,0.5944631564219218,0.5927521568366598,0.0003501353864071146,1.0,-0.00665105871147396,0.9997144907518448,0.0008130215835362644,1.0,0.003101700595622845,1.0,-0.0009249449128767422,1.0,-0.001686374830054997,1.0,1.0079689548675084,0.7187264621525857,1.521349447642395,True
20261196,ff,0,3.63,5.5,1,0,bounded,0.005,-25,3000,True,0.0001010939962451279,0.0001007187262846266,1.207737153734179,2.422262846265821,2.710062836167809,0.0009216259704493159,0.595808887122115,0.5927545664982724,-0.01546102417699907,1.0,0.003449625390831795,1.001170353882996,0.002161823772567335,1.0,0.003552103303837498,1.0,-0.0009223913251465004,1.0,-0.01309708981439453,1.0,1.0037259204354987,0.7187262846265918,1.0939962451278928,True
20261197,ff,0,3.63,5.5,1,0,bounded,0.005,-25,3000,True,0.0001015836350643423,0.0001007186944277655,1.208055722344836,2.421944277655164,2.70969716439864,0.0009243188683146276,0.5945773719418366,0.5930633026744985,-0.007415093971883877,1.0,-0.0005717993100211364,1.0009711860898,0.0009267894415453768,1.0,-0.00866621957566581,1.0,-0.0006138198217844338,1.0,-0.007214638173069781,1.0,1.0085876871368415,0.7186944277654872,1.5836350643422925,True
20261198,ff,0,3.63,5.5,1,0,bounded,0.005,-25,3000,True,0.0001019921984352639,0.0001007186242766433,1.208757233567171,2.42124276643283,2.709393297627649,0.0009265657122061082,0.593973993043748,0.5937442216894363,0.005763028891074442,1.0,0.001493021726783154,1.000513229423837,0.0003204741118377842,1.0,0.000952009430341019,1.0,6.696209985714069e-05,1.0,0.001507768841365714,1.0,1.0126448724629369,0.7186242766432871,1.9921984352639033,True
20261199,ff,0,3.63,5.5,1,0,bounded,0.005,-25,3000,True,0.000101742675189696,0.0001007186596398192,1.208403601807457,2.421596398192543,2.709578743900088,0.0009251934627239454,0.5944145554489355,0.593401042602434,-0.00649297156344532,1.0,-0.001484918619371827,0.99884812864592,0.0007628298918327132,1.0,-0.001280355275686128,1.0,-0.0002761332060168397,1.0,-0.00525202464491932,1.0,1.0101670887354814,0.7186596398191858,1.7426751896959969,True
20261200,ff,0,3.63,5.5,1,0,bounded,0.005,-25,3000,True,0.0001014838936992373,0.0001007186960865728,1.208039134272199,2.421960865727801,2.709771519609735,0.000923770296828069,0.5948746641653926,0.5930473456331492,0.0009544289505240716,1.0,0.003594331713891869,1.001037558327894,0.001224798528488151,1.0,0.01210692211080788,1.0,-0.0006297432839901756,1.0,-0.0005171711117078822,1.0,1.0075973740963324,0.7186960865728009,1.483893699237293,True
20261201,ff,0,3.63,5.5,1,0,bounded,0.005,-25,3000,True,0.0001028956384137896,0.0001007186469117953,1.20853088204686,2.42146911795314,2.708725379336493,0.0009315347142534084,0.5909294660319117,0.5935228577159717,-0.01043853096857434,1.0,0.0006895593654756067,0.9998227708939068,-0.002730546066329201,1.0,-0.004962613229656354,1.0,-0.0001547062980010029,1.0,0.007452089645561427,1.0,1.0216145824903784,0.7186469117952843,2.895638413789592,True
20261202,ff,0,3.63,5.5,1,0,bounded,0.005,-25,3000,True,0.0001015129082577797,0.0001007187123132602,1.207876867397995,2.422123132602005,2.709749882802174,0.0009239299358030568,0.5946265389017937,0.592889641288638,-0.01073082564697453,1.0,0.007901080363967075,0.997171580477871,0.0009764647314833063,1.0,-0.008255921290210301,1.0,-0.0007874575164858407,1.0,0.0001434812755315426,1.0,1.0078852869171853,0.7187123132601947,1.5129082577796993,True
20261203,ff,0,3.63,5.5,1,0,bounded,0.005,-25,3000,True,0.0001021165059680822,0.0001007186210577634,1.208789422365871,2.421210577634128,2.709301069827851,0.0009272493919518485,0.593615600507798,0.5937752960303619,0.004455202031808304,1.0,-0.002478733772151129,1.003016610794004,-3.881184564340239e-05,1.0,0.009854911353837273,1.0,9.79945993826524e-05,1.0,0.003022380880125292,1.0,1.0138791108897043,0.7186210577633911,2.116505968082194,True
20261204,ff,0,3.63,5.5,1,0,bounded,0.005,-25,3000,True,0.0001024433900950843,0.0001007186095516206,1.208904483793894,2.421095516206106,2.709059042585255,0.0009290472128831103,0.5927036992658626,0.5938865616347835,0.000763252167944967,1.0,-0.002850990432583673,0.9954031369941858,-0.0009530624601523775,1.0,-0.0002869744984756556,1.0,0.000209150197800973,1.0,-0.005020186480831006,1.0,1.0171247453786552,0.718609551620597,2.443390095084297,True
20261205,ff,0,3.63,5.5,1,0,bounded,0.005,-25,3000,True,0.000102055631145122,0.0001007185500364269,1.209499635730468,2.420500364269532,2.709346221747734,0.0009269143226180468,0.5944932449260555,0.5944654022331671,0.0001457252789446174,1.0,-0.002146075078202579,0.9986378778821242,0.0008392700879825045,1.0,-0.00502614091340222,1.0,0.0007881218133964638,1.0,-0.003535358480818315,1.0,1.0132754205477692,0.7185500364268904,2.0556311451219944,True
20261206,ff,0,3.63,5.5,1,0,bounded,0.005,-25,3000,True,0.0001017525906052246,0.0001007187619846022,1.207380153977587,2.422619846022413,2.709571366649842,0.0009252483690203772,0.5933934833623452,0.5924066461592141,-0.006008759411133571,1.0,-0.006145722267808427,0.9960687025166708,-0.0002583134543011609,1.0,-0.008595748486616693,1.0,-0.001270533723026838,1.0,-0.003866553393590654,1.0,1.0102645088189273,0.7187619846021898,1.752590605224591,True
20261207,ff,0,3.63,5.5,1,0,bounded,0.005,-25,3000,True,0.0001019232190376745,0.0001007185998121731,1.209001878268649,2.420998121731351,2.709444520922536,0.0009261862367133517,0.5944268726840025,0.5939820195303505,0.003155914161660602,1.0,-0.001964088796031052,1.001635125049943,0.0007738495192245612,1.0,-0.002397825409691637,1.0,0.0003047833473414758,1.0,-0.01560414757201454,1.0,1.0119602459500814,0.7185998121730819,1.923219037674495,True
20261208,ff,0,3.63,5.5,1,0,bounded,0.005,-25,3000,True,0.0001019241640843998,0.0001007187558038526,1.207441961474047,2.422558038525954,2.709443818923397,0.0009261920007203452,0.5929150864582624,0.5924664244197178,0.007736401304545674,1.0,0.007170023311219616,1.00140292145706,-0.0007379434917431708,1.0,-0.004161472697257233,1.0,-0.00121081320102065,1.0,0.00551385391856195,1.0,1.0119680616676272,0.7187558038525887,1.9241640843997931,True
20261209,ff,0,3.63,5.5,1,0,bounded,0.005,-25,3000,True,0.0001023455985722404,0.0001007186026827456,1.208973172543577,2.421026827456423,2.709131372516647,0.000928509334573646,0.5930760623513514,0.5939534535084772,-0.004233502758506359,1.0,0.002191953051533766,0.9963296998926979,-0.0005799965313579635,1.0,0.01583236769315985,1.0,0.0002760750551956131,1.0,-6.836965159307955e-05,1.0,1.0161538767035887,0.7186026827455949,2.3455985722403927,True
20261210,ff,0,3.63,5.5,1,0,bounded,0.005,-25,3000,True,0.0001013632674667324,0.0001007187992673873,1.207007326126616,2.422992673873384,2.709861535217986,0.0009231072270955862,0.5942557214333297,0.5920450210992079,0.0008211072838240684,1.0,0.002520285165311715,1.00253721533279,0.0006067227694717621,1.0,-0.001531063419372918,1.0,-0.001632027933669785,1.0,-0.009828376965527845,1.0,1.0063986882690508,0.7187992673872934,1.3632674667323874,True
20261211,ff,0,3.63,5.5,1,0,bounded,0.005,-25,3000,True,0.000101963712703233,0.0001007185055650422,1.209944349577872,2.420055650422128,2.709414446881907,0.0009264086097567121,0.5952114696196118,0.5948976020685692,-0.008348542814788435,1.0,0.002975476934769621,1.001984695308394,0.00155815541477346,1.0,0.003937960531311574,1.0,0.001220352924415851,1.0,-0.003208430410927335,1.0,1.012363240808678,0.7185055650422045,1.9637127032329893,True
20261212,ff,0,3.63,5.5,1,0,bounded,0.005,-25,3000,True,0.0001023785901351264,0.0001007185225521948,1.209774478051675,2.420225521948325,2.709106963636251,0.0009286904972955544,0.5937478261292902,0.5947319030370859,-0.001440990037698658,1.0,0.008582538480464419,1.001189076853565,9.153012717877803e-05,1.0,0.004510172593423505,1.0,0.001054514047883959,1.0,0.006590334991158822,1.0,1.0164822471663175,0.7185225521948002,2.3785901351264016,True
20261213,ff,0,3.63,5.5,1,0,bounded,0.005,-25,3000,True,0.0001022633451463566,0.0001007185790511813,1.209209488186647,2.420790511813353,2.709192259857299,0.0009280568549485271,0.5935620559133002,0.5941831785188677,0.006910782714540984,1.0,-0.004071397318620443,1.004822241839499,-9.341180118145335e-05,1.0,0.002903864062173908,1.0,0.0005058279365892298,1.0,-0.01570676413659599,1.0,1.0153374492544252,0.7185790511813117,2.263345146356599,True
20261214,ff,0,3.63,5.5,1,0,bounded,0.005,-25,3000,True,0.0001020580660901498,0.0001007186783705899,1.208216294100981,2.421783705899019,2.709344415224296,0.0009269281806688929,0.5932443538680311,0.5932185522864332,-0.00753677108905918,1.0,0.002071404943128233,1.003016874488711,-0.0004096384646857282,1.0,-0.001513602937932008,1.0,-0.0004587298743245931,1.0,-0.003727163242865516,1.0,1.0132983051528106,0.718678370589898,2.0580660901498016,True
20261215,ff,0,3.63,5.5,1,0,bounded,0.005,-25,3000,True,0.00010212626301273,0.0001007183965768109,1.211034231890477,2.418965768109523,2.709293835191551,0.0009273022408316214,0.5957561401875128,0.5959561625791037,-0.0008900982979482738,1.0,-0.007810305482223901,0.9986621966710676,0.002101657698334901,1.0,0.004813735628889731,1.0,0.002278859473091103,1.0,-0.002765918493356887,1.0,1.0139782451247168,0.718396576810898,2.1262630127299786,True
20261216,ff,0,3.63,5.5,1,0,bounded,0.005,-25,3000,True,0.0001014676228170846,0.00010071865795174,1.208420482599704,2.421579517400295,2.709783655697595,0.0009236806685468011,0.5952946689437564,0.593417884349254,-0.00473038858006359,1.0,0.00288040799354703,0.9941872420192855,0.001644920247637507,1.0,-0.007827680078254498,1.0,-0.000259198814463673,1.0,0.006955247851959567,1.0,1.007436207755106,0.7186579517399982,1.4676228170845906,True
20261217,ff,0,3.63,5.5,1,0,bounded,0.005,-25,3000,True,0.0001029522206052907,0.0001007185519000368,1.209480999632093,2.420519000367907,2.708683729950008,0.0009318455714139166,0.591671785698333,0.5944458599974375,-0.01216760587456242,1.0,0.00317835714511021,1.00094846885343,-0.001988633067535161,1.0,0.00934889002335899,1.0,0.0007682776094685053,1.0,-0.0008281655619430943,1.0,1.0221773314162699,0.7185519000368012,2.9522206052906785,True
20261218,ff,0,3.63,5.5,1,0,bounded,0.005,-25,3000,True,0.0001016287931757969,0.0001007186767865295,1.208232134705272,2.421767865294728,2.709663522317754,0.0009245671738896597,0.5946061978419732,0.5932346306299752,0.001784572958193202,1.0,-0.001310754434393467,0.998053798455868,0.0009552907797506295,1.0,0.00918674148398938,1.0,-0.0004425069481658127,1.0,0.004003358029465724,1.0,1.0090362226580516,0.7186767865294819,1.6287931757968943,True
20261219,ff,0,3.63,5.5,1,0,bounded,0.005,-25,3000,True,0.0001020505920702047,0.000100718554493074,1.20945506926022,2.42054493073978,2.709349960443132,0.0009268866238837993,0.5944659315223022,0.5944221122551286,0.004855112127739885,1.0,-0.001210176727215705,1.004058275306671,0.0008119929011994484,1.0,-0.0156318712679719,1.0,0.0007448335004316163,1.0,0.001892316527745636,1.0,1.0132253444644332,0.7185544930739862,2.0505920702047042,True
20261220,ff,0,3.63,5.5,1,0,bounded,0.005,-25,3000,True,0.0001020431831810936,0.0001007187035321968,1.20796467803215,2.42203532196785,2.709355457713257,0.0009268464160055415,0.5930476177038537,0.5929741081647278,0.007729976508575684,1.0,-0.003174112776847101,1.001198378511639,-0.0006062676614875192,1.0,0.009982285345363513,1.0,-0.0007031691643504356,1.0,0.002534969695859851,1.0,1.0131502849267058,0.718703532196785,2.0431831810935996,True
20261221,ff,0,3.63,5.5,1,0,bounded,0.005,-25,3000,True,0.000101546699960176,0.000100718692066679,1.208079333209773,2.421920666790227,2.709724690842646,0.0009241157166711429,0.5947162242882749,0.5930863019703725,0.003395409132061306,1.0,0.00791809363857381,0.9995183668274592,0.001065907248584839,1.0,0.005295635708087843,1.0,-0.0005908080699304596,1.0,0.0008779566989356367,1.0,1.00822099529399,0.7186920666789831,1.5466999601760012,True
20261222,ff,0,3.63,5.5,1,0,bounded,0.005,-25,3000,True,0.0001026815303525713,0.0001007185081889475,1.209918110525201,2.420081889474798,2.708883174859981,0.0009303566163527019,0.59293962225309,0.5948709601395623,0.001398667944136127,1.0,-0.003232856611700956,0.9976537863537144,-0.0007188510275719895,1.0,0.008137236103037711,1.0,0.001193469228723881,1.0,0.006743128009137167,1.0,1.0194901830748047,0.7185081889474976,2.681530352571282,True
20261223,ff,0,3.63,5.5,1,0,bounded,0.005,-25,3000,True,0.0001019844279776532,0.0001007187092754313,1.207907245686384,2.422092754313616,2.709399066263582,0.000926523283234578,0.5931762113591162,0.5929184012243229,0.0009340479962282763,1.0,-0.00188751678758279,1.001097428994352,-0.0004772517212158922,1.0,0.007119036213206244,1.0,-0.0007588563582752177,1.0,0.002689682520402291,1.0,1.0125668677778683,0.7187092754312951,1.9844279776531915,True
20261224,ff,0,3.63,5.5,1,0,bounded,0.005,-25,3000,True,0.0001023556408645359,0.0001007186427897909,1.208572102090562,2.421427897909438,2.709123941927941,0.0009285647127693902,0.592656731072481,0.5935637712682682,-0.001948873732681126,1.0,-0.00606060167878917,1.002081236977351,-0.0009993999840526707,1.0,-0.0102801777351487,1.0,-0.0001136108549005472,1.0,-0.002170095174230108,1.0,1.01625317845239,0.718642789790902,2.3556408645359017,True
20261225,ff,0,3.63,5.5,1,0,bounded,0.005,-25,3000,True,0.0001020647714497063,0.0001007186684102909,1.2083158970911,2.4216841029089,2.70933944062182,0.0009269650239903951,0.5933196823313774,0.5933153142451943,0.006709847690578114,1.0,0.0003175433287797375,0.9997544903648384,-0.000334358194447855,1.0,-0.006762179619244781,1.0,-0.0003619701023690987,1.0,-0.0001042422700355765,1.0,1.01336498050125,0.7186684102908902,2.064771449706293,True
20261226,ff,0,3.63,5.5,1,0,bounded,0.005,-25,3000,True,0.0001022338462821697,0.0001007185855811261,1.209144188738797,2.420855811261203,2.709214107245672,0.0009278946348991932,0.5935912497948566,0.594119784105186,0.007427917589147365,1.0,-0.0003961722238716105,0.9980193320074772,-6.400590589358989e-05,1.0,-0.004168581029920211,1.0,0.0004424434107200331,1.0,-0.0003441348499357565,1.0,1.0150444994069452,0.7185855811260966,2.2338462821696936,True
20261227,ff,0,3.63,5.5,1,0,bounded,0.005,-25,3000,True,0.0001025821369096552,0.0001007185319565244,1.209680434755824,2.420319565244176,2.708956531113328,0.0009298100386931796,0.5930203515705782,0.5946402111039608,-0.003869001106587098,1.0,0.002361431471893729,0.9996747316624948,-0.0006374073537617114,1.0,-0.006580678124262974,1.0,0.0009627534964606902,1.0,0.0004657741942354308,1.0,1.0185030988531012,0.718531956524382,2.5821369096552083,True
20261228,ff,0,3.63,5.5,1,0,bounded,0.005,-25,3000,True,0.0001024299334205363,0.0001007186045834549,1.20895416545044,2.42104583454956,2.709068991777915,0.0009289731831386895,0.5927938388127878,0.5939348518762362,0.001070949355136624,1.0,-0.003581571118802108,1.002528244717418,-0.0008628261981744501,1.0,-0.003327843356201664,1.0,0.0002574450068670372,1.0,-0.001987556219632473,1.0,1.016991188908534,0.718604583454896,2.429933420536301,True
20261229,ff,0,3.63,5.5,1,0,bounded,0.005,-25,3000,True,0.0001023506956885516,0.0001007186488290354,1.2085117096462,2.4214882903538,2.709127600924777,0.0009285375362241958,0.5926137932771255,0.5935051034664754,-0.007033610873905223,1.0,0.000911712411140898,1.002571677465725,-0.00104230223733943,1.0,0.001125885150443569,1.0,-0.0001722770345732241,1.0,-0.003505188215804324,1.0,1.016204018605199,0.7186488290354065,2.350695688551596,True
20261230,ff,0,3.63,5.5,1,0,bounded,0.005,-25,3000,True,0.0001019432208618181,0.0001007186767478096,1.208232521904253,2.421767478095747,2.709429664473936,0.0009262965260224587,0.5936200134024285,0.5932345030068598,-0.0008718962162214399,1.0,-0.001810685198048637,1.000055851296556,-3.315351589430292e-05,1.0,-0.000155352732413335,1.0,-0.0004427404645022088,1.0,0.008378593757262626,1.0,1.0121580639614105,0.7186767478095879,1.9432208618181068,True
20261231,ff,0,3.63,5.5,1,0,bounded,0.005,-25,3000,True,0.0001021337568436192,0.000100718795390067,1.207046099329315,2.422953900670685,2.709288279116633,0.0009273449045937782,0.5918753589010332,0.5920814597102929,-0.002521744007311102,1.0,0.003992483855450786,0.9983922826671138,-0.00177917742976409,1.0,-0.004124568626421218,1.0,-0.00159584878151073,1.0,-0.001378818445718074,1.0,1.0140486336048034,0.7187953900669841,2.1337568436191834,True
20261232,ff,0,3.63,5.5,1,0,bounded,0.005,-25,3000,True,0.0001015227683582137,0.0001007187499210254,1.207500789746375,2.422499210253624,2.709742531217433,0.000923984302871313,0.5942317792665474,0.5925242260430688,-0.005241259914837443,1.0,-0.0005126338245592977,0.9993723264140559,0.0005816342311921532,1.0,0.001370270991264204,1.0,-0.001152876352661984,1.0,0.006979710629886397,1.0,1.007982807946075,0.7187499210254078,1.5227683582136997,True
20261233,ff,0,3.63,5.5,1,0,bounded,0.005,-25,3000,True,0.0001015715091935992,0.0001007187154781739,1.207845218260854,2.422154781739146,2.709706200357237,0.0009242522524384334,0.5944118385258043,0.5928587970708659,0.003416411985126912,1.0,0.001485527043654455,1.000084136727223,0.0007613431777495559,1.0,-0.008042311531574293,1.0,-0.0008183214927409567,1.0,-0.002838575974895626,1.0,1.0084670829187659,0.7187154781739036,1.5715091935991854,True
20261234,ff,0,3.63,5.5,1,0,bounded,0.005,-25,3000,True,0.0001021366101002723,0.0001007185913579733,1.209086420266647,2.420913579733353,2.709286163755474,0.0009273598568687585,0.5938398812200696,0.5940638148288394,-0.005530105714064373,1.0,0.0101133805896682,0.9988417978757852,0.0001853243732507915,1.0,0.01188724944837908,1.0,0.0003865068403210151,1.0,0.002131911140861812,1.0,1.0140790168247995,0.7185913579732972,2.136610100272307,True
20261235,ff,0,3.63,5.5,1,0,bounded,0.005,-25,3000,True,0.0001016781868302079,0.0001007187703737865,1.207296262134743,2.422703737865256,2.709626740788797,0.0009248391787105026,0.5935458608579236,0.5923252544004602,0.009989685752750672,1.0,-0.01047557224468292,1.001210515803512,-0.0001054012028310833,1.0,0.0006855789406399541,1.0,-0.001351900484194152,1.0,0.002340971503629678,1.0,1.0095256966785915,0.7187703737864926,1.6781868302079062,True
20261236,ff,0,3.63,5.5,1,0,bounded,0.005,-25,3000,True,0.000101959903285172,0.000100718737818091,1.207621819089983,2.422378180910017,2.709417275605086,0.0009263885010360805,0.5929770086603595,0.5926411190327323,0.004846398918366876,1.0,0.001089319331888349,1.000011035676388,-0.0006762781550220292,1.0,0.009774387990132832,1.0,-0.001036130495239947,1.0,-0.00811646413994971,1.0,1.012323084005706,0.7187378180909976,1.9599032851719933,True
20261237,ff,0,3.63,5.5,1,0,bounded,0.005,-25,3000,True,0.0001016848328940139,0.0001007188646680433,1.206353319566906,2.423646680433094,2.709621792996525,0.0009248760743499884,0.5926128718049488,0.5914090438628744,-0.0009842550028924507,1.0,-0.001745781325686468,1.0030641814016,-0.001038438018239049,1.0,-0.002430698257635166,1.0,-0.002268113936711622,1.0,-0.007618174641545433,1.0,1.0095907378340128,0.7188646680432953,1.684832894013888,True
20261238,ff,0,3.63,5.5,1,0,bounded,0.005,-25,3000,True,0.0001022505552188573,0.0001007186337298985,1.208662701015037,2.421337298984962,2.709201731585511,0.0009279867088311156,0.5930732490002749,0.5936519629502843,0.002489783310471123,1.0,0.004111894385048871,0.9990725342704556,-0.0005821267883436338,1.0,-0.002096581471765261,1.0,-2.538371696257635e-05,1.0,0.0003750481863398374,1.0,1.0152099113364368,0.718633729898488,2.2505552188573086,True
20261239,ff,0,3.63,5.5,1,0,bounded,0.005,-25,3000,True,0.000102148195958856,0.0001007186054768059,1.208945231940297,2.421054768059703,2.709277574741984,0.0009274236303424069,0.5936670347854476,0.5939266238908747,-0.008877514721136608,1.0,0.006829392280897829,0.99783831161898,1.239466960902322e-05,1.0,-0.0005449744800546116,1.0,0.0002493118991406187,1.0,-0.004484600811619473,1.0,1.0141939066300847,0.7186054768058892,2.148195958856003,True
20261240,ff,0,3.63,5.5,1,0,bounded,0.005,-25,3000,True,0.0001023425038663089,0.0001007185770202933,1.209229797066832,2.420770202933167,2.709133662517915,0.0009284922205361865,0.5933339465606513,0.5942027827390433,0.01165837343981152,1.0,-0.001663079452269459,0.9983502505942594,-0.0003220900810389704,1.0,-0.005850214565091972,1.0,0.0005254055121229794,1.0,0.006748594603110532,1.0,1.0161234093457099,0.7185770202932984,2.342503866308898,True
20261241,ff,0,3.63,5.5,1,0,bounded,0.005,-25,3000,True,0.0001018309220565766,0.0001007187464492956,1.207535507044198,2.422464492955801,2.709513110181642,0.0009256791356099547,0.5932979918772753,0.5925574640139559,0.007227729475957152,1.0,0.004552066517165125,0.9965742508361808,-0.0003543679242034304,1.0,-0.002768010951432437,1.0,-0.001119742137438901,1.0,0.001590206405685154,1.0,1.0110423892918574,0.7187464492955931,1.8309220565766005,True
20261242,ff,0,3.63,5.5,1,0,bounded,0.005,-25,3000,True,0.0001016023694233131,0.0001007187480633087,1.207519366913061,2.422480633086939,2.7096832059036,0.0009244221019861108,0.5939997219149922,0.5925421482950902,0.00577814776614529,1.0,0.002993449267940046,1.00215359832557,0.0003490047692019293,1.0,-0.01216138628723898,1.0,-0.001134980895528413,1.0,-0.01559223978986859,1.0,1.0087731567061275,0.718748063308694,1.602369423313088,True
20261243,ff,0,3.63,5.5,1,0,bounded,0.005,-25,3000,True,0.0001020974767310517,0.0001007186826584825,1.208173415175263,2.421826584824736,2.709315181447893,0.0009271449547588104,0.5930794006383586,0.5931768285086884,0.0008805910442379044,1.0,-0.00320946538507142,0.9992037740519828,-0.0005748749457177516,1.0,-0.003855111176333366,1.0,-0.0005004669556491559,1.0,-0.001305311226451084,1.0,1.0136895562588366,0.7186826584824946,2.097476731051695,True
20261244,ff,0,3.63,5.5,1,0,bounded,0.005,-25,3000,True,0.0001022288604835869,0.000100718824488928,1.206755110720025,2.423244889279975,2.709217800398344,0.0009278680802423695,0.5912960847257878,0.5917985722151414,0.0002341518765262113,1.0,0.001665144719558886,0.997525389367533,-0.002359135130456872,1.0,-0.004365073724849271,1.0,-0.001878768514656382,1.0,-0.0008173761354692305,1.0,1.0149925895414407,0.7188244889279938,2.228860483586903,True
20261245,ff,0,3.63,5.5,1,0,bounded,0.005,-25,3000,True,0.0001014678929199225,0.0001007188371907736,1.206628092263969,2.423371907736031,2.709783454219119,0.0009236828047498929,0.5935600116291948,0.5916763749343592,-0.02482089641449773,1.0,-0.002655077462811233,1.001911538805196,-8.973900014423848e-05,1.0,-0.003664947662702019,1.0,-0.00200070960651102,1.0,0.0008826270797241636,1.0,1.0074370966746777,0.7188371907735913,1.4678929199224866,True
20261246,ff,0,3.63,5.5,1,0,bounded,0.005,-25,3000,True,0.0001021867585546215,0.0001007185598880793,1.209401119206648,2.420598880793352,2.709248993445949,0.0009276355591321382,0.5939871903032147,0.5943694794184784,0.005374297555273361,1.0,0.003884677129437619,0.9968074414154068,0.0003322730290750729,1.0,-0.005713163590397361,1.0,0.0006921547666847601,1.0,0.000983527927342177,1.0,1.0145772404626683,0.7185598880792954,2.186758554621493,True
20261247,ff,0,3.63,5.5,1,0,bounded,0.005,-25,3000,True,0.0001016318196400317,0.0001007186075760855,1.208924239145272,2.421075760854728,2.709661268148293,0.0009245835682092757,0.595266141631744,0.5939070555364983,-0.006570262553902011,1.0,0.003925840316602115,1.0026795015866,0.001615212814553612,1.0,0.00224912660555996,1.0,0.000229917435800906,1.0,-0.01120101571767599,1.0,1.0090669647438912,0.718607576085506,1.6318196400316953,True
20261248,ff,0,3.63,5.5,1,0,bounded,0.005,-25,3000,True,0.0001027100746189529,0.0001007185820433831,1.209179566168805,2.420820433831195,2.708862120308373,0.0009305138779094869,0.5921361918384251,0.594153392024385,-0.001908624783123483,1.0,0.002705236599883075,0.9998182359031872,-0.001522486590643254,1.0,0.003085143891732413,1.0,0.0004758909703715018,1.0,-0.0003421020275296736,1.0,1.0197728416660194,0.718582043383087,2.7100746189528957,True
20261249,ff,0,3.63,5.5,1,0,bounded,0.005,-25,3000,True,0.0001022493952356367,0.0001007186789958837,1.20821004116254,2.42178995883746,2.709202590679094,0.0009279804932388286,0.592639065319597,0.5932121704361927,-0.005836926052755764,1.0,0.003877409979037445,0.9994052242208912,-0.001016302129994073,1.0,-0.007754736994171739,1.0,-0.0004651761652099777,1.0,-0.005655559791813528,1.0,1.0151979380092502,0.7186789958836926,2.2493952356366975,True
20261250,ff,0,3.63,5.5,1,0,bounded,0.005,-25,3000,True,0.0001015420083928813,0.0001007188116037901,1.206883962099162,2.423116037900838,2.709728187972581,0.0009240903469701767,0.5935746673226936,0.5919248699497667,-0.01275534602652034,1.0,-0.007803370315438972,0.9989929339066186,-7.561599228578139e-05,1.0,-0.001072616923011704,1.0,-0.001752239368283939,1.0,0.001758929939773478,1.0,1.0081732178525846,0.7188116037900816,1.5420083928813,True
20261251,ff,0,3.63,5.5,1,0,bounded,0.005,-25,3000,True,0.000101938439900378,0.0001007186828525627,1.208171474372841,2.421828525627159,2.709433215308158,0.0009262702528947003,0.5935759550648514,0.5931751976763528,0.005398865661138365,1.0,0.003459292776840071,0.9998089145933272,-7.717749149845256e-05,1.0,-0.01041643954125193,1.0,-0.0005020442286931389,1.0,-0.005579466350865404,1.0,1.0121105341458927,0.7186828525626909,1.9384399003780084,True
20261252,ff,0,3.63,5.5,1,0,bounded,0.005,-25,3000,True,0.0001026271057203392,0.0001007185560046135,1.209439953865332,2.420560046134668,2.708923334166033,0.0009300574544465334,0.5926472367080443,0.5944065033295176,-0.003760536966050514,1.0,0.001914025770016144,0.9983316177499796,-0.001010845412743972,1.0,-0.01260811548025749,1.0,0.0007290304047710446,1.0,-0.001321060627020255,1.0,1.0189493355686938,0.718556004613502,2.6271057203391956,True
20261253,ff,0,3.63,5.5,1,0,bounded,0.005,-25,3000,True,0.0001024267903188108,0.0001007185878904688,1.209121095311573,2.420878904688427,2.709071315805799,0.0009289558354835484,0.5929651190146977,0.5940970384972543,0.005180380408641138,1.0,-0.002020475314650771,1.000519534546698,-0.0006915234070340617,1.0,-0.00530845621603067,1.0,0.0004196328062091451,1.0,0.004396318551539337,1.0,1.0169601506943253,0.7185878904687915,2.4267903188107898,True
20261254,ff,0,3.63,5.5,1,0,bounded,0.005,-25,3000,True,0.000102808571692064,0.0001007184852701483,1.210147298516677,2.419852701483323,2.708789509690581,0.0009310552605248795,0.5927644996672127,0.5950934167535361,0.006792719170371184,1.0,-0.004338217689319414,0.9965970839131828,-0.0008948866782425927,1.0,0.006427745988005894,1.0,0.001415883221970186,1.0,-0.006649158667443167,1.0,1.020751765838313,0.7184852701483058,2.8085716920640103,True
20261255,ff,0,3.63,5.5,1,0,bounded,0.005,-25,3000,True,0.000101693104313279,0.0001007186299880229,1.208700119770779,2.421299880229221,2.709615635597831,0.0009249207152673533,0.5948569527692882,0.593689211059397,0.002537263270162854,1.0,0.003892609809060035,0.9998964522650308,0.001205583487110381,1.0,0.002833918278310684,1.0,1.205215827652407e-05,1.0,-0.001649567996044685,1.0,1.0096752142614727,0.7186299880229008,1.6931043132790036,True
20261256,ff,0,3.63,5.5,1,0,bounded,0.005,-25,3000,True,0.0001020871327075295,0.0001007186942952692,1.208057047307478,2.421942952692522,2.709322853353646,0.0009270881048711638,0.5929992527102453,0.593063783193777,0.006277466435811428,1.0,-0.004072270693330318,0.9999379591009971,-0.0006549485289114278,1.0,0.01993094286842434,1.0,-0.0006135088704067945,1.0,0.005695345199716441,1.0,1.013586737018736,0.7186942952692066,2.087132707529493,True
20261257,ff,0,3.63,5.5,1,0,bounded,0.005,-25,3000,True,0.0001030167448003976,0.0001007185579021577,1.209420978422894,2.420579021577105,2.708636260591184,0.0009322004762750484,0.591412458094556,0.5943874436218735,-0.009368828042000074,1.0,0.004204038097300908,0.9994705427568292,-0.002248424414352836,1.0,-0.01741890194192659,1.0,0.0007098394602582267,1.0,0.00909582923468254,1.0,1.0228179090935006,0.7185579021577126,3.016744800397597,True
20261258,ff,0,3.63,5.5,1,0,bounded,0.005,-25,3000,True,0.000102593451194311,0.000100718486862898,1.210131371019906,2.419868628980094,2.708948177386915,0.0009298721035687016,0.5934210977370094,0.5950782876523935,0.0005265836049802669,1.0,-0.00538052577202669,0.9996455953303788,-0.0002367425068044899,1.0,0.01259076682461583,1.0,0.001400826558042573,1.0,-0.001727096861179697,1.0,1.018615890585859,0.7184868628979935,2.593451194311003,True
20261259,ff,0,3.63,5.5,1,0,bounded,0.005,-25,3000,True,0.0001025009034806406,0.0001007185829014652,1.209170985347448,2.420829014652552,2.709016533790437,0.0009293634397635089,0.5927815931806137,0.5941453904899939,-0.009082636209062793,1.0,4.175305324642317e-05,0.998303498527602,-0.0008755819043663526,1.0,-0.01614642860972339,1.0,0.0004679598748403951,1.0,0.008109720677412087,1.0,1.0176960450378763,0.7185829014651812,2.500903480640604,True
