seed,library,temperature_c,logic_v,led_supply_v,local_mismatch,global_variation,reference,calibration_error,tc_ppm,line_ppm_v,pwm_on,iout,iref,bias,headroom,led_k,power_w,out_vth,ref_vth,x0_dvth,x0_mulu0,x1_dvth,x1_mulu0,x2_dvth,x2_mulu0,x3_dvth,x3_mulu0,x4_dvth,x4_mulu0,x5_dvth,x5_mulu0,mirror_ratio,reference_error_pct,absolute_error_pct,absolute_current_budget_pass
20261004,typical,0,2.97,4.5,0,0,bounded,-0.005,-25,-3000,True,9.993297834211581e-05,9.963729615557696e-05,1.362038444230464,1.607961555769536,1.710936557303078,0.000745621181861699,0.7232285865281862,0.7232586498526513,-0.0,1.0,-0.0,1.0,0.0,1.0,0.0,1.0,0.0,1.0,-0.0,1.0,1.0029675854117635,-0.36270384442305126,-0.06702165788419201,True
20261004,typical,0,2.97,4.5,0,0,bounded,-0.005,-25,3000,True,9.973554703744204e-05,9.943936406361734e-05,1.361359363826297,1.608640636173703,1.711086075914847,0.0007441448826775265,0.7232271670048015,0.7232571632086152,-0.0,1.0,-0.0,1.0,0.0,1.0,0.0,1.0,0.0,1.0,-0.0,1.0,1.0029785284390518,-0.5606359363826585,-0.26445296255795947,True
20261004,typical,0,2.97,4.5,0,0,bounded,-0.005,25,-3000,True,9.979836627466744e-05,9.9502342449701e-05,1.361575502989982,1.608424497010018,1.711038471707311,0.0007446146150517266,0.7232276186729396,0.7232576362320309,-0.0,1.0,-0.0,1.0,0.0,1.0,0.0,1.0,0.0,1.0,-0.0,1.0,1.0029750437796585,-0.49765755029900216,-0.20163372533256174,True
20261004,typical,0,2.97,4.5,0,0,bounded,-0.005,25,3000,True,9.96009338018259e-05,9.930441040059908e-05,1.360895994009137,1.609104005990863,1.711188179753905,0.0007431383107380774,0.723226199139448,0.7232561495860317,-0.0,1.0,-0.0,1.0,0.0,1.0,0.0,1.0,0.0,1.0,-0.0,1.0,1.0029860043479502,-0.6955895994009254,-0.3990661981741028,True
20261004,typical,0,2.97,4.5,0,0,bounded,0.005,-25,-3000,True,0.0001009300800569993,0.0001006369541398871,1.365458601128435,1.604541398871565,1.710185621264952,0.0007530771237920681,0.7232357556123763,0.7232661581118379,-0.0,1.0,-0.0,1.0,0.0,1.0,0.0,1.0,0.0,1.0,-0.0,1.0,1.0029127065660668,0.6369541398870915,0.9300800569993051,True
20261004,typical,0,2.97,4.5,0,0,bounded,0.005,-25,3000,True,0.0001007326573660753,0.0001004390217331391,1.364782668608549,1.605217331391451,1.710333752464376,0.0007516008624348846,0.7232343361635745,0.7232646714823556,-0.0,1.0,-0.0,1.0,0.0,1.0,0.0,1.0,0.0,1.0,-0.0,1.0,1.0029235214348897,0.4390217331391,0.7326573660752844,True
20261004,typical,0,2.97,4.5,0,0,bounded,0.005,25,-3000,True,0.0001007954738610854,0.0001005020002194835,1.364997805164939,1.605002194835062,1.710286590300936,0.0007520705827668675,0.7232347878079723,0.7232651445011402,-0.0,1.0,-0.0,1.0,0.0,1.0,0.0,1.0,0.0,1.0,-0.0,1.0,1.0029200776199576,0.5020002194835005,0.7954738610853829,True
20261004,typical,0,2.97,4.5,0,0,bounded,0.005,25,3000,True,0.0001005980500112483,0.0001003040678549589,1.364321450411133,1.605678549588867,1.710434907190774,0.000750594316319958,0.7232333683491282,0.7232636578696912,-0.0,1.0,-0.0,1.0,0.0,1.0,0.0,1.0,0.0,1.0,-0.0,1.0,1.0029309096089154,0.3040678549588893,0.5980500112483078,True
20261004,typical,0,2.97,5,0,0,bounded,-0.005,-25,-3000,True,0.0001003724571252497,9.963729606792e-05,1.362039320799982,1.607960679200018,2.210604719391422,0.0007977850646880996,0.7232317446278932,0.7232587978505485,-0.0,1.0,-0.0,1.0,0.0,1.0,0.0,1.0,0.0,1.0,-0.0,1.0,1.0073783722194605,-0.3627039320800107,0.3724571252496922,True
20261004,typical,0,2.97,5,0,0,bounded,-0.005,-25,3000,True,0.0001001744072500478,9.943936397608267e-05,1.361360239173276,1.608639760826724,2.210754092927549,0.0007962069569992793,0.7232303206638674,0.7232573109984781,-0.0,1.0,-0.0,1.0,0.0,1.0,0.0,1.0,0.0,1.0,-0.0,1.0,1.007391874249537,-0.560636023917338,0.17440725004780333,True
20261004,typical,0,2.97,5,0,0,bounded,-0.005,25,-3000,True,0.0001002374233157823,9.95023423621274e-05,1.361576378726044,1.608423621273956,2.210706534948505,0.000796709083134555,0.7232307737450148,0.7232577840880883,-0.0,1.0,-0.0,1.0,0.0,1.0,0.0,1.0,0.0,1.0,-0.0,1.0,1.0073875743646281,-0.4976576378726061,0.23742331578229248,True
20261004,typical,0,2.97,5,0,0,bounded,-0.005,25,3000,True,0.0001000393722058525,9.930441031314773e-05,1.360896868522514,1.609103131477486,2.210856097490848,0.0007951309693993735,0.7232293497703917,0.7232562972340314,-0.0,1.0,-0.0,1.0,0.0,1.0,0.0,1.0,0.0,1.0,-0.0,1.0,1.00740110021687,-0.6955896868522826,0.03937220585250589,True
20261004,typical,0,2.97,5,0,0,bounded,0.005,-25,-3000,True,0.0001013726814769668,0.000100636954051613,1.365459483870026,1.604540516129975,2.209854506552249,0.0008057551706581823,0.7232389361287636,0.7232663071599198,-0.0,1.0,-0.0,1.0,0.0,1.0,0.0,1.0,0.0,1.0,-0.0,1.0,1.0073107084001813,0.6369540516129923,1.372681476966786,True
20261004,typical,0,2.97,5,0,0,bounded,0.005,-25,3000,True,0.0001011746406933724,0.0001004390216449871,1.364783550128543,1.605216449871457,2.210002495808427,0.0008041771074925972,0.7232375122428636,0.7232648203225667,-0.0,1.0,-0.0,1.0,0.0,1.0,0.0,1.0,0.0,1.0,-0.0,1.0,1.007324036378863,0.43902164498710317,1.1746406933723863,True
20261004,typical,0,2.97,5,0,0,bounded,0.005,25,-3000,True,0.0001012376538641781,0.0001005020001312926,1.36499868707349,1.60500131292651,2.209955378875288,0.0008046792194508983,0.7232379652991396,0.7232652934074958,-0.0,1.0,-0.0,1.0,0.0,1.0,0.0,1.0,0.0,1.0,-0.0,1.0,1.0073197919635875,0.5020001312925793,1.2376538641780899,True
20261004,typical,0,2.97,5,0,0,bounded,0.005,25,3000,True,0.0001010396118587877,0.0001003040677668902,1.364322331098044,1.605677668901956,2.210103553403298,0.0008031011503017154,0.7232365414027313,0.7232638065681533,-0.0,1.0,-0.0,1.0,0.0,1.0,0.0,1.0,0.0,1.0,-0.0,1.0,1.0073331431942214,0.30406776689018145,1.0396118587876924,True
20261004,typical,0,2.97,5.5,0,0,bounded,-0.005,-25,-3000,True,0.0001007729135338292,9.963729598804868e-05,1.362040119513188,1.607959880486812,2.710303525271101,0.0008501738032606662,0.7232346000357929,0.7232589326833979,-0.0,1.0,-0.0,1.0,0.0,1.0,0.0,1.0,0.0,1.0,-0.0,1.0,1.011397514700888,-0.3627040119513203,0.7729135338291782,True
20261004,typical,0,2.97,5.5,0,0,bounded,-0.005,-25,3000,True,0.0001005743560573774,9.943936389631158e-05,1.361361036883972,1.608638963116028,2.71045272579814,0.0008484938788277004,0.7232331723640378,0.7232574456605664,-0.0,1.0,-0.0,1.0,0.0,1.0,0.0,1.0,0.0,1.0,-0.0,1.0,1.0114139121228622,-0.5606361036884167,0.5743560573773898,True
20261004,typical,0,2.97,5.5,0,0,bounded,-0.005,25,-3000,True,0.0001006375336569559,9.950234228232444e-05,1.36157717675558,1.60842282324442,2.710405222934661,0.0008490284014318207,0.7232336266251133,0.7232579188045178,-0.0,1.0,-0.0,1.0,0.0,1.0,0.0,1.0,0.0,1.0,-0.0,1.0,1.0114086899724481,-0.4976577176755592,0.6375336569558909,True
20261004,typical,0,2.97,5.5,0,0,bounded,-0.005,25,3000,True,0.0001004389747916239,9.930441023344506e-05,1.360897665549374,1.609102334450626,2.710554612045451,0.0008473484694873746,0.7232321989415279,0.7232564317796493,-0.0,1.0,-0.0,1.0,0.0,1.0,0.0,1.0,0.0,1.0,-0.0,1.0,1.011425117530145,-0.6955897665549493,0.43897479162389175,True
20261004,typical,0,2.97,5.5,0,0,bounded,0.005,-25,-3000,True,0.0001017756981077671,0.0001006369539712361,1.365460287638447,1.604539712361553,2.709554176847957,0.0008586581026273386,0.7232418102352531,0.7232664428540238,-0.0,1.0,-0.0,1.0,0.0,1.0,0.0,1.0,0.0,1.0,-0.0,1.0,1.0113153676815028,0.6369539712360872,1.7756981077670986,True
20261004,typical,0,2.97,5.5,0,0,bounded,0.005,-25,3000,True,0.0001015771508501456,0.0001004390215647103,1.364784352896864,1.605215647103136,2.709701996181419,0.000856978233463054,0.7232403826506254,0.7232649558462939,-0.0,1.0,-0.0,1.0,0.0,1.0,0.0,1.0,0.0,1.0,-0.0,1.0,1.011331544928502,0.43902156471029574,1.5771508501456033,True
20261004,typical,0,2.97,5.5,0,0,bounded,0.005,25,-3000,True,0.0001016403251958114,0.000100502000050984,1.364999490160281,1.605000509839719,2.709654933380042,0.0008575127384684888,0.7232408368839605,0.7232654289854414,-0.0,1.0,-0.0,1.0,0.0,1.0,0.0,1.0,0.0,1.0,-0.0,1.0,1.0113263929498908,0.5020000509839972,1.6403251958113874,True
20261004,typical,0,2.97,5.5,0,0,bounded,0.005,25,3000,True,0.0001014417765657055,0.0001003040676866815,1.364323133184406,1.605676866815594,2.709802937573014,0.0008558328618809227,0.7232394092876241,0.7232639419756745,-0.0,1.0,-0.0,1.0,0.0,1.0,0.0,1.0,0.0,1.0,-0.0,1.0,1.0113425996099963,0.3040676866814973,1.4417765657054993,True
20261004,typical,0,3.3,4.5,0,0,bounded,-0.005,-25,-3000,True,9.986717153654658e-05,9.957131878461364e-05,1.361812153863342,1.938187846136659,1.710986363414388,0.0007779876359352785,0.7232281133802123,0.7232581543062417,-0.0,1.0,-0.0,1.0,0.0,1.0,0.0,1.0,0.0,1.0,-0.0,1.0,1.0029712647732718,-0.4286812153863617,-0.13282846345342714,True
20261004,typical,0,3.3,4.5,0,0,bounded,-0.005,-25,3000,True,9.986717153652881e-05,9.957131878461364e-05,1.361812153863325,1.938187846136676,1.710986363414412,0.0007779876359351985,0.7232281133802123,0.7232581543062417,-0.0,1.0,-0.0,1.0,0.0,1.0,0.0,1.0,0.0,1.0,-0.0,1.0,1.0029712647730933,-0.4286812153863617,-0.1328284634712018,True
20261004,typical,0,3.3,4.5,0,0,bounded,-0.005,25,-3000,True,9.973255906829883e-05,9.943636509300947e-05,1.361349069905083,1.938650930094917,1.711088340885506,0.0007769365326458484,0.7232271455215155,0.7232571406849623,-0.0,1.0,-0.0,1.0,0.0,1.0,0.0,1.0,0.0,1.0,-0.0,1.0,1.0029787289088083,-0.56363490699054,-0.26744093170117944,True
20261004,typical,0,3.3,4.5,0,0,bounded,-0.005,25,3000,True,9.973255906831658e-05,9.943636509300947e-05,1.361349069905087,1.938650930094914,1.711088340885507,0.0007769365326459283,0.7232271455215155,0.7232571406849623,-0.0,1.0,-0.0,1.0,0.0,1.0,0.0,1.0,0.0,1.0,-0.0,1.0,1.0029787289089869,-0.56363490699054,-0.2674409316834159,True
20261004,typical,0,3.3,4.5,0,0,bounded,0.005,-25,-3000,True,0.0001008642762082649,0.0001005709766640975,1.365233359024621,1.93476664097538,1.710234965472967,0.0007857734779602773,0.7232352824898786,0.7232656625703086,-0.0,1.0,-0.0,1.0,0.0,1.0,0.0,1.0,0.0,1.0,-0.0,1.0,1.002916343799136,0.5709766640974889,0.8642762082648803,True
20261004,typical,0,3.3,4.5,0,0,bounded,0.005,-25,3000,True,0.0001008642762082294,0.0001005709766640975,1.365233359024579,1.934766640975421,1.710234965472984,0.0007857734779601174,0.7232352824898786,0.7232656625703086,-0.0,1.0,-0.0,1.0,0.0,1.0,0.0,1.0,0.0,1.0,-0.0,1.0,1.0029163437987831,0.5709766640974889,0.8642762082293975,True
20261004,typical,0,3.3,4.5,0,0,bounded,0.005,25,-3000,True,0.0001007296696143226,0.0001004360227577546,1.36477242245425,1.93522757754575,1.710335996330282,0.0007847224003966554,0.7232343146820438,0.7232646489589502,-0.0,1.0,-0.0,1.0,0.0,1.0,0.0,1.0,0.0,1.0,-0.0,1.0,1.0029237204790185,0.4360227577545839,0.7296696143225923,True
20261004,typical,0,3.3,4.5,0,0,bounded,0.005,25,3000,True,0.0001007296696143404,0.0001004360227577546,1.364772422454218,1.935227577545782,1.710335996330278,0.0007847224003967353,0.7232343146820438,0.7232646489589502,-0.0,1.0,-0.0,1.0,0.0,1.0,0.0,1.0,0.0,1.0,-0.0,1.0,1.0029237204791956,0.4360227577545839,0.729669614340378,True
20261004,typical,0,3.3,5,0,0,bounded,-0.005,-25,-3000,True,0.0001003064441511582,9.957131869699743e-05,1.361813030025507,1.938186969974493,2.210654477216353,0.000830117584487358,0.7232312699998652,0.7232583022347984,-0.0,1.0,-0.0,1.0,0.0,1.0,0.0,1.0,0.0,1.0,-0.0,1.0,1.0073829036692565,-0.4286813030025649,0.3064441511581917,True
20261004,typical,0,3.3,5,0,0,bounded,-0.005,-25,3000,True,0.0001003064441511582,9.957131869699743e-05,1.361813030025454,1.938186969974546,2.210654477216375,0.000830117584487358,0.7232312699998652,0.7232583022347984,-0.0,1.0,-0.0,1.0,0.0,1.0,0.0,1.0,0.0,1.0,-0.0,1.0,1.0073829036692565,-0.4286813030025649,0.3064441511581917,True
20261004,typical,0,3.3,5,0,0,bounded,-0.005,25,-3000,True,0.0001001714099187047,9.943636500547661e-05,1.361349945233667,1.938650054766333,2.210756355697727,0.0008289970661431416,0.7232302991133719,0.7232572884716753,-0.0,1.0,-0.0,1.0,0.0,1.0,0.0,1.0,0.0,1.0,-0.0,1.0,1.0073921136717698,-0.5636349945233987,0.17140991870467914,True
20261004,typical,0,3.3,5,0,0,bounded,-0.005,25,3000,True,0.0001001714099186869,9.943636500547662e-05,1.361349945233649,1.938650054766351,2.210756355697736,0.0008289970661430528,0.7232302991133719,0.7232572884716753,-0.0,1.0,-0.0,1.0,0.0,1.0,0.0,1.0,0.0,1.0,-0.0,1.0,1.0073921136715909,-0.5636349945233765,0.17140991868689337,True
20261004,typical,0,3.3,5,0,0,bounded,0.005,-25,-3000,True,0.0001013066716185164,0.0001005709765758641,1.36523424135895,1.93476575864105,2.209903803516508,0.0008384175928244002,0.7232384615273878,0.7232658115491066,-0.0,1.0,-0.0,1.0,0.0,1.0,0.0,1.0,0.0,1.0,-0.0,1.0,1.0073151824482616,0.5709765758640906,1.3066716185163862,True
20261004,typical,0,3.3,5,0,0,bounded,0.005,-25,3000,True,0.0001013066716185519,0.0001005709765758641,1.36523424135899,1.934765758641011,2.209903803516474,0.0008384175928245778,0.7232384615273878,0.7232658115491066,-0.0,1.0,-0.0,1.0,0.0,1.0,0.0,1.0,0.0,1.0,-0.0,1.0,1.0073151824486146,0.5709765758640906,1.3066716185518912,True
20261004,typical,0,3.3,5,0,0,bounded,0.005,25,-3000,True,0.000101171643586916,0.0001004360226696044,1.364773303955688,1.935226696044312,2.210004737521493,0.0008372971047758829,0.7232374906941765,0.7232647977960147,-0.0,1.0,-0.0,1.0,0.0,1.0,0.0,1.0,0.0,1.0,-0.0,1.0,1.0073242736794896,0.43602266960440783,1.1716435869159936,True
20261004,typical,0,3.3,5,0,0,bounded,0.005,25,3000,True,0.000101171643586916,0.0001004360226696044,1.364773303955712,1.935226696044288,2.210004737521471,0.0008372971047758829,0.7232374906941765,0.7232647977960147,-0.0,1.0,-0.0,1.0,0.0,1.0,0.0,1.0,0.0,1.0,-0.0,1.0,1.0073242736794896,0.43602266960440783,1.1716435869159936,True
20261004,typical,0,3.3,5.5,0,0,bounded,-0.005,-25,-3000,True,0.000100706731393137,9.957131861715954e-05,1.361813828404431,1.938186171595569,2.710353225498163,0.0008824723861303974,0.7232341241721193,0.7232584370107392,-0.0,1.0,-0.0,1.0,0.0,1.0,0.0,1.0,0.0,1.0,-0.0,1.0,1.011403010342195,-0.42868138284046786,0.7067313931369945,True
20261004,typical,0,3.3,5.5,0,0,bounded,-0.005,-25,3000,True,0.0001007067313930837,9.957131861715954e-05,1.361813828404386,1.938186171595615,2.710353225498188,0.0008824723861301045,0.7232341241721193,0.7232584370107392,-0.0,1.0,-0.0,1.0,0.0,1.0,0.0,1.0,0.0,1.0,-0.0,1.0,1.0114030103416598,-0.42868138284046786,0.7067313930837038,True
20261004,typical,0,3.3,5.5,0,0,bounded,-0.005,25,-3000,True,0.0001005713510421185,9.943636492570709e-05,1.361350742929148,1.938649257070852,2.710454985945252,0.0008812824470180304,0.7232331507574145,0.7232574231311787,-0.0,1.0,-0.0,1.0,0.0,1.0,0.0,1.0,0.0,1.0,-0.0,1.0,1.0114141955738167,-0.563635074292923,0.5713510421184953,True
20261004,typical,0,3.3,5.5,0,0,bounded,-0.005,25,3000,True,0.000100571351042154,9.943636492570706e-05,1.36135074292919,1.93864925707081,2.710454985945221,0.0008812824470182259,0.7232331507574145,0.7232574231311787,-0.0,1.0,-0.0,1.0,0.0,1.0,0.0,1.0,0.0,1.0,-0.0,1.0,1.0114141955741738,-0.5636350742929452,0.5713510421540002,True
20261004,typical,0,3.3,5.5,0,0,bounded,0.005,-25,-3000,True,0.0001017095194582379,0.0001005709764955206,1.365235044794139,1.934764955205861,2.709603417241388,0.0008912865914870551,0.7232413344012302,0.7232659471864301,-0.0,1.0,-0.0,1.0,0.0,1.0,0.0,1.0,0.0,1.0,-0.0,1.0,1.011320790573889,0.5709764955206031,1.7095194582378959,True
20261004,typical,0,3.3,5.5,0,0,bounded,0.005,-25,3000,True,0.0001017095194582556,0.0001005709764955206,1.365235044794121,1.934764955205879,2.70960341724138,0.0008912865914871527,0.7232413344012302,0.7232659471864301,-0.0,1.0,-0.0,1.0,0.0,1.0,0.0,1.0,0.0,1.0,-0.0,1.0,1.0113207905740649,0.5709764955206031,1.7095194582555928,True
20261004,typical,0,3.3,5.5,0,0,bounded,0.005,25,-3000,True,0.0001015741460772173,0.0001004360225893291,1.36477410670904,1.93522589329096,2.70970423531822,0.00089009669000111,0.7232403610459524,0.723264933317164,-0.0,1.0,-0.0,1.0,0.0,1.0,0.0,1.0,0.0,1.0,-0.0,1.0,1.0113318255596584,0.4360225893290881,1.5741460772172866,True
20261004,typical,0,3.3,5.5,0,0,bounded,0.005,25,3000,True,0.0001015741460772173,0.0001004360225893291,1.364774106709018,1.935225893290982,2.709704235318236,0.00089009669000111,0.7232403610459524,0.723264933317164,-0.0,1.0,-0.0,1.0,0.0,1.0,0.0,1.0,0.0,1.0,-0.0,1.0,1.0113318255596584,0.4360225893290881,1.5741460772172866,True
20261004,typical,0,3.63,4.5,0,0,bounded,-0.005,-25,-3000,True,9.980136235108551e-05,9.950534142062451e-05,1.361585793754736,2.268414206245263,1.71103620198997,0.0008103105345006229,0.723227640214857,0.7232576587587716,-0.0,1.0,-0.0,1.0,0.0,1.0,0.0,1.0,0.0,1.0,-0.0,1.0,1.0029749250264834,-0.4946585793754954,-0.19863764891449032,True
20261004,typical,0,3.63,4.5,0,0,bounded,-0.005,-25,3000,True,9.99987931065275e-05,9.970327353350523e-05,1.362264664947641,2.267735335052358,1.710886775794636,0.000811917466469817,0.7232290597334579,0.7232591454018549,-0.0,1.0,-0.0,1.0,0.0,1.0,0.0,1.0,0.0,1.0,-0.0,1.0,1.0029639906750198,-0.29672646649477885,-0.0012068934725051328,True
20261004,typical,0,3.63,4.5,0,0,bounded,-0.005,25,-3000,True,9.966674949052935e-05,9.93703877433062e-05,1.36112256693784,2.26887743306216,1.71113824260698,0.0008092148947795618,0.7232266723527693,0.7232566451368401,-0.0,1.0,-0.0,1.0,0.0,1.0,0.0,1.0,0.0,1.0,-0.0,1.0,1.0029823949966736,-0.6296122566938012,-0.3332505094706506,True
20261004,typical,0,3.63,4.5,0,0,bounded,-0.005,25,3000,True,9.986418141342858e-05,9.95683198133716e-05,1.361801866283892,2.268198133716108,1.710988627227484,0.0008108218318469528,0.7232280918814734,0.7232581317818845,-0.0,1.0,-0.0,1.0,0.0,1.0,0.0,1.0,0.0,1.0,-0.0,1.0,1.0029714431318268,-0.4316801866284026,-0.13581858657142343,True
20261004,typical,0,3.63,4.5,0,0,bounded,0.005,-25,-3000,True,0.000100798469915974,0.0001005049991951789,1.365008048210282,2.264991951789718,1.710284341570432,0.0008184262762642685,0.7232348093495408,0.7232651670276979,-0.0,1.0,-0.0,1.0,0.0,1.0,0.0,1.0,0.0,1.0,-0.0,1.0,1.002919961426249,0.5049991951789012,0.7984699159740094,True
20261004,typical,0,3.63,4.5,0,0,bounded,0.005,-25,3000,True,0.0001009958920627111,0.0001007029316225388,1.365683774612317,2.264316225387683,1.710136300962167,0.0008200331706360209,0.7232362287935952,0.7232666536562273,-0.0,1.0,-0.0,1.0,0.0,1.0,0.0,1.0,0.0,1.0,-0.0,1.0,1.002909155031061,0.7029316225387827,0.9958920627110901,True
20261004,typical,0,3.63,4.5,0,0,bounded,0.005,25,-3000,True,0.0001006638629328142,0.0001003700453029104,1.364546970895488,2.265453029104512,1.710385434325512,0.0008173306622110604,0.7232338415383376,0.7232641534156855,-0.0,1.0,-0.0,1.0,0.0,1.0,0.0,1.0,0.0,1.0,-0.0,1.0,1.002927343800803,0.3700453029104045,0.6638629328141965,True
20261004,typical,0,3.63,4.5,0,0,bounded,0.005,25,3000,True,0.0001008612862377004,0.0001005679776880882,1.365223119117978,2.264776880882022,1.710237208270109,0.0008189375616413397,0.7232352609924272,0.7232656400461798,-0.0,1.0,-0.0,1.0,0.0,1.0,0.0,1.0,0.0,1.0,-0.0,1.0,1.002916520311484,0.5679776880882059,0.8612862377003871,True
20261004,typical,0,3.63,5,0,0,bounded,-0.005,-25,-3000,True,0.0001002404287794291,9.950534133304904e-05,1.361586669509454,2.268413330490546,2.210704267434378,0.0008624065475001093,0.7232307953543243,0.7232578066179892,-0.0,1.0,-0.0,1.0,0.0,1.0,0.0,1.0,0.0,1.0,-0.0,1.0,1.0073874169620674,-0.4946586669509645,0.24042877942909158,True
20261004,typical,0,3.63,5,0,0,bounded,-0.005,-25,3000,True,0.0001004384780730695,9.97032734458075e-05,1.362265541924881,2.267734458075119,2.210554986105471,0.0008641152875376137,0.7232322193133242,0.7232592934690962,-0.0,1.0,-0.0,1.0,0.0,1.0,0.0,1.0,0.0,1.0,-0.0,1.0,1.00737392667114,-0.2967265541924946,0.4384780730694926,True
20261004,typical,0,3.63,5,0,0,bounded,-0.005,25,-3000,True,0.0001001053941324627,9.937038765581411e-05,1.361123441858775,2.268876558141225,2.21080620891877,0.0008612414924169206,0.723229824464278,0.7232567928542,-0.0,1.0,-0.0,1.0,0.0,1.0,0.0,1.0,0.0,1.0,-0.0,1.0,1.0073966348928254,-0.6296123441858925,0.10539413246268836,True
20261004,typical,0,3.63,5,0,0,bounded,-0.005,25,3000,True,0.0001003034446599428,9.956831972575724e-05,1.361802742427572,2.268197257572428,2.210656738833649,0.0008629502384680612,0.7232312484338719,0.7232582797072934,-0.0,1.0,-0.0,1.0,0.0,1.0,0.0,1.0,0.0,1.0,-0.0,1.0,1.0073831208180506,-0.4316802742427628,0.30344465994278647,True
20261004,typical,0,3.63,5,0,0,bounded,0.005,-25,-3000,True,0.0001012406592994032,0.0001005049991069862,1.365008930137546,2.264991069862454,2.209953132300466,0.0008710364578192096,0.7232379869080502,0.7232653159372069,-0.0,1.0,-0.0,1.0,0.0,1.0,0.0,1.0,0.0,1.0,-0.0,1.0,1.0073196378185516,0.5049991069862036,1.2406592994032017,True
20261004,typical,0,3.63,5,0,0,bounded,0.005,-25,3000,True,0.0001014386995082041,0.0001007029315342239,1.36568465776099,2.264315342239009,2.209805233431327,0.0008727451535742461,0.7232394107889749,0.723266802773598,-0.0,1.0,-0.0,1.0,0.0,1.0,0.0,1.0,0.0,1.0,-0.0,1.0,1.0073063213033688,0.702931534223894,1.4386995082040999,True
20261004,typical,0,3.63,5,0,0,bounded,0.005,25,-3000,True,0.0001011056308574999,0.000100370045214801,1.364547851989666,2.265452148010334,2.21005412806375,0.0008698714329811071,0.723237016071314,0.7232643021834523,-0.0,1.0,-0.0,1.0,0.0,1.0,0.0,1.0,0.0,1.0,-0.0,1.0,1.0073287367872026,0.37004521480099584,1.105630857499884,True
20261004,typical,0,3.63,5,0,0,bounded,0.005,25,3000,True,0.0001013036722872264,0.0001005679775998566,1.365224001433992,2.264775998566008,2.20990604416532,0.000871580134687426,0.7232384399627403,0.7232657890218297,-0.0,1.0,-0.0,1.0,0.0,1.0,0.0,1.0,0.0,1.0,-0.0,1.0,1.0073153970570732,0.5679775998566061,1.3036722872264095,True
20261004,typical,0,3.63,5.5,0,0,bounded,-0.005,-25,-3000,True,0.0001006405468242715,9.950534125324455e-05,1.361587467554354,2.268412532445646,2.710402958047572,0.0009147274108466925,0.7232336482906927,0.7232579413370092,-0.0,1.0,-0.0,1.0,0.0,1.0,0.0,1.0,0.0,1.0,-0.0,1.0,1.0114084887979813,-0.49465874675544974,0.640546824271504,True
20261004,typical,0,3.63,5.5,0,0,bounded,-0.005,-25,3000,True,0.000100839103644022,9.970327336590281e-05,1.362266340971898,2.267733659028102,2.710253849521918,0.0009165379669242191,0.7232350759568229,0.723259428358849,-0.0,1.0,-0.0,1.0,0.0,1.0,0.0,1.0,0.0,1.0,-0.0,1.0,1.0113921061944555,-0.2967266340971997,0.839103644021999,True
20261004,typical,0,3.63,5.5,0,0,bounded,-0.005,25,-3000,True,0.0001005051660073147,9.9370387576078e-05,1.361124239219979,2.268875760780021,2.710504781356899,0.0009134929345052745,0.7232326748720235,0.7232569274567668,-0.0,1.0,-0.0,1.0,0.0,1.0,0.0,1.0,0.0,1.0,-0.0,1.0,1.011419684061994,-0.6296124239220102,0.5051660073146946,True
20261004,typical,0,3.63,5.5,0,0,bounded,-0.005,25,3000,True,0.0001007037242148261,9.956831964592086e-05,1.361803540791398,2.268196459208601,2.710355484496774,0.000915303498060126,0.7232341025499757,0.7232584144806472,-0.0,1.0,-0.0,1.0,0.0,1.0,0.0,1.0,0.0,1.0,-0.0,1.0,1.0114032713712846,-0.43168035407914473,0.7037242148260958,True
20261004,typical,0,3.63,5.5,0,0,bounded,0.005,-25,-3000,True,0.0001016433383176701,0.000100504999026676,1.365009733239271,2.264990266760729,2.709652689385599,0.000923871521778002,0.7232408585490042,0.7232654515177409,-0.0,1.0,-0.0,1.0,0.0,1.0,0.0,1.0,0.0,1.0,-0.0,1.0,1.0113261957317363,0.5049990266760007,1.6433383176700955,True
20261004,typical,0,3.63,5.5,0,0,bounded,0.005,-25,3000,True,0.0001018418849271701,0.0001007029314538137,1.365685461862798,2.264314538137201,2.70950496023802,0.000925682022840548,0.7232422861280701,0.7232669385244809,-0.0,1.0,-0.0,1.0,0.0,1.0,0.0,1.0,0.0,1.0,-0.0,1.0,1.0113100329544902,0.7029314538136822,1.841884927170101,True
20261004,typical,0,3.63,5.5,0,0,bounded,0.005,25,-3000,True,0.0001015079644761113,0.000100370045134559,1.364548654409373,2.265451345590626,2.709753569083298,0.0009226370830210441,0.7232398851898022,0.7232644376477945,-0.0,1.0,-0.0,1.0,0.0,1.0,0.0,1.0,0.0,1.0,-0.0,1.0,1.0113372405086276,0.370045134559005,1.507964476111301,True
20261004,typical,0,3.63,5.5,0,0,bounded,0.005,25,3000,True,0.0001017065124569765,0.0001005679775195146,1.365224804854038,2.264775195145962,2.709605655318142,0.0009244475914730866,0.7232413127805675,0.7232659246565735,-0.0,1.0,-0.0,1.0,0.0,1.0,0.0,1.0,0.0,1.0,-0.0,1.0,1.0113210483649329,0.5679775195145842,1.7065124569765056,True
20261004,typical,27,2.97,4.5,0,0,bounded,-0.005,-25,-3000,True,9.983767682880375e-05,9.956868046318503e-05,1.37319536814958,1.59680463185042,1.700135123617979,0.0007449885364457814,0.6867069915014165,0.6867374948099038,-0.0,1.0,-0.0,1.0,0.0,1.0,0.0,1.0,0.0,1.0,-0.0,1.0,1.0027016162549043,-0.43131953681497803,-0.16232317119625472,True
20261004,typical,27,2.97,4.5,0,0,bounded,-0.005,-25,3000,True,9.964031098886585e-05,9.937075357288391e-05,1.372464271160906,1.597535728839095,1.700298538261561,0.0007435125473018874,0.6867055593352549,0.6867359944877185,-0.0,1.0,-0.0,1.0,0.0,1.0,0.0,1.0,0.0,1.0,-0.0,1.0,1.0027126433713138,-0.6292464271160925,-0.35968901113415663,True
20261004,typical,27,2.97,4.5,0,0,bounded,-0.005,25,-3000,True,9.983767682880375e-05,9.956868046318503e-05,1.37319536814958,1.59680463185042,1.700135123617979,0.0007449885364457814,0.6867069915014165,0.6867374948099038,-0.0,1.0,-0.0,1.0,0.0,1.0,0.0,1.0,0.0,1.0,-0.0,1.0,1.0027016162549043,-0.43131953681497803,-0.16232317119625472,True
20261004,typical,27,2.97,4.5,0,0,bounded,-0.005,25,3000,True,9.964031098886585e-05,9.937075357288391e-05,1.372464271160906,1.597535728839095,1.700298538261561,0.0007435125473018874,0.6867055593352549,0.6867359944877185,-0.0,1.0,-0.0,1.0,0.0,1.0,0.0,1.0,0.0,1.0,-0.0,1.0,1.0027126433713138,-0.6292464271160925,-0.35968901113415663,True
20261004,typical,27,2.97,4.5,0,0,bounded,0.005,-25,-3000,True,0.0001008344464941172,0.0001005683122456568,1.376877543431586,1.593122456568414,1.699314428366742,0.0007524429063336843,0.6867142244260168,0.6867450721506758,-0.0,1.0,-0.0,1.0,0.0,1.0,0.0,1.0,0.0,1.0,-0.0,1.0,1.002646303219351,0.568312245656788,0.8344464941171914,True
20261004,typical,27,2.97,4.5,0,0,bounded,0.005,-25,3000,True,0.00010063708973758,0.0001003703850177488,1.376149822512114,1.593850177487886,1.69947631622668,0.0007509669570623656,0.6867127923384073,0.6867435718430378,-0.0,1.0,-0.0,1.0,0.0,1.0,0.0,1.0,0.0,1.0,-0.0,1.0,1.0026572053079605,0.37038501774879773,0.6370897375799878,True
20261004,typical,27,2.97,4.5,0,0,bounded,0.005,25,-3000,True,0.0001008344464941172,0.0001005683122456568,1.376877543431586,1.593122456568414,1.699314428366742,0.0007524429063336843,0.6867142244260168,0.6867450721506758,-0.0,1.0,-0.0,1.0,0.0,1.0,0.0,1.0,0.0,1.0,-0.0,1.0,1.002646303219351,0.568312245656788,0.8344464941171914,True
20261004,typical,27,2.97,4.5,0,0,bounded,0.005,25,3000,True,0.00010063708973758,0.0001003703850177488,1.376149822512114,1.593850177487886,1.69947631622668,0.0007509669570623656,0.6867127923384073,0.6867435718430378,-0.0,1.0,-0.0,1.0,0.0,1.0,0.0,1.0,0.0,1.0,-0.0,1.0,1.0026572053079605,0.37038501774879773,0.6370897375799878,True
20261004,typical,27,2.97,5,0,0,bounded,-0.005,-25,-3000,True,0.0001002613924616326,9.956868037859158e-05,1.373196214084195,1.596803785915805,2.199785319025845,0.0007970259527730686,0.6867100645289028,0.6867376388181026,-0.0,1.0,-0.0,1.0,0.0,1.0,0.0,1.0,0.0,1.0,-0.0,1.0,1.0069571282898107,-0.4313196214084214,0.26139246163259244,True
20261004,typical,27,2.97,5,0,0,bounded,-0.005,-25,3000,True,0.0001000634059624196,9.937075348841328e-05,1.372465115867173,1.597534884132827,2.199948596451279,0.0007954481774132423,0.6867086278660053,0.6867361382852356,-0.0,1.0,-0.0,1.0,0.0,1.0,0.0,1.0,0.0,1.0,-0.0,1.0,1.0069703856486012,-0.629246511586723,0.06340596241960483,True
20261004,typical,27,2.97,5,0,0,bounded,-0.005,25,-3000,True,0.0001002613924616326,9.956868037859158e-05,1.373196214084195,1.596803785915805,2.199785319025845,0.0007970259527730686,0.6867100645289028,0.6867376388181026,-0.0,1.0,-0.0,1.0,0.0,1.0,0.0,1.0,0.0,1.0,-0.0,1.0,1.0069571282898107,-0.4313196214084214,0.26139246163259244,True
20261004,typical,27,2.97,5,0,0,bounded,-0.005,25,3000,True,0.0001000634059624196,9.937075348841328e-05,1.372465115867173,1.597534884132827,2.199948596451279,0.0007954481774132423,0.6867086278660053,0.6867361382852356,-0.0,1.0,-0.0,1.0,0.0,1.0,0.0,1.0,0.0,1.0,-0.0,1.0,1.0069703856486012,-0.629246511586723,0.06340596241960483,True
20261004,typical,27,2.97,5,0,0,bounded,0.005,-25,-3000,True,0.0001012612964153482,0.0001005683121604431,1.376878395568543,1.593121604431457,2.198965306937529,0.000804994378933743,0.6867173201614312,0.6867452172227836,-0.0,1.0,-0.0,1.0,0.0,1.0,0.0,1.0,0.0,1.0,-0.0,1.0,1.0068906819655037,0.5683121604430852,1.261296415348201,True
20261004,typical,27,2.97,5,0,0,bounded,0.005,-25,3000,True,0.0001010633191129563,0.0001003703849326579,1.37615067342119,1.59384932657881,2.199127060827915,0.0008034166485552943,0.6867158835780076,0.6867437167045097,-0.0,1.0,-0.0,1.0,0.0,1.0,0.0,1.0,0.0,1.0,-0.0,1.0,1.0069037712743987,0.37038493265788563,1.0633191129562958,True
20261004,typical,27,2.97,5,0,0,bounded,0.005,25,-3000,True,0.0001012612964153482,0.0001005683121604431,1.376878395568543,1.593121604431457,2.198965306937529,0.000804994378933743,0.6867173201614312,0.6867452172227836,-0.0,1.0,-0.0,1.0,0.0,1.0,0.0,1.0,0.0,1.0,-0.0,1.0,1.0068906819655037,0.5683121604430852,1.261296415348201,True
20261004,typical,27,2.97,5,0,0,bounded,0.005,25,3000,True,0.0001010633191129563,0.0001003703849326579,1.37615067342119,1.59384932657881,2.199127060827915,0.0008034166485552943,0.6867158835780076,0.6867437167045097,-0.0,1.0,-0.0,1.0,0.0,1.0,0.0,1.0,0.0,1.0,-0.0,1.0,1.0069037712743987,0.37038493265788563,1.0633191129562958,True
20261004,typical,27,2.97,5.5,0,0,bounded,-0.005,-25,-3000,True,0.0001006436236357172,9.956868030228199e-05,1.373196977179936,1.596803022820064,2.699470951828905,0.0008492589202347387,0.686712821398335,0.6867377687105348,-0.0,1.0,-0.0,1.0,0.0,1.0,0.0,1.0,0.0,1.0,-0.0,1.0,1.0107959986028916,-0.4313196977180134,0.6436236357171943,True
20261004,typical,27,2.97,5.5,0,0,bounded,-0.005,-25,3000,True,0.0001004451378453713,9.93707534122024e-05,1.372465877975979,1.597534122024021,2.699634056841103,0.0008475794055243225,0.6867113810647347,0.6867362680081528,-0.0,1.0,-0.0,1.0,0.0,1.0,0.0,1.0,0.0,1.0,-0.0,1.0,1.0108118777032133,-0.629246587797605,0.44513784537130174,True
20261004,typical,27,2.97,5.5,0,0,bounded,-0.005,25,-3000,True,0.0001006436236357172,9.956868030228199e-05,1.373196977179936,1.596803022820064,2.699470951828905,0.0008492589202347387,0.686712821398335,0.6867377687105348,-0.0,1.0,-0.0,1.0,0.0,1.0,0.0,1.0,0.0,1.0,-0.0,1.0,1.0107959986028916,-0.4313196977180134,0.6436236357171943,True
20261004,typical,27,2.97,5.5,0,0,bounded,-0.005,25,3000,True,0.0001004451378453713,9.93707534122024e-05,1.372465877975979,1.597534122024021,2.699634056841103,0.0008475794055243225,0.6867113810647347,0.6867362680081528,-0.0,1.0,-0.0,1.0,0.0,1.0,0.0,1.0,0.0,1.0,-0.0,1.0,1.0108118777032133,-0.629246587797605,0.44513784537130174,True
20261004,typical,27,2.97,5.5,0,0,bounded,0.005,-25,-3000,True,0.000101646046495068,0.0001005683120836356,1.376879163643957,1.593120836356043,2.698651800898987,0.0008577411523517805,0.6867200955467742,0.686745347970394,-0.0,1.0,-0.0,1.0,0.0,1.0,0.0,1.0,0.0,1.0,-0.0,1.0,1.0107164412835739,0.5683120836355915,1.6460464950680098,True
20261004,typical,27,2.97,5.5,0,0,bounded,0.005,-25,3000,True,0.0001014475708129741,0.0001003703848559488,1.376151440511353,1.593848559488647,2.698813385544257,0.0008560616922340225,0.6867186553002212,0.6867438472829207,-0.0,1.0,-0.0,1.0,0.0,1.0,0.0,1.0,0.0,1.0,-0.0,1.0,1.0107321094620816,0.3703848559488021,1.447570812974086,True
20261004,typical,27,2.97,5.5,0,0,bounded,0.005,25,-3000,True,0.000101646046495068,0.0001005683120836356,1.376879163643957,1.593120836356043,2.698651800898987,0.0008577411523517805,0.6867200955467742,0.686745347970394,-0.0,1.0,-0.0,1.0,0.0,1.0,0.0,1.0,0.0,1.0,-0.0,1.0,1.0107164412835739,0.5683120836355915,1.6460464950680098,True
20261004,typical,27,2.97,5.5,0,0,bounded,0.005,25,3000,True,0.0001014475708129741,0.0001003703848559488,1.376151440511353,1.593848559488647,2.698813385544257,0.0008560616922340225,0.6867186553002212,0.6867438472829207,-0.0,1.0,-0.0,1.0,0.0,1.0,0.0,1.0,0.0,1.0,-0.0,1.0,1.0107321094620816,0.3703848559488021,1.447570812974086,True
20261004,typical,27,3.3,4.5,0,0,bounded,-0.005,-25,-3000,True,9.977189192606963e-05,9.950270482560235e-05,1.372951743976451,1.927048256023549,1.700189558341815,0.0007773324516239837,0.6867065141400163,0.686736994704147,-0.0,1.0,-0.0,1.0,0.0,1.0,0.0,1.0,0.0,1.0,-0.0,1.0,1.0027053244526274,-0.4972951743976495,-0.22810807393037758,True
20261004,typical,27,3.3,4.5,0,0,bounded,-0.005,-25,3000,True,9.977189192610515e-05,9.950270482560234e-05,1.372951743976438,1.927048256023562,1.700189558341793,0.0007773324516241436,0.6867065141400163,0.686736994704147,-0.0,1.0,-0.0,1.0,0.0,1.0,0.0,1.0,0.0,1.0,-0.0,1.0,1.0027053244529847,-0.4972951743976606,-0.22810807389486154,True
20261004,typical,27,3.3,4.5,0,0,bounded,-0.005,25,-3000,True,9.977189192606963e-05,9.950270482560235e-05,1.372951743976451,1.927048256023549,1.700189558341815,0.0007773324516239837,0.6867065141400163,0.686736994704147,-0.0,1.0,-0.0,1.0,0.0,1.0,0.0,1.0,0.0,1.0,-0.0,1.0,1.0027053244526274,-0.4972951743976495,-0.22810807393037758,True
20261004,typical,27,3.3,4.5,0,0,bounded,-0.005,25,3000,True,9.977189192610515e-05,9.950270482560234e-05,1.372951743976438,1.927048256023562,1.700189558341793,0.0007773324516241436,0.6867065141400163,0.686736994704147,-0.0,1.0,-0.0,1.0,0.0,1.0,0.0,1.0,0.0,1.0,-0.0,1.0,1.0027053244529847,-0.4972951743976606,-0.22810807389486154,True
20261004,typical,27,3.3,4.5,0,0,bounded,0.005,-25,-3000,True,0.0001007686647105058,0.0001005023364956488,1.376635043511444,1.923364956488556,1.699368354783977,0.0007851167136651155,0.6867137470914619,0.686744572049801,-0.0,1.0,-0.0,1.0,0.0,1.0,0.0,1.0,0.0,1.0,-0.0,1.0,1.0026499703802263,0.5023364956487919,0.7686647105058064,True
20261004,typical,27,3.3,4.5,0,0,bounded,0.005,-25,3000,True,0.0001007686647104881,0.0001005023364956488,1.37663504351147,1.92336495648853,1.69936835478398,0.0007851167136650355,0.6867137470914619,0.686744572049801,-0.0,1.0,-0.0,1.0,0.0,1.0,0.0,1.0,0.0,1.0,-0.0,1.0,1.0026499703800502,0.5023364956487919,0.7686647104881095,True
20261004,typical,27,3.3,4.5,0,0,bounded,0.005,25,-3000,True,0.0001007686647105058,0.0001005023364956488,1.376635043511444,1.923364956488556,1.699368354783977,0.0007851167136651155,0.6867137470914619,0.686744572049801,-0.0,1.0,-0.0,1.0,0.0,1.0,0.0,1.0,0.0,1.0,-0.0,1.0,1.0026499703802263,0.5023364956487919,0.7686647105058064,True
20261004,typical,27,3.3,4.5,0,0,bounded,0.005,25,3000,True,0.0001007686647104881,0.0001005023364956488,1.37663504351147,1.92336495648853,1.69936835478398,0.0007851167136650355,0.6867137470914619,0.686744572049801,-0.0,1.0,-0.0,1.0,0.0,1.0,0.0,1.0,0.0,1.0,-0.0,1.0,1.0026499703800502,0.5023364956487919,0.7686647104881095,True
20261004,typical,27,3.3,5,0,0,bounded,-0.005,-25,-3000,True,0.0001001954006862639,9.950270474104983e-05,1.372952589501617,1.927047410498383,2.19983970808503,0.0008293359411089963,0.686709585668693,0.6867371386421217,-0.0,1.0,-0.0,1.0,0.0,1.0,0.0,1.0,0.0,1.0,-0.0,1.0,1.006961579054728,-0.49729525895017,0.1954006862638913,True
20261004,typical,27,3.3,5,0,0,bounded,-0.005,-25,3000,True,0.0001001954006862639,9.950270474104983e-05,1.372952589501609,1.927047410498391,2.199839708085043,0.0008293359411089963,0.686709585668693,0.6867371386421217,-0.0,1.0,-0.0,1.0,0.0,1.0,0.0,1.0,0.0,1.0,-0.0,1.0,1.006961579054728,-0.49729525895017,0.1954006862638913,True
20261004,typical,27,3.3,5,0,0,bounded,-0.005,25,-3000,True,0.0001001954006862639,9.950270474104983e-05,1.372952589501617,1.927047410498383,2.19983970808503,0.0008293359411089963,0.686709585668693,0.6867371386421217,-0.0,1.0,-0.0,1.0,0.0,1.0,0.0,1.0,0.0,1.0,-0.0,1.0,1.006961579054728,-0.49729525895017,0.1954006862638913,True
20261004,typical,27,3.3,5,0,0,bounded,-0.005,25,3000,True,0.0001001954006862639,9.950270474104983e-05,1.372952589501609,1.927047410498391,2.199839708085043,0.0008293359411089963,0.686709585668693,0.6867371386421217,-0.0,1.0,-0.0,1.0,0.0,1.0,0.0,1.0,0.0,1.0,-0.0,1.0,1.006961579054728,-0.49729525895017,0.1954006862638913,True
20261004,typical,27,3.3,5,0,0,bounded,0.005,-25,-3000,True,0.0001011953077966545,0.000100502336410476,1.376635895239249,1.923364104760751,2.199019188771294,0.0008376342611699198,0.686716841328374,0.686744717051698,-0.0,1.0,-0.0,1.0,0.0,1.0,0.0,1.0,0.0,1.0,-0.0,1.0,1.006895077377587,0.5023364104759898,1.19530779665451,True
20261004,typical,27,3.3,5,0,0,bounded,0.005,-25,3000,True,0.0001011953077966545,0.000100502336410476,1.376635895239203,1.923364104760797,2.199019188771298,0.0008376342611699198,0.6867168413283722,0.686744717051698,-0.0,1.0,-0.0,1.0,0.0,1.0,0.0,1.0,0.0,1.0,-0.0,1.0,1.006895077377587,0.5023364104759898,1.19530779665451,True
20261004,typical,27,3.3,5,0,0,bounded,0.005,25,-3000,True,0.0001011953077966545,0.000100502336410476,1.376635895239249,1.923364104760751,2.199019188771294,0.0008376342611699198,0.686716841328374,0.686744717051698,-0.0,1.0,-0.0,1.0,0.0,1.0,0.0,1.0,0.0,1.0,-0.0,1.0,1.006895077377587,0.5023364104759898,1.19530779665451,True
20261004,typical,27,3.3,5,0,0,bounded,0.005,25,3000,True,0.0001011953077966545,0.000100502336410476,1.376635895239203,1.923364104760797,2.199019188771298,0.0008376342611699198,0.6867168413283722,0.686744717051698,-0.0,1.0,-0.0,1.0,0.0,1.0,0.0,1.0,0.0,1.0,-0.0,1.0,1.006895077377587,0.5023364104759898,1.19530779665451,True
20261004,typical,27,3.3,5.5,0,0,bounded,-0.005,-25,-3000,True,0.0001005774654592689,9.950270466477314e-05,1.372953352268546,1.927046647731455,2.699525283490541,0.000881534997451957,0.6867123413147922,0.6867372684780589,-0.0,1.0,-0.0,1.0,0.0,1.0,0.0,1.0,0.0,1.0,-0.0,1.0,1.0108013224174826,-0.4972953352268661,0.5774654592688888,True
20261004,typical,27,3.3,5.5,0,0,bounded,-0.005,-25,3000,True,0.0001005774654592511,9.950270466477313e-05,1.372953352268562,1.927046647731439,2.699525283490544,0.0008815349974518594,0.6867123413147922,0.6867372684780589,-0.0,1.0,-0.0,1.0,0.0,1.0,0.0,1.0,0.0,1.0,-0.0,1.0,1.0108013224173038,-0.4972953352268772,0.5774654592510808,True
20261004,typical,27,3.3,5.5,0,0,bounded,-0.005,25,-3000,True,0.0001005774654592689,9.950270466477314e-05,1.372953352268546,1.927046647731455,2.699525283490541,0.000881534997451957,0.6867123413147922,0.6867372684780589,-0.0,1.0,-0.0,1.0,0.0,1.0,0.0,1.0,0.0,1.0,-0.0,1.0,1.0108013224174826,-0.4972953352268661,0.5774654592688888,True
20261004,typical,27,3.3,5.5,0,0,bounded,-0.005,25,3000,True,0.0001005774654592511,9.950270466477313e-05,1.372953352268562,1.927046647731439,2.699525283490544,0.0008815349974518594,0.6867123413147922,0.6867372684780589,-0.0,1.0,-0.0,1.0,0.0,1.0,0.0,1.0,0.0,1.0,-0.0,1.0,1.0108013224173038,-0.4972953352268772,0.5774654592510808,True
20261004,typical,27,3.3,5.5,0,0,bounded,0.005,-25,-3000,True,0.0001015798917786964,0.0001005023363337013,1.376636662986233,1.923363337013767,2.698705626389665,0.0008903471267161299,0.6867196154929026,0.6867448477429181,-0.0,1.0,-0.0,1.0,0.0,1.0,0.0,1.0,0.0,1.0,-0.0,1.0,1.0107216954779765,0.502336333701292,1.5798917786963962,True
20261004,typical,27,3.3,5.5,0,0,bounded,0.005,-25,3000,True,0.0001015798917786964,0.0001005023363337013,1.376636662986224,1.923363337013776,2.698705626389652,0.0008903471267161299,0.6867196154929026,0.6867448477429181,-0.0,1.0,-0.0,1.0,0.0,1.0,0.0,1.0,0.0,1.0,-0.0,1.0,1.0107216954779765,0.502336333701292,1.5798917786963962,True
20261004,typical,27,3.3,5.5,0,0,bounded,0.005,25,-3000,True,0.0001015798917786964,0.0001005023363337013,1.376636662986233,1.923363337013767,2.698705626389665,0.0008903471267161299,0.6867196154929026,0.6867448477429181,-0.0,1.0,-0.0,1.0,0.0,1.0,0.0,1.0,0.0,1.0,-0.0,1.0,1.0107216954779765,0.502336333701292,1.5798917786963962,True
20261004,typical,27,3.3,5.5,0,0,bounded,0.005,25,3000,True,0.0001015798917786964,0.0001005023363337013,1.376636662986224,1.923363337013776,2.698705626389652,0.0008903471267161299,0.6867196154929026,0.6867448477429181,-0.0,1.0,-0.0,1.0,0.0,1.0,0.0,1.0,0.0,1.0,-0.0,1.0,1.0107216954779765,0.502336333701292,1.5798917786963962,True
20261004,typical,27,3.63,4.5,0,0,bounded,-0.005,-25,-3000,True,9.97061046122686e-05,9.943672919549916e-05,1.372708045008263,2.257291954991737,1.700244028796615,0.0008096328122994071,0.6867060367608492,0.6867364945973159,-0.0,1.0,-0.0,1.0,0.0,1.0,0.0,1.0,0.0,1.0,-0.0,1.0,1.0027090132484129,-0.5632708045008372,-0.2938953877314021,True
20261004,typical,27,3.63,4.5,0,0,bounded,-0.005,-25,3000,True,9.99034698735405e-05,9.963465610823755e-05,1.373438917624388,2.256561082375612,1.7000807158528,0.0008112394306684071,0.6867074689219764,0.6867379949185516,-0.0,1.0,-0.0,1.0,0.0,1.0,0.0,1.0,0.0,1.0,-0.0,1.0,1.0026979946115429,-0.3653438917624485,-0.0965301264595042,True
20261004,typical,27,3.63,4.5,0,0,bounded,-0.005,25,-3000,True,9.97061046122686e-05,9.943672919549916e-05,1.372708045008263,2.257291954991737,1.700244028796615,0.0008096328122994071,0.6867060367608492,0.6867364945973159,-0.0,1.0,-0.0,1.0,0.0,1.0,0.0,1.0,0.0,1.0,-0.0,1.0,1.0027090132484129,-0.5632708045008372,-0.2938953877314021,True
20261004,typical,27,3.63,4.5,0,0,bounded,-0.005,25,3000,True,9.99034698735405e-05,9.963465610823755e-05,1.373438917624388,2.256561082375612,1.7000807158528,0.0008112394306684071,0.6867074689219764,0.6867379949185516,-0.0,1.0,-0.0,1.0,0.0,1.0,0.0,1.0,0.0,1.0,-0.0,1.0,1.0026979946115429,-0.3653438917624485,-0.0965301264595042,True
20261004,typical,27,3.63,4.5,0,0,bounded,0.005,-25,-3000,True,0.000100702880448397,0.0001004363607530101,1.376392469899102,2.253607530100898,1.699422316301732,0.0008177469661158191,0.686713269738654,0.686744071947827,-0.0,1.0,-0.0,1.0,0.0,1.0,0.0,1.0,0.0,1.0,-0.0,1.0,1.0026536176080922,0.436360753010101,0.7028804483969919,True
20261004,typical,27,3.63,4.5,0,0,bounded,0.005,-25,3000,True,0.0001009002366312421,0.0001006342880030245,1.377119969755022,2.252880030244978,1.699260528131481,0.0008193535448560438,0.6867147018212645,0.6867455722545118,-0.0,1.0,-0.0,1.0,0.0,1.0,0.0,1.0,0.0,1.0,-0.0,1.0,1.0026427238021458,0.6342880030244968,0.9002366312420795,True
20261004,typical,27,3.63,4.5,0,0,bounded,0.005,25,-3000,True,0.000100702880448397,0.0001004363607530101,1.376392469899102,2.253607530100898,1.699422316301732,0.0008177469661158191,0.686713269738654,0.686744071947827,-0.0,1.0,-0.0,1.0,0.0,1.0,0.0,1.0,0.0,1.0,-0.0,1.0,1.0026536176080922,0.436360753010101,0.7028804483969919,True
20261004,typical,27,3.63,4.5,0,0,bounded,0.005,25,3000,True,0.0001009002366312421,0.0001006342880030245,1.377119969755022,2.252880030244978,1.699260528131481,0.0008193535448560438,0.6867147018212645,0.6867455722545118,-0.0,1.0,-0.0,1.0,0.0,1.0,0.0,1.0,0.0,1.0,-0.0,1.0,1.0026427238021458,0.6342880030244968,0.9002366312420795,True
20261004,typical,27,3.63,5,0,0,bounded,-0.005,-25,-3000,True,0.0001001294064901294,9.94367291109876e-05,1.372708890124001,2.257291109875998,2.199894132801416,0.0008616023736881539,0.6867091067906421,0.6867366384650695,-0.0,1.0,-0.0,1.0,0.0,1.0,0.0,1.0,0.0,1.0,-0.0,1.0,1.0069660113052257,-0.5632708890124127,0.1294064901294023,True
20261004,typical,27,3.63,5,0,0,bounded,-0.005,-25,3000,True,0.0001003273924023808,9.963465602360316e-05,1.373439763968304,2.256560236031696,2.199730956859015,0.0008633107779420829,0.6867105434484424,0.6867381389969798,-0.0,1.0,-0.0,1.0,0.0,1.0,0.0,1.0,0.0,1.0,-0.0,1.0,1.0069527652969819,-0.365343976396848,0.3273924023807995,True
20261004,typical,27,3.63,5,0,0,bounded,-0.005,25,-3000,True,0.0001001294064901294,9.94367291109876e-05,1.372708890124001,2.257291109875998,2.199894132801416,0.0008616023736881539,0.6867091067906421,0.6867366384650695,-0.0,1.0,-0.0,1.0,0.0,1.0,0.0,1.0,0.0,1.0,-0.0,1.0,1.0069660113052257,-0.5632708890124127,0.1294064901294023,True
20261004,typical,27,3.63,5,0,0,bounded,-0.005,25,3000,True,0.0001003273924023808,9.963465602360316e-05,1.373439763968304,2.256560236031696,2.199730956859015,0.0008633107779420829,0.6867105434484424,0.6867381389969798,-0.0,1.0,-0.0,1.0,0.0,1.0,0.0,1.0,0.0,1.0,-0.0,1.0,1.0069527652969819,-0.365343976396848,0.3273924023807995,True
20261004,typical,27,3.63,5,0,0,bounded,0.005,-25,-3000,True,0.0001011293166901019,0.0001004363606678782,1.376393321217512,2.253606678782488,2.199073105633497,0.0008702305872394323,0.6867163624769899,0.6867442168795167,-0.0,1.0,-0.0,1.0,0.0,1.0,0.0,1.0,0.0,1.0,-0.0,1.0,1.006899453719905,0.4363606678781995,1.1293166901019003,True
20261004,typical,27,3.63,5,0,0,bounded,0.005,-25,3000,True,0.0001013272934123001,0.0001006342879177699,1.377120822301311,2.252879177698689,2.198911451221038,0.0008719389467676442,0.6867177990553639,0.6867457173968337,-0.0,1.0,-0.0,1.0,0.0,1.0,0.0,1.0,0.0,1.0,-0.0,1.0,1.0068863754975488,0.6342879177698935,1.3272934123000901,True
20261004,typical,27,3.63,5,0,0,bounded,0.005,25,-3000,True,0.0001011293166901019,0.0001004363606678782,1.376393321217512,2.253606678782488,2.199073105633497,0.0008702305872394323,0.6867163624769899,0.6867442168795167,-0.0,1.0,-0.0,1.0,0.0,1.0,0.0,1.0,0.0,1.0,-0.0,1.0,1.006899453719905,0.4363606678781995,1.1293166901019003,True
20261004,typical,27,3.63,5,0,0,bounded,0.005,25,3000,True,0.0001013272934123001,0.0001006342879177699,1.377120822301311,2.252879177698689,2.198911451221038,0.0008719389467676442,0.6867177990553639,0.6867457173968337,-0.0,1.0,-0.0,1.0,0.0,1.0,0.0,1.0,0.0,1.0,-0.0,1.0,1.0068863754975488,0.6342879177698935,1.3272934123000901,True
20261004,typical,27,3.63,5.5,0,0,bounded,-0.005,-25,-3000,True,0.000100511304835889,9.943672903474382e-05,1.372709652561758,2.257290347438242,2.699579650737134,0.0009137675175580281,0.6867118612132,0.6867367682445013,-0.0,1.0,-0.0,1.0,0.0,1.0,0.0,1.0,0.0,1.0,-0.0,1.0,1.0108066286127504,-0.5632709652561907,0.5113048358889927,True
20261004,typical,27,3.63,5.5,0,0,bounded,-0.005,-25,3000,True,0.000100709789978593,9.963465594726068e-05,1.373440527393121,2.256559472606879,2.699416646996427,0.0009155776605353704,0.686713301541192,0.6867382689459088,-0.0,1.0,-0.0,1.0,0.0,1.0,0.0,1.0,0.0,1.0,-0.0,1.0,1.0107907637268445,-0.3653440527393248,0.7097899785929895,True
20261004,typical,27,3.63,5.5,0,0,bounded,-0.005,25,-3000,True,0.000100511304835889,9.943672903474382e-05,1.372709652561758,2.257290347438242,2.699579650737134,0.0009137675175580281,0.6867118612132,0.6867367682445013,-0.0,1.0,-0.0,1.0,0.0,1.0,0.0,1.0,0.0,1.0,-0.0,1.0,1.0108066286127504,-0.5632709652561907,0.5113048358889927,True
20261004,typical,27,3.63,5.5,0,0,bounded,-0.005,25,3000,True,0.000100709789978593,9.963465594726068e-05,1.373440527393121,2.256559472606879,2.699416646996427,0.0009155776605353704,0.686713301541192,0.6867382689459088,-0.0,1.0,-0.0,1.0,0.0,1.0,0.0,1.0,0.0,1.0,-0.0,1.0,1.0107907637268445,-0.3653440527393248,0.7097899785929895,True
20261004,typical,27,3.63,5.5,0,0,bounded,0.005,-25,-3000,True,0.0001015137345489574,0.0001004363605911364,1.376394088636115,2.253605911363885,2.698759486837954,0.0009229095435297083,0.6867191354204994,0.6867443475143378,-0.0,1.0,-0.0,1.0,0.0,1.0,0.0,1.0,0.0,1.0,-0.0,1.0,1.0107269314766079,0.4363605911364088,1.5137345489574017,True
20261004,typical,27,3.63,5.5,0,0,bounded,0.005,-25,3000,True,0.0001017122095915628,0.0001006342878409295,1.377121590705141,2.252878409294858,2.698598001464226,0.0009247196321806542,0.6867205756615122,0.6867458482008381,-0.0,1.0,-0.0,1.0,0.0,1.0,0.0,1.0,0.0,1.0,-0.0,1.0,1.0107112771775872,0.6342878409294928,1.7122095915627966,True
20261004,typical,27,3.63,5.5,0,0,bounded,0.005,25,-3000,True,0.0001015137345489574,0.0001004363605911364,1.376394088636115,2.253605911363885,2.698759486837954,0.0009229095435297083,0.6867191354204994,0.6867443475143378,-0.0,1.0,-0.0,1.0,0.0,1.0,0.0,1.0,0.0,1.0,-0.0,1.0,1.0107269314766079,0.4363605911364088,1.5137345489574017,True
20261004,typical,27,3.63,5.5,0,0,bounded,0.005,25,3000,True,0.0001017122095915628,0.0001006342878409295,1.377121590705141,2.252878409294858,2.698598001464226,0.0009247196321806542,0.6867205756615122,0.6867458482008381,-0.0,1.0,-0.0,1.0,0.0,1.0,0.0,1.0,0.0,1.0,-0.0,1.0,1.0107112771775872,0.6342878409294928,1.7122095915627966,True
20261004,typical,85,2.97,4.5,0,0,bounded,-0.005,-25,-3000,True,9.964499710578258e-05,9.942150268951607e-05,1.394973104839286,1.575026895160714,1.679024643176853,0.0007436843597931969,0.608253241021251,0.6082846162505128,-0.0,1.0,-0.0,1.0,0.0,1.0,0.0,1.0,0.0,1.0,-0.0,1.0,1.0022479484841873,-0.5784973104839386,-0.3550028942174266,True
20261004,typical,85,2.97,4.5,0,0,bounded,-0.005,-25,3000,True,9.944777256893835e-05,9.922358690587783e-05,1.39413094122163,1.57586905877837,1.679217944621726,0.0007422090394999551,0.608251781731076,0.6082830865490876,-0.0,1.0,-0.0,1.0,0.0,1.0,0.0,1.0,0.0,1.0,-0.0,1.0,1.0022593988995094,-0.7764130941221747,-0.5522274310616582,True
20261004,typical,85,2.97,4.5,0,0,bounded,-0.005,25,-3000,True,9.993385759167785e-05,9.971137948030567e-05,1.396205196943059,1.573794803056941,1.678742182824122,0.0007458451660483816,0.6082553783333046,0.6082868567170525,-0.0,1.0,-0.0,1.0,0.0,1.0,0.0,1.0,0.0,1.0,-0.0,1.0,1.0022312208750068,-0.2886205196943381,-0.06614240832214513,True
20261004,typical,85,2.97,4.5,0,0,bounded,-0.005,25,3000,True,9.973663608528062e-05,9.951346358472045e-05,1.395364152795187,1.574635847204813,1.678934950543079,0.0007443698590596948,0.6082539190692106,0.6082853270198831,-0.0,1.0,-0.0,1.0,0.0,1.0,0.0,1.0,0.0,1.0,-0.0,1.0,1.0022426362476087,-0.48653641527955926,-0.26336391471938336,True
20261004,typical,85,2.97,4.5,0,0,bounded,0.005,-25,-3000,True,0.0001006410490507773,0.0001004210785183747,1.399214816252789,1.570785183747211,1.678053916488291,0.0007511353337573824,0.6082606109018629,0.6082923419708784,-0.0,1.0,-0.0,1.0,0.0,1.0,0.0,1.0,0.0,1.0,-0.0,1.0,1.0021904816762386,0.4210785183746957,0.641049050777287,True
20261004,typical,85,2.97,4.5,0,0,bounded,0.005,-25,3000,True,0.0001004438349431906,0.0001002231623507257,1.398376492743373,1.571623507256627,1.678245390494656,0.0007496600592553243,0.6082591517014704,0.6082908122841346,-0.0,1.0,-0.0,1.0,0.0,1.0,0.0,1.0,0.0,1.0,-0.0,1.0,1.0022018123085428,0.223162350725703,0.4438349431906019,True
20261004,typical,85,2.97,4.5,0,0,bounded,0.005,25,-3000,True,0.000100929894282226,0.0001007109558695874,1.400441304125797,1.569558695874203,1.677774119681914,0.0007532960730319835,0.6082627480825693,0.608294582415904,-0.0,1.0,-0.0,1.0,0.0,1.0,0.0,1.0,0.0,1.0,-0.0,1.0,1.0021739284544386,0.7109558695873819,0.9298942822259848,True
20261004,typical,85,2.97,4.5,0,0,bounded,0.005,25,3000,True,0.0001007326831882464,0.0001005130395916275,1.399604083724518,1.570395916275482,1.677965070510771,0.0007518208117635646,0.6082612889081318,0.6082930527334249,-0.0,1.0,-0.0,1.0,0.0,1.0,0.0,1.0,0.0,1.0,-0.0,1.0,1.0021852248972998,0.5130395916274955,0.7326831882463969,True
20261004,typical,85,2.97,5,0,0,bounded,-0.005,-25,-3000,True,0.0001000437100147557,9.94215026097263e-05,1.394973902737054,1.575026097262946,2.178634967624037,0.0007955004226539557,0.6082561896466501,0.6082847544264902,-0.0,1.0,-0.0,1.0,0.0,1.0,0.0,1.0,0.0,1.0,-0.0,1.0,1.0062582780253468,-0.5784973902737134,0.04371001475569347,True
20261004,typical,85,2.97,5,0,0,bounded,-0.005,-25,3000,True,9.984584873351202e-05,9.922358682621447e-05,1.394131737855137,1.575868262144863,2.17882815956703,0.000793923306370707,0.608254725652299,0.6082832245046448,-0.0,1.0,-0.0,1.0,0.0,1.0,0.0,1.0,0.0,1.0,-0.0,1.0,1.006271310352723,-0.7764131737855284,-0.1541512664879785,True
20261004,typical,85,2.97,5,0,0,bounded,-0.005,25,-3000,True,0.0001003335033776444,9.971137940033067e-05,1.396205996692976,1.573794003307024,2.178352666368317,0.0007978103235364781,0.6082583338506372,0.6082869952159611,-0.0,1.0,-0.0,1.0,0.0,1.0,0.0,1.0,0.0,1.0,-0.0,1.0,1.0062392475267639,-0.2886205996693314,0.3335033776443952,True
20261004,typical,85,2.97,5,0,0,bounded,-0.005,25,3000,True,0.0001001356449061887,9.951346350487194e-05,1.39536495128028,1.57463504871972,2.178545325627531,0.0007962332209697127,0.608256869880761,0.6082854652982961,-0.0,1.0,-0.0,1.0,0.0,1.0,0.0,1.0,0.0,1.0,-0.0,1.0,1.0062522334104702,-0.48653649512806485,0.13564490618869218,True
20261004,typical,85,2.97,5,0,0,bounded,0.005,-25,-3000,True,0.0001010429801611891,0.000100421078437946,1.399215620539472,1.570784379460529,2.177664783156378,0.0008034655135959361,0.6082635833026206,0.6082924812608751,-0.0,1.0,-0.0,1.0,0.0,1.0,0.0,1.0,0.0,1.0,-0.0,1.0,1.0061929400970075,0.42107843794600974,1.0429801611890888,True
20261004,typical,85,2.97,5,0,0,bounded,0.005,-25,3000,True,0.0001008451285380331,0.0001002231622704236,1.398377295764353,1.571622704235647,2.177856151226866,0.0008018884444626504,0.6082621193924401,0.6082909513534503,-0.0,1.0,-0.0,1.0,0.0,1.0,0.0,1.0,0.0,1.0,-0.0,1.0,1.0062058136414744,0.2231622704236047,0.8451285380330908,True
20261004,typical,85,2.97,5,0,0,bounded,0.005,25,-3000,True,0.0001013327594098391,0.0001007109557889733,1.400442110266408,1.569557889733592,2.17738514025135,0.0008057753455717738,0.6082657273835586,0.6082947220292214,-0.0,1.0,-0.0,1.0,0.0,1.0,0.0,1.0,0.0,1.0,-0.0,1.0,1.0061741407972407,0.7109557889733109,1.3327594098391016,True
20261004,typical,85,2.97,5,0,0,bounded,0.005,25,3000,True,0.000101134910571087,0.0001005130395111401,1.39960488859927,1.57039511140073,2.17757598616425,0.0008041982900328318,0.6082642634976638,0.6082931921259803,-0.0,1.0,-0.0,1.0,0.0,1.0,0.0,1.0,0.0,1.0,-0.0,1.0,1.0061869690039367,0.5130395111401009,1.134910571086989,True
20261004,typical,85,2.97,5.5,0,0,bounded,-0.005,-25,-3000,True,0.0001003951254155294,9.942150253940237e-05,1.394974605976389,1.575025394023612,2.678292737198114,0.0008474550621567832,0.6082587818270846,0.608284876204106,-0.0,1.0,-0.0,1.0,0.0,1.0,0.0,1.0,0.0,1.0,-0.0,1.0,1.0097928803252714,-0.5784974605976378,0.39512541552939595,True
20261004,typical,85,2.97,5.5,0,0,bounded,-0.005,-25,3000,True,0.0001001967755439086,9.922358675598742e-05,1.394132440125694,1.575867559874306,2.678485762822958,0.0008457763279860862,0.608257314190189,0.6082833461131197,-0.0,1.0,-0.0,1.0,0.0,1.0,0.0,1.0,0.0,1.0,-0.0,1.0,1.0098080387913657,-0.7764132440125859,0.19677554390860053,True
20261004,typical,85,2.97,5.5,0,0,bounded,-0.005,25,-3000,True,0.0001006856342224954,9.971137932986486e-05,1.39620670135107,1.57379329864893,2.678010678334311,0.0008499137946627632,0.6082609313645532,0.6082871172412454,-0.0,1.0,-0.0,1.0,0.0,1.0,0.0,1.0,0.0,1.0,-0.0,1.0,1.0097707493284946,-0.28862067013514237,0.6856342224953904,True
20261004,typical,85,2.97,5.5,0,0,bounded,-0.005,25,3000,True,0.0001004872872971046,9.951346343450299e-05,1.395365654969986,1.574634345030014,2.678203172253041,0.0008482350763638741,0.6082594637533958,0.6082855871544902,-0.0,1.0,-0.0,1.0,0.0,1.0,0.0,1.0,0.0,1.0,-0.0,1.0,1.0097858503662929,-0.48653656549700885,0.4872872971046105,True
20261004,typical,85,2.97,5.5,0,0,bounded,0.005,-25,-3000,True,0.000101396861782968,0.000100421078367133,1.399216328669402,1.570783671330598,2.677323382574722,0.0008559333523860251,0.6082661938666798,0.6082926038922355,-0.0,1.0,-0.0,1.0,0.0,1.0,0.0,1.0,0.0,1.0,-0.0,1.0,1.0097169183173638,0.42107836713298763,1.3968617829680063,True
20261004,typical,85,2.97,5.5,0,0,bounded,0.005,-25,3000,True,0.0001011985220316785,0.0001002231621997073,1.398378002926586,1.571621997073414,2.677514587670288,0.0008542546727366748,0.6082647263182491,0.608291073815834,-0.0,1.0,-0.0,1.0,0.0,1.0,0.0,1.0,0.0,1.0,-0.0,1.0,1.0097318804412463,0.22316219970728302,1.198522031678495,True
20261004,typical,85,2.97,5.5,0,0,bounded,0.005,25,-3000,True,0.0001016873558065062,0.0001007109557180186,1.400442819813843,1.569557180186157,2.677043977193328,0.000858392005247578,0.6082683432748759,0.6082948449080167,-0.0,1.0,-0.0,1.0,0.0,1.0,0.0,1.0,0.0,1.0,-0.0,1.0,1.009695073207541,0.7109557180186021,1.6873558065061856,True
20261004,typical,85,2.97,5.5,0,0,bounded,0.005,25,3000,True,0.0001014890189695255,0.0001005130394402821,1.399605597178917,1.570394402821083,2.677234661086088,0.0008567133412993331,0.6082668757519434,0.6082933148358445,-0.0,1.0,-0.0,1.0,0.0,1.0,0.0,1.0,0.0,1.0,-0.0,1.0,1.0097099792691402,0.5130394402820926,1.4890189695254907,True
20261004,typical,85,3.3,4.5,0,0,bounded,-0.005,-25,-3000,True,9.957926007705544e-05,9.935553075312634e-05,1.394692468736507,1.905307531263493,1.679089032225724,0.000775979933963355,0.6082527546247625,0.6082841063519605,-0.0,1.0,-0.0,1.0,0.0,1.0,0.0,1.0,0.0,1.0,-0.0,1.0,1.0022518054328047,-0.6444692468736579,-0.4207399229445685,True
20261004,typical,85,3.3,4.5,0,0,bounded,-0.005,-25,3000,True,9.957926007712649e-05,9.935553075312634e-05,1.394692468736586,1.905307531263414,1.679089032225668,0.0007759799339636748,0.6082527546247625,0.6082841063519605,-0.0,1.0,-0.0,1.0,0.0,1.0,0.0,1.0,0.0,1.0,-0.0,1.0,1.0022518054335199,-0.6444692468736579,-0.42073992287351425,True
20261004,typical,85,3.3,4.5,0,0,bounded,-0.005,25,-3000,True,9.986812160714655e-05,9.964540750663674e-05,1.395924933632622,1.904075066367379,1.67880639417765,0.0007782364041352813,0.6082548919457602,0.6082863468199319,-0.0,1.0,-0.0,1.0,0.0,1.0,0.0,1.0,0.0,1.0,-0.0,1.0,1.0022350663827129,-0.3545924933632705,-0.13187839285344616,True
20261004,typical,85,3.3,4.5,0,0,bounded,-0.005,25,3000,True,9.986812160712879e-05,9.964540750663672e-05,1.395924933632641,1.90407506636736,1.678806394177651,0.0007782364041352014,0.6082548919457602,0.6082863468199319,-0.0,1.0,-0.0,1.0,0.0,1.0,0.0,1.0,0.0,1.0,-0.0,1.0,1.0022350663825348,-0.3545924933632816,-0.13187839287122083,True
20261004,typical,85,3.3,4.5,0,0,bounded,0.005,-25,-3000,True,0.0001005753156173787,0.0001003551064541059,1.398935458941103,1.901064541058897,1.67811769711696,0.0007837607837079513,0.6082601245361777,0.6082918320772637,-0.0,1.0,-0.0,1.0,0.0,1.0,0.0,1.0,0.0,1.0,-0.0,1.0,1.0021942995334623,0.35510645410590236,0.5753156173786911,True
20261004,typical,85,3.3,4.5,0,0,bounded,0.005,-25,3000,True,0.0001005753156173964,0.0001003551064541059,1.398935458941102,1.901064541058899,1.678117697116939,0.0007837607837080313,0.6082601245361777,0.6082918320772637,-0.0,1.0,-0.0,1.0,0.0,1.0,0.0,1.0,0.0,1.0,-0.0,1.0,1.0021942995336386,0.35510645410590236,0.575315617396388,True
20261004,typical,85,3.3,4.5,0,0,bounded,0.005,25,-3000,True,0.0001008641618884046,0.0001006449837685838,1.400162314161165,1.899837685838835,1.677837726123868,0.0007860171870653704,0.6082622617257976,0.6082940725237242,-0.0,1.0,-0.0,1.0,0.0,1.0,0.0,1.0,0.0,1.0,-0.0,1.0,1.0021777351599037,0.6449837685837956,0.864161888404591,True
20261004,typical,85,3.3,4.5,0,0,bounded,0.005,25,3000,True,0.0001008641618884224,0.0001006449837685838,1.400162314161177,1.899837685838823,1.677837726123845,0.0007860171870654503,0.6082622617257976,0.6082940725237242,-0.0,1.0,-0.0,1.0,0.0,1.0,0.0,1.0,0.0,1.0,-0.0,1.0,1.0021777351600807,0.6449837685837956,0.8641618884223989,True
20261004,typical,85,3.3,5,0,0,bounded,-0.005,-25,-3000,True,9.997776073494072e-05,9.935553067337875e-05,1.394693266212621,1.905306733787379,2.178699320253974,0.0008277620670280696,0.6082557016820831,0.6082842444544647,-0.0,1.0,-0.0,1.0,0.0,1.0,0.0,1.0,0.0,1.0,-0.0,1.0,1.0062626615483288,-0.6444693266212553,-0.022239265059287305,True
20261004,typical,85,3.3,5,0,0,bounded,-0.005,-25,3000,True,9.997776073492295e-05,9.935553067337875e-05,1.394693266212587,1.905306733787413,2.178699320254,0.0008277620670279809,0.6082557016820831,0.6082842444544647,-0.0,1.0,-0.0,1.0,0.0,1.0,0.0,1.0,0.0,1.0,-0.0,1.0,1.00626266154815,-0.6444693266212553,-0.022239265077050874,True
20261004,typical,85,3.3,5,0,0,bounded,-0.005,25,-3000,True,0.0001002675550684308,9.96454074267039e-05,1.395925732960808,1.904074267039192,2.178416841649761,0.0008301676319814868,0.6082578458944767,0.6082864852453391,-0.0,1.0,-0.0,1.0,0.0,1.0,0.0,1.0,0.0,1.0,-0.0,1.0,1.006243615815255,-0.3545925732960975,0.26755506843079147,True
20261004,typical,85,3.3,5,0,0,bounded,-0.005,25,3000,True,0.0001002675550683597,9.96454074267039e-05,1.395925732960742,1.904074267039259,2.178416841649795,0.0008301676319811316,0.6082578458944767,0.6082864852453391,-0.0,1.0,-0.0,1.0,0.0,1.0,0.0,1.0,0.0,1.0,-0.0,1.0,1.0062436158145416,-0.3545925732960975,0.2675550683596928,True
20261004,typical,85,3.3,5,0,0,bounded,0.005,-25,-3000,True,0.0001009770342193618,0.0001003551063737194,1.398936262805679,1.901063737194322,2.177728528553089,0.000836057034261302,0.6082630953669841,0.608291971293697,-0.0,1.0,-0.0,1.0,0.0,1.0,0.0,1.0,0.0,1.0,-0.0,1.0,1.0061972715501528,0.3551063737194049,0.9770342193617942,True
20261004,typical,85,3.3,5,0,0,bounded,0.005,-25,3000,True,0.0001009770342193618,0.0001003551063737194,1.398936262805713,1.901063737194287,2.177728528553088,0.000836057034261302,0.6082630953669841,0.608291971293697,-0.0,1.0,-0.0,1.0,0.0,1.0,0.0,1.0,0.0,1.0,-0.0,1.0,1.0061972715501528,0.3551063737194049,0.9770342193617942,True
20261004,typical,85,3.3,5,0,0,bounded,0.005,25,-3000,True,0.0001012668144312946,0.000100644983688012,1.400163119880025,1.899836880119976,2.177448711800659,0.0008384625304580352,0.6082652394562794,0.6082942120634518,-0.0,1.0,-0.0,1.0,0.0,1.0,0.0,1.0,0.0,1.0,-0.0,1.0,1.0061784573904866,0.6449836880119797,1.266814431294594,True
20261004,typical,85,3.3,5,0,0,bounded,0.005,25,3000,True,0.0001012668144312946,0.000100644983688012,1.40016311988,1.89983688012,2.177448711800674,0.0008384625304580352,0.6082652394562794,0.6082942120634518,-0.0,1.0,-0.0,1.0,0.0,1.0,0.0,1.0,0.0,1.0,-0.0,1.0,1.0061784573904866,0.6449836880119797,1.266814431294594,True
20261004,typical,85,3.3,5.5,0,0,bounded,-0.005,-25,-3000,True,0.0001003290132933526,9.935553060308708e-05,1.394693969129191,1.905306030870809,2.678357034466561,0.0008796828362348908,0.6082582926485095,0.6082843661757061,-0.0,1.0,-0.0,1.0,0.0,1.0,0.0,1.0,0.0,1.0,-0.0,1.0,1.0097979718326349,-0.6444693969129278,0.329013293352598,True
20261004,typical,85,3.3,5.5,0,0,bounded,-0.005,-25,3000,True,0.0001003290132932815,9.935553060308709e-05,1.394693969129084,1.905306030870916,2.678357034466631,0.0008796828362345,0.6082582926485095,0.6082843661757061,-0.0,1.0,-0.0,1.0,0.0,1.0,0.0,1.0,0.0,1.0,-0.0,1.0,1.009797971831919,-0.6444693969129167,0.3290132932814993,True
20261004,typical,85,3.3,5.5,0,0,bounded,-0.005,25,-3000,True,0.0001006195231161815,9.964540735627038e-05,1.395926437296118,1.904073562703883,2.678074798579755,0.0008822372335460505,0.608260442194806,0.6082866072142692,-0.0,1.0,-0.0,1.0,0.0,1.0,0.0,1.0,0.0,1.0,-0.0,1.0,1.0097758219445907,-0.3545926437296232,0.6195231161814974,True
20261004,typical,85,3.3,5.5,0,0,bounded,-0.005,25,3000,True,0.0001006195231161993,9.964540735627036e-05,1.395926437296153,1.904073562703847,2.678074798579758,0.0008822372335461483,0.6082604421948095,0.6082866072142692,-0.0,1.0,-0.0,1.0,0.0,1.0,0.0,1.0,0.0,1.0,-0.0,1.0,1.0097758219447697,-0.3545926437296454,0.6195231161993053,True
20261004,typical,85,3.3,5.5,0,0,bounded,0.005,-25,-3000,True,0.0001013307531525758,0.0001003551063029387,1.398936970613146,1.901063029386854,2.677387073722696,0.0008884910052700968,0.6082657047184661,0.6082920938687414,-0.0,1.0,-0.0,1.0,0.0,1.0,0.0,1.0,0.0,1.0,-0.0,1.0,1.0097219452559987,0.3551063029386903,1.330753152575781,True
20261004,typical,85,3.3,5.5,0,0,bounded,0.005,-25,3000,True,0.0001013307531525225,0.0001003551063029387,1.398936970613052,1.901063029386948,2.677387073722747,0.0008884910052698036,0.6082657047184661,0.6082920938687414,-0.0,1.0,-0.0,1.0,0.0,1.0,0.0,1.0,0.0,1.0,-0.0,1.0,1.0097219452554678,0.3551063029386903,1.3307531525224903,True
20261004,typical,85,3.3,5.5,0,0,bounded,0.005,25,-3000,True,0.0001016212481825623,0.0001006449836170895,1.400163829104779,1.899836170895221,2.677107494811786,0.0008910453230717252,0.6082678541354235,0.6082943348859424,-0.0,1.0,-0.0,1.0,0.0,1.0,0.0,1.0,0.0,1.0,-0.0,1.0,1.0097000817168102,0.6449836170895118,1.621248182562307,True
20261004,typical,85,3.3,5.5,0,0,bounded,0.005,25,3000,True,0.0001016212481825623,0.0001006449836170895,1.400163829104778,1.899836170895222,2.677107494811766,0.0008910453230717252,0.6082678541354235,0.6082943348859424,-0.0,1.0,-0.0,1.0,0.0,1.0,0.0,1.0,0.0,1.0,-0.0,1.0,1.0097000817168102,0.6449836170895118,1.621248182562307,True
20261004,typical,85,3.63,4.5,0,0,bounded,-0.005,-25,-3000,True,9.951352020597971e-05,9.928955882524376e-05,1.39441174756231,2.23558825243769,1.679153464411088,0.0008082319541369014,0.6082522682069712,0.6082835964521828,-0.0,1.0,-0.0,1.0,0.0,1.0,0.0,1.0,0.0,1.0,-0.0,1.0,1.0022556387941066,-0.7104411747562489,-0.4864797940202892,True
20261004,typical,85,3.63,4.5,0,0,bounded,-0.005,-25,3000,True,9.971074408258764e-05,9.948747463440184e-05,1.395253655981749,2.234746344018251,1.678960284689622,0.0008098378959687802,0.6082537274914297,0.608285126152651,-0.0,1.0,-0.0,1.0,0.0,1.0,0.0,1.0,0.0,1.0,-0.0,1.0,1.002244196558474,-0.5125253655981599,-0.28925591741236767,True
20261004,typical,85,3.63,4.5,0,0,bounded,-0.005,25,-3000,True,9.980238275555755e-05,9.957943554143849e-05,1.395644585614907,2.234355414385092,1.678870648449806,0.000810584088089758,0.6082544055367323,0.6082858369215751,-0.0,1.0,-0.0,1.0,0.0,1.0,0.0,1.0,0.0,1.0,-0.0,1.0,1.0022388881088433,-0.42056445856151203,-0.19761724444246065,True
20261004,typical,85,3.63,4.5,0,0,bounded,-0.005,25,3000,True,9.999960360306849e-05,9.977735146243431e-05,1.396485375656769,2.23351462434323,1.678678001748124,0.0008121900166967338,0.6082558647951186,0.6082873666177873,-0.0,1.0,-0.0,1.0,0.0,1.0,0.0,1.0,0.0,1.0,-0.0,1.0,1.002227480859901,-0.22264853756569503,-0.0003963969315123883,True
20261004,typical,85,3.63,4.5,0,0,bounded,0.005,-25,-3000,True,0.0001005095792550163,0.0001002891343982198,1.398656017802302,2.231343982197698,1.678181520140403,0.0008163426791874821,0.6082596381485529,0.6082913221823889,-0.0,1.0,-0.0,1.0,0.0,1.0,0.0,1.0,0.0,1.0,-0.0,1.0,1.0021980931246368,0.2891343982197814,0.5095792550162903,True
20261004,typical,85,3.63,4.5,0,0,bounded,0.005,-25,3000,True,0.0001007067927070208,0.0001004870505910153,1.399494089847153,2.230505910152847,1.677990165448267,0.0008179485755012499,0.608261097343265,0.6082928518681723,-0.0,1.0,-0.0,1.0,0.0,1.0,0.0,1.0,0.0,1.0,-0.0,1.0,1.0021867704815006,0.48705059101530335,0.7067927070207869,True
20261004,typical,85,3.63,4.5,0,0,bounded,0.005,25,-3000,True,0.0001007984265401999,0.0001005790116759275,1.3998832407252,2.2301167592748,1.677901374750047,0.0008186947464887927,0.6082617753468965,0.6082935626302743,-0.0,1.0,-0.0,1.0,0.0,1.0,0.0,1.0,0.0,1.0,-0.0,1.0,1.0021815174022524,0.5790116759275099,0.7984265401998814,True
20261004,typical,85,3.63,4.5,0,0,bounded,0.005,25,3000,True,0.0001009956369799651,0.0001007769279789272,1.400720210728122,2.229279789271877,1.67771054255012,0.0008203006296476733,0.6082632345156589,0.6082950923117946,-0.0,1.0,-0.0,1.0,0.0,1.0,0.0,1.0,0.0,1.0,-0.0,1.0,1.0021702288948877,0.776927978927211,0.9956369799650977,True
20261004,typical,85,3.63,5,0,0,bounded,-0.005,-25,-3000,True,9.991180862101948e-05,9.928955874553829e-05,1.394412544617066,2.235587455382934,2.178763715939684,0.0008599801560257282,0.6082552136962724,0.6082837344812133,-0.0,1.0,-0.0,1.0,0.0,1.0,0.0,1.0,0.0,1.0,-0.0,1.0,1.006267022266419,-0.7104412544617245,-0.08819137898052887,True
20261004,typical,85,3.63,5,0,0,bounded,-0.005,-25,3000,True,0.0001001096692921023,9.948747455456991e-05,1.395254454300944,2.234745545699056,2.178570645482347,0.0008616878937678825,0.6082566776852718,0.6082852644021194,-0.0,1.0,-0.0,1.0,0.0,1.0,0.0,1.0,0.0,1.0,-0.0,1.0,1.0062540007203733,-0.5125254454301009,0.10966929210229903,True
20261004,typical,85,3.63,5,0,0,bounded,-0.005,25,-3000,True,0.0001002016039005084,9.957943546154783e-05,1.395645384521546,2.234354615478454,2.178481059769607,0.0008624813849023247,0.608257357916897,0.6082859752734859,-0.0,1.0,-0.0,1.0,0.0,1.0,0.0,1.0,0.0,1.0,-0.0,1.0,1.0062479610983617,-0.4205645384521728,0.20160390050840693,True
20261004,typical,85,3.63,5,0,0,bounded,-0.005,25,3000,True,0.0001003994617636152,9.977735138241717e-05,1.396486175828131,2.233513824171869,2.178288521291527,0.0008641891090104305,0.6082588218814343,0.6082875051902098,-0.0,1.0,-0.0,1.0,0.0,1.0,0.0,1.0,0.0,1.0,-0.0,1.0,1.006234985921942,-0.2226486175828324,0.39946176361520536,True
20261004,typical,85,3.63,5,0,0,bounded,0.005,-25,-3000,True,0.0001009110853573282,0.0001002891343178755,1.398656821245243,2.231343178754757,2.177792316265481,0.0008686049990347701,0.6082626074094722,0.6082914613252662,-0.0,1.0,-0.0,1.0,0.0,1.0,0.0,1.0,0.0,1.0,-0.0,1.0,1.0062015794999424,0.2891343178754946,0.9110853573282007,True
20261004,typical,85,3.63,5,0,0,bounded,0.005,-25,3000,True,0.0001011089363770025,0.0001004870505105444,1.399494894555898,2.230505105444101,2.177601067276469,0.000870312689912486,0.6082640713143498,0.6082929912317481,-0.0,1.0,-0.0,1.0,0.0,1.0,0.0,1.0,0.0,1.0,-0.0,1.0,1.0061887164893237,0.48705051054438453,1.1089363770024896,True
20261004,typical,85,3.63,5,0,0,bounded,0.005,25,-3000,True,0.000101200866506911,0.0001005790115953978,1.399884046021888,2.230115953978111,2.17751232545587,0.0008711061593000636,0.6082647515069338,0.6082937020964141,-0.0,1.0,-0.0,1.0,0.0,1.0,0.0,1.0,0.0,1.0,-0.0,1.0,1.0061827502741303,0.5790115953977937,1.2008665069110025,True
20261004,typical,85,3.63,5,0,0,bounded,0.005,25,3000,True,0.0001013987147440822,0.0001007769278982709,1.400721017290953,2.229278982709046,2.177321597940616,0.0008728138366654539,0.608266215387538,0.6082952319987157,-0.0,1.0,-0.0,1.0,0.0,1.0,0.0,1.0,0.0,1.0,-0.0,1.0,1.0061699325309754,0.7769278982708849,1.3987147440821968,True
20261004,typical,85,3.63,5.5,0,0,bounded,-0.005,-25,-3000,True,0.0001002628983200343,9.928955867527891e-05,1.39441324721077,2.23558675278923,2.678421374714312,0.0009118670534257133,0.6082578034485485,0.6082838561460769,-0.0,1.0,-0.0,1.0,0.0,1.0,0.0,1.0,0.0,1.0,-0.0,1.0,1.0098030413040573,-0.7104413247211006,0.26289832003429936,True
20261004,typical,85,3.63,5.5,0,0,bounded,-0.005,-25,3000,True,0.0001004612475503724,9.948747448421367e-05,1.395255157863259,2.234744842136741,2.678228470352036,0.0009136764085791115,0.608259271079802,0.608285386236111,-0.0,1.0,-0.0,1.0,0.0,1.0,0.0,1.0,0.0,1.0,-0.0,1.0,1.0097878961266953,-0.5125255157863329,0.46124755037240117,True
20261004,typical,85,3.63,5.5,0,0,bounded,-0.005,25,-3000,True,0.0001005534091343901,9.957943539114659e-05,1.395646088534021,2.234353911465979,2.678138961587561,0.0009145171153832174,0.6082599530034949,0.6082860971860526,-0.0,1.0,-0.0,1.0,0.0,1.0,0.0,1.0,0.0,1.0,-0.0,1.0,1.0097808723198496,-0.4205646088534132,0.5534091343901038,True
20261004,typical,85,3.63,5.5,0,0,bounded,-0.005,25,3000,True,0.0001007517554208608,9.977735131191907e-05,1.396486880809172,2.233513119190827,2.677946588228288,0.0009163264547511773,0.60826142060903,0.6082876272718571,-0.0,1.0,-0.0,1.0,0.0,1.0,0.0,1.0,0.0,1.0,-0.0,1.0,1.009765784480444,-0.22264868808093974,0.7517554208608113,True
20261004,typical,85,3.63,5.5,0,0,bounded,0.005,-25,-3000,True,0.0001012646415852619,0.000100289134247127,1.398657528730038,2.231342471269961,2.67745080711156,0.0009210051007103514,0.6082652155482382,0.6082915838439859,-0.0,1.0,-0.0,1.0,0.0,1.0,0.0,1.0,0.0,1.0,-0.0,1.0,1.0097269494393193,0.28913424712699864,1.2646415852618942,True
20261004,typical,85,3.63,5.5,0,0,bounded,0.005,-25,3000,True,0.0001014629807034045,0.0001004870504396991,1.399495603008496,2.230504396991503,2.677259720879612,0.0009228144016390771,0.6082666830910897,0.6082931139194335,-0.0,1.0,-0.0,1.0,0.0,1.0,0.0,1.0,0.0,1.0,-0.0,1.0,1.0097120002969042,0.48705043969909934,1.4629807034044928,True
20261004,typical,85,3.63,5.5,0,0,bounded,0.005,25,-3000,True,0.0001015551375962769,0.0001005790115245076,1.399884754924115,2.230115245075885,2.677171054461684,0.0009236550832877094,0.60826736497376,0.6082938248625995,-0.0,1.0,-0.0,1.0,0.0,1.0,0.0,1.0,0.0,1.0,-0.0,1.0,1.0097050672597976,0.5790115245075889,1.555137596276901,True
20261004,typical,85,3.63,5.5,0,0,bounded,0.005,25,3000,True,0.0001017534738023489,0.0001007769278272839,1.400721727160747,2.229278272839252,2.67698048875027,0.0009254643686001048,0.6082688324911296,0.6082953549338198,-0.0,1.0,-0.0,1.0,0.0,1.0,0.0,1.0,0.0,1.0,-0.0,1.0,1.00969017409162,0.7769278272838909,1.7534738023488927,True
20261004,ff,0,2.97,4.5,0,0,bounded,-0.005,-25,-3000,True,0.0001001366079595504,9.965298005147537e-05,1.205199485246216,1.764800514753785,1.710782633310341,0.0007465840963931159,0.593640205023464,0.5936689881947672,-0.0,1.0,-0.0,1.0,0.0,1.0,0.0,1.0,0.0,1.0,-0.0,1.0,1.004853120376583,-0.3470199485246295,0.1366079595503944,True
20261004,ff,0,2.97,4.5,0,0,bounded,-0.005,-25,3000,True,9.993892676499007e-05,9.945504501499716e-05,1.204549850028323,1.765450149971677,1.710932056728037,0.0007451066639592719,0.593638783600452,0.5936675013345012,-0.0,1.0,-0.0,1.0,0.0,1.0,0.0,1.0,0.0,1.0,-0.0,1.0,1.0048653313657436,-0.5449549850028435,-0.06107323500993411,True
20261004,ff,0,2.97,4.5,0,0,bounded,-0.005,25,-3000,True,0.0001000018255278815,9.951802433825571e-05,1.204756617442952,1.765243382557049,1.710884482844472,0.0007455767569823552,0.5936392358731286,0.593667974426725,-0.0,1.0,-0.0,1.0,0.0,1.0,0.0,1.0,0.0,1.0,-0.0,1.0,1.0048614428676896,-0.48197566174429385,0.0018255278814827136,True
20261004,ff,0,2.97,4.5,0,0,bounded,-0.005,25,3000,True,9.980414306914133e-05,9.932008934285723e-05,1.204106571427494,1.765893428572507,1.711034095477127,0.0007440993189817041,0.5936378144393145,0.5936664875644468,-0.0,1.0,-0.0,1.0,0.0,1.0,0.0,1.0,0.0,1.0,-0.0,1.0,1.0048736738910204,-0.6799106571427793,-0.19585693085867328,True
20261004,ff,0,2.97,4.5,0,0,bounded,0.005,-25,-3000,True,0.0001011349696094347,0.0001006526528675119,1.20847132488032,1.76152867511968,1.710032173176384,0.0007540457520812769,0.5936473836862716,0.5936764975450309,-0.0,1.0,-0.0,1.0,0.0,1.0,0.0,1.0,0.0,1.0,-0.0,1.0,1.0047918929922064,0.6526528675118826,1.1349696094347106,True
20261004,ff,0,2.97,4.5,0,0,bounded,0.005,-25,3000,True,0.0001009372977328252,0.0001004547175293019,1.207824706980946,1.762175293019055,1.710180210787447,0.000752568360682071,0.5936459623429411,0.5936750106996473,-0.0,1.0,-0.0,1.0,0.0,1.0,0.0,1.0,0.0,1.0,-0.0,1.0,1.004803957597935,0.4547175293018846,0.9372977328251819,True
20261004,ff,0,2.97,4.5,0,0,bounded,0.005,25,-3000,True,0.0001010001935292541,0.0001005176969486625,1.20803051337472,1.76196948662528,1.71013307843615,0.0007530384406414592,0.593646414590252,0.5936754837871352,-0.0,1.0,-0.0,1.0,0.0,1.0,0.0,1.0,0.0,1.0,-0.0,1.0,1.0048001157531297,0.5176969486625049,1.0001935292540898,True
20261004,ff,0,2.97,4.5,0,0,bounded,0.005,25,3000,True,0.0001008025203992827,0.0001003197616509248,1.207383490752119,1.762616509247881,1.710281301523235,0.000751561043722314,0.5936449932361978,0.5936739969397431,-0.0,1.0,-0.0,1.0,0.0,1.0,0.0,1.0,0.0,1.0,-0.0,1.0,1.0048121999136892,0.31976165092479913,0.8025203992826802,True
20261004,ff,0,2.97,5,0,0,bounded,-0.005,-25,-3000,True,0.0001005884865642094,9.965297996128161e-05,1.205200387183959,1.764799612816041,2.210442098735722,0.0007989117931283579,0.5936434524308202,0.5936691403797206,-0.0,1.0,-0.0,1.0,0.0,1.0,0.0,1.0,0.0,1.0,-0.0,1.0,1.0093876430317614,-0.34702003871839304,0.5884865642093784,True
20261004,ff,0,2.97,5,0,0,bounded,-0.005,-25,3000,True,0.0001003901793787278,9.945504492492727e-05,1.204550750727298,1.765449249272702,2.210591366298712,0.0007973323901429569,0.593642026513512,0.5936676533089101,-0.0,1.0,-0.0,1.0,0.0,1.0,0.0,1.0,0.0,1.0,-0.0,1.0,1.009402584398875,-0.5449550750727394,0.3901793787278063,True
20261004,ff,0,2.97,5,0,0,bounded,-0.005,25,-3000,True,0.0001004532773348855,9.951802424814638e-05,1.204757518536174,1.765242481463826,2.210543842075351,0.0007978349285137352,0.5936424802162964,0.593668126468129,-0.0,1.0,-0.0,1.0,0.0,1.0,0.0,1.0,0.0,1.0,-0.0,1.0,1.0093978261104448,-0.48197575185362496,0.4532773348854935,True
20261004,ff,0,2.97,5,0,0,bounded,-0.005,25,3000,True,0.0001002549687954647,9.932008925287181e-05,1.204107471281816,1.765892528718184,2.210693298411975,0.0007962555188806407,0.5936410542875302,0.59366663939528,-0.0,1.0,-0.0,1.0,0.0,1.0,0.0,1.0,0.0,1.0,-0.0,1.0,1.0094127940241038,-0.6799107471281984,0.254968795464694,True
20261004,ff,0,2.97,5,0,0,bounded,0.005,-25,-3000,True,0.0001015900078096656,0.000100652652776693,1.208472233069337,1.761527766930663,2.209692415958462,0.0008068884276174244,0.5936506537775563,0.593676650792654,-0.0,1.0,-0.0,1.0,0.0,1.0,0.0,1.0,0.0,1.0,-0.0,1.0,1.0093127702759332,0.6526527766929968,1.5900078096656056,True
20261004,ff,0,2.97,5,0,0,bounded,0.005,-25,3000,True,0.000101391710591109,0.0001004547174386067,1.207825613932844,1.762174386067156,2.209840300940122,0.0008053090735705079,0.5936492279447064,0.5936751637369508,-0.0,1.0,-0.0,1.0,0.0,1.0,0.0,1.0,0.0,1.0,-0.0,1.0,1.0093275176755632,0.4547174386066999,1.3917105911090077,True
20261004,ff,0,2.97,5,0,0,bounded,0.005,25,-3000,True,0.0001014548053735921,0.000100517696857928,1.208031420720154,1.761968579279846,2.209793217221227,0.0008058115963582996,0.5936496816206008,0.5936756368913613,-0.0,1.0,-0.0,1.0,0.0,1.0,0.0,1.0,0.0,1.0,-0.0,1.0,1.0093228212041967,0.5176968579279961,1.454805373592083,True
20261004,ff,0,2.97,5,0,0,bounded,0.005,25,3000,True,0.0001012565068158046,0.000100319761560314,1.207384396860287,1.762615603139713,2.209941287247877,0.0008042322357354173,0.5936482557763956,0.5936741498336194,-0.0,1.0,-0.0,1.0,0.0,1.0,0.0,1.0,0.0,1.0,-0.0,1.0,1.0093375945169827,0.3197615603139914,1.2565068158045811,True
20261004,ff,0,2.97,5.5,0,0,bounded,-0.005,-25,-3000,True,0.0001010026364746768,9.965297987862117e-05,1.205201213788296,1.764798786211704,2.710131248313833,0.0008514838606725448,0.5936464029863819,0.5936692798306366,-0.0,1.0,-0.0,1.0,0.0,1.0,0.0,1.0,0.0,1.0,-0.0,1.0,1.0135435648557578,-0.3470201213788382,1.002636474676799,True
20261004,ff,0,2.97,5.5,0,0,bounded,-0.005,-25,3000,True,0.0001008038095149626,9.945504484236957e-05,1.204551576304226,1.765448423695775,2.710280334015098,0.0008498024453364537,0.5936449732694258,0.593667792584959,-0.0,1.0,-0.0,1.0,0.0,1.0,0.0,1.0,0.0,1.0,-0.0,1.0,1.013561551098094,-0.5449551576304335,0.8038095149625946,True
20261004,ff,0,2.97,5.5,0,0,bounded,-0.005,25,-3000,True,0.0001008670728807264,9.9518024165556e-05,1.204758344439971,1.765241655560029,2.710232867726208,0.0008503374424379791,0.5936454281814019,0.5936682657998246,-0.0,1.0,-0.0,1.0,0.0,1.0,0.0,1.0,0.0,1.0,-0.0,1.0,1.0135558229424466,-0.48197583444401504,0.867072880726405,True
20261004,ff,0,2.97,5.5,0,0,bounded,-0.005,25,3000,True,0.0001006682443975731,9.93200891703842e-05,1.204108296157773,1.765891703842227,2.710382141764476,0.000848656018844975,0.5936439984516466,0.5936667785520523,-0.0,1.0,-0.0,1.0,0.0,1.0,0.0,1.0,0.0,1.0,-0.0,1.0,1.013573842295652,-0.6799108296158041,0.6682443975730923,True
20261004,ff,0,2.97,5.5,0,0,bounded,0.005,-25,-3000,True,0.000102006779079547,0.0001006526526935144,1.208473064856032,1.761526935143968,2.709382474348335,0.0008599756732595499,0.5936536234935819,0.593676791125459,-0.0,1.0,-0.0,1.0,0.0,1.0,0.0,1.0,0.0,1.0,-0.0,1.0,1.013453459494564,0.6526526935143995,2.006779079546983,True
20261004,ff,0,2.97,5.5,0,0,bounded,0.005,-25,3000,True,0.0001018079633270812,0.0001004547173555305,1.207826444694305,1.762173555305695,2.709530180658219,0.0008582943186671847,0.5936521938708685,0.5936753038953114,-0.0,1.0,-0.0,1.0,0.0,1.0,0.0,1.0,0.0,1.0,-0.0,1.0,1.013471203813767,0.4547173555304873,1.8079633270811968,True
20261004,ff,0,2.97,5.5,0,0,bounded,0.005,25,-3000,True,0.0001018712231240198,0.0001005176967748192,1.208032251807913,1.761967748192087,2.709483153857132,0.0008588292964256403,0.5936526487528362,0.5936757771052367,-0.0,1.0,-0.0,1.0,0.0,1.0,0.0,1.0,0.0,1.0,-0.0,1.0,1.0134655527596577,0.5176967748191874,1.871223124019794,True
20261004,ff,0,2.97,5.5,0,0,bounded,0.005,25,3000,True,0.0001016724058664114,0.0001003197614773077,1.207385226922698,1.762614773077303,2.709631044785865,0.0008571479336751792,0.5936512191174595,0.5936742898729944,-0.0,1.0,-0.0,1.0,0.0,1.0,0.0,1.0,0.0,1.0,-0.0,1.0,1.0134833293977645,0.31976147730770066,1.6724058664113972,True
20261004,ff,0,3.3,4.5,0,0,bounded,-0.005,-25,-3000,True,0.0001000707154512474,9.958700169929573e-05,1.204983007042517,2.095016992957484,1.71083240956099,0.000778955337271917,0.5936397312249947,0.5936684925754745,-0.0,1.0,-0.0,1.0,0.0,1.0,0.0,1.0,0.0,1.0,-0.0,1.0,1.004857197663328,-0.41299830070428145,0.07071545124739398,True
20261004,ff,0,3.3,4.5,0,0,bounded,-0.005,-25,3000,True,0.0001000707154512296,9.958700169929573e-05,1.204983007042497,2.095016992957503,1.710832409560994,0.0007789553372718371,0.5936397312249947,0.5936684925754745,-0.0,1.0,-0.0,1.0,0.0,1.0,0.0,1.0,0.0,1.0,-0.0,1.0,1.0048571976631493,-0.41299830070428145,0.070715451229586,True
20261004,ff,0,3.3,4.5,0,0,bounded,-0.005,25,-3000,True,9.993593259604173e-05,9.94520459997558e-05,1.204540002441934,2.095459997558066,1.710934322084132,0.0007779034606149437,0.5936387620710423,0.5936674788067592,-0.0,1.0,-0.0,1.0,0.0,1.0,0.0,1.0,0.0,1.0,-0.0,1.0,1.0048655268116566,-0.5479540002442107,-0.06406740395827892,True
20261004,ff,0,3.3,4.5,0,0,bounded,-0.005,25,3000,True,9.99359325960595e-05,9.945204599975579e-05,1.204540002441909,2.095459997558091,1.710934322084121,0.0007779034606150237,0.5936387620710423,0.5936674788067592,-0.0,1.0,-0.0,1.0,0.0,1.0,0.0,1.0,0.0,1.0,-0.0,1.0,1.0048655268118356,-0.5479540002442218,-0.06406740394050425,True
20261004,ff,0,3.3,4.5,0,0,bounded,0.005,-25,-3000,True,0.0001010690802231144,0.0001005866744148538,1.208255851461485,2.091744148538516,1.710081488093144,0.0007867468987066384,0.5936469099144769,0.593676001930704,-0.0,1.0,-0.0,1.0,0.0,1.0,0.0,1.0,0.0,1.0,-0.0,1.0,1.004795921637403,0.586674414853805,1.0690802231143826,True
20261004,ff,0,3.3,4.5,0,0,bounded,0.005,-25,3000,True,0.0001010690802230966,0.0001005866744148538,1.208255851461572,2.091744148538429,1.710081488093097,0.0007867468987065585,0.5936469099144769,0.593676001930704,-0.0,1.0,-0.0,1.0,0.0,1.0,0.0,1.0,0.0,1.0,-0.0,1.0,1.004795921637226,0.586674414853805,1.0690802230965968,True
20261004,ff,0,3.3,4.5,0,0,bounded,0.005,25,-3000,True,0.0001009343037229319,0.000100451718509482,1.207814905180057,2.092185094819944,1.710182455098108,0.0007856950499680126,0.5936459408148663,0.593674988172137,-0.0,1.0,-0.0,1.0,0.0,1.0,0.0,1.0,0.0,1.0,-0.0,1.0,1.0048041508956798,0.451718509482002,0.9343037229319062,True
20261004,ff,0,3.3,4.5,0,0,bounded,0.005,25,3000,True,0.0001009343037229497,0.000100451718509482,1.207814905180035,2.092185094819965,1.710182455098069,0.0007856950499680925,0.5936459408148663,0.593674988172137,-0.0,1.0,-0.0,1.0,0.0,1.0,0.0,1.0,0.0,1.0,-0.0,1.0,1.004804150895857,0.451718509482002,0.934303722949692,True
20261004,ff,0,3.3,5,0,0,bounded,-0.005,-25,-3000,True,0.0001005223854099703,9.958700160914326e-05,1.204983908567214,2.095016091432786,2.210491823107446,0.0008312490444936601,0.5936429771343789,0.5936686446902516,-0.0,1.0,-0.0,1.0,0.0,1.0,0.0,1.0,0.0,1.0,-0.0,1.0,1.0093926294166202,-0.4129983908567447,0.522385409970294,True
20261004,ff,0,3.3,5,0,0,bounded,-0.005,-25,3000,True,0.0001005223854100236,9.958700160914326e-05,1.204983908567225,2.095016091432775,2.21049182310741,0.0008312490444939266,0.5936429771343789,0.5936686446902516,-0.0,1.0,-0.0,1.0,0.0,1.0,0.0,1.0,0.0,1.0,-0.0,1.0,1.0093926294171554,-0.4129983908567447,0.5223854100235847,True
20261004,ff,0,3.3,5,0,0,bounded,-0.005,25,-3000,True,0.0001003871757273202,9.945204590968776e-05,1.204540903122156,2.095459096877844,2.210593629288834,0.0008301276422720445,0.5936420049160243,0.5936676307779782,-0.0,1.0,-0.0,1.0,0.0,1.0,0.0,1.0,0.0,1.0,-0.0,1.0,1.009402821320354,-0.5479540903122415,0.3871757273201881,True
20261004,ff,0,3.3,5,0,0,bounded,-0.005,25,3000,True,0.0001003871757273024,9.945204590968776e-05,1.204540903122161,2.095459096877839,2.210593629289183,0.0008301276422719558,0.5936420049160243,0.5936676307779782,-0.0,1.0,-0.0,1.0,0.0,1.0,0.0,1.0,0.0,1.0,-0.0,1.0,1.0094028213201751,-0.5479540903122415,0.38717572730240235,True
20261004,ff,0,3.3,5,0,0,bounded,0.005,-25,-3000,True,0.0001015239099933076,0.0001005866743240762,1.208256759238282,2.091743240761718,2.209741680069651,0.0008395555873694678,0.5936501785093831,0.5936761551082255,-0.0,1.0,-0.0,1.0,0.0,1.0,0.0,1.0,0.0,1.0,-0.0,1.0,1.0093176921846703,0.5866743240761974,1.523909993307604,True
20261004,ff,0,3.3,5,0,0,bounded,0.005,-25,3000,True,0.0001015239099933253,0.0001005866743240762,1.208256759238268,2.091743240761732,2.209741680069629,0.0008395555873695567,0.5936501785093831,0.5936761551082255,-0.0,1.0,-0.0,1.0,0.0,1.0,0.0,1.0,0.0,1.0,-0.0,1.0,1.0093176921848461,0.5866743240761974,1.5239099933253009,True
20261004,ff,0,3.3,5,0,0,bounded,0.005,25,-3000,True,0.0001013887071086507,0.0001004517184187887,1.20781581211318,2.09218418788682,2.209842542934171,0.0008384342184587453,0.5936492063486245,0.5936751412062543,-0.0,1.0,-0.0,1.0,0.0,1.0,0.0,1.0,0.0,1.0,-0.0,1.0,1.0093277517260146,0.45171841878868246,1.3887071086506886,True
20261004,ff,0,3.3,5,0,0,bounded,0.005,25,3000,True,0.0001013887071086685,0.0001004517184187887,1.207815812113177,2.092184187886823,2.209842542934144,0.0008384342184588342,0.5936492063486245,0.5936751412062543,-0.0,1.0,-0.0,1.0,0.0,1.0,0.0,1.0,0.0,1.0,-0.0,1.0,1.009327751726192,0.45171841878868246,1.3887071086684966,True
20261004,ff,0,3.3,5.5,0,0,bounded,-0.005,-25,-3000,True,0.00010093636209273,9.958700152651707e-05,1.204984734829182,2.095015265170818,2.710180912136853,0.0008837871086810583,0.5936459264236316,0.5936687840828889,-0.0,1.0,-0.0,1.0,0.0,1.0,0.0,1.0,0.0,1.0,-0.0,1.0,1.0135495651594013,-0.4129984734829395,0.9363620927299809,True
20261004,ff,0,3.3,5.5,0,0,bounded,-0.005,-25,3000,True,0.0001009363620927122,9.958700152651708e-05,1.204984734829152,2.095015265170848,2.710180912136866,0.0008837871086809605,0.5936459264236316,0.5936687840828889,-0.0,1.0,-0.0,1.0,0.0,1.0,0.0,1.0,0.0,1.0,-0.0,1.0,1.0135495651592223,-0.4129984734829284,0.9363620927121952,True
20261004,ff,0,3.3,5.5,0,0,bounded,-0.005,25,-3000,True,0.0001008007979890185,9.945204582713164e-05,1.204541728683529,2.095458271316471,2.710282594246024,0.0008825961523026464,0.5936449516143709,0.5936677700513776,-0.0,1.0,-0.0,1.0,0.0,1.0,0.0,1.0,0.0,1.0,-0.0,1.0,1.0135618342555897,-0.5479541728683701,0.8007979890184869,True
20261004,ff,0,3.3,5.5,0,0,bounded,-0.005,25,3000,True,0.0001008007979890185,9.945204582713162e-05,1.204541728683531,2.09545827131647,2.710282594246018,0.0008825961523026464,0.5936449516143709,0.5936677700513776,-0.0,1.0,-0.0,1.0,0.0,1.0,0.0,1.0,0.0,1.0,-0.0,1.0,1.0135618342555899,-0.5479541728683812,0.8007979890184869,True
20261004,ff,0,3.3,5.5,0,0,bounded,0.005,-25,-3000,True,0.0001019405084482888,0.0001005866742409317,1.208257590683246,2.091742409316754,2.709431678972485,0.0008926088335942876,0.5936531469623496,0.5936762953828939,-0.0,1.0,-0.0,1.0,0.0,1.0,0.0,1.0,0.0,1.0,-0.0,1.0,1.0134593793618658,0.5866742409316839,1.9405084482887913,True
20261004,ff,0,3.3,5.5,0,0,bounded,0.005,-25,3000,True,0.000101940508448271,0.0001005866742409317,1.208257590683231,2.091742409316769,2.709431678972481,0.00089260883359419,0.5936531469623496,0.5936762953828939,-0.0,1.0,-0.0,1.0,0.0,1.0,0.0,1.0,0.0,1.0,-0.0,1.0,1.0134593793616886,0.5866742409316839,1.9405084482709833,True
20261004,ff,0,3.3,5.5,0,0,bounded,0.005,25,-3000,True,0.0001018049519889513,0.0001004517183357141,1.207816642859155,2.092183357140845,2.709532419941214,0.0008914179185806764,0.5936521722173701,0.5936752813619721,-0.0,1.0,-0.0,1.0,0.0,1.0,0.0,1.0,0.0,1.0,-0.0,1.0,1.0134714833718885,0.4517183357140908,1.8049519889512977,True
20261004,ff,0,3.3,5.5,0,0,bounded,0.005,25,3000,True,0.000101804951988898,0.0001004517183357141,1.207816642859154,2.092183357140846,2.709532419941256,0.0008914179185803832,0.5936521722173701,0.5936752813619721,-0.0,1.0,-0.0,1.0,0.0,1.0,0.0,1.0,0.0,1.0,-0.0,1.0,1.0134714833713578,0.4517183357140908,1.8049519888979848,True
20261004,ff,0,3.63,4.5,0,0,bounded,-0.005,-25,-3000,True,0.0001000048222473052,9.952102335380062e-05,1.204766461993656,2.425233538006344,1.710882216953933,0.0008112830295750623,0.5936392574212428,0.5936679969556876,-0.0,1.0,-0.0,1.0,0.0,1.0,0.0,1.0,0.0,1.0,-0.0,1.0,1.004861273298855,-0.4789766461993805,0.00482224730518066,True
20261004,ff,0,3.63,4.5,0,0,bounded,-0.005,-25,3000,True,0.000100202502829431,9.971895841033208e-05,1.205415896679194,2.424584103320806,1.710732885853452,0.000812891096449766,0.5936406788390145,0.593669483814973,-0.0,1.0,-0.0,1.0,0.0,1.0,0.0,1.0,0.0,1.0,-0.0,1.0,1.004849072100304,-0.2810415896679297,0.20250282943099496,True
20261004,ff,0,3.63,4.5,0,0,bounded,-0.005,25,-3000,True,9.987003896969972e-05,9.938606766795392e-05,1.204323320460675,2.425676679539325,1.710984192548959,0.0008101866156862065,0.5936382882636824,0.5936669831863013,-0.0,1.0,-0.0,1.0,0.0,1.0,0.0,1.0,0.0,1.0,-0.0,1.0,1.004869609122304,-0.6139323320460854,-0.12996103030028516,True
20261004,ff,0,3.63,4.5,0,0,bounded,-0.005,25,3000,True,0.000100067720815206,9.95840026834462e-05,1.204973165538046,2.425026834461954,1.710834672483795,0.00081179468809721,0.5936397096922491,0.5936684700475967,-0.0,1.0,-0.0,1.0,0.0,1.0,0.0,1.0,0.0,1.0,-0.0,1.0,1.004857387921004,-0.4159973165538067,0.06772081520600715,True
20261004,ff,0,3.63,4.5,0,0,bounded,0.005,-25,-3000,True,0.0001010031901328238,0.0001005206959687815,1.208040312184929,2.421959687815071,1.7101308335489,0.0008194044966522196,0.5936464361373421,0.59367550631588,-0.0,1.0,-0.0,1.0,0.0,1.0,0.0,1.0,0.0,1.0,-0.0,1.0,1.004799948502069,0.5206959687815038,1.0031901328237947,True
20261004,ff,0,3.63,4.5,0,0,bounded,0.005,-25,3000,True,0.0001012008614024166,0.0001007186313267485,1.208686732514299,2.421313267485701,1.709982886432542,0.0008210125227149013,0.5936478574754708,0.5936769931602827,-0.0,1.0,-0.0,1.0,0.0,1.0,0.0,1.0,0.0,1.0,-0.0,1.0,1.004787893454426,0.7186313267484978,1.2008614024165976,True
20261004,ff,0,3.63,4.5,0,0,bounded,0.005,25,-3000,True,0.0001008684132139007,0.0001003857400769004,1.207599230995951,2.422400769004049,1.710231862379392,0.000818308110629648,0.5936454670341514,0.5936744925566434,-0.0,1.0,-0.0,1.0,0.0,1.0,0.0,1.0,0.0,1.0,-0.0,1.0,1.0048081842762782,0.38574007690039824,0.8684132139006984,True
20261004,ff,0,3.63,4.5,0,0,bounded,0.005,25,3000,True,0.0001010660857359672,0.0001005836753944347,1.208246055652584,2.421753944347416,1.710083730029969,0.0008199161421815638,0.5936468883829948,0.5936759794030564,-0.0,1.0,-0.0,1.0,0.0,1.0,0.0,1.0,0.0,1.0,-0.0,1.0,1.004796109703098,0.5836753944346906,1.0660857359672038,True
20261004,ff,0,3.63,5,0,0,bounded,-0.005,-25,-3000,True,0.0001004562835441582,9.952102326368942e-05,1.204767363105567,2.425232636894433,2.210541578549251,0.0008635427468559362,0.5936425018325441,0.5936681490002834,-0.0,1.0,-0.0,1.0,0.0,1.0,0.0,1.0,0.0,1.0,-0.0,1.0,1.009397615195241,-0.4789767363105879,0.45628354415820915,True
20261004,ff,0,3.63,5,0,0,bounded,-0.005,-25,3000,True,0.0001006545900735069,9.971895832009703e-05,1.205416799029607,2.424583200970392,2.210392403088206,0.0008652527837574146,0.5936439277442884,0.5936696360700972,-0.0,1.0,-0.0,1.0,0.0,1.0,0.0,1.0,0.0,1.0,-0.0,1.0,1.0093826867946865,-0.28104167990297135,0.6545900735068999,True
20261004,ff,0,3.63,5,0,0,bounded,-0.005,25,-3000,True,0.0001003210734090877,9.93860675779272e-05,1.204324220727975,2.425675779272025,2.21064344765578,0.0008623768070411544,0.5936415296103584,0.5936671350873316,-0.0,1.0,-0.0,1.0,0.0,1.0,0.0,1.0,0.0,1.0,-0.0,1.0,1.0094078159438935,-0.6139324220728049,0.321073409087691,True
20261004,ff,0,3.63,5,0,0,bounded,-0.005,25,3000,True,0.0001005193812913453,9.958400259329559e-05,1.204974067044144,2.425025932955856,2.2104940836707,0.0008640868505582647,0.5936429555335573,0.5936686221591876,-0.0,1.0,-0.0,1.0,0.0,1.0,0.0,1.0,0.0,1.0,-0.0,1.0,1.009392861038834,-0.4159974067044159,0.5193812913453,True
20261004,ff,0,3.63,5,0,0,bounded,0.005,-25,-3000,True,0.0001014578114574184,0.000100520695878045,1.208041219549274,2.421958780450725,2.209790974649381,0.0008721791980123447,0.593649703235752,0.593675659423296,-0.0,1.0,-0.0,1.0,0.0,1.0,0.0,1.0,0.0,1.0,-0.0,1.0,1.0093226133303965,0.5206958780449966,1.4578114574183898,True
20261004,ff,0,3.63,5,0,0,bounded,0.005,-25,3000,True,0.0001016561080270896,0.0001007186312358884,1.208687641115811,2.421312358884189,2.209643179952252,0.0008738891862096101,0.5936511290630938,0.5936771464780041,-0.0,1.0,-0.0,1.0,0.0,1.0,0.0,1.0,0.0,1.0,-0.0,1.0,1.0093078785890723,0.7186312358884006,1.6561080270895978,True
20261004,ff,0,3.63,5,0,0,bounded,0.005,25,-3000,True,0.0001013226081253506,0.0001003857399862483,1.207600137516545,2.422399862483455,2.209891899195766,0.0008710132914647892,0.5936487310712023,0.593674645520643,-0.0,1.0,-0.0,1.0,0.0,1.0,0.0,1.0,0.0,1.0,-0.0,1.0,1.0093326815066626,0.3857399862482902,1.3226081253505884,True
20261004,ff,0,3.63,5,0,0,bounded,0.005,25,3000,True,0.0001015209060332224,0.0001005836753036589,1.208246963410558,2.421753036589442,2.209743919695883,0.0008727232862061605,0.5936501569098925,0.5936761325773915,-0.0,1.0,-0.0,1.0,0.0,1.0,0.0,1.0,0.0,1.0,-0.0,1.0,1.0093179208925707,0.5836753036588815,1.5209060332223912,True
20261004,ff,0,3.63,5.5,0,0,bounded,-0.005,-25,-3000,True,0.0001008700869701667,9.952102318109749e-05,1.204768189024986,2.425231810975014,2.710230606958616,0.0009160468071712218,0.5936454498552568,0.5936682883346334,-0.0,1.0,-0.0,1.0,0.0,1.0,0.0,1.0,0.0,1.0,-0.0,1.0,1.0135555659090676,-0.4789768189025212,0.8700869701667058,True
20261004,ff,0,3.63,5.5,0,0,bounded,-0.005,-25,3000,True,0.0001010689131911118,9.971895823740236e-05,1.205417625976448,2.424582374023553,2.710081613146356,0.0009178588556407518,0.5936468795659976,0.5936697755792845,-0.0,1.0,-0.0,1.0,0.0,1.0,0.0,1.0,0.0,1.0,-0.0,1.0,1.0135375958350425,-0.2810417625976447,1.0689131911117977,True
20261004,ff,0,3.63,5.5,0,0,bounded,-0.005,25,-3000,True,0.0001007345223575822,9.938606749540533e-05,1.204325045946633,2.425674954053367,2.710332351847033,0.000914811312662981,0.5936444750417201,0.5936672743024227,-0.0,1.0,-0.0,1.0,0.0,1.0,0.0,1.0,0.0,1.0,-0.0,1.0,1.013567846038774,-0.613932504594672,0.7345223575822013,True
20261004,ff,0,3.63,5.5,0,0,bounded,-0.005,25,3000,True,0.0001009333501006342,9.958400251067095e-05,1.204974893290466,2.425025106709534,2.71018316994669,0.0009166233693549846,0.5936459047652518,0.5936687615491737,-0.0,1.0,-0.0,1.0,0.0,1.0,0.0,1.0,0.0,1.0,-0.0,1.0,1.013549842905929,-0.41599748932905634,0.9333501006342004,True
20261004,ff,0,3.63,5.5,0,0,bounded,0.005,-25,-3000,True,0.0001018742370692021,0.0001005206957949347,1.208042050652533,2.421957949347467,2.709480913995449,0.0009251984443040091,0.5936526704254439,0.5936757996398172,-0.0,1.0,-0.0,1.0,0.0,1.0,0.0,1.0,0.0,1.0,-0.0,1.0,1.013465299494431,0.5206957949347002,1.8742370692020893,True
20261004,ff,0,3.63,5.5,0,0,bounded,0.005,-25,3000,True,0.0001020730520917095,0.0001007186311526756,1.20868847324389,2.42131152675611,2.709333297762344,0.0009270104322765077,0.5936541000420066,0.5936772868689421,-0.0,1.0,-0.0,1.0,0.0,1.0,0.0,1.0,0.0,1.0,-0.0,1.0,1.0134475709561699,0.7186311526755862,2.073052091709493,True
20261004,ff,0,3.63,5.5,0,0,bounded,0.005,25,-3000,True,0.0001017386801071201,0.0001003857399032079,1.207600967920775,2.422399032079225,2.709581716504034,0.0009239629911257448,0.593651695676234,0.5936747856181962,-0.0,1.0,-0.0,1.0,0.0,1.0,0.0,1.0,0.0,1.0,-0.0,1.0,1.0134774142743452,0.3857399032078934,1.738680107120083,True
20261004,ff,0,3.63,5.5,0,0,bounded,0.005,25,3000,True,0.0001019374966336866,0.000100583675220516,1.208247794840051,2.421752205159949,2.7094339158935,0.000925774987223671,0.5936531253054547,0.5936762728494173,-0.0,1.0,-0.0,1.0,0.0,1.0,0.0,1.0,0.0,1.0,-0.0,1.0,1.0134596534696365,0.583675220515989,1.9374966336866084,True
20261004,ff,27,2.97,4.5,0,0,bounded,-0.005,-25,-3000,True,0.0001000389179202036,9.958460251691437e-05,1.213974830856277,1.756025169143723,1.699968812572845,0.0007459414099470693,0.5571268258596688,0.5571560554136032,-0.0,1.0,-0.0,1.0,0.0,1.0,0.0,1.0,0.0,1.0,-0.0,1.0,1.0045621049018303,-0.4153974830856333,0.03891792020358498,True
20261004,ff,27,2.97,4.5,0,0,bounded,-0.005,-25,3000,True,9.984130059609887e-05,9.938667241620746e-05,1.213275837925437,1.756724162074563,1.700132126055733,0.0007444642795895242,0.5571253917657238,0.5571545548717504,-0.0,1.0,-0.0,1.0,0.0,1.0,0.0,1.0,0.0,1.0,-0.0,1.0,1.004574337472408,-0.6133275837925445,-0.15869940390113024,True
20261004,ff,27,2.97,4.5,0,0,bounded,-0.005,25,-3000,True,0.0001000389179202036,9.958460251691437e-05,1.213974830856277,1.756025169143723,1.699968812572845,0.0007459414099470693,0.5571268258596688,0.5571560554136032,-0.0,1.0,-0.0,1.0,0.0,1.0,0.0,1.0,0.0,1.0,-0.0,1.0,1.0045621049018303,-0.4153974830856333,0.03891792020358498,True
20261004,ff,27,2.97,4.5,0,0,bounded,-0.005,25,3000,True,9.984130059609887e-05,9.938667241620746e-05,1.213275837925437,1.756724162074563,1.700132126055733,0.0007444642795895242,0.5571253917657238,0.5571545548717504,-0.0,1.0,-0.0,1.0,0.0,1.0,0.0,1.0,0.0,1.0,-0.0,1.0,1.004574337472408,-0.6133275837925445,-0.15869940390113024,True
20261004,ff,27,2.97,4.5,0,0,bounded,0.005,-25,-3000,True,0.0001010369557433625,0.0001005842504704135,1.217495295864427,1.752504704135573,1.699148622998212,0.0007534015345731732,0.5571340685061892,0.5571636338628168,-0.0,1.0,-0.0,1.0,0.0,1.0,0.0,1.0,0.0,1.0,-0.0,1.0,1.0045007570353388,0.5842504704135054,1.0369557433624887,True
20261004,ff,27,2.97,4.5,0,0,bounded,0.005,-25,3000,True,0.0001008393481502116,0.0001003863200463316,1.21679953668392,1.75320046331608,1.699310411422592,0.000751924447044481,0.5571326344955295,0.557162133335838,-0.0,1.0,-0.0,1.0,0.0,1.0,0.0,1.0,0.0,1.0,-0.0,1.0,1.0045128470061548,0.3863200463315897,0.8393481502115829,True
20261004,ff,27,2.97,4.5,0,0,bounded,0.005,25,-3000,True,0.0001010369557433625,0.0001005842504704135,1.217495295864427,1.752504704135573,1.699148622998212,0.0007534015345731732,0.5571340685061892,0.5571636338628168,-0.0,1.0,-0.0,1.0,0.0,1.0,0.0,1.0,0.0,1.0,-0.0,1.0,1.0045007570353388,0.5842504704135054,1.0369557433624887,True
20261004,ff,27,2.97,4.5,0,0,bounded,0.005,25,3000,True,0.0001008393481502116,0.0001003863200463316,1.21679953668392,1.75320046331608,1.699310411422592,0.000751924447044481,0.5571326344955295,0.557162133335838,-0.0,1.0,-0.0,1.0,0.0,1.0,0.0,1.0,0.0,1.0,-0.0,1.0,1.0045128470061548,0.3863200463315897,0.8393481502115829,True
20261004,ff,27,2.97,5,0,0,bounded,-0.005,-25,-3000,True,0.0001004738402235751,9.958460243001813e-05,1.213975699818616,1.756024300181384,2.199610452049757,0.0007981354801659276,0.5571299803708617,0.5571562032415193,-0.0,1.0,-0.0,1.0,0.0,1.0,0.0,1.0,0.0,1.0,-0.0,1.0,1.008929470740036,-0.41539756998187904,0.4738402235750838,True
20261004,ff,27,2.97,5,0,0,bounded,-0.005,-25,3000,True,0.0001002755973232218,9.938667232943515e-05,1.213276705648341,1.756723294351659,2.199773616070335,0.0007965564132654994,0.5571285417442096,0.5571547024873035,-0.0,1.0,-0.0,1.0,0.0,1.0,0.0,1.0,0.0,1.0,-0.0,1.0,1.0089441066186433,-0.613327670564856,0.275597323221799,True
20261004,ff,27,2.97,5,0,0,bounded,-0.005,25,-3000,True,0.0001004738402235751,9.958460243001813e-05,1.213975699818616,1.756024300181384,2.199610452049757,0.0007981354801659276,0.5571299803708617,0.5571562032415193,-0.0,1.0,-0.0,1.0,0.0,1.0,0.0,1.0,0.0,1.0,-0.0,1.0,1.008929470740036,-0.41539756998187904,0.4738402235750838,True
20261004,ff,27,2.97,5,0,0,bounded,-0.005,25,3000,True,0.0001002755973232218,9.938667232943515e-05,1.213276705648341,1.756723294351659,2.199773616070335,0.0007965564132654994,0.5571285417442096,0.5571547024873035,-0.0,1.0,-0.0,1.0,0.0,1.0,0.0,1.0,0.0,1.0,-0.0,1.0,1.0089441066186433,-0.613327670564856,0.275597323221799,True
20261004,ff,27,2.97,5,0,0,bounded,0.005,-25,-3000,True,0.0001014750365794405,0.0001005842503828916,1.217496171084209,1.752503828915791,2.19879100720965,0.0008061104163653298,0.5571372459026847,0.5571637827629254,-0.0,1.0,-0.0,1.0,0.0,1.0,0.0,1.0,0.0,1.0,-0.0,1.0,1.0088561200501864,0.5842503828915824,1.475036579440503,True
20261004,ff,27,2.97,5,0,0,bounded,0.005,-25,3000,True,0.0001012768037181679,0.0001003863199589335,1.216800410665026,1.753199589334974,2.198952649508364,0.0008045313986997834,0.5571358073616582,0.5571622820236968,-0.0,1.0,-0.0,1.0,0.0,1.0,0.0,1.0,0.0,1.0,-0.0,1.0,1.0088705688145425,0.3863199589335009,1.276803718167896,True
20261004,ff,27,2.97,5,0,0,bounded,0.005,25,-3000,True,0.0001014750365794405,0.0001005842503828916,1.217496171084209,1.752503828915791,2.19879100720965,0.0008061104163653298,0.5571372459026847,0.5571637827629254,-0.0,1.0,-0.0,1.0,0.0,1.0,0.0,1.0,0.0,1.0,-0.0,1.0,1.0088561200501864,0.5842503828915824,1.475036579440503,True
20261004,ff,27,2.97,5,0,0,bounded,0.005,25,3000,True,0.0001012768037181679,0.0001003863199589335,1.216800410665026,1.753199589334974,2.198952649508364,0.0008045313986997834,0.5571358073616582,0.5571622820236968,-0.0,1.0,-0.0,1.0,0.0,1.0,0.0,1.0,0.0,1.0,-0.0,1.0,1.0088705688145425,0.3863199589335009,1.276803718167896,True
20261004,ff,27,2.97,5.5,0,0,bounded,-0.005,-25,-3000,True,0.0001008687678070235,9.958460235111465e-05,1.213976488853252,1.756023511146748,2.699286305643789,0.0008505445017524039,0.5571328268137763,0.5571563374560823,-0.0,1.0,-0.0,1.0,0.0,1.0,0.0,1.0,0.0,1.0,-0.0,1.0,1.0128952210039575,-0.4153976488853517,0.8687678070234961,True
20261004,ff,27,2.97,5.5,0,0,bounded,-0.005,-25,3000,True,0.0001006700149061484,9.938667225063264e-05,1.213277493673471,1.756722506326529,2.699449287651481,0.0008488635083990939,0.5571313844337542,0.557154836528702,-0.0,1.0,-0.0,1.0,0.0,1.0,0.0,1.0,0.0,1.0,-0.0,1.0,1.0129126232567627,-0.613327749367365,0.6700149061483973,True
20261004,ff,27,2.97,5.5,0,0,bounded,-0.005,25,-3000,True,0.0001008687678070235,9.958460235111465e-05,1.213976488853252,1.756023511146748,2.699286305643789,0.0008505445017524039,0.5571328268137763,0.5571563374560823,-0.0,1.0,-0.0,1.0,0.0,1.0,0.0,1.0,0.0,1.0,-0.0,1.0,1.0128952210039575,-0.4153976488853517,0.8687678070234961,True
20261004,ff,27,2.97,5.5,0,0,bounded,-0.005,25,3000,True,0.0001006700149061484,9.938667225063264e-05,1.213277493673471,1.756722506326529,2.699449287651481,0.0008488635083990939,0.5571313844337542,0.557154836528702,-0.0,1.0,-0.0,1.0,0.0,1.0,0.0,1.0,0.0,1.0,-0.0,1.0,1.0129126232567627,-0.613327749367365,0.6700149061483973,True
20261004,ff,27,2.97,5.5,0,0,bounded,0.005,-25,-3000,True,0.0001018725368000144,0.0001005842503034789,1.21749696521102,1.75250303478898,2.698467770125065,0.000859034185632363,0.5571401112764612,0.5571639178509812,-0.0,1.0,-0.0,1.0,0.0,1.0,0.0,1.0,0.0,1.0,-0.0,1.0,1.0128080339879109,0.5842503034788837,1.8725368000143794,True
20261004,ff,27,2.97,5.5,0,0,bounded,0.005,-25,3000,True,0.000101673794967299,0.0001003863198796215,1.216801203784407,1.753198796215593,2.698629233684458,0.0008573532521935748,0.5571386689904864,0.5571624169389401,-0.0,1.0,-0.0,1.0,0.0,1.0,0.0,1.0,0.0,1.0,-0.0,1.0,1.01282520456195,0.3863198796214995,1.6737949672989805,True
20261004,ff,27,2.97,5.5,0,0,bounded,0.005,25,-3000,True,0.0001018725368000144,0.0001005842503034789,1.21749696521102,1.75250303478898,2.698467770125065,0.000859034185632363,0.5571401112764612,0.5571639178509812,-0.0,1.0,-0.0,1.0,0.0,1.0,0.0,1.0,0.0,1.0,-0.0,1.0,1.0128080339879109,0.5842503034788837,1.8725368000143794,True
20261004,ff,27,2.97,5.5,0,0,bounded,0.005,25,3000,True,0.000101673794967299,0.0001003863198796215,1.216801203784407,1.753198796215593,2.698629233684458,0.0008573532521935748,0.5571386689904864,0.5571624169389401,-0.0,1.0,-0.0,1.0,0.0,1.0,0.0,1.0,0.0,1.0,-0.0,1.0,1.01282520456195,0.3863198796214995,1.6737949672989805,True
20261004,ff,27,3.3,4.5,0,0,bounded,-0.005,-25,-3000,True,9.99730467961816e-05,9.951862580951236e-05,1.213741904876347,2.086258095123653,1.700023215609402,0.0007782901878975452,0.5571263478383188,0.557155555233814,-0.0,1.0,-0.0,1.0,0.0,1.0,0.0,1.0,0.0,1.0,-0.0,1.0,1.004566190328422,-0.48137419048764896,-0.02695320381841393,True
20261004,ff,27,3.3,4.5,0,0,bounded,-0.005,-25,3000,True,9.997304679616383e-05,9.951862580951236e-05,1.213741904876358,2.086258095123642,1.70002321560942,0.0007782901878974653,0.5571263478383188,0.557155555233814,-0.0,1.0,-0.0,1.0,0.0,1.0,0.0,1.0,0.0,1.0,-0.0,1.0,1.0045661903282435,-0.48137419048764896,-0.026953203836177497,True
20261004,ff,27,3.3,4.5,0,0,bounded,-0.005,25,-3000,True,9.99730467961816e-05,9.951862580951236e-05,1.213741904876347,2.086258095123653,1.700023215609402,0.0007782901878975452,0.5571263478383188,0.557155555233814,-0.0,1.0,-0.0,1.0,0.0,1.0,0.0,1.0,0.0,1.0,-0.0,1.0,1.004566190328422,-0.48137419048764896,-0.02695320381841393,True
20261004,ff,27,3.3,4.5,0,0,bounded,-0.005,25,3000,True,9.997304679616383e-05,9.951862580951236e-05,1.213741904876358,2.086258095123642,1.70002321560942,0.0007782901878974653,0.5571263478383188,0.557155555233814,-0.0,1.0,-0.0,1.0,0.0,1.0,0.0,1.0,0.0,1.0,-0.0,1.0,1.0045661903282435,-0.48137419048764896,-0.026953203836177497,True
20261004,ff,27,3.3,4.5,0,0,bounded,0.005,-25,-3000,True,0.0001009710878812823,0.0001005182736553254,1.217263446745703,2.082736553254298,1.699202518343445,0.0007860802106715676,0.5571335905127326,0.5571631336879926,-0.0,1.0,-0.0,1.0,0.0,1.0,0.0,1.0,0.0,1.0,-0.0,1.0,1.0045047950933736,0.5182736553253964,0.9710878812822843,True
20261004,ff,27,3.3,4.5,0,0,bounded,0.005,-25,3000,True,0.0001009710878812645,0.0001005182736553254,1.217263446745665,2.082736553254335,1.69920251834347,0.0007860802106714878,0.5571335905127326,0.5571631336879926,-0.0,1.0,-0.0,1.0,0.0,1.0,0.0,1.0,0.0,1.0,-0.0,1.0,1.0045047950931967,0.5182736553253964,0.9710878812644985,True
20261004,ff,27,3.3,4.5,0,0,bounded,0.005,25,-3000,True,0.0001009710878812823,0.0001005182736553254,1.217263446745703,2.082736553254298,1.699202518343445,0.0007860802106715676,0.5571335905127326,0.5571631336879926,-0.0,1.0,-0.0,1.0,0.0,1.0,0.0,1.0,0.0,1.0,-0.0,1.0,1.0045047950933736,0.5182736553253964,0.9710878812822843,True
20261004,ff,27,3.3,4.5,0,0,bounded,0.005,25,3000,True,0.0001009710878812645,0.0001005182736553254,1.217263446745665,2.082736553254335,1.69920251834347,0.0007860802106714878,0.5571335905127326,0.5571631336879926,-0.0,1.0,-0.0,1.0,0.0,1.0,0.0,1.0,0.0,1.0,-0.0,1.0,1.0045047950931967,0.5182736553253964,0.9710878812644985,True
20261004,ff,27,3.3,5,0,0,bounded,-0.005,-25,-3000,True,0.0001004077605847477,9.951862572265742e-05,1.213742773425661,2.086257226574339,2.199664805340584,0.0008304502799517791,0.557129500838689,0.5571557029909447,-0.0,1.0,-0.0,1.0,0.0,1.0,0.0,1.0,0.0,1.0,-0.0,1.0,1.0089343563140447,-0.4813742773425833,0.40776058474769616,True
20261004,ff,27,3.3,5,0,0,bounded,-0.005,-25,3000,True,0.0001004077605847654,9.951862572265742e-05,1.21374277342567,2.08625722657433,2.199664805340587,0.000830450279951868,0.557129500838689,0.5571557029909447,-0.0,1.0,-0.0,1.0,0.0,1.0,0.0,1.0,0.0,1.0,-0.0,1.0,1.0089343563142226,-0.4813742773425833,0.4077605847653931,True
20261004,ff,27,3.3,5,0,0,bounded,-0.005,25,-3000,True,0.0001004077605847477,9.951862572265742e-05,1.213742773425661,2.086257226574339,2.199664805340584,0.0008304502799517791,0.557129500838689,0.5571557029909447,-0.0,1.0,-0.0,1.0,0.0,1.0,0.0,1.0,0.0,1.0,-0.0,1.0,1.0089343563140447,-0.4813742773425833,0.40776058474769616,True
20261004,ff,27,3.3,5,0,0,bounded,-0.005,25,3000,True,0.0001004077605847654,9.951862572265742e-05,1.21374277342567,2.08625722657433,2.199664805340587,0.000830450279951868,0.557129500838689,0.5571557029909447,-0.0,1.0,-0.0,1.0,0.0,1.0,0.0,1.0,0.0,1.0,-0.0,1.0,1.0089343563142226,-0.4813742773425833,0.4077605847653931,True
20261004,ff,27,3.3,5,0,0,bounded,0.005,-25,-3000,True,0.0001014089603046776,0.0001005182735678447,1.217264321552636,2.082735678447365,2.198844853919697,0.0008387551164404832,0.5571367663991812,0.5571632825173526,-0.0,1.0,-0.0,1.0,0.0,1.0,0.0,1.0,0.0,1.0,-0.0,1.0,1.0088609434406146,0.518273567844707,1.408960304677609,True
20261004,ff,27,3.3,5,0,0,bounded,0.005,-25,3000,True,0.0001014089603046954,0.0001005182735678447,1.217264321552616,2.082735678447384,2.198844853919683,0.000838755116440572,0.5571367663991812,0.5571632825173526,-0.0,1.0,-0.0,1.0,0.0,1.0,0.0,1.0,0.0,1.0,-0.0,1.0,1.0088609434407916,0.518273567844707,1.4089603046953947,True
20261004,ff,27,3.3,5,0,0,bounded,0.005,25,-3000,True,0.0001014089603046776,0.0001005182735678447,1.217264321552636,2.082735678447365,2.198844853919697,0.0008387551164404832,0.5571367663991812,0.5571632825173526,-0.0,1.0,-0.0,1.0,0.0,1.0,0.0,1.0,0.0,1.0,-0.0,1.0,1.0088609434406146,0.518273567844707,1.408960304677609,True
20261004,ff,27,3.3,5,0,0,bounded,0.005,25,3000,True,0.0001014089603046954,0.0001005182735678447,1.217264321552616,2.082735678447384,2.198844853919683,0.000838755116440572,0.5571367663991812,0.5571632825173526,-0.0,1.0,-0.0,1.0,0.0,1.0,0.0,1.0,0.0,1.0,-0.0,1.0,1.0088609434407916,0.518273567844707,1.4089603046953947,True
20261004,ff,27,3.3,5.5,0,0,bounded,-0.005,-25,-3000,True,0.0001008025181937793,9.95186256437876e-05,1.213743562123851,2.086256437876149,2.699340598337573,0.0008828253268335186,0.557132346030688,0.5571558371477934,-0.0,1.0,-0.0,1.0,0.0,1.0,0.0,1.0,0.0,1.0,-0.0,1.0,1.012901027739141,-0.4813743562124051,0.8025181937793002,True
20261004,ff,27,3.3,5.5,0,0,bounded,-0.005,-25,3000,True,0.0001008025181938148,9.95186256437876e-05,1.213743562123877,2.086256437876123,2.69934059833754,0.0008828253268337139,0.557132346030688,0.5571558371477934,-0.0,1.0,-0.0,1.0,0.0,1.0,0.0,1.0,0.0,1.0,-0.0,1.0,1.0129010277394979,-0.4813743562124051,0.8025181938148052,True
20261004,ff,27,3.3,5.5,0,0,bounded,-0.005,25,-3000,True,0.0001008025181937793,9.95186256437876e-05,1.213743562123851,2.086256437876149,2.699340598337573,0.0008828253268335186,0.557132346030688,0.5571558371477934,-0.0,1.0,-0.0,1.0,0.0,1.0,0.0,1.0,0.0,1.0,-0.0,1.0,1.012901027739141,-0.4813743562124051,0.8025181937793002,True
20261004,ff,27,3.3,5.5,0,0,bounded,-0.005,25,3000,True,0.0001008025181938148,9.95186256437876e-05,1.213743562123877,2.086256437876123,2.69934059833754,0.0008828253268337139,0.557132346030688,0.5571558371477934,-0.0,1.0,-0.0,1.0,0.0,1.0,0.0,1.0,0.0,1.0,-0.0,1.0,1.0129010277394979,-0.4813743562124051,0.8025181938148052,True
20261004,ff,27,3.3,5.5,0,0,bounded,0.005,-25,-3000,True,0.0001018062908933697,0.0001005182734884656,1.2172651153437,2.082734884656301,2.69852155732747,0.0008916449145686713,0.5571396305248459,0.5571634175478141,-0.0,1.0,-0.0,1.0,0.0,1.0,0.0,1.0,0.0,1.0,-0.0,1.0,1.0128137637088634,0.5182734884656037,1.8062908933696997,True
20261004,ff,27,3.3,5.5,0,0,bounded,0.005,-25,3000,True,0.0001018062908933875,0.0001005182734884656,1.217265115343701,2.0827348846563,2.69852155732746,0.000891644914568769,0.5571396305248459,0.5571634175478141,-0.0,1.0,-0.0,1.0,0.0,1.0,0.0,1.0,0.0,1.0,-0.0,1.0,1.0128137637090404,0.5182734884656037,1.8062908933874855,True
20261004,ff,27,3.3,5.5,0,0,bounded,0.005,25,-3000,True,0.0001018062908933697,0.0001005182734884656,1.2172651153437,2.082734884656301,2.69852155732747,0.0008916449145686713,0.5571396305248459,0.5571634175478141,-0.0,1.0,-0.0,1.0,0.0,1.0,0.0,1.0,0.0,1.0,-0.0,1.0,1.0128137637088634,0.5182734884656037,1.8062908933696997,True
20261004,ff,27,3.3,5.5,0,0,bounded,0.005,25,3000,True,0.0001018062908933875,0.0001005182734884656,1.217265115343701,2.0827348846563,2.69852155732746,0.000891644914568769,0.5571396305248459,0.5571634175478141,-0.0,1.0,-0.0,1.0,0.0,1.0,0.0,1.0,0.0,1.0,-0.0,1.0,1.0128137637090404,0.5182734884656037,1.8062908933874855,True
20261004,ff,27,3.63,4.5,0,0,bounded,-0.005,-25,-3000,True,9.990717493124114e-05,9.945264910927418e-05,1.213508907258162,2.416491092741838,1.700077652945059,0.0008105954181557599,0.5571258698113156,0.557155055053517,-0.0,1.0,-0.0,1.0,0.0,1.0,0.0,1.0,0.0,1.0,-0.0,1.0,1.0045702736532192,-0.5473508907258284,-0.09282506875886165,True
20261004,ff,27,3.63,4.5,0,0,bounded,-0.005,-25,3000,True,0.000100104791616337,9.96505792314723e-05,1.21420768527697,2.41579231472303,1.699914441056165,0.0008122031795822085,0.5571273038997872,0.5571565555943904,-0.0,1.0,-0.0,1.0,0.0,1.0,0.0,1.0,0.0,1.0,-0.0,1.0,1.0045580506241678,-0.3494207685277084,0.10479161633700773,True
20261004,ff,27,3.63,4.5,0,0,bounded,-0.005,25,-3000,True,9.990717493124114e-05,9.945264910927418e-05,1.213508907258162,2.416491092741838,1.700077652945059,0.0008105954181557599,0.5571258698113156,0.557155055053517,-0.0,1.0,-0.0,1.0,0.0,1.0,0.0,1.0,0.0,1.0,-0.0,1.0,1.0045702736532192,-0.5473508907258284,-0.09282506875886165,True
20261004,ff,27,3.63,4.5,0,0,bounded,-0.005,25,3000,True,0.000100104791616337,9.96505792314723e-05,1.21420768527697,2.41579231472303,1.699914441056165,0.0008122031795822085,0.5571273038997872,0.5571565555943904,-0.0,1.0,-0.0,1.0,0.0,1.0,0.0,1.0,0.0,1.0,-0.0,1.0,1.0045580506241678,-0.3494207685277084,0.10479161633700773,True
20261004,ff,27,3.63,4.5,0,0,bounded,0.005,-25,-3000,True,0.0001009052192687446,0.0001004522968472956,1.217031527043905,2.412968472956095,1.699256447323934,0.0008187153389635796,0.5571331125135526,0.557162633512659,-0.0,1.0,-0.0,1.0,0.0,1.0,0.0,1.0,0.0,1.0,-0.0,1.0,1.0045088309144141,0.4522968472955968,0.9052192687445837,True
20261004,ff,27,3.63,4.5,0,0,bounded,0.005,-25,3000,True,0.0001011028262281447,0.0001006502272925522,1.217727074477438,2.412272925522562,1.699094758486557,0.0008203230577971592,0.5571345465187775,0.5571641340386546,-0.0,1.0,-0.0,1.0,0.0,1.0,0.0,1.0,0.0,1.0,-0.0,1.0,1.0044967502584665,0.6502272925521968,1.1028262281446821,True
20261004,ff,27,3.63,4.5,0,0,bounded,0.005,25,-3000,True,0.0001009052192687446,0.0001004522968472956,1.217031527043905,2.412968472956095,1.699256447323934,0.0008187153389635796,0.5571331125135526,0.557162633512659,-0.0,1.0,-0.0,1.0,0.0,1.0,0.0,1.0,0.0,1.0,-0.0,1.0,1.0045088309144141,0.4522968472955968,0.9052192687445837,True
20261004,ff,27,3.63,4.5,0,0,bounded,0.005,25,3000,True,0.0001011028262281447,0.0001006502272925522,1.217727074477438,2.412272925522562,1.699094758486557,0.0008203230577971592,0.5571345465187775,0.5571641340386546,-0.0,1.0,-0.0,1.0,0.0,1.0,0.0,1.0,0.0,1.0,-0.0,1.0,1.0044967502584665,0.6502272925521968,1.1028262281446821,True
20261004,ff,27,3.63,5,0,0,bounded,-0.005,-25,-3000,True,0.0001003416801961911,9.945264902246057e-05,1.213509775394261,2.416490224605739,2.199719192855939,0.0008627215316309757,0.5571290213007943,0.5571552027398624,-0.0,1.0,-0.0,1.0,0.0,1.0,0.0,1.0,0.0,1.0,-0.0,1.0,1.0089392407589843,-0.5473509775394403,0.34168019619109646,True
20261004,ff,27,3.63,5,0,0,bounded,-0.005,-25,3000,True,0.0001005399224363436,9.965057914453475e-05,1.214208554652476,2.415791445347524,2.199556130206765,0.0008644312291748524,0.5571304599218133,0.5571567034930894,-0.0,1.0,-0.0,1.0,0.0,1.0,0.0,1.0,0.0,1.0,-0.0,1.0,1.0089246173925284,-0.3494208554652545,0.5399224363435984,True
20261004,ff,27,3.63,5,0,0,bounded,-0.005,25,-3000,True,0.0001003416801961911,9.945264902246057e-05,1.213509775394261,2.416490224605739,2.199719192855939,0.0008627215316309757,0.5571290213007943,0.5571552027398624,-0.0,1.0,-0.0,1.0,0.0,1.0,0.0,1.0,0.0,1.0,-0.0,1.0,1.0089392407589843,-0.5473509775394403,0.34168019619109646,True
20261004,ff,27,3.63,5,0,0,bounded,-0.005,25,3000,True,0.0001005399224363436,9.965057914453475e-05,1.214208554652476,2.415791445347524,2.199556130206765,0.0008644312291748524,0.5571304599218133,0.5571567034930894,-0.0,1.0,-0.0,1.0,0.0,1.0,0.0,1.0,0.0,1.0,-0.0,1.0,1.0089246173925284,-0.3494208554652545,0.5399224363435984,True
20261004,ff,27,3.63,5,0,0,bounded,0.005,-25,-3000,True,0.0001013428832712861,0.0001004522967598562,1.217032401437866,2.412967598562134,2.1988987341921,0.000871356268293288,0.5571362868898914,0.5571627822712681,-0.0,1.0,-0.0,1.0,0.0,1.0,0.0,1.0,0.0,1.0,-0.0,1.0,1.008865765544007,0.45229675985618556,1.3428832712860883,True
20261004,ff,27,3.63,5,0,0,bounded,0.005,-25,3000,True,0.0001015411154794101,0.000100650227204989,1.217727950110024,2.412272049889976,2.198737191262973,0.0008730659168497839,0.5571377254253373,0.5571642830095103,-0.0,1.0,-0.0,1.0,0.0,1.0,0.0,1.0,0.0,1.0,-0.0,1.0,1.0088513289950818,0.6502272049889957,1.5411154794100934,True
20261004,ff,27,3.63,5,0,0,bounded,0.005,25,-3000,True,0.0001013428832712861,0.0001004522967598562,1.217032401437866,2.412967598562134,2.1988987341921,0.000871356268293288,0.5571362868898914,0.5571627822712681,-0.0,1.0,-0.0,1.0,0.0,1.0,0.0,1.0,0.0,1.0,-0.0,1.0,1.008865765544007,0.45229675985618556,1.3428832712860883,True
20261004,ff,27,3.63,5,0,0,bounded,0.005,25,3000,True,0.0001015411154794101,0.000100650227204989,1.217727950110024,2.412272049889976,2.198737191262973,0.0008730659168497839,0.5571377254253373,0.5571642830095103,-0.0,1.0,-0.0,1.0,0.0,1.0,0.0,1.0,0.0,1.0,-0.0,1.0,1.0088513289950818,0.6502272049889957,1.5411154794100934,True
20261004,ff,27,3.63,5.5,0,0,bounded,-0.005,-25,-3000,True,0.0001007362678066297,9.945264894362439e-05,1.213510563756016,2.416489436243983,2.699394925182482,0.000915062603300346,0.5571318652416836,0.5571553368389914,-0.0,1.0,-0.0,1.0,0.0,1.0,0.0,1.0,0.0,1.0,-0.0,1.0,1.0129068343240706,-0.5473510563756112,0.7362678066296979,True
20261004,ff,27,3.63,5.5,0,0,bounded,-0.005,-25,3000,True,0.0001009350199785946,9.965057906559763e-05,1.214209344023546,2.415790655976453,2.699232044327688,0.0009168742265888638,0.55713330761551,0.5571568377653601,-0.0,1.0,-0.0,1.0,0.0,1.0,0.0,1.0,0.0,1.0,-0.0,1.0,1.0128894475580665,-0.3494209344023669,0.9350199785945978,True
20261004,ff,27,3.63,5.5,0,0,bounded,-0.005,25,-3000,True,0.0001007362678066297,9.945264894362439e-05,1.213510563756016,2.416489436243983,2.699394925182482,0.000915062603300346,0.5571318652416836,0.5571553368389914,-0.0,1.0,-0.0,1.0,0.0,1.0,0.0,1.0,0.0,1.0,-0.0,1.0,1.0129068343240706,-0.5473510563756112,0.7362678066296979,True
20261004,ff,27,3.63,5.5,0,0,bounded,-0.005,25,3000,True,0.0001009350199785946,9.965057906559763e-05,1.214209344023546,2.415790655976453,2.699232044327688,0.0009168742265888638,0.55713330761551,0.5571568377653601,-0.0,1.0,-0.0,1.0,0.0,1.0,0.0,1.0,0.0,1.0,-0.0,1.0,1.0128894475580665,-0.3494209344023669,0.9350199785945978,True
20261004,ff,27,3.63,5.5,0,0,bounded,0.005,-25,-3000,True,0.0001017400442043109,0.0001004522966805107,1.217033194893083,2.412966805106917,2.698575378020707,0.0009242120947724145,0.5571391497672514,0.5571629172441251,-0.0,1.0,-0.0,1.0,0.0,1.0,0.0,1.0,0.0,1.0,-0.0,1.0,1.0128194930962693,0.4522966805106998,1.7400442043109088,True
20261004,ff,27,3.63,5.5,0,0,bounded,0.005,-25,3000,True,0.0001019387853168734,0.0001006502271255427,1.217728744572499,2.412271255427501,2.698414013617542,0.0009260236584069817,0.557140592047096,0.5571644181551546,-0.0,1.0,-0.0,1.0,0.0,1.0,0.0,1.0,0.0,1.0,-0.0,1.0,1.01280233764126,0.6502271255427017,1.9387853168733926,True
20261004,ff,27,3.63,5.5,0,0,bounded,0.005,25,-3000,True,0.0001017400442043109,0.0001004522966805107,1.217033194893083,2.412966805106917,2.698575378020707,0.0009242120947724145,0.5571391497672514,0.5571629172441251,-0.0,1.0,-0.0,1.0,0.0,1.0,0.0,1.0,0.0,1.0,-0.0,1.0,1.0128194930962693,0.4522966805106998,1.7400442043109088,True
20261004,ff,27,3.63,5.5,0,0,bounded,0.005,25,3000,True,0.0001019387853168734,0.0001006502271255427,1.217728744572499,2.412271255427501,2.698414013617542,0.0009260236584069817,0.557140592047096,0.5571644181551546,-0.0,1.0,-0.0,1.0,0.0,1.0,0.0,1.0,0.0,1.0,-0.0,1.0,1.01280233764126,0.6502271255427017,1.9387853168733926,True
20261004,ff,85,2.97,4.5,0,0,bounded,-0.005,-25,-3000,True,9.984522835380906e-05,9.943795244599688e-05,1.230475540031136,1.739524459968864,1.678828765877383,0.0007446342570354193,0.4786907536859091,0.4787208410511646,-0.0,1.0,-0.0,1.0,0.0,1.0,0.0,1.0,0.0,1.0,-0.0,1.0,1.0040957793055258,-0.56204755400312,-0.1547716461909432,True
20261004,ff,85,2.97,4.5,0,0,bounded,-0.005,-25,3000,True,9.964774480147133e-05,9.924003284183725e-05,1.229671581627348,1.740328418372652,1.679021952702157,0.0007431577598255735,0.4786892923764324,0.4787193111208378,-0.0,1.0,-0.0,1.0,0.0,1.0,0.0,1.0,0.0,1.0,-0.0,1.0,1.0041083416435772,-0.7599671581627554,-0.3522551985286726,True
20261004,ff,85,2.97,4.5,0,0,bounded,-0.005,25,-3000,True,0.0001001344680173891,9.972783482643857e-05,1.231651735614187,1.738348264385813,1.678546472670794,0.0007467967861914985,0.478692893954117,0.4787230818528485,-0.0,1.0,-0.0,1.0,0.0,1.0,0.0,1.0,0.0,1.0,-0.0,1.0,1.0040774292519055,-0.2721651735614339,0.13446801738909997,True
20261004,ff,85,2.97,4.5,0,0,bounded,-0.005,25,3000,True,9.993698764830063e-05,9.952991511524919e-05,1.230848847507924,1.739151152492076,1.678739126363303,0.000745320302988326,0.4786914326718618,0.4787215519268698,-0.0,1.0,-0.0,1.0,0.0,1.0,0.0,1.0,0.0,1.0,-0.0,1.0,1.0040899515746604,-0.4700848847508099,-0.06301235169937636,True
20261004,ff,85,2.97,4.5,0,0,bounded,0.005,-25,-3000,True,0.0001008425868729771,0.0001004375475192992,1.234524807007992,1.735475192992008,1.677858611917725,0.0007520911677394776,0.4786981337531742,0.4787285679266538,-0.0,1.0,-0.0,1.0,0.0,1.0,0.0,1.0,0.0,1.0,-0.0,1.0,1.0040327483464297,0.4375475192991862,0.8425868729770913,True
20261004,ff,85,2.97,4.5,0,0,bounded,0.005,-25,3000,True,0.000100645114271826,0.0001002396275479909,1.233724520090762,1.736275479909238,1.678049973334012,0.0007506147187195339,0.4786966725373784,0.4787270380113202,-0.0,1.0,-0.0,1.0,0.0,1.0,0.0,1.0,0.0,1.0,-0.0,1.0,1.0040451738873528,0.23962754799089492,0.6451142718260083,True
20261004,ff,85,2.97,4.5,0,0,bounded,0.005,25,-3000,True,0.0001011318105225759,0.0001007274304355608,1.235695644392248,1.734304355607752,1.677578979301416,0.0007542536264240306,0.4787002738843633,0.47873080870638,-0.0,1.0,-0.0,1.0,0.0,1.0,0.0,1.0,0.0,1.0,-0.0,1.0,1.0040145974663157,0.727430435560783,1.1318105225758934,True
20261004,ff,85,2.97,4.5,0,0,bounded,0.005,25,3000,True,0.0001009343410838729,0.0001005295103587827,1.234896412172677,1.735103587827323,1.677769818119904,0.0007527771913217715,0.4786988126956377,0.4787292787953943,-0.0,1.0,-0.0,1.0,0.0,1.0,0.0,1.0,0.0,1.0,-0.0,1.0,1.0040269839537206,0.5295103587827032,0.9343410838728916,True
20261004,ff,85,2.97,5,0,0,bounded,-0.005,-25,-3000,True,0.0001002530043003914,9.943795236432379e-05,1.23047635676219,1.73952364323781,2.17843100661058,0.0007965957507027146,0.4786937695428325,0.47872098237822,-0.0,1.0,-0.0,1.0,0.0,1.0,0.0,1.0,0.0,1.0,-0.0,1.0,1.0081965880902435,-0.5620476356762216,0.25300430039139066,True
20261004,ff,85,2.97,5,0,0,bounded,-0.005,-25,3000,True,0.0001000548848284523,9.924003276029058e-05,1.229672397094154,1.740327602905846,2.178624067343432,0.0007950173321190227,0.4786923035350035,0.4787194522277526,-0.0,1.0,-0.0,1.0,0.0,1.0,0.0,1.0,0.0,1.0,-0.0,1.0,1.008210920991229,-0.7599672397094248,0.054884828452306245,True
20261004,ff,85,2.97,5,0,0,bounded,-0.005,25,-3000,True,0.0001005431755344545,9.972783474458029e-05,1.23165255419694,1.738347445803061,2.178148896777642,0.0007989075575424473,0.4786959166937115,0.4787232235024012,-0.0,1.0,-0.0,1.0,0.0,1.0,0.0,1.0,0.0,1.0,-0.0,1.0,1.0081756592024929,-0.2721652554197096,0.5431755344544875,True
20261004,ff,85,2.97,5,0,0,bounded,-0.005,25,3000,True,0.0001003450591051837,9.952991503351736e-05,1.230849664826394,1.739150335173607,2.178341425437994,0.0007973291538541233,0.4786944507120933,0.4787216933562294,-0.0,1.0,-0.0,1.0,0.0,1.0,0.0,1.0,0.0,1.0,-0.0,1.0,1.0081899403952252,-0.4700849664826534,0.3450591051836982,True
20261004,ff,85,2.97,5,0,0,bounded,0.005,-25,-3000,True,0.000101253576021655,0.0001004375474369874,1.234525630125899,1.735474369874101,2.177461478476585,0.0008045674066749387,0.4787011733498652,0.4787287103660522,-0.0,1.0,-0.0,1.0,0.0,1.0,0.0,1.0,0.0,1.0,-0.0,1.0,1.0081247362713588,0.4375474369873844,1.2535760216549896,True
20261004,ff,85,2.97,5,0,0,bounded,0.005,-25,3000,True,0.0001010554670054766,0.0001002396274658056,1.233725341943734,1.736274658056266,2.177652717427091,0.0008029890392796124,0.4786997074321462,0.4787271802304066,-0.0,1.0,-0.0,1.0,0.0,1.0,0.0,1.0,0.0,1.0,-0.0,1.0,1.0081388923751666,0.2396274658055919,1.0554670054765847,True
20261004,ff,85,2.97,5,0,0,bounded,0.005,25,-3000,True,0.0001015437319778591,0.0001007274303530637,1.235696469363368,1.734303530636633,2.17718202395125,0.000806879138716658,0.4787033203690334,0.4787309514685168,-0.0,1.0,-0.0,1.0,0.0,1.0,0.0,1.0,0.0,1.0,-0.0,1.0,1.0081040648206168,0.7274303530637072,1.5437319778591085,True
20261004,ff,85,2.97,5,0,0,bounded,0.005,25,3000,True,0.0001013456259750213,0.0001005295102764121,1.234897235878512,1.735102764121488,2.177372741340721,0.0008053007860748681,0.4787018544773078,0.4787294213371719,-0.0,1.0,-0.0,1.0,0.0,1.0,0.0,1.0,0.0,1.0,-0.0,1.0,1.0081181704393591,0.5295102764120818,1.3456259750213029,True
20261004,ff,85,2.97,5.5,0,0,bounded,-0.005,-25,-3000,True,0.0001006155218691856,9.943795229171634e-05,1.230477082836662,1.739522917163339,2.678078680615997,0.0008487160992657387,0.4786964424847596,0.4787211080108079,-0.0,1.0,-0.0,1.0,0.0,1.0,0.0,1.0,0.0,1.0,-0.0,1.0,1.0118422548969501,-0.5620477082836639,0.6155218691855868,True
20261004,ff,85,2.97,5.5,0,0,bounded,-0.005,-25,3000,True,0.0001004169057785536,9.924003268778174e-05,1.229673122182503,1.740326877817498,2.678271563526377,0.0008470358895434058,0.4786949727701068,0.4787195776884067,-0.0,1.0,-0.0,1.0,0.0,1.0,0.0,1.0,0.0,1.0,-0.0,1.0,1.011858854324186,-0.7599673122182682,0.4169057785536001,True
20261004,ff,85,2.97,5.5,0,0,bounded,-0.005,25,-3000,True,0.0001009064202574255,9.972783467182843e-05,1.231653281715446,1.738346718284555,2.677796829986667,0.0008511769910699554,0.4786985950628928,0.4787233493867326,-0.0,1.0,-0.0,1.0,0.0,1.0,0.0,1.0,0.0,1.0,-0.0,1.0,1.011818020410003,-0.2721653281715808,0.9064202574254887,True
20261004,ff,85,2.97,5.5,0,0,bounded,-0.005,25,3000,True,0.0001007078073851258,9.952991496086407e-05,1.230850391359003,1.739149608640997,2.677989181833265,0.0008494967987307748,0.4786971253760191,0.4787218190686904,-0.0,1.0,-0.0,1.0,0.0,1.0,0.0,1.0,0.0,1.0,-0.0,1.0,1.0118345567232212,-0.4700850391359257,0.7078073851257916,True
20261004,ff,85,2.97,5.5,0,0,bounded,0.005,-25,-3000,True,0.0001016185999478463,0.0001004375473638823,1.234526361177267,1.735473638822733,2.677110040108194,0.0008572018260626871,0.4787038649968764,0.4787288368663473,-0.0,1.0,-0.0,1.0,0.0,1.0,0.0,1.0,0.0,1.0,-0.0,1.0,1.011759074319936,0.43754736388230686,1.6185999478462998,True
20261004,ff,85,2.97,5.5,0,0,bounded,0.005,-25,3000,True,0.0001014199949110033,0.0001002396273927989,1.233726072010275,1.736273927989726,2.677301104684984,0.0008555216760459464,0.478702395377682,0.4787273065589802,-0.0,1.0,-0.0,1.0,0.0,1.0,0.0,1.0,0.0,1.0,-0.0,1.0,1.0117754579591463,0.23962739279890233,1.4199949110032861,True
20261004,ff,85,2.97,5.5,0,0,bounded,0.005,25,-3000,True,0.0001019094821905835,0.0001007274302798143,1.235697201856935,1.734302798143065,2.676830839764355,0.0008596626306580286,0.47870601743553,0.478731078220254,-0.0,1.0,-0.0,1.0,0.0,1.0,0.0,1.0,0.0,1.0,-0.0,1.0,1.0117351540437947,0.7274302798143006,1.9094821905834891,True
20261004,ff,85,2.97,5.5,0,0,bounded,0.005,25,3000,True,0.0001017108803362614,0.0001005295102032612,1.234897967387599,1.735102032612401,2.677021383765025,0.0008579824978319034,0.4787045478438435,0.4787295479172439,-0.0,1.0,-0.0,1.0,0.0,1.0,0.0,1.0,0.0,1.0,-0.0,1.0,1.0117514760652029,0.5295102032611965,1.710880336261389,True
20261004,ff,85,3.3,4.5,0,0,bounded,-0.005,-25,-3000,True,9.977940493091899e-05,9.937197923647387e-05,1.230207635261263,2.069792364738737,1.678893116838504,0.0007769348667613402,0.4786902666159104,0.478720331076296,-0.0,1.0,-0.0,1.0,0.0,1.0,0.0,1.0,0.0,1.0,-0.0,1.0,1.0041000058323843,-0.6280207635261381,-0.2205950690810088,True
20261004,ff,85,3.3,4.5,0,0,bounded,-0.005,-25,3000,True,9.977940493091899e-05,9.937197923647388e-05,1.23020763526125,2.06979236473875,1.6788931168385,0.0007769348667613402,0.4786902666159104,0.478720331076296,-0.0,1.0,-0.0,1.0,0.0,1.0,0.0,1.0,0.0,1.0,-0.0,1.0,1.0041000058323841,-0.6280207635261159,-0.2205950690810088,True
20261004,ff,85,3.3,4.5,0,0,bounded,-0.005,25,-3000,True,0.0001000686456766201,9.96618615812737e-05,1.231384187262953,2.068615812737047,1.678610646146553,0.0007791930618548189,0.4786924068933471,0.4787225718794388,-0.0,1.0,-0.0,1.0,0.0,1.0,0.0,1.0,0.0,1.0,-0.0,1.0,1.0040816425550578,-0.3381384187263081,0.0686456766201049,True
20261004,ff,85,3.3,4.5,0,0,bounded,-0.005,25,3000,True,0.0001000686456766201,9.966186158127369e-05,1.231384187262992,2.068615812737009,1.678610646146567,0.0007791930618548189,0.4786924068933471,0.4787225718794388,-0.0,1.0,-0.0,1.0,0.0,1.0,0.0,1.0,0.0,1.0,-0.0,1.0,1.0040816425550578,-0.3381384187263192,0.0686456766201049,True
20261004,ff,85,3.3,4.5,0,0,bounded,0.005,-25,-3000,True,0.0001007767671736152,0.000100371574187512,1.234258124879789,2.065741875120211,1.677922355177751,0.0007847216601917668,0.4786976467149455,0.4787280579568128,-0.0,1.0,-0.0,1.0,0.0,1.0,0.0,1.0,0.0,1.0,-0.0,1.0,1.0040369296724014,0.37157418751199156,0.7767671736151893,True
20261004,ff,85,3.3,4.5,0,0,bounded,0.005,-25,3000,True,0.0001007767671736507,0.000100371574187512,1.234258124879796,2.065741875120204,1.677922355177733,0.0007847216601919266,0.4786976467149455,0.4787280579568128,-0.0,1.0,-0.0,1.0,0.0,1.0,0.0,1.0,0.0,1.0,-0.0,1.0,1.004036929672755,0.37157418751199156,0.7767671736506943,True
20261004,ff,85,3.3,4.5,0,0,bounded,0.005,25,-3000,True,0.0001010659918988514,0.0001006614570686509,1.235429313491039,2.064570686508961,1.677642548580441,0.0007869797849631038,0.4786997868553166,0.4787302987379942,-0.0,1.0,-0.0,1.0,0.0,1.0,0.0,1.0,0.0,1.0,-0.0,1.0,1.0040187658909467,0.6614570686509058,1.0659918988513928,True
20261004,ff,85,3.3,4.5,0,0,bounded,0.005,25,3000,True,0.0001010659918988336,0.0001006614570686509,1.235429313490998,2.064570686509002,1.677642548580452,0.0007869797849630239,0.4786997868553166,0.4787302987379942,-0.0,1.0,-0.0,1.0,0.0,1.0,0.0,1.0,0.0,1.0,-0.0,1.0,1.00401876589077,0.6614570686509058,1.0659918988335848,True
20261004,ff,85,3.3,5,0,0,bounded,-0.005,-25,-3000,True,0.0001001869689071135,9.937197915484291e-05,1.230208451570912,2.069791548429089,2.178495315624422,0.0008288623888383043,0.4786932809067407,0.4787204723299748,-0.0,1.0,-0.0,1.0,0.0,1.0,0.0,1.0,0.0,1.0,-0.0,1.0,1.0082014040497338,-0.6280208451570957,0.1869689071134939,True
20261004,ff,85,3.3,5,0,0,bounded,-0.005,-25,3000,True,0.0001001869689071135,9.937197915484292e-05,1.230208451570864,2.069791548429136,2.178495315624421,0.0008288623888383043,0.4786932809067407,0.4787204723299748,-0.0,1.0,-0.0,1.0,0.0,1.0,0.0,1.0,0.0,1.0,-0.0,1.0,1.0082014040497336,-0.6280208451570846,0.1869689071134939,True
20261004,ff,85,3.3,5,0,0,bounded,-0.005,25,-3000,True,0.000100477141176384,9.966186149945755e-05,1.231385005424235,2.068614994575765,2.178213028658827,0.0008312698619219308,0.4786954280665146,0.4787227134555938,-0.0,1.0,-0.0,1.0,0.0,1.0,0.0,1.0,0.0,1.0,-0.0,1.0,1.0081804580474436,-0.33813850054245087,0.47714117638399944,True
20261004,ff,85,3.3,5,0,0,bounded,-0.005,25,3000,True,0.0001004771411764195,9.966186149945755e-05,1.231385005424268,2.068614994575733,2.178213028658804,0.0008312698619221084,0.4786954280665146,0.4787227134555938,-0.0,1.0,-0.0,1.0,0.0,1.0,0.0,1.0,0.0,1.0,-0.0,1.0,1.0081804580477998,-0.33813850054245087,0.4771411764195044,True
20261004,ff,85,3.3,5,0,0,bounded,0.005,-25,-3000,True,0.0001011875441865086,0.0001003715741052424,1.234258947576099,2.065741052423901,2.177525180996193,0.0008371639285715584,0.4787006847443483,0.4787282003227714,-0.0,1.0,-0.0,1.0,0.0,1.0,0.0,1.0,0.0,1.0,-0.0,1.0,1.0081294937191145,0.3715741052424004,1.1875441865085934,True
20261004,ff,85,3.3,5,0,0,bounded,0.005,-25,3000,True,0.0001011875441864908,0.0001003715741052424,1.234258947576094,2.065741052423907,2.177525180996187,0.0008371639285714696,0.4787006847443483,0.4787282003227714,-0.0,1.0,-0.0,1.0,0.0,1.0,0.0,1.0,0.0,1.0,-0.0,1.0,1.0081294937189371,0.3715741052424004,1.1875441864907854,True
20261004,ff,85,3.3,5,0,0,bounded,0.005,25,-3000,True,0.0001014777011684699,0.0001006614569861959,1.235430138040249,2.064569861959752,2.177245552834978,0.0008395713269884067,0.4787028317723396,0.478730441426679,-0.0,1.0,-0.0,1.0,0.0,1.0,0.0,1.0,0.0,1.0,-0.0,1.0,1.0081088055618541,0.6614569861959074,1.4777011684699026,True
20261004,ff,85,3.3,5,0,0,bounded,0.005,25,3000,True,0.0001014777011684877,0.0001006614569861959,1.235430138040307,2.064569861959693,2.177245552834954,0.0008395713269884954,0.4787028317723396,0.478730441426679,-0.0,1.0,-0.0,1.0,0.0,1.0,0.0,1.0,0.0,1.0,-0.0,1.0,1.0081088055620309,0.6614569861959074,1.4777011684876884,True
20261004,ff,85,3.3,5.5,0,0,bounded,-0.005,-25,-3000,True,0.0001005493209603241,9.937197908226831e-05,1.230209177316873,2.069790822683128,2.678142930436178,0.0008809488093450945,0.4786959526132581,0.4787205979052598,-0.0,1.0,-0.0,1.0,0.0,1.0,0.0,1.0,0.0,1.0,-0.0,1.0,1.0118478256036452,-0.6280209177316975,0.5493209603240956,True
20261004,ff,85,3.3,5.5,0,0,bounded,-0.005,-25,3000,True,0.0001005493209603241,9.937197908226831e-05,1.230209177316851,2.069790822683149,2.678142930436176,0.0008809488093450945,0.4786959526132581,0.4787205979052598,-0.0,1.0,-0.0,1.0,0.0,1.0,0.0,1.0,0.0,1.0,-0.0,1.0,1.0118478256036452,-0.6280209177316975,0.5493209603240956,True
20261004,ff,85,3.3,5.5,0,0,bounded,-0.005,25,-3000,True,0.0001008402204422847,9.966186142673857e-05,1.231385732614268,2.068614267385732,2.677860903009844,0.0008835053682324823,0.4786981052008061,0.4787228392826441,-0.0,1.0,-0.0,1.0,0.0,1.0,0.0,1.0,0.0,1.0,-0.0,1.0,1.011823570207068,-0.33813857326143726,0.8402204422846893,True
20261004,ff,85,3.3,5.5,0,0,bounded,-0.005,25,3000,True,0.0001008402204423025,9.966186142673856e-05,1.231385732614199,2.068614267385801,2.67786090300984,0.00088350536823258,0.4786981052008061,0.4787228392826441,-0.0,1.0,-0.0,1.0,0.0,1.0,0.0,1.0,0.0,1.0,-0.0,1.0,1.011823570207247,-0.33813857326144836,0.8402204423024973,True
20261004,ff,85,3.3,5.5,0,0,bounded,0.005,-25,-3000,True,0.0001015524027961039,0.0001003715740321701,1.23425967829935,2.06574032170065,2.677173684581903,0.0008897644227763301,0.4787033751577301,0.478728326765838,-0.0,1.0,-0.0,1.0,0.0,1.0,0.0,1.0,0.0,1.0,-0.0,1.0,1.0117645735390712,0.37157403217009666,1.552402796103891,True
20261004,ff,85,3.3,5.5,0,0,bounded,0.005,-25,3000,True,0.0001015524027961395,0.0001003715740321701,1.234259678299313,2.065740321700687,2.67717368458189,0.0008897644227765255,0.4787033751577301,0.478728326765838,-0.0,1.0,-0.0,1.0,0.0,1.0,0.0,1.0,0.0,1.0,-0.0,1.0,1.0117645735394258,0.37157403217009666,1.5524027961394848,True
20261004,ff,85,3.3,5.5,0,0,bounded,0.005,25,-3000,True,0.0001018432861208911,0.0001006614569129794,1.235430870205781,2.064569129794219,2.676894310929999,0.000892320894569335,0.4787055276057087,0.4787305681212023,-0.0,1.0,-0.0,1.0,0.0,1.0,0.0,1.0,0.0,1.0,-0.0,1.0,1.0117406328514933,0.6614569129793857,1.8432861208911078,True
20261004,ff,85,3.3,5.5,0,0,bounded,0.005,25,3000,True,0.0001018432861209267,0.0001006614569129794,1.235430870205813,2.064569129794187,2.676894310929969,0.0008923208945695305,0.4787055276057087,0.4787305681212023,-0.0,1.0,-0.0,1.0,0.0,1.0,0.0,1.0,0.0,1.0,-0.0,1.0,1.011740632851847,0.6614569129793857,1.8432861209267015,True
20261004,ff,85,3.63,4.5,0,0,bounded,-0.005,-25,-3000,True,9.971357931387294e-05,9.930600603508415e-05,1.229939649158357,2.400060350841643,1.678957510240477,0.0008091919245685742,0.4786897795294059,0.4787198211004234,-0.0,1.0,-0.0,1.0,0.0,1.0,0.0,1.0,0.0,1.0,-0.0,1.0,1.004104215797832,-0.6939939649158511,-0.2864206861270646,True
20261004,ff,85,3.63,4.5,0,0,bounded,-0.005,-25,3000,True,9.991106216240032e-05,9.950392566364254e-05,1.230743363574619,2.399256636425381,1.678764445013127,0.000810799045638675,0.4786912408328395,0.4787213510297677,-0.0,1.0,-0.0,1.0,0.0,1.0,0.0,1.0,0.0,1.0,-0.0,1.0,1.004091662676044,-0.496074336357466,-0.08893783759967855,True
20261004,ff,85,3.63,4.5,0,0,bounded,-0.005,25,-3000,True,0.0001000028211301843,9.959588834420741e-05,1.231116557925769,2.398883442074231,1.678674861834658,0.0008115457855240133,0.4786919198159892,0.4787220619050215,-0.0,1.0,-0.0,1.0,0.0,1.0,0.0,1.0,0.0,1.0,-0.0,1.0,1.0040858392122625,-0.4041116557925939,0.0028211301842828718,True
20261004,ff,85,3.63,4.5,0,0,bounded,-0.005,25,3000,True,0.0001002003007968125,9.979380807969146e-05,1.231919203085313,2.398080796914686,1.678482329034576,0.0008131528926636673,0.4786933810922088,0.4787235918300178,-0.0,1.0,-0.0,1.0,0.0,1.0,0.0,1.0,0.0,1.0,-0.0,1.0,1.0040733260403936,-0.2061919203085516,0.20030079681250257,True
20261004,ff,85,3.63,4.5,0,0,bounded,0.005,-25,-3000,True,0.0001007109452397385,0.0001003056008637395,1.233991362605158,2.396008637394842,1.677986140099569,0.0008173086004629043,0.4786971596599106,0.4787275479859479,-0.0,1.0,-0.0,1.0,0.0,1.0,0.0,1.0,0.0,1.0,-0.0,1.0,1.0040410941413893,0.3056008637394969,0.7109452397384919,True
20261004,ff,85,3.63,4.5,0,0,bounded,0.005,-25,3000,True,0.0001009084171421063,0.0001005035208590905,1.23479140909465,2.39520859090535,1.677794897875045,0.0008189156736068354,0.4786986208696977,0.4787290779002992,-0.0,1.0,-0.0,1.0,0.0,1.0,0.0,1.0,0.0,1.0,-0.0,1.0,1.004028677598106,0.5035208590904894,0.9084171421062992,True
20261004,ff,85,3.63,4.5,0,0,bounded,0.005,25,-3000,True,0.0001010001710286926,0.0001005954837097218,1.235162902782211,2.394837097217789,1.677706159299821,0.0008196623912441971,0.4786992998093743,0.4787297887685847,-0.0,1.0,-0.0,1.0,0.0,1.0,0.0,1.0,0.0,1.0,-0.0,1.0,1.0040229173721016,0.5954837097218002,1.000171028692587,True
20261004,ff,85,3.63,4.5,0,0,bounded,0.005,25,3000,True,0.0001011976397700513,0.0001007934038104409,1.235961895590664,2.394038104409336,1.677515438988821,0.0008212694505458425,0.4787007609921053,0.4787313186785863,-0.0,1.0,-0.0,1.0,0.0,1.0,0.0,1.0,0.0,1.0,-0.0,1.0,1.00401053982035,0.7934038104409069,1.1976397700512953,True
20261004,ff,85,3.63,5,0,0,bounded,-0.005,-25,-3000,True,0.0001001209313241737,9.930600595349532e-05,1.229940465046671,2.400059534953328,2.178559666997149,0.0008610854739808014,0.4786927922541699,0.4787199622807257,-0.0,1.0,-0.0,1.0,0.0,1.0,0.0,1.0,0.0,1.0,-0.0,1.0,1.0082062042759026,-0.6939940465046868,0.1209313241737009,True
20261004,ff,85,3.63,5,0,0,bounded,-0.005,-25,3000,True,0.0001003190501240638,9.95039255819273e-05,1.230744180727001,2.399255819272999,2.178366727619989,0.0008627945162315762,0.4786942582561884,0.4787214924302229,-0.0,1.0,-0.0,1.0,0.0,1.0,0.0,1.0,0.0,1.0,-0.0,1.0,1.008191883258569,-0.4960744180727006,0.3190501240637911,True
20261004,ff,85,3.63,5,0,0,bounded,-0.005,25,-3000,True,0.0001004111046171231,9.959588826243343e-05,1.231117375665641,2.398882624334359,2.178277202671005,0.0008635886132269819,0.4786949394227495,0.4787222034077806,-0.0,1.0,-0.0,1.0,0.0,1.0,0.0,1.0,0.0,1.0,-0.0,1.0,1.0081852410667957,-0.4041117375665815,0.41110461712308144,True
20261004,ff,85,3.63,5,0,0,bounded,-0.005,25,3000,True,0.000100609220376441,9.979380799779103e-05,1.231920022089625,2.398079977910375,2.178084794662773,0.000865297640662995,0.4786964053985718,0.4787237335529805,-0.0,1.0,-0.0,1.0,0.0,1.0,0.0,1.0,0.0,1.0,-0.0,1.0,1.0081709716765996,-0.20619200220897138,0.6092203764409998,True
20261004,ff,85,3.63,5,0,0,bounded,0.005,-25,-3000,True,0.0001011215101215902,0.000100305600781512,1.233992184879858,2.396007815120142,2.177588925097496,0.0008697168971936029,0.4787001961220593,0.4787276902784741,-0.0,1.0,-0.0,1.0,0.0,1.0,0.0,1.0,0.0,1.0,-0.0,1.0,1.0081342351147013,0.3056007815120054,1.121510121590208,True
20261004,ff,85,3.63,5,0,0,bounded,0.005,-25,3000,True,0.000101319618472754,0.0001005035207767366,1.234792232634397,2.395207767365603,2.177397805102221,0.0008714258885320928,0.4787016620340167,0.4787292204131497,-0.0,1.0,-0.0,1.0,0.0,1.0,0.0,1.0,0.0,1.0,-0.0,1.0,1.0081200906168284,0.5035207767366101,1.3196184727539917,True
20261004,ff,85,3.63,5,0,0,bounded,0.005,25,-3000,True,0.0001014116681176382,0.000100595483627309,1.235163726909836,2.394836273090164,2.177309123079438,0.0008722199619040352,0.4787023431587861,0.4787299313838176,-0.0,1.0,-0.0,1.0,0.0,1.0,0.0,1.0,0.0,1.0,-0.0,1.0,1.0081135301595947,0.5954836273089903,1.4116681176381984,True
20261004,ff,85,3.63,5,0,0,bounded,0.005,25,3000,True,0.0001016097734574507,0.0001007934037279016,1.23596272098349,2.394037279016509,2.177118523962385,0.0008739289385684282,0.478703809044764,0.4787314615141925,-0.0,1.0,-0.0,1.0,0.0,1.0,0.0,1.0,0.0,1.0,-0.0,1.0,1.0080994360677902,0.7934037279015982,1.6097734574507028,True
20261004,ff,85,3.63,5.5,0,0,bounded,-0.005,-25,-3000,True,0.0001004831178433801,9.930600588095362e-05,1.229941190463663,2.400058809536337,2.678207222536877,0.0009131379652351556,0.4786954627251224,0.4787200877986986,-0.0,1.0,-0.0,1.0,0.0,1.0,0.0,1.0,0.0,1.0,-0.0,1.0,1.0118533813940476,-0.6939941190463927,0.48311784338008756,True
20261004,ff,85,3.63,5.5,0,0,bounded,-0.005,-25,3000,True,0.0001006817332219772,9.950392550928698e-05,1.230744907130244,2.399255092869756,2.678014460751921,0.0009149487980683615,0.4786969324336062,0.4787216181201156,-0.0,1.0,-0.0,1.0,0.0,1.0,0.0,1.0,0.0,1.0,-0.0,1.0,1.0118367964546313,-0.49607449071302767,0.6817332219771988,True
20261004,ff,85,3.63,5.5,0,0,bounded,-0.005,25,-3000,True,0.0001007740184076749,9.959588818974728e-05,1.231118102527031,2.398881897472969,2.677925018086149,0.0009157901911198075,0.4786976153220009,0.4787223291775407,-0.0,1.0,-0.0,1.0,0.0,1.0,0.0,1.0,0.0,1.0,-0.0,1.0,1.0118291049895862,-0.40411181025272747,0.7740184076749035,True
20261004,ff,85,3.63,5.5,0,0,bounded,-0.005,25,3000,True,0.0001009726305703556,9.97938079250063e-05,1.231920749936854,2.398079250063146,2.677732786663073,0.0009176010066535723,0.4786990850027221,0.4787238594945984,-0.0,1.0,-0.0,1.0,0.0,1.0,0.0,1.0,0.0,1.0,-0.0,1.0,1.0118125830636222,-0.20619207499370518,0.9726305703555926,True
20261004,ff,85,3.63,5.5,0,0,bounded,0.005,-25,-3000,True,0.0001014862033966307,0.0001003056007084725,1.233992915274829,2.396007084725171,2.677237370560767,0.0009222834650019392,0.4787028853016566,0.4787278166642996,-0.0,1.0,-0.0,1.0,0.0,1.0,0.0,1.0,0.0,1.0,-0.0,1.0,1.0117700575024668,0.30560070847249765,1.486203396630703,True
20261004,ff,85,3.63,5.5,0,0,bounded,0.005,-25,3000,True,0.0001016848077300008,0.0001005035207035986,1.234792964014115,2.395207035985885,2.677046424714301,0.0009240942384179447,0.4787043549147449,0.478729346970684,-0.0,1.0,-0.0,1.0,0.0,1.0,0.0,1.0,0.0,1.0,-0.0,1.0,1.011753688011448,0.5035207035986033,1.6848077300007924,True
20261004,ff,85,3.63,5.5,0,0,bounded,0.005,25,-3000,True,0.0001017770877918683,0.0001005954835541253,1.235164458746847,2.394835541253153,2.676957823380353,0.0009249356039055358,0.4787050377588777,0.4787300580211215,-0.0,1.0,-0.0,1.0,0.0,1.0,0.0,1.0,0.0,1.0,-0.0,1.0,1.011746096305678,0.5954835541252868,1.7770877918682926,True
20261004,ff,85,3.63,5.5,0,0,bounded,0.005,25,3000,True,0.0001019756889451334,0.0001007934036546194,1.23596345380526,2.39403654619474,2.676767397428737,0.0009267463602132194,0.4787065073444757,0.4787315883231454,-0.0,1.0,-0.0,1.0,0.0,1.0,0.0,1.0,0.0,1.0,-0.0,1.0,1.0117297883358047,0.7934036546193957,1.9756889451334025,True
20261004,ss,0,2.97,4.5,0,0,bounded,-0.005,-25,-3000,True,9.975856069617185e-05,9.962243745513924e-05,1.510625448607461,1.45937455139254,1.711068632991633,0.0007447921720406452,0.8422165388009838,0.8422476879173516,-0.0,1.0,-0.0,1.0,0.0,1.0,0.0,1.0,0.0,1.0,-0.0,1.0,1.0013663913924402,-0.37756254486076557,-0.24143930382815038,True
20261004,ss,0,2.97,4.5,0,0,bounded,-0.005,-25,3000,True,9.956133845745376e-05,9.942450856297235e-05,1.509914370276425,1.460085629723576,1.711218237268768,0.0007433168231566838,0.8422151208845059,0.8422462014782048,-0.0,1.0,-0.0,1.0,0.0,1.0,0.0,1.0,0.0,1.0,-0.0,1.0,1.0013762189671247,-0.5754914370276532,-0.4386615425462481,True
20261004,ss,0,2.97,4.5,0,0,bounded,-0.005,25,-3000,True,9.962409116098504e-05,9.948748593063654e-05,1.510140693634492,1.459859306365508,1.711170605772229,0.0007437862531045074,0.8422155720412623,0.842246674436421,-0.0,1.0,-0.0,1.0,0.0,1.0,0.0,1.0,0.0,1.0,-0.0,1.0,1.0013730895807715,-0.5125140693634678,-0.3759088390149601,True
20261004,ss,0,2.97,4.5,0,0,bounded,-0.005,25,3000,True,9.942686783298717e-05,9.92895570832373e-05,1.509429167626752,1.460570832373248,1.711320399685512,0.0007423108994517532,0.8422141541152524,0.8422451879953494,-0.0,1.0,-0.0,1.0,0.0,1.0,0.0,1.0,0.0,1.0,-0.0,1.0,1.0013829324430843,-0.7104429167626991,-0.5731321670128353,True
20261004,ss,0,2.97,4.5,0,0,bounded,0.005,-25,-3000,True,0.0001007546082681136,0.0001006220793213989,1.514206786010841,1.455793213989159,1.710317268768671,0.0007522433224571637,0.8422236997821088,0.8422551951426523,-0.0,1.0,-0.0,1.0,0.0,1.0,0.0,1.0,0.0,1.0,-0.0,1.0,1.0013170960847608,0.6220793213988829,0.754608268113599,True
20261004,ss,0,2.97,4.5,0,0,bounded,0.005,-25,3000,True,0.0001005573940681918,0.0001004241501004176,1.513498995823831,1.45650100417617,1.710465484160806,0.0007507680087711893,0.8422222819360554,0.842253708717762,-0.0,1.0,-0.0,1.0,0.0,1.0,0.0,1.0,0.0,1.0,-0.0,1.0,1.0013268120032977,0.4241501004175863,0.5573940681917966,True
20261004,ss,0,2.97,4.5,0,0,bounded,0.005,25,-3000,True,0.0001006201442127034,0.0001004871275728099,1.513724271900592,1.456275728099409,1.710418295177692,0.0007512374275145306,0.8422227330703956,0.8422541816714413,-0.0,1.0,-0.0,1.0,0.0,1.0,0.0,1.0,0.0,1.0,-0.0,1.0,1.001323718202584,0.4871275728098867,0.6201442127033996,True
20261004,ss,0,2.97,4.5,0,0,bounded,0.005,25,3000,True,0.0001004229289306605,0.0001002891983959331,1.513016040669091,1.456983959330909,1.710566696457064,0.0007497621090899991,0.842221315214857,0.8422526952446228,-0.0,1.0,-0.0,1.0,0.0,1.0,0.0,1.0,0.0,1.0,-0.0,1.0,1.0013334490340569,0.28919839593311014,0.4229289306604933,True
20261004,ss,0,2.97,5,0,0,bounded,-0.005,-25,-3000,True,0.0001001834383510171,9.962243737046408e-05,1.510626295359201,1.459373704640799,2.210747275476299,0.000796795840411451,0.8422195917796795,0.842247830987502,-0.0,1.0,-0.0,1.0,0.0,1.0,0.0,1.0,0.0,1.0,-0.0,1.0,1.0056312713818358,-0.37756262953592135,0.1834383510171067,True
20261004,ss,0,2.97,5,0,0,bounded,-0.005,-25,3000,True,9.998560958454652e-05,9.942450847841691e-05,1.509915215830644,1.460084784169356,2.210896745203348,0.000795218847769698,0.842218169509392,0.8422463443443795,-0.0,1.0,-0.0,1.0,0.0,1.0,0.0,1.0,0.0,1.0,-0.0,1.0,1.0056434888612138,-0.5754915215830936,-0.014390415453480188,True
20261004,ss,0,2.97,5,0,0,bounded,-0.005,25,-3000,True,0.000100048555281468,9.948748584604298e-05,1.510141539570116,1.459858460429884,2.210849156583976,0.0007957206190361556,0.8422186220515057,0.8422468173674998,-0.0,1.0,-0.0,1.0,0.0,1.0,0.0,1.0,0.0,1.0,-0.0,1.0,1.0056395980927015,-0.5125141539570222,0.04855528146798793,True
20261004,ss,0,2.97,5,0,0,bounded,-0.005,25,3000,True,9.985072538225018e-05,9.928955699876352e-05,1.509430012364714,1.460569987635286,2.210998815531217,0.0007941436208636326,0.8422171997713572,0.8422453307224402,-0.0,1.0,-0.0,1.0,0.0,1.0,0.0,1.0,0.0,1.0,-0.0,1.0,1.005651836914668,-0.7104430012364826,-0.1492746177498172,True
20261004,ss,0,2.97,5,0,0,bounded,0.005,-25,-3000,True,0.0001011825482638463,0.0001006220792361192,1.514207638807961,1.45579236119204,2.209996581566533,0.0008047603263165645,0.842226774742763,0.8422553392426501,-0.0,1.0,-0.0,1.0,0.0,1.0,0.0,1.0,0.0,1.0,-0.0,1.0,1.0055700402136585,0.6220792361191885,1.1825482638462947,True
20261004,ss,0,2.97,5,0,0,bounded,0.005,-25,3000,True,0.0001009847278399291,0.0001004241500152576,1.513499847423982,1.456500152576018,2.210144665451092,0.0008031833744110641,0.8422253525451802,0.8422538526138887,-0.0,1.0,-0.0,1.0,0.0,1.0,0.0,1.0,0.0,1.0,-0.0,1.0,1.005582101761243,0.4241500152575961,0.9847278399290893,True
20261004,ss,0,2.97,5,0,0,bounded,0.005,25,-3000,True,0.0001010476708805576,0.0001004871274876118,1.513725123881766,1.456274876118234,2.210097518375609,0.0008036851327070806,0.8422258050641506,0.8422543256324397,-0.0,1.0,-0.0,1.0,0.0,1.0,0.0,1.0,0.0,1.0,-0.0,1.0,1.0055782606883146,0.4871274876117937,1.047670880557594,True
20261004,ss,0,2.97,5,0,0,bounded,0.005,25,3000,True,0.0001008498493352618,0.0001002891983108546,1.513016891453515,1.456983108546485,2.210245787740682,0.0008021081753255929,0.8422243828567855,0.8422528390017412,-0.0,1.0,-0.0,1.0,0.0,1.0,0.0,1.0,0.0,1.0,-0.0,1.0,1.005590343066353,0.28919831085458814,0.8498493352617986,True
20261004,ss,0,2.97,5.5,0,0,bounded,-0.005,-25,-3000,True,0.000100568338477272,9.96224372937582e-05,1.510627062418019,1.459372937581981,2.710457251833887,0.0008490045100535141,0.842222338413974,0.8422479605753884,-0.0,1.0,-0.0,1.0,0.0,1.0,0.0,1.0,0.0,1.0,-0.0,1.0,1.0094948608888639,-0.37756270624180743,0.5683384772720013,True
20261004,ss,0,2.97,5.5,0,0,bounded,-0.005,-25,3000,True,0.0001003700183014882,9.942450840180793e-05,1.509915981920477,1.460084018079524,2.710606557131345,0.0008473259002776326,0.8422209125571337,0.8422464737669675,-0.0,1.0,-0.0,1.0,0.0,1.0,0.0,1.0,0.0,1.0,-0.0,1.0,1.00950982725365,-0.5754915981920683,0.37001830148819526,True
20261004,ss,0,2.97,5.5,0,0,bounded,-0.005,25,-3000,True,0.0001004331203776748,9.948748576940318e-05,1.510142305968216,1.459857694031784,2.71055902089562,0.0008478600044784265,0.8422213662406016,0.8422469468426893,-0.0,1.0,-0.0,1.0,0.0,1.0,0.0,1.0,0.0,1.0,-0.0,1.0,1.0095050608723135,-0.5125142305968278,0.4331203776747783,True
20261004,ss,0,2.97,5.5,0,0,bounded,-0.005,25,3000,True,0.0001002347989303214,9.928955692222064e-05,1.509430777793467,1.460569222206533,2.710708515004787,0.0008461813878418789,0.8422199403727773,0.8422454600322835,-0.0,1.0,-0.0,1.0,0.0,1.0,0.0,1.0,0.0,1.0,-0.0,1.0,1.0095200546502712,-0.7104430777793658,0.23479893032138932,True
20261004,ss,0,2.97,5.5,0,0,bounded,0.005,-25,-3000,True,0.0001015699271717079,0.0001006220791589245,1.514208410754882,1.455791589245118,2.709707379322841,0.0008574821842124772,0.8422295394660041,0.8422554696643278,-0.0,1.0,-0.0,1.0,0.0,1.0,0.0,1.0,0.0,1.0,-0.0,1.0,1.0094198810112673,0.6220791589244934,1.5699271717078966,True
20261004,ss,0,2.97,5.5,0,0,bounded,0.005,-25,3000,True,0.0001013716163546424,0.0001004241499381596,1.513500618404032,1.456499381595969,2.709855301760753,0.0008558036249329498,0.8422281136900933,0.8422539828706151,-0.0,1.0,-0.0,1.0,0.0,1.0,0.0,1.0,0.0,1.0,-0.0,1.0,1.0094346471149245,0.42414993815960145,1.371616354642402,True
20261004,ss,0,2.97,5.5,0,0,bounded,0.005,25,-3000,True,0.0001014347154508127,0.000100487127410483,1.51372589516947,1.45627410483053,2.709808206118114,0.0008563377130546781,0.842228567347795,0.8422544559416556,-0.0,1.0,-0.0,1.0,0.0,1.0,0.0,1.0,0.0,1.0,-0.0,1.0,1.0094299445585588,0.48712741048300146,1.4347154508126847,True
20261004,ss,0,2.97,5.5,0,0,bounded,0.005,25,3000,True,0.0001012364033763884,0.0001002891982338226,1.513017661773863,1.456982338226137,2.709956313638207,0.0008546591469906658,0.8422271415610051,0.8422529691459599,-0.0,1.0,-0.0,1.0,0.0,1.0,0.0,1.0,0.0,1.0,-0.0,1.0,1.0094447374118736,0.28919823382260734,1.2364033763883953,True
20261004,ss,0,3.3,4.5,0,0,bounded,-0.005,-25,-3000,True,9.969285683181375e-05,9.955646115045602e-05,1.510388495439708,1.789611504560292,1.711118442395182,0.0007771541894793696,0.8422160664275931,0.8422471924504289,-0.0,1.0,-0.0,1.0,0.0,1.0,0.0,1.0,0.0,1.0,-0.0,1.0,1.0013700334441538,-0.4435388495439896,-0.3071431681862635,True
20261004,ss,0,3.3,4.5,0,0,bounded,-0.005,-25,3000,True,9.969285683179598e-05,9.9556461150456e-05,1.510388495439778,1.789611504560222,1.711118442395178,0.0007771541894792896,0.8422160664275931,0.8422471924504289,-0.0,1.0,-0.0,1.0,0.0,1.0,0.0,1.0,0.0,1.0,-0.0,1.0,1.0013700334439755,-0.4435388495440007,-0.3071431682040271,True
20261004,ss,0,3.3,4.5,0,0,bounded,-0.005,25,-3000,True,9.955838662013696e-05,9.942150964086115e-05,1.509903591388329,1.790096408611672,1.711220478507071,0.0007761037335452157,0.8422150996624431,0.8422461789687541,-0.0,1.0,-0.0,1.0,0.0,1.0,0.0,1.0,0.0,1.0,-0.0,1.0,1.0013767340666044,-0.5784903591388502,-0.4416133798630484,True
20261004,ss,0,3.3,4.5,0,0,bounded,-0.005,25,3000,True,9.955838662008367e-05,9.942150964086115e-05,1.509903591388276,1.790096408611724,1.711220478507111,0.0007761037335449758,0.8422150996624431,0.8422461789687541,-0.0,1.0,-0.0,1.0,0.0,1.0,0.0,1.0,0.0,1.0,-0.0,1.0,1.0013767340660684,-0.5784903591388502,-0.4416133799163391,True
20261004,ss,0,3.3,4.5,0,0,bounded,0.005,-25,-3000,True,0.0001006889095130373,0.0001005561029072182,1.513970927817307,1.786029072182693,1.710366614250884,0.0007849352443421851,0.8422232274496503,0.8422546996813027,-0.0,1.0,-0.0,1.0,0.0,1.0,0.0,1.0,0.0,1.0,-0.0,1.0,1.001320721487602,0.5561029072181922,0.6889095130372835,True
20261004,ss,0,3.3,4.5,0,0,bounded,0.005,-25,3000,True,0.0001006889095130906,0.0001005561029072183,1.513970927817327,1.786029072182673,1.710366614250852,0.0007849352443424248,0.8422232274496503,0.8422546996813027,-0.0,1.0,-0.0,1.0,0.0,1.0,0.0,1.0,0.0,1.0,-0.0,1.0,1.0013207214881312,0.5561029072183032,0.6889095130905964,True
20261004,ss,0,3.3,4.5,0,0,bounded,0.005,25,-3000,True,0.0001005544447577603,0.0001004211511733164,1.513488266835854,1.786511733164146,1.71046770275965,0.0007838848122215722,0.8422222607323382,0.8422536862093353,-0.0,1.0,-0.0,1.0,0.0,1.0,0.0,1.0,0.0,1.0,-0.0,1.0,1.0013273457123972,0.42115117331640306,0.5544447577602973,True
20261004,ss,0,3.3,4.5,0,0,bounded,0.005,25,3000,True,0.0001005544447577248,0.0001004211511733164,1.513488266835767,1.786511733164233,1.710467702759681,0.0007838848122214123,0.8422222607323382,0.8422536862093353,-0.0,1.0,-0.0,1.0,0.0,1.0,0.0,1.0,0.0,1.0,-0.0,1.0,1.0013273457120437,0.42115117331640306,0.5544447577247924,True
20261004,ss,0,3.3,5,0,0,bounded,-0.005,-25,-3000,True,0.000100117532430989,9.955646106582072e-05,1.510389341792701,1.789610658207299,2.210797040122229,0.000829123995611793,0.8422191179558844,0.8422473354526313,-0.0,1.0,-0.0,1.0,0.0,1.0,0.0,1.0,0.0,1.0,-0.0,1.0,1.0056357102207294,-0.44353893417928836,0.11753243098899802,True
20261004,ss,0,3.3,5,0,0,bounded,-0.005,-25,3000,True,0.0001001175324310245,9.955646106582072e-05,1.510389341792699,1.789610658207301,2.210797040122089,0.0008291239956119705,0.8422191179558844,0.8422473354526313,-0.0,1.0,-0.0,1.0,0.0,1.0,0.0,1.0,0.0,1.0,-0.0,1.0,1.0056357102210858,-0.44353893417928836,0.11753243102450295,True
20261004,ss,0,3.3,5,0,0,bounded,-0.005,25,-3000,True,9.998264866919363e-05,9.94215095563075e-05,1.509904436924806,1.790095563075194,2.210898984422951,0.0008280042368215739,0.8422181482221637,0.8422463218318765,-0.0,1.0,-0.0,1.0,0.0,1.0,0.0,1.0,0.0,1.0,-0.0,1.0,1.005644041368818,-0.5784904436925031,-0.01735133080638107,True
20261004,ss,0,3.3,5,0,0,bounded,-0.005,25,3000,True,9.998264866928244e-05,9.942150955630749e-05,1.509904436924888,1.790095563075112,2.210898984422789,0.000828004236822018,0.8422181482221637,0.8422463218318765,-0.0,1.0,-0.0,1.0,0.0,1.0,0.0,1.0,0.0,1.0,-0.0,1.0,1.0056440413697114,-0.5784904436925142,-0.01735133071756323,True
20261004,ss,0,3.3,5,0,0,bounded,0.005,-25,-3000,True,0.0001011166475610316,0.0001005561028219784,1.513971780215719,1.786028219784281,2.210045883304939,0.0008374183890574832,0.8422263009607077,0.8422548437133869,-0.0,1.0,-0.0,1.0,0.0,1.0,0.0,1.0,0.0,1.0,-0.0,1.0,1.005574447729399,0.5561028219783992,1.116647561031603,True
20261004,ss,0,3.3,5,0,0,bounded,0.005,-25,3000,True,0.0001011166475610316,0.0001005561028219784,1.513971780215696,1.786028219784304,2.210045883304931,0.0008374183890574832,0.8422263009607077,0.8422548437133869,-0.0,1.0,-0.0,1.0,0.0,1.0,0.0,1.0,0.0,1.0,-0.0,1.0,1.005574447729399,0.5561028219783992,1.116647561031603,True
20261004,ss,0,3.3,5,0,0,bounded,0.005,25,-3000,True,0.0001009817694635941,0.0001004211510881581,1.513489118418279,1.786510881581721,2.2101468820784,0.0008362986578486126,0.8422253312763888,0.8422538301024185,-0.0,1.0,-0.0,1.0,0.0,1.0,0.0,1.0,0.0,1.0,-0.0,1.0,1.0055826722693493,0.42115108815810043,0.9817694635940954,True
20261004,ss,0,3.3,5,0,0,bounded,0.005,25,3000,True,0.0001009817694635586,0.0001004211510881582,1.513489118418265,1.786510881581735,2.210146882078427,0.000836298657848435,0.8422253312763888,0.8422538301024185,-0.0,1.0,-0.0,1.0,0.0,1.0,0.0,1.0,0.0,1.0,-0.0,1.0,1.005582672268995,0.42115108815818925,0.9817694635585905,True
20261004,ss,0,3.3,5.5,0,0,bounded,-0.005,-25,-3000,True,0.0001005022688683237,9.955646098914712e-05,1.5103901085287,1.7896098914713,2.710506961766873,0.0008812988119796476,0.8422218633955133,0.8422474649854568,-0.0,1.0,-0.0,1.0,0.0,1.0,0.0,1.0,0.0,1.0,-0.0,1.0,1.0095002159556443,-0.44353901085288916,0.5022688683236964,True
20261004,ss,0,3.3,5.5,0,0,bounded,-0.005,-25,3000,True,0.0001005022688683593,9.95564609891471e-05,1.510390108528741,1.789609891471259,2.710506961766852,0.0008812988119798429,0.8422218633955133,0.8422474649854568,-0.0,1.0,-0.0,1.0,0.0,1.0,0.0,1.0,0.0,1.0,-0.0,1.0,1.0095002159560023,-0.44353901085290026,0.5022688683593124,True
20261004,ss,0,3.3,5.5,0,0,bounded,-0.005,25,-3000,True,0.0001003670500297798,9.942150947969997e-05,1.509905203000106,1.790094796999895,2.710608793885322,0.000880109768386597,0.8422208912162155,0.8422464512519905,-0.0,1.0,-0.0,1.0,0.0,1.0,0.0,1.0,0.0,1.0,-0.0,1.0,1.0095104223927809,-0.5784905203000346,0.36705002977979184,True
20261004,ss,0,3.3,5.5,0,0,bounded,-0.005,25,3000,True,0.000100367050029762,9.942150947969999e-05,1.50990520300011,1.790094796999891,2.710608793885327,0.0008801097683864992,0.8422208912162155,0.8422464512519905,-0.0,1.0,-0.0,1.0,0.0,1.0,0.0,1.0,0.0,1.0,-0.0,1.0,1.009510422392602,-0.5784905203000124,0.36705002976200607,True
20261004,ss,0,3.3,5.5,0,0,bounded,0.005,-25,-3000,True,0.0001015038631240888,0.0001005561027448159,1.513972551840451,1.78602744815955,2.709756627342378,0.0008901063981801841,0.8422290644920638,0.8422549740801194,-0.0,1.0,-0.0,1.0,0.0,1.0,0.0,1.0,0.0,1.0,-0.0,1.0,1.009425190052145,0.5561027448159006,1.503863124088789,True
20261004,ss,0,3.3,5.5,0,0,bounded,0.005,-25,3000,True,0.0001015038631241776,0.0001005561027448159,1.513972551840497,1.786027448159503,2.709756627342306,0.0008901063981806726,0.8422290644920638,0.8422549740801194,-0.0,1.0,-0.0,1.0,0.0,1.0,0.0,1.0,0.0,1.0,-0.0,1.0,1.009425190053028,0.5561027448159006,1.5038631241776068,True
20261004,ss,0,3.3,5.5,0,0,bounded,0.005,25,-3000,True,0.0001013686506431615,0.0001004211510110616,1.513489889383655,1.786510110616345,2.709857515969137,0.0008889173888135841,0.8422280923677784,0.842253960356673,-0.0,1.0,-0.0,1.0,0.0,1.0,0.0,1.0,0.0,1.0,-0.0,1.0,1.0094352596296723,0.42115101106159347,1.3686506431614953,True
20261004,ss,0,3.3,5.5,0,0,bounded,0.005,25,3000,True,0.000101368650643126,0.0001004211510110616,1.513489889383627,1.786510110616373,2.709857515969155,0.0008889173888133886,0.8422280923677766,0.842253960356673,-0.0,1.0,-0.0,1.0,0.0,1.0,0.0,1.0,0.0,1.0,-0.0,1.0,1.0094352596293188,0.42115101106159347,1.3686506431259904,True
20261004,ss,0,3.63,4.5,0,0,bounded,-0.005,-25,-3000,True,9.962711986268338e-05,9.949048485306381e-05,1.510151469361704,2.119848530638296,1.711168307590763,0.0008094725138511202,0.8422155938160357,0.8422466969721082,-0.0,1.0,-0.0,1.0,0.0,1.0,0.0,1.0,0.0,1.0,-0.0,1.0,1.0013733475097781,-0.5095151469361903,-0.3728801373166224,True
20261004,ss,0,3.63,4.5,0,0,bounded,-0.005,-25,3000,True,9.982434205221415e-05,9.968841376708408e-05,1.510862329159199,2.119137670840801,1.711018795528785,0.000811078495661759,0.8422170117313212,0.8422481834104795,-0.0,1.0,-0.0,1.0,0.0,1.0,0.0,1.0,0.0,1.0,-0.0,1.0,1.0013635314275102,-0.3115862329159169,-0.17565794778585664,True
20261004,ss,0,3.63,4.5,0,0,bounded,-0.005,25,-3000,True,9.949264927642622e-05,9.935553335839151e-05,1.509666416084721,2.120333583915278,1.711270406919858,0.0008083775222871971,0.8422146270476248,0.8422456834897847,-0.0,1.0,-0.0,1.0,0.0,1.0,0.0,1.0,0.0,1.0,-0.0,1.0,1.0013800531626167,-0.6444666416084988,-0.5073507235737851,True
20261004,ss,0,3.63,4.5,0,0,bounded,-0.005,25,3000,True,9.968987254992546e-05,9.955346222768839e-05,1.510377723116112,2.119622276883888,1.711120705475576,0.0008099835088134822,0.8422160449724095,0.8422471699300792,-0.0,1.0,-0.0,1.0,0.0,1.0,0.0,1.0,0.0,1.0,-0.0,1.0,1.0013702217801836,-0.44653777231161706,-0.3101274500745488,True
20261004,ss,0,3.63,4.5,0,0,bounded,0.005,-25,-3000,True,0.0001006231753089307,0.0001004901265002213,1.513734997786873,2.116265002213126,1.710416016446721,0.0008175834625383002,0.8422227548621797,0.8422542042077625,-0.0,1.0,-0.0,1.0,0.0,1.0,0.0,1.0,0.0,1.0,-0.0,1.0,1.0013239988180243,0.49012650022128845,0.6231753089307013,True
20261004,ss,0,3.63,4.5,0,0,bounded,0.005,-25,3000,True,0.0001008203895020313,0.0001006880557427325,1.514442572674931,2.115557427325069,1.710267891418978,0.0008191894095577142,0.8422241727073522,0.842255690631888,-0.0,1.0,-0.0,1.0,0.0,1.0,0.0,1.0,0.0,1.0,-0.0,1.0,1.0013142945141071,0.6880557427324963,0.8203895020312935,True
20261004,ss,0,3.63,4.5,0,0,bounded,0.005,25,-3000,True,0.0001004887101812583,0.0001003551747810209,1.513252189790535,2.116747810209465,1.71051716692312,0.0008164884947231201,0.8422217881416227,0.8422531907351501,-0.0,1.0,-0.0,1.0,0.0,1.0,0.0,1.0,0.0,1.0,-0.0,1.0,1.0013306279474754,0.35517478102089495,0.48871018125828947,True
20261004,ss,0,3.63,4.5,0,0,bounded,0.005,25,3000,True,0.0001006859254506002,0.0001005531039794709,1.513960205290854,2.116039794709146,1.710368856254932,0.0008180944464256247,0.8422232059962369,0.8422546771612002,-0.0,1.0,-0.0,1.0,0.0,1.0,0.0,1.0,0.0,1.0,-0.0,1.0,1.0013209087126382,0.5531039794709036,0.6859254506001999,True
20261004,ss,0,3.63,5,0,0,bounded,-0.005,-25,-3000,True,0.0001000515932975644,9.949048476846845e-05,1.510152315315412,2.119847684684587,2.210846860470451,0.0008614084406497729,0.8422186438931409,0.8422468399063211,-0.0,1.0,-0.0,1.0,0.0,1.0,0.0,1.0,0.0,1.0,-0.0,1.0,1.0056398210381803,-0.5095152315315543,0.05159329756441178,True
20261004,ss,0,3.63,5,0,0,bounded,-0.005,-25,3000,True,0.0001002494219954499,9.968841368236898e-05,1.510863176310168,2.119136823689832,2.210697482755756,0.0008631160660965474,0.8422200661620937,0.8422483265486591,-0.0,1.0,-0.0,1.0,0.0,1.0,0.0,1.0,0.0,1.0,-0.0,1.0,1.0056276180185635,-0.3115863176310185,0.2494219954499055,True
20261004,ss,0,3.63,5,0,0,bounded,-0.005,25,-3000,True,9.991670914683573e-05,9.935553327387777e-05,1.50966726122211,2.12033273877789,2.210948867849582,0.0008602441459707664,0.8422176741560515,0.8422458262849175,-0.0,1.0,-0.0,1.0,0.0,1.0,0.0,1.0,0.0,1.0,-0.0,1.0,1.0056481592364972,-0.6444667261222281,-0.08329085316427509,True
20261004,ss,0,3.63,5,0,0,bounded,-0.005,25,3000,True,0.0001001145389715176,9.95534621430549e-05,1.510378569450963,2.119621430549036,2.210799301168148,0.0008619517768893113,0.8422190964348235,0.842247312929191,-0.0,1.0,-0.0,1.0,0.0,1.0,0.0,1.0,0.0,1.0,-0.0,1.0,1.0056359348674027,-0.44653785694510617,0.11453897151758596,True
20261004,ss,0,3.63,5,0,0,bounded,0.005,-25,-3000,True,0.0001010507112942029,0.0001004901264150213,1.513735849786266,2.116264150213734,2.210095241667508,0.0008700327298098152,0.8422258269228147,0.8422543481718933,-0.0,1.0,-0.0,1.0,0.0,1.0,0.0,1.0,0.0,1.0,-0.0,1.0,1.0055785070551748,0.49012641502128584,1.0507112942028884,True
20261004,ss,0,3.63,5,0,0,bounded,0.005,-25,3000,True,0.0001012485316933932,0.0001006880556574129,1.514443425870902,2.115556574129098,2.209947247949545,0.0008717403149558255,0.8422272491193773,0.8422558347998806,-0.0,1.0,-0.0,1.0,0.0,1.0,0.0,1.0,0.0,1.0,-0.0,1.0,1.0055664600167402,0.6880556574129004,1.2485316933932067,True
20261004,ss,0,3.63,5,0,0,bounded,0.005,25,-3000,True,0.0001009158328112604,0.0001003551746959026,1.513253040974137,2.116746959025863,2.210196302273046,0.0008688684626548519,0.8422248572351531,0.8422533345602727,-0.0,1.0,-0.0,1.0,0.0,1.0,0.0,1.0,0.0,1.0,-0.0,1.0,1.0055867384721986,0.35517469590258255,0.9158328112603975,True
20261004,ss,0,3.63,5,0,0,bounded,0.005,25,3000,True,0.0001011136543258785,0.0001005531038942329,1.513961057671186,2.116038942328814,2.21004812332057,0.0008705760532178039,0.8422262794414515,0.8422548211901992,-0.0,1.0,-0.0,1.0,0.0,1.0,0.0,1.0,0.0,1.0,-0.0,1.0,1.0055746705962973,0.553103894232887,1.1136543258785103,True
20261004,ss,0,3.63,5.5,0,0,bounded,-0.005,-25,-3000,True,0.0001004361659412628,9.949048469182712e-05,1.510153081728601,2.119846918271399,2.710556727308195,0.0009135493865606167,0.8422213881373213,0.8422469693840504,-0.0,1.0,-0.0,1.0,0.0,1.0,0.0,1.0,0.0,1.0,-0.0,1.0,1.009505243163353,-0.509515308172892,0.4361659412627894,True
20261004,ss,0,3.63,5.5,0,0,bounded,-0.005,-25,3000,True,0.000100634485981848,9.968841360563077e-05,1.510863943692347,2.119136056307653,2.710407513824433,0.0009153586287409816,0.8422228139922869,0.8422484561916643,-0.0,1.0,-0.0,1.0,0.0,1.0,0.0,1.0,0.0,1.0,-0.0,1.0,1.0094902942277717,-0.3115863943692343,0.6344859818479875,True
20261004,ss,0,3.63,5.5,0,0,bounded,-0.005,25,-3000,True,0.0001003009466672627,9.935553319730255e-05,1.509668026974274,2.120331973025726,2.71065862236917,0.000912315806628455,0.8422204159542781,0.8422459556499179,-0.0,1.0,-0.0,1.0,0.0,1.0,0.0,1.0,0.0,1.0,-0.0,1.0,1.009515458671866,-0.644466802697452,0.3009466672627026,True
20261004,ss,0,3.63,5.5,0,0,bounded,-0.005,25,3000,True,0.000100499267973591,9.955346206638276e-05,1.510379336172429,2.119620663827571,2.710509220326112,0.0009141250556079935,0.8422218418201862,0.8422474424595165,-0.0,1.0,-0.0,1.0,0.0,1.0,0.0,1.0,0.0,1.0,-0.0,1.0,1.0095004823295606,-0.4465379336172526,0.49926797359098884,True
20261004,ss,0,3.63,5.5,0,0,bounded,0.005,-25,-3000,True,0.0001014377634024815,0.0001004901263378911,1.513736621088827,2.116263378911174,2.709805931892661,0.000922686871772558,0.8422285892614638,0.8422544784836471,-0.0,1.0,-0.0,1.0,0.0,1.0,0.0,1.0,0.0,1.0,-0.0,1.0,1.0094301509921884,0.4901263378910947,1.4377634024814956,True
20261004,ss,0,3.63,5.5,0,0,bounded,0.005,-25,3000,True,0.0001016360741300009,0.0001006880555801859,1.514444198140428,2.115555801859572,2.7096580994272,0.0009244960639233687,0.8422300150358304,0.8422559652765629,-0.0,1.0,-0.0,1.0,0.0,1.0,0.0,1.0,0.0,1.0,-0.0,1.0,1.0094154022972468,0.6880555801858979,1.6360741300008863,True
20261004,ss,0,3.63,5.5,0,0,bounded,0.005,25,-3000,True,0.0001013025504907344,0.0001003551746188383,1.513253811617065,2.116746188382935,2.709906882218664,0.0009214533260176979,0.8422276171334663,0.8422534647595346,-0.0,1.0,-0.0,1.0,0.0,1.0,0.0,1.0,0.0,1.0,-0.0,1.0,1.0094402294201008,0.35517461883829426,1.3025504907343999,True
20261004,ss,0,3.63,5.5,0,0,bounded,0.005,25,3000,True,0.0001015008624693064,0.0001005531038170718,1.513961829281448,2.116038170718552,2.709758864916504,0.000923262524889504,0.8422290429186688,0.842254951554437,-0.0,1.0,-0.0,1.0,0.0,1.0,0.0,1.0,0.0,1.0,-0.0,1.0,1.009425453976625,0.5531038170717872,1.5008624693063854,True
20261004,ss,27,2.97,4.5,0,0,bounded,-0.005,-25,-3000,True,9.966573274039638e-05,9.955356398249295e-05,1.52436017507044,1.44563982492956,1.700277472545504,0.0007441698920258933,0.8056816248074536,0.805713204986799,-0.0,1.0,-0.0,1.0,0.0,1.0,0.0,1.0,0.0,1.0,-0.0,1.0,1.0011267176524505,-0.44643601750705697,-0.3342672596036267,True
20261004,ss,27,2.97,4.5,0,0,bounded,-0.005,-25,3000,True,9.946857726708037e-05,9.935564058619117e-05,1.523594138088262,1.446405861911738,1.700440977727085,0.000742694859908927,0.8056801942715168,0.8057117048729264,-0.0,1.0,-0.0,1.0,0.0,1.0,0.0,1.0,0.0,1.0,-0.0,1.0,1.001136691185552,-0.644359413808826,-0.5314227329196286,True
20261004,ss,27,2.97,4.5,0,0,bounded,-0.005,25,-3000,True,9.966573274039638e-05,9.955356398249295e-05,1.52436017507044,1.44563982492956,1.700277472545504,0.0007441698920258933,0.8056816248074536,0.805713204986799,-0.0,1.0,-0.0,1.0,0.0,1.0,0.0,1.0,0.0,1.0,-0.0,1.0,1.0011267176524505,-0.44643601750705697,-0.3342672596036267,True
20261004,ss,27,2.97,4.5,0,0,bounded,-0.005,25,3000,True,9.946857726708037e-05,9.935564058619117e-05,1.523594138088262,1.446405861911738,1.700440977727085,0.000742694859908927,0.8056801942715168,0.8057117048729264,-0.0,1.0,-0.0,1.0,0.0,1.0,0.0,1.0,0.0,1.0,-0.0,1.0,1.001136691185552,-0.644359413808826,-0.5314227329196286,True
20261004,ss,27,2.97,4.5,0,0,bounded,0.005,-25,-3000,True,0.0001006614415127897,0.0001005531781647474,1.52821835252629,1.44178164747371,1.699456324829865,0.0007516194356228991,0.8056888495100489,0.8057207812763381,-0.0,1.0,-0.0,1.0,0.0,1.0,0.0,1.0,0.0,1.0,-0.0,1.0,1.0010766775353925,0.5531781647474032,0.6614415127896844,True
20261004,ss,27,2.97,4.5,0,0,bounded,0.005,-25,3000,True,0.0001004642946073223,0.000100355254415584,1.527455844159649,1.442544155840351,1.699618301646781,0.0007501444410133501,0.8056874190488916,0.8057192811767302,-0.0,1.0,-0.0,1.0,0.0,1.0,0.0,1.0,0.0,1.0,-0.0,1.0,1.0010865419292023,0.3552544155839943,0.4642946073222909,True
20261004,ss,27,2.97,4.5,0,0,bounded,0.005,25,-3000,True,0.0001006614415127897,0.0001005531781647474,1.52821835252629,1.44178164747371,1.699456324829865,0.0007516194356228991,0.8056888495100489,0.8057207812763381,-0.0,1.0,-0.0,1.0,0.0,1.0,0.0,1.0,0.0,1.0,-0.0,1.0,1.0010766775353925,0.5531781647474032,0.6614415127896844,True
20261004,ss,27,2.97,4.5,0,0,bounded,0.005,25,3000,True,0.0001004642946073223,0.000100355254415584,1.527455844159649,1.442544155840351,1.699618301646781,0.0007501444410133501,0.8056874190488916,0.8057192811767302,-0.0,1.0,-0.0,1.0,0.0,1.0,0.0,1.0,0.0,1.0,-0.0,1.0,1.0010865419292023,0.3552544155839943,0.4642946073222909,True
20261004,ss,27,2.97,5,0,0,bounded,-0.005,-25,-3000,True,0.0001000759710424361,9.95535639006617e-05,1.524360993383026,1.445639006616974,2.199938225144245,0.0007960539496631919,0.8056845998890947,0.8057133444041134,-0.0,1.0,-0.0,1.0,0.0,1.0,0.0,1.0,0.0,1.0,-0.0,1.0,1.00524749814377,-0.44643609933830986,0.07597104243608488,True
20261004,ss,27,2.97,5,0,0,bounded,-0.005,-25,3000,True,9.987820453711285e-05,9.935564050448068e-05,1.523594955193092,1.446405044806908,2.200101605119449,0.0007944772846499436,0.8056831649265037,0.8057118440828405,-0.0,1.0,-0.0,1.0,0.0,1.0,0.0,1.0,0.0,1.0,-0.0,1.0,1.0052595306112349,-0.6443594955193199,-0.12179546288715315,True
20261004,ss,27,2.97,5,0,0,bounded,-0.005,25,-3000,True,0.0001000759710424361,9.95535639006617e-05,1.524360993383026,1.445639006616974,2.199938225144245,0.0007960539496631919,0.8056845998890947,0.8057133444041134,-0.0,1.0,-0.0,1.0,0.0,1.0,0.0,1.0,0.0,1.0,-0.0,1.0,1.00524749814377,-0.44643609933830986,0.07597104243608488,True
20261004,ss,27,2.97,5,0,0,bounded,-0.005,25,3000,True,9.987820453711285e-05,9.935564050448068e-05,1.523594955193092,1.446405044806908,2.200101605119449,0.0007944772846499436,0.8056831649265037,0.8057118440828405,-0.0,1.0,-0.0,1.0,0.0,1.0,0.0,1.0,0.0,1.0,-0.0,1.0,1.0052595306112349,-0.6443594955193199,-0.12179546288715315,True
20261004,ss,27,2.97,5,0,0,bounded,0.005,-25,-3000,True,0.0001010747660894075,0.0001005531780823061,1.528219176938564,1.441780823061437,2.199117700176664,0.0008040167790175539,0.8056918469500762,0.8057209217412068,-0.0,1.0,-0.0,1.0,0.0,1.0,0.0,1.0,0.0,1.0,-0.0,1.0,1.0051871856966517,0.553178082306105,1.0747660894075084,True
20261004,ss,27,2.97,5,0,0,bounded,0.005,-25,3000,True,0.0001008770080644829,0.0001003552543332636,1.527456667364112,1.442543332635888,2.199279554953069,0.0008024401553583146,0.8056904120617289,0.805719421434171,-0.0,1.0,-0.0,1.0,0.0,1.0,0.0,1.0,0.0,1.0,-0.0,1.0,1.0051990673999653,0.35525433326359934,0.8770080644828981,True
20261004,ss,27,2.97,5,0,0,bounded,0.005,25,-3000,True,0.0001010747660894075,0.0001005531780823061,1.528219176938564,1.441780823061437,2.199117700176664,0.0008040167790175539,0.8056918469500762,0.8057209217412068,-0.0,1.0,-0.0,1.0,0.0,1.0,0.0,1.0,0.0,1.0,-0.0,1.0,1.0051871856966517,0.553178082306105,1.0747660894075084,True
20261004,ss,27,2.97,5,0,0,bounded,0.005,25,3000,True,0.0001008770080644829,0.0001003552543332636,1.527456667364112,1.442543332635888,2.199279554953069,0.0008024401553583146,0.8056904120617289,0.805719421434171,-0.0,1.0,-0.0,1.0,0.0,1.0,0.0,1.0,0.0,1.0,-0.0,1.0,1.0051990673999653,0.35525433326359934,0.8770080644828981,True
20261004,ss,27,2.97,5.5,0,0,bounded,-0.005,-25,-3000,True,0.0001004435586944279,9.955356382733945e-05,1.524361726605571,1.445638273394429,2.699635355716216,0.0008481136670526568,0.8056872528262162,0.8057134693130149,-0.0,1.0,-0.0,1.0,0.0,1.0,0.0,1.0,0.0,1.0,-0.0,1.0,1.0089398594371972,-0.44643617266055813,0.4435586944278924,True
20261004,ss,27,2.97,5.5,0,0,bounded,-0.005,-25,3000,True,0.0001002453078270964,9.935564043125406e-05,1.523595687459353,1.446404312540647,2.699798572549748,0.0008464354547959487,0.8056858143063732,0.8057119688273116,-0.0,1.0,-0.0,1.0,0.0,1.0,0.0,1.0,0.0,1.0,-0.0,1.0,1.0089543723132448,-0.6443595687459447,0.2453078270963971,True
20261004,ss,27,2.97,5.5,0,0,bounded,-0.005,25,-3000,True,0.0001004435586944279,9.955356382733945e-05,1.524361726605571,1.445638273394429,2.699635355716216,0.0008481136670526568,0.8056872528262162,0.8057134693130149,-0.0,1.0,-0.0,1.0,0.0,1.0,0.0,1.0,0.0,1.0,-0.0,1.0,1.0089398594371972,-0.44643617266055813,0.4435586944278924,True
20261004,ss,27,2.97,5.5,0,0,bounded,-0.005,25,3000,True,0.0001002453078270964,9.935564043125406e-05,1.523595687459353,1.446404312540647,2.699798572549748,0.0008464354547959487,0.8056858143063732,0.8057119688273116,-0.0,1.0,-0.0,1.0,0.0,1.0,0.0,1.0,0.0,1.0,-0.0,1.0,1.0089543723132448,-0.6443595687459447,0.2453078270963971,True
20261004,ss,27,2.97,5.5,0,0,bounded,0.005,-25,-3000,True,0.0001014447975942172,0.0001005531780085014,1.528219914985577,1.441780085014424,2.698815645401054,0.0008565893351195192,0.8056945178326937,0.8057210474797403,-0.0,1.0,-0.0,1.0,0.0,1.0,0.0,1.0,0.0,1.0,-0.0,1.0,1.0088671447623507,0.5531780085013871,1.4447975942171842,True
20261004,ss,27,2.97,5.5,0,0,bounded,0.005,-25,3000,True,0.0001012465560038383,0.0001003552542595543,1.527457404456418,1.442542595543582,2.698977340098745,0.0008549111728380659,0.8056930793938144,0.805719547008549,-0.0,1.0,-0.0,1.0,0.0,1.0,0.0,1.0,0.0,1.0,-0.0,1.0,1.00888146565778,0.355254259554294,1.246556003838295,True
20261004,ss,27,2.97,5.5,0,0,bounded,0.005,25,-3000,True,0.0001014447975942172,0.0001005531780085014,1.528219914985577,1.441780085014424,2.698815645401054,0.0008565893351195192,0.8056945178326937,0.8057210474797403,-0.0,1.0,-0.0,1.0,0.0,1.0,0.0,1.0,0.0,1.0,-0.0,1.0,1.0088671447623507,0.5531780085013871,1.4447975942171842,True
20261004,ss,27,2.97,5.5,0,0,bounded,0.005,25,3000,True,0.0001012465560038383,0.0001003552542595543,1.527457404456418,1.442542595543582,2.698977340098745,0.0008549111728380659,0.8056930793938144,0.805719547008549,-0.0,1.0,-0.0,1.0,0.0,1.0,0.0,1.0,0.0,1.0,-0.0,1.0,1.00888146565778,0.355254259554294,1.246556003838295,True
20261004,ss,27,3.3,4.5,0,0,bounded,-0.005,-25,-3000,True,9.960004935073576e-05,9.94875895092323e-05,1.52410490767692,1.77589509232308,1.700331911374212,0.0007765092793984816,0.8056811482171161,0.8057127049611442,-0.0,1.0,-0.0,1.0,0.0,1.0,0.0,1.0,0.0,1.0,-0.0,1.0,1.0011303906553393,-0.5124104907677007,-0.39995064926424684,True
20261004,ss,27,3.3,4.5,0,0,bounded,-0.005,-25,3000,True,9.960004935071799e-05,9.94875895092323e-05,1.524104907676935,1.775895092323065,1.700331911374193,0.0007765092793984016,0.8056811482171145,0.8057127049611442,-0.0,1.0,-0.0,1.0,0.0,1.0,0.0,1.0,0.0,1.0,-0.0,1.0,1.0011303906551605,-0.5124104907677007,-0.3999506492820104,True
20261004,ss,27,3.3,4.5,0,0,bounded,-0.005,25,-3000,True,9.960004935073576e-05,9.94875895092323e-05,1.52410490767692,1.77589509232308,1.700331911374212,0.0007765092793984816,0.8056811482171161,0.8057127049611442,-0.0,1.0,-0.0,1.0,0.0,1.0,0.0,1.0,0.0,1.0,-0.0,1.0,1.0011303906553393,-0.5124104907677007,-0.39995064926424684,True
20261004,ss,27,3.3,4.5,0,0,bounded,-0.005,25,3000,True,9.960004935071799e-05,9.94875895092323e-05,1.524104907676935,1.775895092323065,1.700331911374193,0.0007765092793984016,0.8056811482171145,0.8057127049611442,-0.0,1.0,-0.0,1.0,0.0,1.0,0.0,1.0,0.0,1.0,-0.0,1.0,1.0011303906551605,-0.5124104907677007,-0.3999506492820104,True
20261004,ss,27,3.3,4.5,0,0,bounded,0.005,-25,-3000,True,0.0001005957633099134,0.0001004872035739812,1.527964260187435,1.772035739812565,1.699510253228721,0.0007842887186284395,0.8056883729615361,0.8057202812562294,-0.0,1.0,-0.0,1.0,0.0,1.0,0.0,1.0,0.0,1.0,-0.0,1.0,1.0010803339337857,0.4872035739811986,0.5957633099133997,True
20261004,ss,27,3.3,4.5,0,0,bounded,0.005,-25,3000,True,0.0001005957633098779,0.0001004872035739812,1.527964260187368,1.772035739812632,1.699510253228579,0.0007842887186282797,0.8056883729615361,0.8057202812562294,-0.0,1.0,-0.0,1.0,0.0,1.0,0.0,1.0,0.0,1.0,-0.0,1.0,1.0010803339334324,0.4872035739811986,0.5957633098778947,True
20261004,ss,27,3.3,4.5,0,0,bounded,0.005,25,-3000,True,0.0001005957633099134,0.0001004872035739812,1.527964260187435,1.772035739812565,1.699510253228721,0.0007842887186284395,0.8056883729615361,0.8057202812562294,-0.0,1.0,-0.0,1.0,0.0,1.0,0.0,1.0,0.0,1.0,-0.0,1.0,1.0010803339337857,0.4872035739811986,0.5957633099133997,True
20261004,ss,27,3.3,4.5,0,0,bounded,0.005,25,3000,True,0.0001005957633098779,0.0001004872035739812,1.527964260187368,1.772035739812632,1.699510253228579,0.0007842887186282797,0.8056883729615361,0.8057202812562294,-0.0,1.0,-0.0,1.0,0.0,1.0,0.0,1.0,0.0,1.0,-0.0,1.0,1.0010803339334324,0.4872035739811986,0.5957633098778947,True
20261004,ss,27,3.3,5,0,0,bounded,-0.005,-25,-3000,True,0.0001000100840822817,9.948758942744128e-05,1.52410572558706,1.775894274412941,2.19999262232986,0.0008283594774617448,0.8056841218239814,0.8057128443093597,-0.0,1.0,-0.0,1.0,0.0,1.0,0.0,1.0,0.0,1.0,-0.0,1.0,1.0052518576221157,-0.5124105725587191,0.010084082281691664,True
20261004,ss,27,3.3,5,0,0,bounded,-0.005,-25,3000,True,0.0001000100840823349,9.94875894274413e-05,1.524105725587035,1.775894274412966,2.199992622329819,0.0008283594774620112,0.8056841218239814,0.8057128443093597,-0.0,1.0,-0.0,1.0,0.0,1.0,0.0,1.0,0.0,1.0,-0.0,1.0,1.0052518576226501,-0.512410572558708,0.010084082334893552,True
20261004,ss,27,3.3,5,0,0,bounded,-0.005,25,-3000,True,0.0001000100840822817,9.948758942744128e-05,1.52410572558706,1.775894274412941,2.19999262232986,0.0008283594774617448,0.8056841218239814,0.8057128443093597,-0.0,1.0,-0.0,1.0,0.0,1.0,0.0,1.0,0.0,1.0,-0.0,1.0,1.0052518576221157,-0.5124105725587191,0.010084082281691664,True
20261004,ss,27,3.3,5,0,0,bounded,-0.005,25,3000,True,0.0001000100840823349,9.94875894274413e-05,1.524105725587035,1.775894274412966,2.199992622329819,0.0008283594774620112,0.8056841218239814,0.8057128443093597,-0.0,1.0,-0.0,1.0,0.0,1.0,0.0,1.0,0.0,1.0,-0.0,1.0,1.0052518576226501,-0.512410572558708,0.010084082334893552,True
20261004,ss,27,3.3,5,0,0,bounded,0.005,-25,-3000,True,0.0001010088842933711,0.0001004872034915802,1.52796508419728,1.77203491580272,2.199171587987113,0.0008366522049288355,0.8056913689266575,0.8057204216519935,-0.0,1.0,-0.0,1.0,0.0,1.0,0.0,1.0,0.0,1.0,-0.0,1.0,1.0051915147766513,0.4872034915802015,1.0088842933710929,True
20261004,ss,27,3.3,5,0,0,bounded,0.005,-25,3000,True,0.0001010088842934066,0.0001004872034915803,1.527965084197278,1.772034915802722,2.19917158798709,0.0008366522049290131,0.8056913689266575,0.8057204216519935,-0.0,1.0,-0.0,1.0,0.0,1.0,0.0,1.0,0.0,1.0,-0.0,1.0,1.0051915147770034,0.4872034915802903,1.0088842934065978,True
20261004,ss,27,3.3,5,0,0,bounded,0.005,25,-3000,True,0.0001010088842933711,0.0001004872034915802,1.52796508419728,1.77203491580272,2.199171587987113,0.0008366522049288355,0.8056913689266575,0.8057204216519935,-0.0,1.0,-0.0,1.0,0.0,1.0,0.0,1.0,0.0,1.0,-0.0,1.0,1.0051915147766513,0.4872034915802015,1.0088842933710929,True
20261004,ss,27,3.3,5,0,0,bounded,0.005,25,3000,True,0.0001010088842934066,0.0001004872034915803,1.527965084197278,1.772034915802722,2.19917158798709,0.0008366522049290131,0.8056913689266575,0.8057204216519935,-0.0,1.0,-0.0,1.0,0.0,1.0,0.0,1.0,0.0,1.0,-0.0,1.0,1.0051915147770034,0.4872034915802903,1.0088842934065978,True
20261004,ss,27,3.3,5.5,0,0,bounded,-0.005,-25,-3000,True,0.0001003775103841225,9.948758935415087e-05,1.524106458491177,1.775893541508823,2.699689698618094,0.0008803853639210205,0.805686773576132,0.8057129691634889,-0.0,1.0,-0.0,1.0,0.0,1.0,0.0,1.0,0.0,1.0,-0.0,1.0,1.008945045665985,-0.5124106458491373,0.3775103841225036,True
20261004,ss,27,3.3,5.5,0,0,bounded,-0.005,-25,3000,True,0.0001003775103841047,9.948758935415088e-05,1.524106458491141,1.775893541508859,2.69968969861812,0.0008803853639209227,0.805686773576132,0.8057129691634889,-0.0,1.0,-0.0,1.0,0.0,1.0,0.0,1.0,0.0,1.0,-0.0,1.0,1.0089450456658058,-0.5124106458491262,0.3775103841046956,True
20261004,ss,27,3.3,5.5,0,0,bounded,-0.005,25,-3000,True,0.0001003775103841225,9.948758935415087e-05,1.524106458491177,1.775893541508823,2.699689698618094,0.0008803853639210205,0.805686773576132,0.8057129691634889,-0.0,1.0,-0.0,1.0,0.0,1.0,0.0,1.0,0.0,1.0,-0.0,1.0,1.008945045665985,-0.5124106458491373,0.3775103841225036,True
20261004,ss,27,3.3,5.5,0,0,bounded,-0.005,25,3000,True,0.0001003775103841047,9.948758935415088e-05,1.524106458491141,1.775893541508859,2.69968969861812,0.0008803853639209227,0.805686773576132,0.8057129691634889,-0.0,1.0,-0.0,1.0,0.0,1.0,0.0,1.0,0.0,1.0,-0.0,1.0,1.0089450456658058,-0.5124106458491262,0.3775103841046956,True
20261004,ss,27,3.3,5.5,0,0,bounded,0.005,-25,-3000,True,0.0001013787547187111,0.0001004872034178074,1.527965821926258,1.772034178073742,2.698869479948415,0.0008891909341714357,0.805694038626583,0.8057205473358448,-0.0,1.0,-0.0,1.0,0.0,1.0,0.0,1.0,0.0,1.0,-0.0,1.0,1.0088722869239062,0.4872034178073914,1.378754718711095,True
20261004,ss,27,3.3,5.5,0,0,bounded,0.005,-25,3000,True,0.0001013787547186933,0.0001004872034178074,1.527965821926208,1.772034178073792,2.698869479948421,0.0008891909341713381,0.805694038626583,0.8057205473358448,-0.0,1.0,-0.0,1.0,0.0,1.0,0.0,1.0,0.0,1.0,-0.0,1.0,1.008872286923729,0.4872034178073914,1.378754718693287,True
20261004,ss,27,3.3,5.5,0,0,bounded,0.005,25,-3000,True,0.0001013787547187111,0.0001004872034178074,1.527965821926258,1.772034178073742,2.698869479948415,0.0008891909341714357,0.805694038626583,0.8057205473358448,-0.0,1.0,-0.0,1.0,0.0,1.0,0.0,1.0,0.0,1.0,-0.0,1.0,1.0088722869239062,0.4872034178073914,1.378754718711095,True
20261004,ss,27,3.3,5.5,0,0,bounded,0.005,25,3000,True,0.0001013787547186933,0.0001004872034178074,1.527965821926208,1.772034178073792,2.698869479948421,0.0008891909341713381,0.805694038626583,0.8057205473358448,-0.0,1.0,-0.0,1.0,0.0,1.0,0.0,1.0,0.0,1.0,-0.0,1.0,1.008872286923729,0.4872034178073914,1.378754718693287,True
20261004,ss,27,3.63,4.5,0,0,bounded,-0.005,-25,-3000,True,9.953433478761133e-05,9.942161504379496e-05,1.523849562050355,2.106150437949645,1.700386409809916,0.0008088049836055374,0.8056806714004177,0.8057122049246453,-0.0,1.0,-0.0,1.0,0.0,1.0,0.0,1.0,0.0,1.0,-0.0,1.0,1.0011337549059802,-0.5783849562050469,-0.4656652123886773,True
20261004,ss,27,3.63,4.5,0,0,bounded,-0.005,-25,3000,True,9.973149015958618e-05,9.961953846354796e-05,1.524615364520413,2.105384635479587,1.700223006119252,0.0008104106447931699,0.8056821019347857,0.8057137050377333,-0.0,1.0,-0.0,1.0,0.0,1.0,0.0,1.0,0.0,1.0,-0.0,1.0,1.001123792558818,-0.38046153645204805,-0.2685098404138331,True
20261004,ss,27,3.63,4.5,0,0,bounded,-0.005,25,-3000,True,9.953433478761133e-05,9.942161504379496e-05,1.523849562050355,2.106150437949645,1.700386409809916,0.0008088049836055374,0.8056806714004177,0.8057122049246453,-0.0,1.0,-0.0,1.0,0.0,1.0,0.0,1.0,0.0,1.0,-0.0,1.0,1.0011337549059802,-0.5783849562050469,-0.4656652123886773,True
20261004,ss,27,3.63,4.5,0,0,bounded,-0.005,25,3000,True,9.973149015958618e-05,9.961953846354796e-05,1.524615364520413,2.105384635479587,1.700223006119252,0.0008104106447931699,0.8056821019347857,0.8057137050377333,-0.0,1.0,-0.0,1.0,0.0,1.0,0.0,1.0,0.0,1.0,-0.0,1.0,1.001123792558818,-0.38046153645204805,-0.2685098404138331,True
20261004,ss,27,3.63,4.5,0,0,bounded,0.005,-25,-3000,True,0.0001005300516974953,0.0001004212289909234,1.527710090765674,2.102289909234325,1.699564242161595,0.0008169143083280497,0.8056878961704544,0.8057197812245188,-0.0,1.0,-0.0,1.0,0.0,1.0,0.0,1.0,0.0,1.0,-0.0,1.0,1.0010836623656711,0.4212289909233835,0.5300516974952929,True
20261004,ss,27,3.63,4.5,0,0,bounded,0.005,-25,3000,True,0.000100727198542229,0.0001006191527631916,1.528472368083738,2.101527631916261,1.699402364798926,0.0008185199324228583,0.8056893266303345,0.8057212813233543,-0.0,1.0,-0.0,1.0,0.0,1.0,0.0,1.0,0.0,1.0,-0.0,1.0,1.0010738092706037,0.6191527631915994,0.7271985422290017,True
20261004,ss,27,3.63,4.5,0,0,bounded,0.005,25,-3000,True,0.0001005300516974953,0.0001004212289909234,1.527710090765674,2.102289909234325,1.699564242161595,0.0008169143083280497,0.8056878961704544,0.8057197812245188,-0.0,1.0,-0.0,1.0,0.0,1.0,0.0,1.0,0.0,1.0,-0.0,1.0,1.0010836623656711,0.4212289909233835,0.5300516974952929,True
20261004,ss,27,3.63,4.5,0,0,bounded,0.005,25,3000,True,0.000100727198542229,0.0001006191527631916,1.528472368083738,2.101527631916261,1.699402364798926,0.0008185199324228583,0.8056893266303345,0.8057212813233543,-0.0,1.0,-0.0,1.0,0.0,1.0,0.0,1.0,0.0,1.0,-0.0,1.0,1.0010738092706037,0.6191527631915994,0.7271985422290017,True
20261004,ss,27,3.63,5,0,0,bounded,-0.005,-25,-3000,True,9.994416585405467e-05,9.942161496204417e-05,1.523850379558137,2.106149620441863,2.200047079032622,0.0008606213060349437,0.8056836435318221,0.8057123442037321,-0.0,1.0,-0.0,1.0,0.0,1.0,0.0,1.0,0.0,1.0,-0.0,1.0,1.0052559083073633,-0.5783850379558308,-0.05583414594533265,True
20261004,ss,27,3.63,5,0,0,bounded,-0.005,-25,3000,True,0.0001001419322644849,9.961953838167642e-05,1.524616183235749,2.105383816764252,2.199883800337315,0.000862328600100236,0.8056850784928847,0.8057138445242238,-0.0,1.0,-0.0,1.0,0.0,1.0,0.0,1.0,0.0,1.0,-0.0,1.0,1.0052438898161424,-0.38046161832357983,0.14193226448488971,True
20261004,ss,27,3.63,5,0,0,bounded,-0.005,25,-3000,True,9.994416585405467e-05,9.942161496204417e-05,1.523850379558137,2.106149620441863,2.200047079032622,0.0008606213060349437,0.8056836435318221,0.8057123442037321,-0.0,1.0,-0.0,1.0,0.0,1.0,0.0,1.0,0.0,1.0,-0.0,1.0,1.0052559083073633,-0.5783850379558308,-0.05583414594533265,True
20261004,ss,27,3.63,5,0,0,bounded,-0.005,25,3000,True,0.0001001419322644849,9.961953838167642e-05,1.524616183235749,2.105383816764252,2.199883800337315,0.000862328600100236,0.8056850784928847,0.8057138445242238,-0.0,1.0,-0.0,1.0,0.0,1.0,0.0,1.0,0.0,1.0,-0.0,1.0,1.0052438898161424,-0.38046161832357983,0.14193226448488971,True
20261004,ss,27,3.63,5,0,0,bounded,0.005,-25,-3000,True,0.0001009429689869491,0.0001004212289085627,1.527710914372895,2.102289085627105,2.199225536242407,0.0008692439203252338,0.805690890659934,0.805719921551145,-0.0,1.0,-0.0,1.0,0.0,1.0,0.0,1.0,0.0,1.0,-0.0,1.0,1.0051955157694938,0.42122890856268747,0.9429689869490776,True
20261004,ss,27,3.63,5,0,0,bounded,0.005,-25,3000,True,0.0001011407269595423,0.0001006191526807101,1.528473192898924,2.101526807101076,2.199063780714021,0.000870951173481102,0.8056923255470605,0.8057214218574119,-0.0,1.0,-0.0,1.0,0.0,1.0,0.0,1.0,0.0,1.0,-0.0,1.0,1.0051836480922005,0.6191526807100889,1.140726959542282,True
20261004,ss,27,3.63,5,0,0,bounded,0.005,25,-3000,True,0.0001009429689869491,0.0001004212289085627,1.527710914372895,2.102289085627105,2.199225536242407,0.0008692439203252338,0.805690890659934,0.805719921551145,-0.0,1.0,-0.0,1.0,0.0,1.0,0.0,1.0,0.0,1.0,-0.0,1.0,1.0051955157694938,0.42122890856268747,0.9429689869490776,True
20261004,ss,27,3.63,5,0,0,bounded,0.005,25,3000,True,0.0001011407269595423,0.0001006191526807101,1.528473192898924,2.101526807101076,2.199063780714021,0.000870951173481102,0.8056923255470605,0.8057214218574119,-0.0,1.0,-0.0,1.0,0.0,1.0,0.0,1.0,0.0,1.0,-0.0,1.0,1.0051836480922005,0.6191526807100889,1.140726959542282,True
20261004,ss,27,3.63,5.5,0,0,bounded,-0.005,-25,-3000,True,0.0001003114307116864,9.942161488878565e-05,1.52385111214349,2.10614888785651,2.699744100943532,0.0009126133454129584,0.805686294098294,0.8057124690030533,-0.0,1.0,-0.0,1.0,0.0,1.0,0.0,1.0,0.0,1.0,-0.0,1.0,1.0089499232525656,-0.5783851112143523,0.31143071168640013,True
20261004,ss,27,3.63,5.5,0,0,bounded,-0.005,-25,3000,True,0.0001005096814316158,9.961953830832227e-05,1.524616916777248,2.105383083222752,2.699580985185994,0.0009144221863855097,0.805687732616164,0.8057139694879576,-0.0,1.0,-0.0,1.0,0.0,1.0,0.0,1.0,0.0,1.0,-0.0,1.0,1.008935427110077,-0.3804616916777359,0.5096814316158049,True
20261004,ss,27,3.63,5.5,0,0,bounded,-0.005,25,-3000,True,0.0001003114307116864,9.942161488878565e-05,1.52385111214349,2.10614888785651,2.699744100943532,0.0009126133454129584,0.805686294098294,0.8057124690030533,-0.0,1.0,-0.0,1.0,0.0,1.0,0.0,1.0,0.0,1.0,-0.0,1.0,1.0089499232525656,-0.5783851112143523,0.31143071168640013,True
20261004,ss,27,3.63,5.5,0,0,bounded,-0.005,25,3000,True,0.0001005096814316158,9.961953830832227e-05,1.524616916777248,2.105383083222752,2.699580985185994,0.0009144221863855097,0.805687732616164,0.8057139694879576,-0.0,1.0,-0.0,1.0,0.0,1.0,0.0,1.0,0.0,1.0,-0.0,1.0,1.008935427110077,-0.3804616916777359,0.5096814316158049,True
20261004,ss,27,3.63,5.5,0,0,bounded,0.005,-25,-3000,True,0.0001013126782336986,0.0001004212288348216,1.527711651783869,2.102288348216131,2.698923374847444,0.0009217488054080299,0.8056935591764229,0.8057200471802806,-0.0,1.0,-0.0,1.0,0.0,1.0,0.0,1.0,0.0,1.0,-0.0,1.0,1.0088771010793276,0.42122883482158535,1.3126782336985832,True
20261004,ss,27,3.63,5.5,0,0,bounded,0.005,-25,3000,True,0.00010151091972112,0.0001006191526068736,1.528473931264055,2.101526068735946,2.698761779198552,0.0009235575968815481,0.805694997613651,0.8057215476506868,-0.0,1.0,-0.0,1.0,0.0,1.0,0.0,1.0,0.0,1.0,-0.0,1.0,1.0088627969043886,0.6191526068735964,1.5109197211200076,True
20261004,ss,27,3.63,5.5,0,0,bounded,0.005,25,-3000,True,0.0001013126782336986,0.0001004212288348216,1.527711651783869,2.102288348216131,2.698923374847444,0.0009217488054080299,0.8056935591764229,0.8057200471802806,-0.0,1.0,-0.0,1.0,0.0,1.0,0.0,1.0,0.0,1.0,-0.0,1.0,1.0088771010793276,0.42122883482158535,1.3126782336985832,True
20261004,ss,27,3.63,5.5,0,0,bounded,0.005,25,3000,True,0.00010151091972112,0.0001006191526068736,1.528473931264055,2.101526068735946,2.698761779198552,0.0009235575968815481,0.805694997613651,0.8057215476506868,-0.0,1.0,-0.0,1.0,0.0,1.0,0.0,1.0,0.0,1.0,-0.0,1.0,1.0088627969043886,0.6191526068735964,1.5109197211200076,True
20261004,ss,85,2.97,4.5,0,0,bounded,-0.005,-25,-3000,True,9.947500064869366e-05,9.940580540071803e-05,1.551945992819778,1.418054007180222,1.679191236515047,0.0007428727546479805,0.7271992394266369,0.7272316947229529,-0.0,1.0,-0.0,1.0,0.0,1.0,0.0,1.0,0.0,1.0,-0.0,1.0,1.0006960886006273,-0.5941945992819719,-0.5249993513063433,True
20261004,ss,85,2.97,4.5,0,0,bounded,-0.005,-25,3000,True,9.927799300361619e-05,9.92078938070312e-05,1.551061929687912,1.418938070312089,1.679384638635879,0.0007413984228118525,0.7271977818449031,0.7272301652391316,-0.0,1.0,-0.0,1.0,0.0,1.0,0.0,1.0,0.0,1.0,-0.0,1.0,1.000706588900288,-0.7921061929688111,-0.7220069963838172,True
20261004,ss,85,2.97,4.5,0,0,bounded,-0.005,25,-3000,True,9.976354359900886e-05,9.969567606117042e-05,1.553239388295456,1.416760611704544,1.678908629376974,0.0007450321137858187,0.7272013742374355,0.7272339348708741,-0.0,1.0,-0.0,1.0,0.0,1.0,0.0,1.0,0.0,1.0,-0.0,1.0,1.0006807470546346,-0.304323938829576,-0.2364564009911363,True
20261004,ss,85,2.97,4.5,0,0,bounded,-0.005,25,3000,True,9.956653887538115e-05,9.949776435029547e-05,1.552356497044984,1.417643502955017,1.67910149722908,0.0007435577947482605,0.7271999166809663,0.7272324053912349,-0.0,1.0,-0.0,1.0,0.0,1.0,0.0,1.0,0.0,1.0,-0.0,1.0,1.000691216787983,-0.5022356497045299,-0.4334611246188502,True
20261004,ss,85,2.97,4.5,0,0,bounded,0.005,-25,-3000,True,0.0001004699583076577,0.0001004053601226914,1.556398773085558,1.413601226914442,1.67822000699683,0.0007503187416374449,0.7272066006871983,0.7272394193451069,-0.0,1.0,-0.0,1.0,0.0,1.0,0.0,1.0,0.0,1.0,-0.0,1.0,1.00064337386856,0.40536012269138944,0.46995830765770297,True
20261004,ss,85,2.97,4.5,0,0,bounded,0.005,-25,3000,True,0.0001002729607213252,0.0001002074481270212,1.555518729787359,1.414481270212641,1.678411579822131,0.0007488444538718592,0.7272051431924726,0.7272378898757039,-0.0,1.0,-0.0,1.0,0.0,1.0,0.0,1.0,0.0,1.0,-0.0,1.0,1.0006537697100215,0.20744812702120363,0.27296072132518834,True
20261004,ss,85,2.97,4.5,0,0,bounded,0.005,25,-3000,True,0.0001007584865411585,0.0001006952313697898,1.557686302102058,1.412313697897942,1.677940066109961,0.000752478036292135,0.7272087353706759,0.7272416594718996,-0.0,1.0,-0.0,1.0,0.0,1.0,0.0,1.0,0.0,1.0,-0.0,1.0,1.0006281843788252,0.6952313697897949,0.7584865411585096,True
20261004,ss,85,2.97,4.5,0,0,bounded,0.005,25,3000,True,0.0001005614918638235,0.0001004973192586492,1.556807413507846,1.413192586492155,1.678131115226849,0.0007510037612740298,0.727207277901123,0.7272401300066857,-0.0,1.0,-0.0,1.0,0.0,1.0,0.0,1.0,0.0,1.0,-0.0,1.0,1.0006385504175404,0.4973192586491981,0.5614918638235045,True
20261004,ss,85,2.97,5,0,0,bounded,-0.005,-25,-3000,True,9.986215273582025e-05,9.940580532331783e-05,1.551946766821735,1.418053233178266,2.178812226597291,0.0007945460151779438,0.7272021023551491,0.7272318288826971,-0.0,1.0,-0.0,1.0,0.0,1.0,0.0,1.0,0.0,1.0,-0.0,1.0,1.0045907521297992,-0.5941946766821804,-0.1378472641797579,True
20261004,ss,85,2.97,5,0,0,bounded,-0.005,-25,3000,True,9.966451239561983e-05,9.920789372975643e-05,1.551062702435563,1.418937297564438,2.179005535820048,0.0007929700160440745,0.7272006400994163,0.7272302991798673,-0.0,1.0,-0.0,1.0,0.0,1.0,0.0,1.0,0.0,1.0,-0.0,1.0,1.0046026444942702,-0.7921062702435644,-0.3354876043801691,True
20261004,ss,85,2.97,5,0,0,bounded,-0.005,25,-3000,True,0.0001001516227380463,9.969567598358645e-05,1.553240164135268,1.416759835864733,2.178529754254115,0.000796854281050107,0.7272042440144583,0.7272340693515148,-0.0,1.0,-0.0,1.0,0.0,1.0,0.0,1.0,0.0,1.0,-0.0,1.0,1.0045733854549008,-0.30432401641355966,0.15162273804629756,True
20261004,ss,85,2.97,5,0,0,bounded,-0.005,25,3000,True,9.995398501285627e-05,9.949776427283702e-05,1.552357271629683,1.417642728370318,2.178722530236888,0.0007952782946432532,0.7272027817817497,0.727232539652761,-0.0,1.0,-0.0,1.0,0.0,1.0,0.0,1.0,0.0,1.0,-0.0,1.0,1.0045852360940315,-0.5022357271629807,-0.04601498714373875,True
20261004,ss,85,2.97,5,0,0,bounded,0.005,-25,-3000,True,0.0001008603090420336,0.0001004053600446571,1.556399553429035,1.413600446570966,2.177841455578926,0.0008025054742314312,0.7272094872452814,0.7272395546120467,-0.0,1.0,-0.0,1.0,0.0,1.0,0.0,1.0,0.0,1.0,-0.0,1.0,1.004531122613117,0.4053600446570993,0.8603090420336024,True
20261004,ss,85,2.97,5,0,0,bounded,0.005,-25,3000,True,0.0001006626776927923,0.0001002074480491126,1.555519508874267,1.414480491125733,2.178032939027512,0.0008009295188584647,0.7272080250687492,0.727238024923272,-0.0,1.0,-0.0,1.0,0.0,1.0,0.0,1.0,0.0,1.0,-0.0,1.0,1.0045428723367607,0.20744804911259074,0.6626776927922906,True
20261004,ss,85,2.97,5,0,0,bounded,0.005,25,-3000,True,0.0001011497659026651,0.0001006952312915713,1.557687084286431,1.412312915713569,2.177561644355348,0.0008048136761379483,0.7272116287887856,0.7272417950602775,-0.0,1.0,-0.0,1.0,0.0,1.0,0.0,1.0,0.0,1.0,-0.0,1.0,1.0045139636233384,0.6952312915712966,1.1497659026650897,True
20261004,ss,85,2.97,5,0,0,bounded,0.005,25,3000,True,0.000100952137146816,0.0001004973191805565,1.556808194435093,1.413191805564908,2.177752605103239,0.0008032377333889346,0.7272101666351198,0.7272402653755807,-0.0,1.0,-0.0,1.0,0.0,1.0,0.0,1.0,0.0,1.0,-0.0,1.0,1.004525672624584,0.49731918055648805,0.95213714681599,True
20261004,ss,85,2.97,5.5,0,0,bounded,-0.005,-25,-3000,True,0.0001002002259968276,9.940580525573013e-05,1.551947442698706,1.418052557301294,2.678482401892647,0.0008463364942806673,0.7272045970097467,0.7272319460294069,-0.0,1.0,-0.0,1.0,0.0,1.0,0.0,1.0,0.0,1.0,-0.0,1.0,1.0079916936345292,-0.5941947442698825,0.20022599682758546,True
20261004,ss,85,2.97,5.5,0,0,bounded,-0.005,-25,3000,True,0.0001000021099459563,9.920789366226291e-05,1.55106337737066,1.418936622629341,2.67867555585535,0.0008446590585683378,0.7272031312114221,0.7272304161619111,-0.0,1.0,-0.0,1.0,0.0,1.0,0.0,1.0,0.0,1.0,-0.0,1.0,1.0080055755079045,-0.7921063377370974,0.002109945956307868,True
20261004,ss,85,2.97,5.5,0,0,bounded,-0.005,25,-3000,True,0.0001004903926280659,9.969567591586084e-05,1.553240841391546,1.416759158608454,2.678200155781211,0.0008487933266130988,0.7272067438565297,0.7272341867393641,-0.0,1.0,-0.0,1.0,0.0,1.0,0.0,1.0,0.0,1.0,-0.0,1.0,1.0079714260914965,-0.30432408413916257,0.49039262806589434,True
20261004,ss,85,2.97,5.5,0,0,bounded,-0.005,25,3000,True,0.0001002922792889099,9.949776420520557e-05,1.552357947944184,1.417642052055816,2.67839277745222,0.0008471159054670843,0.727205278082183,0.7272326568759758,-0.0,1.0,-0.0,1.0,0.0,1.0,0.0,1.0,0.0,1.0,-0.0,1.0,1.0079852556492195,-0.5022357947944367,0.2922792889098913,True
20261004,ss,85,2.97,5.5,0,0,bounded,0.005,-25,-3000,True,0.0001012007838854761,0.0001004053599765939,1.556400234060871,1.413599765939129,2.677512405177505,0.0008548082401892531,0.7272119997819176,0.7272396725900617,-0.0,1.0,-0.0,1.0,0.0,1.0,0.0,1.0,0.0,1.0,-0.0,1.0,1.0079221259608813,0.4053599765938998,1.2007838854760866,True
20261004,ss,85,2.97,5.5,0,0,bounded,0.005,-25,3000,True,0.0001010026771524136,0.0001002074479811435,1.555520188564883,1.414479811435117,2.67770373660764,0.0008531308545308969,0.7272105340660252,0.7272381427367354,-0.0,1.0,-0.0,1.0,0.0,1.0,0.0,1.0,0.0,1.0,-0.0,1.0,1.0079358289956626,0.20744798114349372,1.0026771524136002,True
20261004,ss,85,2.97,5.5,0,0,bounded,0.005,25,-3000,True,0.0001014909369030353,0.0001006952312233703,1.557687766296433,1.412312233703567,2.677232815466246,0.0008572649993886936,0.7272141465082168,0.7272419132792596,-0.0,1.0,-0.0,1.0,0.0,1.0,0.0,1.0,0.0,1.0,-0.0,1.0,1.0079021187994486,0.6952312233702962,1.4909369030353004,True
20261004,ss,85,2.97,5.5,0,0,bounded,0.005,25,3000,True,0.0001012928328543854,0.0001004973191124496,1.556808875504145,1.413191124495855,2.677423625121244,0.0008555876281516815,0.7272126808160961,0.7272403834300458,-0.0,1.0,-0.0,1.0,0.0,1.0,0.0,1.0,0.0,1.0,-0.0,1.0,1.0079157707783795,0.49731911244959015,1.292832854385395,True
20261004,ss,85,3.3,4.5,0,0,bounded,-0.005,-25,-3000,True,9.940936371445921e-05,9.933983486057479e-05,1.551651394252226,1.748348605747774,1.67925563178641,0.0007751636037199403,0.7271987538051851,0.7272311849065637,-0.0,1.0,-0.0,1.0,0.0,1.0,0.0,1.0,0.0,1.0,-0.0,1.0,1.000699909094695,-0.6601651394252173,-0.590636285540791,True
20261004,ss,85,3.3,4.5,0,0,bounded,-0.005,-25,3000,True,9.94093637144059e-05,9.933983486057479e-05,1.551651394252119,1.748348605747881,1.679255631786457,0.0007751636037197004,0.7271987538051817,0.7272311849065637,-0.0,1.0,-0.0,1.0,0.0,1.0,0.0,1.0,0.0,1.0,-0.0,1.0,1.0006999090941584,-0.6601651394252173,-0.5906362855940928,True
20261004,ss,85,3.3,4.5,0,0,bounded,-0.005,25,-3000,True,9.96979082519315e-05,9.962970548200261e-05,1.552945179973756,1.747054820026244,1.67897284628039,0.0007774186271891689,0.7272008886289376,0.7272334250560935,-0.0,1.0,-0.0,1.0,0.0,1.0,0.0,1.0,0.0,1.0,-0.0,1.0,1.000684562597058,-0.37029451799739377,-0.30209174806850037,True
20261004,ss,85,3.3,4.5,0,0,bounded,-0.005,25,3000,True,9.969790825194925e-05,9.962970548200261e-05,1.552945179973807,1.747054820026194,1.678972846280377,0.0007774186271892489,0.7272008886289376,0.7272334250560935,-0.0,1.0,-0.0,1.0,0.0,1.0,0.0,1.0,0.0,1.0,-0.0,1.0,1.0006845625972363,-0.37029451799739377,-0.3020917480507479,True
20261004,ss,85,3.3,4.5,0,0,bounded,0.005,-25,-3000,True,0.0001004043269030978,0.000100339389448684,1.556105513159774,1.743894486840226,1.678283791486191,0.0007829394682095411,0.7272061151108415,0.7272389095342804,-0.0,1.0,-0.0,1.0,0.0,1.0,0.0,1.0,0.0,1.0,-0.0,1.0,1.0006471780899864,0.339389448683991,0.40432690309779584,True
20261004,ss,85,3.3,4.5,0,0,bounded,0.005,-25,3000,True,0.0001004043269030978,0.000100339389448684,1.556105513159762,1.743894486840238,1.678283791486188,0.0007829394682095411,0.7272061151108415,0.7272389095342804,-0.0,1.0,-0.0,1.0,0.0,1.0,0.0,1.0,0.0,1.0,-0.0,1.0,1.0006471780899864,0.339389448683991,0.40432690309779584,True
20261004,ss,85,3.3,4.5,0,0,bounded,0.005,25,-3000,True,0.0001006928567708291,0.0001006292606573294,1.557393426705535,1.742606573294465,1.67800367570452,0.0007851944276028685,0.7272082498076233,0.7272411496626979,-0.0,1.0,-0.0,1.0,0.0,1.0,0.0,1.0,0.0,1.0,-0.0,1.0,1.0006319843063964,0.6292606573294002,0.6928567708291089,True
20261004,ss,85,3.3,4.5,0,0,bounded,0.005,25,3000,True,0.0001006928567707758,0.0001006292606573294,1.557393426705477,1.742606573294523,1.678003675704583,0.0007851944276026287,0.7272082498076233,0.7272411496626979,-0.0,1.0,-0.0,1.0,0.0,1.0,0.0,1.0,0.0,1.0,-0.0,1.0,1.0006319843058669,0.6292606573294002,0.692856770775796,True
20261004,ss,85,3.3,5,0,0,bounded,-0.005,-25,-3000,True,9.979630498314755e-05,9.933983478321638e-05,1.551652167836235,1.748347832163765,2.17887659099586,0.0008268029916652491,0.7272016151762883,0.7272313189933313,-0.0,1.0,-0.0,1.0,0.0,1.0,0.0,1.0,0.0,1.0,-0.0,1.0,1.0045950368341894,-0.6601652167836258,-0.2036950168524565,True
20261004,ss,85,3.3,5,0,0,bounded,-0.005,-25,3000,True,9.979630498318307e-05,9.933983478321638e-05,1.551652167836152,1.748347832163848,2.178876590995824,0.0008268029916654267,0.7272016151762883,0.7272313189933313,-0.0,1.0,-0.0,1.0,0.0,1.0,0.0,1.0,0.0,1.0,-0.0,1.0,1.0045950368345469,-0.6601652167836258,-0.20369501681694047,True
20261004,ss,85,3.3,5,0,0,bounded,-0.005,25,-3000,True,0.000100085776472273,9.962970540446045e-05,1.552945955395464,1.747054044604536,2.178593940627233,0.0008292069221609304,0.7272037568478177,0.7272335594637224,-0.0,1.0,-0.0,1.0,0.0,1.0,0.0,1.0,0.0,1.0,-0.0,1.0,1.004577661511304,-0.37029459553955535,0.08577647227299146,True
20261004,ss,85,3.3,5,0,0,bounded,-0.005,25,3000,True,0.000100085776472273,9.962970540446043e-05,1.552945955395452,1.747054044604548,2.178593940627244,0.0008292069221609304,0.7272037568478177,0.7272335594637224,-0.0,1.0,-0.0,1.0,0.0,1.0,0.0,1.0,0.0,1.0,-0.0,1.0,1.004577661511304,-0.37029459553956645,0.08577647227299146,True
20261004,ss,85,3.3,5,0,0,bounded,0.005,-25,-3000,True,0.0001007944664694484,0.0001003393893706915,1.556106293084435,1.743893706915565,2.177905210368243,0.0008350923292354654,0.7272090001089605,0.7272390447281267,-0.0,1.0,-0.0,1.0,0.0,1.0,0.0,1.0,0.0,1.0,-0.0,1.0,1.0045353783953745,0.33938937069148967,0.7944664694484072,True
20261004,ss,85,3.3,5,0,0,bounded,0.005,-25,3000,True,0.0001007944664694306,0.0001003393893706915,1.556106293084431,1.743893706915569,2.177905210368253,0.0008350923292353768,0.7272090001089605,0.7272390447281267,-0.0,1.0,-0.0,1.0,0.0,1.0,0.0,1.0,0.0,1.0,-0.0,1.0,1.0045353783951971,0.33938937069148967,0.7944664694305992,True
20261004,ss,85,3.3,5,0,0,bounded,0.005,25,-3000,True,0.000101083924861335,0.0001006292605791529,1.557394208470949,1.742605791529051,2.177625224585241,0.0008374961961827025,0.7272111416650194,0.7272412851779471,-0.0,1.0,-0.0,1.0,0.0,1.0,0.0,1.0,0.0,1.0,-0.0,1.0,1.0045182114979814,0.6292605791528905,1.083924861334995,True
20261004,ss,85,3.3,5,0,0,bounded,0.005,25,3000,True,0.0001010839248613173,0.0001006292605791529,1.557394208470958,1.742605791529042,2.177625224585247,0.0008374961961826136,0.7272111416650194,0.7272412851779471,-0.0,1.0,-0.0,1.0,0.0,1.0,0.0,1.0,0.0,1.0,-0.0,1.0,1.0045182114978055,0.6292605791528905,1.083924861317298,True
20261004,ss,85,3.3,5.5,0,0,bounded,-0.005,-25,-3000,True,0.0001001342197589832,9.933983471566008e-05,1.551652843399259,1.748347156600742,2.678546714635084,0.0008785596752009808,0.7272041086506736,0.7272314360851854,-0.0,1.0,-0.0,1.0,0.0,1.0,0.0,1.0,0.0,1.0,-0.0,1.0,1.0079966414842232,-0.6601652843399197,0.1342197589832006,True
20261004,ss,85,3.3,5.5,0,0,bounded,-0.005,-25,3000,True,0.000100134219759001,9.933983471566007e-05,1.551652843399302,1.748347156600699,2.678546714635049,0.0008785596752010784,0.7272041086506736,0.7272314360851854,-0.0,1.0,-0.0,1.0,0.0,1.0,0.0,1.0,0.0,1.0,-0.0,1.0,1.0079966414844024,-0.6601652843399308,0.13421975900098637,True
20261004,ss,85,3.3,5.5,0,0,bounded,-0.005,25,-3000,True,0.0001004243879104454,9.96297053367662e-05,1.552946632337931,1.74705336766207,2.678264290814312,0.0008811121730837104,0.7272062555100052,0.7272336767967251,-0.0,1.0,-0.0,1.0,0.0,1.0,0.0,1.0,0.0,1.0,-0.0,1.0,1.007976361778779,-0.37029466323380555,0.4243879104453896,True
20261004,ss,85,3.3,5.5,0,0,bounded,-0.005,25,3000,True,0.0001004243879104454,9.96297053367662e-05,1.552946632337937,1.747053367662063,2.678264290814323,0.0008811121730837104,0.7272062555100052,0.7272336767967251,-0.0,1.0,-0.0,1.0,0.0,1.0,0.0,1.0,0.0,1.0,-0.0,1.0,1.007976361778779,-0.37029466323380555,0.4243879104453896,True
20261004,ss,85,3.3,5.5,0,0,bounded,0.005,-25,-3000,True,0.0001011347829412462,0.0001003393893026597,1.556106973402497,1.743893026597504,2.677576109390783,0.0008873613028404906,0.7272115114664964,0.7272391626513212,-0.0,1.0,-0.0,1.0,0.0,1.0,0.0,1.0,0.0,1.0,-0.0,1.0,1.0079270328842376,0.33938930265970946,1.134782941246204,True
20261004,ss,85,3.3,5.5,0,0,bounded,0.005,-25,3000,True,0.0001011347829412462,0.0001003393893026597,1.556106973402537,1.743893026597464,2.677576109390785,0.0008873613028404906,0.7272115114664964,0.7272391626513212,-0.0,1.0,-0.0,1.0,0.0,1.0,0.0,1.0,0.0,1.0,-0.0,1.0,1.0079270328842376,0.33938930265970946,1.134782941246204,True
20261004,ss,85,3.3,5.5,0,0,bounded,0.005,25,-3000,True,0.000101424937521875,0.0001006292605109832,1.557394890167377,1.742605109832623,2.677296345428483,0.0008899137280213868,0.7272136582056605,0.727241403342121,-0.0,1.0,-0.0,1.0,0.0,1.0,0.0,1.0,0.0,1.0,-0.0,1.0,1.0079070143897655,0.6292605109831984,1.4249375218750027,True
20261004,ss,85,3.3,5.5,0,0,bounded,0.005,25,3000,True,0.0001014249375219283,0.0001006292605109832,1.557394890167432,1.742605109832568,2.67729634542841,0.0008899137280216798,0.7272136582056605,0.727241403342121,-0.0,1.0,-0.0,1.0,0.0,1.0,0.0,1.0,0.0,1.0,-0.0,1.0,1.007907014390295,0.6292605109831984,1.4249375219282934,True
20261004,ss,85,3.63,4.5,0,0,bounded,-0.005,-25,-3000,True,9.934369875084149e-05,9.9273864329342e-05,1.551356706579883,2.078643293420117,1.6793200949474,0.0008074107863744747,0.7271982679761748,0.727230675080225,-0.0,1.0,-0.0,1.0,0.0,1.0,0.0,1.0,0.0,1.0,-0.0,1.0,1.0007034522325817,-0.7261356706580124,-0.6563012491585196,True
20261004,ss,85,3.63,4.5,0,0,bounded,-0.005,-25,3000,True,9.954070617046375e-05,9.947177594974349e-05,1.552240502565143,2.077759497434857,1.679126814328182,0.000809015738944919,0.727199725555407,0.7272322045632469,-0.0,1.0,-0.0,1.0,0.0,1.0,0.0,1.0,0.0,1.0,-0.0,1.0,1.0006929626023273,-0.5282240502565205,-0.45929382953625586,True
20261004,ss,85,3.63,4.5,0,0,bounded,-0.005,25,-3000,True,9.963224429511732e-05,9.956373491170713e-05,1.55265088292855,2.07734911707145,1.679037131330876,0.0008097614715377214,0.7272004028085941,0.7272329152311562,-0.0,1.0,-0.0,1.0,0.0,1.0,0.0,1.0,0.0,1.0,-0.0,1.0,1.0006880957556579,-0.43626508829287536,-0.3677557048826774,True
20261004,ss,85,3.63,4.5,0,0,bounded,-0.005,25,3000,True,9.982924880419666e-05,9.976164664918209e-05,1.553533508178981,2.076466491821019,1.678844384265729,0.000811366411435496,0.7272018603626444,0.7272344447100028,-0.0,1.0,-0.0,1.0,0.0,1.0,0.0,1.0,0.0,1.0,-0.0,1.0,1.0006776367199741,-0.23835335081792142,-0.17075119580335363,True
20261004,ss,85,3.63,4.5,0,0,bounded,0.005,-25,-3000,True,0.0001003386654071062,0.0001002734187834568,1.555812165431453,2.074187834568547,1.678347644809341,0.0008155165189959001,0.7272056293116859,0.7272383997127855,-0.0,1.0,-0.0,1.0,0.0,1.0,0.0,1.0,0.0,1.0,-0.0,1.0,1.0006506871356438,0.2734187834567914,0.33866540710620896,True
20261004,ss,85,3.63,4.5,0,0,bounded,0.005,-25,3000,True,0.0001005356628065483,0.0001004713308054497,1.556691945503251,2.073308054496749,1.678156191046332,0.0008171214279332239,0.7272070868041947,0.7272399291813998,-0.0,1.0,-0.0,1.0,0.0,1.0,0.0,1.0,0.0,1.0,-0.0,1.0,1.0006403020700818,0.47133080544969896,0.5356628065483093,True
20261004,ss,85,3.63,4.5,0,0,bounded,0.005,25,-3000,True,0.0001006271962784259,0.0001005632899536121,1.557100463878497,2.072899536121503,1.678067354436715,0.0008178671402645853,0.7272077640171094,0.7272406398426112,-0.0,1.0,-0.0,1.0,0.0,1.0,0.0,1.0,0.0,1.0,-0.0,1.0,1.0006354836326783,0.5632899536121005,0.62719627842589,True
20261004,ss,85,3.63,4.5,0,0,bounded,0.005,25,3000,True,0.0001008241907803457,0.0001007612020909634,1.557979090365282,2.072020909634718,1.677876423687968,0.0008194720365817875,0.7272092214845296,0.7272421693070398,-0.0,1.0,-0.0,1.0,0.0,1.0,0.0,1.0,0.0,1.0,-0.0,1.0,1.0006251284033456,0.7612020909633976,0.8241907803457016,True
20261004,ss,85,3.63,5,0,0,bounded,-0.005,-25,-3000,True,9.973042913486899e-05,9.927386425202541e-05,1.551357479745763,2.078642520254237,2.178941023192882,0.0008590162873893358,0.7272011277893805,0.7272308090939927,-0.0,1.0,-0.0,1.0,0.0,1.0,0.0,1.0,0.0,1.0,-0.0,1.0,1.004599044131943,-0.7261357479745989,-0.26957086513100803,True
20261004,ss,85,3.63,5,0,0,bounded,-0.005,-25,3000,True,9.992806932045531e-05,9.947177587230143e-05,1.552241276985608,2.077758723014392,2.178747835237239,0.0008607229074990086,0.7272025900431291,0.727232338796048,-0.0,1.0,-0.0,1.0,0.0,1.0,0.0,1.0,0.0,1.0,-0.0,1.0,1.0045871649938134,-0.5282241276985733,-0.07193067954469612,True
20261004,ss,85,3.63,5,0,0,bounded,-0.005,25,-3000,True,0.0001000199015287463,9.95637348342068e-05,1.552651657931866,2.077348342068134,2.178658195056693,0.0008615158795721232,0.7272032694688336,0.7272330495657549,-0.0,1.0,-0.0,1.0,0.0,1.0,0.0,1.0,0.0,1.0,-0.0,1.0,1.0045816551106597,-0.43626516579320374,0.01990152874629114,True
20261004,ss,85,3.63,5,0,0,bounded,-0.005,25,3000,True,0.0001002175391109218,9.97616465715562e-05,1.55353428443773,2.076465715562271,2.1784655396277,0.0008632224870895155,0.7272047316996417,0.7272345792637377,-0.0,1.0,-0.0,1.0,0.0,1.0,0.0,1.0,0.0,1.0,-0.0,1.0,1.0045698177108433,-0.2383534284437938,0.2175391109217939,True
20261004,ss,85,3.63,5,0,0,bounded,0.005,-25,-3000,True,0.0001007285937332582,0.0001002734187055062,1.55581294493741,2.07418705506259,2.177969033901156,0.0008676354930472992,0.7272085127493042,0.7272385348335116,-0.0,1.0,-0.0,1.0,0.0,1.0,0.0,1.0,0.0,1.0,-0.0,1.0,1.004539338875927,0.27341870550618985,0.7285937332581982,True
20261004,ss,85,3.63,5,0,0,bounded,0.005,-25,3000,True,0.0001009262249687772,0.0001004713307273734,1.55669272626567,2.073307273734329,2.177777669285119,0.0008693420698643259,0.7272099749241565,0.727240064521524,-0.0,1.0,-0.0,1.0,0.0,1.0,0.0,1.0,0.0,1.0,-0.0,1.0,1.00452760243256,0.471330727373398,0.9262249687771895,True
20261004,ss,85,3.63,5,0,0,bounded,0.005,25,-3000,True,0.0001010180530235373,0.0001005632898754775,1.55710124522492,2.07289875477508,2.177688873863189,0.0008701350218456357,0.7272106543132364,0.727240775284703,-0.0,1.0,-0.0,1.0,0.0,1.0,0.0,1.0,0.0,1.0,-0.0,1.0,1.0045221586189446,0.5632898754774907,1.018053023537302,True
20261004,ss,85,3.63,5,0,0,bounded,0.005,25,3000,True,0.000101215681677921,0.0001007612020127031,1.55797987296905,2.07202012703095,2.177498031254939,0.0008718415861757142,0.7272121164653136,0.7272423049686392,-0.0,1.0,-0.0,1.0,0.0,1.0,0.0,1.0,0.0,1.0,-0.0,1.0,1.0045104629176675,0.7612020127030883,1.21568167792101,True
20261004,ss,85,3.63,5.5,0,0,bounded,-0.005,-25,-3000,True,0.0001000681853507129,9.927386418450049e-05,1.551358154994959,2.07864184500504,2.678611095082219,0.0009107391608988811,0.7272036200829771,0.7272309261309605,-0.0,1.0,-0.0,1.0,0.0,1.0,0.0,1.0,0.0,1.0,-0.0,1.0,1.008001312054663,-0.7261358154995179,0.06818535071289045,True
20261004,ss,85,3.63,5.5,0,0,bounded,-0.005,-25,3000,True,0.0001002663012261511,9.947177580468233e-05,1.552241953176705,2.077758046823295,2.678418062170157,0.0009125472173949281,0.727205085879113,0.727232455997676,-0.0,1.0,-0.0,1.0,0.0,1.0,0.0,1.0,0.0,1.0,-0.0,1.0,1.0079874458361822,-0.5282241953176725,0.26630122615109997,True
20261004,ss,85,3.63,5.5,0,0,bounded,-0.005,25,-3000,True,0.0001003583544393987,9.956373476654392e-05,1.552652334560632,2.077347665439368,2.678328493809823,0.0009133873210994494,0.7272057669505495,0.7272331668438808,-0.0,1.0,-0.0,1.0,0.0,1.0,0.0,1.0,0.0,1.0,-0.0,1.0,1.0079810151228055,-0.43626523345607904,0.3583544393987115,True
20261004,ss,85,3.63,5.5,0,0,bounded,-0.005,25,3000,True,0.0001005564676145259,9.97616465037992e-05,1.553534962007854,2.076465037992146,2.678135992478256,0.0009151953631688302,0.7272072327227913,0.7272346967064927,-0.0,1.0,-0.0,1.0,0.0,1.0,0.0,1.0,0.0,1.0,-0.0,1.0,1.0079672012099001,-0.23835349620080493,0.5564676145258796,True
20261004,ss,85,3.63,5.5,0,0,bounded,0.005,-25,-3000,True,0.0001010687517543812,0.0001002734186375058,1.555813624941794,2.074186375058205,2.677639882254266,0.0009198706587832605,0.7272110229271345,0.7272386527018584,-0.0,1.0,-0.0,1.0,0.0,1.0,0.0,1.0,0.0,1.0,-0.0,1.0,1.0079316445742275,0.27341863750578455,1.068751754381192,True
20261004,ss,85,3.63,5.5,0,0,bounded,0.005,-25,3000,True,0.0001012668583539505,0.0001004713306592788,1.556693407211432,2.073306592788568,2.677448669445758,0.0009216786657199205,0.7272124886411442,0.7272401825544169,-0.0,1.0,-0.0,1.0,0.0,1.0,0.0,1.0,0.0,1.0,-0.0,1.0,1.0079179571869066,0.47133065927880136,1.2668583539505063,True
20261004,ss,85,3.63,5.5,0,0,bounded,0.005,25,-3000,True,0.0001013589072638493,0.0001005632898073392,1.557101926607816,2.072898073392184,2.677359944345497,0.0009225187464318729,0.727213169674473,0.7272408933940424,-0.0,1.0,-0.0,1.0,0.0,1.0,0.0,1.0,0.0,1.0,-0.0,1.0,1.0079116092764502,0.5632898073391956,1.358907263849285,True
20261004,ss,85,3.63,5.5,0,0,bounded,0.005,25,3000,True,0.0001015570111917779,0.0001007612019444707,1.557980555293015,2.072019444706984,2.677169252620553,0.0009243267390932375,0.7272146353648077,0.7272424232424919,-0.0,1.0,-0.0,1.0,0.0,1.0,0.0,1.0,0.0,1.0,-0.0,1.0,1.0078979729494073,0.7612019444706908,1.5570111917778906,True
20261004,fs,0,2.97,4.5,0,0,bounded,-0.005,-25,-3000,True,0.0001000823961480838,9.964901962818614e-05,1.244803718138414,1.725196281861586,1.710823583545038,0.0007463283806520384,0.6260238720343361,0.6260529976091301,-0.0,1.0,-0.0,1.0,0.0,1.0,0.0,1.0,0.0,1.0,-0.0,1.0,1.0043490294386708,-0.3509803718138582,0.08239614808378537,True
20261004,fs,0,2.97,4.5,0,0,bounded,-0.005,-25,3000,True,9.988478157827364e-05,9.945108537475656e-05,1.244146252434247,1.725853747565753,1.710973032189621,0.0007448512503551997,0.6260224511163016,0.6260515108049106,-0.0,1.0,-0.0,1.0,0.0,1.0,0.0,1.0,0.0,1.0,-0.0,1.0,1.0043608996511482,-0.5489146252434463,-0.11521842172637076,True
20261004,fs,0,2.97,4.5,0,0,bounded,-0.005,25,-3000,True,9.994765913814353e-05,9.951406444878879e-05,1.244355512112141,1.72564448788786,1.710925450270192,0.0007453212472245106,0.6260229032282709,0.6260519838792996,-0.0,1.0,-0.0,1.0,0.0,1.0,0.0,1.0,0.0,1.0,-0.0,1.0,1.004357119687116,-0.485935551211214,-0.052340861856470244,True
20261004,fs,0,2.97,4.5,0,0,bounded,-0.005,25,3000,True,9.975004333113637e-05,9.931613023690752e-05,1.243697630924701,1.7263023690753,1.711075088186913,0.0007438441114836893,0.6260214822996286,0.6260504970730858,-0.0,1.0,-0.0,1.0,0.0,1.0,0.0,1.0,0.0,1.0,-0.0,1.0,1.0043690092756714,-0.6838697630924928,-0.24995666886363788,True
20261004,fs,0,2.97,4.5,0,0,bounded,0.005,-25,-3000,True,0.0001010804219075948,0.0001006486884998629,1.248115001370227,1.721884998629773,1.710072997271156,0.0007537885131186505,0.6260310481510853,0.6260605066765935,-0.0,1.0,-0.0,1.0,0.0,1.0,0.0,1.0,0.0,1.0,-0.0,1.0,1.004289508528792,0.6486884998629039,1.0804219075947863,True
20261004,fs,0,2.97,4.5,0,0,bounded,0.005,-25,3000,True,0.0001008828164582935,0.0001004507539412605,1.247460587394891,1.722539412605109,1.710221059691197,0.0007523114229578214,0.6260296273113019,0.6260590198871676,-0.0,1.0,-0.0,1.0,0.0,1.0,0.0,1.0,0.0,1.0,-0.0,1.0,1.0043012371742441,0.4507539412604844,0.8828164582934894,True
20261004,fs,0,2.97,4.5,0,0,bounded,0.005,25,-3000,True,0.0001009456911145482,0.0001005137331124908,1.247668875091801,1.722331124908199,1.710173919437291,0.0007527814070494659,0.6260300793983641,0.6260594929568483,-0.0,1.0,-0.0,1.0,0.0,1.0,0.0,1.0,0.0,1.0,-0.0,1.0,1.0042975023281044,0.5137331124907885,0.9456911145482083,True
20261004,fs,0,2.97,4.5,0,0,bounded,0.005,25,3000,True,0.0001007480844385659,0.0001003157985948221,1.247014051778747,1.722985948221253,1.710322167389041,0.0007513043114900802,0.6260286585480512,0.6260580061654258,-0.0,1.0,-0.0,1.0,0.0,1.0,0.0,1.0,0.0,1.0,-0.0,1.0,1.004309249886848,0.31579859482209205,0.748084438565888,True
20261004,fs,0,2.97,5,0,0,bounded,-0.005,-25,-3000,True,0.0001005305590536167,9.964901953874993e-05,1.244804612500786,1.725195387499214,2.210485672857839,0.0007986103929880596,0.6260270926892402,0.6260531485398676,-0.0,1.0,-0.0,1.0,0.0,1.0,0.0,1.0,0.0,1.0,-0.0,1.0,1.0088464444401681,-0.3509804612500833,0.5305590536166971,True
20261004,fs,0,2.97,5,0,0,bounded,-0.005,-25,3000,True,0.0001003323213187492,9.945108528544359e-05,1.24414714556389,1.725852854436111,2.210634968444935,0.0007970313395814414,0.6260256672972992,0.6260516615260601,-0.0,1.0,-0.0,1.0,0.0,1.0,0.0,1.0,0.0,1.0,-0.0,1.0,1.008860999664069,-0.5489147145564144,0.3323213187491847,True
20261004,fs,0,2.97,5,0,0,bounded,-0.005,25,-3000,True,0.0001003953971717521,9.95140643594366e-05,1.244356405634037,1.725643594365963,2.210587435295169,0.0007975337666961874,0.6260261208328818,0.6260521346671393,-0.0,1.0,-0.0,1.0,0.0,1.0,0.0,1.0,0.0,1.0,-0.0,1.0,1.0088563643540094,-0.4859356405634063,0.39539717175209876,True
20261004,fs,0,2.97,5,0,0,bounded,-0.005,25,3000,True,0.0001001971581158435,9.931613014767861e-05,1.243698523213692,1.726301476786308,2.210736919716574,0.0007959547068077678,0.6260246954297174,0.6260506476513035,-0.0,1.0,-0.0,1.0,0.0,1.0,0.0,1.0,0.0,1.0,-0.0,1.0,1.008870945402875,-0.6838698523213949,0.19715811584348764,True
20261004,fs,0,2.97,5,0,0,bounded,0.005,-25,-3000,True,0.0001015317302705156,0.0001006486884098046,1.248115901954288,1.721884098045712,2.209735849889948,0.0008065852656196355,0.6260342913879178,0.6260606586652336,-0.0,1.0,-0.0,1.0,0.0,1.0,0.0,1.0,0.0,1.0,-0.0,1.0,1.00877350589126,0.6486884098045875,1.5317302705155855,True
20261004,fs,0,2.97,5,0,0,bounded,0.005,-25,3000,True,0.0001013335022610419,0.0001004507538513252,1.24746148674774,1.72253851325226,2.209883762452507,0.0008050062599335415,0.6260328660786827,0.626059171666427,-0.0,1.0,-0.0,1.0,0.0,1.0,0.0,1.0,0.0,1.0,-0.0,1.0,1.0087878724237673,0.45075385132520296,1.3335022610418967,True
20261004,fs,0,2.97,5,0,0,bounded,0.005,25,-3000,True,0.0001013965750173219,0.0001005137330225163,1.247669774836534,1.722330225163466,2.209836669948428,0.0008055086718534398,0.6260333195879364,0.6260596448027324,-0.0,1.0,-0.0,1.0,0.0,1.0,0.0,1.0,0.0,1.0,-0.0,1.0,1.008783297249619,0.5137330225162939,1.3965750173218883,True
20261004,fs,0,2.97,5,0,0,bounded,0.005,25,3000,True,0.0001011983457010358,0.0001003157985049708,1.247014950291775,1.722985049708225,2.209984767615179,0.0008039296597548738,0.6260318942675804,0.6260581578018991,-0.0,1.0,-0.0,1.0,0.0,1.0,0.0,1.0,0.0,1.0,-0.0,1.0,1.0087976889903465,0.3157985049707879,1.1983457010357856,True
20261004,fs,0,2.97,5.5,0,0,bounded,-0.005,-25,-3000,True,0.0001009407038038806,9.964901945690334e-05,1.244805430966651,1.725194569033349,2.71017765767114,0.0008511314683983038,0.6260300153654647,0.6260532866403444,-0.0,1.0,-0.0,1.0,0.0,1.0,0.0,1.0,0.0,1.0,-0.0,1.0,1.012962338756739,-0.3509805430966684,0.9407038038806048,True
20261004,fs,0,2.97,5.5,0,0,bounded,-0.005,-25,3000,True,0.0001007419502298373,9.945108520369896e-05,1.244147963010289,1.725852036989711,2.710326773720608,0.0008494504590090322,0.6260285862033029,0.626051799452994,-0.0,1.0,-0.0,1.0,0.0,1.0,0.0,1.0,0.0,1.0,-0.0,1.0,1.0129798988466978,-0.5489147963010477,0.741950229837296,True
20261004,fs,0,2.97,5.5,0,0,bounded,-0.005,25,-3000,True,0.0001008051902397061,9.951406427765953e-05,1.244357223404843,1.725642776595157,2.710279297765236,0.0008499853269129597,0.6260290409387096,0.6260522726493004,-0.0,1.0,-0.0,1.0,0.0,1.0,0.0,1.0,0.0,1.0,-0.0,1.0,1.012974306410038,-0.4859357223404803,0.8051902397060884,True
20261004,fs,0,2.97,5.5,0,0,bounded,-0.005,25,3000,True,0.0001006064351791896,9.931613006600352e-05,1.243699339964683,1.726300660035317,2.710428602216203,0.0008483043094714895,0.6260276117640161,0.6260507854598727,-0.0,1.0,-0.0,1.0,0.0,1.0,0.0,1.0,0.0,1.0,-0.0,1.0,1.012991898821758,-0.6838699339964838,0.6064351791895906,True
20261004,fs,0,2.97,5.5,0,0,bounded,0.005,-25,-3000,True,0.0001019444765965343,0.0001006486883274438,1.248116725561736,1.721883274438265,2.709428731861825,0.0008596212353033321,0.6260372330765844,0.6260607976409277,-0.0,1.0,-0.0,1.0,0.0,1.0,0.0,1.0,0.0,1.0,-0.0,1.0,1.012874368167371,0.6486883274438027,1.9444765965342947,True
20261004,fs,0,2.97,5.5,0,0,bounded,0.005,-25,3000,True,0.000101745733958472,0.0001004507537690661,1.24746230933819,1.72253769066181,2.70957646804874,0.0008579402851556759,0.6260358040067159,0.6260593104689915,-0.0,1.0,-0.0,1.0,0.0,1.0,0.0,1.0,0.0,1.0,-0.0,1.0,1.0128916921059947,0.4507537690660923,1.7457339584719955,True
20261004,fs,0,2.97,5.5,0,0,bounded,0.005,25,-3000,True,0.0001018089704858998,0.0001005137329402249,1.24767059775047,1.72232940224953,2.709529431731349,0.000858475134194862,0.6260362587127382,0.6260597836603927,-0.0,1.0,-0.0,1.0,0.0,1.0,0.0,1.0,0.0,1.0,-0.0,1.0,1.0128861749313913,0.513732940224898,1.8089704858997857,True
20261004,fs,0,2.97,5.5,0,0,bounded,0.005,25,3000,True,0.0001016102263790746,0.0001003157984227811,1.24701577218845,1.72298422781155,2.709677352600075,0.0008567941760905177,0.6260348296304652,0.6260582964863778,-0.0,1.0,-0.0,1.0,0.0,1.0,0.0,1.0,0.0,1.0,-0.0,1.0,1.0129035304173937,0.3157984227810884,1.6102263790745974,True
20261004,fs,0,3.3,4.5,0,0,bounded,-0.005,-25,-3000,True,0.0001000165261534162,9.958304153694638e-05,1.244584630535976,2.055415369464024,1.710873367960733,0.0007786984167317685,0.6260233984063838,0.6260525020086198,-0.0,1.0,-0.0,1.0,0.0,1.0,0.0,1.0,0.0,1.0,-0.0,1.0,1.0043529963513818,-0.4169584630536294,0.016526153416207556,True
20261004,fs,0,3.3,4.5,0,0,bounded,-0.005,-25,3000,True,0.0001000165261534162,9.95830415369464e-05,1.244584630535955,2.055415369464045,1.710873367960744,0.0007786984167317685,0.6260233984063838,0.6260525020086198,-0.0,1.0,-0.0,1.0,0.0,1.0,0.0,1.0,0.0,1.0,-0.0,1.0,1.0043529963513815,-0.4169584630536072,0.016526153416207556,True
20261004,fs,0,3.3,4.5,0,0,bounded,-0.005,25,-3000,True,9.988178872795052e-05,9.944808637138478e-05,1.244136286152034,2.055863713847967,1.710975297694386,0.000777646746270882,0.6260224295967611,0.6260514882781197,-0.0,1.0,-0.0,1.0,0.0,1.0,0.0,1.0,0.0,1.0,-0.0,1.0,1.0043610930324602,-0.5519136286152304,-0.11821127204948434,True
20261004,fs,0,3.3,4.5,0,0,bounded,-0.005,25,3000,True,9.988178872798604e-05,9.944808637138479e-05,1.24413628615205,2.055863713847951,1.710975297694372,0.0007776467462710419,0.6260224295967611,0.6260514882781197,-0.0,1.0,-0.0,1.0,0.0,1.0,0.0,1.0,0.0,1.0,-0.0,1.0,1.0043610930328173,-0.5519136286152193,-0.1182112720139683,True
20261004,fs,0,3.3,4.5,0,0,bounded,0.005,-25,-3000,True,0.0001010145549761658,0.0001005827103069989,1.247896930011145,2.052103069988855,1.710122320210842,0.0007864884533752765,0.6260305745493833,0.6260600110810212,-0.0,1.0,-0.0,1.0,0.0,1.0,0.0,1.0,0.0,1.0,-0.0,1.0,1.004293428441616,0.5827103069988793,1.0145549761658046,True
20261004,fs,0,3.3,4.5,0,0,bounded,0.005,-25,3000,True,0.000101014554976219,0.0001005827103069989,1.247896930011192,2.052103069988808,1.710122320210802,0.0007864884533755163,0.6260305745493833,0.6260600110810248,-0.0,1.0,-0.0,1.0,0.0,1.0,0.0,1.0,0.0,1.0,-0.0,1.0,1.004293428442145,0.5827103069988793,1.0145549762189843,True
20261004,fs,0,3.3,4.5,0,0,bounded,0.005,25,-3000,True,0.0001008798237710577,0.000100447754933258,1.247450667420209,2.052549332579791,1.710223304141127,0.0007854368102188653,0.6260296057931275,0.62605899736061,-0.0,1.0,-0.0,1.0,0.0,1.0,0.0,1.0,0.0,1.0,-0.0,1.0,1.0043014285196,0.4477549332579933,0.8798237710576862,True
20261004,fs,0,3.3,4.5,0,0,bounded,0.005,25,3000,True,0.0001008798237710221,0.000100447754933258,1.247450667420215,2.052549332579785,1.710223304141141,0.0007854368102187055,0.6260296057931275,0.62605899736061,-0.0,1.0,-0.0,1.0,0.0,1.0,0.0,1.0,0.0,1.0,-0.0,1.0,1.0043014285192453,0.4477549332579933,0.8798237710220924,True
20261004,fs,0,3.3,5,0,0,bounded,-0.005,-25,-3000,True,0.0001004644813551038,9.958304144755125e-05,1.244585524487407,2.055414475512594,2.210535406326602,0.0008309464555218008,0.6260266175701155,0.6260526528694982,-0.0,1.0,-0.0,1.0,0.0,1.0,0.0,1.0,0.0,1.0,-0.0,1.0,1.0088513053501864,-0.416958552448754,0.4644813551037963,True
20261004,fs,0,3.3,5,0,0,bounded,-0.005,-25,3000,True,0.0001004644813550683,9.958304144755125e-05,1.244585524487425,2.055414475512576,2.210535406326559,0.0008309464555216232,0.6260266175701155,0.6260526528694982,-0.0,1.0,-0.0,1.0,0.0,1.0,0.0,1.0,0.0,1.0,-0.0,1.0,1.00885130534983,-0.416958552448754,0.46448135506829136,True
20261004,fs,0,3.3,5,0,0,bounded,-0.005,25,-3000,True,0.0001003293190297717,9.944808628207369e-05,1.24413717926294,2.05586282073706,2.210637231626743,0.0008298252918492159,0.6260256457099944,0.6260516389960948,-0.0,1.0,-0.0,1.0,0.0,1.0,0.0,1.0,0.0,1.0,-0.0,1.0,1.0088612338421323,-0.5519137179263112,0.3293190297716908,True
20261004,fs,0,3.3,5,0,0,bounded,-0.005,25,3000,True,0.0001003293190298073,9.944808628207369e-05,1.244137179262967,2.055862820737034,2.21063723162669,0.0008298252918493936,0.6260256457099944,0.6260516389960948,-0.0,1.0,-0.0,1.0,0.0,1.0,0.0,1.0,0.0,1.0,-0.0,1.0,1.0088612338424903,-0.5519137179263112,0.32931902980728456,True
20261004,fs,0,3.3,5,0,0,bounded,0.005,-25,-3000,True,0.0001014656558363249,0.0001005827102169815,1.247897830184953,2.052102169815047,2.209785122947687,0.0008392512348670258,0.6260338162965238,0.6260601629998714,-0.0,1.0,-0.0,1.0,0.0,1.0,0.0,1.0,0.0,1.0,-0.0,1.0,1.008778304118458,0.5827102169815079,1.4656558363248973,True
20261004,fs,0,3.3,5,0,0,bounded,0.005,-25,3000,True,0.0001014656558363426,0.0001005827102169815,1.247897830184961,2.052102169815039,2.209785122947677,0.0008392512348671147,0.6260338162965238,0.6260601629998714,-0.0,1.0,-0.0,1.0,0.0,1.0,0.0,1.0,0.0,1.0,-0.0,1.0,1.008778304118634,0.5827102169815079,1.4656558363425942,True
20261004,fs,0,3.3,5,0,0,bounded,0.005,25,-3000,True,0.0001013305001443711,0.0001004477548433245,1.24745156675439,2.05254843324561,2.209886004628089,0.0008381301036741989,0.6260328444928128,0.6260591491366969,-0.0,1.0,-0.0,1.0,0.0,1.0,0.0,1.0,0.0,1.0,-0.0,1.0,1.0087881038498419,0.44775484332451043,1.330500144371105,True
20261004,fs,0,3.3,5,0,0,bounded,0.005,25,3000,True,0.0001013305001443889,0.0001004477548433245,1.24745156675438,2.05254843324562,2.209886004628073,0.0008381301036742876,0.6260328444928128,0.6260591491366969,-0.0,1.0,-0.0,1.0,0.0,1.0,0.0,1.0,0.0,1.0,-0.0,1.0,1.008788103850019,0.44775484332451043,1.3305001443888909,True
20261004,fs,0,3.3,5.5,0,0,bounded,-0.005,-25,-3000,True,0.0001008744541892864,9.958304136573863e-05,1.244586342613537,2.055413657386463,2.710227331365664,0.0008834335465175225,0.6260295389898387,0.6260527909121402,-0.0,1.0,-0.0,1.0,0.0,1.0,0.0,1.0,0.0,1.0,-0.0,1.0,1.012968200266196,-0.41695863426137736,0.8744541892864,True
20261004,fs,0,3.3,5.5,0,0,bounded,-0.005,-25,3000,True,0.0001008744541893041,9.958304136573863e-05,1.244586342613542,2.055413657386458,2.710227331365649,0.0008834335465176203,0.6260295389898387,0.6260527909121402,-0.0,1.0,-0.0,1.0,0.0,1.0,0.0,1.0,0.0,1.0,-0.0,1.0,1.0129682002663736,-0.41695863426137736,0.8744541893040969,True
20261004,fs,0,3.3,5.5,0,0,bounded,-0.005,25,-3000,True,0.0001007389401266483,9.944808620033059e-05,1.244137996693898,2.055862003306102,2.710329034178513,0.0008822428671270889,0.6260285645588866,0.6260517769204003,-0.0,1.0,-0.0,1.0,0.0,1.0,0.0,1.0,0.0,1.0,-0.0,1.0,1.0129801786604258,-0.5519137996694123,0.738940126648302,True
20261004,fs,0,3.3,5.5,0,0,bounded,-0.005,25,3000,True,0.0001007389401266483,9.944808620033059e-05,1.244137996693906,2.055862003306094,2.710329034178516,0.0008822428671270889,0.6260285645588866,0.6260517769204003,-0.0,1.0,-0.0,1.0,0.0,1.0,0.0,1.0,0.0,1.0,-0.0,1.0,1.0129801786604258,-0.5519137996694123,0.738940126648302,True
20261004,fs,0,3.3,5.5,0,0,bounded,0.005,-25,-3000,True,0.0001018782306493176,0.0001005827101346546,1.247898653453298,2.052101346546703,2.709477946197601,0.0008922532239849824,0.6260367567318816,0.6260603019178671,-0.0,1.0,-0.0,1.0,0.0,1.0,0.0,1.0,0.0,1.0,-0.0,1.0,1.0128801512002275,0.5827101346546071,1.8782306493176026,True
20261004,fs,0,3.3,5.5,0,0,bounded,0.005,-25,3000,True,0.0001018782306493354,0.0001005827101346546,1.247898653453356,2.052101346546644,2.709477946197601,0.0008922532239850802,0.6260367567318816,0.6260603019178671,-0.0,1.0,-0.0,1.0,0.0,1.0,0.0,1.0,0.0,1.0,-0.0,1.0,1.0128801512004042,0.5827101346546071,1.8782306493353884,True
20261004,fs,0,3.3,5.5,0,0,bounded,0.005,25,-3000,True,0.0001017427240460638,0.000100447754761067,1.247452389329482,2.052547610670518,2.709578707548423,0.0008910625849343947,0.6260357823638767,0.6260592879366381,-0.0,1.0,-0.0,1.0,0.0,1.0,0.0,1.0,0.0,1.0,-0.0,1.0,1.0128919684474493,0.4477547610669985,1.7427240460637927,True
20261004,fs,0,3.3,5.5,0,0,bounded,0.005,25,3000,True,0.0001017427240460816,0.000100447754761067,1.247452389329443,2.052547610670557,2.709578707548409,0.0008910625849344923,0.6260357823638767,0.6260592879366381,-0.0,1.0,-0.0,1.0,0.0,1.0,0.0,1.0,0.0,1.0,-0.0,1.0,1.0128919684476265,0.4477547610669985,1.7427240460816007,True
20261004,fs,0,3.63,4.5,0,0,bounded,-0.005,-25,-3000,True,9.995065527684067e-05,9.951706345246744e-05,1.244365475325417,2.385634524674582,1.7109231836722,0.0008110249035666957,0.6260229247718135,0.6260520064075545,-0.0,1.0,-0.0,1.0,0.0,1.0,0.0,1.0,0.0,1.0,-0.0,1.0,1.0043569595939728,-0.4829365475325642,-0.04934472315932803,True
20261004,fs,0,3.63,4.5,0,0,bounded,-0.005,-25,3000,True,0.0001001482692491377,9.971499772617902e-05,1.245022738209852,2.384977261790148,1.710773827371969,0.0008126326678555397,0.6260243456847148,0.6260534932107985,-0.0,1.0,-0.0,1.0,0.0,1.0,0.0,1.0,0.0,1.0,-0.0,1.0,1.0043450988601381,-0.28500227382098897,0.14826924913771133,True
20261004,fs,0,3.63,4.5,0,0,bounded,-0.005,25,-3000,True,9.98159174376615e-05,9.938210830075528e-05,1.243916992447109,2.386083007552891,1.711025176496889,0.0008099286960896442,0.626021955958646,0.6260509926763904,-0.0,1.0,-0.0,1.0,0.0,1.0,0.0,1.0,0.0,1.0,-0.0,1.0,1.0043650627293337,-0.6178916992447325,-0.18408256233850562,True
20261004,fs,0,3.63,4.5,0,0,bounded,-0.005,25,3000,True,0.0001000135326464805,9.958004253295955e-05,1.244574670404524,2.385425329595476,1.710875631174843,0.0008115364657923126,0.6260233768821496,0.6260524794816307,-0.0,1.0,-0.0,1.0,0.0,1.0,0.0,1.0,0.0,1.0,-0.0,1.0,1.0043531826508054,-0.4199574670404549,0.013532646480496346,True
20261004,fs,0,3.63,4.5,0,0,bounded,0.005,-25,-3000,True,0.0001009486871496482,0.0001005167321207956,1.247678792043302,2.382321207956698,1.710171673844971,0.0008191448442604201,0.6260301009409681,0.6260595154848925,-0.0,1.0,-0.0,1.0,0.0,1.0,0.0,1.0,0.0,1.0,-0.0,1.0,1.0042973445290033,0.5167321207955933,0.9486871496481974,True
20261004,fs,0,3.63,4.5,0,0,bounded,0.005,-25,3000,True,0.0001011462920065701,0.0001007146666993804,1.248333006195643,2.381666993804356,1.710023701946136,0.0008207525686367441,0.6260315217756529,0.6260610022733412,-0.0,1.0,-0.0,1.0,0.0,1.0,0.0,1.0,0.0,1.0,-0.0,1.0,1.0042856251361885,0.7146666993803841,1.1462920065701043,True
20261004,fs,0,3.63,4.5,0,0,bounded,0.005,25,-3000,True,0.000100813955534255,0.0001003817767606993,1.247232393006463,2.382767606993537,1.710272719619519,0.0008180486640339536,0.6260291321811934,0.6260585017638136,-0.0,1.0,-0.0,1.0,0.0,1.0,0.0,1.0,0.0,1.0,-0.0,1.0,1.0043053509063302,0.3817767606993039,0.8139555342550064,True
20261004,fs,0,3.63,4.5,0,0,bounded,0.005,25,3000,True,0.0001010115616172184,0.0001005797112983903,1.247887016096379,2.382112983903621,1.710124562431899,0.0008196563937791564,0.6260305530264058,0.6260599885542637,-0.0,1.0,-0.0,1.0,0.0,1.0,0.0,1.0,0.0,1.0,-0.0,1.0,1.0042936126307513,0.5797112983902952,1.0115616172184039,True
20261004,fs,0,3.63,5,0,0,bounded,-0.005,-25,-3000,True,0.0001003984027588557,9.951706336311337e-05,1.244366368866109,2.385633631133891,2.210585171019468,0.0008632389682907673,0.6260261424442566,0.626052157198572,-0.0,1.0,-0.0,1.0,0.0,1.0,0.0,1.0,0.0,1.0,-0.0,1.0,1.0088561636161482,-0.4829366368866328,0.3984027588556982,True
20261004,fs,0,3.63,5,0,0,bounded,-0.005,-25,3000,True,0.0001005966398554604,9.97149976367017e-05,1.245023632983025,2.384976367016975,2.210435967563156,0.000864948655187097,0.626027567830765,0.6260536442113915,-0.0,1.0,-0.0,1.0,0.0,1.0,0.0,1.0,0.0,1.0,-0.0,1.0,1.0088416210164377,-0.2850023632983034,0.5966398554603902,True
20261004,fs,0,3.63,5,0,0,bounded,-0.005,25,-3000,True,0.0001002632399919569,9.938210821148526e-05,1.24391788514731,2.38608211485269,2.210687059264648,0.000862073267255931,0.6260251705803852,0.6260511433244904,-0.0,1.0,-0.0,1.0,0.0,1.0,0.0,1.0,0.0,1.0,-0.0,1.0,1.0088661007129835,-0.6178917885147461,0.2632399919568984,True
20261004,fs,0,3.63,5,0,0,bounded,-0.005,25,3000,True,0.0001004614784085901,9.958004244356626e-05,1.244575564337414,2.385424435662586,2.210537667223699,0.0008637829606016771,0.6260265959781119,0.6260526303393381,-0.0,1.0,-0.0,1.0,0.0,1.0,0.0,1.0,0.0,1.0,-0.0,1.0,1.0088515323291147,-0.41995755643374766,0.46147840859009914,True
20261004,fs,0,3.63,5,0,0,bounded,0.005,-25,-3000,True,0.0001013995804917157,0.0001005167320308193,1.247679691806399,2.382320308193601,2.209834426629942,0.0008718736542189413,0.6260333411983071,0.626059667333949,-0.0,1.0,-0.0,1.0,0.0,1.0,0.0,1.0,0.0,1.0,-0.0,1.0,1.0087830995204432,0.5167320308193002,1.3995804917156907,True
20261004,fs,0,3.63,5,0,0,bounded,0.005,-25,3000,True,0.0001015978078700143,0.000100714666609281,1.248333907190181,2.381666092809819,2.209686604379966,0.0008735832936302067,0.6260347665021566,0.6260611543317678,-0.0,1.0,-0.0,1.0,0.0,1.0,0.0,1.0,0.0,1.0,-0.0,1.0,1.0087687453125316,0.7146666092809895,1.5978078700142895,True
20261004,fs,0,3.63,5,0,0,bounded,0.005,25,-3000,True,0.0001012644243628848,0.000100381776670807,1.247233291930005,2.382766708069995,2.209935370012017,0.0008707079856179926,0.6260323693908788,0.6260586534700963,-0.0,1.0,-0.0,1.0,0.0,1.0,0.0,1.0,0.0,1.0,-0.0,1.0,1.008792907650682,0.38177667080698807,1.2644243628847862,True
20261004,fs,0,3.63,5,0,0,bounded,0.005,25,3000,True,0.000101462653047001,0.0001005797112083748,1.247887916251495,2.382112083748504,2.209787362900202,0.0008724176314098367,0.626033794705844,0.6260601404699396,-0.0,1.0,-0.0,1.0,0.0,1.0,0.0,1.0,0.0,1.0,-0.0,1.0,1.0087785282739277,0.5797112083747891,1.4626530470009946,True
20261004,fs,0,3.63,5.5,0,0,bounded,-0.005,-25,-3000,True,0.0001008082036484464,9.951706328133474e-05,1.244367186652404,2.385632813347596,2.710277036213213,0.0009156920742661263,0.626029062607253,0.6260522951833654,-0.0,1.0,-0.0,1.0,0.0,1.0,0.0,1.0,0.0,1.0,-0.0,1.0,1.0129740601715869,-0.4829367186652722,0.8082036484464039,True
20261004,fs,0,3.63,5.5,0,0,bounded,-0.005,-25,3000,True,0.0001010069565035803,9.971499755482112e-05,1.245024451788744,2.384975548211256,2.710128012083434,0.0009175037163822659,0.6260304917633428,0.6260537823696963,-0.0,1.0,-0.0,1.0,0.0,1.0,0.0,1.0,0.0,1.0,-0.0,1.0,1.0129565158746445,-0.2850024451788835,1.0069565035802919,True
20261004,fs,0,3.63,5.5,0,0,bounded,-0.005,25,-3000,True,0.0001006726890889436,9.938210812977616e-05,1.243918702238264,2.386081297761736,2.710378801826905,0.0009144568569887203,0.6260280881721126,0.6260512811909329,-0.0,1.0,-0.0,1.0,0.0,1.0,0.0,1.0,0.0,1.0,-0.0,1.0,1.012986049334777,-0.6178918702238412,0.672689088943601,True
20261004,fs,0,3.63,5.5,0,0,bounded,-0.005,25,3000,True,0.0001008714434293783,9.95800423617552e-05,1.244576382448072,2.385423617551928,2.710229589544576,0.0009162685071232881,0.6260295173407272,0.6260527683793483,-0.0,1.0,-0.0,1.0,0.0,1.0,0.0,1.0,0.0,1.0,-0.0,1.0,1.0129684727681847,-0.4199576382448056,0.8714434293783047,True
20261004,fs,0,3.63,5.5,0,0,bounded,0.005,-25,-3000,True,0.0001018119837636338,0.0001005167319485264,1.247680514735997,2.382319485264003,2.70952719108855,0.0009248416621617174,0.6260362803801305,0.6260598061942327,-0.0,1.0,-0.0,1.0,0.0,1.0,0.0,1.0,0.0,1.0,-0.0,1.0,1.0128859324213872,0.5167319485263944,1.8119837636338065,True
20261004,fs,0,3.63,5.5,0,0,bounded,0.005,-25,3000,True,0.0001020107256914909,0.0001007146665268863,1.248334731136521,2.381665268863479,2.709379545008256,0.0009266532452843008,0.6260377094439916,0.6260612933651546,-0.0,1.0,-0.0,1.0,0.0,1.0,0.0,1.0,0.0,1.0,-0.0,1.0,1.012868623898572,0.7146665268862984,2.0107256914909,True
20261004,fs,0,3.63,5.5,0,0,bounded,0.005,25,-3000,True,0.0001016764766694305,0.0001003817765885834,1.247234114165887,2.382765885834113,2.709628014000322,0.0009236064851870069,0.6260353060079824,0.626058792212313,-0.0,1.0,-0.0,1.0,0.0,1.0,0.0,1.0,0.0,1.0,-0.0,1.0,1.0128977601796534,0.38177658858338237,1.6764766694304933,True
20261004,fs,0,3.63,5.5,0,0,bounded,0.005,25,3000,True,0.0001018752200649314,0.0001005797111260495,1.247888739504574,2.382111260495426,2.709480183479794,0.0009254180762331217,0.6260367350842395,0.6260602793853122,-0.0,1.0,-0.0,1.0,0.0,1.0,0.0,1.0,0.0,1.0,-0.0,1.0,1.0128804201600692,0.5797111260494869,1.8752200649313933,True
20261004,fs,27,2.97,4.5,0,0,bounded,-0.005,-25,-3000,True,9.998524769974017e-05,9.958057912736526e-05,1.254208726347273,1.715791273652728,1.700013136328624,0.0007456879443471578,0.5895077616350326,0.5895373325585316,-0.0,1.0,-0.0,1.0,0.0,1.0,0.0,1.0,0.0,1.0,-0.0,1.0,1.0040637298549682,-0.4194208726347459,-0.014752300259834872,True
20261004,fs,27,2.97,4.5,0,0,bounded,-0.005,-25,3000,True,9.978769742470396e-05,9.938264988072915e-05,1.253501192708468,1.716498807291532,1.700176476763104,0.0007442111182469997,0.5895063280535645,0.5895358320736411,-0.0,1.0,-0.0,1.0,0.0,1.0,0.0,1.0,0.0,1.0,-0.0,1.0,1.0040756363858372,-0.6173501192708541,-0.21230257529604168,True
20261004,fs,27,2.97,4.5,0,0,bounded,-0.005,25,-3000,True,9.998524769974017e-05,9.958057912736526e-05,1.254208726347273,1.715791273652728,1.700013136328624,0.0007456879443471578,0.5895077616350326,0.5895373325585316,-0.0,1.0,-0.0,1.0,0.0,1.0,0.0,1.0,0.0,1.0,-0.0,1.0,1.0040637298549682,-0.4194208726347459,-0.014752300259834872,True
20261004,fs,27,2.97,4.5,0,0,bounded,-0.005,25,3000,True,9.978769742470396e-05,9.938264988072915e-05,1.253501192708468,1.716498807291532,1.700176476763104,0.0007442111182469997,0.5895063280535645,0.5895358320736411,-0.0,1.0,-0.0,1.0,0.0,1.0,0.0,1.0,0.0,1.0,-0.0,1.0,1.0040756363858372,-0.6173501192708541,-0.21230257529604168,True
20261004,fs,27,2.97,4.5,0,0,bounded,0.005,-25,-3000,True,0.0001009829474505734,0.0001005802227787466,1.257772212533829,1.712227787466171,1.699192812000635,0.0007531465348705169,0.5895150016973655,0.5895449107203137,-0.0,1.0,-0.0,1.0,0.0,1.0,0.0,1.0,0.0,1.0,-0.0,1.0,1.0040040145139935,0.5802227787465863,0.9829474505733904,True
20261004,fs,27,2.97,4.5,0,0,bounded,0.005,-25,3000,True,0.0001007854067220874,0.0001003822932049845,1.257067950155306,1.712932049844694,1.699354626926606,0.0007516697507582668,0.589513568197839,0.5895434102502106,-0.0,1.0,-0.0,1.0,0.0,1.0,0.0,1.0,0.0,1.0,-0.0,1.0,1.0040157831050913,0.38229320498450736,0.7854067220874006,True
20261004,fs,27,2.97,4.5,0,0,bounded,0.005,25,-3000,True,0.0001009829474505734,0.0001005802227787466,1.257772212533829,1.712227787466171,1.699192812000635,0.0007531465348705169,0.5895150016973655,0.5895449107203137,-0.0,1.0,-0.0,1.0,0.0,1.0,0.0,1.0,0.0,1.0,-0.0,1.0,1.0040040145139935,0.5802227787465863,0.9829474505733904,True
20261004,fs,27,2.97,4.5,0,0,bounded,0.005,25,3000,True,0.0001007854067220874,0.0001003822932049845,1.257067950155306,1.712932049844694,1.699354626926606,0.0007516697507582668,0.589513568197839,0.5895434102502106,-0.0,1.0,-0.0,1.0,0.0,1.0,0.0,1.0,0.0,1.0,-0.0,1.0,1.0040157831050913,0.38229320498450736,0.7854067220874006,True
20261004,fs,27,2.97,5,0,0,bounded,-0.005,-25,-3000,True,0.0001004167698213045,9.958057904116467e-05,1.254209588353196,1.715790411646804,2.199657392885771,0.0007978381785488094,0.5895108914335221,0.5895374792280106,-0.0,1.0,-0.0,1.0,0.0,1.0,0.0,1.0,0.0,1.0,-0.0,1.0,1.0083971271124479,-0.41942095883533703,0.4167698213044968,True
20261004,fs,27,2.97,5,0,0,bounded,-0.005,-25,3000,True,0.0001002185961579229,9.938264979465201e-05,1.253502053479826,1.716497946520174,2.199820587021986,0.0007962594603697357,0.5895094533352906,0.5895359785315084,-0.0,1.0,-0.0,1.0,0.0,1.0,0.0,1.0,0.0,1.0,-0.0,1.0,1.0084113913746329,-0.6173502053479996,0.218596157922879,True
20261004,fs,27,2.97,5,0,0,bounded,-0.005,25,-3000,True,0.0001004167698213045,9.958057904116467e-05,1.254209588353196,1.715790411646804,2.199657392885771,0.0007978381785488094,0.5895108914335221,0.5895374792280106,-0.0,1.0,-0.0,1.0,0.0,1.0,0.0,1.0,0.0,1.0,-0.0,1.0,1.0083971271124479,-0.41942095883533703,0.4167698213044968,True
20261004,fs,27,2.97,5,0,0,bounded,-0.005,25,3000,True,0.0001002185961579229,9.938264979465201e-05,1.253502053479826,1.716497946520174,2.199820587021986,0.0007962594603697357,0.5895094533352906,0.5895359785315084,-0.0,1.0,-0.0,1.0,0.0,1.0,0.0,1.0,0.0,1.0,-0.0,1.0,1.0084113913746329,-0.6173502053479996,0.218596157922879,True
20261004,fs,27,2.97,5,0,0,bounded,0.005,-25,-3000,True,0.0001014176172061311,0.0001005802226919226,1.257773080773914,1.712226919226086,2.198837797385156,0.0008058113571156561,0.5895181543017444,0.5895450584582753,-0.0,1.0,-0.0,1.0,0.0,1.0,0.0,1.0,0.0,1.0,-0.0,1.0,1.0083256379017318,0.5802226919225939,1.4176172061310943,True
20261004,fs,27,2.97,5,0,0,bounded,0.005,-25,3000,True,0.0001012194533474221,0.0001003822931182839,1.257068817161278,1.712931182838722,2.198999469325491,0.0008042326869884603,0.5895167162874261,0.5895435577766489,-0.0,1.0,-0.0,1.0,0.0,1.0,0.0,1.0,0.0,1.0,-0.0,1.0,1.008339720115297,0.3822931182839051,1.2194533474220837,True
20261004,fs,27,2.97,5,0,0,bounded,0.005,25,-3000,True,0.0001014176172061311,0.0001005802226919226,1.257773080773914,1.712226919226086,2.198837797385156,0.0008058113571156561,0.5895181543017444,0.5895450584582753,-0.0,1.0,-0.0,1.0,0.0,1.0,0.0,1.0,0.0,1.0,-0.0,1.0,1.0083256379017318,0.5802226919225939,1.4176172061310943,True
20261004,fs,27,2.97,5,0,0,bounded,0.005,25,3000,True,0.0001012194533474221,0.0001003822931182839,1.257068817161278,1.712931182838722,2.198999469325491,0.0008042326869884603,0.5895167162874261,0.5895435577766489,-0.0,1.0,-0.0,1.0,0.0,1.0,0.0,1.0,0.0,1.0,-0.0,1.0,1.008339720115297,0.3822931182839051,1.2194533474220837,True
20261004,fs,27,2.97,5.5,0,0,bounded,-0.005,-25,-3000,True,0.0001008079587742987,9.958057896302286e-05,1.254210369771326,1.715789630228674,2.69933613842597,0.0008501981024688783,0.5895137114617444,0.589537612170162,-0.0,1.0,-0.0,1.0,0.0,1.0,0.0,1.0,0.0,1.0,-0.0,1.0,1.0123254938267792,-0.41942103697714117,0.8079587742986893,True
20261004,fs,27,2.97,5.5,0,0,bounded,-0.005,-25,3000,True,0.0001006092786675677,9.93826497166104e-05,1.253502833895823,1.716497166104178,2.699499153061586,0.0008485175120200215,0.5895122696372567,0.5895361113017069,-0.0,1.0,-0.0,1.0,0.0,1.0,0.0,1.0,0.0,1.0,-0.0,1.0,1.0123424858811374,-0.617350283389595,0.6092786675677031,True
20261004,fs,27,2.97,5.5,0,0,bounded,-0.005,25,-3000,True,0.0001008079587742987,9.958057896302286e-05,1.254210369771326,1.715789630228674,2.69933613842597,0.0008501981024688783,0.5895137114617444,0.589537612170162,-0.0,1.0,-0.0,1.0,0.0,1.0,0.0,1.0,0.0,1.0,-0.0,1.0,1.0123254938267792,-0.41942103697714117,0.8079587742986893,True
20261004,fs,27,2.97,5.5,0,0,bounded,-0.005,25,3000,True,0.0001006092786675677,9.93826497166104e-05,1.253502833895823,1.716497166104178,2.699499153061586,0.0008485175120200215,0.5895122696372567,0.5895361113017069,-0.0,1.0,-0.0,1.0,0.0,1.0,0.0,1.0,0.0,1.0,-0.0,1.0,1.0123424858811374,-0.617350283389595,0.6092786675677031,True
20261004,fs,27,2.97,5.5,0,0,bounded,0.005,-25,-3000,True,0.0001018113609235254,0.0001005802226132753,1.25777386724714,1.71222613275286,2.698517439644883,0.0008586857559308548,0.5895209931245422,0.5895451922678321,-0.0,1.0,-0.0,1.0,0.0,1.0,0.0,1.0,0.0,1.0,-0.0,1.0,1.0122403617556481,0.580222613275283,1.811360923525407,True
20261004,fs,27,2.97,5.5,0,0,bounded,0.005,-25,3000,True,0.0001016126916199039,0.0001003822930397365,1.257069602634418,1.712930397365582,2.698678935329685,0.0008570052239275326,0.5895195513921713,0.5895436914145967,-0.0,1.0,-0.0,1.0,0.0,1.0,0.0,1.0,0.0,1.0,-0.0,1.0,1.0122571276557744,0.3822930397364921,1.6126916199038943,True
20261004,fs,27,2.97,5.5,0,0,bounded,0.005,25,-3000,True,0.0001018113609235254,0.0001005802226132753,1.25777386724714,1.71222613275286,2.698517439644883,0.0008586857559308548,0.5895209931245422,0.5895451922678321,-0.0,1.0,-0.0,1.0,0.0,1.0,0.0,1.0,0.0,1.0,-0.0,1.0,1.0122403617556481,0.580222613275283,1.811360923525407,True
20261004,fs,27,2.97,5.5,0,0,bounded,0.005,25,3000,True,0.0001016126916199039,0.0001003822930397365,1.257069602634418,1.712930397365582,2.698678935329685,0.0008570052239275326,0.5895195513921713,0.5895436914145967,-0.0,1.0,-0.0,1.0,0.0,1.0,0.0,1.0,0.0,1.0,-0.0,1.0,1.0122571276557744,0.3822930397364921,1.6126916199038943,True
20261004,fs,27,3.3,4.5,0,0,bounded,-0.005,-25,-3000,True,9.991939921444461e-05,9.951460270457032e-05,1.253972954296758,2.046027045703243,1.700067548096268,0.0007780354973595456,0.5895072837865999,0.5895368323978242,-0.0,1.0,-0.0,1.0,0.0,1.0,0.0,1.0,0.0,1.0,-0.0,1.0,1.0040677096513766,-0.48539729542969035,-0.08060078555539585,True
20261004,fs,27,3.3,4.5,0,0,bounded,-0.005,-25,3000,True,9.991939921448013e-05,9.951460270457032e-05,1.253972954296751,2.04602704570325,1.700067548096262,0.0007780354973597054,0.5895072837865999,0.5895368323978242,-0.0,1.0,-0.0,1.0,0.0,1.0,0.0,1.0,0.0,1.0,-0.0,1.0,1.0040677096517336,-0.48539729542969035,-0.08060078551986871,True
20261004,fs,27,3.3,4.5,0,0,bounded,-0.005,25,-3000,True,9.991939921444461e-05,9.951460270457032e-05,1.253972954296758,2.046027045703243,1.700067548096268,0.0007780354973595456,0.5895072837865999,0.5895368323978242,-0.0,1.0,-0.0,1.0,0.0,1.0,0.0,1.0,0.0,1.0,-0.0,1.0,1.0040677096513766,-0.48539729542969035,-0.08060078555539585,True
20261004,fs,27,3.3,4.5,0,0,bounded,-0.005,25,3000,True,9.991939921448013e-05,9.951460270457032e-05,1.253972954296751,2.04602704570325,1.700067548096262,0.0007780354973597054,0.5895072837865999,0.5895368323978242,-0.0,1.0,-0.0,1.0,0.0,1.0,0.0,1.0,0.0,1.0,-0.0,1.0,1.0040677096517336,-0.48539729542969035,-0.08060078551986871,True
20261004,fs,27,3.3,4.5,0,0,bounded,0.005,-25,-3000,True,0.0001009171021730763,0.0001005142462470165,1.257537529835189,2.042462470164812,1.69924671592352,0.0007858239843634503,0.5895145238764347,0.5895444105645482,-0.0,1.0,-0.0,1.0,0.0,1.0,0.0,1.0,0.0,1.0,-0.0,1.0,1.004007948535671,0.5142462470165032,0.9171021730763007,True
20261004,fs,27,3.3,4.5,0,0,bounded,0.005,-25,3000,True,0.0001009171021730763,0.0001005142462470165,1.257537529835193,2.042462470164807,1.699246715923523,0.0007858239843634503,0.5895145238764347,0.5895444105645482,-0.0,1.0,-0.0,1.0,0.0,1.0,0.0,1.0,0.0,1.0,-0.0,1.0,1.004007948535671,0.5142462470165032,0.9171021730763007,True
20261004,fs,27,3.3,4.5,0,0,bounded,0.005,25,-3000,True,0.0001009171021730763,0.0001005142462470165,1.257537529835189,2.042462470164812,1.69924671592352,0.0007858239843634503,0.5895145238764347,0.5895444105645482,-0.0,1.0,-0.0,1.0,0.0,1.0,0.0,1.0,0.0,1.0,-0.0,1.0,1.004007948535671,0.5142462470165032,0.9171021730763007,True
20261004,fs,27,3.3,4.5,0,0,bounded,0.005,25,3000,True,0.0001009171021730763,0.0001005142462470165,1.257537529835193,2.042462470164807,1.699246715923523,0.0007858239843634503,0.5895145238764347,0.5895444105645482,-0.0,1.0,-0.0,1.0,0.0,1.0,0.0,1.0,0.0,1.0,-0.0,1.0,1.004007948535671,0.5142462470165032,0.9171021730763007,True
20261004,fs,27,3.3,5,0,0,bounded,-0.005,-25,-3000,True,0.0001003507135503091,9.951460261841087e-05,1.253973815891184,2.046026184108817,2.199711755962048,0.0008301517683617847,0.5895104120795821,0.589536978996771,-0.0,1.0,-0.0,1.0,0.0,1.0,0.0,1.0,0.0,1.0,-0.0,1.0,1.0084018918821824,-0.4853973815891366,0.3507135503090897,True
20261004,fs,27,3.3,5,0,0,bounded,-0.005,-25,3000,True,0.0001003507135503091,9.951460261841087e-05,1.253973815891221,2.046026184108779,2.199711755962038,0.0008301517683617847,0.5895104120795821,0.589536978996771,-0.0,1.0,-0.0,1.0,0.0,1.0,0.0,1.0,0.0,1.0,-0.0,1.0,1.0084018918821824,-0.4853973815891366,0.3507135503090897,True
20261004,fs,27,3.3,5,0,0,bounded,-0.005,25,-3000,True,0.0001003507135503091,9.951460261841087e-05,1.253973815891184,2.046026184108817,2.199711755962048,0.0008301517683617847,0.5895104120795821,0.589536978996771,-0.0,1.0,-0.0,1.0,0.0,1.0,0.0,1.0,0.0,1.0,-0.0,1.0,1.0084018918821824,-0.4853973815891366,0.3507135503090897,True
20261004,fs,27,3.3,5,0,0,bounded,-0.005,25,3000,True,0.0001003507135503091,9.951460261841087e-05,1.253973815891221,2.046026184108779,2.199711755962038,0.0008301517683617847,0.5895104120795821,0.589536978996771,-0.0,1.0,-0.0,1.0,0.0,1.0,0.0,1.0,0.0,1.0,-0.0,1.0,1.0084018918821824,-0.4853973815891366,0.3507135503090897,True
20261004,fs,27,3.3,5,0,0,bounded,0.005,-25,-3000,True,0.0001013515642283948,0.0001005142461602336,1.257538397663923,2.042461602336077,2.19889165371923,0.00083845484544026,0.589517674975956,0.5895445582320019,-0.0,1.0,-0.0,1.0,0.0,1.0,0.0,1.0,0.0,1.0,-0.0,1.0,1.0083303422166285,0.514246160233589,1.351564228394797,True
20261004,fs,27,3.3,5,0,0,bounded,0.005,-25,3000,True,0.0001013515642283948,0.0001005142461602336,1.257538397663943,2.042461602336057,2.198891653719237,0.00083845484544026,0.589517674975956,0.5895445582320019,-0.0,1.0,-0.0,1.0,0.0,1.0,0.0,1.0,0.0,1.0,-0.0,1.0,1.0083303422166285,0.514246160233589,1.351564228394797,True
20261004,fs,27,3.3,5,0,0,bounded,0.005,25,-3000,True,0.0001013515642283948,0.0001005142461602336,1.257538397663923,2.042461602336077,2.19889165371923,0.00083845484544026,0.589517674975956,0.5895445582320019,-0.0,1.0,-0.0,1.0,0.0,1.0,0.0,1.0,0.0,1.0,-0.0,1.0,1.0083303422166285,0.514246160233589,1.351564228394797,True
20261004,fs,27,3.3,5,0,0,bounded,0.005,25,3000,True,0.0001013515642283948,0.0001005142461602336,1.257538397663943,2.042461602336057,2.198891653719237,0.00083845484544026,0.589517674975956,0.5895445582320019,-0.0,1.0,-0.0,1.0,0.0,1.0,0.0,1.0,0.0,1.0,-0.0,1.0,1.0083303422166285,0.514246160233589,1.351564228394797,True
20261004,fs,27,3.3,5.5,0,0,bounded,-0.005,-25,-3000,True,0.0001007417337146404,9.951460254030245e-05,1.253974596975382,2.046025403024618,2.699390441742246,0.0008824777357830172,0.5895132308659262,0.5895371118816137,-0.0,1.0,-0.0,1.0,0.0,1.0,0.0,1.0,0.0,1.0,-0.0,1.0,1.0123311669143327,-0.4853974596975563,0.7417337146403913,True
20261004,fs,27,3.3,5.5,0,0,bounded,-0.005,-25,3000,True,0.0001007417337146582,9.951460254030245e-05,1.253974596975383,2.046025403024617,2.699390441742231,0.000882477735783115,0.5895132308659262,0.5895371118816137,-0.0,1.0,-0.0,1.0,0.0,1.0,0.0,1.0,0.0,1.0,-0.0,1.0,1.0123311669145116,-0.4853974596975563,0.7417337146581993,True
20261004,fs,27,3.3,5.5,0,0,bounded,-0.005,25,-3000,True,0.0001007417337146404,9.951460254030245e-05,1.253974596975382,2.046025403024618,2.699390441742246,0.0008824777357830172,0.5895132308659262,0.5895371118816137,-0.0,1.0,-0.0,1.0,0.0,1.0,0.0,1.0,0.0,1.0,-0.0,1.0,1.0123311669143327,-0.4853974596975563,0.7417337146403913,True
20261004,fs,27,3.3,5.5,0,0,bounded,-0.005,25,3000,True,0.0001007417337146582,9.951460254030245e-05,1.253974596975383,2.046025403024617,2.699390441742231,0.000882477735783115,0.5895132308659262,0.5895371118816137,-0.0,1.0,-0.0,1.0,0.0,1.0,0.0,1.0,0.0,1.0,-0.0,1.0,1.0123311669145116,-0.4853974596975563,0.7417337146581993,True
20261004,fs,27,3.3,5.5,0,0,bounded,0.005,-25,-3000,True,0.000101745139489518,0.0001005142460816196,1.257539183803862,2.042460816196138,2.69857123729888,0.0008912952912310591,0.5895205125596109,0.5895446919843652,-0.0,1.0,-0.0,1.0,0.0,1.0,0.0,1.0,0.0,1.0,-0.0,1.0,1.0122459597110134,0.514246081619607,1.7451394895179995,True
20261004,fs,27,3.3,5.5,0,0,bounded,0.005,-25,3000,True,0.0001017451394894824,0.0001005142460816196,1.257539183803867,2.042460816196133,2.698571237298882,0.0008912952912308637,0.5895205125596109,0.5895446919843652,-0.0,1.0,-0.0,1.0,0.0,1.0,0.0,1.0,0.0,1.0,-0.0,1.0,1.0122459597106592,0.514246081619607,1.7451394894824057,True
20261004,fs,27,3.3,5.5,0,0,bounded,0.005,25,-3000,True,0.000101745139489518,0.0001005142460816196,1.257539183803862,2.042460816196138,2.69857123729888,0.0008912952912310591,0.5895205125596109,0.5895446919843652,-0.0,1.0,-0.0,1.0,0.0,1.0,0.0,1.0,0.0,1.0,-0.0,1.0,1.0122459597110134,0.514246081619607,1.7451394895179995,True
20261004,fs,27,3.3,5.5,0,0,bounded,0.005,25,3000,True,0.0001017451394894824,0.0001005142460816196,1.257539183803867,2.042460816196133,2.698571237298882,0.0008912952912308637,0.5895205125596109,0.5895446919843652,-0.0,1.0,-0.0,1.0,0.0,1.0,0.0,1.0,0.0,1.0,-0.0,1.0,1.0122459597106592,0.514246081619607,1.7451394894824057,True
20261004,fs,27,3.63,4.5,0,0,bounded,-0.005,-25,-3000,True,9.98535498096357e-05,9.944862628902234e-05,1.253737109776554,2.376262890223446,1.700121994324026,0.0008103395020611314,0.5895068059312225,0.5895363322365504,-0.0,1.0,-0.0,1.0,0.0,1.0,0.0,1.0,0.0,1.0,-0.0,1.0,1.004071685409073,-0.5513737109776651,-0.14645019036431117,True
20261004,fs,27,3.63,4.5,0,0,bounded,-0.005,-25,3000,True,0.0001000510994597673,9.964655555739902e-05,1.254444426009708,2.375555573990292,1.699958755512724,0.0008119469587308852,0.5895082395073196,0.589537832720467,-0.0,1.0,-0.0,1.0,0.0,1.0,0.0,1.0,0.0,1.0,-0.0,1.0,1.0040597881191713,-0.35344444260098085,0.0510994597672898,True
20261004,fs,27,3.63,4.5,0,0,bounded,-0.005,25,-3000,True,9.98535498096357e-05,9.944862628902234e-05,1.253737109776554,2.376262890223446,1.700121994324026,0.0008103395020611314,0.5895068059312225,0.5895363322365504,-0.0,1.0,-0.0,1.0,0.0,1.0,0.0,1.0,0.0,1.0,-0.0,1.0,1.004071685409073,-0.5513737109776651,-0.14645019036431117,True
20261004,fs,27,3.63,4.5,0,0,bounded,-0.005,25,3000,True,0.0001000510994597673,9.964655555739902e-05,1.254444426009708,2.375555573990292,1.699958755512724,0.0008119469587308852,0.5895082395073196,0.589537832720467,-0.0,1.0,-0.0,1.0,0.0,1.0,0.0,1.0,0.0,1.0,-0.0,1.0,1.0040597881191713,-0.35344444260098085,0.0510994597672898,True
20261004,fs,27,3.63,4.5,0,0,bounded,0.005,-25,-3000,True,0.0001008512559612155,0.0001004482697224265,1.257302775734318,2.372697224265682,1.699300653645323,0.000818457885406552,0.5895140460484474,0.5895439104082063,-0.0,1.0,-0.0,1.0,0.0,1.0,0.0,1.0,0.0,1.0,-0.0,1.0,1.0040118783519376,0.44826972242650864,0.8512559612154913,True
20261004,fs,27,3.63,4.5,0,0,bounded,0.005,-25,3000,True,0.0001010487960699306,0.0001006461993176089,1.258006823910614,2.371993176089386,1.699138938334742,0.0008200653003261941,0.5895154795426412,0.5895454108773349,-0.0,1.0,-0.0,1.0,0.0,1.0,0.0,1.0,0.0,1.0,-0.0,1.0,1.0040001187829382,0.6461993176088976,1.048796069930602,True
20261004,fs,27,3.63,4.5,0,0,bounded,0.005,25,-3000,True,0.0001008512559612155,0.0001004482697224265,1.257302775734318,2.372697224265682,1.699300653645323,0.000818457885406552,0.5895140460484474,0.5895439104082063,-0.0,1.0,-0.0,1.0,0.0,1.0,0.0,1.0,0.0,1.0,-0.0,1.0,1.0040118783519376,0.44826972242650864,0.8512559612154913,True
20261004,fs,27,3.63,4.5,0,0,bounded,0.005,25,3000,True,0.0001010487960699306,0.0001006461993176089,1.258006823910614,2.371993176089386,1.699138938334742,0.0008200653003261941,0.5895154795426412,0.5895454108773349,-0.0,1.0,-0.0,1.0,0.0,1.0,0.0,1.0,0.0,1.0,-0.0,1.0,1.0040001187829382,0.6461993176088976,1.048796069930602,True
20261004,fs,27,3.63,5,0,0,bounded,-0.005,-25,-3000,True,0.0001002846563514871,9.944862620290405e-05,1.253737970959376,2.376262029040624,2.199766153424326,0.0008624218093626713,0.5895099327186293,0.5895364787649604,-0.0,1.0,-0.0,1.0,0.0,1.0,0.0,1.0,0.0,1.0,-0.0,1.0,1.0084066535708327,-0.5513737970959554,0.28465635148708923,True
20261004,fs,27,3.63,5,0,0,bounded,-0.005,-25,3000,True,0.0001004828293721651,9.964655547115727e-05,1.2544452884272,2.3755547115728,2.199603060690182,0.0008641311577098193,0.5895113708113564,0.5895379794604845,-0.0,1.0,-0.0,1.0,0.0,1.0,0.0,1.0,0.0,1.0,-0.0,1.0,1.0083924014939973,-0.3534445288427279,0.48282937216508337,True
20261004,fs,27,3.63,5,0,0,bounded,-0.005,25,-3000,True,0.0001002846563514871,9.944862620290405e-05,1.253737970959376,2.376262029040624,2.199766153424326,0.0008624218093626713,0.5895099327186293,0.5895364787649604,-0.0,1.0,-0.0,1.0,0.0,1.0,0.0,1.0,0.0,1.0,-0.0,1.0,1.0084066535708327,-0.5513737970959554,0.28465635148708923,True
20261004,fs,27,3.63,5,0,0,bounded,-0.005,25,3000,True,0.0001004828293721651,9.964655547115727e-05,1.2544452884272,2.3755547115728,2.199603060690182,0.0008641311577098193,0.5895113708113564,0.5895379794604845,-0.0,1.0,-0.0,1.0,0.0,1.0,0.0,1.0,0.0,1.0,-0.0,1.0,1.0083924014939973,-0.3534445288427279,0.48282937216508337,True
20261004,fs,27,3.63,5,0,0,bounded,0.005,-25,-3000,True,0.0001012855103087097,0.0001004482696356848,1.257303643151662,2.372696356848338,2.198945543779678,0.000871054784809678,0.5895171956430532,0.5895440580051559,-0.0,1.0,-0.0,1.0,0.0,1.0,0.0,1.0,0.0,1.0,-0.0,1.0,1.0083350432621834,0.44826963568480593,1.285510308709692,True
20261004,fs,27,3.63,5,0,0,bounded,0.005,-25,3000,True,0.0001014836735314474,0.0001006461992307438,1.25800769256185,2.37199230743815,2.198783971238928,0.0008727640853533876,0.5895186336519164,0.5895455586858024,-0.0,1.0,-0.0,1.0,0.0,1.0,0.0,1.0,0.0,1.0,-0.0,1.0,1.0083209729438822,0.6461992307438047,1.4836735314474048,True
20261004,fs,27,3.63,5,0,0,bounded,0.005,25,-3000,True,0.0001012855103087097,0.0001004482696356848,1.257303643151662,2.372696356848338,2.198945543779678,0.000871054784809678,0.5895171956430532,0.5895440580051559,-0.0,1.0,-0.0,1.0,0.0,1.0,0.0,1.0,0.0,1.0,-0.0,1.0,1.0083350432621834,0.44826963568480593,1.285510308709692,True
20261004,fs,27,3.63,5,0,0,bounded,0.005,25,3000,True,0.0001014836735314474,0.0001006461992307438,1.25800769256185,2.37199230743815,2.198783971238928,0.0008727640853533876,0.5895186336519164,0.5895455586858024,-0.0,1.0,-0.0,1.0,0.0,1.0,0.0,1.0,0.0,1.0,-0.0,1.0,1.0083209729438822,0.6461992307438047,1.4836735314474048,True
20261004,fs,27,3.63,5.5,0,0,bounded,-0.005,-25,-3000,True,0.0001006755077031923,9.944862612482905e-05,1.253738751709358,2.376261248290642,2.69944477937149,0.000914713819689275,0.5895127502629025,0.5895366115924855,-0.0,1.0,-0.0,1.0,0.0,1.0,0.0,1.0,0.0,1.0,-0.0,1.0,1.012336837884751,-0.5513738751709463,0.6755077031922907,True
20261004,fs,27,3.63,5.5,0,0,bounded,-0.005,-25,3000,True,0.0001008741871004997,9.964655539298207e-05,1.254446070179293,2.375553929820707,2.699281865921379,0.0009165250396178215,0.5895141920813357,0.589538112459941,-0.0,1.0,-0.0,1.0,0.0,1.0,0.0,1.0,0.0,1.0,-0.0,1.0,1.0123198609593291,-0.3534446070179387,0.8741871004996904,True
20261004,fs,27,3.63,5.5,0,0,bounded,-0.005,25,-3000,True,0.0001006755077031923,9.944862612482905e-05,1.253738751709358,2.376261248290642,2.69944477937149,0.000914713819689275,0.5895127502629025,0.5895366115924855,-0.0,1.0,-0.0,1.0,0.0,1.0,0.0,1.0,0.0,1.0,-0.0,1.0,1.012336837884751,-0.5513738751709463,0.6755077031922907,True
20261004,fs,27,3.63,5.5,0,0,bounded,-0.005,25,3000,True,0.0001008741871004997,9.964655539298207e-05,1.254446070179293,2.375553929820707,2.699281865921379,0.0009165250396178215,0.5895141920813357,0.589538112459941,-0.0,1.0,-0.0,1.0,0.0,1.0,0.0,1.0,0.0,1.0,-0.0,1.0,1.0123198609593291,-0.3534446070179387,0.8741871004996904,True
20261004,fs,27,3.63,5.5,0,0,bounded,0.005,-25,-3000,True,0.0001016789170899184,0.0001004482695571042,1.257304428958195,2.372695571041805,2.698625068608071,0.0009238612769755505,0.5895200319873705,0.5895441917003167,-0.0,1.0,-0.0,1.0,0.0,1.0,0.0,1.0,0.0,1.0,-0.0,1.0,1.012251555335302,0.44826955710419725,1.6789170899183858,True
20261004,fs,27,3.63,5.5,0,0,bounded,0.005,-25,3000,True,0.0001018775856925718,0.0001006461991520632,1.258008479368382,2.371991520631617,2.698463672111381,0.0009256724387197621,0.5895214737137505,0.5895456925525496,-0.0,1.0,-0.0,1.0,0.0,1.0,0.0,1.0,0.0,1.0,-0.0,1.0,1.0122348042040625,0.6461991520632093,1.8775856925717926,True
20261004,fs,27,3.63,5.5,0,0,bounded,0.005,25,-3000,True,0.0001016789170899184,0.0001004482695571042,1.257304428958195,2.372695571041805,2.698625068608071,0.0009238612769755505,0.5895200319873705,0.5895441917003167,-0.0,1.0,-0.0,1.0,0.0,1.0,0.0,1.0,0.0,1.0,-0.0,1.0,1.012251555335302,0.44826955710419725,1.6789170899183858,True
20261004,fs,27,3.63,5.5,0,0,bounded,0.005,25,3000,True,0.0001018775856925718,0.0001006461991520632,1.258008479368382,2.371991520631617,2.698463672111381,0.0009256724387197621,0.5895214737137505,0.5895456925525496,-0.0,1.0,-0.0,1.0,0.0,1.0,0.0,1.0,0.0,1.0,-0.0,1.0,1.0122348042040625,0.6461991520632093,1.8775856925717926,True
20261004,fs,85,2.97,4.5,0,0,bounded,-0.005,-25,-3000,True,9.979158223806385e-05,9.943378946016401e-05,1.27210539835985,1.697894601640151,1.678881208900145,0.0007443804844885644,0.5110658141763426,0.5110962484551629,-0.0,1.0,-0.0,1.0,0.0,1.0,0.0,1.0,0.0,1.0,-0.0,1.0,1.0035983017427208,-0.5662105398359984,-0.2084177619361527,True
20261004,fs,85,2.97,4.5,0,0,bounded,-0.005,-25,3000,True,9.95941677572302e-05,9.923587087347931e-05,1.271291265206843,1.698708734793157,1.679074426701339,0.0007429043011223547,0.5110643534038498,0.5110947185842719,-0.0,1.0,-0.0,1.0,0.0,1.0,0.0,1.0,0.0,1.0,-0.0,1.0,1.0036105581640704,-0.7641291265206962,-0.4058322427698102,True
20261004,fs,85,2.97,4.5,0,0,bounded,-0.005,25,-3000,True,0.0001000807207923719,9.97236703519628e-05,1.273296480371702,1.696703519628298,1.678598870516435,0.0007465425542315685,0.5110679536584788,0.5110984891698281,-0.0,1.0,-0.0,1.0,0.0,1.0,0.0,1.0,0.0,1.0,-0.0,1.0,1.0035803981055744,-0.27632964803719906,0.08072079237189111,True
20261004,fs,85,2.97,4.5,0,0,bounded,-0.005,25,3000,True,9.988330944927716e-05,9.952575165695182e-05,1.272483430481704,1.697516569518296,1.678791555029321,0.000745066384663444,0.5110664929128699,0.5110969593032563,-0.0,1.0,-0.0,1.0,0.0,1.0,0.0,1.0,0.0,1.0,-0.0,1.0,1.0035926158443675,-0.4742483430481892,-0.11669055072284218,True
20261004,fs,85,2.97,4.5,0,0,bounded,0.005,-25,-3000,True,0.0001007885923851452,0.0001004333794081823,1.276205918176467,1.693794081823533,1.677910900111734,0.000751835812296016,0.5110731915351051,0.5111039750307379,-0.0,1.0,-0.0,1.0,0.0,1.0,0.0,1.0,0.0,1.0,-0.0,1.0,1.003536801998061,0.4333794081822884,0.7885923851451926,True
20261004,fs,85,2.97,4.5,0,0,bounded,0.005,-25,3000,True,0.0001005911886992853,0.0001002354604499031,1.27539550096898,1.694604499031021,1.678102291971409,0.0007503596764035611,0.5110717308551269,0.5111024451747519,-0.0,1.0,-0.0,1.0,0.0,1.0,0.0,1.0,0.0,1.0,-0.0,1.0,1.0035489261762804,0.2354604499031021,0.5911886992852944,True
20261004,fs,85,2.97,4.5,0,0,bounded,0.005,25,-3000,True,0.0001010777151533252,0.0001007232608422877,1.277391577122803,1.692608422877198,1.677631223094183,0.0007539978126121234,0.511075330881923,0.5111062157235716,-0.0,1.0,-0.0,1.0,0.0,1.0,0.0,1.0,0.0,1.0,-0.0,1.0,1.003519090903863,0.7232608422876874,1.0777151533251983,True
20261004,fs,85,2.97,4.5,0,0,bounded,0.005,25,3000,True,0.000100880314585167,0.0001005253417772624,1.276582227375825,1.693417772624175,1.677822092203914,0.0007525216904322846,0.5110738702286793,0.51110468587191,-0.0,1.0,-0.0,1.0,0.0,1.0,0.0,1.0,0.0,1.0,-0.0,1.0,1.0035311773293059,0.5253417772624003,0.8803145851669969,True
20261004,fs,85,2.97,5,0,0,bounded,-0.005,-25,-3000,True,0.0001001965147908236,9.943378937907768e-05,1.272106209223273,1.697893790776728,2.178486016815249,0.0007963009381305227,0.5110688089523351,0.5110963887941905,-0.0,1.0,-0.0,1.0,0.0,1.0,0.0,1.0,0.0,1.0,-0.0,1.0,1.0076706863583176,-0.566210620922325,0.1965147908236098,True
20261004,fs,85,2.97,5,0,0,bounded,-0.005,-25,3000,True,9.999846513628077e-05,9.923587079251914e-05,1.271292074808329,1.698707925191671,2.178679112775638,0.0007947228716557624,0.5110673434870705,0.5110948587034169,-0.0,1.0,-0.0,1.0,0.0,1.0,0.0,1.0,0.0,1.0,-0.0,1.0,1.0076846642012751,-0.7641292074808681,-0.0015348637192325043,True
20261004,fs,85,2.97,5,0,0,bounded,-0.005,25,-3000,True,0.000100486583848486,9.972367027069156e-05,1.273297293084322,1.696702706915678,2.178203855584787,0.0007986122296669582,0.5110709553091567,0.5110986298309755,-0.0,1.0,-0.0,1.0,0.0,1.0,0.0,1.0,0.0,1.0,-0.0,1.0,1.0076502757642551,-0.27632972930844435,0.48658384848598857,True
20261004,fs,85,2.97,5,0,0,bounded,-0.005,25,3000,True,0.0001002885371705665,9.95257515758068e-05,1.272484241931846,1.697515758068154,2.178396419311779,0.0007970341777535747,0.5110694898696099,0.511097099744467,-0.0,1.0,-0.0,1.0,0.0,1.0,0.0,1.0,0.0,1.0,-0.0,1.0,1.0076642033110266,-0.4742484241932021,0.2885371705664941,True
20261004,fs,85,2.97,5,0,0,bounded,0.005,-25,-3000,True,0.0001011967345851729,0.0001004333793264582,1.276206735417953,1.693793264582047,2.177516312433959,0.0008042708192460412,0.5110762100242531,0.5111041164808625,-0.0,1.0,-0.0,1.0,0.0,1.0,0.0,1.0,0.0,1.0,-0.0,1.0,1.0076006131012818,0.4333793264581942,1.1967345851728872,True
20261004,fs,85,2.97,5,0,0,bounded,0.005,-25,3000,True,0.0001009986951601184,0.0001002354603683052,1.275396316947296,1.694603683052704,2.177707586061841,0.0008026928028150133,0.5110747446474152,0.5111025864048029,-0.0,1.0,-0.0,1.0,0.0,1.0,0.0,1.0,0.0,1.0,-0.0,1.0,1.0076144189791594,0.2354603683051959,0.9986951601183902,True
20261004,fs,85,2.97,5,0,0,bounded,0.005,25,-3000,True,0.0001014867886952188,0.0001007232607603785,1.277392396214929,1.692607603785071,2.177236807311909,0.0008065820376549909,0.5110783562518215,0.5111063574960983,-0.0,1.0,-0.0,1.0,0.0,1.0,0.0,1.0,0.0,1.0,-0.0,1.0,1.007580452907067,0.7232607603784968,1.4867886952188103,True
20261004,fs,85,2.97,5,0,0,bounded,0.005,25,3000,True,0.0001012887522184193,0.0001005253416954795,1.276583045204302,1.693416954795698,2.177427559221889,0.0008050040356481963,0.5110768909004895,0.5111048274243034,-0.0,1.0,-0.0,1.0,0.0,1.0,0.0,1.0,0.0,1.0,-0.0,1.0,1.0075942096795094,0.5253416954795087,1.288752218419309,True
20261004,fs,85,2.97,5.5,0,0,bounded,-0.005,-25,-3000,True,0.0001005557119012029,9.94337893071505e-05,1.272106928495038,1.697893071504962,2.678136726101178,0.0008483747794194338,0.5110714577202071,0.5110965132741602,-0.0,1.0,-0.0,1.0,0.0,1.0,0.0,1.0,0.0,1.0,-0.0,1.0,1.0112831121278782,-0.5662106928495003,0.5557119012028933,True
20261004,fs,85,2.97,5.5,0,0,bounded,-0.005,-25,3000,True,0.0001003571685132148,9.923587072069002e-05,1.271292793099804,1.698707206900196,2.678329647227903,0.0008466949725837006,0.5110699885707778,0.511094983012454,-0.0,1.0,-0.0,1.0,0.0,1.0,0.0,1.0,0.0,1.0,-0.0,1.0,1.0112993193326312,-0.7641292793099885,0.3571685132147895,True
20261004,fs,85,2.97,5.5,0,0,bounded,-0.005,25,-3000,True,0.0001008465038996836,9.972367019862088e-05,1.273298013791089,1.696701986208911,2.677854819707027,0.0008508350816587066,0.5110736094711904,0.5110987545612254,-0.0,1.0,-0.0,1.0,0.0,1.0,0.0,1.0,0.0,1.0,-0.0,1.0,1.0112594502270762,-0.2763298013791271,0.8465038996835927,True
20261004,fs,85,2.97,5.5,0,0,bounded,-0.005,25,3000,True,0.0001006479636538576,9.952575150383409e-05,1.272484961658806,1.697515038341195,2.678047209600696,0.0008491552917831247,0.5110721403489698,0.5110972243038442,-0.0,1.0,-0.0,1.0,0.0,1.0,0.0,1.0,0.0,1.0,-0.0,1.0,1.0112755958439588,-0.4742484961659188,0.6479636538575972,True
20261004,fs,85,2.97,5.5,0,0,bounded,0.005,-25,-3000,True,0.000101558423586921,0.0001004333792540364,1.27620745963621,1.69379254036379,2.677167894337699,0.0008568584758330891,0.5110788773835895,0.5111042418235168,-0.0,1.0,-0.0,1.0,0.0,1.0,0.0,1.0,0.0,1.0,-0.0,1.0,1.011201896632781,0.4333792540363923,1.5584235869209984,True
20261004,fs,85,2.97,5.5,0,0,bounded,0.005,-25,3000,True,0.000101359890991331,0.0001002354602959813,1.275397040186586,1.694602959813415,2.677358996552262,0.0008551787272519182,0.5110774083276609,0.5111027115767225,-0.0,1.0,-0.0,1.0,0.0,1.0,0.0,1.0,0.0,1.0,-0.0,1.0,1.0112178932688034,0.23546029598129348,1.359890991331003,True
20261004,fs,85,2.97,5.5,0,0,bounded,0.005,25,-3000,True,0.0001018491998211584,0.0001007232606878134,1.277393121866357,1.692606878133643,2.676888639071679,0.0008593186929797031,0.5110810289979483,0.5111064830887438,-0.0,1.0,-0.0,1.0,0.0,1.0,0.0,1.0,0.0,1.0,-0.0,1.0,1.011178541338478,0.7232606878133874,1.8491998211584093,True
20261004,fs,85,2.97,5.5,0,0,bounded,0.005,25,3000,True,0.0001016506703329672,0.0001005253416230122,1.276583769877254,1.693416230122746,2.677079220544974,0.0008576389611722666,0.5110795599689667,0.5111049528462742,-0.0,1.0,-0.0,1.0,0.0,1.0,0.0,1.0,0.0,1.0,-0.0,1.0,1.0111944778479358,0.5253416230122099,1.6506703329671968,True
20261004,fs,85,3.3,4.5,0,0,bounded,-0.005,-25,-3000,True,9.972578108281928e-05,9.93678165897009e-05,1.271834102990899,2.028165897009101,1.678945570909238,0.0007766798216224306,0.5110653272797427,0.5110957384998418,-0.0,1.0,-0.0,1.0,0.0,1.0,0.0,1.0,0.0,1.0,-0.0,1.0,1.0036024188253674,-0.6321834102991031,-0.2742189171807241,True
20261004,fs,85,3.3,4.5,0,0,bounded,-0.005,-25,3000,True,9.97257810828548e-05,9.93678165897009e-05,1.271834102990941,2.028165897009059,1.678945570909221,0.0007766798216225904,0.5110653272797427,0.5110957384998418,-0.0,1.0,-0.0,1.0,0.0,1.0,0.0,1.0,0.0,1.0,-0.0,1.0,1.0036024188257249,-0.6321834102991031,-0.27421891714519697,True
20261004,fs,85,3.3,4.5,0,0,bounded,-0.005,25,-3000,True,0.0001000149207021953,9.96576974454261e-05,1.273025545738818,2.026974454261182,1.678663054988127,0.0007789375567334603,0.5110674667709817,0.511097979215955,-0.0,1.0,-0.0,1.0,0.0,1.0,0.0,1.0,0.0,1.0,-0.0,1.0,1.0035845024110137,-0.34230255457390335,0.014920702195309055,True
20261004,fs,85,3.3,4.5,0,0,bounded,-0.005,25,3000,True,0.0001000149207021776,9.96576974454261e-05,1.273025545738861,2.026974454261139,1.67866305498813,0.0007789375567333805,0.5110674667709817,0.511097979215955,-0.0,1.0,-0.0,1.0,0.0,1.0,0.0,1.0,0.0,1.0,-0.0,1.0,1.003584502410836,-0.34230255457390335,0.0149207021776121,True
20261004,fs,85,3.3,4.5,0,0,bounded,0.005,-25,-3000,True,0.0001007227948944537,0.0001003674064139746,1.27593586025373,2.02406413974627,1.677974654242221,0.0007844650301946791,0.5110727046698355,0.5111034650804104,-0.0,1.0,-0.0,1.0,0.0,1.0,0.0,1.0,0.0,1.0,-0.0,1.0,1.0035408754014552,0.3674064139745914,0.7227948944537044,True
20261004,fs,85,3.3,4.5,0,0,bounded,0.005,-25,3000,True,0.0001007227948944537,0.0001003674064139746,1.275935860253712,2.024064139746288,1.677974654242233,0.0007844650301946791,0.5110727046698355,0.5111034650804104,-0.0,1.0,-0.0,1.0,0.0,1.0,0.0,1.0,0.0,1.0,-0.0,1.0,1.0035408754014552,0.3674064139745914,0.7227948944537044,True
20261004,fs,85,3.3,4.5,0,0,bounded,0.005,25,-3000,True,0.0001010119187212714,0.0001006572878125323,1.277121874676767,2.022878125323233,1.677694803193049,0.0007867226960307631,0.5110748440257072,0.5111057057746938,-0.0,1.0,-0.0,1.0,0.0,1.0,0.0,1.0,0.0,1.0,-0.0,1.0,1.0035231518397314,0.6572878125322923,1.0119187212713987,True
20261004,fs,85,3.3,4.5,0,0,bounded,0.005,25,3000,True,0.0001010119187212536,0.0001006572878125323,1.277121874676715,2.022878125323285,1.677694803193074,0.0007867226960306833,0.5110748440257056,0.5111057057746938,-0.0,1.0,-0.0,1.0,0.0,1.0,0.0,1.0,0.0,1.0,-0.0,1.0,1.0035231518395544,0.6572878125322923,1.0119187212535907,True
20261004,fs,85,3.3,5,0,0,bounded,-0.005,-25,-3000,True,0.0001001305019100442,9.936781650865661e-05,1.271834913433867,2.028165086566133,2.178550338293004,0.0008285663160325119,0.5110683204914738,0.5110958787655778,-0.0,1.0,-0.0,1.0,0.0,1.0,0.0,1.0,0.0,1.0,-0.0,1.0,1.0076753764768611,-0.6321834913433966,0.13050191004420064,True
20261004,fs,85,3.3,5,0,0,bounded,-0.005,-25,3000,True,0.0001001305019100442,9.936781650865661e-05,1.271834913433861,2.028165086566139,2.178550338293011,0.0008285663160325119,0.5110683204914738,0.5110958787655778,-0.0,1.0,-0.0,1.0,0.0,1.0,0.0,1.0,0.0,1.0,-0.0,1.0,1.0076753764768611,-0.6321834913433966,0.13050191004420064,True
20261004,fs,85,3.3,5,0,0,bounded,-0.005,25,-3000,True,0.0001004205719788266,9.965769736419692e-05,1.273026358030648,2.026973641969352,2.178267999876367,0.0008309732731997122,0.5110704668570087,0.5110981198037899,-0.0,1.0,-0.0,1.0,0.0,1.0,0.0,1.0,0.0,1.0,-0.0,1.0,1.0076549492393123,-0.3423026358030823,0.42057197882658937,True
20261004,fs,85,3.3,5,0,0,bounded,-0.005,25,3000,True,0.0001004205719787911,9.965769736419693e-05,1.273026358030567,2.026973641969433,2.178267999876401,0.0008309732731995345,0.511070466857007,0.5110981198037899,-0.0,1.0,-0.0,1.0,0.0,1.0,0.0,1.0,0.0,1.0,-0.0,1.0,1.0076549492389562,-0.3423026358030712,0.42057197879110664,True
20261004,fs,85,3.3,5,0,0,bounded,0.005,-25,-3000,True,0.0001011307251799244,0.0001003674063322926,1.27593667707413,2.02406332292587,2.177580027234463,0.0008368660787997917,0.5110757215933533,0.5111036064571765,-0.0,1.0,-0.0,1.0,0.0,1.0,0.0,1.0,0.0,1.0,-0.0,1.0,1.007605246319753,0.3674063322925969,1.1307251799243856,True
20261004,fs,85,3.3,5,0,0,bounded,0.005,-25,3000,True,0.0001011307251799422,0.0001003674063322926,1.275936677074141,2.024063322925859,2.177580027234454,0.0008368660787998806,0.5110757215933533,0.5111036064571765,-0.0,1.0,-0.0,1.0,0.0,1.0,0.0,1.0,0.0,1.0,-0.0,1.0,1.00760524631993,0.3674063322925969,1.1307251799421936,True
20261004,fs,85,3.3,5,0,0,bounded,0.005,25,-3000,True,0.0001014207802919599,0.0001006572877306652,1.277122693347732,2.022877306652268,2.177300348424366,0.0008392729629746411,0.5110778678295669,0.511105847473841,-0.0,1.0,-0.0,1.0,0.0,1.0,0.0,1.0,0.0,1.0,-0.0,1.0,1.007585069879268,0.6572877306652014,1.4207802919598889,True
20261004,fs,85,3.3,5,0,0,bounded,0.005,25,3000,True,0.0001014207802919244,0.0001006572877306652,1.277122693347724,2.022877306652276,2.177300348424378,0.0008392729629744635,0.5110778678295669,0.511105847473841,-0.0,1.0,-0.0,1.0,0.0,1.0,0.0,1.0,0.0,1.0,-0.0,1.0,1.0075850698789155,0.6572877306652014,1.4207802919244061,True
20261004,fs,85,3.3,5.5,0,0,bounded,-0.005,-25,-3000,True,0.000100489534463824,9.936781643676211e-05,1.271835632378934,2.028164367621066,2.678200989380234,0.000880606245796096,0.5110709680314683,0.511096003188576,-0.0,1.0,-0.0,1.0,0.0,1.0,0.0,1.0,0.0,1.0,-0.0,1.0,1.0112885445940714,-0.632183563237898,0.4895344638239818,True
20261004,fs,85,3.3,5.5,0,0,bounded,-0.005,-25,3000,True,0.0001004895344638062,9.936781643676212e-05,1.271835632378932,2.028164367621068,2.678200989380229,0.0008806062457959983,0.5110709680314683,0.511096003188576,-0.0,1.0,-0.0,1.0,0.0,1.0,0.0,1.0,0.0,1.0,-0.0,1.0,1.0112885445938922,-0.6321835632378869,0.48953446380619603,True
20261004,fs,85,3.3,5.5,0,0,bounded,-0.005,25,-3000,True,0.0001007803275284563,9.96576972921589e-05,1.27302707841086,2.02697292158914,2.677918906132843,0.0008831622144741921,0.5110731197916611,0.5110982444770898,-0.0,1.0,-0.0,1.0,0.0,1.0,0.0,1.0,0.0,1.0,-0.0,1.0,1.011264862291633,-0.3423027078411134,0.7803275284562927,True
20261004,fs,85,3.3,5.5,0,0,bounded,-0.005,25,3000,True,0.000100780327528474,9.96576972921589e-05,1.273027078410905,2.026972921589095,2.677918906132821,0.0008831622144742899,0.5110731197916611,0.5110982444770898,-0.0,1.0,-0.0,1.0,0.0,1.0,0.0,1.0,0.0,1.0,-0.0,1.0,1.0112648622918106,-0.3423027078411134,0.7803275284739897,True
20261004,fs,85,3.3,5.5,0,0,bounded,0.005,-25,-3000,True,0.0001014922498123543,0.0001003674062599034,1.275937400965987,2.024062599034013,2.677231552077826,0.0008894198266292429,0.5110783877265026,0.5111037317429263,-0.0,1.0,-0.0,1.0,0.0,1.0,0.0,1.0,0.0,1.0,-0.0,1.0,1.0112072593520858,0.36740625990339115,1.492249812354296,True
20261004,fs,85,3.3,5.5,0,0,bounded,0.005,-25,3000,True,0.0001014922498123543,0.0001003674062599034,1.275937400965915,2.024062599034085,2.677231552077816,0.0008894198266292429,0.5110783877264992,0.5111037317429263,-0.0,1.0,-0.0,1.0,0.0,1.0,0.0,1.0,0.0,1.0,-0.0,1.0,1.0112072593520858,0.36740625990339115,1.492249812354296,True
20261004,fs,85,3.3,5.5,0,0,bounded,0.005,25,-3000,True,0.0001017830271016412,0.0001006572876581327,1.277123418673051,2.022876581326949,2.676952123448662,0.0008919757103344427,0.5110805393499834,0.5111059730096021,-0.0,1.0,-0.0,1.0,0.0,1.0,0.0,1.0,0.0,1.0,-0.0,1.0,1.0111838841449008,0.6572876581326881,1.7830271016411992,True
20261004,fs,85,3.3,5.5,0,0,bounded,0.005,25,3000,True,0.0001017830271016056,0.0001006572876581327,1.277123418673005,2.022876581326995,2.676952123448693,0.0008919757103342472,0.5110805393499834,0.5111059730096021,-0.0,1.0,-0.0,1.0,0.0,1.0,0.0,1.0,0.0,1.0,-0.0,1.0,1.011183884144547,0.6572876581326881,1.7830271016055832,True
20261004,fs,85,3.63,4.5,0,0,bounded,-0.005,-25,-3000,True,9.965997798635419e-05,9.930184372746955e-05,1.271562725304265,2.358437274695735,1.679009975128737,0.0008089356081956507,0.5110648403685079,0.5110952285436047,-0.0,1.0,-0.0,1.0,0.0,1.0,0.0,1.0,0.0,1.0,-0.0,1.0,1.0036065217466408,-0.698156272530448,-0.3400220136458132,True
20261004,fs,85,3.63,4.5,0,0,bounded,-0.005,-25,3000,True,9.9857391771229e-05,9.949976233884864e-05,1.272376611513642,2.357623388486358,1.678816878960745,0.0008105424147869284,0.5110663011350189,0.5110967584135186,-0.0,1.0,-0.0,1.0,0.0,1.0,0.0,1.0,0.0,1.0,-0.0,1.0,1.003594274237183,-0.5002376611513593,-0.14260822877100177,True
20261004,fs,85,3.63,4.5,0,0,bounded,-0.005,25,-3000,True,9.994911865942959e-05,9.959172454708603e-05,1.272754529139617,2.357245470860383,1.678727281442052,0.0008112890085997328,0.511066979868765,0.5110974692611606,-0.0,1.0,-0.0,1.0,0.0,1.0,0.0,1.0,0.0,1.0,-0.0,1.0,1.0035885924655776,-0.4082754529139754,-0.05088134057041893,True
20261004,fs,85,3.63,4.5,0,0,bounded,-0.005,25,3000,True,0.0001001465293081286,9.978964326668589e-05,1.273567333140952,2.356432666859048,1.678534717856876,0.0008128958014709537,0.5110684406084034,0.5110989991267538,-0.0,1.0,-0.0,1.0,0.0,1.0,0.0,1.0,0.0,1.0,-0.0,1.0,1.0035763835780929,-0.21035673331410987,0.14652930812859566,True
20261004,fs,85,3.63,4.5,0,0,bounded,0.005,-25,-3000,True,0.0001006569954234619,0.0001003014334278785,1.275665721214813,2.354334278785188,1.678038449804688,0.0008170506972750913,0.5110722177896387,0.5111029551291504,-0.0,1.0,-0.0,1.0,0.0,1.0,0.0,1.0,0.0,1.0,-0.0,1.0,1.0035449343387408,0.3014334278784947,0.6569954234618924,True
20261004,fs,85,3.63,4.5,0,0,bounded,0.005,-25,3000,True,0.0001008543984182834,0.0001004993524104915,1.276475895084912,2.353524104915088,1.677847177171573,0.0008186574566585965,0.5110736784636696,0.5111044849841578,-0.0,1.0,-0.0,1.0,0.0,1.0,0.0,1.0,0.0,1.0,-0.0,1.0,1.0035328188617745,0.4993524104914826,0.8543984182833864,True
20261004,fs,85,3.63,4.5,0,0,bounded,0.005,25,-3000,True,0.0001009461202975307,0.0001005913147908542,1.276852091458091,2.353147908541909,1.677758424502545,0.0008194040285559796,0.5110743571544807,0.5111051958248766,-0.0,1.0,-0.0,1.0,0.0,1.0,0.0,1.0,0.0,1.0,-0.0,1.0,1.0035271982219758,0.5913147908541916,0.9461202975306948,True
20261004,fs,85,3.63,4.5,0,0,bounded,0.005,25,3000,True,0.0001011435201759651,0.0001007892338801103,1.277661198896983,2.352338801103017,1.677567673934917,0.000821010774303036,0.511075817801786,0.5111067256755577,-0.0,1.0,-0.0,1.0,0.0,1.0,0.0,1.0,0.0,1.0,-0.0,1.0,1.0035151204371315,0.789233880110296,1.143520175965107,True
20261004,fs,85,3.63,5,0,0,bounded,-0.005,-25,-3000,True,0.0001000644870945457,9.930184364646735e-05,1.271563535326435,2.358436464673566,2.17861470190009,0.0008607881424357886,0.511067832016022,0.5110953687360469,-0.0,1.0,-0.0,1.0,0.0,1.0,0.0,1.0,0.0,1.0,-0.0,1.0,1.007680053260577,-0.698156353532664,0.06448709454569546,True
20261004,fs,85,3.63,5,0,0,bounded,-0.005,-25,3000,True,0.0001002625360896693,9.949976225772019e-05,1.27237742279813,2.35762257720187,2.178421727332169,0.0008624968319701435,0.511069297475568,0.5110968988258558,-0.0,1.0,-0.0,1.0,0.0,1.0,0.0,1.0,0.0,1.0,-0.0,1.0,1.0076660869799208,-0.5002377422798188,0.2625360896693074,True
20261004,fs,85,3.63,5,0,0,bounded,-0.005,25,-3000,True,0.0001003545581634881,9.959172446589891e-05,1.272755341010811,2.357244658989188,2.178332186069365,0.0008632907651549374,0.511069978390188,0.5110976097756841,-0.0,1.0,-0.0,1.0,0.0,1.0,0.0,1.0,0.0,1.0,-0.0,1.0,1.0076596092866168,-0.40827553410109907,0.35455816348808344,True
20261004,fs,85,3.63,5,0,0,bounded,-0.005,25,3000,True,0.0001005526041839779,9.978964318537252e-05,1.273568146274654,2.356431853725346,2.178139743031021,0.0008649994402090586,0.511071443824029,0.5110991398612282,-0.0,1.0,-0.0,1.0,0.0,1.0,0.0,1.0,0.0,1.0,-0.0,1.0,1.0076456932227733,-0.21035681462748812,0.5526041839778895,True
20261004,fs,85,3.63,5,0,0,bounded,0.005,-25,-3000,True,0.0001010647138016409,0.0001003014333462385,1.275666537614351,2.354333462385649,2.177643783387335,0.0008694177865813026,0.5110752331475784,0.5111030964325614,-0.0,1.0,-0.0,1.0,0.0,1.0,0.0,1.0,0.0,1.0,-0.0,1.0,1.0076098658806556,0.30143334623851104,1.0647138016409041,True
20261004,fs,85,3.63,5,0,0,bounded,0.005,-25,3000,True,0.0001012627525739908,0.0001004993523287252,1.276476712747493,2.353523287252507,2.177452628750631,0.0008711264263494575,0.5110766985187464,0.5111046265076566,-0.0,1.0,-0.0,1.0,0.0,1.0,0.0,1.0,0.0,1.0,-0.0,1.0,1.007596071293759,0.49935232872519997,1.2627525739907997,True
20261004,fs,85,3.63,5,0,0,bounded,0.005,25,-3000,True,0.0001013547699043683,0.0001005913147090292,1.276852909707657,2.353147090292342,2.177363930668351,0.000871920336441914,0.5110773793923548,0.5111053374506495,-0.0,1.0,-0.0,1.0,0.0,1.0,0.0,1.0,0.0,1.0,-0.0,1.0,1.0075896730999836,0.5913147090292004,1.3547699043682915,True
20261004,fs,85,3.63,5,0,0,bounded,0.005,25,3000,True,0.000101552805730364,0.0001007892337981589,1.277662018410342,2.352337981589658,2.177173297066564,0.0008736289618653895,0.5110788447380278,0.5111068675214798,-0.0,1.0,-0.0,1.0,0.0,1.0,0.0,1.0,0.0,1.0,-0.0,1.0,1.0075759275413705,0.7892337981588948,1.5528057303640042,True
20261004,fs,85,3.63,5.5,0,0,bounded,-0.005,-25,-3000,True,0.0001004233550747973,9.930184357460552e-05,1.271564253944671,2.358435746055329,2.678265294711008,0.000912794159613496,0.5110704783279926,0.5110954931020699,-0.0,1.0,-0.0,1.0,0.0,1.0,0.0,1.0,0.0,1.0,-0.0,1.0,1.0112939645410428,-0.6981564253944916,0.4233550747972936,True
20261004,fs,85,3.63,5.5,0,0,bounded,-0.005,-25,3000,True,0.0001006218977656186,9.949976218576035e-05,1.272378142396481,2.357621857603519,2.678072494748454,0.0009146045889715482,0.5110719474713644,0.511097023362797,-0.0,1.0,-0.0,1.0,0.0,1.0,0.0,1.0,0.0,1.0,-0.0,1.0,1.0112777714761094,-0.5002378142396569,0.6218977656185842,True
20261004,fs,85,3.63,5.5,0,0,bounded,-0.005,25,-3000,True,0.0001007141491948343,9.959172439389355e-05,1.27275606106433,2.35724393893567,2.677983034382995,0.000915445794647733,0.5110726300973145,0.5110977343920293,-0.0,1.0,-0.0,1.0,0.0,1.0,0.0,1.0,0.0,1.0,-0.0,1.0,1.0112702617388316,-0.4082756061064563,0.7141491948343015,True
20261004,fs,85,3.63,5.5,0,0,bounded,-0.005,25,3000,True,0.0001009126887459094,9.97896431132692e-05,1.273568867307904,2.356431132692095,2.677790764951228,0.0009172562071299152,0.5110740992134941,0.5110992646484314,-0.0,1.0,-0.0,1.0,0.0,1.0,0.0,1.0,0.0,1.0,-0.0,1.0,1.0112541301642441,-0.21035688673081143,0.9126887459093957,True
20261004,fs,85,3.63,5.5,0,0,bounded,0.005,-25,-3000,True,0.0001014260740482503,0.000100301433273882,1.27566726117981,2.35433273882019,2.677295251094519,0.0009219376245759132,0.5110778980543964,0.5111032216614,-0.0,1.0,-0.0,1.0,0.0,1.0,0.0,1.0,0.0,1.0,-0.0,1.0,1.0112126092086577,0.30143327388199026,1.426074048250281,True
20261004,fs,85,3.63,5.5,0,0,bounded,0.005,-25,3000,True,0.0001016246059549158,0.0001004993522562708,1.276477437292143,2.353522562707857,2.67710426764818,0.0009237479959685758,0.5110793671043251,0.511104751907215,-0.0,1.0,-0.0,1.0,0.0,1.0,0.0,1.0,0.0,1.0,-0.0,1.0,1.0111966263799954,0.49935225627080193,1.6246059549158032,True
20261004,fs,85,3.63,5.5,0,0,bounded,0.005,25,-3000,True,0.0001017168523813421,0.0001005913146365293,1.276853634706996,2.353146365293004,2.677015648882001,0.0009245891747542879,0.5110800496869221,0.5111054629295207,-0.0,1.0,-0.0,1.0,0.0,1.0,0.0,1.0,0.0,1.0,-0.0,1.0,1.0111892139881038,0.5913146365293054,1.7168523813420933,True
20261004,fs,85,3.63,5.5,0,0,bounded,0.005,25,3000,True,0.0001019153811828116,0.0001007892337255612,1.277662744387945,2.352337255612055,2.676825185495558,0.0009263995294556655,0.5110815187099202,0.5111069931710132,-0.0,1.0,-0.0,1.0,0.0,1.0,0.0,1.0,0.0,1.0,-0.0,1.0,1.0111732911901758,0.7892337255611892,1.9153811828115819,True
20261004,sf,0,2.97,4.5,0,0,bounded,-0.005,-25,-3000,True,9.980147903390892e-05,9.962621840137444e-05,1.472815986255651,1.497184013744349,1.711036113596641,0.0007449965340985871,0.8124896880222768,0.8125205708884911,-0.0,1.0,-0.0,1.0,0.0,1.0,0.0,1.0,0.0,1.0,-0.0,1.0,1.0017591818232867,-0.3737815986255555,-0.19852096609107583,True
20261004,sf,0,2.97,4.5,0,0,bounded,-0.005,-25,3000,True,9.960420615928646e-05,9.942828862717222e-05,1.472113728277588,1.497886271722412,1.711185696149813,0.0007435209547333842,0.812488269715426,0.8125190843976884,-0.0,1.0,-0.0,1.0,0.0,1.0,0.0,1.0,0.0,1.0,-0.0,1.0,1.0017692905564721,-0.5717113728277878,-0.39579384071354307,True
20261004,sf,0,2.97,4.5,0,0,bounded,-0.005,25,-3000,True,9.966697497726974e-05,9.949126627556559e-05,1.472337244344128,1.497662755655872,1.711138071573599,0.0007439904580300622,0.8124887209964149,0.8125195573723423,-0.0,1.0,-0.0,1.0,0.0,1.0,0.0,1.0,0.0,1.0,-0.0,1.0,1.001766071618965,-0.5087337244344181,-0.33302502273026,True
20261004,sf,0,2.97,4.5,0,0,bounded,-0.005,25,3000,True,9.946970099531973e-05,9.929333654561779e-05,1.471634543821825,1.498365456178175,1.711287843710717,0.0007425148738133676,0.8124873026798951,0.8125180708796045,-0.0,1.0,-0.0,1.0,0.0,1.0,0.0,1.0,0.0,1.0,-0.0,1.0,1.0017761962266312,-0.706663454382217,-0.5302990046802791,True
20261004,sf,0,2.97,4.5,0,0,bounded,0.005,-25,-3000,True,0.0001007977819441611,0.0001006258647109328,1.476352890671917,1.493647109328083,1.710284857931699,0.000752448846734124,0.8124968509721091,0.8125280783744615,-0.0,1.0,-0.0,1.0,0.0,1.0,0.0,1.0,0.0,1.0,-0.0,1.0,1.0017084795616134,0.6258647109327997,0.7977819441610912,True
20261004,sf,0,2.97,4.5,0,0,bounded,0.005,-25,3000,True,0.0001006005172391104,0.000100427934611685,1.475653883149347,1.494346116850653,1.710433051982137,0.0007509733031666084,0.8124954327366254,0.8125265918979868,-0.0,1.0,-0.0,1.0,0.0,1.0,0.0,1.0,0.0,1.0,-0.0,1.0,1.0017184723363344,0.42793461168499913,0.6005172391103875,True
20261004,sf,0,2.97,4.5,0,0,bounded,0.005,25,-3000,True,0.0001006632834564184,0.0001004909123636061,1.475876363938666,1.494123636061334,1.710385869797523,0.000751442795067727,0.8124958839948985,0.8125270648680811,-0.0,1.0,-0.0,1.0,0.0,1.0,0.0,1.0,0.0,1.0,-0.0,1.0,1.0017152903556952,0.4909123636060997,0.6632834564183954,True
20261004,sf,0,2.97,4.5,0,0,bounded,0.005,25,3000,True,0.0001004660176519449,0.0001002929823079574,1.475176920426094,1.494823079573906,1.710534249683999,0.0007499672466823127,0.812494465749807,0.8125255783896697,-0.0,1.0,-0.0,1.0,0.0,1.0,0.0,1.0,0.0,1.0,-0.0,1.0,1.0017252986201586,0.2929823079574012,0.4660176519448944,True
20261004,sf,0,2.97,5,0,0,bounded,-0.005,-25,-3000,True,0.0001002307652743041,9.962621831580204e-05,1.472816841979551,1.49718315802045,2.210711558427245,0.0007970437045633732,0.8124927727300233,0.812520715445899,-0.0,1.0,-0.0,1.0,0.0,1.0,0.0,1.0,0.0,1.0,-0.0,1.0,1.006068151222861,-0.3737816841979602,0.2307652743041011,True
20261004,sf,0,2.97,5,0,0,bounded,-0.005,-25,3000,True,0.0001000328814871167,9.942828854172048e-05,1.472114582795176,1.497885417204824,2.210861003774112,0.0007954664341984464,0.8124913500377862,0.8125192287496436,-0.0,1.0,-0.0,1.0,0.0,1.0,0.0,1.0,0.0,1.0,-0.0,1.0,1.0060806934753035,-0.5717114582795335,0.03288148711670935,True
20261004,sf,0,2.97,5,0,0,bounded,-0.005,25,-3000,True,0.0001000958446940849,9.949126619007546e-05,1.472338099245458,1.497661900754543,2.210813422921144,0.0007959682938488758,0.8124918027141819,0.8125197017896716,-0.0,1.0,-0.0,1.0,0.0,1.0,0.0,1.0,0.0,1.0,-0.0,1.0,1.0060766992637766,-0.5087338099245442,0.09584469408490115,True
20261004,sf,0,2.97,5,0,0,bounded,-0.005,25,3000,True,9.989795975022268e-05,9.929333646024832e-05,1.471635397516774,1.498364602483226,2.210963057432642,0.000794391017831975,0.8124903800119104,0.8125182150914647,-0.0,1.0,-0.0,1.0,0.0,1.0,0.0,1.0,0.0,1.0,-0.0,1.0,1.0060892635047711,-0.7066635397516841,-0.10204024977732429,True
20261004,sf,0,2.97,5,0,0,bounded,0.005,-25,-3000,True,0.0001012301525344518,0.0001006258646247513,1.476353752486507,1.493646247513493,2.209960986420673,0.0008050095904017002,0.8124999578202826,0.8125282239691337,-0.0,1.0,-0.0,1.0,0.0,1.0,0.0,1.0,0.0,1.0,-0.0,1.0,1.0060052940857103,0.6258646247512933,1.2301525344518005,True
20261004,sf,0,2.97,5,0,0,bounded,0.005,-25,3000,True,0.0001010322772659612,0.0001004279345256241,1.475654743758317,1.494345256241683,2.210109046330246,0.0008034323616648723,0.8124985352020275,0.8125267372873286,-0.0,1.0,-0.0,1.0,0.0,1.0,0.0,1.0,0.0,1.0,-0.0,1.0,1.0060176756914472,0.4279345256240852,1.0322772659612012,True
20261004,sf,0,2.97,5,0,0,bounded,0.005,25,-3000,True,0.000101095237760699,0.0001004909122775069,1.475877224931264,1.494122775068736,2.210061906891891,0.0008039342080616285,0.8124989878548724,0.8125272103227575,-0.0,1.0,-0.0,1.0,0.0,1.0,0.0,1.0,0.0,1.0,-0.0,1.0,1.006013732679859,0.49091227750688304,1.0952377606989971,True
20261004,sf,0,2.97,5,0,0,bounded,0.005,25,3000,True,0.0001008973613473287,0.0001002929822219787,1.475177780213009,1.494822219786991,2.210210152227749,0.0008023569737298234,0.8124975652266669,0.8125257236390027,-0.0,1.0,-0.0,1.0,0.0,1.0,0.0,1.0,0.0,1.0,-0.0,1.0,1.0060261357470888,0.2929822219786882,0.8973613473286957,True
20261004,sf,0,2.97,5.5,0,0,bounded,-0.005,-25,-3000,True,0.0001006202540059125,9.962621823816488e-05,1.472817618351187,1.497182381648813,2.710418212635753,0.0008493012749938036,0.812495551575597,0.8125208465805375,-0.0,1.0,-0.0,1.0,0.0,1.0,0.0,1.0,0.0,1.0,-0.0,1.0,1.0099776523221156,-0.37378176183512357,0.6202540059125017,True
20261004,sf,0,2.97,5.5,0,0,bounded,-0.005,-25,3000,True,0.0001004218734852796,9.942828846418129e-05,1.472115358186991,1.497884641813009,2.710567491394182,0.00084762233070158,0.8124941252572655,0.8125193597171906,-0.0,1.0,-0.0,1.0,0.0,1.0,0.0,1.0,0.0,1.0,-0.0,1.0,1.00999298123749,-0.5717115358187086,0.4218734852796002,True
20261004,sf,0,2.97,5.5,0,0,bounded,-0.005,25,-3000,True,0.0001004849947666902,9.949126611250509e-05,1.472338874949183,1.497661125050817,2.710519963611944,0.0008481565413648444,0.8124945790876027,0.8125198328103923,-0.0,1.0,-0.0,1.0,0.0,1.0,0.0,1.0,0.0,1.0,-0.0,1.0,1.0099880993881554,-0.5087338874949165,0.48499476669019437,True
20261004,sf,0,2.97,5.5,0,0,bounded,-0.005,25,3000,True,0.0001002866129461726,9.929333638277598e-05,1.471636172240081,1.498363827759919,2.710669431123261,0.0008464775900547376,0.8124931527580824,0.812518345945043,-0.0,1.0,-0.0,1.0,0.0,1.0,0.0,1.0,0.0,1.0,-0.0,1.0,1.010003456420958,-0.7066636172240237,0.28661294617260413,True
20261004,sf,0,2.97,5.5,0,0,bounded,0.005,-25,-3000,True,0.0001016221468511329,0.0001006258645466199,1.476354533800994,1.493645466199006,2.709668472849539,0.0008577806351785127,0.8125027549539161,0.8125283559465983,-0.0,1.0,-0.0,1.0,0.0,1.0,0.0,1.0,0.0,1.0,-0.0,1.0,1.0099008570907873,0.6258645466199031,1.6221468511328885,True
20261004,sf,0,2.97,5.5,0,0,bounded,0.005,-25,3000,True,0.0001014237758937302,0.0001004279344475905,1.475655524094827,1.494344475905174,2.709816369180503,0.000856101742518778,0.8125013287179873,0.8125268690980562,-0.0,1.0,-0.0,1.0,0.0,1.0,0.0,1.0,0.0,1.0,-0.0,1.0,1.009915980564744,0.4279344475905056,1.4237758937301948,True
20261004,sf,0,2.97,5.5,0,0,bounded,0.005,25,-3000,True,0.0001014868941299146,0.0001004909121994421,1.475878005579,1.494121994421,2.709769281853717,0.0008566359367407766,0.8125017825220876,0.8125273421865465,-0.0,1.0,-0.0,1.0,0.0,1.0,0.0,1.0,0.0,1.0,-0.0,1.0,1.0099111641906064,0.4909121994421062,1.4868941299145844,True
20261004,sf,0,2.97,5.5,0,0,bounded,0.005,25,3000,True,0.0001012885218879572,0.0001002929821440117,1.475178559882654,1.494821440117347,2.70991736320903,0.0008549570371453873,0.812500356275085,0.8125258553360054,-0.0,1.0,-0.0,1.0,0.0,1.0,0.0,1.0,0.0,1.0,-0.0,1.0,1.0099263151086284,0.29298214401169975,1.2885218879572058,True
20261004,sf,0,3.3,4.5,0,0,bounded,-0.005,-25,-3000,True,9.973573697105755e-05,9.956024180276721e-05,1.472581972327729,1.827418027672271,1.71108593194159,0.0007773596264171183,0.8124892153655632,0.8125200753971762,-0.0,1.0,-0.0,1.0,0.0,1.0,0.0,1.0,0.0,1.0,-0.0,1.0,1.001762703315225,-0.43975819723279796,-0.26426302894245746,True
20261004,sf,0,3.3,4.5,0,0,bounded,-0.005,-25,3000,True,9.973573697109307e-05,9.95602418027672e-05,1.472581972327786,1.827418027672215,1.711085931941567,0.0007773596264172782,0.8124892153655632,0.8125200753971762,-0.0,1.0,-0.0,1.0,0.0,1.0,0.0,1.0,0.0,1.0,-0.0,1.0,1.0017627033155818,-0.43975819723280907,-0.2642630289069303,True
20261004,sf,0,3.3,4.5,0,0,bounded,-0.005,25,-3000,True,9.960123245109122e-05,9.942528969169525e-05,1.472103083047332,1.827896916952668,1.711187953086479,0.0007763090141108325,0.8124882483358004,0.812519061880351,-0.0,1.0,-0.0,1.0,0.0,1.0,0.0,1.0,0.0,1.0,-0.0,1.0,1.0017695976540932,-0.5747103083047489,-0.39876754890878496,True
20261004,sf,0,3.3,4.5,0,0,bounded,-0.005,25,3000,True,9.960123245112674e-05,9.942528969169524e-05,1.472103083047386,1.827896916952614,1.711187953086445,0.0007763090141109923,0.8124882483358004,0.812519061880351,-0.0,1.0,-0.0,1.0,0.0,1.0,0.0,1.0,0.0,1.0,-0.0,1.0,1.0017695976544507,-0.5747103083047711,-0.3987675488732578,True
20261004,sf,0,3.3,4.5,0,0,bounded,0.005,-25,-3000,True,0.0001007320433266604,0.0001005598880040835,1.476119959164594,1.823880040835407,1.710334213616124,0.0007851418374816748,0.8124963783443749,0.8125275828881668,-0.0,1.0,-0.0,1.0,0.0,1.0,0.0,1.0,0.0,1.0,-0.0,1.0,1.0017119681216222,0.5598880040834864,0.7320433266603921,True
20261004,sf,0,3.3,4.5,0,0,bounded,0.005,-25,3000,True,0.0001007320433266427,0.0001005598880040835,1.476119959164653,1.823880040835347,1.710334213616121,0.000785141837481595,0.8124963783443749,0.8125275828881668,-0.0,1.0,-0.0,1.0,0.0,1.0,0.0,1.0,0.0,1.0,-0.0,1.0,1.0017119681214464,0.5598880040834864,0.7320433266426951,True
20261004,sf,0,3.3,4.5,0,0,bounded,0.005,25,-3000,True,0.0001005975443725175,0.0001004249356712756,1.475643287243572,1.824356712756428,1.71043528740628,0.0007840912494897628,0.8124954113632409,0.8125265693811086,-0.0,1.0,-0.0,1.0,0.0,1.0,0.0,1.0,0.0,1.0,-0.0,1.0,1.0017187832891115,0.42493567127559473,0.5975443725174889,True
20261004,sf,0,3.3,4.5,0,0,bounded,0.005,25,3000,True,0.0001005975443724997,0.0001004249356712756,1.475643287243555,1.824356712756446,1.710435287406276,0.0007840912494896828,0.8124954113632409,0.8125265693811086,-0.0,1.0,-0.0,1.0,0.0,1.0,0.0,1.0,0.0,1.0,-0.0,1.0,1.0017187832889343,0.42493567127559473,0.5975443724997032,True
20261004,sf,0,3.3,5,0,0,bounded,-0.005,-25,-3000,True,0.000100164819629608,9.956024171723503e-05,1.472582827649665,1.827417172350335,2.210761331115561,0.0008293729079132918,0.8124922986119166,0.8125202198861178,-0.0,1.0,-0.0,1.0,0.0,1.0,0.0,1.0,0.0,1.0,-0.0,1.0,1.0060724833723291,-0.4397582827649793,0.1648196296079929,True
20261004,sf,0,3.3,5,0,0,bounded,-0.005,-25,3000,True,0.0001001648196296435,9.9560241717235e-05,1.472582827649734,1.827417172350266,2.21076133111558,0.0008293729079134694,0.8124922986119166,0.8125202198861178,-0.0,1.0,-0.0,1.0,0.0,1.0,0.0,1.0,0.0,1.0,-0.0,1.0,1.006072483372686,-0.4397582827650015,0.16481962964349783,True
20261004,sf,0,3.3,5,0,0,bounded,-0.005,25,-3000,True,0.0001000298985693816,9.942528960624533e-05,1.472103937546588,1.827896062453413,2.210863258637806,0.0008282529606459057,0.8124913285920525,0.8125192062292084,-0.0,1.0,-0.0,1.0,0.0,1.0,0.0,1.0,0.0,1.0,-0.0,1.0,1.006081037988732,-0.5747103937546738,0.029898569381581197,True
20261004,sf,0,3.3,5,0,0,bounded,-0.005,25,3000,True,0.0001000298985693816,9.942528960624532e-05,1.472103937546556,1.827896062453444,2.210863258637864,0.0008282529606459057,0.8124913285920525,0.8125192062292084,-0.0,1.0,-0.0,1.0,0.0,1.0,0.0,1.0,0.0,1.0,-0.0,1.0,1.0060810379887322,-0.5747103937546849,0.029898569381581197,True
20261004,sf,0,3.3,5,0,0,bounded,0.005,-25,-3000,True,0.0001011642104530032,0.0001005598879179422,1.476120820577435,1.823879179422565,2.210010297468946,0.0008376686944925961,0.8124994837320353,0.8125277284144141,-0.0,1.0,-0.0,1.0,0.0,1.0,0.0,1.0,0.0,1.0,-0.0,1.0,1.0060095784469663,0.5598879179421923,1.1642104530031894,True
20261004,sf,0,3.3,5,0,0,bounded,0.005,-25,3000,True,0.0001011642104530742,0.0001005598879179422,1.476120820577459,1.823879179422541,2.210010297469009,0.0008376686944929514,0.8124994837320353,0.8125277284144141,-0.0,1.0,-0.0,1.0,0.0,1.0,0.0,1.0,0.0,1.0,-0.0,1.0,1.0060095784476721,0.5598879179421923,1.1642104530741992,True
20261004,sf,0,3.3,5,0,0,bounded,0.005,25,-3000,True,0.0001010292951975024,0.0001004249355852165,1.475644147834361,1.82435585216564,2.210111279728053,0.0008365487755170067,0.8124985137625884,0.8125267147673545,-0.0,1.0,-0.0,1.0,0.0,1.0,0.0,1.0,0.0,1.0,-0.0,1.0,1.006018023399906,0.42493558521650154,1.029295197502389,True
20261004,sf,0,3.3,5,0,0,bounded,0.005,25,3000,True,0.0001010292951975202,0.0001004249355852166,1.475644147834376,1.824355852165624,2.210111279728151,0.0008365487755170955,0.8124985137625884,0.8125267147673545,-0.0,1.0,-0.0,1.0,0.0,1.0,0.0,1.0,0.0,1.0,-0.0,1.0,1.0060180234000824,0.42493558521659036,1.029295197520197,True
20261004,sf,0,3.3,5.5,0,0,bounded,-0.005,-25,-3000,True,0.0001005541428455619,9.956024163963048e-05,1.47258360369498,1.82741639630502,2.710467929874484,0.0008815965951597471,0.8124950762492628,0.8125203509650811,-0.0,1.0,-0.0,1.0,0.0,1.0,0.0,1.0,0.0,1.0,-0.0,1.0,1.0099829127527529,-0.4397583603695243,0.5541428455619002,True
20261004,sf,0,3.3,5.5,0,0,bounded,-0.005,-25,3000,True,0.0001005541428455619,9.95602416396305e-05,1.47258360369498,1.827416396305021,2.710467929874502,0.0008815965951597471,0.8124950762492628,0.8125203509650811,-0.0,1.0,-0.0,1.0,0.0,1.0,0.0,1.0,0.0,1.0,-0.0,1.0,1.0099829127527526,-0.4397583603695132,0.5541428455619002,True
20261004,sf,0,3.3,5.5,0,0,bounded,-0.005,25,-3000,True,0.0001004188830782998,9.942528952870763e-05,1.472104712923567,1.827895287076433,2.710569743742094,0.0008804073244737343,0.8124941037568567,0.8125193371942364,-0.0,1.0,-0.0,1.0,0.0,1.0,0.0,1.0,0.0,1.0,-0.0,1.0,1.009993368430728,-0.5747104712923834,0.4188830782998032,True
20261004,sf,0,3.3,5.5,0,0,bounded,-0.005,25,3000,True,0.0001004188830782109,9.942528952870764e-05,1.472104712923519,1.827895287076482,2.710569743742141,0.0008804073244732457,0.8124941037568567,0.8125193371942364,-0.0,1.0,-0.0,1.0,0.0,1.0,0.0,1.0,0.0,1.0,-0.0,1.0,1.0099933684298337,-0.5747104712923612,0.41888307821089654,True
20261004,sf,0,3.3,5.5,0,0,bounded,0.005,-25,-3000,True,0.0001015560396033859,0.0001005598878398434,1.476121601566052,1.823878398433948,2.709717729450356,0.000890405859788459,0.8125022796602566,0.8125278603363196,-0.0,1.0,-0.0,1.0,0.0,1.0,0.0,1.0,0.0,1.0,-0.0,1.0,1.0099060548389733,0.5598878398433982,1.5560396033858837,True
20261004,sf,0,3.3,5.5,0,0,bounded,0.005,-25,3000,True,0.0001015560396033149,0.0001005598878398434,1.476121601565985,1.823878398434015,2.709717729450416,0.0008904058597880681,0.8125022796602566,0.8125278603363196,-0.0,1.0,-0.0,1.0,0.0,1.0,0.0,1.0,0.0,1.0,-0.0,1.0,1.0099060548382675,0.5598878398433982,1.556039603314896,True
20261004,sf,0,3.3,5.5,0,0,bounded,0.005,25,-3000,True,0.0001014207863536658,0.0001004249355071844,1.475644928156258,1.824355071843742,2.709818600108645,0.0008892166242170962,0.8125013072240184,0.8125268465755701,-0.0,1.0,-0.0,1.0,0.0,1.0,0.0,1.0,0.0,1.0,-0.0,1.0,1.009916370286443,0.42493550718438744,1.4207863536658039,True
20261004,sf,0,3.3,5.5,0,0,bounded,0.005,25,3000,True,0.0001014207863536836,0.0001004249355071844,1.475644928156238,1.824355071843762,2.709818600108633,0.0008892166242171938,0.8125013072240184,0.8125268465755701,-0.0,1.0,-0.0,1.0,0.0,1.0,0.0,1.0,0.0,1.0,-0.0,1.0,1.0099163702866203,0.42493550718438744,1.4207863536835896,True
20261004,sf,0,3.63,4.5,0,0,bounded,-0.005,-25,-3000,True,9.966998209394097e-05,9.949426521136347e-05,1.472347886365186,2.157652113634814,1.711135790687726,0.0008096791167850697,0.8124887426164857,0.8125195799012886,-0.0,1.0,-0.0,1.0,0.0,1.0,0.0,1.0,0.0,1.0,-0.0,1.0,1.001766100610967,-0.505734788636536,-0.3300179060590325,True
20261004,sf,0,3.63,4.5,0,0,bounded,-0.005,-25,3000,True,9.986725457906166e-05,9.96921950071686e-05,1.473049928314066,2.156950071685934,1.710986300544065,0.0008112853281267777,0.8124901609197013,0.8125210663911991,-0.0,1.0,-0.0,1.0,0.0,1.0,0.0,1.0,0.0,1.0,-0.0,1.0,1.0017560007769963,-0.3078049928314064,-0.13274542093834052,True
20261004,sf,0,3.63,4.5,0,0,bounded,-0.005,25,-3000,True,9.953547719676527e-05,9.9359313115043e-05,1.471868849569835,2.158131150430165,1.711237875030756,0.0008085839686380968,0.8124877755834441,0.8125185663838183,-0.0,1.0,-0.0,1.0,0.0,1.0,0.0,1.0,0.0,1.0,-0.0,1.0,1.001773000196955,-0.640686884956998,-0.4645228032347348,True
20261004,sf,0,3.63,4.5,0,0,bounded,-0.005,25,3000,True,9.973275078779244e-05,9.955724286663744e-05,1.472571333625563,2.157428666374437,1.711088195554453,0.0008101901847959857,0.8124891938963167,0.8125200528756589,-0.0,1.0,-0.0,1.0,0.0,1.0,0.0,1.0,0.0,1.0,-0.0,1.0,1.001762884508464,-0.44275713336255906,-0.26724921220756537,True
20261004,sf,0,3.63,4.5,0,0,bounded,0.005,-25,-3000,True,0.0001006662912319404,0.0001004939113043313,1.475886956686597,2.154113043313402,1.710383609503009,0.0008177912232235062,0.8124959056195125,0.8125270873970771,-0.0,1.0,-0.0,1.0,0.0,1.0,0.0,1.0,0.0,1.0,-0.0,1.0,1.001715327081728,0.49391130433129593,0.6662912319403969,True
20261004,sf,0,3.63,4.5,0,0,bounded,0.005,-25,3000,True,0.0001008635555601015,0.0001006918414248623,1.476585751376616,2.153414248623384,1.710235506030362,0.0008193973990377034,0.8124973238514511,0.8125285738726618,-0.0,1.0,-0.0,1.0,0.0,1.0,0.0,1.0,0.0,1.0,-0.0,1.0,1.0017053430825111,0.6918414248622939,0.8635555601014921,True
20261004,sf,0,3.63,4.5,0,0,bounded,0.005,25,-3000,True,0.0001005317919032703,0.0001003589589860564,1.475410139435664,2.154589860564336,1.710484745241908,0.0008166960993291898,0.8124949386351207,0.812526073889372,-0.0,1.0,-0.0,1.0,0.0,1.0,0.0,1.0,0.0,1.0,-0.0,1.0,1.0017221473694033,0.3589589860563791,0.5317919032702845,True
20261004,sf,0,3.63,4.5,0,0,bounded,0.005,25,3000,True,0.0001007290573291134,0.0001005568890630311,1.476109369688752,2.153890630311248,1.71033645617733,0.000818302279924774,0.8124963568766553,0.81252756036689,-0.0,1.0,-0.0,1.0,0.0,1.0,0.0,1.0,0.0,1.0,-0.0,1.0,1.0017121478964448,0.5568890630310852,0.7290573291133917,True
20261004,sf,0,3.63,5,0,0,bounded,-0.005,-25,-3000,True,0.0001000988611234667,9.949426512587149e-05,1.472348741284951,2.157651258715049,2.210811144128308,0.0008616585026693503,0.8124918244011055,0.8125197243217532,-0.0,1.0,-0.0,1.0,0.0,1.0,0.0,1.0,0.0,1.0,-0.0,1.0,1.0060766919262163,-0.5057348741285161,0.09886112346668696,True
20261004,sf,0,3.63,5,0,0,bounded,-0.005,-25,3000,True,0.000100296744497811,9.969219492155598e-05,1.473050784440188,2.156949215559812,2.210661790986411,0.000863366404699334,0.8124932470895302,0.8125212110171044,-0.0,1.0,-0.0,1.0,0.0,1.0,0.0,1.0,0.0,1.0,-0.0,1.0,1.0060641615597963,-0.3078050784440234,0.29674449781100787,True
20261004,sf,0,3.63,5,0,0,bounded,-0.005,25,-3000,True,9.996393966972398e-05,9.935931302963327e-05,1.471869703667122,2.158130296332878,2.21091313470883,0.000860494019291156,0.8124908543778394,0.8125187106641885,-0.0,1.0,-0.0,1.0,0.0,1.0,0.0,1.0,0.0,1.0,-0.0,1.0,1.0060852538293052,-0.6406869703667328,-0.03606033027602207,True
20261004,sf,0,3.63,5,0,0,bounded,-0.005,25,3000,True,0.0001001618241988779,9.955724278110709e-05,1.472572188929171,2.157427811070829,2.210763592653052,0.0008622019269347893,0.8124922770762879,0.8125201973614926,-0.0,1.0,-0.0,1.0,0.0,1.0,0.0,1.0,0.0,1.0,-0.0,1.0,1.00607270150199,-0.44275721889291964,0.16182419887789123,True
20261004,sf,0,3.63,5,0,0,bounded,0.005,-25,-3000,True,0.0001010982548459473,0.0001004939112182302,1.475887817697632,2.154112182302367,2.210059648644198,0.0008702841865969759,0.8124990095463116,0.8125272328548857,-0.0,1.0,-0.0,1.0,0.0,1.0,0.0,1.0,0.0,1.0,-0.0,1.0,1.0060137337714394,0.4939112182301919,1.0982548459472996,True
20261004,sf,0,3.63,5,0,0,bounded,0.005,-25,3000,True,0.0001012961297158944,0.0001006918413386406,1.476586613593326,2.153413386406673,2.209911679112744,0.0008719920472837807,0.8125004321608604,0.8125287195357918,-0.0,1.0,-0.0,1.0,0.0,1.0,0.0,1.0,0.0,1.0,-0.0,1.0,1.0060013638564964,0.6918413386405975,1.2961297158943896,True
20261004,sf,0,3.63,5,0,0,bounded,0.005,25,-3000,True,0.000100963339200696,0.0001003589589000375,1.475410999624555,2.154589000375445,2.210160692715533,0.00086911973145562,0.8124980395734892,0.8125262192071723,-0.0,1.0,-0.0,1.0,0.0,1.0,0.0,1.0,0.0,1.0,-0.0,1.0,1.006022185834555,0.3589589000374982,0.9633392006960007,True
20261004,sf,0,3.63,5,0,0,bounded,0.005,25,3000,True,0.0001011612152135689,0.0001005568889768917,1.476110231083176,2.153889768916824,2.210012538001207,0.0008708275976988717,0.8124994621979763,0.8125277058900278,-0.0,1.0,-0.0,1.0,0.0,1.0,0.0,1.0,0.0,1.0,-0.0,1.0,1.0060097944837583,0.5568889768917007,1.1612152135689113,True
20261004,sf,0,3.63,5.5,0,0,bounded,-0.005,-25,-3000,True,0.0001004880187684325,9.949426504829965e-05,1.472349517003415,2.157650482996584,2.710517687360175,0.0009138482999966912,0.8124946008298038,0.812519855345019,-0.0,1.0,-0.0,1.0,0.0,1.0,0.0,1.0,0.0,1.0,-0.0,1.0,1.0099880502624994,-0.505734951700354,0.4880187684324966,True
20261004,sf,0,3.63,5.5,0,0,bounded,-0.005,-25,3000,True,0.0001006863988069267,9.969219484388615e-05,1.473051561138538,2.156948438861462,2.710368500605796,0.0009156578753664695,0.8124960271437676,0.8125213422074422,-0.0,1.0,-0.0,1.0,0.0,1.0,0.0,1.0,0.0,1.0,-0.0,1.0,1.009972736226717,-0.3078051561138606,0.6863988069266913,True
20261004,sf,0,3.63,5.5,0,0,bounded,-0.005,25,-3000,True,0.0001003527585599589,9.935931295212825e-05,1.471870478717303,2.158129521282697,2.710619564148693,0.0009126144927410083,0.812493628333612,0.8125188415735048,-0.0,1.0,-0.0,1.0,0.0,1.0,0.0,1.0,0.0,1.0,-0.0,1.0,1.0099985152706248,-0.6406870478717575,0.35275855995888783,True
20261004,sf,0,3.63,5.5,0,0,bounded,-0.005,25,3000,True,0.0001005511398960995,9.955724270350405e-05,1.4725729649596,2.1574270350404,2.710470188891686,0.0009144240750872422,0.8124950546587506,0.8125203284379267,-0.0,1.0,-0.0,1.0,0.0,1.0,0.0,1.0,0.0,1.0,-0.0,1.0,1.0099831731535136,-0.44275729649595474,0.5511398960994951,True
20261004,sf,0,3.63,5.5,0,0,bounded,0.005,-25,-3000,True,0.0001014899187737389,0.0001004939111401639,1.475888598360208,2.154111401639792,2.709767026101709,0.0009229874653392849,0.812501804268694,0.8125273647212146,-0.0,1.0,-0.0,1.0,0.0,1.0,0.0,1.0,0.0,1.0,-0.0,1.0,1.0099111241892638,0.49391114016390514,1.4899187737388964,True
20261004,sf,0,3.63,5.5,0,0,bounded,0.005,-25,3000,True,0.0001016882892648124,0.0001006918412604766,1.476587395233573,2.153412604766427,2.709619219952845,0.000924796989376925,0.81250323050037,0.8125288515688349,-0.0,1.0,-0.0,1.0,0.0,1.0,0.0,1.0,0.0,1.0,-0.0,1.0,1.0098960153261882,0.6918412604766111,1.6882892648123926,True
20261004,sf,0,3.63,5.5,0,0,bounded,0.005,25,-3000,True,0.0001013546650876922,0.000100358958822038,1.475411779620348,2.154588220379652,2.709867958438183,0.0009217536931513319,0.812500831828705,0.8125263509597935,-0.0,1.0,-0.0,1.0,0.0,1.0,0.0,1.0,0.0,1.0,-0.0,1.0,1.0099214487410122,0.35895882203800245,1.3546650876921973,True
20261004,sf,0,3.63,5.5,0,0,bounded,0.005,25,3000,True,0.0001015530368611711,0.0001005568888987943,1.476111012057064,2.153888987942936,2.709719967507826,0.0009235632240841513,0.8125022580714404,0.8125278378094107,-0.0,1.0,-0.0,1.0,0.0,1.0,0.0,1.0,0.0,1.0,-0.0,1.0,1.0099063124693464,0.5568888987942833,1.5530368611710976,True
20261004,sf,27,2.97,4.5,0,0,bounded,-0.005,-25,-3000,True,9.970802299658223e-05,9.955741604349853e-05,1.485839565014558,1.484160434985442,1.700242439938463,0.0007443716389309899,0.775959119111291,0.7759904354336242,-0.0,1.0,-0.0,1.0,0.0,1.0,0.0,1.0,0.0,1.0,-0.0,1.0,1.0015127647850754,-0.4425839565014744,-0.291977003417776,True
20261004,sf,27,2.97,4.5,0,0,bounded,-0.005,-25,3000,True,9.951081663183293e-05,9.935949168172716e-05,1.485083182728341,1.484916817271659,1.700405922115138,0.000742896374935105,0.775957688179761,0.7759889352671937,-0.0,1.0,-0.0,1.0,0.0,1.0,0.0,1.0,0.0,1.0,-0.0,1.0,1.0015230044713845,-0.6405083182728477,-0.48918336816707875,True
20261004,sf,27,2.97,4.5,0,0,bounded,-0.005,25,-3000,True,9.970802299658223e-05,9.955741604349853e-05,1.485839565014558,1.484160434985442,1.700242439938463,0.0007443716389309899,0.775959119111291,0.7759904354336242,-0.0,1.0,-0.0,1.0,0.0,1.0,0.0,1.0,0.0,1.0,-0.0,1.0,1.0015127647850754,-0.4425839565014744,-0.291977003417776,True
20261004,sf,27,2.97,4.5,0,0,bounded,-0.005,25,3000,True,9.951081663183293e-05,9.935949168172716e-05,1.485083182728341,1.484916817271659,1.700405922115138,0.000742896374935105,0.775957688179761,0.7759889352671937,-0.0,1.0,-0.0,1.0,0.0,1.0,0.0,1.0,0.0,1.0,-0.0,1.0,1.0015230044713845,-0.6405083182728477,-0.48918336816707875,True
20261004,sf,27,2.97,4.5,0,0,bounded,0.005,-25,-3000,True,0.0001007039884401576,0.0001005570350894468,1.489649105532193,1.480350894467808,1.699421407164142,0.0007518223519935652,0.77596634580921,0.775998011988412,-0.0,1.0,-0.0,1.0,0.0,1.0,0.0,1.0,0.0,1.0,-0.0,1.0,1.0014613930351077,0.5570350894468001,0.7039884401575991,True
20261004,sf,27,2.97,4.5,0,0,bounded,0.005,-25,3000,True,0.000100506790760532,0.0001003591103789093,1.488896210907237,1.481103789092763,1.6995833613865,0.0007503471260449533,0.7759649149533201,0.7759965118363135,-0.0,1.0,-0.0,1.0,0.0,1.0,0.0,1.0,0.0,1.0,-0.0,1.0,1.0014715194372001,0.35911037890929975,0.5067907605319943,True
20261004,sf,27,2.97,4.5,0,0,bounded,0.005,25,-3000,True,0.0001007039884401576,0.0001005570350894468,1.489649105532193,1.480350894467808,1.699421407164142,0.0007518223519935652,0.77596634580921,0.775998011988412,-0.0,1.0,-0.0,1.0,0.0,1.0,0.0,1.0,0.0,1.0,-0.0,1.0,1.0014613930351077,0.5570350894468001,0.7039884401575991,True
20261004,sf,27,2.97,4.5,0,0,bounded,0.005,25,3000,True,0.000100506790760532,0.0001003591103789093,1.488896210907237,1.481103789092763,1.6995833613865,0.0007503471260449533,0.7759649149533201,0.7759965118363135,-0.0,1.0,-0.0,1.0,0.0,1.0,0.0,1.0,0.0,1.0,-0.0,1.0,1.0014715194372001,0.35911037890929975,0.5067907605319943,True
20261004,sf,27,2.97,5,0,0,bounded,-0.005,-25,-3000,True,0.0001001223937318797,9.955741596082387e-05,1.485840391761233,1.484159608238767,2.199899918129493,0.0007962975038601976,0.7759621242134109,0.7759905762579733,-0.0,1.0,-0.0,1.0,0.0,1.0,0.0,1.0,0.0,1.0,-0.0,1.0,1.005674893885134,-0.44258403917613043,0.12239373187969971,True
20261004,sf,27,2.97,5,0,0,bounded,-0.005,-25,3000,True,9.992457254684686e-05,9.935949159917404e-05,1.485084008259361,1.48491599174064,2.200063272061032,0.0007947205625809323,0.7759606888276973,0.7759890758828512,-0.0,1.0,-0.0,1.0,0.0,1.0,0.0,1.0,0.0,1.0,-0.0,1.0,1.0056872367056024,-0.6405084008259676,-0.07542745315314292,True
20261004,sf,27,2.97,5,0,0,bounded,-0.005,25,-3000,True,0.0001001223937318797,9.955741596082387e-05,1.485840391761233,1.484159608238767,2.199899918129493,0.0007962975038601976,0.7759621242134109,0.7759905762579733,-0.0,1.0,-0.0,1.0,0.0,1.0,0.0,1.0,0.0,1.0,-0.0,1.0,1.005674893885134,-0.44258403917613043,0.12239373187969971,True
20261004,sf,27,2.97,5,0,0,bounded,-0.005,25,3000,True,9.992457254684686e-05,9.935949159917404e-05,1.485084008259361,1.48491599174064,2.200063272061032,0.0007947205625809323,0.7759606888276973,0.7759890758828512,-0.0,1.0,-0.0,1.0,0.0,1.0,0.0,1.0,0.0,1.0,-0.0,1.0,1.0056872367056024,-0.6405084008259676,-0.07542745315314292,True
20261004,sf,27,2.97,5,0,0,bounded,0.005,-25,-3000,True,0.000101121464421844,0.0001005570350061582,1.489649938418008,1.480350061581992,2.199079523388695,0.0008042617258746914,0.7759693734075925,0.7759981538667721,-0.0,1.0,-0.0,1.0,0.0,1.0,0.0,1.0,0.0,1.0,-0.0,1.0,1.0056130276280644,0.5570350061582019,1.1214644218439984,True
20261004,sf,27,2.97,5,0,0,bounded,0.005,-25,3000,True,0.0001009236518871716,0.0001003591102957422,1.488897042577438,1.481102957422562,2.19924135255247,0.0008026848268113621,0.7759679380973641,0.7759966535059736,-0.0,1.0,-0.0,1.0,0.0,1.0,0.0,1.0,0.0,1.0,-0.0,1.0,1.0056252151873983,0.3591102957422043,0.9236518871715838,True
20261004,sf,27,2.97,5,0,0,bounded,0.005,25,-3000,True,0.000101121464421844,0.0001005570350061582,1.489649938418008,1.480350061581992,2.199079523388695,0.0008042617258746914,0.7759693734075925,0.7759981538667721,-0.0,1.0,-0.0,1.0,0.0,1.0,0.0,1.0,0.0,1.0,-0.0,1.0,1.0056130276280644,0.5570350061582019,1.1214644218439984,True
20261004,sf,27,2.97,5,0,0,bounded,0.005,25,3000,True,0.0001009236518871716,0.0001003591102957422,1.488897042577438,1.481102957422562,2.19924135255247,0.0008026848268113621,0.7759679380973641,0.7759966535059736,-0.0,1.0,-0.0,1.0,0.0,1.0,0.0,1.0,0.0,1.0,-0.0,1.0,1.0056252151873983,0.3591102957422043,0.9236518871715838,True
20261004,sf,27,2.97,5.5,0,0,bounded,-0.005,-25,-3000,True,0.0001004943508332783,9.955741588661296e-05,1.485841133870341,1.484158866129659,2.699593588035615,0.0008484044645634011,0.7759648082711915,0.7759907026535311,-0.0,1.0,-0.0,1.0,0.0,1.0,0.0,1.0,0.0,1.0,-0.0,1.0,1.0094110010622657,-0.4425841133870456,0.49435083327828977,True
20261004,sf,27,2.97,5.5,0,0,bounded,-0.005,-25,3000,True,0.0001002960402438884,9.935949152505978e-05,1.485084749401989,1.484915250598011,2.699756776499597,0.0008467259209679855,0.7759633692903057,0.7759892021122624,-0.0,1.0,-0.0,1.0,0.0,1.0,0.0,1.0,0.0,1.0,-0.0,1.0,1.0094258606244215,-0.6405084749402157,0.2960402438883847,True
20261004,sf,27,2.97,5.5,0,0,bounded,-0.005,25,-3000,True,0.0001004943508332783,9.955741588661296e-05,1.485841133870341,1.484158866129659,2.699593588035615,0.0008484044645634011,0.7759648082711915,0.7759907026535311,-0.0,1.0,-0.0,1.0,0.0,1.0,0.0,1.0,0.0,1.0,-0.0,1.0,1.0094110010622657,-0.4425841133870456,0.49435083327828977,True
20261004,sf,27,2.97,5.5,0,0,bounded,-0.005,25,3000,True,0.0001002960402438884,9.935949152505978e-05,1.485084749401989,1.484915250598011,2.699756776499597,0.0008467259209679855,0.7759633692903057,0.7759892021122624,-0.0,1.0,-0.0,1.0,0.0,1.0,0.0,1.0,0.0,1.0,-0.0,1.0,1.0094258606244215,-0.6405084749402157,0.2960402438883847,True
20261004,sf,27,2.97,5.5,0,0,bounded,0.005,-25,-3000,True,0.0001014958907559365,0.0001005570349314596,1.489650685403693,1.480349314596307,2.698774019609583,0.0008568818027012096,0.7759720756017622,0.7759982811005929,-0.0,1.0,-0.0,1.0,0.0,1.0,0.0,1.0,0.0,1.0,-0.0,1.0,1.0093365503976608,0.557034931459599,1.495890755936502,True
20261004,sf,27,2.97,5.5,0,0,bounded,0.005,-25,3000,True,0.0001012975896425222,0.0001003591102211402,1.488897788598223,1.481102211401777,2.698935686396215,0.0008552033101877933,0.7759706367032966,0.7759967805739332,-0.0,1.0,-0.0,1.0,0.0,1.0,0.0,1.0,0.0,1.0,-0.0,1.0,1.0093512130519497,0.35911022114019087,1.297589642522201,True
20261004,sf,27,2.97,5.5,0,0,bounded,0.005,25,-3000,True,0.0001014958907559365,0.0001005570349314596,1.489650685403693,1.480349314596307,2.698774019609583,0.0008568818027012096,0.7759720756017622,0.7759982811005929,-0.0,1.0,-0.0,1.0,0.0,1.0,0.0,1.0,0.0,1.0,-0.0,1.0,1.0093365503976608,0.557034931459599,1.495890755936502,True
20261004,sf,27,2.97,5.5,0,0,bounded,0.005,25,3000,True,0.0001012975896425222,0.0001003591102211402,1.488897788598223,1.481102211401777,2.698935686396215,0.0008552033101877933,0.7759706367032966,0.7759967805739332,-0.0,1.0,-0.0,1.0,0.0,1.0,0.0,1.0,0.0,1.0,-0.0,1.0,1.0093512130519497,0.35911022114019087,1.297589642522201,True
20261004,sf,27,3.3,4.5,0,0,bounded,-0.005,-25,-3000,True,9.964230292264821e-05,9.94914412485094e-05,1.485587514905865,1.814412485094135,1.700296887464729,0.000776712131373955,0.7759586422460729,0.77598993538375,-0.0,1.0,-0.0,1.0,0.0,1.0,0.0,1.0,0.0,1.0,-0.0,1.0,1.001516328160952,-0.5085587514906065,-0.3576970773517929,True
20261004,sf,27,3.3,4.5,0,0,bounded,-0.005,-25,3000,True,9.964230292264821e-05,9.949144124850941e-05,1.485587514905849,1.814412485094151,1.700296887464715,0.000776712131373955,0.7759586422460729,0.77598993538375,-0.0,1.0,-0.0,1.0,0.0,1.0,0.0,1.0,0.0,1.0,-0.0,1.0,1.0015163281609518,-0.5085587514905954,-0.3576970773517929,True
20261004,sf,27,3.3,4.5,0,0,bounded,-0.005,25,-3000,True,9.964230292264821e-05,9.94914412485094e-05,1.485587514905865,1.814412485094135,1.700296887464729,0.000776712131373955,0.7759586422460729,0.77598993538375,-0.0,1.0,-0.0,1.0,0.0,1.0,0.0,1.0,0.0,1.0,-0.0,1.0,1.001516328160952,-0.5085587514906065,-0.3576970773517929,True
20261004,sf,27,3.3,4.5,0,0,bounded,-0.005,25,3000,True,9.964230292264821e-05,9.949144124850941e-05,1.485587514905849,1.814412485094151,1.700296887464715,0.000776712131373955,0.7759586422460729,0.77598993538375,-0.0,1.0,-0.0,1.0,0.0,1.0,0.0,1.0,0.0,1.0,-0.0,1.0,1.0015163281609518,-0.5085587514905954,-0.3576970773517929,True
20261004,sf,27,3.3,4.5,0,0,bounded,0.005,-25,-3000,True,0.0001006382719940061,0.0001004910601783162,1.48939821683745,1.810601783162551,1.699475345557733,0.0007844927346634618,0.7759658689745186,0.7759975119435648,-0.0,1.0,-0.0,1.0,0.0,1.0,0.0,1.0,0.0,1.0,-0.0,1.0,1.0014649244960565,0.49106017831619386,0.638271994006101,True
20261004,sf,27,3.3,4.5,0,0,bounded,0.005,-25,3000,True,0.0001006382719939528,0.0001004910601783162,1.489398216837367,1.810601783162634,1.699475345557765,0.0007844927346632221,0.7759658689745186,0.7759975119435648,-0.0,1.0,-0.0,1.0,0.0,1.0,0.0,1.0,0.0,1.0,-0.0,1.0,1.001464924495526,0.49106017831619386,0.6382719939527881,True
20261004,sf,27,3.3,4.5,0,0,bounded,0.005,25,-3000,True,0.0001006382719940061,0.0001004910601783162,1.48939821683745,1.810601783162551,1.699475345557733,0.0007844927346634618,0.7759658689745186,0.7759975119435648,-0.0,1.0,-0.0,1.0,0.0,1.0,0.0,1.0,0.0,1.0,-0.0,1.0,1.0014649244960565,0.49106017831619386,0.638271994006101,True
20261004,sf,27,3.3,4.5,0,0,bounded,0.005,25,3000,True,0.0001006382719939528,0.0001004910601783162,1.489398216837367,1.810601783162634,1.699475345557765,0.0007844927346632221,0.7759658689745186,0.7759975119435648,-0.0,1.0,-0.0,1.0,0.0,1.0,0.0,1.0,0.0,1.0,-0.0,1.0,1.001464924495526,0.49106017831619386,0.6382719939527881,True
20261004,sf,27,3.3,5,0,0,bounded,-0.005,-25,-3000,True,0.0001000564687647589,9.949144116587526e-05,1.485588341247229,1.814411658752771,2.199954322988132,0.0008286041117731306,0.7759616458638067,0.7759900761385504,-0.0,1.0,-0.0,1.0,0.0,1.0,0.0,1.0,0.0,1.0,-0.0,1.0,1.005679157847775,-0.5085588341247393,0.05646876475888796,True
20261004,sf,27,3.3,5,0,0,bounded,-0.005,-25,3000,True,0.0001000564687647766,9.949144116587526e-05,1.485588341247249,1.814411658752752,2.199954322988114,0.0008286041117732194,0.7759616458638067,0.7759900761385504,-0.0,1.0,-0.0,1.0,0.0,1.0,0.0,1.0,0.0,1.0,-0.0,1.0,1.005679157847953,-0.5085588341247393,0.05646876477658491,True
20261004,sf,27,3.3,5,0,0,bounded,-0.005,25,-3000,True,0.0001000564687647589,9.949144116587526e-05,1.485588341247229,1.814411658752771,2.199954322988132,0.0008286041117731306,0.7759616458638067,0.7759900761385504,-0.0,1.0,-0.0,1.0,0.0,1.0,0.0,1.0,0.0,1.0,-0.0,1.0,1.005679157847775,-0.5085588341247393,0.05646876475888796,True
20261004,sf,27,3.3,5,0,0,bounded,-0.005,25,3000,True,0.0001000564687647766,9.949144116587526e-05,1.485588341247249,1.814411658752752,2.199954322988114,0.0008286041117732194,0.7759616458638067,0.7759900761385504,-0.0,1.0,-0.0,1.0,0.0,1.0,0.0,1.0,0.0,1.0,-0.0,1.0,1.005679157847953,-0.5085588341247393,0.05646876477658491,True
20261004,sf,27,3.3,5,0,0,bounded,0.005,-25,-3000,True,0.0001010555430727002,0.0001004910600950682,1.489399049318131,1.81060095068187,2.19913342017535,0.000836898225779155,0.7759688950884743,0.7759976537523742,-0.0,1.0,-0.0,1.0,0.0,1.0,0.0,1.0,0.0,1.0,-0.0,1.0,1.0056172457241268,0.4910600950681854,1.0555430727001935,True
20261004,sf,27,3.3,5,0,0,bounded,0.005,-25,3000,True,0.0001010555430727002,0.0001004910600950682,1.489399049318122,1.810600950681878,2.199133420175349,0.000836898225779155,0.7759688950884743,0.7759976537523742,-0.0,1.0,-0.0,1.0,0.0,1.0,0.0,1.0,0.0,1.0,-0.0,1.0,1.0056172457241268,0.4910600950681854,1.0555430727001935,True
20261004,sf,27,3.3,5,0,0,bounded,0.005,25,-3000,True,0.0001010555430727002,0.0001004910600950682,1.489399049318131,1.81060095068187,2.19913342017535,0.000836898225779155,0.7759688950884743,0.7759976537523742,-0.0,1.0,-0.0,1.0,0.0,1.0,0.0,1.0,0.0,1.0,-0.0,1.0,1.0056172457241268,0.4910600950681854,1.0555430727001935,True
20261004,sf,27,3.3,5,0,0,bounded,0.005,25,3000,True,0.0001010555430727002,0.0001004910600950682,1.489399049318122,1.810600950681878,2.199133420175349,0.000836898225779155,0.7759688950884743,0.7759976537523742,-0.0,1.0,-0.0,1.0,0.0,1.0,0.0,1.0,0.0,1.0,-0.0,1.0,1.0056172457241268,0.4910600950681854,1.0555430727001935,True
20261004,sf,27,3.3,5.5,0,0,bounded,-0.005,-25,-3000,True,0.000100428262787629,9.949144109169656e-05,1.485589083034372,1.814410916965628,2.699647937819802,0.0008806772130363751,0.7759643287236305,0.7759902024787461,-0.0,1.0,-0.0,1.0,0.0,1.0,0.0,1.0,0.0,1.0,-0.0,1.0,1.009416103391939,-0.508558908303447,0.42826278762899683,True
20261004,sf,27,3.3,5.5,0,0,bounded,-0.005,-25,3000,True,0.000100428262787629,9.949144109169655e-05,1.485589083034345,1.814410916965655,2.699647937819796,0.0008806772130363751,0.7759643287236305,0.7759902024787461,-0.0,1.0,-0.0,1.0,0.0,1.0,0.0,1.0,0.0,1.0,-0.0,1.0,1.0094161033919393,-0.5085589083034581,0.42826278762899683,True
20261004,sf,27,3.3,5.5,0,0,bounded,-0.005,25,-3000,True,0.000100428262787629,9.949144109169656e-05,1.485589083034372,1.814410916965628,2.699647937819802,0.0008806772130363751,0.7759643287236305,0.7759902024787461,-0.0,1.0,-0.0,1.0,0.0,1.0,0.0,1.0,0.0,1.0,-0.0,1.0,1.009416103391939,-0.508558908303447,0.42826278762899683,True
20261004,sf,27,3.3,5.5,0,0,bounded,-0.005,25,3000,True,0.000100428262787629,9.949144109169655e-05,1.485589083034345,1.814410916965655,2.699647937819796,0.0008806772130363751,0.7759643287236305,0.7759902024787461,-0.0,1.0,-0.0,1.0,0.0,1.0,0.0,1.0,0.0,1.0,-0.0,1.0,1.0094161033919393,-0.5085589083034581,0.42826278762899683,True
20261004,sf,27,3.3,5.5,0,0,bounded,0.005,-25,-3000,True,0.0001014298066044522,0.0001004910600204018,1.489399795981987,1.810600204018013,2.698827862350881,0.0008894844464937547,0.775971596087007,0.7759977809309266,-0.0,1.0,-0.0,1.0,0.0,1.0,0.0,1.0,0.0,1.0,-0.0,1.0,1.0093415930119536,0.4910600204018012,1.4298066044521995,True
20261004,sf,27,3.3,5.5,0,0,bounded,0.005,-25,3000,True,0.0001014298066045054,0.0001004910600204018,1.489399795982049,1.810600204017952,2.698827862350812,0.0008894844464940479,0.775971596087007,0.7759977809309266,-0.0,1.0,-0.0,1.0,0.0,1.0,0.0,1.0,0.0,1.0,-0.0,1.0,1.0093415930124832,0.4910600204018012,1.4298066045054014,True
20261004,sf,27,3.3,5.5,0,0,bounded,0.005,25,-3000,True,0.0001014298066044522,0.0001004910600204018,1.489399795981987,1.810600204018013,2.698827862350881,0.0008894844464937547,0.775971596087007,0.7759977809309266,-0.0,1.0,-0.0,1.0,0.0,1.0,0.0,1.0,0.0,1.0,-0.0,1.0,1.0093415930119536,0.4910600204018012,1.4298066044521995,True
20261004,sf,27,3.3,5.5,0,0,bounded,0.005,25,3000,True,0.0001014298066045054,0.0001004910600204018,1.489399795982049,1.810600204017952,2.698827862350812,0.0008894844464940479,0.775971596087007,0.7759977809309266,-0.0,1.0,-0.0,1.0,0.0,1.0,0.0,1.0,0.0,1.0,-0.0,1.0,1.0093415930124832,0.4910600204018012,1.4298066045054014,True
20261004,sf,27,3.63,4.5,0,0,bounded,-0.005,-25,-3000,True,9.95765703199273e-05,9.942546646124911e-05,1.485335387508863,2.144664612491137,1.700351379135669,0.0008090090243430827,0.7759581652897123,0.7759894353293657,-0.0,1.0,-0.0,1.0,0.0,1.0,0.0,1.0,0.0,1.0,-0.0,1.0,1.0015197701761558,-0.5745335387508987,-0.42342968007270665,True
20261004,sf,27,3.63,4.5,0,0,bounded,-0.005,-25,3000,True,9.977377626433727e-05,9.962339084619953e-05,1.486091538004708,2.143908461995292,1.700187998648201,0.0008106149166102492,0.7759595962173573,0.7759909354949065,-0.0,1.0,-0.0,1.0,0.0,1.0,0.0,1.0,0.0,1.0,-0.0,1.0,1.0015095392443518,-0.3766091538004779,-0.2262237356627339,True
20261004,sf,27,3.63,4.5,0,0,bounded,-0.005,25,-3000,True,9.95765703199273e-05,9.942546646124911e-05,1.485335387508863,2.144664612491137,1.700351379135669,0.0008090090243430827,0.7759581652897123,0.7759894353293657,-0.0,1.0,-0.0,1.0,0.0,1.0,0.0,1.0,0.0,1.0,-0.0,1.0,1.0015197701761558,-0.5745335387508987,-0.42342968007270665,True
20261004,sf,27,3.63,4.5,0,0,bounded,-0.005,25,3000,True,9.977377626433727e-05,9.962339084619953e-05,1.486091538004708,2.143908461995292,1.700187998648201,0.0008106149166102492,0.7759595962173573,0.7759909354949065,-0.0,1.0,-0.0,1.0,0.0,1.0,0.0,1.0,0.0,1.0,-0.0,1.0,1.0015095392443518,-0.3766091538004779,-0.2262237356627339,True
20261004,sf,27,3.63,4.5,0,0,bounded,0.005,-25,-3000,True,0.0001005725423511398,0.0001004250852748006,1.48914725199398,2.14085274800602,1.699529327879534,0.0008171195147767525,0.7759653920438393,0.7759970118939831,-0.0,1.0,-0.0,1.0,0.0,1.0,0.0,1.0,0.0,1.0,-0.0,1.0,1.001468329112549,0.4250852748005851,0.5725423511397931,True
20261004,sf,27,3.63,4.5,0,0,bounded,0.005,-25,3000,True,0.0001007697396231092,0.0001006230100081749,1.489899918250502,2.140100081749497,1.699367473329314,0.0008187253692827864,0.7759668228959373,0.7759985120451883,-0.0,1.0,-0.0,1.0,0.0,1.0,0.0,1.0,0.0,1.0,-0.0,1.0,1.0014582113467128,0.6230100081749068,0.7697396231092002,True
20261004,sf,27,3.63,4.5,0,0,bounded,0.005,25,-3000,True,0.0001005725423511398,0.0001004250852748006,1.48914725199398,2.14085274800602,1.699529327879534,0.0008171195147767525,0.7759653920438393,0.7759970118939831,-0.0,1.0,-0.0,1.0,0.0,1.0,0.0,1.0,0.0,1.0,-0.0,1.0,1.001468329112549,0.4250852748005851,0.5725423511397931,True
20261004,sf,27,3.63,4.5,0,0,bounded,0.005,25,3000,True,0.0001007697396231092,0.0001006230100081749,1.489899918250502,2.140100081749497,1.699367473329314,0.0008187253692827864,0.7759668228959373,0.7759985120451883,-0.0,1.0,-0.0,1.0,0.0,1.0,0.0,1.0,0.0,1.0,-0.0,1.0,1.0014582113467128,0.6230100081749068,0.7697396231092002,True
20261004,sf,27,3.63,5,0,0,bounded,-0.005,-25,-3000,True,9.99905312309081e-05,9.942546637865547e-05,1.485336213445218,2.144663786554782,2.20000877191255,0.0008608671137581102,0.7759611674227815,0.775989576014607,-0.0,1.0,-0.0,1.0,0.0,1.0,0.0,1.0,0.0,1.0,-0.0,1.0,1.0056833009975594,-0.5745336213445418,-0.009468769091913742,True
20261004,sf,27,3.63,5,0,0,bounded,-0.005,-25,3000,True,0.0001001883519974313,9.962339076348433e-05,1.486092365156619,2.143907634843381,2.199845519457764,0.0008625746831076446,0.7759626028046187,0.7759910763888372,-0.0,1.0,-0.0,1.0,0.0,1.0,0.0,1.0,0.0,1.0,-0.0,1.0,1.0056709697352928,-0.37660923651566813,0.18835199743127973,True
20261004,sf,27,3.63,5,0,0,bounded,-0.005,25,-3000,True,9.99905312309081e-05,9.942546637865547e-05,1.485336213445218,2.144663786554782,2.20000877191255,0.0008608671137581102,0.7759611674227815,0.775989576014607,-0.0,1.0,-0.0,1.0,0.0,1.0,0.0,1.0,0.0,1.0,-0.0,1.0,1.0056833009975594,-0.5745336213445418,-0.009468769091913742,True
20261004,sf,27,3.63,5,0,0,bounded,-0.005,25,3000,True,0.0001001883519974313,9.962339076348433e-05,1.486092365156619,2.143907634843381,2.199845519457764,0.0008625746831076446,0.7759626028046187,0.7759910763888372,-0.0,1.0,-0.0,1.0,0.0,1.0,0.0,1.0,0.0,1.0,-0.0,1.0,1.0056709697352928,-0.37660923651566813,0.18835199743127973,True
20261004,sf,27,3.63,5,0,0,bounded,0.005,-25,-3000,True,0.0001009896084873531,0.000100425085191593,1.489148084069504,2.140851915930496,2.199187360812811,0.0008694911163313323,0.7759684166730844,0.7759971536332293,-0.0,1.0,-0.0,1.0,0.0,1.0,0.0,1.0,0.0,1.0,-0.0,1.0,1.0056213374843854,0.42508519159298874,0.9896084873530997,True
20261004,sf,27,3.63,5,0,0,bounded,0.005,-25,3000,True,0.0001011874206179932,0.0001006230099248458,1.489900751541499,2.140099248458501,2.199025631113541,0.000871198643766301,0.7759698519795403,0.775998653993136,-0.0,1.0,-0.0,1.0,0.0,1.0,0.0,1.0,0.0,1.0,-0.0,1.0,1.0056091612998752,0.6230099248458076,1.1874206179931956,True
20261004,sf,27,3.63,5,0,0,bounded,0.005,25,-3000,True,0.0001009896084873531,0.000100425085191593,1.489148084069504,2.140851915930496,2.199187360812811,0.0008694911163313323,0.7759684166730844,0.7759971536332293,-0.0,1.0,-0.0,1.0,0.0,1.0,0.0,1.0,0.0,1.0,-0.0,1.0,1.0056213374843854,0.42508519159298874,0.9896084873530997,True
20261004,sf,27,3.63,5,0,0,bounded,0.005,25,3000,True,0.0001011874206179932,0.0001006230099248458,1.489900751541499,2.140099248458501,2.199025631113541,0.000871198643766301,0.7759698519795403,0.775998653993136,-0.0,1.0,-0.0,1.0,0.0,1.0,0.0,1.0,0.0,1.0,-0.0,1.0,1.0056091612998752,0.6230099248458076,1.1874206179931956,True
20261004,sf,27,3.63,5.5,0,0,bounded,-0.005,-25,-3000,True,0.0001003621621260269,9.9425466304509e-05,1.485336954910063,2.144663045089938,2.699702331590855,0.0009129063490275066,0.7759638490842664,0.7759897022994209,-0.0,1.0,-0.0,1.0,0.0,1.0,0.0,1.0,0.0,1.0,-0.0,1.0,1.009421085526007,-0.5745336954910085,0.36216212602688813,True
20261004,sf,27,3.63,5.5,0,0,bounded,-0.005,-25,3000,True,0.0001005604722421954,9.96233906892412e-05,1.486093107587929,2.143906892412071,2.699539244397336,0.00091471552018315,0.7759652880608156,0.7759912028397801,-0.0,1.0,-0.0,1.0,0.0,1.0,0.0,1.0,0.0,1.0,-0.0,1.0,1.009406240306328,-0.376609310758802,0.5604722421953978,True
20261004,sf,27,3.63,5.5,0,0,bounded,-0.005,25,-3000,True,0.0001003621621260269,9.9425466304509e-05,1.485336954910063,2.144663045089938,2.699702331590855,0.0009129063490275066,0.7759638490842664,0.7759897022994209,-0.0,1.0,-0.0,1.0,0.0,1.0,0.0,1.0,0.0,1.0,-0.0,1.0,1.009421085526007,-0.5745336954910085,0.36216212602688813,True
20261004,sf,27,3.63,5.5,0,0,bounded,-0.005,25,3000,True,0.0001005604722421954,9.96233906892412e-05,1.486093107587929,2.143906892412071,2.699539244397336,0.00091471552018315,0.7759652880608156,0.7759912028397801,-0.0,1.0,-0.0,1.0,0.0,1.0,0.0,1.0,0.0,1.0,-0.0,1.0,1.009406240306328,-0.376609310758802,0.5604722421953978,True
20261004,sf,27,3.63,5.5,0,0,bounded,0.005,-25,-3000,True,0.0001013637091668489,0.0001004250851169588,1.489148830411953,2.140851169588047,2.698881748865003,0.0009220434740414127,0.7759711164755896,0.7759972807564957,-0.0,1.0,-0.0,1.0,0.0,1.0,0.0,1.0,0.0,1.0,-0.0,1.0,1.0093465098764611,0.425085116958801,1.363709166848892,True
20261004,sf,27,3.63,5.5,0,0,bounded,0.005,-25,3000,True,0.0001015620098229935,0.0001006230098501151,1.489901498848786,2.140098501151213,2.698720181341548,0.0009238525944315732,0.7759725553698362,0.7759987812822458,-0.0,1.0,-0.0,1.0,0.0,1.0,0.0,1.0,0.0,1.0,-0.0,1.0,1.009331861313601,0.6230098501150971,1.562009822993482,True
20261004,sf,27,3.63,5.5,0,0,bounded,0.005,25,-3000,True,0.0001013637091668489,0.0001004250851169588,1.489148830411953,2.140851169588047,2.698881748865003,0.0009220434740414127,0.7759711164755896,0.7759972807564957,-0.0,1.0,-0.0,1.0,0.0,1.0,0.0,1.0,0.0,1.0,-0.0,1.0,1.0093465098764611,0.425085116958801,1.363709166848892,True
20261004,sf,27,3.63,5.5,0,0,bounded,0.005,25,3000,True,0.0001015620098229935,0.0001006230098501151,1.489901498848786,2.140098501151213,2.698720181341548,0.0009238525944315732,0.7759725553698362,0.7759987812822458,-0.0,1.0,-0.0,1.0,0.0,1.0,0.0,1.0,0.0,1.0,-0.0,1.0,1.009331861313601,0.6230098501150971,1.562009822993482,True
20261004,sf,85,2.97,4.5,0,0,bounded,-0.005,-25,-3000,True,9.951677946108552e-05,9.940982041396593e-05,1.511795860340767,1.458204139659233,1.679150269036958,0.0007430726843803777,0.6974860735260889,0.6975182645756812,-0.0,1.0,-0.0,1.0,0.0,1.0,0.0,1.0,0.0,1.0,-0.0,1.0,1.0010759404521021,-0.5901795860340786,-0.48322053891448613,True
20261004,sf,85,2.97,4.5,0,0,bounded,-0.005,-25,3000,True,9.931971942294928e-05,9.921190765205136e-05,1.510923479486324,1.459076520513676,1.679343645485372,0.0007415981133059181,0.69748461553041,0.6975167350368086,-0.0,1.0,-0.0,1.0,0.0,1.0,0.0,1.0,0.0,1.0,-0.0,1.0,1.0010866817648143,-0.7880923479486435,-0.6802805770507292,True
20261004,sf,85,2.97,4.5,0,0,bounded,-0.005,25,-3000,True,9.980539911882337e-05,9.969969278372846e-05,1.513072162715198,1.456927837284803,1.678867699326084,0.0007452323937784274,0.6974882089429433,0.6975205048042126,-0.0,1.0,-0.0,1.0,0.0,1.0,0.0,1.0,0.0,1.0,-0.0,1.0,1.0010602473502521,-0.3003072162715448,-0.194600881176632,True
20261004,sf,85,2.97,4.5,0,0,bounded,-0.005,25,3000,True,9.960834202643744e-05,9.95017799060297e-05,1.512200939702769,1.457799060297231,1.679060541646714,0.0007437578356159294,0.6974867509727133,0.6975189752695367,-0.0,1.0,-0.0,1.0,0.0,1.0,0.0,1.0,0.0,1.0,-0.0,1.0,1.001070956926684,-0.498220093970303,-0.3916579735625647,True
20261004,sf,85,2.97,4.5,0,0,bounded,0.005,-25,-3000,True,0.0001005120014812225,0.000100409381021485,1.516189785150212,1.453810214849789,1.678179167713635,0.0007505198784753707,0.6974934368753974,0.697525989475681,-0.0,1.0,-0.0,1.0,0.0,1.0,0.0,1.0,0.0,1.0,-0.0,1.0,1.0010220206388438,0.4093810214850002,0.5120014812225016,True
20261004,sf,85,2.97,4.5,0,0,bounded,0.005,-25,3000,True,0.0001003149515838101,0.0001002114678624011,1.515321375988753,1.454678624011247,1.67837071534917,0.0007490453518545369,0.6974919789673427,0.69752445995129,-0.0,1.0,-0.0,1.0,0.0,1.0,0.0,1.0,0.0,1.0,-0.0,1.0,1.0010326534838416,0.2114678624010935,0.3149515838100969,True
20261004,sf,85,2.97,4.5,0,0,bounded,0.005,25,-3000,True,0.0001008006063035564,0.0001006992539708697,1.517460291302952,1.452539708697049,1.677899263550802,0.0007526795228355728,0.6974955721640402,0.6975282296829883,-0.0,1.0,-0.0,1.0,0.0,1.0,0.0,1.0,0.0,1.0,-0.0,1.0,1.0010064854374792,0.6992539708696954,0.8006063035564059,True
20261004,sf,85,2.97,4.5,0,0,bounded,0.005,25,3000,True,0.0001006035593379499,0.0001005013406976973,1.516593023026268,1.453406976973732,1.678090287616113,0.0007512050090689791,0.6974941142813287,0.6975267001628045,-0.0,1.0,-0.0,1.0,0.0,1.0,0.0,1.0,0.0,1.0,-0.0,1.0,1.0010170873298105,0.5013406976972945,0.6035593379498883,True
20261004,sf,85,2.97,5,0,0,bounded,-0.005,-25,-3000,True,9.990763023062136e-05,9.940982033580614e-05,1.511796641938659,1.458203358061341,2.178767797081127,0.0007947853277264653,0.6974889638573233,0.6975184000196284,-0.0,1.0,-0.0,1.0,0.0,1.0,0.0,1.0,0.0,1.0,-0.0,1.0,1.0050076530983922,-0.5901796641938573,-0.09236976937865293,True
20261004,sf,85,2.97,5,0,0,bounded,-0.005,-25,3000,True,9.970993506336248e-05,9.921190757401752e-05,1.510924259824746,1.459075740175255,2.178961076378684,0.0007932090509876542,0.6974875011696016,0.6975168702609046,-0.0,1.0,-0.0,1.0,0.0,1.0,0.0,1.0,0.0,1.0,-0.0,1.0,1.0050198358394973,-0.7880924259824784,-0.2900649366375241,True
20261004,sf,85,2.97,5,0,0,bounded,-0.005,25,-3000,True,0.0001001971804771741,9.969969270538411e-05,1.513072946158606,1.456927053841394,2.178485368390106,0.0007970939998968814,0.6974911061489157,0.6975206405702863,-0.0,1.0,-0.0,1.0,0.0,1.0,0.0,1.0,0.0,1.0,-0.0,1.0,1.0049898626393974,-0.300307294615898,0.19718047717409704,True
20261004,sf,85,2.97,5,0,0,bounded,-0.005,25,3000,True,9.999948797219451e-05,9.950177982781138e-05,1.512201721886079,1.457798278113921,2.17867811459154,0.0007955177361256342,0.6974896434845697,0.6975191108156601,-0.0,1.0,-0.0,1.0,0.0,1.0,0.0,1.0,0.0,1.0,-0.0,1.0,1.0050020024289457,-0.4982201721886237,-0.0005120278054882021,True
20261004,sf,85,2.97,5,0,0,bounded,0.005,-25,-3000,True,0.0001009060629516369,0.0001004093809426884,1.516190573115795,1.453809426884206,2.177797175706349,0.0008027461863340233,0.6974963509255849,0.6975261260310138,-0.0,1.0,-0.0,1.0,0.0,1.0,0.0,1.0,0.0,1.0,-0.0,1.0,1.0049465697755073,0.40938094268838654,0.9060629516368879,True
20261004,sf,85,2.97,5,0,0,bounded,0.005,-25,3000,True,0.0001007083769367013,0.0001002114677837307,1.515322162692898,1.454677837307102,2.177988629721931,0.0008011699541771976,0.6974948883182636,0.6975245962864336,-0.0,1.0,-0.0,1.0,0.0,1.0,0.0,1.0,0.0,1.0,-0.0,1.0,1.0049586056761786,0.21146778373068997,0.7083769367012938,True
20261004,sf,85,2.97,5,0,0,bounded,0.005,25,-3000,True,0.0001011955998215476,0.0001006992538918883,1.517461081116864,1.452538918883136,2.177517407418225,0.0008050547933426998,0.697498493099625,0.6975283665609445,-0.0,1.0,-0.0,1.0,0.0,1.0,0.0,1.0,0.0,1.0,-0.0,1.0,1.004928993120368,0.6992538918882962,1.1955998215475994,True
20261004,sf,85,2.97,5,0,0,bounded,0.005,25,3000,True,0.0001009979164461007,0.0001005013406188421,1.516593811578209,1.453406188421791,2.177708338873701,0.0008034785740445131,0.6974970305155125,0.6975268368204689,-0.0,1.0,-0.0,1.0,0.0,1.0,0.0,1.0,0.0,1.0,-0.0,1.0,1.0049409870972954,0.5013406188420833,0.9979164461006995,True
20261004,sf,85,2.97,5.5,0,0,bounded,-0.005,-25,-3000,True,0.0001002498096229925,9.94098202673799e-05,1.511797326201013,1.458202673798987,2.678434116843602,0.0008466211292966173,0.6974914885990062,0.6975185185910832,-0.0,1.0,-0.0,1.0,0.0,1.0,0.0,1.0,0.0,1.0,-0.0,1.0,1.0084497623409168,-0.5901797326201108,0.24980962299250287,True
20261004,sf,85,2.97,5.5,0,0,bounded,-0.005,-25,3000,True,0.0001000516340670981,9.921190750568647e-05,1.51092494313519,1.45907505686481,2.678627238123781,0.0008449433628370112,0.697490022332904,0.6975169886660628,-0.0,1.0,-0.0,1.0,0.0,1.0,0.0,1.0,0.0,1.0,-0.0,1.0,1.0084639695226452,-0.7880924943135414,0.05163406709809415,True
20261004,sf,85,2.97,5.5,0,0,bounded,-0.005,25,-3000,True,0.0001005400633366432,9.969969263681853e-05,1.513073631814561,1.456926368185439,2.678151918414539,0.000849078445658936,0.6974936361303786,0.69752075938525,-0.0,1.0,-0.0,1.0,0.0,1.0,0.0,1.0,0.0,1.0,-0.0,1.0,1.0084290199658483,-0.30030736318147344,0.5400633366432039,True
20261004,sf,85,2.97,5.5,0,0,bounded,-0.005,25,3000,True,0.000100341890550391,9.950177975934094e-05,1.512202406590377,1.457797593409623,2.678344507553889,0.0008474006940884476,0.6974921698886902,0.6975192294643695,-0.0,1.0,-0.0,1.0,0.0,1.0,0.0,1.0,0.0,1.0,-0.0,1.0,1.0084431735098809,-0.4982202406590641,0.3418905503909997,True
20261004,sf,85,2.97,5.5,0,0,bounded,0.005,-25,-3000,True,0.0001012506674446616,0.0001004093808737819,1.516191262181193,1.453808737818807,2.67746428362222,0.0008550945423167943,0.6974988937291847,0.6975262454419255,-0.0,1.0,-0.0,1.0,0.0,1.0,0.0,1.0,0.0,1.0,-0.0,1.0,1.008378565464289,0.409380873781906,1.2506674446616017,True
20261004,sf,85,2.97,5.5,0,0,bounded,0.005,-25,3000,True,0.0001010525014031299,0.0001002114677149192,1.515322850807747,1.454677149192254,2.677655582887383,0.0008534168270065511,0.6974974275469966,0.6975247155311843,-0.0,1.0,-0.0,1.0,0.0,1.0,0.0,1.0,0.0,1.0,-0.0,1.0,1.0083925892653651,0.21146771491920013,1.0525014031298907,True
20261004,sf,85,2.97,5.5,0,0,bounded,0.005,25,-3000,True,0.000101540907259297,0.0001006992538228425,1.517461771574681,1.452538228425319,2.677184740838472,0.0008575517839559995,0.6975010411379242,0.6975284862151839,-0.0,1.0,-0.0,1.0,0.0,1.0,0.0,1.0,0.0,1.0,-0.0,1.0,1.008358090100004,0.6992538228424827,1.5409072592969864,True
20261004,sf,85,2.97,5.5,0,0,bounded,0.005,25,3000,True,0.0001013427439582042,0.0001005013405498914,1.516594501085624,1.453405498914376,2.677375518476616,0.0008558740833793667,0.6974995749799308,0.6975269563085822,-0.0,1.0,-0.0,1.0,0.0,1.0,0.0,1.0,0.0,1.0,-0.0,1.0,1.0083720615437473,0.5013405498913936,1.3427439582041956,True
20261004,sf,85,3.3,4.5,0,0,bounded,-0.005,-25,-3000,True,9.945110808661374e-05,9.934384948452358e-05,1.511505154764349,1.788494845235651,1.679214672429275,0.0007753647022146627,0.6974855876411212,0.6975177547350636,-0.0,1.0,-0.0,1.0,0.0,1.0,0.0,1.0,0.0,1.0,-0.0,1.0,1.0010796702830291,-0.656150515476428,-0.5488919133862735,True
20261004,sf,85,3.3,4.5,0,0,bounded,-0.005,-25,3000,True,9.945110808656045e-05,9.934384948452358e-05,1.511505154764331,1.78849484523567,1.679214672429318,0.000775364702214423,0.6974855876411212,0.6975177547350636,-0.0,1.0,-0.0,1.0,0.0,1.0,0.0,1.0,0.0,1.0,-0.0,1.0,1.0010796702824927,-0.656150515476428,-0.5488919134395531,True
20261004,sf,85,3.3,4.5,0,0,bounded,-0.005,25,-3000,True,9.973972894310824e-05,9.96337218157291e-05,1.512781842709057,1.787218157290944,1.67893192473968,0.000777620074761828,0.6974877230680601,0.6975199949650699,-0.0,1.0,-0.0,1.0,0.0,1.0,0.0,1.0,0.0,1.0,-0.0,1.0,1.0010639683577736,-0.3662781842709073,-0.2602710568917588,True
20261004,sf,85,3.3,4.5,0,0,bounded,-0.005,25,3000,True,9.973972894303719e-05,9.963372181572908e-05,1.512781842708971,1.787218157291029,1.678931924739741,0.0007776200747615083,0.6974877230680601,0.6975199949650699,-0.0,1.0,-0.0,1.0,0.0,1.0,0.0,1.0,0.0,1.0,-0.0,1.0,1.0010639683570606,-0.3662781842709184,-0.26027105696282415,True
20261004,sf,85,3.3,4.5,0,0,bounded,0.005,-25,-3000,True,0.0001004463342515064,0.0001003434099597818,1.515900402182461,1.784099597817539,1.678242961700963,0.0007831417695250999,0.6974929510252907,0.6975254796401542,-0.0,1.0,-0.0,1.0,0.0,1.0,0.0,1.0,0.0,1.0,-0.0,1.0,1.0010257204909208,0.343409959781793,0.4463342515063973,True
20261004,sf,85,3.3,4.5,0,0,bounded,0.005,-25,3000,True,0.0001004463342514531,0.0001003434099597818,1.515900402182424,1.784099597817576,1.678242961700996,0.0007831417695248602,0.6974929510252889,0.6975254796401542,-0.0,1.0,-0.0,1.0,0.0,1.0,0.0,1.0,0.0,1.0,-0.0,1.0,1.0010257204903894,0.343409959781793,0.44633425145310657,True
20261004,sf,85,3.3,4.5,0,0,bounded,0.005,25,-3000,True,0.0001007349402818339,0.0001006332828711738,1.517171288262016,1.782828711737984,1.677962883061394,0.0007853970772691822,0.6974950863240877,0.6975277198489452,-0.0,1.0,-0.0,1.0,0.0,1.0,0.0,1.0,0.0,1.0,-0.0,1.0,1.0010101768297694,0.6332828711737903,0.7349402818338957,True
20261004,sf,85,3.3,4.5,0,0,bounded,0.005,25,3000,True,0.0001007349402818162,0.0001006332828711738,1.517171288262,1.782828711738,1.677962883061406,0.0007853970772691023,0.6974950863240877,0.6975277198489452,-0.0,1.0,-0.0,1.0,0.0,1.0,0.0,1.0,0.0,1.0,-0.0,1.0,1.0010101768295936,0.6332828711737903,0.7349402818161987,True
20261004,sf,85,3.3,5,0,0,bounded,-0.005,-25,-3000,True,9.984174717367358e-05,9.934384940640575e-05,1.511505935942505,1.788494064057495,2.178832168175679,0.000827043451435525,0.6974884764085446,0.6975178901057348,-0.0,1.0,-0.0,1.0,0.0,1.0,0.0,1.0,0.0,1.0,-0.0,1.0,1.005011863041777,-0.6561505935942513,-0.15825282632642157,True
20261004,sf,85,3.3,5,0,0,bounded,-0.005,-25,3000,True,9.984174717365583e-05,9.934384940640574e-05,1.511505935942504,1.788494064057496,2.178832168175707,0.0008270434514354363,0.6974884764085446,0.6975178901057348,-0.0,1.0,-0.0,1.0,0.0,1.0,0.0,1.0,0.0,1.0,-0.0,1.0,1.0050118630415985,-0.6561505935942624,-0.15825282634417404,True
20261004,sf,85,3.3,5,0,0,bounded,-0.005,25,-3000,True,0.0001001312985251736,9.963372173742671e-05,1.512782625732767,1.787217374267234,2.178549561849234,0.0008294477868854154,0.6974906187095372,0.6975201306578356,-0.0,1.0,-0.0,1.0,0.0,1.0,0.0,1.0,0.0,1.0,-0.0,1.0,1.0049940600337925,-0.3662782625732941,0.13129852517359542,True
20261004,sf,85,3.3,5,0,0,bounded,-0.005,25,3000,True,0.0001001312985251913,9.963372173742671e-05,1.512782625732735,1.787217374267266,2.178549561849223,0.0008294477868855043,0.6974906187095372,0.6975201306578356,-0.0,1.0,-0.0,1.0,0.0,1.0,0.0,1.0,0.0,1.0,-0.0,1.0,1.0049940600339702,-0.3662782625732941,0.13129852519129237,True
20261004,sf,85,3.3,5,0,0,bounded,0.005,-25,-3000,True,0.000100840183711849,0.0001003434098810272,1.515901189727528,1.784098810272473,2.177860938571312,0.0008353341836926241,0.6974958635092721,0.6975256161220997,-0.0,1.0,-0.0,1.0,0.0,1.0,0.0,1.0,0.0,1.0,-0.0,1.0,1.0049507369882167,0.34340988102719017,0.8401837118489963,True
20261004,sf,85,3.3,5,0,0,bounded,0.005,-25,3000,True,0.0001008401837118845,0.0001003434098810272,1.515901189727571,1.784098810272429,2.17786093857128,0.0008353341836928017,0.6974958635092721,0.6975256161220997,-0.0,1.0,-0.0,1.0,0.0,1.0,0.0,1.0,0.0,1.0,-0.0,1.0,1.0049507369885704,0.34340988102719017,0.840183711884479,True
20261004,sf,85,3.3,5,0,0,bounded,0.005,25,-3000,True,0.0001011297216929598,0.0001006332827922344,1.517172077655421,1.78282792234458,2.177580996142701,0.0008377384542051169,0.6974980056927584,0.697527856653482,-0.0,1.0,-0.0,1.0,0.0,1.0,0.0,1.0,0.0,1.0,-0.0,1.0,1.004933148228408,0.633282792234402,1.1297216929597953,True
20261004,sf,85,3.3,5,0,0,bounded,0.005,25,3000,True,0.0001011297216929243,0.0001006332827922344,1.517172077655427,1.782827922344573,2.177580996142729,0.0008377384542049393,0.6974980056927584,0.697527856653482,-0.0,1.0,-0.0,1.0,0.0,1.0,0.0,1.0,0.0,1.0,-0.0,1.0,1.0049331482280552,0.633282792234402,1.1297216929242904,True
20261004,sf,85,3.3,5.5,0,0,bounded,-0.005,-25,-3000,True,0.0001001837664814947,9.934384933801125e-05,1.511506619887533,1.788493380112468,2.678498435350481,0.0008788454309896917,0.6974909999577864,0.6975180086217736,-0.0,1.0,-0.0,1.0,0.0,1.0,0.0,1.0,0.0,1.0,-0.0,1.0,1.008454646654829,-0.6561506619887636,0.183766481494696,True
20261004,sf,85,3.3,5.5,0,0,bounded,-0.005,-25,3000,True,0.0001001837664814591,9.934384933801125e-05,1.511506619887578,1.788493380112423,2.678498435350501,0.0008788454309894962,0.6974909999577864,0.6975180086217736,-0.0,1.0,-0.0,1.0,0.0,1.0,0.0,1.0,0.0,1.0,-0.0,1.0,1.0084546466544706,-0.6561506619887636,0.18376648145910224,True
20261004,sf,85,3.3,5.5,0,0,bounded,-0.005,25,-3000,True,0.0001004740213360638,9.963372166889286e-05,1.512783311071181,1.787216688928819,2.678216059604178,0.0008813984113816628,0.697493147498907,0.6975202494173962,-0.0,1.0,-0.0,1.0,0.0,1.0,0.0,1.0,0.0,1.0,-0.0,1.0,1.00843388817657,-0.36627833110715047,0.47402133606380126,True
20261004,sf,85,3.3,5.5,0,0,bounded,-0.005,25,3000,True,0.0001004740213360816,9.963372166889287e-05,1.512783311071157,1.787216688928843,2.67821605960418,0.0008813984113817605,0.697493147498907,0.6975202494173962,-0.0,1.0,-0.0,1.0,0.0,1.0,0.0,1.0,0.0,1.0,-0.0,1.0,1.0084338881767485,-0.36627833110713937,0.47402133608158703,True
20261004,sf,85,3.3,5.5,0,0,bounded,0.005,-25,-3000,True,0.0001011846282424483,0.0001003434098121524,1.515901878476265,1.784098121523736,2.677527994987054,0.0008876487202393898,0.6974984051216144,0.6975257354776446,-0.0,1.0,-0.0,1.0,0.0,1.0,0.0,1.0,0.0,1.0,-0.0,1.0,1.0083833949022731,0.3434098121523954,1.1846282424482935,True
20261004,sf,85,3.3,5.5,0,0,bounded,0.005,-25,3000,True,0.000101184628242395,0.0001003434098121524,1.515901878476243,1.784098121523757,2.677527994987114,0.0008876487202390967,0.6974984051216125,0.6975257354776446,-0.0,1.0,-0.0,1.0,0.0,1.0,0.0,1.0,0.0,1.0,-0.0,1.0,1.0083833949017418,0.3434098121523954,1.1846282423949805,True
20261004,sf,85,3.3,5.5,0,0,bounded,0.005,25,-3000,True,0.0001014748692022654,0.0001006332827232203,1.517172767796397,1.782827232203603,2.677248278373527,0.0008902016261248931,0.6975005525401317,0.6975279762523622,-0.0,1.0,-0.0,1.0,0.0,1.0,0.0,1.0,0.0,1.0,-0.0,1.0,1.0083629039644844,0.6332827232202964,1.4748692022654053,True
20261004,sf,85,3.3,5.5,0,0,bounded,0.005,25,3000,True,0.0001014748692022299,0.0001006332827232203,1.517172767796361,1.782827232203639,2.67724827837357,0.0008902016261246977,0.6975005525401317,0.6975279762523622,-0.0,1.0,-0.0,1.0,0.0,1.0,0.0,1.0,0.0,1.0,-0.0,1.0,1.0083629039641315,0.6332827232202964,1.4748692022299004,True
20261004,sf,85,3.63,4.5,0,0,bounded,-0.005,-25,-3000,True,9.938542452853673e-05,9.927787856388179e-05,1.511214361181898,2.118785638818101,1.679279128154248,0.0008076131246836074,0.6974851016657773,0.6975172448899806,-0.0,1.0,-0.0,1.0,0.0,1.0,0.0,1.0,0.0,1.0,-0.0,1.0,1.0010832822599622,-0.722121436118206,-0.6145754714632745,True
20261004,sf,85,3.63,4.5,0,0,bounded,-0.005,-25,3000,True,9.95824840589902e-05,9.9475791352191e-05,1.512086478090005,2.117913521909994,1.67908587341312,0.0008092183159920643,0.6974865596568668,0.6975187744279552,-0.0,1.0,-0.0,1.0,0.0,1.0,0.0,1.0,0.0,1.0,-0.0,1.0,1.0010725494650397,-0.5242086478089991,-0.41751594100981615,True
20261004,sf,85,3.63,4.5,0,0,bounded,-0.005,25,-3000,True,9.967404638940116e-05,9.956775085649259e-05,1.512491435073939,2.117508564926061,1.678996202408615,0.0008099641594796849,0.6974872371013663,0.6975194851213949,-0.0,1.0,-0.0,1.0,0.0,1.0,0.0,1.0,0.0,1.0,-0.0,1.0,1.001067569890795,-0.4322491435074238,-0.3259536105988503,True
20261004,sf,85,3.63,4.5,0,0,bounded,-0.005,25,3000,True,9.987110297772808e-05,9.97656637604728e-05,1.513362395271838,2.116637604728162,1.678803481086671,0.00081156933796851,0.6974886950670331,0.697521014655173,-0.0,1.0,-0.0,1.0,0.0,1.0,0.0,1.0,0.0,1.0,-0.0,1.0,1.0010568687991535,-0.23433623952719973,-0.12889702227192323,True
20261004,sf,85,3.63,4.5,0,0,bounded,0.005,-25,-3000,True,0.000100380654151481,0.0001002774389067503,1.515610932497076,2.114389067502923,1.678306807775067,0.0008157200620313268,0.697492465079729,0.6975249697999308,-0.0,1.0,-0.0,1.0,0.0,1.0,0.0,1.0,0.0,1.0,-0.0,1.0,1.00102929677758,0.2774389067502936,0.3806541514809858,True
20261004,sf,85,3.63,4.5,0,0,bounded,0.005,-25,3000,True,0.0001005777035541603,0.0001004753520918418,1.516479081581868,2.113520918418132,1.678115379428864,0.0008173252092053626,0.6974939229832908,0.6975264993234206,-0.0,1.0,-0.0,1.0,0.0,1.0,0.0,1.0,0.0,1.0,-0.0,1.0,1.001018672342894,0.4753520918417964,0.5777035541602915,True
20261004,sf,85,3.63,4.5,0,0,bounded,0.005,25,-3000,True,0.0001006692611820751,0.0001005673117801128,1.516882198871548,2.113117801128452,1.678026554598332,0.0008180710321993382,0.6974946003871438,0.6975272100101285,-0.0,1.0,-0.0,1.0,0.0,1.0,0.0,1.0,0.0,1.0,-0.0,1.0,1.001013742936524,0.5673117801128003,0.6692611820750871,True
20261004,sf,85,3.63,4.5,0,0,bounded,0.005,25,3000,True,0.0001008663076567144,0.0001007652250791823,1.517749208176405,2.112250791823595,1.677835649134541,0.0008196761666108847,0.6974960582653911,0.6975287395294144,-0.0,1.0,-0.0,1.0,0.0,1.0,0.0,1.0,0.0,1.0,-0.0,1.0,1.0010031494243443,0.7652250791823079,0.8663076567144046,True
20261004,sf,85,3.63,5,0,0,bounded,-0.005,-25,-3000,True,9.97758519159965e-05,9.927787848580594e-05,1.511215141940451,2.118784858059549,2.178896591518617,0.0008592579736016565,0.6974879888692599,0.697517380187374,-0.0,1.0,-0.0,1.0,0.0,1.0,0.0,1.0,0.0,1.0,-0.0,1.0,1.0050159555964098,-0.7221215141940629,-0.22414808400350594,True
20261004,sf,85,3.63,5,0,0,bounded,-0.005,-25,3000,True,9.997354664048067e-05,9.947579127398918e-05,1.512087260108166,2.117912739891834,2.178703433692907,0.0008609648706452922,0.6974894515528697,0.6975189099452229,-0.0,1.0,-0.0,1.0,0.0,1.0,0.0,1.0,0.0,1.0,-0.0,1.0,1.005003783936943,-0.5242087260108219,-0.026453359519329478,True
20261004,sf,85,3.63,5,0,0,bounded,-0.005,25,-3000,True,0.0001000654041774175,9.956775077823223e-05,1.512492217677538,2.117507782322462,2.178613807480013,0.0008617579713303446,0.697490131178211,0.6975196207408478,-0.0,1.0,-0.0,1.0,0.0,1.0,0.0,1.0,0.0,1.0,-0.0,1.0,1.0049981384062163,-0.4322492217677776,0.06540417741749405,True
20261004,sf,85,3.63,5,0,0,bounded,-0.005,25,3000,True,0.0001002630962438501,9.976566368208641e-05,1.513363179135734,2.116636820864266,2.178421182043312,0.0008634648555034584,0.6974915938384753,0.6975211504945972,-0.0,1.0,-0.0,1.0,0.0,1.0,0.0,1.0,0.0,1.0,-0.0,1.0,1.0049860096490593,-0.2343363179135971,0.2630962438501028,True
20261004,sf,85,3.63,5,0,0,bounded,0.005,-25,-3000,True,0.0001007742915831357,0.0001002774388280378,1.515611719621914,2.114388280378086,2.177924753440249,0.0008678785759796059,0.6974953759973668,0.6975251062084818,-0.0,1.0,-0.0,1.0,0.0,1.0,0.0,1.0,0.0,1.0,-0.0,1.0,1.004954781064462,0.2774388280377904,0.7742915831356889,True
20261004,sf,85,3.63,5,0,0,bounded,0.005,-25,3000,True,0.0001009719771702712,0.0001004753520130032,1.516479869968334,2.113520130031666,2.177733418483506,0.0008695854287768595,0.6974968386006837,0.6975266359521872,-0.0,1.0,-0.0,1.0,0.0,1.0,0.0,1.0,0.0,1.0,-0.0,1.0,1.0049427560821458,0.4753520130031941,0.9719771702711988,True
20261004,sf,85,3.63,5,0,0,bounded,0.005,25,-3000,True,0.0001010638304668667,0.0001005673117012155,1.516882987844285,2.113117012155715,2.177644636811364,0.0008703785089279941,0.6974975181887559,0.6975273467412373,-0.0,1.0,-0.0,1.0,0.0,1.0,0.0,1.0,0.0,1.0,-0.0,1.0,1.0049371784653682,0.5673117012154894,1.063830466866711,True
20261004,sf,85,3.63,5,0,0,bounded,0.005,25,3000,True,0.0001012615134190432,0.0001007652250001589,1.517749998411236,2.112250001588763,2.177453823728161,0.0008720853489639425,0.6974989807688998,0.6975288764808378,-0.0,1.0,-0.0,1.0,0.0,1.0,0.0,1.0,0.0,1.0,-0.0,1.0,1.0049251953626217,0.7652250001588978,1.261513419043192,True
20261004,sf,85,3.63,5.5,0,0,bounded,-0.005,-25,-3000,True,0.000100117711101893,9.927787841744316e-05,1.511215825568201,2.118784174431799,2.678562806023531,0.000911026124834032,0.697490511225766,0.6975174986479841,-0.0,1.0,-0.0,1.0,0.0,1.0,0.0,1.0,0.0,1.0,-0.0,1.0,1.0084594140994685,-0.722121582556845,0.11771110189300327,True
20261004,sf,85,3.63,5.5,0,0,bounded,-0.005,-25,3000,True,0.0001003158861907476,9.947579120553123e-05,1.512087944687648,2.117912055312352,2.678369805997336,0.0009128345112433431,0.6974919774875193,0.6975190285721163,-0.0,1.0,-0.0,1.0,0.0,1.0,0.0,1.0,0.0,1.0,-0.0,1.0,1.0084452204404246,-0.5242087944687723,0.31588619074760516,True
20261004,sf,85,3.63,5.5,0,0,bounded,-0.005,25,-3000,True,0.0001004079669022833,9.95677507097301e-05,1.51249290269887,2.117507097301131,2.67828025288346,0.0009136747681571576,0.697492658775189,0.6975197394449961,-0.0,1.0,-0.0,1.0,0.0,1.0,0.0,1.0,0.0,1.0,-0.0,1.0,1.0084386378778676,-0.4322492902699038,0.40796690228328547,True
20261004,sf,85,3.63,5.5,0,0,bounded,-0.005,25,3000,True,0.0001006061392262208,9.976566361348914e-05,1.513363865108461,2.116636134891539,2.678087784292434,0.0009154831397793614,0.6974941250125627,0.6975212693649889,-0.0,1.0,-0.0,1.0,0.0,1.0,0.0,1.0,0.0,1.0,-0.0,1.0,1.0084244977910217,-0.2343363865108583,0.6061392262207921,True
20261004,sf,85,3.63,5.5,0,0,bounded,0.005,-25,-3000,True,0.0001011185761125493,0.0001002774387591946,1.515612408053588,2.114387591946412,2.677591758275192,0.0009201592864330818,0.6974979164181428,0.6975252255086388,-0.0,1.0,-0.0,1.0,0.0,1.0,0.0,1.0,0.0,1.0,-0.0,1.0,1.008388101688303,0.2774387591945926,1.1185761125492855,True
20261004,sf,85,3.63,5.5,0,0,bounded,0.005,-25,3000,True,0.0001013167417036325,0.0001004753519440649,1.516480559350849,2.113519440649151,2.677400577855962,0.0009219676220452125,0.6974993825961043,0.6975267554184994,-0.0,1.0,-0.0,1.0,0.0,1.0,0.0,1.0,0.0,1.0,-0.0,1.0,1.0083740911904047,0.47535194406489456,1.3167417036324958,True
20261004,sf,85,3.63,5.5,0,0,bounded,0.005,25,-3000,True,0.000101408818008844,0.0001005673116322331,1.516883677668418,2.113116322331582,2.677311867772357,0.0009228078553918315,0.6975000638448945,0.6975274662847439,-0.0,1.0,-0.0,1.0,0.0,1.0,0.0,1.0,0.0,1.0,-0.0,1.0,1.0083675934352132,0.5673116322330918,1.4088180088440039,True
20261004,sf,85,3.63,5.5,0,0,bounded,0.005,25,3000,True,0.0001016069808644087,0.0001007652249310814,1.517750689185948,2.112249310814052,2.677121208295032,0.0009246161763723013,0.6975015299986987,0.6975289961904632,-0.0,1.0,-0.0,1.0,0.0,1.0,0.0,1.0,0.0,1.0,-0.0,1.0,1.0083536352338123,0.7652249310813986,1.6069808644086914,True
