seed,library,temperature_c,logic_v,led_supply_v,local_mismatch,global_variation,reference,calibration_error,tc_ppm,line_ppm_v,pwm_on,iout,iref,bias,headroom,led_k,power_w,out_vth,ref_vth,x0_dvth,x0_mulu0,x1_dvth,x1_mulu0,x2_dvth,x2_mulu0,x3_dvth,x3_mulu0,x4_dvth,x4_mulu0,x5_dvth,x5_mulu0,mirror_ratio,reference_error_pct,absolute_error_pct,absolute_current_budget_pass
20261004,ss,85,2.97,4.5,1,0,bounded,-0.005,-25,3000,True,9.962580484328334e-05,9.920772836124858e-05,1.552716387514091,1.417283612485909,1.679043437722369,0.0007429630847158837,0.727290858643678,0.7288088808167719,-0.001964534281406865,1.0,-0.003184419296273099,1.001000935035619,9.050473501905178e-05,1.0,8.659020094562709e-05,1.0,0.001578596271378047,1.0,-0.009716322146445345,1.0,1.0042141523542643,-0.7922716387514295,-0.37419515671667236,True
20261005,ss,85,2.97,4.5,1,0,bounded,-0.005,-25,3000,True,9.946448338218707e-05,9.920777372984129e-05,1.552262701586928,1.417737298413072,1.679201552111452,0.0007422372728860096,0.7275454688217411,0.7283760763571521,0.002954698018581346,1.0,-0.001559386258943305,0.999039917674632,0.0003463078822073783,1.0,-0.0106905909275773,1.0,0.001145847379768125,1.0,0.001105518011193261,1.0,1.0025875961398432,-0.7922262701587135,-0.5355166178129367,True
20261006,ss,85,2.97,4.5,1,0,bounded,-0.005,-25,3000,True,9.938191105090345e-05,9.92078433177524e-05,1.551566822475841,1.418433177524159,1.679282577092919,0.0007418659040721327,0.7272354165264625,0.7277119561565579,-0.004441318171449941,1.0,0.003508429838598729,0.9987161330113852,3.686620822039355e-05,1.0,-0.01186770981302498,1.0,0.0004817552793472879,1.0,0.002978947255065226,1.0,1.001754576325115,-0.7921566822476134,-0.6180889490965513,True
20261007,ss,85,2.97,4.5,1,0,bounded,-0.005,-25,3000,True,9.936045838596121e-05,9.92079765504626e-05,1.55023449537384,1.41976550462616,1.679303638205145,0.0007417697627809939,0.7260606296682242,0.7264401791704419,-0.002480742574951055,1.0,0.003127182775864493,0.9989452892355686,-0.001137762008186841,1.0,0.003218767425208999,1.0,-0.000790015256558994,1.0,-0.00536635479757717,1.0,1.001536991689585,-0.7920234495373935,-0.6395416140387966,True
20261008,ss,85,2.97,4.5,1,0,bounded,-0.005,-25,3000,True,9.886221109483819e-05,9.920795277173107e-05,1.550472282689144,1.419527717310856,1.679794009642066,0.0007395275793475758,0.728408784332647,0.726667947986477,0.007393481850449108,1.0,-4.06284909650119e-06,0.9986306669174446,0.001214077199938528,1.0,0.005401585510434783,1.0,-0.000562073606327358,1.0,-3.593578336850196e-05,1.0,0.9965149802285669,-0.7920472282689328,-1.1377889051618184,True
20261009,ss,85,2.97,4.5,1,0,bounded,-0.005,-25,3000,True,9.953273157174015e-05,9.920783842782278e-05,1.55161572177212,1.41838427822788,1.679134631018036,0.0007425445818920748,0.7266405645271418,0.7277583977504687,-0.003845073517560099,1.0,-0.000546643254337671,0.9999709246287304,-0.0005591011069583707,1.0,0.002431175496035539,1.0,0.0005281446452143916,1.0,-0.003087594249006638,1.0,1.0032748737304034,-0.7921615721772302,-0.46726842825984827,True
20261010,ss,85,2.97,4.5,1,0,bounded,-0.005,-25,3000,True,9.969422026107656e-05,9.920767016212236e-05,1.553298378776338,1.416701621223662,1.678976455760444,0.0007432707812453706,0.7275531840062303,0.7293642921893659,-0.001153464943796613,1.0,0.001501293141613185,0.9992890329001916,0.000352324167510895,1.0,0.007436132563033426,1.0,0.002133984365583403,1.0,0.005585899096540435,1.0,1.0049043596947604,-0.7923298378776478,-0.30577973892343957,True
20261011,ss,85,2.97,4.5,1,0,bounded,-0.005,-25,3000,True,9.917732815753956e-05,9.920788102118095e-05,1.551189788190275,1.418810211809725,1.679483601826259,0.0007409453930318933,0.727747795486255,0.7273523724885632,0.006832136896383303,1.0,0.008087914363690421,0.9974306216168264,0.0005507580581727083,1.0,0.004642080407106708,1.0,0.0001222422273930491,1.0,0.01241937761525784,1.0,0.999692031889736,-0.7921189788190564,-0.822671842460454,True
20261012,ss,85,2.97,4.5,1,0,bounded,-0.005,-25,3000,True,9.943567667025568e-05,9.9207793747701e-05,1.552062522989728,1.417937477010272,1.679229811752078,0.0007421077021359755,0.72747775646812,0.7281850430634889,-0.002110435571382488,1.0,0.001853059785585875,1.000775687209754,0.0002788085538014922,1.0,-0.01008703774335,1.0,0.0009548239207783136,1.0,-0.008997280315850509,1.0,1.0022970264124027,-0.7922062522989992,-0.5643233297443317,True
20261013,ss,85,2.97,4.5,1,0,bounded,-0.005,-25,3000,True,9.911502210261083e-05,9.920795447519924e-05,1.550455248007577,1.419544751992424,1.679544902427549,0.0007406652339424001,0.727315108548244,0.7266512919676356,0.002569266914224281,1.0,0.002817546862356797,0.9996164271934468,0.000118531873645472,1.0,0.01088006073719023,1.0,-0.0005788172448487331,1.0,0.001314630205227231,1.0,0.9990632568418529,-0.7920455248007663,-0.884977897389172,True
20261014,ss,85,2.97,4.5,1,0,bounded,-0.005,-25,3000,True,9.930066336323242e-05,9.920792257926224e-05,1.550774207377564,1.419225792622436,1.679362364639911,0.0007415005248836623,0.7268278970637733,0.7269554765608619,-0.006760011243393812,1.0,-0.0006267239939935169,1.00206567718511,-0.0003700524285070453,1.0,0.001485574505919524,1.0,-0.0002746967466770907,1.0,-0.003352712540625203,1.0,1.0009348122766715,-0.792077420737769,-0.6993366367675891,True
20261015,ss,85,2.97,4.5,1,0,bounded,-0.005,-25,3000,True,9.931746300560297e-05,9.920782924602561e-05,1.551707539743744,1.418292460256257,1.679345861832042,0.0007415758460736656,0.7276433023797637,0.7278463792072261,0.003853817880258088,1.0,-0.005742668776689785,0.9983310608577873,0.0004452286545152052,1.0,-0.002691138122762175,1.0,0.0006162007671696442,1.0,0.007324501314643958,1.0,1.0011050918098963,-0.7921707539743972,-0.6825369943970316,True
20261016,ss,85,2.97,4.5,1,0,bounded,-0.005,-25,3000,True,9.976519016526998e-05,9.920783392570894e-05,1.551660742910346,1.418339257089654,1.678907018910133,0.0007435906321915521,0.7256958782888507,0.7278010098268868,0.001378278392250517,1.0,-0.001237806565758677,1.001517568801154,-0.001505506370770542,1.0,0.0006963493984544692,1.0,0.0005706762004831158,1.0,0.004764374102157048,1.0,1.0056180668149495,-0.7921660742910674,-0.23480983473002093,True
20261017,ss,85,2.97,4.5,1,0,bounded,-0.005,-25,3000,True,9.908104268038377e-05,9.920802851341465e-05,1.549714865853331,1.420285134146669,1.679578348927494,0.0007405125464353778,0.7267562881399441,0.7259445736835027,-0.007877703796151216,1.0,-0.0004626611715611133,1.002171124902741,-0.0004400372567339499,1.0,-0.01083087626021317,1.0,-0.001285524300640895,1.0,-0.01233816583002314,1.0,0.9987200044700645,-0.7919714865853522,-0.9189573196162315,True
20261018,ss,85,2.97,4.5,1,0,bounded,-0.005,-25,3000,True,9.94197219291363e-05,9.920779455460932e-05,1.552054453906572,1.417945546093428,1.679245466838488,0.000742035908196814,0.7275379367964984,0.7281773656634728,0.005752918020585441,1.0,-0.001735099881191994,1.003371877414067,0.0003391068673234897,1.0,-0.006578302989069465,1.0,0.0009471520435736502,1.0,0.005062416586912334,1.0,1.0021361968127445,-0.7922054453906813,-0.5802780708637045,True
20261019,ss,85,2.97,4.5,1,0,bounded,-0.005,-25,3000,True,9.931601621617693e-05,9.920787627633147e-05,1.551237236685113,1.418762763314887,1.679347282953729,0.000741569475203494,0.727202544066379,0.7273974487336049,0.002464672227630361,1.0,0.007747269603141408,0.9986417189557254,4.481039964549457e-06,1.0,0.01012942874938728,1.0,0.0001672704476403131,1.0,0.002690378270244297,1.0,1.0010900338148985,-0.7921237236685363,-0.6839837838230722,True
20261020,ss,85,2.97,4.5,1,0,bounded,-0.005,-25,3000,True,9.968468510903086e-05,9.920784577549708e-05,1.551542245029005,1.418457754970996,1.678985788513306,0.0007432283946334577,0.7259251406387741,0.7276880226322401,0.002021241856581874,1.0,0.004824190329625882,0.9984189038761265,-0.001275648688386491,1.0,-0.003063938048249067,1.0,0.0004577168159125517,1.0,-0.006940442497169999,1.0,1.0048064679744466,-0.7921542245029167,-0.3153148909691428,True
20261021,ss,85,2.97,4.5,1,0,bounded,-0.005,-25,3000,True,9.8929906553357e-05,9.920795636404083e-05,1.550436359591557,1.419563640408443,1.679727246723196,0.0007398322195803447,0.7280859900274419,0.7266335503446208,0.007971380156421877,1.0,0.00154492064562947,0.9974555948291142,0.0008907822852015642,1.0,0.006690090799853604,1.0,-0.0005964947333664521,1.0,-0.005019141840075906,1.0,0.9971973033124124,-0.792043635959172,-1.0700934466430057,True
20261022,ss,85,2.97,4.5,1,0,bounded,-0.005,-25,3000,True,0.0001001159133593303,9.920769830760278e-05,1.553016923972142,1.416983076027859,1.678564558478783,0.0007451684837784187,0.7254966737662325,0.7290949826355401,-0.001424826539686858,1.0,-0.005412288494582303,1.000922179062895,-0.001707304475653542,1.0,0.002245654703508604,1.0,0.001864528473776967,1.0,-0.001551203922442319,1.0,1.0091546832274196,-0.7923016923972237,0.11591335933029967,True
20261023,ss,85,2.97,4.5,1,0,bounded,-0.005,-25,3000,True,9.945276449877673e-05,9.920781968083287e-05,1.551803191671188,1.418196808328812,1.679213047502996,0.0007421846743861911,0.7271586761501968,0.727937472572592,0.01096446819827523,1.0,0.005870168260030412,1.00124894131348,-4.039812850453067e-05,1.0,-0.00785989727883781,1.0,0.000707247316811032,1.0,-0.004651044292964601,1.0,1.0024690071683047,-0.792180319167135,-0.5472355012232755,True
20261024,ss,85,2.97,4.5,1,0,bounded,-0.005,-25,3000,True,9.96144617774012e-05,9.92079685142127e-05,1.55031485787289,1.41968514212711,1.679054547343875,0.000742912754173469,0.7250571950880925,0.7265164962750725,-0.0002892324008054538,1.0,-0.004610632946182905,1.000455312106423,-0.002143074939715016,1.0,-0.004504924491018858,1.0,-0.0007137861129233337,1.0,0.005174905837696685,1.0,1.0040973852128647,-0.7920314857873034,-0.38553822259880244,True
20261025,ss,85,2.97,4.5,1,0,bounded,-0.005,-25,3000,True,9.943522611221146e-05,9.92078357728101e-05,1.551642271898881,1.418357728101119,1.679230253815232,0.0007421057994394482,0.7270803475773745,0.7277838935729567,0.004965159363550144,1.0,0.002798279135667754,1.000886195592035,-0.0001185970052187237,1.0,-0.00610508303605998,1.0,0.0005536742760056868,1.0,0.00440015763226499,1.0,1.0022920602755823,-0.7921642271898954,-0.56477388778855,True
20261026,ss,85,2.97,4.5,1,0,bounded,-0.005,-25,3000,True,9.954745445948467e-05,9.920778624053944e-05,1.55213759460527,1.417862405394731,1.679120200129499,0.0007426106798915598,0.7270738554543745,0.7282565273631976,0.01247320430404477,1.0,0.004577086039843142,0.9991439066658736,-0.0001259190550250288,1.0,0.004418126521602672,1.0,0.001026269541229427,1.0,0.005636455275398589,1.0,1.0034238060520941,-0.7922137594605583,-0.4525455405153367,True
20261027,ss,85,2.97,4.5,1,0,bounded,-0.005,-25,3000,True,9.939465167094686e-05,9.920794569766258e-05,1.55054302337405,1.41945697662595,1.679270071055962,0.0007419235409300137,0.7262083685194922,0.726734644773097,-0.001410522774268631,1.0,0.0002224010016770516,0.9995431947115759,-0.0009902760158981628,1.0,0.0004890479827132647,1.0,-0.0004955612751618365,1.0,-0.006247577553688578,1.0,1.0018819659249196,-0.7920543023374194,-0.6053483290531458,True
20261028,ss,85,2.97,4.5,1,0,bounded,-0.005,-25,3000,True,9.94724564355335e-05,9.920777374531927e-05,1.55226254680721,1.417737453192791,1.679193731847628,0.000742273151673171,0.7275114045088801,0.7283759161720162,0.000753460275892626,1.0,0.006112369702976127,1.000808832916995,0.0003121846087217682,1.0,0.000672480974721324,1.0,0.001145684431615392,1.0,0.002090282782382714,1.0,1.0026679632071345,-0.792226254680739,-0.5275435644665039,True
20261029,ss,85,2.97,4.5,1,0,bounded,-0.005,-25,3000,True,9.969481343664745e-05,9.920774289387452e-05,1.552571061254568,1.417428938745433,1.678975875203989,0.0007432736665481346,0.7268596457281928,0.7286700555354623,0.01215701579456799,1.0,-0.001906129040474764,0.9990040533540427,-0.0003412184973022379,1.0,-0.002534930648341031,1.0,0.001439746968967416,1.0,-0.0006159877860991461,1.0,1.004909602099243,-0.7922571061254824,-0.30518656335255523,True
20261030,ss,85,2.97,4.5,1,0,bounded,-0.005,-25,3000,True,9.9146457756513e-05,9.920789414742041e-05,1.551058525795815,1.418941474204185,1.679513969491052,0.0007408065152115068,0.7277545266077533,0.7272271213947181,0.005321655818537338,1.0,0.003546869874772667,0.999824962738574,0.0005577174664418668,1.0,-0.0006397057252230105,1.0,-2.998265781423173e-06,1.0,0.006048844791527458,1.0,0.9993807308235358,-0.7921058525795943,-0.8535422434870044,True
20261031,ss,85,2.97,4.5,1,0,bounded,-0.005,-25,3000,True,9.962334806073704e-05,9.920779911326892e-05,1.552008867310623,1.417991132689377,1.6790458438416,0.0007429522393271558,0.7266290523394604,0.7281335332261322,0.0131814383993375,1.0,-0.009391152821871588,1.003939811498465,-0.0005712834015963621,1.0,-0.0009683382520374982,1.0,0.0009032490095399715,1.0,-0.009417527222229816,1.0,1.0041886721727762,-0.7922008867310759,-0.3766519392629619,True
20261032,ss,85,2.97,4.5,1,0,bounded,-0.005,-25,3000,True,9.994363434329946e-05,9.920775662099768e-05,1.552433790023051,1.417566209976949,1.678732636250696,0.0007443934013978621,0.7256731313681197,0.72853863771233,-0.01102101477800284,1.0,-0.00115805233079446,0.9962470125230459,-0.001529572879146173,1.0,-0.009588641697220597,1.0,0.00130824282024771,1.0,0.002890089089483517,1.0,1.0074175422100617,-0.792243379002322,-0.056365656700541056,True
20261033,ss,85,2.97,4.5,1,0,bounded,-0.005,-25,3000,True,9.948181609444807e-05,9.920781097765457e-05,1.551890223454057,1.418109776545943,1.6791845523091,0.0007423153807183841,0.7271178384870592,0.7280205033235416,0.004046524725609812,1.0,0.005572072968263942,0.9992475308172096,-8.145062778106653e-05,1.0,-0.0008220634949661986,1.0,0.0007902680647664901,1.0,0.003895873362369481,1.0,1.0027619308811806,-0.7921890223454353,-0.5181839055519277,True
20261034,ss,85,2.97,4.5,1,0,bounded,-0.005,-25,3000,True,9.937381911562162e-05,9.920780547416107e-05,1.551945258389135,1.418054741610865,1.679290520827836,0.0007418293779668251,0.727629407282241,0.728073205424379,0.002296695070044587,1.0,-0.002850691639928403,0.9984586314788924,0.0004309168039394588,1.0,0.004284057175606183,1.0,0.000843007630669317,1.0,0.003319089338561779,1.0,1.0016733929418868,-0.7921945258389296,-0.6261808843783911,True
20261035,ss,85,2.97,4.5,1,0,bounded,-0.005,-25,3000,True,9.94104552443479e-05,9.920790933547694e-05,1.550906645230479,1.419093354769521,1.679254560575239,0.0007419945490148012,0.7264866947358153,0.7270817275405712,0.009412246710863893,1.0,0.001130786048811306,0.9998114917200076,-0.0007120666667253811,1.0,-0.009630382988750926,1.0,-0.0001484837157079846,1.0,0.002532008447424707,1.0,1.0020416306545281,-0.7920906645230597,-0.589544755652105,True
20261036,ss,85,2.97,4.5,1,0,bounded,-0.005,-25,3000,True,9.910835501222883e-05,9.920787513114313e-05,1.551248688568657,1.418751311431343,1.679551464095099,0.000740634996383502,0.728097520034439,0.7274087046639234,0.004807146875611891,1.0,0.0009095582420001371,1.000736635423178,0.0009009926633253172,1.0,-0.003532377377344307,1.0,0.0001785983476709354,1.0,-0.002285131253540692,1.0,0.9989968526310765,-0.7921248688568694,-0.8916449877711785,True
20261037,ss,85,2.97,4.5,1,0,bounded,-0.005,-25,3000,True,9.92849644848396e-05,9.920796499077037e-05,1.550350092296233,1.419649907703767,1.679377788528548,0.0007414300058927817,0.7264917043739274,0.7265506455786626,-0.003058393980404164,1.0,-0.001679728763996274,1.001182333658813,-0.0007061290253283183,1.0,-0.01289626473617606,1.0,-0.0006795226019155001,1.0,0.01267228400347793,1.0,1.000776142259106,-0.7920350092296302,-0.7150355151604004,True
20261038,ss,85,2.97,4.5,1,0,bounded,-0.005,-25,3000,True,9.974741972098946e-05,9.920782035723071e-05,1.551796427692619,1.418203572307381,1.678924401086964,0.0007435106248943112,0.7259002594774602,0.7279305558509723,0.0004156353193103134,1.0,0.001005027889033331,1.000144606635481,-0.001300993770242161,1.0,-0.009782116383867258,1.0,0.0007002284827973443,1.0,0.005524856065475221,1.0,1.0054390809294644,-0.7921796427692862,-0.25258027901055025,True
20261039,ss,85,2.97,4.5,1,0,bounded,-0.005,-25,3000,True,9.93614271319513e-05,9.920786788278756e-05,1.551321172124328,1.418678827875673,1.679302687047588,0.0007417737993956772,0.7270891175976126,0.7274774997850205,-0.001220414310655045,1.0,0.007273131534832951,1.0000698004745,-0.0001092812422782392,1.0,-0.001791517910542893,1.0,0.0002473058247252852,1.0,0.007029758446198407,1.0,1.0015478535366285,-0.7921321172124518,-0.6385728680487146,True
20261040,ss,85,2.97,4.5,1,0,bounded,-0.005,-25,3000,True,9.98240332047954e-05,9.920772001683747e-05,1.552799831625168,1.417200168374832,1.678849482498415,0.0007438550875601183,0.7265283642345604,0.7288882203472715,-1.233808110032523e-05,1.0,-0.001541252895952729,1.00029495450258,-0.0006734555669220528,1.0,0.000712092655155522,1.0,0.001657867171001612,1.0,-0.001738582307053652,1.0,1.006212351093779,-0.792279983162536,-0.17596679520460734,True
20261041,ss,85,2.97,4.5,1,0,bounded,-0.005,-25,3000,True,9.900921172122969e-05,9.920793088124021e-05,1.550691187597699,1.419308812402301,1.67964908916388,0.0007401890171519076,0.7279901444679049,0.7268766823838232,0.01334803394828722,1.0,0.002171183325340817,1.001001911745873,0.0007943502625409936,1.0,-0.006444598892276086,1.0,-0.0003533899878174618,1.0,-0.0005924383157229488,1.0,0.9979969428024015,-0.7920691187597861,-0.9907882787703159,True
20261042,ss,85,2.97,4.5,1,0,bounded,-0.005,-25,3000,True,9.896239889913096e-05,9.920805706296029e-05,1.549429370397005,1.420570629602995,1.679695217377995,0.0007399787342123399,0.7269905136075354,0.7256722195031802,-0.00918509358156565,1.0,0.002544420556398017,1.001607781865681,-0.0002049344166351956,1.0,-0.001401576450759836,1.0,-0.001557837577882554,1.0,-0.003224354740505117,1.0,0.9975238083367218,-0.7919429370397135,-1.0376011008690456,True
20261043,ss,85,2.97,4.5,1,0,bounded,-0.005,-25,3000,True,9.974731621598045e-05,9.920784541666768e-05,1.551545833323067,1.418454166676933,1.67892450233912,0.0007435102335488076,0.7256625920808356,0.727691350000957,0.01299302543749283,1.0,0.003839362117050165,1.002764707440052,-0.001538660401535588,1.0,-0.004646180062096806,1.0,0.0004610224835188155,1.0,0.006038476585508433,1.0,1.0054377836455073,-0.7921545833323274,-0.2526837840195584,True
20261044,ss,85,2.97,4.5,1,0,bounded,-0.005,-25,3000,True,9.886495599166358e-05,9.920791721376714e-05,1.550827862328481,1.419172137671519,1.679791301713546,0.0007395398257754623,0.7287349985432839,0.7270073750757847,5.308330359933914e-05,1.0,-0.00414814322146085,0.9987815892252012,0.001540271112118443,1.0,0.003711702764944277,1.0,-0.0002226472055965502,1.0,-0.004285279292622728,1.0,0.9965430055207735,-0.7920827862328728,-1.1350440083364277,True
20261045,ss,85,2.97,4.5,1,0,bounded,-0.005,-25,3000,True,9.920986324707761e-05,9.920797615681701e-05,1.55023843182973,1.41976156817027,1.679451606292141,0.0007410920834859925,0.72670524464402,0.7264441721182798,-0.0005703470888215078,1.0,-0.002171320724533684,0.99915901367172,-0.0004920333815398225,1.0,-0.006003627800051889,1.0,-0.0007859701197806152,1.0,0.01625505545926418,1.0,1.0000190215578797,-0.7920238431829874,-0.7901367529223879,True
20261046,ss,85,2.97,4.5,1,0,bounded,-0.005,-25,3000,True,9.938423913973628e-05,9.920779503125607e-05,1.552049687439056,1.417950312560944,1.679280291755748,0.0007418762370606936,0.7276843104890952,0.7281728712943014,0.003800865344249653,1.0,0.001410479991859415,0.99752259303736,0.0004857429548299122,1.0,0.004601586276759088,1.0,0.0009426699668199544,1.0,-0.007712288320305525,1.0,1.0017785306933253,-0.792204968743937,-0.6157608602637255,True
20261047,ss,85,2.97,4.5,1,0,bounded,-0.005,-25,3000,True,9.952316726891488e-05,9.920792917540433e-05,1.550708245956522,1.419291754043478,1.679144006717388,0.0007425018120487991,0.7258189248322227,0.7268921633825951,-0.009921115937495806,1.0,-0.005861348924407312,0.999814249883384,-0.001380670074348367,1.0,0.00934764847967292,1.0,-0.0003380870783578812,1.0,-0.001715224149696541,1.0,1.003177549376655,-0.7920708245956698,-0.4768327310851195,True
20261048,ss,85,2.97,4.5,1,0,bounded,-0.005,-25,3000,True,9.939101589034584e-05,9.920778954177248e-05,1.55210458227487,1.417895417725131,1.679273639738633,0.0007419067161346028,0.7277076515010756,0.7282252601198121,0.005131120754937235,1.0,0.00133769125829999,0.9998461781288374,0.0005090338528132383,1.0,0.0008533423998921461,1.0,0.0009950564844956348,1.0,-0.01049290443293293,1.0,1.0018468947793278,-0.7922104582275158,-0.6089841096541648,True
20261049,ss,85,2.97,4.5,1,0,bounded,-0.005,-25,3000,True,9.903258623583801e-05,9.920791592210628e-05,1.550840778937001,1.419159221062999,1.679626064235824,0.0007402941580394159,0.7280326950784477,0.7270194431812177,0.00242131568118633,1.0,0.00393913868173538,0.998210653400512,0.0008367280182328588,1.0,-0.007507491525336973,1.0,-0.0002106371799108681,1.0,-0.007944985067323858,1.0,0.9982327046724182,-0.7920840778937288,-0.9674137641619951,True
20261050,ss,85,2.97,4.5,1,0,bounded,-0.005,-25,3000,True,9.924336516479761e-05,9.920775632935754e-05,1.552436706424285,1.417563293575715,1.67941867036928,0.0007412421892275237,0.7286515379383459,0.7285425151114757,0.006280563166215039,1.0,-0.006590787040830747,1.00127805301224,0.001454012166814803,1.0,-0.01233806102060733,1.0,0.00131236288711068,1.0,0.00756355788912905,1.0,1.0003589319702166,-0.7922436706424674,-0.7566348352023966,True
20261051,ss,85,2.97,4.5,1,0,bounded,-0.005,-25,3000,True,9.939253137250338e-05,9.920786906820598e-05,1.551309317939952,1.418690682060048,1.679272152209468,0.0007419137719986221,0.7269455384207189,0.7274661355883403,0.003239707982773348,1.0,0.00682501909187344,0.9968456244089826,-0.0002530904348083226,1.0,0.002412369641333909,1.0,0.0002359308406389745,1.0,0.003469579679291176,1.0,1.0018613675107813,-0.7921309317940328,-0.6074686274966212,True
20261052,ss,85,2.97,4.5,1,0,bounded,-0.005,-25,3000,True,9.983574836263477e-05,9.920788037480858e-05,1.551196251914083,1.418803748085917,1.678838031320681,0.0007439082820329397,0.7249550478803901,0.727357514207628,0.0008578270882559609,1.0,-0.005113368612787739,1.000114776216212,-0.002246858554832195,1.0,0.004082456323632338,1.0,0.000127155787570403,1.0,-0.0009972356598703055,1.0,1.0063288116372822,-0.7921196251914231,-0.1642516373652314,True
20261053,ss,85,2.97,4.5,1,0,bounded,-0.005,-25,3000,True,9.928385774335004e-05,9.920785676303171e-05,1.551432369682815,1.418567630317185,1.67937887597113,0.0007414247041197136,0.7275248155374373,0.7275837660881846,-0.00478995274329375,1.0,-0.002199016828566223,1.000777929214916,0.0003269903229214594,1.0,0.008262893802823953,1.0,0.0003535990903111166,1.0,0.001743699690331516,1.0,1.0007660782401526,-0.7921432369682901,-0.7161422566499653,True
20261054,ss,85,2.97,4.5,1,0,bounded,-0.005,-25,3000,True,9.915052927568815e-05,9.920793093298542e-05,1.550690670145749,1.419309329854251,1.679509963764374,0.0007408249463008436,0.7273876323102716,0.7268759678033433,-0.007758094647493779,1.0,0.003197127214192698,0.9971133801332572,0.0001907930599089017,1.0,-0.00688222352912343,1.0,-0.0003541535395902427,1.0,-0.002362779528830091,1.0,0.9994214005195206,-0.7920690670145891,-0.8494707243118516,True
20261055,ss,85,2.97,4.5,1,0,bounded,-0.005,-25,3000,True,9.856665058110371e-05,9.920796958136147e-05,1.550304186385097,1.419695813614903,1.680086007984284,0.0007381976069599865,0.7295104818205024,0.7265079458975039,0.006196244808632577,1.0,-0.002155698551582496,1.00166697356149,0.002317960368188337,1.0,-0.004004062041377397,1.0,-0.0007219733981926205,1.0,0.0004675470557624501,1.0,0.9935356100627398,-0.7920304186385341,-1.4333494188962903,True
20261056,ss,85,2.97,4.5,1,0,bounded,-0.005,-25,3000,True,9.924494331600733e-05,9.920781292784326e-05,1.551870721567115,1.418129278432885,1.679417119140266,0.0007412494590066021,0.7281070004863716,0.7280022578036849,0.002847509053064508,1.0,0.0009376071789865768,0.9980040381341012,0.000909463044205184,1.0,-0.005178414529209785,1.0,0.0007721046145307879,1.0,-0.01067990900293344,1.0,1.000374268790615,-0.792187072156747,-0.7550566839926831,True
20261057,ss,85,2.97,4.5,1,0,bounded,-0.005,-25,3000,True,9.891245069718315e-05,9.920788769424893e-05,1.551123057510454,1.418876942489546,1.679744457965413,0.000739753464278172,0.7288129984714008,0.7272890871248979,-0.004174781479584244,1.0,0.001390444853963754,1.000301778393228,0.001617919815845568,1.0,0.003235421345599325,1.0,5.904860308784782e-05,1.0,-0.002033692005938357,1.0,0.9970220412516362,-0.7921123057510693,-1.0875493028168481,True
20261058,ss,85,2.97,4.5,1,0,bounded,-0.005,-25,3000,True,9.8927159253707e-05,9.920806772962829e-05,1.549322703716941,1.420677296283059,1.679729955332965,0.0007398201874869474,0.7270393668996674,0.7255704477807907,-0.003021216797904603,1.0,-0.002832400869078403,0.999108759213966,-0.0001558205266345571,1.0,-0.005841590655588523,1.0,-0.001659597167424138,1.0,-0.005595284627046475,1.0,0.9971684916121253,-0.7919322703717091,-1.0728407462930023,True
20261059,ss,85,2.97,4.5,1,0,bounded,-0.005,-25,3000,True,9.919936637819239e-05,9.920773298236606e-05,1.552670176339321,1.417329823660679,1.679461927994674,0.0007410441253499339,0.7290606696142594,0.7287654371917046,0.002663589958953463,1.0,0.00973343270376243,0.9999547011287808,0.001863469213957005,1.0,0.00813691610789489,1.0,0.001535300386753016,1.0,-0.006747935864294651,1.0,0.9999156658062617,-0.7922670176339408,-0.8006336218076116,True
20261060,ss,85,2.97,4.5,1,0,bounded,-0.005,-25,3000,True,9.972308797088137e-05,9.920775541530526e-05,1.55244584694728,1.41755415305272,1.678948205978043,0.0007434009391408293,0.7266205989476415,0.7285504908202654,-0.002375919293241864,1.0,-0.001937261081431495,0.9998433602347012,-0.0005804743672739053,1.0,-0.002125676462254855,1.0,0.001320172363384975,1.0,0.0007023669584552361,1.0,1.005194478530623,-0.7922445846947457,-0.27691202911863666,True
20261061,ss,85,2.97,4.5,1,0,bounded,-0.005,-25,3000,True,9.929064340199835e-05,9.92078603319363e-05,1.551396680637008,1.418603319362992,1.67937220881907,0.0007414552501840048,0.7274620549506824,0.7275496880012582,0.01042781906864759,1.0,0.002266119438794216,0.9986376441677044,0.0002641795562223332,1.0,-0.011284994475865,1.0,0.0003195186254676377,1.0,-0.004811975153875547,1.0,1.000834440635904,-0.7921396680637072,-0.7093565980016536,True
20261062,ss,85,2.97,4.5,1,0,bounded,-0.005,-25,3000,True,9.949750317474062e-05,9.920785309786569e-05,1.551469021342816,1.418530978657185,1.679169168954085,0.0007423860976753888,0.7266509296620853,0.7276184185953141,0.007534091825714396,1.0,-0.002288992440071684,1.000757480026288,-0.0005484754586351463,1.0,-0.003508867210594932,1.0,0.0003881775894160307,1.0,-0.005657061188901589,1.0,1.0029196285155892,-0.7921469021343164,-0.5024968252593909,True
20261063,ss,85,2.97,4.5,1,0,bounded,-0.005,-25,3000,True,9.933484238780301e-05,9.920791385275653e-05,1.550861472434562,1.419138527565438,1.679328792315671,0.00074165430457601,0.7267653804529123,0.727038724620358,0.01721373948670538,1.0,-0.00305317265692074,0.9991846949988912,-0.0004328217930992439,1.0,0.009081161549102133,1.0,-0.0001914604670448472,1.0,0.002306812376896432,1.0,1.0012794194547308,-0.7920861472434759,-0.6651576121969982,True
20261064,ss,85,2.97,4.5,1,0,bounded,-0.005,-25,3000,True,9.891430077405706e-05,9.92079232126317e-05,1.550767873682768,1.419232126317233,1.679742633677586,0.0007397618951125475,0.7284675719153162,0.7269500339498286,0.00161253409114786,1.0,-0.005974826466525879,1.000819159176215,0.001272479578273925,1.0,0.005032381989308689,1.0,-0.0002800054754144808,1.0,0.002469520551036154,1.0,0.9970403327771985,-0.7920767873683121,-1.0856992259429377,True
20261065,ss,85,2.97,4.5,1,0,bounded,-0.005,-25,3000,True,9.906926033927212e-05,9.920783130872475e-05,1.551686912752434,1.418313087247567,1.679589949020438,0.0007404589402030471,0.7286805083485292,0.7278270773607831,-0.008544023913758993,1.0,0.003607484725895283,1.001939247451998,0.001484270083114524,1.0,-0.01557842399300955,1.0,0.0005969849157934009,1.0,-0.005354756804333506,1.0,0.9986032254951587,-0.7921686912752524,-0.9307396607278862,True
20261066,ss,85,2.97,4.5,1,0,bounded,-0.005,-25,3000,True,9.867003692125044e-05,9.920802379968744e-05,1.549762003125449,1.420237996874551,1.679983773264588,0.0007386630065195015,0.7285537189183399,0.7259902135101808,0.004983868317857998,1.0,0.0006605459443223745,1.000349907760601,0.00136043291954807,1.0,0.008065926955327311,1.0,-0.001239742012556328,1.0,0.00201618066875546,1.0,0.9945771838019548,-0.7919762003125608,-1.329963078749563,True
20261067,ss,85,2.97,4.5,1,0,bounded,-0.005,-25,3000,True,9.868844544420531e-05,9.920800438467795e-05,1.549956153220354,1.420043846779646,1.679965580461482,0.0007387457872106877,0.7286596499578851,0.7261755224997538,-6.090253992760907e-05,1.0,0.003380923612400111,0.9990556089339144,0.00146622782744032,1.0,0.01240267706500572,1.0,-0.001054439258728973,1.0,0.001914818513871402,1.0,0.994762933256292,-0.7919956153220498,-1.3115545557946917,True
20261068,ss,85,2.97,4.5,1,0,bounded,-0.005,-25,3000,True,9.994497984562235e-05,9.920776818894467e-05,1.552318110553166,1.417681889446835,1.678731322495469,0.0007443994905156394,0.7255575081421121,0.7284282157337554,-0.001157068696844608,1.0,0.002670443610000204,1.00192673434647,-0.001645206055120337,1.0,-0.001808111433258785,1.0,0.001197820289905344,1.0,-0.008112238279463092,1.0,1.0074309872113405,-0.7922318110553439,-0.05502015437764962,True
20261069,ss,85,2.97,4.5,1,0,bounded,-0.005,-25,3000,True,9.892898706812239e-05,9.92079824648291e-05,1.550175351708921,1.41982464829108,1.679728153251478,0.0007398281594159142,0.7278418965131866,0.7263843945545142,0.001472717280542755,1.0,0.0008096315990771497,0.9989783057298354,0.000646695570465584,1.0,-0.01480558380993582,1.0,-0.000845650397525776,1.0,-0.01036484133898709,1.0,0.9971877726995847,-0.792017535170908,-1.071012931877613,True
20261070,ss,85,2.97,4.5,1,0,bounded,-0.005,-25,3000,True,9.898799704936158e-05,9.920802037334867e-05,1.549796266513207,1.420203733486793,1.679669991018743,0.0007400938169193072,0.727230091577053,0.7260224251683434,-0.0008364710255832889,1.0,-0.003206410629910219,0.9997039348928236,3.445425422314365e-05,1.0,-0.003983409512240397,1.0,-0.001207640512454618,1.0,-0.0075581596126465,1.0,0.997782202253819,-0.7919796266513401,-1.0120029506384243,True
20261071,ss,85,2.97,4.5,1,0,bounded,-0.005,-25,3000,True,9.882032433675837e-05,9.92079176687918e-05,1.550823312081779,1.419176687918221,1.679835341126076,0.0007393389846807838,0.7289210503169997,0.727003101158366,0.01195296821751581,1.0,0.001670919773089724,0.9985111762347416,0.001726652938136049,1.0,-0.003696571114326367,1.0,-0.0002269056601561394,1.0,-0.008192903556934267,1.0,0.9960931209812566,-0.7920823312082104,-1.1796756632416305,True
20261072,ss,85,2.97,4.5,1,0,bounded,-0.005,-25,3000,True,9.904099116533706e-05,9.920795037969645e-05,1.55049620303535,1.41950379696465,1.679617786270463,0.0007403320825589783,0.7276694256219892,0.7266905029682956,-0.00753541233983798,1.0,-0.01098276234390799,1.002831078760402,0.0004733964070689872,1.0,-0.003667243048507399,1.0,-0.0005395805597630438,1.0,-0.00883482422199156,1.0,0.9983170782813233,-0.7920496203035587,-0.9590088346629444,True
20261073,ss,85,2.97,4.5,1,0,bounded,-0.005,-25,3000,True,9.959256500850535e-05,9.92078230319626e-05,1.551769680373942,1.418230319626058,1.679075996865269,0.0007428137866323794,0.7265325768244241,0.7279052660428564,-0.001418502526922718,1.0,0.002894514540931494,0.9978253116432437,-0.0006675312767343037,1.0,-0.0002561215031551513,1.0,0.0006749923170627576,1.0,0.01228798786982825,1.0,1.0038781415092517,-0.7921769680374058,-0.40743499149465956,True
20261074,ss,85,2.97,4.5,1,0,bounded,-0.005,-25,3000,True,9.941421269290464e-05,9.920784101913488e-05,1.551589808650994,1.418410191349006,1.679250873156569,0.0007420112546334158,0.727119866554776,0.7277338472826189,0.004424990353289136,1.0,-0.001837185733567171,0.9976691155457332,-7.892263381712814e-05,1.0,-0.009657610141839985,1.0,0.0005036352287551241,1.0,-0.003475429761227685,1.0,1.0020801951907203,-0.7921589808651208,-0.5857873070953645,True
20261075,ss,85,2.97,4.5,1,0,bounded,-0.005,-25,3000,True,9.886981903413007e-05,9.920791646873275e-05,1.550835312672255,1.419164687327745,1.679786504341823,0.0007395617072539998,0.7287213447724816,0.7270144794577426,-0.00498843501181542,1.0,-0.003158479806503686,1.00215699029562,0.001526581378995513,1.0,-1.007778598608893e-05,1.0,-0.0002155445032944047,1.0,-0.007234826964094917,1.0,0.9965920316983048,-0.7920835312672625,-1.1301809658699313,True
20261076,ss,85,2.97,4.5,1,0,bounded,-0.005,-25,3000,True,9.902952389454191e-05,9.92079306528873e-05,1.550693471126939,1.419306528873061,1.679629080483436,0.0007402804212533295,0.7279057414528862,0.7268788305238718,0.002666686299758852,1.0,0.0003964246345608562,1.002896893324503,0.0007097970386752204,1.0,0.003767947541759003,1.0,-0.000351248884833904,1.0,-0.01242448944873376,1.0,0.9982016885427275,-0.7920693471127005,-0.9704761054580846,True
20261077,ss,85,2.97,4.5,1,0,bounded,-0.005,-25,3000,True,9.940766019677673e-05,9.920778321023338e-05,1.552167897666007,1.417832102333993,1.679257303615578,0.0007419815967086332,0.727696992305017,0.7282856711978799,0.004650279642364791,1.0,-8.54520530789597e-05,0.9990883181651736,0.000498251572276357,1.0,0.0160356063965925,1.0,0.001055461841534852,1.0,0.007084907270242504,1.0,1.002014730901907,-0.792216789766631,-0.5923398032232741,True
20261078,ss,85,2.97,4.5,1,0,bounded,-0.005,-25,3000,True,9.927686659519188e-05,9.92078847479929e-05,1.551152520070915,1.418847479929085,1.67938574547633,0.0007413933270690517,0.727288662492107,0.7273166420185329,0.001951423661772926,1.0,0.00227299558396253,1.000163062343994,9.088897702800016e-05,1.0,-0.002573825782977617,1.0,8.647723661545189e-05,1.0,-0.004300491492292803,1.0,1.0006953262573253,-0.7921152520071084,-0.7231334048081295,True
20261079,ss,85,2.97,4.5,1,0,bounded,-0.005,-25,3000,True,9.951362469125349e-05,9.920783365698291e-05,1.551663430170779,1.418336569829221,1.679153361972173,0.0007424585867596785,0.72676713322637,0.7278039678644492,0.00358795325907928,1.0,-0.005899671526075283,1.000913703756936,-0.0004323911126467545,1.0,-0.01167300870408443,1.0,0.0005737214155097642,1.0,-0.004046309407726855,1.0,1.0030823275037721,-0.7921663430170978,-0.4863753087465228,True
20261080,ss,85,2.97,4.5,1,0,bounded,-0.005,-25,3000,True,9.912257019178673e-05,9.920793216718247e-05,1.550678328175081,1.419321671824919,1.679537474197584,0.0007406991340870485,0.7274949649592587,0.7268642300292962,-0.01036423424240118,1.0,-0.008737524900506204,0.9976583408072716,0.0002983324665441581,1.0,0.001094236530587869,1.0,-0.000365881634004849,1.0,0.001107450798472643,1.0,0.9991395650173225,-0.7920678328175335,-0.8774298082132703,True
20261081,ss,85,2.97,4.5,1,0,bounded,-0.005,-25,3000,True,9.901831659404982e-05,9.920804666860037e-05,1.549533313996089,1.420466686003912,1.679640119849081,0.0007402303329682493,0.7268509883642622,0.7257713589714926,0.00222263966055888,1.0,0.002945705397397344,1.002508755442341,-0.0003448731722026755,1.0,-0.001870564626068932,1.0,-0.001458717410194384,1.0,0.01097923067488028,1.0,0.9980875535712912,-0.7919533313996308,-0.9816834059501844,True
20261082,ss,85,2.97,4.5,1,0,bounded,-0.005,-25,3000,True,9.956447378781354e-05,9.920791588587528e-05,1.550841141247147,1.419158858752853,1.679103520869437,0.0007426876519154057,0.725769691835582,0.7270189582586241,0.006143384425142651,1.0,0.002293192559317103,1.001311678711696,-0.001430208531899777,1.0,-0.02092381926741343,1.0,-0.0002113064183642527,1.0,0.001691590278333388,1.0,1.0035940468938833,-0.7920841141247248,-0.4355262121864545,True
20261083,ss,85,2.97,4.5,1,0,bounded,-0.005,-25,3000,True,9.935246040737957e-05,9.920782770570656e-05,1.551722942934293,1.418277057065707,1.679311491309539,0.0007417333298071155,0.72750903488162,0.7278610277174882,0.001774571408007803,1.0,-0.005641749853394325,0.9986469072731874,0.0003107023507501871,1.0,-0.002720917563029478,1.0,0.0006308371610994865,1.0,0.007559078257579279,1.0,1.0014578759057406,-0.7921722942934473,-0.6475395926204275,True
20261084,ss,85,2.97,4.5,1,0,bounded,-0.005,-25,3000,True,9.922810377886483e-05,9.920797802096702e-05,1.550219790329621,1.41978020967038,1.67943367261436,0.0007411741714165247,0.7266098881112403,0.7264263484625464,0.0007821260067862983,1.0,0.00347577614054335,1.00012003363667,-0.0005875248031116452,1.0,-0.01137113821846477,1.0,-0.0008038001102218039,1.0,-0.003352999988208071,1.0,1.0002028643088923,-0.7920219790329863,-0.771896221135171,True
20261085,ss,85,2.97,4.5,1,0,bounded,-0.005,-25,3000,True,9.963927341963532e-05,9.92077314942597e-05,1.552685057402901,1.417314942597099,1.679030247892837,0.0007430237026141103,0.7272038819982611,0.7287789545814003,-0.0178380337828314,1.0,-0.007641748418748816,0.9982503305137628,3.428489781406846e-06,1.0,-0.008958630150133191,1.0,0.001548665345737605,1.0,0.007403487154651008,1.0,1.00434988199887,-0.7922685057403123,-0.36072658036467864,True
20261086,ss,85,2.97,4.5,1,0,bounded,-0.005,-25,3000,True,9.944010173796348e-05,9.920781155855776e-05,1.55188441442234,1.41811558557766,1.67922547021624,0.0007421276678390343,0.7272896629254038,0.7280150235535391,-0.01051785718656612,1.0,0.003158551523237673,1.001380697242813,9.068228769273595e-05,1.0,0.01412338172495116,1.0,0.0007848027459603437,1.0,0.01091300663333724,1.0,1.0023414504942347,-0.7921884414422431,-0.5598982620365178,True
20261087,ss,85,2.97,4.5,1,0,bounded,-0.005,-25,3000,True,9.958729256541877e-05,9.920793278954542e-05,1.550672104545747,1.419327895454253,1.679081162285763,0.0007427903866172431,0.7255120935803322,0.7268575631556974,-0.005121409692976957,1.0,-0.006561462695049542,1.00304459690797,-0.001687975531615124,1.0,-0.009351902701382697,1.0,-0.0003727095534566487,1.0,0.003558821262017348,1.0,1.00382388550196,-0.7920672104545834,-0.4127074345812387,True
20261088,ss,85,2.97,4.5,1,0,bounded,-0.005,-25,3000,True,9.905418315756454e-05,9.920794627082725e-05,1.550537291727389,1.419462708272612,1.679604794899883,0.0007403914343227863,0.7276522648898114,0.726729705187844,-0.0008291675251925227,1.0,0.004242765279575431,1.001573164532431,0.0004561381199427494,1.0,-0.003325906216385677,1.0,-0.0005003828813842924,1.0,0.01551012120099177,1.0,0.9984500927693538,-0.7920537291727481,-0.9458168424354652,True
20261089,ss,85,2.97,4.5,1,0,bounded,-0.005,-25,3000,True,9.944704906512148e-05,9.920781939184734e-05,1.551806081526392,1.418193918473609,1.679218654403479,0.0007421589540752523,0.727185700681835,0.7279402400366373,0.004798322943916694,1.0,-0.001577162457631029,0.9973882841376938,-1.33313313012533e-05,1.0,0.008184256443182191,1.0,0.0007100167636161595,1.0,0.009202238145251895,1.0,1.0024113993709431,-0.7921806081526594,-0.5529509348785155,True
20261090,ss,85,2.97,4.5,1,0,bounded,-0.005,-25,3000,True,9.890142092339551e-05,9.920798206513784e-05,1.550179348621307,1.419820651378694,1.679755334662397,0.0007397041105770534,0.7279631983114495,0.7263882531005792,-0.00524644776559524,1.0,-0.002651856601623561,0.9978606029740952,0.0007682012209858612,1.0,0.003619895147724379,1.0,-0.000841782295897598,1.0,-0.005774506415865477,1.0,0.9969099145516229,-0.7920179348621659,-1.098579076604489,True
20261091,ss,85,2.97,4.5,1,0,bounded,-0.005,-25,3000,True,9.958406281567114e-05,9.920787238567318e-05,1.551276143267947,1.418723856732053,1.679084326604711,0.0007427756733447291,0.726099761454746,0.7274341690330571,0.0006530206718977444,1.0,0.000198367479701102,0.9987437168920048,-0.00110028377304884,1.0,-0.002825003646918039,1.0,0.0002038978890954201,1.0,-0.009778105709931768,1.0,1.0037919413142489,-0.7921276143268208,-0.41593718432887394,True
20261092,ss,85,2.97,4.5,1,0,bounded,-0.005,-25,3000,True,9.953248174818276e-05,9.920775851361867e-05,1.552414863813213,1.417585136186787,1.679134875904311,0.0007425432203408251,0.7274009470910648,0.7285212141259273,0.003643027648338471,1.0,-0.0006645114034350995,0.9976655648189998,0.0002012833046944174,1.0,0.00342638213211235,1.0,0.001290961697284231,1.0,0.003088521673839517,1.0,1.0032731637064405,-0.7922414863813398,-0.46751825181724493,True
20261093,ss,85,2.97,4.5,1,0,bounded,-0.005,-25,3000,True,9.936500737910782e-05,9.920781699786656e-05,1.551830021334214,1.418169978665786,1.679299171879414,0.000741789759377441,0.7275573785634897,0.7279632199725513,-0.007053829059705592,1.0,-0.005657182360385218,0.9956270840055476,0.0003589532478741173,1.0,0.01267876916548897,1.0,0.0007330251473788387,1.0,0.0125529402855232,1.0,1.0015844556003548,-0.7921830021334397,-0.634992620892183,True
20261094,ss,85,2.97,4.5,1,0,bounded,-0.005,-25,3000,True,9.898738622673354e-05,9.920798452841282e-05,1.550154715871655,1.419845284128345,1.679670592897595,0.0007400909617583384,0.7275733208672144,0.7263646043405475,0.002731867649168058,1.0,-0.001447961514405673,1.003479192479694,0.0003776880615571216,1.0,0.00830417224396999,1.0,-0.0008654608639264884,1.0,-0.01118441611415865,1.0,0.9977764057729034,-0.792015471587193,-1.0126137732664575,True
20261095,ss,85,2.97,4.5,1,0,bounded,-0.005,-25,3000,True,9.948018044750575e-05,9.920793750778222e-05,1.550624922177632,1.419375077822368,1.679186156420015,0.0007423083961000888,0.725922507942292,0.7268126907622456,0.008030943188152362,1.0,-0.003005456809860611,0.9974688572923964,-0.001276769077414169,1.0,-0.006254318312165255,1.0,-0.0004175448640694246,1.0,0.00488818381608015,1.0,1.002744164898118,-0.7920624922177821,-0.5198195524942495,True
20261096,ss,85,2.97,4.5,1,0,bounded,-0.005,-25,3000,True,9.954828794638195e-05,9.920785373337779e-05,1.551462666222005,1.418537333777995,1.679119383233747,0.000742614631036562,0.7264290106224508,0.7276122729394318,0.004655010815668722,1.0,0.006433750031439795,1.000180759259142,-0.0007707700508149831,1.0,0.005723633901258575,1.0,0.0003820143303078545,1.0,0.002164560874624252,1.0,1.0034315248258376,-0.7921462666222179,-0.45171205361805855,True
20261097,ss,85,2.97,4.5,1,0,bounded,-0.005,-25,3000,True,9.98107815038677e-05,9.920781438246789e-05,1.551856175320974,1.418143824679027,1.678862437133094,0.0007437957351728252,0.725688047208601,0.727987488969956,-0.0008632369719437225,1.0,0.004297810003481109,1.000185166574393,-0.001513674597362802,1.0,-0.01021109425227589,1.0,0.0007571396890235053,1.0,0.007310037326117728,1.0,1.0060778188205541,-0.7921856175321151,-0.18921849613230401,True
20261098,ss,85,2.97,4.5,1,0,bounded,-0.005,-25,3000,True,9.958473718529794e-05,9.920794504740851e-05,1.550549525914817,1.419450474085183,1.67908366588896,0.0007427789238144897,0.7254064513884224,0.7267405551438079,-0.004232990052023617,1.0,0.005843290334735345,1.00141821456094,-0.001793598826584482,1.0,0.008055551889971318,1.0,-0.0004897167703486892,1.0,-0.003213527442077178,1.0,1.003798003654943,-0.7920549525914922,-0.4152628147020665,True
20261099,ss,85,2.97,4.5,1,0,bounded,-0.005,-25,3000,True,9.944758036169268e-05,9.920785050458355e-05,1.551494954164373,1.418505045835627,1.679218133183061,0.0007421614373149352,0.726887826466575,0.727643251022514,0.004373463150299234,1.0,0.0002171468408014365,0.9977190532819358,-0.0003112094756072105,1.0,-0.002834821259814204,1.0,0.0004130273356416197,1.0,0.0005036819151312632,1.0,1.0024164403914593,-0.7921494954164499,-0.5524196383073332,True
20261100,ss,85,2.97,4.5,1,0,bounded,-0.005,-25,3000,True,9.893740480010939e-05,9.920796660051755e-05,1.550333994824221,1.419666005175779,1.679719854436665,0.0007398659920921001,0.7279567625108432,0.7265358218638522,-0.00190250764083775,1.0,-0.003596882730753179,0.9985336072512416,0.0007614993188696669,1.0,-0.006261655006796744,1.0,-0.0006942258880307271,1.0,-0.004953000323648022,1.0,0.9972727815146374,-0.7920333994824502,-1.0625951998906147,True
20261101,ss,85,2.97,4.5,1,0,bounded,-0.005,-25,3000,True,9.923052888340868e-05,9.920788467357032e-05,1.551153264296627,1.418846735703373,1.679431288542124,0.000741184807143727,0.727486588526351,0.7273174248562745,-0.007247908453313317,1.0,-0.006124794010023512,0.999756349056904,0.0002891576786773601,1.0,0.004486297701589616,1.0,8.727613248957886e-05,1.0,-0.002461527342647529,1.0,1.0002282501024276,-0.7921153264296876,-0.7694711165913248,True
20261102,ss,85,2.97,4.5,1,0,bounded,-0.005,-25,3000,True,9.920477605346014e-05,9.920796358281066e-05,1.550364171893271,1.41963582810673,1.679456608463829,0.0007410691537697257,0.7268463878625234,0.7265642111494288,-0.004431685329095489,1.0,-0.003556406533883197,0.998461688578114,-0.0003508525431801887,1.0,-0.004564725537982547,1.0,-0.0006659292328760676,1.0,-0.01325905109014184,1.0,0.9999678702269919,-0.7920364171893457,-0.7952239465398692,True
20261103,ss,85,2.97,4.5,1,0,bounded,-0.005,-25,3000,True,9.88707771059031e-05,9.920796871578219e-05,1.550312842177892,1.419687157822108,1.679785559234305,0.0007395661737512012,0.7282207423810987,0.7265157336910688,-0.0004822248610178705,1.0,-0.0002880201685203794,1.002323351474223,0.001025971902461938,1.0,-0.002365212772601214,1.0,-0.0007142909878079857,1.0,0.003654661626652834,1.0,0.9966011640572432,-0.792031284217809,-1.129222894096904,True
20261104,ss,85,2.97,4.5,1,0,bounded,-0.005,-25,3000,True,9.871156882268841e-05,9.920799505320941e-05,1.550049467905743,1.419950532094257,1.679942732618533,0.0007388498146988265,0.7286496452310436,0.7262645651025066,0.009645796612850761,1.0,-0.001220875691544727,1.00188818656376,0.001456052102413716,1.0,0.009276477911352792,1.0,-0.0009654046001358528,1.0,0.001225445773341892,1.0,0.9949961066116219,-0.7920049467905921,-1.2884311773115886,True
20261105,ss,85,2.97,4.5,1,0,bounded,-0.005,-25,3000,True,9.881642007579052e-05,9.920806618790211e-05,1.549338120978807,1.420661879021194,1.679839194477337,0.0007393218566084118,0.7275262279395732,0.725585338512465,-0.007573960481239047,1.0,0.00268632929905134,1.000583754798501,0.0003318594322899018,1.0,0.006840926077108021,1.0,-0.001644668049641388,1.0,0.01107441962230713,1.0,0.9960522755138699,-0.7919338120978892,-1.183579924209488,True
20261106,ss,85,2.97,4.5,1,0,bounded,-0.005,-25,3000,True,9.8947072144581e-05,9.920795796608196e-05,1.550420339180302,1.419579660819698,1.679710324489475,0.0007399094694990545,0.7279976074335742,0.7266182306254637,-0.005243865840074056,1.0,0.002984734370185314,1.003810959010655,0.0008022727514161821,1.0,-0.007503363367950915,1.0,-0.0006118204126787862,1.0,0.001642606836960535,1.0,0.9973703135630495,-0.792042033918039,-1.0529278554190058,True
20261107,ss,85,2.97,4.5,1,0,bounded,-0.005,-25,3000,True,9.900548859750037e-05,9.920810805036477e-05,1.548919496352157,1.421080503647844,1.679652757081382,0.0007401727892883614,0.7263223112697635,0.7251854102452051,-0.009239395015707573,1.0,0.007630970557527973,0.999748667782844,-0.0008734554036842572,1.0,-0.001120041429861221,1.0,-0.002044662144321445,1.0,-0.01672437375474901,1.0,0.9979576321245685,-0.7918919496352261,-0.9945114024996315,True
20261108,ss,85,2.97,4.5,1,0,bounded,-0.005,-25,3000,True,9.962522317401059e-05,9.920783582447067e-05,1.551641755293204,1.418358244706797,1.679044007391467,0.0007429607863713601,0.7262722544045952,0.7277831037002865,0.003704862343890229,1.0,0.004410230393087894,1.000598688251852,-0.0009280952030159196,1.0,0.008856994470454104,1.0,0.0005528185628910141,1.0,-0.007927974176023164,1.0,1.0042072014379833,-0.7921641755293307,-0.3747768259894202,True
20261109,ss,85,2.97,4.5,1,0,bounded,-0.005,-25,3000,True,9.918945130876913e-05,9.920796641429707e-05,1.55033585702906,1.419664142970941,1.679471678558635,0.0007410002008282347,0.7268847150629569,0.726537205796852,0.006492579326468398,1.0,-0.002161052693016871,0.999996248950172,-0.0003124120161976364,1.0,0.002765669089205044,1.0,-0.0006929292959322232,1.0,-0.006961341284307345,1.0,0.9998133707786063,-0.7920335857029337,-0.8105486912308835,True
20261110,ss,85,2.97,4.5,1,0,bounded,-0.005,-25,3000,True,9.918041661414113e-05,9.920796490128882e-05,1.550350987111682,1.419649012888318,1.679480564160069,0.0007409595402090869,0.726937568222165,0.7265516630106759,0.008115435098193404,1.0,-0.0006770657944046876,0.9976041297126331,-0.0002594920453719213,1.0,-0.00272559863177441,1.0,-0.0006784689401351559,1.0,0.006366937891263661,1.0,0.9997223177879407,-0.7920350987111857,-0.8195833858588797,True
20261111,ss,85,2.97,4.5,1,0,bounded,-0.005,-25,3000,True,9.951915279175529e-05,9.920773657088122e-05,1.552634291187763,1.417365708812237,1.679147942285765,0.0007424831748670325,0.7276661086803556,0.7287306844629724,0.01397126174873401,1.0,-0.001094446336993312,1.002874278982962,0.0004665434614771704,1.0,-0.004800595092533139,1.0,0.001500436815195981,1.0,0.005890366786624713,1.0,1.003139031608201,-0.7922634291187891,-0.48084720824471683,True
20261112,ss,85,2.97,4.5,1,0,bounded,-0.005,-25,3000,True,9.922892705282939e-05,9.92079821095847e-05,1.550178904152964,1.419821095847036,1.679432863263828,0.0007411778882922379,0.7265674949811415,0.7263873172477828,-0.002225736568382795,1.0,0.002072975896428024,0.9981278127440579,-0.0006299240213397078,1.0,0.01219319268936325,1.0,-0.0008428316404421556,1.0,0.007406896428613284,1.0,1.0002111215529166,-0.7920178904153086,-0.7710729471706146,True
20261113,ss,85,2.97,4.5,1,0,bounded,-0.005,-25,3000,True,9.964377638202938e-05,9.920772162488614e-05,1.55278375113846,1.417216248861541,1.679025838501528,0.0007430439366340025,0.7272785277904741,0.7288731527404437,-0.001881733354376886,1.0,0.0008955409451817367,1.002230400744412,7.804098273834512e-05,1.0,-0.01073846680640208,1.0,0.001642862017077618,1.0,-0.01000973829260945,1.0,1.0043953711465323,-0.792278375113864,-0.3562236179706302,True
20261114,ss,85,2.97,4.5,1,0,bounded,-0.005,-25,3000,True,9.978127174283293e-05,9.920782482504071e-05,1.551751749592774,1.418248250407226,1.678891291232,0.0007436629722622586,0.7257140802076684,0.7278878553965556,0.01160156566756635,1.0,0.002157069836970772,1.001977628038466,-0.001487423374655915,1.0,-0.001333097270832661,1.0,0.0006575162645009896,1.0,-0.002368945159149474,1.0,1.0057802589544074,-0.7921751749592976,-0.2187282571670668,True
20261115,ss,85,2.97,4.5,1,0,bounded,-0.005,-25,3000,True,9.962397206247621e-05,9.920773183723621e-05,1.552681627637785,1.417318372362215,1.679045232702577,0.0007429548475262871,0.7272656363132339,0.7287757046049472,-0.004189472251375748,1.0,-0.001452211037381758,1.000694853737887,6.529595793390171e-05,1.0,-0.01224081610295307,1.0,0.001545420669022183,1.0,-0.005270455491160684,1.0,1.0041956429960812,-0.7922681627637873,-0.37602793752379293,True
20261116,ss,85,2.97,4.5,1,0,bounded,-0.005,-25,3000,True,9.94479463845669e-05,9.920787286270567e-05,1.551271372943042,1.418728627056958,1.679217774103432,0.0007421631508224173,0.7266738201943278,0.7274298280304302,0.002206961016567009,1.0,0.005697790013961994,0.9993853718382651,-0.0005252184546704323,1.0,-0.001617310629460022,1.0,0.0001996040516386911,1.0,0.0005993760402575114,1.0,1.0024199039343729,-0.7921271372943295,-0.5520536154331013,True
20261117,ss,85,2.97,4.5,1,0,bounded,-0.005,-25,3000,True,9.868288152797979e-05,9.92079371194012e-05,1.550628805987754,1.419371194012246,1.679971078837343,0.0007387205498093696,0.7293226940182364,0.7268176434961728,0.01258603125785148,1.0,0.001247307537124173,0.9976340072857676,0.002129313033407398,1.0,-0.001598483913253069,1.0,-0.0004123158376265685,1.0,-0.002837348221406004,1.0,0.9947075243507031,-0.7920628805987984,-1.3171184720202178,True
20261118,ss,85,2.97,4.5,1,0,bounded,-0.005,-25,3000,True,9.947118011932523e-05,9.920790103067519e-05,1.550989693248011,1.419010306751989,1.679194983665497,0.0007422677862878025,0.7263073678369426,0.7271609084994702,-0.009910938897586733,1.0,0.005747941659441574,1.003409959293348,-0.0008918426253369873,1.0,0.004138096666863193,1.0,-6.932373844484485e-05,1.0,0.001643168012663537,1.0,1.0026538117016368,-0.792098969324817,-0.5288198806747801,True
20261119,ss,85,2.97,4.5,1,0,bounded,-0.005,-25,3000,True,9.927673586584453e-05,9.920797950386737e-05,1.550204961326203,1.419795038673797,1.679385873935404,0.0007413930202124614,0.7263887697853509,0.726412116752306,-0.001440814214922481,1.0,0.005396427408549625,1.003039106687831,-0.00080900276332747,1.0,0.01347190551866058,1.0,-0.0008180486839728354,1.0,-0.006015533329671047,1.0,1.0006930527395175,-0.7920204961326394,-0.7232641341554769,True
20261120,ss,85,2.97,4.5,1,0,bounded,-0.005,-25,3000,True,9.918416169067447e-05,9.920790800964598e-05,1.550919903540192,1.419080096459808,1.679476880792662,0.0007409762240861001,0.7274622494999727,0.7270947371411095,-0.004099629574395964,1.0,0.003631696215051082,0.9981326676005817,0.0002651615377753175,1.0,-0.003677026620998875,1.0,-0.0001353956872990448,1.0,-0.0009909890722725873,1.0,0.9997606408657544,-0.7920919903540269,-0.8158383093255339,True
20261121,ss,85,2.97,4.5,1,0,bounded,-0.005,-25,3000,True,9.945902429444521e-05,9.92079649760762e-05,1.550350239237865,1.419649760762135,1.679206906928528,0.0007422132749939096,0.7257514294157583,0.7265505141075385,-0.02306949569971921,1.0,0.006869240240560194,1.001321686959466,-0.001447691154589963,1.0,0.002136068461664597,1.0,-0.0006797143900237408,1.0,0.0009497842590618087,1.0,1.0025306367127835,-0.7920350239237983,-0.5409757055547915,True
20261122,ss,85,2.97,4.5,1,0,bounded,-0.005,-25,3000,True,9.892017018084876e-05,9.920797683905451e-05,1.550231609454856,1.419768390545144,1.679736846301503,0.00073978846671581,0.7279329328696339,0.7264381119433218,0.005454299295817802,1.0,0.007746509248123297,1.001605071934657,0.0007377971280075994,1.0,-0.002092526366648243,1.0,-0.0007919299118732916,1.0,-0.004871924467046413,1.0,0.9970989564813658,-0.7920231609454986,-1.0798298191512457,True
20261123,ss,85,2.97,4.5,1,0,bounded,-0.005,-25,3000,True,9.979711300031204e-05,9.920776992186048e-05,1.552300781394999,1.417699218605001,1.678875800936743,0.0007437340948574346,0.7261684716132262,0.7284119054054901,-0.003320250314035729,1.0,-0.003931516988497438,0.9995901245803046,-0.001033149114470615,1.0,0.005477803471479387,1.0,0.001181561189455756,1.0,-0.001257524262261068,1.0,1.005940493158104,-0.792230078139522,-0.20288699968796786,True
20261124,ss,85,2.97,4.5,1,0,bounded,-0.005,-25,3000,True,9.909251547348155e-05,9.920787876999353e-05,1.551212300064519,1.418787699935481,1.679567054852682,0.0007405637292670312,0.7281304117526398,0.7273739941198446,0.0007326430161057507,1.0,0.004099107583867386,0.9993671817823232,0.0009340015150676302,1.0,-0.003004937944672088,1.0,0.000143893265660136,1.0,0.004126315548289752,1.0,0.9988371558998913,-0.7921212300064817,-0.9074845265184539,True
20261125,ss,85,2.97,4.5,1,0,bounded,-0.005,-25,3000,True,9.949534377925152e-05,9.920793119186041e-05,1.550688081395755,1.419311918604246,1.679171286403823,0.0007423766123344466,0.7259180396699887,0.7268729579709909,0.008490423301348606,1.0,-0.00434317579516169,0.9965239866286983,-0.001281349482316727,1.0,0.0075257832232352,1.0,-0.0003572828632726832,1.0,-0.003111784870854518,1.0,1.0028970726829822,-0.7920688081395899,-0.5046562207484784,True
20261126,ss,85,2.97,4.5,1,0,bounded,-0.005,-25,3000,True,9.864838594246285e-05,9.920809269713827e-05,1.549073028617231,1.42092697138277,1.680005174651179,0.0007385657817405543,0.7279913441647637,0.7253325356101846,0.001401663699594954,1.0,0.001453780574041678,0.9971853918904727,0.0007982182755526815,1.0,0.007182007180695489,1.0,-0.001897412918514837,1.0,-0.005417411471077887,1.0,0.9943582550630815,-0.7919073028617385,-1.3516140575371538,True
20261127,ss,85,2.97,4.5,1,0,bounded,-0.005,-25,3000,True,9.984103311251693e-05,9.920776516825856e-05,1.552348317414346,1.417651682585654,1.678832866070462,0.0007439317212442304,0.7260272446596907,0.7284572115814301,-0.006474297442766515,1.0,-0.003544557482677358,0.998270175653827,-0.00117470085565113,1.0,-0.009850189666867615,1.0,0.00122685218079974,1.0,-0.00166996403334423,1.0,1.006383249770664,-0.7922348317414452,-0.15896688748308074,True
20261128,ss,85,2.97,4.5,1,0,bounded,-0.005,-25,3000,True,9.915153372293352e-05,9.920798533593618e-05,1.550146640638054,1.419853359361947,1.679508975572203,0.0007408296278900064,0.7268663476171767,0.7263566393951507,-0.01121500748800329,1.0,0.001570603166430103,1.000344930369877,-0.0003304990612775375,1.0,0.008668842837113007,1.0,-0.0008734826975408804,1.0,-0.004614078425011992,1.0,0.9994309771253646,-0.7920146640638337,-0.8484662770664841,True
20261129,ss,85,2.97,4.5,1,0,bounded,-0.005,-25,3000,True,9.891124909505868e-05,9.920801675212055e-05,1.549832478794411,1.420167521205589,1.679745642835194,0.0007397484403698549,0.7275916636252698,0.7260571136697199,0.01074777437278929,1.0,-0.002733996678548789,0.9993557899007944,0.0003965938551312112,1.0,-0.005711944254133314,1.0,-0.001172925388791891,1.0,0.00312133711043795,1.0,0.9970086322983014,-0.7919832478794464,-1.0887509049413269,True
20261130,ss,85,2.97,4.5,1,0,bounded,-0.005,-25,3000,True,9.919408968646882e-05,9.920791408549064e-05,1.550859145093513,1.419140854906487,1.679467117023219,0.000741020918111971,0.7273622362574096,0.7270367228946713,0.001361138196222209,1.0,0.001444916579008643,1.001262967226704,0.0001650748776160604,1.0,0.0006584676946366461,1.0,-0.0001934134190171808,1.0,0.01250689165491269,1.0,0.9998606522559289,-0.7920859145093662,-0.8059103135311774,True
20261131,ss,85,2.97,4.5,1,0,bounded,-0.005,-25,3000,True,9.926560773482342e-05,9.92079240971455e-05,1.550759028544768,1.419240971455232,1.679396809402498,0.0007413427790633284,0.7269626528243089,0.7269410418653552,-0.006311616661348256,1.0,-0.004333228457335871,0.9974403677094612,-0.0002350374316496921,1.0,0.004923640164064116,1.0,-0.0002891193054945095,1.0,-0.002699684859835164,1.0,1.000581441837463,-0.7920759028545055,-0.7343922651765866,True
20261132,ss,85,2.97,4.5,1,0,bounded,-0.005,-25,3000,True,9.88750084180038e-05,9.920812258276325e-05,1.548774172367322,1.421225827632679,1.679781385282676,0.0007395856716410009,0.7267403890013069,0.7250468816419604,9.675133897458528e-05,1.0,0.002800671536050992,0.9984976995440288,-0.0004544127685435207,1.0,0.0093095159773582,1.0,-0.002183145639385096,1.0,0.0006333103868695287,1.0,0.9966422692407918,-0.7918774172367526,-1.124991581996193,True
20261133,ss,85,2.97,4.5,1,0,bounded,-0.005,-25,3000,True,9.922749118249121e-05,9.92080087195262e-05,1.549912804737879,1.420087195262121,1.679434274854443,0.0007411715059063643,0.7263207420298827,0.7261332997440338,-0.005569475081550444,1.0,-0.003264879524100288,1.002105186299687,-0.0008766663544313259,1.0,0.009384682454269105,1.0,-0.001096848843079729,1.0,-0.002997803005654773,1.0,1.0001963799416647,-0.7919912804738027,-0.7725088175087991,True
20261134,ss,85,2.97,4.5,1,0,bounded,-0.005,-25,3000,True,9.925342050923027e-05,9.920795709167889e-05,1.550429083211095,1.419570916788905,1.679408786962824,0.0007412880345428658,0.726700991974307,0.7266260991684198,-0.01332420905828291,1.0,0.001813599705570805,1.001015485520546,-0.0004966081572362393,1.0,0.002734962124528349,1.0,-0.0006040580227327917,1.0,0.004589705980446345,1.0,1.0004582638216144,-0.7920429083211222,-0.7465794907697387,True
20261135,ss,85,2.97,4.5,1,0,bounded,-0.005,-25,3000,True,9.968828859150326e-05,9.920789258587552e-05,1.551074141244707,1.418925858755294,1.678982261421051,0.0007432447493311148,0.7254650467170635,0.72724118128664,-0.01150347075124146,1.0,0.002879319761095864,0.9959299043600458,-0.001735769257927882,1.0,0.005584188939358017,1.0,1.087387605733869e-05,1.0,0.009916010855408436,1.0,1.0048423164035252,-0.7921074141244877,-0.31171140849675094,True
20261136,ss,85,2.97,4.5,1,0,bounded,-0.005,-25,3000,True,9.936616948466628e-05,9.920779576439875e-05,1.552042356012389,1.417957643987611,1.679298030923561,0.0007417949257906154,0.727754234152927,0.7281659013808316,-0.00145442596209798,1.0,0.003654646398536775,1.000504219791627,0.0005558002436272983,1.0,-0.01172987937314526,1.0,0.0009357063096939696,1.0,0.004224748552677195,1.0,1.001596383822937,-0.7922042356012571,-0.6338305153337331,True
20261137,ss,85,2.97,4.5,1,0,bounded,-0.005,-25,3000,True,9.982416514485428e-05,9.920778700922035e-05,1.552129907796215,1.417870092203785,1.678849353524297,0.0007438558802571162,0.725891303393516,0.7282487578545874,0.00382737861993548,1.0,-0.006266710813761868,0.9966469671897058,-0.001310517383896807,1.0,0.002237320740323058,1.0,0.001018404137883722,1.0,0.000709972205612616,1.0,1.0062130015618294,-0.7922129907796505,-0.17583485514572894,True
20261138,ss,85,2.97,4.5,1,0,bounded,-0.005,-25,3000,True,9.867183821435623e-05,9.920796983281753e-05,1.55030167182462,1.41969832817538,1.679981992937646,0.0007386709520563676,0.7290589398989548,0.7265053812799831,-0.007947152075553701,1.0,-0.002875117805549453,1.000762503197756,0.0018656405797188,1.0,-0.004575894104094204,1.0,-0.0007245744683520355,1.0,0.0005984603214958929,1.0,0.9945958815671284,-0.7920301671824781,-1.3281617856437666,True
20261139,ss,85,2.97,4.5,1,0,bounded,-0.005,-25,3000,True,9.957525856364148e-05,9.920774984236451e-05,1.552501576354808,1.417498423645192,1.67909295298785,0.0007427356902572921,0.7273015405189943,0.7286039170414225,0.003125323125746817,1.0,0.001088606322453052,1.002141815306232,0.0001015603989025306,1.0,-0.00283045105870355,1.0,0.001373649853274321,1.0,-0.005913537352870634,1.0,1.0037044356097273,-0.792250157635499,-0.42474143635852224,True
20261140,ss,85,2.97,4.5,1,0,bounded,-0.005,-25,3000,True,9.88356856488918e-05,9.920791295784807e-05,1.550870421519155,1.419129578480845,1.679820181521109,0.0007394080965934198,0.7289002971621731,0.7270480469180104,0.00436163007432466,1.0,-0.001380384798117233,1.003505650723439,0.001705786185987074,1.0,-0.005215205043845547,1.0,-0.0001819651888631942,1.0,0.0109656727859653,1.0,0.9962480078669287,-0.7920870421519344,-1.1643143511082088,True
20261141,ss,85,2.97,4.5,1,0,bounded,-0.005,-25,3000,True,9.999141923491641e-05,9.92077213202315e-05,1.552786797684829,1.417213202315171,1.678685989123819,0.0007446083285664427,0.7258058383696999,0.7288755178097039,-0.007167215103926384,1.0,-0.003631261493868549,1.004110021151869,-0.001397219244547971,1.0,-0.002985555117347804,1.0,0.001645106619255586,1.0,0.008652657272187463,1.0,1.0078995657218577,-0.7922786797684989,-0.008580765083598951,True
20261142,ss,85,2.97,4.5,1,0,bounded,-0.005,-25,3000,True,9.953602518363005e-05,9.920776074380054e-05,1.552392561994476,1.417607438005524,1.679131402552517,0.0007425591724236989,0.7273646911877485,0.7284999207652212,0.01170233481270292,1.0,-0.002795598597702023,1.002231120661529,0.0001650011977316563,1.0,0.006238026047253583,1.0,0.001269667092138182,1.0,0.006296713301180736,1.0,1.0033088584740586,-0.7922392561994673,-0.46397481636996085,True
20261143,ss,85,2.97,4.5,1,0,bounded,-0.005,-25,3000,True,9.875706608940694e-05,9.920789438220881e-05,1.551056177911792,1.418943822088208,1.679897792322951,0.0007390542534058683,0.7294122379798968,0.7272254883553934,0.005610918526823944,1.0,-0.003068771801122024,0.999607571899356,0.002218308397787815,1.0,-0.004110077082262977,1.0,-4.496370118326945e-06,1.0,0.002902137679543245,1.0,0.9954557215873869,-0.7921056177911945,-1.2429339105930692,True
20261144,ss,85,2.97,4.5,1,0,bounded,-0.005,-25,3000,True,9.965445928771834e-05,9.920779402437476e-05,1.552059756252339,1.417940243747661,1.679015378341853,0.0007430922247362603,0.7265452126586979,0.7281820603730097,0.00180031733170661,1.0,0.00249708735708559,0.9982473985543072,-0.0006553531491177329,1.0,0.01353340523411524,1.0,0.00095176541303594,1.0,-0.003996121264444394,1.0,1.0045023202837655,-0.7922059756252486,-0.3455407122816667,True
20261145,ss,85,2.97,4.5,1,0,bounded,-0.005,-25,3000,True,9.922355073704571e-05,9.920791453483122e-05,1.550854651687603,1.419145348312397,1.679438148768881,0.000741153494173121,0.7272325369816217,0.7270323875571473,0.003173602261024385,1.0,-0.00568979708879567,1.001593426158211,3.515773725260439e-05,1.0,0.004163989399781957,1.0,-0.0001977589690733244,1.0,0.0005188092707605584,1.0,1.0001576104314642,-0.7920854651687792,-0.776449262954293,True
20261146,ss,85,2.97,4.5,1,0,bounded,-0.005,-25,3000,True,9.960032456065283e-05,9.920789920988354e-05,1.551007901164496,1.418992098835504,1.679068395292203,0.000742848930865049,0.7257757884075967,0.7271780875745314,-0.002731866331081299,1.0,3.89292329292248e-05,0.9973978443282552,-0.001424377075557574,1.0,-0.005738742449884928,1.0,-5.218940269202257e-05,1.0,0.009637441849183775,1.0,1.003955585733542,-0.7921007901164567,-0.3996754393471691,True
20261147,ss,85,2.97,4.5,1,0,bounded,-0.005,-25,3000,True,9.905454384460034e-05,9.920789675848653e-05,1.551032415134424,1.418967584865576,1.679604439721156,0.0007403929103621542,0.728121236207872,0.7272023404064972,0.004424983657527275,1.0,-0.000232778050399004,0.9994458440275695,0.0009251067708963692,1.0,-0.0002906151596625455,1.0,-2.7747422156522e-05,1.0,0.001931594915707497,1.0,0.9984542267410474,-0.7921032415134754,-0.945456155399671,True
20261148,ss,85,2.97,4.5,1,0,bounded,-0.005,-25,3000,True,0.0001000541687562288,9.920780408526558e-05,1.551959147344152,1.418040852655848,1.678624765789162,0.0007448909472249884,0.7247534320536784,0.7280854005010725,-0.004882708522667359,1.0,0.0002574007471597208,1.001341002374202,-0.002450089590512341,1.0,0.008230781456968931,1.0,0.000854966954740032,1.0,0.006376941883653666,1.0,1.0085312307712788,-0.7921959147344282,0.05416875622878958,True
20261149,ss,85,2.97,4.5,1,0,bounded,-0.005,-25,3000,True,9.897365660840242e-05,9.920790623145246e-05,1.550937685475281,1.419062314524719,1.679684122414274,0.0007400289459330626,0.728375910764995,0.7271120401042054,0.008433900544306016,1.0,-0.005436438347489803,0.9985579356902532,0.001180379490398469,1.0,0.004905931562205736,1.0,-0.0001180197643999182,1.0,0.01080741029929417,1.0,0.9976388008582346,-0.7920937685475526,-1.026343391597584,True
20261150,ss,85,2.97,4.5,1,0,bounded,-0.005,-25,3000,True,9.894696579919517e-05,9.920796087486854e-05,1.550391251314432,1.419608748685568,1.679710429318613,0.0007399089995843393,0.7279704177794297,0.7265904636556997,0.004095270360917274,1.0,0.005049150266172669,0.9993916034994728,0.0007750838836923451,1.0,-0.006981449609665171,1.0,-0.0006395873671458785,1.0,0.01088702306327136,1.0,0.9973692123759851,-0.7920391251314718,-1.0530342008048366,True
20261151,ss,85,2.97,4.5,1,0,bounded,-0.005,-25,3000,True,9.914186372632563e-05,9.920802816583937e-05,1.549718341606192,1.420281658393808,1.679518489472855,0.0007407862401106321,0.7265005204760594,0.7259477966554702,-0.001792169407239594,1.0,0.00416060149069517,1.000902442911875,-0.0006962546928462847,1.0,0.005251138385808234,1.0,-0.001282322402606061,1.0,-0.0005518758797285559,1.0,0.9993330737367027,-0.7919718341606319,-0.8581362736743814,True
20261152,ss,85,2.97,4.5,1,0,bounded,-0.005,-25,3000,True,9.880912986372982e-05,9.92079711880501e-05,1.55028811949889,1.41971188050111,1.679846390015357,0.0007392887685038802,0.7284601866987107,0.726492229770849,0.003417543335259781,1.0,-0.001148742318526425,0.9976505060726908,0.001265872103104205,1.0,-0.003585559886952389,1.0,-0.0007377735635629743,1.0,-0.01882900564780707,1.0,0.9959797451803114,-0.7920288119498964,-1.1908701362701835,True
20261153,ss,85,2.97,4.5,1,0,bounded,-0.005,-25,3000,True,9.936328481584246e-05,9.920779806980958e-05,1.552019301904179,1.417980698095821,1.679300863116244,0.0007417819516276146,0.7277445699871272,0.7281438997802735,-0.008299810334167034,1.0,0.001378876468111368,0.9989861846001532,0.000546157409922962,1.0,0.007898901266749102,1.0,0.0009137056918053576,1.0,0.002548411212068492,1.0,1.001567283510551,-0.7922019301904282,-0.6367151841575436,True
20261154,ss,85,2.97,4.5,1,0,bounded,-0.005,-25,3000,True,9.941813864750605e-05,9.920793745025576e-05,1.550625497442308,1.419374502557692,1.679247020513703,0.0007420292078297438,0.7261868618924366,0.7268133368788379,-0.006904863467862605,1.0,0.0002354453086195363,0.9962704060036766,-0.001011956328905198,1.0,-0.008888451878517634,1.0,-0.0004168772474620386,1.0,-0.01493716584512858,1.0,1.002118794147451,-0.7920625497442435,-0.5818613524939509,True
20261155,ss,85,2.97,4.5,1,0,bounded,-0.005,-25,3000,True,9.94527013610861e-05,9.920789153194258e-05,1.551084680574039,1.418915319425961,1.679213109440077,0.0007421846036634041,0.7264762012964643,0.7272516097792804,-0.007065832556204137,1.0,-0.00107596402694447,0.9996874242794288,-0.000722872515596703,1.0,7.505705058867566e-05,1.0,2.138401496017376e-05,1.0,-0.004011581933004271,1.0,1.0024676447141778,-0.7921084680574286,-0.5472986389139067,True
20261156,ss,85,2.97,4.5,1,0,bounded,-0.005,-25,3000,True,9.916798258099581e-05,9.920789746215204e-05,1.551025378479466,1.418974621520535,1.67949279425948,0.0007409033867665574,0.7276313640062998,0.7271954462340227,0.0007201263243565506,1.0,0.004556265108749724,1.003216953885284,0.0004343956887497264,1.0,0.0003340822907655859,1.0,-3.468090996255191e-05,1.0,0.0114847114259277,1.0,0.9995976642769648,-0.7921025378479607,-0.832017419004194,True
20261157,ss,85,2.97,4.5,1,0,bounded,-0.005,-25,3000,True,9.958344480510396e-05,9.920784939976603e-05,1.551506002339561,1.418493997660439,1.67908493210623,0.0007427728240286746,0.7263208051445682,0.7276535849299532,0.01226486726935809,1.0,-0.001891480200380716,0.9988851031469974,-0.0008792355129670959,1.0,-0.009594740684671357,1.0,0.000423314169801746,1.0,0.004491328092077604,1.0,1.0037859444349453,-0.7921506002339762,-0.41655519489604,True
20261158,ss,85,2.97,4.5,1,0,bounded,-0.005,-25,3000,True,9.93332028469799e-05,9.9207849076234e-05,1.551509237659899,1.418490762340101,1.679330402503199,0.000741646734257128,0.7273879158243296,0.7276570640988264,0.007821736520450373,1.0,0.002483972214629853,1.002970539880982,0.0001897257029466455,1.0,-0.01402153337164576,1.0,0.0004268800579540604,1.0,-0.007418208286244152,1.0,1.0012635469059465,-0.7921509237659996,-0.6667971530201044,True
20261159,ss,85,2.97,4.5,1,0,bounded,-0.005,-25,3000,True,9.958528308536975e-05,9.920778220195992e-05,1.55217798040078,1.417822019599221,1.679083131044747,0.0007427808967115329,0.7269514580145616,0.7282950182295258,-0.01184052664241637,1.0,-0.00897464174459353,1.002758685900871,-0.0002485962367857885,1.0,0.007329552901817169,1.0,0.001064747328743789,1.0,0.003983403074301705,1.0,1.0038051539408608,-0.7922177980400846,-0.4147169146302532,True
20261160,ss,85,2.97,4.5,1,0,bounded,-0.005,-25,3000,True,9.99011555818844e-05,9.920789364166069e-05,1.551063583392984,1.418936416607017,1.678774121357079,0.0007442026539231331,0.7245514771915946,0.7272307704776124,0.006221682490801683,1.0,0.001227985603543954,1.00007553098903,-0.002650912927515223,1.0,-0.004493164819449992,1.0,3.892938527210024e-07,1.0,0.00409440019274378,1.0,1.006987971569357,-0.7921063583393173,-0.09884441811560674,True
20261161,ss,85,2.97,4.5,1,0,bounded,-0.005,-25,3000,True,9.953276119449774e-05,9.920780105671307e-05,1.551989432869139,1.418010567130861,1.679134601980764,0.0007425446042020828,0.726995534308964,0.7281151238082982,-0.01374336703250501,1.0,-0.002405335848688811,0.9976504647459475,-0.0002041315440667507,1.0,-0.0005818038985013367,1.0,0.0008848709688291392,1.0,0.005389392940558291,1.0,1.0032755502523325,-0.792198943286937,-0.46723880550226804,True
20261162,ss,85,2.97,4.5,1,0,bounded,-0.005,-25,3000,True,9.918042085977609e-05,9.920784303889985e-05,1.551569611001318,1.418430388998682,1.679480559984332,0.0007409591973828481,0.7280955602916548,0.7277149325806808,0.01494549218010566,1.0,-0.002969930192292137,1.002972040445884,0.0008984999931629822,1.0,0.001196700109156753,1.0,0.0004848015282055791,1.0,0.006821173999467426,1.0,0.9997235885965889,-0.7921569611001544,-0.8195791402239139,True
20261163,ss,85,2.97,4.5,1,0,bounded,-0.005,-25,3000,True,9.889098212233639e-05,9.92080378495733e-05,1.549621504266816,1.420378495733184,1.679765629649146,0.0007396573016519443,0.7274775579053178,0.7258557460220457,-0.003150292772320198,1.0,-0.004024961575440543,0.997611492649792,0.0002826380098349845,1.0,0.006862359308333978,1.0,-0.001374286168991597,1.0,0.0006301181088386418,1.0,0.9968041326679834,-0.7919621504266949,-1.1090178776636206,True
20261164,ss,85,2.97,4.5,1,0,bounded,-0.005,-25,3000,True,9.913192730990707e-05,9.9207880691629e-05,1.551193083709908,1.418806916290092,1.679528266410275,0.0007407410882380777,0.7279442660472788,0.7273555893027278,-0.01262263905710866,1.0,0.003052113696770588,1.001958216186764,0.0007475643587764955,1.0,0.00461962269302608,1.0,0.000125474777011171,1.0,0.002537080173510086,1.0,0.9992344017310679,-0.7921193083710087,-0.8680726900929359,True
20261165,ss,85,2.97,4.5,1,0,bounded,-0.005,-25,3000,True,9.964226043526571e-05,9.920777391250495e-05,1.552260874950253,1.417739125049747,1.679027322925951,0.000743037270166499,0.7267881449041176,0.7283740551600417,-0.007035335629441817,1.0,-0.008298238674912256,1.000157263535262,-0.00041233069341844,1.0,0.002021875381393003,1.0,0.001143764575944642,1.0,0.002411239677331915,1.0,1.0043795612543827,-0.7922260874950515,-0.357739564734294,True
20261166,ss,85,2.97,4.5,1,0,bounded,-0.005,-25,3000,True,9.886044519912408e-05,9.920806823707334e-05,1.549317629266412,1.420682370733588,1.679795751792414,0.000739519975750408,0.7273190117586111,0.7255657077668908,-0.000595672768934632,1.0,0.008885341725503251,1.002735274032919,0.00012431768433026,1.0,-0.0127358373663782,1.0,-0.001664314066529527,1.0,-0.003334840272774884,1.0,0.9964960204938316,-0.7919317629266565,-1.1395548008759304,True
20261167,ss,85,2.97,4.5,1,0,bounded,-0.005,-25,3000,True,9.969656519833426e-05,9.920774214873965e-05,1.552578512603195,1.417421487396805,1.678974160728057,0.000743281547263132,0.7268592789020439,0.7286771654467743,-0.01497480886447858,1.0,-2.026269781644064e-05,1.003375765416478,-0.0003415982776892668,1.0,0.0006083819513796392,1.0,0.001446856278969018,1.0,-0.009615060430042633,1.0,1.0049272671568488,-0.7922578512603473,-0.3034348016657362,True
20261168,ss,85,2.97,4.5,1,0,bounded,-0.005,-25,3000,True,9.93985044767546e-05,9.920778550084685e-05,1.552144991531428,1.417855008468572,1.679266289488449,0.0007419404027716517,0.7277142027728035,0.7282638207257751,-0.002683131917634688,1.0,0.000474481931436896,0.9980962063817962,0.0005155297465193415,1.0,-0.004380140968778245,1.0,0.00103361452532266,1.0,-0.002024363426653921,1.0,1.0019224194446525,-0.7922144991531543,-0.60149552324541,True
20261169,ss,85,2.97,4.5,1,0,bounded,-0.005,-25,3000,True,9.906074724125892e-05,9.920795104396316e-05,1.550489560368367,1.419510439631634,1.679598331253544,0.0007404209868750568,0.7275789370480802,0.7266841310388857,0.0005733219041888315,1.0,-9.364485505592628e-05,1.001569210827139,0.0003827617367075651,1.0,-0.001574820588983615,1.0,-0.0005459593402657039,1.0,-0.0001431655604942218,1.0,0.9985162096267969,-0.7920489560368393,-0.9392527587410826,True
20261170,ss,85,2.97,4.5,1,0,bounded,-0.005,-25,3000,True,9.890435761059115e-05,9.9208052232353e-05,1.549477676469819,1.420522323530182,1.679752438619551,0.0007397175340670046,0.7272838492230991,0.7257184241242483,0.02092658193812475,1.0,0.003782216967164799,0.997933500200806,8.88304155225733e-05,1.0,0.001641079200277605,1.0,-0.001511612808192486,1.0,0.01813170876452518,1.0,0.9969388107625522,-0.7919477676470055,-1.0956423894088574,True
20261171,ss,85,2.97,4.5,1,0,bounded,-0.005,-25,3000,True,9.885013956388113e-05,9.92079862640622e-05,1.550137359377857,1.419862640622143,1.679805919440707,0.0007394733569294886,0.7281420012363776,0.7263482502434728,-0.0101033901121408,1.0,-0.006371433775833327,0.995506521122997,0.0009473833728303834,1.0,-0.01352769255367586,1.0,-0.0008817674133260044,1.0,0.006543499541701091,1.0,0.996392964783817,-0.7920137359378021,-1.149860436118877,True
20261172,ss,85,2.97,4.5,1,0,bounded,-0.005,-25,3000,True,9.92210758899096e-05,9.92079434562589e-05,1.550565437410682,1.419434562589319,1.679440581905041,0.000741142443258815,0.7269682440879895,0.7267563120435392,0.006090073555108664,1.0,0.002415427186164012,0.9987103642547523,-0.0002291168549804611,1.0,0.003101897089084121,1.0,-0.0004738338386483943,1.0,-0.006977980444198677,1.0,1.0001323728039628,-0.7920565437411042,-0.7789241100904065,True
20261173,ss,85,2.97,4.5,1,0,bounded,-0.005,-25,3000,True,9.882240137528178e-05,9.920801658596249e-05,1.549834140374918,1.420165859625082,1.679833291230072,0.0007393486251384873,0.727972136956275,0.7260588386561044,0.0002936939818436183,1.0,0.003719126244532046,0.9996343008504428,0.0007777242172930146,1.0,-0.006846334416140873,1.0,-0.001171169612514257,1.0,0.00356977093970449,1.0,0.9961130640047966,-0.7919834140375115,-1.1775986247182235,True
20261174,ss,85,2.97,4.5,1,0,bounded,-0.005,-25,3000,True,9.932320173283862e-05,9.920794876671987e-05,1.550512332801184,1.419487667198816,1.679340225110012,0.0007416020253239964,0.7264831537565705,0.7267054594536214,0.0008322064639053385,1.0,0.002629860653257014,0.9991181362359591,-0.0007149624069744369,1.0,-0.000983735081695437,1.0,-0.0005247218576226717,1.0,0.0005931543060117189,1.0,1.001161731167225,-0.7920512332801444,-0.6767982671613937,True
20261175,ss,85,2.97,4.5,1,0,bounded,-0.005,-25,3000,True,9.93639808150474e-05,9.920783020760278e-05,1.551697923972157,1.418302076027843,1.679300179771089,0.0007417851790731724,0.7274362359684331,0.7278371278922781,-0.01542072579177113,1.0,-5.251414913284399e-05,1.000481108739415,0.0002378182442002783,1.0,0.006301155391371179,1.0,0.0006069333253873765,1.0,0.009248239352921477,1.0,1.001573974625973,-0.7921697923972237,-0.6360191849526076,True
20261176,ss,85,2.97,4.5,1,0,bounded,-0.005,-25,3000,True,9.903547316129225e-05,9.920801581381569e-05,1.549841861842837,1.420158138157163,1.67962322084483,0.0007403074458818954,0.7270711039531002,0.7260658768519032,-0.001189346564478517,1.0,0.002311665811838845,1.00035983552108,-0.0001248844563333295,1.0,-0.0006285017592368376,1.0,-0.001164205247224273,1.0,0.002255220138228518,1.0,0.998260799280098,-0.7919841861843135,-0.9645268387077466,True
20261177,ss,85,2.97,4.5,1,0,bounded,-0.005,-25,3000,True,9.92520382265686e-05,9.920803616858977e-05,1.54963831410223,1.42036168589777,1.679410145553278,0.0007412820491295317,0.7259554316405118,0.7258712289160085,0.02483154554915083,1.0,0.002762240355459928,0.999119963524256,-0.001242158269317816,1.0,-0.0007204105110755225,1.0,-0.001358928380332278,1.0,-0.0005553371299768192,1.0,1.0004435332023311,-0.7919638314102362,-0.7479617734314048,True
20261178,ss,85,2.97,4.5,1,0,bounded,-0.005,-25,3000,True,9.88541857092199e-05,9.920810791544905e-05,1.54892084550935,1.42107915449065,1.679801927351094,0.0007394919258876903,0.7269685869323548,0.725186934468689,0.005124743928475538,1.0,-0.01052101395087212,1.001488694114018,-0.0002260608529741072,1.0,0.00570122325354934,1.0,-0.002043085488649169,1.0,0.005179299968448497,1.0,0.9964325274046071,-0.7918920845509492,-1.1458142907801006,True
20261179,ss,85,2.97,4.5,1,0,bounded,-0.005,-25,3000,True,9.960591128691666e-05,9.920763596748023e-05,1.55364032519743,1.41635967480257,1.679062922655737,0.0007428732893037395,0.7282532510750556,0.7296908175308277,-0.003367931741234153,1.0,0.002575770930632298,1.000155452339554,0.001053044279126329,1.0,-0.008186330374580695,1.0,0.002460540561449569,1.0,0.003243827838541269,1.0,1.0040145631488184,-0.7923640325197767,-0.39408871308334037,True
20261180,ss,85,2.97,4.5,1,0,bounded,-0.005,-25,3000,True,9.941385724942554e-05,9.92078985255297e-05,1.551014744702879,1.418985255297122,1.679251221969777,0.0007420098259307629,0.7265749394536162,0.7271849114670671,0.001338867339305435,1.0,-0.007913298705403018,0.9976295131020868,-0.0006238471066840449,1.0,-0.005853517200929264,1.0,-4.530088823560074e-05,1.0,-0.003555914855747425,1.0,1.0020760315152009,-0.7921014744703081,-0.5861427505744587,True
20261181,ss,85,2.97,4.5,1,0,bounded,-0.005,-25,3000,True,9.912201194367233e-05,9.92079991131315e-05,1.550008868684676,1.419991131315324,1.67953802356265,0.0007406968208025907,0.7268611649838953,0.7262251678499917,-0.005468721072466419,1.0,0.007561077099933593,1.000200011124651,-0.0003354633808072105,1.0,-0.00217210133939882,1.0,-0.001004944114245475,1.0,0.001572962016240902,1.0,0.9991332637465945,-0.7920008868685047,-0.8779880563276721,True
20261182,ss,85,2.97,4.5,1,0,bounded,-0.005,-25,3000,True,9.886065428689341e-05,9.920786395214885e-05,1.551360478511423,1.418639521488577,1.679795545514617,0.0007395203099180719,0.7292595061453415,0.7275158024501113,-0.007173493498636383,1.0,0.002532593114417355,0.9952806711150732,0.002064810525580596,1.0,-0.000977592017559606,1.0,0.0002857820527647894,1.0,-0.002788955994037757,1.0,0.9965001800117084,-0.7921360478511552,-1.1393457131065987,True
20261183,ss,85,2.97,4.5,1,0,bounded,-0.005,-25,3000,True,9.942817856156173e-05,9.920790665744384e-05,1.550933425561534,1.419066574438466,1.679237168737744,0.0007420742959883405,0.7264367537539594,0.7271072638247432,-0.003754767835201889,1.0,-0.000928877273028388,0.99925517254985,-0.0007621387123316447,1.0,0.0008238869043662218,1.0,-0.0001229535533590205,1.0,-0.009204004836363449,1.0,1.0022203059366879,-0.792093342556166,-0.5718214384382692,True
20261184,ss,85,2.97,4.5,1,0,bounded,-0.005,-25,3000,True,9.936908518905532e-05,9.92078744199468e-05,1.551255800531918,1.418744199468083,1.679295168339171,0.0007418082800664992,0.7269944188664644,0.7274150863101123,-0.001404324476472454,1.0,-0.001497680363581506,0.9973399371140548,-0.0002040366047320505,1.0,0.000856629489804158,1.0,0.000184889647784299,1.0,-0.007718587057276492,1.0,1.0016249795699292,-0.7921255800532045,-0.6309148109446827,True
20261185,ss,85,2.97,4.5,1,0,bounded,-0.005,-25,3000,True,9.897682653826769e-05,9.92079893506721e-05,1.550106493278807,1.419893506721193,1.679680998526202,0.0007400434574823356,0.727572520686533,0.7263185874412048,0.003735001261025213,1.0,-0.001030843790704203,0.9968459471150027,0.0003769659699468218,1.0,-0.00545412645968158,1.0,-0.0009114741396145552,1.0,-0.0101867169412006,1.0,0.9976699173734153,-0.7920106493279122,-1.0231734617323185,True
20261186,ss,85,2.97,4.5,1,0,bounded,-0.005,-25,3000,True,9.928324940682223e-05,9.920779405016686e-05,1.552059498331181,1.41794050166882,1.679379473704609,0.0007414217803478125,0.7281233289634818,0.7281823939874195,-0.0061408731386074,1.0,-0.004091824230466609,0.9982838294170292,0.0009255082478377605,1.0,0.0007975877684564554,1.0,0.000952227663448354,1.0,0.003625797622688489,1.0,1.0007605789179952,-0.7922059498331468,-0.716750593177784,True
20261187,ss,85,2.97,4.5,1,0,bounded,-0.005,-25,3000,True,9.982586415124763e-05,9.920766751846256e-05,1.553324815374239,1.416675184625761,1.678847692725,0.0007438631708999752,0.727019381662751,0.7293893204127009,0.0002426209210755095,1.0,0.003916201606338902,1.002923465362577,-0.0001824516783260098,1.0,-0.004248592018783465,1.0,0.002158966989603388,1.0,-0.008700333854062643,1.0,1.0062313392527853,-0.79233248153745,-0.17413584875237698,True
20261188,ss,85,2.97,4.5,1,0,bounded,-0.005,-25,3000,True,9.979274967008157e-05,9.920775821714182e-05,1.552417828581716,1.417582171418284,1.678880067364814,0.0007437144251081618,0.7262982000673073,0.7285236375905815,0.005398288658657604,1.0,-0.005154231908287911,0.9978645343764028,-0.0009033883936666104,1.0,0.006859562227724323,1.0,0.001293294972940292,1.0,-0.00499365312409122,1.0,1.0058966300968049,-0.7922417828581829,-0.20725032991844028,True
20261189,ss,85,2.97,4.5,1,0,bounded,-0.005,-25,3000,True,9.912373271724042e-05,9.920802491091429e-05,1.549750890856965,1.420249109143035,1.679536330180059,0.0007407046409025161,0.7266086740986021,0.7259788969113898,0.008657499593643349,1.0,0.004847877722419295,0.9972487817457888,-0.0005879669913232607,1.0,0.001285122391281688,1.0,-0.001251215839754567,1.0,-0.0001108351008413005,1.0,0.9991503490393084,-0.7919750890857169,-0.8762672827595908,True
20261190,ss,85,2.97,4.5,1,0,bounded,-0.005,-25,3000,True,9.941191165116527e-05,9.920782033685307e-05,1.551796631469132,1.418203368530868,1.679253131296664,0.0007420008385192975,0.7273261456205574,0.7279312743704813,0.002645171756601524,1.0,-0.001458281297067715,0.9982961205135455,0.000127373448218037,1.0,0.01038429586844341,1.0,0.000701063266735424,1.0,-0.0006305401428183768,1.0,1.00205720994191,-0.7921796631469413,-0.5880883488347366,True
20261191,ss,85,2.97,4.5,1,0,bounded,-0.005,-25,3000,True,9.94836975829242e-05,9.920783673983017e-05,1.551632601698151,1.418367398301849,1.679182707127548,0.0007423239239293091,0.7268650389823093,0.727774587133527,0.002954837924563178,1.0,0.0002278088037127044,0.9996615292513615,-0.0003342640462050179,1.0,0.006325435057479514,1.0,0.0005443510325320065,1.0,0.001953054975178706,1.0,1.0027806356045992,-0.7921632601698314,-0.516302417075809,True
20261192,ss,85,2.97,4.5,1,0,bounded,-0.005,-25,3000,True,9.92798950725008e-05,9.920795433888078e-05,1.550456611192098,1.419543388807902,1.679382769636844,0.0007414071619006943,0.7266144775129427,0.7266523357046626,0.009019017648729682,1.0,-0.005717860657033665,1.00106200086425,-0.000583318397971019,1.0,0.002908172768439572,1.0,-0.0005778306406384253,1.0,-0.01000714041447336,1.0,1.0007251508621404,-0.7920456611192339,-0.72010492749921,True
20261193,ss,85,2.97,4.5,1,0,bounded,-0.005,-25,3000,True,9.908274129990437e-05,9.920796197218533e-05,1.550380278146435,1.419619721853565,1.679576676690073,0.0007405199925956982,0.7273813749667761,0.7265797766517583,0.006142592947775367,1.0,-6.843444964503566e-05,0.999965615262949,0.0001850370090313138,1.0,0.006840668044418979,1.0,-0.0006503214297763582,1.0,0.00199823146017465,1.0,0.9987377961426517,-0.7920380278146788,-0.9172587000956356,True
20261194,ss,85,2.97,4.5,1,0,bounded,-0.005,-25,3000,True,9.937137222901716e-05,9.920796718119558e-05,1.550328188044074,1.419671811955926,1.679292923021659,0.0007418188472480827,0.7261032502793264,0.7265296009000995,-0.0009165067627454044,1.0,0.003205180189912111,0.9988594232494148,-0.001095222104847198,1.0,-0.006465224411737541,1.0,-0.0007005972397268935,1.0,0.0003299832509444825,1.0,1.0016470960192454,-0.7920328188044223,-0.628627770982848,True
20261195,ss,85,2.97,4.5,1,0,bounded,-0.005,-25,3000,True,9.88715330776683e-05,9.920799078286207e-05,1.550092171379232,1.419907828620768,1.679784813498191,0.0007395696411623728,0.7280077976526838,0.7263050801909227,0.0003501353864071146,1.0,-0.00665105871147396,0.9997144907518448,0.0008130215835362644,1.0,0.003101700595622845,1.0,-0.0009249449128767422,1.0,-0.001686374830054997,1.0,0.9966085624500733,-0.7920092171379345,-1.1284669223317056,True
20261196,ss,85,2.97,4.5,1,0,bounded,-0.005,-25,3000,True,9.855649989231642e-05,9.920799057835201e-05,1.550094216479749,1.419905783520251,1.680096051092754,0.0007381519912225336,0.729354270160167,0.7263075246078621,-0.01546102417699907,1.0,0.003449625390831795,1.001170353882996,0.002161823772567335,1.0,0.003552103303837498,1.0,-0.0009223913251465004,1.0,-0.01309708981439453,1.0,0.9934330825346064,-0.7920094216479878,-1.4435001076835818,True
20261197,ss,85,2.97,4.5,1,0,bounded,-0.005,-25,3000,True,9.891743649006392e-05,9.92079581814594e-05,1.55041818540588,1.41958181459412,1.679739541745733,0.0007397761096929844,0.7281219049674069,0.7266162209482221,-0.007415093971883877,1.0,-0.0005717993100211364,1.0009711860898,0.0009267894415453768,1.0,-0.00866621957566581,1.0,-0.0006138198217844338,1.0,-0.007214638173069781,1.0,0.9970715888450794,-0.7920418185406009,-1.0825635099360853,True
20261198,ss,85,2.97,4.5,1,0,bounded,-0.005,-25,3000,True,9.921843922474784e-05,9.920788680405928e-05,1.551131959407104,1.418868040592896,1.679443174195334,0.0007411304100083879,0.727517815556459,0.727297106650025,0.005763028891074442,1.0,0.001493021726783154,1.000513229423837,0.0003204741118377842,1.0,0.000952009430341019,1.0,6.696209985714069e-05,1.0,0.001507768841365714,1.0,1.000106366751964,-0.7921131959407246,-0.7815607752521658,True
20261199,ss,85,2.97,4.5,1,0,bounded,-0.005,-25,3000,True,9.903462224130002e-05,9.920792278293051e-05,1.550772170694718,1.419227829305282,1.679624058924885,0.0007403033404397598,0.7279588120083678,0.726953947911239,-0.00649297156344532,1.0,-0.001484918619371827,0.99884812864592,0.0007628298918327132,1.0,-0.001280355275686128,1.0,-0.0002761332060168397,1.0,-0.00525202464491932,1.0,0.9982531582481604,-0.7920772170694867,-0.9653777586999923,True
20261200,ss,85,2.97,4.5,1,0,bounded,-0.005,-25,3000,True,9.884392228122798e-05,9.920795986423917e-05,1.550401357608173,1.419598642391827,1.67981205396399,0.0007394453007516823,0.7284193704149615,0.7266002720234781,0.0009544289505240716,1.0,0.003594331713891869,1.001037558327894,0.001224798528488151,1.0,0.01210692211080788,1.0,-0.0006297432839901756,1.0,-0.0005171711117078822,1.0,0.996330560738177,-0.7920401357608298,-1.1560777187720195,True
20261201,ss,85,2.97,4.5,1,0,bounded,-0.005,-25,3000,True,9.988356134149091e-05,9.920790989276847e-05,1.550901072315041,1.419098927684959,1.67879130893828,0.0007441235281071638,0.7244717139441496,0.7270756689086485,-0.01043853096857434,1.0,0.0006895593654756067,0.9998227708939068,-0.002730546066329201,1.0,-0.004962613229656354,1.0,-0.0001547062980010029,1.0,0.007452089645561427,1.0,1.006810459462887,-0.7920901072315356,-0.11643865850908819,True
20261202,ss,85,2.97,4.5,1,0,bounded,-0.005,-25,3000,True,9.88653145094657e-05,9.92079763815202e-05,1.550236184797828,1.419763815202172,1.679790948029523,0.0007395416148358511,0.7281711948141151,0.7264425653259399,-0.01073082564697453,1.0,0.007901080363967075,0.997171580477871,0.0009764647314833063,1.0,-0.008255921290210301,1.0,-0.0007874575164858407,1.0,0.0001434812755315426,1.0,0.9965460249815322,-0.792023618479798,-1.134685490534315,True
20261203,ss,85,2.97,4.5,1,0,bounded,-0.005,-25,3000,True,9.930999176711287e-05,9.920788353482057e-05,1.551164651794051,1.418835348205949,1.679353200733338,0.0007415423867387228,0.7271592066300155,0.7273281708512949,0.004455202031808304,1.0,-0.002478733772151129,1.003016610794004,-3.881184564340239e-05,1.0,0.009854911353837273,1.0,9.79945993826524e-05,1.0,0.003022380880125292,1.0,1.001029235063325,-0.7921164651794377,-0.6900082328871293,True
20261204,ss,85,2.97,4.5,1,0,bounded,-0.005,-25,3000,True,9.955069192718304e-05,9.920787184211551e-05,1.551281578844715,1.418718421155285,1.679117027142176,0.0007426255027316046,0.7262467359905717,0.7274394097736677,0.000763252167944967,1.0,-0.002850990432583673,0.9954031369941858,-0.0009530624601523775,1.0,-0.0002869744984756556,1.0,0.000209150197800973,1.0,-0.005020186480831006,1.0,1.0034555734207575,-0.7921281578844974,-0.4493080728169674,True
20261205,ss,85,2.97,4.5,1,0,bounded,-0.005,-25,3000,True,9.926515400939286e-05,9.920781124581739e-05,1.551887541825955,1.418112458174046,1.679397255297163,0.0007413404021307365,0.7280369569882341,0.7280182819937597,0.0001457252789446174,1.0,-0.002146075078202579,0.9986378778821242,0.0008392700879825045,1.0,-0.00502614091340222,1.0,0.0007881218133964638,1.0,-0.003535358480818315,1.0,1.0005780065385517,-0.79218875418261,-0.7348459906071358,True
20261206,ss,85,2.97,4.5,1,0,bounded,-0.005,-25,3000,True,9.904193991013533e-05,9.920802695090488e-05,1.549730490951131,1.420269509048869,1.679616851899202,0.0007403365793275556,0.7269377227768749,0.7259595506992311,-0.006008759411133571,1.0,-0.006145722267808427,0.9960687025166708,-0.0002583134543011609,1.0,-0.008595748486616693,1.0,-0.001270533723026838,1.0,-0.003866553393590654,1.0,0.998325870941353,-0.7919730490951293,-0.9580600898646652,True
20261207,ss,85,2.97,4.5,1,0,bounded,-0.005,-25,3000,True,9.916762658805402e-05,9.920786190019965e-05,1.551380998003264,1.418619001996736,1.679493144435134,0.0007409016791782719,0.7279708152040767,0.7275349101053874,0.003155914161660602,1.0,-0.001964088796031052,1.001635125049943,0.0007738495192245612,1.0,-0.002397825409691637,1.0,0.0003047833473414758,1.0,-0.01560414757201454,1.0,0.9995944342376202,-0.7921380998003547,-0.8323734119459858,True
20261208,ss,85,2.97,4.5,1,0,bounded,-0.005,-25,3000,True,9.916834036883961e-05,9.920802066964291e-05,1.549793303570739,1.420206696429262,1.679492442319466,0.0007409053627385603,0.7264590274720886,0.7260193149767833,0.007736401304545674,1.0,0.007170023311219616,1.00140292145706,-0.0007379434917431708,1.0,-0.004161472697257233,1.0,-0.00121081320102065,1.0,0.00551385391856195,1.0,0.999600029306749,-0.7919793303570954,-0.8316596311603974,True
20261209,ss,85,2.97,4.5,1,0,bounded,-0.005,-25,3000,True,9.947868609044098e-05,9.920786484549012e-05,1.551351545098688,1.418648454901312,1.679187621987065,0.0007423014556871508,0.7266192694373436,0.727506309627026,-0.004233502758506359,1.0,0.002191953051533766,0.9963296998926979,-0.0005799965313579635,1.0,0.01583236769315985,1.0,0.0002760750551956131,1.0,-6.836965159307955e-05,1.0,1.0027298364436394,-0.7921351545098876,-0.521313909559018,True
20261210,ss,85,2.97,4.5,1,0,bounded,-0.005,-25,3000,True,9.875502384788439e-05,9.920806487608283e-05,1.549351239171461,1.420648760828539,1.679899809142262,0.0007390455696866453,0.727800637249752,0.7255979573430534,0.0008211072838240684,1.0,0.002520285165311715,1.00253721533279,0.0006067227694717621,1.0,-0.001531063419372918,1.0,-0.001632027933669785,1.0,-0.009828376965527845,1.0,0.9954334254098764,-0.7919351239171757,-1.2449761521156177,True
20261211,ss,85,2.97,4.5,1,0,bounded,-0.005,-25,3000,True,9.919744189223513e-05,9.920776597781233e-05,1.552340221876568,1.417659778123432,1.679463820478243,0.0007410355631585034,0.7287553415836157,0.7284504893060193,-0.008348542814788435,1.0,0.002975476934769621,1.001984695308394,0.00155815541477346,1.0,0.003937960531311574,1.0,0.001220352924415851,1.0,-0.003208430410927335,1.0,0.9998959347035441,-0.7922340221876656,-0.8025581077648725,True
20261212,ss,85,2.97,4.5,1,0,bounded,-0.005,-25,3000,True,9.950296967365636e-05,9.920778329047487e-05,1.552167095251265,1.417832904748735,1.679163808835522,0.0007424104895944188,0.7272909756723303,0.7282847564325637,-0.001440990037698658,1.0,0.008582538480464419,1.001189076853565,9.153012717877803e-05,1.0,0.004510172593423505,1.0,0.001054514047883959,1.0,0.006590334991158822,1.0,1.002975435730856,-0.7922167095251398,-0.4970303263436393,True
20261213,ss,85,2.97,4.5,1,0,bounded,-0.005,-25,3000,True,9.941812349130975e-05,9.920784078864258e-05,1.551592113574065,1.418407886425935,1.679247035386576,0.0007420288525412748,0.7271054063077276,0.7277360413439868,0.006910782714540984,1.0,-0.004071397318620443,1.004822241839499,-9.341180118145335e-05,1.0,0.002903864062173908,1.0,0.0005058279365892298,1.0,-0.01570676413659599,1.0,1.002119617774115,-0.7921592113574238,-0.5818765086902489,True
20261214,ss,85,2.97,4.5,1,0,bounded,-0.005,-25,3000,True,9.926696154459881e-05,9.920794186484466e-05,1.550581351553134,1.419418648446866,1.679395478969385,0.0007413489239783694,0.7267880618027605,0.7267714318968517,-0.00753677108905918,1.0,0.002071404943128233,1.003016874488711,-0.0004096384646857282,1.0,-0.001513602937932008,1.0,-0.0004587298743245931,1.0,-0.003727163242865516,1.0,1.000594908821257,-0.792058135155338,-0.7330384554012026,True
20261215,ss,85,2.97,4.5,1,0,bounded,-0.005,-25,3000,True,9.931715072173309e-05,9.920765505943107e-05,1.553449405689133,1.416550594310867,1.679346168573957,0.0007415739234619953,0.7292997291136232,0.7295090365186735,-0.0008900982979482738,1.0,-0.007810305482223901,0.9986621966710676,0.002101657698334901,1.0,0.004813735628889731,1.0,0.002278859473091103,1.0,-0.002765918493356887,1.0,1.0011037017479794,-0.7923449405689342,-0.6828492782669171,True
20261216,ss,85,2.97,4.5,1,0,bounded,-0.005,-25,3000,True,9.883193449634766e-05,9.920792104944182e-05,1.550789505581671,1.419210494418329,1.679823883211376,0.0007393912404395943,0.7288394034839788,0.7269708120521884,-0.00473038858006359,1.0,0.00288040799354703,0.9941872420192855,0.001644920247637507,1.0,-0.007827680078254498,1.0,-0.000259198814463673,1.0,0.006955247851959567,1.0,0.9962101155924153,-0.7920789505581838,-1.168065503652349,True
20261217,ss,85,2.97,4.5,1,0,bounded,-0.005,-25,3000,True,9.992517122316449e-05,9.920781319278004e-05,1.551868072199546,1.418131927800454,1.67875066542919,0.000744310485376074,0.725213934645959,0.7279986665212114,-0.01216760587456242,1.0,0.00317835714511021,1.00094846885343,-0.001988633067535161,1.0,0.00934889002335899,1.0,0.0007682776094685053,1.0,-0.0008281655619430943,1.0,1.0072308622405624,-0.7921868072199634,-0.07482877683551159,True
20261218,ss,85,2.97,4.5,1,0,bounded,-0.005,-25,3000,True,9.8950706597302e-05,9.920794022859889e-05,1.550597714010948,1.419402285989052,1.679706741920069,0.0007399257718552338,0.7281506523386917,0.7267875452185139,0.001784572958193202,1.0,-0.001310754434393467,0.998053798455868,0.0009552907797506295,1.0,0.00918674148398938,1.0,-0.0004425069481658127,1.0,0.004003358029465724,1.0,0.9974071265797458,-0.7920597714011102,-1.0492934026980039,True
20261219,ss,85,2.97,4.5,1,0,bounded,-0.005,-25,3000,True,9.926144649054981e-05,9.920781578150508e-05,1.551842184949074,1.418157815050926,1.6794008989011,0.0007413237317669871,0.7280096523843624,0.7279749924295509,0.004855112127739885,1.0,-0.001210176727215705,1.004058275306671,0.0008119929011994484,1.0,-0.0156318712679719,1.0,0.0007448335004316163,1.0,0.001892316527745636,1.0,1.0005405895555937,-0.792184218494929,-0.7385535094501905,True
20261220,ss,85,2.97,4.5,1,0,bounded,-0.005,-25,3000,True,9.925599871106007e-05,9.920796747368267e-05,1.550325263173138,1.419674736826862,1.679406252999199,0.0007412996672847792,0.7265913515358878,0.7265269889970751,0.007729976508575684,1.0,-0.003174112776847101,1.001198378511639,-0.0006062676614875192,1.0,0.009982285345363513,1.0,-0.0007031691643504356,1.0,0.002534969695859851,1.0,1.0004841469752934,-0.7920325263173322,-0.7440012889399328,True
20261221,ss,85,2.97,4.5,1,0,bounded,-0.005,-25,3000,True,9.889021240991814e-05,9.920795577626286e-05,1.550442237371179,1.419557762628821,1.679766388798162,0.0007396535941901348,0.7282608214517273,0.7266392232483896,0.003395409132061306,1.0,0.00791809363857381,0.9995183668274592,0.001065907248584839,1.0,0.005295635708087843,1.0,-0.0005908080699304596,1.0,0.0008779566989356367,1.0,0.9967971987341286,-0.7920442237371428,-1.1097875900818677,True
20261222,ss,85,2.97,4.5,1,0,bounded,-0.005,-25,3000,True,9.972596721060802e-05,9.920776868855991e-05,1.552313114400828,1.417686885599173,1.678945388795466,0.000743413935140917,0.7264822435792818,0.7284237887813966,0.001398667944136127,1.0,-0.003232856611700956,0.9976537863537144,-0.0007188510275719895,1.0,0.008137236103037711,1.0,0.001193469228723881,1.0,0.006743128009137167,1.0,1.0052233663643306,-0.7922313114400947,-0.27403278939198694,True
20261223,ss,85,2.97,4.5,1,0,bounded,-0.005,-25,3000,True,9.921272297594021e-05,9.920797331591475e-05,1.550266840852367,1.419733159147633,1.679448794464626,0.0007411049438284183,0.7267200474520374,0.7264712868498093,0.0009340479962282763,1.0,-0.00188751678758279,1.001097428994352,-0.0004772517212158922,1.0,0.007119036213206244,1.0,-0.0007588563582752177,1.0,0.002689682520402291,1.0,1.000047875789281,-0.7920266840852563,-0.7872770240597959,True
20261224,ss,85,2.97,4.5,1,0,bounded,-0.005,-25,3000,True,9.948609548261635e-05,9.920790566713815e-05,1.550943328618343,1.419056671381657,1.679180355547925,0.0007423349191910584,0.7261999207771447,0.7271166265859735,-0.001948873732681126,1.0,-0.00606060167878917,1.002081236977351,-0.0009993999840526707,1.0,-0.0102801777351487,1.0,-0.0001136108549005472,1.0,-0.002170095174230108,1.0,1.002804109345999,-0.7920943328618479,-0.5139045173836565,True
20261225,ss,85,2.97,4.5,1,0,bounded,-0.005,-25,3000,True,9.927190099428364e-05,9.920793172755625e-05,1.550682724437342,1.419317275562658,1.679390624956775,0.0007413711213939316,0.7268633786001848,0.7268681933057473,0.006709847690578114,1.0,0.0003175433287797375,0.9997544903648384,-0.000334358194447855,1.0,-0.006762179619244781,1.0,-0.0003619701023690987,1.0,-0.0001042422700355765,1.0,1.0006447999228838,-0.7920682724437578,-0.728099005716365,True
20261226,ss,85,2.97,4.5,1,0,bounded,-0.005,-25,3000,True,9.939640496349802e-05,9.920784743317664e-05,1.551525668233485,1.418474331766515,1.679268350164512,0.0007419311389008807,0.7271346515947256,0.7276726493410184,0.007427917589147365,1.0,-0.0003961722238716105,0.9980193320074772,-6.400590589358989e-05,1.0,-0.004168581029920211,1.0,0.0004424434107200331,1.0,-0.0003441348499357565,1.0,1.0019006312020668,-0.7921525668233675,-0.6035950365019804,True
20261227,ss,85,2.97,4.5,1,0,bounded,-0.005,-25,3000,True,9.965281910179349e-05,9.920779287357001e-05,1.552071264299766,1.417928735700234,1.679016984259626,0.0007430848404816096,0.726563146324918,0.7281930478795134,-0.003869001106587098,1.0,0.002361431471893729,0.9996747316624948,-0.0006374073537617114,1.0,-0.006580678124262974,1.0,0.0009627534964606902,1.0,0.0004657741942354308,1.0,1.0044857991024014,-0.7922071264300001,-0.34718089820652276,True
20261228,ss,85,2.97,4.5,1,0,bounded,-0.005,-25,3000,True,9.954078531519007e-05,9.920786678475084e-05,1.551332152491393,1.418667847508607,1.679126736753614,0.0007425809079572438,0.7263368989933151,0.7274877011124331,0.001070949355136624,1.0,-0.003581571118802108,1.002528244717418,-0.0008628261981744501,1.0,-0.003327843356201664,1.0,0.0002574450068670372,1.0,-0.001987556219632473,1.0,1.0033557674530142,-0.7921332152491689,-0.45921468480992766,True
20261229,ss,85,2.97,4.5,1,0,bounded,-0.005,-25,3000,True,9.948245145254311e-05,9.920791181363667e-05,1.550881863633065,1.419118136366936,1.679183929207764,0.0007423185393119127,0.7261569915763321,0.7270579591888695,-0.007033610873905223,1.0,0.000911712411140898,1.002571677465725,-0.00104230223733943,1.0,0.001125885150443569,1.0,-0.0001722770345732241,1.0,-0.003505188215804324,1.0,1.0027673159719577,-0.7920881863633378,-0.5175485474568919,True
20261230,ss,85,2.97,4.5,1,0,bounded,-0.005,-25,3000,True,9.918236826421823e-05,9.920794020674792e-05,1.550597932520587,1.419402067479413,1.679478644651646,0.0007409682492913988,0.727163921184019,0.726787391980202,-0.0008718962162214399,1.0,-0.001810685198048637,1.000055851296556,-3.315351589430292e-05,1.0,-0.000155352732413335,1.0,-0.0004427404645022088,1.0,0.008378593757262626,1.0,0.9997422389530879,-0.7920597932520868,-0.8176317357817764,True
20261231,ss,85,2.97,4.5,1,0,bounded,-0.005,-25,3000,True,9.932272333127137e-05,9.920806097271249e-05,1.549390272875021,1.420609727124979,1.679340694996245,0.0007416002057690711,0.725418935196408,0.725634333192468,-0.002521744007311102,1.0,0.003992483855450786,0.9983922826671138,-0.00177917742976409,1.0,-0.004124568626421218,1.0,-0.00159584878151073,1.0,-0.001378818445718074,1.0,1.0011557766318042,-0.7919390272875138,-0.6772766687286325,True
20261232,ss,85,2.97,4.5,1,0,bounded,-0.005,-25,3000,True,9.887258111026232e-05,9.920801465962963e-05,1.549853403703385,1.420146596296615,1.67978377966465,0.000739574428223999,0.7277764180506555,0.7260771492905749,-0.005241259914837443,1.0,-0.0005126338245592977,0.9993723264140559,0.0005816342311921532,1.0,0.001370270991264204,1.0,-0.001152876352661984,1.0,0.006979710629886397,1.0,0.9966188865837288,-0.7919853403703714,-1.1274188897376747,True
20261233,ss,85,2.97,4.5,1,0,bounded,-0.005,-25,3000,True,9.890850211692928e-05,9.920797960606208e-05,1.550203939379112,1.419796060620888,1.679748351612931,0.0007397359686451097,0.7279563926337893,0.7264117163395115,0.003416411985126912,1.0,0.001485527043654455,1.000084136727223,0.0007613431777495559,1.0,-0.008042311531574293,1.0,-0.0008183214927409567,1.0,-0.002838575974895626,1.0,0.996981316519881,-0.79202039393792,-1.0914978830707245,True
20261234,ss,85,2.97,4.5,1,0,bounded,-0.005,-25,3000,True,9.932479304779398e-05,9.920785330742926e-05,1.551466925707319,1.418533074292681,1.679338662135237,0.0007416089027286383,0.7273834523042256,0.7276166879980654,-0.005530105714064373,1.0,0.0101133805896682,0.9988417978757852,0.0001853243732507915,1.0,0.01188724944837908,1.0,0.0003865068403210151,1.0,0.002131911140861812,1.0,1.0011787347116798,-0.7921466925707388,-0.6752069522060311,True
20261235,ss,85,2.97,4.5,1,0,bounded,-0.005,-25,3000,True,9.898711507529447e-05,9.920803548535966e-05,1.549645146403271,1.420354853596729,1.679670860079911,0.0007400898929175515,0.7270902295978354,0.7258781650026412,0.009989685752750672,1.0,-0.01047557224468292,1.001210515803512,-0.0001054012028310833,1.0,0.0006855789406399541,1.0,-0.001351900484194152,1.0,0.002340971503629678,1.0,0.9977731601176822,-0.791964514640342,-1.012884924705526,True
20261236,ss,85,2.97,4.5,1,0,bounded,-0.005,-25,3000,True,9.919466014103241e-05,9.920800236553567e-05,1.549976344643256,1.420023655356744,1.679466556033128,0.0007410237473491476,0.7265208874436004,0.7261940066680288,0.004846398918366876,1.0,0.001089319331888349,1.000011035676388,-0.0006762781550220292,1.0,0.009774387990132832,1.0,-0.001036130495239947,1.0,-0.00811646413994971,1.0,0.999865512618084,-0.7919976344643365,-0.8053398589675909,True
20261237,ss,85,2.97,4.5,1,0,bounded,-0.005,-25,3000,True,9.899202143720678e-05,9.920813145987077e-05,1.548685401292228,1.421314598707772,1.679666025644967,0.0007401122565918426,0.7261572290654094,0.7249619539589445,-0.0009842550028924507,1.0,-0.001745781325686468,1.0030641814016,-0.001038438018239049,1.0,-0.002430698257635166,1.0,-0.002268113936711622,1.0,-0.007618174641545433,1.0,0.9978216501058544,-0.7918685401292369,-1.0079785627932325,True
20261238,ss,85,2.97,4.5,1,0,bounded,-0.005,-25,3000,True,9.940871468887925e-05,9.920789644006134e-05,1.551035599386414,1.418964400613586,1.679256268735742,0.0007419866782162907,0.7266166217427611,0.727204826840889,0.002489783310471123,1.0,0.004111894385048871,0.9990725342704556,-0.0005821267883436338,1.0,-0.002096581471765261,1.0,-2.538371696257635e-05,1.0,0.0003750481863398374,1.0,1.0020242163781714,-0.7921035599386617,-0.5912853111207483,True
20261239,ss,85,2.97,4.5,1,0,bounded,-0.005,-25,3000,True,9.933333201659712e-05,9.920786767825317e-05,1.5513232174681,1.418676782531901,1.679330275645238,0.000741647370769019,0.7272105857462737,0.7274794961219991,-0.008877514721136608,1.0,0.006829392280897829,0.99783831161898,1.239466960902322e-05,1.0,-0.0005449744800546116,1.0,0.0002493118991406187,1.0,-0.004484600811619473,1.0,1.0012646611733542,-0.7921323217468412,-0.6666679834028799,True
20261240,ss,85,2.97,4.5,1,0,bounded,-0.005,-25,3000,True,9.947641230460582e-05,9.920783872602845e-05,1.551612739715444,1.418387260284557,1.679189852006604,0.000742291146075534,0.7268771590729474,0.7277556391032624,0.01165837343981152,1.0,-0.001663079452269459,0.9983502505942594,-0.0003220900810389704,1.0,-0.005850214565091972,1.0,0.0005254055121229794,1.0,0.006748594603110532,1.0,1.0027071810254737,-0.7921612739715589,-0.5235876953941898,True
20261241,ss,85,2.97,4.5,1,0,bounded,-0.005,-25,3000,True,9.909964845410547e-05,9.92080111432616e-05,1.549888567383932,1.420111432616068,1.679560033612329,0.0007405962208284774,0.7268420950623111,0.7261103621660641,0.007227729475957152,1.0,0.004552066517165125,0.9965742508361808,-0.0003543679242034304,1.0,-0.002768010951432437,1.0,-0.001119742137438901,1.0,0.001590206405685154,1.0,0.9989077223914947,-0.7919888567384126,-0.9003515458945399,True
20261242,ss,85,2.97,4.5,1,0,bounded,-0.005,-25,3000,True,9.893124799091359e-05,9.920801277326192e-05,1.549872267380708,1.420127732619292,1.679725924202882,0.0007398384235850033,0.7275442224316028,0.7260950650638283,0.00577814776614529,1.0,0.002993449267940046,1.00215359832557,0.0003490047692019293,1.0,-0.01216138628723898,1.0,-0.001134980895528413,1.0,-0.01559223978986859,1.0,0.9972102577744313,-0.791987226738089,-1.0687520090864155,True
20261243,ss,85,2.97,4.5,1,0,bounded,-0.005,-25,3000,True,9.929598954236431e-05,9.920794623129076e-05,1.550537687092325,1.419462312907675,1.679366956349726,0.00074147956293573,0.7266230399837507,0.7267297049069763,0.0008805910442379044,1.0,-0.00320946538507142,0.9992037740519828,-0.0005748749457177516,1.0,-0.003855111176333366,1.0,-0.0005004669556491559,1.0,-0.001305311226451084,1.0,1.0008874622892434,-0.7920537687092444,-0.7040104576356954,True
20261244,ss,85,2.97,4.5,1,0,bounded,-0.005,-25,3000,True,9.939276516120733e-05,9.920809059528048e-05,1.549094047195087,1.420905952804913,1.679271922734902,0.0007419154819825537,0.7248394954547315,0.7253514379498225,0.0002341518765262113,1.0,0.001665144719558886,0.997525389367533,-0.002359135130456872,1.0,-0.004365073724849271,1.0,-0.001878768514656382,1.0,-0.0008173761354692305,1.0,1.001861486949489,-0.7919094047195263,-0.6072348387926696,True
20261245,ss,85,2.97,4.5,1,0,bounded,-0.005,-25,3000,True,9.883214462175806e-05,9.920810348093473e-05,1.548965190652587,1.421034809347413,1.679823675853136,0.0007393927278247011,0.7271047457907469,0.7252293026798351,-0.02482089641449773,1.0,-0.002655077462811233,1.001911538805196,-8.973900014423848e-05,1.0,-0.003664947662702019,1.0,-0.00200070960651102,1.0,0.0008826270797241636,1.0,0.9962104017112984,-0.7918965190652716,-1.1678553782419443,True
20261246,ss,85,2.97,4.5,1,0,bounded,-0.005,-25,3000,True,9.936172683752722e-05,9.920782128015063e-05,1.551787198493402,1.418212801506598,1.679302392785215,0.0007417750096602854,0.727530674085116,0.7279223484867685,0.005374297555273361,1.0,0.003884677129437619,0.9968074414154068,0.0003322730290750729,1.0,-0.005713163590397361,1.0,0.0006921547666847601,1.0,0.000983527927342177,1.0,1.0015513449987172,-0.7921787198493679,-0.6382731624727911,True
20261247,ss,85,2.97,4.5,1,0,bounded,-0.005,-25,3000,True,9.895293325466716e-05,9.920786978605965e-05,1.551302139403191,1.418697860596809,1.679704547110887,0.000739935582600002,0.7288105908394236,0.7274599698538597,-0.006570262553902011,1.0,0.003925840316602115,1.0026795015866,0.001615212814553612,1.0,0.00224912660555996,1.0,0.000229917435800906,1.0,-0.01120101571767599,1.0,0.9974302791508147,-0.7921302139403563,-1.0470667453328475,True
20261248,ss,85,2.97,4.5,1,0,bounded,-0.005,-25,3000,True,9.974699006625988e-05,9.920784385911042e-05,1.551561408895629,1.418438591104371,1.67892482139055,0.0007435087612488971,0.725678763479859,0.7277062183631808,-0.001908624783123483,1.0,0.002705236599883075,0.9998182359031872,-0.001522486590643254,1.0,0.003085143891732413,1.0,0.0004758909703715018,1.0,-0.0003421020275296736,1.0,1.0054345118911678,-0.7921561408895772,-0.2530099337401226,True
20261249,ss,85,2.97,4.5,1,0,bounded,-0.005,-25,3000,True,9.940786834341443e-05,9.920794251196787e-05,1.550574880321177,1.419425119678823,1.67925709933939,0.0007419830064953135,0.7261824401425636,0.7267650344394879,-0.005836926052755764,1.0,0.003877409979037445,0.9994052242208912,-0.001016302129994073,1.0,-0.007754736994171739,1.0,-0.0004651761652099777,1.0,-0.005655559791813528,1.0,1.0020152200154986,-0.7920574880321274,-0.5921316565855705,True
20261250,ss,85,2.97,4.5,1,0,bounded,-0.005,-25,3000,True,9.888676612570015e-05,9.920807744222978e-05,1.549225577702066,1.420774422297934,1.679769787854886,0.0007396384472567494,0.7271192727259456,0.7254777916540397,-0.01275534602652034,1.0,-0.007803370315438972,0.9989929339066186,-7.561599228578139e-05,1.0,-0.001072616923011704,1.0,-0.001752239368283939,1.0,0.001758929939773478,1.0,0.9967612383506098,-0.7919225577702194,-1.113233874299846,True
20261251,ss,85,2.97,4.5,1,0,bounded,-0.005,-25,3000,True,9.917885054684752e-05,9.92079464199379e-05,1.5505358006209,1.4194641993791,1.6794821044618,0.0007409524380172876,0.7271198711948973,0.7267280870429373,0.005398865661138365,1.0,0.003459292776840071,0.9998089145933272,-7.717749149845256e-05,1.0,-0.01041643954125193,1.0,-0.0005020442286931389,1.0,-0.005579466350865404,1.0,0.9997067183210584,-0.792053580062102,-0.8211494531524921,True
20261252,ss,85,2.97,4.5,1,0,bounded,-0.005,-25,3000,True,9.968592482383278e-05,9.920781735219997e-05,1.551826478000171,1.418173521999829,1.678984575065553,0.0007432338889324592,0.7261899530819746,0.7279593364407709,-0.003760536966050514,1.0,0.001914025770016144,0.9983316177499796,-0.001010845412743972,1.0,-0.01260811548025749,1.0,0.0007290304047710446,1.0,-0.001321060627020255,1.0,1.0048192519943813,-0.7921826478000327,-0.3140751761672278,True
20261253,ss,85,2.97,4.5,1,0,bounded,-0.005,-25,3000,True,9.953846953256663e-05,9.920784979442138e-05,1.551502055786018,1.418497944213983,1.679129006617386,0.0007425704364743865,0.7265081846592231,0.7276498879838549,0.005180380408641138,1.0,-0.002020475314650771,1.000519534546698,-0.0006915234070340617,1.0,-0.00530845621603067,1.0,0.0004196328062091451,1.0,0.004396318551539337,1.0,1.0033325965518893,-0.7921502055786234,-0.4615304674333798,True
20261254,ss,85,2.97,4.5,1,0,bounded,-0.005,-25,3000,True,9.981945893009415e-05,9.920774536901521e-05,1.55254630984789,1.41745369015211,1.678853954046172,0.0007438345786194608,0.7263068992967312,0.7286462350003614,0.006792719170371184,1.0,-0.004338217689319414,0.9965970839131828,-0.0008948866782425927,1.0,0.006427745988005894,1.0,0.001415883221970186,1.0,-0.006649158667443167,1.0,1.006165985919785,-0.7922546309848011,-0.1805410699058596,True
20261255,ss,85,2.97,4.5,1,0,bounded,-0.005,-25,3000,True,9.899809352231705e-05,9.920789260041914e-05,1.551073995808288,1.418926004191712,1.679660042891217,0.0007401388715631882,0.7284012954730738,0.7272421203943618,0.002537263270162854,1.0,0.003892609809060035,0.9998964522650308,0.001205583487110381,1.0,0.002833918278310684,1.0,1.205215827652407e-05,1.0,-0.001649567996044685,1.0,0.997885258192641,-0.7921073995808658,-1.0019064776829567,True
20261256,ss,85,2.97,4.5,1,0,bounded,-0.005,-25,3000,True,9.92883633720735e-05,9.920795807472078e-05,1.550419252792131,1.419580747207869,1.67937444898168,0.0007414452803443389,0.7265429100050829,0.7266166604369977,0.006277466435811428,1.0,-0.004072270693330318,0.9999379591009971,-0.0006549485289114278,1.0,0.01993094286842434,1.0,-0.0006135088704067945,1.0,0.005695345199716441,1.0,1.0008104722535682,-0.7920419252792188,-0.7116366279265152,True
20261257,ss,85,2.97,4.5,1,0,bounded,-0.005,-25,3000,True,9.997265508724076e-05,9.920781930534769e-05,1.551806946523061,1.418193053476939,1.678704303972077,0.000744524180918921,0.7249544944402425,0.7279402448718423,-0.009368828042000074,1.0,0.004204038097300908,0.9994705427568292,-0.002248424414352836,1.0,-0.01741890194192659,1.0,0.0007098394602582267,1.0,0.00909582923468254,1.0,1.0077094304385323,-0.7921806946523224,-0.02734491275924178,True
20261258,ss,85,2.97,4.5,1,0,bounded,-0.005,-25,3000,True,9.966113269427459e-05,9.920774697806481e-05,1.552530219351751,1.41746978064825,1.679008844620424,0.0007431221153370322,0.7269638726505157,0.7286311234831585,0.0005265836049802669,1.0,-0.00538052577202669,0.9996455953303788,-0.0002367425068044899,1.0,0.01259076682461583,1.0,0.001400826558042573,1.0,-0.001727096861179697,1.0,1.0045700636293053,-0.7922530219351964,-0.338867305725421,True
20261259,ss,85,2.97,4.5,1,0,bounded,-0.005,-25,3000,True,9.959303279319633e-05,9.920784472075962e-05,1.551552792403631,1.418447207596369,1.679075538588423,0.0007428159560787626,0.72632452965613,0.7276982339228196,-0.009082636209062793,1.0,4.175305324642317e-05,0.998303498527602,-0.0008755819043663526,1.0,-0.01614642860972339,1.0,0.0004679598748403951,1.0,0.008109720677412087,1.0,1.0038826372402394,-0.7921552792403808,-0.4069672068036656,True
