seed,library,temperature_c,logic_v,led_supply_v,local_mismatch,global_variation,reference,calibration_error,tc_ppm,line_ppm_v,pwm_on,iout,iref,bias,headroom,led_k,power_w,out_vth,ref_vth,x0_dvth,x0_mulu0,x1_dvth,x1_mulu0,x2_dvth,x2_mulu0,x3_dvth,x3_mulu0,x4_dvth,x4_mulu0,x5_dvth,x5_mulu0,mirror_ratio,reference_error_pct,absolute_error_pct,absolute_current_budget_pass
20261004,statistical,27,3.3,5,1,1,bounded,0,0,0,True,0.0001002647888548082,9.99990544038672e-05,1.409455961327952,1.890544038672048,2.199782520698636,0.0008313208346951899,0.7308934464343,0.7295657639734022,0.001046153961375969,1.0,-0.004630799815881151,1.004992445791786,-1.53959231950508e-05,1.0,-0.01581789904111882,1.0,-0.001373745219305774,1.0,0.006311388049938009,1.0,1.0026573696373946,-0.0009455961328064255,0.2647888548082067,True
20261005,statistical,27,3.3,5,1,1,bounded,0,0,0,True,0.0001002284318239823,9.999900720298231e-05,1.409927970176814,1.890072029823187,2.199812480298339,0.0008311388937778181,0.7236617356004762,0.7221917821038111,-0.001194297789983824,1.0,-0.001784744772358926,1.0022882045463,-0.0003101495699324079,1.0,0.007947541031251679,1.0,-0.00181102007548784,1.0,0.01120865266388922,1.0,1.002294268987434,-0.0009927970176959455,0.22843182398228912,True
20261006,statistical,27,3.3,5,1,1,bounded,0,0,0,True,0.0001001505713018104,0.0001000009495377765,1.390504622234729,1.909495377765271,2.199876674735322,0.0008307560008722552,0.6963315844090412,0.6944738089332645,-0.006435223577713423,1.0,0.002975072317145065,0.9981407293771591,0.0008290340183386713,1.0,-0.01008804156693812,1.0,-0.001060209611480312,1.0,0.00154027814237954,1.0,1.0014962034333224,0.0009495377764956459,0.15057130181039824,True
20261007,statistical,27,3.3,5,1,1,bounded,0,0,0,True,0.0001007752087791437,0.0001000048367128892,1.351632871107756,1.948367128892244,2.199362988624199,0.0008338920159369949,0.6595322629310473,0.6597488180832586,-0.005070796019266256,1.0,-0.002106722297619184,1.001959853638134,-0.0008875657603872422,1.0,-0.006869724827201704,1.0,-0.0006981893002435031,1.0,0.006407553167060417,1.0,1.0077033480737159,0.004836712889200179,0.775208779143699,True
20261008,statistical,27,3.3,5,1,1,bounded,0,0,0,True,0.0001010882418084193,0.0001000031021639045,1.368978360955069,1.931021639044931,2.199106681816771,0.0008354514570721376,0.6782547477253112,0.6796621576068914,0.001630443052937254,1.0,-0.00156656300659728,0.9972160312216448,-0.0007249403005544564,1.0,-0.004689265679160766,1.0,0.0006574670017106828,1.0,0.008610971669988254,1.0,1.0108510598274867,0.0031021639044892524,1.088241808419288,True
20261009,statistical,27,3.3,5,1,1,bounded,0,0,0,True,0.0001008995482763843,0.0001000017542555136,1.382457444864105,1.917542555135895,2.199261091912779,0.0008345035413134165,0.6967874111093988,0.6975440963889076,0.002516881193624792,1.0,0.0001901628950526394,1.001544466019209,-0.000874022016092884,1.0,0.0004618424795895425,1.0,-0.0001436341827660066,1.0,0.00512034833772672,1.0,1.0089777827154587,0.001754255513608527,0.8995482763842988,True
20261010,statistical,27,3.3,5,1,1,bounded,0,0,0,True,0.0001004263235948456,9.999561060199761e-05,1.44389398002372,1.85610601997628,2.199649533089125,0.000832117143850152,0.7488808375768421,0.7482438427544126,-0.003434901988720441,1.0,0.0007661873314902594,0.9981019634423318,0.0007403376663807574,1.0,-0.002381895869768787,1.0,7.381922224336018e-05,1.0,0.001520223981219947,1.0,1.0043073189938536,-0.004389398002391243,0.42632359484560123,True
20261011,statistical,27,3.3,5,1,1,bounded,0,0,0,True,0.0001012447671528384,9.999885141125212e-05,1.411485887478735,1.888514112521265,2.198978800518091,0.0008362200563100458,0.6982503811315,0.7004659133559856,-0.003008495906670696,1.0,-0.001008770206337383,1.00157618366733,-0.0001183119454681217,1.0,0.002332208460633616,1.0,0.002073332274911539,1.0,0.003094441109064082,1.0,1.0124593005219866,-0.0011485887478901446,1.2447671528383886,True
20261012,statistical,27,3.3,5,1,1,bounded,0,0,0,True,0.0001006307219892157,0.0001000001176761622,1.398823238378518,1.901176761621482,2.199481544528484,0.0008331540091654061,0.7119199157364234,0.7118020270427502,0.001849198446084494,1.0,0.002853962224960144,0.9993557429291188,-0.0004133374562644369,1.0,-0.001086179083581227,1.0,-0.0005593699257810559,1.0,0.004801187605043172,1.0,1.0063060357098343,0.00011767616219238164,0.630721989215699,True
20261013,statistical,27,3.3,5,1,1,bounded,0,0,0,True,0.0001002830074098994,0.0001000035245216141,1.364754783859413,1.935245216140588,2.19976751174223,0.0008314266788593632,0.6731552021961283,0.671671645875865,0.004725564764883314,1.0,-0.007320956539742998,1.003277569536022,0.0004382192045512528,1.0,0.01128908682442807,1.0,-0.0010759086455764,1.0,0.006508410096259834,1.0,1.0027947303819766,0.003524521614095555,0.283007409899394,True
20261014,statistical,27,3.3,5,1,1,bounded,0,0,0,True,0.0001010435410716005,0.0001000045057628151,1.35494237184938,1.945057628150621,2.199143236470698,0.000835232585263827,0.6695931703003328,0.6707557924884201,-0.004486331799007226,1.0,-0.001102203540588043,1.000919085067149,-0.001006616617639299,1.0,-0.001934182414095883,1.0,0.0001306836499267913,1.0,-0.005069604144896884,1.0,1.0103898849442816,0.004505762815099068,1.0435410716004956,True
20261015,statistical,27,3.3,5,1,1,bounded,0,0,0,True,0.0001010217554515726,0.0001000007579635961,1.392420364039175,1.907579635960825,2.199161057470015,0.0008351112894265625,0.7086962308499504,0.7099417875924581,0.009063794229578386,1.0,-0.01182162378878515,1.000948557896234,-0.0007463586107987971,1.0,0.004827094256219122,1.0,0.0004737521995344676,1.0,-0.0004908667633716849,1.0,1.010209897492459,0.0007579635960874853,1.0217554515725924,True
20261016,statistical,27,3.3,5,1,1,bounded,0,0,0,True,0.0001004620431638371,0.0001000008759530793,1.391240469206412,1.908759530793589,2.199620153166711,0.0008323131173527792,0.7039270530459044,0.7032015123746983,-0.00307984189768605,1.0,5.692071607380003e-06,1.000140733457034,-0.001304288995970478,1.0,0.002886799807956598,1.0,-0.002059144975916645,1.0,-0.006562060122435335,1.0,1.004611631711848,0.0008759530792934456,0.4620431638370892,True
20261017,statistical,27,3.3,5,1,1,bounded,0,0,0,True,0.0001001233577717499,0.0001000082153115725,1.317846884274885,1.982153115725115,2.199899122801197,0.000830643910275665,0.6406828506329663,0.6384671801353186,-0.01108855128676523,1.0,0.007447732958231475,0.9954897064839192,0.001189273507936916,1.0,0.007592083436296249,1.0,-0.001058107413686263,1.0,-0.001798360093389834,1.0,1.001151330016426,0.008215311572490336,0.12335777174989904,True
20261018,statistical,27,3.3,5,1,1,bounded,0,0,0,True,0.0001003832739870027,9.999938962485064e-05,1.406103751493568,1.893896248506433,2.199684955132159,0.0008319143665853373,0.7218623486453158,0.7209108839962071,0.00348544704170357,1.0,0.003083455036630999,0.9979915469187551,0.0002195963749878131,1.0,-0.004548899903716264,1.0,-0.000761717512650421,1.0,-0.01420484354471104,1.0,1.0038388670530112,-0.0006103751493680143,0.3832739870026858,True
20261019,statistical,27,3.3,5,1,1,bounded,0,0,0,True,0.0001004928435220299,0.0001000000624147817,1.399375852182964,1.900624147817036,2.199594827250903,0.0008324644344676183,0.6959919226587847,0.6953916341899786,-0.004010734274751059,1.0,-0.00300518862273347,1.001805434796835,0.001485581727591925,1.0,0.005629609311127493,1.0,0.0008561984044134468,1.0,-0.001865549925359711,1.0,1.0049278079968014,6.241478169854986e-05,0.49284352202989545,True
20261020,statistical,27,3.3,5,1,1,bounded,0,0,0,True,0.0001012756279528339,0.000100000077234784,1.399227652160347,1.900772347839654,2.198953609132229,0.0008363784055280468,0.6999661119415851,0.7021860784030397,-0.001100926348447443,1.0,-0.001418299766050938,0.9988266766176503,-0.002580905360937448,1.0,-0.0002703769154082336,1.0,-0.0003846236025159076,1.0,0.008278275941870217,1.0,1.0127554973288182,7.723478399057626e-05,1.275627952833891,True
20261021,statistical,27,3.3,5,1,1,bounded,0,0,0,True,0.0001002433899454615,0.0001000031526901807,1.368473098192622,1.931526901807379,2.199800152991879,0.000831227364493134,0.6790806122288296,0.6774961351451968,0.004881726750796496,1.0,-0.00492291293692445,0.997733224443513,0.0004743095315250118,1.0,-0.01377048736512879,1.0,-0.001141010813924842,1.0,-0.01299762777114847,1.0,1.0024022968158322,0.003152690180696638,0.24338994546149184,True
20261022,statistical,27,3.3,5,1,1,bounded,0,0,0,True,0.00010106412868938,9.999804984927109e-05,1.419501507288991,1.880498492711009,2.199126398772125,0.0008353142188379686,0.7378676696826926,0.7393706282410918,-0.0088889092869054,1.0,0.005437425460882064,1.000618703054559,-0.002113808689159397,1.0,0.0005226356011174302,1.0,-0.0006359837453591728,1.0,0.002517839096615766,1.0,1.0106609963065862,-0.001950150728913247,1.064128689379995,True
20261023,statistical,27,3.3,5,1,1,bounded,0,0,0,True,0.0001011870028173546,9.999816198162177e-05,1.41838018378222,1.881619816217781,2.199025972391254,0.0008359289595185821,0.7191113431831894,0.7210776390403022,0.002120721424231187,1.0,-0.0007250052538028559,0.9989273455692151,-0.001616006847283786,1.0,-0.0003025328758155119,1.0,0.0003260057555373827,1.0,0.0001208491184377901,1.0,1.0118886268724752,-0.0018380183782307213,1.1870028173545988,True
20261024,statistical,27,3.3,5,1,1,bounded,0,0,0,True,0.0001008605552560694,0.0001000053954292012,1.34604570798789,1.95395429201211,2.199293034151718,0.0008343205920847991,0.6648591049779381,0.6653370857736173,0.0077433581119854,1.0,0.0003962600881577538,0.999054526582617,-0.0005176796602774839,1.0,0.001148195906813059,1.0,-6.629260229670346e-05,1.0,-0.0111540542211788,1.0,1.0085511368981448,0.0053954292011937355,0.8605552560694063,True
20261025,statistical,27,3.3,5,1,1,bounded,0,0,0,True,0.0001006117246720918,9.999983195779639e-05,1.401680422035953,1.898319577964048,2.199497144307031,0.0008330580797110699,0.7076510433505698,0.7074778212819555,0.001256375091456872,1.0,-0.002323988026070022,0.9994877345752395,-0.0013422711528516,1.0,-0.002931560123414295,1.0,-0.001543765485815521,1.0,0.006189136073279295,1.0,1.0061189374253514,-0.00016804220361876787,0.6117246720917846,True
20261026,statistical,27,3.3,5,1,1,bounded,0,0,0,True,0.0001007295134005871,9.999670469766083e-05,1.432953023391556,1.867046976608445,2.199400465835653,0.0008336367033952786,0.7311036392742204,0.7315134461047507,0.006502384686529239,1.0,0.002013501688084426,0.99995514039475,-0.0007419110616136422,1.0,-0.001301377552590512,1.0,-0.0003595392652153486,1.0,0.007607339635300726,1.0,1.0073283285198438,-0.0032953023391790737,0.7295134005870896,True
20261027,statistical,27,3.3,5,1,1,bounded,0,0,0,True,0.0001004427414913457,0.0001000042684260351,1.357315739648669,1.942684260351332,2.199636027885471,0.0008322278041520794,0.6706076317342378,0.6696949841878309,-0.004142450684459596,1.0,-0.00522163201309141,1.002946369961927,0.0001969624293929901,1.0,-0.00699754706122172,1.0,-0.000745158625182135,1.0,-0.01113930573673743,1.0,1.0043845435021097,0.004268426035092254,0.4427414913456884,True
20261028,statistical,27,3.3,5,1,1,bounded,0,0,0,True,0.0001004412548818613,9.999797064940376e-05,1.420293505962404,1.879706494037596,2.199637250670738,0.0008321995884406879,0.7210191523633335,0.7203214297637538,-0.007622224871990744,1.0,-0.00543193647065418,1.00230972649711,-0.0003421327619470072,1.0,-0.003996355992982571,1.0,-0.001069292062180847,1.0,0.00527130428810355,1.0,1.004432932284313,-0.002029350596244317,0.44125488186128603,True
20261029,statistical,27,3.3,5,1,1,bounded,0,0,0,True,0.000100548170733429,9.999694461497391e-05,1.430553850260959,1.869446149739041,2.199549352178044,0.0008327307817861254,0.7429141500988785,0.7426637217013573,-0.001746936105610983,1.0,-0.001540035365290083,0.998984755743531,-0.0007575822052814284,1.0,0.0005558613190989395,1.0,-0.001036702441541902,1.0,0.01058907731776329,1.0,1.0055124296104998,-0.003055385026096147,0.5481707334289876,True
20261030,statistical,27,3.3,5,1,1,bounded,0,0,0,True,0.0001008604214055743,0.0001000010692409882,1.389307590117649,1.910692409882352,2.199293143819112,0.0008343056464123269,0.692937211762603,0.6936008004840772,0.004953549862792402,1.0,-0.0009191546769496295,0.9970880532976888,-4.623394790795118e-05,1.0,0.004343604464795038,1.0,0.0005907928590586041,1.0,-0.004802957731268451,1.0,1.0085934297613879,0.0010692409881940534,0.8604214055742965,True
20261031,statistical,27,3.3,5,1,1,bounded,0,0,0,True,0.0001008947613489609,0.0001000002738450508,1.397261549491986,1.902738450508015,2.199265012636003,0.000834474721321779,0.7287268862687655,0.729538767138573,-0.003178067703643817,1.0,-0.003632967950922213,1.003679927980376,-0.0006071222355593701,1.0,0.002403272703090066,1.0,0.0001784370151278152,1.0,0.002961949597172705,1.0,1.0089448505440706,0.00027384505079108834,0.894761348960893,True
20261032,statistical,27,3.3,5,1,1,bounded,0,0,0,True,0.0001005993057749278,9.999965869154743e-05,1.403413084525571,1.896586915474429,2.199507343665758,0.0008329954134454769,0.7121998891014378,0.7120226355992959,-0.004782916628787113,1.0,-0.002532388232396412,1.003553898651162,0.0003190989754986107,1.0,-0.01129162737543741,1.0,0.000113487783503361,1.0,0.001259786454175344,1.0,1.0059964913003354,-0.00034130845256719056,0.5993057749277941,True
20261033,statistical,27,3.3,5,1,1,bounded,0,0,0,True,0.0001006146108639995,9.999835147803445e-05,1.416485219655473,1.883514780344527,2.199494774112375,0.0008330676250857922,0.7151375297572586,0.7150539067246254,-0.003879342107660664,1.0,-0.002160024143488884,0.9972345920675588,0.0003526258478137613,1.0,-0.009649851384232825,1.0,0.0002407617265453492,1.0,-0.002807669651216705,1.0,1.0061626954530387,-0.0016485219655582029,0.6146108639994985,True
20261034,statistical,27,3.3,5,1,1,bounded,0,0,0,True,0.0001013870699901211,9.999982452264359e-05,1.401754773564132,1.898245226435868,2.198862699981875,0.0008369347817646968,0.7133019360778542,0.7158699024215488,-0.005965150913367186,1.0,0.00813435609523613,0.998067050970515,-0.0009516379965655936,1.0,0.007784148415773221,1.0,0.001593414928482452,1.0,-0.01067475744058809,1.0,1.0138724790178346,-0.00017547735641221252,1.3870699901211037,True
20261035,statistical,27,3.3,5,1,1,bounded,0,0,0,True,0.0001012234627816645,0.0001000015926561209,1.384073438790832,1.915926561209168,2.198996195285526,0.0008361225805619159,0.6917616278631114,0.6936766056875376,-0.005552756060036803,1.0,-0.001038114923791501,0.9984668578596928,-0.001859274474915573,1.0,9.02154947563062e-05,1.0,3.164677047635037e-05,1.0,-0.001972260846378049,1.0,1.0122185066566418,0.0015926561208967627,1.2234627816644972,True
20261036,statistical,27,3.3,5,1,1,bounded,0,0,0,True,0.0001004878768173469,0.0001000013998098551,1.386001901448623,1.913998098551377,2.199598910682581,0.0008324440143484583,0.6982070423263181,0.697550436644704,0.01044833146855861,1.0,0.002396708984022333,0.9973443356305062,0.0004405272401866926,1.0,0.002878104236064065,1.0,-0.0002452189201404821,1.0,-0.01316317591425656,1.0,1.0048647019783403,0.0013998098550960236,0.48787681734689947,True
20261037,statistical,27,3.3,5,1,1,bounded,0,0,0,True,0.0001002394122987517,0.0001000051264132045,1.348735867954559,1.951264132045441,2.199803430886591,0.000831213989547287,0.6634551243697085,0.6617447514770846,0.005856972341050546,1.0,0.001569843668487068,1.000511639745162,0.0003868355689499913,1.0,0.007387544235199689,1.0,-0.001354422237735993,1.0,-0.00174888836456764,1.0,1.002342738757003,0.005126413204492586,0.23941229875168446,True
20261038,statistical,27,3.3,5,1,1,bounded,0,0,0,True,0.0001003045128786474,0.0001000001456199247,1.398543800752778,1.901456199247223,2.199749798229875,0.0008315230558281098,0.7070611603824298,0.7057977678717701,0.003675057162120202,1.0,0.004500450040108937,1.001505967643145,-0.0007667833153034599,1.0,0.005287291574221057,1.0,-0.002060574375617536,1.0,0.00498651930226003,1.0,1.0030436681550396,0.00014561992469630525,0.3045128786473894,True
20261039,statistical,27,3.3,5,1,1,bounded,0,0,0,True,0.0001006157435231393,0.0001000002141574004,1.397858425995553,1.902141574004447,2.199493843968988,0.0008330794352236863,0.693879729994843,0.6937224417275629,-0.001429319376606613,1.0,-0.001771950870268241,0.9993670252244078,0.001383104842706458,1.0,0.008104692815970763,1.0,0.001197570240810263,1.0,0.003734116068829906,1.0,1.0061552804754004,0.00021415740039110176,0.6157435231392894,True
20261040,statistical,27,3.3,5,1,1,bounded,0,0,0,True,0.0001005997280868022,9.999783986271251e-05,1.421601372874804,1.878398627125196,2.199506996811158,0.0008329915228692336,0.7360638354624153,0.7359400227064438,-0.00887907437331041,1.0,-0.001873099569802405,0.999803392887603,0.0005179654697014233,1.0,-0.00261574783582696,1.0,0.0003658108273362381,1.0,-0.003398118418409627,1.0,1.006019012259825,-0.0021601372874990865,0.5997280868021981,True
20261041,statistical,27,3.3,5,1,1,bounded,0,0,0,True,0.0001008274772111085,0.0001000016159534648,1.383840465352278,1.916159534647722,2.199320140062416,0.0008341427295905573,0.6927341976511431,0.6932588346997367,-0.01043935044413877,1.0,-0.002002180302089024,1.000816671449271,0.0003846090387700123,1.0,0.003403659572845836,1.0,0.0008824519951698747,1.0,0.007408688243433817,1.0,1.0082584791232574,0.0016159534647952611,0.827477211108496,True
20261042,statistical,27,3.3,5,1,1,bounded,0,0,0,True,0.0001007240146989331,0.0001000080303797187,1.319696202812846,1.980303797187154,2.199404976689584,0.0008336465846369637,0.6311191144249392,0.6310111103189012,-0.002042818359472877,1.0,-0.001744665489062686,1.000684405829393,0.001253724329644082,1.0,0.008003256805195058,1.0,0.001118164467208326,1.0,0.002035181982980385,1.0,1.0071592682757164,0.00803037971870424,0.7240146989331064,True
20261043,statistical,27,3.3,5,1,1,bounded,0,0,0,True,0.0001016057269947303,9.999852260789062e-05,1.41477392109361,1.885226078906391,2.198684602157317,0.0008380237704681331,0.7144530770062251,0.7178912743908598,0.007934634425914891,1.0,-0.001571815156292589,1.000540604271965,-0.001515699875258025,1.0,-0.00886504787865245,1.0,0.001901106210498408,1.0,0.001798663252523102,1.0,1.0160722813190128,-0.0014773921093835796,1.6057269947302943,True
20261044,statistical,27,3.3,5,1,1,bounded,0,0,0,True,0.0001002596903370402,0.0001000042085109453,1.357914890546846,1.942085109453154,2.199786721459279,0.0008313123506601488,0.6810872601789659,0.6795221384102288,0.004795083646888542,1.0,-0.00610278044322657,0.9988416866982672,0.0008944504903584135,1.0,-0.004563208864071647,1.0,-0.0007014106659292809,1.0,0.002571467293662391,1.0,1.0025547107456676,0.004208510945291621,0.25969033704018596,True
20261045,statistical,27,3.3,5,1,1,bounded,0,0,0,True,0.0001010239327653863,0.0001000046671456197,1.353328543803241,1.946671456196759,2.199159276228853,0.0008351350762955029,0.6614495097431982,0.6625641712171927,-0.01245189700731756,1.0,-0.0009921748009116063,1.002281500507996,-0.001395457139253956,1.0,0.006071569581642049,1.0,-0.0003062539063425227,1.0,-3.185082052062717e-05,1.0,1.0101921805137597,0.00466714561968562,1.023932765386304,True
20261046,statistical,27,3.3,5,1,1,bounded,0,0,0,True,0.0001007605647754097,9.999886557352136e-05,1.411344264786289,1.888655735213711,2.199374997213059,0.0008337990911583143,0.7192148730501081,0.7196499513595037,7.017244589059329e-05,1.0,0.005222374329307298,0.9974565976931827,0.0002705589751642243,1.0,-0.004643911718952071,1.0,0.000678400139133135,1.0,-0.002965880595361838,1.0,1.007617078429038,-0.001134426478643924,0.7605647754096889,True
20261047,statistical,27,3.3,5,1,1,bounded,0,0,0,True,0.0001009228268471353,0.0001000058164031681,1.341835968318592,1.958164031681408,2.199242028135839,0.0008346333392548549,0.6648395651913076,0.6655161262879385,0.00257434988353204,1.0,0.001357505977799547,1.000340728467772,-3.500055750082567e-05,1.0,-0.0004841476255252532,1.0,0.0006153937590233095,1.0,0.002663986093242011,1.0,1.009169571100448,0.005816403168079631,0.9228268471352941,True
20261048,statistical,27,3.3,5,1,1,bounded,0,0,0,True,0.0001004317045112159,9.999895254173712e-05,1.410474582628783,1.889525417371217,2.199645106570659,0.0008321550768344776,0.722920664987497,0.7221754169771113,-0.002194581574531761,1.0,-0.001199812160738546,0.9992012815500784,0.0007481129853617028,1.0,-0.01224736896837816,1.0,-2.664633977840768e-05,1.0,0.003400806604047942,1.0,1.0043275650242252,-0.001047458262881662,0.43170451121590236,True
20261049,statistical,27,3.3,5,1,1,bounded,0,0,0,True,0.0001004801022915415,0.0001000024967173108,1.375032826891476,1.924967173108525,2.199605302976344,0.0008324087615136693,0.683522181921578,0.6827760803747094,0.008410015109678936,1.0,-0.004128366611283938,0.997453403119376,0.0001879798740987367,1.0,0.0006509911564609734,1.0,-0.0005873234201879009,1.0,0.003096794913141434,1.0,1.0047759365006736,0.0024967173108070284,0.4801022915414954,True
20261050,statistical,27,3.3,5,1,1,bounded,0,0,0,True,0.0001008677330220777,9.999882863824784e-05,1.411713617521713,1.888286382478288,2.199287153410368,0.0008343348105048437,0.7325999304308701,0.7333558638487181,-0.002694615168784034,1.0,-0.003579770703907908,0.9994924459147644,-0.0003736560376862484,1.0,-0.0121163258343466,1.0,0.0003557804787790987,1.0,0.002422929510150776,1.0,1.008689145619627,-0.0011713617521724728,0.8677330220776991,True
20261051,statistical,27,3.3,5,1,1,bounded,0,0,0,True,0.0001006168632758743,9.999973951511084e-05,1.402604848891409,1.897395151108592,2.199492924434053,0.0008330834676687096,0.6971899587165806,0.697077226623999,-0.002399978487646506,1.0,0.006832950747572716,0.9962771366062004,-0.0002044609175703541,1.0,-0.007304740002657028,1.0,-0.0003454283799846646,1.0,-0.002525831932025942,1.0,1.006171253682818,-0.0002604848891696321,0.6168632758742909,True
20261052,statistical,27,3.3,5,1,1,bounded,0,0,0,True,0.000100390876475366,0.0001000030771103668,1.36922889633174,1.930771103668261,2.199678698621714,0.0008319645477295528,0.6905882154721926,0.6895381659173829,-0.008297939497934262,1.0,0.003363582093871577,0.9969497014612971,-0.0009233999572072786,1.0,0.01584620674408358,1.0,-0.002003273736672274,1.0,-7.18534367951478e-05,1.0,1.0038778743235193,0.003077110366800362,0.3908764753659977,True
20261053,statistical,27,3.3,5,1,1,bounded,0,0,0,True,0.0001007439514064891,0.0001000023874053019,1.376125946980835,1.923874053019165,2.199388622733811,0.0008337276463585546,0.690913369020718,0.6911278494475989,-0.01087519894579537,1.0,-0.001457387020296831,1.000425855226676,-0.000506428050606015,1.0,0.0003234754152698935,1.0,-0.0003193254145275819,1.0,-0.0001349742016039366,1.0,1.0074154629747158,0.0023874053018957397,0.7439514064890851,True
20261054,statistical,27,3.3,5,1,1,bounded,0,0,0,True,0.0001007853450738273,0.0001000038176313188,1.36182368681223,1.93817631318777,2.199354677472056,0.0008339393344410233,0.6667597126660294,0.6670654565310528,-0.0005762195755263367,1.0,0.004342540885269097,0.9992999450249632,-9.390771053217488e-05,1.0,0.00331289089255351,1.0,0.0001847350191812246,1.0,0.01007809518012152,1.0,1.0078149760781108,0.0038176313187809896,0.7853450738273038,True
20261055,statistical,27,3.3,5,1,1,bounded,0,0,0,True,0.000100661726573751,0.000100004419177697,1.355808223029701,1.944191776970299,2.199456090838221,0.0008333232270437766,0.6727715760150064,0.6726139375585095,0.0005135884092586631,1.0,0.004522931605192786,1.000796658513802,-0.0001855315211761589,1.0,-0.000986853042030923,1.0,-0.0003711309779643553,1.0,0.00366991382014221,1.0,1.0065727834975575,0.004419177697001508,0.661726573750987,True
20261056,statistical,27,3.3,5,1,1,bounded,0,0,0,True,0.0001008619173434723,0.0001000001198456174,1.39880154382551,1.90119845617449,2.199291918163747,0.0008343099930970747,0.7107415501905696,0.7114498890249239,0.004800853007258838,1.0,-0.002024929029093416,1.000100370582155,-0.002058962994374421,1.0,0.01307220421465815,1.0,-0.001377169922852435,1.0,0.01172176121548935,1.0,1.008617964650296,0.00011984561740785438,0.861917343472296,True
20261057,statistical,27,3.3,5,1,1,bounded,0,0,0,True,0.0001009934397381186,0.0001000026755922354,1.373244077645768,1.926755922354232,2.199184225587827,0.0008349760390329348,0.6815977520645947,0.6826969952872914,0.001746515713255646,1.0,0.001089244313723656,1.001432881704373,-0.001856272782857651,1.0,0.004094718793427108,1.0,-0.0007826842476205526,1.0,-0.001395776516424607,1.0,1.0099073763778388,0.0026755922353904893,0.9934397381185844,True
20261058,statistical,27,3.3,5,1,1,bounded,0,0,0,True,0.0001007368771633245,0.0001000085557681379,1.314442318620667,1.985557681379333,2.199394425343073,0.0008337126307395599,0.6351966123611675,0.6351119769364819,0.009014527291820456,1.0,-0.007161578039821296,1.00099018206163,0.001003506356768733,1.0,0.003304101498157378,1.0,0.0008913991927851721,1.0,-0.001731474771133792,1.0,1.0072825908702767,0.008555768137896713,0.7368771633244897,True
20261059,statistical,27,3.3,5,1,1,bounded,0,0,0,True,9.979131581339465e-05,9.999617847087707e-05,1.438215291229326,1.861784708770674,2.200173482241448,0.0008289439789109277,0.7378865981859964,0.7349026478235554,0.001430520234925531,1.0,0.007280173343803938,1.002222460220744,0.002804005418797076,1.0,-0.005777314750150022,1.0,-0.0002138610763978253,1.0,0.002492322311208184,1.0,0.9979512951333227,-0.0038215291229382053,-0.20868418660535681,True
20261060,statistical,27,3.3,5,1,1,bounded,0,0,0,True,0.0001005919164905257,9.999907399061412e-05,1.409260093858667,1.890739906141333,2.199513412878622,0.0008329565375104368,0.723106437451387,0.7229129748888445,0.005086763907939211,1.0,0.005132782294168824,1.000698977006558,0.0003602783723536112,1.0,-0.004464167374987699,1.0,0.0001384110195212113,1.0,-0.004517265632894826,1.0,1.005928479897396,-0.000926009385882054,0.5919164905257013,True
20261061,statistical,27,3.3,5,1,1,bounded,0,0,0,True,0.0001008347100137143,9.999985855713683e-05,1.401414428631581,1.898585571368419,2.199314212405775,0.0008341730941967442,0.7075859219175661,0.7082402532529974,0.001311023456968973,1.0,-0.004165467357336535,1.001819965494452,-0.0009914336836412934,1.0,0.009747897823331549,1.0,-0.0003638338386316186,1.0,0.006887093793323919,1.0,1.0083485263741694,-0.00014144286317741006,0.8347100137142904,True
20261062,statistical,27,3.3,5,1,1,bounded,0,0,0,True,0.0001006322899707647,0.0001000012495379342,1.387504620657614,1.912495379342386,2.199480257093159,0.000833165584218314,0.7068491928166241,0.7066879497634156,0.01440248800728718,1.0,0.00184333773052786,0.9983947480110946,-0.0003790997310816509,1.0,0.01332187136276698,1.0,-0.0005684845357121741,1.0,-0.00854088000202488,1.0,1.0063103254783945,0.0012495379341892487,0.632289970764699,True
20261063,statistical,27,3.3,5,1,1,bounded,0,0,0,True,0.0001007380157430794,0.0001000012761215801,1.387238784198882,1.912761215801119,2.199393491403439,0.0008336943008054313,0.7016680178060241,0.7019131556018762,0.00966236925573151,1.0,-0.003490562784645816,1.000382995950739,-3.820264196520179e-05,1.0,-0.003964669724236552,1.0,0.0001795242402105865,1.0,-0.008261003540287847,1.0,1.0073673021992597,0.0012761215800960457,0.7380157430793899,True
20261064,statistical,27,3.3,5,1,1,bounded,0,0,0,True,0.0001006315952554927,0.0001000041551941857,1.358448058142695,1.941551941857306,2.199480827506336,0.0008331716993064504,0.6807745975482583,0.6805224072557929,0.004785134344181353,1.0,-0.0002394692297771142,0.999745786670754,0.0003180896886915187,1.0,0.007063670256225686,1.0,3.773138767518155e-05,1.0,-0.006745304531085496,1.0,1.0062741399103734,0.00415519418568433,0.6315952554927007,True
20261065,statistical,27,3.3,5,1,1,bounded,0,0,0,True,9.998148916313802e-05,0.0001000017926072881,1.382073927118757,1.917926072881244,2.200016241167798,0.0008299133723080137,0.6950504732006,0.6925570118560398,-0.004734089760766769,1.0,0.007579875638668074,0.9994798935257896,0.0009451367464778064,1.0,-0.008500267391905144,1.0,-0.001580968098833594,1.0,0.01393888675400876,1.0,0.9997969691980441,0.001792607288098047,-0.018510836861984625,True
20261066,statistical,27,3.3,5,1,1,bounded,0,0,0,True,0.0001004122175810131,0.0001000054992464752,1.34500753524783,1.95499246475217,2.199661138216656,0.0008320792463065681,0.6580328470860325,0.656926134927106,-0.005570608066089965,1.0,-0.008414767721915874,0.9995333883382648,0.001846996358927804,1.0,-0.002221745742412989,1.0,0.0007105911758899122,1.0,0.00649941170217882,1.0,1.0040669596932414,0.005499246475193509,0.4122175810131079,True
20261067,statistical,27,3.3,5,1,1,bounded,0,0,0,True,0.0001000277240383553,0.0001000052150760452,1.347849239547878,1.952150760452123,2.199978055238698,0.0008301558408313441,0.6561951164793112,0.6537267757641971,-0.003191282983608394,1.0,0.002664594290812305,0.9995227726228888,0.0006680630562334735,1.0,0.002743894660987321,1.0,-0.001832626013454266,1.0,0.00338719183056666,1.0,1.000225077885118,0.005215076045206324,0.027724038355292357,True
20261068,statistical,27,3.3,5,1,1,bounded,0,0,0,True,0.0001006694268147824,9.999881077408384e-05,1.411892259161622,1.888107740838378,2.199449770348304,0.0008333432205173768,0.7207555054624024,0.7208589662530289,-0.003435984482723783,1.0,0.001837856946424206,1.003678062652795,8.222917347453133e-05,1.0,-0.01270361411059932,1.0,0.0001578234399688489,1.0,-0.01451918809009469,1.0,1.0067062401593316,-0.0011892259161649932,0.6694268147823923,True
20261069,statistical,27,3.3,5,1,1,bounded,0,0,0,True,0.0001015839629265115,0.0001000047756916135,1.352243083864581,1.947756916135419,2.198702313029987,0.000837935585304386,0.6627392678064926,0.6658120502336508,-0.002155724906793477,1.0,-0.002274988489760248,0.998603139391658,-0.0008074590121828707,1.0,-0.003071044162065556,1.0,0.002243735413926376,1.0,0.005372351866815937,1.0,1.015791118213872,0.004775691613478905,1.583962926511484,True
20261070,statistical,27,3.3,5,1,1,bounded,0,0,0,True,0.0001010513412487092,0.0001000071538413193,1.328461586806754,1.971538413193247,2.199136856673165,0.0008352803248081737,0.6495170197759194,0.6505840449821749,0.004625281362983914,1.0,-0.003611178110781094,0.999712656073401,-0.0006373236891232289,1.0,-0.002663137707456882,1.0,0.00040441370238409,1.0,-0.002107658106629622,1.0,1.010441127132232,0.007153841319307297,1.0513412487092033,True
20261071,statistical,27,3.3,5,1,1,bounded,0,0,0,True,9.968700963073466e-05,0.0001000019091409401,1.380908590599058,1.919091409400943,2.20025984534661,0.0008284413592074729,0.6965956041656501,0.6930784799217081,0.005467009423114468,1.0,-0.01111540774434145,1.002183596204691,0.002288357470790708,1.0,-0.00737140887578961,1.0,-0.001263447419128888,1.0,0.0119646345569758,1.0,0.9968510650155525,0.0019091409400928683,-0.3129903692653535,True
20261072,statistical,27,3.3,5,1,1,bounded,0,0,0,True,0.0001003901345530379,0.0001000079143791544,1.320856208456173,1.979143791543827,2.199679309171243,0.000831976801104795,0.6618857113406516,0.6606338107892333,0.009829072883381102,1.0,-0.006793965607793005,0.9986526120688096,-5.984878715077342e-05,1.0,0.002685309893044355,1.0,-0.001341615336082502,1.0,-0.006066436591169344,1.0,1.0038218992592367,0.007914379154394524,0.3901345530378908,True
20261073,statistical,27,3.3,5,1,1,bounded,0,0,0,True,0.0001005749107435107,9.999947480376754e-05,1.405251962324595,1.894748037675405,2.199527382195228,0.0008328728314583117,0.7052864379820041,0.7050148408960734,-0.0008576025814518058,1.0,-0.005612266065082394,1.001702724696,0.0005033131161803358,1.0,-0.01033450880999788,1.0,0.0002031921901752688,1.0,0.003520615456157384,1.0,1.005754389619269,-0.0005251962324592796,0.5749107435106815,True
20261074,statistical,27,3.3,5,1,1,bounded,0,0,0,True,0.0001009556186651429,0.0001000006361061499,1.393638938500858,1.906361061499142,2.199215180573498,0.0008347802033642322,0.7064948472334113,0.707522535914783,-0.00120519586728448,1.0,-0.005584767162869735,1.005286966105911,-0.0002842578169823062,1.0,-0.003346269581832415,1.0,0.0007175289105912238,1.0,0.004447194809013334,1.0,1.0095497648432885,0.0006361061498871834,0.9556186651428877,True
20261075,statistical,27,3.3,5,1,1,bounded,0,0,0,True,0.0001008201406058652,0.0001000048876760257,1.35112323974299,1.948876760257011,2.199326153198657,0.0008341168432485474,0.6740580264435121,0.6744074624970143,0.002717553143381241,1.0,0.002411598929955203,0.9994146837159416,-0.0004278828986438659,1.0,0.006868438504080085,1.0,-0.0001053165792245645,1.0,-0.006087009013665295,1.0,1.0081521308486499,0.004887676025688847,0.8201406058651939,True
20261076,statistical,27,3.3,5,1,1,bounded,0,0,0,True,0.0001013039150376328,0.0001000038238423112,1.361761576887451,1.93823842311255,2.198930524975164,0.0008365322047561524,0.6789041792237491,0.6809754322747156,-0.00146784843455445,1.0,-0.0007234956352886004,1.001243536655876,-0.0007891510577061168,1.0,-0.003577383734258478,1.0,0.001258584790048381,1.0,0.0006674592673090701,1.0,1.0130004148378529,0.003823842311190262,1.3039150376327857,True
20261077,statistical,27,3.3,5,1,1,bounded,0,0,0,True,0.0001005423034905063,9.999854119314024e-05,1.414588068597432,1.885411931402568,2.199554173524601,0.0008327067142799982,0.7234410685360065,0.7230824446252692,0.005833530398902729,1.0,0.002889690871781293,0.9996819222952376,0.0001047245012637912,1.0,0.01459277365071375,1.0,-0.000282642723593202,1.0,-0.004391325722356159,1.0,1.0054377022992347,-0.001458806859766515,0.5423034905063018,True
20261078,statistical,27,3.3,5,1,1,bounded,0,0,0,True,0.0001007998401109801,0.0001000016783421256,1.383216578743713,1.916783421256288,2.199342793776868,0.000834004749972819,0.691619427821043,0.6920652887748828,0.003628278753154764,1.0,-0.005907197774715434,1.004895466118854,1.658057912236845e-05,1.0,-0.002794355638573157,1.0,0.0004354558113967479,1.0,-0.01017497931437655,1.0,1.0079814837319412,0.0016783421255883724,0.7998401109800879,True
20261079,statistical,27,3.3,5,1,1,bounded,0,0,0,True,0.0001008271798594186,0.0001000015986715987,1.384013284012879,1.915986715987122,2.199320383766098,0.000834141185801604,0.7083998403807411,0.7089020559731994,0.003961540466616759,1.0,0.001663813508095478,1.001070014479111,0.0004190809722840783,1.0,-0.001217609543360005,1.0,0.0008944989815599789,1.0,-0.01119507267419297,1.0,1.008255679896989,0.0015986715987015288,0.8271798594185809,True
20261080,statistical,27,3.3,5,1,1,bounded,0,0,0,True,0.0001012929392362628,0.0001000062270758317,1.337729241682756,1.962270758317244,2.198939481246202,0.0008364852564197993,0.6622791507122102,0.6642192126975177,0.01786471349988777,1.0,-0.007521078791956857,0.9970994368572916,-0.001176363255231428,1.0,-0.002689342340807088,1.0,0.0007400872450534559,1.0,-0.005166576111021831,1.0,1.0128663204087824,0.006227075831688467,1.2929392362627912,True
20261081,statistical,27,3.3,5,1,1,bounded,0,0,0,True,0.0001014686946918565,0.0001000057321765566,1.342678234434066,1.957321765565935,2.198796173896565,0.0008373624005308358,0.645465512752941,0.6480978894529121,-0.004119971945662233,1.0,-0.0002907658583832546,1.001669209831465,-0.001029687576398107,1.0,0.00441280059107649,1.0,0.001580298387011673,1.0,-0.002853268496651934,1.0,1.0146287866051227,0.005732176556594304,1.468694691856487,True
20261082,statistical,27,3.3,5,1,1,bounded,0,0,0,True,0.0001006396977616432,0.0001000019836926837,1.380163073162607,1.919836926837393,2.199474174972804,0.0008332050458830424,0.6887670907911767,0.6886047244269587,0.003035602730025987,1.0,-0.002552646535992572,0.9970380119178596,0.0008696734064468297,1.0,-0.00170184556711635,1.0,0.0006792123736686672,1.0,0.004555983663351082,1.0,1.0063770141892312,0.001983692683693583,0.6396977616432098,True
20261083,statistical,27,3.3,5,1,1,bounded,0,0,0,True,0.0001005340441428117,0.0001000009452135039,1.390547864961225,1.909452135038775,2.199560961006482,0.0008326733508068335,0.7085938275769027,0.7081268913429355,0.003348268392657699,1.0,-0.009402295200650624,1.003320339495709,0.001206620656998111,1.0,-0.001682571186290607,1.0,0.0007108655452939098,1.0,-0.0102132629247133,1.0,1.0053309389043237,0.0009452135038889864,0.5340441428117071,True
20261084,statistical,27,3.3,5,1,1,bounded,0,0,0,True,0.0001011133134652233,0.0001000042085345403,1.357914654596454,1.942085345403546,2.199086185760466,0.0008355804663788618,0.6627063399808366,0.6641698388078796,0.0006238477018633439,1.0,0.001937355209300785,0.9980867962001078,-0.001265995795821446,1.0,-0.01059204614846574,1.0,0.0001726662727046484,1.0,-0.003625639752108925,1.0,1.0110905825558323,0.004208534540306452,1.1133134652232979,True
20261085,statistical,27,3.3,5,1,1,bounded,0,0,0,True,0.0001004649417990534,0.0001000009223526329,1.39077647367131,1.909223526328691,2.199617769422842,0.000832327763647019,0.7115202840987982,0.7108229966858992,0.006695557943593083,1.0,0.000264415981892124,1.002768012562219,0.000637257660352388,1.0,-0.0005172674168744385,1.0,-8.932655165173004e-05,1.0,0.004144943298771225,1.0,1.0046401516656438,0.0009223526328927534,0.4649417990533866,True
20261086,statistical,27,3.3,5,1,1,bounded,0,0,0,True,0.0001011088399925376,0.0001000002584137276,1.397415862723852,1.902584137276149,2.199089842470528,0.0008355450636160573,0.6978725182951447,0.6994865035703223,0.0008232759929718912,1.0,0.00262090447831577,1.000544087513798,0.0006305617224785959,1.0,-0.0002790399023988011,1.0,0.002219708320340702,1.0,0.01003014543073113,1.0,1.0110857871409042,0.00025841372759405346,1.1088399925375914,True
20261087,statistical,27,3.3,5,1,1,bounded,0,0,0,True,0.0001005786523157894,0.000100005677648316,1.343223516840088,1.956776483159913,2.199524308502285,0.0008329120087066705,0.6688390369653967,0.668321539444385,-0.003954801278956355,1.0,-0.001576566111128512,0.9999676154256639,-0.0008946537636281255,1.0,0.00412710751809272,1.0,-0.001440696339248906,1.0,0.002746074478082098,1.0,1.0057294213783374,0.005677648316004813,0.5786523157893964,True
20261088,statistical,27,3.3,5,1,1,bounded,0,0,0,True,0.0001007169247674823,0.0001000027189979555,1.372810020444481,1.927189979555519,2.199410793248459,0.0008335936074193599,0.6727706234532537,0.6728662569772687,-0.003914203035179314,1.0,0.001130294041456709,0.9973548854511216,0.001761561862379195,1.0,-0.01589416379094775,1.0,0.001829630095856926,1.0,-0.0147613914691735,1.0,1.0071418635081453,0.0027189979554975707,0.7169247674823076,True
20261089,statistical,27,3.3,5,1,1,bounded,0,0,0,True,0.0001017400408534143,9.999944393007075e-05,1.405560699292412,1.894439300707588,2.198575380743914,0.0008386983801247643,0.7105424970877321,0.7143954729848218,0.008023676783215418,1.0,0.00067058061323513,1.001814813580412,-0.002746406537573407,1.0,-0.005750787155196374,1.0,0.001086099121096699,1.0,0.00671939228354958,1.0,1.0174060660233346,-0.0005560699292472826,1.7400408534143041,True
20261090,statistical,27,3.3,5,1,1,bounded,0,0,0,True,0.0001004204936621846,0.0001000064535894571,1.335464105428685,1.964535894571315,2.199654329234552,0.0008321237760449599,0.6555481624021858,0.654454604858541,-0.009275437441990749,1.0,0.005890479210415312,1.001653346418656,-1.231370736174712e-05,1.0,0.002928253749083367,1.0,-0.001135514977034519,1.0,-0.01139568963444406,1.0,1.0041401335400533,0.006453589457100506,0.4204936621845956,True
20261091,statistical,27,3.3,5,1,1,bounded,0,0,0,True,9.995895766506627e-05,0.000100002058255981,1.379417440190285,1.920582559809715,2.200034856210551,0.0008298015914584483,0.6946499828960773,0.6921133723576633,0.006086956301714882,1.0,0.009277246402333093,1.001069084891016,0.001194202357783219,1.0,-0.00796619027728315,1.0,-0.001375210229366161,1.0,0.008485367941076875,1.0,0.9995690029618751,0.002058255980985635,-0.04104233493372744,True
20261092,statistical,27,3.3,5,1,1,bounded,0,0,0,True,0.0001008917073505912,9.999803506208941e-05,1.419649379105879,1.880350620894122,2.199267514098472,0.0008344520633462387,0.7294387129597394,0.7303231086364074,0.004946935590352842,1.0,-0.0005020319178487997,0.99979815265629,0.0004201631712400156,1.0,0.008537377990624541,1.0,0.001278234333558875,1.0,0.008056632877139903,1.0,1.0089368984895244,-0.001964937910592379,0.8917073505912088,True
20261093,statistical,27,3.3,5,1,1,bounded,0,0,0,True,0.0001006843979534046,0.0001000015080568916,1.384919431083604,1.915080568916396,2.199437483080258,0.0008334269772427224,0.6990013900489388,0.6990422817599745,-0.003845249896181057,1.0,-0.002059721576412299,1.002148305257704,-0.0006863931388941964,1.0,-0.0008727196293407985,1.0,-0.0006732847748795044,1.0,0.00173539486269195,1.0,1.0068287959830016,0.0015080568915859516,0.684397953404603,True
20261094,statistical,27,3.3,5,1,1,bounded,0,0,0,True,0.0001012065510824768,0.0001000055610535568,1.344389464431566,1.955610535568434,2.199010005935301,0.0008360511177783816,0.6652019802396396,0.666857945858405,0.01357747455263746,1.0,-0.003908612359552221,0.9972366683338035,0.0005467315088588922,1.0,0.003052288843674875,1.0,0.00217849402476859,1.0,0.006875989738422878,1.0,1.0120092324493517,0.005561053556801809,1.2065510824768033,True
20261095,statistical,27,3.3,5,1,1,bounded,0,0,0,True,0.0001002350984017787,0.0001000028246276394,1.371753723606136,1.928246276393864,2.199806986016138,0.000831184824168279,0.6845517950708251,0.6829729928762919,0.006381417325970635,1.0,0.003431308052569705,1.003522451073316,0.0005940604372911913,1.0,5.67956318628788e-05,1.0,-0.001015640390887921,1.0,0.01472916853879937,1.0,1.002322672134554,0.0028246276394083836,0.23509840177868835,True
20261096,statistical,27,3.3,5,1,1,bounded,0,0,0,True,0.0001007350796062347,9.999938738016397e-05,1.406126198360293,1.893873801639707,2.199395899840418,0.0008336733872740924,0.703240477463194,0.7035677235796512,-0.0007472713464011693,1.0,0.003395197231019923,1.000357931997637,-0.0002852419120078623,1.0,0.01197478938282017,1.0,1.458844410508837e-05,1.0,0.001647021714671911,1.0,1.0073569673309484,-0.0006126198360267843,0.7350796062346898,True
20261097,statistical,27,3.3,5,1,1,bounded,0,0,0,True,9.994747952344688e-05,9.999935956503431e-05,1.406404349656812,1.893595650343188,2.200044340721795,0.0008297352950710971,0.7093536730057525,0.7068270418899806,-0.001176096652868307,1.0,-0.003433704575497578,1.000089958456021,0.001401292707729757,1.0,0.003390361772277921,1.0,-0.001158198562850791,1.0,-0.001815937733402315,1.0,0.9994811962615251,-0.0006404349656929931,-0.05252047655311953,True
20261098,statistical,27,3.3,5,1,1,bounded,0,0,0,True,0.000100978187116393,0.0001000036872085271,1.363127914728608,1.936872085271392,2.199196707918716,0.0008349031142583058,0.665707215634664,0.66669032619332,-0.003491280245445698,1.0,0.002431767174993251,1.001296562927752,-0.001536253059472686,1.0,-0.003768427483768409,1.0,-0.0005789091152280212,1.0,-0.005999344126832555,1.0,1.0097446397734704,0.0036872085271033583,0.9781871163929923,True
20261099,statistical,27,3.3,5,1,1,bounded,0,0,0,True,0.000100229508480222,0.0001000005087191252,1.394912808748408,1.905087191251593,2.199811592945279,0.0008311492320624975,0.7049817978490852,0.7034526123405213,-0.002043065645736386,1.0,0.003050872954311813,0.9952840582433128,0.0009492168323209376,1.0,0.004232194934166494,1.0,-0.0006108887491317898,1.0,-0.001772944392496214,1.0,1.0022899859613714,0.0005087191252028944,0.2295084802220071,True
20261100,statistical,27,3.3,5,1,1,bounded,0,0,0,True,0.0001005828490645867,0.0001000055038488953,1.344961511046946,1.955038488953054,2.199520861010688,0.0008329324189134127,0.664337095676535,0.6638688429317836,-5.557761693990561e-05,1.0,0.001283966642861571,1.000529451205789,0.0003894827779104905,1.0,0.002436470820690568,1.0,-0.0001072845518676914,1.0,0.004793989771256012,1.0,1.0057731344123193,0.005503848895305197,0.582849064586699,True
20261101,statistical,27,3.3,5,1,1,bounded,0,0,0,True,0.0001000030267695919,0.0001000044785359392,1.355214640607526,1.944785359392474,2.199998450940901,0.0008300299239051749,0.6826446770447345,0.6801827913226662,-0.002966350785755991,1.0,8.858581503005742e-05,1.001592450959081,0.002040899808119297,1.0,-0.006803363676222198,1.0,-0.0004535019524211443,1.0,-0.003569405761947351,1.0,0.9999854829866767,0.004478535939189676,0.0030267695918961834,True
20261102,statistical,27,3.3,5,1,1,bounded,0,0,0,True,0.000100517093728353,0.0001000062268696342,1.337731303657936,1.962268696342065,2.199574892394737,0.0008326060282004303,0.6624067279983953,0.6616542635129284,0.00167182995593749,1.0,-0.003580433718126122,1.001226938288152,0.0006559684631181251,1.0,-0.002858103384581449,1.0,-0.000125470737872138,1.0,0.0009193963926058875,1.0,1.005108350496862,0.0062268696341849505,0.5170937283530019,True
20261103,statistical,27,3.3,5,1,1,bounded,0,0,0,True,0.0001007114548188283,0.0001000049677661433,1.350322338566842,1.949677661433159,2.19941528104099,0.0008335736786115359,0.6647462401271702,0.66471261931255,0.004203158215054913,1.0,0.007080869601264783,0.9980984479199556,-0.000439156739742998,1.0,0.0001707266812785553,1.0,-0.0005003982582798313,1.0,-0.0119831208166705,1.0,1.007064519578038,0.004967766143293417,0.7114548188283054,True
20261104,statistical,27,3.3,5,1,1,bounded,0,0,0,True,0.0001004887865835292,0.0001000046931805395,1.353068194604941,1.946931805395059,2.199598162693986,0.0008324594313021587,0.6703193941299741,0.6695192095193135,0.0128532485263174,1.0,0.0008335074008170005,0.9961699043583195,0.0003913978579853518,1.0,0.0005338358243823174,1.0,-0.0004379450469491542,1.0,0.01419092572129105,1.0,1.0048407068467853,0.004693180539483421,0.48878658352919935,True
20261105,statistical,27,3.3,5,1,1,bounded,0,0,0,True,0.0001013461876472234,0.0001000075682522514,1.324317477485898,1.975682522514102,2.198896038967778,0.0008367559243566963,0.6282681423415603,0.6303781598874777,-0.004849034150142588,1.0,-0.008532532949701495,1.002133169113787,-0.0009243117910042128,1.0,-0.009563568003709621,1.0,0.001162454799878917,1.0,0.004568742811631794,1.0,1.0133851809254633,0.007568252251388685,1.346187647223407,True
20261106,statistical,27,3.3,5,1,1,bounded,0,0,0,True,0.0001005318235911402,0.0001000048515054662,1.351484945338136,1.948515054661864,2.199562785931724,0.0008326751388124125,0.6629774350182022,0.6622975646860815,0.004602508785616294,1.0,-0.007208089028605953,0.999958093775113,0.000443221836309683,1.0,0.004046947478746823,1.0,-0.0002655095460303909,1.0,0.005702036905296793,1.0,1.0052694652083474,0.004851505466185735,0.5318235911401903,True
20261107,statistical,27,3.3,5,1,1,bounded,0,0,0,True,0.0001001059306196374,0.0001000092323764406,1.307676235594259,1.992323764405741,2.199913501229405,0.0008305601308289562,0.6167463195142807,0.614377422742076,0.002140567030144844,1.0,-0.007277617135565555,1.003044375470246,0.001370958105964042,1.0,-0.005232249167735698,1.0,-0.001029775340605115,1.0,0.003335680196289227,1.0,1.0009668931647513,0.00923237644059327,0.10593061963739547,True
20261108,statistical,27,3.3,5,1,1,bounded,0,0,0,True,0.0001010258748071315,9.999969981858031e-05,1.40300181419677,1.896998185803231,2.1991576874921,0.0008351283943289207,0.7078383849396227,0.7091626681904905,0.001005841892269773,1.0,-0.006074428140277786,0.9970238113723914,0.0003857825226728956,1.0,-0.004798732510219441,1.0,0.001684657203047742,1.0,-0.005199225824114013,1.0,1.0102617806894707,-0.000300181419687906,1.0258748071314994,True
20261109,statistical,27,3.3,5,1,1,bounded,0,0,0,True,0.0001011143155296281,0.0001000044524409037,1.355475590963083,1.944524409036917,2.199085366672915,0.0008355862815925255,0.6734899515240717,0.6748858467726503,0.01130158808223774,1.0,0.0002747878297055784,1.000568562810928,-0.0006223001402569866,1.0,-0.003891941170811822,1.0,0.0007487624291748132,1.0,0.005607600946571998,1.0,1.0110981367492637,0.004452440903701671,1.1143155296280849,True
20261110,statistical,27,3.3,5,1,1,bounded,0,0,0,True,0.000100048623050565,0.0001000035344207988,1.364655792011603,1.935344207988397,2.199960799939158,0.0008302547897305061,0.6769382077765316,0.6746337777532689,0.0002948083534124961,1.0,-0.003320365409763964,1.001966049566077,0.0005701825231360755,1.0,-0.00997444223679606,1.0,-0.001766439891575495,1.0,-0.01111255003758993,1.0,1.000450870362006,0.003534420798789739,0.04862305056498872,True
20261111,statistical,27,3.3,5,1,1,bounded,0,0,0,True,0.0001003967957486686,9.999650080808445e-05,1.434991919155466,1.865008080844535,2.199673827630648,0.0008319724422991395,0.7490105075657898,0.7482068968366806,0.001827231633115923,1.0,-0.001101357333292871,0.9982108883022036,0.001235755441552473,1.0,0.003703402275376532,1.0,0.000402410042675262,1.0,0.00505752884628016,1.0,1.004003089481625,-0.0034991919155569207,0.3967957486685991,True
20261112,statistical,27,3.3,5,1,1,bounded,0,0,0,True,0.000100566201028144,0.0001000045776291705,1.354223708294648,1.945776291705352,2.199534537622121,0.0008328461222054865,0.6601010191895631,0.6595799984481333,-0.003553393018708561,1.0,0.003255237488045836,0.9992358209991622,0.0009700033355279676,1.0,-0.002122415399022783,1.0,0.0004203612257702694,1.0,0.008980391096352463,1.0,1.0056159769111377,0.004577629170499087,0.5662010281439978,True
20261113,statistical,27,3.3,5,1,1,bounded,0,0,0,True,0.0001003822727768479,9.999810705853943e-05,1.418929414605674,1.881070585394326,2.199685779116836,0.0008319051280659111,0.7332423112291023,0.7323542507756919,0.01066522220787085,1.0,0.002573755691107682,0.9973154923733708,0.0003107369659318557,1.0,0.001024623111446799,1.0,-0.0006071704583087876,1.0,0.007972158639400055,1.0,1.0038417299047828,-0.0018929414605795003,0.38227277684790284,True
20261114,statistical,27,3.3,5,1,1,bounded,0,0,0,True,0.0001010872052433988,9.99986168505551e-05,1.413831494448886,1.886168505551114,2.199107529310455,0.000835431472713243,0.7205918802845661,0.7221706852144989,-0.005505603425871052,1.0,-0.003203087549701308,0.9985002918382834,0.0005242109058681793,1.0,-0.003814248226864238,1.0,0.002078038912084941,1.0,0.001718885054013705,1.0,1.0108860344985626,-0.0013831494449001447,1.0872052433988033,True
20261115,statistical,27,3.3,5,1,1,bounded,0,0,0,True,9.968809221240342e-05,9.999892338721433e-05,1.410766127856635,1.889233872143366,2.20025894855806,0.0008284369191280643,0.7306863541735307,0.727315541168441,-0.002051735153934409,1.0,0.00168683683071997,0.9978360900355334,0.003451401356517004,1.0,-0.002762390661236966,1.0,4.593624299792492e-05,1.0,0.005418749087842375,1.0,0.9968916547870488,-0.0010766127856665086,-0.3119077875965881,True
20261116,statistical,27,3.3,5,1,1,bounded,0,0,0,True,0.0001011064321250145,0.0001000003315503853,1.396684496147092,1.903315503852908,2.199091810774635,0.0008355332656317083,0.6949528222122523,0.6965623419556567,-0.005929930452817297,1.0,-0.00522737396703039,0.9967448237470268,-0.0002405060454524257,1.0,0.006905984101704041,1.0,0.001344157932270588,1.0,0.004948899474383693,1.0,1.0110609690736065,0.00033155038530185976,1.1064321250144893,True
20261117,statistical,27,3.3,5,1,1,bounded,0,0,0,True,0.0001003976658800489,0.0001000019424493259,1.380575506741172,1.919424493258828,2.199673111619171,0.0008319947503719786,0.6901814637561281,0.6891977061254834,0.00518163230321077,1.0,-0.005276963151888145,1.002011727562307,0.0006064333114517812,1.0,-0.001869862765404962,1.0,-0.0004070923234692505,1.0,0.00282709885896011,1.0,1.0039571574414519,0.0019424493258979325,0.397665880048903,True
20261118,statistical,27,3.3,5,1,1,bounded,0,0,0,True,0.0001008003716391705,0.0001000029570783962,1.370429216038123,1.929570783961877,2.199342358036195,0.0008340116274433867,0.6730511513935942,0.6734378386835086,-8.117255514808057e-05,1.0,0.006654290256655955,0.999455397896896,0.0001644860909991641,1.0,-0.004361183996769646,1.0,0.0005241829825823938,1.0,0.006817577704529026,1.0,1.0079739098129785,0.002957078396192969,0.8003716391704829,True
20261119,statistical,27,3.3,5,1,1,bounded,0,0,0,True,0.0001002358149958162,0.0001000046717440842,1.353282559157962,1.946717440842038,2.199806395453225,0.0008311945026230232,0.662316587387631,0.6606060456883187,-0.003976410341394536,1.0,-0.00580226440834975,0.9946717100460222,0.00133031444855858,1.0,0.0002584663955516851,1.0,-0.0004111330481941748,1.0,-0.005608136272385118,1.0,1.0023113245381525,0.004671744084183693,0.23581499581619703,True
20261120,statistical,27,3.3,5,1,1,bounded,0,0,0,True,0.0001005797111607833,0.0001000027359629459,1.372640370541126,1.927359629458874,2.199523438683093,0.0008329075953699555,0.6781257348739486,0.6777315398142946,0.004854723968232244,1.0,0.004384013556046147,1.000391117353047,0.0004059245126090288,1.0,-0.004144005715773445,1.0,-1.678522673777317e-05,1.0,0.009643200690760589,1.0,1.0057695941244167,0.0027359629458878487,0.5797111607833028,True
20261121,statistical,27,3.3,5,1,1,bounded,0,0,0,True,0.0001011908641630867,0.0001000059064317766,1.340935682233618,1.959064317766383,2.199022818326541,0.0008359738229305358,0.6390354875589572,0.6407165798090237,0.001900984824222594,1.0,-0.003943786601148649,1.001921560995494,-4.057308502062934e-06,1.0,-0.003938845193024636,1.0,0.001652722710210448,1.0,-0.01446437290851939,1.0,1.011848877467237,0.005906431776603327,1.1908641630866912,True
20261122,statistical,27,3.3,5,1,1,bounded,0,0,0,True,0.0001008022820888356,0.0001000032298962313,1.367701037686512,1.932298962313489,2.199340791889536,0.0008340220799902913,0.6689874794291183,0.6693622037284512,-0.0002179380371261678,1.0,-0.0006618994045653646,1.000120584962328,-0.0009777762046275806,1.0,-0.002546872174996765,1.0,-0.0006300309727846491,1.0,0.006566231973198383,1.0,1.007990263848812,0.003229896231293772,0.802282088835593,True
20261123,statistical,27,3.3,5,1,1,bounded,0,0,0,True,0.00010041424609755,0.0001000002193989348,1.397806010652231,1.902193989347769,2.199659469246049,0.0008320719653927871,0.7173972528380296,0.7165301189180667,-0.005033580559385181,1.0,0.006313918628460568,1.001932005538607,-0.0001333295103516483,1.0,-0.001172816376180216,1.0,-0.001030105243602576,1.0,0.001103036400625194,1.0,1.0041402579024703,0.00021939893479760997,0.4142460975500084,True
20261124,statistical,27,3.3,5,1,1,bounded,0,0,0,True,0.0001010059575376267,0.0001000009491195645,1.39050880435481,1.90949119564519,2.19917398268338,0.0008350329306725259,0.6911945277787253,0.6924065183346759,-0.005058000358113902,1.0,-0.004999543223013399,0.998366783528892,-0.0005913757223765815,1.0,0.001695115734412235,1.0,0.0005950599131096158,1.0,-0.007127821438768027,1.0,1.0100499887942123,0.0009491195644972805,1.0059575376266894,True
20261125,statistical,27,3.3,5,1,1,bounded,0,0,0,True,0.0001012208407464178,0.0001000029649934792,1.370350065207604,1.929649934792396,2.198998336383855,0.0008361139990987138,0.6851891157225222,0.6870685502759408,0.002256140932627577,1.0,0.00118925239596445,0.9997731068375708,-0.00107992316661501,1.0,0.01306094663252876,1.0,0.0007754256783166571,1.0,0.005850538825985322,1.0,1.0121783964407256,0.002964993479204203,1.220840746417795,True
20261126,statistical,27,3.3,5,1,1,bounded,0,0,0,True,0.0001001239172878989,0.0001000080244191817,1.319755808183172,1.980244191816828,2.199898661206325,0.000830646077911447,0.6327133993491567,0.6304997498204463,0.002598755668294277,1.0,-0.003660891568904058,0.9984488248212415,0.0003146287932607704,1.0,0.001623533064265836,1.0,-0.001930725204971796,1.0,0.01295737886834964,1.0,1.001158835697338,0.008024419181706932,0.12391728789888923,True
20261127,statistical,27,3.3,5,1,1,bounded,0,0,0,True,0.0001005241214416088,0.0001000003658295433,1.396341704567412,1.903658295432589,2.199569116114744,0.0008326218253339074,0.7142736658033804,0.7137819359860547,0.006385552214893075,1.0,0.006573335833579987,1.001087412710778,-0.0007554802271301091,1.0,-0.002952280635963951,1.0,-0.001276093250977062,1.0,0.007489744915426336,1.0,1.0052375369601976,0.00036582954330288686,0.5241214416088047,True
20261128,statistical,27,3.3,5,1,1,bounded,0,0,0,True,0.0001000364497749508,0.0001000066417217237,1.333582782762747,1.966417217237253,2.199970850409884,0.0008302041774451,0.6489361753666566,0.6464563065767274,0.006867552245330724,1.0,-0.001362687524586964,1.003454964081661,0.001397800416185658,1.0,0.002334423580495202,1.0,-0.001114367419055224,1.0,-0.003854861596132334,1.0,1.0002980607359064,0.006641721723688043,0.03644977495080859,True
20261129,statistical,27,3.3,5,1,1,bounded,0,0,0,True,0.0001003770512562809,0.0001000050391959352,1.349608040648332,1.950391959351669,2.199690076494545,0.000831901896516441,0.6653652935774673,0.6641887597083161,0.005978414190431953,1.0,-0.003478114610463027,1.001492723716829,0.0003214463215730797,1.0,-0.01019007424605045,1.0,-0.000885020965235734,1.0,0.0002226916546394167,1.0,1.003719933148737,0.005039195935196972,0.3770512562808914,True
20261130,statistical,27,3.3,5,1,1,bounded,0,0,0,True,0.000100484181902626,0.0001000022630550043,1.377369449957161,1.92263055004284,2.199601948620937,0.0008324283884829837,0.68352119526766,0.6828091270439386,0.005083157630797075,1.0,-0.002064599320513799,0.9998159507701094,0.0008419605358623963,1.0,-0.001314652740922761,1.0,0.0001007207878460662,1.0,-0.006954168311402828,1.0,1.0048190794177991,0.0022630550043034603,0.4841819026260019,True
20261131,statistical,27,3.3,5,1,1,bounded,0,0,0,True,0.0001006609153724582,0.0001000049096310162,1.350903689838198,1.949096310161803,2.199456756712579,0.0008333207895329902,0.6704201294699123,0.6702355888914049,0.006522010214580739,1.0,0.001307385602763839,1.001521461367809,-0.0001290492231304481,1.0,0.01157800910641438,1.0,-0.0003415604307601379,1.0,-0.00235918480505414,1.0,1.0065597353556184,0.004909631016181137,0.660915372458204,True
20261132,statistical,27,3.3,5,1,1,bounded,0,0,0,True,0.0001005047625241352,0.0001000084948266549,1.315051733451405,1.984948266548596,2.199585028683473,0.0008325518564378279,0.6233783788772261,0.622477878764669,-0.003847477161781799,1.0,-0.0008359343232376169,1.00007609267806,0.0009201720300094598,1.0,0.004434102719087748,1.0,-9.402650406342447e-06,1.0,-0.0007834320549465567,1.0,1.004962255439805,0.00849482665490342,0.5047625241351827,True
20261133,statistical,27,3.3,5,1,1,bounded,0,0,0,True,0.0001008926999932881,0.0001000075062776428,1.324937223571861,1.975062776428139,2.199266701039026,0.0008344882815707461,0.6477568790091444,0.6482302655426222,-0.001005049740593147,1.0,-0.005736879350883324,1.006315806410899,-6.935673461013881e-05,1.0,0.01479787530009168,1.0,0.000377642903026131,1.0,-0.00297482307723695,1.0,1.0088512727553451,0.007506277642788106,0.892699993288093,True
20261134,statistical,27,3.3,5,1,1,bounded,0,0,0,True,0.0001005037826123213,0.0001000057141873165,1.342858126835423,1.957141873164577,2.199585834224151,0.0008325377807680107,0.6534016584452438,0.6525976404088145,0.0003078387618458161,1.0,-0.001958751668744186,1.00280710899452,0.0004391110595712773,1.0,-0.0003371185294612834,1.0,-0.0003939682223501703,1.0,0.003434090555795734,1.0,1.0049803996606823,0.005714187316496755,0.5037826123212907,True
20261135,statistical,27,3.3,5,1,1,bounded,0,0,0,True,0.0001006890460008626,0.000100002775604965,1.372243950350108,1.927756049649893,2.199433668635598,0.0008334544003893511,0.6721979309100391,0.6722041291431798,0.002590579682622222,1.0,-0.0124233458216224,1.001151655788561,-0.0008571148731980327,1.0,-0.002518496228843435,1.0,-0.0008786754665509645,1.0,-0.008658221561686783,1.0,1.006862513482711,0.002775604964999623,0.689046000862592,True
20261136,statistical,27,3.3,5,1,1,bounded,0,0,0,True,0.0001009582655501475,9.999888488833943e-05,1.411151116605629,1.888848883394371,2.199213013853178,0.0008347876587702713,0.7124167808649543,0.7135567285164092,0.004449481395317523,1.0,-0.01028708085439613,0.9986089327391948,-0.0001126859904876448,1.0,0.003223757375968877,1.0,0.001001391876498312,1.0,0.01490423275855984,1.0,1.00959391360093,-0.001115111660576762,0.9582655501474857,True
20261137,statistical,27,3.3,5,1,1,bounded,0,0,0,True,0.0001011341459063643,9.999977950228155e-05,1.402204977184608,1.897795022815392,2.199069158888085,0.0008356700127773526,0.719288013560899,0.7209665109132861,-0.01586879720493388,1.0,0.002690162970157171,0.9938293463031358,-0.001913060541940253,1.0,0.001000032553378546,1.0,-0.0002592253488610697,1.0,0.0001293422569982328,1.0,1.011343689053403,-0.00022049771846166522,1.1341459063642922,True
20261138,statistical,27,3.3,5,1,1,bounded,0,0,0,True,0.0001009951316811665,0.0001000061454371872,1.338545628127551,1.961454371872449,2.199182841056689,0.0008349959492368048,0.6558479683796912,0.656782612763814,0.007802212775805199,1.0,0.0085697478328489,0.9984210003567732,-3.517902267587144e-05,1.0,-0.005282635156336871,1.0,0.0008737965891037082,1.0,0.0001263220574510483,1.0,1.009889254701857,0.0061454371871993985,0.9951316811664945,True
20261139,statistical,27,3.3,5,1,1,bounded,0,0,0,True,0.0001008104516782317,9.999813766557053e-05,1.418623344294729,1.881376655705272,2.199334094945427,0.0008340461235761692,0.7299598602476112,0.7305755298341747,-0.002629699352516212,1.0,0.006023543938114401,0.9979073702109668,-0.001044630699934805,1.0,-0.001268997151795274,1.0,-0.0004558481083774637,1.0,0.004992747588706097,1.0,1.0081232914094644,-0.0018623344294810273,0.810451678231705,True
20261140,statistical,27,3.3,5,1,1,bounded,0,0,0,True,0.0001008111919499334,0.0001000026864671752,1.373135328248102,1.926864671751899,2.199333488139829,0.0008340648359794583,0.6869394386803481,0.6873469940731225,-0.001159521167897896,1.0,-0.008157505378970215,0.9973394483122215,0.0002190385268599809,1.0,-0.007538174098381332,1.0,0.0005996792574317597,1.0,0.001725876220803144,1.0,1.008084837631073,0.00268646717520582,0.8111919499333986,True
20261141,statistical,27,3.3,5,1,1,bounded,0,0,0,True,0.0001007656732202768,9.99988755859264e-05,1.411244140735934,1.888755859264067,2.19937080792569,0.0008338246664233832,0.7271072520046368,0.7275247103412951,0.0003922838205832203,1.0,0.007523176828515134,1.001093507890108,0.0003726877701205543,1.0,-0.001733202743524516,1.0,0.0007629439440080254,1.0,-0.006414530930404302,1.0,1.0076680625642787,-0.0011244140736055286,0.7656732202767857,True
20261142,statistical,27,3.3,5,1,1,bounded,0,0,0,True,0.0001004763279680566,9.999769736186553e-05,1.423026381344712,1.876973618655288,2.199608406430804,0.0008323740520231986,0.7384969532426361,0.7379404276187105,0.00208360324806186,1.0,-0.001261964409029587,0.9980856942347616,0.0002585236778898729,1.0,0.01085333994114399,1.0,-0.0003271957848241842,1.0,0.0008617611119579344,1.0,1.0047864162757572,-0.002302638134477064,0.47632796805658906,True
20261143,statistical,27,3.3,5,1,1,bounded,0,0,0,True,0.0001005396186969811,0.0001000022840235953,1.377159764047272,1.922840235952728,2.199556379814199,0.0008327056416513671,0.6942574032661147,0.6937490244583292,-0.001421132134454788,1.0,0.008835884572725976,1.002054236006786,0.0009490909064195251,1.0,0.002457480095920473,1.0,0.0004119223279883542,1.0,0.001232468209968918,1.0,1.0053732240081539,0.002284023595300333,0.5396186969810923,True
20261144,statistical,27,3.3,5,1,1,bounded,0,0,0,True,9.991892924431047e-05,9.999910251911518e-05,1.408974808848298,1.891025191151702,2.200067936561997,0.0008295916954239327,0.7178575595158481,0.7152692920293002,0.001708151989199942,1.0,-0.007679926762787215,1.001451931825997,0.001032971647817377,1.0,0.01335845002139897,1.0,-0.001588352446831132,1.0,0.0189287996439733,1.0,0.9991982600564903,-0.0008974808848316584,-0.08107075568952737,True
20261145,statistical,27,3.3,5,1,1,bounded,0,0,0,True,0.0001009225183922204,0.0001000037638363381,1.362361636619418,1.937638363380582,2.199242280715249,0.0008346250235094726,0.6840148662545635,0.6847963875411927,-0.002871130277645806,1.0,0.001486603632544992,1.004839646724597,-0.0007697374592557561,1.0,0.00310626972914355,1.0,-1.437017783980513e-05,1.0,-0.0004727687721933233,1.0,1.0091871997676598,0.003763836338088744,0.922518392220395,True
20261146,statistical,27,3.3,5,1,1,bounded,0,0,0,True,0.0001003013358558781,0.0001000024916096289,1.37508390371109,1.92491609628891,2.199752414838843,0.0008315149124799685,0.6828400727838249,0.6814704644917445,-0.002112970231911388,1.0,0.001419163129254486,0.999377158705923,0.00105341886090826,1.0,0.003726900724719475,1.0,-0.0003466269376149265,1.0,-0.0005343218068421901,1.0,1.002988368004027,0.002491609628885172,0.3013358558781043,True
20261147,statistical,27,3.3,5,1,1,bounded,0,0,0,True,0.0001001212548459875,0.0001000020717989712,1.379282010288196,1.920717989711804,2.199900857714246,0.0008306131220548912,0.691763069705623,0.6897871509431489,-0.002273365707185814,1.0,-0.005501221798205108,1.000987972937213,0.0005843487883841125,1.0,-0.00814618103680068,1.0,-0.001423249774484664,1.0,-0.003576467954643507,1.0,1.0011918057783433,0.002071798971181593,0.12125484598750624,True
20261148,statistical,27,3.3,5,1,1,bounded,0,0,0,True,0.0001004338961985098,0.0001000004497800582,1.395502199417536,1.904497800582464,2.199643303680603,0.0008321709761548663,0.7064467601003063,0.7056108733480942,-0.008250729797960283,1.0,0.005135184902286156,0.9991981996599276,0.0003694640909999429,1.0,0.002271893211244632,1.0,-0.0004959290628953533,1.0,-0.001004433467046591,1.0,1.004334444689048,0.00044978005819817923,0.43389619850979777,True
20261149,statistical,27,3.3,5,1,1,bounded,0,0,0,True,0.0001013220882708445,0.0001000023117731791,1.376882268208806,1.923117731791194,2.198915697591088,0.0008366180810940034,0.6912772610309469,0.6935082730023095,-0.006002455141851982,1.0,-0.00282236055506114,0.9984983988701208,-0.002041908448815922,1.0,0.01133496505835025,1.0,0.0001657227280537585,1.0,-0.007698488040283444,1.0,1.013197459881316,0.002311773179086707,1.3220882708444792,True
20261150,statistical,27,3.3,5,1,1,bounded,0,0,0,True,0.0001008587444035526,0.0001000025716693765,1.374283306234817,1.925716693765183,2.19929451784467,0.0008343022194165507,0.672607225506731,0.6732245871165092,-5.054343572732988e-05,1.0,-0.000563277930702927,1.001422647942414,-0.000127923610600214,1.0,-0.001261716300218117,1.0,0.0004628540722867756,1.0,0.001394330196331678,1.0,1.0085615071681029,0.0025716693764943344,0.8587444035525804,True
20261151,statistical,27,3.3,5,1,1,bounded,0,0,0,True,0.0001010392541509865,0.000100005946078295,1.340539217049619,1.959460782950381,2.199146742957905,0.0008352159037012348,0.646643730766956,0.6477272122195105,0.002369087312701688,1.0,0.004711368726457594,1.000000429734917,-0.0001701880077343641,1.0,-0.006332494792836377,1.0,0.0008879323840385497,1.0,0.0001176948611253721,1.0,1.010332466350376,0.005946078295004931,1.0392541509864905,True
20261152,statistical,27,3.3,5,1,1,bounded,0,0,0,True,0.0001012797565640113,0.0001000050205545774,1.349794454226174,1.950205545773826,2.198950239531607,0.0008364153615385844,0.668024322683324,0.6699921540827747,0.003112596540385446,1.0,-0.007927347282688587,0.9988780276156324,-0.000997387350487991,1.0,-0.01492892908060489,1.0,0.0009467506815221782,1.0,0.003640833956006592,1.0,1.0127467201382976,0.00502055457738404,1.2797565640112918,True
20261153,statistical,27,3.3,5,1,1,bounded,0,0,0,True,0.0001006119831784992,0.0001000003533976109,1.396466023890843,1.903533976109157,2.19949693201414,0.000833061092993486,0.7046254144134542,0.704439943032375,-0.004077902162903707,1.0,-0.005661086238933163,1.001533592284749,0.001006218781986903,1.0,-0.0100776564424257,1.0,0.0007924727617423274,1.0,0.0002114105135531188,1.0,1.0061162761941091,0.00035339761090824595,0.611983178499198,True
20261154,statistical,27,3.3,5,1,1,bounded,0,0,0,True,0.0001008606827402438,0.0001000047616882597,1.352383117402802,1.947616882597198,2.199292929700544,0.0008343191381611397,0.665375914594,0.6659179927540538,-0.004496063357884902,1.0,0.006664026913068211,1.000728850680787,-0.0006461731591521803,1.0,0.01097744622162546,1.0,-0.0001306831353439208,1.0,-0.01126519286258588,1.0,1.0085588029763244,0.004761688259691255,0.8606827402438011,True
20261155,statistical,27,3.3,5,1,1,bounded,0,0,0,True,0.0001006944893444874,0.0001000036677598809,1.363322401190658,1.936677598809342,2.199429201737169,0.0008334845612180636,0.6789276243106841,0.6788973744875896,-0.006333778281844347,1.0,0.001346266547754346,1.000042100020475,6.5847038491995e-05,1.0,-0.0103649132549564,1.0,7.868258608681099e-06,1.0,0.0007382677301057153,1.0,1.0069079624785886,0.0036677598808987355,0.6944893444873923,True
20261156,statistical,27,3.3,5,1,1,bounded,0,0,0,True,0.000100510956756107,0.0001000016069453603,1.383930546396611,1.916069453603389,2.199579936859286,0.0008325600975919652,0.6871968065243783,0.6865844192150461,-0.004582781967750365,1.0,0.0008350126900358746,0.996932159726274,0.000548319526870214,1.0,0.001437390458533207,1.0,-9.304889871852491e-05,1.0,0.005805335037102452,1.0,1.0050934162590508,0.001606945360288492,0.510956756106995,True
20261157,statistical,27,3.3,5,1,1,bounded,0,0,0,True,0.0001007677945495757,9.999985328944967e-05,1.40146710550315,1.89853289449685,2.199369068343716,0.0008338384994924832,0.7129505445090696,0.7133442897914716,-0.004463634202779267,1.0,0.00536748517467167,1.000596185636855,-0.0009060553198647191,1.0,0.00531289999863143,1.0,-0.0005395044563550511,1.0,0.005325747208991174,1.0,1.0076794238677853,-0.00014671055034165548,0.7677945495756955,True
20261158,statistical,27,3.3,5,1,1,bounded,0,0,0,True,0.0001004296337311884,0.0001000003698231983,1.396301768016747,1.903698231983253,2.199646810035936,0.0008321493999625552,0.7092383249776284,0.7084051754306153,0.001166311811842649,1.0,0.001265800783461996,0.99760744611353,0.0004596265294625101,1.0,-0.01033504108837119,1.0,-0.0004030585332988488,1.0,0.0006082295749254742,1.0,1.0042926232047846,0.00036982319828737786,0.42963373118840575,True
20261159,statistical,27,3.3,5,1,1,bounded,0,0,0,True,0.0001008076041215523,0.0001000024316643812,1.375683356188104,1.924316643811897,2.199336429145396,0.0008340460559882263,0.703440718157956,0.7038485401034159,0.008481583034658138,1.0,4.738278958520212e-05,0.999634947718114,-0.0005701924655939555,1.0,-0.0007211992569390368,1.0,-0.0001893097330085241,1.0,0.01256883427478688,1.0,1.0080515287855534,0.0024316643811861383,0.8076041215522967,True
20261160,statistical,27,3.3,5,1,1,bounded,0,0,0,True,0.0001007656359774102,0.0001000012130774379,1.387869225621108,1.912130774378893,2.199370838466778,0.0008338321939308719,0.6950151879302121,0.6953445912945375,0.007311419119699581,1.0,0.001839133263104445,0.9993902810946088,0.0008335582024564549,1.0,-0.005451037785639746,1.0,0.001135742979504794,1.0,-0.00835057496670295,1.0,1.0076441362704305,0.001213077437900445,0.7656359774101951,True
20261161,statistical,27,3.3,5,1,1,bounded,0,0,0,True,0.0001006697037173544,0.0001000014422139233,1.385577860766706,1.914422139233294,2.199449543070391,0.0008333532887814814,0.6965317841370112,0.6965376523182525,0.002642159407818236,1.0,0.005449836285092626,1.002233321668219,0.0003291095132987279,1.0,-0.008160952029218257,1.0,0.0003070935939899467,1.0,-0.0003873741118906179,1.0,1.0066825186580965,0.0014422139232861397,0.6697037173543974,True
20261162,statistical,27,3.3,5,1,1,bounded,0,0,0,True,0.0001003080420452597,9.999989785889993e-05,1.401021411000559,1.898978588999441,2.19974689168503,0.0008315398840493997,0.7195038839633218,0.7182595837959185,0.001207411458232559,1.0,-0.001750174545523871,0.9982044156206412,0.000462268190723954,1.0,0.005572363397267337,1.0,-0.0008124051613761492,1.0,0.005764499993795123,1.0,1.0030814450110197,-0.00010214110007789046,0.30804204525969325,True
20261163,statistical,27,3.3,5,1,1,bounded,0,0,0,True,0.0001002104465994903,0.0001000077306974282,1.322693025718381,1.977306974281619,2.199827304593167,0.0008310777551875663,0.6436209775972729,0.6417412081805223,0.004204003980108667,1.0,-0.003823812218683512,0.9972716705677351,0.001240378842878895,1.0,0.00294390749966915,1.0,-0.0006704956304393461,1.0,0.003868916272455142,1.0,1.0020270023192048,0.007730697428187661,0.2104465994902993,True
20261164,statistical,27,3.3,5,1,1,bounded,0,0,0,True,0.0001004465005629419,0.0001000030439798928,1.36956020107163,1.93043979892837,2.199632936000879,0.0008322425588364285,0.6768353364568073,0.6759622060825572,-0.001157659289465443,1.0,0.001018483035552294,1.001156192045914,0.001511843278275219,1.0,-0.00343453865449859,1.0,0.000609275157990223,1.0,-0.001598627800709732,1.0,1.0044344308473077,0.003043979892791704,0.44650056294190943,True
20261165,statistical,27,3.3,5,1,1,bounded,0,0,0,True,0.0001006973023390535,0.0001000013296004535,1.386703995465464,1.913296004534536,2.199426893435856,0.0008334909102650328,0.7121758651559441,0.7122554927452407,0.005296664222815299,1.0,0.0002267404049863113,1.001076149730247,0.0001753699274490241,1.0,0.00334376708719316,1.0,0.0002273037799672436,1.0,-0.00399905474484652,1.0,1.0069596348506633,0.0013296004534923966,0.697302339053496,True
20261166,statistical,27,3.3,5,1,1,bounded,0,0,0,True,9.989105707825977e-05,0.0001000065880644957,1.334119355042547,1.965880644957454,2.200090978075869,0.0008294770368945338,0.6378044419607996,0.6347504875504116,-0.005652864272615575,1.0,-0.008634606350734724,1.00061945332848,0.0007608789344751898,1.0,0.002598421552825359,1.0,-0.002326377481139362,1.0,0.001445242960040741,1.0,0.9988447662451855,0.006588064495693935,-0.10894292174022935,True
20261167,statistical,27,3.3,5,1,1,bounded,0,0,0,True,0.0001002819854834804,0.0001000006520459114,1.393479540886284,1.906520459113716,2.199768353566064,0.0008314120900578118,0.7123830713455677,0.7110229266795721,-0.001566746341199647,1.0,0.0008155762506900319,0.9985676963449496,0.000885387094062614,1.0,0.003662633861832419,1.0,-0.0005053163903254796,1.0,-0.005570277521430946,1.0,1.0028133160315778,0.0006520459113978916,0.28198548348039587,True
20261168,statistical,27,3.3,5,1,1,bounded,0,0,0,True,0.0001010334476273157,9.999939974973793e-05,1.406002502620564,1.893997497379436,2.199151492627335,0.0008351652682008737,0.7135576279624672,0.7149316603705154,0.003772813469321781,1.0,0.002595112442480346,1.000032466589022,-0.0003095171007435603,1.0,0.00310363488062453,1.0,0.001039160742160809,1.0,-0.004274164935391435,1.0,1.0103405408449013,-0.000600250262083879,1.0334476273156978,True
20261169,statistical,27,3.3,5,1,1,bounded,0,0,0,True,0.0001007352189823897,0.000100004159869146,1.358401308539774,1.941598691460227,2.199395785512296,0.0008336898333684978,0.6717124325667915,0.6718175098710973,0.002626062516982796,1.0,-7.708226711686259e-06,1.000726282662279,0.0003294693273363665,1.0,0.003207408218002227,1.0,0.0004070959508551231,1.0,0.009145804450291376,1.0,1.0073102870340622,0.00415986914599209,0.7352189823897071,True
20261170,statistical,27,3.3,5,1,1,bounded,0,0,0,True,0.0001004743525902575,0.0001000029212336726,1.370787663274326,1.929212336725675,2.199610030737731,0.0008323814139123377,0.668253989533791,0.6674855091368779,0.005358463507499667,1.0,-0.002856257170737364,0.9995964571732352,0.001069458692823658,1.0,0.007862790384284814,1.0,0.0002717347486956957,1.0,-0.002781848094075761,1.0,1.0047141758537566,0.002921233672581458,0.47435259025749854,True
20261171,statistical,27,3.3,5,1,1,bounded,0,0,0,True,0.0001007325722046416,0.0001000070256438641,1.329743561358674,1.970256438641326,2.199397956649185,0.0008336860565369611,0.6492677918107148,0.6492464218449425,0.006823925626059588,1.0,0.003827724600898566,0.9983019351258052,0.0007937218878630221,1.0,0.00439276965757327,1.0,0.0007448612917303305,1.0,0.006974866954560014,1.0,1.007254955900411,0.007025643864100317,0.7325722046416017,True
20261172,statistical,27,3.3,5,1,1,bounded,0,0,0,True,0.0001009978684722802,0.0001000030343396872,1.369656603128071,1.930343396871929,2.199180601563775,0.0008349993665708938,0.6786089422355601,0.6796771363146843,0.003826619635157477,1.0,0.001141763692171201,1.00172976578925,-0.00140317670141603,1.0,0.001199746580367361,1.0,-0.000360609250693006,1.0,0.008867466481116772,1.0,1.0099480394686202,0.0030343396872023476,0.9978684722801834,True
20261173,statistical,27,3.3,5,1,1,bounded,0,0,0,True,0.0001001419084898493,0.0001000054640447227,1.345359552773393,1.954640447226607,2.199883819947736,0.0008307275846849754,0.6536578498187378,0.6515721100386337,0.00160816201713764,1.0,-0.003750343913749045,1.000588046308416,0.001123408795553056,1.0,-0.00642381540555876,1.0,-0.0009938916608969812,1.0,-0.005820937301571476,1.0,1.0013643699014845,0.005464044722680583,0.14190848984929616,True
20261174,statistical,27,3.3,5,1,1,bounded,0,0,0,True,0.0001003050751912439,0.0001000035119108491,1.364880891508451,1.93511910849155,2.199749335115007,0.0008315369761509843,0.6723272838984073,0.6709329091595324,-0.005294626539362557,1.0,0.0007745387918833438,1.002412368712386,0.0001192327527726003,1.0,-0.0009524074936451638,1.0,-0.001305560906385806,1.0,-0.000158125798259282,1.0,1.0030155269013317,0.0035119108491077355,0.3050751912438976,True
20261175,statistical,27,3.3,5,1,1,bounded,0,0,0,True,0.0001003843291168351,0.0001000023959521913,1.376040478086555,1.923959521913445,2.199684086780542,0.0008319295631148864,0.6860056219864419,0.6849358341317131,-0.003918213962167061,1.0,0.0008562119211101943,1.003298961124323,-9.125980842765006e-05,1.0,0.003619455239583744,1.0,-0.001190910840942403,1.0,0.007537073444441255,1.0,1.00381924013927,0.0023959521912919612,0.3843291168350804,True
20261176,statistical,27,3.3,5,1,1,bounded,0,0,0,True,0.0001001385312335258,0.0001000059575291809,1.340424708190618,1.959575291809382,2.199886605714862,0.000830712326902247,0.6516120730906756,0.6495050157682272,-0.003019726872181199,1.0,0.00179895833507976,0.9961979987217192,0.0006171867596987641,1.0,-0.004158281985516797,1.0,-0.001521458482883741,1.0,-0.0009142307033137615,1.0,1.001325658066983,0.005957529180911081,0.1385312335258071,True
20261177,statistical,27,3.3,5,1,1,bounded,0,0,0,True,0.0001003544510826195,0.0001000029954779279,1.370045220721075,1.929954779278925,2.199708679145891,0.0008317821513812783,0.6767558973162933,0.6755639903188287,-0.002561884257165709,1.0,-0.001548607995601139,0.9966034728790942,0.0003248908799864425,1.0,-0.001200855071965049,1.0,-0.0008970899748535784,1.0,0.006789826948343872,1.0,1.0035144507723188,0.0029954779278806853,0.3544510826194891,True
20261178,statistical,27,3.3,5,1,1,bounded,0,0,0,True,0.00010118422395076,0.0001000097666512989,1.302333487010666,1.997666512989334,2.199028242323967,0.0008359533605915631,0.6324839407217365,0.6338915444481814,-0.01099879534444659,1.0,0.003348037828448833,1.000097810664802,-0.000305979413365966,1.0,-0.004649784501227137,1.0,0.001077235458509824,1.0,-0.003915028527294292,1.0,1.0117434260551375,0.00976665129890364,1.1842239507599883,True
20261179,statistical,27,3.3,5,1,1,bounded,0,0,0,True,0.0001004080347759063,9.999480414196695e-05,1.451958580330342,1.848041419669659,2.199664579737402,0.0008320230384369434,0.7563487501700473,0.7556757041626626,-0.01728384949745148,1.0,-0.001299223815925636,0.9968929591493216,0.00121656924806019,1.0,0.0117738125377112,1.0,0.0005138791486368199,1.0,-0.00914079102980919,1.0,1.0041325210593208,-0.005195858033046896,0.40803477590629633,True
20261180,statistical,27,3.3,5,1,1,bounded,0,0,0,True,0.0001000353737972616,0.0001000039127167183,1.360872832817383,1.939127167182618,2.199971738811296,0.0008301897918394825,0.6889450161080416,0.6866400683693255,-0.01162425220283284,1.0,-0.00237528725893175,1.00067817542289,0.002016932613240666,1.0,0.001972025658210337,1.0,-0.0003203038595518139,1.0,-0.009592964937101413,1.0,1.000314598496085,0.003912716718290632,0.035373797261595286,True
20261181,statistical,27,3.3,5,1,1,bounded,0,0,0,True,0.0001005735541808085,0.0001000048544151286,1.35145584871381,1.948544151286191,2.19952849663485,0.0008328838013623135,0.6518300051719079,0.6513035076235846,0.00855110061568173,1.0,0.005951201779816431,0.996434783900237,0.001304227324442388,1.0,0.008867342194339628,1.0,0.0007491580805597833,1.0,0.005046257931669068,1.0,1.0056867215997254,0.004854415128585643,0.5735541808084887,True
20261182,statistical,27,3.3,5,1,1,bounded,0,0,0,True,0.0001008663692845459,0.000100001561703732,1.384382962679435,1.915617037320565,2.199288270689841,0.0008343370109333221,0.6867676831762968,0.6874921374149728,-0.00626272264615088,1.0,-0.01004653025011467,0.9983681242395256,0.0004293983014736975,1.0,0.002673818674474408,1.0,0.001127327672131531,1.0,-0.002796018521330834,1.0,1.0086479407529256,0.0015617037320003746,0.866369284545887,True
20261183,statistical,27,3.3,5,1,1,bounded,0,0,0,True,0.0001012835272248082,0.0001000037456918361,1.362543081638928,1.937456918361072,2.198947162187824,0.0008364300077956082,0.6780881623900165,0.6801073441112225,-0.01015372340662436,1.0,9.583973193883155e-05,0.997486644300246,-0.0004873804100898733,1.0,0.001022383136079413,1.0,0.001508143631803883,1.0,0.01019847144475657,1.0,1.012797335980952,0.0037456918360989633,1.2835272248082008,True
20261184,statistical,27,3.3,5,1,1,bounded,0,0,0,True,0.0001005570209545538,0.0001000024323510642,1.375676489357637,1.924323510642363,2.199542080099661,0.0008327931424201567,0.6923194820876455,0.6918643387208155,0.002579183057443515,1.0,0.008240603729668594,1.000368433303683,0.001934052899777809,1.0,-0.006404325535371238,1.0,0.001450238918027565,1.0,-0.004025382503032518,1.0,1.005545751142759,0.0024323510641854895,0.5570209545537885,True
20261185,statistical,27,3.3,5,1,1,bounded,0,0,0,True,0.0001007296577636153,0.00010000505013973,1.349498602699618,1.950501397300382,2.199400347410736,0.0008336649651678977,0.6643330887851517,0.6643981799951411,-0.007774748356055775,1.0,-0.005252429842688215,0.9976576787395788,9.092908716374364e-05,1.0,-0.003956867406753577,1.0,0.000128524214539628,1.0,0.001924503453497477,1.0,1.0072457103203574,0.00505013973000068,0.7296577636152879,True
20261186,statistical,27,3.3,5,1,1,bounded,0,0,0,True,0.0001006306801924985,0.0001000009003700859,1.390996299140475,1.909003700859525,2.199481578847126,0.0008331563830725046,0.7079065638086375,0.7077656119175015,-0.002928291864997483,1.0,-0.002805918378149947,0.9973215297560711,0.0005666549085291915,1.0,-0.003603625424562266,1.0,0.000397552687055154,1.0,-0.02287248004734816,1.0,1.0062977415211452,0.0009003700859100405,0.6306801924984784,True
20261187,statistical,27,3.3,5,1,1,bounded,0,0,0,True,0.0001007298003076541,9.999596839601486e-05,1.440316039851229,1.859683960148772,2.199400230478127,0.000833635708134929,0.7495848505012377,0.7499751979092771,-0.01447848836202413,1.0,0.004002866860591026,0.999645495832302,-0.001110434163661951,1.0,0.004218757102485413,1.0,-0.0007475151531773647,1.0,0.001047204644105439,1.0,1.0073386149802863,-0.004031603985144017,0.7298003076540827,True
20261188,statistical,27,3.3,5,1,1,bounded,0,0,0,True,9.995555007604643e-05,9.99989030785924e-05,1.410969214076015,1.889030785923986,2.200037671831031,0.0008297741414280584,0.7322643878848212,0.7298699344591495,0.009433725552979125,1.0,0.001416959120643703,0.9985711685630372,0.00104415724883628,1.0,0.01396728857867408,1.0,-0.001383099922830247,1.0,-0.004820978187174266,1.0,0.9995664652190044,-0.0010969214076061995,-0.04444992395358227,True
20261189,statistical,27,3.3,5,1,1,bounded,0,0,0,True,0.0001009291919022494,0.0001000040650577068,1.359349422931715,1.940650577068285,2.199236816249807,0.0008346593850906551,0.6596114388971988,0.6604284186068812,0.0003713143643125293,1.0,0.003080823506712618,0.9988923783301323,-0.0005112982899869094,1.0,-0.006047568402628122,1.0,0.000279573280281673,1.0,0.0004766831281792787,1.0,1.009250892391312,0.004065057706781339,0.9291919022494044,True
20261190,statistical,27,3.3,5,1,1,bounded,0,0,0,True,0.0001003631187147604,9.999984794887593e-05,1.401520511240682,1.898479488759318,2.199701544180761,0.0008318151026934755,0.7126608388190835,0.7116628799510559,0.001886042014133465,1.0,-0.002085437501183103,1.001243862760372,0.002186556683185357,1.0,0.007809221714089338,1.0,0.001158605757969861,1.0,0.01104436776465194,1.0,1.0036327131824259,-0.00015205112408045451,0.3631187147603798,True
20261191,statistical,27,3.3,5,1,1,bounded,0,0,0,True,0.0001013239246448662,0.0001000002397591304,1.397602408695854,1.902397591304146,2.198914199448271,0.0008366204253178328,0.7049778529697704,0.7073251212578289,0.001679400256676961,1.0,0.004231574253033031,1.00137488145962,-0.001301602332445479,1.0,-0.01194848414279382,1.0,0.001022313473132578,1.0,-0.01063621955589692,1.0,1.0132368171208803,0.0002397591303937574,1.3239246448661923,True
20261192,statistical,27,3.3,5,1,1,bounded,0,0,0,True,9.986117240865858e-05,0.0001000048968085775,1.351031914225139,1.948968085774861,2.200115690008426,0.0008293220323998567,0.6815852995280262,0.6786205864721964,-0.00410957675006858,1.0,-0.0006525491417037477,1.000253642259128,0.001001967151836262,1.0,-0.004017821589738688,1.0,-0.001996245860479407,1.0,0.001772268607357786,1.0,0.9985628263764521,0.0048968085774925285,-0.1388275913414172,True
20261193,statistical,27,3.3,5,1,1,bounded,0,0,0,True,0.000100369852138268,0.0001000036116411011,1.363883588988839,1.936116411011161,2.199696001804415,0.0008318611899956045,0.6762483644783748,0.6750863043189241,0.007490592953232218,1.0,4.007180241009069e-05,0.9992280645241114,0.001324618740991128,1.0,0.003164036388868286,1.0,0.0001325862195374079,1.0,-0.002899529179608806,1.0,1.003662272703523,0.0036116411010977956,0.3698521382679898,True
20261194,statistical,27,3.3,5,1,1,bounded,0,0,0,True,0.0001004012055416438,0.0001000041339228488,1.358660771512114,1.941339228487886,2.199670198971631,0.0008320196805448529,0.6648991513061745,0.6638175828437449,-0.006719231815028683,1.0,0.001221130548654947,0.9991911708875294,-1.902493686202711e-05,1.0,-0.008779015714958156,1.0,-0.001130352162831507,1.0,0.005641903292242884,1.0,1.0039705520483915,0.004133922848792437,0.40120554164377875,True
20261195,statistical,27,3.3,5,1,1,bounded,0,0,0,True,0.0001012449760122038,0.0001000066110137449,1.333889862551128,1.966110137448873,2.198978630003904,0.000836246707294393,0.6576731790003569,0.6594349857067405,-0.006690779974610744,1.0,-0.002243437738135375,1.00183500897729,-0.002242825475587269,1.0,0.009106672759130928,1.0,-0.0005049644058145844,1.0,-7.292638209583277e-05,1.0,1.0123828313539063,0.00661101374488382,1.2449760122037912,True
20261196,statistical,27,3.3,5,1,1,bounded,0,0,0,True,0.0001010693917453799,0.0001000071948160632,1.328051839367772,1.971948160632228,2.199122094869122,0.0008353707125079952,0.6400188953375066,0.6411685299511011,0.001288900434048147,1.0,0.00765322615400255,1.000526151226089,-0.00102447812281627,1.0,0.006938397853330855,1.0,9.999408292322119e-05,1.0,0.002724109381710853,1.0,1.0106212051169952,0.007194816063194054,1.0693917453798996,True
20261197,statistical,27,3.3,5,1,1,bounded,0,0,0,True,0.0001004996326685904,0.0001000059379021415,1.340620978585229,1.959379021414771,2.199589245784915,0.0008325177693099551,0.660105235145747,0.6592853805660623,0.004289252059776435,1.0,-0.005735683906182443,1.003119362755377,0.0003209904843335243,1.0,-0.01071462387646392,1.0,-0.0005279566207070729,1.0,-0.008035472439478192,1.0,1.0049366545307739,0.005937902141495144,0.49963266859038846,True
20261198,statistical,27,3.3,5,1,1,bounded,0,0,0,True,0.0001001765405083289,0.0001000013628956239,1.386371043760507,1.913628956239493,2.199855258437112,0.0008308872109869448,0.6958952148081745,0.6941374943242612,0.003131796889525477,1.0,0.002410021444312245,1.000637810936845,0.0002880659483759745,1.0,0.01250953883719481,1.0,-0.001500946649923119,1.0,-0.003876636576107581,1.0,1.0017517522524952,0.001362895623890914,0.1765405083288929,True
20261199,statistical,27,3.3,5,1,1,bounded,0,0,0,True,0.0001001754121106337,0.0001000047435138992,1.35256486100764,1.94743513899236,2.199856188896306,0.0008308927250376113,0.6715148135930947,0.6696246553594347,-0.007340783369717017,1.0,0.006046917415057747,1.003025036944292,0.0007598088443708965,1.0,-0.003234725525296704,1.0,-0.001161674748439052,1.0,0.003247906980749699,1.0,1.0017066050142989,0.004743513899185814,0.17541211063369921,True
20261200,statistical,27,3.3,5,1,1,bounded,0,0,0,True,0.0001004276942576111,0.0001000038761007072,1.361238992927981,1.938761007072019,2.199648405515791,0.0008321512733091889,0.6698666793128878,0.6688761511541315,-0.00336390364457323,1.0,-0.0001397361264139453,0.998854128318602,0.0005329314387832353,1.0,0.008146461203395329,1.0,-0.000487170523654485,1.0,0.003068540634889289,1.0,1.0042380172992205,0.0038761007072007914,0.4276942576110887,True
20261201,statistical,27,3.3,5,1,1,bounded,0,0,0,True,0.0001005227391762488,0.0001000037178388778,1.362821611222184,1.937178388777816,2.199570252208487,0.0008326259756382785,0.6702609229328413,0.6696401160300537,0.0005160540449301148,1.0,-0.002024986657885679,1.003217334581721,0.0006461363743324931,1.0,-0.002283555337017319,1.0,-3.586345739402395e-06,1.0,-0.006432435482327368,1.0,1.0051900204171131,0.0037178388778036364,0.5227391762487876,True
20261202,statistical,27,3.3,5,1,1,bounded,0,0,0,True,9.987796519919449e-05,0.0001000048527244752,1.351472755248508,1.948527244751492,2.200101803026708,0.0008294058508754658,0.6514375513008778,0.6484167475650077,-8.393918504073038e-05,1.0,-0.00499771048538717,1.003297222859618,0.0009394946476982876,1.0,0.003393979329282069,1.0,-0.002114689111683336,1.0,-0.008193145712893821,1.0,0.9987311863192249,0.004852724475190584,-0.12203480080551499,True
20261203,statistical,27,3.3,5,1,1,bounded,0,0,0,True,0.0001016186489697758,0.0001000020991233648,1.379008766351424,1.920991233648576,2.19867408836961,0.0008381001828446605,0.6938873209315489,0.6971289693382501,0.001170239983491556,1.0,0.002954702815963741,1.000144578465019,-0.001188477858993107,1.0,-0.005967357374306605,1.0,0.002031841633046763,1.0,-0.002546138218426609,1.0,1.0161651591374776,0.0020991233647960073,1.6186489697757933,True
20261204,statistical,27,3.3,5,1,1,bounded,0,0,0,True,0.0001009531698477985,0.0001000021061380178,1.378938619821853,1.921061380178147,2.199217185204625,0.0008347728103824543,0.6923204987457103,0.6932965628401365,-0.005073001836984681,1.0,-0.003108583992064274,1.003258909304017,-0.001312546831185111,1.0,-0.00726924938013047,1.0,-0.000362412495058025,1.0,-0.00081104902466379,1.0,1.009510436794882,0.002106138017810011,0.9531698477984962,True
20261205,statistical,27,3.3,5,1,1,bounded,0,0,0,True,0.0001004046778662228,0.0001000008691702901,1.391308297098648,1.908691702901353,2.199667341826774,0.0008320262684815986,0.708311159477476,0.7073821878765345,0.0004829377642573509,1.0,-0.003584371919994419,0.9988057339227864,-0.001747532086364094,1.0,-0.00446992434501182,1.0,-0.002706216088670577,1.0,0.002525495688738678,1.0,1.00403805186178,0.0008691702900964771,0.40467786622280233,True
20261206,statistical,27,3.3,5,1,1,bounded,0,0,0,True,0.0001010350554104313,0.0001000081239033325,1.318760966674643,1.981239033325357,2.199150177453642,0.0008352020968216615,0.6414016045673128,0.6423812323562466,0.01669691736762138,1.0,-0.007776836787279319,0.995760352166537,-0.0005665122318155895,1.0,0.002864453744157647,1.0,0.0003877077586895737,1.0,0.007833383579381828,1.0,1.0102684808695286,0.008123903332490912,1.035055410431296,True
20261207,statistical,27,3.3,5,1,1,bounded,0,0,0,True,0.0001006621723794367,0.0001000025286991899,1.374713008100472,1.925286991899528,2.199455724900887,0.0008333192174947268,0.6981058615827705,0.6979992754377822,-0.005753452685413266,1.0,-0.001660868487748021,1.002966364459119,-0.001456303185119197,1.0,-9.406825783545456e-05,1.0,-0.001590834125017202,1.0,0.001656411173769945,1.0,1.0065962700026418,0.0025286991899076128,0.6621723794366874,True
20261208,statistical,27,3.3,5,1,1,bounded,0,0,0,True,0.000100958275508244,0.0001000039608535731,1.360391464268672,1.939608535731328,2.199213005701659,0.0008348044592464692,0.6588426554153185,0.6597403318473589,-0.005681968695644407,1.0,-0.003641745491815492,1.001020218092305,-0.001509361355326628,1.0,0.004849306896380684,1.0,-0.0006375906730964573,1.0,0.003231303966391498,1.0,1.0095427685716192,0.003960853573081735,0.9582755082439887,True
20261209,statistical,27,3.3,5,1,1,bounded,0,0,0,True,0.0001006802157665233,0.0001000015725990782,1.38427400921807,1.91572599078193,2.199440915355315,0.0008334062792979518,0.689378674240964,0.6893997884863461,0.003000755048100796,1.0,0.0007136027388158919,0.9999470250152828,-0.0002367026219285326,1.0,-0.007347783548200647,1.0,-0.0002434000767385302,1.0,-0.006897318034597087,1.0,1.0067863249527673,0.001572599078203396,0.6802157665233066,True
20261210,statistical,27,3.3,5,1,1,bounded,0,0,0,True,0.0001004138181756921,0.0001000075538060758,1.324461939242358,1.975538060757643,2.19965982131794,0.0008320940293270499,0.6405064899050463,0.6393164531283121,0.002034779504637518,1.0,-0.009451394566318667,1.003711154006412,0.0007817305412177563,1.0,-0.007689746001658156,1.0,-0.0004380031711625616,1.0,-0.01661824561968438,1.0,1.0040623368351163,0.007553806075799585,0.41381817569210444,True
20261211,statistical,27,3.3,5,1,1,bounded,0,0,0,True,0.0001002861004905355,9.999976846864429e-05,1.402315313557128,1.897684686442872,2.199764963830036,0.0008314297492891855,0.7131905949024808,0.7118659458368669,0.004205663076604869,1.0,-0.0005134460660084589,1.000666553354012,0.0004865023018554347,1.0,0.00341859291826125,1.0,-0.0008686698964250337,1.0,0.005977073595298313,1.0,1.0028633268484115,-0.00023153135572107075,0.28610049053550135,True
20261212,statistical,27,3.3,5,1,1,bounded,0,0,0,True,0.0001005419834178624,9.999771872548119e-05,1.422812745188057,1.877187254811943,2.199554436548614,0.0008327023997723363,0.7170424941606666,0.7167133426712105,0.001240970948386282,1.0,-5.126434853073744e-05,0.9956501808722468,0.0009997616883542547,1.0,-0.008324726511330888,1.0,0.0006418723310141118,1.0,0.01632016586136259,1.0,1.005442771088362,-0.0022812745188227623,0.5419834178624017,True
20261213,statistical,27,3.3,5,1,1,bounded,0,0,0,True,0.0001007825408464704,0.000100001748221279,1.38251778721052,1.917482212789481,2.199356976691329,0.0008339184842512518,0.7103581929399296,0.7107008184657065,0.00497509836374557,1.0,0.001747645881670023,1.003083711442288,0.0002357937409127951,1.0,0.001028874096898901,1.0,0.0005513118688163977,1.0,0.009884542505211773,1.0,1.0078077897544722,0.00174822127898544,0.7825408464704031,True
20261214,statistical,27,3.3,5,1,1,bounded,0,0,0,True,0.0001003354645011924,0.000100005088246607,1.349117533929577,1.950882466070424,2.199724310419458,0.0008316941246081515,0.6644032543589693,0.6630244273942593,-0.01418515863365831,1.0,0.001024754280206638,1.000199615045394,0.000134744438531671,1.0,-0.002403703669329505,1.0,-0.001274303079056845,1.0,-0.01032108430927423,1.0,1.0033035944508213,0.005088246607010127,0.3354645011923951,True
20261215,statistical,27,3.3,5,1,1,bounded,0,0,0,True,0.0001006378271740295,9.999712137055132e-05,1.428786294486691,1.871213705513309,2.199475710767388,0.0008331796472816192,0.7526393949025532,0.7526957629271827,0.0007402490571904768,1.0,-0.002843033545293601,0.9996254922367788,-0.0001112240965445407,1.0,-0.001383908266831148,1.0,-8.293068045898509e-05,1.0,0.007139036986131719,1.0,1.0064072424755506,-0.002878629448688219,0.6378271740294927,True
20261216,statistical,27,3.3,5,1,1,bounded,0,0,0,True,0.0001001472120192516,0.0001000026987216216,1.373012783783811,1.926987216216189,2.199879445451187,0.0008307449767659375,0.674990617508055,0.6730658463580577,0.006400189467088759,1.0,0.0001440087740249597,0.9954627548431771,0.001829012596412919,1.0,0.003919701617140831,1.0,-0.0001272625857882975,1.0,0.001201902581183573,1.0,1.0014450939772364,0.002698721621596789,0.14721201925160798,True
20261217,statistical,27,3.3,5,1,1,bounded,0,0,0,True,0.0001008813701327894,0.0001000012847506276,1.387152493724204,1.912847506275797,2.199275981612397,0.0008344111012291006,0.6943727230789988,0.6950886626220448,0.00365602971745083,1.0,-0.0001001166757444521,1.000872710261898,-0.000394528093140088,1.0,-0.00315919641533911,1.0,0.0002949925343469363,1.0,-0.007868177294612602,1.0,1.008800740754046,0.0012847506275948106,0.8813701327893941,True
20261218,statistical,27,3.3,5,1,1,bounded,0,0,0,True,0.0001009573819605371,0.0001000036999431901,1.363000568098822,1.936999431901179,2.199213737147108,0.0008347991305033603,0.6752736542801959,0.6761598794790222,0.0006159844986691269,1.0,0.0001673471449573051,1.000849892296649,-0.0004776661982376181,1.0,-0.009554173805208864,1.0,0.0003826473915136296,1.0,0.005347857091959032,1.0,1.0095364673295963,0.003699943190094146,0.9573819605370959,True
20261219,statistical,27,3.3,5,1,1,bounded,0,0,0,True,0.0001005963468093575,0.0001000001535847776,1.398464152223373,1.901535847776627,2.199509773971527,0.0008329822517651891,0.7151894348539163,0.7149461815100387,0.001821967098235247,1.0,0.001351866067246845,0.9990681872232536,0.0005534084489646613,1.0,-0.000716458722259502,1.0,0.0002817732708270536,1.0,0.006209527969724526,1.0,1.0059619230891927,0.00015358477760685219,0.5963468093574953,True
20261220,statistical,27,3.3,5,1,1,bounded,0,0,0,True,0.0001006664211620424,0.0001000044209676802,1.355790323197917,1.944209676802084,2.199452237385622,0.0008333467058928748,0.6756856479295836,0.6755046207049156,-0.003673259633650637,1.0,0.0009300715412443839,0.9987249020258012,0.0003511728079038945,1.0,0.01081202634072585,1.0,0.0001422169583455283,1.0,-0.01155805598665135,1.0,1.006619709288414,0.00442096768020761,0.6664211620424076,True
20261221,statistical,27,3.3,5,1,1,bounded,0,0,0,True,0.000100837727169928,0.0001000023560945916,1.376439054083466,1.923560945916534,2.199311739807881,0.0008341964218498549,0.6728961981869668,0.6734575095631407,0.003885724980071608,1.0,0.00327108111827998,0.9981210734112784,-0.0004372078674347349,1.0,0.009411251658220269,1.0,9.737600162660166e-05,1.0,-0.003140721474455758,1.0,1.008353513936674,0.0023560945915823694,0.8377271699280042,True
20261222,statistical,27,3.3,5,1,1,bounded,0,0,0,True,0.0001012767375536895,9.999871362116936e-05,1.412863788306277,1.887136211693724,2.19895270350952,0.0008363794536070494,0.7217457268881806,0.724003717204228,0.00181672374301487,1.0,-0.004430129419736251,1.002070449055133,-0.001718921594785856,1.0,-0.003422997720348917,1.0,0.0005154006932806445,1.0,0.005700536746259812,1.0,1.0127804037296095,-0.0012863788306449742,1.276737553689511,True
20261223,statistical,27,3.3,5,1,1,bounded,0,0,0,True,0.0001012247586017202,0.0001000046449676506,1.353550323493687,1.946449676506314,2.198995137165593,0.0008361391322904959,0.6649186222274887,0.6667629652933207,-0.00155849958166037,1.0,0.005413626765123818,1.001751715524052,-0.0006166609788315682,1.0,0.0001416679920435809,1.0,0.001203611876438423,1.0,-0.01824272362292717,1.0,1.0122005696281835,0.004644967650602183,1.2247586017201995,True
20261224,statistical,27,3.3,5,1,1,bounded,0,0,0,True,0.0001003759547256812,0.0001000045746615408,1.354253384591505,1.945746615408495,2.199690978979845,0.0008318948809006058,0.681063242297315,0.6798905027191886,0.002460465150256007,1.0,-0.0004889004059434203,0.998841294855218,-7.223630840218646e-05,1.0,-0.005505250729059909,1.0,-0.001274914407578549,1.0,-0.008265934032818936,1.0,1.003713630755366,0.00457466154080155,0.3759547256811935,True
20261225,statistical,27,3.3,5,1,1,bounded,0,0,0,True,0.0001012701250872929,0.0001000026405263207,1.37359473679296,1.926405263207041,2.198958100542556,0.0008363593500623126,0.6835870802046967,0.6856229351954128,-0.005034891557612298,1.0,-0.002697851258910076,0.9956679611270471,-0.0005085224473647946,1.0,0.002086693719887752,1.0,0.001503590715371728,1.0,0.004590842099171951,1.0,1.0126745109359248,0.0026405263206852325,1.2701250872928949,True
20261226,statistical,27,3.3,5,1,1,bounded,0,0,0,True,0.0001006637631991082,0.0001000001812690559,1.398187309440933,1.901812690559068,2.199454419097044,0.0008333194250726664,0.7082260230644488,0.7082524279710061,-0.002178269110152419,1.0,0.002116087477573398,0.9970987619348511,-0.0003557213374551355,1.0,-0.01209597533550409,1.0,-0.0003572323210955589,1.0,0.003907775852311684,1.0,1.0066358072718578,0.00018126905589888054,0.6637631991081916,True
20261227,statistical,27,3.3,5,1,1,bounded,0,0,0,True,0.00010046709460401,9.999956671367074e-05,1.404332863292442,1.895667136707558,2.19961599906746,0.0008323340540637974,0.7113356231919917,0.7106741716596923,-0.001766633742102531,1.0,0.001787317751002925,0.9996319496036684,0.0009339736051049513,1.0,0.001040194091322585,1.0,0.0002432516711483215,1.0,-0.001899445786543477,1.0,1.0046752991608245,-0.00043328632925998534,0.4670946040099988,True
20261228,statistical,27,3.3,5,1,1,bounded,0,0,0,True,0.0001004300611304422,0.0001000025171989406,1.374828010593713,1.925171989406287,2.199646458446019,0.0008321586232993049,0.6963189099724244,0.6954168428944951,0.00615073819774506,1.0,0.00608122097851569,1.002627425431652,0.0006249766636596481,1.0,0.0129664610408403,1.0,-0.0003066395030442393,1.0,0.00684654644050446,1.0,1.004275331696412,0.002517198940599208,0.4300611304421942,True
20261229,statistical,27,3.3,5,1,1,bounded,0,0,0,True,0.0001007337413328137,0.0001000042760291322,1.357239708677876,1.942760291322124,2.199396997613305,0.0008336828284486402,0.6721945800005573,0.6722605042609404,-0.01429795939382212,1.0,-0.0008523409525586997,0.9990050968636536,-0.001105231694710526,1.0,-0.007523245735902502,1.0,-0.001066769090707226,1.0,0.006730416902101809,1.0,1.0072943411286635,0.00427602913219971,0.7337413328136977,True
20261230,statistical,27,3.3,5,1,1,bounded,0,0,0,True,0.0001001470455150368,0.0001000041470286449,1.358529713550868,1.941470286449132,2.199879582785111,0.0008307489236604591,0.6734082125489939,0.6714276877098977,-0.003822782274706876,1.0,0.0007555919762073085,1.000957455860352,0.0007824869855768013,1.0,-0.0005633986861068882,1.0,-0.001229554420085575,1.0,0.0003686565351922927,1.0,1.0014289256059647,0.004147028644907458,0.1470455150367922,True
20261231,statistical,27,3.3,5,1,1,bounded,0,0,0,True,0.0001006178814476789,0.0001000068851852009,1.3311481479909,1.968851852009101,2.199492088325184,0.0008331121392377177,0.6368037278354237,0.6363685947687934,0.00429320320958383,1.0,-0.002155392448478019,0.999091283696644,0.0001976890029217284,1.0,0.004151954001524918,1.0,-0.0002657247940120981,1.0,0.001329456334147484,1.0,1.0061095419715003,0.006885185200888877,0.6178814476788919,True
20261232,statistical,27,3.3,5,1,1,bounded,0,0,0,True,0.0001009967967754334,0.0001000065661685354,1.334338314646314,1.965661685353686,2.199181478517409,0.0008350056631217966,0.646457639615766,0.647347872885001,-0.000351334545405032,1.0,-0.005316486609744321,0.9977899776649998,1.321252104044062e-05,1.0,0.00447472461654317,1.0,0.0008777861568305577,1.0,0.002696653655774712,1.0,1.0099016559095653,0.006566168535404593,0.996796775433384,True
20261233,statistical,27,3.3,5,1,1,bounded,0,0,0,True,0.0001008331362284522,0.0001000042230707122,1.357769292878211,1.942230707121789,2.199315502170391,0.0008341796281646611,0.6681719364921015,0.6686186150022522,0.004015522463578692,1.0,-0.00595104214403634,1.002422554617084,0.001461222588935646,1.0,0.001004130040634924,1.0,0.001881127056026618,1.0,0.0003794396793307789,1.0,1.0082887815362946,0.004223070712194854,0.8331362284522026,True
20261234,statistical,27,3.3,5,1,1,bounded,0,0,0,True,0.0001010806015601985,0.0001000000772915683,1.399227084316488,1.900772915683512,2.199112928661412,0.0008354032737511913,0.6898812146059496,0.6914091435006877,0.004349740139093834,1.0,-0.002420566739204362,1.000251120088863,-0.001492719770787018,1.0,-0.01200939764419062,1.0,1.017745065662093e-05,1.0,-0.001247036887669766,1.0,1.0108052343347669,7.729156830116324e-05,1.0806015601984909,True
20261235,statistical,27,3.3,5,1,1,bounded,0,0,0,True,0.0001007195593633305,0.000100007420414044,1.325795859559746,1.974204140440254,2.199408631788902,0.0008336222950716969,0.6586446541525476,0.6585386727490633,-0.006558682611157867,1.0,0.002810954329070362,0.999946791619292,-0.000327237315197721,1.0,-0.002971420338304831,1.0,-0.0004608030840115678,1.0,-0.006631040917680737,1.0,1.0071208610954883,0.007420414044001511,0.719559363330502,True
20261236,statistical,27,3.3,5,1,1,bounded,0,0,0,True,0.0001011787407508748,0.0001000051865281448,1.348134718552305,1.951865281447696,2.199032721478096,0.0008359108301854374,0.6602756558659889,0.6618898994609067,0.001653323210354552,1.0,-0.0001661734037204007,1.000306821300006,-0.001741253849766507,1.0,-0.009711844038980181,1.0,-0.0001514023740259059,1.0,0.0008820448909123015,1.0,1.0117349335916663,0.005186528144807134,1.178740750874785,True
20261237,statistical,27,3.3,5,1,1,bounded,0,0,0,True,0.000101476028211497,0.0001000101605848717,1.298394151282334,2.001605848717666,2.198790199362081,0.000837413681877649,0.6173037077547132,0.6197334822050613,-0.00711128478809776,1.0,-0.002585248880106538,0.9989999094208828,-0.001565266296126697,1.0,-0.003938411866182438,1.0,0.0008421347380251498,1.0,0.005142564148393297,1.0,1.0146571870103271,0.010160584871687917,1.4760282114969936,True
20261238,statistical,27,3.3,5,1,1,bounded,0,0,0,True,0.0001006867218240116,0.0001000013356715611,1.386643284389384,1.913356715610616,2.199435575962915,0.0008334380277259724,0.689220741993929,0.6892793311200742,-0.004916223624726162,1.0,-0.002723186257642049,1.002425943905969,0.0003230730293337537,1.0,0.002604740650915676,1.0,0.0003538975323619421,1.0,0.01072328274933363,1.0,1.0068537699806486,0.0013356715610868264,0.6867218240115935,True
20261239,statistical,27,3.3,5,1,1,bounded,0,0,0,True,0.0001005484584976592,0.0001000016664592443,1.383335407557191,1.916664592442809,2.199549115717542,0.0008327478026925787,0.6829023686488676,0.682447261456541,-0.006705305437809801,1.0,0.005419588915252584,1.000769524430738,-0.0003925013980651617,1.0,0.00970451389231826,1.0,-0.0008763310373632443,1.0,-0.007926281813202377,1.0,1.0054678292650028,0.0016664592442872106,0.54845849765921,True
20261240,statistical,27,3.3,5,1,1,bounded,0,0,0,True,0.0001003896139047845,9.999923300153578e-05,1.407669984642109,1.892330015357892,2.19967973763044,0.0008319455493177523,0.717115650856239,0.7162235028110775,0.0002268703342821384,1.0,-0.0004021044432349972,0.9976342502531191,0.001005230330735912,1.0,-0.0007805556378533957,1.0,8.327810285634738e-05,1.0,-0.002253932141797703,1.0,1.0039038389748722,-0.0007669984642300065,0.38961390478449154,True
20261241,statistical,27,3.3,5,1,1,bounded,0,0,0,True,0.0001009941714461639,0.0001000038945371425,1.361054628574766,1.938945371425234,2.199183626822356,0.0008349837200923751,0.6614259274333029,0.662473367759284,0.006722696961942956,1.0,0.0007500626552912074,1.000544982423135,-0.0008292080471211978,1.0,0.000311545601628579,1.0,0.0001925745379453182,1.0,-0.004178490282339833,1.0,1.0099023834382128,0.0038945371424903286,0.994171446163894,True
20261242,statistical,27,3.3,5,1,1,bounded,0,0,0,True,9.977787612389113e-05,0.0001000056184348621,1.343815651379077,1.956184348620924,2.200184605231722,0.0008289079323432161,0.6621281406629604,0.6587825206709658,-0.009727996462171276,1.0,-0.001241526483092295,0.9974293772508471,0.001833649966296471,1.0,-0.002993597457158683,1.0,-0.001546049344182416,1.0,-0.009992318061993485,1.0,0.9977227048386355,0.005618434862109112,-0.22212387610887063,True
20261243,statistical,27,3.3,5,1,1,bounded,0,0,0,True,0.0001009581305279496,0.0001000044543885194,1.355456114805629,1.944543885194371,2.19921312438005,0.0008348053630107625,0.6725634483562358,0.6734322575909049,-0.003062231397893182,1.0,-0.002660327702330857,1.000210659213306,-0.000452773946863993,1.0,-0.006496030211703153,1.0,0.0003901228883138441,1.0,2.188957287992591e-05,1.0,1.009536336608819,0.004454388519392616,0.9581305279495966,True
20261244,statistical,27,3.3,5,1,1,bounded,0,0,0,True,0.0001010599693417404,0.0001000077115330789,1.322884669211269,1.977115330788731,2.1991298002583,0.0008353253056565051,0.6301568723626073,0.6312649449164939,-0.0151344826863274,1.0,0.002534361520202045,1.001126586148536,-0.001402797764968935,1.0,0.005280059678176214,1.0,-0.0003199562664081058,1.0,0.002544011396272459,1.0,1.0105217666970958,0.007711533078880173,1.0599693417403966,True
20261245,statistical,27,3.3,5,1,1,bounded,0,0,0,True,0.0001006304616581168,0.0001000122779510001,1.277220489998644,2.022779510001356,2.199481758282491,0.0008331928364168923,0.5985395816858798,0.5979218991963895,0.006179293479043859,1.0,0.001244005227771128,1.00125913349955,0.0004453833120906125,1.0,-0.01575869988455141,1.0,-0.0002005332556629035,1.0,-0.003034705515959068,1.0,1.006181078161419,0.012277951000094767,0.6304616581167988,True
20261246,statistical,27,3.3,5,1,1,bounded,0,0,0,True,9.952753200663259e-05,9.99989517542103e-05,1.410482457896876,1.889517542103125,2.200392053426914,0.0008276342117106521,0.7145906523147596,0.710589470943778,-0.00425602516979869,1.0,0.002183623757436747,1.002265703944981,0.001192155462940194,1.0,0.004980606829045275,1.0,-0.002844786568278271,1.0,0.01659308478686873,1.0,0.9952857531073284,-0.001048245789703195,-0.4724679933674092,True
20261247,statistical,27,3.3,5,1,1,bounded,0,0,0,True,0.0001003420813586543,0.0001000026952010374,1.373047989625639,1.926952010374361,2.199718862577118,0.0008317193118457803,0.6858394966460493,0.6845999214951296,-0.01066233957720718,1.0,0.002059191819257726,1.00412961310307,0.0001425330114299838,1.0,-0.001557424286550577,1.0,-0.001127199608874951,1.0,0.0005537161778854751,1.0,1.003393770107242,0.0026952010373948454,0.34208135865430034,True
20261248,statistical,27,3.3,5,1,1,bounded,0,0,0,True,0.0001006226581525239,0.0001000007508783644,1.392491216355541,1.90750878364446,2.199488165866018,0.0008331157795498493,0.6979600669234521,0.6978153986430268,0.00647505529894968,1.0,0.004238807082653982,0.9982152190843924,-0.0004592256844462247,1.0,0.000568362835327328,1.0,-0.0006320974907219468,1.0,-0.00384227570876721,1.0,1.0062190260442738,0.000750878364397245,0.6226581525238917,True
20261249,statistical,27,3.3,5,1,1,bounded,0,0,0,True,9.994341238967044e-05,0.0001000043275397461,1.356724602538753,1.943275397461247,2.200047701683498,0.0008297313537180001,0.6676092887725602,0.6648750890691008,-0.01071068641322776,1.0,0.001850319101689174,0.9989157395476872,0.001640135660858274,1.0,0.0002348933036590689,1.0,-0.001126988979969711,1.0,0.005318790560323144,1.0,0.9993908748593759,0.0043275397460851295,-0.0565876103295615,True
20261250,statistical,27,3.3,5,1,1,bounded,0,0,0,True,0.0001012281234858249,0.0001000107018619471,1.292981380529117,2.007018619470883,2.198992389581943,0.0008361759444616108,0.6187145287218772,0.6202373663657023,0.009115892972695988,1.0,0.0145998828037561,1.003970985175607,-0.001086566631120851,1.0,-0.008088987023514186,1.0,0.0004121792027682073,1.0,0.005251937763170745,1.0,1.0121729135103792,0.010701861947093327,1.2281234858249057,True
20261251,statistical,27,3.3,5,1,1,bounded,0,0,0,True,0.0001012550545703873,0.0001000029577897278,1.37042210272243,1.929577897277571,2.198970402193349,0.0008362850444467066,0.6761523012260031,0.6781525477136277,-0.006963760178067688,1.0,-0.007842074525421896,0.9991242195211731,-0.002238198650846259,1.0,-0.004654779404566769,1.0,-0.0002618001488212107,1.0,0.007266218153357516,1.0,1.012520597473649,0.002957789727786597,1.255054570387304,True
20261252,statistical,27,3.3,5,1,1,bounded,0,0,0,True,0.0001004869979052926,0.0001000003092697755,1.39690730224462,1.903092697755381,2.19959963330968,0.0008324360210058483,0.7034142411189261,0.7028121015990035,-0.003048121050548377,1.0,0.001638633767646221,1.000898711216347,-0.0001861850315541432,1.0,0.0073721797697512,1.0,-0.0008174629007374819,1.0,-0.006052851149109161,1.0,1.0048668713034092,0.000309269775500276,0.48699790529260767,True
20261253,statistical,27,3.3,5,1,1,bounded,0,0,0,True,0.0001009324041409022,0.0001000007265206612,1.392734793387723,1.907265206612277,2.199234186095656,0.0008346644291118679,0.7042804314453548,0.7052289809607296,-0.001639455098077394,1.0,-0.001746736398259245,1.001609441597515,-0.001032631765790744,1.0,0.003539730239938846,1.0,-0.000110145063478807,1.0,0.001148890581520729,1.0,1.0093167085145978,0.0007265206611872799,0.9324041409021877,True
20261254,statistical,27,3.3,5,1,1,bounded,0,0,0,True,9.994020055675527e-05,9.999814967385437e-05,1.418503261456287,1.881496738543713,2.200050355940122,0.0008296949075958821,0.737656498787631,0.7352359711277142,0.003352629542160342,1.0,-0.005483883901798318,0.997232163482124,0.00120327778666908,1.0,0.006449592605143713,1.0,-0.001250154163440241,1.0,-0.001170466144969645,1.0,0.9994204981063339,-0.001850326145635961,-0.05979944324473463,True
20261255,statistical,27,3.3,5,1,1,bounded,0,0,0,True,0.0001000994695659364,0.0001000017650211708,1.382349788291817,1.917650211708183,2.19991883257724,0.000830503183289434,0.6906928206939644,0.6886233642166479,-0.005196422417402158,1.0,0.004376165467325426,0.999611823538724,0.0006037256868616423,1.0,0.001909114409320686,1.0,-0.001497558274776654,1.0,0.002126350926734542,1.0,1.0009770282029016,0.0017650211707964658,0.09946956593640532,True
20261256,statistical,27,3.3,5,1,1,bounded,0,0,0,True,0.0001009777989286,0.0001000040647919367,1.359352080633028,1.940647919366972,2.199197025624164,0.0008349024193445903,0.6750961829087235,0.6760611147026276,0.008640088928071743,1.0,-0.006598751101842149,1.00116683278412,-0.001091031629412936,1.0,0.008023164813667594,1.0,-0.0001518733459065404,1.0,0.003610216613524622,1.0,1.0097369455800542,0.004064791936686518,0.9777989285999933,True
20261257,statistical,27,3.3,5,1,1,bounded,0,0,0,True,0.0001003638883870152,0.0001000004161102189,1.3958388978114,1.9041611021886,2.199700910634957,0.0008318208259873288,0.6968724532613564,0.6957943746234253,-0.009710288051702726,1.0,0.003984489056691247,0.9946824109961302,0.0005436838928443167,1.0,0.008253110297689763,1.0,-0.0005643839517324991,1.0,0.007229419702050133,1.0,1.003634707643573,0.00041611021890375355,0.36388838701519877,True
20261258,statistical,27,3.3,5,1,1,bounded,0,0,0,True,0.0001003186075431585,9.99992865594064e-05,1.407134405936017,1.892865594063983,2.199738190745108,0.0008315906942500278,0.7292313923017101,0.7280765897913937,-0.00747438367971257,1.0,-0.0006903221847945825,1.003306306643692,0.0006192062381737701,1.0,0.002285147555591297,1.0,-0.0005658928312493008,1.0,-0.01359909441502321,1.0,1.003193232619339,-0.0007134405936026766,0.31860754315851114,True
20261259,statistical,27,3.3,5,1,1,bounded,0,0,0,True,0.0001005352879164291,0.0001000018641122344,1.38135887765618,1.91864112234382,2.199559938847361,0.0008326826020408656,0.6891741791691297,0.6886649686661123,0.009132325683008553,1.0,-0.003304249546582609,0.9995871207257846,-0.0003510373372720472,1.0,0.003599722978698284,1.0,-0.0008890636054410972,1.0,-0.002022389006231846,1.0,1.0053341386076167,0.0018641122343954208,0.5352879164290947,True
