seed,library,temperature_c,logic_v,led_supply_v,local_mismatch,global_variation,reference,calibration_error,tc_ppm,line_ppm_v,pwm_on,iout,iref,bias,headroom,led_k,power_w,out_vth,ref_vth,x0_dvth,x0_mulu0,x1_dvth,x1_mulu0,x2_dvth,x2_mulu0,x3_dvth,x3_mulu0,x4_dvth,x4_mulu0,x5_dvth,x5_mulu0,mirror_ratio,reference_error_pct,absolute_error_pct,absolute_current_budget_pass
20261004,typical,27,3.3,5,1,0,ideal,0,0,0,True,0.0001011122714362002,9.999999999999999e-05,1.37642355727563,1.92357644272437,2.199087037523194,0.000835561369212983,0.6868067420475547,0.6883196475725747,-0.001964534281406865,1.0,-0.003184419296273099,1.001000935035619,9.050473501905178e-05,1.0,8.659020094562709e-05,1.0,0.001578596271378047,1.0,-0.009716322146445345,1.0,1.011122714362002,-1.1102230246251565e-14,1.112271436200185,True
20261005,typical,27,3.3,5,1,0,ideal,0,0,0,True,0.0001009177544516183,9.999999999999999e-05,1.375974774574529,1.924025225425471,2.199246181776877,0.0008345887842901935,0.68706113440439,0.6878868325704792,0.002954698018581346,1.0,-0.001559386258943305,0.999039917674632,0.0003463078822073783,1.0,-0.0106905909275773,1.0,0.001145847379768125,1.0,0.001105518011193261,1.0,1.009177544516183,-1.1102230246251565e-14,0.9177544516182801,True
20261006,typical,27,3.3,5,1,0,ideal,0,0,0,True,0.0001008181375446639,9.999999999999999e-05,1.375286488119173,1.924713511880827,2.199327794993913,0.0008340906997554211,0.6867509702291871,0.6872227066132933,-0.004441318171449941,1.0,0.003508429838598729,0.9987161330113852,3.686620822039355e-05,1.0,-0.01186770981302498,1.0,0.0004817552793472879,1.0,0.002978947255065226,1.0,1.008181375446639,-1.1102230246251565e-14,0.8181375446638883,True
20261007,typical,27,3.3,5,1,0,ideal,0,0,0,True,0.0001007920976498723,9.999999999999999e-05,1.373968759701369,1.926031240298631,2.199349141201303,0.0008339605002813436,0.6855761531505651,0.6859509272273283,-0.002480742574951055,1.0,0.003127182775864493,0.9989452892355686,-0.001137762008186841,1.0,0.003218767425208999,1.0,-0.000790015256558994,1.0,-0.00536635479757717,1.0,1.0079209764987231,-1.1102230246251565e-14,0.792097649872292,True
20261008,typical,27,3.3,5,1,0,ideal,0,0,0,True,0.0001001918262109526,9.999999999999999e-05,1.374203725821165,1.925796274178836,2.199842655054344,0.0008309591430868648,0.6879236386973131,0.6861786648631115,0.007393481850449108,1.0,-4.06284909650119e-06,0.9986306669174446,0.001214077199938528,1.0,0.005401585510434783,1.0,-0.000562073606327358,1.0,-3.593578336850196e-05,1.0,1.0019182621095262,-1.1102230246251565e-14,0.19182621095259478,True
20261009,typical,27,3.3,5,1,0,ideal,0,0,0,True,0.0001009999237936689,9.999999999999999e-05,1.37533491616852,1.92466508383148,2.199178919749173,0.0008349996310004461,0.6861563213722727,0.6872691577628934,-0.003845073517560099,1.0,-0.000546643254337671,0.9999709246287304,-0.0005591011069583707,1.0,0.002431175496035539,1.0,0.0005281446452143916,1.0,-0.003087594249006638,1.0,1.009999237936689,-1.1102230246251565e-14,0.9999237936688887,True
20261010,typical,27,3.3,5,1,0,ideal,0,0,0,True,0.0001011948327524372,9.999999999999999e-05,1.376999199784037,1.923000800215964,2.199019576779702,0.0008359741757941676,0.687069160279004,0.6888750637268594,-0.001153464943796613,1.0,0.001501293141613185,0.9992890329001916,0.000352324167510895,1.0,0.007436132563033426,1.0,0.002133984365583403,1.0,0.005585899096540435,1.0,1.0119483275243721,-1.1102230246251565e-14,1.1948327524371916,True
20261011,typical,27,3.3,5,1,0,ideal,0,0,0,True,0.0001005715609339254,9.999999999999999e-05,1.374913499426626,1.925086500573374,2.199530134147062,0.0008328578167018487,0.6872630737062956,0.686863109757326,0.006832136896383303,1.0,0.008087914363690421,0.9974306216168264,0.0005507580581727083,1.0,0.004642080407106708,1.0,0.0001222422273930491,1.0,0.01241937761525784,1.0,1.005715609339254,-1.1102230246251565e-14,0.571560933925408,True
20261012,typical,27,3.3,5,1,0,ideal,0,0,0,True,0.000100883007088818,9.999999999999999e-05,1.37577677782656,1.92422322217344,2.199274640680108,0.0008344150474761915,0.6869933830604851,0.6876957973019066,-0.002110435571382488,1.0,0.001853059785585875,1.000775687209754,0.0002788085538014922,1.0,-0.01008703774335,1.0,0.0009548239207783136,1.0,-0.008997280315850509,1.0,1.00883007088818,-1.1102230246251565e-14,0.8830070888180108,True
20261013,typical,27,3.3,5,1,0,ideal,0,0,0,True,0.000100496387747885,9.999999999999999e-05,1.374186986317534,1.925813013682466,2.199591913441723,0.0008324819507714068,0.686830302304277,0.6861620247360151,0.002569266914224281,1.0,0.002817546862356797,0.9996164271934468,0.000118531873645472,1.0,0.01088006073719023,1.0,-0.0005788172448487331,1.0,0.001314630205227231,1.0,1.00496387747885,-1.1102230246251565e-14,0.4963877478849854,True
20261014,typical,27,3.3,5,1,0,ideal,0,0,0,True,0.0001007201170016393,9.999999999999999e-05,1.374502528037857,1.925497471962143,2.199408174301336,0.0008336005970402985,0.6863433406687188,0.6864662212730721,-0.006760011243393812,1.0,-0.0006267239939935169,1.00206567718511,-0.0003700524285070453,1.0,0.001485574505919524,1.0,-0.0002746967466770907,1.0,-0.003352712540625203,1.0,1.0072011700163932,-1.1102230246251565e-14,0.7201170016392977,True
20261015,typical,27,3.3,5,1,0,ideal,0,0,0,True,0.0001007404941525571,9.999999999999999e-05,1.375425635070945,1.924574364929056,2.199391458479649,0.0008337024827947672,0.6871587695432861,0.687357125712432,0.003853817880258088,1.0,-0.005742668776689785,0.9983310608577873,0.0004452286545152052,1.0,-0.002691138122762175,1.0,0.0006162007671696442,1.0,0.007324501314643958,1.0,1.007404941525571,-1.1102230246251565e-14,0.7404941525571029,True
20261016,typical,27,3.3,5,1,0,ideal,0,0,0,True,0.0001012801451510582,9.999999999999999e-05,1.375379543724121,1.924620456275879,2.198949922389615,0.000836400737787393,0.6852119484921414,0.6873117845570558,0.001378278392250517,1.0,-0.001237806565758677,1.001517568801154,-0.001505506370770542,1.0,0.0006963493984544692,1.0,0.0005706762004831158,1.0,0.004764374102157048,1.0,1.012801451510582,-1.1102230246251565e-14,1.2801451510581874,True
20261017,typical,27,3.3,5,1,0,ideal,0,0,0,True,0.0001004553345207561,9.999999999999999e-05,1.373454708736348,1.926545291263652,2.199625670385624,0.0008322766846358822,0.6862714354221174,0.6854553037275051,-0.007877703796151216,1.0,-0.0004626611715611133,1.002171124902741,-0.0004400372567339499,1.0,-0.01083087626021317,1.0,-0.001285524300640895,1.0,-0.01233816583002314,1.0,1.0045533452075612,-1.1102230246251565e-14,0.45533452075610104,True
20261018,typical,27,3.3,5,1,0,ideal,0,0,0,True,0.0001008637784393364,9.999999999999999e-05,1.37576879030668,1.92423120969332,2.199290393350121,0.0008343189042287837,0.6870535419125217,0.6876881188894677,0.005752918020585441,1.0,-0.001735099881191994,1.003371877414067,0.0003391068673234897,1.0,-0.006578302989069465,1.0,0.0009471520435736502,1.0,0.005062416586912334,1.0,1.008637784393364,-1.1102230246251565e-14,0.8637784393364045,True
20261019,typical,27,3.3,5,1,0,ideal,0,0,0,True,0.0001007386885680751,9.999999999999999e-05,1.374960487272081,1.925039512727919,2.199392939511657,0.0008336934548724775,0.6867180088331696,0.6869081947792803,0.002464672227630361,1.0,0.007747269603141408,0.9986417189557254,4.481039964549457e-06,1.0,0.01012942874938728,1.0,0.0001672704476403131,1.0,0.002690378270244297,1.0,1.007386885680751,-1.1102230246251565e-14,0.7386885680750854,True
20261020,typical,27,3.3,5,1,0,ideal,0,0,0,True,0.000101183075108512,9.999999999999999e-05,1.375262310235079,1.924737689764921,2.199029180779286,0.0008359153875747817,0.6854411021474944,0.6871987921812825,0.002021241856581874,1.0,0.004824190329625882,0.9984189038761265,-0.001275648688386491,1.0,-0.003063938048249067,1.0,0.0004577168159125517,1.0,-0.006940442497169999,1.0,1.01183075108512,-1.1102230246251565e-14,1.1830751085119884,True
20261021,typical,27,3.3,5,1,0,ideal,0,0,0,True,0.0001002733674017654,9.999999999999999e-05,1.374168225631034,1.925831774368967,2.199775453132036,0.0008313668490409289,0.6876009351876105,0.6861442714495083,0.007971380156421877,1.0,0.00154492064562947,0.9974555948291142,0.0008907822852015642,1.0,0.006690090799853604,1.0,-0.0005964947333664521,1.0,-0.005019141840075906,1.0,1.0027336740176542,-1.1102230246251565e-14,0.27336740176540086,True
20261022,typical,27,3.3,5,1,0,ideal,0,0,0,True,0.0001017032397294705,9.999999999999999e-05,1.376721011034291,1.923278988965709,2.198605293235298,0.0008385162106794543,0.6850132189893409,0.6886057806274426,-0.001424826539686858,1.0,-0.005412288494582303,1.000922179062895,-0.001707304475653542,1.0,0.002245654703508604,1.0,0.001864528473776967,1.0,-0.001551203922442319,1.0,1.017032397294705,-1.1102230246251565e-14,1.7032397294704849,True
20261023,typical,27,3.3,5,1,0,ideal,0,0,0,True,0.0001009035646469982,9.999999999999999e-05,1.375520296529842,1.924479703470158,2.199257802447285,0.0008345178352672123,0.686674325477932,0.6874482276848836,0.01096446819827523,1.0,0.005870168260030412,1.00124894131348,-4.039812850453067e-05,1.0,-0.00785989727883781,1.0,0.000707247316811032,1.0,-0.004651044292964601,1.0,1.0090356464699821,-1.1102230246251565e-14,0.9035646469981895,True
20261024,typical,27,3.3,5,1,0,ideal,0,0,0,True,0.0001010982446022125,9.999999999999999e-05,1.374048350112438,1.925951649887562,2.19909850396991,0.0008354912350430445,0.6845730606391848,0.6860272604211965,-0.0002892324008054538,1.0,-0.004610632946182905,1.000455312106423,-0.002143074939715016,1.0,-0.004504924491018858,1.0,-0.0007137861129233337,1.0,0.005174905837696685,1.0,1.010982446022125,-1.1102230246251565e-14,1.0982446022124837,True
20261025,typical,27,3.3,5,1,0,ideal,0,0,0,True,0.0001008824045086633,9.999999999999999e-05,1.375361133290964,1.924638866709036,2.199275134288524,0.0008344120345754182,0.6865959731310595,0.6872946474523853,0.004965159363550144,1.0,0.002798279135667754,1.000886195592035,-0.0001185970052187237,1.0,-0.00610508303605998,1.0,0.0005536742760056868,1.0,0.00440015763226499,1.0,1.008824045086633,-1.1102230246251565e-14,0.8824045086633037,True
20261026,typical,27,3.3,5,1,0,ideal,0,0,0,True,0.0001010177463946639,9.999999999999999e-05,1.375851074546946,1.924148925453054,2.19916433733831,0.0008350887440055411,0.6865896326877639,0.6877672887162486,0.01247320430404477,1.0,0.004577086039843142,0.9991439066658736,-0.0001259190550250288,1.0,0.004418126521602672,1.0,0.001026269541229427,1.0,0.005636455275398589,1.0,1.0101774639466392,-1.1102230246251565e-14,1.0177463946638987,True
20261027,typical,27,3.3,5,1,0,ideal,0,0,0,True,0.0001008333485249614,9.999999999999999e-05,1.374273919248291,1.925726080751709,2.199315328185863,0.0008341667546569089,0.6857239383272297,0.6862453952286424,-0.001410522774268631,1.0,0.0002224010016770516,0.9995431947115759,-0.0009902760158981628,1.0,0.0004890479827132647,1.0,-0.0004955612751618365,1.0,-0.006247577553688578,1.0,1.0083334852496142,-1.1102230246251565e-14,0.833348524961397,True
20261028,typical,27,3.3,5,1,0,ideal,0,0,0,True,0.0001009273685131475,9.999999999999999e-05,1.37597462493593,1.92402537506407,2.199238309260485,0.0008346368545978391,0.6870270808597059,0.6878866728898586,0.000753460275892626,1.0,0.006112369702976127,1.000808832916995,0.0003121846087217682,1.0,0.000672480974721324,1.0,0.001145684431615392,1.0,0.002090282782382714,1.0,1.0092736851314752,-1.1102230246251565e-14,0.9273685131474974,True
20261029,typical,27,3.3,5,1,0,ideal,0,0,0,True,0.0001011954360816104,9.999999999999999e-05,1.376279853432778,1.923720146567222,2.199019083990495,0.0008359771924402739,0.6863756219899785,0.6881808265353784,0.01215701579456799,1.0,-0.001906129040474764,0.9990040533540427,-0.0003412184973022379,1.0,-0.002534930648341031,1.0,0.001439746968967416,1.0,-0.0006159877860991461,1.0,1.0119543608161041,-1.1102230246251565e-14,1.1954360816104126,True
20261030,typical,27,3.3,5,1,0,ideal,0,0,0,True,0.000100534344240394,9.999999999999999e-05,1.374783662907636,1.925216337092365,2.199560714378938,0.0008326717332340719,0.6872697631886855,0.6867378566153144,0.005321655818537338,1.0,0.003546869874772667,0.999824962738574,0.0005577174664418668,1.0,-0.0006397057252230105,1.0,-2.998265781423173e-06,1.0,0.006048844791527458,1.0,1.00534344240394,-1.1102230246251565e-14,0.5343442403940024,True
20261031,typical,27,3.3,5,1,0,ideal,0,0,0,True,0.0001011092055516406,9.999999999999999e-05,1.375723790915037,1.924276209084964,2.199089543649174,0.000835546039790185,0.6861449316747277,0.6876442992688165,0.0131814383993375,1.0,-0.009391152821871588,1.003939811498465,-0.0005712834015963621,1.0,-0.0009683382520374982,1.0,0.0009032490095399715,1.0,-0.009417527222229816,1.0,1.0110920555164062,-1.1102230246251565e-14,1.1092055516406019,True
20261032,typical,27,3.3,5,1,0,ideal,0,0,0,True,0.0001014954013318138,9.999999999999999e-05,1.376144193968426,1.923855806031574,2.198774418251963,0.0008374770186911708,0.685189443185939,0.688049424335887,-0.01102101477800284,1.0,-0.00115805233079446,0.9962470125230459,-0.001529572879146173,1.0,-0.009588641697220597,1.0,0.00130824282024771,1.0,0.002890089089483517,1.0,1.014954013318138,-1.1102230246251565e-14,1.495401331813806,True
20261033,typical,27,3.3,5,1,0,ideal,0,0,0,True,0.0001009385944595066,9.999999999999999e-05,1.375606386788205,1.924393613211795,2.199229117736226,0.0008346929843297548,0.6866335270426527,0.6875312603384142,0.004046524725609812,1.0,0.005572072968263942,0.9992475308172096,-8.145062778106653e-05,1.0,-0.0008220634949661986,1.0,0.0007902680647664901,1.0,0.003895873362369481,1.0,1.0093859445950661,-1.1102230246251565e-14,0.938594459506592,True
20261034,typical,27,3.3,5,1,0,ideal,0,0,0,True,0.0001008084467061855,9.999999999999999e-05,1.375660772053444,1.924339227946556,2.199335738455182,0.0008340422455629095,0.6871449505392007,0.6875839556709604,0.002296695070044587,1.0,-0.002850691639928403,0.9984586314788924,0.0004309168039394588,1.0,0.004284057175606183,1.0,0.000843007630669317,1.0,0.003319089338561779,1.0,1.0080844670618552,-1.1102230246251565e-14,0.808446706185495,True
20261035,typical,27,3.3,5,1,0,ideal,0,0,0,True,0.0001008524429098968,9.999999999999999e-05,1.374633560869956,1.925366439130044,2.199299681067356,0.0008342622265814662,0.6860022861641379,0.6865924792776883,0.009412246710863893,1.0,0.001130786048811306,0.9998114917200076,-0.0007120666667253811,1.0,-0.009630382988750926,1.0,-0.0001484837157079846,1.0,0.002532008447424707,1.0,1.0085244290989681,-1.1102230246251565e-14,0.852442909896789,True
20261036,typical,27,3.3,5,1,0,ideal,0,0,0,True,0.0001004884617269254,9.999999999999999e-05,1.374971724465807,1.925028275534193,2.199598429782787,0.0008324423206667288,0.6876127056079685,0.6869194376346427,0.004807146875611891,1.0,0.0009095582420001371,1.000736635423178,0.0009009926633253172,1.0,-0.003532377377344307,1.0,0.0001785983476709354,1.0,-0.002285131253540692,1.0,1.004884617269254,-1.1102230246251565e-14,0.48846172692540435,True
20261037,typical,27,3.3,5,1,0,ideal,0,0,0,True,0.0001007011325917374,9.999999999999999e-05,1.374083056606251,1.925916943393749,2.199423750485078,0.000833505674990789,0.6860071263816213,0.6860613889656415,-0.003058393980404164,1.0,-0.001679728763996274,1.001182333658813,-0.0007061290253283183,1.0,-0.01289626473617606,1.0,-0.0006795226019155001,1.0,0.01267228400347793,1.0,1.007011325917374,-1.1102230246251565e-14,0.7011325917374078,True
20261038,typical,27,3.3,5,1,0,ideal,0,0,0,True,0.0001012587376341968,9.999999999999999e-05,1.375513733444381,1.924486266555619,2.198967395650398,0.0008362937002030858,0.6854163058288556,0.6874413295635811,0.0004156353193103134,1.0,0.001005027889033331,1.000144606635481,-0.001300993770242161,1.0,-0.009782116383867258,1.0,0.0007002284827973443,1.0,0.005524856065475221,1.0,1.0125873763419682,-1.1102230246251565e-14,1.2587376341967937,True
20261039,typical,27,3.3,5,1,0,ideal,0,0,0,True,0.0001007934199785367,9.999999999999999e-05,1.375043522007553,1.924956477992447,2.199348057097424,0.0008339671119247851,0.6866046435070932,0.6869882487579341,-0.001220414310655045,1.0,0.007273131534832951,1.0000698004745,-0.0001092812422782392,1.0,-0.001791517910542893,1.0,0.0002473058247252852,1.0,0.007029758446198407,1.0,1.007934199785367,-1.1102230246251565e-14,0.7934199785367024,True
20261040,typical,27,3.3,5,1,0,ideal,0,0,0,True,0.0001013512553731778,9.999999999999999e-05,1.376506172142985,1.923493827857016,2.198891905621883,0.000836756288897871,0.6860445150419726,0.68839899969571,-1.233808110032523e-05,1.0,-0.001541252895952729,1.00029495450258,-0.0006734555669220528,1.0,0.000712092655155522,1.0,0.001657867171001612,1.0,-0.001738582307053652,1.0,1.0135125537317782,-1.1102230246251565e-14,1.3512553731777954,True
20261041,typical,27,3.3,5,1,0,ideal,0,0,0,True,0.0001003689352061378,9.999999999999999e-05,1.374420293410173,1.925579706589827,2.199696756523704,0.0008318446880627908,0.6875051963022014,0.6863874086757003,0.01334803394828722,1.0,0.002171183325340817,1.001001911745873,0.0007943502625409936,1.0,-0.006444598892276086,1.0,-0.0003533899878174618,1.0,-0.0005924383157229488,1.0,1.003689352061378,-1.1102230246251565e-14,0.3689352061377882,True
20261042,typical,27,3.3,5,1,0,ideal,0,0,0,True,0.0001003123639430505,9.999999999999999e-05,1.373172293551154,1.926827706448846,2.199743332394882,0.0008315618317472342,0.6865055013211834,0.6851829418588335,-0.00918509358156565,1.0,0.002544420556398017,1.001607781865681,-0.0002049344166351956,1.0,-0.001401576450759836,1.0,-0.001557837577882554,1.0,-0.003224354740505117,1.0,1.003123639430505,-1.1102230246251565e-14,0.31236394305049764,True
20261043,typical,27,3.3,5,1,0,ideal,0,0,0,True,0.0001012585776589105,9.999999999999999e-05,1.375265886096987,1.924734113903013,2.198967526238604,0.0008362929003266541,0.6851786380372906,0.6872021235099672,0.01299302543749283,1.0,0.003839362117050165,1.002764707440052,-0.001538660401535588,1.0,-0.004646180062096806,1.0,0.0004610224835188155,1.0,0.006038476585508433,1.0,1.012585776589105,-1.1102230246251565e-14,1.258577658910509,True
20261044,typical,27,3.3,5,1,0,ideal,0,0,0,True,0.0001001951819973747,9.999999999999999e-05,1.374555407808467,1.925444592191533,2.199839888379794,0.0008309759220188552,0.6882498569484891,0.6865180924043328,5.308330359933914e-05,1.0,-0.00414814322146085,0.9987815892252012,0.001540271112118443,1.0,0.003711702764944277,1.0,-0.0002226472055965502,1.0,-0.004285279292622728,1.0,1.0019518199737472,-1.1102230246251565e-14,0.19518199737469377,True
20261045,typical,27,3.3,5,1,0,ideal,0,0,0,True,0.0001006106230118532,9.999999999999999e-05,1.37397258832527,1.92602741167473,2.199498049027819,0.0008330531270913679,0.6862205655765696,0.6859549106862735,-0.0005703470888215078,1.0,-0.002171320724533684,0.99915901367172,-0.0004920333815398225,1.0,-0.006003627800051889,1.0,-0.0007859701197806152,1.0,0.01625505545926418,1.0,1.006106230118532,-1.1102230246251565e-14,0.6106230118531952,True
20261046,typical,27,3.3,5,1,0,ideal,0,0,0,True,0.000100821019588352,9.999999999999999e-05,1.375764060861276,1.924235939138724,2.199325432756368,0.000834105109973742,0.6871998678786988,0.6876836222802513,0.003800865344249653,1.0,0.001410479991859415,0.99752259303736,0.0004857429548299122,1.0,0.004601586276759088,1.0,0.0009426699668199544,1.0,-0.007712288320305525,1.0,1.0082101958835201,-1.1102230246251565e-14,0.82101958835199,True
20261047,typical,27,3.3,5,1,0,ideal,0,0,0,True,0.0001009882668313579,9.999999999999999e-05,1.374437385462979,1.925562614537021,2.199188458755471,0.0008349413461887713,0.6853346678593695,0.6864029220775424,-0.009921115937495806,1.0,-0.005861348924407312,0.999814249883384,-0.001380670074348367,1.0,0.00934764847967292,1.0,-0.0003380870783578812,1.0,-0.001715224149696541,1.0,1.009882668313579,-1.1102230246251565e-14,0.9882668313578868,True
20261048,typical,27,3.3,5,1,0,ideal,0,0,0,True,0.0001008291929021467,9.999999999999999e-05,1.375818356873483,1.924181643126517,2.199318733928563,0.0008341459765427153,0.6872232180560901,0.687736011575791,0.005131120754937235,1.0,0.00133769125829999,0.9998461781288374,0.0005090338528132383,1.0,0.0008533423998921461,1.0,0.0009950564844956348,1.0,-0.01049290443293293,1.0,1.0082919290214671,-1.1102230246251565e-14,0.8291929021466915,True
20261049,typical,27,3.3,5,1,0,ideal,0,0,0,True,0.0001003971163500096,9.999999999999999e-05,1.374568254613998,1.925431745386002,2.199673563814359,0.0008319855937821499,0.6875477784508929,0.6865301710615154,0.00242131568118633,1.0,0.00393913868173538,0.998210653400512,0.0008367280182328588,1.0,-0.007507491525336973,1.0,-0.0002106371799108681,1.0,-0.007944985067323858,1.0,1.003971163500096,-1.1102230246251565e-14,0.39711635000960754,True
20261050,typical,27,3.3,5,1,0,ideal,0,0,0,True,0.0001006513045956438,9.999999999999999e-05,1.376146777200911,1.923853222799089,2.199464646099784,0.000833256535010201,0.6881669061808777,0.6880532575194269,0.006280563166215039,1.0,-0.006590787040830747,1.00127805301224,0.001454012166814803,1.0,-0.01233806102060733,1.0,0.00131236288711068,1.0,0.00756355788912905,1.0,1.0065130459564382,-1.1102230246251565e-14,0.651304595643798,True
20261051,typical,27,3.3,5,1,0,ideal,0,0,0,True,0.0001008309048875446,9.999999999999999e-05,1.375031811127293,1.924968188872707,2.19931733085413,0.0008341545364699446,0.6864611061851298,0.686976886513859,0.003239707982773348,1.0,0.00682501909187344,0.9968456244089826,-0.0002530904348083226,1.0,0.002412369641333909,1.0,0.0002359308406389745,1.0,0.003469579679291176,1.0,1.008309048875446,-1.1102230246251565e-14,0.8309048875445812,True
20261052,typical,27,3.3,5,1,0,ideal,0,0,0,True,0.0001013651434931652,9.999999999999999e-05,1.374920175297036,1.925079824702964,2.198880579167816,0.0008368257294978079,0.6844712127812881,0.6868682930325898,0.0008578270882559609,1.0,-0.005113368612787739,1.000114776216212,-0.002246858554832195,1.0,0.004082456323632338,1.0,0.000127155787570403,1.0,-0.0009972356598703055,1.0,1.013651434931652,-1.1102230246251565e-14,1.3651434931651885,True
20261053,typical,27,3.3,5,1,0,ideal,0,0,0,True,0.0001006999632651108,9.999999999999999e-05,1.375153467216304,1.924846532783696,2.199424709975267,0.0008334998283576558,0.6870402372490045,0.6870945102603445,-0.00478995274329375,1.0,-0.002199016828566223,1.000777929214916,0.0003269903229214594,1.0,0.008262893802823953,1.0,0.0003535990903111166,1.0,0.001743699690331516,1.0,1.0069996326511081,-1.1102230246251565e-14,0.6999632651107923,True
20261054,typical,27,3.3,5,1,0,ideal,0,0,0,True,0.0001005391951956937,9.999999999999999e-05,1.374419842323475,1.925580157676526,2.199556727840997,0.0008326959880105702,0.6869028739652375,0.6863867029902186,-0.007758094647493779,1.0,0.003197127214192698,0.9971133801332572,0.0001907930599089017,1.0,-0.00688222352912343,1.0,-0.0003541535395902427,1.0,-0.002362779528830091,1.0,1.005391951956937,-1.1102230246251565e-14,0.539195195693698,True
20261055,typical,27,3.3,5,1,0,ideal,0,0,0,True,9.983582819496199e-05,9.999999999999999e-05,1.374037346251711,1.925962653748289,2.200136652838072,0.0008291791530069117,0.689024939864649,0.6860186440780826,0.006196244808632577,1.0,-0.002155698551582496,1.00166697356149,0.002317960368188337,1.0,-0.004004062041377397,1.0,-0.0007219733981926205,1.0,0.0004675470557624501,1.0,0.99835828194962,-1.1102230246251565e-14,-0.16417180503801587,True
20261056,typical,27,3.3,5,1,0,ideal,0,0,0,True,0.0001006531277881385,9.999999999999999e-05,1.375586996945858,1.924413003054142,2.199463149405582,0.0008332656509727945,0.6876223702815225,0.687512999866546,0.002847509053064508,1.0,0.0009376071789865768,0.9980040381341012,0.000909463044205184,1.0,-0.005178414529209785,1.0,0.0007721046145307879,1.0,-0.01067990900293344,1.0,1.006531277881385,-1.1102230246251565e-14,0.6531277881384856,True
20261057,typical,27,3.3,5,1,0,ideal,0,0,0,True,0.0001002524351823054,9.999999999999999e-05,1.374847386829313,1.925152613170688,2.199792699457826,0.0008312621879435092,0.6883279209003249,0.6867998076716426,-0.004174781479584244,1.0,0.001390444853963754,1.000301778393228,0.001617919815845568,1.0,0.003235421345599325,1.0,5.904860308784782e-05,1.0,-0.002033692005938357,1.0,1.002524351823054,-1.1102230246251565e-14,0.2524351823053994,True
20261058,typical,27,3.3,5,1,0,ideal,0,0,0,True,0.0001002698958805261,9.999999999999999e-05,1.373066781632684,1.926933218367316,2.199778313129298,0.0008313494914346123,0.6865543071973671,0.6850811678356751,-0.003021216797904603,1.0,-0.002832400869078403,0.999108759213966,-0.0001558205266345571,1.0,-0.005841590655588523,1.0,-0.001659597167424138,1.0,-0.005595284627046475,1.0,1.002698958805261,-1.1102230246251565e-14,0.26989588052608315,True
20261059,typical,27,3.3,5,1,0,ideal,0,0,0,True,0.0001005983292295588,9.999999999999999e-05,1.376377669359494,1.923622330640506,2.199508145730431,0.0008329916581800159,0.6885759790076279,0.6882761770142922,0.002663589958953463,1.0,0.00973343270376243,0.9999547011287808,0.001863469213957005,1.0,0.00813691610789489,1.0,0.001535300386753016,1.0,-0.006747935864294651,1.0,1.005983292295588,-1.1102230246251565e-14,0.5983292295588027,True
20261060,typical,27,3.3,5,1,0,ideal,0,0,0,True,0.0001012295034825995,9.999999999999999e-05,1.376156023750524,1.923843976249476,2.198991262775474,0.0008361475294450995,0.6861366132031904,0.6880612635082863,-0.002375919293241864,1.0,-0.001937261081431495,0.9998433602347012,-0.0005804743672739053,1.0,-0.002125676462254855,1.0,0.001320172363384975,1.0,0.0007023669584552361,1.0,1.0122950348259951,-1.1102230246251565e-14,1.2295034825994922,True
20261061,typical,27,3.3,5,1,0,ideal,0,0,0,True,0.0001007081267675182,9.999999999999999e-05,1.375118172262886,1.924881827737114,2.199418011636348,0.0008335406458696927,0.6869774856906152,0.687060432570054,0.01042781906864759,1.0,0.002266119438794216,0.9986376441677044,0.0002641795562223332,1.0,-0.011284994475865,1.0,0.0003195186254676377,1.0,-0.004811975153875547,1.0,1.0070812676751821,-1.1102230246251565e-14,0.7081267675181913,True
20261062,typical,27,3.3,5,1,0,ideal,0,0,0,True,0.0001009574391366498,9.999999999999999e-05,1.375189808774983,1.924810191225018,2.199213690343361,0.0008347872077153508,0.6861666388883046,0.6871291762678512,0.007534091825714396,1.0,-0.002288992440071684,1.000757480026288,-0.0005484754586351463,1.0,-0.003508867210594932,1.0,0.0003881775894160307,1.0,-0.005657061188901589,1.0,1.009574391366498,-1.1102230246251565e-14,0.957439136649807,True
20261063,typical,27,3.3,5,1,0,ideal,0,0,0,True,0.0001007613206381598,9.999999999999999e-05,1.374588850873252,1.925411149126749,2.199374377339258,0.000833806615222781,0.6862808701460731,0.6865494715566131,0.01721373948670538,1.0,-0.00305317265692074,0.9991846949988912,-0.0004328217930992439,1.0,0.009081161549102133,1.0,-0.0001914604670448472,1.0,0.002306812376896432,1.0,1.0076132063815981,-1.1102230246251565e-14,0.7613206381597903,True
20261064,typical,27,3.3,5,1,0,ideal,0,0,0,True,0.0001002546144108364,9.999999999999999e-05,1.374496098039524,1.925503901960476,2.199790903805526,0.000831273084086164,0.6879824964683291,0.6864607543338366,0.00161253409114786,1.0,-0.005974826466525879,1.000819159176215,0.001272479578273925,1.0,0.005032381989308689,1.0,-0.0002800054754144808,1.0,0.002469520551036154,1.0,1.002546144108364,-1.1102230246251565e-14,0.2546144108363846,True
20261065,typical,27,3.3,5,1,0,ideal,0,0,0,True,0.0001004414178576808,9.999999999999999e-05,1.375405127741154,1.924594872258847,2.199637116616939,0.0008322071013203861,0.688195641826921,0.6873378082138932,-0.008544023913758993,1.0,0.003607484725895283,1.001939247451998,0.001484270083114524,1.0,-0.01557842399300955,1.0,0.0005969849157934009,1.0,-0.005354756804333506,1.0,1.0044141785768081,-1.1102230246251565e-14,0.44141785768079256,True
20261066,typical,27,3.3,5,1,0,ideal,0,0,0,True,9.996026434427555e-05,9.999999999999999e-05,1.373501152949332,1.926498847050668,2.200033776552229,0.0008298013337534795,0.6880683149338888,0.6855009177559309,0.004983868317857998,1.0,0.0006605459443223745,1.000349907760601,0.00136043291954807,1.0,0.008065926955327311,1.0,-0.001239742012556328,1.0,0.00201618066875546,1.0,0.9996026434427556,-1.1102230246251565e-14,-0.039735655724448815,True
20261067,typical,27,3.3,5,1,0,ideal,0,0,0,True,9.998246377815781e-05,9.999999999999999e-05,1.373693181770714,1.926306818229286,2.200015436050605,0.0008299123309228908,0.6881742708510561,0.6856862280546637,-6.090253992760907e-05,1.0,0.003380923612400111,0.9990556089339144,0.00146622782744032,1.0,0.01240267706500572,1.0,-0.001054439258728973,1.0,0.001914818513871402,1.0,0.9998246377815782,-1.1102230246251565e-14,-0.017536221842195943,True
20261068,typical,27,3.3,5,1,0,ideal,0,0,0,True,0.0001014970093481295,9.999999999999999e-05,1.376029782965983,1.923970217034017,2.198773108508354,0.0008374850587726294,0.6850738216725127,0.687939002352087,-0.001157068696844608,1.0,0.002670443610000204,1.00192673434647,-0.001645206055120337,1.0,-0.001808111433258785,1.0,0.001197820289905344,1.0,-0.008112238279463092,1.0,1.014970093481295,-1.1102230246251565e-14,1.4970093481294855,True
20261069,typical,27,3.3,5,1,0,ideal,0,0,0,True,0.0001002722146624215,9.999999999999999e-05,1.373910079471375,1.926089920528625,2.199776402800896,0.0008313610853442091,0.6873568401122371,0.6858951153935843,0.001472717280542755,1.0,0.0008096315990771497,0.9989783057298354,0.000646695570465584,1.0,-0.01480558380993582,1.0,-0.000845650397525776,1.0,-0.01036484133898709,1.0,1.002722146624215,-1.1102230246251565e-14,0.2722146624214883,True
20261070,typical,27,3.3,5,1,0,ideal,0,0,0,True,0.0001003432521638138,9.999999999999999e-05,1.373535176763832,1.926464823236168,2.19971789865618,0.0008317162728511708,0.6867451140191195,0.6855331494222282,-0.0008364710255832889,1.0,-0.003206410629910219,0.9997039348928236,3.445425422314365e-05,1.0,-0.003983409512240397,1.0,-0.001207640512454618,1.0,-0.0075581596126465,1.0,1.0034325216381381,-1.1102230246251565e-14,0.34325216381378976,True
20261071,typical,27,3.3,5,1,0,ideal,0,0,0,True,0.0001001414175082295,9.999999999999999e-05,1.374550888283408,1.925449111716592,2.199884224933882,0.0008307070995731294,0.6884358488291586,0.6865138156768315,0.01195296821751581,1.0,0.001670919773089724,0.9985111762347416,0.001726652938136049,1.0,-0.003696571114326367,1.0,-0.0002269056601561394,1.0,-0.008192903556934267,1.0,1.0014141750822951,-1.1102230246251565e-14,0.14141750822949106,True
20261072,typical,27,3.3,5,1,0,ideal,0,0,0,True,0.0001004071950096409,9.999999999999999e-05,1.374227460552246,1.925772539447755,2.199665270694955,0.0008320359870801865,0.6871845199384945,0.6862012311071198,-0.00753541233983798,1.0,-0.01098276234390799,1.002831078760402,0.0004733964070689872,1.0,-0.003667243048507399,1.0,-0.0005395805597630438,1.0,-0.00883482422199156,1.0,1.004071950096409,-1.1102230246251565e-14,0.4071950096409038,True
20261073,typical,27,3.3,5,1,0,ideal,0,0,0,True,0.000101072065193918,9.999999999999999e-05,1.375487212735113,1.924512787264887,2.199119908717365,0.0008353603380015719,0.6860484144286451,0.6874160299534438,-0.001418502526922718,1.0,0.002894514540931494,0.9978253116432437,-0.0006675312767343037,1.0,-0.0002561215031551513,1.0,0.0006749923170627576,1.0,0.01228798786982825,1.0,1.01072065193918,-1.1102230246251565e-14,1.0720651939179815,True
20261074,typical,27,3.3,5,1,0,ideal,0,0,0,True,0.0001008570703112745,9.999999999999999e-05,1.375309236143879,1.924690763856121,2.199295889507562,0.0008342853635884741,0.6866354637586753,0.6872445997948001,0.004424990353289136,1.0,-0.001837185733567171,0.9976691155457332,-7.892263381712814e-05,1.0,-0.009657610141839985,1.0,0.0005036352287551241,1.0,-0.003475429761227685,1.0,1.008570703112745,-1.1102230246251565e-14,0.8570703112744882,True
20261075,typical,27,3.3,5,1,0,ideal,0,0,0,True,0.0001002010394225507,9.999999999999999e-05,1.374562778567201,1.925437221432799,2.19983505944039,0.0008310052091447353,0.688236209698332,0.6865251970973928,-0.00498843501181542,1.0,-0.003158479806503686,1.00215699029562,0.001526581378995513,1.0,-1.007778598608893e-05,1.0,-0.0002155445032944047,1.0,-0.007234826964094917,1.0,1.002010394225507,-1.1102230246251565e-14,0.2010394225506973,True
20261076,typical,27,3.3,5,1,0,ideal,0,0,0,True,0.0001003934106544903,9.999999999999999e-05,1.374422560657635,1.925577439342365,2.199676613203638,0.0008319670653045532,0.6874208205945621,0.6863895580971503,0.002666686299758852,1.0,0.0003964246345608562,1.002896893324503,0.0007097970386752204,1.0,0.003767947541759003,1.0,-0.000351248884833904,1.0,-0.01242448944873376,1.0,1.003934106544903,-1.1102230246251565e-14,0.39341065449030044,True
20261077,typical,27,3.3,5,1,0,ideal,0,0,0,True,0.0001008492685970132,9.999999999999999e-05,1.375880985412436,1.924119014587564,2.19930228210263,0.0008342463550170477,0.6872125813805289,0.6877964237559546,0.004650279642364791,1.0,-8.54520530789597e-05,0.9990883181651736,0.000498251572276357,1.0,0.0160356063965925,1.0,0.001055461841534852,1.0,0.007084907270242504,1.0,1.008492685970132,-1.1102230246251565e-14,0.8492685970131975,True
20261078,typical,27,3.3,5,1,0,ideal,0,0,0,True,0.0001006914935704763,9.999999999999999e-05,1.37487668263213,1.92512331736787,2.199431660091147,0.0008334574798844831,0.6868040744740332,0.6868273855280875,0.001951423661772926,1.0,0.00227299558396253,1.000163062343994,9.088897702800016e-05,1.0,-0.002573825782977617,1.0,8.647723661545189e-05,1.0,-0.004300491492292803,1.0,1.006914935704763,-1.1102230246251565e-14,0.691493570476287,True
20261079,typical,27,3.3,5,1,0,ideal,0,0,0,True,0.0001009768954005209,9.999999999999999e-05,1.375382093308822,1.924617906691178,2.199197765105179,0.0008348844890345866,0.686282864346505,0.6873147267065277,0.00358795325907928,1.0,-0.005899671526075283,1.000913703756936,-0.0004323911126467545,1.0,-0.01167300870408443,1.0,0.0005737214155097642,1.0,-0.004046309407726855,1.0,1.009768954005209,-1.1102230246251565e-14,0.9768954005209052,True
20261080,typical,27,3.3,5,1,0,ideal,0,0,0,True,0.0001005055097228115,9.999999999999999e-05,1.374407623705604,1.925592376294396,2.199584414450511,0.0008325275606461593,0.6870101690572298,0.6863749634471077,-0.01036423424240118,1.0,-0.008737524900506204,0.9976583408072716,0.0002983324665441581,1.0,0.001094236530587869,1.0,-0.000365881634004849,1.0,0.001107450798472643,1.0,1.0050550972281151,-1.1102230246251565e-14,0.5055097228114924,True
20261081,typical,27,3.3,5,1,0,ideal,0,0,0,True,0.0001003797419423903,9.999999999999999e-05,1.373275121058947,1.926724878941054,2.199687861999458,0.0008318987217440535,0.6863660512468288,0.6852820849263093,0.00222263966055888,1.0,0.002945705397397344,1.002508755442341,-0.0003448731722026755,1.0,-0.001870564626068932,1.0,-0.001458717410194384,1.0,0.01097923067488028,1.0,1.0037974194239032,-1.1102230246251565e-14,0.37974194239029924,True
20261082,typical,27,3.3,5,1,0,ideal,0,0,0,True,0.0001010380617136376,9.999999999999999e-05,1.374568841283881,1.925431158716119,2.199147718337006,0.0008351903206002899,0.6852854905535227,0.686529719661344,0.006143384425142651,1.0,0.002293192559317103,1.001311678711696,-0.001430208531899777,1.0,-0.02092381926741343,1.0,-0.0002113064183642527,1.0,0.001691590278333388,1.0,1.010380617136376,-1.1102230246251565e-14,1.0380617136375836,True
20261083,typical,27,3.3,5,1,0,ideal,0,0,0,True,0.0001007826716120554,9.999999999999999e-05,1.375440884444603,1.924559115555397,2.199356869473736,0.0008339133700922589,0.6870245491443596,0.6873717764412233,0.001774571408007803,1.0,-0.005641749853394325,0.9986469072731874,0.0003107023507501871,1.0,-0.002720917563029478,1.0,0.0006308371610994865,1.0,0.007559078257579279,1.0,1.007826716120554,-1.1102230246251565e-14,0.7826716120553856,True
20261084,typical,27,3.3,5,1,0,ideal,0,0,0,True,0.000100632597367948,9.999999999999999e-05,1.373954159061687,1.926045840938313,2.199480004698249,0.0008331629988717218,0.6861252335308862,0.6859370881642664,0.0007821260067862983,1.0,0.00347577614054335,1.00012003363667,-0.0005875248031116452,1.0,-0.01137113821846477,1.0,-0.0008038001102218039,1.0,-0.003352999988208071,1.0,1.00632597367948,-1.1102230246251565e-14,0.6325973679480068,True
20261085,typical,27,3.3,5,1,0,ideal,0,0,0,True,0.0001011284990003104,9.999999999999999e-05,1.376392576413034,1.923607423586966,2.199073773919574,0.000835642507033534,0.6867197834972796,0.6882897221621769,-0.0178380337828314,1.0,-0.007641748418748816,0.9982503305137628,3.428489781406846e-06,1.0,-0.008958630150133191,1.0,0.001548665345737605,1.0,0.007403487154651008,1.0,1.0112849900031042,-1.1102230246251565e-14,1.1284990003104012,True
20261086,typical,27,3.3,5,1,0,ideal,0,0,0,True,0.0001008883252465544,9.999999999999999e-05,1.375600623592349,1.924399376407652,2.199270284387995,0.0008344416382648736,0.6868052953658842,0.6875257779345766,-0.01051785718656612,1.0,0.003158551523237673,1.001380697242813,9.068228769273595e-05,1.0,0.01412338172495116,1.0,0.0007848027459603437,1.0,0.01091300663333724,1.0,1.008883252465544,-1.1102230246251565e-14,0.8883252465543778,True
20261087,typical,27,3.3,5,1,0,ideal,0,0,0,True,0.0001010655458870637,9.999999999999999e-05,1.37440166785837,1.92559833214163,2.199125239827507,0.0008353277414673002,0.6850279228906048,0.6863683258673041,-0.005121409692976957,1.0,-0.006561462695049542,1.00304459690797,-0.001687975531615124,1.0,-0.009351902701382697,1.0,-0.0003727095534566487,1.0,0.003558821262017348,1.0,1.0106554588706371,-1.1102230246251565e-14,1.0655458870636902,True
20261088,typical,27,3.3,5,1,0,ideal,0,0,0,True,0.0001004230941038954,9.999999999999999e-05,1.374268104326951,1.92573189567305,2.199652189881327,0.0008321154825515788,0.6871673769647343,0.6862404341891349,-0.0008291675251925227,1.0,0.004242765279575431,1.001573164532431,0.0004561381199427494,1.0,-0.003325906216385677,1.0,-0.0005003828813842924,1.0,0.01551012120099177,1.0,1.004230941038954,-1.1102230246251565e-14,0.4230941038953828,True
20261089,typical,27,3.3,5,1,0,ideal,0,0,0,True,0.000100896683606443,9.999999999999999e-05,1.375523152287197,1.924476847712804,2.199263438193797,0.0008344834300643169,0.6867013423683589,0.6874509947930211,0.004798322943916694,1.0,-0.001577162457631029,0.9973882841376938,-1.33313313012533e-05,1.0,0.008184256443182191,1.0,0.0007100167636161595,1.0,0.009202238145251895,1.0,1.00896683606443,-1.1102230246251565e-14,0.8966836064429939,True
20261090,typical,27,3.3,5,1,0,ideal,0,0,0,True,0.0001002390157915868,9.999999999999999e-05,1.373914020787539,1.926085979212461,2.199803757646424,0.000831195090989916,0.687478104976781,0.6858989722118911,-0.00524644776559524,1.0,-0.002651856601623561,0.9978606029740952,0.0007682012209858612,1.0,0.003619895147724379,1.0,-0.000841782295897598,1.0,-0.005774506415865477,1.0,1.002390157915868,-1.1102230246251565e-14,0.2390157915868052,True
20261091,typical,27,3.3,5,1,0,ideal,0,0,0,True,0.00010106174356887,9.999999999999999e-05,1.374999082477386,1.925000917522614,2.199128349291363,0.0008353087298764519,0.6856155870717967,0.6869449320175115,0.0006530206718977444,1.0,0.000198367479701102,0.9987437168920048,-0.00110028377304884,1.0,-0.002825003646918039,1.0,0.0002038978890954201,1.0,-0.009778105709931768,1.0,1.0106174356887,-1.1102230246251565e-14,1.0617435688699883,True
20261092,typical,27,3.3,5,1,0,ideal,0,0,0,True,0.0001009997395469887,9.999999999999999e-05,1.376125298212523,1.923874701787477,2.199179070512002,0.0008349987097670455,0.6869167044476461,0.6880319747522772,0.003643027648338471,1.0,-0.0006645114034350995,0.9976655648189998,0.0002012833046944174,1.0,0.00342638213211235,1.0,0.001290961697284231,1.0,0.003088521673839517,1.0,1.009997395469887,-1.1102230246251565e-14,0.9997395469886872,True
20261093,typical,27,3.3,5,1,0,ideal,0,0,0,True,0.0001007978149266932,9.999999999999999e-05,1.375546794480087,1.924453205519913,2.199344454019239,0.0008339890866654479,0.6870729098729478,0.687473969574242,-0.007053829059705592,1.0,-0.005657182360385218,0.9956270840055476,0.0003589532478741173,1.0,0.01267876916548897,1.0,0.0007330251473788387,1.0,0.0125529402855232,1.0,1.0079781492669322,-1.1102230246251565e-14,0.7978149266931966,True
20261094,typical,27,3.3,5,1,0,ideal,0,0,0,True,0.0001003425721611818,9.999999999999999e-05,1.373889694966119,1.926110305033881,2.199718458499417,0.0008317128728380109,0.687088342894521,0.6858753288396161,0.002731867649168058,1.0,-0.001447961514405673,1.003479192479694,0.0003776880615571216,1.0,0.00830417224396999,1.0,-0.0008654608639264884,1.0,-0.01118441611415865,1.0,1.003425721611818,-1.1102230246251565e-14,0.3425721611818089,True
20261095,typical,27,3.3,5,1,0,ideal,0,0,0,True,0.0001009364368692046,9.999999999999999e-05,1.374354956738666,1.925645043261334,2.199230884242717,0.000834682196378125,0.6854381929444247,0.6863234466764011,0.008030943188152362,1.0,-0.003005456809860611,0.9974688572923964,-0.001276769077414169,1.0,-0.006254318312165255,1.0,-0.0004175448640694246,1.0,0.00488818381608015,1.0,1.0093643686920462,-1.1102230246251565e-14,0.9364368692045932,True
20261096,typical,27,3.3,5,1,0,ideal,0,0,0,True,0.0001010186532018621,9.999999999999999e-05,1.375183545172845,1.924816454827156,2.199163595455297,0.0008350932780414123,0.6859447882688331,0.6871230338135805,0.004655010815668722,1.0,0.006433750031439795,1.000180759259142,-0.0007707700508149831,1.0,0.005723633901258575,1.0,0.0003820143303078545,1.0,0.002164560874624252,1.0,1.010186532018621,-1.1102230246251565e-14,1.0186532018620964,True
20261097,typical,27,3.3,5,1,0,ideal,0,0,0,True,0.0001013351345551995,9.999999999999999e-05,1.375572853394946,1.924427146605054,2.198905054779598,0.0008366756848080994,0.6852041790909772,0.6874982667348338,-0.0008632369719437225,1.0,0.004297810003481109,1.000185166574393,-0.001513674597362802,1.0,-0.01021109425227589,1.0,0.0007571396890235053,1.0,0.007310037326117728,1.0,1.0133513455519951,-1.1102230246251565e-14,1.3351345551994909,True
20261098,typical,27,3.3,5,1,0,ideal,0,0,0,True,0.0001010624549716467,9.999999999999999e-05,1.374280432198099,1.925719567801901,2.199127767511145,0.0008353122868904551,0.6849222771778893,0.6862513175999148,-0.004232990052023617,1.0,0.005843290334735345,1.00141821456094,-0.001793598826584482,1.0,0.008055551889971318,1.0,-0.0004897167703486892,1.0,-0.003213527442077178,1.0,1.0106245497164672,-1.1102230246251565e-14,1.062454971646698,True
20261099,typical,27,3.3,5,1,0,ideal,0,0,0,True,0.0001008972739368409,9.999999999999999e-05,1.375215435859116,1.924784564140884,2.199262954684187,0.0008344863817163064,0.68640346850559,0.6871540055657106,0.004373463150299234,1.0,0.0002171468408014365,0.9977190532819358,-0.0003112094756072105,1.0,-0.002834821259814204,1.0,0.0004130273356416197,1.0,0.0005036819151312632,1.0,1.0089727393684091,-1.1102230246251565e-14,0.8972739368408922,True
20261100,typical,27,3.3,5,1,0,ideal,0,0,0,True,0.0001002823804504906,9.999999999999999e-05,1.374066986579012,1.925933013420989,2.199768028206406,0.0008314119142844348,0.6874717175914299,0.6860465433581104,-0.00190250764083775,1.0,-0.003596882730753179,0.9985336072512416,0.0007614993188696669,1.0,-0.006261655006796744,1.0,-0.0006942258880307271,1.0,-0.004953000323648022,1.0,1.002823804504906,-1.1102230246251565e-14,0.28238045049058247,True
20261101,typical,27,3.3,5,1,0,ideal,0,0,0,True,0.000100635659889793,9.999999999999999e-05,1.374877398857318,1.925122601142682,2.199477490190014,0.0008331783114810667,0.6870019382246015,0.6868281654477398,-0.007247908453313317,1.0,-0.006124794010023512,0.999756349056904,0.0002891576786773601,1.0,0.004486297701589616,1.0,8.727613248957886e-05,1.0,-0.002461527342647529,1.0,1.0063565988979302,-1.1102230246251565e-14,0.6356598897929944,True
20261102,typical,27,3.3,5,1,0,ideal,0,0,0,True,0.0001006045118732181,9.999999999999999e-05,1.374096947409151,1.925903052590849,2.199503067871311,0.0008330225713981922,0.6863617020919822,0.6860749494961669,-0.004431685329095489,1.0,-0.003556406533883197,0.998461688578114,-0.0003508525431801887,1.0,-0.004564725537982547,1.0,-0.0006659292328760676,1.0,-0.01325905109014184,1.0,1.006045118732181,-1.1102230246251565e-14,0.6045118732181054,True
20261103,typical,27,3.3,5,1,0,ideal,0,0,0,True,0.0001002021189674664,9.999999999999999e-05,1.374046037333376,1.925953962666624,2.199834169478113,0.0008310106068693138,0.6877356080515482,0.6860264509798407,-0.0004822248610178705,1.0,-0.0002880201685203794,1.002323351474223,0.001025971902461938,1.0,-0.002365212772601214,1.0,-0.0007142909878079857,1.0,0.003654661626652834,1.0,1.002021189674664,-1.1102230246251565e-14,0.20211896746640257,True
20261104,typical,27,3.3,5,1,0,ideal,0,0,0,True,0.0001000103242849838,9.999999999999999e-05,1.373785482992764,1.926214517007236,2.19999242395386,0.0008300516334570209,0.6881642971941949,0.6857752721822192,0.009645796612850761,1.0,-0.001220875691544727,1.00188818656376,0.001456052102413716,1.0,0.009276477911352792,1.0,-0.0009654046001358528,1.0,0.001225445773341892,1.0,1.000103242849838,-1.1102230246251565e-14,0.010324284983798115,True
20261105,typical,27,3.3,5,1,0,ideal,0,0,0,True,0.0001001365113284826,9.999999999999999e-05,1.373081982395851,1.92691801760415,2.199888271897998,0.0008306825686745147,0.6870410197395108,0.6850960516199959,-0.007573960481239047,1.0,0.00268632929905134,1.000583754798501,0.0003318594322899018,1.0,0.006840926077108021,1.0,-0.001644668049641388,1.0,0.01107441962230713,1.0,1.001365113284826,-1.1102230246251565e-14,0.1365113284826025,True
20261106,typical,27,3.3,5,1,0,ideal,0,0,0,True,0.0001002940379749474,9.999999999999999e-05,1.374152388289662,1.925847611710338,2.199758425698262,0.000831470201906839,0.6875125755740726,0.6861289527954966,-0.005243865840074056,1.0,0.002984734370185314,1.003810959010655,0.0008022727514161821,1.0,-0.007503363367950915,1.0,-0.0006118204126787862,1.0,0.001642606836960535,1.0,1.002940379749474,-1.1102230246251565e-14,0.29403797494740314,True
20261107,typical,27,3.3,5,1,0,ideal,0,0,0,True,0.000100364201410489,9.999999999999999e-05,1.372668030403182,1.927331969596819,2.199700652974998,0.0008318210190845467,0.6858373563025095,0.6846961349104576,-0.009239395015707573,1.0,0.007630970557527973,0.999748667782844,-0.0008734554036842572,1.0,-0.001120041429861221,1.0,-0.002044662144321445,1.0,-0.01672437375474901,1.0,1.00364201410489,-1.1102230246251565e-14,0.3642014104889846,True
20261108,typical,27,3.3,5,1,0,ideal,0,0,0,True,0.0001011114165819328,9.999999999999999e-05,1.375360704038142,1.924639295961858,2.199087736293883,0.0008355570949417659,0.685788135909416,0.6872938695736553,0.003704862343890229,1.0,0.004410230393087894,1.000598688251852,-0.0009280952030159196,1.0,0.008856994470454104,1.0,0.0005528185628910141,1.0,-0.007927974176023164,1.0,1.0111141658193281,-1.1102230246251565e-14,1.1114165819327892,True
20261109,typical,27,3.3,5,1,0,ideal,0,0,0,True,0.0001005860453342357,9.999999999999999e-05,1.374068936414077,1.925931063585924,2.199518235470488,0.0008329302387032802,0.686400008684584,0.6860479431569001,0.006492579326468398,1.0,-0.002161052693016871,0.999996248950172,-0.0003124120161976364,1.0,0.002765669089205044,1.0,-0.0006929292959322232,1.0,-0.006961341284307345,1.0,1.0058604533423572,-1.1102230246251565e-14,0.5860453342356964,True
20261110,typical,27,3.3,5,1,0,ideal,0,0,0,True,0.0001005751591486294,9.999999999999999e-05,1.374083896700128,1.925916103299872,2.199527178127655,0.0008328758077752487,0.6864528496999136,0.6860623998128027,0.008115435098193404,1.0,-0.0006770657944046876,0.9976041297126331,-0.0002594920453719213,1.0,-0.00272559863177441,1.0,-0.0006784689401351559,1.0,0.006366937891263661,1.0,1.0057515914862942,-1.1102230246251565e-14,0.5751591486294005,True
20261111,typical,27,3.3,5,1,0,ideal,0,0,0,True,0.0001009837023060846,9.999999999999999e-05,1.376342314804038,1.923657685195962,2.199192194233119,0.0008349185235625247,0.6871818482897125,0.6882414444195972,0.01397126174873401,1.0,-0.001094446336993312,1.002874278982962,0.0004665434614771704,1.0,-0.004800595092533139,1.0,0.001500436815195981,1.0,0.005890366786624713,1.0,1.0098370230608462,-1.1102230246251565e-14,0.9837023060845995,True
20261112,typical,27,3.3,5,1,0,ideal,0,0,0,True,0.0001006335933810866,9.999999999999999e-05,1.373913721622722,1.926086278377278,2.199479186905769,0.0008331679789376546,0.6860828415365543,0.6858980569725597,-0.002225736568382795,1.0,0.002072975896428024,0.9981278127440579,-0.0006299240213397078,1.0,0.01219319268936325,1.0,-0.0008428316404421556,1.0,0.007406896428613284,1.0,1.0063359338108662,-1.1102230246251565e-14,0.6335933810865946,True
20261113,typical,27,3.3,5,1,0,ideal,0,0,0,True,0.000101133940505619,9.999999999999999e-05,1.376490190325069,1.923509809674931,2.199069326751166,0.0008356697145603166,0.686794435456282,0.6883839206829392,-0.001881733354376886,1.0,0.0008955409451817367,1.002230400744412,7.804098273834512e-05,1.0,-0.01073846680640208,1.0,0.001642862017077618,1.0,-0.01000973829260945,1.0,1.0113394050561901,-1.1102230246251565e-14,1.133940505618991,True
20261114,typical,27,3.3,5,1,0,ideal,0,0,0,True,0.0001012995452117273,9.999999999999999e-05,1.375469559643995,1.924530440356005,2.198934090650774,0.0008364977380907381,0.6852301721924322,0.6873986312145798,0.01160156566756635,1.0,0.002157069836970772,1.001977628038466,-0.001487423374655915,1.0,-0.001333097270832661,1.0,0.0006575162645009896,1.0,-0.002368945159149474,1.0,1.012995452117273,-1.1102230246251565e-14,1.299545211727282,True
20261115,typical,27,3.3,5,1,0,ideal,0,0,0,True,0.0001011100522043264,9.999999999999999e-05,1.376389177578979,1.923610822421021,2.199088851568279,0.0008355502730536138,0.6867815171748676,0.6882864712159659,-0.004189472251375748,1.0,-0.001452211037381758,1.000694853737887,6.529595793390171e-05,1.0,-0.01224081610295307,1.0,0.001545420669022183,1.0,-0.005270455491160684,1.0,1.011100522043264,-1.1102230246251565e-14,1.110052204326406,True
20261116,typical,27,3.3,5,1,0,ideal,0,0,0,True,0.0001008976831539811,9.999999999999999e-05,1.374994305939667,1.925005694060334,2.199262619516737,0.000834488427802127,0.6861894624944869,0.6869405824208067,0.002206961016567009,1.0,0.005697790013961994,0.9993853718382651,-0.0005252184546704323,1.0,-0.001617310629460022,1.0,0.0001996040516386911,1.0,0.0005993760402575114,1.0,1.008976831539811,-1.1102230246251565e-14,0.8976831539811103,True
20261117,typical,27,3.3,5,1,0,ideal,0,0,0,True,9.997585005234192e-05,9.999999999999999e-05,1.374358456032152,1.925641543967848,2.200020899710988,0.0008298792622938113,0.6888373080886551,0.686328349227907,0.01258603125785148,1.0,0.001247307537124173,0.9976340072857676,0.002129313033407398,1.0,-0.001598483913253069,1.0,-0.0004123158376265685,1.0,-0.002837348221406004,1.0,0.9997585005234192,-1.1102230246251565e-14,-0.024149947658091975,True
20261118,typical,27,3.3,5,1,0,ideal,0,0,0,True,0.0001009256469276955,9.999999999999999e-05,1.374715724530105,1.925284275469895,2.199239718936446,0.0008346282466705792,0.6858230411393049,0.6866716641347854,-0.009910938897586733,1.0,0.005747941659441574,1.003409959293348,-0.0008918426253369873,1.0,0.004138096666863193,1.0,-6.932373844484485e-05,1.0,0.001643168012663537,1.0,1.009256469276955,-1.1102230246251565e-14,0.9256469276955004,True
20261119,typical,27,3.3,5,1,0,ideal,0,0,0,True,0.0001006912069868839,9.999999999999999e-05,1.373939513575059,1.926060486424941,2.199431895267351,0.0008334560469666409,0.6859041806551117,0.685922859510182,-0.001440814214922481,1.0,0.005396427408549625,1.003039106687831,-0.00080900276332747,1.0,0.01347190551866058,1.0,-0.0008180486839728354,1.0,-0.006015533329671047,1.0,1.0069120698688392,-1.1102230246251565e-14,0.6912069868838966,True
20261120,typical,27,3.3,5,1,0,ideal,0,0,0,True,0.0001005797528820231,9.999999999999999e-05,1.374646576719877,1.925353423280123,2.199523404410118,0.000832898776442217,0.686977536600579,0.686605474626847,-0.004099629574395964,1.0,0.003631696215051082,0.9981326676005817,0.0002651615377753175,1.0,-0.003677026620998875,1.0,-0.0001353956872990448,1.0,-0.0009909890722725873,1.0,1.005797528820231,-1.1102230246251565e-14,0.579752882023099,True
20261121,typical,27,3.3,5,1,0,ideal,0,0,0,True,0.0001009109029089607,9.999999999999999e-05,1.374083276821077,1.925916723178923,2.199251792622249,0.000834554526577025,0.6852670856747083,0.6860612684721885,-0.02306949569971921,1.0,0.006869240240560194,1.001321686959466,-0.001447691154589963,1.0,0.002136068461664597,1.0,-0.0006797143900237408,1.0,0.0009497842590618087,1.0,1.0091090290896072,-1.1102230246251565e-14,0.9109029089606979,True
20261122,typical,27,3.3,5,1,0,ideal,0,0,0,True,0.0001002616061341967,9.999999999999999e-05,1.373965716518916,1.926034283481085,2.199785142975927,0.0008313080427030852,0.6874478647278692,0.6859488322737146,0.005454299295817802,1.0,0.007746509248123297,1.001605071934657,0.0007377971280075994,1.0,-0.002092526366648243,1.0,-0.0007919299118732916,1.0,-0.004871924467046413,1.0,1.002616061341967,-1.1102230246251565e-14,0.2616061341967013,True
20261123,typical,27,3.3,5,1,0,ideal,0,0,0,True,0.0001013187279091489,9.999999999999999e-05,1.376012580092887,1.923987419907114,2.198918439092989,0.0008365936515778463,0.6856845855802958,0.6879226826590927,-0.003320250314035729,1.0,-0.003931516988497438,0.9995901245803046,-0.001033149114470615,1.0,0.005477803471479387,1.0,0.001181561189455756,1.0,-0.001257524262261068,1.0,1.013187279091489,-1.1102230246251565e-14,1.3187279091488868,True
20261124,typical,27,3.3,5,1,0,ideal,0,0,0,True,0.0001004693728683605,9.999999999999999e-05,1.374935728128142,1.925064271871858,2.199614125579546,0.000832346876374024,0.687645576011618,0.6868847260648954,0.0007326430161057507,1.0,0.004099107583867386,0.9993671817823232,0.0009340015150676302,1.0,-0.003004937944672088,1.0,0.000143893265660136,1.0,0.004126315548289752,1.0,1.004693728683605,-1.1102230246251565e-14,0.46937286836048475,True
20261125,typical,27,3.3,5,1,0,ideal,0,0,0,True,0.0001009547275272595,9.999999999999999e-05,1.374417429956865,1.925582570043136,2.19921591006426,0.0008347736496682793,0.6854337451978627,0.6863837148936434,0.008490423301348606,1.0,-0.00434317579516169,0.9965239866286983,-0.001281349482316727,1.0,0.0075257832232352,1.0,-0.0003572828632726832,1.0,-0.003111784870854518,1.0,1.0095472752725951,-1.1102230246251565e-14,0.9547275272594913,True
20261126,typical,27,3.3,5,1,0,ideal,0,0,0,True,9.99340934907024e-05,9.999999999999999e-05,1.372819725647684,1.927180274352316,2.20005540303648,0.0008296704794854939,0.6875059104764335,0.6848432379553351,0.001401663699594954,1.0,0.001453780574041678,0.9971853918904727,0.0007982182755526815,1.0,0.007182007180695489,1.0,-0.001897412918514837,1.0,-0.005417411471077887,1.0,0.999340934907024,-1.1102230246251565e-14,-0.06590650929760855,True
20261127,typical,27,3.3,5,1,0,ideal,0,0,0,True,0.0001013716803031918,9.999999999999999e-05,1.376059613987533,1.923940386012468,2.198875248577672,0.0008368584135479409,0.685543417890449,0.6879679916473664,-0.006474297442766515,1.0,-0.003544557482677358,0.998270175653827,-0.00117470085565113,1.0,-0.009850189666867615,1.0,0.00122685218079974,1.0,-0.00166996403334423,1.0,1.0137168030319181,-1.1102230246251565e-14,1.3716803031917912,True
20261128,typical,27,3.3,5,1,0,ideal,0,0,0,True,0.0001005403343494605,9.999999999999999e-05,1.373881778741308,1.926118221258692,2.199555791705059,0.0008327016837792846,0.6863815901061108,0.6858673742194774,-0.01121500748800329,1.0,0.001570603166430103,1.000344930369877,-0.0003304990612775375,1.0,0.008668842837113007,1.0,-0.0008734826975408804,1.0,-0.004614078425011992,1.0,1.005403343494605,-1.1102230246251565e-14,0.5403343494604806,True
20261129,typical,27,3.3,5,1,0,ideal,0,0,0,True,0.0001002508019262328,9.999999999999999e-05,1.373570958976407,1.926429041023594,2.199794045260862,0.0008312540216631461,0.6871065830938279,0.6855678331248083,0.01074777437278929,1.0,-0.002733996678548789,0.9993557899007944,0.0003965938551312112,1.0,-0.005711944254133314,1.0,-0.001172925388791891,1.0,0.00312133711043795,1.0,1.0025080192623281,-1.1102230246251565e-14,0.25080192623279096,True
20261130,typical,27,3.3,5,1,0,ideal,0,0,0,True,0.0001005917083555764,9.999999999999999e-05,1.374586488681179,1.925413511318821,2.19951358383696,0.0008329585538099839,0.686877536651257,0.6865474609584508,0.001361138196222209,1.0,0.001444916579008643,1.001262967226704,0.0001650748776160604,1.0,0.0006584676946366461,1.0,-0.0001934134190171808,1.0,0.01250689165491269,1.0,1.005917083555764,-1.1102230246251565e-14,0.5917083555764036,True
20261131,typical,27,3.3,5,1,0,ideal,0,0,0,True,0.0001006778732050363,9.999999999999999e-05,1.374487500584981,1.925512499415019,2.199442837928367,0.0008333893780571636,0.686478049279438,0.6864517843568447,-0.006311616661348256,1.0,-0.004333228457335871,0.9974403677094612,-0.0002350374316496921,1.0,0.004923640164064116,1.0,-0.0002891193054945095,1.0,-0.002699684859835164,1.0,1.0067787320503632,-1.1102230246251565e-14,0.6778732050362946,True
20261132,typical,27,3.3,5,1,0,ideal,0,0,0,True,0.0001002070044102722,9.999999999999999e-05,1.372524244532358,1.927475755467643,2.19983014209723,0.0008310350340833431,0.6862552588138271,0.6845575979888249,9.675133897458528e-05,1.0,0.002800671536050992,0.9984976995440288,-0.0004544127685435207,1.0,0.0093095159773582,1.0,-0.002183145639385096,1.0,0.0006333103868695287,1.0,1.002070044102722,-1.1102230246251565e-14,0.20700441027219352,True
20261133,typical,27,3.3,5,1,0,ideal,0,0,0,True,0.0001006318237586824,9.999999999999999e-05,1.373650539705473,1.926349460294527,2.199480639887425,0.0008331591308253941,0.6858360863687164,0.6856440391685007,-0.005569475081550444,1.0,-0.003264879524100288,1.002105186299687,-0.0008766663544313259,1.0,0.009384682454269105,1.0,-0.001096848843079729,1.0,-0.002997803005654773,1.0,1.006318237586824,-1.1102230246251565e-14,0.6318237586823816,True
20261134,typical,27,3.3,5,1,0,ideal,0,0,0,True,0.0001006631393602077,9.999999999999999e-05,1.374161167879333,1.925838832120667,2.199454931164762,0.0008333157088332599,0.6862163716920702,0.6861368406320308,-0.01332420905828291,1.0,0.001813599705570805,1.001015485520546,-0.0004966081572362393,1.0,0.002734962124528349,1.0,-0.0006040580227327917,1.0,0.004589705980446345,1.0,1.006631393602077,-1.1102230246251565e-14,0.6631393602076985,True
20261135,typical,27,3.3,5,1,0,ideal,0,0,0,True,0.0001011873542072052,9.999999999999999e-05,1.374799340006292,1.925200659993709,2.199025685360537,0.0008359367830681277,0.6849810126132854,0.6867519506957896,-0.01150347075124146,1.0,0.002879319761095864,0.9959299043600458,-0.001735769257927882,1.0,0.005584188939358017,1.0,1.087387605733869e-05,1.0,0.009916010855408436,1.0,1.0118735420720522,-1.1102230246251565e-14,1.1873542072051935,True
20261136,typical,27,3.3,5,1,0,ideal,0,0,0,True,0.0001007992354790978,9.999999999999999e-05,1.375756802046229,1.924243197953772,2.19934328944968,0.0008339961894275906,0.6872697671716936,0.6876766512193465,-0.00145442596209798,1.0,0.003654646398536775,1.000504219791627,0.0005558002436272983,1.0,-0.01172987937314526,1.0,0.0009357063096939696,1.0,0.004224748552677195,1.0,1.0079923547909782,-1.1102230246251565e-14,0.7992354790977929,True
20261137,typical,27,3.3,5,1,0,ideal,0,0,0,True,0.0001013513157757941,9.999999999999999e-05,1.375843591068769,1.924156408931232,2.198891856357371,0.0008367565909109522,0.6854074536630609,0.6877595366831909,0.00382737861993548,1.0,-0.006266710813761868,0.9966469671897058,-0.001310517383896807,1.0,0.002237320740323058,1.0,0.001018404137883722,1.0,0.000709972205612616,1.0,1.013513157757941,-1.1102230246251565e-14,1.3513157757941041,True
20261138,typical,27,3.3,5,1,0,ideal,0,0,0,True,9.996250371923657e-05,9.999999999999999e-05,1.374034904328368,1.925965095671633,2.200031926274907,0.0008298125306281648,0.688573538835941,0.6860160860611636,-0.007947152075553701,1.0,-0.002875117805549453,1.000762503197756,0.0018656405797188,1.0,-0.004575894104094204,1.0,-0.0007245744683520355,1.0,0.0005984603214958929,1.0,0.9996250371923658,-1.1102230246251565e-14,-0.03749628076342715,True
20261139,typical,27,3.3,5,1,0,ideal,0,0,0,True,0.0001010513103167766,9.999999999999999e-05,1.376211078725197,1.923788921274804,2.199136881971613,0.0008352565636158651,0.6868173555736535,0.6881146804356285,0.003125323125746817,1.0,0.001088606322453052,1.002141815306232,0.0001015603989025306,1.0,-0.00283045105870355,1.0,0.001373649853274321,1.0,-0.005913537352870634,1.0,1.010513103167766,-1.1102230246251565e-14,1.051310316776588,True
20261140,typical,27,3.3,5,1,0,ideal,0,0,0,True,0.000100159926696687,9.999999999999999e-05,1.37459748780334,1.92540251219666,2.199868958922534,0.0008307996455155367,0.6884151163212515,0.6865587624388356,0.00436163007432466,1.0,-0.001380384798117233,1.003505650723439,0.001705786185987074,1.0,-0.005215205043845547,1.0,-0.0001819651888631942,1.0,0.0109656727859653,1.0,1.00159926696687,-1.1102230246251565e-14,0.159926696686985,True
20261141,typical,27,3.3,5,1,0,ideal,0,0,0,True,0.0001015530756885887,9.999999999999999e-05,1.376493353176518,1.923506646823482,2.198727454148364,0.0008377653904750451,0.6853222151185061,0.6883863077366605,-0.007167215103926384,1.0,-0.003631261493868549,1.004110021151869,-0.001397219244547971,1.0,-0.002985555117347804,1.0,0.001645106619255586,1.0,0.008652657272187463,1.0,1.0155307568858871,-1.1102230246251565e-14,1.5530756885886898,True
20261142,typical,27,3.3,5,1,0,ideal,0,0,0,True,0.0001010040084190357,9.999999999999999e-05,1.37610324233174,1.92389675766826,2.199175577504721,0.0008350200541271603,0.6868804533019089,0.6880106815980052,0.01170233481270292,1.0,-0.002795598597702023,1.002231120661529,0.0001650011977316563,1.0,0.006238026047253583,1.0,0.001269667092138182,1.0,0.006296713301180736,1.0,1.0100400841903572,-1.1102230246251565e-14,1.0040084190356957,True
20261143,typical,27,3.3,5,1,0,ideal,0,0,0,True,0.000100065256769767,9.999999999999999e-05,1.374781173882453,1.925218826117547,2.1999470687048,0.000830326295880817,0.6889269519066974,0.6867361990820631,0.005610918526823944,1.0,-0.003068771801122024,0.999607571899356,0.002218308397787815,1.0,-0.004110077082262977,1.0,-4.496370118326945e-06,1.0,0.002902137679543245,1.0,1.00065256769767,-1.1102230246251565e-14,0.06525676976698591,True
20261144,typical,27,3.3,5,1,0,ideal,0,0,0,True,0.0001011467225283304,9.999999999999999e-05,1.375774135473729,1.924225864526272,2.199058881295813,0.0008357336246737537,0.6860611340295939,0.6876928284232,0.00180031733170661,1.0,0.00249708735708559,0.9982473985543072,-0.0006553531491177329,1.0,0.01353340523411524,1.0,0.00095176541303594,1.0,-0.003996121264444394,1.0,1.0114672252833041,-1.1102230246251565e-14,1.1467225283303906,True
20261145,typical,27,3.3,5,1,0,ideal,0,0,0,True,0.0001006272082309891,9.999999999999999e-05,1.37458205718043,1.92541794281957,2.199484429666872,0.000833136053187047,0.6867478769848732,0.6865431274737501,0.003173602261024385,1.0,-0.00568979708879567,1.001593426158211,3.515773725260439e-05,1.0,0.004163989399781957,1.0,-0.0001977589690733244,1.0,0.0005188092707605584,1.0,1.0062720823098912,-1.1102230246251565e-14,0.6272082309890958,True
20261146,typical,27,3.3,5,1,0,ideal,0,0,0,True,0.0001010813047672555,9.999999999999999e-05,1.374733788285385,1.925266211714615,2.199112353684423,0.0008354065358683795,0.6852916356424227,0.6866888513740169,-0.002731866331081299,1.0,3.89292329292248e-05,0.9973978443282552,-0.001424377075557574,1.0,-0.005738742449884928,1.0,-5.218940269202257e-05,1.0,0.009637441849183775,1.0,1.0108130476725552,-1.1102230246251565e-14,1.0813047672554976,True
20261147,typical,27,3.3,5,1,0,ideal,0,0,0,True,0.0001004236001201021,9.999999999999999e-05,1.374757799102011,1.925242200897989,2.199651773593725,0.0008321180126326124,0.6876363492857501,0.6867130698203018,0.004424983657527275,1.0,-0.000232778050399004,0.9994458440275695,0.0009251067708963692,1.0,-0.0002906151596625455,1.0,-2.7747422156522e-05,1.0,0.001931594915707497,1.0,1.0042360012010212,-1.1102230246251565e-14,0.4236001201020967,True
20261148,typical,27,3.3,5,1,0,ideal,0,0,0,True,0.0001016286239258725,9.999999999999999e-05,1.37567480152981,1.92432519847019,2.198665973241369,0.0008381431316613443,0.6842698927050188,0.6875961937488191,-0.004882708522667359,1.0,0.0002574007471597208,1.001341002374202,-0.002450089590512341,1.0,0.008230781456968931,1.0,0.000854966954740032,1.0,0.006376941883653666,1.0,1.016286239258725,-1.1102230246251565e-14,1.6286239258724855,True
20261149,typical,27,3.3,5,1,0,ideal,0,0,0,True,0.0001003261413900204,9.999999999999999e-05,1.374664073371455,1.925335926628545,2.199731986967845,0.000831630718982084,0.6878909151537734,0.6866227643547409,0.008433900544306016,1.0,-0.005436438347489803,0.9985579356902532,0.001180379490398469,1.0,0.004905931562205736,1.0,-0.0001180197643999182,1.0,0.01080741029929417,1.0,1.003261413900204,-1.1102230246251565e-14,0.32614139002038467,True
20261150,typical,27,3.3,5,1,0,ideal,0,0,0,True,0.0001002939057820597,9.999999999999999e-05,1.374123619295803,1.925876380704198,2.199758534581999,0.00083146954094252,0.6874853857475738,0.6861011857961136,0.004095270360917274,1.0,0.005049150266172669,0.9993916034994728,0.0007750838836923451,1.0,-0.006981449609665171,1.0,-0.0006395873671458785,1.0,0.01088702306327136,1.0,1.0029390578205972,-1.1102230246251565e-14,0.2939057820597002,True
20261151,typical,27,3.3,5,1,0,ideal,0,0,0,True,0.0001005286203048107,9.999999999999999e-05,1.37345817244006,1.926541827559941,2.199565418568437,0.0008326431135562752,0.6860157495146902,0.6854585305332115,-0.001792169407239594,1.0,0.00416060149069517,1.000902442911875,-0.0006962546928462847,1.0,0.005251138385808234,1.0,-0.001282322402606061,1.0,-0.0005518758797285559,1.0,1.0052862030481071,-1.1102230246251565e-14,0.5286203048106897,True
20261152,typical,27,3.3,5,1,0,ideal,0,0,0,True,0.0001001278588658962,9.999999999999999e-05,1.374021559332295,1.925978440667705,2.199895409515094,0.0008306393063615827,0.6879749696553901,0.6860029431652859,0.003417543335259781,1.0,-0.001148742318526425,0.9976505060726908,0.001265872103104205,1.0,-0.003585559886952389,1.0,-0.0007377735635629743,1.0,-0.01882900564780707,1.0,1.0012785886589621,-1.1102230246251565e-14,0.127858865896191,True
20261153,typical,27,3.3,5,1,0,ideal,0,0,0,True,0.0001007957640684544,9.999999999999999e-05,1.375733999457511,1.924266000542489,2.199346135340868,0.0008339788323742539,0.6872600991605384,0.687654649421623,-0.008299810334167034,1.0,0.001378876468111368,0.9989861846001532,0.000546157409922962,1.0,0.007898901266749102,1.0,0.0009137056918053576,1.0,0.002548411212068492,1.0,1.007957640684544,-1.1102230246251565e-14,0.7957640684543854,True
20261154,typical,27,3.3,5,1,0,ideal,0,0,0,True,0.0001008616626047,9.999999999999999e-05,1.374355499101799,1.925644500898201,2.199292126875704,0.0008343083250556018,0.6857024633705323,0.68632408887944,-0.006904863467862605,1.0,0.0002354453086195363,0.9962704060036766,-0.001011956328905198,1.0,-0.008888451878517634,1.0,-0.0004168772474620386,1.0,-0.01493716584512858,1.0,1.008616626047,-1.1102230246251565e-14,0.8616626046999976,True
20261155,typical,27,3.3,5,1,0,ideal,0,0,0,True,0.0001009033877304723,9.999999999999999e-05,1.374809662468265,1.925190337531735,2.199257947341856,0.0008345169506844631,0.6859918498076802,0.686762364322949,-0.007065832556204137,1.0,-0.00107596402694447,0.9996874242794288,-0.000722872515596703,1.0,7.505705058867566e-05,1.0,2.138401496017376e-05,1.0,-0.004011581933004271,1.0,1.0090338773047232,-1.1102230246251565e-14,0.9033877304722937,True
20261156,typical,27,3.3,5,1,0,ideal,0,0,0,True,0.0001005602750900038,9.999999999999999e-05,1.374750888268064,1.925249111731936,2.199539406382188,0.0008328013874822405,0.6871466294827131,0.6867061827842561,0.0007201263243565506,1.0,0.004556265108749724,1.003216953885284,0.0004343956887497264,1.0,0.0003340822907655859,1.0,-3.468090996255191e-05,1.0,0.0114847114259277,1.0,1.005602750900038,-1.1102230246251565e-14,0.5602750900037812,True
20261157,typical,27,3.3,5,1,0,ideal,0,0,0,True,0.0001010610294403803,9.999999999999999e-05,1.3752264212784,1.924773578721601,2.199128933304364,0.0008353051592340034,0.6858366301524652,0.6871643480555,0.01226486726935809,1.0,-0.001891480200380716,0.9988851031469974,-0.0008792355129670959,1.0,-0.009594740684671357,1.0,0.000423314169801746,1.0,0.004491328092077604,1.0,1.0106102944038031,-1.1102230246251565e-14,1.06102944038029,True
20261158,typical,27,3.3,5,1,0,ideal,0,0,0,True,0.0001007594290656967,9.999999999999999e-05,1.375229513615538,1.924770486384463,2.199375928602709,0.0008337971573604654,0.6869034039229368,0.6871678114386545,0.007821736520450373,1.0,0.002483972214629853,1.002970539880982,0.0001897257029466455,1.0,-0.01402153337164576,1.0,0.0004268800579540604,1.0,-0.007418208286244152,1.0,1.007594290656967,-1.1102230246251565e-14,0.7594290656966818,True
20261159,typical,27,3.3,5,1,0,ideal,0,0,0,True,0.0001010633511040772,9.999999999999999e-05,1.375891034038671,1.924108965961329,2.199127034665894,0.0008353167675523678,0.6864672862671957,0.6878057820034109,-0.01184052664241637,1.0,-0.00897464174459353,1.002758685900871,-0.0002485962367857885,1.0,0.007329552901817169,1.0,0.001064747328743789,1.0,0.003983403074301705,1.0,1.010633511040772,-1.1102230246251565e-14,1.0633511040772037,True
20261160,typical,27,3.3,5,1,0,ideal,0,0,0,True,0.0001014439803831592,9.999999999999999e-05,1.374788989442206,1.925211010557794,2.198816311345856,0.0008372199139478977,0.6840677301938242,0.6867415533331985,0.006221682490801683,1.0,0.001227985603543954,1.00007553098903,-0.002650912927515223,1.0,-0.004493164819449992,1.0,3.892938527210024e-07,1.0,0.00409440019274378,1.0,1.014439803831592,-1.1102230246251565e-14,1.4439803831592046,True
20261161,typical,27,3.3,5,1,0,ideal,0,0,0,True,0.0001010000129460344,9.999999999999999e-05,1.37570453067807,1.924295469321931,2.199178846798906,0.0008350000767621537,0.6865112915817797,0.6876258841167562,-0.01374336703250501,1.0,-0.002405335848688811,0.9976504647459475,-0.0002041315440667507,1.0,-0.0005818038985013367,1.0,0.0008848709688291392,1.0,0.005389392940558291,1.0,1.010000129460344,-1.1102230246251565e-14,1.000012946034401,True
20261162,typical,27,3.3,5,1,0,ideal,0,0,0,True,0.0001005753401075572,9.999999999999999e-05,1.375289159507642,1.924710840492358,2.199527029468164,0.0008328767125697681,0.6876108430509481,0.6872256703425413,0.01494549218010566,1.0,-0.002969930192292137,1.002972040445884,0.0008984999931629822,1.0,0.001196700109156753,1.0,0.0004848015282055791,1.0,0.006821173999467426,1.0,1.005753401075572,-1.1102230246251565e-14,0.5753401075571984,True
20261163,typical,27,3.3,5,1,0,ideal,0,0,0,True,0.0001002263641042268,9.999999999999999e-05,1.373362289581686,1.926637710418314,2.199814184486041,0.000831131832553116,0.6869924500049739,0.6853664640389212,-0.003150292772320198,1.0,-0.004024961575440543,0.997611492649792,0.0002826380098349845,1.0,0.006862359308333978,1.0,-0.001374286168991597,1.0,0.0006301181088386418,1.0,1.002263641042268,-1.1102230246251565e-14,0.22636410422680608,True
20261164,typical,27,3.3,5,1,0,ideal,0,0,0,True,0.000100516858756169,9.999999999999999e-05,1.374916739429664,1.925083260570337,2.199575085531608,0.0008325843058129469,0.6874594832619724,0.6868663237152721,-0.01262263905710866,1.0,0.003052113696770588,1.001958216186764,0.0007475643587764955,1.0,0.00461962269302608,1.0,0.000125474777011171,1.0,0.002537080173510086,1.0,1.00516858756169,-1.1102230246251565e-14,0.516858756169003,True
20261165,typical,27,3.3,5,1,0,ideal,0,0,0,True,0.0001011320416985519,9.999999999999999e-05,1.375973044445365,1.924026955554636,2.199070878559958,0.0008356602205247413,0.6863040500084785,0.6878848225965007,-0.007035335629441817,1.0,-0.008298238674912256,1.000157263535262,-0.00041233069341844,1.0,0.002021875381393003,1.0,0.001143764575944642,1.0,0.002411239677331915,1.0,1.011320416985519,-1.1102230246251565e-14,1.1320416985519,True
20261166,typical,27,3.3,5,1,0,ideal,0,0,0,True,0.0001001895299330648,9.999999999999999e-05,1.373061734241319,1.926938265758681,2.199844548268421,0.0008309476616975456,0.6868338625271316,0.6850764236225734,-0.000595672768934632,1.0,0.008885341725503251,1.002735274032919,0.00012431768433026,1.0,-0.0127358373663782,1.0,-0.001664314066529527,1.0,-0.003334840272774884,1.0,1.001895299330648,-1.1102230246251565e-14,0.1895299330647804,True
20261167,typical,27,3.3,5,1,0,ideal,0,0,0,True,0.0001011975508226683,9.999999999999999e-05,1.376287223993883,1.923712776006117,2.199017356726797,0.000835987766145443,0.6863752575473382,0.6881879365640804,-0.01497480886447858,1.0,-2.026269781644064e-05,1.003375765416478,-0.0003415982776892668,1.0,0.0006083819513796392,1.0,0.001446856278969018,1.0,-0.009615060430042633,1.0,1.011975508226683,-1.1102230246251565e-14,1.1975508226682807,True
20261168,typical,27,3.3,5,1,0,ideal,0,0,0,True,0.0001008382217069438,9.999999999999999e-05,1.375858326437053,1.924141673562948,2.199311334535116,0.0008341911205667009,0.6872297794339057,0.6877745726852253,-0.002683131917634688,1.0,0.000474481931436896,0.9980962063817962,0.0005155297465193415,1.0,-0.004380140968778245,1.0,0.00103361452532266,1.0,-0.002024363426653921,1.0,1.008382217069438,-1.1102230246251565e-14,0.8382217069438092,True
20261169,typical,27,3.3,5,1,0,ideal,0,0,0,True,0.000100430996252875,9.999999999999999e-05,1.374220899157288,1.925779100842712,2.199645689194477,0.0008321549932964769,0.6870940578944033,0.6861948604159668,0.0005733219041888315,1.0,-9.364485505592628e-05,1.001569210827139,0.0003827617367075651,1.0,-0.001574820588983615,1.0,-0.0005459593402657039,1.0,-0.0001431655604942218,1.0,1.00430996252875,-1.1102230246251565e-14,0.4309962528749933,True
20261170,typical,27,3.3,5,1,0,ideal,0,0,0,True,0.0001002424531988345,9.999999999999999e-05,1.373220044834668,1.926779955165332,2.199800924933947,0.0008312122780261546,0.6867987591022494,0.6852291428679644,0.02092658193812475,1.0,0.003782216967164799,0.997933500200806,8.88304155225733e-05,1.0,0.001641079200277605,1.0,-0.001511612808192486,1.0,0.01813170876452518,1.0,1.0024245319883451,-1.1102230246251565e-14,0.24245319883449135,True
20261171,typical,27,3.3,5,1,0,ideal,0,0,0,True,0.0001001772313364525,9.999999999999999e-05,1.373872470039764,1.926127529960237,2.199854688795847,0.0008308861687142447,0.6876568390158907,0.6858589660957561,-0.0101033901121408,1.0,-0.006371433775833327,0.995506521122997,0.0009473833728303834,1.0,-0.01352769255367586,1.0,-0.0008817674133260044,1.0,0.006543499541701091,1.0,1.001772313364525,-1.1102230246251565e-14,0.177231336452488,True
20261172,typical,27,3.3,5,1,0,ideal,0,0,0,True,0.000100624184140571,9.999999999999999e-05,1.374296012960718,1.925703987039282,2.199486912816026,0.0008331209327349567,0.6864835804594713,0.6862670515764067,0.006090073555108664,1.0,0.002415427186164012,0.9987103642547523,-0.0002291168549804611,1.0,0.003101897089084121,1.0,-0.0004738338386483943,1.0,-0.006977980444198677,1.0,1.0062418414057102,-1.1102230246251565e-14,0.6241841405709936,True
20261173,typical,27,3.3,5,1,0,ideal,0,0,0,True,0.0001001437796310824,9.999999999999999e-05,1.373572564316968,1.926427435683032,2.199882276554272,0.0008307189101873938,0.6874869372403922,0.6855695525273676,0.0002936939818436183,1.0,0.003719126244532046,0.9996343008504428,0.0007777242172930146,1.0,-0.006846334416140873,1.0,-0.001171169612514257,1.0,0.00356977093970449,1.0,1.001437796310824,-1.1102230246251565e-14,0.14377963108238578,True
20261174,typical,27,3.3,5,1,0,ideal,0,0,0,True,0.0001007472382036169,9.999999999999999e-05,1.374243534503667,1.925756465496334,2.199385926886601,0.0008337362030501862,0.6859986273950475,0.6862162053798507,0.0008322064639053385,1.0,0.002629860653257014,0.9991181362359591,-0.0007149624069744369,1.0,-0.000983735081695437,1.0,-0.0005247218576226717,1.0,0.0005931543060117189,1.0,1.007472382036169,-1.1102230246251565e-14,0.7472382036168845,True
20261175,typical,27,3.3,5,1,0,ideal,0,0,0,True,0.0001007965558078751,9.999999999999999e-05,1.375416144791216,1.924583855208784,2.199345486258138,0.0008339827910714771,0.6869517657371337,0.6873478773243105,-0.01542072579177113,1.0,-5.251414913284399e-05,1.000481108739415,0.0002378182442002783,1.0,0.006301155391371179,1.0,0.0006069333253873765,1.0,0.009248239352921477,1.0,1.007965558078751,-1.1102230246251565e-14,0.7965558078750989,True
20261176,typical,27,3.3,5,1,0,ideal,0,0,0,True,0.0001004004554010009,9.999999999999999e-05,1.373580292417642,1.926419707582358,2.199670816224619,0.0008320022890369863,0.6865861901938558,0.6855766041291353,-0.001189346564478517,1.0,0.002311665811838845,1.00035983552108,-0.0001248844563333295,1.0,-0.0006285017592368376,1.0,-0.001164205247224273,1.0,0.002255220138228518,1.0,1.004004554010009,-1.1102230246251565e-14,0.4004554010008876,True
20261177,typical,27,3.3,5,1,0,ideal,0,0,0,True,0.0001006613580469064,9.999999999999999e-05,1.373379069779204,1.926620930220797,2.199456393342748,0.0008333068022666337,0.685470808660435,0.6853819696691337,0.02483154554915083,1.0,0.002762240355459928,0.999119963524256,-0.001242158269317816,1.0,-0.0007204105110755225,1.0,-0.001358928380332278,1.0,-0.0005553371299768192,1.0,1.0066135804690641,-1.1102230246251565e-14,0.6613580469063907,True
20261178,typical,27,3.3,5,1,0,ideal,0,0,0,True,0.0001001819413743589,9.999999999999999e-05,1.372669299870154,1.927330700129847,2.199850805103087,0.0008309097189036566,0.6864834289512044,0.6846976496213719,0.005124743928475538,1.0,-0.01052101395087212,1.001488694114018,-0.0002260608529741072,1.0,0.00570122325354934,1.0,-0.002043085488649169,1.0,0.005179299968448497,1.0,1.0018194137435892,-1.1102230246251565e-14,0.181941374358896,True
20261179,typical,27,3.3,5,1,0,ideal,0,0,0,True,0.0001010884233586608,9.999999999999999e-05,1.377337361110952,1.922662638889049,2.199106533382469,0.0008354421288254057,0.6877691086267865,0.6892015837573066,-0.003367931741234153,1.0,0.002575770930632298,1.000155452339554,0.001053044279126329,1.0,-0.008186330374580695,1.0,0.002460540561449569,1.0,0.003243827838541269,1.0,1.010884233586608,-1.1102230246251565e-14,1.088423358660795,True
20261180,typical,27,3.3,5,1,0,ideal,0,0,0,True,0.0001008565601274859,9.999999999999999e-05,1.37474047663028,1.92525952336972,2.199296307529479,0.0008342828126695314,0.6860905355855309,0.6866956635044632,0.001338867339305435,1.0,-0.007913298705403018,0.9976295131020868,-0.0006238471066840449,1.0,-0.005853517200929264,1.0,-4.530088823560074e-05,1.0,-0.003555914855747425,1.0,1.008565601274859,-1.1102230246251565e-14,0.8565601274858947,True
20261181,typical,27,3.3,5,1,0,ideal,0,0,0,True,0.0001005047402082439,9.999999999999999e-05,1.373745504910157,1.926254495089843,2.199585047028232,0.0008325237130733211,0.6863763676287059,0.6857359007054035,-0.005468721072466419,1.0,0.007561077099933593,1.000200011124651,-0.0003354633808072105,1.0,-0.00217210133939882,1.0,-0.001004944114245475,1.0,0.001572962016240902,1.0,1.0050474020824391,-1.1102230246251565e-14,0.5047402082438923,True
20261182,typical,27,3.3,5,1,0,ideal,0,0,0,True,0.0001001900733581564,9.999999999999999e-05,1.375082182708953,1.924917817291047,2.199844100226622,0.0008309503788227637,0.6887743593098222,0.6870265199263584,-0.007173493498636383,1.0,0.002532593114417355,0.9952806711150732,0.002064810525580596,1.0,-0.000977592017559606,1.0,0.0002857820527647894,1.0,-0.002788955994037757,1.0,1.001900733581564,-1.1102230246251565e-14,0.19007335815639514,True
20261183,typical,27,3.3,5,1,0,ideal,0,0,0,True,0.000100873810971457,9.999999999999999e-05,1.37466005525481,1.925339944745191,2.199282174055619,0.0008343690668892669,0.6859523690967527,0.6866180167023881,-0.003754767835201889,1.0,-0.000928877273028388,0.99925517254985,-0.0007621387123316447,1.0,0.0008238869043662218,1.0,-0.0001229535533590205,1.0,-0.009204004836363449,1.0,1.00873810971457,-1.1102230246251565e-14,0.8738109714570008,True
20261184,typical,27,3.3,5,1,0,ideal,0,0,0,True,0.0001008026405621933,9.999999999999999e-05,1.374978870394657,1.925021129605343,2.19934049802365,0.0008340132148430681,0.6865099550197006,0.6869258357147973,-0.001404324476472454,1.0,-0.001497680363581506,0.9973399371140548,-0.0002040366047320505,1.0,0.000856629489804158,1.0,0.000184889647784299,1.0,-0.007718587057276492,1.0,1.008026405621933,-1.1102230246251565e-14,0.8026405621933019,True
20261185,typical,27,3.3,5,1,0,ideal,0,0,0,True,0.0001003298384113939,9.999999999999999e-05,1.373841996640702,1.926158003359298,2.199728942800536,0.0008316492040890712,0.6870875284471717,0.6858293112361062,0.003735001261025213,1.0,-0.001030843790704203,0.9968459471150027,0.0003769659699468218,1.0,-0.00545412645968158,1.0,-0.0009114741396145552,1.0,-0.0101867169412006,1.0,1.0032983841139391,-1.1102230246251565e-14,0.32983841139389014,True
20261186,typical,27,3.3,5,1,0,ideal,0,0,0,True,0.0001006993171196803,9.999999999999999e-05,1.375773720885511,1.924226279114489,2.19942524017417,0.0008334965976303835,0.6876387504875724,0.6876931386138158,-0.0061408731386074,1.0,-0.004091824230466609,0.9982838294170292,0.0009255082478377605,1.0,0.0007975877684564554,1.0,0.000952227663448354,1.0,0.003625797622688489,1.0,1.006993171196803,-1.1102230246251565e-14,0.6993171196802983,True
20261187,typical,27,3.3,5,1,0,ideal,0,0,0,True,0.0001013535385285137,9.999999999999999e-05,1.377025403316918,1.922974596683083,2.198890043494848,0.0008367677046746704,0.6865355354897751,0.6889001002902393,0.0002426209210755095,1.0,0.003916201606338902,1.002923465362577,-0.0001824516783260098,1.0,-0.004248592018783465,1.0,0.002158966989603388,1.0,-0.008700333854062643,1.0,1.013535385285137,-1.1102230246251565e-14,1.353538528513698,True
20261188,typical,27,3.3,5,1,0,ideal,0,0,0,True,0.0001013134852233256,9.999999999999999e-05,1.376128342438069,1.923871657561931,2.198922716432039,0.0008365674381486101,0.68581430827712,0.6880344146607438,0.005398288658657604,1.0,-0.005154231908287911,0.9978645343764028,-0.0009033883936666104,1.0,0.006859562227724323,1.0,0.001293294972940292,1.0,-0.00499365312409122,1.0,1.0131348522332562,-1.1102230246251565e-14,1.3134852233255945,True
20261189,typical,27,3.3,5,1,0,ideal,0,0,0,True,0.0001005067778331926,9.999999999999999e-05,1.373490356901594,1.926509643098406,2.199583372013216,0.0008325339011981848,0.6861238787967099,0.6854896296724637,0.008657499593643349,1.0,0.004847877722419295,0.9972487817457888,-0.0005879669913232607,1.0,0.001285122391281688,1.0,-0.001251215839754567,1.0,-0.0001108351008413005,1.0,1.005067778331926,-1.1102230246251565e-14,0.5067778331925954,True
20261190,typical,27,3.3,5,1,0,ideal,0,0,0,True,0.0001008543356830173,9.999999999999999e-05,1.375513790736923,1.924486209263077,2.199298130163551,0.0008342716904471883,0.6868417400070105,0.6874420269033386,0.002645171756601524,1.0,-0.001458281297067715,0.9982961205135455,0.000127373448218037,1.0,0.01038429586844341,1.0,0.000701063266735424,1.0,-0.0006305401428183768,1.0,1.0085433568301732,-1.1102230246251565e-14,0.8543356830172932,True
20261191,typical,27,3.3,5,1,0,ideal,0,0,0,True,0.0001009408278262959,9.999999999999999e-05,1.375351589946618,1.924648410053383,2.199227289225739,0.0008347041511635813,0.6863807298223661,0.6872853440652583,0.002954837924563178,1.0,0.0002278088037127044,0.9996615292513615,-0.0003342640462050179,1.0,0.006325435057479514,1.0,0.0005443510325320065,1.0,0.001953054975178706,1.0,1.009408278262959,-1.1102230246251565e-14,0.940827826295898,True
20261192,typical,27,3.3,5,1,0,ideal,0,0,0,True,0.0001006950450286438,9.999999999999999e-05,1.374188405269298,1.925811594730702,2.199428745746235,0.0008334752371752011,0.6861298928570563,0.6861630788579405,0.009019017648729682,1.0,-0.005717860657033665,1.00106200086425,-0.000583318397971019,1.0,0.002908172768439572,1.0,-0.0005778306406384253,1.0,-0.01000714041447336,1.0,1.0069504502864381,-1.1102230246251565e-14,0.6950450286437926,True
20261193,typical,27,3.3,5,1,0,ideal,0,0,0,True,0.0001004574824799888,9.999999999999999e-05,1.374112824662734,1.925887175337266,2.199623903856319,0.0008322874244320457,0.6868965252666722,0.6860905073283532,0.006142592947775367,1.0,-6.843444964503566e-05,0.999965615262949,0.0001850370090313138,1.0,0.006840668044418979,1.0,-0.0006503214297763582,1.0,0.00199823146017465,1.0,1.004574824799888,-1.1102230246251565e-14,0.4574824799888022,True
20261194,typical,27,3.3,5,1,0,ideal,0,0,0,True,0.0001008052597223709,9.999999999999999e-05,1.374061429643019,1.925938570356981,2.199338350943417,0.0008340263106438365,0.6856187885158045,0.68604034971755,-0.0009165067627454044,1.0,0.003205180189912111,0.9988594232494148,-0.001095222104847198,1.0,-0.006465224411737541,1.0,-0.0007005972397268935,1.0,0.0003299832509444825,1.0,1.008052597223709,-1.1102230246251565e-14,0.8052597223708879,True
20261195,typical,27,3.3,5,1,0,ideal,0,0,0,True,0.0001002030007941847,9.999999999999999e-05,1.373827786700567,1.926172213299434,2.19983344251869,0.0008310150160029052,0.6875226641283659,0.6858157973545009,0.0003501353864071146,1.0,-0.00665105871147396,0.9997144907518448,0.0008130215835362644,1.0,0.003101700595622845,1.0,-0.0009249449128767422,1.0,-0.001686374830054997,1.0,1.002030007941847,-1.1102230246251565e-14,0.2030007941846934,True
20261196,typical,27,3.3,5,1,0,ideal,0,0,0,True,9.982357908251762e-05,9.999999999999999e-05,1.373829674616223,1.926170325383777,2.200146786175945,0.0008291179074445701,0.6888687144278779,0.6858182219880049,-0.01546102417699907,1.0,0.003449625390831795,1.001170353882996,0.002161823772567335,1.0,0.003552103303837498,1.0,-0.0009223913251465004,1.0,-0.01309708981439453,1.0,0.9982357908251763,-1.1102230246251565e-14,-0.17642091748237831,True
20261197,typical,27,3.3,5,1,0,ideal,0,0,0,True,0.0001002583371004419,9.999999999999999e-05,1.374150245443153,1.925849754556847,2.199787836448966,0.0008312916975343112,0.6876368333316478,0.6861269412527184,-0.007415093971883877,1.0,-0.0005717993100211364,1.0009711860898,0.0009267894415453768,1.0,-0.00866621957566581,1.0,-0.0006138198217844338,1.0,-0.007214638173069781,1.0,1.002583371004419,-1.1102230246251565e-14,0.2583371004418966,True
20261198,typical,27,3.3,5,1,0,ideal,0,0,0,True,0.0001006210873818104,9.999999999999999e-05,1.374856322296635,1.925143677703365,2.199489455707405,0.000833105448941154,0.6870331489660949,0.6868078464623635,0.005763028891074442,1.0,0.001493021726783154,1.000513229423837,0.0003204741118377842,1.0,0.000952009430341019,1.0,6.696209985714069e-05,1.0,0.001507768841365714,1.0,1.0062108738181041,-1.1102230246251565e-14,0.6210873818103924,True
20261199,typical,27,3.3,5,1,0,ideal,0,0,0,True,0.0001003995621116473,9.999999999999999e-05,1.374500399540062,1.925499600459938,2.19967155127318,0.0008319978225903382,0.6874738980631772,0.6864646758666445,-0.00649297156344532,1.0,-0.001484918619371827,0.99884812864592,0.0007628298918327132,1.0,-0.001280355275686128,1.0,-0.0002761332060168397,1.0,-0.00525202464491932,1.0,1.0039956211164731,-1.1102230246251565e-14,0.39956211164728916,True
20261200,typical,27,3.3,5,1,0,ideal,0,0,0,True,0.0001001697897308097,9.999999999999999e-05,1.374133570653057,1.925866429346943,2.19986082516971,0.0008308489606860306,0.6879342001987696,0.6861109876959022,0.0009544289505240716,1.0,0.003594331713891869,1.001037558327894,0.001224798528488151,1.0,0.01210692211080788,1.0,-0.0006297432839901756,1.0,-0.0005171711117078822,1.0,1.001697897308097,-1.1102230246251565e-14,0.1697897308096996,True
20261201,typical,27,3.3,5,1,0,ideal,0,0,0,True,0.0001014227428783555,9.999999999999999e-05,1.374628252635127,1.925371747364873,2.198833619542054,0.0008371137264237597,0.6839879430244712,0.6865864505233431,-0.01043853096857434,1.0,0.0006895593654756067,0.9998227708939068,-0.002730546066329201,1.0,-0.004962613229656354,1.0,-0.0001547062980010029,1.0,0.007452089645561427,1.0,1.014227428783555,-1.1102230246251565e-14,1.4227428783554874,True
20261202,typical,27,3.3,5,1,0,ideal,0,0,0,True,0.0001001955261037536,9.999999999999999e-05,1.373970218259454,1.926029781740546,2.19983960468661,0.0008309776425509897,0.6876860530635833,0.685953282210435,-0.01073082564697453,1.0,0.007901080363967075,0.997171580477871,0.0009764647314833063,1.0,-0.008255921290210301,1.0,-0.0007874575164858407,1.0,0.0001434812755315426,1.0,1.0019552610375362,-1.1102230246251565e-14,0.19552610375359603,True
20261203,typical,27,3.3,5,1,0,ideal,0,0,0,True,0.0001007314180653864,9.999999999999999e-05,1.37488869557007,1.92511130442993,2.199398903399646,0.0008336571023589137,0.6866746632160177,0.6868389164600048,0.004455202031808304,1.0,-0.002478733772151129,1.003016610794004,-3.881184564340239e-05,1.0,0.009854911353837273,1.0,9.79945993826524e-05,1.0,0.003022380880125292,1.0,1.0073141806538641,-1.1102230246251565e-14,0.7314180653863911,True
20261204,typical,27,3.3,5,1,0,ideal,0,0,0,True,0.0001010215218047462,9.999999999999999e-05,1.375004444116475,1.924995555883526,2.199161248616559,0.000835107621055833,0.6857625166648562,0.6869501706560386,0.000763252167944967,1.0,-0.002850990432583673,0.9954031369941858,-0.0009530624601523775,1.0,-0.0002869744984756556,1.0,0.000209150197800973,1.0,-0.005020186480831006,1.0,1.0102152180474622,-1.1102230246251565e-14,1.021521804746195,True
20261205,typical,27,3.3,5,1,0,ideal,0,0,0,True,0.000100677484358961,9.999999999999999e-05,1.375603641509779,1.924396358490222,2.199443157063921,0.0008333874338269067,0.6875523539788804,0.6875290253434817,0.0001457252789446174,1.0,-0.002146075078202579,0.9986378778821242,0.0008392700879825045,1.0,-0.00502614091340222,1.0,0.0007881218133964638,1.0,-0.003535358480818315,1.0,1.0067748435896102,-1.1102230246251565e-14,0.6774843589610002,True
20261206,typical,27,3.3,5,1,0,ideal,0,0,0,True,0.0001004082274536024,9.999999999999999e-05,1.373470145699352,1.926529854300648,2.199664421203424,0.0008320411492999938,0.6864528175652348,0.6854702782948268,-0.006008759411133571,1.0,-0.006145722267808427,0.9960687025166708,-0.0002583134543011609,1.0,-0.008595748486616693,1.0,-0.001270533723026838,1.0,-0.003866553393590654,1.0,1.004082274536024,-1.1102230246251565e-14,0.40822745360238333,True
20261207,typical,27,3.3,5,1,0,ideal,0,0,0,True,0.0001005598958214583,9.999999999999999e-05,1.375102608796285,1.924897391203715,2.199539717999043,0.0008327994911393934,0.687486080562436,0.6870456469126279,0.003155914161660602,1.0,-0.001964088796031052,1.001635125049943,0.0007738495192245612,1.0,-0.002397825409691637,1.0,0.0003047833473414758,1.0,-0.01560414757201454,1.0,1.005598958214583,-1.1102230246251565e-14,0.5598958214583005,True
20261208,typical,27,3.3,5,1,0,ideal,0,0,0,True,0.000100560528147632,9.999999999999999e-05,1.37353232361615,1.92646767638385,2.199539198464167,0.0008328026527703815,0.6859742921375623,0.6855300505793287,0.007736401304545674,1.0,0.007170023311219616,1.00140292145706,-0.0007379434917431708,1.0,-0.004161472697257233,1.0,-0.00121081320102065,1.0,0.00551385391856195,1.0,1.0056052814763201,-1.1102230246251565e-14,0.5605281476320112,True
20261209,typical,27,3.3,5,1,0,ideal,0,0,0,True,0.0001009347516315663,9.999999999999999e-05,1.375073612403728,1.924926387596272,2.19923226403966,0.0008346737701899334,0.6861349532678244,0.6870170660228188,-0.004233502758506359,1.0,0.002191953051533766,0.9963296998926979,-0.0005799965313579635,1.0,0.01583236769315985,1.0,0.0002760750551956131,1.0,-6.836965159307955e-05,1.0,1.009347516315663,-1.1102230246251565e-14,0.9347516315663107,True
20261210,typical,27,3.3,5,1,0,ideal,0,0,0,True,0.0001000625599391859,9.999999999999999e-05,1.373094930375492,1.926905069624508,2.199949294808873,0.0008303128117280314,0.6873153467186223,0.6851086666020928,0.0008211072838240684,1.0,0.002520285165311715,1.00253721533279,0.0006067227694717621,1.0,-0.001531063419372918,1.0,-0.001632027933669785,1.0,-0.009828376965527845,1.0,1.0006255993918591,-1.1102230246251565e-14,0.06255993918589109,True
20261211,typical,27,3.3,5,1,0,ideal,0,0,0,True,0.0001005959613210407,9.999999999999999e-05,1.376051330561983,1.923948669438017,2.19951009059198,0.0008329798186373052,0.6882706480344323,0.6879612287471866,-0.008348542814788435,1.0,0.002975476934769621,1.001984695308394,0.00155815541477346,1.0,0.003937960531311574,1.0,0.001220352924415851,1.0,-0.003208430410927335,1.0,1.0059596132104072,-1.1102230246251565e-14,0.5959613210406944,True
20261212,typical,27,3.3,5,1,0,ideal,0,0,0,True,0.0001009641330274426,9.999999999999999e-05,1.375880232761764,1.924119767238236,2.19920821097011,0.0008348206771695546,0.6868066930235327,0.687795515001297,-0.001440990037698658,1.0,0.008582538480464419,1.001189076853565,9.153012717877803e-05,1.0,0.004510172593423505,1.0,0.001054514047883959,1.0,0.006590334991158822,1.0,1.009641330274426,-1.1102230246251565e-14,0.9641330274425819,True
20261213,typical,27,3.3,5,1,0,ideal,0,0,0,True,0.0001008617888988041,9.999999999999999e-05,1.37531151747979,1.92468848252021,2.199292023400639,0.0008343089565260023,0.6866210088142707,0.6872467941063436,0.006910782714540984,1.0,-0.004071397318620443,1.004822241839499,-9.341180118145335e-05,1.0,0.002903864062173908,1.0,0.0005058279365892298,1.0,-0.01570676413659599,1.0,1.008617888988041,-1.1102230246251565e-14,0.8617888988040834,True
20261214,typical,27,3.3,5,1,0,ideal,0,0,0,True,0.0001006794763054088,9.999999999999999e-05,1.374311772356917,1.925688227643083,2.199441522236891,0.0008333973935590257,0.686303459873377,0.6862821743328759,-0.00753677108905918,1.0,0.002071404943128233,1.003016874488711,-0.0004096384646857282,1.0,-0.001513602937932008,1.0,-0.0004587298743245931,1.0,-0.003727163242865516,1.0,1.006794763054088,-1.1102230246251565e-14,0.6794763054087882,True
20261215,typical,27,3.3,5,1,0,ideal,0,0,0,True,0.0001007403723460278,9.999999999999999e-05,1.377148409607209,1.922851590392791,2.199391558390719,0.0008337018737621207,0.6888151977037241,0.689019784376784,-0.0008900982979482738,1.0,-0.007810305482223901,0.9986621966710676,0.002101657698334901,1.0,0.004813735628889731,1.0,0.002278859473091103,1.0,-0.002765918493356887,1.0,1.0074037234602782,-1.1102230246251565e-14,0.7403723460277956,True
20261216,typical,27,3.3,5,1,0,ideal,0,0,0,True,0.0001001553961459435,9.999999999999999e-05,1.374517457489968,1.925482542510032,2.199872695385911,0.0008307769927618193,0.6883542175235284,0.6864815272734325,-0.00473038858006359,1.0,0.00288040799354703,0.9941872420192855,0.001644920247637507,1.0,-0.007827680078254498,1.0,-0.000259198814463673,1.0,0.006955247851959567,1.0,1.001553961459435,-1.1102230246251565e-14,0.15539614594348716,True
20261217,typical,27,3.3,5,1,0,ideal,0,0,0,True,0.000101473063069374,9.999999999999999e-05,1.375584669191539,1.924415330808461,2.198792614980433,0.0008373653273789718,0.68473022098354,0.6875094515330505,-0.01216760587456242,1.0,0.00317835714511021,1.00094846885343,-0.001988633067535161,1.0,0.00934889002335899,1.0,0.0007682776094685053,1.0,-0.0008281655619430943,1.0,1.0147306306937403,-1.1102230246251565e-14,1.4730630693740032,True
20261218,typical,27,3.3,5,1,0,ideal,0,0,0,True,0.0001002984481462867,9.999999999999999e-05,1.374327819723235,1.925672180276765,2.199754793235634,0.0008314922527636549,0.6876656255886517,0.6862982677588881,0.001784572958193202,1.0,-0.001310754434393467,0.998053798455868,0.0009552907797506295,1.0,0.00918674148398938,1.0,-0.0004425069481658127,1.0,0.004003358029465724,1.0,1.0029844814628672,-1.1102230246251565e-14,0.2984481462867006,True
20261219,typical,27,3.3,5,1,0,ideal,0,0,0,True,0.0001006730062299289,9.999999999999999e-05,1.375558780212965,1.924441219787035,2.199446832457548,0.0008333650431816267,0.6875250443130783,0.6874857355085444,0.004855112127739885,1.0,-0.001210176727215705,1.004058275306671,0.0008119929011994484,1.0,-0.0156318712679719,1.0,0.0007448335004316163,1.0,0.001892316527745636,1.0,1.0067300622992892,-1.1102230246251565e-14,0.6730062299288964,True
20261220,typical,27,3.3,5,1,0,ideal,0,0,0,True,0.0001006662339806787,9.999999999999999e-05,1.37405848728641,1.92594151271359,2.199452391025964,0.0008333311819354952,0.6861067346325067,0.6860377305422196,0.007729976508575684,1.0,-0.003174112776847101,1.001198378511639,-0.0006062676614875192,1.0,0.009982285345363513,1.0,-0.0007031691643504356,1.0,0.002534969695859851,1.0,1.006662339806787,-1.1102230246251565e-14,0.6662339806787099,True
20261221,typical,27,3.3,5,1,0,ideal,0,0,0,True,0.0001002255516614027,9.999999999999999e-05,1.374174021968678,1.925825978031322,2.199814854100008,0.0008311277703392352,0.6877757133512346,0.6861499418617877,0.003395409132061306,1.0,0.00791809363857381,0.9995183668274592,0.001065907248584839,1.0,0.005295635708087843,1.0,-0.0005908080699304596,1.0,0.0008779566989356367,1.0,1.002255516614027,-1.1102230246251565e-14,0.2255516614027009,True
20261222,typical,27,3.3,5,1,0,ideal,0,0,0,True,0.0001012329594521723,9.999999999999999e-05,1.376024747279833,1.923975252720167,2.198988440941601,0.0008361648092928434,0.6859982616082511,0.6879345615482239,0.001398667944136127,1.0,-0.003232856611700956,0.9976537863537144,-0.0007188510275719895,1.0,0.008137236103037711,1.0,0.001193469228723881,1.0,0.006743128009137167,1.0,1.0123295945217232,-1.1102230246251565e-14,1.2329594521722997,True
20261223,typical,27,3.3,5,1,0,ideal,0,0,0,True,0.0001006140783259858,9.999999999999999e-05,1.374000687053932,1.925999312946068,2.199495211437565,0.0008330704036621508,0.6862353722976429,0.6859820256221356,0.0009340479962282763,1.0,-0.00188751678758279,1.001097428994352,-0.0004772517212158922,1.0,0.007119036213206244,1.0,-0.0007588563582752177,1.0,0.002689682520402291,1.0,1.0061407832598581,-1.1102230246251565e-14,0.6140783259857896,True
20261224,typical,27,3.3,5,1,0,ideal,0,0,0,True,0.0001009436109454355,9.999999999999999e-05,1.374669874602352,1.925330125397648,2.199225010673254,0.0008347180667592793,0.685715614069882,0.6866273831237832,-0.001948873732681126,1.0,-0.00606060167878917,1.002081236977351,-0.0009993999840526707,1.0,-0.0102801777351487,1.0,-0.0001136108549005472,1.0,-0.002170095174230108,1.0,1.0094361094543551,-1.1102230246251565e-14,0.9436109454354913,True
20261225,typical,27,3.3,5,1,0,ideal,0,0,0,True,0.0001006854406539438,9.999999999999999e-05,1.37441203575744,1.92558796424256,2.199436627368168,0.0008334272153018209,0.6863787834018977,0.686378936131945,0.006709847690578114,1.0,0.0003175433287797375,0.9997544903648384,-0.000334358194447855,1.0,-0.006762179619244781,1.0,-0.0003619701023690987,1.0,-0.0001042422700355765,1.0,1.006854406539438,-1.1102230246251565e-14,0.6854406539438029,True
20261226,typical,27,3.3,5,1,0,ideal,0,0,0,True,0.0001008356016942925,9.999999999999999e-05,1.375245791218044,1.924754208781956,2.199313481654964,0.0008341780205035644,0.6866502247790461,0.6871834006802288,0.007427917589147365,1.0,-0.0003961722238716105,0.9980193320074772,-6.400590589358989e-05,1.0,-0.004168581029920211,1.0,0.0004424434107200331,1.0,-0.0003441348499357565,1.0,1.008356016942925,-1.1102230246251565e-14,0.8356016942924871,True
20261227,typical,27,3.3,5,1,0,ideal,0,0,0,True,0.0001011447381329979,9.999999999999999e-05,1.375785516677944,1.924214483322056,2.199060502860454,0.0008357237026970912,0.6860790654325679,0.6877038158321783,-0.003869001106587098,1.0,0.002361431471893729,0.9996747316624948,-0.0006374073537617114,1.0,-0.006580678124262974,1.0,0.0009627534964606902,1.0,0.0004657741942354308,1.0,1.0114473813299791,-1.1102230246251565e-14,1.1447381329978912,True
20261228,typical,27,3.3,5,1,0,ideal,0,0,0,True,0.0001010095872331397,9.999999999999999e-05,1.375054459049541,1.924945540950459,2.199171012845549,0.0008350479481976805,0.6858526663679269,0.6869984614088952,0.001070949355136624,1.0,-0.003581571118802108,1.002528244717418,-0.0008628261981744501,1.0,-0.003327843356201664,1.0,0.0002574450068670372,1.0,-0.001987556219632473,1.0,1.010095872331397,-1.1102230246251565e-14,1.009587233139686,True
20261229,typical,27,3.3,5,1,0,ideal,0,0,0,True,0.0001009392146108325,9.999999999999999e-05,1.374609081997118,1.925390918002883,2.199228609999776,0.0008346960850862641,0.6856726799308932,0.6865687154499245,-0.007033610873905223,1.0,0.000911712411140898,1.002571677465725,-0.00104230223733943,1.0,0.001125885150443569,1.0,-0.0001722770345732241,1.0,-0.003505188215804324,1.0,1.009392146108325,-1.1102230246251565e-14,0.9392146108324839,True
20261230,typical,27,3.3,5,1,0,ideal,0,0,0,True,0.0001005775472451588,9.999999999999999e-05,1.374328135179921,1.92567186482008,2.199525216304013,0.0008328877482578958,0.6866792055498226,0.6862981291000475,-0.0008718962162214399,1.0,-0.001810685198048637,1.000055851296556,-3.315351589430292e-05,1.0,-0.000155352732413335,1.0,-0.0004427404645022088,1.0,0.008378593757262626,1.0,1.0057754724515882,-1.1102230246251565e-14,0.5775472451587937,True
20261231,typical,27,3.3,5,1,0,ideal,0,0,0,True,0.0001007464987822927,9.999999999999999e-05,1.37313377937108,1.92686622062892,2.199386533356421,0.0008337325059436852,0.6849344070093455,0.6851450782047555,-0.002521744007311102,1.0,0.003992483855450786,0.9983922826671138,-0.00177917742976409,1.0,-0.004124568626421218,1.0,-0.00159584878151073,1.0,-0.001378818445718074,1.0,1.0074649878229271,-1.1102230246251565e-14,0.7464987822926927,True
20261232,typical,27,3.3,5,1,0,ideal,0,0,0,True,0.0001002042290222994,9.999999999999999e-05,1.373591637915435,1.926408362084565,2.199832430003266,0.000831021157143599,0.6872912856841542,0.6855878663321661,-0.005241259914837443,1.0,-0.0005126338245592977,0.9993723264140559,0.0005816342311921532,1.0,0.001370270991264204,1.0,-0.001152876352661984,1.0,0.006979710629886397,1.0,1.002042290222994,-1.1102230246251565e-14,0.20422902229939588,True
20261233,typical,27,3.3,5,1,0,ideal,0,0,0,True,0.000100247544469635,9.999999999999999e-05,1.373938344872039,1.926061655127961,2.199796729466629,0.0008312377343801572,0.6874713087906588,0.6859224359137032,0.003416411985126912,1.0,0.001485527043654455,1.000084136727223,0.0007613431777495559,1.0,-0.008042311531574293,1.0,-0.0008183214927409567,1.0,-0.002838575974895626,1.0,1.0024754446963502,-1.1102230246251565e-14,0.2475444696349971,True
20261234,typical,27,3.3,5,1,0,ideal,0,0,0,True,0.0001007492994963001,9.999999999999999e-05,1.375187661989266,1.924812338010734,2.199384236246128,0.000833746509513722,0.6868989291254564,0.6871274347782671,-0.005530105714064373,1.0,0.0101133805896682,0.9988417978757852,0.0001853243732507915,1.0,0.01188724944837908,1.0,0.0003865068403210151,1.0,0.002131911140861812,1.0,1.0074929949630012,-1.1102230246251565e-14,0.7492994963000932,True
20261235,typical,27,3.3,5,1,0,ideal,0,0,0,True,0.0001003421699423192,9.999999999999999e-05,1.373385713565972,1.926614286434029,2.199718789646246,0.0008317108617435778,0.6866052507128909,0.6853888890827005,0.009989685752750672,1.0,-0.01047557224468292,1.001210515803512,-0.0001054012028310833,1.0,0.0006855789406399541,1.0,-0.001351900484194152,1.0,0.002340971503629678,1.0,1.0034216994231921,-1.1102230246251565e-14,0.3421699423191926,True
20261236,typical,27,3.3,5,1,0,ideal,0,0,0,True,0.0001005922732716726,9.999999999999999e-05,1.373713368669211,1.92628663133079,2.199513119825505,0.0008329613783904646,0.6860361877158232,0.6857047440743131,0.004846398918366876,1.0,0.001089319331888349,1.000011035676388,-0.0006762781550220292,1.0,0.009774387990132832,1.0,-0.001036130495239947,1.0,-0.00811646413994971,1.0,1.0059227327167262,-1.1102230246251565e-14,0.5922732716725942,True
20261237,typical,27,3.3,5,1,0,ideal,0,0,0,True,0.0001003479437236833,9.999999999999999e-05,1.372436497347912,1.927563502652088,2.199714036211707,0.0008317397306505182,0.6856722557737114,0.6844726775925982,-0.0009842550028924507,1.0,-0.001745781325686468,1.0030641814016,-0.001038438018239049,1.0,-0.002430698257635166,1.0,-0.002268113936711622,1.0,-0.007618174641545433,1.0,1.003479437236833,-1.1102230246251565e-14,0.3479437236832972,True
20261238,typical,27,3.3,5,1,0,ideal,0,0,0,True,0.0001008503669288031,9.999999999999999e-05,1.374761100453942,1.925238899546058,2.199301382119698,0.0008342518466762374,0.6861322109858534,0.6867155785708496,0.002489783310471123,1.0,0.004111894385048871,0.9990725342704556,-0.0005821267883436338,1.0,-0.002096581471765261,1.0,-2.538371696257635e-05,1.0,0.0003750481863398374,1.0,1.0085036692880311,-1.1102230246251565e-14,0.8503669288030924,True
20261239,typical,27,3.3,5,1,0,ideal,0,0,0,True,0.0001007595633556981,9.999999999999999e-05,1.375045532900876,1.924954467099124,2.199375818471652,0.000833797828810712,0.6867260738635738,0.6869902433254763,-0.008877514721136608,1.0,0.006829392280897829,0.99783831161898,1.239466960902322e-05,1.0,-0.0005449744800546116,1.0,0.0002493118991406187,1.0,-0.004484600811619473,1.0,1.0075956335569811,-1.1102230246251565e-14,0.7595633556980896,True
20261240,typical,27,3.3,5,1,0,ideal,0,0,0,True,0.0001009320390102032,9.999999999999999e-05,1.375331942526699,1.924668057473301,2.199234485057679,0.000834660207082998,0.6863928400440722,0.6872663955578022,0.01165837343981152,1.0,-0.001663079452269459,0.9983502505942594,-0.0003220900810389704,1.0,-0.005850214565091972,1.0,0.0005254055121229794,1.0,0.006748594603110532,1.0,1.0093203901020322,-1.1102230246251565e-14,0.9320390102032006,True
20261241,typical,27,3.3,5,1,0,ideal,0,0,0,True,0.0001004777783479439,9.999999999999999e-05,1.373626513238281,1.926373486761719,2.19960721383646,0.0008323889037719413,0.6863572675357534,0.6856210935187008,0.007227729475957152,1.0,0.004552066517165125,0.9965742508361808,-0.0003543679242034304,1.0,-0.002768010951432437,1.0,-0.001119742137438901,1.0,0.001590206405685154,1.0,1.0047777834794391,-1.1102230246251565e-14,0.4777783479438913,True
20261242,typical,27,3.3,5,1,0,ideal,0,0,0,True,0.0001002748963416379,9.999999999999999e-05,1.373610319797808,1.926389680202192,2.199774193551312,0.0008313744937401715,0.6870591687607425,0.6856057858070378,0.00577814776614529,1.0,0.002993449267940046,1.00215359832557,0.0003490047692019293,1.0,-0.01216138628723898,1.0,-0.001134980895528413,1.0,-0.01559223978986859,1.0,1.002748963416379,-1.1102230246251565e-14,0.2748963416378869,True
20261243,typical,27,3.3,5,1,0,ideal,0,0,0,True,0.0001007144484383139,9.999999999999999e-05,1.374268599096977,1.925731400903023,2.199412824912211,0.0008335722542235516,0.6861384770385057,0.6862404491375556,0.0008805910442379044,1.0,-0.00320946538507142,0.9992037740519828,-0.0005748749457177516,1.0,-0.003855111176333366,1.0,-0.0005004669556491559,1.0,-0.001305311226451084,1.0,1.0071444843831392,-1.1102230246251565e-14,0.7144484383138971,True
20261244,typical,27,3.3,5,1,0,ideal,0,0,0,True,0.0001008308633731438,9.999999999999999e-05,1.372840832787114,1.927159167212886,2.19931736487741,0.0008341543288978206,0.684355061188316,0.6848621871446557,0.0002341518765262113,1.0,0.001665144719558886,0.997525389367533,-0.002359135130456872,1.0,-0.004365073724849271,1.0,-0.001878768514656382,1.0,-0.0008173761354692305,1.0,1.0083086337314382,-1.1102230246251565e-14,0.8308633731437975,True
20261245,typical,27,3.3,5,1,0,ideal,0,0,0,True,0.0001001553954406766,9.999999999999999e-05,1.372713149316802,1.927286850683198,2.199872695967543,0.0008307769892354845,0.6866195582705772,0.6847400164812781,-0.02482089641449773,1.0,-0.002655077462811233,1.001911538805196,-8.973900014423848e-05,1.0,-0.003664947662702019,1.0,-0.00200070960651102,1.0,0.0008826270797241636,1.0,1.0015539544067662,-1.1102230246251565e-14,0.15539544067659783,True
20261246,typical,27,3.3,5,1,0,ideal,0,0,0,True,0.000100793846800581,9.999999999999999e-05,1.375504439584798,1.924495560415202,2.19934770717258,0.000833969246035007,0.6870462008741175,0.6874330978449184,0.005374297555273361,1.0,0.003884677129437619,0.9968074414154068,0.0003322730290750729,1.0,-0.005713163590397361,1.0,0.0006921547666847601,1.0,0.000983527927342177,1.0,1.00793846800581,-1.1102230246251565e-14,0.7938468005809884,True
20261247,typical,27,3.3,5,1,0,ideal,0,0,0,True,0.0001003012271144356,9.999999999999999e-05,1.375024522721858,1.924975477278142,2.199752504400082,0.0008315061476042797,0.6883255677788715,0.6869706930872683,-0.006570262553902011,1.0,0.003925840316602115,1.0026795015866,0.001615212814553612,1.0,0.00224912660555996,1.0,0.000229917435800906,1.0,-0.01120101571767599,1.0,1.003012271144356,-1.1102230246251565e-14,0.30122711443558714,True
20261248,typical,27,3.3,5,1,0,ideal,0,0,0,True,0.0001012581902543132,9.999999999999999e-05,1.375281290844959,1.924718709155042,2.198967842478706,0.0008362909633036677,0.6851948090384241,0.6872169918651345,-0.001908624783123483,1.0,0.002705236599883075,0.9998182359031872,-0.001522486590643254,1.0,0.003085143891732413,1.0,0.0004758909703715018,1.0,-0.0003421020275296736,1.0,1.012581902543132,-1.1102230246251565e-14,1.2581902543131962,True
20261249,typical,27,3.3,5,1,0,ideal,0,0,0,True,0.0001008492781750582,9.999999999999999e-05,1.37430543257571,1.92569456742429,2.199302274254242,0.0008342464029073927,0.6856980277476762,0.6862757857526,-0.005836926052755764,1.0,0.003877409979037445,0.9994052242208912,-0.001016302129994073,1.0,-0.007754736994171739,1.0,-0.0004651761652099777,1.0,-0.005655559791813528,1.0,1.0084927817505822,-1.1102230246251565e-14,0.849278175058199,True
20261250,typical,27,3.3,5,1,0,ideal,0,0,0,True,0.0001002212267347459,9.999999999999999e-05,1.372970703646138,1.927029296353862,2.199818418782467,0.0008311061457057115,0.6866341587423312,0.6849885090936104,-0.01275534602652034,1.0,-0.007803370315438972,0.9989929339066186,-7.561599228578139e-05,1.0,-0.001072616923011704,1.0,-0.001752239368283939,1.0,0.001758929939773478,1.0,1.0022122673474592,-1.1102230246251565e-14,0.22122673474589405,True
20261251,typical,27,3.3,5,1,0,ideal,0,0,0,True,0.0001005732957450646,9.999999999999999e-05,1.374266683011715,1.925733316988285,2.199528708945852,0.0008328664907574247,0.6866351507388697,0.6862388238909097,0.005398865661138365,1.0,0.003459292776840071,0.9998089145933272,-7.717749149845256e-05,1.0,-0.01041643954125193,1.0,-0.0005020442286931389,1.0,-0.005579466350865404,1.0,1.0057329574506462,-1.1102230246251565e-14,0.5732957450645948,True
20261252,typical,27,3.3,5,1,0,ideal,0,0,0,True,0.0001011846078171565,9.999999999999999e-05,1.375543427896338,1.924456572103663,2.199027928757091,0.0008359230511178841,0.6857059165395376,0.687470106291029,-0.003760536966050514,1.0,0.001914025770016144,0.9983316177499796,-0.001010845412743972,1.0,-0.01260811548025749,1.0,0.0007290304047710446,1.0,-0.001321060627020255,1.0,1.011846078171565,-1.1102230246251565e-14,1.18460781715648,True
20261253,typical,27,3.3,5,1,0,ideal,0,0,0,True,0.0001010068198990445,9.999999999999999e-05,1.375222498683699,1.924777501316301,2.199173277085186,0.0008350341115273243,0.6860239490881841,0.6871606482676914,0.005180380408641138,1.0,-0.002020475314650771,1.000519534546698,-0.0006915234070340617,1.0,-0.00530845621603067,1.0,0.0004196328062091451,1.0,0.004396318551539337,1.0,1.0100681989904452,-1.1102230246251565e-14,1.0068198990444976,True
20261254,typical,27,3.3,5,1,0,ideal,0,0,0,True,0.000101345705328736,9.999999999999999e-05,1.376255426979827,1.923744573020173,2.198896432367162,0.0008367285386756619,0.6858230436774689,0.6881570138604161,0.006792719170371184,1.0,-0.004338217689319414,0.9965970839131828,-0.0008948866782425927,1.0,0.006427745988005894,1.0,0.001415883221970186,1.0,-0.006649158667443167,1.0,1.0134570532873601,-1.1102230246251565e-14,1.345705328735991,True
20261255,typical,27,3.3,5,1,0,ideal,0,0,0,True,0.0001003555990549322,9.999999999999999e-05,1.374798899700226,1.925201100299774,2.199707734132212,0.0008317780073067629,0.6879163328019526,0.6867528462891866,0.002537263270162854,1.0,0.003892609809060035,0.9998964522650308,0.001205583487110381,1.0,0.002833918278310684,1.0,1.205215827652407e-05,1.0,-0.001649567996044685,1.0,1.003555990549322,-1.1102230246251565e-14,0.35559905493218746,True
20261256,typical,27,3.3,5,1,0,ideal,0,0,0,True,0.0001007052524979492,9.999999999999999e-05,1.374151460176656,1.925848539823344,2.199420369981615,0.0008335262745217278,0.686058336758929,0.6861274040973864,0.006277466435811428,1.0,-0.004072270693330318,0.9999379591009971,-0.0006549485289114278,1.0,0.01993094286842434,1.0,-0.0006135088704067945,1.0,0.005695345199716441,1.0,1.0070525249794922,-1.1102230246251565e-14,0.7052524979491936,True
20261257,typical,27,3.3,5,1,0,ideal,0,0,0,True,0.0001015302978829559,9.999999999999999e-05,1.375524233991753,1.924475766008247,2.198745999074238,0.0008376515014468812,0.6844708447468604,0.6874510328362559,-0.009368828042000074,1.0,0.004204038097300908,0.9994705427568292,-0.002248424414352836,1.0,-0.01741890194192659,1.0,0.0007098394602582267,1.0,0.00909582923468254,1.0,1.015302978829559,-1.1102230246251565e-14,1.5302978829558889,True
20261258,typical,27,3.3,5,1,0,ideal,0,0,0,True,0.0001011548357227667,9.999999999999999e-05,1.37623944474017,1.92376055525983,2.199052251844979,0.0008357741906458152,0.6864798035151243,0.6881418923255944,0.0005265836049802669,1.0,-0.00538052577202669,0.9996455953303788,-0.0002367425068044899,1.0,0.01259076682461583,1.0,0.001400826558042573,1.0,-0.001727096861179697,1.0,1.0115483572276671,-1.1102230246251565e-14,1.1548357227666894,True
20261259,typical,27,3.3,5,1,0,ideal,0,0,0,True,0.0001010725914455114,9.999999999999999e-05,1.375272702606044,1.924727297393956,2.19911947839351,0.0008353629692596588,0.6858403676177961,0.687208997690088,-0.009082636209062793,1.0,4.175305324642317e-05,0.998303498527602,-0.0008755819043663526,1.0,-0.01614642860972339,1.0,0.0004679598748403951,1.0,0.008109720677412087,1.0,1.0107259144551142,-1.1102230246251565e-14,1.072591445511395,True
