seed,library,temperature_c,logic_v,led_supply_v,local_mismatch,global_variation,reference,calibration_error,tc_ppm,line_ppm_v,pwm_on,iout,iref,bias,headroom,led_k,power_w,out_vth,ref_vth,x0_dvth,x0_mulu0,x1_dvth,x1_mulu0,x2_dvth,x2_mulu0,x3_dvth,x3_mulu0,x4_dvth,x4_mulu0,x5_dvth,x5_mulu0,mirror_ratio,reference_error_pct,absolute_error_pct,absolute_current_budget_pass
20261004,ff,0,3.63,5.5,1,0,bounded,0.005,-25,3000,True,0.0001040102448125584,0.0001007177736265703,1.217263734297002,2.412736265702998,2.707908835706918,0.0009376618794212812,0.6086237006950018,0.6117525186498872,-0.001964534281406865,1.0,-0.003184419296273099,1.001000935035619,0.0001896901767626489,1.0,8.659020094562709e-05,1.0,0.003308602645944717,1.0,-0.009716322146445345,1.0,1.0326900711506546,0.7177736265702839,4.010244812558383,True
20261005,ff,0,3.63,5.5,1,0,bounded,0.005,-25,3000,True,0.0001035523455099412,0.0001007178670629071,1.216329370929062,2.413670629070937,2.708243294343422,0.0009351437724307074,0.6091565555493127,0.6108453606803895,0.002954698018581346,1.0,-0.001559386258943305,0.999039917674632,0.0007258316747337894,1.0,-0.0106905909275773,1.0,0.002401598015457192,1.0,0.001105518011193261,1.0,1.0281427568880477,0.7178670629070849,3.5523455099411905,True
20261006,ff,0,3.63,5.5,1,0,bounded,0.005,-25,3000,True,0.0001033192651618347,0.0001007180103479424,1.214896520575567,2.415103479424433,2.708414070333468,0.0009338623506409867,0.6085063193091597,0.6094534031227226,-0.004441318171449941,1.0,0.003508429838598729,0.9987161330113852,7.72684164250961e-05,1.0,-0.01186770981302498,1.0,0.001009717823896058,1.0,0.002978947255065226,1.0,1.025827106839243,0.7180103479423883,3.3192651618346947,True
20261007,ff,0,3.63,5.5,1,0,bounded,0.005,-25,3000,True,0.0001032614091462652,0.0001007182846424969,1.212153575030625,2.417846424969374,2.708456516555155,0.0009335451382445038,0.606043983835506,0.6067878634604156,-0.002480742574951055,1.0,0.003127182775864493,0.9989452892355686,-0.002384651768787085,1.0,0.003218767425208999,1.0,-0.001655804346925263,1.0,-0.00536635479757717,1.0,1.0252498790343303,0.7182846424969025,3.2614091462651817,True
20261008,ff,0,3.63,5.5,1,0,bounded,0.005,-25,3000,True,0.0001018481841774826,0.000100718235766782,1.21264233218026,2.417357667819739,2.709500277661798,0.0009257722234974764,0.610963093741856,0.6072651339726053,0.007393481850449108,1.0,-4.06284909650119e-06,0.9986306669174446,0.002544601877585323,1.0,0.005401585510434783,1.0,-0.001178058161436658,1.0,-3.593578336850196e-05,1.0,1.0112189059121035,0.718235766782005,1.8481841774825813,True
20261009,ff,0,3.63,5.5,1,0,bounded,0.005,-25,3000,True,0.0001037479492177856,0.0001007180002569527,1.214997430472969,2.41500256952703,2.708100253332191,0.000936220076318314,0.6072602997847159,0.6095507753730491,-0.003845073517560099,1.0,-0.000546643254337671,0.9999709246287304,-0.001171828057225963,1.0,0.002431175496035539,1.0,0.001106945963499867,1.0,-0.003087594249006638,1.0,1.0300834900723095,0.7180002569527,3.7479492177855844,True
20261010,ff,0,3.63,5.5,1,0,bounded,0.005,-25,3000,True,0.000104203704687949,0.0001007176537836091,1.218462163909143,2.411537836090857,2.707767940785088,0.0009387254737060841,0.6091738404009518,0.6129166287585757,-0.001153464943796613,1.0,0.001501293141613185,0.9992890329001916,0.0007384412936939285,1.0,0.007436132563033426,1.0,0.004472648546300181,1.0,0.005585899096540435,1.0,1.03461211389842,0.7176537836090846,4.203704687948995,True
20261011,ff,0,3.63,5.5,1,0,bounded,0.005,-25,3000,True,0.0001027393337271026,0.0001007180880033918,1.214119966081926,2.415880033918074,2.708840544142404,0.0009306730096393304,0.6095792300584163,0.6086997000462389,0.006832136896383303,1.0,0.008087914363690421,0.9974306216168264,0.001154341741194448,1.0,0.004642080407106708,1.0,0.0002562092438275872,1.0,0.01241937761525784,1.0,1.020068348831669,0.7180880033917925,2.7393337271025997,True
20261012,ff,0,3.63,5.5,1,0,bounded,0.005,-25,3000,True,0.0001034709177886289,0.0001007179082821084,1.215917178915711,2.414082821084289,2.708302915000274,0.00093469606958943,0.6090144982722291,0.6104449647716645,-0.002110435571382488,1.0,0.001853059785585875,1.000775687209754,0.00058435886080889,1.0,-0.01008703774335,1.0,0.002001229198356493,1.0,-0.008997280315850509,1.0,1.0273338629989157,0.7179082821084037,3.470917788628891,True
20261013,ff,0,3.63,5.5,1,0,bounded,0.005,-25,3000,True,0.0001025643170360074,0.0001007182392348482,1.212607651517511,2.417392348482489,2.708969689882411,0.0009297109668084174,0.6086720647471471,0.6072302816279644,0.002569266914224281,1.0,0.002817546862356797,0.9996164271934468,0.0002484326600048545,1.0,0.01088006073719023,1.0,-0.001213151394405087,1.0,0.001314630205227231,1.0,1.0183291310013336,0.7182392348481947,2.564317036007391,True
20261014,ff,0,3.63,5.5,1,0,bounded,0.005,-25,3000,True,0.0001030903270925503,0.000100718173541926,1.213264580739484,2.416735419260516,2.708582161151057,0.0009326037836539915,0.6076518094268981,0.6078678686036825,-0.006760011243393812,1.0,-0.0006267239939935169,1.00206567718511,-0.0007755982110789275,1.0,0.001485574505919524,1.0,-0.0005757408650755459,1.0,-0.003352712540625203,1.0,1.0235523884836617,0.7181735419259816,3.0903270925503046,True
20261015,ff,0,3.63,5.5,1,0,bounded,0.005,-25,3000,True,0.0001031358800566356,0.0001007179813866393,1.215186133606428,2.414813866393573,2.708548687567876,0.0009328536274328212,0.609360895759849,0.6097351274684355,0.003853817880258088,1.0,-0.005742668776689785,0.9983310608577873,0.0009331611451821524,1.0,-0.002691138122762175,1.0,0.001291504056899169,1.0,0.007324501314643958,1.0,1.0240066236108765,0.7179813866392992,3.1358800566356093,True
20261016,ff,0,3.63,5.5,1,0,bounded,0.005,-25,3000,True,0.0001044097265337545,0.0001007179909514812,1.215090485187602,2.414909514812398,2.707618164697077,0.0009398598177773072,0.6052814653596104,0.6096401403865409,0.001378278392250517,1.0,-0.001237806565758677,1.001517568801154,-0.003155412471277241,1.0,0.0006963493984544692,1.0,0.001196088462344997,1.0,0.004764374102157048,1.0,1.0366541821118307,0.7179909514811955,4.409726533754488,True
20261017,ff,0,3.63,5.5,1,0,bounded,0.005,-25,3000,True,0.0001024696561055887,0.0001007183916577075,1.211083422925269,2.418916577074731,2.709039626319439,0.000929190884986068,0.6075006722074561,0.6057490533933392,-0.007877703796151216,1.0,-0.0004626611715611133,1.002171124902741,-0.0009222804198525412,1.0,-0.01083087626021317,1.0,-0.002694348884286771,1.0,-0.01233816583002314,1.0,1.0173877324593594,0.7183916577074845,2.469656105588691,True
20261018,ff,0,3.63,5.5,1,0,bounded,0.005,-25,3000,True,0.0001034255913859266,0.0001007179099459268,1.215900540731442,2.414099459268559,2.708336121533674,0.0009344467804140275,0.609140553037523,0.6104288699407335,0.005752918020585441,1.0,-0.001735099881191994,1.003371877414067,0.0007107389639943152,1.0,-0.006578302989069465,1.0,0.001985149600501777,1.0,0.005062416586912334,1.0,1.0268838128338198,0.7179099459267979,3.4255913859265963,True
20261019,ff,0,3.63,5.5,1,0,bounded,0.005,-25,3000,True,0.0001031328670342706,0.0001007180782133387,1.214217866613192,2.415782133386807,2.708550901195085,0.0009328374072908455,0.6084371048584049,0.6087942076314891,0.002464672227630361,1.0,0.007747269603141408,0.9986417189557254,9.39187615738501e-06,1.0,0.01012942874938728,1.0,0.0003505845387357816,1.0,0.002690378270244297,1.0,1.0239757237605045,0.7180782133386909,3.132867034270581,True
20261020,ff,0,3.63,5.5,1,0,bounded,0.005,-25,3000,True,0.0001041806389857296,0.0001007180153607685,1.214846392315172,2.415153607684828,2.7077847265113,0.0009385999248689581,0.605761583082198,0.6094033103106807,0.002021241856581874,1.0,0.004824190329625882,0.9984189038761265,-0.002673650446422907,1.0,-0.003063938048249067,1.0,0.0009593352623971742,1.0,-0.006940442497169999,1.0,1.0343793869702267,0.718015360768498,4.180638985729601,True
20261021,ff,0,3.63,5.5,1,0,bounded,0.005,-25,3000,True,0.000102039871564104,0.000100718243151835,1.212568481650032,2.417431518349968,2.70935791499728,0.0009268265309315788,0.6102868711640933,0.6071930547619657,0.007971380156421877,1.0,0.00154492064562947,0.9974555948291142,0.001867003412598814,1.0,0.006690090799853604,1.0,-0.001250201897021773,1.0,-0.005019141840075906,1.0,1.0131220359977549,0.7182431518349963,2.03987156410399,True
20261022,ff,0,3.63,5.5,1,0,bounded,0.005,-25,3000,True,0.0001054074089806872,0.0001007177116693481,1.217883306519207,2.412116693480793,2.706896728246731,0.0009453460574411594,0.604865674756642,0.6123522775442437,-0.001424826539686858,1.0,-0.005412288494582303,1.000922179062895,-0.00357836402378514,1.0,0.002245654703508604,1.0,0.003907892064379753,1.0,-0.001551203922442319,1.0,1.0465627865606713,0.7177116693481089,5.4074089806871894,False
20261023,ff,0,3.63,5.5,1,0,bounded,0.005,-25,3000,True,0.0001035200939225139,0.0001007179616723701,1.215383276299064,2.414616723700936,2.708266903444298,0.0009349667321325581,0.6083458213589106,0.6099260823269255,0.01096446819827523,1.0,0.005870168260030412,1.00124894131348,-8.467101898360892e-05,1.0,-0.00785989727883781,1.0,0.001482329830727119,1.0,-0.004651044292964601,1.0,1.0278215742615897,0.7179616723701043,3.5200939225138894,True
20261024,ff,0,3.63,5.5,1,0,bounded,0.005,-25,3000,True,0.0001039835589251031,0.0001007182680590193,1.212319409806583,2.417680590193417,2.707928289929119,0.0009375169018300321,0.6039421173354592,0.6069478759878043,-0.0002892324008054538,1.0,-0.004610632946182905,1.000455312106423,-0.00449170161146342,1.0,-0.004504924491018858,1.0,-0.001496034587611898,1.0,0.005174905837696685,1.0,1.0324200458269437,0.7182680590192891,3.9835589251030923,True
20261025,ff,0,3.63,5.5,1,0,bounded,0.005,-25,3000,True,0.0001034706118532452,0.0001007179948059318,1.215051940682168,2.414948059317831,2.708303139085786,0.0009346947010262402,0.6081815680400574,0.6096041899752593,0.004965159363550144,1.0,0.002798279135667754,1.000886195592035,-0.0002485691702066727,1.0,-0.00610508303605998,1.0,0.001160453884123761,1.0,0.00440015763226499,1.0,1.027329942902629,0.7179948059317987,3.470611853245198,True
20261026,ff,0,3.63,5.5,1,0,bounded,0.005,-25,3000,True,0.0001037886224280787,0.0001007178928082861,1.216071917138455,2.413928082861545,2.708070541395748,0.0009364433889362865,0.6081685042265192,0.6105948154213328,0.01247320430404477,1.0,0.004577086039843142,0.9991439066658736,-0.0002639155597820972,1.0,0.004418126521602672,1.0,0.002150973102578034,1.0,0.005636455275398589,1.0,1.0304884220089636,0.7178928082860914,3.7886224280786918,True
20261027,ff,0,3.63,5.5,1,0,bounded,0.005,-25,3000,True,0.0001033578465100309,0.0001007182211213612,1.212788786387831,2.417211213612169,2.708385777331298,0.0009340753131633715,0.6063537940494896,0.6074050457780582,-0.001410522774268631,1.0,0.0002224010016770516,0.9995431947115759,-0.002075533754780803,1.0,0.0004890479827132647,1.0,-0.001038654009233708,1.0,-0.006247577553688578,1.0,1.0262080223347974,0.7182211213611955,3.357846510030904,True
20261028,ff,0,3.63,5.5,1,0,bounded,0.005,-25,3000,True,0.0001035750256565021,0.0001007178670935295,1.216329064705239,2.413670935294761,2.708226695917902,0.0009352685133484186,0.609085198879618,0.6108450267834393,0.000753460275892626,1.0,0.006112369702976127,1.000808832916995,0.000654312214698433,1.0,0.000672480974721324,1.0,0.002401256490078562,1.0,0.002090282782382714,1.0,1.028367941512496,0.7178670935295006,3.5750256565020955,True
20261029,ff,0,3.63,5.5,1,0,bounded,0.005,-25,3000,True,0.0001042070797497079,0.0001007178035378527,1.216964621472349,2.413035378527651,2.707765484923527,0.000938744580153475,0.6077202585634146,0.6114615688163438,0.01215701579456799,1.0,-0.001906129040474764,0.9990040533540427,-0.0007151647596595005,1.0,-0.002534930648341031,1.0,0.003017586394561861,1.0,-0.0006159877860991461,1.0,1.0346440856461274,0.7178035378526904,4.207079749707887,True
20261030,ff,0,3.63,5.5,1,0,bounded,0.005,-25,3000,True,0.0001026520685266146,0.0001007181150320154,1.213849679845578,2.416150320154422,2.708904911935825,0.00093019314915054,0.6095931900157835,0.6084371775372109,0.005321655818537338,1.0,0.003546869874772667,0.999824962738574,0.00116892806515266,1.0,-0.0006397057252230105,1.0,-6.284108405376137e-06,1.0,0.006048844791527458,1.0,1.0192016450465187,0.7181150320153984,2.6520685266145927,True
20261031,ff,0,3.63,5.5,1,0,bounded,0.005,-25,3000,True,0.0001040048975033497,0.0001007179192999177,1.215807000822791,2.414192999177208,2.707912733564688,0.0009376329980148063,0.6072366110245153,0.6103370478500816,0.0131814383993375,1.0,-0.009391152821871588,1.003939811498465,-0.001197361103897706,1.0,-0.0009683382520374982,1.0,0.001893132599573461,1.0,-0.009417527222229816,1.0,1.0326354855846858,0.7179192999176909,4.004897503349691,True
20261032,ff,0,3.63,5.5,1,0,bounded,0.005,-25,3000,True,0.0001049167975764025,0.0001007178317620355,1.216682379644551,2.413317620355449,2.707250697334816,0.0009426481306542061,0.6052346635728063,0.6111861862862993,-0.01102101477800284,1.0,-0.00115805233079446,0.9962470125230459,-0.003205853812571399,1.0,-0.009588641697220597,1.0,0.00274196495651874,1.0,0.002890089089483517,1.0,1.0416903912733928,0.7178317620355035,4.916797576402487,True
20261033,ff,0,3.63,5.5,1,0,bounded,0.005,-25,3000,True,0.0001036024989799227,0.000100717943749235,1.215562507649938,2.414437492350062,2.708206594149814,0.0009354198948870935,0.6082603703112637,0.610100114294915,0.004046524725609812,1.0,0.005572072968263942,0.9992475308172096,-0.0001707135430866334,1.0,-0.0008220634949661986,1.0,0.001656334211286027,1.0,0.003895873362369481,1.0,1.028639933693142,0.7179437492349949,3.602498979922708,True
20261034,ff,0,3.63,5.5,1,0,bounded,0.005,-25,3000,True,0.0001032954171665051,0.0001007179324350681,1.215675649318586,2.414324350681414,2.708431563795626,0.000933730903842721,0.6093320444558611,0.610210548545447,0.002296695070044587,1.0,-0.002850691639928403,0.9984586314788924,0.0009031647315697323,1.0,0.004284057175606183,1.0,0.001766871826543247,1.0,0.003319089338561779,1.0,1.0255911203608024,0.7179324350681027,3.295417166505099,True
20261035,ff,0,3.63,5.5,1,0,bounded,0.005,-25,3000,True,0.0001034019059094842,0.0001007181462595181,1.213537404819264,2.416462595180736,2.708353479123103,0.000934317368112021,0.6069372132771038,0.6081325049122849,0.009412246710863893,1.0,0.001130786048811306,0.9998114917200076,-0.00149243077557759,1.0,-0.009630382988750926,1.0,-0.0003112091568810561,1.0,0.002532008447424707,1.0,1.0266462375414547,0.7181462595180932,3.401905909484193,True
20261036,ff,0,3.63,5.5,1,0,bounded,0.005,-25,3000,True,0.0001025435884641884,0.0001007180758877489,1.214241122510641,2.415758877489359,2.708984999209796,0.0009295963667133905,0.6103118868041346,0.6088177517261774,0.004807146875611891,1.0,0.0009095582420001371,1.000736635423178,0.001888403491066537,1.0,-0.003532377377344307,1.0,0.0003743268474526242,1.0,-0.002285131253540692,1.0,1.018124974691475,0.7180758877489035,2.5435884641883844,True
20261037,ff,0,3.63,5.5,1,0,bounded,0.005,-25,3000,True,0.000103046715929354,0.0001007182608567244,1.212391432755592,2.417608567244407,2.708614220763047,0.0009323642392092158,0.6069471086176575,0.6070193742252814,-0.003058393980404164,1.0,-0.001679728763996274,1.001182333658813,-0.001479985987512911,1.0,-0.01289626473617606,1.0,-0.001424221201735272,1.0,0.01267228400347793,1.0,1.0231184995930571,0.7182608567243953,3.0467159293539936,True
20261038,ff,0,3.63,5.5,1,0,bounded,0.005,-25,3000,True,0.0001043587568229914,0.0001007179630189118,1.215369810881449,2.414630189118551,2.707655193594771,0.000939579382972839,0.6057097404239637,0.6099116535362178,0.0004156353193103134,1.0,0.001005027889033331,1.000144606635481,-0.002726771568276407,1.0,-0.009782116383867258,1.0,0.001467618955495632,1.0,0.005524856065475221,1.0,1.036148405854832,0.7179630189118047,4.358756822991383,True
20261039,ff,0,3.63,5.5,1,0,bounded,0.005,-25,3000,True,0.0001032616444858352,0.0001007180609257835,1.214390742165303,2.415609257834697,2.708456343852363,0.0009335456205207388,0.6081995931784838,0.6089619981191131,-0.001220414310655045,1.0,0.007273131534832951,1.0000698004745,-0.0002290441285777739,1.0,-0.001791517910542893,1.0,0.0005183318375187426,1.0,0.007029758446198407,1.0,1.0252544929546052,0.7180609257834814,3.261644485835191,True
20261040,ff,0,3.63,5.5,1,0,bounded,0.005,-25,3000,True,0.0001045747834756643,0.0001007177564145719,1.217435854280572,2.412564145719428,2.707498368162998,0.0009407667795889008,0.6070265573412273,0.6119188534221234,-1.233808110032523e-05,1.0,-0.001541252895952729,1.00029495450258,-0.001411505215769566,1.0,0.000712092655155522,1.0,0.003474747665413179,1.0,-0.001738582307053652,1.0,1.0382954029001223,0.7177564145718796,4.57478347566429,True
20261041,ff,0,3.63,5.5,1,0,bounded,0.005,-25,3000,True,0.0001022638773780554,0.0001007181906783456,1.213093216543563,2.416906783456437,2.709191865730883,0.0009280583724297468,0.6100863657617543,0.6077026564626566,0.01334803394828722,1.0,0.002171183325340817,1.001001911745873,0.001664890148356752,1.0,-0.006444598892276086,1.0,-0.000740675161814832,1.0,-0.0005924383157229488,1.0,1.0153466487960068,0.7181906783455982,2.263877378055401,True
20261042,ff,0,3.63,5.5,1,0,bounded,0.005,-25,3000,True,0.0001021341554720028,0.0001007184504471727,1.210495528272787,2.419504471727213,2.709287983576292,0.0009273458449072657,0.6079910194925469,0.6051781956559329,-0.00918509358156565,1.0,0.002544420556398017,1.001607781865681,-0.0004295249934503136,1.0,-0.001401576450759836,1.0,-0.003265094201467279,1.0,-0.003224354740505117,1.0,1.01405606439083,0.7184504471726916,2.1341554720027966,True
20261043,ff,0,3.63,5.5,1,0,bounded,0.005,-25,3000,True,0.0001043590547930134,0.0001007180146121905,1.214853878095048,2.415146121904952,2.707654977074035,0.0009395812090917172,0.6052116136462897,0.6094102987098033,0.01299302543749283,1.0,0.003839362117050165,1.002764707440052,-0.003224900481544242,1.0,-0.004646180062096806,1.0,0.0009662636587116736,1.0,0.006038476585508433,1.0,1.036150833540976,0.7180146121904984,4.359054793013395,True
20261044,ff,0,3.63,5.5,1,0,bounded,0.005,-25,3000,True,0.0001018551480730406,0.0001007181625629507,1.213374370492859,2.416625629507141,2.709495101332926,0.0009258102591930039,0.6116468182470627,0.6079765444683272,5.308330359933914e-05,1.0,-0.00414814322146085,0.9987815892252012,0.003228276393037832,1.0,0.003711702764944277,1.0,-0.000466649482774895,1.0,-0.004285279292622728,1.0,1.0112887832855297,0.7181625629506971,1.8551480730405912,True
20261045,ff,0,3.63,5.5,1,0,bounded,0.005,-25,3000,True,0.0001028338110796217,0.0001007182838554542,1.212161445458019,2.417838554541981,2.708770914016015,0.0009311933460210199,0.6073943065902458,0.6067961978972867,-0.0005703470888215078,1.0,-0.002171320724533684,0.99915901367172,-0.001031259846214294,1.0,-0.006003627800051889,1.0,-0.001647326086529735,1.0,0.01625505545926418,1.0,1.021004401020212,0.7182838554542048,2.8338110796217064,True
20261046,ff,0,3.63,5.5,1,0,bounded,0.005,-25,3000,True,0.0001033247821400157,0.0001007179109327969,1.215890672031158,2.414109327968841,2.708410023944413,0.0009338923331440136,0.6094471661481854,0.6104194419925622,0.003800865344249653,1.0,0.001410479991859415,0.99752259303736,0.001018075650334773,1.0,0.004601586276759088,1.0,0.001975755551323098,1.0,-0.007712288320305525,1.0,1.0258828959325637,0.7179109327968947,3.324782140015703,True
20261047,ff,0,3.63,5.5,1,0,bounded,0.005,-25,3000,True,0.0001037228621547453,0.0001007181870869173,1.213129130827439,2.416870869172561,2.708118584938872,0.0009360827756642763,0.6055381814837179,0.6077352207384361,-0.009921115937495806,1.0,-0.005861348924407312,0.999814249883384,-0.002893766280835029,1.0,0.00934764847967292,1.0,-0.0007086015736234561,1.0,-0.001715224149696541,1.0,1.029832497533291,0.7181870869172879,3.722862154745288,True
20261048,ff,0,3.63,5.5,1,0,bounded,0.005,-25,3000,True,0.000103343906936571,0.0001007178996295207,1.216003704792891,2.413996295207109,2.708395998554014,0.0009339974784939873,0.6094961191487368,0.6105292460002845,0.005131120754937235,1.0,0.00133769125829999,0.9998461781288374,0.001066891378644324,1.0,0.0008533423998921461,1.0,0.002085553207719612,1.0,-0.01049290443293293,1.0,1.0260728958478063,0.7178996295206908,3.343906936570984,True
20261049,ff,0,3.63,5.5,1,0,bounded,0.005,-25,3000,True,0.0001023297617013501,0.0001007181598780616,1.213401219383984,2.416598780616016,2.709143092066626,0.0009284206244027547,0.61017565881257,0.6080018760658835,0.00242131568118633,1.0,0.00393913868173538,0.998210653400512,0.001753710296455104,1.0,-0.007507491525336973,1.0,-0.0004414774970797661,1.0,-0.007944985067323858,1.0,1.0160011047187483,0.7181598780616083,2.329761701350086,True
20261050,ff,0,3.63,5.5,1,0,bounded,0.005,-25,3000,True,0.0001029238400871062,0.0001007178312709919,1.2166872900811,2.4133127099189,2.708704617798191,0.0009316868626804273,0.611473697693713,0.6111941512812996,0.006280563166215039,1.0,-0.006590787040830747,1.00127805301224,0.003047485028049439,1.0,-0.01233806102060733,1.0,0.002750600263957032,1.0,0.00756355788912905,1.0,1.0219028625644133,0.7178312709918977,2.9238400871062,True
20261051,ff,0,3.63,5.5,1,0,bounded,0.005,-25,3000,True,0.0001033500499664602,0.0001007180633614839,1.214366385160768,2.415633614839233,2.708391494005376,0.0009340318595057015,0.6078988159677542,0.6089381868779383,0.003239707982773348,1.0,0.00682501909187344,0.9968456244089826,-0.000530455885049774,1.0,0.002412369641333909,1.0,0.0004944908446519013,1.0,0.003469579679291176,1.0,1.0261322201513141,0.7180633614839005,3.3500499664602,True
20261052,ff,0,3.63,5.5,1,0,bounded,0.005,-25,3000,True,0.0001046119689247842,0.0001007180865700051,1.214134299949247,2.415865700050753,2.707471403668553,0.000940972498023243,0.6037291062547782,0.6087106282774195,0.0008578270882559609,1.0,-0.005113368612787739,1.000114776216212,-0.004709223184146882,1.0,0.004082456323632338,1.0,0.0002665076453242599,1.0,-0.0009972356598703055,1.0,1.0386612026438033,0.7180865700050942,4.611968924784193,True
20261053,ff,0,3.63,5.5,1,0,bounded,0.005,-25,3000,True,0.0001030411033155314,0.0001007180380444725,1.214619555275237,2.415380444724763,2.708618347648657,0.0009323325610247882,0.6091123980572797,0.6091847053635984,-0.00478995274329375,1.0,-0.002199016828566223,1.000777929214916,0.0006853437241884667,1.0,0.008262893802823953,1.0,0.0007411134227408988,1.0,0.001743699690331516,1.0,1.0230650369701715,0.7180380444725021,3.0411033155314016,True
20261054,ff,0,3.63,5.5,1,0,bounded,0.005,-25,3000,True,0.0001026644513690816,0.0001007181907630937,1.213092369063014,2.416907630936985,2.708895775107097,0.0009302615296877565,0.6088242367469462,0.607701190852726,-0.007758094647493779,1.0,0.003197127214192698,0.9971133801332572,0.0003998859203508821,1.0,-0.00688222352912343,1.0,-0.0007422755009652173,1.0,-0.002362779528830091,1.0,1.0193238241398304,0.7181907630936957,2.6644513690815996,True
20261055,ff,0,3.63,5.5,1,0,bounded,0.005,-25,3000,True,0.0001010132239339239,0.0001007182704173445,1.212295826554761,2.417704173445239,2.710123317240458,0.0009211800679394372,0.6132707451798879,0.6069297171161209,0.006196244808632577,1.0,-0.002155698551582496,1.00166697356149,0.00485824649812965,1.0,-0.004004062041377397,1.0,-0.001513194436647535,1.0,0.0004675470557624501,1.0,1.0029285006122246,0.7182704173444909,1.0132239339238902,True
20261056,ff,0,3.63,5.5,1,0,bounded,0.005,-25,3000,True,0.0001029296200509915,0.0001007179478011723,1.21552198827633,2.41447801172367,2.708700363352904,0.000931719075486531,0.6103324108296849,0.6100618189718352,0.002847509053064508,1.0,0.0009376071789865768,0.9980040381341012,0.001906156684266989,1.0,-0.005178414529209785,1.0,0.001618265174510165,1.0,-0.01067990900293344,1.0,1.0219590678533808,0.7179478011722917,2.9296200509914883,True
20261057,ff,0,3.63,5.5,1,0,bounded,0.005,-25,3000,True,0.0001019889000524526,0.0001007181017824388,1.213982175612319,2.416017824387681,2.709395746232578,0.000926545674446647,0.6118105233274516,0.608566999318184,-0.004174781479584244,1.0,0.001390444853963754,1.000301778393228,0.003391021428778649,1.0,0.003235421345599325,1.0,0.000123760817099387,1.0,-0.002033692005938357,1.0,1.0126173770903553,0.7181017824387848,1.9889000524526024,True
20261058,ff,0,3.63,5.5,1,0,bounded,0.005,-25,3000,True,0.0001020346080408335,0.000100718472410399,1.210275896009523,2.419724103990476,2.709361820786237,0.0009267984137621511,0.6080932434726894,0.604964882943474,-0.003021216797904603,1.0,-0.002832400869078403,0.999108759213966,-0.0003265864845009061,1.0,-0.005841590655588523,1.0,-0.003478373589815019,1.0,-0.005595284627046475,1.0,1.0130674701366758,0.7184724103989959,2.0346080408334855,True
20261059,ff,0,3.63,5.5,1,0,bounded,0.005,-25,3000,True,0.0001027984792466779,0.0001007177832075633,1.217167924367174,2.412832075632826,2.708796946712853,0.0009309972035881099,0.6123309848118154,0.6116613666869969,0.002663589958953463,1.0,0.00973343270376243,0.9999547011287808,0.00390567194647715,1.0,0.00813691610789489,1.0,0.003217858178200698,1.0,-0.006747935864294651,1.0,1.0206586758847405,0.717783207563305,2.7984792466779096,True
20261060,ff,0,3.63,5.5,1,0,bounded,0.005,-25,3000,True,0.000104287915590076,0.0001007178293142985,1.216706857014653,2.413293142985347,2.707706686899872,0.0009391892708439642,0.6072193789486617,0.6112109780525722,-0.002375919293241864,1.0,-0.001937261081431495,0.9998433602347012,-0.001216624581146997,1.0,-0.002125676462254855,1.0,0.002766968257682254,1.0,0.0007023669584552361,1.0,1.0354464179786556,0.7178293142984904,4.287915590075997,True
20261061,ff,0,3.63,5.5,1,0,bounded,0.005,-25,3000,True,0.000103060431065563,0.00010071804539111,1.21454608889998,2.41545391110002,2.708604137074716,0.000932438890318406,0.6089808907955298,0.6091132821802299,0.01042781906864759,1.0,0.002266119438794216,0.9986376441677044,0.0005536977342273154,1.0,-0.011284994475865,1.0,0.0006696836859547309,1.0,-0.004811975153875547,1.0,1.023256861919401,0.7180453911100004,3.0604310655629963,True
20261062,ff,0,3.63,5.5,1,0,bounded,0.005,-25,3000,True,0.0001036480828072844,0.0001007180304654214,1.214695345785503,2.415304654214497,2.70817325218404,0.0009356709207172196,0.6072818534260694,0.6092573830340396,0.007534091825714396,1.0,-0.002288992440071684,1.000757480026288,-0.001149557607970176,1.0,-0.003508867210594932,1.0,0.0008135869967038247,1.0,-0.005657061188901589,1.0,1.029091636604917,0.7180304654214043,3.648082807284392,True
20261063,ff,0,3.63,5.5,1,0,bounded,0.005,-25,3000,True,0.0001031871993058769,0.0001007181555711483,1.213444288517193,2.416555711482807,2.708510993259805,0.0009331365155935156,0.6075209455317541,0.6080423571732212,0.01721373948670538,1.0,-0.00305317265692074,0.9991846949988912,-0.000907157425768268,1.0,0.009081161549102133,1.0,-0.0004012847485731127,1.0,0.002306812376896432,1.0,1.0245143859190753,0.7181555711482934,3.1871993058768977,True
20261064,ff,0,3.63,5.5,1,0,bounded,0.005,-25,3000,True,0.0001019949407335634,0.0001007181749054088,1.21325094591199,2.41674905408801,2.709391261896845,0.0009265791636290108,0.6110865535157165,0.6078563735513453,0.00161253409114786,1.0,-0.005974826466525879,1.000819159176215,0.002667008262924923,1.0,0.005032381989308689,1.0,-0.0005868675060448665,1.0,0.002469520551036154,1.0,1.012676617992271,0.7181749054087971,1.9949407335633884,True
20261065,ff,0,3.63,5.5,1,0,bounded,0.005,-25,3000,True,0.0001024317613010322,0.0001007179856717328,1.215143282672227,2.414856717327773,2.70906764026291,0.0009289809898319467,0.6115335836835538,0.6096946158970776,-0.008544023913758993,1.0,0.003607484725895283,1.001939247451998,0.003110903030324739,1.0,-0.01557842399300955,1.0,0.001251229277425619,1.0,-0.005354756804333506,1.0,1.0170155868176818,0.7179856717328015,2.431761301032198,True
20261066,ff,0,3.63,5.5,1,0,bounded,0.005,-25,3000,True,0.0001013064180106565,0.0001007183820170084,1.211179829915931,2.418820170084069,2.709903992971725,0.0009227930404682828,0.6112659541065402,0.6058446178382854,0.004983868317857998,1.0,0.0006605459443223745,1.000349907760601,0.002851350936815367,1.0,0.008065926955327311,1.0,-0.002598393127745061,1.0,0.00201618066875546,1.0,1.0058384177929782,0.718382017008401,1.306418010656496,True
20261067,ff,0,3.63,5.5,1,0,bounded,0.005,-25,3000,True,0.0001013580016414278,0.0001007183420463448,1.211579536551899,2.418420463448101,2.709865467041498,0.0009230766053439077,0.6114880614366502,0.6062330136099376,-6.090253992760907e-05,1.0,0.003380923612400111,0.9990556089339144,0.003073088006974675,1.0,0.01240267706500572,1.0,-0.002210014418932564,1.0,0.001914818513871402,1.0,1.006350974232565,0.7183420463447998,1.3580016414277862,True
20261068,ff,0,3.63,5.5,1,0,bounded,0.005,-25,3000,True,0.000104920918145675,0.0001007178555793601,1.216444206398488,2.413555793601512,2.707247717993596,0.0009426708802421379,0.6049923359091922,0.6109547516724443,-0.001157068696844608,1.0,0.002670443610000204,1.00192673434647,-0.003448211050405953,1.0,-0.001808111433258785,1.0,0.002510528785860784,1.0,-0.008112238279463092,1.0,1.0417310569425609,0.7178555793601049,4.920918145674991,True
20261069,ff,0,3.63,5.5,1,0,bounded,0.005,-25,3000,True,0.0001020378398366067,0.0001007182968846923,1.212031153076379,2.417968846923621,2.709359422615272,0.0009268155514805944,0.6097752717189976,0.6066708455214564,0.001472717280542755,1.0,0.0008096315990771497,0.9989783057298354,0.001355418554039361,1.0,-0.01480558380993582,1.0,-0.001772410839635088,1.0,-0.01036484133898709,1.0,1.0131013231232957,0.7182968846922932,2.037839836606703,True
20261070,ff,0,3.63,5.5,1,0,bounded,0.005,-25,3000,True,0.0001022058190532409,0.0001007183749149454,1.211250850546158,2.418749149453841,2.709234870160619,0.0009277397204217545,0.6084932720414226,0.6059122022871888,-0.0008364710255832889,1.0,-0.003206410629910219,0.9997039348928236,7.22131673269644e-05,1.0,-0.003983409512240397,1.0,-0.002531111131644441,1.0,-0.0075581596126465,1.0,1.0147683492664732,0.7183749149453966,2.2058190532408872,True
20261071,ff,0,3.63,5.5,1,0,bounded,0.005,-25,3000,True,0.0001017288816998434,0.0001007181635065587,1.213364934412493,2.416635065587507,2.709589007623857,0.0009251157975658734,0.6120365522866614,0.6079675766506006,0.01195296821751581,1.0,0.001670919773089724,0.9985111762347416,0.003618916744784982,1.0,-0.003696571114326367,1.0,-0.0004755748389783481,1.0,-0.008192903556934267,1.0,1.010035113410491,0.7181635065586889,1.7288816998433987,True
20261072,ff,0,3.63,5.5,1,0,bounded,0.005,-25,3000,True,0.0001023543655394992,0.0001007182308148952,1.212691851047768,2.417308148952232,2.709124885540948,0.000928556203013008,0.6094143234549546,0.6073124476856531,-0.00753541233983798,1.0,-0.01098276234390799,1.002831078760402,0.0009921983431785744,1.0,-0.003667243048507399,1.0,-0.001130914661399703,1.0,-0.00883482422199156,1.0,1.0162446729987837,0.7182308148951932,2.3543655394991925,True
20261073,ff,0,3.63,5.5,1,0,bounded,0.005,-25,3000,True,0.0001039178364202247,0.0001007179685500303,1.215314499697213,2.414685500302787,2.707976221989692,0.0009371543408358922,0.6070342588223717,0.6098586124342696,-0.001418502526922718,1.0,0.002894514540931494,0.9978253116432437,-0.001399088410696652,1.0,-0.0002561215031551513,1.0,0.001414726112507941,1.0,0.01228798786982825,1.0,1.031770575958399,0.7179685500303012,3.9178364202246962,True
20261074,ff,0,3.63,5.5,1,0,bounded,0.005,-25,3000,True,0.0001034110042013108,0.0001007180056104826,1.214943895173874,2.415056104826126,2.708346811121675,0.0009343668981610233,0.608264294281594,0.6094992924450494,0.004424990353289136,1.0,-0.001837185733567171,0.9976691155457332,-0.000165415084152154,1.0,-0.009657610141839985,1.0,0.001055576324778433,1.0,-0.003475429761227685,1.0,1.0267380055284565,0.718005610482586,3.4110042013107966,True
20261075,ff,0,3.63,5.5,1,0,bounded,0.005,-25,3000,True,0.0001018688886818691,0.0001007181610283783,1.2133897162166,2.4166102837834,2.709484888777685,0.0009258858269710735,0.611618224365451,0.607991435734791,-0.00498843501181542,1.0,-0.003158479806503686,1.00215699029562,0.003199583884348917,1.0,-1.007778598608893e-05,1.0,-0.000451762826790511,1.0,-0.007234826964094917,1.0,1.0114252250213998,0.7181610283782947,1.8688886818690964,True
20261076,ff,0,3.63,5.5,1,0,bounded,0.005,-25,3000,True,0.0001023214304982983,0.0001007181902051001,1.213097948999064,2.416902051000935,2.70914925797552,0.0009283749128729153,0.6099095625445152,0.6077071633851614,0.002666686299758852,1.0,0.0003964246345608562,1.002896893324503,0.001487673829480463,1.0,0.003767947541759003,1.0,-0.0007361875932546609,1.0,-0.01242448944873376,1.0,1.015918080834588,0.7181902051000888,2.3214304982982936,True
20261077,ff,0,3.63,5.5,1,0,bounded,0.005,-25,3000,True,0.0001033910754424543,0.0001007178865909609,1.216134090390913,2.413865909609087,2.708361417322567,0.0009342568579464677,0.6094738589726117,0.6106558662285865,0.004650279642364791,1.0,-8.54520530789597e-05,0.9990883181651736,0.001044292641677524,1.0,0.0160356063965925,1.0,0.002212157664953457,1.0,0.007084907270242504,1.0,1.0265413517099484,0.7178865909609033,3.3910754424542944,True
20261078,ff,0,3.63,5.5,1,0,bounded,0.005,-25,3000,True,0.0001030218865950677,0.0001007180956606534,1.214043393465887,2.415956606534113,2.708632479051866,0.0009322270782088737,0.608617411912955,0.6086248347757635,0.001951423661772926,1.0,0.00227299558396253,1.000163062343994,0.0001904955151196057,1.0,-0.002573825782977617,1.0,0.0001812488848906896,1.0,-0.004300491492292803,1.0,1.0228736546228634,0.718095660653395,3.02188659506768,True
20261079,ff,0,3.63,5.5,1,0,bounded,0.005,-25,3000,True,0.0001036934753063239,0.0001007179904375872,1.215095624128135,2.414904375871865,2.708140063736361,0.000935920434160971,0.6075254820915799,0.6096462819897855,0.00358795325907928,1.0,-0.005899671526075283,1.000913703756936,-0.000906254756409104,1.0,-0.01167300870408443,1.0,0.001202470972349182,1.0,-0.004046309407726855,1.0,1.0295427346773818,0.7179904375872015,3.6934753063239123,True
20261080,ff,0,3.63,5.5,1,0,bounded,0.005,-25,3000,True,0.000102585199741279,0.0001007181933082565,1.213066917434835,2.416933082565166,2.70895426963438,0.0009298256549736051,0.6090490612908048,0.607676583133676,-0.01036423424240118,1.0,-0.008737524900506204,0.9976583408072716,0.0006252793105342578,1.0,0.001094236530587869,1.0,-0.0007668565828514567,1.0,0.001107450798472643,1.0,1.0185369333155965,0.7181933082564873,2.5851997412789984,True
20261081,ff,0,3.63,5.5,1,0,bounded,0.005,-25,3000,True,0.0001022923132580349,0.0001007184290412004,1.210709587995558,2.419290412004442,2.709170811271931,0.0009282156350267055,0.6076988550590006,0.6053859960831429,0.00222263966055888,1.0,0.002945705397397344,1.002508755442341,-0.0007228246453851268,1.0,-0.001870564626068932,1.0,-0.003057346815371352,1.0,0.01097923067488028,1.0,1.0156265763060173,0.7184290412003858,2.292313258034895,True
20261082,ff,0,3.63,5.5,1,0,bounded,0.005,-25,3000,True,0.0001038400425150759,0.0001007181597210474,1.213402789525466,2.416597210474533,2.708032994345732,0.000936727168308125,0.6054351941980549,0.6080009813645095,0.006143384425142651,1.0,0.002293192559317103,1.001311678711696,-0.002997594647024906,1.0,-0.02092381926741343,1.0,-0.0004428801635865756,1.0,0.001691590278333388,1.0,1.0309962255334586,0.7181597210474067,3.840042515075903,True
20261083,ff,0,3.63,5.5,1,0,bounded,0.005,-25,3000,True,0.0001032352451790946,0.0001007179782099373,1.215217900627192,2.414782099372808,2.708475719097332,0.0009334001240747917,0.6090796533551976,0.6097658374947001,0.001774571408007803,1.0,-0.005641749853394325,0.9986469072731874,0.0006512055288816316,1.0,-0.002720917563029478,1.0,0.001322180685598597,1.0,0.007559078257579279,1.0,1.0249932237907942,0.7179782099373089,3.2352451790945924,True
20261084,ff,0,3.63,5.5,1,0,bounded,0.005,-25,3000,True,0.0001028856115992288,0.0001007182876902732,1.212123097268154,2.417876902731846,2.708732762165727,0.0009314782627992601,0.6071945365540449,0.606758845213741,0.0007821260067862983,1.0,0.00347577614054335,1.00012003363667,-0.001231401691096362,1.0,-0.01137113821846477,1.0,-0.001684696220122784,1.0,-0.003352999988208071,1.0,1.0215186731095003,0.7182876902732005,2.885611599228799,True
20261085,ff,0,3.63,5.5,1,0,bounded,0.005,-25,3000,True,0.0001040486525546119,0.0001007177800752097,1.217199247903215,2.412800752096785,2.707880844319404,0.0009378731454109319,0.6084414720153676,0.6116897989562581,-0.0178380337828314,1.0,-0.007641748418748816,0.9982503305137628,7.185821079163398e-06,1.0,-0.008958630150133191,1.0,0.003245869988098583,1.0,0.007403487154651008,1.0,1.033071345267091,0.7177800752097063,4.048652554611887,True
20261086,ff,0,3.63,5.5,1,0,bounded,0.005,-25,3000,True,0.000103483933675415,0.0001007179449517106,1.215550482894082,2.414449517105917,2.708293381948461,0.0009347677900771808,0.608620295144827,0.6100886195850274,-0.01051785718656612,1.0,0.003158551523237673,1.001380697242813,0.0001900623119669423,1.0,0.01412338172495116,1.0,0.001644879370937796,1.0,0.01091300663333724,1.0,1.027462720025022,0.7179449517105807,3.4839336754149963,True
20261087,ff,0,3.63,5.5,1,0,bounded,0.005,-25,3000,True,0.000103905384593384,0.0001007181945173859,1.213054826140615,2.416945173859385,2.707985306408959,0.0009370866760495065,0.6048954056329574,0.6076627164372604,-0.005121409692976957,1.0,-0.006561462695049542,1.00304459690797,-0.003537852211773194,1.0,-0.009351902701382697,1.0,-0.0007811673175048467,1.0,0.003558821262017348,1.0,1.0316446307568383,0.7181945173859061,3.905384593383987,True
20261088,ff,0,3.63,5.5,1,0,bounded,0.005,-25,3000,True,0.0001023916559706155,0.000100718222353987,1.212776460129852,2.417223539870148,2.709097298876562,0.0009287612696711479,0.6093784192240769,0.6073946151454898,-0.0008291675251925227,1.0,0.004242765279575431,1.001573164532431,0.0009560264507918672,1.0,-0.003325906216385677,1.0,-0.001048759683112815,1.0,0.01551012120099177,1.0,1.0166150034970536,0.718222353986997,2.3916559706155027,True
20261089,ff,0,3.63,5.5,1,0,bounded,0.005,-25,3000,True,0.0001035038558602235,0.0001007179610782729,1.215389217271069,2.414610782728931,2.708278792772534,0.000934877420633186,0.6084024344974566,0.6099318813845792,0.004798322943916694,1.0,-0.001577162457631029,0.9973882841376938,-2.794132915237905e-05,1.0,0.008184256443182191,1.0,0.001488134354146682,1.0,0.009202238145251895,1.0,1.0276603572205512,0.7179610782729107,3.5038558602235037,True
20261090,ff,0,3.63,5.5,1,0,bounded,0.005,-25,3000,True,0.0001019598118885039,0.0001007182960660846,1.212039339153659,2.417960660846341,2.709417343473845,0.0009263863947942961,0.610029377094551,0.6066789264815892,-0.00524644776559524,1.0,-0.002651856601623561,0.9978606029740952,0.001610083995797742,1.0,0.003619895147724379,1.0,-0.001764303629758936,1.0,-0.005774506415865477,1.0,1.0123266166219165,0.7182960660846005,1.9598118885038929,True
20261091,ff,0,3.63,5.5,1,0,bounded,0.005,-25,3000,True,0.0001038947876105017,0.0001007180701615995,1.214298384004845,2.415701615995155,2.70799303839779,0.0009370279412320873,0.6061270811946323,0.6088712318189611,0.0006530206718977444,1.0,0.000198367479701102,0.9987437168920048,-0.002306100596336461,1.0,-0.002825003646918039,1.0,0.0004273525204609392,1.0,-0.009778105709931768,1.0,1.031540690203905,0.7180701615995044,3.8947876105017043,True
20261092,ff,0,3.63,5.5,1,0,bounded,0.005,-25,3000,True,0.0001037453841368379,0.0001007178357233266,1.216642766733846,2.413357233266154,2.708102127497379,0.0009362053711161015,0.6088539820160628,0.611149572568673,0.003643027648338471,1.0,-0.0006645114034350995,0.9976655648189998,0.0004218725753831192,1.0,0.00342638213211235,1.0,0.002705745202172082,1.0,0.003088521673839517,1.0,1.0300597048354774,0.7178357233265986,3.7453841368378926,True
20261093,ff,0,3.63,5.5,1,0,bounded,0.005,-25,3000,True,0.0001032706586616943,0.0001007179561621544,1.215438378455744,2.414561621544256,2.708449729135225,0.0009335948181957485,0.6091810372929272,0.6099800265186751,-0.007053829059705592,1.0,-0.005657182360385218,0.9956270840055476,0.0007523352786396746,1.0,0.01267876916548897,1.0,0.001536357956834947,1.0,0.0125529402855232,1.0,1.0253450585854829,0.7179561621543984,3.2706586616942923,True
20261094,ff,0,3.63,5.5,1,0,bounded,0.005,-25,3000,True,0.0001022032857321502,0.0001007183011239129,1.211988760871323,2.418011239128677,2.709236747138116,0.000927725519294321,0.6092126425393356,0.6066293801561298,0.002731867649168058,1.0,-0.001447961514405673,1.003479192479694,0.000791601844288381,1.0,0.00830417224396999,1.0,-0.001813931881296728,1.0,-0.01118441611415865,1.0,1.0147439401942489,0.71830112391289,2.2032857321502064,True
20261095,ff,0,3.63,5.5,1,0,bounded,0.005,-25,3000,True,0.0001036007799333821,0.0001007182042475732,1.212957524267366,2.417042475732634,2.708207851801677,0.0009354113857401125,0.6057550728139203,0.6075686430838912,0.008030943188152362,1.0,-0.003005456809860611,0.9974688572923964,-0.002675998685911796,1.0,-0.006254318312165255,1.0,-0.0008751382903335657,1.0,0.00488818381608015,1.0,1.0286202053277609,0.7182042475731842,3.6007799333821033,True
20261096,ff,0,3.63,5.5,1,0,bounded,0.005,-25,3000,True,0.0001037925645324461,0.0001007180317658949,1.214682341050284,2.415317658949716,2.708067662250442,0.0009364655749264096,0.6068169800296866,0.6092445139747078,0.004655010815668722,1.0,0.006433750031439795,1.000180759259142,-0.001615468043209811,1.0,0.005723633901258575,1.0,0.0008006693332311031,1.0,0.002164560874624252,1.0,1.0305261402813901,0.7180317658948887,3.7925645324460966,True
20261097,ff,0,3.63,5.5,1,0,bounded,0.005,-25,3000,True,0.0001045392115204873,0.000100717950707787,1.215492922130158,2.414507077869842,2.707524171011295,0.0009405718391195847,0.6052652748493609,0.6100309951580566,-0.0008632369719437225,1.0,0.004297810003481109,1.000185166574393,-0.003172532374957386,1.0,-0.01021109425227589,1.0,0.001586899971749019,1.0,0.007310037326117728,1.0,1.0379402160771414,0.7179507077869962,4.539211520487307,True
20261098,ff,0,3.63,5.5,1,0,bounded,0.005,-25,3000,True,0.0001038984157823091,0.0001007182197530581,1.212802469418541,2.417197530581459,2.707990391054022,0.0009370484391943885,0.6046739782276807,0.6074174771644478,-0.004232990052023617,1.0,0.005843290334735345,1.00141821456094,-0.003759229595937385,1.0,0.008055551889971318,1.0,-0.001026404427475773,1.0,-0.003213527442077178,1.0,1.0315751811047518,0.7182197530581025,3.898415782309095,True
20261099,ff,0,3.63,5.5,1,0,bounded,0.005,-25,3000,True,0.0001035060747489763,0.0001007180251341143,1.214748658856523,2.415251341143478,2.708277168024254,0.0009348898570439388,0.6077781233299883,0.609309418173734,0.004373463150299234,1.0,0.0002171468408014365,0.9977190532819358,-0.0006522684191685238,1.0,-0.002834821259814204,1.0,0.0008656699374808644,1.0,0.0005036819151312632,1.0,1.0276817343385107,0.7180251341142974,3.5060747489763067,True
20261100,ff,0,3.63,5.5,1,0,bounded,0.005,-25,3000,True,0.000102061320570515,0.0001007182642242344,1.212357757655717,2.417642242344283,2.709342000737523,0.0009269445769595978,0.6100160590887471,0.6069882259935417,-0.00190250764083775,1.0,-0.003596882730753179,0.9985336072512416,0.001596037382691817,1.0,-0.006261655006796744,1.0,-0.001455038030728828,1.0,-0.004953000323648022,1.0,1.0133347844765321,0.7182642242343995,2.0613205705150017,True
20261101,ff,0,3.63,5.5,1,0,bounded,0.005,-25,3000,True,0.0001028903652575668,0.0001007180955145953,1.214044854047031,2.415955145952969,2.70872926192291,0.0009315037103223264,0.6090320221177743,0.6086264649562987,-0.007247908453313317,1.0,-0.006124794010023512,0.999756349056904,0.0006060497405913552,1.0,0.004486297701589616,1.0,0.0001829233022517945,1.0,-0.002461527342647529,1.0,1.0215678198825424,0.7180955145952961,2.890365257566785,True
20261102,ff,0,3.63,5.5,1,0,bounded,0.005,-25,3000,True,0.0001028190887978813,0.0001007182579706082,1.212420293918142,2.417579706081858,2.708781760463973,0.0009311122795094429,0.6076901038707087,0.6070477881825197,-0.004431685329095489,1.0,-0.003556406533883197,0.998461688578114,-0.0007353568950780867,1.0,-0.004564725537982547,1.0,-0.00139573066391593,1.0,-0.01325905109014184,1.0,1.0208584905021507,0.7182579706081826,2.819088797881286,True
20261103,ff,0,3.63,5.5,1,0,bounded,0.005,-25,3000,True,0.000101872776089456,0.0001007182685890641,1.212314109359118,2.417685890640882,2.70948199973826,0.0009259075981579476,0.6105690176546555,0.606946107878555,-0.0004822248610178705,1.0,-0.0002880201685203794,1.002323351474223,0.002150349277201334,1.0,-0.002365212772601214,1.0,-0.001497092762149313,1.0,0.003654661626652834,1.0,1.0114627417306223,0.7182685890640972,1.8727760894559964,True
20261104,ff,0,3.63,5.5,1,0,bounded,0.005,-25,3000,True,0.000101423134429906,0.0001007183228328442,1.211771671557726,2.418228328442274,2.709816847864255,0.000923434765935531,0.6114672014998054,0.6064196444012608,0.009645796612850761,1.0,-0.001220875691544727,1.00188818656376,0.003051760558432029,1.0,0.009276477911352792,1.0,-0.00202340539650986,1.0,0.001225445773341892,1.0,1.0069978488247022,0.7183228328442093,1.4231344299060034,True
20261105,ff,0,3.63,5.5,1,0,bounded,0.005,-25,3000,True,0.0001017211970489012,0.0001007184692536436,1.210307463563971,2.419692536436028,2.709594726329086,0.0009250746418476434,0.6091131293250197,0.6049960676612728,-0.007573960481239047,1.0,0.00268632929905134,1.000583754798501,0.0006955489605949605,1.0,0.006840926077108021,1.0,-0.003447083436979101,1.0,0.01107441962230713,1.0,1.0099557489573476,0.7184692536436055,1.7211970489011907,True
20261106,ff,0,3.63,5.5,1,0,bounded,0.005,-25,3000,True,0.000102088496608273,0.0001007182464472804,1.21253552719583,2.41746447280417,2.709321841740556,0.0009270939806370821,0.6101017117770243,0.6071609498282206,-0.005243865840074056,1.0,0.002984734370185314,1.003810959010655,0.001681495006818779,1.0,-0.007503363367950915,1.0,-0.001282323208875262,1.0,0.001642606836960535,1.0,1.0136047857198331,0.7182464472804018,2.088496608272994,True
20261107,ff,0,3.63,5.5,1,0,bounded,0.005,-25,3000,True,0.0001022573722799596,0.0001007185553990934,1.209446009065477,2.420553990934523,2.709196682994872,0.0009280239183266876,0.6065907411469894,0.6041578952357907,-0.009239395015707573,1.0,0.007630970557527973,0.999748667782844,-0.001830687752240584,1.0,-0.001120041429861221,1.0,-0.004285436817140964,1.0,-0.01672437375474901,1.0,1.015278385147292,0.7185553990934013,2.2573722799595908,True
20261108,ff,0,3.63,5.5,1,0,bounded,0.005,-25,3000,True,0.0001040111030266982,0.0001007179948826511,1.215051173488932,2.414948826511067,2.707908210139215,0.0009376674027587123,0.6064888085706861,0.6096025782625526,0.003704862343890229,1.0,0.004410230393087894,1.000598688251852,-0.001945208094091394,1.0,0.008856994470454104,1.0,0.001158660382690425,1.0,-0.007927974176023164,1.0,1.0326963235108482,0.7179948826510962,4.011103026698204,True
20261109,ff,0,3.63,5.5,1,0,bounded,0.005,-25,3000,True,0.0001027756801887297,0.0001007182638020758,1.212361979242003,2.417638020757997,2.70881374961674,0.0009308735533274609,0.6077703603497,0.6069911838036034,0.006492579326468398,1.0,-0.002161052693016871,0.999996248950172,-0.0006547888413001849,1.0,0.002765669089205044,1.0,-0.001452320484687701,1.0,-0.006961341284307345,1.0,1.020427440952487,0.7182638020758025,2.77568018872969,True
20261110,ff,0,3.63,5.5,1,0,bounded,0.005,-25,3000,True,0.0001027500087390703,0.0001007182606886933,1.21239311306719,2.41760688693281,2.708832673632203,0.0009307323490525663,0.607881091816126,0.6070214828148062,0.008115435098193404,1.0,-0.0006770657944046876,0.9976041297126331,-0.000543873112768512,1.0,-0.00272559863177441,1.0,-0.001422012816844477,1.0,0.006366937891263661,1.0,1.0201725887290376,0.7182606886932952,2.7500087390702976,True
20261111,ff,0,3.63,5.5,1,0,bounded,0.005,-25,3000,True,0.0001037069535502138,0.000100717790546561,1.217094534389619,2.412905465610381,2.708130211806876,0.0009359938388979921,0.6094096687581038,0.611588601233517,0.01397126174873401,1.0,-0.001094446336993312,1.002874278982962,0.000977835155878121,1.0,-0.004800595092533139,1.0,0.003144787116782318,1.0,0.005890366786624713,1.0,1.0296785998524356,0.7177905465610035,3.7069535502137985,True
20261112,ff,0,3.63,5.5,1,0,bounded,0.005,-25,3000,True,0.0001028880656627412,0.000100718296107167,1.212038928329607,2.417961071670393,2.708730955155849,0.0009314917907020482,0.6071056890363404,0.6066770393535411,-0.002225736568382795,1.0,0.002072975896428024,0.9981278127440579,-0.00132026682283324,1.0,0.01219319268936325,1.0,-0.001766502966093109,1.0,0.007406896428613284,1.0,1.0215429533603855,0.7182961071670046,2.8880656627412016,True
20261113,ff,0,3.63,5.5,1,0,bounded,0.005,-25,3000,True,0.000104061240319842,0.0001007177597537811,1.217402462188547,2.412597537811453,2.707871672507226,0.0009379423043532388,0.6085979437647427,0.611887231203525,-0.001881733354376886,1.0,0.0008955409451817367,1.002230400744412,0.0001635672189665134,1.0,-0.01073846680640208,1.0,0.003443298147334439,1.0,-0.01000973829260945,1.0,1.0331965342977694,0.7177597537810998,4.0612403198419855,True
20261114,ff,0,3.63,5.5,1,0,bounded,0.005,-25,3000,True,0.0001044553443162127,0.0001007179722121466,1.21527787853349,2.41472212146651,2.707585038183253,0.0009401106475572119,0.6053196931987366,0.6098221649352275,0.01160156566756635,1.0,0.002157069836970772,1.001977628038466,-0.003117512059451719,1.0,-0.001333097270832661,1.0,0.001378097802410604,1.0,-0.002368945159149474,1.0,1.0371073009312968,0.7179722121466003,4.455344316212684,True
20261115,ff,0,3.63,5.5,1,0,bounded,0.005,-25,3000,True,0.0001040050967517008,0.0001007177807837952,1.217192162047809,2.41280783795219,2.707912588321872,0.0009376335910672704,0.608570828304978,0.6116829837472574,-0.004189472251375748,1.0,-0.001452211037381758,1.000694853737887,0.0001368547380395178,1.0,-0.01224081610295307,1.0,0.003239069423470041,1.0,-0.005270455491160684,1.0,1.032638884041362,0.7177807837951855,4.0050967517007985,True
20261116,ff,0,3.63,5.5,1,0,bounded,0.005,-25,3000,True,0.0001035076345186586,0.0001007180711649339,1.214288350660939,2.415711649339061,2.708276025925552,0.000934898602869092,0.6073295900232428,0.6088621020958092,0.002206961016567009,1.0,0.005697790013961994,0.9993853718382651,-0.001100812918622072,1.0,-0.001617310629460022,1.0,0.0004183530047341042,1.0,0.0005993760402575114,1.0,1.0276967511535895,0.7180711649338978,3.5076345186585867,True
20261117,ff,0,3.63,5.5,1,0,bounded,0.005,-25,3000,True,0.0001013407603386245,0.0001007182035707994,1.212964292006073,2.417035707993927,2.70987834190506,0.0009229812755123929,0.6128777075173442,0.607578842538027,0.01258603125785148,1.0,0.001247307537124173,0.9976340072857676,0.004462857833957926,1.0,-0.001598483913253069,1.0,-0.0008641786985505155,1.0,-0.002837348221406004,1.0,1.00618117426397,0.7182035707993917,1.3407603386244915,True
20261118,ff,0,3.63,5.5,1,0,bounded,0.005,-25,3000,True,0.0001035743505803826,0.000100718129152588,1.213708474119318,2.416291525880682,2.708227189922747,0.0009352657517039491,0.6065616560088068,0.6082984753250509,-0.009910938897586733,1.0,0.005747941659441574,1.003409959293348,-0.001869225794750141,1.0,0.004138096666863193,1.0,-0.0001452966211843181,1.0,0.001643168012663537,1.0,1.0283585631685774,0.7181291525879985,3.5743505803826014,True
20261119,ff,0,3.63,5.5,1,0,bounded,0.005,-25,3000,True,0.0001030237143803863,0.0001007182907355118,1.212092644881471,2.417907355118529,2.708631134847516,0.0009322378391496825,0.6067313289696207,0.6067290278941233,-0.001440814214922481,1.0,0.005396427408549625,1.003039106687831,-0.001695600535648825,1.0,0.01347190551866058,1.0,-0.00171456001092754,1.0,-0.006015533329671047,1.0,1.0228898209852328,0.7182907355117951,3.0237143803862887,True
20261120,ff,0,3.63,5.5,1,0,bounded,0.005,-25,3000,True,0.0001027593288362976,0.0001007181435650327,1.213564349672867,2.416435650327133,2.708825802701529,0.0009307831844286203,0.6089807877165084,0.6081597201563433,-0.004099629574395964,1.0,0.003631696215051082,0.9981326676005817,0.0005557558834978926,1.0,-0.003677026620998875,1.0,-0.0002837777697625397,1.0,-0.0009909890722725873,1.0,1.0202663115007369,0.7181435650327028,2.759328836297592,True
20261121,ff,0,3.63,5.5,1,0,bounded,0.005,-25,3000,True,0.0001035412730588963,0.0001007182607994104,1.212392005896163,2.417607994103837,2.708251398927605,0.0009350843032138766,0.6053964076488718,0.6070191385921355,-0.02306949569971921,1.0,0.006869240240560194,1.001321686959466,-0.003034236727548959,1.0,0.002136068461664597,1.0,-0.001424623173191744,1.0,0.0009497842590618087,1.0,1.0280288026925741,0.7182607994103973,3.541273058896288,True
20261122,ff,0,3.63,5.5,1,0,bounded,0.005,-25,3000,True,0.0001020127620791005,0.0001007182853045463,1.212146954536983,2.417853045463017,2.709378033557571,0.0009266775817787176,0.6099660327831847,0.6067834305428418,0.005454299295817802,1.0,0.007746509248123297,1.001605071934657,0.001546359619717966,1.0,-0.002092526366648243,1.0,-0.001659817300556167,1.0,-0.004871924467046413,1.0,1.0128524504824525,0.7182853045462956,2.012762079100505,True
20261123,ff,0,3.63,5.5,1,0,bounded,0.005,-25,3000,True,0.0001044992157650864,0.0001007178591705717,1.216408294283026,2.413591705716974,2.707553192519043,0.0009403515301849645,0.6062721280574187,0.6109205321807162,-0.003320250314035729,1.0,-0.003931516988497438,0.9995901245803046,-0.002165392099152057,1.0,0.005477803471479387,1.0,0.002476451103210978,1.0,-0.001257524262261068,1.0,1.03754405252112,0.7178591705716997,4.499215765086384,True
20261124,ff,0,3.63,5.5,1,0,bounded,0.005,-25,3000,True,0.0001024987675584815,0.0001007180833817772,1.214166182228042,2.415833817771958,2.709018112076906,0.0009293498789355757,0.6103807488188179,0.6087449978240114,0.0007326430161057507,1.0,0.004099107583867386,0.9993671817823232,0.001957587218530225,1.0,-0.003004937944672088,1.0,0.0003015879665553433,1.0,0.004126315548289752,1.0,1.0176798854477256,0.7180833817771903,2.4987675584815072,True
20261125,ff,0,3.63,5.5,1,0,bounded,0.005,-25,3000,True,0.0001036437682712137,0.0001007181912425762,1.213087574237365,2.416912425762635,2.708176407435471,0.0009356477743900877,0.6057457812335819,0.6076949614440674,0.008490423301348606,1.0,-0.00434317579516169,0.9965239866286983,-0.002685598822472914,1.0,0.0075257832232352,1.0,-0.0007488342955116543,1.0,-0.003111784870854518,1.0,1.0290471561546548,0.7181912425761938,3.64376827121371,True
20261126,ff,0,3.63,5.5,1,0,bounded,0.005,-25,3000,True,0.0001012467951413481,0.0001007185238491475,1.20976150852462,2.42023849147538,2.709948545927358,0.0009224656295377474,0.6100871723716853,0.6044661768845775,0.001401663699594954,1.0,0.001453780574041678,0.9971853918904727,0.001672997172500327,1.0,0.007182007180695489,1.0,-0.003976815045412237,1.0,-0.005417411471077887,1.0,1.0052450261581656,0.718523849147501,1.2467951413480893,True
20261127,ff,0,3.63,5.5,1,0,bounded,0.005,-25,3000,True,0.0001046243079795933,0.0001007178493763886,1.216506236113737,2.413493763886263,2.7074624581519,0.0009410395018118617,0.6059763455870208,0.6110155002244333,-0.006474297442766515,1.0,-0.003544557482677358,0.998270175653827,-0.002462072430848959,1.0,-0.009850189666867615,1.0,0.002571377143842858,1.0,-0.00166996403334423,1.0,1.0387861598256138,0.7178493763885907,4.624307979593301,True
20261128,ff,0,3.63,5.5,1,0,bounded,0.005,-25,3000,True,0.0001026685617844496,0.0001007183027610272,1.211972389727383,2.418027610272617,2.708892742415142,0.0009302845435248991,0.6077316825837762,0.6066127235817977,-0.01121500748800329,1.0,0.001570603166430103,1.000344930369877,-0.0006926977394103027,1.0,0.008668842837113007,1.0,-0.001830744957827522,1.0,-0.004614078425011992,1.0,1.0193635016671176,0.7183027610271786,2.6685617844495857,True
20261129,ff,0,3.63,5.5,1,0,bounded,0.005,-25,3000,True,0.0001019884083119021,0.0001007183674720704,1.211325279295637,2.418674720704363,2.709396111289885,0.0009265439343268695,0.6092507251219915,0.6059848890374372,0.01074777437278929,1.0,-0.002733996678548789,0.9993557899007944,0.0008312267691517296,1.0,-0.005711944254133314,1.0,-0.002458351204304355,1.0,0.00312133711043795,1.0,1.0126098235278078,0.7183674720703914,1.9884083119021012,True
20261130,ff,0,3.63,5.5,1,0,bounded,0.005,-25,3000,True,0.000102787637850506,0.0001007181560720668,1.213439279332155,2.416560720667845,2.708804936387733,0.0009309389294071596,0.6087712178381233,0.608038129568551,0.001361138196222209,1.0,0.001444916579008643,1.001262967226704,0.0003459828119210728,1.0,0.0006584676946366461,1.0,-0.0004053779687207982,1.0,0.01250689165491269,1.0,1.020547256414806,0.7181560720668001,2.7876378505059973,True
20261131,ff,0,3.63,5.5,1,0,bounded,0.005,-25,3000,True,0.0001029908370068693,0.0001007181766722544,1.21323327745627,2.41676672254373,2.708655317186165,0.0009320565995457094,0.6079340751925044,0.6078376067151398,-0.006311616661348256,1.0,-0.004333228457335871,0.9974403677094612,-0.0004926183358924132,1.0,0.004923640164064116,1.0,-0.0006059693136851128,1.0,-0.002699684859835164,1.0,1.0225645500117653,0.7181766722544003,2.990837006869307,True
20261132,ff,0,3.63,5.5,1,0,bounded,0.005,-25,3000,True,0.0001018882473103471,0.0001007185853337352,1.209146662647709,2.420853337352291,2.709470502871596,0.0009259938396561907,0.6074663691450712,0.6038675217489113,9.675133897458528e-05,1.0,0.002800671536050992,0.9984976995440288,-0.0009524102619612112,1.0,0.0093095159773582,1.0,-0.004575686367640213,1.0,0.0006333103868695287,1.0,1.0116131692352128,0.7185853337351888,1.888247310347091,True
20261133,ff,0,3.63,5.5,1,0,bounded,0.005,-25,3000,True,0.0001028846001312172,0.0001007183508873978,1.211491126021685,2.418508873978315,2.708733506955546,0.0009314729291307212,0.6065885133511587,0.6061446402698387,-0.005569475081550444,1.0,-0.003264879524100288,1.002105186299687,-0.001837417630126635,1.0,0.009384682454269105,1.0,-0.002298901277175194,1.0,-0.002997803005654773,1.0,1.021507989604012,0.7183508873978006,2.8846001312171854,True
20261134,ff,0,3.63,5.5,1,0,bounded,0.005,-25,3000,True,0.0001029569991212381,0.0001007182445999481,1.212554000518956,2.417445999481044,2.708680213526071,0.0009318707377524893,0.6073856024616886,0.6071775112310365,-0.01332420905828291,1.0,0.001813599705570805,1.001015485520546,-0.00104084818444124,1.0,0.002734962124528349,1.0,-0.001266053904063239,1.0,0.004589705980446345,1.0,1.0222278945605368,0.7182445999480924,2.956999121238102,True
20261135,ff,0,3.63,5.5,1,0,bounded,0.005,-25,3000,True,0.0001041920096296761,0.0001007181117328972,1.213882671027536,2.416117328972463,2.707776451259631,0.0009386628132415043,0.6047972913662696,0.6084667702773192,-0.01150347075124146,1.0,0.002879319761095864,0.9959299043600458,-0.003638023770648033,1.0,0.005584188939358017,1.0,2.279071333646253e-05,1.0,0.009916010855408436,1.0,1.0344912929463135,0.7181117328971975,4.192009629676097,True
20261136,ff,0,3.63,5.5,1,0,bounded,0.005,-25,3000,True,0.0001032734457404399,0.0001007179124450559,1.215875549441163,2.414124450558837,2.708447684050026,0.000933609988435891,0.6095936317519587,0.6104048295077679,-0.00145442596209798,1.0,0.003654646398536775,1.000504219791627,0.001164909730260985,1.0,-0.01172987937314526,1.0,0.001961160322124708,1.0,0.004224748552677195,1.0,1.0253731757673006,0.7179124450559016,3.2734457404399064,True
20261137,ff,0,3.63,5.5,1,0,bounded,0.005,-25,3000,True,0.0001045767365367727,0.0001007178943475616,1.216056524383516,2.413943475616484,2.707496951706673,0.0009407780221216491,0.6056913443197274,0.6105785952936179,0.00382737861993548,1.0,-0.006266710813761868,0.9966469671897058,-0.002746732247208717,1.0,0.002237320740323058,1.0,0.002134487890498884,1.0,0.000709972205612616,1.0,1.0383133723575957,0.7178943475615984,4.5767365367727075,True
20261138,ff,0,3.63,5.5,1,0,bounded,0.005,-25,3000,True,0.000101310287742054,0.0001007182709190153,1.212290809847155,2.417709190152845,2.709901102175657,0.0009228139207051578,0.6123248538959674,0.6069243654135054,-0.007947152075553701,1.0,-0.002875117805549453,1.000762503197756,0.003910222943229801,1.0,-0.004575894104094204,1.0,-0.001518646057031901,1.0,0.0005984603214958929,1.0,1.0058779486347091,0.7182709190152847,1.310287742053995,True
20261139,ff,0,3.63,5.5,1,0,bounded,0.005,-25,3000,True,0.0001038668802135927,0.0001007178178631035,1.216821368964888,2.413178631035112,2.708013404282628,0.000936873534705609,0.6086458433989157,0.6113229206006666,0.003125323125746817,1.0,0.001088606322453052,1.002141815306232,0.0002128619018203938,1.0,-0.00283045105870355,1.0,0.002879052498443772,1.0,-0.005913537352870634,1.0,1.031266189213605,0.7178178631034982,3.866880213592694,True
20261140,ff,0,3.63,5.5,1,0,bounded,0.005,-25,3000,True,0.0001017722286185912,0.000100718153805638,1.213461943619907,2.416538056380093,2.709556757588015,0.0009253541704045626,0.6119931284958047,0.6080617825408672,0.00436163007432466,1.0,-0.001380384798117233,1.003505650723439,0.00357518181862042,1.0,-0.005215205043845547,1.0,-0.0003813834583664829,1.0,0.0109656727859653,1.0,1.0104655891031056,0.7181538056379999,1.7722286185911873,True
20261141,ff,0,3.63,5.5,1,0,bounded,0.005,-25,3000,True,0.0001050523633940497,0.0001007177590718391,1.217409281608512,2.412590718391488,2.707152734768286,0.0009433934787858862,0.6055130384969593,0.6118922690457022,-0.007167215103926384,1.0,-0.003631261493868549,1.004110021151869,-0.002928451924848872,1.0,-0.002985555117347804,1.0,0.003448002641345839,1.0,0.008652657272187463,1.0,1.0430371402437464,0.7177590718390858,5.052363394049686,False
20261142,ff,0,3.63,5.5,1,0,bounded,0.005,-25,3000,True,0.0001037555184159427,0.0001007178403145639,1.216596854361248,2.413403145638751,2.708094723182243,0.0009362611263172929,0.608778010565856,0.6111049443407598,0.01170233481270292,1.0,-0.002795598597702023,1.002231120661529,0.0003458283851908745,1.0,0.006238026047253583,1.0,0.002661113532752859,1.0,0.006296713301180736,1.0,1.030160278376616,0.7178403145639001,3.7555184159427046,True
20261143,ff,0,3.63,5.5,1,0,bounded,0.005,-25,3000,True,0.0001015494720231818,0.0001007181155751192,1.213844248808053,2.416155751191947,2.709722624596553,0.0009241288703529877,0.613065732279067,0.6084336667963686,0.005610918526823944,1.0,-0.003068771801122024,0.999607571899356,0.004649384499074663,1.0,-0.004110077082262977,1.0,-9.424006847334418e-06,1.0,0.002902137679543245,1.0,1.0082542891446629,0.7181155751191826,1.549472023181786,True
20261144,ff,0,3.63,5.5,1,0,bounded,0.005,-25,3000,True,0.0001040933706252627,0.0001007179088176088,1.215911823912231,2.414088176087769,2.707848266115661,0.0009381195621345758,0.6070610430582335,0.6104387637601841,0.00180031733170661,1.0,0.00249708735708559,0.9982473985543072,-0.00137356409774508,1.0,0.01353340523411524,1.0,0.001994818827958097,1.0,-0.003996121264444394,1.0,1.0335140179862807,0.7179088176087811,4.093370625262693,True
20261145,ff,0,3.63,5.5,1,0,bounded,0.005,-25,3000,True,0.0001028712463874708,0.0001007181569925859,1.213430074140959,2.416569925859041,2.708743340562729,0.0009313987797017682,0.6084995227513685,0.6080290497950601,0.003173602261024385,1.0,-0.00568979708879567,1.001593426158211,7.368760753365457e-05,1.0,0.004163989399781957,1.0,-0.0004144858696290469,1.0,0.0005188092707605584,1.0,1.02137737086515,0.7181569925859055,2.8712463874707828,True
20261146,ff,0,3.63,5.5,1,0,bounded,0.005,-25,3000,True,0.0001039416940097109,0.0001007181253838907,1.213746161092856,2.416253838907144,2.707958819154176,0.0009372861268847144,0.6054481460508666,0.608334510950825,-0.002731866331081299,1.0,3.89292329292248e-05,0.9973978443282552,-0.002985372413745032,1.0,-0.005738742449884928,1.0,-0.0001093845202651868,1.0,0.009637441849183775,1.0,1.032005844166911,0.7181253838906887,3.9416940097108943,True
20261147,ff,0,3.63,5.5,1,0,bounded,0.005,-25,3000,True,0.000102391554040862,0.0001007181204217249,1.21379578275125,2.41620421724875,2.709097374268891,0.0009287603390433389,0.610361336644076,0.6083852178416251,0.004424983657527275,1.0,-0.000232778050399004,0.9994458440275695,0.001938944596199472,1.0,-0.0002906151596625455,1.0,-5.815622146698202e-05,1.0,0.001931594915707497,1.0,1.0166150203372555,0.7181204217248993,2.3915540408619984,True
20261148,ff,0,3.63,5.5,1,0,bounded,0.005,-25,3000,True,0.0001052335304180279,0.000100717929468827,1.215705311730046,2.414294688269954,2.707022003386652,0.0009443905159586512,0.6033076127102018,0.6102362661062263,-0.004882708522667359,1.0,0.0002574007471597208,1.001341002374202,-0.005135178036936717,1.0,0.008230781456968931,1.0,0.001791937545993817,1.0,0.006376941883653666,1.0,1.0448341320459582,0.7179294688269833,5.2335304180278985,False
20261149,ff,0,3.63,5.5,1,0,bounded,0.005,-25,3000,True,0.0001021626187049823,0.0001007181399366143,1.213600633856603,2.416399366143397,2.709266883911039,0.00092750126553505,0.6108947231701889,0.6081959378803355,0.008433900544306016,1.0,-0.005436438347489803,0.9985579356902532,0.002473974363148595,1.0,0.004905931562205736,1.0,-0.0002473593228663012,1.0,0.01080741029929417,1.0,1.0143417935366663,0.7181399366142927,2.1626187049822887,True
20261150,ff,0,3.63,5.5,1,0,bounded,0.005,-25,3000,True,0.0001020882614702306,0.0001007182524355525,1.212475644474676,2.417524355525324,2.709322016142986,0.0009270927091152525,0.6100447245497022,0.6071027526326026,0.004095270360917274,1.0,0.005049150266172669,0.9993916034994728,0.001624509467626545,1.0,-0.006981449609665171,1.0,-0.001340520368393097,1.0,0.01088702306327136,1.0,1.0136023908432559,0.7182524355525022,2.0882614702306013,True
20261151,ff,0,3.63,5.5,1,0,bounded,0.005,-25,3000,True,0.0001026421141178507,0.0001007183909328191,1.211090671809278,2.418909328190722,2.708912257661057,0.0009301394014222502,0.6069649002519315,0.605755822296693,-0.001792169407239594,1.0,0.00416060149069517,1.000902442911875,-0.001459290231942378,1.0,0.005251138385808234,1.0,-0.002687637980110588,1.0,-0.0005518758797285559,1.0,1.0191000190453277,0.7183909328190907,2.6421141178506913,True
20261152,ff,0,3.63,5.5,1,0,bounded,0.005,-25,3000,True,0.0001016984223889122,0.0001007182736880588,1.212263119411483,2.417736880588516,2.709611676969833,0.0009249486713145754,0.6110705764653922,0.6068968318046628,0.003417543335259781,1.0,-0.001148742318526425,0.9976505060726908,0.002653159560615203,1.0,-0.003585559886952389,1.0,-0.001546310230659314,1.0,-0.01882900564780707,1.0,1.0097315875755486,0.7182736880587903,1.6984223889122019,True
20261153,ff,0,3.63,5.5,1,0,bounded,0.005,-25,3000,True,0.000103265323762825,0.0001007179171920592,1.215828079407405,2.414171920592595,2.70845364388726,0.0009335653347904863,0.6095733629007788,0.6103587153983726,-0.008299810334167034,1.0,0.001378876468111368,0.9989861846001532,0.001144699176310594,1.0,0.007898901266749102,1.0,0.001915048910436693,1.0,0.002548411212068492,1.0,1.0252924865980713,0.7179171920592031,3.265323762825001,True
20261154,ff,0,3.63,5.5,1,0,bounded,0.005,-25,3000,True,0.0001034243961169406,0.000100718204138788,1.212958612120357,2.417041387879642,2.708336997382133,0.0009344412743546018,0.6063088316415739,0.6075699830255897,-0.006904863467862605,1.0,0.0002354453086195363,0.9962704060036766,-0.002120973834857368,1.0,-0.008888451878517634,1.0,-0.0008737390230771278,1.0,-0.01493716584512858,1.0,1.0268689459000235,0.7182041387879812,3.424396116940609,True
20261155,ff,0,3.63,5.5,1,0,bounded,0.005,-25,3000,True,0.0001035215874085243,0.0001007181095999048,1.213904000951422,2.416095999048578,2.708265810017797,0.0009349754832821897,0.6069154241789028,0.608488573124408,-0.007065832556204137,1.0,-0.00107596402694447,0.9996874242794288,-0.001515078909755764,1.0,7.505705058867566e-05,1.0,4.481906473552578e-05,1.0,-0.004011581933004271,1.0,1.0278348930471006,0.7181095999047926,3.521587408524307,True
20261156,ff,0,3.63,5.5,1,0,bounded,0.005,-25,3000,True,0.0001027131957241761,0.0001007181218529126,1.213781470873958,2.416218529126042,2.708859818479117,0.0009305293734969123,0.609335156880333,0.6083707940356444,0.0007201263243565506,1.0,0.004556265108749724,1.003216953885284,0.0009104561763152216,1.0,0.0003340822907655859,1.0,-7.268821835345017e-05,1.0,0.0114847114259277,1.0,1.0198084896199422,0.718121852912601,2.7131957241760984,True
20261157,ff,0,3.63,5.5,1,0,bounded,0.005,-25,3000,True,0.0001038924859918549,0.0001007180228383234,1.214771616766246,2.415228383233754,2.707994717849549,0.000937015110546241,0.6065903629071704,0.6093311084461732,0.01226486726935809,1.0,-0.001891480200380716,0.9988851031469974,-0.001842802366479699,1.0,-0.009594740684671357,1.0,0.0008872302612556553,1.0,0.004491328092077604,1.0,1.0315183227795017,0.7180228383234066,3.8924859918548993,True
20261158,ff,0,3.63,5.5,1,0,bounded,0.005,-25,3000,True,0.0001031810273958005,0.000100718022211183,1.214777888169943,2.415222111830057,2.708515525641863,0.0009331020859913331,0.6088257074971356,0.6093383429467824,0.007821736520450373,1.0,0.002483972214629853,1.002970539880982,0.000397648831531202,1.0,-0.01402153337164576,1.0,0.0008947040575579809,1.0,-0.007418208286244152,1.0,1.0244544633675703,0.7180222111830004,3.181027395800484,True
20261159,ff,0,3.63,5.5,1,0,bounded,0.005,-25,3000,True,0.0001038961706617574,0.0001007178844873377,1.21615512662233,2.41384487337767,2.707992029226127,0.0009370348740164529,0.6079121552985252,0.6106754976828792,-0.01184052664241637,1.0,-0.00897464174459353,1.002758685900871,-0.0005210364307292747,1.0,0.007329552901817169,1.0,0.002231619251240846,1.0,0.003983403074301705,1.0,1.0315563237909278,0.7178844873376944,3.8961706617574032,True
20261160,ff,0,3.63,5.5,1,0,bounded,0.005,-25,3000,True,0.0001047988360208212,0.0001007181138730613,1.213861269386688,2.416138730613312,2.707336034626465,0.000942000366161645,0.6028835841315754,0.608444999605202,0.006221682490801683,1.0,0.001227985603543954,1.00007553098903,-0.005556086559414824,1.0,-0.004493164819449992,1.0,8.15926589031112e-07,1.0,0.00409440019274378,1.0,1.040516268532421,0.7181138730612879,4.798836020821184,True
20261161,ff,0,3.63,5.5,1,0,bounded,0.005,-25,3000,True,0.0001037471627687996,0.000100717923315353,1.215766846470309,2.414233153529691,2.708100827943121,0.0009362154715508119,0.6080042799604797,0.6102984423925667,-0.01374336703250501,1.0,-0.002405335848688811,0.9976504647459475,-0.0004278422412783511,1.0,-0.0005818038985013367,1.0,0.001854613799532169,1.0,0.005389392940558291,1.0,1.03007646855428,0.7179233153529863,3.7471627687996056,True
20261162,ff,0,3.63,5.5,1,0,bounded,0.005,-25,3000,True,0.000102747234947314,0.0001007180098050523,1.214901949477171,2.415098050522829,2.708834718629528,0.0009307161824903993,0.6103081241024834,0.6094595953996599,0.01494549218010566,1.0,-0.002969930192292137,1.002972040445884,0.001883179067796254,1.0,0.001196700109156753,1.0,0.001016102500722863,1.0,0.006821173999467426,1.0,1.0201475897527108,0.7180098050522998,2.7472349473139923,True
20261163,ff,0,3.63,5.5,1,0,bounded,0.005,-25,3000,True,0.0001019315318339924,0.0001007184109061499,1.210890938500985,2.419109061499015,2.709438346223933,0.00092623127136398,0.6090114751768867,0.605562835261793,-0.003150292772320198,1.0,-0.004024961575440543,0.997611492649792,0.0005923850728269136,1.0,0.006862359308333978,1.0,-0.002880386161714115,1.0,0.0006301181088386418,1.0,1.0120446789909432,0.7184109061499022,1.9315318339923948,True
20261164,ff,0,3.63,5.5,1,0,bounded,0.005,-25,3000,True,0.0001026105614534938,0.0001007180873319051,1.214126680948476,2.415873319051524,2.708935545924092,0.0009299647596969402,0.6099907949253667,0.6087064318774957,-0.01262263905710866,1.0,0.003052113696770588,1.001958216186764,0.001566830899266417,1.0,0.00461962269302608,1.0,0.0002629843910983515,1.0,0.002537080173510086,1.0,1.0187898139422789,0.718087331905104,2.610561453493787,True
20261165,ff,0,3.63,5.5,1,0,bounded,0.005,-25,3000,True,0.0001040581554502023,0.0001007178674112386,1.216325887613693,2.413674112386307,2.70787392013747,0.0009379257283665902,0.6075701445621986,0.6108411654278731,-0.007035335629441817,1.0,-0.008298238674912256,1.000157263535262,-0.0008642098350185185,1.0,0.002021875381393003,1.0,0.002397232636945721,1.0,0.002411239677331915,1.0,1.0331648010906054,0.7178674112386041,4.058155450202294,True
20261166,ff,0,3.63,5.5,1,0,bounded,0.005,-25,3000,True,0.0001018457811538536,0.0001007184734652183,1.210265347816585,2.419734652183415,2.709502063928376,0.0009257598697130327,0.6086790338252839,0.6049549332244553,-0.000595672768934632,1.0,0.008885341725503251,1.002735274032919,0.0002605592238943752,1.0,-0.0127358373663782,1.0,-0.003488259806540414,1.0,-0.003334840272774884,1.0,1.0111926605899622,0.7184734652182945,1.8457811538535873,True
20261167,ff,0,3.63,5.5,1,0,bounded,0.005,-25,3000,True,0.0001042120563535836,0.0001007178020033563,1.216979966436692,2.413020033563308,2.707761863836236,0.000938771945904839,0.6077194982964765,0.6114764709842364,-0.01497480886447858,1.0,-2.026269781644064e-05,1.003375765416478,-0.0007159607468388599,1.0,0.0006083819513796392,1.0,0.00303248689971864,1.0,-0.009615060430042633,1.0,1.034693512772557,0.7178020033562937,4.212056353583593,True
20261168,ff,0,3.63,5.5,1,0,bounded,0.005,-25,3000,True,0.0001033650880063224,0.0001007178913085183,1.21608691481641,2.41391308518359,2.708380467994934,0.000934113944172352,0.6095098860171412,0.610610067417325,-0.002683131917634688,1.0,0.000474481931436896,0.9980962063817962,0.001080506215758456,1.0,-0.004380140968778245,1.0,0.002166367560455524,1.0,-0.002024363426653921,1.0,1.0262832815839564,0.7178913085182925,3.365088006322403,True
20261169,ff,0,3.63,5.5,1,0,bounded,0.005,-25,3000,True,0.000102410369375237,0.0001007182321793797,1.212678206202541,2.417321793797459,2.709083458629426,0.0009288642290628342,0.6092247629256534,0.6072990971538782,0.0005733219041888315,1.0,-9.364485505592628e-05,1.001569210827139,0.0008022358330616898,1.0,-0.001574820588983615,1.0,-0.001144284039265127,1.0,-0.0001431655604942218,1.0,1.0168007038968236,0.7182321793796964,2.410369375236998,True
20261170,ff,0,3.63,5.5,1,0,bounded,0.005,-25,3000,True,0.0001019697115133039,0.0001007184405120314,1.210594879685565,2.419405120314434,2.709409992602326,0.0009264413670696448,0.6086055450935677,0.6052750234359084,0.02092658193812475,1.0,0.003782216967164799,0.997933500200806,0.0001861809464314702,1.0,0.001641079200277605,1.0,-0.003168211041359954,1.0,0.01813170876452518,1.0,1.012423454879874,0.7184405120314041,1.9697115133038956,True
20261171,ff,0,3.63,5.5,1,0,bounded,0.005,-25,3000,True,0.0001018147667734031,0.0001007183047180233,1.211952819766274,2.418047180233725,2.709525121725575,0.0009255886780678855,0.6104038864442342,0.6065950723761709,-0.0101033901121408,1.0,-0.006371433775833327,0.995506521122997,0.00198563444682049,1.0,-0.01352769255367586,1.0,-0.001848109012883621,1.0,0.006543499541701091,1.0,1.0108864228647367,0.7183047180232993,1.814766773403087,True
20261172,ff,0,3.63,5.5,1,0,bounded,0.005,-25,3000,True,0.0001028648860435215,0.0001007182165339127,1.212834660872628,2.417165339127372,2.708748024695607,0.000931364013945289,0.6079455801735016,0.6074504187902815,0.006090073555108664,1.0,0.002415427186164012,0.9987103642547523,-0.0004802093140364095,1.0,0.003101897089084121,1.0,-0.000993115162321814,1.0,-0.006977980444198677,1.0,1.0213136171735724,0.7182165339126856,2.8648860435214862,True
20261173,ff,0,3.63,5.5,1,0,bounded,0.005,-25,3000,True,0.0001017369827542663,0.0001007183671436077,1.211328563922809,2.418671436077191,2.709582979478926,0.0009251610925675646,0.6100477370578511,0.6059884844275735,0.0002936939818436183,1.0,0.003719126244532046,0.9996343008504428,0.001630043380822555,1.0,-0.006846334416140873,1.0,-0.002454671247533144,1.0,0.00356977093970449,1.0,1.0101135040166629,0.7183671436076899,1.736982754266303,True
20261174,ff,0,3.63,5.5,1,0,bounded,0.005,-25,3000,True,0.0001031549334397202,0.0001007182274506964,1.212725493035478,2.417274506964522,2.708534690699403,0.0009329593142522474,0.6069293713596889,0.6073438594914209,0.0008322064639053385,1.0,0.002629860653257014,0.9991181362359591,-0.001498499999244026,1.0,-0.000983735081695437,1.0,-0.00109977209372214,1.0,0.0005931543060117189,1.0,1.0241932969900271,0.7182274506963848,3.154933439720198,True
20261175,ff,0,3.63,5.5,1,0,bounded,0.005,-25,3000,True,0.0001032680397603852,0.0001007179833591341,1.215166408658942,2.414833591341058,2.708451650863035,0.0009335805129635381,0.6089271298959473,0.6097157481683566,-0.01542072579177113,1.0,-5.251414913284399e-05,1.000481108739415,0.00049844668094147,1.0,0.006301155391371179,1.0,0.001272080292281264,1.0,0.009248239352921477,1.0,1.0253187793897567,0.717983359134089,3.2680397603851885,True
20261176,ff,0,3.63,5.5,1,0,bounded,0.005,-25,3000,True,0.0001023402231595743,0.0001007183655213879,1.21134478612082,2.41865521387918,2.709135350222573,0.0009284789089081641,0.6081602764637326,0.6060032840227133,-0.001189346564478517,1.0,0.002311665811838845,1.00035983552108,-0.0002617471294931679,1.0,-0.0006285017592368376,1.0,-0.002440074534083636,1.0,0.002255220138228518,1.0,1.0161028987095904,0.7183655213879092,2.340223159574295,True
20261177,ff,0,3.63,5.5,1,0,bounded,0.005,-25,3000,True,0.00010295489299798,0.0001007184073901356,1.210926098643806,2.419073901356194,2.708681763365436,0.0009318597450028881,0.6058229781240524,0.605595368043233,0.02483154554915083,1.0,0.002762240355459928,0.999119963524256,-0.00260345739506869,1.0,-0.0007204105110755225,1.0,-0.002848197551418129,1.0,-0.0005553371299768192,1.0,1.022205331337114,0.7184073901356003,2.9548929979799965,True
20261178,ff,0,3.63,5.5,1,0,bounded,0.005,-25,3000,True,0.0001018289849704761,0.000100718555144592,1.209448554080019,2.420551445919981,2.70951455032232,0.0009256677872002304,0.6079445498417216,0.6041610556859257,0.005124743928475538,1.0,-0.01052101395087212,1.001488694114018,-0.0004738041954462025,1.0,0.00570122325354934,1.0,-0.004282132281824611,1.0,0.005179299968448497,1.0,1.011025077000856,0.7185551445920035,1.8289849704760996,True
20261179,ff,0,3.63,5.5,1,0,bounded,0.005,-25,3000,True,0.0001039514662354773,0.0001007175833885141,1.219166114858892,2.410833885141108,2.707951691912552,0.0009373379066833543,0.6106406793000163,0.6136009772470339,-0.003367931741234153,1.0,0.002575770930632298,1.000155452339554,0.002207090661105415,1.0,-0.008186330374580695,1.0,0.005157082377345058,1.0,0.003243827838541269,1.0,1.0321084237544564,0.717583388514087,3.951466235477308,True
20261180,ff,0,3.63,5.5,1,0,bounded,0.005,-25,3000,True,0.0001034113279623466,0.0001007181240040519,1.213759959480279,2.416240040519721,2.708346573852029,0.0009343691086151251,0.6071221815524687,0.6083487702948213,0.001338867339305435,1.0,-0.007913298705403018,0.9976295131020868,-0.001307530129941298,1.0,-0.005853517200929264,1.0,-9.49467836694644e-05,1.0,-0.003555914855747425,1.0,1.0267400131299742,0.7181240040518899,3.4113279623465997,True
20261181,ff,0,3.63,5.5,1,0,bounded,0.005,-25,3000,True,0.0001025851445574038,0.0001007183311277878,1.211688722121951,2.41831127787805,2.708954310379506,0.0009298258517475935,0.607720679047622,0.6063371638534498,-0.005468721072466419,1.0,0.007561077099933593,1.000200011124651,-0.0007031025281640812,1.0,-0.00217210133939882,1.0,-0.002106276833225129,1.0,0.001572962016240902,1.0,1.01853499168138,0.7183311277877857,2.5851445574037957,True
20261182,ff,0,3.63,5.5,1,0,bounded,0.005,-25,3000,True,0.0001018417728623771,0.0001007180529105743,1.214470894256825,2.415529105743175,2.709505043543923,0.0009257362974962808,0.6127461119559031,0.6090421633835016,-0.007173493498636383,1.0,0.002532593114417355,0.9952806711150732,0.004327666099418021,1.0,-0.000977592017559606,1.0,0.0005989747176557561,1.0,-0.002788955994037757,1.0,1.0111570857391428,0.7180529105742961,1.8417728623771001,True
20261183,ff,0,3.63,5.5,1,0,bounded,0.005,-25,3000,True,0.0001034522279147315,0.0001007181407433736,1.213592566264058,2.416407433735942,2.708316605728904,0.0009345941191172813,0.6068326277509997,0.6081860308326495,-0.003754767835201889,1.0,-0.000928877273028388,0.99925517254985,-0.001597377496651578,1.0,0.0008238869043662218,1.0,-0.0002577001221577936,1.0,-0.009204004836363449,1.0,1.0271459257605267,0.7181407433735965,3.4522279147314983,True
20261184,ff,0,3.63,5.5,1,0,bounded,0.005,-25,3000,True,0.0001032835542392601,0.0001007180743832122,1.214256167877344,2.415743832122656,2.70844026713081,0.0009336661730147502,0.6080011513108425,0.6088311866211499,-0.001404324476472454,1.0,-0.001497680363581506,0.9973399371140548,-0.0004276432565602896,1.0,0.000856629489804158,1.0,0.0003875128739110142,1.0,-0.007718587057276492,1.0,1.0254718914331777,0.7180743832122083,3.2835542392601003,True
20261185,ff,0,3.63,5.5,1,0,bounded,0.005,-25,3000,True,0.0001021734723511419,0.0001007183110528359,1.211889471641062,2.418110528358937,2.709258839596152,0.0009275615817408509,0.6092109151034785,0.6065329303131715,0.003735001261025213,1.0,-0.001030843790704203,0.9968459471150027,0.0007900884020892767,1.0,-0.00545412645968158,1.0,-0.00191037176808122,1.0,-0.0101867169412006,1.0,1.0144478326045663,0.7183110528358849,2.173472351141892,True
20261186,ff,0,3.63,5.5,1,0,bounded,0.005,-25,3000,True,0.0001030379292493482,0.000100717908928501,1.215910714989416,2.414089285010584,2.708620681592949,0.0009323146349697859,0.6103668176159749,0.6104393776122873,-0.0061408731386074,1.0,-0.004091824230466609,0.9982838294170292,0.001939786057499399,1.0,0.0007975877684564554,1.0,0.001995787665250653,1.0,0.003625797622688489,1.0,1.023034834077961,0.7179089285010098,3.0379292493482035,True
20261187,ff,0,3.63,5.5,1,0,bounded,0.005,-25,3000,True,0.0001045787663853109,0.0001007176483195435,1.218516804564547,2.411483195435453,2.707495479586311,0.0009407882932069872,0.6080556880525907,0.6129691163084229,0.0002426209210755095,1.0,0.003916201606338902,1.002923465362577,-0.0003824030986336493,1.0,-0.004248592018783465,1.0,0.004525009987559005,1.0,-0.008700333854062643,1.0,1.038336062549012,0.7176483195434846,4.578766385310895,True
20261188,ff,0,3.63,5.5,1,0,bounded,0.005,-25,3000,True,0.0001044865041725789,0.0001007178350721581,1.216649278418328,2.413350721581672,2.707562418403186,0.0009402815289488162,0.6065440041825884,0.6111547121774555,0.005398288658657604,1.0,-0.005154231908287911,0.9978645343764028,-0.001893424736770642,1.0,0.006859562227724323,1.0,0.002710635548202498,1.0,-0.00499365312409122,1.0,1.0374180908249346,0.7178350721581017,4.486504172578898,True
20261189,ff,0,3.63,5.5,1,0,bounded,0.005,-25,3000,True,0.0001025906178150731,0.0001007183842350696,1.211157649303835,2.418842350696165,2.708950269287579,0.0009298561474442605,0.6071914923783576,0.6058210016212522,0.008657499593643349,1.0,0.004847877722419295,0.9972487817457888,-0.001232328479733509,1.0,0.001285122391281688,1.0,-0.002622441287312843,1.0,-0.0001108351008413005,1.0,1.0185887968142324,0.7183842350696024,2.590617815073104,True
20261190,ff,0,3.63,5.5,1,0,bounded,0.005,-25,3000,True,0.0001034040073722036,0.0001007179630293621,1.215369706378652,2.414630293621348,2.708351938944139,0.0009343282610315212,0.6086966229908165,0.6099130820526598,0.002645171756601524,1.0,-0.001458281297067715,0.9982961205135455,0.0002669638434084295,1.0,0.01038429586844341,1.0,0.001469368591166513,1.0,-0.0006305401428183768,1.0,1.0266689700829081,0.7179630293620898,3.404007372203588,True
20261191,ff,0,3.63,5.5,1,0,bounded,0.005,-25,3000,True,0.0001036084537385289,0.0001007179967893131,1.215032106868475,2.414967893131525,2.708202237808285,0.000935452838595022,0.6077305377668271,0.6095846956308819,0.002954837924563178,1.0,0.0002278088037127044,0.9996615292513615,-0.0007005888255093019,1.0,0.006325435057479514,1.0,0.00114091316393767,1.0,0.001953054975178706,1.0,1.0286985150753365,0.7179967893130801,3.608453738528894,True
20261192,ff,0,3.63,5.5,1,0,bounded,0.005,-25,3000,True,0.0001030320914548515,0.0001007182389287401,1.212610712598429,2.417389287401571,2.7086249743965,0.0009322837250008273,0.607204404210479,0.60723250679452,0.009019017648729682,1.0,-0.005717860657033665,1.00106200086425,-0.001222585426019261,1.0,0.002908172768439572,1.0,-0.001211083556440492,1.0,-0.01000714041447336,1.0,1.0229735204936268,0.7182389287401003,3.0320914548515043,True
20261193,ff,0,3.63,5.5,1,0,bounded,0.005,-25,3000,True,0.000102472966905987,0.0001007182546736975,1.212453263024803,2.417546736975197,2.709037179251005,0.0009292085971360789,0.6088107981301554,0.6070803843637647,0.006142592947775367,1.0,-6.843444964503566e-05,0.999965615262949,0.0003878217304696056,1.0,0.006840668044418979,1.0,-0.001363018044755869,1.0,0.00199823146017465,1.0,1.0174219880792648,0.7182546736975048,2.472966905986995,True
20261194,ff,0,3.63,5.5,1,0,bounded,0.005,-25,3000,True,0.0001032921899632005,0.0001007182653526762,1.212346473238164,2.417653526761836,2.708433931367779,0.0009337143627158349,0.6061333647671563,0.6069752861832987,-0.0009165067627454044,1.0,0.003205180189912111,0.9988594232494148,-0.002295491773099963,1.0,-0.006465224411737541,1.0,-0.001468391838451799,1.0,0.0003299832509444825,1.0,1.0255556884494725,0.718265352676184,3.292189963200487,True
20261195,ff,0,3.63,5.5,1,0,bounded,0.005,-25,3000,True,0.0001018754192745935,0.0001007183140173324,1.211859826676126,2.418140173323874,2.709480035437462,0.0009259223005808317,0.6101227109856304,0.6065045964999629,0.0003501353864071146,1.0,-0.00665105871147396,0.9997144907518448,0.001704023638767386,1.0,0.003101700595622845,1.0,-0.001938605355646511,1.0,-0.001686374830054997,1.0,1.0114885288594284,0.7183140173323999,1.8754192745934928,True
20261196,ff,0,3.63,5.5,1,0,bounded,0.005,-25,3000,True,0.0001009850461756461,0.0001007183136442997,1.211863557002367,2.418136442997633,2.710144426934814,0.0009210252471826364,0.6129432939839661,0.606509649131145,-0.01546102417699907,1.0,0.003449625390831795,1.001170353882996,0.00453099756009087,1.0,0.003552103303837498,1.0,-0.001933253254368865,1.0,-0.01309708981439453,1.0,1.0026483021974375,0.718313644299684,0.9850461756460982,True
20261197,ff,0,3.63,5.5,1,0,bounded,0.005,-25,3000,True,0.000102004595380139,0.0001007182468952151,1.212531047849165,2.417468952150835,2.709384095226385,0.0009266325255081612,0.6103620858770061,0.6071567310218421,-0.007415093971883877,1.0,-0.0005717993100211364,1.0009711860898,0.001942471329831436,1.0,-0.00866621957566581,1.0,-0.001286513799197319,1.0,-0.007214638173069781,1.0,1.0127717521360573,0.7182468952150911,2.004595380138996,True
20261198,ff,0,3.63,5.5,1,0,bounded,0.005,-25,3000,True,0.0001028561019226953,0.0001007180999026614,1.214000973385703,2.415999026614297,2.708754494284338,0.0009313152779094017,0.6090974127483851,0.6085838769903458,0.005763028891074442,1.0,0.001493021726783154,1.000513229423837,0.0006716863035902528,1.0,0.000952009430341019,1.0,0.0001403468288772439,1.0,0.001507768841365714,1.0,1.0212275849335934,0.7180999026613843,2.8561019226952977,True
20261199,ff,0,3.63,5.5,1,0,bounded,0.005,-25,3000,True,0.0001023356928993007,0.0001007181740022965,1.213259977034766,2.416740022965234,2.709138702682666,0.0009284532972625368,0.61002081723758,0.6078646040982711,-0.00649297156344532,1.0,-0.001484918619371827,0.99884812864592,0.001598826149716026,1.0,-0.001280355275686128,1.0,-0.00057875156088071,1.0,-0.00525202464491932,1.0,1.0160598512932464,0.7181740022965011,2.33569289930069,True
20261200,ff,0,3.63,5.5,1,0,bounded,0.005,-25,3000,True,0.0001017966051823809,0.0001007182503707722,1.212496292277807,2.417503707722193,2.709538627093533,0.0009254885920370135,0.6109851945052743,0.6071232868779372,0.0009544289505240716,1.0,0.003594331713891869,1.001037558327894,0.002567072864404745,1.0,0.01210692211080788,1.0,-0.001319888012821,1.0,-0.0005171711117078822,1.0,1.0107066475801454,0.7182503707721999,1.7966051823808948,True
20261201,ff,0,3.63,5.5,1,0,bounded,0.005,-25,3000,True,0.0001047490276736145,0.0001007181473327542,1.213526672457381,2.41647332754262,2.707372094485054,0.0009417265417105129,0.6027163223845519,0.6081199160094519,-0.01043853096857434,1.0,0.0006895593654756067,0.9998227708939068,-0.005722990801216185,1.0,-0.004962613229656354,1.0,-0.0003242511566707279,1.0,0.007452089645561427,1.0,1.0400213908576277,0.7181473327541932,4.749027673614492,True
20261202,ff,0,3.63,5.5,1,0,bounded,0.005,-25,3000,True,0.0001018574864090898,0.0001007182843710288,1.212156289711921,2.417843710288079,2.709493363299692,0.0009258235622049411,0.6104651451156139,0.6067927520686772,-0.01073082564697453,1.0,0.007901080363967075,0.997171580477871,0.00204658648498965,1.0,-0.008255921290210301,1.0,-0.001650443542692344,1.0,0.0001434812755315426,1.0,1.0113107768383383,0.7182843710287878,1.8574864090898036,True
20261203,ff,0,3.63,5.5,1,0,bounded,0.005,-25,3000,True,0.0001031159255768426,0.0001007180931578771,1.21406842122892,2.41593157877108,2.708563348977777,0.0009327442835234282,0.6083462450749338,0.6086490057931812,0.004455202031808304,1.0,-0.002478733772151129,1.003016610794004,-8.134630590357346e-05,1.0,0.009854911353837273,1.0,0.0002053882912840669,1.0,0.003022380880125292,1.0,1.0238073651295887,0.7180931578770977,3.115925576842593,True
20261204,ff,0,3.63,5.5,1,0,bounded,0.005,-25,3000,True,0.0001037998196680317,0.0001007180690477419,1.214309522581069,2.415690477418931,2.708062363673552,0.0009365056135052949,0.6064349628177327,0.6088822082589767,0.000763252167944967,1.0,-0.002850990432583673,0.9954031369941858,-0.00199753732767786,1.0,-0.0002869744984756556,1.0,0.0004383609098734778,1.0,-0.005020186480831006,1.0,1.0305977929226284,0.7180690477418983,3.79981966803169,True
20261205,ff,0,3.63,5.5,1,0,bounded,0.005,-25,3000,True,0.0001029869477275529,0.0001007179443349837,1.215556650163076,2.414443349836924,2.708658178348779,0.0009320343651252137,0.6101857038834955,0.6100954089061341,0.0001457252789446174,1.0,-0.002146075078202579,0.9986378778821242,0.00175903825703144,1.0,-0.00502614091340222,1.0,0.001651835852148556,1.0,-0.003535358480818315,1.0,1.0225282933200324,0.7179443349836889,2.98694772755288,True
20261206,ff,0,3.63,5.5,1,0,bounded,0.005,-25,3000,True,0.00010235879523181,0.0001007183884471642,1.211115528357559,2.418884471642441,2.709121608058653,0.0009285811385257503,0.6078807540105742,0.6057804350508543,-0.006008759411133571,1.0,-0.006145722267808427,0.9960687025166708,-0.0005414028867798237,1.0,-0.008595748486616693,1.0,-0.002662929916905825,1.0,-0.003866553393590654,1.0,1.0162870634641494,0.7183884471641866,2.358795231809996,True
20261207,ff,0,3.63,5.5,1,0,bounded,0.005,-25,3000,True,0.0001027113703570475,0.0001007180486388659,1.214513611340533,2.415486388659467,2.708861164687468,0.0009305190682107184,0.610046609951882,0.6090822809192818,0.003155914161660602,1.0,-0.001964088796031052,1.001635125049943,0.001621922345372288,1.0,-0.002397825409691637,1.0,0.000638799804444995,1.0,-0.01560414757201454,1.0,1.0197911074044816,0.7180486388659091,2.7113703570474934,True
20261208,ff,0,3.63,5.5,1,0,bounded,0.005,-25,3000,True,0.0001027170300174856,0.0001007183754971262,1.211245028737906,2.418754971262095,2.708856990759469,0.0009305513828388851,0.6068780618244767,0.6059057245479617,0.007736401304545674,1.0,0.007170023311219616,1.00140292145706,-0.001546666385577966,1.0,-0.004161472697257233,1.0,-0.002537760815274549,1.0,0.00551385391856195,1.0,1.0198439908357777,0.7183754971261891,2.7170300174856,True
20261209,ff,0,3.63,5.5,1,0,bounded,0.005,-25,3000,True,0.0001035948667092672,0.0001007180546543755,1.214453456244451,2.415546543755549,2.708212178055769,0.0009353783199842697,0.6072154059878341,0.6090224079939291,-0.004233502758506359,1.0,0.002191953051533766,0.9963296998926979,-0.001215623077973275,1.0,0.01583236769315985,1.0,0.0005786296817375353,1.0,-6.836965159307955e-05,1.0,1.0285630224368787,0.7180546543754884,3.594866709267208,True
20261210,ff,0,3.63,5.5,1,0,bounded,0.005,-25,3000,True,0.0001015475299733542,0.0001007184665625962,1.210334374037644,2.419665625962356,2.709724072160237,0.0009241194631637538,0.6096879728039761,0.6050225018319493,0.0008211072838240684,1.0,0.002520285165311715,1.00253721533279,0.001271638985107193,1.0,-0.001531063419372918,1.0,-0.00342059083598481,1.0,-0.009828376965527845,1.0,1.0082314935786154,0.7184665625961983,1.5475299733542114,True
20261211,ff,0,3.63,5.5,1,0,bounded,0.005,-25,3000,True,0.0001027937671248385,0.0001007178511435297,1.216488564702932,2.413511435297068,2.70880041926147,0.0009309715335254359,0.611691039399328,0.6110012626700962,-0.008348542814788435,1.0,0.002975476934769621,1.001984695308394,0.00326576036038156,1.0,0.003937960531311574,1.0,0.002557755258843955,1.0,-0.003208430410927335,1.0,1.0206112020633809,0.7178511435296908,2.7937671248384977,True
20261212,ff,0,3.63,5.5,1,0,bounded,0.005,-25,3000,True,0.000103662018848743,0.0001007178867413346,1.216132586653871,2.413867413346129,2.708163061492578,0.0009357470472270655,0.6086233503817671,0.6106539708640941,-0.001440990037698658,1.0,0.008582538480464419,1.001189076853565,0.0001918393109487063,1.0,0.004510172593423505,1.0,0.00221017117059894,1.0,0.006590334991158822,1.0,1.0292314722107858,0.7178867413345946,3.6620188487429983,True
20261213,ff,0,3.63,5.5,1,0,bounded,0.005,-25,3000,True,0.0001034221256732497,0.0001007180051353308,1.214948646691943,2.415051353308057,2.708338661104385,0.00093442806453187,0.6082340060534389,0.6095038919101411,0.006910782714540984,1.0,-0.004071397318620443,1.004822241839499,-0.00019578313857388,1.0,0.002903864062173908,1.0,0.001060172052687617,1.0,-0.01570676413659599,1.0,1.0268484322568292,0.7180051353307793,3.4221256732496874,True
20261214,ff,0,3.63,5.5,1,0,bounded,0.005,-25,3000,True,0.000102995082582476,0.0001007182132505616,1.212867494384176,2.417132505615823,2.708652194027708,0.0009320800829910937,0.6075681568455618,0.6074821191730744,-0.00753677108905918,1.0,0.002071404943128233,1.003016874488711,-0.000858567154068333,1.0,-0.001513602937932008,1.0,-0.000961458546103939,1.0,-0.003727163242865516,1.0,1.0226063316497696,0.7182132505615835,2.9950825824760052,True
20261215,ff,0,3.63,5.5,1,0,bounded,0.005,-25,3000,True,0.0001031310090348808,0.00010071762274515,1.218772548499537,2.411227451500463,2.708552266272233,0.0009328255349445051,0.6128325942929868,0.6132199135696967,-0.0008900982979482738,1.0,-0.007810305482223901,0.9986621966710676,0.004404894619135763,1.0,0.004813735628889731,1.0,0.0047762943693155,1.0,-0.002765918493356887,1.0,1.0239619068039114,0.7176227451499928,3.131009034880794,True
20261216,ff,0,3.63,5.5,1,0,bounded,0.005,-25,3000,True,0.0001017617969538858,0.0001007181704646033,1.213295353966614,2.416704646033386,2.709564517558598,0.0009252968567208107,0.6118654838223541,0.6078999040842502,-0.00473038858006359,1.0,0.00288040799354703,0.9941872420192855,0.003447612022389057,1.0,-0.007827680078254498,1.0,-0.000543258525887437,1.0,0.006955247851959567,1.0,1.010361849152624,0.718170464603296,1.7617969538857858,True
20261217,ff,0,3.63,5.5,1,0,bounded,0.005,-25,3000,True,0.0001048654684559996,0.0001007179482403554,1.215517596445458,2.414482403554542,2.707287819536496,0.000942366243308185,0.6042721442914144,0.6100544490009209,-0.01216760587456242,1.0,0.00317835714511021,1.00094846885343,-0.00416800466867712,1.0,0.00934889002335899,1.0,0.001610244099517977,1.0,-0.0008281655619430943,1.0,1.041179554271166,0.7179482403553816,4.8654684559996,True
20261218,ff,0,3.63,5.5,1,0,bounded,0.005,-25,3000,True,0.000102098402350153,0.0001007182099307755,1.212900692244469,2.417099307755531,2.709314494974531,0.000927148329662352,0.6104224955682518,0.607515819425171,0.001784572958193202,1.0,-0.001310754434393467,0.998053798455868,0.002002207694796079,1.0,0.00918674148398938,1.0,-0.0009274566816708942,1.0,0.004003358029465724,1.0,1.0137035042652776,0.718209930775493,2.0984023501529947,True
20261219,ff,0,3.63,5.5,1,0,bounded,0.005,-25,3000,True,0.0001029765180153302,0.0001007179536739096,1.215463260903895,2.414536739096104,2.708665851502429,0.0009319770356083946,0.6101284583732217,0.610004676867028,0.004855112127739885,1.0,-0.001210176727215705,1.004058275306671,0.001701867608651811,1.0,-0.0156318712679719,1.0,0.001561107253956094,1.0,0.001892316527745636,1.0,1.0224246448526255,0.7179536739095882,2.9765180153301873,True
20261220,ff,0,3.63,5.5,1,0,bounded,0.005,-25,3000,True,0.0001029645632463688,0.000100718265972704,1.212340272959813,2.417659727040187,2.708674647533383,0.0009319124180236113,0.6071558198201127,0.6069697854603103,0.007729976508575684,1.0,-0.003174112776847101,1.001198378511639,-0.001270685117732641,1.0,0.009982285345363513,1.0,-0.001473782372288036,1.0,0.002534969695859851,1.0,1.0223027794608137,0.7182659727039908,2.964563246368801,True
20261221,ff,0,3.63,5.5,1,0,bounded,0.005,-25,3000,True,0.0001019274941414122,0.0001007182419478674,1.212580521325361,2.417419478674639,2.709441345340731,0.0009262084507365848,0.6106531114766831,0.6072049357161399,0.003395409132061306,1.0,0.00791809363857381,0.9995183668274592,0.002234050343930449,1.0,0.005295635708087843,1.0,-0.001238283137278031,1.0,0.0008779566989356367,1.0,1.012006287740514,0.718241947867404,1.9274941414122004,True
20261222,ff,0,3.63,5.5,1,0,bounded,0.005,-25,3000,True,0.0001042964398834894,0.0001007178566424832,1.216433575167993,2.413566424832006,2.707700489010243,0.0009392362536592184,0.606929414497076,0.6109454221921031,0.001398667944136127,1.0,-0.003232856611700956,0.9976537863537144,-0.00150665021512342,1.0,0.008137236103037711,1.0,0.002501409334105656,1.0,0.006743128009137167,1.0,1.035530772400261,0.7178566424832056,4.2964398834894,True
20261223,ff,0,3.63,5.5,1,0,bounded,0.005,-25,3000,True,0.0001028418734843566,0.000100718278006571,1.212219934289791,2.417780065710209,2.708764974758904,0.0009312376680155067,0.6074253455548115,0.6068530286900224,0.0009340479962282763,1.0,-0.00188751678758279,1.001097428994352,-0.001000278751588676,1.0,0.007119036213206244,1.0,-0.001590497963541733,1.0,0.002689682520402291,1.0,1.021084509384156,0.7182780065710048,2.841873484356583,True
20261224,ff,0,3.63,5.5,1,0,bounded,0.005,-25,3000,True,0.000103616856761855,0.0001007181386955759,1.213613044240699,2.416386955759301,2.70819609077835,0.00093549957034266,0.6063365300867799,0.6082056676852138,-0.001948873732681126,1.0,-0.00606060167878917,1.002081236977351,-0.002094656810957268,1.0,-0.0102801777351487,1.0,-0.0002381186259890587,1.0,-0.002170095174230108,1.0,1.0287804967786445,0.7181386955759095,3.616856761854992,True
20261225,ff,0,3.63,5.5,1,0,bounded,0.005,-25,3000,True,0.00010300886609439,0.0001007181923801362,1.213076198637725,2.416923801362275,2.708642055336343,0.0009321558165466756,0.6077260367825973,0.6076849238580337,0.006709847690578114,1.0,0.0003175433287797375,0.9997544903648384,-0.0007007861521665415,1.0,-0.006762179619244781,1.0,-0.0007586583473973452,1.0,-0.0001042422700355765,1.0,1.0227433958068688,0.7181923801361956,3.0088660943899947,True
20261226,ff,0,3.63,5.5,1,0,bounded,0.005,-25,3000,True,0.0001033605506777473,0.0001007180188186163,1.214811813837015,2.415188186162985,2.708383794642992,0.0009340894517269015,0.6082951963267742,0.6093710227581736,0.007427917589147365,1.0,-0.0003961722238716105,0.9980193320074772,-0.0001341508994004869,1.0,-0.004168581029920211,1.0,0.000927323512623789,1.0,-0.0003441348499357565,1.0,1.0262369324786853,0.7180188186162839,3.360550677747298,True
20261227,ff,0,3.63,5.5,1,0,bounded,0.005,-25,3000,True,0.000104088652167425,0.0001007179064484896,1.215935515104136,2.414064484895865,2.707851703011808,0.000938093602016749,0.6070986220418497,0.6104617922383735,-0.003869001106587098,1.0,0.002361431471893729,0.9996747316624948,-0.001335951246964251,1.0,-0.006580678124262974,1.0,0.002017848910159706,1.0,0.0004657741942354308,1.0,1.0334671940451752,0.7179064484895914,4.088652167425,True
20261228,ff,0,3.63,5.5,1,0,bounded,0.005,-25,3000,True,0.0001037715142388667,0.0001007180586372409,1.214413627591165,2.415586372408835,2.708083037671605,0.0009363498958548833,0.6066238871323357,0.6089834204495093,0.001070949355136624,1.0,-0.003581571118802108,1.002528244717418,-0.00180840984742624,1.0,-0.003327843356201664,1.0,0.000539582695303065,1.0,-0.001987556219632473,1.0,1.0303168631617843,0.7180586372409037,3.7715142388667022,True
20261229,ff,0,3.63,5.5,1,0,bounded,0.005,-25,3000,True,0.0001036066481246128,0.0001007181513501747,1.213486498253306,2.416513501746694,2.708203558722371,0.0009354434687741562,0.6062465373617805,0.6080827050520579,-0.007033610873905223,1.0,0.000911712411140898,1.002571677465725,-0.002184576261113862,1.0,0.001125885150443569,1.0,-0.000361077916348362,1.0,-0.003505188215804324,1.0,1.0286790090536455,0.7181513501747006,3.606648124612799,True
20261230,ff,0,3.63,5.5,1,0,bounded,0.005,-25,3000,True,0.0001027549819515965,0.0001007182098501294,1.212901498706007,2.417098501293993,2.708829007225227,0.0009307595171776355,0.6083555136971418,0.6075155508276832,-0.0008718962162214399,1.0,-0.001810685198048637,1.000055851296556,-6.948693114199782e-05,1.0,-0.000155352732413335,1.0,-0.0009279461119213512,1.0,0.008378593757262626,1.0,1.0202224811630176,0.7182098501294032,2.7549819515964913,True
20261231,ff,0,3.63,5.5,1,0,bounded,0.005,-25,3000,True,0.0001031561679525144,0.0001007184584399859,1.210415600141349,2.419584399858651,2.708533783893498,0.0009329669425639153,0.6046988766230994,0.6050988712271747,-0.002521744007311102,1.0,0.003992483855450786,0.9983922826671138,-0.003729003582774111,1.0,-0.004124568626421218,1.0,-0.003344762430247485,1.0,-0.001378818445718074,1.0,1.024203205155101,0.7184584399859029,3.156167952514388,True
20261232,ff,0,3.63,5.5,1,0,bounded,0.005,-25,3000,True,0.000101878923548922,0.000100718363170368,1.211368296319765,2.418631703680235,2.709477431285741,0.0009259417525154163,0.6096377680533734,0.606026873245916,-0.005241259914837443,1.0,-0.0005126338245592977,0.9993723264140559,0.001219055556627195,1.0,0.001370270991264204,1.0,-0.00241633014091356,1.0,0.006979710629886397,1.0,1.011522828032768,0.7183631703679971,1.8789235489220069,True
20261233,ff,0,3.63,5.5,1,0,bounded,0.005,-25,3000,True,0.0001019797889666823,0.0001007182910026382,1.212089973618099,2.417910026381901,2.709402510370047,0.0009264962503440866,0.6100151466141395,0.6067281049993699,0.003416411985126912,1.0,0.001485527043654455,1.000084136727223,0.001595710124270834,1.0,-0.008042311531574293,1.0,-0.001715131794751186,1.0,-0.002838575974895626,1.0,1.012525013594711,0.718291002638205,1.9797889666822943,True
20261234,ff,0,3.63,5.5,1,0,bounded,0.005,-25,3000,True,0.0001031572664541063,0.0001007180309237068,1.214690762931932,2.415309237068068,2.70853297700209,0.0009329714324385013,0.608816312137791,0.6092537162095856,-0.005530105714064373,1.0,0.0101133805896682,0.9988417978757852,0.0003884240212732472,1.0,0.01188724944837908,1.0,0.0008100852496284608,1.0,0.002131911140861812,1.0,1.0242184592771397,0.7180309237067917,3.1572664541063,True
20261235,ff,0,3.63,5.5,1,0,bounded,0.005,-25,3000,True,0.0001022036688595645,0.0001007184060244992,1.210939755008025,2.419060244991974,2.709236463270258,0.0009277280072841026,0.6082001315405895,0.6056098452360915,0.009989685752750672,1.0,-0.01047557224468292,1.001210515803512,-0.000220911898055005,1.0,0.0006855789406399541,1.0,-0.0028334676827496,1.0,0.002340971503629678,1.0,1.0147466872609563,0.7184060244991963,2.2036688595645115,True
20261236,ff,0,3.63,5.5,1,0,bounded,0.005,-25,3000,True,0.0001027912917699663,0.0001007183378120529,1.211621879470805,2.418378120529195,2.708802243507645,0.0009309596856805668,0.6070078401231335,0.6062718692519876,0.004846398918366876,1.0,0.001089319331888349,1.000011035676388,-0.001417421118793866,1.0,0.009774387990132832,1.0,-0.002171640818017564,1.0,-0.00811646413994971,1.0,1.0205816934924172,0.7183378120529049,2.7912917699662865,True
20261237,ff,0,3.63,5.5,1,0,bounded,0.005,-25,3000,True,0.0001022197542227215,0.000100718603588978,1.208964110219518,2.421035889780482,2.709224546152861,0.000927817193940737,0.6062446816946558,0.6036895471012842,-0.0009842550028924507,1.0,-0.001745781325686468,1.0030641814016,-0.0021764771886836,1.0,-0.002430698257635166,1.0,-0.004753772644957054,1.0,-0.007618174641545433,1.0,1.0149044027642553,0.7186035889779951,2.219754222721493,True
20261238,ff,0,3.63,5.5,1,0,bounded,0.005,-25,3000,True,0.0001033966678624037,0.0001007181197113863,1.213802886136969,2.41619711386303,2.708357318256954,0.0009342884624834857,0.6072095185430706,0.6083905100192073,0.002489783310471123,1.0,0.004111894385048871,0.9990725342704556,-0.001220087914250367,1.0,-0.002096581471765261,1.0,-5.320209773014154e-05,1.0,0.0003750481863398374,1.0,1.0265945011552333,0.7181197113863114,3.3966678624036906,True
20261239,ff,0,3.63,5.5,1,0,bounded,0.005,-25,3000,True,0.0001031818357587593,0.0001007180605090414,1.214394909585619,2.41560509041438,2.708514932000961,0.0009331066710089879,0.6084540426318844,0.6089661758335602,-0.008877514721136608,1.0,0.006829392280897829,0.99783831161898,2.597816643024607e-05,1.0,-0.0005449744800546116,1.0,0.000522536397759304,1.0,-0.004484600811619473,1.0,1.0244620998186986,0.7180605090413961,3.1818357587592994,True
20261240,ff,0,3.63,5.5,1,0,bounded,0.005,-25,3000,True,0.0001035877712904548,0.0001007180008797005,1.214991202995298,2.415008797004702,2.708217369534801,0.0009353390999783512,0.6077559049038908,0.6095449805150261,0.01165837343981152,1.0,-0.001663079452269459,0.9983502505942594,-0.0006750732366976916,1.0,-0.005850214565091972,1.0,0.001101204975029186,1.0,0.006748594603110532,1.0,1.0284931232320826,0.7180008797004866,3.5877712904548,True
20261241,ff,0,3.63,5.5,1,0,bounded,0.005,-25,3000,True,0.0001025220106190954,0.0001007183558966805,1.211441033194903,2.418558966805097,2.709000938843209,0.0009294787049979058,0.6076806035833349,0.606096535967666,0.007227729475957152,1.0,0.004552066517165125,0.9965742508361808,-0.0007427248327616389,1.0,-0.002768010951432437,1.0,-0.002346883662326167,1.0,0.001590206405685154,1.0,1.0179079047345168,0.7183558966805004,2.522010619095383,True
20261242,ff,0,3.63,5.5,1,0,bounded,0.005,-25,3000,True,0.0001020449303394937,0.0001007183592781029,1.211407218970773,2.418592781029227,2.70935416131781,0.0009268547757347331,0.6091513881740924,0.6060644363987765,0.00577814776614529,1.0,0.002993449267940046,1.00215359832557,0.0007314841190020101,1.0,-0.01216138628723898,1.0,-0.002378822794737682,1.0,-0.01559223978986859,1.0,1.0131710948321535,0.7183592781028869,2.044930339493689,True
20261243,ff,0,3.63,5.5,1,0,bounded,0.005,-25,3000,True,0.0001030775953113743,0.0001007182222352528,1.212777647472211,2.417222352527788,2.708591519281897,0.0009325339356141691,0.6072224275773117,0.6073946696403286,0.0008805910442379044,1.0,-0.00320946538507142,0.9992037740519828,-0.001204888672914884,1.0,-0.003855111176333366,1.0,-0.001048935895574624,1.0,-0.001305311226451084,1.0,1.0234254837283623,0.7182222352527967,3.0775953113742816,True
20261244,ff,0,3.63,5.5,1,0,bounded,0.005,-25,3000,True,0.0001033558465633693,0.0001007185194079788,1.209805920211596,2.420194079788404,2.708387243717398,0.0009340653962372865,0.6034847681562521,0.6045059632834757,0.0002341518765262113,1.0,0.001665144719558886,0.997525389367533,-0.004944545274997342,1.0,-0.004365073724849271,1.0,-0.003937737971016075,1.0,-0.0008173761354692305,1.0,1.0261851263391544,0.7185194079788015,3.3558465633692913,True
20261245,ff,0,3.63,5.5,1,0,bounded,0.005,-25,3000,True,0.0001017665148119367,0.0001007185460195299,1.209539804701169,2.420460195298831,2.70956100791773,0.0009253241682043202,0.6082298203787535,0.6042498508304773,-0.02482089641449773,1.0,-0.002655077462811233,1.001911538805196,-0.0001880852620172924,1.0,-0.003664947662702019,1.0,-0.004193316060534457,1.0,0.0008826270797241636,1.0,1.0104049237585657,0.7185460195298976,1.7665148119367036,True
20261246,ff,0,3.63,5.5,1,0,bounded,0.005,-25,3000,True,0.0001032614175288931,0.0001007179649792721,1.215350207278952,2.414649792721048,2.708456510403554,0.0009335440239717284,0.6091250515079176,0.6098943626546666,0.005374297555273361,1.0,0.003884677129437619,0.9968074414154068,0.0006964158240499064,1.0,-0.005713163590397361,1.0,0.001450697137690131,1.0,0.000983527927342177,1.0,1.0252532162474137,0.717964979272101,3.261417528893107,True
20261247,ff,0,3.63,5.5,1,0,bounded,0.005,-25,3000,True,0.000102103106646057,0.0001007180649072518,1.214350927481405,2.415649072518594,2.709311006184199,0.0009271736768544736,0.6118056694344259,0.6089251639115844,-0.006570262553902011,1.0,0.003925840316602115,1.0026795015866,0.003385347785808924,1.0,0.00224912660555996,1.0,0.0004818872629007534,1.0,-0.01120101571767599,1.0,1.0137516714611292,0.718064907251792,2.103106646056996,True
20261248,ff,0,3.63,5.5,1,0,bounded,0.005,-25,3000,True,0.000104358097172435,0.0001007180114054971,1.214885945028849,2.415114054971151,2.707655672933631,0.0009395759305381691,0.6052455056961034,0.6094414614402753,-0.001908624783123483,1.0,0.002705236599883075,0.9998182359031872,-0.003191001558505058,1.0,0.003085143891732413,1.0,0.0009974267343086077,1.0,-0.0003421020275296736,1.0,1.0361413585925825,0.7180114054970987,4.358097172434983,True
20261249,ff,0,3.63,5.5,1,0,bounded,0.005,-25,3000,True,0.0001033953250131053,0.0001007182145609315,1.212854390685067,2.417145609314933,2.708358302503823,0.0009342814211160916,0.6062995145511328,0.6074687429257424,-0.005836926052755764,1.0,0.003877409979037445,0.9994052242208912,-0.002130082261908731,1.0,-0.007754736994171739,1.0,-0.0009749694199521929,1.0,-0.005655559791813528,1.0,1.0265802016432115,0.7182145609315072,3.3953250131053103,True
20261250,ff,0,3.63,5.5,1,0,bounded,0.005,-25,3000,True,0.000101920489473935,0.0001007184924102766,1.210075897233399,2.419924102766601,2.709446548529638,0.0009261708342435487,0.6082605261930003,0.6047706745821944,-0.01275534602652034,1.0,-0.007803370315438972,0.9989929339066186,-0.0001584846465740555,1.0,-0.001072616923011704,1.0,-0.003672543711997875,1.0,0.001758929939773478,1.0,1.0119342241418992,0.7184924102765944,1.9204894739349943,True
20261251,ff,0,3.63,5.5,1,0,bounded,0.005,-25,3000,True,0.0001027451353953684,0.0001007182226417472,1.212773582527722,2.417226417472278,2.708836266573613,0.0009307054075518928,0.6082631725364938,0.6073912519947585,0.005398865661138365,1.0,0.003459292776840071,0.9998089145933272,-0.0001617574152485782,1.0,-0.01041643954125193,1.0,-0.001052241724849226,1.0,-0.005579466350865404,1.0,1.0201245881872925,0.7182226417471904,2.7451353953684032,True
20261252,ff,0,3.63,5.5,1,0,bounded,0.005,-25,3000,True,0.0001041834957687176,0.000100717956841635,1.215431583649793,2.414568416350207,2.707782647341705,0.0009386154247509354,0.6063166085873654,0.6099719609076154,-0.003760536966050514,1.0,0.001914025770016144,0.9983316177499796,-0.00211864544968562,1.0,-0.01260811548025749,1.0,0.001527985318306872,1.0,-0.001321060627020255,1.0,1.0344083521524536,0.7179568416349813,4.183495768717593,True
20261253,ff,0,3.63,5.5,1,0,bounded,0.005,-25,3000,True,0.0001037645286793758,0.0001007180236578611,1.214763421388309,2.415236578611691,2.708088140661936,0.0009363113483022998,0.606982872980111,0.6093233495920815,0.005180380408641138,1.0,-0.002020475314650771,1.000519534546698,-0.001449373861911062,1.0,-0.00530845621603067,1.0,0.0008795144383159933,1.0,0.004396318551539337,1.0,1.030247863399938,0.718023657861111,3.7645286793758004,True
20261254,ff,0,3.63,5.5,1,0,bounded,0.005,-25,3000,True,0.0001045623434324288,0.0001007178086144666,1.216913855333823,2.413086144666177,2.707507390874567,0.0009406985488367826,0.6065623673952605,0.6114116719708929,0.006792719170371184,1.0,-0.004338217689319414,0.9965970839131828,-0.001875605869048106,1.0,0.006427745988005894,1.0,0.002967570023759043,1.0,-0.006649158667443167,1.0,1.0381713509343569,0.7178086144665974,4.562343432428784,True
20261255,ff,0,3.63,5.5,1,0,bounded,0.005,-25,3000,True,0.0001022315225076281,0.0001007181118699491,1.213881300508499,2.416118699491501,2.709215828524619,0.0009278801345677573,0.610948043165729,0.6084685804688831,0.002537263270162854,1.0,0.003892609809060035,0.9998964522650308,0.002526799782618654,1.0,0.002833918278310684,1.0,2.526029199868956e-05,1.0,-0.001649567996044685,1.0,1.0150262014406422,0.7181118699491007,2.231522507628103,True
20261256,ff,0,3.63,5.5,1,0,bounded,0.005,-25,3000,True,0.0001030562407529328,0.0001007182466183183,1.212533816816434,2.417466183183566,2.708607217757752,0.0009324165740535496,0.6070544469238663,0.6071577364567388,0.006277466435811428,1.0,-0.004072270693330318,0.9999379591009971,-0.001372716048430979,1.0,0.01993094286842434,1.0,-0.001285862071729396,1.0,0.005695345199716441,1.0,1.023213213227138,0.7182466183182967,3.056240752932804,True
20261257,ff,0,3.63,5.5,1,0,bounded,0.005,-25,3000,True,0.0001050011076637585,0.0001007179608177665,1.215391822334506,2.414608177665494,2.70718975934067,0.000943112304607095,0.6037286174269716,0.6099320133538411,-0.009368828042000074,1.0,0.004204038097300908,0.9994705427568292,-0.004712505091653638,1.0,-0.01741890194192659,1.0,0.00148776274148686,1.0,0.00909582923468254,1.0,1.0425261473843945,0.7179608177664942,5.001107663758497,False
20261258,ff,0,3.63,5.5,1,0,bounded,0.005,-25,3000,True,0.0001041112738744925,0.0001007178119522443,1.216880477556742,2.413119522443258,2.707835226816316,0.0009382176783839908,0.6079385436371476,0.6113799628040079,0.0005265836049802669,1.0,-0.00538052577202669,0.9996455953303788,-0.00049619202745053,1.0,0.01259076682461583,1.0,0.002936012545122335,1.0,-0.001727096861179697,1.0,1.0336927685031245,0.7178119522442961,4.111273874492483,True
20261259,ff,0,3.63,5.5,1,0,bounded,0.005,-25,3000,True,0.0001039196592901686,0.0001007180132035872,1.214867964128001,2.415132035871999,2.707974892172208,0.0009371645287127375,0.6065982155986319,0.6094246910922074,-0.009082636209062793,1.0,4.175305324642317e-05,0.998303498527602,-0.001835144715626949,1.0,-0.01614642860972339,1.0,0.0009808038370325658,1.0,0.008109720677412087,1.0,1.0317882172686401,0.7180132035871978,3.919659290168598,True
