seed,library,temperature_c,logic_v,led_supply_v,local_mismatch,global_variation,reference,calibration_error,tc_ppm,line_ppm_v,pwm_on,iout,iref,bias,headroom,led_k,power_w,out_vth,ref_vth,x0_dvth,x0_mulu0,x1_dvth,x1_mulu0,x2_dvth,x2_mulu0,x3_dvth,x3_mulu0,x4_dvth,x4_mulu0,x5_dvth,x5_mulu0,mirror_ratio,reference_error_pct,absolute_error_pct,absolute_current_budget_pass
20261004,ss,85,2.97,4.5,1,0,bounded,-0.005,-25,3000,True,0.000100046633569674,9.92056369157481e-05,1.573630842518833,1.396369157481167,1.678632115780894,0.0007448506023915395,0.7431400633309747,0.7462858854271771,-0.001964534281406865,1.0,-0.003184419296273099,1.001000935035619,0.0001896901767626489,1.0,8.659020094562709e-05,1.0,0.003308602645944717,1.0,-0.009716322146445345,1.0,1.0084773071376996,-0.7943630842519034,0.046633569674003894,True
20261005,ss,85,2.97,4.5,1,0,bounded,-0.005,-25,3000,True,9.971897371447915e-05,9.920573209702722e-05,1.57267902972774,1.39732097027226,1.678952231692618,0.0007433764157318862,0.7436737853465568,0.7453787681209689,0.002954698018581346,1.0,-0.001559386258943305,0.999039917674632,0.0007258316747337894,1.0,-0.0106905909275773,1.0,0.002401598015457192,1.0,0.001105518011193261,1.0,1.0051735076855233,-0.7942679029727895,-0.28102628552085784,True
20261006,ss,85,2.97,4.5,1,0,bounded,-0.005,-25,3000,True,9.955213906562766e-05,9.92058780874213e-05,1.571219125786792,1.398780874213208,1.679115608857972,0.0007426260934043655,0.7430239901575004,0.7439868312780699,-0.004441318171449941,1.0,0.003508429838598729,0.9987161330113852,7.72684164250961e-05,1.0,-0.01186770981302498,1.0,0.001009717823896058,1.0,0.002978947255065226,1.0,1.0034903272354612,-0.7941219125786936,-0.4478609343723461,True
20261007,ss,85,2.97,4.5,1,0,bounded,-0.005,-25,3000,True,9.951076309227793e-05,9.920615758825746e-05,1.568424117425203,1.401575882574797,1.679156167563276,0.000742440731641676,0.7405617644468157,0.7413212968532351,-0.002480742574951055,1.0,0.003127182775864493,0.9989452892355686,-0.002384651768787085,1.0,0.003218767425208999,1.0,-0.001655804346925263,1.0,-0.00536635479757717,1.0,1.0030704294110924,-0.7938424117425402,-0.4892369077220793,True
20261008,ss,85,2.97,4.5,1,0,bounded,-0.005,-25,3000,True,9.849792954214655e-05,9.920610769888808e-05,1.568923011119053,1.401076988880947,1.68015401988476,0.0007378828324941152,0.7454835391418079,0.7417986922052671,0.007393481850449108,1.0,-4.06284909650119e-06,0.9986306669174446,0.002544601877585323,1.0,0.005401585510434783,1.0,-0.001178058161436658,1.0,-3.593578336850196e-05,1.0,0.992861546802229,-0.7938923011119203,-1.502070457853455,True
20261009,ss,85,2.97,4.5,1,0,bounded,-0.005,-25,3000,True,9.985900437882313e-05,9.920586783071076e-05,1.571321692892263,1.398678307107737,1.67881530311434,0.0007440069568505548,0.7417771596204598,0.7440841655248768,-0.003845073517560099,1.0,-0.000546643254337671,0.9999709246287304,-0.001171828057225963,1.0,0.002431175496035539,1.0,0.001106945963499867,1.0,-0.003087594249006638,1.0,1.0065836483505886,-0.7941321692892411,-0.14099562117687592,True
20261010,ss,85,2.97,4.5,1,0,bounded,-0.005,-25,3000,True,0.0001001849889794696,9.920551481182157e-05,1.574851881784238,1.395148118215762,1.678497244411175,0.0007454728390877865,0.7436898360796229,0.7474499783006044,-0.001153464943796613,1.0,0.001501293141613185,0.9992890329001916,0.0007384412936939285,1.0,0.007436132563033426,1.0,0.004472648546300181,1.0,0.005585899096540435,1.0,1.009873182650238,-0.7944851881784287,0.18498897946959136,True
20261011,ss,85,2.97,4.5,1,0,bounded,-0.005,-25,3000,True,9.913676056581812e-05,9.920595718236795e-05,1.570428176320287,1.399571823679713,1.679523510611709,0.0007407571250678798,0.7440979962595989,0.743233179550769,0.006832136896383303,1.0,0.008087914363690421,0.9974306216168264,0.001154341741194448,1.0,0.004642080407106708,1.0,0.0002562092438275872,1.0,0.01241937761525784,1.0,0.9993024953489171,-0.7940428176320569,-0.8632394341818839,True
20261012,ss,85,2.97,4.5,1,0,bounded,-0.005,-25,3000,True,9.966069234202215e-05,9.920577409347588e-05,1.572259065241116,1.397740934758884,1.679009275742592,0.0007431142742858864,0.7435318821748693,0.7449783794470349,-0.002110435571382488,1.0,0.001853059785585875,1.000775687209754,0.00058435886080889,1.0,-0.01008703774335,1.0,0.002001229198356493,1.0,-0.008997280315850509,1.0,1.004585602528716,-0.7942259065241264,-0.3393076579778498,True
20261013,ss,85,2.97,4.5,1,0,bounded,-0.005,-25,3000,True,9.901136822779413e-05,9.920611127585886e-05,1.568887241411306,1.401112758588695,1.679646964693749,0.0007401933172036758,0.7431911612591954,0.7417637766610824,0.002569266914224281,1.0,0.002817546862356797,0.9996164271934468,0.0002484326600048545,1.0,0.01088006073719023,1.0,-0.001213151394405087,1.0,0.001314630205227231,1.0,0.9980369853675323,-0.7938887241411452,-0.9886317722058724,True
20261014,ss,85,2.97,4.5,1,0,bounded,-0.005,-25,3000,True,9.938821882870576e-05,9.9206044366592e-05,1.56955633407986,1.40044366592014,1.679276385265126,0.0007418889461866661,0.7421699131180154,0.74240131709601,-0.006760011243393812,1.0,-0.0006267239939935169,1.00206567718511,-0.0007755982110789275,1.0,0.001485574505919524,1.0,-0.0005757408650755459,1.0,-0.003352712540625203,1.0,1.0018363242207358,-0.7939556334080056,-0.6117811712942456,True
20261015,ss,85,2.97,4.5,1,0,bounded,-0.005,-25,3000,True,9.94208064344574e-05,9.920584856530118e-05,1.571514346988114,1.398485653011886,1.679244402626323,0.0007420350088817409,0.7438789131056678,0.7442685718489223,0.003853817880258088,1.0,-0.005742668776689785,0.9983310608577873,0.0009331611451821524,1.0,-0.002691138122762175,1.0,0.001291504056899169,1.0,0.007324501314643958,1.0,1.0021667862556987,-0.794151434698831,-0.5791935655426017,True
20261016,ss,85,2.97,4.5,1,0,bounded,-0.005,-25,3000,True,0.0001003324434702561,9.920585838854266e-05,1.571416114573219,1.398583885426781,1.678353697463531,0.0007461374047186524,0.739797071135332,0.74417347177555,0.001378278392250517,1.0,-0.001237806565758677,1.001517568801154,-0.003155412471277241,1.0,0.0006963493984544692,1.0,0.001196088462344997,1.0,0.004764374102157048,1.0,1.0113560338070071,-0.7941416114573441,0.3324434702560941,True
20261017,ss,85,2.97,4.5,1,0,bounded,-0.005,-25,3000,True,9.894355730700445e-05,9.920626658981182e-05,1.567334101881694,1.402665898118306,1.679713789270113,0.0007398886293421404,0.7420199474513365,0.7402825568532792,-0.007877703796151216,1.0,-0.0004626611715611133,1.002171124902741,-0.0009222804198525412,1.0,-0.01083087626021317,1.0,-0.002694348884286771,1.0,-0.01233816583002314,1.0,0.9973518882240213,-0.793733410188191,-1.0564426929955517,True
20261018,ss,85,2.97,4.5,1,0,bounded,-0.005,-25,3000,True,9.962824146501438e-05,9.920577578613415e-05,1.572242138658159,1.397757861341841,1.679041051403807,0.0007429682503658629,0.7436580226560882,0.7449622886329355,0.005752918020585441,1.0,-0.001735099881191994,1.003371877414067,0.0007107389639943152,1.0,-0.006578302989069465,1.0,0.001985149600501777,1.0,0.005062416586912334,1.0,1.004258478657442,-0.7942242138658462,-0.3717585349856223,True
20261019,ss,85,2.97,4.5,1,0,bounded,-0.005,-25,3000,True,9.941866227948828e-05,9.920594723009797e-05,1.570527699020054,1.399472300979946,1.679246506670713,0.0007420256532210971,0.7429551280042161,0.7433276523170894,0.002464672227630361,1.0,0.007747269603141408,0.9986417189557254,9.39187615738501e-06,1.0,0.01012942874938728,1.0,0.0003505845387357816,1.0,0.002690378270244297,1.0,1.0021441763858867,-0.7940527699020317,-0.581337720511721,True
20261020,ss,85,2.97,4.5,1,0,bounded,-0.005,-25,3000,True,0.0001001686014365381,9.920588324736278e-05,1.571167526372165,1.398832473627835,1.678513210057572,0.0007454001893986643,0.7402776233334001,0.7439366620657584,0.002021241856581874,1.0,0.004824190329625882,0.9984189038761265,-0.002673650446422907,1.0,-0.003063938048249067,1.0,0.0009593352623971742,1.0,-0.006940442497169999,1.0,1.0097042449264308,-0.7941167526372306,0.16860143653809612,True
20261021,ss,85,2.97,4.5,1,0,bounded,-0.005,-25,3000,True,9.863540460526656e-05,9.920611523575885e-05,1.568847642411301,1.401152357588699,1.680018008478258,0.0007385014926629533,0.7448069558221444,0.7417265960950764,0.007971380156421877,1.0,0.00154492064562947,0.9974555948291142,0.001867003412598814,1.0,0.006690090799853604,1.0,-0.001250201897021773,1.0,-0.005019141840075906,1.0,0.9942472232771535,-0.7938847642411484,-1.3645953947334477,True
20261022,ss,85,2.97,4.5,1,0,bounded,-0.005,-25,3000,True,0.0001010454203467274,9.920557386796313e-05,1.57426132036864,1.39573867963136,1.677662425154179,0.000749344955636022,0.7393793842582022,0.7468855199847805,-0.001424826539686858,1.0,-0.005412288494582303,1.000922179062895,-0.00357836402378514,1.0,0.002245654703508604,1.0,0.003907892064379753,1.0,-0.001551203922442319,1.0,1.018545797448972,-0.794426132036874,1.0454203467273882,True
20261023,ss,85,2.97,4.5,1,0,bounded,-0.005,-25,3000,True,9.969590843400246e-05,9.92058284999754e-05,1.571715000245895,1.398284999754105,1.678974803510014,0.0007432729082875553,0.7428631123359082,0.7444594926667194,0.01096446819827523,1.0,0.005870168260030412,1.00124894131348,-8.467101898360892e-05,1.0,-0.00785989727883781,1.0,0.001482329830727119,1.0,-0.004651044292964601,1.0,1.004940031663837,-0.7941715000246097,-0.30409156599754406,True
20261024,ss,85,2.97,4.5,1,0,bounded,-0.005,-25,3000,True,0.0001000276767202683,9.920614073319598e-05,1.568592668040115,1.401407331959885,1.678650609044302,0.0007447667929067715,0.7384585315649145,0.7414812453529112,-0.0002892324008054538,1.0,-0.004610632946182905,1.000455312106423,-0.00449170161146342,1.0,-0.004504924491018858,1.0,-0.001496034587611898,1.0,0.005174905837696685,1.0,1.0082811001516705,-0.7938592668040201,0.027676720268310362,True
20261025,ss,85,2.97,4.5,1,0,bounded,-0.005,-25,3000,True,9.966049212621377e-05,9.920586225948759e-05,1.571377405123825,1.398622594876175,1.679009471762352,0.0007431136351678835,0.7426989526657453,0.744137604714354,0.004965159363550144,1.0,0.002798279135667754,1.000886195592035,-0.0002485691702066727,1.0,-0.00610508303605998,1.0,0.001160453884123761,1.0,0.00440015763226499,1.0,1.0045826915503948,-0.7941377405124128,-0.3395078737862378,True
20261026,ss,85,2.97,4.5,1,0,bounded,-0.005,-25,3000,True,9.988808390388661e-05,9.920575834516939e-05,1.572416548305961,1.397583451694039,1.67878689063252,0.0007441374895420917,0.7426852868444958,0.7451282019181581,0.01247320430404477,1.0,0.004577086039843142,0.9991439066658736,-0.0002639155597820972,1.0,0.004418126521602672,1.0,0.002150973102578034,1.0,0.005636455275398589,1.0,1.0068778825957179,-0.7942416548306186,-0.11191609611339581,True
20261027,ss,85,2.97,4.5,1,0,bounded,-0.005,-25,3000,True,9.957980508997912e-05,9.920609286599189e-05,1.569071340080843,1.400928659919157,1.67908849822285,0.0007427512284056111,0.7408713922771276,0.7419384706034262,-0.001410522774268631,1.0,0.0002224010016770516,0.9995431947115759,-0.002075533754780803,1.0,0.0004890479827132647,1.0,-0.001038654009233708,1.0,-0.006247577553688578,1.0,1.003767028951458,-0.7939071340081205,-0.42019491002088794,True
20261028,ss,85,2.97,4.5,1,0,bounded,-0.005,-25,3000,True,9.973520317284303e-05,9.920573212959983e-05,1.572678704001585,1.397321295998415,1.678936352419544,0.0007434494483924056,0.7436023857271039,0.7453784322116053,0.000753460275892626,1.0,0.006112369702976127,1.000808832916995,0.000654312214698433,1.0,0.000672480974721324,1.0,0.002401256490078562,1.0,0.002090282782382714,1.0,1.0053371013133747,-0.7942678704001671,-0.2647968271569767,True
20261029,ss,85,2.97,4.5,1,0,bounded,-0.005,-25,3000,True,0.0001001874533587125,9.920566740628601e-05,1.573325937139675,1.396674062860325,1.678494843691554,0.0007454843819992929,0.7422362482240581,0.7459949181280376,0.01215701579456799,1.0,-0.001906129040474764,0.9990040533540427,-0.0007151647596595005,1.0,-0.002534930648341031,1.0,0.003017586394561861,1.0,-0.0006159877860991461,1.0,1.0098964704143938,-0.7943325937139978,0.18745335871250823,True
20261030,ss,85,2.97,4.5,1,0,bounded,-0.005,-25,3000,True,9.90742382852742e-05,9.920598471902135e-05,1.570152809786419,1.399847190213581,1.67958504791309,0.0007404758565886045,0.7441121209079244,0.7429706647675367,0.005321655818537338,1.0,0.003546869874772667,0.999824962738574,0.00116892806515266,1.0,-0.0006397057252230105,1.0,-6.284108405376137e-06,1.0,0.006048844791527458,1.0,0.998671991068681,-0.7940152809786549,-0.9257617147258035,True
20261031,ss,85,2.97,4.5,1,0,bounded,-0.005,-25,3000,True,0.0001000428492408415,9.920578535257438e-05,1.572146474255985,1.397853525744015,1.6786358072991,0.0007448340137683885,0.7417529841069067,0.7448704151670934,0.0131814383993375,1.0,-0.009391152821871588,1.003939811498465,-0.001197361103897706,1.0,-0.0009683382520374982,1.0,0.001893132599573461,1.0,-0.009417527222229816,1.0,1.0084376519503597,-0.7942146474256284,0.042849240841502656,True
20261032,ss,85,2.97,4.5,1,0,bounded,-0.005,-25,3000,True,0.0001006949172777053,9.920569620880869e-05,1.573037911913029,1.396962088086971,1.678001678025107,0.0007477680551784486,0.7397493063321815,0.7457194724972819,-0.01102101477800284,1.0,-0.00115805233079446,0.9962470125230459,-0.003205853812571399,1.0,-0.009588641697220597,1.0,0.00274196495651874,1.0,0.002890089089483517,1.0,1.0150114471830538,-0.7943037911913198,0.6949172777052981,True
20261033,ss,85,2.97,4.5,1,0,bounded,-0.005,-25,3000,True,9.975488832933456e-05,9.920581024163123e-05,1.571897583687441,1.398102416312559,1.678917095302731,0.0007435382635893901,0.7427775053275133,0.7446335173209484,0.004046524725609812,1.0,0.005572072968263942,0.9992475308172096,-0.0001707135430866334,1.0,-0.0008220634949661986,1.0,0.001656334211286027,1.0,0.003895873362369481,1.0,1.0055347371929726,-0.7941897583687685,-0.24511167066544326,True
20261034,ss,85,2.97,4.5,1,0,bounded,-0.005,-25,3000,True,9.953503810901245e-05,9.920579869422821e-05,1.57201305771781,1.39798694228219,1.67913237009255,0.0007425489033007544,0.7438497601963101,0.7447439787774012,0.002296695070044587,1.0,-0.002850691639928403,0.9984586314788924,0.0009031647315697323,1.0,0.004284057175606183,1.0,0.001766871826543247,1.0,0.003319089338561779,1.0,1.0033187517173165,-0.7942013057717912,-0.4649618909875586,True
20261035,ss,85,2.97,4.5,1,0,bounded,-0.005,-25,3000,True,9.961133935039092e-05,9.920601658473677e-05,1.569834152632244,1.400165847367756,1.67905760572093,0.0007428929060222327,0.7414547281096919,0.7426659258044321,0.009412246710863893,1.0,0.001130786048811306,0.9998114917200076,-0.00149243077557759,1.0,-0.009630382988750926,1.0,-0.0003112091568810561,1.0,0.002532008447424707,1.0,1.0040856671763243,-0.793983415263233,-0.388660649609085,True
20261036,ss,85,2.97,4.5,1,0,bounded,-0.005,-25,3000,True,9.899649313408622e-05,9.920594482489261e-05,1.570551751073652,1.399448248926348,1.679661619701035,0.0007401258849223031,0.7448310222492033,0.7433512485271903,0.004807146875611891,1.0,0.0009095582420001371,1.000736635423178,0.001888403491066537,1.0,-0.003532377377344307,1.0,0.0003743268474526242,1.0,-0.002285131253540692,1.0,0.997888718350739,-0.7940551751073999,-1.0035068659137836,True
20261037,ss,85,2.97,4.5,1,0,bounded,-0.005,-25,3000,True,9.935700601645982e-05,9.920613333757969e-05,1.568666624203035,1.401333375796965,1.679307027965345,0.0007417487527750977,0.7414652948614325,0.7415528266157034,-0.003058393980404164,1.0,-0.001679728763996274,1.001182333658813,-0.001479985987512911,1.0,-0.01289626473617606,1.0,-0.001424221201735272,1.0,0.01267228400347793,1.0,1.0015207999123072,-0.7938666624203172,-0.6429939835401854,True
20261038,ss,85,2.97,4.5,1,0,bounded,-0.005,-25,3000,True,0.0001002959884824631,9.920582992268854e-05,1.571700773114387,1.398299226885614,1.678389167762541,0.0007459732727302783,0.7402254428509023,0.7444449894442644,0.0004156353193103134,1.0,0.001005027889033331,1.000144606635481,-0.002726771568276407,1.0,-0.009782116383867258,1.0,0.001467618955495632,1.0,0.005524856065475221,1.0,1.010988855802367,-0.7941700773114624,0.2959884824631054,True
20261039,ss,85,2.97,4.5,1,0,bounded,-0.005,-25,3000,True,9.951088633273576e-05,9.920592962204302e-05,1.570703779569709,1.399296220430291,1.679156046733314,0.0007424406091647907,0.7427173729962349,0.7434954313976555,-0.001220414310655045,1.0,0.007273131534832951,1.0000698004745,-0.0002290441285777739,1.0,-0.001791517910542893,1.0,0.0005183318375187426,1.0,0.007029758446198407,1.0,1.0030739766448897,-0.7940703779569791,-0.48911366726424044,True
20261040,ss,85,2.97,4.5,1,0,bounded,-0.005,-25,3000,True,0.0001004503966760543,9.920561941138859e-05,1.573805886114054,1.396194113885946,1.678239014014506,0.0007466674843826279,0.7415418493678402,0.7464521700293357,-1.233808110032523e-05,1.0,-0.001541252895952729,1.00029495450258,-0.001411505215769566,1.0,0.000712092655155522,1.0,0.003474747665413179,1.0,-0.001738582307053652,1.0,1.0125474471310323,-0.7943805886114097,0.4503966760542877,True
20261041,ss,85,2.97,4.5,1,0,bounded,-0.005,-25,3000,True,9.879601766559366e-05,9.920606177882096e-05,1.569382211790093,1.400617788209908,1.679859333201044,0.0007392240926673332,0.7446060285573888,0.7422361780118092,0.01334803394828722,1.0,0.002171183325340817,1.001001911745873,0.001664890148356752,1.0,-0.006444598892276086,1.0,-0.000740675161814832,1.0,-0.0005924383157229488,1.0,0.9958667433635104,-0.7939382211790469,-1.2039823344063505,True
20261042,ss,85,2.97,4.5,1,0,bounded,-0.005,-25,3000,True,9.870304201702685e-05,9.920632647683997e-05,1.566735231600075,1.403264768399925,1.679951157228312,0.0007388064884020985,0.7425109268655417,0.7397117287539269,-0.00918509358156565,1.0,0.002544420556398017,1.001607781865681,-0.0004295249934503136,1.0,-0.001401576450759836,1.0,-0.003265094201467279,1.0,-0.003224354740505117,1.0,0.9949268914827664,-0.7936735231600323,-1.296957982973146,True
20261043,ss,85,2.97,4.5,1,0,bounded,-0.005,-25,3000,True,0.0001002962148431,9.920588249534585e-05,1.571175046541317,1.398824953458684,1.67838894747844,0.0007459744474945091,0.7397273156092868,0.7439436346139485,0.01299302543749283,1.0,0.003839362117050165,1.002764707440052,-0.003224900481544242,1.0,-0.004646180062096806,1.0,0.0009662636587116736,1.0,0.006038476585508433,1.0,1.0109906017700645,-0.7941175046541571,0.2962148431000067,True
20261044,ss,85,2.97,4.5,1,0,bounded,-0.005,-25,3000,True,9.850291682707825e-05,9.920603310483203e-05,1.569668951679449,1.400331048320552,1.680149082548091,0.0007379050537313226,0.7461672504841971,0.7425101020590018,5.308330359933914e-05,1.0,-0.00414814322146085,0.9987815892252012,0.003228276393037832,1.0,0.003711702764944277,1.0,-0.000466649482774895,1.0,-0.004285279292622728,1.0,0.9929125653375255,-0.7939668951679746,-1.4970831729217537,True
20261045,ss,85,2.97,4.5,1,0,bounded,-0.005,-25,3000,True,9.920449152921596e-05,9.92061567605164e-05,1.568432394835882,1.401567605164118,1.679456888240024,0.0007410625071486032,0.741912894810207,0.7413296691300686,-0.0005703470888215078,1.0,-0.002171320724533684,0.99915901367172,-0.001031259846214294,1.0,-0.006003627800051889,1.0,-0.001647326086529735,1.0,0.01625505545926418,1.0,0.99998321443593,-0.7938432394836048,-0.7955084707840454,True
20261046,ss,85,2.97,4.5,1,0,bounded,-0.005,-25,3000,True,9.95560592469983e-05,9.920577678565966e-05,1.572232143403177,1.397767856596824,1.679111766938598,0.0007426434333539454,0.7439648263382528,0.744952869614307,0.003800865344249653,1.0,0.001410479991859415,0.99752259303736,0.001018075650334773,1.0,0.004601586276759088,1.0,0.001975755551323098,1.0,-0.007712288320305525,1.0,1.0035308675834014,-0.7942232143403394,-0.44394075300170366,True
20261047,ss,85,2.97,4.5,1,0,bounded,-0.005,-25,3000,True,9.984109271618115e-05,9.920605820699569e-05,1.569417930042967,1.400582069957033,1.678832807816042,0.0007439269197853256,0.7400550891354652,0.7422686131950411,-0.009921115937495806,1.0,-0.005861348924407312,0.999814249883384,-0.002893766280835029,1.0,0.00934764847967292,1.0,-0.0007086015736234561,1.0,-0.001715224149696541,1.0,1.0064011666289618,-0.7939417930043158,-0.15890728381885433,True
20261048,ss,85,2.97,4.5,1,0,bounded,-0.005,-25,3000,True,9.956975214170972e-05,9.920576526903627e-05,1.572347309637031,1.397652690362969,1.679098348533592,0.0007427050171756745,0.7440137431769066,0.7450626719237833,0.005131120754937235,1.0,0.00133769125829999,0.9998461781288374,0.001066891378644324,1.0,0.0008533423998921461,1.0,0.002085553207719612,1.0,-0.01049290443293293,1.0,1.0036690092726601,-0.7942347309637277,-0.430247858290278,True
20261049,ss,85,2.97,4.5,1,0,bounded,-0.005,-25,3000,True,9.88432448838187e-05,9.920603039743966e-05,1.569696025603074,1.400303974396926,1.679812722366562,0.0007394365219471093,0.7446951974404997,0.7425353917866113,0.00242131568118633,1.0,0.00393913868173538,0.998210653400512,0.001753710296455104,1.0,-0.007507491525336973,1.0,-0.0004414774970797661,1.0,-0.007944985067323858,1.0,0.9963431102709425,-0.7939696025603404,-1.1567551161813072,True
20261050,ss,85,2.97,4.5,1,0,bounded,-0.005,-25,3000,True,9.926890436698179e-05,9.920569558818092e-05,1.573044118190633,1.396955881809367,1.679393569724422,0.000741350995236104,0.7459921153182156,0.7457276143649931,0.006280563166215039,1.0,-0.006590787040830747,1.00127805301224,0.003047485028049439,1.0,-0.01233806102060733,1.0,0.002750600263957032,1.0,0.00756355788912905,1.0,1.0006371486881485,-0.7943044118190801,-0.7310956330182194,True
20261051,ss,85,2.97,4.5,1,0,bounded,-0.005,-25,3000,True,9.957418695182886e-05,9.920593210931563e-05,1.570678906843582,1.399321093156418,1.679094002999704,0.0007427254693377397,0.7424164286611132,0.7434716123267464,0.003239707982773348,1.0,0.00682501909187344,0.9968456244089826,-0.000530455885049774,1.0,0.002412369641333909,1.0,0.0004944908446519013,1.0,0.003469579679291176,1.0,1.003712024419139,-0.794067890684369,-0.42581304817114196,True
20261052,ss,85,2.97,4.5,1,0,bounded,-0.005,-25,3000,True,0.000100477086938268,9.920595583468794e-05,1.570441653120416,1.399558346879584,1.678213081350769,0.0007467885897390781,0.7382443284840144,0.7432439417279656,0.0008578270882559609,1.0,-0.005113368612787739,1.000114776216212,-0.004709223184146882,1.0,0.004082456323632338,1.0,0.0002665076453242599,1.0,-0.0009972356598703055,1.0,1.0128130523302272,-0.7940441653120689,0.47708693826800097,True
20261053,ss,85,2.97,4.5,1,0,bounded,-0.005,-25,3000,True,9.935293170902617e-05,9.920590629301639e-05,1.57093706983604,1.399062930163961,1.679311028528316,0.0007417297440692508,0.7436305944869694,0.7437181581544793,-0.00478995274329375,1.0,-0.002199016828566223,1.000777929214916,0.0006853437241884667,1.0,0.008262893802823953,1.0,0.0007411134227408988,1.0,0.001743699690331516,1.0,1.0014820228099677,-0.7940937069836118,-0.6470682909738401,True
20261054,ss,85,2.97,4.5,1,0,bounded,-0.005,-25,3000,True,9.908312717161228e-05,9.920606188926235e-05,1.569381107376374,1.400618892623626,1.679576296815332,0.0007405160857726379,0.7433431444005492,0.742234677020255,-0.007758094647493779,1.0,0.003197127214192698,0.9971133801332572,0.0003998859203508821,1.0,-0.00688222352912343,1.0,-0.0007422755009652173,1.0,-0.002362779528830091,1.0,0.9987608144572124,-0.7939381107376575,-0.9168728283877159,True
20261055,ss,85,2.97,4.5,1,0,bounded,-0.005,-25,3000,True,9.789875674845496e-05,9.920614295779327e-05,1.568570422067272,1.401429577932728,1.680748926213352,0.0007351866596412408,0.7477927593280793,0.7414633488617319,0.006196244808632577,1.0,-0.002155698551582496,1.00166697356149,0.00485824649812965,1.0,-0.004004062041377397,1.0,-0.001513194436647535,1.0,0.0004675470557624501,1.0,0.9868215196120009,-0.7938570422067359,-2.1012432515450485,True
20261056,ss,85,2.97,4.5,1,0,bounded,-0.005,-25,3000,True,9.927306494886968e-05,9.920581432994065e-05,1.571856700593323,1.398143299406677,1.679389481168349,0.0007413700705186422,0.7448508176973004,0.7445952815916503,0.002847509053064508,1.0,0.0009376071789865768,0.9980040381341012,0.001906156684266989,1.0,-0.005178414529209785,1.0,0.001618265174510165,1.0,-0.01067990900293344,1.0,1.0006778898936848,-0.7941856700593553,-0.7269350511303174,True
20261057,ss,85,2.97,4.5,1,0,bounded,-0.005,-25,3000,True,9.859883563169282e-05,9.920597117798823e-05,1.570288220117561,1.399711779882439,1.680054170533282,0.0007383365044301994,0.7463307038048033,0.7431005450920085,-0.004174781479584244,1.0,0.001390444853963754,1.000301778393228,0.003391021428778649,1.0,0.003235421345599325,1.0,0.000123760817099387,1.0,-0.002033692005938357,1.0,0.9938800503731159,-0.7940288220117719,-1.401164368307184,True
20261058,ss,85,2.97,4.5,1,0,bounded,-0.005,-25,3000,True,9.863166309624395e-05,9.920634885171691e-05,1.566511482830691,1.40348851716931,1.680021707769307,0.0007384853497109972,0.7426133382977985,0.7394984248319247,-0.003021216797904603,1.0,-0.002832400869078403,0.999108759213966,-0.0003265864845009061,1.0,-0.005841590655588523,1.0,-0.003478373589815019,1.0,-0.005595284627046475,1.0,0.9942071675641251,-0.7936511482830921,-1.368336903756051,True
20261059,ss,85,2.97,4.5,1,0,bounded,-0.005,-25,3000,True,9.917907721898635e-05,9.920564660545192e-05,1.573533945480786,1.396466054519214,1.679481881517536,0.0007409466275941001,0.7468496389373869,0.7461948408352608,0.002663589958953463,1.0,0.00973343270376243,0.9999547011287808,0.00390567194647715,1.0,0.00813691610789489,1.0,0.003217858178200698,1.0,-0.006747935864294651,1.0,0.9997321786876584,-0.7943533945480863,-0.8209227810136555,True
20261060,ss,85,2.97,4.5,1,0,bounded,-0.005,-25,3000,True,0.0001002452790770062,9.920569367661315e-05,1.573063233868275,1.396936766131726,1.678438527795652,0.0007457446757544628,0.7417352153940064,0.7457443201940679,-0.002375919293241864,1.0,-0.001937261081431495,0.9998433602347012,-0.001216624581146997,1.0,-0.002125676462254855,1.0,0.002766968257682254,1.0,0.0007023669584552361,1.0,1.010479090079062,-0.7943063233868508,0.24527907700619966,True
20261061,ss,85,2.97,4.5,1,0,bounded,-0.005,-25,3000,True,9.936678637339304e-05,9.920591378029347e-05,1.57086219706515,1.39913780293485,1.679297425267026,0.000741792112296904,0.743499050802128,0.7436467332671273,0.01042781906864759,1.0,0.002266119438794216,0.9986376441677044,0.0005536977342273154,1.0,-0.011284994475865,1.0,0.0006696836859547309,1.0,-0.004811975153875547,1.0,1.001621602855812,-0.7940862197065357,-0.6332136266069655,True
20261062,ss,85,2.97,4.5,1,0,bounded,-0.005,-25,3000,True,9.978753882449544e-05,9.920589860663665e-05,1.571013933633431,1.398986066366569,1.678885162718244,0.000743685453260316,0.7417989023586546,0.7437907820565066,0.007534091825714396,1.0,-0.002288992440071684,1.000757480026288,-0.001149557607970176,1.0,-0.003508867210594932,1.0,0.0008135869967038247,1.0,-0.005657061188901589,1.0,1.0058629600258455,-0.7941013933633556,-0.21246117550456356,True
20261063,ss,85,2.97,4.5,1,0,bounded,-0.005,-25,3000,True,9.945759021879587e-05,9.920602606029352e-05,1.569739397064777,1.400260602935223,1.679208313659032,0.0007422010630718186,0.7420388661526184,0.7425757970817654,0.01721373948670538,1.0,-0.00305317265692074,0.9991846949988912,-0.000907157425768268,1.0,0.009081161549102133,1.0,-0.0004012847485731127,1.0,0.002306812376896432,1.0,1.0025357749775146,-0.7939739397064938,-0.542409781204134,True
20261064,ss,85,2.97,4.5,1,0,bounded,-0.005,-25,3000,True,9.86031760512899e-05,9.920604569012148e-05,1.56954309878504,1.400456901214961,1.680049877745453,0.0007383562576181921,0.7456067226897923,0.742389918820799,0.00161253409114786,1.0,-0.005974826466525879,1.000819159176215,0.002667008262924923,1.0,0.005032381989308689,1.0,-0.0005868675060448665,1.0,0.002469520551036154,1.0,0.9939230554485087,-0.7939543098785196,-1.396823948710102,True
20261065,ss,85,2.97,4.5,1,0,bounded,-0.005,-25,3000,True,9.891633503549193e-05,9.92058528893811e-05,1.57147110618879,1.39852889381121,1.679740627810056,0.0007397649004305816,0.7460529298855915,0.7442281225417773,-0.008544023913758993,1.0,0.003607484725895283,1.001939247451998,0.003110903030324739,1.0,-0.01557842399300955,1.0,0.001251229277425619,1.0,-0.005354756804333506,1.0,0.9970816454326339,-0.7941471106189035,-1.0836649645080798,True
20261066,ss,85,2.97,4.5,1,0,bounded,-0.005,-25,3000,True,9.81092267233611e-05,9.920625669604051e-05,1.567433039594834,1.402566960405166,1.680539561908565,0.000736134112331218,0.7457874179301561,0.7403782238379704,0.004983868317857998,1.0,0.0006605459443223745,1.000349907760601,0.002851350936815367,1.0,0.008065926955327311,1.0,-0.002598393127745061,1.0,0.00201618066875546,1.0,0.9889419275636958,-0.7937433039594932,-1.8907732766389018,True
20261067,ss,85,2.97,4.5,1,0,bounded,-0.005,-25,3000,True,9.81462433199224e-05,9.920621596870254e-05,1.567840312974466,1.402159687025535,1.680502783886031,0.000736300566055981,0.7460094283396943,0.7407666150547808,-6.090253992760907e-05,1.0,0.003380923612400111,0.9990556089339144,0.003073088006974675,1.0,0.01240267706500572,1.0,-0.002210014418932564,1.0,0.001914818513871402,1.0,0.9893154613505817,-0.793784031297462,-1.8537566800776006,True
20261068,ss,85,2.97,4.5,1,0,bounded,-0.005,-25,3000,True,0.0001006978670418005,9.920572047825168e-05,1.5727952174831,1.3972047825169,1.677998818270545,0.0007477814011976757,0.7395069708757138,0.7454880375265449,-0.001157068696844608,1.0,0.002670443610000204,1.00192673434647,-0.003448211050405953,1.0,-0.001808111433258785,1.0,0.002510528785860784,1.0,-0.008112238279463092,1.0,1.0150409326836745,-0.7942795217483201,0.697867041800504,True
20261069,ss,85,2.97,4.5,1,0,bounded,-0.005,-25,3000,True,9.863396364303702e-05,9.920616998951418e-05,1.568300104858096,1.401699895141904,1.680019433165351,0.0007384951709514709,0.7442953603234176,0.7412043870579593,0.001472717280542755,1.0,0.0008096315990771497,0.9989783057298354,0.001355418554039361,1.0,-0.01480558380993582,1.0,-0.001772410839635088,1.0,-0.01036484133898709,1.0,0.9942321496078557,-0.7938300104858298,-1.3660363569629852,True
20261070,ss,85,2.97,4.5,1,0,bounded,-0.005,-25,3000,True,9.875441697781019e-05,9.920624951292285e-05,1.567504870771324,1.402495129228676,1.679900408465508,0.0007390374471418473,0.7430130443892125,0.7404457290327315,-0.0008364710255832889,1.0,-0.003206410629910219,0.9997039348928236,7.22131673269644e-05,1.0,-0.003983409512240397,1.0,-0.002531111131644441,1.0,-0.0075581596126465,1.0,0.9954455234692265,-0.7937504870771495,-1.2455830221898223,True
20261071,ss,85,2.97,4.5,1,0,bounded,-0.005,-25,3000,True,9.841234921036536e-05,9.920603405878364e-05,1.569659412163492,1.400340587836508,1.680238780124044,0.0007374975022902618,0.7465572220646366,0.742501145371296,0.01195296821751581,1.0,0.001670919773089724,0.9985111762347416,0.003618916744784982,1.0,-0.003696571114326367,1.0,-0.0004755748389783481,1.0,-0.008192903556934267,1.0,0.9919996313132728,-0.793965941216368,-1.5876507896346537,True
20261072,ss,85,2.97,4.5,1,0,bounded,-0.005,-25,3000,True,9.88608906649039e-05,9.920610268331641e-05,1.568973166835753,1.401026833164247,1.67979531231386,0.0007395161426487662,0.7439338157873856,0.7418459612616413,-0.00753541233983798,1.0,-0.01098276234390799,1.002831078760402,0.0009921983431785744,1.0,-0.003667243048507399,1.0,-0.001130914661399703,1.0,-0.00883482422199156,1.0,0.9965202542074001,-0.7938973166835894,-1.1391093350961001,True
20261073,ss,85,2.97,4.5,1,0,bounded,-0.005,-25,3000,True,9.99805698840054e-05,9.920583553217193e-05,1.571644678280672,1.398355321719329,1.678696578294028,0.0007445539056977128,0.7415507969219881,0.7443919875001362,-0.001418502526922718,1.0,0.002894514540931494,0.9978253116432437,-0.001399088410696652,1.0,-0.0002561215031551513,1.0,0.001414726112507941,1.0,0.01228798786982825,1.0,1.0078093627020783,-0.7941644678280735,-0.019430115994611974,True
20261074,ss,85,2.97,4.5,1,0,bounded,-0.005,-25,3000,True,9.961782143867928e-05,9.920587326555099e-05,1.571267344490067,1.398732655509934,1.679051256700516,0.0007429216497612952,0.7427817916652961,0.7440327124711423,0.004424990353289136,1.0,-0.001837185733567171,0.9976691155457332,-0.000165415084152154,1.0,-0.009657610141839985,1.0,0.001055576324778433,1.0,-0.003475429761227685,1.0,1.0041524575064784,-0.7941267344490188,-0.382178561320734,True
20261075,ss,85,2.97,4.5,1,0,bounded,-0.005,-25,3000,True,9.851277376387392e-05,9.920603154193767e-05,1.569684580623184,1.400315419376817,1.680139325027809,0.0007379494053052571,0.746138630761274,0.7425249921141512,-0.00498843501181542,1.0,-0.003158479806503686,1.00215699029562,0.003199583884348917,1.0,-1.007778598608893e-05,1.0,-0.000451762826790511,1.0,-0.007234826964094917,1.0,0.9930119392209467,-0.793968458062333,-1.4872262361260824,True
20261076,ss,85,2.97,4.5,1,0,bounded,-0.005,-25,3000,True,9.883727183404836e-05,9.920606130004756e-05,1.5693869995244,1.400613000475601,1.67981861629131,0.0007394097350032839,0.7444291168674624,0.7422406798517184,0.002666686299758852,1.0,0.0003964246345608562,1.002896893324503,0.001487673829480463,1.0,0.003767947541759003,1.0,-0.0007361875932546609,1.0,-0.01242448944873376,1.0,0.9962825913944532,-0.7939386999524456,-1.162728165951643,True
20261077,ss,85,2.97,4.5,1,0,bounded,-0.005,-25,3000,True,9.960351209043074e-05,9.920575198590282e-05,1.572480140971557,1.397519859028443,1.679065272821145,0.0007428568974938233,0.7439913937283625,0.7451892879647362,0.004650279642364791,1.0,-8.54520530789597e-05,0.9990883181651736,0.001044292641677524,1.0,0.0160356063965925,1.0,0.002212157664953457,1.0,0.007084907270242504,1.0,1.0040094459904345,-0.7942480140971764,-0.3964879095692653,True
20261078,ss,85,2.97,4.5,1,0,bounded,-0.005,-25,3000,True,9.933918466486537e-05,9.920596500203993e-05,1.570349979600615,1.399650020399386,1.679324527901852,0.0007416680567371241,0.7431356447676805,0.743158289293219,0.001951423661772926,1.0,0.00227299558396253,1.000163062343994,0.0001904955151196057,1.0,-0.002573825782977617,1.0,0.0001812488848906896,1.0,-0.004300491492292803,1.0,1.0013428594018787,-0.7940349979600803,-0.6608153351346346,True
20261079,ss,85,2.97,4.5,1,0,bounded,-0.005,-25,3000,True,9.982002167576644e-05,9.920585782165608e-05,1.57142178343908,1.39857821656092,1.678853403927902,0.0007438315049590606,0.7420424450678097,0.7441796769709379,0.00358795325907928,1.0,-0.005899671526075283,1.000913703756936,-0.000906254756409104,1.0,-0.01167300870408443,1.0,0.001202470972349182,1.0,-0.004046309407726855,1.0,1.0061908023134525,-0.7941421783439151,-0.17997832423356508,True
20261080,ss,85,2.97,4.5,1,0,bounded,-0.005,-25,3000,True,9.902633119467742e-05,9.920606447801068e-05,1.569355219893066,1.400644780106934,1.679632225221736,0.0007402605115631393,0.7435681183988754,0.7422100763046482,-0.01036423424240118,1.0,-0.008737524900506204,0.9976583408072716,0.0006252793105342578,1.0,0.001094236530587869,1.0,-0.0007668565828514567,1.0,0.001107450798472643,1.0,0.9981882833042621,-0.7939355219893196,-0.9736688053225806,True
20261081,ss,85,2.97,4.5,1,0,bounded,-0.005,-25,3000,True,9.881643435489286e-05,9.920630467335966e-05,1.566953266403142,1.403046733596859,1.679839180384157,0.0007393166891661727,0.7422184645254103,0.7399195152157214,0.00222263966055888,1.0,0.002945705397397344,1.002508755442341,-0.0007228246453851268,1.0,-0.001870564626068932,1.0,-0.003057346815371352,1.0,0.01097923067488028,1.0,0.9960701054257542,-0.7936953266403424,-1.183565645107143,True
20261082,ss,85,2.97,4.5,1,0,bounded,-0.005,-25,3000,True,9.9924961131043e-05,9.920603032836722e-05,1.569696716327779,1.400303283672221,1.678750870601679,0.0007443042448541167,0.7399518800643847,0.7425343634199539,0.006143384425142651,1.0,0.002293192559317103,1.001311678711696,-0.002997594647024906,1.0,-0.02092381926741343,1.0,-0.0004428801635865756,1.0,0.001691590278333388,1.0,1.0072468457844364,-0.7939696716327882,-0.0750388689570003,True
20261083,ss,85,2.97,4.5,1,0,bounded,-0.005,-25,3000,True,9.94919645825957e-05,9.920584533428439e-05,1.571546657155926,1.398453342844074,1.679174600047937,0.0007423552109525125,0.7435974829322772,0.7442992730762182,0.001774571408007803,1.0,-0.005641749853394325,0.9986469072731874,0.0006512055288816316,1.0,-0.002720917563029478,1.0,0.001322180685598597,1.0,0.007559078257579279,1.0,1.0028840966713926,-0.7941546657156073,-0.5080354174043067,True
20261084,ss,85,2.97,4.5,1,0,bounded,-0.005,-25,3000,True,9.924160563032393e-05,9.920616067132364e-05,1.568393286763541,1.40160671323646,1.679420399914872,0.0007412295322196838,0.7417130270222356,0.7412923118677449,0.0007821260067862983,1.0,0.00347577614054335,1.00012003363667,-0.001231401691096362,1.0,-0.01137113821846477,1.0,-0.001684696220122784,1.0,-0.003352999988208071,1.0,1.0003572858657208,-0.7938393286763601,-0.7583943696760742,True
20261085,ss,85,2.97,4.5,1,0,bounded,-0.005,-25,3000,True,0.0001000741175592116,9.920564348902934e-05,1.573565109706579,1.396434890293421,1.678605309809924,0.0007449742998666381,0.7429577619203418,0.7462231623278213,-0.0178380337828314,1.0,-0.007641748418748816,0.9982503305137628,7.185821079163398e-06,1.0,-0.008958630150133191,1.0,0.003245869988098583,1.0,0.007403487154651008,1.0,1.0087542809021575,-0.7943565109706618,0.07411755921158392,True
20261086,ss,85,2.97,4.5,1,0,bounded,-0.005,-25,3000,True,9.967000626276792e-05,9.92058114597895e-05,1.571885402104882,1.398114597895118,1.679000157432992,0.0007431562979072746,0.7431376544014918,0.7446220331181915,-0.01051785718656612,1.0,0.003158551523237673,1.001380697242813,0.0001900623119669423,1.0,0.01412338172495116,1.0,0.001644879370937796,1.0,0.01091300663333724,1.0,1.0046791089770641,-0.7941885402105053,-0.3299937372320816,True
20261087,ss,85,2.97,4.5,1,0,bounded,-0.005,-25,3000,True,9.997172335280004e-05,9.920606578962236e-05,1.569342103776088,1.400657896223913,1.678705213481528,0.0007445147801706266,0.7394119677978622,0.7421960927085657,-0.005121409692976957,1.0,-0.006561462695049542,1.00304459690797,-0.003537852211773194,1.0,-0.009351902701382697,1.0,-0.0007811673175048467,1.0,0.003558821262017348,1.0,1.007717850285499,-0.7939342103776448,-0.028276647199965144,True
20261088,ss,85,2.97,4.5,1,0,bounded,-0.005,-25,3000,True,9.888762005697251e-05,9.920609406389917e-05,1.569059361008199,1.400940638991801,1.679768945615314,0.0007396363993155004,0.7438978412699893,0.7419281254253947,-0.0008291675251925227,1.0,0.004242765279575431,1.001573164532431,0.0009560264507918672,1.0,-0.003325906216385677,1.0,-0.001048759683112815,1.0,0.01551012120099177,1.0,0.9967897737540042,-0.793905936100836,-1.112379943027486,True
20261089,ss,85,2.97,4.5,1,0,bounded,-0.005,-25,3000,True,9.968427589705988e-05,9.920582789362685e-05,1.571721063731281,1.398278936268719,1.678986189058017,0.0007432205600692726,0.7429197561294381,0.7444652931604778,0.004798322943916694,1.0,-0.001577162457631029,0.9973882841376938,-2.794132915237905e-05,1.0,0.008184256443182191,1.0,0.001488134354146682,1.0,0.009202238145251895,1.0,1.0048227812175112,-0.7941721063731588,-0.3157241029401292,True
20261090,ss,85,2.97,4.5,1,0,bounded,-0.005,-25,3000,True,9.857799848974315e-05,9.920616915067068e-05,1.568308493293086,1.401691506706914,1.680074781507035,0.0007382433252696791,0.7445496125066435,0.741212474896266,-0.00524644776559524,1.0,-0.002651856601623561,0.9978606029740952,0.001610083995797742,1.0,0.003619895147724379,1.0,-0.001764303629758936,1.0,-0.005774506415865477,1.0,0.9936680282455671,-0.7938308493293245,-1.422001510256854,True
20261091,ss,85,2.97,4.5,1,0,bounded,-0.005,-25,3000,True,9.996410551081616e-05,9.920593907139493e-05,1.570609286050516,1.399390713949485,1.678712649914198,0.000744480123529451,0.7406436631617549,0.7434046089752812,0.0006530206718977444,1.0,0.000198367479701102,0.9987437168920048,-0.002306100596336461,1.0,-0.002825003646918039,1.0,0.0004273525204609392,1.0,-0.009778105709931768,1.0,1.0076423493040634,-0.7940609286050782,-0.03589448918385196,True
20261092,ss,85,2.97,4.5,1,0,bounded,-0.005,-25,3000,True,9.985712579149299e-05,9.920570017448287e-05,1.572998255171179,1.397001744828821,1.678817138879499,0.0007439980052684812,0.7433708463807304,0.7456829628760555,0.003643027648338471,1.0,-0.0006645114034350995,0.9976655648189998,0.0004218725753831192,1.0,0.00342638213211235,1.0,0.002705745202172082,1.0,0.003088521673839517,1.0,1.006566413178521,-0.7942998255171307,-0.1428742085070156,True
20261093,ss,85,2.97,4.5,1,0,bounded,-0.005,-25,3000,True,9.951731008157529e-05,9.92058228701526e-05,1.571771298473749,1.398228701526252,1.679149748825951,0.0007424691989792041,0.7436987998370173,0.7445134589517303,-0.007053829059705592,1.0,-0.005657182360385218,0.9956270840055476,0.0007523352786396746,1.0,0.01267876916548897,1.0,0.001536357956834947,1.0,0.0125529402855232,1.0,1.003139807749293,-0.7941771298474065,-0.48268991842471687,True
20261094,ss,85,2.97,4.5,1,0,bounded,-0.005,-25,3000,True,9.875258510536091e-05,9.920617431923163e-05,1.56825680768357,1.40174319231643,1.679902217578702,0.0007390289803909059,0.743732419538987,0.7411629070942102,0.002731867649168058,1.0,-0.001447961514405673,1.003479192479694,0.000791601844288381,1.0,0.00830417224396999,1.0,-0.001813931881296728,1.0,-0.01118441611415865,1.0,0.9954278126640472,-0.7938256807683786,-1.2474148946390984,True
20261095,ss,85,2.97,4.5,1,0,bounded,-0.005,-25,3000,True,9.975372316901078e-05,9.920607568627628e-05,1.56924313723704,1.40075686276296,1.67891823502708,0.000743533808736999,0.7402722115819322,0.7421020463754984,0.008030943188152362,1.0,-0.003005456809860611,0.9974688572923964,-0.002675998685911796,1.0,-0.006254318312165255,1.0,-0.0008751382903335657,1.0,0.00488818381608015,1.0,1.0055203018458905,-0.7939243137237262,-0.2462768309892227,True
20261096,ss,85,2.97,4.5,1,0,bounded,-0.005,-25,3000,True,9.989094026632207e-05,9.920589994051566e-05,1.571000594843324,1.398999405156676,1.678784100214286,0.0007441507637114464,0.7413337554533269,0.7437779001822855,0.004655010815668722,1.0,0.006433750031439795,1.000180759259142,-0.001615468043209811,1.0,0.005723633901258575,1.0,0.0008006693332311031,1.0,0.002164560874624252,1.0,1.0069052377551855,-0.7941000594843484,-0.10905973367792976,True
20261097,ss,85,2.97,4.5,1,0,bounded,-0.005,-25,3000,True,0.0001004250291095358,9.920581738880097e-05,1.571826111990166,1.398173888009834,1.678263667585853,0.000746553918327072,0.7397806348928783,0.7445643150191935,-0.0008632369719437225,1.0,0.004297810003481109,1.000185166574393,-0.003172532374957386,1.0,-0.01021109425227589,1.0,0.001586899971749019,1.0,0.007310037326117728,1.0,1.012289720026766,-0.7941826111990347,0.42502910953579054,True
20261098,ss,85,2.97,4.5,1,0,bounded,-0.005,-25,3000,True,9.996673498020505e-05,9.920609150428825e-05,1.569084957117461,1.40091504288254,1.678710083001556,0.0007444924088684917,0.7391905535790294,0.7419508540623111,-0.004232990052023617,1.0,0.005843290334735345,1.00141821456094,-0.003759229595937385,1.0,0.008055551889971318,1.0,-0.001026404427475773,1.0,-0.003213527442077178,1.0,1.0076673061541177,-0.7939084957117593,-0.033265019794959105,True
20261099,ss,85,2.97,4.5,1,0,bounded,-0.005,-25,3000,True,9.968588525273083e-05,9.92058931655542e-05,1.571068344457792,1.398931655542208,1.678984613798002,0.0007432279960277379,0.7422954409233669,0.7438428297824767,0.004373463150299234,1.0,0.0002171468408014365,0.9977190532819358,-0.0006522684191685238,1.0,-0.002834821259814204,1.0,0.0008656699374808644,1.0,0.0005036819151312632,1.0,1.0048383424800744,-0.7941068344458069,-0.31411474726917854,True
20261100,ss,85,2.97,4.5,1,0,bounded,-0.005,-25,3000,True,9.865079411480884e-05,9.920613670983758e-05,1.568632901623906,1.401367098376094,1.680002794019802,0.0007385708092329179,0.7445361034316754,0.7415217654449499,-0.00190250764083775,1.0,-0.003596882730753179,0.9985336072512416,0.001596037382691817,1.0,-0.006261655006796744,1.0,-0.001455038030728828,1.0,-0.004953000323648022,1.0,0.9944021346516795,-0.7938632901624221,-1.3492058851911737,True
20261101,ss,85,2.97,4.5,1,0,bounded,-0.005,-25,3000,True,9.924496803639306e-05,9.920596484529717e-05,1.570351547028198,1.399648452971802,1.679417094841768,0.000741244081442199,0.7435505032818056,0.7431599311080801,-0.007247908453313317,1.0,-0.006124794010023512,0.999756349056904,0.0006060497405913552,1.0,0.004486297701589616,1.0,0.0001829233022517945,1.0,-0.002461527342647529,1.0,1.0003931536894652,-0.7940351547028324,-0.7550319636069447,True
20261102,ss,85,2.97,4.5,1,0,bounded,-0.005,-25,3000,True,9.919393842474568e-05,9.920613038292693e-05,1.568696170730574,1.401303829269427,1.679467265775849,0.0007410149398368153,0.7422087198352972,0.7415812607063184,-0.004431685329095489,1.0,-0.003556406533883197,0.998461688578114,-0.0007353568950780867,1.0,-0.004564725537982547,1.0,-0.00139573066391593,1.0,-0.01325905109014184,1.0,0.999877104790458,-0.793869617073073,-0.8060615752543243,True
20261103,ss,85,2.97,4.5,1,0,bounded,-0.005,-25,3000,True,9.851557542284985e-05,9.920614114628911e-05,1.568588537108672,1.401411462891328,1.680136551795401,0.0007379623382960099,0.7450894168425755,0.7414796639572918,-0.0004822248610178705,1.0,-0.0002880201685203794,1.002323351474223,0.002150349277201334,1.0,-0.002365212772601214,1.0,-0.001497092762149313,1.0,0.003654661626652834,1.0,0.9930390829089808,-0.7938588537108937,-1.4844245771501563,True
20261104,ss,85,2.97,4.5,1,0,bounded,-0.005,-25,3000,True,9.819298652002408e-05,9.920619639392772e-05,1.568036060722727,1.401963939277273,1.680456360763627,0.000736510852318784,0.7459884460540679,0.7409532401070869,0.009645796612850761,1.0,-0.001220875691544727,1.00188818656376,0.003051760558432029,1.0,0.009276477911352792,1.0,-0.00202340539650986,1.0,0.001225445773341892,1.0,0.989786828739201,-0.7938036060722853,-1.8070134799759274,True
20261105,ss,85,2.97,4.5,1,0,bounded,-0.005,-25,3000,True,9.840686162563207e-05,9.920634561613113e-05,1.566543838688598,1.403456161311402,1.680244217510253,0.0007374737334845466,0.7436338137600138,0.7395296371739921,-0.007573960481239047,1.0,0.00268632929905134,1.000583754798501,0.0006955489605949605,1.0,0.006840926077108021,1.0,-0.003447083436979101,1.0,0.01107441962230713,1.0,0.9919412010841263,-0.7936543838688692,-1.5931383743679417,True
20261106,ss,85,2.97,4.5,1,0,bounded,-0.005,-25,3000,True,9.86702795723763e-05,9.920611859674082e-05,1.568814032591486,1.401185967408515,1.679983533436018,0.0007386584399971601,0.7446217049404112,0.741694486875525,-0.005243865840074056,1.0,0.002984734370185314,1.003810959010655,0.001681495006818779,1.0,-0.007503363367950915,1.0,-0.001282323208875262,1.0,0.001642606836960535,1.0,0.9945987300789114,-0.7938814032591779,-1.329720427623704,True
20261107,ss,85,2.97,4.5,1,0,bounded,-0.005,-25,3000,True,9.879140024739477e-05,9.920643343212046e-05,1.565665678795302,1.404334321204698,1.679863891490324,0.0007392044180966849,0.7411104165621943,0.7386914175018365,-0.009239395015707573,1.0,0.007630970557527973,0.999748667782844,-0.001830687752240584,1.0,-0.001120041429861221,1.0,-0.004285436817140964,1.0,-0.01672437375474901,1.0,0.9958164690497651,-0.7935665678795445,-1.2085997526052328,True
20261108,ss,85,2.97,4.5,1,0,bounded,-0.005,-25,3000,True,0.0001000473044940035,9.920586237026405e-05,1.57137629735945,1.39862370264055,1.67863146132481,0.0007448542911523375,0.7410051700151122,0.7441359450602613,0.003704862343890229,1.0,0.004410230393087894,1.000598688251852,-0.001945208094091394,1.0,0.008856994470454104,1.0,0.001158660382690425,1.0,-0.007927974176023164,1.0,1.0084817782299895,-0.7941376297359581,0.04730449400349723,True
20261109,ss,85,2.97,4.5,1,0,bounded,-0.005,-25,3000,True,9.91628351005095e-05,9.92061363225842e-05,1.568636774157817,1.401363225842183,1.679497857740855,0.0007408749925186667,0.7422890582167136,0.7415246601669608,0.006492579326468398,1.0,-0.002161052693016871,0.999996248950172,-0.0006547888413001849,1.0,0.002765669089205044,1.0,-0.001452320484687701,1.0,-0.006961341284307345,1.0,0.9995635227448644,-0.793863677415807,-0.8371648994904946,True
20261110,ss,85,2.97,4.5,1,0,bounded,-0.005,-25,3000,True,9.914444347527342e-05,9.920613314849836e-05,1.568668515016397,1.401331484983603,1.679515951280857,0.0007407922207784338,0.7423998381382316,0.7415549614474325,0.008115435098193404,1.0,-0.0006770657944046876,0.9976041297126331,-0.000543873112768512,1.0,-0.00272559863177441,1.0,-0.001422012816844477,1.0,0.006366937891263661,1.0,0.9993781667396249,-0.7938668515016456,-0.8555565247265862,True
20261111,ss,85,2.97,4.5,1,0,bounded,-0.005,-25,3000,True,9.982961431141225e-05,9.920565413837618e-05,1.573458616238068,1.396541383761932,1.678844026993,0.0007438740668808434,0.7439266058126618,0.7461219949312856,0.01397126174873401,1.0,-0.001094446336993312,1.002874278982962,0.000977835155878121,1.0,-0.004800595092533139,1.0,0.003144787116782318,1.0,0.005890366786624713,1.0,1.006289562610673,-0.7943458616238241,-0.1703856885877486,True
20261112,ss,85,2.97,4.5,1,0,bounded,-0.005,-25,3000,True,9.924335408933706e-05,9.920616924831713e-05,1.568307516828599,1.401692483171401,1.679418681255874,0.0007412374257586099,0.7416241748014494,0.7412105057900668,-0.002225736568382795,1.0,0.002072975896428024,0.9981278127440579,-0.00132026682283324,1.0,0.01219319268936325,1.0,-0.001766502966093109,1.0,0.007406896428613284,1.0,1.0003748238774028,-0.793830751682878,-0.7566459106629453,True
20261113,ss,85,2.97,4.5,1,0,bounded,-0.005,-25,3000,True,0.0001000831183643262,9.920562278290865e-05,1.573772170913416,1.396227829086584,1.678596532569169,0.0007450147419936304,0.7431142097811418,0.7464205934488765,-0.001881733354376886,1.0,0.0008955409451817367,1.002230400744412,0.0001635672189665134,1.0,-0.01073846680640208,1.0,0.003443298147334439,1.0,-0.01000973829260945,1.0,1.0088452202284721,-0.7943772170913466,0.08311836432619568,True
20261114,ss,85,2.97,4.5,1,0,bounded,-0.005,-25,3000,True,0.0001003650611836396,9.920583929625243e-05,1.571607037475511,1.398392962524489,1.67832197115135,0.0007462841277254444,0.7398352123995174,0.7443554922612877,0.01160156566756635,1.0,0.002157069836970772,1.001977628038466,-0.003117512059451719,1.0,-0.001333097270832661,1.0,0.001378097802410604,1.0,-0.002368945159149474,1.0,1.0116850166846072,-0.7941607037475706,0.3650611836395923,True
20261115,ss,85,2.97,4.5,1,0,bounded,-0.005,-25,3000,True,0.0001000429581998167,9.920564420841949e-05,1.573557915804983,1.396442084195017,1.678635701010479,0.0007448340848867245,0.7430872007529103,0.7462163509867437,-0.004189472251375748,1.0,-0.001452211037381758,1.000694853737887,0.0001368547380395178,1.0,-0.01224081610295307,1.0,0.003239069423470041,1.0,-0.005270455491160684,1.0,1.0084401850124385,-0.7943557915805144,0.04295819981670057,True
20261116,ss,85,2.97,4.5,1,0,bounded,-0.005,-25,3000,True,9.968701207799504e-05,9.920594007043234e-05,1.570599295676462,1.399400704323538,1.678983510859906,0.0007432332060497507,0.74184690474472,0.7433955135858403,0.002206961016567009,1.0,0.005697790013961994,0.9993853718382651,-0.001100812918622072,1.0,-0.001617310629460022,1.0,0.0004183530047341042,1.0,0.0005993760402575114,1.0,1.004849225834876,-0.7940599295676587,-0.3129879220049592,True
20261117,ss,85,2.97,4.5,1,0,bounded,-0.005,-25,3000,True,9.813386625681466e-05,9.920607486081037e-05,1.569251391896247,1.400748608103753,1.680515079712157,0.0007362444501810923,0.7473991067709415,0.7421124454509278,0.01258603125785148,1.0,0.001247307537124173,0.9976340072857676,0.004462857833957926,1.0,-0.001598483913253069,1.0,-0.0008641786985505155,1.0,-0.002837348221406004,1.0,0.9891921073835442,-0.793925139189644,-1.8661337431853497,True
20261118,ss,85,2.97,4.5,1,0,bounded,-0.005,-25,3000,True,9.973478152598338e-05,9.920599916330324e-05,1.570008366967474,1.399991633032526,1.678936764937461,0.0007434483440716282,0.7410788446051173,0.7428318809253934,-0.009910938897586733,1.0,0.005747941659441574,1.003409959293348,-0.001869225794750141,1.0,0.004138096666863193,1.0,-0.0001452966211843181,1.0,0.001643168012663537,1.0,1.0053301450228802,-0.7940008366967621,-0.26521847401662635,True
20261119,ss,85,2.97,4.5,1,0,bounded,-0.005,-25,3000,True,9.934052379914439e-05,9.920616378274594e-05,1.56836217254044,1.40163782745956,1.679323212815842,0.00074167467322064,0.7412495586060143,0.741262482328,-0.001440814214922481,1.0,0.005396427408549625,1.003039106687831,-0.001695600535648825,1.0,0.01347190551866058,1.0,-0.00171456001092754,1.0,-0.006015533329671047,1.0,1.001354351496674,-0.7938362172540736,-0.6594762008556132,True
20261120,ss,85,2.97,4.5,1,0,bounded,-0.005,-25,3000,True,9.915110096418024e-05,9.920601380039415e-05,1.569861996058389,1.400138003941611,1.679509401326398,0.000740821825015369,0.7434995162941475,0.7426931979171341,-0.004099629574395964,1.0,0.003631696215051082,0.9981326676005817,0.0005557558834978926,1.0,-0.003677026620998875,1.0,-0.0002837777697625397,1.0,-0.0009909890722725873,1.0,0.9994464767395614,-0.7939861996058561,-0.8488990358197612,True
20261121,ss,85,2.97,4.5,1,0,bounded,-0.005,-25,3000,True,9.97111345284677e-05,9.920613330897952e-05,1.568666910204496,1.401333089795504,1.678959902609748,0.0007433423309957364,0.7399136590600761,0.7415525471809574,-0.02306949569971921,1.0,0.006869240240560194,1.001321686959466,-0.003034236727548959,1.0,0.002136068461664597,1.0,-0.001424623173191744,1.0,0.0009497842590618087,1.0,1.0050904233704518,-0.7938666910204839,-0.2888654715322958,True
20261122,ss,85,2.97,4.5,1,0,bounded,-0.005,-25,3000,True,9.861597335965845e-05,9.920615818780218e-05,1.568418121977935,1.401581878022065,1.680037221918917,0.0007384141796263016,0.7444861685450161,0.7413169742848766,0.005454299295817802,1.0,0.007746509248123297,1.001605071934657,0.001546359619717966,1.0,-0.002092526366648243,1.0,-0.001659817300556167,1.0,-0.004871924467046413,1.0,0.9940509254775648,-0.7938418121978152,-1.3840266403415513,True
20261123,ss,85,2.97,4.5,1,0,bounded,-0.005,-25,3000,True,0.0001003963939716127,9.920572411210171e-05,1.572758878982838,1.397241121017162,1.678291503858158,0.0007464247831732661,0.7407875637237649,0.7454538555536785,-0.003320250314035729,1.0,-0.003931516988497438,0.9995901245803046,-0.002165392099152057,1.0,0.005477803471479387,1.0,0.002476451103210978,1.0,-0.001257524262261068,1.0,1.0120020278080482,-0.7942758878982992,0.3963939716127074,True
20261124,ss,85,2.97,4.5,1,0,bounded,-0.005,-25,3000,True,9.896437133972404e-05,9.92059524585297e-05,1.570475414702923,1.399524585297077,1.67969327336515,0.0007399813595200522,0.7448999687833462,0.7432784985876765,0.0007326430161057507,1.0,0.004099107583867386,0.9993671817823232,0.001957587218530225,1.0,-0.003004937944672088,1.0,0.0003015879665553433,1.0,0.004126315548289752,1.0,0.9975648525837535,-0.7940475414703108,-1.0356286602759668,True
20261125,ss,85,2.97,4.5,1,0,bounded,-0.005,-25,3000,True,9.978448422669408e-05,9.920606243681922e-05,1.569375631807638,1.400624368192363,1.678888149731967,0.0007436721941454706,0.7402628385891745,0.7422283609166052,0.008490423301348606,1.0,-0.00434317579516169,0.9965239866286983,-0.002685598822472914,1.0,0.0075257832232352,1.0,-0.0007488342955116543,1.0,-0.003111784870854518,1.0,1.0058305084958215,-0.7939375631807799,-0.21551577330592986,True
20261126,ss,85,2.97,4.5,1,0,bounded,-0.005,-25,3000,True,9.806644122348919e-05,9.920640122146217e-05,1.565987785378195,1.404012214621805,1.68058208807589,0.000735942006822398,0.7446087482277494,0.738999788182216,0.001401663699594954,1.0,0.001453780574041678,0.9971853918904727,0.001672997172500327,1.0,0.007182007180695489,1.0,-0.003976815045412237,1.0,-0.005417411471077887,1.0,0.9885092092451957,-0.7935987785378407,-1.933558776510813,True
20261127,ss,85,2.97,4.5,1,0,bounded,-0.005,-25,3000,True,0.0001004858403089185,9.920571413965324e-05,1.572858603467438,1.397141396532563,1.678204577865871,0.0007468272620731047,0.7404915438721327,0.7455488124712848,-0.006474297442766515,1.0,-0.003544557482677358,0.998270175653827,-0.002462072430848959,1.0,-0.009850189666867615,1.0,0.002571377143842858,1.0,-0.00166996403334423,1.0,1.01290375438922,-0.7942858603467662,0.48584030891849483,True
20261128,ss,85,2.97,4.5,1,0,bounded,-0.005,-25,3000,True,9.908608396768249e-05,9.920617601542553e-05,1.568239845744608,1.401760154255393,1.679573386018345,0.0007405297303094124,0.7422505825747151,0.7411462094288769,-0.01121500748800329,1.0,0.001570603166430103,1.000344930369877,-0.0006926977394103027,1.0,0.008668842837113007,1.0,-0.001830744957827522,1.0,-0.004614078425011992,1.0,0.9987894700454499,-0.7938239845744821,-0.9139160323175188,True
20261129,ss,85,2.97,4.5,1,0,bounded,-0.005,-25,3000,True,9.85985196221987e-05,9.92062419155104e-05,1.567580844895939,1.402419155104062,1.680054483081891,0.0007383358864772502,0.7437709068126582,0.7405184349597544,0.01074777437278929,1.0,-0.002733996678548789,0.9993557899007944,0.0008312267691517296,1.0,-0.005711944254133314,1.0,-0.002458351204304355,1.0,0.00312133711043795,1.0,0.9938741526583653,-0.7937580844896042,-1.4014803778013118,True
20261130,ss,85,2.97,4.5,1,0,bounded,-0.005,-25,3000,True,9.917138431260332e-05,9.920602654668153e-05,1.569734533184588,1.400265466815412,1.679489448175914,0.0007409131379392817,0.7432898929984247,0.7425716048308422,0.001361138196222209,1.0,0.001444916579008643,1.001262967226704,0.0003459828119210728,1.0,0.0006584676946366461,1.0,-0.0004053779687207982,1.0,0.01250689165491269,1.0,0.999650805144767,-0.793973453318475,-0.8286156873966832,True
20261131,ss,85,2.97,4.5,1,0,bounded,-0.005,-25,3000,True,9.93169561688615e-05,9.920604755039269e-05,1.569524496073079,1.400475503926921,1.67934635967467,0.0007415682736726483,0.7424523667780855,0.7423710640122774,-0.006311616661348256,1.0,-0.004333228457335871,0.9974403677094612,-0.0004926183358924132,1.0,0.004923640164064116,1.0,-0.0006059693136851128,1.0,-0.002699684859835164,1.0,1.0011179622735447,-0.7939524496073158,-0.6830438311384968,True
20261132,ss,85,2.97,4.5,1,0,bounded,-0.005,-25,3000,True,9.852670015236077e-05,9.920646391403066e-05,1.565360859693313,1.404639140306688,1.680125540680026,0.0007380133581994788,0.7419867394519867,0.7384010765836689,9.675133897458528e-05,1.0,0.002800671536050992,0.9984976995440288,-0.0009524102619612112,1.0,0.0093095159773582,1.0,-0.004575686367640213,1.0,0.0006333103868695287,1.0,0.9931479892050286,-0.7935360859693485,-1.4732998476392312,True
20261133,ss,85,2.97,4.5,1,0,bounded,-0.005,-25,3000,True,9.924088277048972e-05,9.920622506946372e-05,1.56774930536274,1.402250694637261,1.679421110462993,0.0007412264706116766,0.74110700574572,0.7406781070358496,-0.005569475081550444,1.0,-0.003264879524100288,1.002105186299687,-0.001837417630126635,1.0,0.009384682454269105,1.0,-0.002298901277175194,1.0,-0.002997803005654773,1.0,1.0003493500634837,-0.793774930536284,-0.7591172295102866,True
20261134,ss,85,2.97,4.5,1,0,bounded,-0.005,-25,3000,True,9.929273119790784e-05,9.920611676652115e-05,1.568832334788489,1.401167665211511,1.679370157572004,0.0007414594668762423,0.7419039580485688,0.7417109715502999,-0.01332420905828291,1.0,0.001813599705570805,1.001015485520546,-0.00104084818444124,1.0,0.002734962124528349,1.0,-0.001266053904063239,1.0,0.004589705980446345,1.0,1.000873075513988,-0.7938832334788537,-0.7072688020921647,True
20261135,ss,85,2.97,4.5,1,0,bounded,-0.005,-25,3000,True,0.0001001767578238014,9.920598145005489e-05,1.570185499450831,1.399814500549169,1.678505263346398,0.0007454371848030328,0.7393133102371974,0.7430001210637445,-0.01150347075124146,1.0,0.002879319761095864,0.9959299043600458,-0.003638023770648033,1.0,0.005584188939358017,1.0,2.279071333646253e-05,1.0,0.009916010855408436,1.0,1.009785462121911,-0.7940185499451191,0.17675782380139893,True
20261136,ss,85,2.97,4.5,1,0,bounded,-0.005,-25,3000,True,9.951930852490611e-05,9.920577832352486e-05,1.572216764751081,1.397783235248919,1.67914778961089,0.0007424780596723605,0.7441113890452874,0.7449382616797698,-0.00145442596209798,1.0,0.003654646398536775,1.000504219791627,0.001164909730260985,1.0,-0.01172987937314526,1.0,0.001961160322124708,1.0,0.004224748552677195,1.0,1.0031604026164562,-0.7942216764751375,-0.4806914750938973,True
20261137,ss,85,2.97,4.5,1,0,bounded,-0.005,-25,3000,True,0.0001004518365279187,9.920575996124728e-05,1.57240038752711,1.39759961247289,1.678237614865808,0.0007466743811484235,0.7402066329689015,0.745111911790112,0.00382737861993548,1.0,-0.006266710813761868,0.9966469671897058,-0.002746732247208717,1.0,0.002237320740323058,1.0,0.002134487890498884,1.0,0.000709972205612616,1.0,1.0125605263964328,-0.7942400387527249,0.451836527918692,True
20261138,ss,85,2.97,4.5,1,0,bounded,-0.005,-25,3000,True,9.811200203180639e-05,9.920614348679163e-05,1.568565132083583,1.401434867916417,1.6805368040302,0.0007361462649873251,0.7468463104297235,0.7414579710332713,-0.007947152075553701,1.0,-0.002875117805549453,1.000762503197756,0.003910222943229801,1.0,-0.004575894104094204,1.0,-0.001518646057031901,1.0,0.0005984603214958929,1.0,0.9889710312634931,-0.7938565132083686,-1.887997968193611,True
20261139,ss,85,2.97,4.5,1,0,bounded,-0.005,-25,3000,True,9.994406892717058e-05,9.920568198275714e-05,1.573180172428527,1.396819827571474,1.678732211918971,0.0007443891953501439,0.7431624777063564,0.7458563001224976,0.003125323125746817,1.0,0.001088606322453052,1.002141815306232,0.0002128619018203938,1.0,-0.00283045105870355,1.0,0.002879052498443772,1.0,-0.005913537352870634,1.0,1.0074429904583668,-0.7943180172428677,-0.05593107282942933,True
20261140,ss,85,2.97,4.5,1,0,bounded,-0.005,-25,3000,True,9.844344316055333e-05,9.920602417620521e-05,1.569758237947842,1.400241762052159,1.68020797604662,0.0007376373957144523,0.7465137167431016,0.7425953474381835,0.00436163007432466,1.0,-0.001380384798117233,1.003505650723439,0.00357518181862042,1.0,-0.005215205043845547,1.0,-0.0003813834583664829,1.0,0.0109656727859653,1.0,0.9923131581777995,-0.7939758237947903,-1.5565568394466767,True
20261141,ss,85,2.97,4.5,1,0,bounded,-0.005,-25,3000,True,0.0001007917729343558,9.92056221479453e-05,1.573778520546969,1.396221479453031,1.677907819335633,0.0007482036856721648,0.7400274234089558,0.7464255431498975,-0.007167215103926384,1.0,-0.003631261493868549,1.004110021151869,-0.002928451924848872,1.0,-0.002985555117347804,1.0,0.003448002641345839,1.0,0.008652657272187463,1.0,1.015988517102842,-0.7943778520547062,0.7917729343557944,True
20261142,ss,85,2.97,4.5,1,0,bounded,-0.005,-25,3000,True,9.986437832615471e-05,9.920570485343412e-05,1.572951465658566,1.397048534341434,1.678810051846491,0.0007440306555707298,0.7432948557442168,0.7456383337507835,0.01170233481270292,1.0,-0.002795598597702023,1.002231120661529,0.0003458283851908745,1.0,0.006238026047253583,1.0,0.002661113532752859,1.0,0.006296713301180736,1.0,1.0066394717289062,-0.7942951465658821,-0.13562167384529866,True
20261143,ss,85,2.97,4.5,1,0,bounded,-0.005,-25,3000,True,9.828363035027912e-05,9.92059852062363e-05,1.570147937636886,1.399852062363114,1.680366397399458,0.0007369181223272031,0.7475867393293215,0.7429672513028921,0.005610918526823944,1.0,-0.003068771801122024,0.999607571899356,0.004649384499074663,1.0,-0.004110077082262977,1.0,-9.424006847334418e-06,1.0,0.002902137679543245,1.0,0.9907026289387708,-0.7940147937636977,-1.7163696497208836,True
20261144,ss,85,2.97,4.5,1,0,bounded,-0.005,-25,3000,True,0.0001001061340509449,9.920577467668589e-05,1.572253233141051,1.397746766858949,1.678574091957506,0.0007451187637081435,0.741577248415463,0.7449721232146881,0.00180031733170661,1.0,0.00249708735708559,0.9982473985543072,-0.00137356409774508,1.0,0.01353340523411524,1.0,0.001994818827958097,1.0,-0.003996121264444394,1.0,1.0090756750521157,-0.7942253233141128,0.10613405094488382,True
20261145,ss,85,2.97,4.5,1,0,bounded,-0.005,-25,3000,True,9.92312833412027e-05,9.920602748971478e-05,1.569725102852153,1.400274897147847,1.679430546860916,0.00074118268636787,0.7430180400988392,0.7425625176634428,0.003173602261024385,1.0,-0.00568979708879567,1.001593426158211,7.368760753365457e-05,1.0,0.004163989399781957,1.0,-0.0004144858696290469,1.0,0.0005188092707605584,1.0,1.000254579808576,-0.7939725102852235,-0.7687166587973082,True
20261146,ss,85,2.97,4.5,1,0,bounded,-0.005,-25,3000,True,9.999768490579631e-05,9.920599534518341e-05,1.570046548165742,1.399953451834259,1.678679874207941,0.0007446313979400216,0.7399646392989295,0.74286788396919,-0.002731866331081299,1.0,3.89292329292248e-05,0.9973978443282552,-0.002985372413745032,1.0,-0.005738742449884928,1.0,-0.0001093845202651868,1.0,0.009637441849183775,1.0,1.0079802592359288,-0.7940046548165935,-0.002315094203686474,True
20261147,ss,85,2.97,4.5,1,0,bounded,-0.005,-25,3000,True,9.8887530171771e-05,9.920599019542844e-05,1.570098045715432,1.399901954284569,1.679769034269527,0.0007396356863420922,0.7448807587512934,0.7429187280892956,0.004424983657527275,1.0,-0.000232778050399004,0.9994458440275695,0.001938944596199472,1.0,-0.0002906151596625455,1.0,-5.815622146698202e-05,1.0,0.001931594915707497,1.0,0.9967899113447677,-0.7940098045715605,-1.1124698282290013,True
20261148,ss,85,2.97,4.5,1,0,bounded,-0.005,-25,3000,True,0.0001009212796878726,9.920579578875421e-05,1.572042112457824,1.397957887542176,1.677782453421278,0.0007487869817767767,0.7378216535839752,0.7447695241487383,-0.004882708522667359,1.0,0.0002574007471597208,1.001341002374202,-0.005135178036936717,1.0,0.008230781456968931,1.0,0.001791937545993817,1.0,0.006376941883653666,1.0,1.0172921741666312,-0.794204211245797,0.9212796878725893,True
20261149,ss,85,2.97,4.5,1,0,bounded,-0.005,-25,3000,True,9.872340749314125e-05,9.920601006719393e-05,1.569899328060506,1.400100671939494,1.679931036982973,0.0007388971933065548,0.7454145766038435,0.7427294683441217,0.008433900544306016,1.0,-0.005436438347489803,0.9985579356902532,0.002473974363148595,1.0,0.004905931562205736,1.0,-0.0002473593228663012,1.0,0.01080741029929417,1.0,0.9951353494236307,-0.7939899328060718,-1.2765925068587536,True
20261150,ss,85,2.97,4.5,1,0,bounded,-0.005,-25,3000,True,9.867011167084362e-05,9.920612469877444e-05,1.568753012255424,1.401246987744576,1.679983699384422,0.0007386577025637401,0.7445647181614171,0.7416362897030248,0.004095270360917274,1.0,0.005049150266172669,0.9993916034994728,0.001624509467626545,1.0,-0.006981449609665171,1.0,-0.001340520368393097,1.0,0.01088702306327136,1.0,0.9945969764512186,-0.7938753012255662,-1.3298883291563812,True
20261151,ss,85,2.97,4.5,1,0,bounded,-0.005,-25,3000,True,9.906714804997753e-05,9.92062658615096e-05,1.567341384903824,1.402658615096176,1.679592028775466,0.0007404447855232048,0.7414838502562512,0.7402893105175663,-0.001792169407239594,1.0,0.00416060149069517,1.000902442911875,-0.001459290231942378,1.0,0.005251138385808234,1.0,-0.002687637980110588,1.0,-0.0005518758797285559,1.0,0.9985976912816548,-0.7937341384903984,-0.932851950022473,True
20261152,ss,85,2.97,4.5,1,0,bounded,-0.005,-25,3000,True,9.839050962442121e-05,9.920614633171328e-05,1.568536682867061,1.401463317132939,1.680260421636413,0.0007373995576037163,0.7455913036124616,0.7414304032512385,0.003417543335259781,1.0,-0.001148742318526425,0.9976505060726908,0.002653159560615203,1.0,-0.003585559886952389,1.0,-0.001546310230659314,1.0,-0.01882900564780707,1.0,0.9917783651774473,-0.7938536682867259,-1.6094903755787926,True
20261153,ss,85,2.97,4.5,1,0,bounded,-0.005,-25,3000,True,9.951348396854888e-05,9.920578316012929e-05,1.572168398706889,1.397831601293112,1.679153499938832,0.0007424518635330334,0.7440911354819408,0.7448921482882807,-0.008299810334167034,1.0,0.001378876468111368,0.9989861846001532,0.001144699176310594,1.0,0.007898901266749102,1.0,0.001915048910436693,1.0,0.002548411212068492,1.0,1.0031016418460497,-0.7942168398707206,-0.486516031451123,True
20261154,ss,85,2.97,4.5,1,0,bounded,-0.005,-25,3000,True,9.962745381476714e-05,9.920607556479841e-05,1.5692443520158,1.4007556479842,1.679041822787235,0.0007429655962826281,0.7408263040421931,0.7421034019494543,-0.006904863467862605,1.0,0.0002354453086195363,0.9962704060036766,-0.002120973834857368,1.0,-0.008888451878517634,1.0,-0.0008737390230771278,1.0,-0.01493716584512858,1.0,1.0042475044756054,-0.7939244352015984,-0.3725461852328693,True
20261155,ss,85,2.97,4.5,1,0,bounded,-0.005,-25,3000,True,9.969700859110566e-05,9.920597923610508e-05,1.570207638949082,1.399792361050918,1.678973726777318,0.0007432783066798193,0.7414327125693966,0.7430219833938914,-0.007065832556204137,1.0,-0.00107596402694447,0.9996874242794288,-0.001515078909755764,1.0,7.505705058867566e-05,1.0,4.481906473552578e-05,1.0,-0.004011581933004271,1.0,1.0049495943569282,-0.7940207638949204,-0.3029914088943486,True
20261156,ss,85,2.97,4.5,1,0,bounded,-0.005,-25,3000,True,9.911804019812655e-05,9.920599167313434e-05,1.570083268656543,1.399916731343457,1.679541932193171,0.0007406729858502367,0.7438539724603203,0.7429042758654216,0.0007201263243565506,1.0,0.004556265108749724,1.003216953885284,0.0009104561763152216,1.0,0.0003340822907655859,1.0,-7.268821835345017e-05,1.0,0.0114847114259277,1.0,0.9991134459368384,-0.7940083268656695,-0.8819598018734554,True
20261157,ss,85,2.97,4.5,1,0,bounded,-0.005,-25,3000,True,9.99624493535426e-05,9.920589084947783e-05,1.571091505221429,1.398908494778571,1.678714266703307,0.0007444725276022747,0.7411069491621639,0.7438644857871469,0.01226486726935809,1.0,-0.001891480200380716,0.9988851031469974,-0.001842802366479699,1.0,-0.009594740684671357,1.0,0.0008872302612556553,1.0,0.004491328092077604,1.0,1.0076261449555721,-0.794109150522182,-0.03755064645739603,True
20261158,ss,85,2.97,4.5,1,0,bounded,-0.005,-25,3000,True,9.945315278084101e-05,9.920589016754585e-05,1.571098324541405,1.398901675458595,1.679212666605314,0.0007421806910006582,0.7433436396426976,0.7438717833493154,0.007821736520450373,1.0,0.002483972214629853,1.002970539880982,0.000397648831531202,1.0,-0.01402153337164576,1.0,0.0008947040575579809,1.0,-0.007418208286244152,1.0,1.0024924186747135,-0.7941098324541596,-0.5468472191589968,True
20261159,ss,85,2.97,4.5,1,0,bounded,-0.005,-25,3000,True,9.996504023001597e-05,9.920574987282494e-05,1.57250127175051,1.39749872824949,1.678711737425219,0.0007444837678449002,0.7424287342287718,0.7452088746328566,-0.01184052664241637,1.0,-0.00897464174459353,1.002758685900871,-0.0005210364307292747,1.0,0.007329552901817169,1.0,0.002231619251240846,1.0,0.003983403074301705,1.0,1.007653693038603,-0.7942501271750668,-0.03495976998403316,True
20261160,ss,85,2.97,4.5,1,0,bounded,-0.005,-25,3000,True,0.0001006106930227749,9.920598366752776e-05,1.570163324722312,1.399836675277688,1.678083365789676,0.0007473898997839943,0.7373984516677528,0.7429782964456688,0.006221682490801683,1.0,0.001227985603543954,1.00007553098903,-0.005556086559414824,1.0,-0.004493164819449992,1.0,8.15926589031112e-07,1.0,0.00409440019274378,1.0,1.0141595224735112,-0.7940163324722471,0.6106930227748997,True
20261161,ss,85,2.97,4.5,1,0,bounded,-0.005,-25,3000,True,9.985842312056383e-05,9.920578942867382e-05,1.572105713261727,1.397894286738273,1.678815871119387,0.0007440041083341287,0.742521141144044,0.7448318325809761,-0.01374336703250501,1.0,-0.002405335848688811,0.9976504647459475,-0.0004278422412783511,1.0,-0.0005818038985013367,1.0,0.001854613799532169,1.0,0.005389392940558291,1.0,1.0065785847343036,-0.7942105713261816,-0.14157687943616715,True
20261162,ss,85,2.97,4.5,1,0,bounded,-0.005,-25,3000,True,9.914240944758935e-05,9.920587749978447e-05,1.571225002155013,1.398774997844987,1.679517952537341,0.0007407823083768203,0.7448268752982563,0.7439930741742092,0.01494549218010566,1.0,-0.002969930192292137,1.002972040445884,0.001883179067796254,1.0,0.001196700109156753,1.0,0.001016102500722863,1.0,0.006821173999467426,1.0,0.9993602389919362,-0.7941225002155328,-0.8575905524106475,True
20261163,ss,85,2.97,4.5,1,0,bounded,-0.005,-25,3000,True,9.85577278574238e-05,9.920628617186406e-05,1.567138281359281,1.402861718640719,1.6800948360898,0.0007381524549770107,0.7435317639014051,0.7400963862139553,-0.003150292772320198,1.0,-0.004024961575440543,0.997611492649792,0.0005923850728269136,1.0,0.006862359308333978,1.0,-0.002880386161714115,1.0,0.0006301181088386418,1.0,0.9934625280366135,-0.7937138281359446,-1.4422721425762064,True
20261164,ss,85,2.97,4.5,1,0,bounded,-0.005,-25,3000,True,9.904448651970745e-05,9.920595649039429e-05,1.570435096056998,1.399564903943002,1.679614343912914,0.0007403418898045709,0.7445098040494817,0.743239922763678,-0.01262263905710866,1.0,0.003052113696770588,1.001958216186764,0.001566830899266417,1.0,0.00461962269302608,1.0,0.0002629843910983515,1.0,0.002537080173510086,1.0,0.998372376252403,-0.794043509605713,-0.955513480292558,True
20261165,ss,85,2.97,4.5,1,0,bounded,-0.005,-25,3000,True,0.000100080935673729,9.9205732482486e-05,1.572675175139866,1.397324824860134,1.678598660976733,0.0007450052456924094,0.7420864166103098,0.7453745279929005,-0.007035335629441817,1.0,-0.008298238674912256,1.000157263535262,-0.0008642098350185185,1.0,0.002021875381393003,1.0,0.002397232636945721,1.0,0.002411239677331915,1.0,1.008822103011008,-0.7942675175140024,0.08093567372899901,True
20261166,ss,85,2.97,4.5,1,0,bounded,-0.005,-25,3000,True,9.849623893900462e-05,9.920634991526065e-05,1.566500847393412,1.403499152606588,1.680155693610152,0.0007378759441640705,0.7431994840052067,0.7394884917629778,-0.000595672768934632,1.0,0.008885341725503251,1.002735274032919,0.0002605592238943752,1.0,-0.0127358373663782,1.0,-0.003488259806540414,1.0,-0.003334840272774884,1.0,0.9928420814104885,-0.7936500847393502,-1.5037610609953789,True
20261167,ss,85,2.97,4.5,1,0,bounded,-0.005,-25,3000,True,0.0001001910104603657,9.920566584299264e-05,1.573341570073475,1.396658429926525,1.678491378575438,0.000745500384314148,0.7422354785029124,0.7460098198522709,-0.01497480886447858,1.0,-2.026269781644064e-05,1.003375765416478,-0.0007159607468388599,1.0,0.0006083819513796392,1.0,0.00303248689971864,1.0,-0.009615060430042633,1.0,1.0099323421600992,-0.7943341570073703,0.19101046036569258,True
20261168,ss,85,2.97,4.5,1,0,bounded,-0.005,-25,3000,True,9.958491809176997e-05,9.920575679141327e-05,1.572432085867207,1.397567914132793,1.679083488645998,0.0007427732387722354,0.7440274700016294,0.745143491461671,-0.002683131917634688,1.0,0.000474481931436896,0.9980962063817962,0.001080506215758456,1.0,-0.004380140968778245,1.0,0.002166367560455524,1.0,-0.002024363426653921,1.0,1.0038219687306444,-0.7942432085867424,-0.41508190823004165,True
20261169,ss,85,2.97,4.5,1,0,bounded,-0.005,-25,3000,True,9.890103454313439e-05,9.920610407708694e-05,1.568959229130542,1.401040770869458,1.679755715701169,0.0007396967942419304,0.7437441497074488,0.7418326057849041,0.0005733219041888315,1.0,-9.364485505592628e-05,1.001569210827139,0.0008022358330616898,1.0,-0.001574820588983615,1.0,-0.001144284039265127,1.0,-0.0001431655604942218,1.0,0.9969248914994636,-0.7938959229130682,-1.0989654568656082,True
20261170,ss,85,2.97,4.5,1,0,bounded,-0.005,-25,3000,True,9.858511611752809e-05,9.920631634291069e-05,1.56683657089302,1.40316342910698,1.680067740669493,0.0007382757917566073,0.7431257620158763,0.7398085710341856,0.02092658193812475,1.0,0.003782216967164799,0.997933500200806,0.0001861809464314702,1.0,0.001641079200277605,1.0,-0.003168211041359954,1.0,0.01813170876452518,1.0,0.9937382996538708,-0.7936836570893169,-1.4148838824719179,True
20261171,ss,85,2.97,4.5,1,0,bounded,-0.005,-25,3000,True,9.847397547280514e-05,9.920617795832687e-05,1.568220416731239,1.401779583268761,1.680177737359685,0.0007377752478516363,0.7449243948292021,0.7411286335835818,-0.0101033901121408,1.0,-0.006371433775833327,0.995506521122997,0.00198563444682049,1.0,-0.01352769255367586,1.0,-0.001848109012883621,1.0,0.006543499541701091,1.0,0.9926193862056726,-0.7938220416731423,-1.526024527194858,True
20261172,ss,85,2.97,4.5,1,0,bounded,-0.005,-25,3000,True,9.9226738341626e-05,9.920608816170661e-05,1.569118382933638,1.400881617066362,1.679435014972977,0.0007411624140667874,0.7424641096164296,0.741983887245923,0.006090073555108664,1.0,0.002415427186164012,0.9987103642547523,-0.0004802093140364095,1.0,0.003101897089084121,1.0,-0.000993115162321814,1.0,-0.006977980444198677,1.0,1.0002081543613102,-0.793911838293393,-0.7732616583740026,True
20261173,ss,85,2.97,4.5,1,0,bounded,-0.005,-25,3000,True,9.841818252124858e-05,9.920624156572178e-05,1.567584342782061,1.402415657217939,1.680233000489917,0.0007375243684852196,0.7445683917758972,0.740522052512794,0.0002936939818436183,1.0,0.003719126244532046,0.9996343008504428,0.001630043380822555,1.0,-0.006846334416140873,1.0,-0.002454671247533144,1.0,0.00356977093970449,1.0,0.9920563562127174,-0.7937584342782245,-1.5818174787514239,True
20261174,ss,85,2.97,4.5,1,0,bounded,-0.005,-25,3000,True,9.94345022852753e-05,9.920609930335264e-05,1.569006966473592,1.400993033526408,1.679230963999014,0.0007420973849037815,0.7414473530944768,0.7418773022881437,0.0008322064639053385,1.0,0.002629860653257014,0.9991181362359591,-0.001498499999244026,1.0,-0.000983735081695437,1.0,-0.00109977209372214,1.0,0.0005931543060117189,1.0,1.002302307857345,-0.793900696647365,-0.5654977147247053,True
20261175,ss,85,2.97,4.5,1,0,bounded,-0.005,-25,3000,True,9.951544429282512e-05,9.92058505832065e-05,1.571494167934943,1.398505832065057,1.67915157802407,0.0007424608852386778,0.7434448974621527,0.7442491808460391,-0.01542072579177113,1.0,-5.251414913284399e-05,1.000481108739415,0.00049844668094147,1.0,0.006301155391371179,1.0,0.001272080292281264,1.0,0.009248239352921477,1.0,1.0031207202780743,-0.7941494167935104,-0.48455570717488294,True
20261176,ss,85,2.97,4.5,1,0,bounded,-0.005,-25,3000,True,9.885077080494943e-05,9.920623994888033e-05,1.567600511196638,1.402399488803362,1.679805296622714,0.0007394710109595185,0.7426797955881779,0.7405367989004885,-0.001189346564478517,1.0,0.002311665811838845,1.00035983552108,-0.0002617471294931679,1.0,-0.0006285017592368376,1.0,-0.002440074534083636,1.0,0.002255220138228518,1.0,0.9964168670830175,-0.7937600511196741,-1.1492291950505829,True
20261177,ss,85,2.97,4.5,1,0,bounded,-0.005,-25,3000,True,9.929125494712401e-05,9.92062826504976e-05,1.567173495023895,1.402826504976105,1.679371607975368,0.0007414533164233313,0.7403413379376387,0.7401288286168397,0.02483154554915083,1.0,0.002762240355459928,0.999119963524256,-0.00260345739506869,1.0,-0.0007204105110755225,1.0,-0.002848197551418129,1.0,-0.0005553371299768192,1.0,1.0008565213246199,-0.7937173495024097,-0.708745052875992,True
20261178,ss,85,2.97,4.5,1,0,bounded,-0.005,-25,3000,True,9.84841915203686e-05,9.920643314705635e-05,1.56566852943647,1.40433147056353,1.680167621546171,0.0007378219779757722,0.7424650316253817,0.7386946157333899,0.005124743928475538,1.0,-0.01052101395087212,1.001488694114018,-0.0004738041954462025,1.0,0.00570122325354934,1.0,-0.004282132281824611,1.0,0.005179299968448497,1.0,0.9927198105629184,-0.7935668529436612,-1.5158084796313975,True
20261179,ss,85,2.97,4.5,1,0,bounded,-0.005,-25,3000,True,0.0001000045297524769,9.920544306701707e-05,1.575569329829051,1.394430670170949,1.678673194466988,0.0007446605594843578,0.7451571529149826,0.7481343491587648,-0.003367931741234153,1.0,0.002575770930632298,1.000155452339554,0.002207090661105415,1.0,-0.008186330374580695,1.0,0.005157082377345058,1.0,0.003243827838541269,1.0,1.008054867361663,-0.7945569329829372,0.00452975247688947,True
20261180,ss,85,2.97,4.5,1,0,bounded,-0.005,-25,3000,True,9.961807846701566e-05,9.920599390715525e-05,1.570060928447432,1.399939071552568,1.679051004956648,0.0007429231646933307,0.7416396785178757,0.7428821903420956,0.001338867339305435,1.0,-0.007913298705403018,0.9976295131020868,-0.001307530129941298,1.0,-0.005853517200929264,1.0,-9.49467836694644e-05,1.0,-0.003555914855747425,1.0,1.0041538272399757,-0.7940060928447568,-0.3819215329843417,True
20261181,ss,85,2.97,4.5,1,0,bounded,-0.005,-25,3000,True,9.902631560238552e-05,9.920620491627699e-05,1.56795083722998,1.40204916277002,1.67963224058003,0.0007402608585020832,0.7422397364455431,0.740870657085538,-0.005468721072466419,1.0,0.007561077099933593,1.000200011124651,-0.0007031025281640812,1.0,-0.00217210133939882,1.0,-0.002106276833225129,1.0,0.001572962016240902,1.0,0.9981867130786498,-0.7937950837230145,-0.9736843976144827,True
20261182,ss,85,2.97,4.5,1,0,bounded,-0.005,-25,3000,True,9.8493312703715e-05,9.920592136929172e-05,1.570786307082791,1.39921369291721,1.680158590696596,0.0007378615033227206,0.7472665692712345,0.743575722111355,-0.007173493498636383,1.0,0.002532593114417355,0.9952806711150732,0.004327666099418021,1.0,-0.000977592017559606,1.0,0.0005989747176557561,1.0,-0.002788955994037757,1.0,0.9928168736730537,-0.7940786307082837,-1.5066872962850142,True
20261183,ss,85,2.97,4.5,1,0,bounded,-0.005,-25,3000,True,9.964736114127439e-05,9.920601096686222e-05,1.569890331377688,1.400109668622312,1.679022328368375,0.0007430549873959267,0.7413500473787537,0.7427194472620094,-0.003754767835201889,1.0,-0.000928877273028388,0.99925517254985,-0.001597377496651578,1.0,0.0008238869043662218,1.0,-0.0002577001221577936,1.0,-0.009204004836363449,1.0,1.0044488249261387,-0.7939890331377764,-0.35263885872561795,True
20261184,ss,85,2.97,4.5,1,0,bounded,-0.005,-25,3000,True,9.952657689907531e-05,9.920594333631929e-05,1.570566636806919,1.399433363193082,1.679140664225435,0.000742511257443219,0.7425188897298409,0.7433646179645946,-0.001404324476472454,1.0,-0.001497680363581506,0.9973399371140548,-0.0004276432565602896,1.0,0.000856629489804158,1.0,0.0003875128739110142,1.0,-0.007718587057276492,1.0,1.00323199953524,-0.7940566636807089,-0.47342310092468587,True
20261185,ss,85,2.97,4.5,1,0,bounded,-0.005,-25,3000,True,9.873121726881186e-05,9.920618443505432e-05,1.568155649456533,1.401844350543468,1.679923322293973,0.0007389328551703526,0.7437307483123854,0.7410664598883034,0.003735001261025213,1.0,-0.001030843790704203,0.9968459471150027,0.0007900884020892767,1.0,-0.00545412645968158,1.0,-0.00191037176808122,1.0,-0.0101867169412006,1.0,0.9952123230124489,-0.793815564945688,-1.268782731188145,True
20261186,ss,85,2.97,4.5,1,0,bounded,-0.005,-25,3000,True,9.935063556736713e-05,9.920577472605698e-05,1.572252739429893,1.397747260570107,1.679313283178731,0.0007417190206776146,0.744885019864725,0.7449728306313249,-0.0061408731386074,1.0,-0.004091824230466609,0.9982838294170292,0.001939786057499399,1.0,0.0007975877684564554,1.0,0.001995787665250653,1.0,0.003625797622688489,1.0,1.0014602057361093,-0.7942252739430167,-0.6493644326328707,True
20261187,ss,85,2.97,4.5,1,0,bounded,-0.005,-25,3000,True,0.0001004532118563742,9.920550926682105e-05,1.574907331789351,1.395092668210649,1.678236278434275,0.0007466798255655047,0.7425709722721326,0.7475024325125997,0.0002426209210755095,1.0,0.003916201606338902,1.002923465362577,-0.0003824030986336493,1.0,-0.004248592018783465,1.0,0.004525009987559005,1.0,-0.008700333854062643,1.0,1.0125769485865683,-0.7944907331789541,0.4532118563741916,True
20261188,ss,85,2.97,4.5,1,0,bounded,-0.005,-25,3000,True,0.0001003872962253231,9.920569955570535e-05,1.573004442946333,1.396995557053668,1.678300349371182,0.0007463837703822844,0.7410594639074173,0.745688036669442,0.005398288658657604,1.0,-0.005154231908287911,0.9978645343764028,-0.001893424736770642,1.0,0.006859562227724323,1.0,0.002710635548202498,1.0,-0.00499365312409122,1.0,1.0119105724258743,-0.7943004442946489,0.38729622532309715,True
20261189,ss,85,2.97,4.5,1,0,bounded,-0.005,-25,3000,True,9.90302451098072e-05,9.920625903333619e-05,1.567409666637925,1.402590333362075,1.679628370115775,0.000740278702012645,0.7417105395103684,0.7403544943907184,0.008657499593643349,1.0,0.004847877722419295,0.9972487817457888,-0.001232328479733509,1.0,0.001285122391281688,1.0,-0.002622441287312843,1.0,-0.0001108351008413005,1.0,0.9982257780381595,-0.793740966663814,-0.9697548901928088,True
20261190,ss,85,2.97,4.5,1,0,bounded,-0.005,-25,3000,True,9.961279213525222e-05,9.920582987573238e-05,1.571701242676013,1.398298757323987,1.679056182725517,0.0007428988890282174,0.7432141334555888,0.7444465026769822,0.002645171756601524,1.0,-0.001458281297067715,0.9982961205135455,0.0002669638434084295,1.0,0.01038429586844341,1.0,0.001469368591166513,1.0,-0.0006305401428183768,1.0,1.004102201050378,-0.7941701242676236,-0.387207864747785,True
20261191,ss,85,2.97,4.5,1,0,bounded,-0.005,-25,3000,True,9.975916001889663e-05,9.920586428883043e-05,1.57135711169553,1.39864288830447,1.678912916974164,0.000743557646711691,0.7422476615880255,0.7441180981506371,0.002954837924563178,1.0,0.0002278088037127044,0.9996615292513615,-0.0007005888255093019,1.0,0.006325435057479514,1.0,0.00114091316393767,1.0,0.001953054975178706,1.0,1.0055772482204814,-0.7941357111695746,-0.24083998110338012,True
20261192,ss,85,2.97,4.5,1,0,bounded,-0.005,-25,3000,True,9.934651991133783e-05,9.920611099207188e-05,1.568890079281015,1.401109920718985,1.679317324588639,0.0007417014989354396,0.7417226179917268,0.7417659604677044,0.009019017648729682,1.0,-0.005717860657033665,1.00106200086425,-0.001222585426019261,1.0,0.002908172768439572,1.0,-0.001211083556440492,1.0,-0.01000714041447336,1.0,1.0014153253046798,-0.793889007928128,-0.6534800886621839,True
20261193,ss,85,2.97,4.5,1,0,bounded,-0.005,-25,3000,True,9.89459018787945e-05,9.920612700255611e-05,1.568729974438628,1.401270025561372,1.679711478075797,0.0007398987653409303,0.7433300669139183,0.741613887473877,0.006142592947775367,1.0,-6.843444964503566e-05,0.999965615262949,0.0003878217304696056,1.0,0.006840668044418979,1.0,-0.001363018044755869,1.0,0.00199823146017465,1.0,0.997376924877282,-0.7938729974439007,-1.0540981212055045,True
20261194,ss,85,2.97,4.5,1,0,bounded,-0.005,-25,3000,True,9.953280506372599e-05,9.920613793374205e-05,1.56862066257943,1.401379337420571,1.6791345589786,0.0007425398621393521,0.7406510872037123,0.7415087168437104,-0.0009165067627454044,1.0,0.003205180189912111,0.9988594232494148,-0.002295491773099963,1.0,-0.006465224411737541,1.0,-0.001468391838451799,1.0,0.0003299832509444825,1.0,1.0032928116827018,-0.7938620662579554,-0.4671949362740069,True
20261195,ss,85,2.97,4.5,1,0,bounded,-0.005,-25,3000,True,9.85174737434972e-05,9.920618743800048e-05,1.568125619995073,1.401874380004927,1.680134672778303,0.0007379710182243617,0.7446431052219185,0.7410381523623573,0.0003501353864071146,1.0,-0.00665105871147396,0.9997144907518448,0.001704023638767386,1.0,0.003101700595622845,1.0,-0.001938605355646511,1.0,-0.001686374830054997,1.0,0.9930577546392084,-0.7938125619995295,-1.482526256502814,True
20261196,ss,85,2.97,4.5,1,0,bounded,-0.005,-25,3000,True,9.787852384229558e-05,9.920618700452645e-05,1.568129954735349,1.401870045264651,1.680769075346898,0.0007350957423831175,0.7474653609852142,0.7410432833678541,-0.01546102417699907,1.0,0.003449625390831795,1.001170353882996,0.00453099756009087,1.0,0.003552103303837498,1.0,-0.001933253254368865,1.0,-0.01309708981439453,1.0,0.9866171334438013,-0.793812995473564,-2.121476157704427,True
20261197,ss,85,2.97,4.5,1,0,bounded,-0.005,-25,3000,True,9.861011472995264e-05,9.920611904815034e-05,1.56880951849633,1.40119048150367,1.680043015584451,0.0007383876995465296,0.7448822369936365,0.7416902754699966,-0.007415093971883877,1.0,-0.0005717993100211364,1.0009711860898,0.001942471329831436,1.0,-0.00866621957566581,1.0,-0.001286513799197319,1.0,-0.007214638173069781,1.0,0.9939922625346485,-0.7938809518496681,-1.389885270047364,True
20261198,ss,85,2.97,4.5,1,0,bounded,-0.005,-25,3000,True,9.922042463754201e-05,9.920596931462504e-05,1.570306853749515,1.399693146250486,1.679441222190807,0.0007411336494223101,0.7436159586121561,0.7431173461751821,0.005763028891074442,1.0,0.001493021726783154,1.000513229423837,0.0006716863035902528,1.0,0.000952009430341019,1.0,0.0001403468288772439,1.0,0.001507768841365714,1.0,1.0001457102129725,-0.794030685374969,-0.779575362457996,True
20261199,ss,85,2.97,4.5,1,0,bounded,-0.005,-25,3000,True,9.884749581723731e-05,9.920604479032032e-05,1.569552096796738,1.400447903203262,1.679808527951195,0.0007394556938934711,0.74454034468354,0.7423981192999007,-0.00649297156344532,1.0,-0.001484918619371827,0.99884812864592,0.001598826149716026,1.0,-0.001280355275686128,1.0,-0.00057875156088071,1.0,-0.00525202464491932,1.0,0.9963858152611483,-0.7939552096796865,-1.1525041827626925,True
20261200,ss,85,2.97,4.5,1,0,bounded,-0.005,-25,3000,True,9.846093064156326e-05,9.920612257726146e-05,1.568774227385158,1.401225772614842,1.68019065565108,0.0007377163816309155,0.7455057369206725,0.7416568496611265,0.0009544289505240716,1.0,0.003594331713891869,1.001037558327894,0.002567072864404745,1.0,0.01210692211080788,1.0,-0.001319888012821,1.0,-0.0005171711117078822,1.0,0.9924884481286137,-0.7938774227385426,-1.539069358436751,True
20261201,ss,85,2.97,4.5,1,0,bounded,-0.005,-25,3000,True,0.0001005750978295109,9.920601775968677e-05,1.569822403132147,1.400177596867854,1.678117908500488,0.0007472298226679792,0.7372312845882005,0.7426532172971082,-0.01043853096857434,1.0,0.0006895593654756067,0.9998227708939068,-0.005722990801216185,1.0,-0.004962613229656354,1.0,-0.0003242511566707279,1.0,0.007452089645561427,1.0,1.0138003732106307,-0.7939822403132291,0.5750978295108844,True
20261202,ss,85,2.97,4.5,1,0,bounded,-0.005,-25,3000,True,9.850461297135217e-05,9.920615722723271e-05,1.568427727672859,1.401572272327142,1.680147403445022,0.0007379130550260709,0.7449855731012966,0.7413263095020731,-0.01073082564697453,1.0,0.007901080363967075,0.997171580477871,0.00204658648498965,1.0,-0.008255921290210301,1.0,-0.001650443542692344,1.0,0.0001434812755315426,1.0,0.9929284202161601,-0.7938427727672948,-1.4953870286478321,True
20261203,ss,85,2.97,4.5,1,0,bounded,-0.005,-25,3000,True,9.940653223503494e-05,9.920596245739848e-05,1.570375426015045,1.399624573984955,1.679258410610169,0.0007419711132444695,0.7428643002520227,0.7431824519847577,0.004455202031808304,1.0,-0.002478733772151129,1.003016610794004,-8.134630590357346e-05,1.0,0.009854911353837273,1.0,0.0002053882912840669,1.0,0.003022380880125292,1.0,1.00202175124023,-0.7940375426015223,-0.5934677649650721,True
20261204,ss,85,2.97,4.5,1,0,bounded,-0.005,-25,3000,True,9.989614488126555e-05,9.920593793065817e-05,1.57062069341824,1.39937930658176,1.678779015951855,0.0007441742973079764,0.7409517246005425,0.7434155938402368,0.000763252167944967,1.0,-0.002850990432583673,0.9954031369941858,-0.00199753732767786,1.0,-0.0002869744984756556,1.0,0.0004383609098734778,1.0,-0.005020186480831006,1.0,1.0069573149047772,-0.7940620693418277,-0.10385511873445274,True
20261205,ss,85,2.97,4.5,1,0,bounded,-0.005,-25,3000,True,9.931412908041372e-05,9.920581080141686e-05,1.571891985831154,1.398108014168847,1.679349136639041,0.0007415548486304818,0.7447040024944697,0.7446288664524199,0.0001457252789446174,1.0,-0.002146075078202579,0.9986378778821242,0.00175903825703144,1.0,-0.00502614091340222,1.0,0.001651835852148556,1.0,-0.003535358480818315,1.0,1.001091854177914,-0.7941891985831395,-0.6858709195862844,True
20261206,ss,85,2.97,4.5,1,0,bounded,-0.005,-25,3000,True,9.886409080722393e-05,9.920626331157335e-05,1.567366884266398,1.402633115733602,1.679792155237958,0.00073953102035568,0.7424002381884769,0.7403139482991187,-0.006008759411133571,1.0,-0.006145722267808427,0.9960687025166708,-0.0005414028867798237,1.0,-0.008595748486616693,1.0,-0.002662929916905825,1.0,-0.003866553393590654,1.0,0.9965508981698588,-0.7937366884266606,-1.1359091927760745,True
20261207,ss,85,2.97,4.5,1,0,bounded,-0.005,-25,3000,True,9.911672056078493e-05,9.920591706871193e-05,1.570829312880697,1.399170687119303,1.679543230893094,0.0007406668259060347,0.7445654288846716,0.7436157628809344,0.003155914161660602,1.0,-0.001964088796031052,1.001635125049943,0.001621922345372288,1.0,-0.002397825409691637,1.0,0.000638799804444995,1.0,-0.01560414757201454,1.0,0.999100895283643,-0.7940829312880759,-0.8832794392150789,True
20261208,ss,85,2.97,4.5,1,0,bounded,-0.005,-25,3000,True,9.912083330444167e-05,9.92062501368916e-05,1.567498631083923,1.402501368916078,1.679539183456614,0.0007406863224665074,0.7413968705241454,0.7404392061428245,0.007736401304545674,1.0,0.007170023311219616,1.00140292145706,-0.001546666385577966,1.0,-0.004161472697257233,1.0,-0.002537760815274549,1.0,0.00551385391856195,1.0,0.9991389974690903,-0.7937498631084061,-0.879166695558331,True
20261209,ss,85,2.97,4.5,1,0,bounded,-0.005,-25,3000,True,9.974944291264811e-05,9.920592325164272e-05,1.570767483572615,1.399232516427385,1.678922421951927,0.0007435140948533248,0.7417325555833276,0.7435558117412415,-0.004233502758506359,1.0,0.002191953051533766,0.9963296998926979,-0.001215623077973275,1.0,0.01583236769315985,1.0,0.0005786296817375353,1.0,-6.836965159307955e-05,1.0,1.0054787017064164,-0.7940767483572864,-0.2505570873518992,True
20261210,ss,85,2.97,4.5,1,0,bounded,-0.005,-25,3000,True,9.828226661296049e-05,9.92063428634945e-05,1.566571365054972,1.403428634945028,1.680367750315312,0.0007369130477521013,0.7442089837464833,0.739556086641796,0.0008211072838240684,1.0,0.002520285165311715,1.00253721533279,0.001271638985107193,1.0,-0.001531063419372918,1.0,-0.00342059083598481,1.0,-0.009828376965527845,1.0,0.9906853107990734,-0.7936571365055101,-1.7177333870395217,True
20261211,ss,85,2.97,4.5,1,0,bounded,-0.005,-25,3000,True,9.917571666579951e-05,9.920571582992707e-05,1.572841700729235,1.397158299270765,1.679485186852292,0.0007409317107003252,0.7462097025366312,0.7455347372639382,-0.008348542814788435,1.0,0.002975476934769621,1.001984695308394,0.00326576036038156,1.0,0.003937960531311574,1.0,0.002557755258843955,1.0,-0.003208430410927335,1.0,0.9996976064949827,-0.7942841700729342,-0.8242833342004929,True
20261212,ss,85,2.97,4.5,1,0,bounded,-0.005,-25,3000,True,9.979747345583524e-05,9.920575215546311e-05,1.572478445368831,1.397521554631169,1.678875448494253,0.0007437297241432435,0.7431403726357138,0.745187368586963,-0.001440990037698658,1.0,0.008582538480464419,1.001189076853565,0.0001918393109487063,1.0,0.004510172593423505,1.0,0.00221017117059894,1.0,0.006590334991158822,1.0,1.0059645866042612,-0.7942478445368883,-0.20252654416476057,True
20261213,ss,85,2.97,4.5,1,0,bounded,-0.005,-25,3000,True,9.962577786378026e-05,9.92058727820496e-05,1.571272179503864,1.398727820496136,1.679043464145191,0.0007429574522378168,0.7427514823622777,0.7440373109486166,0.006910782714540984,1.0,-0.004071397318620443,1.004822241839499,-0.00019578313857388,1.0,0.002903864062173908,1.0,0.001060172052687617,1.0,-0.01570676413659599,1.0,1.0042326635506063,-0.7941272179504022,-0.3742221362197484,True
20261214,ss,85,2.97,4.5,1,0,bounded,-0.005,-25,3000,True,9.932000751171989e-05,9.920608482381864e-05,1.569151761813579,1.400848238186421,1.679343362516095,0.0007415821154184996,0.7420864404916645,0.7420155761108125,-0.00753677108905918,1.0,0.002071404943128233,1.003016874488711,-0.000858567154068333,1.0,-0.001513602937932008,1.0,-0.000961458546103939,1.0,-0.003727163242865516,1.0,1.0011483437543531,-0.7939151761813701,-0.6799924882801123,True
20261215,ss,85,2.97,4.5,1,0,bounded,-0.005,-25,3000,True,9.941723523025394e-05,9.920548312023679e-05,1.575168797631989,1.394831202368011,1.67924790704809,0.00074201785309088,0.747350620207975,0.7477533582281314,-0.0008900982979482738,1.0,-0.007810305482223901,0.9986621966710676,0.004404894619135763,1.0,0.004813735628889731,1.0,0.0047762943693155,1.0,-0.002765918493356887,1.0,1.0021344799032983,-0.7945168797632074,-0.5827647697460692,True
20261216,ss,85,2.97,4.5,1,0,bounded,-0.005,-25,3000,True,9.843596304129156e-05,9.920604115097415e-05,1.569588490258244,1.400411509741756,1.680215385588591,0.0007376037855933359,0.7463860917120727,0.7424334699075786,-0.00473038858006359,1.0,0.00288040799354703,0.9941872420192855,0.003447612022389057,1.0,-0.007827680078254498,1.0,-0.000543258525887437,1.0,0.006955247851959567,1.0,0.9922375885505736,-0.7939588490258553,-1.564036958708448,True
20261217,ss,85,2.97,4.5,1,0,bounded,-0.005,-25,3000,True,0.000100658259881831,9.920581489427369e-05,1.571851057262927,1.398148942737073,1.678037223482432,0.0007476034493935314,0.7387868847954271,0.7445877398319695,-0.01216760587456242,1.0,0.00317835714511021,1.00094846885343,-0.00416800466867712,1.0,0.00934889002335899,1.0,0.001610244099517977,1.0,-0.0008281655619430943,1.0,1.014640724327553,-0.7941851057263083,0.6582598818309915,True
20261218,ss,85,2.97,4.5,1,0,bounded,-0.005,-25,3000,True,9.867736999246736e-05,9.920608138705645e-05,1.569186129435292,1.400813870564708,1.679976525739671,0.0007386902363740657,0.7449424699853833,0.742049355581591,0.001784572958193202,1.0,-0.001310754434393467,0.998053798455868,0.002002207694796079,1.0,0.00918674148398938,1.0,-0.0009274566816708942,1.0,0.004003358029465724,1.0,0.9946705747551271,-0.793918612943556,-1.3226300075326436,True
20261219,ss,85,2.97,4.5,1,0,bounded,-0.005,-25,3000,True,9.930666478246954e-05,9.920582031696217e-05,1.57179683037828,1.39820316962172,1.679356468956106,0.0007415212875509314,0.7446467767285057,0.7445381353416707,0.004855112127739885,1.0,-0.001210176727215705,1.004058275306671,0.001701867608651811,1.0,-0.0156318712679719,1.0,0.001561107253956094,1.0,0.001892316527745636,1.0,1.0010165176315782,-0.7941796830378323,-0.6933352175304663,True
20261220,ss,85,2.97,4.5,1,0,bounded,-0.005,-25,3000,True,9.929815042644043e-05,9.920613854582272e-05,1.568614541772757,1.401385458227243,1.679364833403205,0.0007414839180882986,0.7416741611318353,0.7415032451182019,0.007729976508575684,1.0,-0.003174112776847101,1.001198378511639,-0.001270685117732641,1.0,0.009982285345363513,1.0,-0.001473782372288036,1.0,0.002534969695859851,1.0,1.0009274817260951,-0.7938614541772804,-0.7018495735595764,True
20261221,ss,85,2.97,4.5,1,0,bounded,-0.005,-25,3000,True,9.855481367858777e-05,9.92061140021724e-05,1.568859978275799,1.401140021724201,1.680097719530538,0.0007381388298300878,0.7451734076529661,0.7417384869592385,0.003395409132061306,1.0,0.00791809363857381,0.9995183668274592,0.002234050343930449,1.0,0.005295635708087843,1.0,-0.001238283137278031,1.0,0.0008779566989356367,1.0,0.9934348771732923,-0.7938859978276036,-1.4451863214122396,True
20261222,ss,85,2.97,4.5,1,0,bounded,-0.005,-25,3000,True,0.0001002513786306861,9.920572152379336e-05,1.572784762066364,1.397215237933636,1.678432589297453,0.000745772206451981,0.7414452347998794,0.7454787635866659,0.001398667944136127,1.0,-0.003232856611700956,0.9976537863537144,-0.00150665021512342,1.0,0.008137236103037711,1.0,0.002501409334105656,1.0,0.006743128009137167,1.0,1.010540290326319,-0.7942784762066446,0.25137863068609434,True
20261223,ss,85,2.97,4.5,1,0,bounded,-0.005,-25,3000,True,9.921026057273443e-05,9.920615080097542e-05,1.568491990245645,1.401508009754355,1.679451215617205,0.0007410884501446071,0.7419439185044241,0.7413864992053119,0.0009340479962282763,1.0,-0.00188751678758279,1.001097428994352,-0.001000278751588676,1.0,0.007119036213206244,1.0,-0.001590497963541733,1.0,0.002689682520402291,1.0,1.0000414265821809,-0.7938491990245766,-0.7897394272655789,True
20261224,ss,85,2.97,4.5,1,0,bounded,-0.005,-25,3000,True,9.976521699719333e-05,9.920600889009307e-05,1.569911099069198,1.400088900930802,1.67890699266667,0.0007435853325788431,0.7408536383286558,0.7427390695238741,-0.001948873732681126,1.0,-0.00606060167878917,1.002081236977351,-0.002094656810957268,1.0,-0.0102801777351487,1.0,-0.0002381186259890587,1.0,-0.002170095174230108,1.0,1.005636837056108,-0.793991109906933,-0.23478300280667108,True
20261225,ss,85,2.97,4.5,1,0,bounded,-0.005,-25,3000,True,9.932987923487437e-05,9.920606355773848e-05,1.569364422614969,1.400635577385031,1.679333666688881,0.0007416264750122444,0.7422442943879207,0.7422183795685239,0.006709847690578114,1.0,0.0003175433287797375,0.9997544903648384,-0.0007007861521665415,1.0,-0.006762179619244781,1.0,-0.0007586583473973452,1.0,-0.0001042422700355765,1.0,1.0012480656191325,-0.7939364422615225,-0.6701207651256369,True
20261226,ss,85,2.97,4.5,1,0,bounded,-0.005,-25,3000,True,9.958169868326129e-05,9.920588672138747e-05,1.571132786125174,1.398867213874826,1.679086642904371,0.0007427591373258069,0.7428127891143409,0.7439044472589733,0.007427917589147365,1.0,-0.0003961722238716105,0.9980193320074772,-0.0001341508994004869,1.0,-0.004168581029920211,1.0,0.000927323512623789,1.0,-0.0003441348499357565,1.0,1.0037882022357127,-0.7941132786125293,-0.41830131673871174,True
20261227,ss,85,2.97,4.5,1,0,bounded,-0.005,-25,3000,True,0.0001001027684498138,9.920577226232358e-05,1.572277376763928,1.397722623236072,1.678577373159414,0.0007451036113323364,0.7416148364142526,0.7449951521144411,-0.003869001106587098,1.0,0.002361431471893729,0.9996747316624948,-0.001335951246964251,1.0,-0.006580678124262974,1.0,0.002017848910159706,1.0,0.0004657741942354308,1.0,1.009041774153205,-0.7942277376764229,0.10276844981380595,True
20261228,ss,85,2.97,4.5,1,0,bounded,-0.005,-25,3000,True,9.987588688900408e-05,9.920592732077928e-05,1.570726792207034,1.399273207792966,1.678798806909422,0.0007440831048313914,0.7411407024931261,0.7435168085375924,0.001070949355136624,1.0,-0.003581571118802108,1.002528244717418,-0.00180840984742624,1.0,-0.003327843356201664,1.0,0.000539582695303065,1.0,-0.001987556219632473,1.0,1.0067532211664985,-0.7940726792207253,-0.12411311099592703,True
20261229,ss,85,2.97,4.5,1,0,bounded,-0.005,-25,3000,True,9.975790745225956e-05,9.920602178443026e-05,1.56978215569739,1.40021784430261,1.678914142147407,0.0007435524779238638,0.7407636649038669,0.7426161077993646,-0.007033610873905223,1.0,0.000911712411140898,1.002571677465725,-0.002184576261113862,1.0,0.001125885150443569,1.0,-0.000361077916348362,1.0,-0.003505188215804324,1.0,1.005563025892002,-0.7939782155697461,-0.24209254774044675,True
20261230,ss,85,2.97,4.5,1,0,bounded,-0.005,-25,3000,True,9.914799660952247e-05,9.920608134433625e-05,1.56918655663734,1.400813443362661,1.679512455486317,0.0007408080560239478,0.7428742505566454,0.74204902899938,-0.0008718962162214399,1.0,-0.001810685198048637,1.000055851296556,-6.948693114199782e-05,1.0,-0.000155352732413335,1.0,-0.0009279461119213512,1.0,0.008378593757262626,1.0,0.9994145042922099,-0.7939186556637501,-0.8520033904775404,True
20261231,ss,85,2.97,4.5,1,0,bounded,-0.005,-25,3000,True,9.94354336245832e-05,9.920633468308405e-05,1.566653169159404,1.403346830840596,1.679230050215074,0.0007421022750087464,0.7392168563889467,0.7396323140112561,-0.002521744007311102,1.0,0.003992483855450786,0.9983922826671138,-0.003729003582774111,1.0,-0.004124568626421218,1.0,-0.003344762430247485,1.0,-0.001378818445718074,1.0,1.0023093176683828,-0.7936653169159591,-0.5645663754168084,True
20261232,ss,85,2.97,4.5,1,0,bounded,-0.005,-25,3000,True,9.8519993261336e-05,9.920623752547577e-05,1.567624745242109,1.402375254757892,1.680132178933893,0.0007379825048153693,0.7441581557446277,0.7405604288185654,-0.005241259914837443,1.0,-0.0005126338245592977,0.9993723264140559,0.001219055556627195,1.0,0.001370270991264204,1.0,-0.00241633014091356,1.0,0.006979710629886397,1.0,0.9930826500303114,-0.79376247452424,-1.4800067386640081,True
20261233,ss,85,2.97,4.5,1,0,bounded,-0.005,-25,3000,True,9.859233016420367e-05,9.92061639921961e-05,1.568360078038943,1.401639921961058,1.680060604945768,0.000738307802484699,0.7445353444632321,0.7412616516523801,0.003416411985126912,1.0,0.001485527043654455,1.000084136727223,0.001595710124270834,1.0,-0.008042311531574293,1.0,-0.001715131794751186,1.0,-0.002838575974895626,1.0,0.9938125434621108,-0.7938360078039053,-1.4076698357963324,True
20261234,ss,85,2.97,4.5,1,0,bounded,-0.005,-25,3000,True,9.943612532898362e-05,9.920589904405376e-05,1.571009559462307,1.398990440537693,1.679229371554299,0.0007421040938317234,0.7433342890990897,0.7437871587148855,-0.005530105714064373,1.0,0.0101133805896682,0.9988417978757852,0.0003884240212732472,1.0,0.01188724944837908,1.0,0.0008100852496284608,1.0,0.002131911140861812,1.0,1.002320691482546,-0.794100955946242,-0.5638746710163844,True
20261235,ss,85,2.97,4.5,1,0,bounded,-0.005,-25,3000,True,9.875287748065821e-05,9.920628121373914e-05,1.567187862608516,1.402812137391484,1.67990192883377,0.0007390306135550942,0.7427199079559819,0.7401433721829955,0.009989685752750672,1.0,-0.01047557224468292,1.001210515803512,-0.000220911898055005,1.0,0.0006855789406399541,1.0,-0.0028334676827496,1.0,0.002340971503629678,1.0,0.9954296872382095,-0.7937187862608663,-1.2471225193417923,True
20261236,ss,85,2.97,4.5,1,0,bounded,-0.005,-25,3000,True,9.917402997101567e-05,9.920621173997925e-05,1.567882600207364,1.402117399792636,1.679486845872459,0.0007409255934261456,0.7415265086043767,0.7408053442639957,0.004846398918366876,1.0,0.001089319331888349,1.000011035676388,-0.001417421118793866,1.0,0.009774387990132832,1.0,-0.002171640818017564,1.0,-0.00811646413994971,1.0,0.9996756073193488,-0.7937882600207558,-0.8259700289843352,True
20261237,ss,85,2.97,4.5,1,0,bounded,-0.005,-25,3000,True,9.876443629291222e-05,9.920648253646495e-05,1.565174635350371,1.404825364649629,1.67989051419444,0.0007390832261400585,0.7407644280186785,0.7382230727063552,-0.0009842550028924507,1.0,-0.001745781325686468,1.0030641814016,-0.0021764771886836,1.0,-0.002430698257635166,1.0,-0.004753772644957054,1.0,-0.007618174641545433,1.0,0.9955441798534662,-0.7935174635350539,-1.2355637070877834,True
20261238,ss,85,2.97,4.5,1,0,bounded,-0.005,-25,3000,True,9.960757967856372e-05,9.920598953208169e-05,1.570104679183045,1.399895320816955,1.679061288391773,0.0007428759071532152,0.7417270432089561,0.742923931362912,0.002489783310471123,1.0,0.004111894385048871,0.9990725342704556,-0.001220087914250367,1.0,-0.002096581471765261,1.0,-5.320209773014154e-05,1.0,0.0003750481863398374,1.0,1.0040480433527872,-0.7940104679183158,-0.392420321436282,True
20261239,ss,85,2.97,4.5,1,0,bounded,-0.005,-25,3000,True,9.94537335667315e-05,9.920592919258484e-05,1.570708074151417,1.399291925848583,1.679212096867471,0.0007421834204421613,0.7429719732663574,0.7434996161784014,-0.008877514721136608,1.0,0.006829392280897829,0.99783831161898,2.597816643024607e-05,1.0,-0.0005449744800546116,1.0,0.000522536397759304,1.0,-0.004484600811619473,1.0,1.002497878666764,-0.7940708074151703,-0.5462664332685052,True
20261240,ss,85,2.97,4.5,1,0,bounded,-0.005,-25,3000,True,9.97443627275222e-05,9.920586845561485e-05,1.57131544385151,1.39868455614849,1.678927391584239,0.0007434910712754053,0.7422730679116115,0.7440783848723193,0.01165837343981152,1.0,-0.001663079452269459,0.9983502505942594,-0.0006750732366976916,1.0,-0.005850214565091972,1.0,0.001101204975029186,1.0,0.006748594603110532,1.0,1.0054280485649725,-0.7941315443851571,-0.25563727247780443,True
20261241,ss,85,2.97,4.5,1,0,bounded,-0.005,-25,3000,True,9.898107299850002e-05,9.920623015214766e-05,1.56769847852319,1.40230152147681,1.679676813892727,0.0007400573417345898,0.7421997800612319,0.7406300347877594,0.007227729475957152,1.0,0.004552066517165125,0.9965742508361808,-0.0007427248327616389,1.0,-0.002768010951432437,1.0,-0.002346883662326167,1.0,0.001590206405685154,1.0,0.9977304131675769,-0.7937698478523436,-1.0189270014999807,True
20261242,ss,85,2.97,4.5,1,0,bounded,-0.005,-25,3000,True,9.863905484750836e-05,9.920623356918422e-05,1.567664308157737,1.402335691842263,1.680014399552538,0.0007385182702035334,0.7436714634831285,0.7405979773338678,0.00577814776614529,1.0,0.002993449267940046,1.00215359832557,0.0007314841190020101,1.0,-0.01216138628723898,1.0,-0.002378822794737682,1.0,-0.01559223978986859,1.0,0.9942828318214468,-0.7937664308157899,-1.3609451524916438,True
20261243,ss,85,2.97,4.5,1,0,bounded,-0.005,-25,3000,True,9.937911226331954e-05,9.920609398416574e-05,1.569060158342443,1.400939841657557,1.679285324552437,0.0007418481140061247,0.7417405554120052,0.7419281192807233,0.0008805910442379044,1.0,-0.00320946538507142,0.9992037740519828,-0.001204888672914884,1.0,-0.003855111176333366,1.0,-0.001048935895574624,1.0,-0.001305311226451084,1.0,1.0017440287406276,-0.7939060158342559,-0.6208877366804644,True
20261244,ss,85,2.97,4.5,1,0,bounded,-0.005,-25,3000,True,9.957843843121074e-05,9.92063968225236e-05,1.566031774763936,1.403968225236064,1.679089837278407,0.000742745981192469,0.7380023706663869,0.7390393884123425,0.0002341518765262113,1.0,0.001665144719558886,0.997525389367533,-0.004944545274997342,1.0,-0.004365073724849271,1.0,-0.003937737971016075,1.0,-0.0008173761354692305,1.0,1.0037501776155897,-0.7936031774764096,-0.42156156878926376,True
20261245,ss,85,2.97,4.5,1,0,bounded,-0.005,-25,3000,True,9.843938268593013e-05,9.920642384469094e-05,1.5657615530905,1.404238446909501,1.680211998143061,0.0007376203105938556,0.7427504196804642,0.7387834163807536,-0.02482089641449773,1.0,-0.002655077462811233,1.001911538805196,-0.0001880852620172924,1.0,-0.003664947662702019,1.0,-0.004193316060534457,1.0,0.0008826270797241636,1.0,0.9922682309367222,-0.7935761553090726,-1.5606173140698787,True
20261246,ss,85,2.97,4.5,1,0,bounded,-0.005,-25,3000,True,9.951070470186543e-05,9.920583185405977e-05,1.571681459402219,1.398318540597781,1.679156224811646,0.000742439501454302,0.743642831607321,0.7444277959133775,0.005374297555273361,1.0,0.003884677129437619,0.9968074414154068,0.0006964158240499064,1.0,-0.005713163590397361,1.0,0.001450697137690131,1.0,0.000983527927342177,1.0,1.0030731343320034,-0.7941681459402439,-0.4892952981345844,True
20261247,ss,85,2.97,4.5,1,0,bounded,-0.005,-25,3000,True,9.868072718887267e-05,9.920593360943866e-05,1.570663905613398,1.399336094386602,1.679973207878356,0.000738704904859319,0.7463256348661053,0.7434586995969789,-0.006570262553902011,1.0,0.003925840316602115,1.0026795015866,0.003385347785808924,1.0,0.00224912660555996,1.0,0.0004818872629007534,1.0,-0.01120101571767599,1.0,0.9947058971025498,-0.7940663905613543,-1.3192728111273366,True
20261248,ss,85,2.97,4.5,1,0,bounded,-0.005,-25,3000,True,0.0001002955249879937,9.920587922772457e-05,1.571207722754112,1.398792277245888,1.67838961881624,0.0007459713334415177,0.73976120943836,0.7439747974266123,-0.001908624783123483,1.0,0.002705236599883075,0.9998182359031872,-0.003191001558505058,1.0,0.003085143891732413,1.0,0.0009974267343086077,1.0,-0.0003421020275296736,1.0,1.0109836812974347,-0.7941207722754307,0.2955249879937005,True
20261249,ss,85,2.97,4.5,1,0,bounded,-0.005,-25,3000,True,9.960664170369262e-05,9.920608618318533e-05,1.569138168146534,1.400861831853466,1.679062207176746,0.0007428719733200734,0.7408170419355049,0.7420021644294647,-0.005836926052755764,1.0,0.003877409979037445,0.9994052242208912,-0.002130082261908731,1.0,-0.007754736994171739,1.0,-0.0009749694199521929,1.0,-0.005655559791813528,1.0,1.0040376103515227,-0.7939138168146731,-0.39335829630738894,True
20261250,ss,85,2.97,4.5,1,0,bounded,-0.005,-25,3000,True,9.854982047725093e-05,9.920636922507625e-05,1.566307749237259,1.403692250762741,1.680102660252936,0.0007381171184337892,0.7427808357925098,0.7393042265404695,-0.01275534602652034,1.0,-0.007803370315438972,0.9989929339066186,-0.0001584846465740555,1.0,-0.001072616923011704,1.0,-0.003672543711997875,1.0,0.001758929939773478,1.0,0.9933819899573608,-0.7936307749237481,-1.4501795227490732,True
20261251,ss,85,2.97,4.5,1,0,bounded,-0.005,-25,3000,True,9.914094828661936e-05,9.920609437837453e-05,1.569056216254633,1.400943783745367,1.679519390180896,0.0007407763772828635,0.7427819280265231,0.7419247310438157,0.005398865661138365,1.0,0.003459292776840071,0.9998089145933272,-0.0001617574152485782,1.0,-0.01041643954125193,1.0,-0.001052241724849226,1.0,-0.005579466350865404,1.0,0.999343325708331,-0.7939056216254792,-0.859051713380643,True
20261252,ss,85,2.97,4.5,1,0,bounded,-0.005,-25,3000,True,0.0001001706324029198,9.920582361758019e-05,1.571763824197979,1.398236175802021,1.678511231243805,0.0007454091516465238,0.7408326433268067,0.7445053123842409,-0.003760536966050514,1.0,0.001914025770016144,0.9983316177499796,-0.00211864544968562,1.0,-0.01260811548025749,1.0,0.001527985318306872,1.0,-0.001321060627020255,1.0,1.009725324080356,-0.7941763824198089,0.17063240291979032,True
20261253,ss,85,2.97,4.5,1,0,bounded,-0.005,-25,3000,True,9.987087968104027e-05,9.920589167685778e-05,1.57108323142199,1.398916768578011,1.678803699266563,0.0007440604665333736,0.7414997015046364,0.7438567382849226,0.005180380408641138,1.0,-0.002020475314650771,1.000519534546698,-0.001449373861911062,1.0,-0.00530845621603067,1.0,0.0008795144383159933,1.0,0.004396318551539337,1.0,1.0067031099962143,-0.7941083231422286,-0.1291203189597412,True
20261254,ss,85,2.97,4.5,1,0,bounded,-0.005,-25,3000,True,0.0001004415158719622,9.920567260066974e-05,1.573273993302462,1.396726006697539,1.678247644187711,0.0007466276787358797,0.7410776831380661,0.7459449897073629,0.006792719170371184,1.0,-0.004338217689319414,0.9965970839131828,-0.001875605869048106,1.0,0.006427745988005894,1.0,0.002967570023759043,1.0,-0.006649158667443167,1.0,1.0124573851363023,-0.7943273993302635,0.4415158719621948,True
20261255,ss,85,2.97,4.5,1,0,bounded,-0.005,-25,3000,True,9.877280597501516e-05,9.920598147163115e-05,1.570185283688362,1.399814716311639,1.679882249698914,0.0007391194015477617,0.7454677667915985,0.7430021048409627,0.002537263270162854,1.0,0.003892609809060035,0.9998964522650308,0.002526799782618654,1.0,0.002833918278310684,1.0,2.526029199868956e-05,1.0,-0.001649567996044685,1.0,0.9956335748087946,-0.7940185283688561,-1.2271940249848456,True
20261256,ss,85,2.97,4.5,1,0,bounded,-0.005,-25,3000,True,9.936380928111367e-05,9.920611882920777e-05,1.56881170792208,1.40118829207792,1.679300348185936,0.0007417793243758671,0.7415726150368712,0.7416911879927893,0.006277466435811428,1.0,-0.004072270693330318,0.9999379591009971,-0.001372716048430979,1.0,0.01993094286842434,1.0,-0.001285862071729396,1.0,0.005695345199716441,1.0,1.0015895234464054,-0.7938811707922322,-0.6361907188863314,True
20261257,ss,85,2.97,4.5,1,0,bounded,-0.005,-25,3000,True,0.0001007552206552501,9.92058277186077e-05,1.571722813922914,1.398277186077086,1.677943230538181,0.0007480398109623785,0.7382431003382316,0.7444652921194111,-0.009368828042000074,1.0,0.004204038097300908,0.9994705427568292,-0.004712505091653638,1.0,-0.01741890194192659,1.0,0.00148776274148686,1.0,0.00909582923468254,1.0,1.0156179628986834,-0.7941722813923136,0.7552206552500884,True
20261258,ss,85,2.97,4.5,1,0,bounded,-0.005,-25,3000,True,0.0001001189144575269,9.920567597451918e-05,1.573240254808085,1.396759745191915,1.678561632998545,0.0007451759823911675,0.7424547148573898,0.7459133206256295,0.0005265836049802669,1.0,-0.00538052577202669,0.9996455953303788,-0.00049619202745053,1.0,0.01259076682461583,1.0,0.002936012545122335,1.0,-0.001727096861179697,1.0,1.009205506378912,-0.7943240254808193,0.11891445752689744,True
20261259,ss,85,2.97,4.5,1,0,bounded,-0.005,-25,3000,True,9.998189297222217e-05,9.92058810334791e-05,1.571189665208658,1.398810334791342,1.678695286876723,0.0007445599947331919,0.7411147503870698,0.7439580660182693,-0.009082636209062793,1.0,4.175305324642317e-05,0.998303498527602,-0.001835144715626949,1.0,-0.01614642860972339,1.0,0.0009808038370325658,1.0,0.008109720677412087,1.0,1.0078222372570955,-0.7941189665208959,-0.018107027777836127,True
