seed,library,temperature_c,logic_v,led_supply_v,local_mismatch,global_variation,reference,calibration_error,tc_ppm,line_ppm_v,pwm_on,iout,iref,bias,headroom,led_k,power_w,out_vth,ref_vth,x0_dvth,x0_mulu0,x1_dvth,x1_mulu0,x2_dvth,x2_mulu0,x3_dvth,x3_mulu0,x4_dvth,x4_mulu0,x5_dvth,x5_mulu0,mirror_ratio,reference_error_pct,absolute_error_pct,absolute_current_budget_pass
20261004,statistical,27,3.3,5,1,1,ideal,0,0,0,True,0.000100355819396153,9.999999999999999e-05,1.417338097829187,1.882661902170813,2.199707552747961,0.0008317791078690489,0.7460235354527843,0.743206556022548,0.001046153961375969,1.0,-0.004630799815881151,1.004992445791786,-3.22685370182961e-05,1.0,-0.01581789904111882,1.0,-0.002879252377481701,1.0,0.006311388049938009,1.0,1.0035581939615301,-1.1102230246251565e-14,0.35581939615298985,True
20261005,statistical,27,3.3,5,1,1,ideal,0,0,0,True,0.000100285617856727,9.999999999999999e-05,1.418189351209654,1.881810648790346,2.199765361392733,0.000831428100171679,0.7382312775997756,0.7351160686881173,-0.001194297789983824,1.0,-0.001784744772358926,1.0022882045463,-0.0006500469476094641,1.0,0.007947541031251679,1.0,-0.00379574304225827,1.0,0.01120865266388922,1.0,1.00285617856727,-1.1102230246251565e-14,0.2856178567269829,True
20261006,statistical,27,3.3,5,1,1,ideal,0,0,0,True,0.0001001281947445633,9.999999999999999e-05,1.398810784349244,1.901189215650756,2.199895132430185,0.0008306409846113398,0.7120828015857001,0.7081546789820683,-0.006435223577713423,1.0,0.002975072317145065,0.9981407293771591,0.001737584331337002,1.0,-0.01008804156693812,1.0,-0.002222108584316883,1.0,0.00154027814237954,1.0,1.0012819474456331,-1.1102230246251565e-14,0.1281947445632925,True
20261007,statistical,27,3.3,5,1,1,ideal,0,0,0,True,0.0001013910522975116,9.999999999999999e-05,1.361296730536264,1.938703269463737,2.198859453139697,0.0008369552723762011,0.6734421653145688,0.6738619364336816,-0.005070796019266256,1.0,-0.002106722297619184,1.001959853638134,-0.001860261851944979,1.0,-0.006869724827201704,1.0,-0.001463345003431046,1.0,0.006407553167060417,1.0,1.013910522975116,-1.1102230246251565e-14,1.3910522975115969,True
20261008,statistical,27,3.3,5,1,1,ideal,0,0,0,True,0.0001020303395957568,9.999999999999999e-05,1.380687160435987,1.919312839564013,2.198339777006516,0.0008401517088677871,0.6923260427185641,0.6952418924260305,0.001630443052937254,1.0,-0.00156656300659728,0.9972160312216448,-0.001519412810010384,1.0,-0.004689265679160766,1.0,0.00137799455181936,1.0,0.008610971669988254,1.0,1.020303395957568,-1.1102230246251565e-14,2.0303395957568027,True
20261009,statistical,27,3.3,5,1,1,ideal,0,0,0,True,0.0001016749778122551,9.999999999999999e-05,1.390425207989807,1.909574792010194,2.198628271831465,0.0008383748999495593,0.710845415105382,0.7123971411133332,0.002516881193624792,1.0,0.0001901628950526394,1.001544466019209,-0.001831875323343088,1.0,0.0004618424795895425,1.0,-0.0003010449509885528,1.0,0.00512034833772672,1.0,1.0167497781225512,-1.1102230246251565e-14,1.6749778122550962,True
20261010,statistical,27,3.3,5,1,1,ideal,0,0,0,True,0.0001007102235923475,9.999999999999999e-05,1.45394342793711,1.846056572062891,2.199416291226261,0.0008335511288511001,0.764609455972608,0.7632400439134991,-0.003434901988720441,1.0,0.0007661873314902594,0.9981019634423318,0.001551684370660281,1.0,-0.002381895869768787,1.0,0.0001547187703812026,1.0,0.001520223981219947,1.0,1.007102235923475,-1.1102230246251565e-14,0.710223592347492,True
20261011,statistical,27,3.3,5,1,1,ideal,0,0,0,True,0.0001023724058976362,9.999999999999999e-05,1.426201081218589,1.873798918781411,2.198062965095569,0.0008418620403768244,0.7127960296686494,0.7174056057840382,-0.003008495906670696,1.0,-0.001008770206337383,1.00157618366733,-0.000247971709372516,1.0,0.002332208460633616,1.0,0.004345526956494429,1.0,0.003094441109064082,1.0,1.023724058976362,-1.1102230246251565e-14,2.3724058976361873,True
20261012,statistical,27,3.3,5,1,1,ideal,0,0,0,True,0.000101128623847714,9.999999999999999e-05,1.405759564347338,1.894240435652662,2.199073671883257,0.0008356431301266138,0.7265627636127009,0.7262813584568107,0.001849198446084494,1.0,0.002853962224960144,0.9993557429291188,-0.0008663199237577986,1.0,-0.001086179083581227,1.0,-0.001172391478465543,1.0,0.004801187605043172,1.0,1.0112862384771402,-1.1102230246251565e-14,1.1286238477139943,True
20261013,statistical,27,3.3,5,1,1,ideal,0,0,0,True,0.0001003876731844534,9.999999999999999e-05,1.372814939598208,1.927185060401792,2.199681334733683,0.0008319383768107906,0.6885836616738508,0.6854399589858214,0.004725564764883314,1.0,-0.007320956539742998,1.003277569536022,0.00091846993811557,1.0,0.01128908682442807,1.0,-0.002255012415835342,1.0,0.006508410096259834,1.0,1.003876731844534,-1.1102230246251565e-14,0.3876731844533854,True
20261014,statistical,27,3.3,5,1,1,ideal,0,0,0,True,0.0001019523473130625,9.999999999999999e-05,1.363817439617449,1.936182560382551,2.198403012952624,0.000839761747453836,0.6837348665151255,0.6861375308506091,-0.004486331799007226,1.0,-0.001102203540588043,1.000919085067149,-0.002109782257160615,1.0,-0.001934182414095883,1.0,0.0002739017428135981,1.0,-0.005069604144896884,1.0,1.019523473130625,-1.1102230246251565e-14,1.9523473130624858,True
20261015,statistical,27,3.3,5,1,1,ideal,0,0,0,True,0.0001019039804323398,9.999999999999999e-05,1.403826521222723,1.896173478777277,2.198442251505069,0.0008395199130505819,0.7227333466604842,0.7253099107705697,0.009063794229578386,1.0,-0.01182162378878515,1.000948557896234,-0.001564303754725608,1.0,0.004827094256219122,1.0,0.0009929440537279018,1.0,-0.0004908667633716849,1.0,1.0190398043233981,-1.1102230246251565e-14,1.9039804323397913,True
20261016,statistical,27,3.3,5,1,1,ideal,0,0,0,True,0.0001007673286282119,9.999999999999999e-05,1.39834734938114,1.90165265061886,2.199369450416494,0.0008338366540294633,0.7176703265320897,0.7161153730671308,-0.00307984189768605,1.0,5.692071607380003e-06,1.000140733457034,-0.002733678079308628,1.0,0.002886799807956598,1.0,-0.004315791592332989,1.0,-0.006562060122435335,1.0,1.0076732862821192,-1.1102230246251565e-14,0.7673286282118941,True
20261017,statistical,27,3.3,5,1,1,ideal,0,0,0,True,0.0001000322695578716,9.999999999999999e-05,1.324837501792621,1.975162498207379,2.199974301935762,0.0008301613586780014,0.6572492642663031,0.6525711824644177,-0.01108855128676523,1.0,0.007447732958231475,0.9954897064839192,0.002492615462519175,1.0,0.007592083436296249,1.0,-0.002217702557703365,1.0,-0.001798360093389834,1.0,1.0003226955787161,-1.1102230246251565e-14,0.03226955787158925,True
20261018,statistical,27,3.3,5,1,1,ideal,0,0,0,True,0.0001006191524603962,9.999999999999999e-05,1.412034322482516,1.887965677517484,2.199491044597915,0.0008330957731902649,0.737490172305613,0.7354616051131126,0.00348544704170357,1.0,0.003083455036630999,0.9979915469187551,0.0004602552029913851,1.0,-0.004548899903716264,1.0,-0.001596494698177367,1.0,-0.01420484354471104,1.0,1.006191524603962,-1.1102230246251565e-14,0.6191524603961884,True
20261019,statistical,27,3.3,5,1,1,ideal,0,0,0,True,0.0001008386697226839,9.999999999999999e-05,1.410125308222028,1.889874691777973,2.199310967388132,0.0008341933595020627,0.7124326443678375,0.7111401744874046,-0.004010734274751059,1.0,-0.00300518862273347,1.001805434796835,0.003113652124863445,1.0,0.005629609311127493,1.0,0.001794518559088603,1.0,-0.001865549925359711,1.0,1.0083866972268392,-1.1102230246251565e-14,0.8386697226838935,True
20261020,statistical,27,3.3,5,1,1,ideal,0,0,0,True,0.0001024361336744163,9.999999999999999e-05,1.410424136940451,1.889575863059549,2.198011490278176,0.0008421806792612043,0.7119589722244928,0.7165778306155243,-0.001100926348447443,1.0,-0.001418299766050938,0.9988266766176503,-0.005409356693004348,1.0,-0.0002703769154082336,1.0,-0.0008061381444072617,1.0,0.008278275941870217,1.0,1.024361336744163,-1.1102230246251565e-14,2.4361336744162854,True
20261021,statistical,27,3.3,5,1,1,ideal,0,0,0,True,0.0001002896158201273,9.999999999999999e-05,1.378851709957336,1.921148290042665,2.199762068181626,0.0008314480899889204,0.6943318154355596,0.6909767014038897,0.004881726750796496,1.0,-0.00492291293692445,0.997733224443513,0.0009941121738685724,1.0,-0.01377048736512879,1.0,-0.002391460987493478,1.0,-0.01299762777114847,1.0,1.0028961582012732,-1.1102230246251565e-14,0.28961582012729803,True
20261022,statistical,27,3.3,5,1,1,ideal,0,0,0,True,0.0001020067699490958,9.999999999999999e-05,1.42912629082842,1.87087370917158,2.198358882432862,0.0008400338606338825,0.7506941779468959,0.753810179108767,-0.0088889092869054,1.0,0.005437425460882064,1.000618703054559,-0.004430362055694245,1.0,0.0005226356011174302,1.0,-0.00133296748562335,1.0,0.002517839096615766,1.0,1.020067699490958,-1.1102230246251565e-14,2.006769949095788,True
20261023,statistical,27,3.3,5,1,1,ideal,0,0,0,True,0.0001022856301295895,9.999999999999999e-05,1.427284781180819,1.872715218819181,2.198133104815399,0.0008414281615403069,0.7324618121109951,0.7365487818719374,0.002120721424231187,1.0,-0.0007250052538028559,0.9989273455692151,-0.003387012010436623,1.0,-0.0003025328758155119,1.0,0.0006832801552372849,1.0,0.0001208491184377901,1.0,1.022856301295895,-1.1102230246251565e-14,2.2856301295894887,True
20261024,statistical,27,3.3,5,1,1,ideal,0,0,0,True,0.0001015634681855672,9.999999999999999e-05,1.355495200178104,1.944504799821896,2.198718994222638,0.0008378173518158801,0.6793696297674816,0.6803373646459392,0.0077433581119854,1.0,0.0003962600881577538,0.999054526582617,-0.001085012250947893,1.0,0.001148195906813059,1.0,-0.0001389436193042335,1.0,-0.0111540542211788,1.0,1.015634681855672,-1.1102230246251565e-14,1.563468185567185,True
20261025,statistical,27,3.3,5,1,1,ideal,0,0,0,True,0.0001010975318024378,9.999999999999999e-05,1.408018553407562,1.891981446592438,2.199099086698736,0.000835487669902031,0.7212621714539353,0.720864735301292,0.001256375091456872,1.0,-0.002323988026070022,0.9994877345752395,-0.002813285428593615,1.0,-0.002931560123414295,1.0,-0.00323560030116412,1.0,0.006189136073279295,1.0,1.0109753180243781,-1.1102230246251565e-14,1.09753180243779,True
20261026,statistical,27,3.3,5,1,1,ideal,0,0,0,True,0.0001013317562939199,9.999999999999999e-05,1.44327471031816,1.85672528968184,2.198907810551813,0.0008366587923595615,0.7451741002557167,0.7459987803947025,0.006502384686529239,1.0,0.002013501688084426,0.99995514039475,-0.001554982072374789,1.0,-0.001301377552590512,1.0,-0.0007535635208197191,1.0,0.007607339635300726,1.0,1.013317562939199,-1.1102230246251565e-14,1.3317562939199057,True
20261027,statistical,27,3.3,5,1,1,ideal,0,0,0,True,0.0001006905330252685,9.999999999999999e-05,1.368131447459584,1.931868552540416,2.199432448336091,0.0008334526760157048,0.6857868249086847,0.6838399114000633,-0.004142450684459596,1.0,-0.00522163201309141,1.002946369961927,0.0004128163906484247,1.0,-0.00699754706122172,1.0,-0.001561788687600232,1.0,-0.01113930573673743,1.0,1.0069053302526851,-1.1102230246251565e-14,0.6905330252684916,True
20261028,statistical,27,3.3,5,1,1,ideal,0,0,0,True,0.0001007491258016592,9.999999999999999e-05,1.427294099891987,1.872705900108013,2.199384378706748,0.0008337456398964599,0.7357036112536174,0.7342068296103657,-0.007622224871990744,1.0,-0.00543193647065418,1.00230972649711,-0.0007170809800874994,1.0,-0.003996355992982571,1.0,-0.002241144623464003,1.0,0.00527130428810355,1.0,1.0074912580165922,-1.1102230246251565e-14,0.7491258016592006,True
20261029,statistical,27,3.3,5,1,1,ideal,0,0,0,True,0.000100947612798933,9.999999999999999e-05,1.440406515279788,1.859593484720212,2.199221734440561,0.0008347380748841473,0.7569948885898216,0.7564357939456074,-0.001746936105610983,1.0,-0.001540035365290083,0.998984755743531,-0.001587827447943144,1.0,0.0005558613190989395,1.0,-0.002172839568503865,1.0,0.01058907731776329,1.0,1.00947612798933,-1.1102230246251565e-14,0.9476127989329841,True
20261030,statistical,27,3.3,5,1,1,ideal,0,0,0,True,0.0001016015845043085,9.999999999999999e-05,1.397986439356238,1.902013560643762,2.198687972903449,0.0008380079334107851,0.7078533375786588,0.7092098908302636,0.004953549862792402,1.0,-0.0009191546769496295,0.9970880532976888,-9.690239686628768e-05,1.0,0.004343604464795038,1.0,0.001238251256592779,1.0,-0.004802957731268451,1.0,1.0160158450430852,-1.1102230246251565e-14,1.6015845043084953,True
20261031,statistical,27,3.3,5,1,1,ideal,0,0,0,True,0.0001016396213154137,9.999999999999999e-05,1.406407773737191,1.893592226262809,2.198657027178919,0.0008381981174653524,0.7435763555118359,0.7452439636972037,-0.003178067703643817,1.0,-0.003632967950922213,1.003679927980376,-0.001272476231829733,1.0,0.002403272703090066,1.0,0.0003739887082534363,1.0,0.002961949597172705,1.0,1.016396213154137,-1.1102230246251565e-14,1.6396213154137085,True
20261032,statistical,27,3.3,5,1,1,ideal,0,0,0,True,0.0001010319487364554,9.999999999999999e-05,1.416359826497938,1.883640173502062,2.199152718744426,0.0008351597545709203,0.7271579305698117,0.7267523223440684,-0.004782916628787113,1.0,-0.002532388232396412,1.003553898651162,0.000668804135544618,1.0,-0.01129162737543741,1.0,0.0002378606788763273,1.0,0.001259786454175344,1.0,1.010319487364554,-1.1102230246251565e-14,1.0319487364553792,True
20261033,statistical,27,3.3,5,1,1,ideal,0,0,0,True,0.0001010943913945929,9.999999999999999e-05,1.426882362318626,1.873117637681374,2.199101654094057,0.0008354719678611283,0.7304121910920212,0.7302026329402987,-0.003879342107660664,1.0,-0.002160024143488884,0.9972345920675588,0.0007390735897827958,1.0,-0.009649851384232825,1.0,0.0005046159679540966,1.0,-0.002807669651216705,1.0,1.010943913945929,-1.1102230246251565e-14,1.0943913945928863,True
20261034,statistical,27,3.3,5,1,1,ideal,0,0,0,True,0.0001026694258952289,9.999999999999999e-05,1.41377665372357,1.88622334627643,2.197823309144502,0.000843347140365507,0.7271211509012655,0.7324693952030701,-0.005965150913367186,1.0,0.00813435609523613,0.998067050970515,-0.00199455177394399,1.0,0.007784148415773221,1.0,0.003339661282655027,1.0,-0.01067475744058809,1.0,1.0266942589522892,-1.1102230246251565e-14,2.669425895228894,True
20261035,statistical,27,3.3,5,1,1,ideal,0,0,0,True,0.0001023509481412467,9.999999999999999e-05,1.392607397669421,1.907392602330579,2.19808030392747,0.0008417547515946371,0.704707046878396,0.708686484175136,-0.005552756060036803,1.0,-0.001038114923791501,0.9984668578596928,-0.003896880132545262,1.0,9.02154947563062e-05,1.0,6.632892173389817e-05,1.0,-0.001972260846378049,1.0,1.023509481412467,-1.1102230246251565e-14,2.3509481412467004,True
20261036,statistical,27,3.3,5,1,1,ideal,0,0,0,True,0.0001008145433344722,9.999999999999999e-05,1.394428826029808,1.905571173970193,2.199330741040233,0.0008340727275614838,0.7137793109103452,0.7123688800366448,0.01044833146855861,1.0,0.002396708984022333,0.9973443356305062,0.000923307383223485,1.0,0.002878104236064065,1.0,-0.0005139578641626002,1.0,-0.01316317591425656,1.0,1.008145433344722,-1.1102230246251565e-14,0.8145433344721953,True
20261037,statistical,27,3.3,5,1,1,ideal,0,0,0,True,0.0001003001970120855,9.999999999999999e-05,1.354772088455268,1.945227911544732,2.199753352814195,0.0008315009959502695,0.6790090915318723,0.6753899484407909,0.005856972341050546,1.0,0.001569843668487068,1.000511639745162,0.0008107742366933289,1.0,0.007387544235199689,1.0,-0.002838753062293588,1.0,-0.00174888836456764,1.0,1.0030019701208552,-1.1102230246251565e-14,0.3001970120855013,True
20261038,statistical,27,3.3,5,1,1,ideal,0,0,0,True,0.000100448647606818,9.999999999999999e-05,1.405756007078992,1.894243992921008,2.199631170078769,0.0008322432489230927,0.7212288874440589,0.7185465710864497,0.003675057162120202,1.0,0.004500450040108937,1.001505967643145,-0.001607112186870056,1.0,0.005287291574221057,1.0,-0.004318787491739461,1.0,0.00498651930226003,1.0,1.00448647606818,-1.1102230246251565e-14,0.44864760681799787,True
20261039,statistical,27,3.3,5,1,1,ideal,0,0,0,True,0.0001010911477829914,9.999999999999999e-05,1.408495168510564,1.891504831489436,2.199104305940722,0.0008354557498034803,0.71036170679931,0.7099977625491887,-0.001429319376606613,1.0,-0.001771950870268241,0.9993670252244078,0.002898869346880415,1.0,0.008104692815970763,1.0,0.002510004704363444,1.0,0.003734116068829906,1.0,1.010911477829914,-1.1102230246251565e-14,1.0911477829913974,True
20261040,statistical,27,3.3,5,1,1,ideal,0,0,0,True,0.0001010620106549033,9.999999999999999e-05,1.430850098558025,1.869149901441975,2.199128130869879,0.0008353100641628002,0.7516834255828224,0.7513896497940158,-0.00887907437331041,1.0,-0.001873099569802405,0.999803392887603,0.001085611283033187,1.0,-0.00261574783582696,1.0,0.0007667081781355935,1.0,-0.003398118418409627,1.0,1.010620106549033,-1.1102230246251565e-14,1.0620106549033004,True
20261041,statistical,27,3.3,5,1,1,ideal,0,0,0,True,0.0001015244385410909,9.999999999999999e-05,1.392852937759253,1.907147062240747,2.198750770185452,0.0008376222035939778,0.7082659688473211,0.709331338102846,-0.01043935044413877,1.0,-0.002002180302089024,1.000816671449271,0.0008061076200426236,1.0,0.003403659572845836,1.0,0.001849543837823387,1.0,0.007408688243433817,1.0,1.0152443854109092,-1.1102230246251565e-14,1.5244385410909,True
20261042,statistical,27,3.3,5,1,1,ideal,0,0,0,True,0.0001012759763533068,9.999999999999999e-05,1.329538619787324,1.970461380212676,2.198953324777257,0.0008363798926556568,0.647668713355679,0.6474082394706928,-0.002042818359472877,1.0,-0.001744665489062686,1.000684405829393,0.002627698867377016,1.0,0.008003256805195058,1.0,0.00234357700058247,1.0,0.002035181982980385,1.0,1.012759763533068,-1.1102230246251565e-14,1.275976353306807,True
20261043,statistical,27,3.3,5,1,1,ideal,0,0,0,True,0.000103156994642969,9.999999999999999e-05,1.424906724893131,1.875093275106869,2.197431311746877,0.0008457849841032488,0.7280801904965104,0.735252186621242,0.007934634425914891,1.0,-0.001571815156292589,1.000540604271965,-0.003176777184047844,1.0,-0.00886504787865245,1.0,0.003984555869238219,1.0,0.001798663252523102,1.0,1.0315699464296901,-1.1102230246251565e-14,3.156994642968991,True
20261044,statistical,27,3.3,5,1,1,ideal,0,0,0,True,0.0001003220430980213,9.999999999999999e-05,1.366502581943362,1.933497418056638,2.199735361669067,0.0008316102263789898,0.6969726457069759,0.6936580957460897,0.004795083646888542,1.0,-0.00610278044322657,0.9988416866982672,0.001874691656583594,1.0,-0.004563208864071647,1.0,-0.00147009671013704,1.0,0.002571467293662391,1.0,1.003220430980213,-1.1102230246251565e-14,0.3220430980213074,True
20261045,statistical,27,3.3,5,1,1,ideal,0,0,0,True,0.0001018968763300555,9.999999999999999e-05,1.363792454590946,1.936207545409054,2.198448016315161,0.0008394843925383217,0.6748338194230553,0.6771360591571502,-0.01245189700731756,1.0,-0.0009921748009116063,1.002281500507996,-0.002924758703001136,1.0,0.006071569581642049,1.0,-0.0006418819702210702,1.0,-3.185082052062717e-05,1.0,1.018968763300555,-1.1102230246251565e-14,1.896876330055508,True
20261046,statistical,27,3.3,5,1,1,ideal,0,0,0,True,0.0001013651564020214,9.999999999999999e-05,1.424317005429281,1.87568299457072,2.198880568640751,0.0008368257928986305,0.7342567773658772,0.7351346121030988,7.017244589059329e-05,1.0,0.005222374329307298,0.9974565976931827,0.0005670684502067122,1.0,-0.004643911718952071,1.0,0.001421868615834087,1.0,-0.002965880595361838,1.0,1.013651564020214,-1.1102230246251565e-14,1.3651564020213947,True
20261047,statistical,27,3.3,5,1,1,ideal,0,0,0,True,0.0001016797357009692,9.999999999999999e-05,1.352661155045121,1.94733884495488,2.198624402969301,0.0008383986893933697,0.6798248200576018,0.6812088557986108,0.00257434988353204,1.0,0.001357505977799547,1.000340728467772,-7.335817222961067e-05,1.0,-0.0004841476255252532,1.0,0.001289812636909984,1.0,0.002663986093242011,1.0,1.016797357009692,-1.1102230246251565e-14,1.6797357009691982,True
20261048,statistical,27,3.3,5,1,1,ideal,0,0,0,True,0.0001007004645825162,9.999999999999999e-05,1.420436628013704,1.879563371986296,2.19942429861841,0.0008335023338031421,0.7387382085080757,0.7371420021433382,-0.002194581574531761,1.0,-0.001199812160738546,0.9992012815500784,0.001567980773622745,1.0,-0.01224736896837816,1.0,-5.584844706279448e-05,1.0,0.003400806604047942,1.0,1.007004645825162,-1.1102230246251565e-14,0.7004645825162026,True
20261049,statistical,27,3.3,5,1,1,ideal,0,0,0,True,0.0001007999622713952,9.999999999999999e-05,1.383838404743454,1.916161595256546,2.199342693630979,0.0008339998222457394,0.6985299106187857,0.6969318759269169,0.008410015109678936,1.0,-0.004128366611283938,0.997453403119376,0.000393989723721125,1.0,0.0006509911564609734,1.0,-0.001230979609727978,1.0,0.003096794913141434,1.0,1.007999622713952,-1.1102230246251565e-14,0.7999622713951826,True
20261050,statistical,27,3.3,5,1,1,ideal,0,0,0,True,0.0001016191971796089,9.999999999999999e-05,1.419568306646317,1.880431693353683,2.198673642353959,0.0008380959967862083,0.7473719407883889,0.7489220593932295,-0.002694615168784034,1.0,-0.003579770703907908,0.9994924459147644,-0.0007831510674244286,1.0,-0.0121163258343466,1.0,0.0007456854262277047,1.0,0.002422929510150776,1.0,1.016191971796089,-1.1102230246251565e-14,1.6191971796089,True
20261051,statistical,27,3.3,5,1,1,ideal,0,0,0,True,0.0001010774589134868,9.999999999999999e-05,1.414827060418657,1.885172939581344,2.199115498291126,0.0008353873054567964,0.7115931191547762,0.7113226800485725,-0.002399978487646506,1.0,0.006832950747572716,0.9962771366062004,-0.0004285325799452321,1.0,-0.007304740002657028,1.0,-0.0007239883133665128,1.0,-0.002525831932025942,1.0,1.010774589134868,-1.1102230246251565e-14,1.077458913486784,True
20261052,statistical,27,3.3,5,1,1,ideal,0,0,0,True,0.0001005954218782214,9.999999999999999e-05,1.377933401942,1.922066598058,2.199510533664793,0.0008329771202795105,0.7046214064340833,0.7023864337285588,-0.008297939497934262,1.0,0.003363582093871577,0.9969497014612971,-0.001935367260822308,1.0,0.01584620674408358,1.0,-0.004198690257844999,1.0,-7.18534367951478e-05,1.0,1.0059542187822141,-1.1102230246251565e-14,0.5954218782213916,True
20261053,statistical,27,3.3,5,1,1,ideal,0,0,0,True,0.0001013299468520969,9.999999999999999e-05,1.385499782651089,1.914500217348912,2.198909286615657,0.0008366497451490078,0.7054649128163271,0.7058803415062238,-0.01087519894579537,1.0,-0.001457387020296831,1.000425855226676,-0.001061429840292848,1.0,0.0003234754152698935,1.0,-0.0006692787323645795,1.0,-0.0001349742016039366,1.0,1.013299468520969,-1.1102230246251565e-14,1.329946852096886,True
20261054,statistical,27,3.3,5,1,1,ideal,0,0,0,True,0.0001014060152215492,9.999999999999999e-05,1.37375549072238,1.92624450927762,2.198847254685915,0.0008370300869962692,0.6813411812530911,0.681947943760836,-0.0005762195755263367,1.0,0.004342540885269097,0.9992999450249632,-0.0001968225221196891,1.0,0.00331289089255351,1.0,0.0003871887855962585,1.0,0.01007809518012152,1.0,1.0140601522154922,-1.1102230246251565e-14,1.406015221549195,True
20261055,statistical,27,3.3,5,1,1,ideal,0,0,0,True,0.0001011515689302946,9.999999999999999e-05,1.36441900914381,1.93558099085619,2.199054921145545,0.0008357578555401161,0.6877762807185324,0.6874117891196617,0.0005135884092586631,1.0,0.004522931605192786,1.000796658513802,-0.0003888581855915082,1.0,-0.000986853042030923,1.0,-0.0007778587584100844,1.0,0.00366991382014221,1.0,1.011515689302946,-1.1102230246251565e-14,1.1515689302945775,True
20261056,statistical,27,3.3,5,1,1,ideal,0,0,0,True,0.0001015922676230864,9.999999999999999e-05,1.407384358985116,1.892615641014885,2.198695554524798,0.0008379613490045549,0.723287943912678,0.7247383909120078,0.004800853007258838,1.0,-0.002024929029093416,1.000100370582155,-0.00431541017459938,1.0,0.01307220421465815,1.0,-0.002886430262936964,1.0,0.01172176121548935,1.0,1.015922676230864,-1.1102230246251565e-14,1.5922676230863964,True
20261057,statistical,27,3.3,5,1,1,ideal,0,0,0,True,0.000101841247865412,9.999999999999999e-05,1.382710474027703,1.917289525972297,2.198493170535351,0.0008392062502149839,0.6946047325848502,0.6968746291419667,0.001746515713255646,1.0,0.001089244313723656,1.001432881704373,-0.003890588842957658,1.0,0.004094718793427108,1.0,-0.001640439179775845,1.0,-0.001395776516424607,1.0,1.01841247865412,-1.1102230246251565e-14,1.841247865411999,True
20261058,statistical,27,3.3,5,1,1,ideal,0,0,0,True,0.0001012850670382583,9.999999999999999e-05,1.325418004319054,1.974581995680946,2.198945905533103,0.0008364253460793353,0.6512318591763285,0.651020481112898,0.009014527291820456,1.0,-0.007161578039821296,1.00099018206163,0.002103263416635956,1.0,0.003304101498157378,1.0,0.001868296398082459,1.0,-0.001731474771133792,1.0,1.012850670382583,-1.1102230246251565e-14,1.285067038258303,True
20261059,statistical,27,3.3,5,1,1,ideal,0,0,0,True,9.941729307963235e-05,9.999999999999999e-05,1.445713344916727,1.854286655083273,2.200483558695286,0.0008270864762881236,0.7559102085396463,0.7496214920018894,0.001430520234925531,1.0,0.007280173343803938,1.002222460220744,0.005876955315355336,1.0,-0.005777314750150022,1.0,-0.0004482345081283778,1.0,0.002492322311208184,1.0,0.9941729307963236,-1.1102230246251565e-14,-0.5827069203676483,True
20261060,statistical,27,3.3,5,1,1,ideal,0,0,0,True,0.0001010343953261773,9.999999999999999e-05,1.419214043733467,1.880785956266534,2.199150717403117,0.0008351719875196498,0.7385023063600876,0.7380626093881284,0.005086763907939211,1.0,0.005132782294168824,1.000698977006558,0.0007551126261087855,1.0,-0.004464167374987699,1.0,0.0002900976479667074,1.0,-0.004517265632894826,1.0,1.010343953261773,-1.1102230246251565e-14,1.0343953261773065,True
20261061,statistical,27,3.3,5,1,1,ideal,0,0,0,True,0.0001015230191650075,9.999999999999999e-05,1.412460208945075,1.887539791054925,2.198751925985728,0.00083761510671464,0.7213551465343466,0.7226924858617509,0.001311023456968973,1.0,-0.004165467357336535,1.001819965494452,-0.002077960127265963,1.0,0.009747897823331549,1.0,-0.0007625645790547489,1.0,0.006887093793323919,1.0,1.015230191650075,-1.1102230246251565e-14,1.5230191650074998,True
20261062,statistical,27,3.3,5,1,1,ideal,0,0,0,True,0.0001011224464226891,9.999999999999999e-05,1.39482473304828,1.90517526695172,2.199078720761764,0.0008356122430028081,0.7215445899707481,0.7211723664142597,0.01440248800728718,1.0,0.00184333773052786,0.9983947480110946,-0.000794560582763026,1.0,0.01332187136276698,1.0,-0.001191494920606912,1.0,-0.00854088000202488,1.0,1.011224464226891,-1.1102230246251565e-14,1.122446422689083,True
20261063,statistical,27,3.3,5,1,1,ideal,0,0,0,True,0.0001013133102068266,9.999999999999999e-05,1.398427798567851,1.901572201432149,2.198922859226015,0.0008365665619228962,0.7165625874769969,0.7170423176028922,0.00966236925573151,1.0,-0.003490562784645816,1.000382995950739,-8.006946714615375e-05,1.0,-0.003964669724236552,1.0,0.0003762674389528662,1.0,-0.008261003540287847,1.0,1.0131331020682661,-1.1102230246251565e-14,1.31331020682659,True
20261064,statistical,27,3.3,5,1,1,ideal,0,0,0,True,0.0001010826790875398,9.999999999999999e-05,1.368315113063324,1.931684886936677,2.199111229982854,0.0008354134063258628,0.6962542576417662,0.6956916371639076,0.004785134344181353,1.0,-0.0002394692297771142,0.999745786670754,0.0006666887567989512,1.0,0.007063670256225686,1.0,7.908175849692916e-05,1.0,-0.006745304531085496,1.0,1.010826790875398,-1.1102230246251565e-14,1.0826790875398062,True
20261065,statistical,27,3.3,5,1,1,ideal,0,0,0,True,9.978653730290068e-05,9.999999999999999e-05,1.386430554666721,1.913569445333279,2.200177436883294,0.0008289326974027871,0.711292853040416,0.7060322821174863,-0.004734089760766769,1.0,0.007579875638668074,0.9994798935257896,0.001980925710312392,1.0,-0.008500267391905144,1.0,-0.003313573793246552,1.0,0.01393888675400876,1.0,0.9978653730290069,-1.1102230246251565e-14,-0.2134626970993203,True
20261066,statistical,27,3.3,5,1,1,ideal,0,0,0,True,0.0001006434797579948,9.999999999999999e-05,1.354345621800932,1.945654378199068,2.199471069950505,0.0008332174096780181,0.6750977705641117,0.6727439774918617,-0.005570608066089965,1.0,-0.008414767721915874,0.9995333883382648,0.003871146252527361,1.0,-0.002221745742412989,1.0,0.001489338273098766,1.0,0.00649941170217882,1.0,1.0064347975799481,-1.1102230246251565e-14,0.6434797579947915,True
20261067,statistical,27,3.3,5,1,1,ideal,0,0,0,True,9.98546372598276e-05,9.999999999999999e-05,1.355395046711974,1.944604953288026,2.200121094914273,0.0008292731971877812,0.671809216613847,0.6666014452571878,-0.003191282983608394,1.0,0.002664594290812305,0.9995227726228888,0.001400202975002873,1.0,0.002743894660987321,1.0,-0.003841027238616741,1.0,0.00338719183056666,1.0,0.998546372598276,-1.1102230246251565e-14,-0.14536274017240558,True
20261068,statistical,27,3.3,5,1,1,ideal,0,0,0,True,0.0001011964458992977,9.999999999999999e-05,1.421599778017084,1.878400221982916,2.199018259194307,0.0008359822403853716,0.7360603565439339,0.7362429928121945,-0.003435984482723783,1.0,0.001837856946424206,1.003678062652795,0.0001723453082111879,1.0,-0.01270361411059932,1.0,0.0003307844193862146,1.0,-0.01451918809009469,1.0,1.011964458992977,-1.1102230246251565e-14,1.1964458992976823,True
20261069,statistical,27,3.3,5,1,1,ideal,0,0,0,True,0.0001030419691090002,9.999999999999999e-05,1.36582859401923,1.93417140598077,2.197523633573386,0.0008452098564344836,0.67676744256984,0.68317394403498,-0.002155724906793477,1.0,-0.002274988489760248,0.998603139391658,-0.001692364965405622,1.0,-0.003071044162065556,1.0,0.004702677348170954,1.0,0.005372351866815937,1.0,1.030419691090002,-1.1102230246251565e-14,3.041969109000209,True
20261070,statistical,27,3.3,5,1,1,ideal,0,0,0,True,0.0001019445001436949,9.999999999999999e-05,1.338381049846689,1.961618950153311,2.19840937793085,0.0008397225116066381,0.6638267804653096,0.6660292094655816,0.004625281362983914,1.0,-0.003611178110781094,0.999712656073401,-0.001335775893044269,1.0,-0.002663137707456882,1.0,0.0008476164995602352,1.0,-0.002107658106629622,1.0,1.0194450014369492,-1.1102230246251565e-14,1.9445001436948939,True
20261071,statistical,27,3.3,5,1,1,ideal,0,0,0,True,9.916058018717769e-05,9.999999999999999e-05,1.388450940266764,1.911549059733237,2.200697016738451,0.0008258029118245317,0.7139477896330058,0.7065417639670397,0.005467009423114468,1.0,-0.01111540774434145,1.002183596204691,0.004796201359398947,1.0,-0.00737140887578961,1.0,-0.002648077630572817,1.0,0.0119646345569758,1.0,0.9916058018717769,-1.1102230246251565e-14,-0.8394198128223174,True
20261072,statistical,27,3.3,5,1,1,ideal,0,0,0,True,0.0001005784147251489,9.999999999999999e-05,1.3261235893741,1.9738764106259,2.199524503679253,0.0008328920845141479,0.6772161197806176,0.6745581186133996,0.009829072883381102,1.0,-0.006793965607793005,0.9986526120688096,-0.0001254379343939358,1.0,0.002685309893044355,1.0,-0.00281191089278808,1.0,-0.006066436591169344,1.0,1.005784147251489,-1.1102230246251565e-14,0.5784147251489014,True
20261073,statistical,27,3.3,5,1,1,ideal,0,0,0,True,0.0001010023947124274,9.999999999999999e-05,1.416421630134273,1.883578369865727,2.199176897904936,0.0008350119844504206,0.7205793225620946,0.7199758303005453,-0.0008576025814518058,1.0,-0.005612266065082394,1.001702724696,0.001054901204396762,1.0,-0.01033450880999788,1.0,0.0004258734359370575,1.0,0.003520615456157384,1.0,1.010023947124274,-1.1102230246251565e-14,1.002394712427379,True
20261074,statistical,27,3.3,5,1,1,ideal,0,0,0,True,0.0001017663660480962,9.999999999999999e-05,1.405907592767692,1.894092407232308,2.198553989470104,0.000838831841128645,0.7209567959390144,0.7230767209301509,-0.00120519586728448,1.0,-0.005584767162869735,1.005286966105911,-0.0005957800499408975,1.0,-0.003346269581832415,1.0,0.00150387917111418,1.0,0.004447194809013334,1.0,1.0176636604809621,-1.1102230246251565e-14,1.7663660480961907,True
20261075,statistical,27,3.3,5,1,1,ideal,0,0,0,True,0.0001014903109124034,9.999999999999999e-05,1.358328381629696,1.941671618370305,2.198778564572334,0.0008374515654503006,0.6888674584475961,0.6895657014726659,0.002717553143381241,1.0,0.002411598929955203,0.9994146837159416,-0.0008968059257936478,1.0,0.006868438504080085,1.0,-0.0002207345342201132,1.0,-0.006087009013665295,1.0,1.0149031091240341,-1.1102230246251565e-14,1.490310912403392,True
20261076,statistical,27,3.3,5,1,1,ideal,0,0,0,True,0.0001025128164762669,9.999999999999999e-05,1.369732544435987,1.930267455564014,2.19794959110923,0.0008425640932697381,0.6933876889849436,0.6976946796629913,-0.00146784843455445,1.0,-0.0007234956352886004,1.001243536655876,-0.001653993060111088,1.0,-0.003577383734258478,1.0,0.002637885976295077,1.0,0.0006674592673090701,1.0,1.025128164762669,-1.1102230246251565e-14,2.512816476266888,True
20261077,statistical,27,3.3,5,1,1,ideal,0,0,0,True,0.0001009453196965494,9.999999999999999e-05,1.423312983650293,1.876687016349707,2.199223611739991,0.0008347266093727092,0.7384582502190704,0.7376722931481855,0.005833530398902729,1.0,0.002889690871781293,0.9996819222952376,0.0002194935895003401,1.0,0.01459277365071375,1.0,-0.0005923949524606068,1.0,-0.004391325722356159,1.0,1.009453196965494,-1.1102230246251565e-14,0.9453196965494071,True
20261078,statistical,27,3.3,5,1,1,ideal,0,0,0,True,0.000101450182735693,9.999999999999999e-05,1.39355288843204,1.90644711156796,2.198811257178387,0.000837250924567348,0.7066597159696331,0.7075600887928349,0.003628278753154764,1.0,-0.005907197774715434,1.004895466118854,3.475147442713445e-05,1.0,-0.002794355638573157,1.0,0.0009126781026294776,1.0,-0.01017497931437655,1.0,1.0145018273569302,-1.1102230246251565e-14,1.4501827356929953,True
20261079,statistical,27,3.3,5,1,1,ideal,0,0,0,True,0.0001015143456338698,9.999999999999999e-05,1.393341787876754,1.906658212123246,2.198758989185933,0.0008375717390576326,0.7240070229354939,0.725025465164189,0.003961540466616759,1.0,0.001663813508095478,1.001070014479111,0.0008783578416498905,1.0,-0.001217609543360005,1.0,0.00187479328999089,1.0,-0.01119507267419297,1.0,1.015143456338698,-1.1102230246251565e-14,1.5143456338697847,True
20261080,statistical,27,3.3,5,1,1,ideal,0,0,0,True,0.0001024273407184174,9.999999999999999e-05,1.350160654354218,1.949839345645782,2.198018590822959,0.0008421367144802511,0.6757977380359415,0.6798301587977581,0.01786471349988777,1.0,-0.007521078791956857,0.9970994368572916,-0.002465556678056252,1.0,-0.002689342340807088,1.0,0.001551159508996071,1.0,-0.005166576111021831,1.0,1.0242734071841741,-1.1102230246251565e-14,2.4273407184173923,True
20261081,statistical,27,3.3,5,1,1,ideal,0,0,0,True,0.0001028446371440807,9.999999999999999e-05,1.352229014120988,1.947770985879013,2.197682241559529,0.0008442231966092865,0.6595959998673053,0.6650791260451756,-0.004119971945662233,1.0,-0.0002907658583832546,1.001669209831465,-0.002158137011683909,1.0,0.00441280059107649,1.0,0.003312170134599813,1.0,-0.002853268496651934,1.0,1.0284463714408072,-1.1102230246251565e-14,2.8446371440806972,True
20261082,statistical,27,3.3,5,1,1,ideal,0,0,0,True,0.0001011392184713635,9.999999999999999e-05,1.389011217065351,1.91098878293465,2.199065013453029,0.0008356961032457004,0.7048553123655112,0.7044807137813126,0.003035602730025987,1.0,-0.002552646535992572,0.9970380119178596,0.001822761009796308,1.0,-0.00170184556711635,1.0,0.001423570989887615,1.0,0.004555983663351082,1.0,1.0113921847136351,-1.1102230246251565e-14,1.13921847136349,True
20261083,statistical,27,3.3,5,1,1,ideal,0,0,0,True,0.0001008959049837656,9.999999999999999e-05,1.401966951652746,1.898033048347254,2.199264075928354,0.0008344795358069917,0.7248011606465042,0.7237883761614463,0.003348268392657699,1.0,-0.009402295200650624,1.003320339495709,0.00252897360191435,1.0,-0.001682571186290607,1.0,0.001489913327881608,1.0,-0.0102132629247133,1.0,1.008959049837656,-1.1102230246251565e-14,0.8959049837655941,True
20261084,statistical,27,3.3,5,1,1,ideal,0,0,0,True,0.0001020824615092976,9.999999999999999e-05,1.368944974013922,1.931055025986078,2.1982975419696,0.0008404123184351314,0.6763269771167569,0.6793603706831248,0.0006238477018633439,1.0,0.001937355209300785,0.9980867962001078,-0.002653418809961579,1.0,-0.01059204614846574,1.0,0.0003618937261503253,1.0,-0.003625639752108925,1.0,1.020824615092976,-1.1102230246251565e-14,2.082461509297606,True
20261085,statistical,27,3.3,5,1,1,ideal,0,0,0,True,0.0001007460027174502,9.999999999999999e-05,1.402516840130071,1.897483159869929,2.19938694022879,0.0008337300244752948,0.7270694064261666,0.7255738599610018,0.006695557943593083,1.0,0.000264415981892124,1.002768012562219,0.00133563750239311,1.0,-0.0005172674168744385,1.0,-0.0001872208052854657,1.0,0.004144943298771225,1.0,1.007460027174502,-1.1102230246251565e-14,0.7460027174501782,True
20261086,statistical,27,3.3,5,1,1,ideal,0,0,0,True,0.0001021022222574998,9.999999999999999e-05,1.408938701894982,1.891061298105018,2.198281534878328,0.0008405111221755429,0.7136971584574172,0.7170458170154795,0.0008232759929718912,1.0,0.00262090447831577,1.000544087513798,0.001321603389828679,1.0,-0.0002790399023988011,1.0,0.004652318616902369,1.0,0.01003014543073113,1.0,1.021022222574998,-1.1102230246251565e-14,2.1022222574998084,True
20261087,statistical,27,3.3,5,1,1,ideal,0,0,0,True,0.000100985608248937,9.999999999999999e-05,1.349592163308775,1.950407836691225,2.199190634444519,0.0008349280521328489,0.6832363496111232,0.6821175471570199,-0.003954801278956355,1.0,-0.001576566111128512,0.9999676154256639,-0.0018751176999553,1.0,0.00412710751809272,1.0,-0.00301957619339914,1.0,0.002746074478082098,1.0,1.00985608248937,-1.1102230246251565e-14,0.9856082489369866,True
20261088,statistical,27,3.3,5,1,1,ideal,0,0,0,True,0.0001012926237076108,9.999999999999999e-05,1.383048400142104,1.916951599857897,2.198939738731545,0.0008364631294266972,0.6898407535022586,0.6900069487629454,-0.003914203035179314,1.0,0.001130294041456709,0.9973548854511216,0.003692082861550943,1.0,-0.01589416379094775,1.0,0.003834748051804183,1.0,-0.0147613914691735,1.0,1.012926237076108,-1.1102230246251565e-14,1.2926237076108071,True
20261089,statistical,27,3.3,5,1,1,ideal,0,0,0,True,0.0001034014063119705,9.999999999999999e-05,1.417687419462735,1.882312580537265,2.197235462011918,0.0008470070424482562,0.7222698063346504,0.7303113877941165,0.008023676783215418,1.0,0.00067058061323513,1.001814813580412,-0.005756232991176956,1.0,-0.005750787155196374,1.0,0.002276370780150027,1.0,0.00671939228354958,1.0,1.034014063119705,-1.1102230246251565e-14,3.4014063119705007,True
20261090,statistical,27,3.3,5,1,1,ideal,0,0,0,True,0.0001006395806397754,9.999999999999999e-05,1.344808805490713,1.955191194509287,2.19947427113171,0.0008331979140877603,0.6703348398226215,0.6680087517901574,-0.009275437441990749,1.0,0.005890479210415312,1.001653346418656,-2.580847649088906e-05,1.0,0.002928253749083367,1.0,-0.002379942183853374,1.0,-0.01139568963444406,1.0,1.006395806397754,-1.1102230246251565e-14,0.6395806397754056,True
20261091,statistical,27,3.3,5,1,1,ideal,0,0,0,True,9.970958364494812e-05,9.999999999999999e-05,1.38976679727065,1.91023320272935,2.20024114738817,0.0008285479291130244,0.7108342022600632,0.7054833975909651,0.006086956301714882,1.0,0.009277246402333093,1.001069084891016,0.002502945909853062,1.0,-0.00796619027728315,1.0,-0.002882322913153179,1.0,0.008485367941076875,1.0,0.9970958364494813,-1.1102230246251565e-14,-0.29041635505189234,True
20261092,statistical,27,3.3,5,1,1,ideal,0,0,0,True,0.0001016705072488867,9.999999999999999e-05,1.430235632145375,1.869764367854625,2.198631907210734,0.0008383525471327175,0.7446596005224901,0.7464789707119204,0.004946935590352842,1.0,-0.0005020319178487997,0.99979815265629,0.0008806260380177477,1.0,0.008537377990624541,1.0,0.002679069737354941,1.0,0.008056632877139903,1.0,1.016705072488867,-1.1102230246251565e-14,1.670507248886688,True
20261093,statistical,27,3.3,5,1,1,ideal,0,0,0,True,0.0001011992439563549,9.999999999999999e-05,1.39651626834452,1.90348373165548,2.1990159738451,0.0008359962306696984,0.7128094881355972,0.7128611439854098,-0.003845249896181057,1.0,-0.002059721576412299,1.002148305257704,-0.00143862125907668,1.0,-0.0008727196293407985,1.0,-0.001411147250269377,1.0,0.00173539486269195,1.0,1.0119924395635491,-1.1102230246251565e-14,1.1992439563548896,True
20261094,statistical,27,3.3,5,1,1,ideal,0,0,0,True,0.0001022944697611052,9.999999999999999e-05,1.353656688516727,1.946343311483273,2.198125957303553,0.0008414723596947686,0.6812224037725659,0.6846590576476026,0.01357747455263746,1.0,-0.003908612359552221,0.9972366683338035,0.001145902438533426,1.0,0.003052288843674875,1.0,0.004565936981614708,1.0,0.006875989738422878,1.0,1.0229446976110521,-1.1102230246251565e-14,2.294469761105189,True
20261095,statistical,27,3.3,5,1,1,ideal,0,0,0,True,0.000100261521455657,9.999999999999999e-05,1.384634519604473,1.915365480395528,2.199785212744551,0.0008313076181664487,0.6999431489640731,0.6966000081285944,0.006381417325970635,1.0,0.003431308052569705,1.003522451073316,0.001245099820840768,1.0,5.67956318628788e-05,1.0,-0.002128695313391726,1.0,0.01472916853879937,1.0,1.00261521455657,-1.1102230246251565e-14,0.2615214556569878,True
20261096,statistical,27,3.3,5,1,1,ideal,0,0,0,True,0.0001013285832593737,9.999999999999999e-05,1.416935567276116,1.883064432723885,2.198910398991551,0.000836642927185272,0.7179166718513516,0.7185683731735297,-0.0007472713464011693,1.0,0.003395197231019923,1.000357931997637,-0.0005978426288690573,1.0,0.01197478938282017,1.0,3.057612997158333e-05,1.0,0.001647021714671911,1.0,1.013285832593737,-1.1102230246251565e-14,1.3285832593737057,True
20261097,statistical,27,3.3,5,1,1,ideal,0,0,0,True,9.971934889901127e-05,9.999999999999999e-05,1.414722633933479,1.885277366066521,2.200233060102906,0.0008285967553841792,0.7258769150891073,0.7205468306779134,-0.001176096652868307,1.0,-0.003433704575497578,1.000089958456021,0.002936989554961003,1.0,0.003390361772277921,1.0,-0.002427485037850943,1.0,-0.001815937733402315,1.0,0.9971934889901128,-1.1102230246251565e-14,-0.280651100988738,True
20261098,statistical,27,3.3,5,1,1,ideal,0,0,0,True,0.0001018324085168699,9.999999999999999e-05,1.371518873713431,1.92848112628657,2.198500347660198,0.0008391620534725136,0.6791554249255005,0.6811817413523521,-0.003491280245445698,1.0,0.002431767174993251,1.001296562927752,-0.003219854898665688,1.0,-0.003768427483768409,1.0,-0.001213343946855329,1.0,-0.005999344126832555,1.0,1.0183240851686992,-1.1102230246251565e-14,1.832408516869899,True
20261099,statistical,27,3.3,5,1,1,ideal,0,0,0,True,0.000100275143621097,9.999999999999999e-05,1.405839075031134,1.894160924968866,2.199773989837707,0.0008313757289937689,0.7207793307255285,0.7175400418227881,-0.002043065645736386,1.0,0.003050872954311813,0.9952840582433128,0.001989477220955757,1.0,0.004232194934166494,1.0,-0.001280370521837662,1.0,-0.001772944392496214,1.0,1.0027514362109702,-1.1102230246251565e-14,0.27514362109699597,True
20261100,statistical,27,3.3,5,1,1,ideal,0,0,0,True,0.0001009653794912281,9.999999999999999e-05,1.356758878679489,1.943241121320511,2.19920719069834,0.0008348269083451436,0.679639584990492,0.6786241996853022,-5.557761693990561e-05,1.0,0.001283966642861571,1.000529451205789,0.0008163225600549635,1.0,0.002436470820690568,1.0,-0.0002248592364079071,1.0,0.004793989771256012,1.0,1.009653794912281,-1.1102230246251565e-14,0.96537949122808,True
20261101,statistical,27,3.3,5,1,1,ideal,0,0,0,True,9.979010085439902e-05,9.999999999999999e-05,1.363754010642984,1.936245989357016,2.200174487711051,0.0008289505151606385,0.699897442465284,0.6947033015547466,-0.002966350785755991,1.0,8.858581503005742e-05,1.001592450959081,0.004277551282543513,1.0,-0.006803363676222198,1.0,-0.0009505012693409302,1.0,-0.003569405761947351,1.0,0.9979010085439902,-1.1102230246251565e-14,-0.2098991456009891,True
20261102,statistical,27,3.3,5,1,1,ideal,0,0,0,True,0.0001008412402269733,9.999999999999999e-05,1.347675568175038,1.952324431824963,2.199308860900452,0.0008342062120237496,0.6780017268466055,0.6763905516326938,0.00167182995593749,1.0,-0.003580433718126122,1.001226938288152,0.001374853743214726,1.0,-0.002858103384581449,1.0,-0.0002629759254087168,1.0,0.0009193963926058875,1.0,1.0084124022697332,-1.1102230246251565e-14,0.8412402269732944,True
20261103,statistical,27,3.3,5,1,1,ideal,0,0,0,True,0.0001012762634320409,9.999999999999999e-05,1.356758570739531,1.943241429260469,2.198953090472142,0.0008363813280493274,0.6795306377001472,0.6794259273005219,0.004203158215054913,1.0,0.007080869601264783,0.9980984479199556,-0.0009204349316179088,1.0,0.0001707266812785553,1.0,-0.001048791911769494,1.0,-0.0119831208166705,1.0,1.012762634320409,-1.1102230246251565e-14,1.2762634320408806,True
20261104,statistical,27,3.3,5,1,1,ideal,0,0,0,True,0.0001008100156157922,9.999999999999999e-05,1.360003971118528,1.939996028881472,2.199334452390654,0.0008340500889676044,0.685972390699052,0.6842610250066264,0.0128532485263174,1.0,0.0008335074008170005,0.9961699043583195,0.0008203364039476461,1.0,0.0005338358243823174,1.0,-0.0009178953272513761,1.0,0.01419092572129105,1.0,1.008100156157922,-1.1102230246251565e-14,0.8100156157921923,True
20261105,statistical,27,3.3,5,1,1,ideal,0,0,0,True,0.0001025819086169689,9.999999999999999e-05,1.333672467107883,1.966327532892117,2.197893856388226,0.0008429095539728888,0.6423054466081924,0.6466937636556968,-0.004849034150142588,1.0,-0.008532532949701495,1.002133169113787,-0.001937278386401342,1.0,-0.009563568003709621,1.0,0.002436405746298285,1.0,0.004568742811631794,1.0,1.025819086169689,-1.1102230246251565e-14,2.5819086169688976,True
20261106,statistical,27,3.3,5,1,1,ideal,0,0,0,True,0.0001009213900997742,9.999999999999999e-05,1.356589784438703,1.943410215561297,2.199243204627666,0.0008346069613875144,0.678875862006843,0.6774165154996035,0.004602508785616294,1.0,-0.007208089028605953,0.999958093775113,0.0009289550260210292,1.0,0.004046947478746823,1.0,-0.0005564852790085897,1.0,0.005702036905296793,1.0,1.009213900997742,-1.1102230246251565e-14,0.9213900997741886,True
20261107,statistical,27,3.3,5,1,1,ideal,0,0,0,True,0.0001000017366099505,9.999999999999999e-05,1.315874322069661,1.984125677930339,2.199999516521231,0.0008300086939381562,0.6332010294415009,0.6282017403821034,0.002140567030144844,1.0,-0.007277617135565555,1.003044375470246,0.002873410826513794,1.0,-0.005232249167735698,1.0,-0.002158320957948569,1.0,0.003335680196289227,1.0,1.000017366099505,-1.1102230246251565e-14,0.0017366099505089494,True
20261108,statistical,27,3.3,5,1,1,ideal,0,0,0,True,0.0001019331685855142,9.999999999999999e-05,1.414306138378396,1.885693861621605,2.198418569969937,0.0008396658538195707,0.723321547671917,0.7260629891903404,0.001005841892269773,1.0,-0.006074428140277786,0.9970238113723914,0.0008085671418446509,1.0,-0.004798732510219441,1.0,0.003530897279168057,1.0,-0.005199225824114013,1.0,1.0193316858551422,-1.1102230246251565e-14,1.9331685855142,True
20261109,statistical,27,3.3,5,1,1,ideal,0,0,0,True,0.0001020952839022939,9.999999999999999e-05,1.365460378713466,1.934539621286534,2.198287154925718,0.0008404764304008319,0.6878396504663943,0.6907312752538465,0.01130158808223774,1.0,0.0002747878297055784,1.000568562810928,-0.001304287820741312,1.0,-0.003891941170811822,1.0,0.0015693419522581,1.0,0.005607600946571998,1.0,1.0209528390229392,-1.1102230246251565e-14,2.0952839022938985,True
20261110,statistical,27,3.3,5,1,1,ideal,0,0,0,True,9.989664187969885e-05,9.999999999999999e-05,1.37322309994317,1.926776900056831,2.20008636071796,0.0008294832202874972,0.6923068962724943,0.6874427074612357,0.0002948083534124961,1.0,-0.003320365409763964,1.001966049566077,0.001195053756887829,1.0,-0.00997444223679606,1.0,-0.003702306793153027,1.0,-0.01111255003758993,1.0,0.9989664187969887,-1.1102230246251565e-14,-0.10335812030114466,True
20261111,statistical,27,3.3,5,1,1,ideal,0,0,0,True,0.0001006679685470714,9.999999999999999e-05,1.441304472987645,1.858695527012356,2.199450967284612,0.00083333985362436,0.7656902904500195,0.763971515158431,0.001827231633115923,1.0,-0.001101357333292871,0.9982108883022036,0.002590037616199297,1.0,0.003703402275376532,1.0,0.0008434170003377938,1.0,0.00505752884628016,1.0,1.006679685470714,-1.1102230246251565e-14,0.667968547071407,True
20261112,statistical,27,3.3,5,1,1,ideal,0,0,0,True,0.0001009621804341733,9.999999999999999e-05,1.364938119010249,1.935061880989751,2.199209809256074,0.00083481091305939,0.6759498247130266,0.6748236360719584,-0.003553393018708561,1.0,0.003255237488045836,0.9992358209991622,0.002033043952207872,1.0,-0.002122415399022783,1.0,0.0008810411433583089,1.0,0.008980391096352463,1.0,1.009621804341733,-1.1102230246251565e-14,0.9621804341732876,True
20261113,statistical,27,3.3,5,1,1,ideal,0,0,0,True,0.0001006101146645512,9.999999999999999e-05,1.426872507305156,1.873127492694844,2.199498466503041,0.0008330505842112795,0.7488443227029151,0.7469487131566052,0.01066522220787085,1.0,0.002573755691107682,0.9973154923733708,0.0006512780793391076,1.0,0.001024623111446799,1.0,-0.001272577302584308,1.0,0.007972158639400055,1.0,1.006101146645512,-1.1102230246251565e-14,0.6101146645511868,True
20261114,statistical,27,3.3,5,1,1,ideal,0,0,0,True,0.0001020678020821143,9.999999999999999e-05,1.425047469515071,1.874952530484929,2.198309418640841,0.0008403390212999342,0.7363835809447261,0.7396584535060063,-0.005505603425871052,1.0,-0.003203087549701308,0.9985002918382834,0.001098701182585762,1.0,-0.003814248226864238,1.0,0.004355391665088871,1.0,0.001718885054013705,1.0,1.0206780208211432,-1.1102230246251565e-14,2.0678020821143006,True
20261115,statistical,27,3.3,5,1,1,ideal,0,0,0,True,9.917361318880672e-05,9.999999999999999e-05,1.41894801414804,1.88105198585196,2.200686167224566,0.0008258680768323172,0.749563126004773,0.7424637268896415,-0.002051735153934409,1.0,0.00168683683071997,0.9978360900355334,0.007233841779203476,1.0,-0.002762390661236966,1.0,9.627843286049172e-05,1.0,0.005418749087842375,1.0,0.9917361318880673,-1.1102230246251565e-14,-0.8263868111932915,True
20261116,statistical,27,3.3,5,1,1,ideal,0,0,0,True,0.0001020915657648692,9.999999999999999e-05,1.408677897328555,1.891322102671445,2.198290166753581,0.0008404578397146678,0.7096011879406195,0.7129405251442096,-0.005929930452817297,1.0,-0.00522737396703039,0.9967448237470268,-0.0005040800822714157,1.0,0.006905984101704041,1.0,0.002817239956734319,1.0,0.004948899474383693,1.0,1.020915657648692,-1.1102230246251565e-14,2.0915657648691965,True
20261117,statistical,27,3.3,5,1,1,ideal,0,0,0,True,0.0001006101392571813,9.999999999999999e-05,1.391497999443327,1.908502000556673,2.199498446306538,0.0008330507071749097,0.7055991073883376,0.7035030908440149,0.00518163230321077,1.0,-0.005276963151888145,1.002011727562307,0.001271032305876941,1.0,-0.001869862765404962,1.0,-0.0008532306600460629,1.0,0.00282709885896011,1.0,1.006101392571813,-1.1102230246251565e-14,0.6101392571812969,True
20261118,statistical,27,3.3,5,1,1,ideal,0,0,0,True,0.0001014670376619121,9.999999999999999e-05,1.378801669060816,1.921198330939184,2.198797523916048,0.0008373351991983239,0.6885825391155246,0.689358759291029,-8.117255514808057e-05,1.0,0.006654290256655955,0.999455397896896,0.000344748765576304,1.0,-0.004361183996769646,1.0,0.001098642657769184,1.0,0.006817577704529026,1.0,1.0146703766191212,-1.1102230246251565e-14,1.4670376619120962,True
20261119,statistical,27,3.3,5,1,1,ideal,0,0,0,True,0.0001002966154561093,9.999999999999999e-05,1.360234915104887,1.939765084895113,2.199756302723173,0.00083148308816895,0.6790909653663882,0.675471446251598,-0.003976410341394536,1.0,-0.00580226440834975,0.9946717100460222,0.002788225199972822,1.0,0.0002584663955516851,1.0,-0.0008616996731552526,1.0,-0.005608136272385118,1.0,1.002966154561093,-1.1102230246251565e-14,0.29661545610928375,True
20261120,statistical,27,3.3,5,1,1,ideal,0,0,0,True,0.0001009989397822543,9.999999999999999e-05,1.382838353097361,1.917161646902639,2.199179724935436,0.0008349947097995552,0.6933581477533601,0.6924977448378555,0.004854723968232244,1.0,0.004384013556046147,1.000391117353047,0.0008507830284558023,1.0,-0.004144005715773445,1.0,-3.518039830975786e-05,1.0,0.009643200690760589,1.0,1.0099893978225432,-1.1102230246251565e-14,0.9989397822542934,True
20261121,statistical,27,3.3,5,1,1,ideal,0,0,0,True,0.0001022420062319752,9.999999999999999e-05,1.353031009633016,1.946968990366985,2.198168386530821,0.0008412100420500778,0.6541443900763829,0.6576338370166465,0.001900984824222594,1.0,-0.003943786601148649,1.001921560995494,-8.50377128638523e-06,1.0,-0.003938845193024636,1.0,0.003463965315996664,1.0,-0.01446437290851939,1.0,1.0224200623197521,-1.1102230246251565e-14,2.242006231975191,True
20261122,statistical,27,3.3,5,1,1,ideal,0,0,0,True,0.0001014750972624724,9.999999999999999e-05,1.374951757409356,1.925048242590644,2.198790957773137,0.0008373754972008856,0.683063310116094,0.6838144253768086,-0.0002179380371261678,1.0,-0.0006618994045653646,1.000120584962328,-0.00204933522042879,1.0,-0.002546872174996765,1.0,-0.001320490983906047,1.0,0.006566231973198383,1.0,1.0147509726247241,-1.1102230246251565e-14,1.4750972624723913,True
20261123,statistical,27,3.3,5,1,1,ideal,0,0,0,True,0.0001006645289722598,9.999999999999999e-05,1.406020937690013,1.893979062309987,2.199453790528894,0.0008333226557498223,0.7322372507570616,0.7303855584876083,-0.005033580559385181,1.0,0.006313918628460568,1.001932005538607,-0.0002794472397599709,1.0,-0.001172816376180216,1.0,-0.002159012406389247,1.0,0.001103036400625194,1.0,1.0066452897225981,-1.1102230246251565e-14,0.6645289722597925,True
20261124,statistical,27,3.3,5,1,1,ideal,0,0,0,True,0.000101886693368808,9.999999999999999e-05,1.401363542246409,1.898636457753591,2.198456280203851,0.0008394334777338819,0.7054598855326006,0.7079659846360815,-0.005058000358113902,1.0,-0.004999543223013399,0.998366783528892,-0.001239472888210089,1.0,0.001695115734412235,1.0,0.001247194636594077,1.0,-0.007127821438768027,1.0,1.01886693368808,-1.1102230246251565e-14,1.8866933688080012,True
20261125,statistical,27,3.3,5,1,1,ideal,0,0,0,True,0.0001022766162008039,9.999999999999999e-05,1.385121606045196,1.914878393954804,2.198140393856547,0.0008413830918921833,0.6986714437152507,0.7025768402331924,0.002256140932627577,1.0,0.00118925239596445,0.9997731068375708,-0.002263426508261236,1.0,0.01306094663252876,1.0,0.001625225839899097,1.0,0.005850538825985322,1.0,1.022766162008039,-1.1102230246251565e-14,2.276616200803905,True
20261126,statistical,27,3.3,5,1,1,ideal,0,0,0,True,0.0001000231718643398,9.999999999999999e-05,1.329422003222596,1.970577996777404,2.199981814196935,0.0008301158702103421,0.6477605469112306,0.6430867758789943,0.002598755668294277,1.0,-0.003660891568904058,0.9984488248212415,0.0006594350162529181,1.0,0.001623533064265836,1.0,-0.004046634746061695,1.0,0.01295737886834964,1.0,1.0002317186433982,-1.1102230246251565e-14,0.023171864339799342,True
20261127,statistical,27,3.3,5,1,1,ideal,0,0,0,True,0.0001008904782848887,9.999999999999999e-05,1.405049687264653,1.894950312735347,2.199268520819048,0.000834452402312847,0.7282867377541549,0.7272218905468764,0.006385552214893075,1.0,0.006573335833579987,1.001087412710778,-0.001583421881681986,1.0,-0.002952280635963951,1.0,-0.002674582211555081,1.0,0.007489744915426336,1.0,1.008904782848887,-1.1102230246251565e-14,0.890478284888685,True
20261128,statistical,27,3.3,5,1,1,ideal,0,0,0,True,9.986398719862413e-05,9.999999999999999e-05,1.341107617176754,1.958892382823246,2.200113362134027,0.000829319946881764,0.6655077853554734,0.6602758926911719,0.006867552245330724,1.0,-0.001362687524586964,1.003454964081661,0.002929670010849114,1.0,0.002334423580495202,1.0,-0.002335618712707402,1.0,-0.003854861596132334,1.0,0.9986398719862414,-1.1102230246251565e-14,-0.13601280137587324,True
20261129,statistical,27,3.3,5,1,1,ideal,0,0,0,True,0.0001005517402109247,9.999999999999999e-05,1.360145359766577,1.939854640233423,2.199546419125883,0.0008327587119430274,0.680666168856618,0.678166167130436,0.005978414190431953,1.0,-0.003478114610463027,1.001492723716829,0.0006737239719674902,1.0,-0.01019007424605045,1.0,-0.001854928179159652,1.0,0.0002226916546394167,1.0,1.0055174021092472,-1.1102230246251565e-14,0.5517402109247005,True
20261130,statistical,27,3.3,5,1,1,ideal,0,0,0,True,0.0001008087371450762,9.999999999999999e-05,1.386214679099836,1.913785320900164,2.199335500375608,0.000834043696613665,0.6995679048515114,0.6980412017583494,0.005083157630797075,1.0,-0.002064599320513799,0.9998159507701094,0.001764677205466569,1.0,-0.001314652740922761,1.0,0.0002111021489226137,1.0,-0.006954168311402828,1.0,1.008087371450762,-1.1102230246251565e-14,0.8087371450761882,True
20261131,statistical,27,3.3,5,1,1,ideal,0,0,0,True,0.000101135702029488,9.999999999999999e-05,1.362219122252473,1.937780877747528,2.199067887162125,0.0008356785210357238,0.6850380417251548,0.6846172573580516,0.006522010214580739,1.0,0.001307385602763839,1.001521461367809,-0.0002704761241668093,1.0,0.01157800910641438,1.0,-0.0007158814229153671,1.0,-0.00235918480505414,1.0,1.01135702029488,-1.1102230246251565e-14,1.1357020294879838,True
20261132,statistical,27,3.3,5,1,1,ideal,0,0,0,True,0.0001008137814294442,9.999999999999999e-05,1.325693591757196,1.974306408242804,2.199331365559368,0.000834068918036344,0.6392153981472539,0.6372939280276078,-0.003847477161781799,1.0,-0.0008359343232376169,1.00007609267806,0.001928601801748788,1.0,0.004434102719087748,1.0,-1.970715031916325e-05,1.0,-0.0007834320549465567,1.0,1.008137814294442,-1.1102230246251565e-14,0.8137814294441936,True
20261133,statistical,27,3.3,5,1,1,ideal,0,0,0,True,0.0001016409581624735,9.999999999999999e-05,1.332163956402305,1.967836043597695,2.198655939753903,0.0008382048017004113,0.6629464798972119,0.6639044840427677,-0.001005049740593147,1.0,-0.005736879350883324,1.006315806410899,-0.0001453657783220722,1.0,0.01479787530009168,1.0,0.0007915071958733103,1.0,-0.00297482307723695,1.0,1.0164095816247352,-1.1102230246251565e-14,1.6409581624734937,True
20261134,statistical,27,3.3,5,1,1,ideal,0,0,0,True,0.0001008444836195856,9.999999999999999e-05,1.350165071739058,1.949834928260942,2.199306203063386,0.0008342224289860917,0.6689862459701474,0.6672668091877654,0.0003078387618458161,1.0,-0.001958751668744186,1.00280710899452,0.000920339189888524,1.0,-0.0003371185294612834,1.0,-0.0008257236676151679,1.0,0.003434090555795734,1.0,1.008444836195856,-1.1102230246251565e-14,0.8444836195855787,True
20261135,statistical,27,3.3,5,1,1,ideal,0,0,0,True,0.0001012156579347269,9.999999999999999e-05,1.383951821151756,1.916048178848244,2.199002568711042,0.0008360783005622778,0.685802249428598,0.6857811245332036,0.002590579682622222,1.0,-0.0124233458216224,1.001151655788561,-0.001796439399204968,1.0,-0.002518496228843435,1.0,-0.001841628557135371,1.0,-0.008658221561686783,1.0,1.012156579347269,-1.1102230246251565e-14,1.215657934726888,True
20261136,statistical,27,3.3,5,1,1,ideal,0,0,0,True,0.0001017907869963643,9.999999999999999e-05,1.422065671155015,1.877934328844986,2.19853415018764,0.0008389539458698652,0.727336440077628,0.7296915454852643,0.004449481395317523,1.0,-0.01028708085439613,0.9986089327391948,-0.0002361801893544671,1.0,0.003223757375968877,1.0,0.002098831647003432,1.0,0.01490423275855984,1.0,1.017907869963643,-1.1102230246251565e-14,1.790786996364302,True
20261137,statistical,27,3.3,5,1,1,ideal,0,0,0,True,0.0001021300367743229,9.999999999999999e-05,1.414589720497178,1.885410279502822,2.198259008798182,0.0008406501947596586,0.731875140858341,0.7353591943316434,-0.01586879720493388,1.0,0.002690162970157171,0.9938293463031358,-0.004009611124566081,1.0,0.001000032553378546,1.0,-0.0005433141397128508,1.0,0.0001293422569982328,1.0,1.021300367743229,-1.1102230246251565e-14,2.1300367743228854,True
20261138,statistical,27,3.3,5,1,1,ideal,0,0,0,True,0.0001018280495620373,9.999999999999999e-05,1.348941902816758,1.951058097183243,2.198503887136586,0.0008391402586982305,0.6709236048989491,0.6728485795205162,0.007802212775805199,1.0,0.0085697478328489,0.9984210003567732,-7.373221995864146e-05,1.0,-0.005282635156336871,1.0,0.001831402847671899,1.0,0.0001263220574510483,1.0,1.018280495620373,-1.1102230246251565e-14,1.8280495620372816,True
20261139,statistical,27,3.3,5,1,1,ideal,0,0,0,True,0.0001015003599647314,9.999999999999999e-05,1.426344615644371,1.873655384355629,2.198770379463857,0.0008375018107121806,0.7440634824403547,0.7453196202511876,-0.002629699352516212,1.0,0.006023543938114401,0.9979073702109668,-0.00218945651938111,1.0,-0.001268997151795274,1.0,-0.0009554186113780432,1.0,0.004992747588706097,1.0,1.0150035996473141,-1.1102230246251565e-14,1.5003599647313903,True
20261140,statistical,27,3.3,5,1,1,ideal,0,0,0,True,0.0001014993473560856,9.999999999999999e-05,1.379475692765673,1.920524307234327,2.198771204214795,0.0008374967476685918,0.7025781992579705,0.7033980957975884,-0.001159521167897896,1.0,-0.008157505378970215,0.9973394483122215,0.000459086001071144,1.0,-0.007538174098381332,1.0,0.001256876386845161,1.0,0.001725876220803144,1.0,1.0149934735608561,-1.1102230246251565e-14,1.4993473560855897,True
20261141,statistical,27,3.3,5,1,1,ideal,0,0,0,True,0.0001014076900675355,9.999999999999999e-05,1.419382989035749,1.880617010964251,2.198845889380722,0.0008370384612260812,0.7429928222500164,0.7438335054999294,0.0003922838205832203,1.0,0.007523176828515134,1.001093507890108,0.0007811216614971982,1.0,-0.001733202743524516,1.0,0.001599065193311817,1.0,-0.006414530930404302,1.0,1.0140769006753552,-1.1102230246251565e-14,1.4076900675354942,True
20261142,statistical,27,3.3,5,1,1,ideal,0,0,0,True,0.0001008163551167875,9.999999999999999e-05,1.430164484479999,1.869835515520001,2.199329255974361,0.0008340817864727005,0.7540428592558004,0.7528420636391573,0.00208360324806186,1.0,-0.001261964409029587,0.9980856942347616,0.0005418434974251569,1.0,0.01085333994114399,1.0,-0.0006857743547476042,1.0,0.0008617611119579344,1.0,1.008163551167875,-1.1102230246251565e-14,0.8163551167875038,True
20261143,statistical,27,3.3,5,1,1,ideal,0,0,0,True,0.0001009098636244978,9.999999999999999e-05,1.386769213824472,1.913230786175528,2.199252643741386,0.0008345493290111321,0.7102812638597196,0.7091815829553672,-0.001421132134454788,1.0,0.008835884572725976,1.002054236006786,0.001989213291046533,1.0,0.002457480095920473,1.0,0.000863353936035991,1.0,0.001232468209968918,1.0,1.009098636244978,-1.1102230246251565e-14,0.9098636244977865,True
20261144,statistical,27,3.3,5,1,1,ideal,0,0,0,True,9.965012094742667e-05,9.999999999999999e-05,1.418141362820444,1.881858637179556,2.200290408648152,0.000828250615626376,0.7337931664615155,0.7283339678599641,0.001708151989199942,1.0,-0.007679926762787215,1.001451931825997,0.002165020144239254,1.0,0.01335845002139897,1.0,-0.00332905075449764,1.0,0.0189287996439733,1.0,0.9965012094742668,-1.1102230246251565e-14,-0.34987905257333196,True
20261145,statistical,27,3.3,5,1,1,ideal,0,0,0,True,0.0001016837986728304,9.999999999999999e-05,1.371915374380008,1.928084625619992,2.19862109931108,0.0008384190042525557,0.6983922304858865,0.6999962520313067,-0.002871130277645806,1.0,0.001486603632544992,1.004839646724597,-0.001613303819698719,1.0,0.00310626972914355,1.0,-3.011866256466606e-05,1.0,-0.0004727687721933233,1.0,1.016837986728304,-1.1102230246251565e-14,1.6837986728303944,True
20261146,statistical,27,3.3,5,1,1,ideal,0,0,0,True,0.0001004201681191787,9.999999999999999e-05,1.386057906010427,1.913942093989573,2.199654597058647,0.0008321008514846566,0.6987067159801452,0.695801896471045,-0.002112970231911388,1.0,0.001419163129254486,0.999377158705923,0.002207875752453529,1.0,0.003726900724719475,1.0,-0.0007265003875546397,1.0,-0.0005343218068421901,1.0,1.004201681191787,-1.1102230246251565e-14,0.4201681191786877,True
20261147,statistical,27,3.3,5,1,1,ideal,0,0,0,True,0.0001000500140904349,9.999999999999999e-05,1.388162942358281,1.911837057641719,2.199959651545285,0.0008302500813405782,0.7073480575320278,0.703172415334194,-0.002273365707185814,1.0,-0.005501221798205108,1.000987972937213,0.001224745036116491,1.0,-0.00814618103680068,1.0,-0.002983009687201055,1.0,-0.003576467954643507,1.0,1.0005001409043492,-1.1102230246251565e-14,0.050014090434902236,True
20261148,statistical,27,3.3,5,1,1,ideal,0,0,0,True,0.0001007265897502342,9.999999999999999e-05,1.402735439512543,1.897264560487458,2.199402864220281,0.000833632959639335,0.7219918180312228,0.7202054681396507,-0.008250729797960283,1.0,0.005135184902286156,0.9991981996599276,0.0007743651060298396,1.0,0.002271893211244632,1.0,-0.001039424860837961,1.0,-0.001004433467046591,1.0,1.007265897502342,-1.1102230246251565e-14,0.7265897502341856,True
20261149,statistical,27,3.3,5,1,1,ideal,0,0,0,True,0.0001025234535633536,9.999999999999999e-05,1.387527876901682,1.912472123098318,2.197941008170584,0.0008426172787049319,0.7039163598045012,0.7085584050190865,-0.006002455141851982,1.0,-0.00282236055506114,0.9984983988701208,-0.004279665307096951,1.0,0.01133496505835025,1.0,0.0003473406509779669,1.0,-0.007698488040283444,1.0,1.0252345356335362,-1.1102230246251565e-14,2.523453563353595,True
20261150,statistical,27,3.3,5,1,1,ideal,0,0,0,True,0.0001015813820467172,9.999999999999999e-05,1.38425688267224,1.915743117327761,2.198704413500069,0.000837906921123428,0.6873716286750691,0.6886313860940892,-5.054343572732988e-05,1.0,-0.000563277930702927,1.001422647942414,-0.0002681169366637309,1.0,-0.001261716300218117,1.0,0.0009701025119725299,1.0,0.001394330196331678,1.0,1.015813820467172,-1.1102230246251565e-14,1.5813820467171835,True
20261151,statistical,27,3.3,5,1,1,ideal,0,0,0,True,0.0001019539605020937,9.999999999999999e-05,1.349632597756513,1.950367402243487,2.198401704523351,0.0008397698133983929,0.6615422302919505,0.6637789273262606,0.002369087312701688,1.0,0.004711368726457594,1.000000429734917,-0.000356699494929396,1.0,-0.006332494792836377,1.0,0.001861030263732575,1.0,0.0001176948611253721,1.0,1.019539605020937,-1.1102230246251565e-14,1.95396050209371,True
20261152,statistical,27,3.3,5,1,1,ideal,0,0,0,True,0.0001024101854366356,9.999999999999999e-05,1.361977483782866,1.938022516217134,2.198032445813501,0.0008420509380715818,0.6817227255513639,0.6858132944734163,0.003112596540385446,1.0,-0.007927347282688587,0.9988780276156324,-0.002090438503301186,1.0,-0.01492892908060489,1.0,0.001984308380001286,1.0,0.003640833956006592,1.0,1.024101854366356,-1.1102230246251565e-14,2.4101854366356035,True
20261153,statistical,27,3.3,5,1,1,ideal,0,0,0,True,0.0001010786149926125,9.999999999999999e-05,1.406618896521866,1.893381103478134,2.199114552997896,0.0008353930858518259,0.7206166577397377,0.7201936754602182,-0.004077902162903707,1.0,-0.005661086238933163,1.001533592284749,0.002108948427690702,1.0,-0.0100776564424257,1.0,0.001660955067409926,1.0,0.0002114105135531188,1.0,1.010786149926125,-1.1102230246251565e-14,1.078614992612481,True
20261154,statistical,27,3.3,5,1,1,ideal,0,0,0,True,0.0001015355947766351,9.999999999999999e-05,1.366047986765595,1.933952013234405,2.198741686172526,0.0008376779847716991,0.6792913606836086,0.6803936429487247,-0.004496063357884902,1.0,0.006664026913068211,1.000728850680787,-0.001354323624648523,1.0,0.01097744622162546,1.0,-0.0002739006642919535,1.0,-0.01126519286258588,1.0,1.015355947766351,-1.1102230246251565e-14,1.5355947766350964,True
20261155,statistical,27,3.3,5,1,1,ideal,0,0,0,True,0.0001012295692977751,9.999999999999999e-05,1.372990721305186,1.927009278694815,2.198991209035893,0.0008361478573769194,0.6939836853330759,0.6938861374918973,-0.006333778281844347,1.0,0.001346266547754346,1.000042100020475,0.0001380097557129375,1.0,-0.0103649132549564,1.0,1.649119646591711e-05,1.0,0.0007382677301057153,1.0,1.0122956929777511,-1.1102230246251565e-14,1.2295692977750905,True
20261156,statistical,27,3.3,5,1,1,ideal,0,0,0,True,0.0001008894283809737,9.999999999999999e-05,1.389928762024107,1.910071237975893,2.199269380798364,0.0008344471527966287,0.7031221395858741,0.701804198679974,-0.004582781967750365,1.0,0.0008350126900358746,0.996932159726274,0.001149230788339727,1.0,0.001437390458533207,1.0,-0.0001950225260785668,1.0,0.005805335037102452,1.0,1.008894283809737,-1.1102230246251565e-14,0.8894283809737002,True
20261157,statistical,27,3.3,5,1,1,ideal,0,0,0,True,0.0001013953861914664,9.999999999999999e-05,1.411202827463025,1.888797172536975,2.198855919779125,0.0008369769418466946,0.7268505236528017,0.7276416086584715,-0.004463634202779267,1.0,0.00536748517467167,1.000596185636855,-0.001899014385774373,1.0,0.00531289999863143,1.0,-0.001130755155171534,1.0,0.005325747208991174,1.0,1.013953861914664,-1.1102230246251565e-14,1.3953861914663968,True
20261158,statistical,27,3.3,5,1,1,ideal,0,0,0,True,0.0001007126505391333,9.999999999999999e-05,1.40273987200132,1.897260127998681,2.199414299998591,0.0008335632635856284,0.7250742651596422,0.7232936875387896,0.001166311811842649,1.0,0.001265800783461996,0.99760744611353,0.000963337858513072,1.0,-0.01033504108837119,1.0,-0.000844776181169506,1.0,0.0006082295749254742,1.0,1.007126505391333,-1.1102230246251565e-14,0.7126505391332971,True
20261159,statistical,27,3.3,5,1,1,ideal,0,0,0,True,0.0001014677375503083,9.999999999999999e-05,1.383439969298172,1.916560030701829,2.198796953698725,0.0008373386986395854,0.7181779559151087,0.7189985823220603,0.008481583034658138,1.0,4.738278958520212e-05,0.999634947718114,-0.001195074595428402,1.0,-0.0007211992569390368,1.0,-0.0003967769941508308,1.0,0.01256883427478688,1.0,1.0146773755030831,-1.1102230246251565e-14,1.4677375503082901,True
20261160,statistical,27,3.3,5,1,1,ideal,0,0,0,True,0.0001013899392298824,9.999999999999999e-05,1.398996172230317,1.901003827769683,2.198860360630393,0.0008369497070375759,0.7109307659891325,0.7115869808390906,0.007311419119699581,1.0,0.001839133263104445,0.9993902810946088,0.001747066633946125,1.0,-0.005451037785639746,1.0,0.002380420057512468,1.0,-0.00835057496670295,1.0,1.0138993922988242,-1.1102230246251565e-14,1.3899392298823976,True
20261161,statistical,27,3.3,5,1,1,ideal,0,0,0,True,0.0001011651731515641,9.999999999999999e-05,1.398380622531017,1.901619377468983,2.199043805651867,0.0008358258766464636,0.7116550729566093,0.7116333450707696,0.002642159407818236,1.0,0.005449836285092626,1.002233321668219,0.0006897853658017274,1.0,-0.008160952029218257,1.0,0.000643641883646945,1.0,-0.0003873741118906179,1.0,1.011651731515641,-1.1102230246251565e-14,1.1651731515641028,True
20261162,statistical,27,3.3,5,1,1,ideal,0,0,0,True,0.0001004656361112878,9.999999999999999e-05,1.406138914945277,1.893861085054724,2.199617198452496,0.0008323281914450825,0.7353577591623067,0.732715396146749,0.001207411458232559,1.0,-0.001750174545523871,0.9982044156206412,0.0009688745543724088,1.0,0.005572363397267337,1.0,-0.001702731670689826,1.0,0.005764499993795123,1.0,1.004656361112878,-1.1102230246251565e-14,0.4656361112877816,True
20261163,statistical,27,3.3,5,1,1,ideal,0,0,0,True,0.0001001973550180714,9.999999999999999e-05,1.333044272812343,1.966955727187658,2.199838096881647,0.0008309867859790003,0.6597517071870271,0.6557777767316217,0.004204003980108667,1.0,-0.003823812218683512,0.9972716705677351,0.002599727869584038,1.0,0.00294390749966915,1.0,-0.001405301442293045,1.0,0.003868916272455142,1.0,1.001973550180714,-1.1102230246251565e-14,0.1973550180713879,True
20261164,statistical,27,3.3,5,1,1,ideal,0,0,0,True,0.000100723371794892,9.999999999999999e-05,1.379126977525197,1.920873022474803,2.199405504110318,0.0008336168698625042,0.6936952110468578,0.6918309667124001,-0.001157659289465443,1.0,0.001018483035552294,1.001156192045914,0.003168694086923515,1.0,-0.00343453865449859,1.0,0.001276988572939607,1.0,-0.001598627800709732,1.0,1.0072337179489201,-1.1102230246251565e-14,0.7233717948919915,True
20261165,statistical,27,3.3,5,1,1,ideal,0,0,0,True,0.0001012339341679115,9.999999999999999e-05,1.396454166703451,1.903545833296549,2.198987645092882,0.0008361696817277215,0.7274393032601616,0.72757209573214,0.005296664222815299,1.0,0.0002267404049863113,1.001076149730247,0.0003675603550428121,1.0,0.00334376708719316,1.0,0.0004764092640205868,1.0,-0.00399905474484652,1.0,1.012339341679115,-1.1102230246251565e-14,1.233934167911488,True
20261166,statistical,27,3.3,5,1,1,ideal,0,0,0,True,9.958662620978123e-05,9.999999999999999e-05,1.338965524780763,1.961034475219237,2.200343040713868,0.0008279331419393476,0.6538942180682454,0.6474588959471683,-0.005652864272615575,1.0,-0.008634606350734724,1.00061945332848,0.001594737110110229,1.0,0.002598421552825359,1.0,-0.004875888046311358,1.0,0.001445242960040741,1.0,0.9958662620978124,-1.1102230246251565e-14,-0.41337379021877396,True
20261167,statistical,27,3.3,5,1,1,ideal,0,0,0,True,0.0001004038375621653,9.999999999999999e-05,1.399761698309022,1.900238301690978,2.199668033248558,0.0008320191986997098,0.7287454338749539,0.7258603081866272,-0.001566746341199647,1.0,0.0008155762506900319,0.9985676963449496,0.001855695553837609,1.0,0.003662633861832419,1.0,-0.001059099895510728,1.0,-0.005570277521430946,1.0,1.004038375621653,-1.1102230246251565e-14,0.4038375621652879,True
20261168,statistical,27,3.3,5,1,1,ideal,0,0,0,True,0.000101930098805262,9.999999999999999e-05,1.418502819632839,1.881497180367162,2.198421060308011,0.0008396505049163916,0.7280270308712099,0.7308728785910545,0.003772813469321781,1.0,0.002595112442480346,1.000032466589022,-0.0006487213463334184,1.0,0.00310363488062453,1.0,0.002177991956153396,1.0,-0.004274164935391435,1.0,1.01930098805262,-1.1102230246251565e-14,1.9300988052619816,True
20261169,statistical,27,3.3,5,1,1,ideal,0,0,0,True,0.0001013101162069353,9.999999999999999e-05,1.367694422260931,1.932305577739069,2.198925465214039,0.0008365505919229604,0.6872583277261523,0.6874444399022462,0.002626062516982796,1.0,-7.708226711686259e-06,1.000726282662279,0.0006905395052220239,1.0,0.003207408218002227,1.0,0.0008532382627363223,1.0,0.009145804450291376,1.0,1.013101162069353,-1.1102230246251565e-14,1.3101162069352856,True
20261170,statistical,27,3.3,5,1,1,ideal,0,0,0,True,0.0001007745244606396,9.999999999999999e-05,1.382518516323,1.917481483677,2.199363549752513,0.0008338726331930401,0.68416893947572,0.682524085663145,0.005358463507499667,1.0,-0.002856257170737364,0.9995964571732352,0.00224149386702659,1.0,0.007862790384284814,1.0,0.0005695327708742519,1.0,-0.002781848094075761,1.0,1.0077452446063961,-1.1102230246251565e-14,0.7745244606395918,True
20261171,statistical,27,3.3,5,1,1,ideal,0,0,0,True,0.0001012656225551679,9.999999999999999e-05,1.343002922254524,1.956997077745476,2.198961775656367,0.0008363281236647228,0.6646966748472745,0.6646179918076411,0.006823925626059588,1.0,0.003827724600898566,0.9983019351258052,0.001663573128824984,1.0,0.00439276965757327,1.0,0.001561165502139069,1.0,0.006974866954560014,1.0,1.0126562255516791,-1.1102230246251565e-14,1.265622555167889,True
20261172,statistical,27,3.3,5,1,1,ideal,0,0,0,True,0.0001018647007086705,9.999999999999999e-05,1.379029489084898,1.920970510915102,2.198474130790126,0.0008393235144317562,0.6919370228140754,0.6941417402000033,0.003826619635157477,1.0,0.001141763692171201,1.00172976578925,-0.002940938244444417,1.0,0.001199746580367361,1.0,-0.0007558061187826607,1.0,0.008867466481116772,1.0,1.018647007086705,-1.1102230246251565e-14,1.864700708670508,True
20261173,statistical,27,3.3,5,1,1,ideal,0,0,0,True,0.0001000973583926558,9.999999999999999e-05,1.352345727983389,1.947654272016611,2.199920574685012,0.0008304868028514428,0.6698305888151611,0.6654246910084863,0.00160816201713764,1.0,-0.003750343913749045,1.000588046308416,0.002354568663841897,1.0,-0.00642381540555876,1.0,-0.002083111837173868,1.0,-0.005820937301571476,1.0,1.000973583926558,-1.1102230246251565e-14,0.0973583926557886,True
20261174,statistical,27,3.3,5,1,1,ideal,0,0,0,True,0.0001004257773658813,9.999999999999999e-05,1.374203221644347,1.925796778355653,2.199649982447447,0.0008321288977182898,0.6873518499550284,0.6843951213331558,-0.005294626539362557,1.0,0.0007745387918833438,1.002412368712386,0.0002499016426551681,1.0,-0.0009524074936451638,1.0,-0.002736343894654742,1.0,-0.000158125798259282,1.0,1.0042577736588132,-1.1102230246251565e-14,0.4257773658812969,True
20261175,statistical,27,3.3,5,1,1,ideal,0,0,0,True,0.0001006005671510336,9.999999999999999e-05,1.383864117821793,1.916135882178208,2.199506307672217,0.0008330028466435719,0.7009551356378662,0.6986786717152002,-0.003918213962167061,1.0,0.0008562119211101943,1.003298961124323,-0.0001912727459875147,1.0,0.003619455239583744,1.0,-0.002496047172331538,1.0,0.007537073444441255,1.0,1.006005671510336,-1.1102230246251565e-14,0.6005671510335819,True
20261176,statistical,27,3.3,5,1,1,ideal,0,0,0,True,0.0001000859879582484,9.999999999999999e-05,1.347165066597297,1.952834933402703,2.199929957986472,0.0008304299506795259,0.6673166129701854,0.6628660575492914,-0.003019726872181199,1.0,0.00179895833507976,0.9961979987217192,0.001293570612832359,1.0,-0.004158281985516797,1.0,-0.003188846732654322,1.0,-0.0009142307033137615,1.0,1.0008598795824841,-1.1102230246251565e-14,0.08598795824839023,True
20261177,statistical,27,3.3,5,1,1,ideal,0,0,0,True,0.0001005256454820581,9.999999999999999e-05,1.380420402984284,1.919579597015716,2.19956786351203,0.0008326282383013315,0.692005754241613,0.6894734145150233,-0.002561884257165709,1.0,-0.001548607995601139,0.9966034728790942,0.0006809434715236462,1.0,-0.001200855071965049,1.0,-0.001880223790127157,1.0,0.006789826948343872,1.0,1.0052564548205811,-1.1102230246251565e-14,0.5256454820580903,True
20261178,statistical,27,3.3,5,1,1,ideal,0,0,0,True,0.000102193288086866,9.999999999999999e-05,1.313163099513728,1.986836900486273,2.198207805020016,0.0008409664513227338,0.6473789443152469,0.6502953646189275,-0.01099879534444659,1.0,0.003348037828448833,1.000097810664802,-0.0006413066564407229,1.0,-0.004649784501227137,1.0,0.002257793302159348,1.0,-0.003915028527294292,1.0,1.02193288086866,-1.1102230246251565e-14,2.1932880868659854,True
20261179,statistical,27,3.3,5,1,1,ideal,0,0,0,True,0.0001006793990099054,9.999999999999999e-05,1.461826258450936,1.838173741549065,2.199441585674176,0.0008333970059384103,0.7726898309617786,0.7712448182789163,-0.01728384949745148,1.0,-0.001299223815925636,0.9968929591493216,0.002549824997111604,1.0,0.0117738125377112,1.0,0.001077046703899395,1.0,-0.00914079102980919,1.0,1.0067939900990541,-1.1102230246251565e-14,0.6793990099053904,True
20261180,statistical,27,3.3,5,1,1,ideal,0,0,0,True,9.984451689222587e-05,9.999999999999999e-05,1.372245708482139,1.927754291517861,2.20012946563723,0.0008292225953491733,0.7059513406741065,0.7010862310586169,-0.01162425220283284,1.0,-0.00237528725893175,1.00067817542289,0.004227318093837138,1.0,0.001972025658210337,1.0,-0.0006713294693736436,1.0,-0.009592964937101413,1.0,0.9984451689222588,-1.1102230246251565e-14,-0.15548310777413477,True
20261181,statistical,27,3.3,5,1,1,ideal,0,0,0,True,0.0001009963095389245,9.999999999999999e-05,1.360501450202694,1.939498549797307,2.199181877218719,0.0008349815585829063,0.6682426496680697,0.6671048474009612,0.00855110061568173,1.0,0.005951201779816431,0.996434783900237,0.002733548821065265,1.0,0.008867342194339628,1.0,0.001570171203690475,1.0,0.005046257931669068,1.0,1.0099630953892451,-1.1102230246251565e-14,0.9963095389244891,True
20261182,statistical,27,3.3,5,1,1,ideal,0,0,0,True,0.0001015544056859631,9.999999999999999e-05,1.400159845044219,1.899840154955781,2.198726371429738,0.0008377720393179794,0.7017375545111475,0.7032220824652101,-0.00626272264615088,1.0,-0.01004653025011467,0.9983681242395256,0.0008999820803959109,1.0,0.002673818674474408,1.0,0.00236278229366718,1.0,-0.002796018521330834,1.0,1.0155440568596312,-1.1102230246251565e-14,1.5544056859631006,True
20261183,statistical,27,3.3,5,1,1,ideal,0,0,0,True,0.0001024478658271945,9.999999999999999e-05,1.373575176663973,1.926424823336027,2.198002017144498,0.0008422393400243761,0.6925031136768608,0.6967011220797392,-0.01015372340662436,1.0,9.583973193883155e-05,0.997486644300246,-0.001021507616382047,1.0,0.001022383136079413,1.0,0.003160939944635166,1.0,0.01019847144475657,1.0,1.0244786582719452,-1.1102230246251565e-14,2.4478658271944953,True
20261184,statistical,27,3.3,5,1,1,ideal,0,0,0,True,0.0001009378641110138,9.999999999999999e-05,1.388001813697413,1.911998186302587,2.199229715698132,0.0008346893314438325,0.7091792633569184,0.7081912166418419,0.002579183057443515,1.0,0.008240603729668594,1.000368433303683,0.004053609309501187,1.0,-0.006404325535371238,1.0,0.003039576621607833,1.0,-0.004025382503032518,1.0,1.009378641110138,-1.1102230246251565e-14,0.9378641110137975,True
20261185,statistical,27,3.3,5,1,1,ideal,0,0,0,True,0.0001012676057996166,9.999999999999999e-05,1.36269295310147,1.937307046898531,2.198960156848551,0.0008363380398867264,0.6791191960289675,0.6792217017227383,-0.007774748356055775,1.0,-0.005252429842688215,0.9976576787395788,0.0001905795825304163,1.0,-0.003956867406753577,1.0,0.0002693757511048516,1.0,0.001924503453497477,1.0,1.012676057996166,-1.1102230246251565e-14,1.2676057996166001,True
20261186,statistical,27,3.3,5,1,1,ideal,0,0,0,True,0.0001011055407859586,9.999999999999999e-05,1.401484401012663,1.898515598987337,2.199092539408256,0.0008355277148184364,0.7233686462205867,0.7230390505671536,-0.002928291864997483,1.0,-0.002805918378149947,0.9973215297560711,0.001187660178660243,1.0,-0.003603625424562266,1.0,0.0008332363987816058,1.0,-0.02287248004734816,1.0,1.0110554078595861,-1.1102230246251565e-14,1.105540785958592,True
20261187,statistical,27,3.3,5,1,1,ideal,0,0,0,True,0.0001013703045063465,9.999999999999999e-05,1.445144984293679,1.854855015706322,2.198876370475659,0.0008368515334215743,0.7636893795938764,0.7644730229362923,-0.01447848836202413,1.0,0.004002866860591026,0.999645495832302,-0.002327374946117229,1.0,0.004218757102485413,1.0,-0.001566727768542982,1.0,0.001047204644105439,1.0,1.0137030450634652,-1.1102230246251565e-14,1.370304506346498,True
20261188,statistical,27,3.3,5,1,1,ideal,0,0,0,True,9.970860759697677e-05,9.999999999999999e-05,1.421778892341936,1.878221107658065,2.200241955762209,0.0008285430488732875,0.7482144841303501,0.7431616352959836,0.009433725552979125,1.0,0.001416959120643703,0.9985711685630372,0.002188464206409322,1.0,0.01396728857867408,1.0,-0.002898859035241053,1.0,-0.004820978187174266,1.0,0.9970860759697678,-1.1102230246251565e-14,-0.29139240302322733,True
20261189,statistical,27,3.3,5,1,1,ideal,0,0,0,True,0.0001017012446954126,9.999999999999999e-05,1.371890129492018,1.928109870507982,2.198606915118433,0.0008385062343659459,0.6737367815948856,0.6754150929049714,0.0003713143643125293,1.0,0.003080823506712618,0.9988923783301323,-0.001071637445108705,1.0,-0.006047568402628122,1.0,0.0005859616620454225,1.0,0.0004766831281792787,1.0,1.017012446954126,-1.1102230246251565e-14,1.701244695412596,True
20261190,statistical,27,3.3,5,1,1,ideal,0,0,0,True,0.0001005322703993307,9.999999999999999e-05,1.416192447122728,1.883807552877272,2.199562418726426,0.0008326613628849371,0.7298888160620133,0.7277631037784683,0.001886042014133465,1.0,-0.002085437501183103,1.001243862760372,0.004582835623436392,1.0,0.007809221714089338,1.0,0.002428338483961767,1.0,0.01104436776465194,1.0,1.005322703993307,-1.1102230246251565e-14,0.5322703993307032,True
20261191,statistical,27,3.3,5,1,1,ideal,0,0,0,True,0.0001025441664315564,9.999999999999999e-05,1.408562661579031,1.89143733842097,2.197924297601027,0.0008427208430460658,0.71852538566443,0.7234110091099523,0.001679400256676961,1.0,0.004231574253033031,1.00137488145962,-0.002728047062557388,1.0,-0.01194848414279382,1.0,0.002142681522514091,1.0,-0.01063621955589692,1.0,1.0254416643155642,-1.1102230246251565e-14,2.544166431556394,True
20261192,statistical,27,3.3,5,1,1,ideal,0,0,0,True,9.950077328886655e-05,9.999999999999999e-05,1.357487616566164,1.942512383433836,2.200414256094692,0.0008275038773326165,0.6978452141506862,0.6915971257005435,-0.00410957675006858,1.0,-0.0006525491417037477,1.000253642259128,0.002100037374864187,1.0,-0.004017821589738688,1.0,-0.004183960430980026,1.0,0.001772268607357786,1.0,0.9950077328886656,-1.1102230246251565e-14,-0.4992267111334492,True
20261193,statistical,27,3.3,5,1,1,ideal,0,0,0,True,0.0001005548501737365,9.999999999999999e-05,1.37403460153092,1.92596539846908,2.199543863738239,0.0008327742617573258,0.6927016320019035,0.690231861121964,0.007490592953232218,1.0,4.007180241009069e-05,0.9992280645241114,0.00277628748450378,1.0,0.003164036388868286,1.0,0.0002778893658442069,1.0,-0.002899529179608806,1.0,1.005548501737365,-1.1102230246251565e-14,0.5548501737365097,True
20261194,statistical,27,3.3,5,1,1,ideal,0,0,0,True,0.0001006222460090313,9.999999999999999e-05,1.368344981997203,1.931655018002797,2.199488504296609,0.0008331112409363171,0.6797406120454027,0.6774395257512417,-0.006719231815028683,1.0,0.001221130548654947,0.9991911708875294,-3.987463899536829e-05,1.0,-0.008779015714958156,1.0,-0.002369121367256808,1.0,0.005641903292242884,1.0,1.0062224600903131,-1.1102230246251565e-14,0.6222460090312909,True
20261195,statistical,27,3.3,5,1,1,ideal,0,0,0,True,0.000102339769884331,9.999999999999999e-05,1.343253973151554,1.956746026848446,2.198089337812634,0.0008416988603096992,0.6702393299434263,0.6738980464783975,-0.006690779974610744,1.0,-0.002243437738135375,1.00183500897729,-0.004700770195309264,1.0,0.009106672759130928,1.0,-0.001058362166108224,1.0,-7.292638209583277e-05,1.0,1.02339769884331,-1.1102230246251565e-14,2.3397698843309778,True
20261196,statistical,27,3.3,5,1,1,ideal,0,0,0,True,0.0001019926257503413,9.999999999999999e-05,1.336685329322536,1.963314670677464,2.198370349631676,0.0008399631396397505,0.6540359567305841,0.6564114561396882,0.001288900434048147,1.0,0.00765322615400255,1.000526151226089,-0.002147218442941982,1.0,0.006938397853330855,1.0,0.0002095790376153463,1.0,0.002724109381710853,1.0,1.0199262575034131,-1.1102230246251565e-14,1.9926257503412925,True
20261197,statistical,27,3.3,5,1,1,ideal,0,0,0,True,0.0001008280880924807,9.999999999999999e-05,1.347597111848792,1.952402888151208,2.199319639398048,0.0008341404513522454,0.6755847466394533,0.6738321683803896,0.004289252059776435,1.0,-0.005735683906182443,1.003119362755377,0.0006727685761362327,1.0,-0.01071462387646392,1.0,-0.001106551880228738,1.0,-0.008035472439478192,1.0,1.0082808809248072,-1.1102230246251565e-14,0.8280880924806944,True
20261198,statistical,27,3.3,5,1,1,ideal,0,0,0,True,0.0001001717606139997,9.999999999999999e-05,1.394777510111564,1.905222489888436,2.19985919993113,0.0008308588139597208,0.7112617436163763,0.7075433967880189,0.003131796889525477,1.0,0.002410021444312245,1.000637810936845,0.000603761567339388,1.0,0.01250953883719481,1.0,-0.003145855686724988,1.0,-0.003876636576107581,1.0,1.001717606139997,-1.1102230246251565e-14,0.171760613999683,True
20261199,statistical,27,3.3,5,1,1,ideal,0,0,0,True,0.0001001490612341661,9.999999999999999e-05,1.36093032469203,1.93906967530797,2.199877920219158,0.0008307453170593542,0.6872447787500536,0.683248944621009,-0.007340783369717017,1.0,0.006046917415057747,1.003025036944292,0.001592494292858816,1.0,-0.003234725525296704,1.0,-0.002434770825258179,1.0,0.003247906980749699,1.0,1.0014906123416611,-1.1102230246251565e-14,0.1490612341660924,True
20261200,statistical,27,3.3,5,1,1,ideal,0,0,0,True,0.0001006918206994491,9.999999999999999e-05,1.36865398518964,1.93134601481036,2.199431391643421,0.0008334591143860086,0.6855532711662694,0.6834429042272837,-0.00336390364457323,1.0,-0.0001397361264139453,0.998854128318602,0.001116978673037209,1.0,0.008146461203395329,1.0,-0.001021067712381218,1.0,0.003068540634889289,1.0,1.006918206994491,-1.1102230246251565e-14,0.6918206994491083,True
20261201,statistical,27,3.3,5,1,1,ideal,0,0,0,True,0.0001008672701203429,9.999999999999999e-05,1.373925489053937,1.926074510946064,2.199287532653759,0.0008343363614904779,0.6859422701397128,0.6846069763066575,0.0005160540449301148,1.0,-0.002024986657885679,1.003217334581721,0.001354246526815497,1.0,-0.002283555337017319,1.0,-7.516673653549806e-06,1.0,-0.006432435482327368,1.0,1.0086727012034291,-1.1102230246251565e-14,0.867270120342889,True
20261202,statistical,27,3.3,5,1,1,ideal,0,0,0,True,9.955067153882517e-05,9.999999999999999e-05,1.360073721354862,1.939926278645138,2.200372858249614,0.0008277533685827692,0.6671215929413415,0.6607558398095872,-8.393918504073038e-05,1.0,-0.00499771048538717,1.003297222859618,0.001969100354273573,1.0,0.003393979329282069,1.0,-0.004432207345934104,1.0,-0.008193145712893821,1.0,0.9955067153882518,-1.1102230246251565e-14,-0.44932846117483605,True
20261203,statistical,27,3.3,5,1,1,ideal,0,0,0,True,0.0001031767407038976,9.999999999999999e-05,1.387798560209053,1.912201439790947,2.197415472866383,0.0008458837144081314,0.7079469146918707,0.7147069571014807,0.001170239983491556,1.0,0.002954702815963741,1.000144578465019,-0.002490947850446058,1.0,-0.005967357374306605,1.0,0.004258566123034518,1.0,-0.002546138218426609,1.0,1.031767407038976,-1.1102230246251565e-14,3.176740703897596,True
20261204,statistical,27,3.3,5,1,1,ideal,0,0,0,True,0.0001017361041442512,9.999999999999999e-05,1.392415008560397,1.907584991439603,2.198578580073602,0.0008386805316091801,0.7054236363685077,0.7074355123060618,-0.005073001836984681,1.0,-0.003108583992064274,1.003258909304017,-0.002750985794990143,1.0,-0.00726924938013047,1.0,-0.0007595855646014313,1.0,-0.00081104902466379,1.0,1.017361041442512,-1.1102230246251565e-14,1.7361041442511826,True
20261205,statistical,27,3.3,5,1,1,ideal,0,0,0,True,0.0001006449892953255,9.999999999999999e-05,1.398116025605658,1.901883974394343,2.199469830649619,0.0008332249573651512,0.7212717934830591,0.7192904812210511,0.0004829377642573509,1.0,-0.003584371919994419,0.9988057339227864,-0.003662677652070084,1.0,-0.00446992434501182,1.0,-0.005671997250859685,1.0,0.002525495688738678,1.0,1.006449892953255,-1.1102230246251565e-14,0.6449892953255043,True
20261206,statistical,27,3.3,5,1,1,ideal,0,0,0,True,0.0001018832985541919,9.999999999999999e-05,1.331398364706254,1.968601635293747,2.198459035406737,0.000839416503659483,0.6554113786259566,0.6574308027063164,0.01669691736762138,1.0,-0.007776836787279319,0.995760352166537,-0.001187361140482656,1.0,0.002864453744157647,1.0,0.0008126022717219617,1.0,0.007833383579381828,1.0,1.018832985541919,-1.1102230246251565e-14,1.8832985541918923,True
20261207,statistical,27,3.3,5,1,1,ideal,0,0,0,True,0.0001011782559739983,9.999999999999999e-05,1.380339241307916,1.919660758692085,2.199033117496961,0.0008358912907601933,0.7117303562471781,0.7114727171971424,-0.005753452685413266,1.0,-0.001660868487748021,1.002966364459119,-0.003052286806288285,1.0,-9.406825783545456e-05,1.0,-0.003334252139526661,1.0,0.001656411173769945,1.0,1.0117825597399832,-1.1102230246251565e-14,1.178255973998299,True
20261208,statistical,27,3.3,5,1,1,ideal,0,0,0,True,0.0001018024218839954,9.999999999999999e-05,1.367369215242013,1.932630784757988,2.198524699716861,0.0008390121203082606,0.6723045362319316,0.6741517041718154,-0.005681968695644407,1.0,-0.003641745491815492,1.001020218092305,-0.003163492188893203,1.0,0.004849306896380684,1.0,-0.001336335468596463,1.0,0.003231303966391498,1.0,1.0180242188399542,-1.1102230246251565e-14,1.8024218839953976,True
20261209,statistical,27,3.3,5,1,1,ideal,0,0,0,True,0.00010120097080366,9.999999999999999e-05,1.396024612506385,1.903975387493615,2.19901456344989,0.0008360048649065836,0.7037217643116473,0.7037318940222154,0.003000755048100796,1.0,0.0007136027388158919,0.9999470250152828,-0.0004961084321649475,1.0,-0.007347783548200647,1.0,-0.0005101457240978044,1.0,-0.006897318034597087,1.0,1.0120097080366002,-1.1102230246251565e-14,1.2009708036599953,True
20261210,statistical,27,3.3,5,1,1,ideal,0,0,0,True,0.0001006463163586736,9.999999999999999e-05,1.331336601364243,1.968663398635757,2.19946874117076,0.0008332315926818917,0.6566485698472144,0.654120107225632,0.002034779504637518,1.0,-0.009451394566318667,1.003711154006412,0.001638440292799511,1.0,-0.007689746001658156,1.0,-0.0009180171506268396,1.0,-0.01661824561968438,1.0,1.006463163586736,-1.1102230246251565e-14,0.6463163586736043,True
20261211,statistical,27,3.3,5,1,1,ideal,0,0,0,True,0.0001004220336894014,9.999999999999999e-05,1.408096537035579,1.891903462964421,2.199653062265759,0.0008321101793369689,0.7289378105267209,0.726127027635251,0.004205663076604869,1.0,-0.0005134460660084589,1.000666553354012,0.00101966717669486,1.0,0.00341859291826125,1.0,-0.001820657738698089,1.0,0.005977073595298313,1.0,1.0042203368940141,-1.1102230246251565e-14,0.42203368940139097,True
20261212,statistical,27,3.3,5,1,1,ideal,0,0,0,True,0.0001009607676046222,9.999999999999999e-05,1.431847232396931,1.86815276760307,2.199210965739077,0.0008348038489119939,0.7332163906527255,0.7324921040689883,0.001240970948386282,1.0,-5.126434853073744e-05,0.9956501808722468,0.002095414912208975,1.0,-0.008324726511330888,1.0,0.001345309457052052,1.0,0.01632016586136259,1.0,1.009607676046222,-1.1102230246251565e-14,0.9607676046221814,True
20261213,statistical,27,3.3,5,1,1,ideal,0,0,0,True,0.0001014289650204993,9.999999999999999e-05,1.389331366404594,1.910668633595406,2.198828548252358,0.0008371448359911398,0.7262102473691694,0.7268941419263707,0.00497509836374557,1.0,0.001747645881670023,1.003083711442288,0.0004942034953625232,1.0,0.001028874096898901,1.0,0.001155502480893562,1.0,0.009884542505211773,1.0,1.014289650204993,-1.1102230246251565e-14,1.4289650204992954,True
20261214,statistical,27,3.3,5,1,1,ideal,0,0,0,True,0.0001005096010321828,9.999999999999999e-05,1.353685237589312,1.946314762410688,2.199581051275387,0.0008325480160493175,0.6798835062117323,0.6769592009271012,-0.01418515863365831,1.0,0.001024754280206638,1.000199615045394,0.0002824128080975663,1.0,-0.002403703669329505,1.0,-0.002670830164461524,1.0,-0.01032108430927423,1.0,1.005096010321828,-1.1102230246251565e-14,0.5096010321828048,True
20261215,statistical,27,3.3,5,1,1,ideal,0,0,0,True,0.000101119883268911,9.999999999999999e-05,1.439256076460283,1.860743923539717,2.199080815740981,0.0008355994272331983,0.767432700212646,0.7675167326309454,0.0007402490571904768,1.0,-0.002843033545293601,0.9996254922367788,-0.0002331161847980504,1.0,-0.001383908266831148,1.0,-0.0001738156067967067,1.0,0.007139036986131719,1.0,1.0111988326891101,-1.1102230246251565e-14,1.1198832689109928,True
20261216,statistical,27,3.3,5,1,1,ideal,0,0,0,True,0.0001000899907418286,9.999999999999999e-05,1.38646197743529,1.91353802256471,2.199926654627743,0.0008304499645974267,0.6913630917133292,0.6872947422389283,0.006400189467088759,1.0,0.0001440087740249597,0.9954627548431771,0.003833453825831808,1.0,0.003919701617140831,1.0,-0.0002667314852462936,1.0,0.001201902581183573,1.0,1.000899907418286,-1.1102230246251565e-14,0.0899907418285828,True
20261217,statistical,27,3.3,5,1,1,ideal,0,0,0,True,0.0001016501501946222,9.999999999999999e-05,1.395151159847002,1.904848840152998,2.198648463087255,0.0008382507618611551,0.7090356612526302,0.7105019021444753,0.00365602971745083,1.0,-0.0001001166757444521,1.000872710261898,-0.0008268971088619864,1.0,-0.00315919641533911,1.0,0.0006182790985703986,1.0,-0.007868177294612602,1.0,1.0165015019462222,-1.1102230246251565e-14,1.650150194622202,True
20261218,statistical,27,3.3,5,1,1,ideal,0,0,0,True,0.0001017772927022377,9.999999999999999e-05,1.372868804089066,1.927131195910935,2.198545112236423,0.0008388864743993523,0.6895556132313436,0.6913789463715927,0.0006159844986691269,1.0,0.0001673471449573051,1.000849892296649,-0.001001147459944086,1.0,-0.009554173805208864,1.0,0.000801996175323948,1.0,0.005347857091959032,1.0,1.0177729270223772,-1.1102230246251565e-14,1.7772927022376983,True
20261219,statistical,27,3.3,5,1,1,ideal,0,0,0,True,0.0001010635678263618,9.999999999999999e-05,1.404370212161145,1.895629787838855,2.199126857434422,0.0008353178500203323,0.7312641393725441,0.7307199301234003,0.001821967098235247,1.0,0.001351866067246845,0.9990681872232536,0.001159896733402422,1.0,-0.000716458722259502,1.0,0.0005905726538939877,1.0,0.006209527969724526,1.0,1.010635678263618,-1.1102230246251565e-14,1.0635678263617887,True
20261220,statistical,27,3.3,5,1,1,ideal,0,0,0,True,0.0001011845324111284,9.999999999999999e-05,1.363019974531422,1.936980025468578,2.199027990353503,0.0008359226729448845,0.6912270807481404,0.6908134088899242,-0.003673259633650637,1.0,0.0009300715412443839,0.9987249020258012,0.0007360281425220774,1.0,0.01081202634072585,1.0,0.0002980745699275367,1.0,-0.01155805598665135,1.0,1.0118453241112841,-1.1102230246251565e-14,1.1845324111283917,True
20261221,statistical,27,3.3,5,1,1,ideal,0,0,0,True,0.0001015351621587292,9.999999999999999e-05,1.386459775577884,1.913540224422116,2.198742038416066,0.0008376758216816899,0.6873305695405469,0.6884728681163702,0.003885724980071608,1.0,0.00327108111827998,0.9981210734112784,-0.0009163502620968671,1.0,0.009411251658220269,1.0,0.0002040917633436719,1.0,-0.003140721474455758,1.0,1.0153516215872922,-1.1102230246251565e-14,1.5351621587291975,True
20261222,statistical,27,3.3,5,1,1,ideal,0,0,0,True,0.0001024288043609757,9.999999999999999e-05,1.425740065031905,1.874259934968096,2.19801740885318,0.0008421440326936418,0.7346330050287376,0.7393316455988607,0.00181672374301487,1.0,-0.004430129419736251,1.002070449055133,-0.003602712510979953,1.0,-0.003422997720348917,1.0,0.001080235731218006,1.0,0.005700536746259812,1.0,1.024288043609757,-1.1102230246251565e-14,2.4288043609757004,True
20261223,statistical,27,3.3,5,1,1,ideal,0,0,0,True,0.0001022884891197363,9.999999999999999e-05,1.366450271011947,1.933549728988053,2.198130793041827,0.0008414424564872052,0.6793836899883708,0.683215486296015,-0.00155849958166037,1.0,0.005413626765123818,1.001751715524052,-0.00129246862114523,1.0,0.0001416679920435809,1.0,0.002522667455433869,1.0,-0.01824272362292717,1.0,1.0228848911973631,-1.1102230246251565e-14,2.288489119736292,True
20261224,statistical,27,3.3,5,1,1,ideal,0,0,0,True,0.0001005673950042975,9.999999999999999e-05,1.361081006700744,1.938918993299257,2.199533556682018,0.0008328369859106103,0.6962572581601633,0.693765091911905,0.002460465150256007,1.0,-0.0004889004059434203,0.998841294855218,-0.0001514011184785803,1.0,-0.005505250729059909,1.0,-0.002672111456709025,1.0,-0.008265934032818936,1.0,1.005673950042975,-1.1102230246251565e-14,0.5673950042974996,True
20261225,statistical,27,3.3,5,1,1,ideal,0,0,0,True,0.0001024319222456994,9.999999999999999e-05,1.384166590560893,1.915833409439107,2.198014891047041,0.0008421596221173803,0.6980156843314588,0.7022485710712658,-0.005034891557612298,1.0,-0.002697851258910076,0.9956679611270471,-0.001065819516604263,1.0,0.002086693719887752,1.0,0.003151397421554806,1.0,0.004590842099171951,1.0,1.0243192224569941,-1.1102230246251565e-14,2.4319222456993916,True
20261226,statistical,27,3.3,5,1,1,ideal,0,0,0,True,0.0001011693616643895,9.999999999999999e-05,1.409173487990653,1.890826512009348,2.199040383659276,0.0008358468192111903,0.7226341877004503,0.7226554069804179,-0.002178269110152419,1.0,0.002116087477573398,0.9970987619348511,-0.0007455614710755879,1.0,-0.01209597533550409,1.0,-0.000748728363435165,1.0,0.003907775852311684,1.0,1.011693616643895,-1.1102230246251565e-14,1.169361664389501,True
20261227,statistical,27,3.3,5,1,1,ideal,0,0,0,True,0.0001007813367464329,9.999999999999999e-05,1.41430514150794,1.885694858492061,2.199357963965676,0.0008339066946206879,0.7273160343828775,0.7258954028229786,-0.001766633742102531,1.0,0.001787317751002925,0.9996319496036684,0.001957528721637738,1.0,0.001040194091322585,1.0,0.0005098346786852819,1.0,-0.001899445786543477,1.0,1.007813367464329,-1.1102230246251565e-14,0.7813367464329035,True
20261228,statistical,27,3.3,5,1,1,ideal,0,0,0,True,0.0001006892727582844,9.999999999999999e-05,1.382541643438335,1.917458356561666,2.19943348255019,0.000833446374681983,0.7123144681370073,0.7103895814357932,0.00615073819774506,1.0,0.00608122097851569,1.002627425431652,0.001309897584664199,1.0,0.0129664610408403,1.0,-0.0006426901478980981,1.0,0.00684654644050446,1.0,1.006892727582844,-1.1102230246251565e-14,0.6892727582843872,True
20261229,statistical,27,3.3,5,1,1,ideal,0,0,0,True,0.0001013324076678436,9.999999999999999e-05,1.362668148380803,1.937331851619197,2.198907279195402,0.0008366620492276217,0.6862767800529939,0.6863806533742433,-0.01429795939382212,1.0,-0.0008523409525586997,0.9990050968636536,-0.002316471016562712,1.0,-0.007523245735902502,1.0,-0.00223585669123927,1.0,0.006730416902101809,1.0,1.0133240766784362,-1.1102230246251565e-14,1.3324076678435937,True
20261230,statistical,27,3.3,5,1,1,ideal,0,0,0,True,0.0001001017466874855,9.999999999999999e-05,1.36634506566328,1.93365493433672,2.199916953570204,0.0008305087443281088,0.6892771834027922,0.6850918721340514,-0.003822782274706876,1.0,0.0007555919762073085,1.000957455860352,0.001640025735419151,1.0,-0.0005633986861068882,1.0,-0.002577040806055416,1.0,0.0003686565351922927,1.0,1.001017466874855,-1.1102230246251565e-14,0.10174668748550442,True
20261231,statistical,27,3.3,5,1,1,ideal,0,0,0,True,0.0001010593972310082,9.999999999999999e-05,1.341828419553374,1.958171580446627,2.19913026813686,0.0008352969970432051,0.65182950401704,0.6508833711208086,0.00429320320958383,1.0,-0.002155392448478019,0.999091283696644,0.0004143392265648928,1.0,0.004151954001524918,1.0,-0.0005569364203515179,1.0,0.001329456334147484,1.0,1.010593972310082,-1.1102230246251565e-14,1.0593972310081856,True
20261232,statistical,27,3.3,5,1,1,ideal,0,0,0,True,0.0001018604972401461,9.999999999999999e-05,1.343328470377449,1.956671529622551,2.198477542993591,0.0008393024970891343,0.6614114194602307,0.6632431060306616,-0.000351334545405032,1.0,-0.005316486609744321,0.9977899776649998,2.769231301670362e-05,1.0,0.00447472461654317,1.0,0.001839764640092521,1.0,0.002696653655774712,1.0,1.0186049724014612,-1.1102230246251565e-14,1.8604972401460973,True
20261233,statistical,27,3.3,5,1,1,ideal,0,0,0,True,0.0001015086619966112,9.999999999999999e-05,1.369442990933139,1.930557009066861,2.198763617904254,0.0008375433208720588,0.6847886519386728,0.6856907785033686,0.004015522463578692,1.0,-0.00595104214403634,1.002422554617084,0.003062597455552245,1.0,0.001004130040634924,1.0,0.003942681271820479,1.0,0.0003794396793307789,1.0,1.0150866199661122,-1.1102230246251565e-14,1.5086619966111936,True
20261234,statistical,27,3.3,5,1,1,ideal,0,0,0,True,0.0001020598639345528,9.999999999999999e-05,1.408892826473162,1.891107173526838,2.198315850581225,0.0008402993305608082,0.7030703519661472,0.7062385300634589,0.004349740139093834,1.0,-0.002420566739204362,1.000251120088863,-0.003128612852334019,1.0,-0.01200939764419062,1.0,2.133106531543533e-05,1.0,-0.001247036887669766,1.0,1.020598639345528,-1.1102230246251565e-14,2.059863934552797,True
20261235,statistical,27,3.3,5,1,1,ideal,0,0,0,True,0.0001012580280782628,9.999999999999999e-05,1.333771171144737,1.966228828855263,2.198967974864099,0.0008362901512799575,0.6734851439355114,0.6732289795718434,-0.006558682611157867,1.0,0.002810954329070362,0.999946791619292,-0.0006858613988552474,1.0,-0.002971420338304831,1.0,-0.0009658038161266124,1.0,-0.006631040917680737,1.0,1.012580280782628,-1.1102230246251565e-14,1.2580280782628073,True
20261236,statistical,27,3.3,5,1,1,ideal,0,0,0,True,0.0001022248411088035,9.999999999999999e-05,1.357592197018213,1.942407802981787,2.198182273045729,0.0008411242164321814,0.6733841658582116,0.6767334579827418,0.001653323210354552,1.0,-0.0001661734037204007,1.000306821300006,-0.003649519005622433,1.0,-0.009711844038980181,1.0,-0.0003173264148578872,1.0,0.0008820448909123015,1.0,1.022248411088035,-1.1102230246251565e-14,2.224841108803499,True
20261237,statistical,27,3.3,5,1,1,ideal,0,0,0,True,0.0001028118419829162,9.999999999999999e-05,1.308114642784098,1.991885357215903,2.197708628726128,0.0008440592208046627,0.6309614945731614,0.6360202488211989,-0.00711128478809776,1.0,-0.002585248880106538,0.9989999094208828,-0.003280664158956848,1.0,-0.003938411866182438,1.0,0.001765042318286778,1.0,0.005142564148393297,1.0,1.028118419829162,-1.1102230246251565e-14,2.8118419829161967,True
20261238,statistical,27,3.3,5,1,1,ideal,0,0,0,True,0.0001012202070746184,9.999999999999999e-05,1.397996665191733,1.902003334808267,2.198998853834589,0.0008361010462628139,0.7044571052459999,0.7045457430937045,-0.004916223624726162,1.0,-0.002723186257642049,1.002425943905969,0.0006771334121763198,1.0,0.002604740650915676,1.0,0.0007417389317307058,1.0,0.01072328274933363,1.0,1.012202070746184,-1.1102230246251565e-14,1.2202070746183846,True
20261239,statistical,27,3.3,5,1,1,ideal,0,0,0,True,0.0001009382529583504,9.999999999999999e-05,1.393841170800037,1.906158829199963,2.199229397334687,0.0008346912756805151,0.6972103893013825,0.6962223017079083,-0.006705305437809801,1.0,0.005419588915252584,1.000769524430738,-0.0008226493294841913,1.0,0.00970451389231826,1.0,-0.001836714834257419,1.0,-0.007926281813202377,1.0,1.009382529583504,-1.1102230246251565e-14,0.938252958350394,True
20261240,statistical,27,3.3,5,1,1,ideal,0,0,0,True,0.0001006003383829714,9.999999999999999e-05,1.420066388377817,1.879933611622183,2.199506495563087,0.0008330017028036201,0.733048148543678,0.7311441297513684,0.0002268703342821384,1.0,-0.0004021044432349972,0.9976342502531191,0.002106876718486955,1.0,-0.0007805556378533957,1.0,0.0001745437743997949,1.0,-0.002253932141797703,1.0,1.0060033838297142,-1.1102230246251565e-14,0.6003383829713993,True
20261241,statistical,27,3.3,5,1,1,ideal,0,0,0,True,0.0001018416868941009,9.999999999999999e-05,1.372929415374925,1.927070584625076,2.19849281408047,0.0008392084453595077,0.6751342443605882,0.6772955562069456,0.006722696961942956,1.0,0.0007500626552912074,1.000544982423135,-0.001737949080767099,1.0,0.000311545601628579,1.0,0.0004036197458082517,1.0,-0.004178490282339833,1.0,1.0184168689410091,-1.1102230246251565e-14,1.8416868941008913,True
20261242,statistical,27,3.3,5,1,1,ideal,0,0,0,True,9.933902289882459e-05,9.999999999999999e-05,1.349990707124192,1.950009292875808,2.200548585791005,0.0008266951253827664,0.6793788457094571,0.6723323048657703,-0.009727996462171276,1.0,-0.001241526483092295,0.9974293772508471,0.003843173356116489,1.0,-0.002993597457158683,1.0,-0.003240387072786907,1.0,-0.009992318061993485,1.0,0.993390228988246,-1.1102230246251565e-14,-0.6609771011754084,True
20261243,statistical,27,3.3,5,1,1,ideal,0,0,0,True,0.0001017596165908898,9.999999999999999e-05,1.366275156890686,1.933724843109314,2.198559473435412,0.0008387980938433318,0.6870112625523651,0.6887982146352458,-0.003062231397893182,1.0,-0.002660327702330857,1.000210659213306,-0.0009489754320155002,1.0,-0.006496030211703153,1.0,0.0008176641766624726,1.0,2.188957287992591e-05,1.0,1.0175961659088981,-1.1102230246251565e-14,1.7596165908897898,True
20261244,statistical,27,3.3,5,1,1,ideal,0,0,0,True,0.0001019559085731138,9.999999999999999e-05,1.334595144277905,1.965404855722095,2.198400124503101,0.0008397795537542123,0.6433522512233837,0.6456407499068715,-0.0151344826863274,1.0,0.002534361520202045,1.001126586148536,-0.002940144026090913,1.0,0.005280059678176214,1.0,-0.0006706009439008317,1.0,0.002544011396272459,1.0,1.019559085731138,-1.1102230246251565e-14,1.9559085731137849,True
20261245,statistical,27,3.3,5,1,1,ideal,0,0,0,True,0.0001010590551332625,9.999999999999999e-05,1.28544785612238,2.01455214387762,2.19913054790938,0.0008352952865543566,0.6142630065258097,0.612934368449824,0.006179293479043859,1.0,0.001244005227771128,1.00125913349955,0.0009334852942204378,1.0,-0.01575869988455141,1.0,-0.0004203005368225006,1.0,-0.003034705515959068,1.0,1.010590551332625,-1.1102230246251565e-14,1.0590551332624987,True
20261246,statistical,27,3.3,5,1,1,ideal,0,0,0,True,9.884724559944394e-05,9.999999999999999e-05,1.420091651032862,1.879908348967138,2.20095826103715,0.0008242362388857432,0.7305327960102825,0.7221121244916404,-0.00425602516979869,1.0,0.002183623757436747,1.002265703944981,0.002498655793490574,1.0,0.004980606829045275,1.0,-0.005962429113516765,1.0,0.01659308478686873,1.0,0.9884724559944394,-1.1102230246251565e-14,-1.1527544005560664,True
20261247,statistical,27,3.3,5,1,1,ideal,0,0,0,True,0.0001005221084136955,9.999999999999999e-05,1.378815916250488,1.921184083749512,2.199570770641606,0.0008326105529574805,0.7012914573592278,0.6986590579184287,-0.01066233957720718,1.0,0.002059191819257726,1.00412961310307,0.0002987369901362045,1.0,-0.001557424286550577,1.0,-0.002362513884044499,1.0,0.0005537161778854751,1.0,1.005221084136955,-1.1102230246251565e-14,0.5221084136954879,True
20261248,statistical,27,3.3,5,1,1,ideal,0,0,0,True,0.0001010913319192176,9.999999999999999e-05,1.402652736164332,1.897347263835668,2.199104155396221,0.0008354566704847314,0.7124271833035082,0.7120897812270967,0.00647505529894968,1.0,0.004238807082653982,0.9982152190843924,-0.0009624977216740704,1.0,0.000568362835327328,1.0,-0.001324822228594257,1.0,-0.00384227570876721,1.0,1.0109133191921762,-1.1102230246251565e-14,1.0913319192175974,True
20261249,statistical,27,3.3,5,1,1,ideal,0,0,0,True,9.968823261200646e-05,9.999999999999999e-05,1.364417286664576,1.935582713335425,2.200258832254565,0.000828441173948436,0.6843284214428162,0.67856337297117,-0.01071068641322776,1.0,0.001850319101689174,0.9989157395476872,0.003437583938093824,1.0,0.0002348933036590689,1.0,-0.00236207242389042,1.0,0.005318790560323144,1.0,0.9968823261200648,-1.1102230246251565e-14,-0.31176738799354453,True
20261250,statistical,27,3.3,5,1,1,ideal,0,0,0,True,0.0001022823174418476,9.999999999999999e-05,1.303878927620768,1.996121072379232,2.198135783523696,0.000841411598097282,0.632469942518374,0.6356278908866668,0.009115892972695988,1.0,0.0145998828037561,1.003970985175607,-0.002277350641138529,1.0,-0.008088987023514186,1.0,0.0008638923235842883,1.0,0.005251937763170745,1.0,1.0228231744184761,-1.1102230246251565e-14,2.282317441847592,True
20261251,statistical,27,3.3,5,1,1,ideal,0,0,0,True,0.0001023932966847453,9.999999999999999e-05,1.379836912351893,1.920163087648108,2.198046087675474,0.0008419664943123699,0.6886799404490812,0.6928382382782733,-0.006963760178067688,1.0,-0.007842074525421896,0.9991242195211731,-0.00469107276674061,1.0,-0.004654779404566769,1.0,-0.0005487107000084507,1.0,0.007266218153357516,1.0,1.023932966847453,-1.1102230246251565e-14,2.393296684745305,True
20261252,statistical,27,3.3,5,1,1,ideal,0,0,0,True,0.0001008055895182593,9.999999999999999e-05,1.407866720613719,1.892133279386282,2.19933808059397,0.0008340279584804193,0.7180267608596216,0.7167305525088974,-0.003048121050548377,1.0,0.001638633767646221,1.000898711216347,-0.0003902278873987117,1.0,0.0073721797697512,1.0,-0.001713332259413374,1.0,-0.006052851149109161,1.0,1.008055895182593,-1.1102230246251565e-14,0.8055895182593087,True
20261253,statistical,27,3.3,5,1,1,ideal,0,0,0,True,0.0001017262639670981,9.999999999999999e-05,1.40300989614212,1.89699010385788,2.198586577609162,0.0008386313307246132,0.7182205523353172,0.7201745467516858,-0.001639455098077394,1.0,-0.001746736398259245,1.001609441597515,-0.002164307780607706,1.0,0.003539730239938846,1.0,-0.0002308546238650375,1.0,0.001148890581520729,1.0,1.0172626396709812,-1.1102230246251565e-14,1.7262639670980962,True
20261254,statistical,27,3.3,5,1,1,ideal,0,0,0,True,9.96778406073097e-05,9.999999999999999e-05,1.43049216744589,1.869507832554111,2.200267441145298,0.0008283892139248322,0.7536428776508459,0.748535381201198,0.003352629542160342,1.0,-0.005483883901798318,0.997232163482124,0.002521967231877744,1.0,0.006449592605143713,1.0,-0.002620216104644924,1.0,-0.001170466144969645,1.0,0.9967784060730971,-1.1102230246251565e-14,-0.32215939269030214,True
20261255,statistical,27,3.3,5,1,1,ideal,0,0,0,True,0.0001000210238132872,9.999999999999999e-05,1.389142954418627,1.910857045581373,2.199983588006146,0.000830105129956278,0.7063306353128203,0.7019588341808662,-0.005196422417402158,1.0,0.004376165467325426,0.999611823538724,0.001265357356527581,1.0,0.001909114409320686,1.0,-0.003138753942486569,1.0,0.002126350926734542,1.0,1.0002102381328721,-1.1102230246251565e-14,0.02102381328719094,True
20261256,statistical,27,3.3,5,1,1,ideal,0,0,0,True,0.0001017997628701862,9.999999999999999e-05,1.369688921347713,1.930311078652287,2.198526859419072,0.000838998825239095,0.688921402222405,0.690909832500884,0.008640088928071743,1.0,-0.006598751101842149,1.00116683278412,-0.002286708895323706,1.0,0.008023164813667594,1.0,-0.0003183135316012154,1.0,0.003610216613524622,1.0,1.0179976287018622,-1.1102230246251565e-14,1.7997628701861945,True
20261257,statistical,27,3.3,5,1,1,ideal,0,0,0,True,0.0001005736269250547,9.999999999999999e-05,1.405143666999774,1.894856333000226,2.19952843687385,0.0008328681455136771,0.7123775688645514,0.7100836473396215,-0.009710288051702726,1.0,0.003984489056691247,0.9946824109961302,0.001139514896264087,1.0,0.008253110297689763,1.0,-0.001182900447624135,1.0,0.007229419702050133,1.0,1.0057362692505472,-1.1102230246251565e-14,0.5736269250546933,True
20261258,statistical,27,3.3,5,1,1,ideal,0,0,0,True,0.0001004648860609549,9.999999999999999e-05,1.416104888807779,1.883895111192221,2.199617815259444,0.0008323244411929381,0.7449110867830956,0.7424564727760228,-0.00747438367971257,1.0,-0.0006903221847945825,1.003306306643692,0.001297803266834513,1.0,0.002285147555591297,1.0,-0.001186062929920728,1.0,-0.01359909441502321,1.0,1.0046488606095492,-1.1102230246251565e-14,0.4648860609548944,True
20261259,statistical,27,3.3,5,1,1,ideal,0,0,0,True,0.0001009074366039044,9.999999999999999e-05,1.391163505693505,1.908836494306495,2.199254631375069,0.0008345371939078056,0.7036028809137485,0.7025014168603008,0.009132325683008553,1.0,-0.003304249546582609,0.9995871207257846,-0.0007357442076749574,1.0,0.003599722978698284,1.0,-0.001863401206951863,1.0,-0.002022389006231846,1.0,1.009074366039044,-1.1102230246251565e-14,0.9074366039043991,True
