seed,library,temperature_c,logic_v,led_supply_v,local_mismatch,global_variation,reference,calibration_error,tc_ppm,line_ppm_v,pwm_on,iout,iref,bias,headroom,led_k,power_w,out_vth,ref_vth,x0_dvth,x0_mulu0,x1_dvth,x1_mulu0,x2_dvth,x2_mulu0,x3_dvth,x3_mulu0,x4_dvth,x4_mulu0,x5_dvth,x5_mulu0,mirror_ratio,reference_error_pct,absolute_error_pct,absolute_current_budget_pass
20261004,typical,27,3.3,5,1,0,ideal,0,0,0,True,0.00010210144993977,9.999999999999999e-05,1.387709143953365,1.912290856046635,2.198282160435697,0.000840507261730832,0.70191873677428,0.7050556003456218,-0.001964534281406865,1.0,-0.003184419296273099,1.001000935035619,0.0001896901767626489,1.0,8.659020094562709e-05,1.0,0.003308602645944717,1.0,-0.009716322146445345,1.0,1.0210144993977002,-1.1102230246251565e-14,2.101449939769995,True
20261005,typical,27,3.3,5,1,0,ideal,0,0,0,True,0.000101699504219205,9.999999999999999e-05,1.386768187555004,1.913231812444996,2.198608330080533,0.0008384975331281265,0.7024519672069904,0.7041484593005336,0.002954698018581346,1.0,-0.001559386258943305,0.999039917674632,0.0007258316747337894,1.0,-0.0106905909275773,1.0,0.002401598015457192,1.0,0.001105518011193261,1.0,1.01699504219205,-1.1102230246251565e-14,1.6995042192049947,True
20261006,typical,27,3.3,5,1,0,ideal,0,0,0,True,0.0001014947107954391,9.999999999999999e-05,1.385325098455772,1.914674901544228,2.198774980705978,0.0008374735660092971,0.7018019207418171,0.7027565096058924,-0.004441318171449941,1.0,0.003508429838598729,0.9987161330113852,7.72684164250961e-05,1.0,-0.01186770981302498,1.0,0.001009717823896058,1.0,0.002978947255065226,1.0,1.014947107954391,-1.1102230246251565e-14,1.4947107954390804,True
20261007,typical,27,3.3,5,1,0,ideal,0,0,0,True,0.0001014434690188749,9.999999999999999e-05,1.382562427849643,1.917437572150357,2.198816728058888,0.0008372173571263566,0.6993396294398745,0.7000909700467773,-0.002480742574951055,1.0,0.003127182775864493,0.9989452892355686,-0.002384651768787085,1.0,0.003218767425208999,1.0,-0.001655804346925263,1.0,-0.00536635479757717,1.0,1.014434690188749,-1.1102230246251565e-14,1.4434690188748878,True
20261008,typical,27,3.3,5,1,0,ideal,0,0,0,True,0.0001002027694290887,9.999999999999999e-05,1.38305506772601,1.91694493227399,2.199833633250672,0.0008310138591775453,0.704259897315513,0.7005682951533373,0.007393481850449108,1.0,-4.06284909650119e-06,0.9986306669174446,0.002544601877585323,1.0,0.005401585510434783,1.0,-0.001178058161436658,1.0,-3.593578336850196e-05,1.0,1.002027694290887,-1.1102230246251565e-14,0.20276942908867834,True
20261009,typical,27,3.3,5,1,0,ideal,0,0,0,True,0.0001018709285073029,9.999999999999999e-05,1.385426623504557,1.914573376495443,2.198469075561334,0.000839354654568616,0.7005555490052742,0.7028538654291148,-0.003845073517560099,1.0,-0.000546643254337671,0.9999709246287304,-0.001171828057225963,1.0,0.002431175496035539,1.0,0.001106945963499867,1.0,-0.003087594249006638,1.0,1.018709285073029,-1.1102230246251565e-14,1.8709285073029047,True
20261010,typical,27,3.3,5,1,0,ideal,0,0,0,True,0.0001022713753024575,9.999999999999999e-05,1.388916125889265,1.911083874110735,2.198144632144035,0.0008413568885442693,0.7024687185612989,0.706219703915453,-0.001153464943796613,1.0,0.001501293141613185,0.9992890329001916,0.0007384412936939285,1.0,0.007436132563033426,1.0,0.004472648546300181,1.0,0.005585899096540435,1.0,1.0227137530245751,-1.1102230246251565e-14,2.27137530245749,True
20261011,typical,27,3.3,5,1,0,ideal,0,0,0,True,0.000100985528093659,9.999999999999999e-05,1.384543107846297,1.915456892153704,2.199190700041577,0.0008349276525005168,0.7028753063229058,0.7020028282161156,0.006832136896383303,1.0,0.008087914363690421,0.9974306216168264,0.001154341741194448,1.0,0.004642080407106708,1.0,0.0002562092438275872,1.0,0.01241937761525784,1.0,1.00985528093659,-1.1102230246251565e-14,0.9855280936589939,True
20261012,typical,27,3.3,5,1,0,ideal,0,0,0,True,0.0001016279762901141,9.999999999999999e-05,1.386353054749214,1.913646945250786,2.198666500103106,0.0008381398934826724,0.7023099763556737,0.7037480662081,-0.002110435571382488,1.0,0.001853059785585875,1.000775687209754,0.00058435886080889,1.0,-0.01008703774335,1.0,0.002001229198356493,1.0,-0.008997280315850509,1.0,1.016279762901141,-1.1102230246251565e-14,1.627976290114086,True
20261013,typical,27,3.3,5,1,0,ideal,0,0,0,True,0.0001008316160673707,9.999999999999999e-05,1.383019953632513,1.916980046367487,2.19931674800631,0.0008341580923688354,0.7019682825341438,0.7005334153433941,0.002569266914224281,1.0,0.002817546862356797,0.9996164271934468,0.0002484326600048545,1.0,0.01088006073719023,1.0,-0.001213151394405087,1.0,0.001314630205227231,1.0,1.008316160673707,-1.1102230246251565e-14,0.8316160673706996,True
20261014,typical,27,3.3,5,1,0,ideal,0,0,0,True,0.0001012934944396306,9.999999999999999e-05,1.383681476996467,1.916318523003533,2.198939028177501,0.0008364674842302546,0.7009475968115458,0.7011709826280398,-0.006760011243393812,1.0,-0.0006267239939935169,1.00206567718511,-0.0007755982110789275,1.0,0.001485574505919524,1.0,-0.0005757408650755459,1.0,-0.003352712540625203,1.0,1.012934944396306,-1.1102230246251565e-14,1.2934944396306047,True
20261015,typical,27,3.3,5,1,0,ideal,0,0,0,True,0.0001013338032343326,9.999999999999999e-05,1.385616841020849,1.914383158979152,2.198906140776786,0.0008366690282036451,0.7026566481032008,0.7030382412285648,0.003853817880258088,1.0,-0.005742668776689785,0.9983310608577873,0.0009331611451821524,1.0,-0.002691138122762175,1.0,0.001291504056899169,1.0,0.007324501314643958,1.0,1.013338032343326,-1.1102230246251565e-14,1.333803234332609,True
20261016,typical,27,3.3,5,1,0,ideal,0,0,0,True,0.0001024515549488426,9.999999999999999e-05,1.385520176504766,1.914479823495234,2.197999038571345,0.000842257786776315,0.6985761697299351,0.7029432049853871,0.001378278392250517,1.0,-0.001237806565758677,1.001517568801154,-0.003155412471277241,1.0,0.0006963493984544692,1.0,0.001196088462344997,1.0,0.004764374102157048,1.0,1.0245155494884262,-1.1102230246251565e-14,2.4515549488425936,True
20261017,typical,27,3.3,5,1,0,ideal,0,0,0,True,0.0001007482421546725,9.999999999999999e-05,1.381484768982375,1.918515231017625,2.199385103457499,0.0008337412228054643,0.7007969656182036,0.6990521895588071,-0.007877703796151216,1.0,-0.0004626611715611133,1.002171124902741,-0.0009222804198525412,1.0,-0.01083087626021317,1.0,-0.002694348884286771,1.0,-0.01233816583002314,1.0,1.007482421546725,-1.1102230246251565e-14,0.7482421546724849,True
20261018,typical,27,3.3,5,1,0,ideal,0,0,0,True,0.0001015881949019216,9.999999999999999e-05,1.386336308666248,1.913663691333752,2.198698868910676,0.00083794098654171,0.7024360683440414,0.7037319731089494,0.005752918020585441,1.0,-0.001735099881191994,1.003371877414067,0.0007107389639943152,1.0,-0.006578302989069465,1.0,0.001985149600501777,1.0,0.005062416586912334,1.0,1.0158819490192161,-1.1102230246251565e-14,1.5881949019215913,True
20261019,typical,27,3.3,5,1,0,ideal,0,0,0,True,0.0001013309950565712,9.999999999999999e-05,1.384641611468994,1.915358388531006,2.198908431533066,0.0008366549873149578,0.7017328584959839,0.7020973207582346,0.002464672227630361,1.0,0.007747269603141408,0.9986417189557254,9.39187615738501e-06,1.0,0.01012942874938728,1.0,0.0003505845387357816,1.0,0.002690378270244297,1.0,1.0133099505657122,-1.1102230246251565e-14,1.3309950565711937,True
20261020,typical,27,3.3,5,1,0,ideal,0,0,0,True,0.0001022505443642387,9.999999999999999e-05,1.385274387666736,1.914725612333264,2.198161480031072,0.0008412527338534149,0.699056475954799,0.70270638356514,0.002021241856581874,1.0,0.004824190329625882,0.9984189038761265,-0.002673650446422907,1.0,-0.003063938048249067,1.0,0.0009593352623971742,1.0,-0.006940442497169999,1.0,1.022505443642387,-1.1102230246251565e-14,2.2505443642386824,True
20261021,typical,27,3.3,5,1,0,ideal,0,0,0,True,0.0001003711025343392,9.999999999999999e-05,1.382980636293915,1.917019363706085,2.199694972624108,0.0008318555247037975,0.7035835180094037,0.7004962085480614,0.007971380156421877,1.0,0.00154492064562947,0.9974555948291142,0.001867003412598814,1.0,0.006690090799853604,1.0,-0.001250201897021773,1.0,-0.005019141840075906,1.0,1.003711025343392,-1.1102230246251565e-14,0.37110253433920715,True
20261022,typical,27,3.3,5,1,0,ideal,0,0,0,True,0.0001033269908970914,9.999999999999999e-05,1.388332802935741,1.911667197064259,2.197295045896465,0.0008466349665174392,0.6981595584084578,0.7056553056969839,-0.001424826539686858,1.0,-0.005412288494582303,1.000922179062895,-0.00357836402378514,1.0,0.002245654703508604,1.0,0.003907892064379753,1.0,-0.001551203922442319,1.0,1.033269908970914,-1.1102230246251565e-14,3.3269908970913864,True
20261023,typical,27,3.3,5,1,0,ideal,0,0,0,True,0.0001016710431649272,9.999999999999999e-05,1.38581530205582,1.91418469794418,2.19863147140584,0.0008383552278568576,0.7016412583855323,0.7032291814573524,0.01096446819827523,1.0,0.005870168260030412,1.00124894131348,-8.467101898360892e-05,1.0,-0.00785989727883781,1.0,0.001482329830727119,1.0,-0.004651044292964601,1.0,1.016710431649272,-1.1102230246251565e-14,1.6710431649271884,True
20261024,typical,27,3.3,5,1,0,ideal,0,0,0,True,0.0001020772154105777,9.999999999999999e-05,1.382729270904188,1.917270729095812,2.198301792032954,0.0008403860890848704,0.6972371694691364,0.7002509548917436,-0.0002892324008054538,1.0,-0.004610632946182905,1.000455312106423,-0.00449170161146342,1.0,-0.004504924491018858,1.0,-0.001496034587611898,1.0,0.005174905837696685,1.0,1.020772154105777,-1.1102230246251565e-14,2.077215410577704,True
20261025,typical,27,3.3,5,1,0,ideal,0,0,0,True,0.000101627562893082,9.999999999999999e-05,1.385481597110473,1.914518402889528,2.19866683640953,0.0008381378264975117,0.7014770453306044,0.7029072907543755,0.004965159363550144,1.0,0.002798279135667754,1.000886195592035,-0.0002485691702066727,1.0,-0.00610508303605998,1.0,0.001160453884123761,1.0,0.00440015763226499,1.0,1.0162756289308201,-1.1102230246251565e-14,1.6275628930819908,True
20261026,typical,27,3.3,5,1,0,ideal,0,0,0,True,0.0001019067970691302,9.999999999999999e-05,1.386508823034671,1.91349117696533,2.198439965975694,0.0008395339973777529,0.7014637212784767,0.7038979047405705,0.01247320430404477,1.0,0.004577086039843142,0.9991439066658736,-0.0002639155597820972,1.0,0.004418126521602672,1.0,0.002150973102578034,1.0,0.005636455275398589,1.0,1.0190679706913022,-1.1102230246251565e-14,1.906797069130195,True
20261027,typical,27,3.3,5,1,0,ideal,0,0,0,True,0.0001015282166711308,9.999999999999999e-05,1.383202188650644,1.916797811349357,2.19874769372185,0.0008376410953877557,0.6996493612354292,0.7007081491462067,-0.001410522774268631,1.0,0.0002224010016770516,0.9995431947115759,-0.002075533754780803,1.0,0.0004890479827132647,1.0,-0.001038654009233708,1.0,-0.006247577553688578,1.0,1.015282166711308,-1.1102230246251565e-14,1.528216671130811,True
20261028,typical,27,3.3,5,1,0,ideal,0,0,0,True,0.0001017194071781659,9.999999999999999e-05,1.386767873288948,1.913232126711052,2.198592150845903,0.0008385970479229312,0.702380591893061,0.7041481245299749,0.000753460275892626,1.0,0.006112369702976127,1.000808832916995,0.000654312214698433,1.0,0.000672480974721324,1.0,0.002401256490078562,1.0,0.002090282782382714,1.0,1.0171940717816592,-1.1102230246251565e-14,1.7194071781658993,True
20261029,typical,27,3.3,5,1,0,ideal,0,0,0,True,0.000102274090290745,9.999999999999999e-05,1.387407832344267,1.912592167655734,2.198142436521558,0.0008413704634858268,0.7010151321709267,0.7047646426865528,0.01215701579456799,1.0,-0.001906129040474764,0.9990040533540427,-0.0007151647596595005,1.0,-0.002534930648341031,1.0,0.003017586394561861,1.0,-0.0006159877860991461,1.0,1.0227409029074501,-1.1102230246251565e-14,2.27409029074499,True
20261030,typical,27,3.3,5,1,0,ideal,0,0,0,True,0.0001009088704725904,9.999999999999999e-05,1.384270899421041,1.915729100578959,2.199253457088017,0.0008345443643950536,0.7028893374543985,0.7017403088474601,0.005321655818537338,1.0,0.003546869874772667,0.999824962738574,0.00116892806515266,1.0,-0.0006397057252230105,1.0,-6.284108405376137e-06,1.0,0.006048844791527458,1.0,1.009088704725904,-1.1102230246251565e-14,0.9088704725904062,True
20261031,typical,27,3.3,5,1,0,ideal,0,0,0,True,0.0001020965175140133,9.999999999999999e-05,1.386241947193508,1.913758052806492,2.198286155677623,0.0008404825996019286,0.7005316497708427,0.70364012862661,0.0131814383993375,1.0,-0.009391152821871588,1.003939811498465,-0.001197361103897706,1.0,-0.0009683382520374982,1.0,0.001893132599573461,1.0,-0.009417527222229816,1.0,1.020965175140133,-1.1102230246251565e-14,2.0965175140132963,True
20261032,typical,27,3.3,5,1,0,ideal,0,0,0,True,0.0001028965744148848,9.999999999999999e-05,1.387123379930181,1.91287662006982,2.197640468686878,0.0008444828841065256,0.6985289513904532,0.704489232512193,-0.01102101477800284,1.0,-0.00115805233079446,0.9962470125230459,-0.003205853812571399,1.0,-0.009588641697220597,1.0,0.00274196495651874,1.0,0.002890089089483517,1.0,1.028965744148848,-1.1102230246251565e-14,2.8965744148848005,True
20261033,typical,27,3.3,5,1,0,ideal,0,0,0,True,0.0001017433883463283,9.999999999999999e-05,1.385995800533284,1.914004199466717,2.198572660356593,0.000838716953763863,0.7015557398175207,0.7034032103908133,0.004046524725609812,1.0,0.005572072968263942,0.9992475308172096,-0.0001707135430866334,1.0,-0.0008220634949661986,1.0,0.001656334211286027,1.0,0.003895873362369481,1.0,1.017433883463283,-1.1102230246251565e-14,1.7433883463283006,True
20261034,typical,27,3.3,5,1,0,ideal,0,0,0,True,0.0001014739111609266,9.999999999999999e-05,1.386109834509582,1.913890165490419,2.198791924057327,0.0008373695678366147,0.7026276664164677,0.7035136565486835,0.002296695070044587,1.0,-0.002850691639928403,0.9984586314788924,0.0009031647315697323,1.0,0.004284057175606183,1.0,0.001766871826543247,1.0,0.003319089338561779,1.0,1.014739111609266,-1.1102230246251565e-14,1.4739111609265887,True
20261035,typical,27,3.3,5,1,0,ideal,0,0,0,True,0.0001015670112244961,9.999999999999999e-05,1.383956184427109,1.916043815572892,2.198716110226961,0.0008378350681544624,0.7002327451825308,0.701435607164277,0.009412246710863893,1.0,0.001130786048811306,0.9998114917200076,-0.00149243077557759,1.0,-0.009630382988750926,1.0,-0.0003112091568810561,1.0,0.002532008447424707,1.0,1.0156701122449612,-1.1102230246251565e-14,1.5670112244960954,True
20261036,typical,27,3.3,5,1,0,ideal,0,0,0,True,0.0001008136965637475,9.999999999999999e-05,1.384665186136914,1.915334813863086,2.199331435122444,0.0008340684948508394,0.7036081235832258,0.7021208875020786,0.004807146875611891,1.0,0.0009095582420001371,1.000736635423178,0.001888403491066537,1.0,-0.003532377377344307,1.0,0.0003743268474526242,1.0,-0.002285131253540692,1.0,1.0081369656374752,-1.1102230246251565e-14,0.8136965637475013,True
20261037,typical,27,3.3,5,1,0,ideal,0,0,0,True,0.0001012550658325963,9.999999999999999e-05,1.382802053879755,1.917197946120246,2.198970392999664,0.0008362753411950832,0.7002429307168782,0.700322489249989,-0.003058393980404164,1.0,-0.001679728763996274,1.001182333658813,-0.001479985987512911,1.0,-0.01289626473617606,1.0,-0.001424221201735272,1.0,0.01267228400347793,1.0,1.0125506583259631,-1.1102230246251565e-14,1.2550658325962916,True
20261038,typical,27,3.3,5,1,0,ideal,0,0,0,True,0.0001024068889251452,9.999999999999999e-05,1.385801523511724,1.914198476488277,2.198035108399553,0.0008420344566578277,0.6990044871437595,0.7032147203191756,0.0004156353193103134,1.0,0.001005027889033331,1.000144606635481,-0.002726771568276407,1.0,-0.009782116383867258,1.0,0.001467618955495632,1.0,0.005524856065475221,1.0,1.024068889251452,-1.1102230246251565e-14,2.406888925145201,True
20261039,typical,27,3.3,5,1,0,ideal,0,0,0,True,0.0001014440535875706,9.999999999999999e-05,1.384815697421389,1.915184302578611,2.198816251691431,0.0008372202799699548,0.701495241313913,0.7022651064275461,-0.001220414310655045,1.0,0.007273131534832951,1.0000698004745,-0.0002290441285777739,1.0,-0.001791517910542893,1.0,0.0005183318375187426,1.0,0.007029758446198407,1.0,1.014440535875706,-1.1102230246251565e-14,1.444053587570604,True
20261040,typical,27,3.3,5,1,0,ideal,0,0,0,True,0.0001025967240725335,9.999999999999999e-05,1.387882353997546,1.912117646002454,2.197881909754447,0.0008429836323946495,0.7003211283574583,0.7052219134548972,-1.233808110032523e-05,1.0,-0.001541252895952729,1.00029495450258,-0.001411505215769566,1.0,0.000712092655155522,1.0,0.003474747665413179,1.0,-0.001738582307053652,1.0,1.025967240725335,-1.1102230246251565e-14,2.5967240725335072,True
20261041,typical,27,3.3,5,1,0,ideal,0,0,0,True,0.0001005679027239771,9.999999999999999e-05,1.383509091623841,1.91649090837616,2.199533139555907,0.0008328395256519874,0.7033828300756858,0.7010058020744102,0.01334803394828722,1.0,0.002171183325340817,1.001001911745873,0.001664890148356752,1.0,-0.006444598892276086,1.0,-0.000740675161814832,1.0,-0.0005924383157229488,1.0,1.005679027239771,-1.1102230246251565e-14,0.5679027239770873,True
20261042,typical,27,3.3,5,1,0,ideal,0,0,0,True,0.0001004535409506814,9.999999999999999e-05,1.38089272260735,1.919107277392651,2.199627145484541,0.0008322677167853889,0.7012875866659319,0.6984813442241226,-0.00918509358156565,1.0,0.002544420556398017,1.001607781865681,-0.0004295249934503136,1.0,-0.001401576450759836,1.0,-0.003265094201467279,1.0,-0.003224354740505117,1.0,1.004535409506814,-1.1102230246251565e-14,0.453540950681397,True
20261043,typical,27,3.3,5,1,0,ideal,0,0,0,True,0.0001024070653145016,9.999999999999999e-05,1.385281881200429,1.914718118799571,2.198034965928175,0.0008420353386046099,0.6985063595079484,0.7027133650827486,0.01299302543749283,1.0,0.003839362117050165,1.002764707440052,-0.003224900481544242,1.0,-0.004646180062096806,1.0,0.0009662636587116736,1.0,0.006038476585508433,1.0,1.024070653145016,-1.1102230246251565e-14,2.4070653145015886,True
20261044,typical,27,3.3,5,1,0,ideal,0,0,0,True,0.0001002090126806578,9.999999999999999e-05,1.383792374098329,1.916207625901671,2.199828486606205,0.0008310450754352708,0.7049436170480236,0.7012797059501988,5.308330359933914e-05,1.0,-0.00414814322146085,0.9987815892252012,0.003228276393037832,1.0,0.003711702764944277,1.0,-0.000466649482774895,1.0,-0.004285279292622728,1.0,1.002090126806578,-1.1102230246251565e-14,0.209012680657783,True
20261045,typical,27,3.3,5,1,0,ideal,0,0,0,True,0.0001010681341013643,9.999999999999999e-05,1.382570464952989,1.917429535047011,2.199123123297693,0.0008353406825389233,0.7006903030085885,0.7000993209230423,-0.0005703470888215078,1.0,-0.002171320724533684,0.99915901367172,-0.001031259846214294,1.0,-0.006003627800051889,1.0,-0.001647326086529735,1.0,0.01625505545926418,1.0,1.010681341013643,-1.1102230246251565e-14,1.0681341013643042,True
20261046,typical,27,3.3,5,1,0,ideal,0,0,0,True,0.0001014997197010849,9.999999999999999e-05,1.386326395004633,1.913673604995368,2.198770900945789,0.0008374986105374063,0.7027427642525732,0.7037225490323694,0.003800865344249653,1.0,0.001410479991859415,0.99752259303736,0.001018075650334773,1.0,0.004601586276759088,1.0,0.001975755551323098,1.0,-0.007712288320305525,1.0,1.0149971970108491,-1.1102230246251565e-14,1.4997197010848895,True
20261047,typical,27,3.3,5,1,0,ideal,0,0,0,True,0.0001018486025258659,9.999999999999999e-05,1.383544889222342,1.916455110777658,2.198487199351216,0.0008392430246613116,0.6988334490870771,0.7010383103165478,-0.009921115937495806,1.0,-0.005861348924407312,0.999814249883384,-0.002893766280835029,1.0,0.00934764847967292,1.0,-0.0007086015736234561,1.0,-0.001715224149696541,1.0,1.0184860252586592,-1.1102230246251565e-14,1.8486025258658945,True
20261048,typical,27,3.3,5,1,0,ideal,0,0,0,True,0.0001015165235399919,9.999999999999999e-05,1.38644023511513,1.91355976488487,2.198757215577396,0.0008375826297319414,0.7027917016820017,0.7038323523916823,0.005131120754937235,1.0,0.00133769125829999,0.9998461781288374,0.001066891378644324,1.0,0.0008533423998921461,1.0,0.002085553207719612,1.0,-0.01049290443293293,1.0,1.015165235399919,-1.1102230246251565e-14,1.5165235399918986,True
20261049,typical,27,3.3,5,1,0,ideal,0,0,0,True,0.0001006258076533441,9.999999999999999e-05,1.383819294513926,1.916180705486074,2.199485579704241,0.0008331290502988222,0.703472069601284,0.7013050193910867,0.00242131568118633,1.0,0.00393913868173538,0.998210653400512,0.001753710296455104,1.0,-0.007507491525336973,1.0,-0.0004414774970797661,1.0,-0.007944985067323858,1.0,1.006258076533441,-1.1102230246251565e-14,0.6258076533441015,True
20261050,typical,27,3.3,5,1,0,ideal,0,0,0,True,0.0001011479335100453,9.999999999999999e-05,1.387128839678943,1.912871160321057,2.199057891747318,0.0008357396795822083,0.7047696258290841,0.7044972743523041,0.006280563166215039,1.0,-0.006590787040830747,1.00127805301224,0.003047485028049439,1.0,-0.01233806102060733,1.0,0.002750600263957032,1.0,0.00756355788912905,1.0,1.0114793351004532,-1.1102230246251565e-14,1.1479335100452959,True
20261051,typical,27,3.3,5,1,0,ideal,0,0,0,True,0.0001015216399269682,9.999999999999999e-05,1.384791142456337,1.915208857543663,2.198753049116058,0.0008376082116670627,0.7011943914734456,0.7022412917665705,0.003239707982773348,1.0,0.00682501909187344,0.9968456244089826,-0.000530455885049774,1.0,0.002412369641333909,1.0,0.0004944908446519013,1.0,0.003469579679291176,1.0,1.015216399269682,-1.1102230246251565e-14,1.5216399269682102,True
20261052,typical,27,3.3,5,1,0,ideal,0,0,0,True,0.0001026288005821065,9.999999999999999e-05,1.384557062188394,1.915442937811606,2.197856049990402,0.0008431440149425143,0.6970236426994387,0.7020136843242396,0.0008578270882559609,1.0,-0.005113368612787739,1.000114776216212,-0.004709223184146882,1.0,0.004082456323632338,1.0,0.0002665076453242599,1.0,-0.0009972356598703055,1.0,1.026288005821065,-1.1102230246251565e-14,2.6288005821065052,True
20261053,typical,27,3.3,5,1,0,ideal,0,0,0,True,0.0001012505169401158,9.999999999999999e-05,1.38504621299605,1.914953787003951,2.198974106473526,0.0008362525967326807,0.7024082274834472,0.7024878223285616,-0.00478995274329375,1.0,-0.002199016828566223,1.000777929214916,0.0006853437241884667,1.0,0.008262893802823953,1.0,0.0007411134227408988,1.0,0.001743699690331516,1.0,1.0125051694011582,-1.1102230246251565e-14,1.2505169401157978,True
20261054,typical,27,3.3,5,1,0,ideal,0,0,0,True,0.0001009196124497648,9.999999999999999e-05,1.383508135208516,1.916491864791484,2.199244660292047,0.0008345980742809258,0.7021203731082984,0.7010043211012821,-0.007758094647493779,1.0,0.003197127214192698,0.9971133801332572,0.0003998859203508821,1.0,-0.00688222352912343,1.0,-0.0007422755009652173,1.0,-0.002362779528830091,1.0,1.0091961244976482,-1.1102230246251565e-14,0.9196124497647951,True
20261055,typical,27,3.3,5,1,0,ideal,0,0,0,True,9.946924089245704e-05,9.999999999999999e-05,1.382706280508065,1.917293719491936,2.200440426857964,0.0008273462164943869,0.7065682293065169,0.7002329099275985,0.006196244808632577,1.0,-0.002155698551582496,1.00166697356149,0.00485824649812965,1.0,-0.004004062041377397,1.0,-0.001513194436647535,1.0,0.0004675470557624501,1.0,0.9946924089245706,-1.1102230246251565e-14,-0.5307591075429663,True
20261056,typical,27,3.3,5,1,0,ideal,0,0,0,True,0.0001011528103051197,9.999999999999999e-05,1.385955163114286,1.914044836885715,2.199053906807019,0.0008357640635577004,0.7036283328053442,0.7033649409190539,0.002847509053064508,1.0,0.0009376071789865768,0.9980040381341012,0.001906156684266989,1.0,-0.005178414529209785,1.0,0.001618265174510165,1.0,-0.01067990900293344,1.0,1.0115281030511971,-1.1102230246251565e-14,1.1528103051196892,True
20261057,typical,27,3.3,5,1,0,ideal,0,0,0,True,0.0001003265838783597,9.999999999999999e-05,1.384404518683131,1.915595481316869,2.19973162261269,0.0008316329314237805,0.7051072135977858,0.7018701561517606,-0.004174781479584244,1.0,0.001390444853963754,1.000301778393228,0.003391021428778649,1.0,0.003235421345599325,1.0,0.000123760817099387,1.0,-0.002033692005938357,1.0,1.003265838783597,-1.1102230246251565e-14,0.3265838783596875,True
20261058,typical,27,3.3,5,1,0,ideal,0,0,0,True,0.0001003660821823828,9.999999999999999e-05,1.380671532270267,1.919328467729734,2.199699104865521,0.0008318304229438958,0.7013898917521267,0.6982680351535299,-0.003021216797904603,1.0,-0.002832400869078403,0.999108759213966,-0.0003265864845009061,1.0,-0.005841590655588523,1.0,-0.003478373589815019,1.0,-0.005595284627046475,1.0,1.003660821823828,-1.1102230246251565e-14,0.36608218238278756,True
20261059,typical,27,3.3,5,1,0,ideal,0,0,0,True,0.0001010379679087627,9.999999999999999e-05,1.387612958089856,1.912387041910144,2.199147795067133,0.000835189851576035,0.705627016323232,0.7049644949451,0.002663589958953463,1.0,0.00973343270376243,0.9999547011287808,0.00390567194647715,1.0,0.00813691610789489,1.0,0.003217858178200698,1.0,-0.006747935864294651,1.0,1.0103796790876272,-1.1102230246251565e-14,1.0379679087626936,True
20261060,typical,27,3.3,5,1,0,ideal,0,0,0,True,0.0001023449633573427,9.999999999999999e-05,1.387148195668021,1.912851804331979,2.198085140510132,0.0008417248288188152,0.7005141856410401,0.7045140486033443,-0.002375919293241864,1.0,-0.001937261081431495,0.9998433602347012,-0.001216624581146997,1.0,-0.002125676462254855,1.0,0.002766968257682254,1.0,0.0007023669584552361,1.0,1.023449633573427,-1.1102230246251565e-14,2.3449633573426887,True
20261061,typical,27,3.3,5,1,0,ideal,0,0,0,True,0.0001012674699170048,9.999999999999999e-05,1.384972213265225,1.915027786734776,2.198960267760723,0.0008363373616171257,0.7022767042749963,0.7024163983454977,0.01042781906864759,1.0,0.002266119438794216,0.9986376441677044,0.0005536977342273154,1.0,-0.011284994475865,1.0,0.0006696836859547309,1.0,-0.004811975153875547,1.0,1.012674699170048,-1.1102230246251565e-14,1.2674699170047932,True
20261062,typical,27,3.3,5,1,0,ideal,0,0,0,True,0.0001017832448136104,9.999999999999999e-05,1.385122392284265,1.914877607715735,2.198540276888738,0.0008389162361001536,0.7005771844107657,0.7025604767038361,0.007534091825714396,1.0,-0.002288992440071684,1.000757480026288,-0.001149557607970176,1.0,-0.003508867210594932,1.0,0.0008135869967038247,1.0,-0.005657061188901589,1.0,1.017832448136104,-1.1102230246251565e-14,1.7832448136103851,True
20261063,typical,27,3.3,5,1,0,ideal,0,0,0,True,0.0001013785531657908,9.999999999999999e-05,1.383862453256349,1.916137546743651,2.198869644293733,0.0008368927778609361,0.7008166536321471,0.7013454676123024,0.01721373948670538,1.0,-0.00305317265692074,0.9991846949988912,-0.000907157425768268,1.0,0.009081161549102133,1.0,-0.0004012847485731127,1.0,0.002306812376896432,1.0,1.013785531657908,-1.1102230246251565e-14,1.3785531657908079,True
20261064,typical,27,3.3,5,1,0,ideal,0,0,0,True,0.0001003317624133294,9.999999999999999e-05,1.383668025333317,1.916331974666683,2.199727358598205,0.0008316588240986291,0.7043832379376154,0.7011595295868329,0.00161253409114786,1.0,-0.005974826466525879,1.000819159176215,0.002667008262924923,1.0,0.005032381989308689,1.0,-0.0005868675060448665,1.0,0.002469520551036154,1.0,1.003317624133294,-1.1102230246251565e-14,0.33176241332939505,True
20261065,typical,27,3.3,5,1,0,ideal,0,0,0,True,0.0001007156665826726,9.999999999999999e-05,1.385573862984931,1.914426137015069,2.199411825499745,0.000833578344945345,0.7048299131397077,0.7029977566610016,-0.008544023913758993,1.0,0.003607484725895283,1.001939247451998,0.003110903030324739,1.0,-0.01557842399300955,1.0,0.001251229277425619,1.0,-0.005354756804333506,1.0,1.0071566658267261,-1.1102230246251565e-14,0.7156665826725916,True
20261066,typical,27,3.3,5,1,0,ideal,0,0,0,True,9.97266334115067e-05,9.999999999999999e-05,1.381582168873349,1.918417831126652,2.200227027776657,0.0008286331790896353,0.704563197931647,0.6991477985934954,0.004983868317857998,1.0,0.0006605459443223745,1.000349907760601,0.002851350936815367,1.0,0.008065926955327311,1.0,-0.002598393127745061,1.0,0.00201618066875546,1.0,0.9972663341150672,-1.1102230246251565e-14,-0.27336658849329565,True
20261067,typical,27,3.3,5,1,0,ideal,0,0,0,True,9.97720194424935e-05,9.999999999999999e-05,1.381984742565675,1.918015257434325,2.200189452793765,0.0008288601092445693,0.7047852637134483,0.6995361927054133,-6.090253992760907e-05,1.0,0.003380923612400111,0.9990556089339144,0.003073088006974675,1.0,0.01240267706500572,1.0,-0.002210014418932564,1.0,0.001914818513871402,1.0,0.9977201944249352,-1.1102230246251565e-14,-0.22798055750650192,True
20261068,typical,27,3.3,5,1,0,ideal,0,0,0,True,0.000102900149489983,9.999999999999999e-05,1.386883494685959,1.913116505314041,2.197637594000304,0.0008445007594818968,0.6982866200446222,0.7042577975551055,-0.001157068696844608,1.0,0.002670443610000204,1.00192673434647,-0.003448211050405953,1.0,-0.001808111433258785,1.0,0.002510528785860784,1.0,-0.008112238279463092,1.0,1.02900149489983,-1.1102230246251565e-14,2.900149489982984,True
20261069,typical,27,3.3,5,1,0,ideal,0,0,0,True,0.0001003692252992251,9.999999999999999e-05,1.382439438446455,1.917560561553545,2.19969651774979,0.0008318461385282274,0.703071919554882,0.6999739989688272,0.001472717280542755,1.0,0.0008096315990771497,0.9989783057298354,0.001355418554039361,1.0,-0.01480558380993582,1.0,-0.001772410839635088,1.0,-0.01036484133898709,1.0,1.0036922529922512,-1.1102230246251565e-14,0.3692252992250955,True
20261070,typical,27,3.3,5,1,0,ideal,0,0,0,True,0.000100516602830968,9.999999999999999e-05,1.381653470932291,1.918346529067709,2.199575295891616,0.0008325830261869417,0.7017897815539923,0.6992153486957048,-0.0008364710255832889,1.0,-0.003206410629910219,0.9997039348928236,7.22131673269644e-05,1.0,-0.003983409512240397,1.0,-0.002531111131644441,1.0,-0.0075581596126465,1.0,1.0051660283096802,-1.1102230246251565e-14,0.5166028309679938,True
20261071,typical,27,3.3,5,1,0,ideal,0,0,0,True,0.0001000981122777346,9.999999999999999e-05,1.383782902445915,1.916217097554086,2.19991995258666,0.0008304905734206548,0.7053334541984504,0.7012707429557457,0.01195296821751581,1.0,0.001670919773089724,0.9985111762347416,0.003618916744784982,1.0,-0.003696571114326367,1.0,-0.0004755748389783481,1.0,-0.008192903556934267,1.0,1.000981122777346,-1.1102230246251565e-14,0.09811227773459663,True
20261072,typical,27,3.3,5,1,0,ideal,0,0,0,True,0.0001006472893950274,9.999999999999999e-05,1.38310481334596,1.91689518665404,2.199467942345931,0.0008332364590071188,0.7027107132298107,0.7006155895180539,-0.00753541233983798,1.0,-0.01098276234390799,1.002831078760402,0.0009921983431785744,1.0,-0.003667243048507399,1.0,-0.001130914661399703,1.0,-0.00883482422199156,1.0,1.006472893950274,-1.1102230246251565e-14,0.6472893950274061,True
20261073,typical,27,3.3,5,1,0,ideal,0,0,0,True,0.0001020200487481339,9.999999999999999e-05,1.385745928515583,1.914254071484417,2.198348118201782,0.0008401002557726514,0.7003293686448381,0.7031616961874213,-0.001418502526922718,1.0,0.002894514540931494,0.9978253116432437,-0.001399088410696652,1.0,-0.0002561215031551513,1.0,0.001414726112507941,1.0,0.01228798786982825,1.0,1.020200487481339,-1.1102230246251565e-14,2.0200487481338847,True
20261074,typical,27,3.3,5,1,0,ideal,0,0,0,True,0.0001015752325832188,9.999999999999999e-05,1.385372790078325,1.914627209921675,2.198709418492959,0.0008378761749481958,0.7015598204168481,0.702802395434859,0.004424990353289136,1.0,-0.001837185733567171,0.9976691155457332,-0.000165415084152154,1.0,-0.009657610141839985,1.0,0.001055576324778433,1.0,-0.003475429761227685,1.0,1.015752325832188,-1.1102230246251565e-14,1.5752325832187886,True
20261075,typical,27,3.3,5,1,0,ideal,0,0,0,True,0.0001002210832341922,9.999999999999999e-05,1.383807826751623,1.916192173248378,2.199818537060729,0.0008311054282029431,0.7049150119608307,0.7012945967027632,-0.00498843501181542,1.0,-0.003158479806503686,1.00215699029562,0.003199583884348917,1.0,-1.007778598608893e-05,1.0,-0.000451762826790511,1.0,-0.007234826964094917,1.0,1.002210832341922,-1.1102230246251565e-14,0.22108323419220977,True
20261076,typical,27,3.3,5,1,0,ideal,0,0,0,True,0.0001006184400464995,9.999999999999999e-05,1.383513843382739,1.916486156617261,2.199491629614783,0.0008330922122645991,0.7032059797742817,0.7010103067947152,0.002666686299758852,1.0,0.0003964246345608562,1.002896893324503,0.001487673829480463,1.0,0.003767947541759003,1.0,-0.0007361875932546609,1.0,-0.01242448944873376,1.0,1.0061844004649951,-1.1102230246251565e-14,0.618440046499491,True
20261077,typical,27,3.3,5,1,0,ideal,0,0,0,True,0.0001015579420475667,9.999999999999999e-05,1.386571545473706,1.913428454526295,2.198723492628165,0.0008377897222698152,0.7027694029168051,0.7039589709057337,0.004650279642364791,1.0,-8.54520530789597e-05,0.9990883181651736,0.001044292641677524,1.0,0.0160356063965925,1.0,0.002212157664953457,1.0,0.007084907270242504,1.0,1.015579420475667,-1.1102230246251565e-14,1.557942047566696,True
20261078,typical,27,3.3,5,1,0,ideal,0,0,0,True,0.0001012335514403019,9.999999999999999e-05,1.384465911710679,1.915534088289321,2.198987957586544,0.0008361677692336113,0.7019132564021229,0.701927952033369,0.001951423661772926,1.0,0.00227299558396253,1.000163062343994,0.0001904955151196057,1.0,-0.002573825782977617,1.0,0.0001812488848906896,1.0,-0.004300491492292803,1.0,1.012335514403019,-1.1102230246251565e-14,1.2335514403018832,True
20261079,typical,27,3.3,5,1,0,ideal,0,0,0,True,0.000101823144357386,9.999999999999999e-05,1.385525537214849,1.914474462785152,2.198507870338529,0.0008391157338189118,0.7008207762323955,0.7029493742205244,0.00358795325907928,1.0,-0.005899671526075283,1.000913703756936,-0.000906254756409104,1.0,-0.01167300870408443,1.0,0.001202470972349182,1.0,-0.004046309407726855,1.0,1.01823144357386,-1.1102230246251565e-14,1.8231443573859973,True
20261080,typical,27,3.3,5,1,0,ideal,0,0,0,True,0.000100850029200842,9.999999999999999e-05,1.383482520726356,1.916517479273644,2.199301658856057,0.0008342501580363117,0.7023452625418553,0.7009797164036989,-0.01036423424240118,1.0,-0.008737524900506204,0.9976583408072716,0.0006252793105342578,1.0,0.001094236530587869,1.0,-0.0007668565828514567,1.0,0.001107450798472643,1.0,1.00850029200842,-1.1102230246251565e-14,0.8500292008420063,True
20261081,typical,27,3.3,5,1,0,ideal,0,0,0,True,0.0001005924605788734,9.999999999999999e-05,1.381108284962896,1.918891715037104,2.199512965975613,0.0008329623149264689,0.7009952931425505,0.6986891387576898,0.00222263966055888,1.0,0.002945705397397344,1.002508755442341,-0.0007228246453851268,1.0,-0.001870564626068932,1.0,-0.003057346815371352,1.0,0.01097923067488028,1.0,1.005924605788734,-1.1102230246251565e-14,0.5924605788733883,True
20261082,typical,27,3.3,5,1,0,ideal,0,0,0,True,0.0001019514714771254,9.999999999999999e-05,1.383820487422059,1.916179512577941,2.198403723335891,0.0008397573694177287,0.6987303657424556,0.7013040666388196,0.006143384425142651,1.0,0.002293192559317103,1.001311678711696,-0.002997594647024906,1.0,-0.02092381926741343,1.0,-0.0004428801635865756,1.0,0.001691590278333388,1.0,1.019514714771254,-1.1102230246251565e-14,1.9514714771253994,True
20261083,typical,27,3.3,5,1,0,ideal,0,0,0,True,0.0001014210225583624,9.999999999999999e-05,1.385648810857542,1.914351189142459,2.198835021721814,0.000837105124823794,0.7023753241700151,0.7030689474584138,0.001774571408007803,1.0,-0.005641749853394325,0.9986469072731874,0.0006512055288816316,1.0,-0.002720917563029478,1.0,0.001322180685598597,1.0,0.007559078257579279,1.0,1.014210225583624,-1.1102230246251565e-14,1.4210225583623837,True
20261084,typical,27,3.3,5,1,0,ideal,0,0,0,True,0.0001011136009371362,9.999999999999999e-05,1.382531827238763,1.917468172761237,2.199085950780129,0.0008355680167176629,0.7004904904566219,0.7000619662203833,0.0007821260067862983,1.0,0.00347577614054335,1.00012003363667,-0.001231401691096362,1.0,-0.01137113821846477,1.0,-0.001684696220122784,1.0,-0.003352999988208071,1.0,1.0111360093713622,-1.1102230246251565e-14,1.1136009371361943,True
20261085,typical,27,3.3,5,1,0,ideal,0,0,0,True,0.0001021351369097657,9.999999999999999e-05,1.387644184610546,1.912355815389454,2.198254878987451,0.0008406756965808108,0.7017364763937652,0.7049928791207527,-0.0178380337828314,1.0,-0.007641748418748816,0.9982503305137628,7.185821079163398e-06,1.0,-0.008958630150133191,1.0,0.003245869988098583,1.0,0.007403487154651008,1.0,1.021351369097657,-1.1102230246251565e-14,2.135136909765678,True
20261086,typical,27,3.3,5,1,0,ideal,0,0,0,True,0.0001016393374317949,9.999999999999999e-05,1.385983719902383,1.914016280097617,2.198657258098715,0.0008381966991910763,0.7019157620893238,0.7033917202368415,-0.01051785718656612,1.0,0.003158551523237673,1.001380697242813,0.0001900623119669423,1.0,0.01412338172495116,1.0,0.001644879370937796,1.0,0.01091300663333724,1.0,1.0163933743179492,-1.1102230246251565e-14,1.639337431794896,True
20261087,typical,27,3.3,5,1,0,ideal,0,0,0,True,0.0001020087470609744,9.999999999999999e-05,1.383470002586066,1.916529997413934,2.198357279637682,0.000840043747336854,0.6981905229920111,0.7009657989238416,-0.005121409692976957,1.0,-0.006561462695049542,1.00304459690797,-0.003537852211773194,1.0,-0.009351902701382697,1.0,-0.0007811673175048467,1.0,0.003558821262017348,1.0,1.0200874706097443,-1.1102230246251565e-14,2.008747060974403,True
20261088,typical,27,3.3,5,1,0,ideal,0,0,0,True,0.0001006800469383541,9.999999999999999e-05,1.383190022039971,1.916809977960029,2.199441053913567,0.0008334002467238723,0.702674778584379,0.7006977556137876,-0.0008291675251925227,1.0,0.004242765279575431,1.001573164532431,0.0009560264507918672,1.0,-0.003325906216385677,1.0,-0.001048759683112815,1.0,0.01551012120099177,1.0,1.006800469383541,-1.1102230246251565e-14,0.6800469383541063,True
20261089,typical,27,3.3,5,1,0,ideal,0,0,0,True,0.0001016567938952696,9.999999999999999e-05,1.385821289921079,1.914178710078921,2.198643059591786,0.0008382839815084499,0.7016978848757581,0.70323498114473,0.004798322943916694,1.0,-0.001577162457631029,0.9973882841376938,-2.794132915237905e-05,1.0,0.008184256443182191,1.0,0.001488134354146682,1.0,0.009202238145251895,1.0,1.016567938952696,-1.1102230246251565e-14,1.6567938952695815,True
20261090,typical,27,3.3,5,1,0,ideal,0,0,0,True,0.0001003007016509584,9.999999999999999e-05,1.382447703496844,1.917552296503156,2.19975293718192,0.0008315035202867741,0.7033260887117404,0.69998208292258,-0.00524644776559524,1.0,-0.002651856601623561,0.9978606029740952,0.001610083995797742,1.0,0.003619895147724379,1.0,-0.001764303629758936,1.0,-0.005774506415865477,1.0,1.0030070165095841,-1.1102230246251565e-14,0.3007016509583904,True
20261091,typical,27,3.3,5,1,0,ideal,0,0,0,True,0.0001019996562783411,9.999999999999999e-05,1.384722511783781,1.915277488216219,2.19836464954914,0.0008399982934238073,0.69942220876818,0.7021743156753629,0.0006530206718977444,1.0,0.000198367479701102,0.9987437168920048,-0.002306100596336461,1.0,-0.002825003646918039,1.0,0.0004273525204609392,1.0,-0.009778105709931768,1.0,1.019996562783411,-1.1102230246251565e-14,1.9996562783410887,True
20261092,typical,27,3.3,5,1,0,ideal,0,0,0,True,0.0001018689515299122,9.999999999999999e-05,1.387083785000665,1.912916214999336,2.198470680282028,0.0008393447696816627,0.7021492353198338,0.7044526639953104,0.003643027648338471,1.0,-0.0006645114034350995,0.9976655648189998,0.0004218725753831192,1.0,0.00342638213211235,1.0,0.002705745202172082,1.0,0.003088521673839517,1.0,1.0186895152991222,-1.1102230246251565e-14,1.8689515299121995,True
20261093,typical,27,3.3,5,1,0,ideal,0,0,0,True,0.0001014521414193616,9.999999999999999e-05,1.38587086455768,1.91412913544232,2.19880966114824,0.0008372607191287898,0.7024766792970024,0.7032831352907967,-0.007053829059705592,1.0,-0.005657182360385218,0.9956270840055476,0.0007523352786396746,1.0,0.01267876916548897,1.0,0.001536357956834947,1.0,0.0125529402855232,1.0,1.014521414193616,-1.1102230246251565e-14,1.4521414193616078,True
20261094,typical,27,3.3,5,1,0,ideal,0,0,0,True,0.0001005145058435665,9.999999999999999e-05,1.382396698450274,1.917603301549726,2.199577019547351,0.0008325725412499343,0.7025091550435116,0.6999325272336795,0.002731867649168058,1.0,-0.001447961514405673,1.003479192479694,0.000791601844288381,1.0,0.00830417224396999,1.0,-0.001813931881296728,1.0,-0.01118441611415865,1.0,1.0051450584356652,-1.1102230246251565e-14,0.5145058435664929,True
20261095,typical,27,3.3,5,1,0,ideal,0,0,0,True,0.0001017414435373921,9.999999999999999e-05,1.38337207876826,1.91662792123174,2.19857424082279,0.0008387072297190625,0.6990504405893945,0.7008717372315646,0.008030943188152362,1.0,-0.003005456809860611,0.9974688572923964,-0.002675998685911796,1.0,-0.006254318312165255,1.0,-0.0008751382903335657,1.0,0.00488818381608015,1.0,1.0174144353739212,-1.1102230246251565e-14,1.7414435373920956,True
20261096,typical,27,3.3,5,1,0,ideal,0,0,0,True,0.0001019100248224304,9.999999999999999e-05,1.385109256781671,1.91489074321833,2.198437346923178,0.0008395501361442539,0.7001121921717679,0.7025476020679621,0.004655010815668722,1.0,0.006433750031439795,1.000180759259142,-0.001615468043209811,1.0,0.005723633901258575,1.0,0.0008006693332311031,1.0,0.002164560874624252,1.0,1.0191002482243041,-1.1102230246251565e-14,1.9100248224303895,True
20261097,typical,27,3.3,5,1,0,ideal,0,0,0,True,0.0001025652042431026,9.999999999999999e-05,1.385925473112009,1.914074526887992,2.197907328116899,0.0008428260332476147,0.6985598729192867,0.7033340550655882,-0.0008632369719437225,1.0,0.004297810003481109,1.000185166574393,-0.003172532374957386,1.0,-0.01021109425227589,1.0,0.001586899971749019,1.0,0.007310037326117728,1.0,1.0256520424310263,-1.1102230246251565e-14,2.5652042431026034,True
20261098,typical,27,3.3,5,1,0,ideal,0,0,0,True,0.0001020025901874923,9.999999999999999e-05,1.383215830893575,1.916784169106426,2.198362270957125,0.000840012962969683,0.6979691010171302,0.7007205597245385,-0.004232990052023617,1.0,0.005843290334735345,1.00141821456094,-0.003759229595937385,1.0,0.008055551889971318,1.0,-0.001026404427475773,1.0,-0.003213527442077178,1.0,1.0200259018749231,-1.1102230246251565e-14,2.0025901874922925,True
20261099,typical,27,3.3,5,1,0,ideal,0,0,0,True,0.0001016586339215521,9.999999999999999e-05,1.385176125345335,1.914823874654665,2.198641563108928,0.0008382931816398622,0.7010735711120069,0.70261251735314,0.004373463150299234,1.0,0.0002171468408014365,0.9977190532819358,-0.0006522684191685238,1.0,-0.002834821259814204,1.0,0.0008656699374808644,1.0,0.0005036819151312632,1.0,1.016586339215521,-1.1102230246251565e-14,1.6586339215520995,True
20261100,typical,27,3.3,5,1,0,ideal,0,0,0,True,0.0001003899023703915,9.999999999999999e-05,1.382768389337157,1.917231610662843,2.199679500242012,0.0008319495238839395,0.7033126881378959,0.7002913787949779,-0.00190250764083775,1.0,-0.003596882730753179,0.9985336072512416,0.001596037382691817,1.0,-0.006261655006796744,1.0,-0.001455038030728828,1.0,-0.004953000323648022,1.0,1.003899023703915,-1.1102230246251565e-14,0.3899023703914928,True
20261101,typical,27,3.3,5,1,0,ideal,0,0,0,True,0.0001011181009646513,9.999999999999999e-05,1.384467416627818,1.915532583372182,2.199082272526652,0.0008355905168553581,0.7023279744797857,0.701929587268221,-0.007247908453313317,1.0,-0.006124794010023512,0.999756349056904,0.0006060497405913552,1.0,0.004486297701589616,1.0,0.0001829233022517945,1.0,-0.002461527342647529,1.0,1.011181009646513,-1.1102230246251565e-14,1.118100964651303,True
20261102,typical,27,3.3,5,1,0,ideal,0,0,0,True,0.000101055254065109,9.999999999999999e-05,1.382831181416813,1.917168818583188,2.1991336565384,0.0008352762823576467,0.7009861126762317,0.700350911974083,-0.004431685329095489,1.0,-0.003556406533883197,0.998461688578114,-0.0007353568950780867,1.0,-0.004564725537982547,1.0,-0.00139573066391593,1.0,-0.01325905109014184,1.0,1.01055254065109,-1.1102230246251565e-14,1.0552540651090014,True
20261103,typical,27,3.3,5,1,0,ideal,0,0,0,True,0.0001002243106977686,9.999999999999999e-05,1.38272447502595,1.917275524974051,2.199815876909856,0.000831121565520825,0.7038658007286691,0.7002492678637686,-0.0004822248610178705,1.0,-0.0002880201685203794,1.002323351474223,0.002150349277201334,1.0,-0.002365212772601214,1.0,-0.001497092762149313,1.0,0.003654661626652834,1.0,1.002243106977686,-1.1102230246251565e-14,0.2243106977686038,True
20261104,typical,27,3.3,5,1,0,ideal,0,0,0,True,9.982927010711144e-05,9.999999999999999e-05,1.382178245161767,1.917821754838233,2.200142078009968,0.000829146362567659,0.7047643509068159,0.6997228211578608,0.009645796612850761,1.0,-0.001220875691544727,1.00188818656376,0.003051760558432029,1.0,0.009276477911352792,1.0,-0.00202340539650986,1.0,0.001225445773341892,1.0,0.9982927010711145,-1.1102230246251565e-14,-0.17072989288856588,True
20261105,typical,27,3.3,5,1,0,ideal,0,0,0,True,0.0001000908292505222,9.999999999999999e-05,1.38070340776631,1.91929659223369,2.199925962651275,0.0008304541582847127,0.7024100336664155,0.698299231888778,-0.007573960481239047,1.0,0.00268632929905134,1.000583754798501,0.0006955489605949605,1.0,0.006840926077108021,1.0,-0.003447083436979101,1.0,0.01107441962230713,1.0,1.0009082925052222,-1.1102230246251565e-14,0.09082925052219526,True
20261106,typical,27,3.3,5,1,0,ideal,0,0,0,True,0.0001004137985392574,9.999999999999999e-05,1.382947432080546,1.917052567919455,2.199659837473814,0.0008320690047283887,0.7033983188307631,0.7004641017267355,-0.005243865840074056,1.0,0.002984734370185314,1.003810959010655,0.001681495006818779,1.0,-0.007503363367950915,1.0,-0.001282323208875262,1.0,0.001642606836960535,1.0,1.004137985392574,-1.1102230246251565e-14,0.41379853925740395,True
20261107,typical,27,3.3,5,1,0,ideal,0,0,0,True,0.0001005615597512523,9.999999999999999e-05,1.379835602640135,1.920164397359866,2.199538350879643,0.0008328078107883632,0.6998872062357993,0.6974610382697033,-0.009239395015707573,1.0,0.007630970557527973,0.999748667782844,-0.001830687752240584,1.0,-0.001120041429861221,1.0,-0.004285436817140964,1.0,-0.01672437375474901,1.0,1.005615597512523,-1.1102230246251565e-14,0.5615597512522941,True
20261108,typical,27,3.3,5,1,0,ideal,0,0,0,True,0.0001021018367902506,9.999999999999999e-05,1.385480685067512,1.914519314932488,2.198281847096267,0.0008405091959833546,0.6997838413050511,0.702905658215715,0.003704862343890229,1.0,0.004410230393087894,1.000598688251852,-0.001945208094091394,1.0,0.008856994470454104,1.0,0.001158660382690425,1.0,-0.007927974176023164,1.0,1.021018367902506,-1.1102230246251565e-14,2.1018367902505775,True
20261109,typical,27,3.3,5,1,0,ideal,0,0,0,True,0.0001010171365185676,9.999999999999999e-05,1.382772457935436,1.917227542064564,2.199164836297604,0.0008350856946249399,0.701066404664076,0.7002943092167463,0.006492579326468398,1.0,-0.002161052693016871,0.999996248950172,-0.0006547888413001849,1.0,0.002765669089205044,1.0,-0.001452320484687701,1.0,-0.006961341284307345,1.0,1.010171365185676,-1.1102230246251565e-14,1.0171365185675851,True
20261110,typical,27,3.3,5,1,0,ideal,0,0,0,True,0.0001009946050534295,9.999999999999999e-05,1.382803822570252,1.917196177429748,2.199183271998227,0.0008349730372992494,0.7011771572086681,0.7003246092376537,0.008115435098193404,1.0,-0.0006770657944046876,0.9976041297126331,-0.000543873112768512,1.0,-0.00272559863177441,1.0,-0.001422012816844477,1.0,0.006366937891263661,1.0,1.009946050534295,-1.1102230246251565e-14,0.9946050534294981,True
20261111,typical,27,3.3,5,1,0,ideal,0,0,0,True,0.0001018353042711552,9.999999999999999e-05,1.387538807248676,1.912461192751324,2.198497996382947,0.0008391765333877579,0.7027049542122051,0.7048916944900443,0.01397126174873401,1.0,-0.001094446336993312,1.002874278982962,0.000977835155878121,1.0,-0.004800595092533139,1.0,0.003144787116782318,1.0,0.005890366786624713,1.0,1.0183530427115521,-1.1102230246251565e-14,1.8353042711551915,True
20261112,typical,27,3.3,5,1,0,ideal,0,0,0,True,0.0001011157407376508,9.999999999999999e-05,1.382447051413118,1.917552948586882,2.199084201720843,0.0008355787157204753,0.7004016408223529,0.699980160200709,-0.002225736568382795,1.0,0.002072975896428024,0.9981278127440579,-0.00132026682283324,1.0,0.01219319268936325,1.0,-0.001766502966093109,1.0,0.007406896428613284,1.0,1.0111574073765082,-1.1102230246251565e-14,1.1157407376507944,True
20261113,typical,27,3.3,5,1,0,ideal,0,0,0,True,0.0001021462143391751,9.999999999999999e-05,1.387848854782762,1.912151145217239,2.198245909757498,0.0008407310837279771,0.7018929380190374,0.7051903110393696,-0.001881733354376886,1.0,0.0008955409451817367,1.002230400744412,0.0001635672189665134,1.0,-0.01073846680640208,1.0,0.003443298147334439,1.0,-0.01000973829260945,1.0,1.0214621433917512,-1.1102230246251565e-14,2.146214339175101,True
20261114,typical,27,3.3,5,1,0,ideal,0,0,0,True,0.0001024916020844947,9.999999999999999e-05,1.385708905317293,1.914291094682708,2.197966711243617,0.0008424580224545754,0.6986143601790169,0.7031252279167949,0.01160156566756635,1.0,0.002157069836970772,1.001977628038466,-0.003117512059451719,1.0,-0.001333097270832661,1.0,0.001378097802410604,1.0,-0.002368945159149474,1.0,1.0249160208449473,-1.1102230246251565e-14,2.491602084494704,True
20261115,typical,27,3.3,5,1,0,ideal,0,0,0,True,0.0001020969214245006,9.999999999999999e-05,1.387637059098057,1.912362940901944,2.198285828505222,0.0008404846191544849,0.7018658685381404,0.7049860655862861,-0.004189472251375748,1.0,-0.001452211037381758,1.000694853737887,0.0001368547380395178,1.0,-0.01224081610295307,1.0,0.003239069423470041,1.0,-0.005270455491160684,1.0,1.0209692142450062,-1.1102230246251565e-14,2.0969214245005974,True
20261116,typical,27,3.3,5,1,0,ideal,0,0,0,True,0.0001016599255519281,9.999999999999999e-05,1.384712506058299,1.915287493941701,2.19864051264847,0.0008382996397918621,0.7006250359670998,0.7021652008591825,0.002206961016567009,1.0,0.005697790013961994,0.9993853718382651,-0.001100812918622072,1.0,-0.001617310629460022,1.0,0.0004183530047341042,1.0,0.0005993760402575114,1.0,1.016599255519281,-1.1102230246251565e-14,1.6599255519281098,True
20261117,typical,27,3.3,5,1,0,ideal,0,0,0,True,9.975711632872823e-05,9.999999999999999e-05,1.38337947549326,1.91662052450674,2.200201789273532,0.0008287855936757429,0.7061749256036339,0.7008820233665853,0.01258603125785148,1.0,0.001247307537124173,0.9976340072857676,0.004462857833957926,1.0,-0.001598483913253069,1.0,-0.0008641786985505155,1.0,-0.002837348221406004,1.0,0.9975711632872823,-1.1102230246251565e-14,-0.24288367127177635,True
20261118,typical,27,3.3,5,1,0,ideal,0,0,0,True,0.0001017183763466924,9.999999999999999e-05,1.384128440369939,1.915871559630061,2.198592988742013,0.0008385918937655636,0.6998570464177436,0.7016015710712721,-0.009910938897586733,1.0,0.005747941659441574,1.003409959293348,-0.001869225794750141,1.0,0.004138096666863193,1.0,-0.0001452966211843181,1.0,0.001643168012663537,1.0,1.017183763466924,-1.1102230246251565e-14,1.7183763466923851,True
20261119,typical,27,3.3,5,1,0,ideal,0,0,0,True,0.0001012348245051554,9.999999999999999e-05,1.38250111999882,1.917498880001181,2.198986918144836,0.0008361741345579989,0.700027169571399,0.7000321435714154,-0.001440814214922481,1.0,0.005396427408549625,1.003039106687831,-0.001695600535648825,1.0,0.01347190551866058,1.0,-0.00171456001092754,1.0,-0.006015533329671047,1.0,1.012348245051554,-1.1102230246251565e-14,1.2348245051553963,True
20261120,typical,27,3.3,5,1,0,ideal,0,0,0,True,0.0001010029870706787,9.999999999999999e-05,1.383983488504514,1.916016511495487,2.19917641321112,0.0008350149473854953,0.7022768469116857,0.7014628471283911,-0.004099629574395964,1.0,0.003631696215051082,0.9981326676005817,0.0005557558834978926,1.0,-0.003677026620998875,1.0,-0.0002837777697625397,1.0,-0.0009909890722725873,1.0,1.0100298707067872,-1.1102230246251565e-14,1.0029870706786959,True
20261121,typical,27,3.3,5,1,0,ideal,0,0,0,True,0.0001016891273259936,9.999999999999999e-05,1.382802503855489,1.917197496144511,2.198616766697793,0.0008384456486621897,0.6986918236504164,0.7003222345936964,-0.02306949569971921,1.0,0.006869240240560194,1.001321686959466,-0.003034236727548959,1.0,0.002136068461664597,1.0,-0.001424623173191744,1.0,0.0009497842590618087,1.0,1.016891273259936,-1.1102230246251565e-14,1.6891273259936002,True
20261122,typical,27,3.3,5,1,0,ideal,0,0,0,True,0.0001003472220384295,9.999999999999999e-05,1.382556080432971,1.91744391956703,2.199714630346202,0.0008317361222242494,0.7032627012612169,0.7000865850401609,0.005454299295817802,1.0,0.007746509248123297,1.001605071934657,0.001546359619717966,1.0,-0.002092526366648243,1.0,-0.001659817300556167,1.0,-0.004871924467046413,1.0,1.0034722203842952,-1.1102230246251565e-14,0.3472220384294955,True
20261123,typical,27,3.3,5,1,0,ideal,0,0,0,True,0.0001025302710210986,9.999999999999999e-05,1.38684743361459,1.913152566385411,2.197935507684518,0.0008426513671375948,0.6995667601950547,0.7042235943402914,-0.003320250314035729,1.0,-0.003931516988497438,0.9995901245803046,-0.002165392099152057,1.0,0.005477803471479387,1.0,0.002476451103210978,1.0,-0.001257524262261068,1.0,1.0253027102109862,-1.1102230246251565e-14,2.5302710210985957,True
20261124,typical,27,3.3,5,1,0,ideal,0,0,0,True,0.0001007743315465993,9.999999999999999e-05,1.384589718269109,1.915410281730891,2.199363707939036,0.0008338716697652182,0.7036770222093489,0.7020481352612331,0.0007326430161057507,1.0,0.004099107583867386,0.9993671817823232,0.001957587218530225,1.0,-0.003004937944672088,1.0,0.0003015879665553433,1.0,0.004126315548289752,1.0,1.0077433154659932,-1.1102230246251565e-14,0.7743315465992939,True
20261125,typical,27,3.3,5,1,0,ideal,0,0,0,True,0.0001017791893572308,9.999999999999999e-05,1.383503053863317,1.916496946136684,2.198543571412144,0.0008388959588181359,0.6990411138247794,0.7009980540367408,0.008490423301348606,1.0,-0.00434317579516169,0.9965239866286983,-0.002685598822472914,1.0,0.0075257832232352,1.0,-0.0007488342955116543,1.0,-0.003111784870854518,1.0,1.017791893572308,-1.1102230246251565e-14,1.7791893572308037,True
20261126,typical,27,3.3,5,1,0,ideal,0,0,0,True,9.96740035011924e-05,9.999999999999999e-05,1.380153636850662,1.919846363149338,2.200270620074067,0.0008283700295379439,0.70338446299115,0.697769358815174,0.001401663699594954,1.0,0.001453780574041678,0.9971853918904727,0.001672997172500327,1.0,0.007182007180695489,1.0,-0.003976815045412237,1.0,-0.005417411471077887,1.0,0.9967400350119241,-1.1102230246251565e-14,-0.3259964988076014,True
20261127,typical,27,3.3,5,1,0,ideal,0,0,0,True,0.0001026400121145733,9.999999999999999e-05,1.386946046729908,1.913053953270092,2.197847013152017,0.0008432000726048485,0.6992708746511022,0.7043185576256064,-0.006474297442766515,1.0,-0.003544557482677358,0.998270175653827,-0.002462072430848959,1.0,-0.009850189666867615,1.0,0.002571377143842858,1.0,-0.00166996403334423,1.0,1.026400121145733,-1.1102230246251565e-14,2.640012114573298,True
20261128,typical,27,3.3,5,1,0,ideal,0,0,0,True,0.0001009230293416187,9.999999999999999e-05,1.382380089942179,1.917619910057822,2.199241862322909,0.0008346151587400755,0.7010278141953109,0.6999158528051013,-0.01121500748800329,1.0,0.001570603166430103,1.000344930369877,-0.0006926977394103027,1.0,0.008668842837113007,1.0,-0.001830744957827522,1.0,-0.004614078425011992,1.0,1.0092302934161872,-1.1102230246251565e-14,0.9230293416186974,True
20261129,typical,27,3.3,5,1,0,ideal,0,0,0,True,0.0001003256916682317,9.999999999999999e-05,1.381728491785644,1.918271508214356,2.199732357280912,0.0008316284703731404,0.7025474124761594,0.6992880438300282,0.01074777437278929,1.0,-0.002733996678548789,0.9993557899007944,0.0008312267691517296,1.0,-0.005711944254133314,1.0,-0.002458351204304355,1.0,0.00312133711043795,1.0,1.003256916682317,-1.1102230246251565e-14,0.3256916682316868,True
20261130,typical,27,3.3,5,1,0,ideal,0,0,0,True,0.0001010278178200109,9.999999999999999e-05,1.383857510787371,1.916142489212629,2.199156097989556,0.0008351391011321565,0.7020672536765751,0.7013412553568135,0.001361138196222209,1.0,0.001444916579008643,1.001262967226704,0.0003459828119210728,1.0,0.0006584676946366461,1.0,-0.0004053779687207982,1.0,0.01250689165491269,1.0,1.0102781782001091,-1.1102230246251565e-14,1.02781782001089,True
20261131,typical,27,3.3,5,1,0,ideal,0,0,0,True,0.0001012061589415615,9.999999999999999e-05,1.383649973988613,1.916350026011388,2.199010326196162,0.0008360308067397895,0.7012299441615143,0.7011407245388495,-0.006311616661348256,1.0,-0.004333228457335871,0.9974403677094612,-0.0004926183358924132,1.0,0.004923640164064116,1.0,-0.0006059693136851128,1.0,-0.002699684859835164,1.0,1.012061589415615,-1.1102230246251565e-14,1.206158941561486,True
20261132,typical,27,3.3,5,1,0,ideal,0,0,0,True,0.0001002373461171259,9.999999999999999e-05,1.379534191099636,1.920465808900364,2.199805133631479,0.0008311867426176113,0.7007631355989078,0.6971706786852763,9.675133897458528e-05,1.0,0.002800671536050992,0.9984976995440288,-0.0009524102619612112,1.0,0.0093095159773582,1.0,-0.004575686367640213,1.0,0.0006333103868695287,1.0,1.0023734611712591,-1.1102230246251565e-14,0.2373461171258917,True
20261133,typical,27,3.3,5,1,0,ideal,0,0,0,True,0.0001011126050185175,9.999999999999999e-05,1.38189530350092,1.91810469649908,2.19908676484951,0.0008355630371245696,0.699884467304635,0.6994477608259031,-0.005569475081550444,1.0,-0.003264879524100288,1.002105186299687,-0.001837417630126635,1.0,0.009384682454269105,1.0,-0.002298901277175194,1.0,-0.002997803005654773,1.0,1.011126050185175,-1.1102230246251565e-14,1.1126050185174874,True
20261134,typical,27,3.3,5,1,0,ideal,0,0,0,True,0.0001011763403578704,9.999999999999999e-05,1.38296581540531,1.91703418459469,2.19903468239943,0.0008358817138215736,0.7006814983524529,0.7004806298290224,-0.01332420905828291,1.0,0.001813599705570805,1.001015485520546,-0.00104084818444124,1.0,0.002734962124528349,1.0,-0.001266053904063239,1.0,0.004589705980446345,1.0,1.011763403578704,-1.1102230246251565e-14,1.176340357870398,True
20261135,typical,27,3.3,5,1,0,ideal,0,0,0,True,0.0001022603603691187,9.999999999999999e-05,1.384303731408174,1.915696268591826,2.198153540528013,0.0008413018138776953,0.698092173722069,0.701769842348384,-0.01150347075124146,1.0,0.002879319761095864,0.9959299043600458,-0.003638023770648033,1.0,0.005584188939358017,1.0,2.279071333646253e-05,1.0,0.009916010855408436,1.0,1.0226036036911872,-1.1102230246251565e-14,2.260360369118697,True
20261136,typical,27,3.3,5,1,0,ideal,0,0,0,True,0.0001014546611584811,9.999999999999999e-05,1.386311176956145,1.913688823043855,2.198807607985534,0.0008372733178245075,0.7028892719977616,0.7037079385108563,-0.00145442596209798,1.0,0.003654646398536775,1.000504219791627,0.001164909730260985,1.0,-0.01172987937314526,1.0,0.001961160322124708,1.0,0.004224748552677195,1.0,1.014546611584811,-1.1102230246251565e-14,1.4546611584810965,True
20261137,typical,27,3.3,5,1,0,ideal,0,0,0,True,0.0001025982118109993,9.999999999999999e-05,1.3864931162277,1.9135068837723,2.197880710186742,0.0008429910710869783,0.6989859121007331,0.7038816541861842,0.00382737861993548,1.0,-0.006266710813761868,0.9966469671897058,-0.002746732247208717,1.0,0.002237320740323058,1.0,0.002134487890498884,1.0,0.000709972205612616,1.0,1.025982118109993,-1.1102230246251565e-14,2.598211810999307,True
20261138,typical,27,3.3,5,1,0,ideal,0,0,0,True,9.973022835165671e-05,9.999999999999999e-05,1.382701151731018,1.917298848268982,2.200224050948703,0.0008286511537902654,0.705622095974739,0.7002275468832453,-0.007947152075553701,1.0,-0.002875117805549453,1.000762503197756,0.003910222943229801,1.0,-0.004575894104094204,1.0,-0.001518646057031901,1.0,0.0005984603214958929,1.0,0.9973022835165672,-1.1102230246251565e-14,-0.2697716483432977,True
20261139,typical,27,3.3,5,1,0,ideal,0,0,0,True,0.0001019755885755592,9.999999999999999e-05,1.387263638768747,1.912736361231253,2.19838416424912,0.0008398779549097781,0.7019409969578554,0.704626007482727,0.003125323125746817,1.0,0.001088606322453052,1.002141815306232,0.0002128619018203938,1.0,-0.00283045105870355,1.0,0.002879052498443772,1.0,-0.005913537352870634,1.0,1.0197558857555922,-1.1102230246251565e-14,1.975588575559195,True
20261140,typical,27,3.3,5,1,0,ideal,0,0,0,True,0.0001001362011562036,9.999999999999999e-05,1.383880598739086,1.916119401260914,2.199888527756272,0.0008306810178131198,0.7052899951328512,0.7013649472631704,0.00436163007432466,1.0,-0.001380384798117233,1.003505650723439,0.00357518181862042,1.0,-0.005215205043845547,1.0,-0.0003813834583664829,1.0,0.0109656727859653,1.0,1.001362011562036,-1.1102230246251565e-14,0.13620115620358586,True
20261141,typical,27,3.3,5,1,0,ideal,0,0,0,True,0.0001030155809724177,9.999999999999999e-05,1.387855467017322,1.912144532982678,2.197544826854808,0.0008450779168941904,0.698807215167199,0.7051953105857085,-0.007167215103926384,1.0,-0.003631261493868549,1.004110021151869,-0.002928451924848872,1.0,-0.002985555117347804,1.0,0.003448002641345839,1.0,0.008652657272187463,1.0,1.0301558097241772,-1.1102230246251565e-14,3.0155809724176974,True
20261142,typical,27,3.3,5,1,0,ideal,0,0,0,True,0.0001018778364949426,9.999999999999999e-05,1.387037540209656,1.912962459790344,2.198463468548753,0.0008393891945066947,0.702073255478423,0.7044080353413928,0.01170233481270292,1.0,-0.002795598597702023,1.002231120661529,0.0003458283851908745,1.0,0.006238026047253583,1.0,0.002661113532752859,1.0,0.006296713301180736,1.0,1.018778364949426,-1.1102230246251565e-14,1.8778364949425974,True
20261143,typical,27,3.3,5,1,0,ideal,0,0,0,True,9.994061021981429e-05,9.999999999999999e-05,1.38426571206683,1.915734287933171,2.200050017390382,0.0008297030631310533,0.7063627812354327,0.7017368403331083,0.005610918526823944,1.0,-0.003068771801122024,0.999607571899356,0.004649384499074663,1.0,-0.004110077082262977,1.0,-9.424006847334418e-06,1.0,0.002902137679543245,1.0,0.999406102198143,-1.1102230246251565e-14,-0.059389780185714613,True
20261144,typical,27,3.3,5,1,0,ideal,0,0,0,True,0.0001021741575749181,9.999999999999999e-05,1.386347500776119,1.913652499223881,2.198223288588821,0.0008408707999066925,0.7003560090788129,0.7037418412049733,0.00180031733170661,1.0,0.00249708735708559,0.9982473985543072,-0.00137356409774508,1.0,0.01353340523411524,1.0,0.001994818827958097,1.0,-0.003996121264444394,1.0,1.021741575749181,-1.1102230246251565e-14,2.1741575749180786,True
20261145,typical,27,3.3,5,1,0,ideal,0,0,0,True,0.0001011012131085955,9.999999999999999e-05,1.383848217853339,1.916151782146661,2.199096077195084,0.000835506077575079,0.7017954900366576,0.70133217236539,0.003173602261024385,1.0,-0.00568979708879567,1.001593426158211,7.368760753365457e-05,1.0,0.004163989399781957,1.0,-0.0004144858696290469,1.0,0.0005188092707605584,1.0,1.011012131085955,-1.1102230246251565e-14,1.1012131085955001,True
20261146,typical,27,3.3,5,1,0,ideal,0,0,0,True,0.0001020407208891817,9.999999999999999e-05,1.38416630382069,1.91583369617931,2.198331363300648,0.0008402036164780104,0.6987432343581472,0.7016375925719694,-0.002731866331081299,1.0,3.89292329292248e-05,0.9973978443282552,-0.002985372413745032,1.0,-0.005738742449884928,1.0,-0.0001093845202651868,1.0,0.009637441849183775,1.0,1.020407208891817,-1.1102230246251565e-14,2.040720889181702,True
20261147,typical,27,3.3,5,1,0,ideal,0,0,0,True,0.0001006801324965991,9.999999999999999e-05,1.384216681419075,1.915783318580925,2.199440983695393,0.0008334006745150971,0.7036576973494938,0.7016883591035338,0.004424983657527275,1.0,-0.000232778050399004,0.9994458440275695,0.001938944596199472,1.0,-0.0002906151596625455,1.0,-5.815622146698202e-05,1.0,0.001931594915707497,1.0,1.006801324965991,-1.1102230246251565e-14,0.6801324965991062,True
20261148,typical,27,3.3,5,1,0,ideal,0,0,0,True,0.0001031741748396832,9.999999999999999e-05,1.386139209676365,1.913860790323636,2.197417530858815,0.000845870886230398,0.6966016376483624,0.7035392993167345,-0.004882708522667359,1.0,0.0002574007471597208,1.001341002374202,-0.005135178036936717,1.0,0.008230781456968931,1.0,0.001791937545993817,1.0,0.006376941883653666,1.0,1.031741748396832,-1.1102230246251565e-14,3.174174839683208,True
20261149,typical,27,3.3,5,1,0,ideal,0,0,0,True,0.0001004790730758599,9.999999999999999e-05,1.384020186998646,1.915979813001354,2.199606149242709,0.0008323953774112816,0.7041912709397741,0.7014990877651676,0.008433900544306016,1.0,-0.005436438347489803,0.9985579356902532,0.002473974363148595,1.0,0.004905931562205736,1.0,-0.0002473593228663012,1.0,0.01080741029929417,1.0,1.004790730758599,-1.1102230246251565e-14,0.47907307585988157,True
20261150,typical,27,3.3,5,1,0,ideal,0,0,0,True,0.0001004135816820763,9.999999999999999e-05,1.382887118195897,1.917112881804103,2.199660015893207,0.0008320679204426031,0.7033413317209751,0.7004059044936854,0.004095270360917274,1.0,0.005049150266172669,0.9993916034994728,0.001624509467626545,1.0,-0.006981449609665171,1.0,-0.001340520368393097,1.0,0.01088702306327136,1.0,1.004135816820763,-1.1102230246251565e-14,0.41358168207630275,True
20261151,typical,27,3.3,5,1,0,ideal,0,0,0,True,0.0001008996585816248,9.999999999999999e-05,1.381492025813548,1.918507974186453,2.199261001569544,0.0008344983049403455,0.7002610524400629,0.6990589518518961,-0.001792169407239594,1.0,0.00416060149069517,1.000902442911875,-0.001459290231942378,1.0,0.005251138385808234,1.0,-0.002687637980110588,1.0,-0.0005518758797285559,1.0,1.0089965858162482,-1.1102230246251565e-14,0.899658581624796,True
20261152,typical,27,3.3,5,1,0,ideal,0,0,0,True,0.0001000711672238487,9.999999999999999e-05,1.382673162515275,1.917326837484725,2.199942190106061,0.0008303558481513453,0.7043675018633017,0.7001999984202463,0.003417543335259781,1.0,-0.001148742318526425,0.9976505060726908,0.002653159560615203,1.0,-0.003585559886952389,1.0,-0.001546310230659314,1.0,-0.01882900564780707,1.0,1.000711672238487,-1.1102230246251565e-14,0.07116722384870044,True
20261153,typical,27,3.3,5,1,0,ideal,0,0,0,True,0.0001014475246180381,9.999999999999999e-05,1.386263367870992,1.913736632129008,2.198813423187406,0.0008372376351221725,0.7028690097576806,0.7036618246771501,-0.008299810334167034,1.0,0.001378876468111368,0.9989861846001532,0.001144699176310594,1.0,0.007898901266749102,1.0,0.001915048910436693,1.0,0.002548411212068492,1.0,1.0144752461803812,-1.1102230246251565e-14,1.4475246180380985,True
20261154,typical,27,3.3,5,1,0,ideal,0,0,0,True,0.0001015866516981347,9.999999999999999e-05,1.38337321990058,1.916626780099421,2.198700124804542,0.0008379332705227751,0.6996043443684611,0.7008730839643368,-0.006904863467862605,1.0,0.0002354453086195363,0.9962704060036766,-0.002120973834857368,1.0,-0.008888451878517634,1.0,-0.0008737390230771278,1.0,-0.01493716584512858,1.0,1.0158665169813472,-1.1102230246251565e-14,1.5866516981347,True
20261155,typical,27,3.3,5,1,0,ideal,0,0,0,True,0.000101672105843388,9.999999999999999e-05,1.384325387688786,1.915674612311214,2.1986306072461,0.0008383605412490416,0.7002108581910834,0.701791671053369,-0.007065832556204137,1.0,-0.00107596402694447,0.9996874242794288,-0.001515078909755764,1.0,7.505705058867566e-05,1.0,4.481906473552578e-05,1.0,-0.004011581933004271,1.0,1.01672105843388,-1.1102230246251565e-14,1.6721058433879943,True
20261156,typical,27,3.3,5,1,0,ideal,0,0,0,True,0.0001009625237688673,9.999999999999999e-05,1.38420218395798,1.91579781604202,2.199209528218988,0.0008348126308765581,0.7026312541493368,0.7016739229468496,0.0007201263243565506,1.0,0.004556265108749724,1.003216953885284,0.0009104561763152216,1.0,0.0003340822907655859,1.0,-7.268821835345017e-05,1.0,0.0114847114259277,1.0,1.009625237688673,-1.1102230246251565e-14,0.9625237688672961,True
20261157,typical,27,3.3,5,1,0,ideal,0,0,0,True,0.0001019977155703024,9.999999999999999e-05,1.385199148747573,1.914800851252427,2.198366222963972,0.0008399885898836137,0.6998854929426229,0.7026341927570802,0.01226486726935809,1.0,-0.001891480200380716,0.9988851031469974,-0.001842802366479699,1.0,-0.009594740684671357,1.0,0.0008872302612556553,1.0,0.004491328092077604,1.0,1.0199771557030242,-1.1102230246251565e-14,1.997715570302394,True
20261158,typical,27,3.3,5,1,0,ideal,0,0,0,True,0.0001013733613396219,9.999999999999999e-05,1.385205648542934,1.914794351457066,2.1988738777905,0.0008368668187300912,0.7021214222878807,0.7026414546551475,0.007821736520450373,1.0,0.002483972214629853,1.002970539880982,0.000397648831531202,1.0,-0.01402153337164576,1.0,0.0008947040575579809,1.0,-0.007418208286244152,1.0,1.0137336133962191,-1.1102230246251565e-14,1.3733613396218924,True
20261159,typical,27,3.3,5,1,0,ideal,0,0,0,True,0.0001020011782840448,9.999999999999999e-05,1.386592602700154,1.913407397299846,2.198363415613815,0.0008400059034520859,0.7012072839568978,0.7039785829209549,-0.01184052664241637,1.0,-0.00897464174459353,1.002758685900871,-0.0005210364307292747,1.0,0.007329552901817169,1.0,0.002231619251240846,1.0,0.003983403074301705,1.0,1.020011782840448,-1.1102230246251565e-14,2.00117828404478,True
20261160,typical,27,3.3,5,1,0,ideal,0,0,0,True,0.0001027926576820305,9.999999999999999e-05,1.384282018964681,1.91571798103532,2.19772406817964,0.0008439633004422544,0.6961779660397643,0.7017480482168443,0.006221682490801683,1.0,0.001227985603543954,1.00007553098903,-0.005556086559414824,1.0,-0.004493164819449992,1.0,8.15926589031112e-07,1.0,0.00409440019274378,1.0,1.0279265768203052,-1.1102230246251565e-14,2.792657682030497,True
20261161,typical,27,3.3,5,1,0,ideal,0,0,0,True,0.0001018703666103028,9.999999999999999e-05,1.386201570746261,1.913798429253739,2.198469531652468,0.0008393518450834961,0.7012995307517567,0.7036015330737185,-0.01374336703250501,1.0,-0.002405335848688811,0.9976504647459475,-0.0004278422412783511,1.0,-0.0005818038985013367,1.0,0.001854613799532169,1.0,0.005389392940558291,1.0,1.018703666103028,-1.1102230246251565e-14,1.8703666103027983,True
20261162,typical,27,3.3,5,1,0,ideal,0,0,0,True,0.000100992597619264,9.999999999999999e-05,1.38533071351954,1.914669286480461,2.199184914708834,0.0008349630001283019,0.7036041948505317,0.7027627238716069,0.01494549218010566,1.0,-0.002969930192292137,1.002972040445884,0.001883179067796254,1.0,0.001196700109156753,1.0,0.001016102500722863,1.0,0.006821173999467426,1.0,1.00992597619264,-1.1102230246251565e-14,0.9925976192640018,True
20261163,typical,27,3.3,5,1,0,ideal,0,0,0,True,0.0001002756654246219,9.999999999999999e-05,1.381291035248051,1.918708964751949,2.1997735599674,0.0008313783391550914,0.7023082084628953,0.6988659918946984,-0.003150292772320198,1.0,-0.004024961575440543,0.997611492649792,0.0005923850728269136,1.0,0.006862359308333978,1.0,-0.002880386161714115,1.0,0.0006301181088386418,1.0,1.002756654246219,-1.1102230246251565e-14,0.2756654246218959,True
20261164,typical,27,3.3,5,1,0,ideal,0,0,0,True,0.0001008724768940751,9.999999999999999e-05,1.384549904119436,1.915450095880564,2.199283266973243,0.0008343623965024773,0.7032869767080763,0.7020095649951401,-0.01262263905710866,1.0,0.003052113696770588,1.001958216186764,0.001566830899266417,1.0,0.00461962269302608,1.0,0.0002629843910983515,1.0,0.002537080173510086,1.0,1.008724768940751,-1.1102230246251565e-14,0.8724768940751026,True
20261165,typical,27,3.3,5,1,0,ideal,0,0,0,True,0.000102143330079837,9.999999999999999e-05,1.386764548800765,1.913235451199235,2.198248245011549,0.000840716662431167,0.7008651400759885,0.7041442445510904,-0.007035335629441817,1.0,-0.008298238674912256,1.000157263535262,-0.0008642098350185185,1.0,0.002021875381393003,1.0,0.002397232636945721,1.0,0.002411239677331915,1.0,1.02143330079837,-1.1102230246251565e-14,2.1433300798370025,True
20261166,typical,27,3.3,5,1,0,ideal,0,0,0,True,0.0001002002449290308,9.999999999999999e-05,1.380660956415144,1.919339043584856,2.199835714415913,0.0008310012366773757,0.7019758363779006,0.6982580926536385,-0.000595672768934632,1.0,0.008885341725503251,1.002735274032919,0.0002605592238943752,1.0,-0.0127358373663782,1.0,-0.003488259806540414,1.0,-0.003334840272774884,1.0,1.0020024492903081,-1.1102230246251565e-14,0.2002449290307906,True
20261167,typical,27,3.3,5,1,0,ideal,0,0,0,True,0.0001022784587389615,9.999999999999999e-05,1.387423286247629,1.912576713752371,2.198138903853853,0.0008413923057269092,0.7010143678218392,0.704779544674256,-0.01497480886447858,1.0,-2.026269781644064e-05,1.003375765416478,-0.0007159607468388599,1.0,0.0006083819513796392,1.0,0.00303248689971864,1.0,-0.009615060430042633,1.0,1.022784587389615,-1.1102230246251565e-14,2.2784587389615085,True
20261168,typical,27,3.3,5,1,0,ideal,0,0,0,True,0.0001015351268836752,9.999999999999999e-05,1.386524037616886,1.913475962383115,2.19874206713755,0.0008376756464503578,0.7028054512530514,0.7039131730580815,-0.002683131917634688,1.0,0.000474481931436896,0.9980962063817962,0.001080506215758456,1.0,-0.004380140968778245,1.0,0.002166367560455524,1.0,-0.002024363426653921,1.0,1.015351268836752,-1.1102230246251565e-14,1.5351268836751863,True
20261169,typical,27,3.3,5,1,0,ideal,0,0,0,True,0.0001006964611888818,9.999999999999999e-05,1.383091055872788,1.916908944127213,2.19942758366479,0.0008334823179765107,0.7025211068470486,0.7006022368285295,0.0005733219041888315,1.0,-9.364485505592628e-05,1.001569210827139,0.0008022358330616898,1.0,-0.001574820588983615,1.0,-0.001144284039265127,1.0,-0.0001431655604942218,1.0,1.006964611888818,-1.1102230246251565e-14,0.6964611888818029,True
20261170,typical,27,3.3,5,1,0,ideal,0,0,0,True,0.0001003091446136074,9.999999999999999e-05,1.380992832444073,1.919007167555927,2.199745983653443,0.000831545735100019,0.7019022468107636,0.6985781783777855,0.02092658193812475,1.0,0.003782216967164799,0.997933500200806,0.0001861809464314702,1.0,0.001641079200277605,1.0,-0.003168211041359954,1.0,0.01813170876452518,1.0,1.003091446136074,-1.1102230246251565e-14,0.30914461360740386,True
20261171,typical,27,3.3,5,1,0,ideal,0,0,0,True,0.0001001732997902884,9.999999999999999e-05,1.382360598065394,1.917639401934606,2.19985793070925,0.0008308665109834237,0.703700716449554,0.6998982343008635,-0.0101033901121408,1.0,-0.006371433775833327,0.995506521122997,0.00198563444682049,1.0,-0.01352769255367586,1.0,-0.001848109012883621,1.0,0.006543499541701091,1.0,1.001732997902884,-1.1102230246251565e-14,0.17329979028839482,True
20261172,typical,27,3.3,5,1,0,ideal,0,0,0,True,0.0001010955283065086,9.999999999999999e-05,1.383248520242567,1.916751479757433,2.199100724619415,0.0008354776535646448,0.7012415519429586,0.7007535411438969,0.006090073555108664,1.0,0.002415427186164012,0.9987103642547523,-0.0004802093140364095,1.0,0.003101897089084121,1.0,-0.000993115162321814,1.0,-0.006977980444198677,1.0,1.010955283065086,-1.1102230246251565e-14,1.0955283065085863,True
20261173,typical,27,3.3,5,1,0,ideal,0,0,0,True,0.0001001048728442945,9.999999999999999e-05,1.381731864516724,1.918268135483276,2.199914374032139,0.0008305243762534544,0.7033446297981233,0.6992916488435177,0.0002936939818436183,1.0,0.003719126244532046,0.9996343008504428,0.001630043380822555,1.0,-0.006846334416140873,1.0,-0.002454671247533144,1.0,0.00356977093970449,1.0,1.001048728442945,-1.1102230246251565e-14,0.10487284429450128,True
20261174,typical,27,3.3,5,1,0,ideal,0,0,0,True,0.0001013501109615723,9.999999999999999e-05,1.383138491817764,1.916861508182236,2.198892839011561,0.0008367505668399635,0.7002251050668732,0.7006469706148641,0.0008322064639053385,1.0,0.002629860653257014,0.9991181362359591,-0.001498499999244026,1.0,-0.000983735081695437,1.0,-0.00109977209372214,1.0,0.0005931543060117189,1.0,1.0135011096157232,-1.1102230246251565e-14,1.3501109615722928,True
20261175,typical,27,3.3,5,1,0,ideal,0,0,0,True,0.0001014497971681329,9.999999999999999e-05,1.385596940264802,1.914403059735198,2.198811571360866,0.0008372489978727662,0.7022227737211411,0.7030188568308697,-0.01542072579177113,1.0,-5.251414913284399e-05,1.000481108739415,0.00049844668094147,1.0,0.006301155391371179,1.0,0.001272080292281264,1.0,0.009248239352921477,1.0,1.0144979716813292,-1.1102230246251565e-14,1.4497971681328936,True
20261176,typical,27,3.3,5,1,0,ideal,0,0,0,True,0.0001006346392170022,9.999999999999999e-05,1.38174804894447,1.918251951055531,2.199478328213706,0.0008331732081169932,0.7014566761379686,0.6993064253533093,-0.001189346564478517,1.0,0.002311665811838845,1.00035983552108,-0.0002617471294931679,1.0,-0.0006285017592368376,1.0,-0.002440074534083636,1.0,0.002255220138228518,1.0,1.0063463921700222,-1.1102230246251565e-14,0.6346392170021975,True
20261177,typical,27,3.3,5,1,0,ideal,0,0,0,True,0.0001011742139752804,9.999999999999999e-05,1.381326186080035,1.918673813919965,2.199036419513514,0.0008358710819085037,0.6991188737414551,0.6988984854615508,0.02483154554915083,1.0,0.002762240355459928,0.999119963524256,-0.00260345739506869,1.0,-0.0007204105110755225,1.0,-0.002848197551418129,1.0,-0.0005553371299768192,1.0,1.0117421397528041,-1.1102230246251565e-14,1.1742139752803915,True
20261178,typical,27,3.3,5,1,0,ideal,0,0,0,True,0.0001001853501786733,9.999999999999999e-05,1.379838275844042,1.920161724155959,2.199847994458454,0.0008309267629252285,0.7012413650826338,0.6974642151240186,0.005124743928475538,1.0,-0.01052101395087212,1.001488694114018,-0.0004738041954462025,1.0,0.00570122325354934,1.0,-0.004282132281824611,1.0,0.005179299968448497,1.0,1.001853501786733,-1.1102230246251565e-14,0.18535017867329362,True
20261179,typical,27,3.3,5,1,0,ideal,0,0,0,True,0.0001020501923486207,9.999999999999999e-05,1.389625191976628,1.910374808023372,2.198323687686726,0.0008402509737752053,0.703935766029593,0.7069040626790574,-0.003367931741234153,1.0,0.002575770930632298,1.000155452339554,0.002207090661105415,1.0,-0.008186330374580695,1.0,0.005157082377345058,1.0,0.003243827838541269,1.0,1.0205019234862072,-1.1102230246251565e-14,2.050192348620694,True
20261180,typical,27,3.3,5,1,0,ideal,0,0,0,True,0.0001015753177217994,9.999999999999999e-05,1.384180338189641,1.915819661810359,2.198709349197493,0.0008378766006410989,0.7004177059876107,0.7016518723563978,0.001338867339305435,1.0,-0.007913298705403018,0.9976295131020868,-0.001307530129941298,1.0,-0.005853517200929264,1.0,-9.49467836694644e-05,1.0,-0.003555914855747425,1.0,1.0157531772179942,-1.1102230246251565e-14,1.5753177217993963,True
20261181,typical,27,3.3,5,1,0,ideal,0,0,0,True,0.0001008497444317093,9.999999999999999e-05,1.382094400232055,1.917905599767945,2.199301892198292,0.0008342487341906482,0.7010168786406451,0.6996402960579617,-0.005468721072466419,1.0,0.007561077099933593,1.000200011124651,-0.0007031025281640812,1.0,-0.00217210133939882,1.0,-0.002106276833225129,1.0,0.001572962016240902,1.0,1.008497444317093,-1.1102230246251565e-14,0.8497444317093095,True
20261182,typical,27,3.3,5,1,0,ideal,0,0,0,True,0.0001001974556607478,9.999999999999999e-05,1.384896790682607,1.915103209317393,2.199838013909956,0.000830987290335721,0.7060429230522416,0.7023453262272885,-0.007173493498636383,1.0,0.002532593114417355,0.9952806711150732,0.004327666099418021,1.0,-0.000977592017559606,1.0,0.0005989747176557561,1.0,-0.002788955994037757,1.0,1.001974556607478,-1.1102230246251565e-14,0.19745566074780285,True
20261183,typical,27,3.3,5,1,0,ideal,0,0,0,True,0.0001016111840104585,9.999999999999999e-05,1.384011729886716,1.915988270113284,2.198680161978271,0.0008380559320842742,0.70012811838082,0.7014891311906405,-0.003754767835201889,1.0,-0.000928877273028388,0.99925517254985,-0.001597377496651578,1.0,0.0008238869043662218,1.0,-0.0002577001221577936,1.0,-0.009204004836363449,1.0,1.016111840104585,-1.1102230246251565e-14,1.6111840104584996,True
20261184,typical,27,3.3,5,1,0,ideal,0,0,0,True,0.0001014632606350253,9.999999999999999e-05,1.384680149477146,1.915319850522854,2.198800601221898,0.0008373163152072284,0.7012967812922438,0.7021342939827021,-0.001404324476472454,1.0,-0.001497680363581506,0.9973399371140548,-0.0004276432565602896,1.0,0.000856629489804158,1.0,0.0003875128739110142,1.0,-0.007718587057276492,1.0,1.014632606350253,-1.1102230246251565e-14,1.4632606350252875,True
20261185,typical,27,3.3,5,1,0,ideal,0,0,0,True,0.0001004883086526433,9.999999999999999e-05,1.382296701639038,1.917703298360962,2.199598555636857,0.0008324415552953181,0.7025074518675257,0.6998360784559772,0.003735001261025213,1.0,-0.001030843790704203,0.9968459471150027,0.0007900884020892767,1.0,-0.00545412645968158,1.0,-0.00191037176808122,1.0,-0.0101867169412006,1.0,1.004883086526433,-1.1102230246251565e-14,0.4883086526432878,True
20261186,typical,27,3.3,5,1,0,ideal,0,0,0,True,0.0001012479489874031,9.999999999999999e-05,1.38634665582447,1.91365334417553,2.19897620288266,0.0008362397569689974,0.7036626512184888,0.70374249569834,-0.0061408731386074,1.0,-0.004091824230466609,0.9982838294170292,0.001939786057499399,1.0,0.0007975877684564554,1.0,0.001995787665250653,1.0,0.003625797622688489,1.0,1.0124794898740312,-1.1102230246251565e-14,1.2479489874031024,True
20261187,typical,27,3.3,5,1,0,ideal,0,0,0,True,0.0001026003938147681,9.999999999999999e-05,1.388971061719628,1.911028938280372,2.197878950860515,0.0008430019811059422,0.701350257052347,0.7062721770215061,0.0002426209210755095,1.0,0.003916201606338902,1.002923465362577,-0.0003824030986336493,1.0,-0.004248592018783465,1.0,0.004525009987559005,1.0,-0.008700333854062643,1.0,1.026003938147681,-1.1102230246251565e-14,2.600393814768087,True
20261188,typical,27,3.3,5,1,0,ideal,0,0,0,True,0.000102519160115019,9.999999999999999e-05,1.387090152179911,1.91290984782009,2.197944472402278,0.0008425958126070767,0.699838647087897,0.7044577750141668,0.005398288658657604,1.0,-0.005154231908287911,0.9978645343764028,-0.001893424736770642,1.0,0.006859562227724323,1.0,0.002710635548202498,1.0,-0.00499365312409122,1.0,1.02519160115019,-1.1102230246251565e-14,2.5191601150189813,True
20261189,typical,27,3.3,5,1,0,ideal,0,0,0,True,0.0001008544585030825,9.999999999999999e-05,1.381559499237814,1.918440500762187,2.199298029528097,0.0008342723045476343,0.7004876868307179,0.699124133204282,0.008657499593643349,1.0,0.004847877722419295,0.9972487817457888,-0.001232328479733509,1.0,0.001285122391281688,1.0,-0.002622441287312843,1.0,-0.0001108351008413005,1.0,1.008544585030825,-1.1102230246251565e-14,0.8544585030825003,True
20261190,typical,27,3.3,5,1,0,ideal,0,0,0,True,0.0001015691633480777,9.999999999999999e-05,1.385801664490526,1.914198335509475,2.19871435846757,0.0008378458287723702,0.7019921553882675,0.7032161856410273,0.002645171756601524,1.0,-0.001458281297067715,0.9982961205135455,0.0002669638434084295,1.0,0.01038429586844341,1.0,0.001469368591166513,1.0,-0.0006305401428183768,1.0,1.015691633480777,-1.1102230246251565e-14,1.5691633480777067,True
20261191,typical,27,3.3,5,1,0,ideal,0,0,0,True,0.0001017485252305973,9.999999999999999e-05,1.385461585179129,1.914538414820871,2.19856848595852,0.0008387426381850884,0.7010259017386639,0.7028877910873489,0.002954837924563178,1.0,0.0002278088037127044,0.9996615292513615,-0.0007005888255093019,1.0,0.006325435057479514,1.0,0.00114091316393767,1.0,0.001953054975178706,1.0,1.017485252305973,-1.1102230246251565e-14,1.7485252305972976,True
20261192,typical,27,3.3,5,1,0,ideal,0,0,0,True,0.0001012422659406588,9.999999999999999e-05,1.383022916521984,1.916977083478017,2.198980842550278,0.0008362113417352758,0.7005002385754764,0.7005356225509698,0.009019017648729682,1.0,-0.005717860657033665,1.00106200086425,-0.001222585426019261,1.0,0.002908172768439572,1.0,-0.001211083556440492,1.0,-0.01000714041447336,1.0,1.012422659406588,-1.1102230246251565e-14,1.2422659406587933,True
20261193,typical,27,3.3,5,1,0,ideal,0,0,0,True,0.0001007513847199383,9.999999999999999e-05,1.382864476855942,1.917135523144058,2.199382526011325,0.0008337569356317932,0.7021070905286468,0.7003835214636362,0.006142592947775367,1.0,-6.843444964503566e-05,0.999965615262949,0.0003878217304696056,1.0,0.006840668044418979,1.0,-0.001363018044755869,1.0,0.00199823146017465,1.0,1.0075138471993832,-1.1102230246251565e-14,0.7513847199382973,True
20261194,typical,27,3.3,5,1,0,ideal,0,0,0,True,0.0001014705175716769,9.999999999999999e-05,1.382756707411829,1.917243292588171,2.198794688779408,0.0008373525998903665,0.6994289853336947,0.7002783917350262,-0.0009165067627454044,1.0,0.003205180189912111,0.9988594232494148,-0.002295491773099963,1.0,-0.006465224411737541,1.0,-0.001468391838451799,1.0,0.0003299832509444825,1.0,1.014705175716769,-1.1102230246251565e-14,1.4705175716768881,True
20261195,typical,27,3.3,5,1,0,ideal,0,0,0,True,0.0001002265530928027,9.999999999999999e-05,1.382266919537644,1.917733080462356,2.199814028722886,0.0008311327774959956,0.7034194913308505,0.6998077560317358,0.0003501353864071146,1.0,-0.00665105871147396,0.9997144907518448,0.001704023638767386,1.0,0.003101700595622845,1.0,-0.001938605355646511,1.0,-0.001686374830054997,1.0,1.002265530928027,-1.1102230246251565e-14,0.22655309280270597,True
20261196,typical,27,3.3,5,1,0,ideal,0,0,0,True,9.944440670473745e-05,9.999999999999999e-05,1.382270904589592,1.917729095410408,2.200461043835951,0.0008272220455556691,0.706240800504581,0.6998128426818165,-0.01546102417699907,1.0,0.003449625390831795,1.001170353882996,0.00453099756009087,1.0,0.003552103303837498,1.0,-0.001933253254368865,1.0,-0.01309708981439453,1.0,0.9944440670473746,-1.1102230246251565e-14,-0.5555932952625575,True
20261197,typical,27,3.3,5,1,0,ideal,0,0,0,True,0.0001003401166141983,9.999999999999999e-05,1.382942941993283,1.917057058006718,2.199720480170705,0.0008317005951030933,0.7036587615100739,0.7004598861296518,-0.007415093971883877,1.0,-0.0005717993100211364,1.0009711860898,0.001942471329831436,1.0,-0.00866621957566581,1.0,-0.001286513799197319,1.0,-0.007214638173069781,1.0,1.003401166141983,-1.1102230246251565e-14,0.34011661419828254,True
20261198,typical,27,3.3,5,1,0,ideal,0,0,0,True,0.0001010880156765771,9.999999999999999e-05,1.384423229067848,1.915576770932153,2.19910686670107,0.0008354400904149875,0.7023933931505285,0.7018870005843202,0.005763028891074442,1.0,0.001493021726783154,1.000513229423837,0.0006716863035902528,1.0,0.000952009430341019,1.0,0.0001403468288772439,1.0,0.001507768841365714,1.0,1.010880156765771,-1.1102230246251565e-14,1.088015676577081,True
20261199,typical,27,3.3,5,1,0,ideal,0,0,0,True,0.0001006309913354676,9.999999999999999e-05,1.383677034061969,1.916322965938031,2.199481323372849,0.0008331549687094399,0.7033172229974364,0.701167747086682,-0.00649297156344532,1.0,-0.001484918619371827,0.99884812864592,0.001598826149716026,1.0,-0.001280355275686128,1.0,-0.00057875156088071,1.0,-0.00525202464491932,1.0,1.006309913354676,-1.1102230246251565e-14,0.6309913354676011,True
20261200,typical,27,3.3,5,1,0,ideal,0,0,0,True,0.0001001574430854148,9.999999999999999e-05,1.382907989445026,1.917092010554974,2.199871007201875,0.0008307872274590559,0.7042820400242549,0.7004264499188607,0.0009544289505240716,1.0,0.003594331713891869,1.001037558327894,0.002567072864404745,1.0,0.01210692211080788,1.0,-0.001319888012821,1.0,-0.0005171711117078822,1.0,1.001574430854148,-1.1102230246251565e-14,0.1574430854148101,True
20261201,typical,27,3.3,5,1,0,ideal,0,0,0,True,0.000102748917088661,9.999999999999999e-05,1.383945027205097,1.916054972794903,2.197759280553192,0.0008437445974752869,0.6960107450120588,0.7014229662888554,-0.01043853096857434,1.0,0.0006895593654756067,0.9998227708939068,-0.005722990801216185,1.0,-0.004962613229656354,1.0,-0.0003242511566707279,1.0,0.007452089645561427,1.0,1.02748917088661,-1.1102230246251565e-14,2.748917088661007,True
20261202,typical,27,3.3,5,1,0,ideal,0,0,0,True,0.0001002108548949322,9.999999999999999e-05,1.382565522656483,1.917434477343517,2.199826968028516,0.0008310542865068828,0.7037619404822283,0.7000959125166181,-0.01073082564697453,1.0,0.007901080363967075,0.997171580477871,0.00204658648498965,1.0,-0.008255921290210301,1.0,-0.001650443542692344,1.0,0.0001434812755315426,1.0,1.002108548949322,-1.1102230246251565e-14,0.21085489493217757,True
20261203,typical,27,3.3,5,1,0,ideal,0,0,0,True,0.000101316099587553,9.999999999999999e-05,1.384491095338974,1.915508904661027,2.198920583430275,0.0008365805099697467,0.7016420124339161,0.7019521194555832,0.004455202031808304,1.0,-0.002478733772151129,1.003016610794004,-8.134630590357346e-05,1.0,0.009854911353837273,1.0,0.0002053882912840669,1.0,0.003022380880125292,1.0,1.01316099587553,-1.1102230246251565e-14,1.316099587552988,True
20261204,typical,27,3.3,5,1,0,ideal,0,0,0,True,0.0001019163288224369,9.999999999999999e-05,1.384733754972803,1.915266245027198,2.198432231977562,0.0008395816561442861,0.6997301685435773,0.7021852957844458,0.000763252167944967,1.0,-0.002850990432583673,0.9954031369941858,-0.00199753732767786,1.0,-0.0002869744984756556,1.0,0.0004383609098734778,1.0,-0.005020186480831006,1.0,1.019163288224369,-1.1102230246251565e-14,1.9163288224368857,True
20261205,typical,27,3.3,5,1,0,ideal,0,0,0,True,0.0001012031386217628,9.999999999999999e-05,1.385990059407953,1.914009940592047,2.199012792925636,0.0008360157051409158,0.7034815788799514,0.703398528677481,0.0001457252789446174,1.0,-0.002146075078202579,0.9986378778821242,0.00175903825703144,1.0,-0.00502614091340222,1.0,0.001651835852148556,1.0,-0.003535358480818315,1.0,1.0120313862176282,-1.1102230246251565e-14,1.2031386217628004,True
20261206,typical,27,3.3,5,1,0,ideal,0,0,0,True,0.0001006509072126639,9.999999999999999e-05,1.381517134259585,1.918482865740415,2.199464972322598,0.0008332545480953016,0.7011771382018702,0.6990835754918533,-0.006008759411133571,1.0,-0.006145722267808427,0.9960687025166708,-0.0005414028867798237,1.0,-0.008595748486616693,1.0,-0.002662929916905825,1.0,-0.003866553393590654,1.0,1.006509072126639,-1.1102230246251565e-14,0.6509072126638982,True
20261207,typical,27,3.3,5,1,0,ideal,0,0,0,True,0.000100961046032534,9.999999999999999e-05,1.384939591864121,1.915060408135879,2.199210737828449,0.0008348052421947718,0.7033427096159351,0.7023854104674474,0.003155914161660602,1.0,-0.001964088796031052,1.001635125049943,0.001621922345372288,1.0,-0.002397825409691637,1.0,0.000638799804444995,1.0,-0.01560414757201454,1.0,1.00961046032534,-1.1102230246251565e-14,0.9610460325339965,True
20261208,typical,27,3.3,5,1,0,ideal,0,0,0,True,0.0001009654562061292,9.999999999999999e-05,1.381647475911874,1.918352524088127,2.19920712790503,0.0008348272930628676,0.7001741528254753,0.6992088513475215,0.007736401304545674,1.0,0.007170023311219616,1.00140292145706,-0.001546666385577966,1.0,-0.004161472697257233,1.0,-0.002537760815274549,1.0,0.00551385391856195,1.0,1.009654562061292,-1.1102230246251565e-14,0.9654562061292005,True
20261209,typical,27,3.3,5,1,0,ideal,0,0,0,True,0.0001017365051457765,9.999999999999999e-05,1.384878776771662,1.915121223228338,2.198578254177801,0.0008386825377609843,0.700510780431383,0.7023255035262058,-0.004233502758506359,1.0,0.002191953051533766,0.9963296998926979,-0.001215623077973275,1.0,0.01583236769315985,1.0,0.0005786296817375353,1.0,-6.836965159307955e-05,1.0,1.017365051457765,-1.1102230246251565e-14,1.7365051457765013,True
20261210,typical,27,3.3,5,1,0,ideal,0,0,0,True,9.993829042328165e-05,9.999999999999999e-05,1.380730556741357,1.919269443258643,2.200051934511186,0.00082969146414851,0.7029850189200186,0.6983256727199026,0.0008211072838240684,1.0,0.002520285165311715,1.00253721533279,0.001271638985107193,1.0,-0.001531063419372918,1.0,-0.00342059083598481,1.0,-0.009828376965527845,1.0,0.9993829042328165,-1.1102230246251565e-14,-0.06170957671836064,True
20261211,typical,27,3.3,5,1,0,ideal,0,0,0,True,0.0001010337164271248,9.999999999999999e-05,1.386928720221911,1.913071279778089,2.199151272746564,0.0008351685941677258,0.7049870739457924,0.7043043905834553,-0.008348542814788435,1.0,0.002975476934769621,1.001984695308394,0.00326576036038156,1.0,0.003937960531311574,1.0,0.002557755258843955,1.0,-0.003208430410927335,1.0,1.010337164271248,-1.1102230246251565e-14,1.0337164271247978,True
20261212,typical,27,3.3,5,1,0,ideal,0,0,0,True,0.0001017957137874816,9.999999999999999e-05,1.386569961135476,1.913430038864524,2.198530148263711,0.0008389785809697493,0.70191867163556,0.7039570651082057,-0.001440990037698658,1.0,0.008582538480464419,1.001189076853565,0.0001918393109487063,1.0,0.004510172593423505,1.0,0.00221017117059894,1.0,0.006590334991158822,1.0,1.0179571378748162,-1.1102230246251565e-14,1.795713787481601,True
20261213,typical,27,3.3,5,1,0,ideal,0,0,0,True,0.0001015849937278758,9.999999999999999e-05,1.385377572896502,1.914622427103499,2.198701474117885,0.000837924980671361,0.7015295230570705,0.7028069944755796,0.006910782714540984,1.0,-0.004071397318620443,1.004822241839499,-0.00019578313857388,1.0,0.002903864062173908,1.0,0.001060172052687617,1.0,-0.01570676413659599,1.0,1.0158499372787582,-1.1102230246251565e-14,1.5849937278757942,True
20261214,typical,27,3.3,5,1,0,ideal,0,0,0,True,0.000101209823582117,9.999999999999999e-05,1.383281556671983,1.916718443328017,2.199007333335421,0.0008360491299425669,0.7008640218843992,0.7007852365505023,-0.00753677108905918,1.0,0.002071404943128233,1.003016874488711,-0.000858567154068333,1.0,-0.001513602937932008,1.0,-0.000961458546103939,1.0,-0.003727163242865516,1.0,1.01209823582117,-1.1102230246251565e-14,1.2098235821169867,True
20261215,typical,27,3.3,5,1,0,ideal,0,0,0,True,0.0001013301302345261,9.999999999999999e-05,1.38922901386489,1.91077098613511,2.198909137019119,0.0008366506632046125,0.7061283549757423,0.7065230302910818,-0.0008900982979482738,1.0,-0.007810305482223901,0.9986621966710676,0.004404894619135763,1.0,0.004813735628889731,1.0,0.0047762943693155,1.0,-0.002765918493356887,1.0,1.013301302345261,-1.1102230246251565e-14,1.3301302345261057,True
20261216,typical,27,3.3,5,1,0,ideal,0,0,0,True,0.0001001270100726116,9.999999999999999e-05,1.383712812775911,1.916287187224089,2.199896109735575,0.0008306350623951599,0.7051623587697503,0.7012030690764476,-0.00473038858006359,1.0,0.00288040799354703,0.9941872420192855,0.003447612022389057,1.0,-0.007827680078254498,1.0,-0.000543258525887437,1.0,0.006955247851959567,1.0,1.001270100726116,-1.1102230246251565e-14,0.1270100726115997,True
20261217,typical,27,3.3,5,1,0,ideal,0,0,0,True,0.0001028513681181877,9.999999999999999e-05,1.385950240439781,1.914049759560219,2.197676826756877,0.00084425685262304,0.6975664731335293,0.7033574963138124,-0.01216760587456242,1.0,0.00317835714511021,1.00094846885343,-0.00416800466867712,1.0,0.00934889002335899,1.0,0.001610244099517977,1.0,-0.0008281655619430943,1.0,1.0285136811818771,-1.1102230246251565e-14,2.8513681181876915,True
20261218,typical,27,3.3,5,1,0,ideal,0,0,0,True,0.0001004225605134791,9.999999999999999e-05,1.383315223813221,1.91668477618678,2.199652628855754,0.0008321128145996172,0.7037190949776142,0.7008189712273197,0.001784572958193202,1.0,-0.001310754434393467,0.998053798455868,0.002002207694796079,1.0,0.00918674148398938,1.0,-0.0009274566816708942,1.0,0.004003358029465724,1.0,1.004225605134791,-1.1102230246251565e-14,0.42256051347910883,True
20261219,typical,27,3.3,5,1,0,ideal,0,0,0,True,0.0001011939677485109,9.999999999999999e-05,1.385896001540431,1.91410399845957,2.199020283305464,0.0008359698507745363,0.7034243418117102,0.7033077969668959,0.004855112127739885,1.0,-0.001210176727215705,1.004058275306671,0.001701867608651811,1.0,-0.0156318712679719,1.0,0.001561107253956094,1.0,0.001892316527745636,1.0,1.011939677485109,-1.1102230246251565e-14,1.1939677485109046,True
20261220,typical,27,3.3,5,1,0,ideal,0,0,0,True,0.0001011829438144786,9.999999999999999e-05,1.38275054677165,1.917249453228351,2.199029288030129,0.0008359147311044948,0.7004517092445507,0.7002729036021582,0.007729976508575684,1.0,-0.003174112776847101,1.001198378511639,-0.001270685117732641,1.0,0.009982285345363513,1.0,-0.001473782372288036,1.0,0.002534969695859851,1.0,1.011829438144786,-1.1102230246251565e-14,1.1829438144786097,True
20261221,typical,27,3.3,5,1,0,ideal,0,0,0,True,0.0001002724130666834,9.999999999999999e-05,1.382992791474491,1.91700720852551,2.199776239347506,0.0008313620773656384,0.7039498501787569,0.7005080938137677,0.003395409132061306,1.0,0.00791809363857381,0.9995183668274592,0.002234050343930449,1.0,0.005295635708087843,1.0,-0.001238283137278031,1.0,0.0008779566989356367,1.0,1.0027241306668342,-1.1102230246251565e-14,0.2724130666833968,True
20261222,typical,27,3.3,5,1,0,ideal,0,0,0,True,0.0001023523964013008,9.999999999999999e-05,1.386872948498534,1.913127051501466,2.198079133560912,0.000841761994038486,0.7002242138401615,0.704248492202709,0.001398667944136127,1.0,-0.003232856611700956,0.9976537863537144,-0.00150665021512342,1.0,0.008137236103037711,1.0,0.002501409334105656,1.0,0.006743128009137167,1.0,1.023523964013008,-1.1102230246251565e-14,2.3523964013007825,True
20261223,typical,27,3.3,5,1,0,ideal,0,0,0,True,0.0001010752217125734,9.999999999999999e-05,1.382629372970512,1.917370627029488,2.199117327615933,0.0008353761205950885,0.7007213354351495,0.7001561514514285,0.0009340479962282763,1.0,-0.00188751678758279,1.001097428994352,-0.001000278751588676,1.0,0.007119036213206244,1.0,-0.001590497963541733,1.0,0.002689682520402291,1.0,1.010752217125734,-1.1102230246251565e-14,1.0752217125733932,True
20261224,typical,27,3.3,5,1,0,ideal,0,0,0,True,0.0001017556617337369,9.999999999999999e-05,1.384032312814952,1.915967687185048,2.198562686933791,0.0008387783207006662,0.6996318854388661,0.7015087617207724,-0.001948873732681126,1.0,-0.00606060167878917,1.002081236977351,-0.002094656810957268,1.0,-0.0102801777351487,1.0,-0.0002381186259890587,1.0,-0.002170095174230108,1.0,1.0175566173373691,-1.1102230246251565e-14,1.7556617337368907,True
20261225,typical,27,3.3,5,1,0,ideal,0,0,0,True,0.0001012219581559072,9.999999999999999e-05,1.383491759835812,1.916508240164189,2.198997423924614,0.0008361098028116378,0.7010218907706921,0.7009880408673596,0.006709847690578114,1.0,0.0003175433287797375,0.9997544903648384,-0.0007007861521665415,1.0,-0.006762179619244781,1.0,-0.0007586583473973452,1.0,-0.0001042422700355765,1.0,1.012219581559072,-1.1102230246251565e-14,1.221958155907199,True
20261226,typical,27,3.3,5,1,0,ideal,0,0,0,True,0.0001015309307614344,9.999999999999999e-05,1.385239771963219,1.914760228036781,2.198745483753076,0.0008376546658392738,0.7015907637475932,0.7026741275873291,0.007427917589147365,1.0,-0.0003961722238716105,0.9980193320074772,-0.0001341508994004869,1.0,-0.004168581029920211,1.0,0.000927323512623789,1.0,-0.0003441348499357565,1.0,1.015309307614344,-1.1102230246251565e-14,1.5309307614344014,True
20261227,typical,27,3.3,5,1,0,ideal,0,0,0,True,0.0001021700218944978,9.999999999999999e-05,1.386371363441491,1.913628636558509,2.198226636221789,0.0008408501215045907,0.7003935919772805,0.7037648698835453,-0.003869001106587098,1.0,0.002361431471893729,0.9996747316624948,-0.001335951246964251,1.0,-0.006580678124262974,1.0,0.002017848910159706,1.0,0.0004657741942354308,1.0,1.0217002189449782,-1.1102230246251565e-14,2.170021894497798,True
20261228,typical,27,3.3,5,1,0,ideal,0,0,0,True,0.0001018915090063323,9.999999999999999e-05,1.384838616109137,1.915161383890863,2.198452372020838,0.0008394575570636433,0.69991911626797,0.7022865091462352,0.001070949355136624,1.0,-0.003581571118802108,1.002528244717418,-0.00180840984742624,1.0,-0.003327843356201664,1.0,0.000539582695303065,1.0,-0.001987556219632473,1.0,1.018915090063323,-1.1102230246251565e-14,1.8915090063323037,True
20261229,typical,27,3.3,5,1,0,ideal,0,0,0,True,0.0001017466819201153,9.999999999999999e-05,1.383904858772067,1.916095141227933,2.198569983869413,0.0008387334216326782,0.6995419009529108,0.701385799382885,-0.007033610873905223,1.0,0.000911712411140898,1.002571677465725,-0.002184576261113862,1.0,0.001125885150443569,1.0,-0.000361077916348362,1.0,-0.003505188215804324,1.0,1.0174668192011531,-1.1102230246251565e-14,1.7466819201152894,True
20261230,typical,27,3.3,5,1,0,ideal,0,0,0,True,0.0001009990578649179,9.999999999999999e-05,1.383315867526143,1.916684132473857,2.199179628311646,0.0008349953013566915,0.7016515756397717,0.7008186774533248,-0.0008718962162214399,1.0,-0.001810685198048637,1.000055851296556,-6.948693114199782e-05,1.0,-0.000155352732413335,1.0,-0.0009279461119213512,1.0,0.008378593757262626,1.0,1.009990578649179,-1.1102230246251565e-14,0.999057864917896,True
20261231,typical,27,3.3,5,1,0,ideal,0,0,0,True,0.0001013508019988442,9.999999999999999e-05,1.380811955642949,1.919188044357051,2.198892275395809,0.0008367540220264426,0.6979946064880443,0.6984019805150036,-0.002521744007311102,1.0,0.003992483855450786,0.9983922826671138,-0.003729003582774111,1.0,-0.004124568626421218,1.0,-0.003344762430247485,1.0,-0.001378818445718074,1.0,1.013508019988442,-1.1102230246251565e-14,1.3508019988442088,True
20261232,typical,27,3.3,5,1,0,ideal,0,0,0,True,0.0001002295452282133,9.999999999999999e-05,1.381771846864776,1.918228153135224,2.199811562658663,0.0008311477381731683,0.7029345449193518,0.6993300322624124,-0.005241259914837443,1.0,-0.0005126338245592977,0.9993723264140559,0.001219055556627195,1.0,0.001370270991264204,1.0,-0.00241633014091356,1.0,0.006979710629886397,1.0,1.0022954522821332,-1.1102230246251565e-14,0.22954522821330148,True
20261233,typical,27,3.3,5,1,0,ideal,0,0,0,True,0.0001003182548207383,9.999999999999999e-05,1.382498697551679,1.917501302448321,2.199738481206576,0.0008315912861356735,0.7033118419696849,0.7000312607148899,0.003416411985126912,1.0,0.001485527043654455,1.000084136727223,0.001595710124270834,1.0,-0.008042311531574293,1.0,-0.001715131794751186,1.0,-0.002838575974895626,1.0,1.003182548207383,-1.1102230246251565e-14,0.31825482073830624,True
20261234,typical,27,3.3,5,1,0,ideal,0,0,0,True,0.0001013524910439791,9.999999999999999e-05,1.385117902874767,1.914882097125233,2.19889089781174,0.000836762467252117,0.7021120463251612,0.702556828764156,-0.005530105714064373,1.0,0.0101133805896682,0.9988417978757852,0.0003884240212732472,1.0,0.01188724944837908,1.0,0.0008100852496284608,1.0,0.002131911140861812,1.0,1.013524910439791,-1.1102230246251565e-14,1.3524910439790983,True
20261235,typical,27,3.3,5,1,0,ideal,0,0,0,True,0.000100514660778014,9.999999999999999e-05,1.381340133830442,1.918659866169559,2.199576892195101,0.0008325733159220518,0.7014966424232314,0.6989129914857894,0.009989685752750672,1.0,-0.01047557224468292,1.001210515803512,-0.000220911898055005,1.0,0.0006855789406399541,1.0,-0.0028334676827496,1.0,0.002340971503629678,1.0,1.00514660778014,-1.1102230246251565e-14,0.5146607780140089,True
20261236,typical,27,3.3,5,1,0,ideal,0,0,0,True,0.0001010307151342039,9.999999999999999e-05,1.382027023025398,1.917972976974602,2.199153727863905,0.0008351535877031215,0.7003038707295377,0.6995749934925167,0.004846398918366876,1.0,0.001089319331888349,1.000011035676388,-0.001417421118793866,1.0,0.009774387990132832,1.0,-0.002171640818017564,1.0,-0.00811646413994971,1.0,1.0103071513420392,-1.1102230246251565e-14,1.0307151342038967,True
20261237,typical,27,3.3,5,1,0,ideal,0,0,0,True,0.0001005284428083399,9.999999999999999e-05,1.379350236373302,1.920649763626698,2.199565564447225,0.000832642226073801,0.6995411769491696,0.6969926912028542,-0.0009842550028924507,1.0,-0.001745781325686468,1.0030641814016,-0.0021764771886836,1.0,-0.002430698257635166,1.0,-0.004753772644957054,1.0,-0.007618174641545433,1.0,1.0052844280833992,-1.1102230246251565e-14,0.5284428083399018,True
20261238,typical,27,3.3,5,1,0,ideal,0,0,0,True,0.0001015624588155219,9.999999999999999e-05,1.384223577500407,1.915776422499593,2.19871981585632,0.0008378123061098309,0.700505055073253,0.7016936126781422,0.002489783310471123,1.0,0.004111894385048871,0.9990725342704556,-0.001220087914250367,1.0,-0.002096581471765261,1.0,-5.320209773014154e-05,1.0,0.0003750481863398374,1.0,1.015624588155219,-1.1102230246251565e-14,1.5624588155218833,True
20261239,typical,27,3.3,5,1,0,ideal,0,0,0,True,0.0001013740061677416,9.999999999999999e-05,1.384819915364079,1.915180084635921,2.198873351976432,0.0008368700428709299,0.7017497562929067,0.7022692872145286,-0.008877514721136608,1.0,0.006829392280897829,0.99783831161898,2.597816643024607e-05,1.0,-0.0005449744800546116,1.0,0.000522536397759304,1.0,-0.004484600811619473,1.0,1.0137400616774161,-1.1102230246251565e-14,1.3740061677415927,True
20261240,typical,27,3.3,5,1,0,ideal,0,0,0,True,0.0001017303686749428,9.999999999999999e-05,1.385420392523202,1.914579607476798,2.198583241448127,0.0008386518554066959,0.7010512858296353,0.7028480767363742,0.01165837343981152,1.0,-0.001663079452269459,0.9983502505942594,-0.0006750732366976916,1.0,-0.005850214565091972,1.0,0.001101204975029186,1.0,0.006748594603110532,1.0,1.017303686749428,-1.1102230246251565e-14,1.730368674942806,True
20261241,typical,27,3.3,5,1,0,ideal,0,0,0,True,0.0001007942713465972,9.999999999999999e-05,1.381844942886304,1.918155057113696,2.19934735911507,0.0008339713687652074,0.7009768545720348,0.6993996704022095,0.007227729475957152,1.0,0.004552066517165125,0.9965742508361808,-0.0007427248327616389,1.0,-0.002768010951432437,1.0,-0.002346883662326167,1.0,0.001590206405685154,1.0,1.007942713465972,-1.1102230246251565e-14,0.7942713465971973,True
20261242,typical,27,3.3,5,1,0,ideal,0,0,0,True,0.0001003753438824474,9.999999999999999e-05,1.381811007426755,1.918188992573246,2.199691481730452,0.000831876731444219,0.7024480294338497,0.699367589090882,0.00577814776614529,1.0,0.002993449267940046,1.00215359832557,0.0007314841190020101,1.0,-0.01216138628723898,1.0,-0.002378822794737682,1.0,-0.01559223978986859,1.0,1.003753438824474,-1.1102230246251565e-14,0.3753438824473987,True
20261243,typical,27,3.3,5,1,0,ideal,0,0,0,True,0.0001012822364128176,9.999999999999999e-05,1.383191041662545,1.916808958337455,2.198948215644178,0.0008364111940960697,0.7005182248137273,0.7006977837771635,0.0008805910442379044,1.0,-0.00320946538507142,0.9992037740519828,-0.001204888672914884,1.0,-0.003855111176333366,1.0,-0.001048935895574624,1.0,-0.001305311226451084,1.0,1.012822364128176,-1.1102230246251565e-14,1.2822364128175945,True
20261244,typical,27,3.3,5,1,0,ideal,0,0,0,True,0.0001015259561532957,9.999999999999999e-05,1.380197827662747,1.919802172337253,2.198749534408111,0.00083762979279858,0.6967803333433606,0.6978090644199981,0.0002341518765262113,1.0,0.001665144719558886,0.997525389367533,-0.004944545274997342,1.0,-0.004365073724849271,1.0,-0.003937737971016075,1.0,-0.0008173761354692305,1.0,1.0152595615329572,-1.1102230246251565e-14,1.5259561532956933,True
20261245,typical,27,3.3,5,1,0,ideal,0,0,0,True,0.0001001304985259778,9.999999999999999e-05,1.379930200788734,1.920069799211266,2.199893231936839,0.0008306525046619908,0.701526686750444,0.6975530127291791,-0.02482089641449773,1.0,-0.002655077462811233,1.001911538805196,-0.0001880852620172924,1.0,-0.003664947662702019,1.0,-0.004193316060534457,1.0,0.0008826270797241636,1.0,1.0013049852597782,-1.1102230246251565e-14,0.13049852597779577,True
20261246,typical,27,3.3,5,1,0,ideal,0,0,0,True,0.00010144401594561,9.999999999999999e-05,1.385782061927535,1.914217938072465,2.19881628236594,0.0008372200917601515,0.7024207009939657,0.7031974717140627,0.005374297555273361,1.0,0.003884677129437619,0.9968074414154068,0.0006964158240499064,1.0,-0.005713163590397361,1.0,0.001450697137690131,1.0,0.000983527927342177,1.0,1.0144401594561,-1.1102230246251565e-14,1.4440159456099888,True
20261247,typical,27,3.3,5,1,0,ideal,0,0,0,True,0.0001004269419351757,9.999999999999999e-05,1.38477589401831,1.91522410598169,2.199649024410738,0.0008321347217079802,0.7051022668012739,0.7022283166575384,-0.006570262553902011,1.0,0.003925840316602115,1.0026795015866,0.003385347785808924,1.0,0.00224912660555996,1.0,0.0004818872629007534,1.0,-0.01120101571767599,1.0,1.004269419351757,-1.1102230246251565e-14,0.42694193517569534,True
20261248,typical,27,3.3,5,1,0,ideal,0,0,0,True,0.0001024062304971664,9.999999999999999e-05,1.3853141789777,1.9146858210223,2.198035640220221,0.0008420311645179337,0.6985402523849094,0.7027445278749733,-0.001908624783123483,1.0,0.002705236599883075,0.9998182359031872,-0.003191001558505058,1.0,0.003085143891732413,1.0,0.0009974267343086077,1.0,-0.0003421020275296736,1.0,1.0240623049716642,-1.1102230246251565e-14,2.406230497166395,True
20261249,typical,27,3.3,5,1,0,ideal,0,0,0,True,0.0001015611204965906,9.999999999999999e-05,1.383268255629675,1.916731744370325,2.198720905268289,0.0008378056145150549,0.6995950510328334,0.7007718449025804,-0.005836926052755764,1.0,0.003877409979037445,0.9994052242208912,-0.002130082261908731,1.0,-0.007754736994171739,1.0,-0.0009749694199521929,1.0,-0.005655559791813528,1.0,1.015611204965906,-1.1102230246251565e-14,1.5611204965905845,True
20261250,typical,27,3.3,5,1,0,ideal,0,0,0,True,0.0001002658254763346,9.999999999999999e-05,1.38047012054031,1.91952987945969,2.199781666632033,0.0008313291394136549,0.7015572674772463,0.6980738310055928,-0.01275534602652034,1.0,-0.007803370315438972,0.9989929339066186,-0.0001584846465740555,1.0,-0.001072616923011704,1.0,-0.003672543711997875,1.0,0.001758929939773478,1.0,1.002658254763346,-1.1102230246251565e-14,0.2658254763346024,True
20261251,typical,27,3.3,5,1,0,ideal,0,0,0,True,0.0001009903918013712,9.999999999999999e-05,1.383187032929651,1.916812967070349,2.199186719794872,0.0008349519710389577,0.701559242391761,0.7006943788993687,0.005398865661138365,1.0,0.003459292776840071,0.9998089145933272,-0.0001617574152485782,1.0,-0.01041643954125193,1.0,-0.001052241724849226,1.0,-0.005579466350865404,1.0,1.009903918013712,-1.1102230246251565e-14,0.9903918013711932,True
20261252,typical,27,3.3,5,1,0,ideal,0,0,0,True,0.0001022531474097689,9.999999999999999e-05,1.385863785594236,1.914136214405765,2.198159374533757,0.0008412657490808263,0.6996114998038928,0.7032750345039406,-0.003760536966050514,1.0,0.001914025770016144,0.9983316177499796,-0.00211864544968562,1.0,-0.01260811548025749,1.0,0.001527985318306872,1.0,-0.001321060627020255,1.0,1.0225314740976892,-1.1102230246251565e-14,2.2531474097688964,True
20261253,typical,27,3.3,5,1,0,ideal,0,0,0,True,0.0001018854376965663,9.999999999999999e-05,1.385190927433374,1.914809072566626,2.198457299286803,0.000839427200514933,0.7002781082824384,0.7026264388284011,0.005180380408641138,1.0,-0.002020475314650771,1.000519534546698,-0.001449373861911062,1.0,-0.00530845621603067,1.0,0.0008795144383159933,1.0,0.004396318551539337,1.0,1.018854376965663,-1.1102230246251565e-14,1.8854376965663056,True
20261254,typical,27,3.3,5,1,0,ideal,0,0,0,True,0.0001025857270609833,9.999999999999999e-05,1.387356609842456,1.912643390157544,2.197890777181819,0.0008429286473368982,0.6998569480595181,0.704714732081482,0.006792719170371184,1.0,-0.004338217689319414,0.9965970839131828,-0.001875605869048106,1.0,0.006427745988005894,1.0,0.002967570023759043,1.0,-0.006649158667443167,1.0,1.025857270609833,-1.1102230246251565e-14,2.5857270609833005,True
20261255,typical,27,3.3,5,1,0,ideal,0,0,0,True,0.0001005396274322513,9.999999999999999e-05,1.384302855568964,1.915697144431036,2.199556372635713,0.0008326981491933585,0.7042445349256057,0.7017717279311891,0.002537263270162854,1.0,0.003892609809060035,0.9998964522650308,0.002526799782618654,1.0,0.002833918278310684,1.0,2.526029199868956e-05,1.0,-0.001649567996044685,1.0,1.005396274322513,-1.1102230246251565e-14,0.5396274322512884,True
20261256,typical,27,3.3,5,1,0,ideal,0,0,0,True,0.0001012634505111477,9.999999999999999e-05,1.382945460822555,1.917054539177445,2.198963548604485,0.0008363172645877207,0.7003502613817931,0.7004608512255348,0.006277466435811428,1.0,-0.004072270693330318,0.9999379591009971,-0.001372716048430979,1.0,0.01993094286842434,1.0,-0.001285862071729396,1.0,0.005695345199716441,1.0,1.0126345051114771,-1.1102230246251565e-14,1.2634505111476901,True
20261257,typical,27,3.3,5,1,0,ideal,0,0,0,True,0.0001029703045112419,9.999999999999999e-05,1.385823527128855,1.914176472871145,2.197581201907097,0.0008448515345883114,0.6970228340917245,0.7032350553214434,-0.009368828042000074,1.0,0.004204038097300908,0.9994705427568292,-0.004712505091653638,1.0,-0.01741890194192659,1.0,0.00148776274148686,1.0,0.00909582923468254,1.0,1.0297030451124192,-1.1102230246251565e-14,2.9703045112418947,True
20261258,typical,27,3.3,5,1,0,ideal,0,0,0,True,0.0001021900246578368,9.999999999999999e-05,1.387323108845322,1.912676891154679,2.198210446133215,0.000840950135321166,0.7012334960651642,0.7046830403063311,0.0005265836049802669,1.0,-0.00538052577202669,0.9996455953303788,-0.00049619202745053,1.0,0.01259076682461583,1.0,0.002936012545122335,1.0,-0.001727096861179697,1.0,1.0219002465783682,-1.1102230246251565e-14,2.1900246578367977,True
20261259,typical,27,3.3,5,1,0,ideal,0,0,0,True,0.0001020215740574883,9.999999999999999e-05,1.385296181951809,1.914703818048191,2.198346881820041,0.0008401078823195432,0.6998933233868262,0.7027277744300195,-0.009082636209062793,1.0,4.175305324642317e-05,0.998303498527602,-0.001835144715626949,1.0,-0.01614642860972339,1.0,0.0009808038370325658,1.0,0.008109720677412087,1.0,1.020215740574883,-1.1102230246251565e-14,2.0215740574883068,True
