seed,library,temperature_c,logic_v,led_supply_v,local_mismatch,global_variation,reference,calibration_error,tc_ppm,line_ppm_v,pwm_on,iout,iref,bias,headroom,led_k,power_w,out_vth,ref_vth,x0_dvth,x0_mulu0,x1_dvth,x1_mulu0,x2_dvth,x2_mulu0,x3_dvth,x3_mulu0,x4_dvth,x4_mulu0,x5_dvth,x5_mulu0,mirror_ratio,reference_error_pct,absolute_error_pct,absolute_current_budget_pass
20261004,statistical,27,3.3,5,1,1,bounded,0,0,0,True,0.0001003540900277534,9.999826683581069e-05,1.417331641893089,1.882668358106911,2.199708976369236,0.0008317647415852973,0.7460235229203468,0.743206542901794,0.001046153961375969,1.0,-0.004630799815881151,1.004992445791786,-3.22685370182961e-05,1.0,-0.01581789904111882,1.0,-0.002879252377481701,1.0,0.006311388049938009,1.0,1.0035582935904972,-0.0017331641893103544,0.3540900277533954,True
20261005,statistical,27,3.3,5,1,1,bounded,0,0,0,True,0.0001002838041871214,9.999818174861269e-05,1.41818251387301,1.88181748612699,2.199766855393261,0.0008314130315940876,0.7382312644572304,0.7351160549242772,-0.001194297789983824,1.0,-0.001784744772358926,1.0022882045463,-0.0006500469476094641,1.0,0.007947541031251679,1.0,-0.00379574304225827,1.0,0.01120865266388922,1.0,1.002856276319371,-0.0018182513873199468,0.28380418712139477,True
20261006,statistical,27,3.3,5,1,1,bounded,0,0,0,True,0.0001001283132435339,0.0001000001188765574,1.398811234425785,1.901188765574216,2.199895034674025,0.0008306419693988914,0.7120828024442899,0.70815467988181,-0.006435223577713423,1.0,0.002975072317145065,0.9981407293771591,0.001737584331337002,1.0,-0.01008804156693812,1.0,-0.002222108584316883,1.0,0.00154027814237954,1.0,1.001281942145836,0.00011887655739784009,0.12831324353388407,True
20261007,statistical,27,3.3,5,1,1,bounded,0,0,0,True,0.0001013949318758413,0.0001000038688658726,1.361311341273813,1.938688658726188,2.198856290169374,0.0008369874375253011,0.6734421934249529,0.6738619657249703,-0.005070796019266256,1.0,-0.002106722297619184,1.001959853638134,-0.001860261851944979,1.0,-0.006869724827201704,1.0,-0.001463345003431046,1.0,0.006407553167060417,1.0,1.0139100919368873,0.0038688658726027114,1.3949318758412987,True
20261008,statistical,27,3.3,5,1,1,bounded,0,0,0,True,0.0001020322808899933,0.0001000019305550321,1.38069444967846,1.919305550321541,2.198338203588643,0.0008401677861706317,0.6923260567853599,0.6952419070449708,0.001630443052937254,1.0,-0.00156656300659728,0.9972160312216448,-0.001519412810010384,1.0,-0.004689265679160766,1.0,0.00137799455181936,1.0,0.008610971669988254,1.0,1.0203031113868735,0.001930555032103598,2.0322808899932987,True
20261009,statistical,27,3.3,5,1,1,bounded,0,0,0,True,0.0001016759388346102,0.0001000009571232643,1.390428767356762,1.909571232643238,2.198627490365484,0.0008383828635681238,0.71084542206911,0.7123971483606211,0.002516881193624792,1.0,0.0001901628950526394,1.001544466019209,-0.001831875323343088,1.0,0.0004618424795895425,1.0,-0.0003010449509885528,1.0,0.00512034833772672,1.0,1.016749656798597,0.0009571232642890948,1.675938834610191,True
20261010,statistical,27,3.3,5,1,1,bounded,0,0,0,True,0.0001007048355066544,9.999460770879608e-05,1.453922912039219,1.846077087960782,2.199420712129263,0.0008335063938617762,0.7646094169321601,0.7632400030953046,-0.003434901988720441,1.0,0.0007661873314902594,0.9981019634423318,0.001551684370660281,1.0,-0.002381895869768787,1.0,0.0001547187703812026,1.0,0.001520223981219947,1.0,1.0071026609747462,-0.005392291203931698,0.7048355066543888,True
20261011,statistical,27,3.3,5,1,1,bounded,0,0,0,True,0.0001023697690929594,9.999738091320548e-05,1.426190867945288,1.873809132054712,2.198065095568528,0.0008418402133670638,0.7127960105666371,0.7174055859548087,-0.003008495906670696,1.0,-0.001008770206337383,1.00157618366733,-0.000247971709372516,1.0,0.002332208460633616,1.0,0.004345526956494429,1.0,0.003094441109064082,1.0,1.0237245031628686,-0.0026190867945308227,2.369769092959384,True
20261012,statistical,27,3.3,5,1,1,bounded,0,0,0,True,0.0001011280472688759,9.999942425832989e-05,1.405757416700947,1.894242583299053,2.19907414311532,0.000835638347284891,0.7265627594348444,0.7262813540979989,0.001849198446084494,1.0,0.002853962224960144,0.9993557429291188,-0.0008663199237577986,1.0,-0.001086179083581227,1.0,-0.001172391478465543,1.0,0.004801187605043172,1.0,1.011286295085364,-0.0005757416701168694,1.128047268875898,True
20261013,statistical,27,3.3,5,1,1,bounded,0,0,0,True,0.0001003903855431466,0.0001000027174799495,1.372825200504653,1.927174799495347,2.199679102623687,0.0008319609062881354,0.6885836813265293,0.6854399795550624,0.004725564764883314,1.0,-0.007320956539742998,1.003277569536022,0.00091846993811557,1.0,0.01128908682442807,1.0,-0.002255012415835342,1.0,0.006508410096259834,1.0,1.0038765752868148,0.002717479949487789,0.39038554314658747,True
20261014,statistical,27,3.3,5,1,1,bounded,0,0,0,True,0.0001019559833524787,0.0001000036169052159,1.363830947840752,1.936169052159248,2.198400063852439,0.0008397918634381423,0.683734892861467,0.6861375582381546,-0.004486331799007226,1.0,-0.001102203540588043,1.000919085067149,-0.002109782257160615,1.0,-0.001934182414095883,1.0,0.0002739017428135981,1.0,-0.005069604144896884,1.0,1.0195229583457293,0.0036169052158863124,1.9559833524787074,True
20261015,statistical,27,3.3,5,1,1,bounded,0,0,0,True,0.0001019035960077409,9.999961749073192e-05,1.403825092680715,1.896174907319285,2.198442563446835,0.0008395167286470743,0.7227333438746435,0.7253099078738579,0.009063794229578386,1.0,-0.01182162378878515,1.000948557896234,-0.001564303754725608,1.0,0.004827094256219122,1.0,0.0009929440537279018,1.0,-0.0004908667633716849,1.0,1.0190398579993114,-0.0003825092680931341,1.9035960077409042,True
20261016,statistical,27,3.3,5,1,1,bounded,0,0,0,True,0.0001007674937850069,0.0001000001652029059,1.398347970941301,1.9016520290587,2.199369314981617,0.0008338380249830307,0.7176703277287924,0.7161153743177303,-0.00307984189768605,1.0,5.692071607380003e-06,1.000140733457034,-0.002733678079308628,1.0,0.002886799807956598,1.0,-0.004315791592332989,1.0,-0.006562060122435335,1.0,1.0076732731445397,0.00016520290588850628,0.7674937850068897,True
20261017,statistical,27,3.3,5,1,1,bounded,0,0,0,True,0.0001000397584511105,0.0001000075134657079,1.324865342920846,1.975134657079154,2.199968118594893,0.0008302235975811327,0.6572493185336253,0.6525712393378876,-0.01108855128676523,1.0,0.007447732958231475,0.9954897064839192,0.002492615462519175,1.0,0.007592083436296249,1.0,-0.002217702557703365,1.0,-0.001798360093389834,1.0,1.000322425628687,0.007513465707909006,0.039758451110505355,True
20261018,statistical,27,3.3,5,1,1,bounded,0,0,0,True,0.000100617950672607,9.99987970166808e-05,1.412029833191829,1.887970166808172,2.199492031478885,0.0008330857944063491,0.7374901635976986,0.7354615960068169,0.00348544704170357,1.0,0.003083455036630999,0.9979915469187551,0.0004602552029913851,1.0,-0.004548899903716264,1.0,-0.001596494698177367,1.0,-0.01420484354471104,1.0,1.00619161104331,-0.0012029833192039874,0.6179506726069928,True
20261019,statistical,27,3.3,5,1,1,bounded,0,0,0,True,0.0001008376575932636,9.999898785701608e-05,1.410121429839254,1.889878570160746,2.199311796826037,0.0008341849587831256,0.7124326370351995,0.711140166826465,-0.004010734274751059,1.0,-0.00300518862273347,1.001805434796835,0.003113652124863445,1.0,0.005629609311127493,1.0,0.001794518559088603,1.0,-0.001865549925359711,1.0,1.0083867822487034,-0.0010121429839249352,0.8376575932635966,True
20261020,statistical,27,3.3,5,1,1,bounded,0,0,0,True,0.0001024350841176726,9.999895798433246e-05,1.410420156675461,1.889579843324539,2.198012337792998,0.0008421719928258723,0.7119589646199623,0.716577822725019,-0.001100926348447443,1.0,-0.001418299766050938,0.9988266766176503,-0.005409356693004348,1.0,-0.0002703769154082336,1.0,-0.0008061381444072617,1.0,0.008278275941870217,1.0,1.0243615151842065,-0.0010420156675405856,2.4350841176725924,True
20261021,statistical,27,3.3,5,1,1,bounded,0,0,0,True,0.0001002917248493453,0.0001000021140286449,1.37885971355071,1.92114028644929,2.199760330977186,0.0008314656114296354,0.6943318307181582,0.6909767174065748,0.004881726750796496,1.0,-0.00492291293692445,0.997733224443513,0.0009941121738685724,1.0,-0.01377048736512879,1.0,-0.002391460987493478,1.0,-0.01299762777114847,1.0,1.0028960469837414,0.002114028644895072,0.2917248493452984,True
20261022,statistical,27,3.3,5,1,1,bounded,0,0,0,True,0.0001020038430454341,9.999708845776557e-05,1.429115422344308,1.870884577655692,2.198361255254058,0.0008400096180262166,0.7506941567364238,0.7538101570597572,-0.0088889092869054,1.0,0.005437425460882064,1.000618703054559,-0.004430362055694245,1.0,0.0005226356011174302,1.0,-0.00133296748562335,1.0,0.002517839096615766,1.0,1.0200681301687708,-0.0029115422344405673,2.003843045434106,True
20261023,statistical,27,3.3,5,1,1,bounded,0,0,0,True,0.0001022828850276837,9.999727255892221e-05,1.42727441077797,1.87272558922203,2.198135324556208,0.0008414054354753104,0.7324617922229466,0.736548761221092,0.002120721424231187,1.0,-0.0007250052538028559,0.9989273455692151,-0.003387012010436623,1.0,-0.0003025328758155119,1.0,0.0006832801552372849,1.0,0.0001208491184377901,1.0,1.0228567480919515,-0.0027274410777988756,2.282885027683701,True
20261024,statistical,27,3.3,5,1,1,bounded,0,0,0,True,0.0001015679332467946,0.0001000044488276613,1.355511723386738,1.944488276613262,2.198715359726201,0.000837854358253411,0.679369662123357,0.6803373983328942,0.0077433581119854,1.0,0.0003962600881577538,0.999054526582617,-0.001085012250947893,1.0,0.001148195906813059,1.0,-0.0001389436193042335,1.0,-0.0111540542211788,1.0,1.015634148655003,0.004448827661307497,1.567933246794584,True
20261025,statistical,27,3.3,5,1,1,bounded,0,0,0,True,0.0001010967292499777,9.999919844684274e-05,1.408015531572418,1.891984468427582,2.199099742806838,0.000835481012014312,0.7212621656392478,0.7208647292335586,0.001256375091456872,1.0,-0.002323988026070022,0.9994877345752395,-0.002813285428593615,1.0,-0.002931560123414295,1.0,-0.00323560030116412,1.0,0.006189136073279295,1.0,1.0109753960049828,-0.0008015531572591605,1.0967292499777015,True
20261026,statistical,27,3.3,5,1,1,bounded,0,0,0,True,0.0001013274216400219,9.99956741903663e-05,1.443258096337005,1.856741903662995,2.198911346615056,0.0008366228439183933,0.745174068850682,0.7459987476477916,0.006502384686529239,1.0,0.002013501688084426,0.99995514039475,-0.001554982072374789,1.0,-0.001301377552590512,1.0,-0.0007535635208197191,1.0,0.007607339635300726,1.0,1.0133180506100723,-0.004325809633698441,1.3274216400218863,True
20261027,statistical,27,3.3,5,1,1,bounded,0,0,0,True,0.0001006937169480827,0.0001000031856506647,1.368143493353121,1.931856506646879,2.199429835564737,0.0008334791082770457,0.6857868479801896,0.6838399355166734,-0.004142450684459596,1.0,-0.00522163201309141,1.002946369961927,0.0004128163906484247,1.0,-0.00699754706122172,1.0,-0.001561788687600232,1.0,-0.01113930573673743,1.0,1.0069050930020387,0.0031856506647054417,0.6937169480826899,True
20261028,statistical,27,3.3,5,1,1,bounded,0,0,0,True,0.0001007463988364811,9.999727162948166e-05,1.427283705183427,1.872716294816573,2.199386615331836,0.0008337230014478219,0.7357035914971961,0.7342068089595293,-0.007622224871990744,1.0,-0.00543193647065418,1.00230972649711,-0.0007170809800874994,1.0,-0.003996355992982571,1.0,-0.002241144623464003,1.0,0.00527130428810355,1.0,1.0074914764652296,-0.002728370518345624,0.7463988364810881,True
20261029,statistical,27,3.3,5,1,1,bounded,0,0,0,True,0.0001009435720391529,9.999596087209459e-05,1.440391279054102,1.859608720945899,2.199225042525562,0.0008347045419631073,0.7569948593087268,0.7564357633657017,-0.001746936105610983,1.0,-0.001540035365290083,0.998984755743531,-0.001587827447943144,1.0,0.0005558613190989395,1.0,-0.002172839568503865,1.0,0.01058907731776329,1.0,1.0094764944383146,-0.004039127905419715,0.9435720391528957,True
20261030,statistical,27,3.3,5,1,1,bounded,0,0,0,True,0.0001016017865116793,0.0001000002012800712,1.397987199288228,1.902012800711772,2.198687808526981,0.0008380096076719815,0.7078533390422447,0.7092098923541119,0.004953549862792402,1.0,-0.0009191546769496295,0.9970880532976888,-9.690239686628768e-05,1.0,0.004343604464795038,1.0,0.001238251256592779,1.0,-0.004802957731268451,1.0,1.016015820079427,0.00020128007118813684,1.601786511679304,True
20261031,statistical,27,3.3,5,1,1,bounded,0,0,0,True,0.0001016389784313389,9.999935945800252e-05,1.406405419974716,1.893594580025284,2.19865755012176,0.0008381927892563506,0.7435763508525888,0.745243958846315,-0.003178067703643817,1.0,-0.003632967950922213,1.003679927980376,-0.001272476231829733,1.0,0.002403272703090066,1.0,0.0003739887082534363,1.0,0.002961949597172705,1.0,1.0163962947585177,-0.0006405419974764293,1.6389784313388889,True
20261032,statistical,27,3.3,5,1,1,bounded,0,0,0,True,0.0001010303118663848,9.999836463734342e-05,1.416353626565705,1.883646373434296,2.199154057750242,0.0008351461735239111,0.7271579187083468,0.7267523099625767,-0.004782916628787113,1.0,-0.002532388232396412,1.003553898651162,0.000668804135544618,1.0,-0.01129162737543741,1.0,0.0002378606788763273,1.0,0.001259786454175344,1.0,1.0103196410539699,-0.0016353626565823731,1.030311866384781,True
20261033,statistical,27,3.3,5,1,1,bounded,0,0,0,True,0.0001010917013058189,9.999731279230899e-05,1.42687207691006,1.87312792308994,2.199103853397032,0.0008354496496319192,0.7304121716023843,0.7302026125991079,-0.003879342107660664,1.0,-0.002160024143488884,0.9972345920675588,0.0007390735897827958,1.0,-0.009649851384232825,1.0,0.0005046159679540966,1.0,-0.002807669651216705,1.0,1.010944179227925,-0.0026872076910100517,1.091701305818904,True
20261034,statistical,27,3.3,5,1,1,bounded,0,0,0,True,0.0001026680371127177,9.99986228507006e-05,1.413771492993852,1.886228507006148,2.197824428194671,0.0008433356518603155,0.7271211408375823,0.7324693847728713,-0.005965150913367186,1.0,0.00813435609523613,0.998067050970515,-0.00199455177394399,1.0,0.007784148415773221,1.0,0.003339661282655027,1.0,-0.01067475744058809,1.0,1.0266945102434317,-0.0013771492994085754,2.6680371127177027,True
20261035,statistical,27,3.3,5,1,1,bounded,0,0,0,True,0.0001023516923893232,0.0001000007389831866,1.392610168134027,1.907389831865973,2.198079702484466,0.000841760911479606,0.704707052270946,0.7086864897710728,-0.005552756060036803,1.0,-0.001038114923791501,0.9984668578596928,-0.003896880132545262,1.0,9.02154947563062e-05,1.0,6.632892173389817e-05,1.0,-0.001972260846378049,1.0,1.0235093603311458,0.0007389831865989294,2.351692389323201,True
20261036,statistical,27,3.3,5,1,1,bounded,0,0,0,True,0.0001008151002260539,0.0001000005569081134,1.394430918865551,1.90556908113445,2.199330284569536,0.0008340773498162237,0.7137793149455371,0.7123688842525673,0.01044833146855861,1.0,0.002396708984022333,0.9973443356305062,0.000923307383223485,1.0,0.002878104236064065,1.0,-0.0005139578641626002,1.0,-0.01316317591425656,1.0,1.0081453878170794,0.0005569081133804943,0.8151002260538887,True
20261037,statistical,27,3.3,5,1,1,bounded,0,0,0,True,0.0001003047084381271,0.0001000045211064499,1.354788935500966,1.945211064499034,2.199749637168826,0.000831538472731709,0.6790091242206485,0.6753899826624828,0.005856972341050546,1.0,0.001569843668487068,1.000511639745162,0.0008107742366933289,1.0,0.007387544235199689,1.0,-0.002838753062293588,1.0,-0.00174888836456764,1.0,1.0030017376050195,0.00452110644990622,0.30470843812708814,True
20261038,statistical,27,3.3,5,1,1,bounded,0,0,0,True,0.0001004480732331138,9.999942461676132e-05,1.405753832386742,1.894246167613258,2.199631642491978,0.0008322384782898766,0.7212288832823458,0.7185465667311859,0.003675057162120202,1.0,0.004500450040108937,1.001505967643145,-0.001607112186870056,1.0,0.005287291574221057,1.0,-0.004318787491739461,1.0,0.00498651930226003,1.0,1.0044865119781627,-0.0005753832386767854,0.4480732331137993,True
20261039,statistical,27,3.3,5,1,1,bounded,0,0,0,True,0.000101090297671881,9.999915080921794e-05,1.408491907820437,1.891508092179564,2.199105000970667,0.0008354486969183767,0.710361700640674,0.7099977561215344,-0.001429319376606613,1.0,-0.001771950870268241,0.9993670252244078,0.002898869346880415,1.0,0.008104692815970763,1.0,0.002510004704363444,1.0,0.003734116068829906,1.0,1.010911561286603,-0.0008491907820595834,1.090297671881002,True
20261040,statistical,27,3.3,5,1,1,bounded,0,0,0,True,0.0001010589236448957,9.999691614285511e-05,1.430838571448749,1.869161428551251,2.199130655442746,0.0008352844523842856,0.7516834032134619,0.7513896264461793,-0.00887907437331041,1.0,-0.001873099569802405,0.999803392887603,0.001085611283033187,1.0,-0.00261574783582696,1.0,0.0007667081781355935,1.0,-0.003398118418409627,1.0,1.0106204025384484,-0.0030838571448921215,1.0589236448956818,True
20261041,statistical,27,3.3,5,1,1,bounded,0,0,0,True,0.0001015251552994413,0.0001000007144377757,1.392855622242594,1.907144377757406,2.198750186533695,0.0008376281450304262,0.7082659740406175,0.7093313435118519,-0.01043935044413877,1.0,-0.002002180302089024,1.000816671449271,0.0008061076200426236,1.0,0.003403659572845836,1.0,0.001849543837823387,1.0,0.007408688243433817,1.0,1.0152442997056204,0.0007144377756951314,1.5251552994413053,True
20261042,statistical,27,3.3,5,1,1,bounded,0,0,0,True,0.0001012830362854657,0.0001000070434934785,1.329565065215234,1.970434934784766,2.198947562851326,0.0008364384358450364,0.647668764508368,0.6474082927943179,-0.002042818359472877,1.0,-0.001744665489062686,1.000684405829393,0.002627698867377016,1.0,0.008003256805195058,1.0,0.00234357700058247,1.0,0.002035181982980385,1.0,1.0127590292384796,0.0070434934785090775,1.2830362854657107,True
20261043,statistical,27,3.3,5,1,1,bounded,0,0,0,True,0.0001031544790475215,9.999751027325712e-05,1.424897267428735,1.875102732571266,2.197433329782146,0.0008457641900277096,0.7280801722721063,0.7352521677676884,0.007934634425914891,1.0,-0.001571815156292589,1.000540604271965,-0.003176777184047844,1.0,-0.00886504787865245,1.0,0.003984555869238219,1.0,0.001798663252523102,1.0,1.031570473761172,-0.002489726742882503,3.1544790475214857,True
20261044,statistical,27,3.3,5,1,1,bounded,0,0,0,True,0.0001003253847690856,0.000100003348504142,1.366514958579732,1.933485041420268,2.199732609990788,0.0008316379847979752,0.6969726699241805,0.6936581210965039,0.004795083646888542,1.0,-0.00610278044322657,0.9988416866982672,0.001874691656583594,1.0,-0.004563208864071647,1.0,-0.00147009671013704,1.0,0.002571467293662391,1.0,1.0032202548190698,0.0033485041420089345,0.32538476908559044,True
20261045,statistical,27,3.3,5,1,1,bounded,0,0,0,True,0.0001019005138455177,0.0001000036193861095,1.363806138904926,1.936193861095074,2.198445064510718,0.0008395145240898422,0.6748338457798608,0.6771360865628774,-0.01245189700731756,1.0,-0.0009921748009116063,1.002281500507996,-0.002924758703001136,1.0,0.006071569581642049,1.0,-0.0006418819702210702,1.0,-3.185082052062717e-05,1.0,1.0189682580595847,0.0036193861094879765,1.900513845517704,True
20261046,statistical,27,3.3,5,1,1,bounded,0,0,0,True,0.0001013627199308366,9.999756922328595e-05,1.424307767140501,1.875692232859499,2.198882555598825,0.000836805588979626,0.7342567597105406,0.7351345936986081,7.017244589059329e-05,1.0,0.005222374329307298,0.9974565976931827,0.0005670684502067122,1.0,-0.004643911718952071,1.0,0.001421868615834087,1.0,-0.002965880595361838,1.0,1.013651838921228,-0.0024307767140574477,1.3627199308365867,True
20261047,statistical,27,3.3,5,1,1,bounded,0,0,0,True,0.0001016844878044977,0.0001000047321354764,1.352678645235499,1.947321354764501,2.198620538980956,0.0008384380659580341,0.6798248544958242,0.6812088916341636,0.00257434988353204,1.0,0.001357505977799547,1.000340728467772,-7.335817222961067e-05,1.0,-0.0004841476255252532,1.0,0.001289812636909984,1.0,0.002663986093242011,1.0,1.0167967618446867,0.0047321354764040535,1.6844878044976808,True
20261048,statistical,27,3.3,5,1,1,bounded,0,0,0,True,0.000100698423049085,9.999795710726941e-05,1.420428927305714,1.879571072694286,2.199425973814829,0.0008334853845899314,0.7387381937146772,0.7371419866780035,-0.002194581574531761,1.0,-0.001199812160738546,0.9992012815500784,0.001567980773622745,1.0,-0.01224736896837816,1.0,-5.584844706279448e-05,1.0,0.003400806604047942,1.0,1.0070048025187572,-0.00204289273059155,0.6984230490849841,True
20261049,statistical,27,3.3,5,1,1,bounded,0,0,0,True,0.0001008015778959005,0.000100001615551961,1.383844480389569,1.916155519610431,2.199341369168937,0.0008340132316897667,0.6985299223253351,0.69693188815691,0.008410015109678936,1.0,-0.004128366611283938,0.997453403119376,0.000393989723721125,1.0,0.0006509911564609734,1.0,-0.001230979609727978,1.0,0.003096794913141434,1.0,1.0079994942034096,0.0016155519609872826,0.801577895900496,True
20261050,statistical,27,3.3,5,1,1,bounded,0,0,0,True,0.0001016172338350287,9.999804389071885e-05,1.419561092811343,1.880438907188657,2.198675239713393,0.0008380797249027012,0.747371926560668,0.7489220445808983,-0.002694615168784034,1.0,-0.003579770703907908,0.9994924459147644,-0.0007831510674244286,1.0,-0.0121163258343466,1.0,0.0007456854262277047,1.0,0.002422929510150776,1.0,1.0161922161805421,-0.0019561092811537506,1.6172338350286974,True
20261051,statistical,27,3.3,5,1,1,bounded,0,0,0,True,0.0001010759753027592,9.999851786737802e-05,1.414821326219825,1.885178673780175,2.199116711412575,0.0008353749963656334,0.7115931084058937,0.7113226688292427,-0.002399978487646506,1.0,0.006832950747572716,0.9962771366062004,-0.0004285325799452321,1.0,-0.007304740002657028,1.0,-0.0007239883133665128,1.0,-0.002525831932025942,1.0,1.01077473404966,-0.0014821326219771613,1.0759753027592023,True
20261052,statistical,27,3.3,5,1,1,bounded,0,0,0,True,0.0001005976256881914,0.0001000022058376666,1.377941623334518,1.922058376665482,2.199508723573697,0.0008329954185937021,0.7046214224047175,0.7023864504286357,-0.008297939497934262,1.0,0.003363582093871577,0.9969497014612971,-0.001935367260822308,1.0,0.01584620674408358,1.0,-0.004198690257844999,1.0,-7.18534367951478e-05,1.0,1.0059540671681917,0.002205837666591215,0.5976256881913944,True
20261053,statistical,27,3.3,5,1,1,bounded,0,0,0,True,0.0001013313997220989,0.000100001449477939,1.385505220609998,1.914494779390002,2.198908101425624,0.0008366617927761759,0.7054649233441448,0.70588035248078,-0.01087519894579537,1.0,-0.001457387020296831,1.000425855226676,-0.001061429840292848,1.0,0.0003234754152698935,1.0,-0.0006692787323645795,1.0,-0.0001349742016039366,1.0,1.0132993096710392,0.0014494779390084034,1.3313997220988805,True
20261054,statistical,27,3.3,5,1,1,bounded,0,0,0,True,0.0001014086459792764,0.0001000026234543796,1.373765456204132,1.926234543795869,2.198845110147644,0.0008370518981844193,0.681341200315099,0.6819479636233475,-0.0005762195755263367,1.0,0.004342540885269097,0.9992999450249632,-0.0001968225221196891,1.0,0.00331289089255351,1.0,0.0003871887855962585,1.0,0.01007809518012152,1.0,1.0140598563950496,0.002623454379602208,1.4086459792763906,True
20261055,statistical,27,3.3,5,1,1,bounded,0,0,0,True,0.0001011551313568261,0.0001000035567681784,1.364432318215503,1.935567681784497,2.199052010286184,0.0008357874050078777,0.6877763065326401,0.6874118160483523,0.0005135884092586631,1.0,0.004522931605192786,1.000796658513802,-0.0003888581855915082,1.0,-0.000986853042030923,1.0,-0.0007778587584100844,1.0,0.00366991382014221,1.0,1.0115153363126594,0.00355676817838102,1.1551313568261001,True
20261056,statistical,27,3.3,5,1,1,bounded,0,0,0,True,0.0001015915268054392,9.999926184062251e-05,1.407381593774757,1.892618406225243,2.1986961573939,0.0008379552089904078,0.7232879385444391,0.7247383853226727,0.004800853007258838,1.0,-0.002024929029093416,1.000100370582155,-0.00431541017459938,1.0,0.01307220421465815,1.0,-0.002886430262936964,1.0,0.01172176121548935,1.0,1.015922767183566,-0.0007381593774891115,1.5915268054391918,True
20261057,statistical,27,3.3,5,1,1,bounded,0,0,0,True,0.0001018429841053815,0.0001000017282978837,1.382717021163091,1.917282978836909,2.198491760860917,0.000839220634797881,0.6946047451652626,0.6968746422281753,0.001746515713255646,1.0,0.001089244313723656,1.001432881704373,-0.003890588842957658,1.0,0.004094718793427108,1.0,-0.001640439179775845,1.0,-0.001395776516424607,1.0,1.0184122398566262,0.001728297883696328,1.8429841053814844,True
20261058,statistical,27,3.3,5,1,1,bounded,0,0,0,True,0.0001012925414016443,0.0001000074554370005,1.325445629994464,1.974554370005536,2.198939805896991,0.0008364873208383324,0.6512319133409642,0.6510205375652837,0.009014527291820456,1.0,-0.007161578039821296,1.00099018206163,0.002103263416635956,1.0,0.003304101498157378,1.0,0.001868296398082459,1.0,-0.001731474771133792,1.0,1.0128499016301173,0.0074554370004920045,1.2925414016442982,True
20261059,statistical,27,3.3,5,1,1,bounded,0,0,0,True,9.941275418951526e-05,9.999543040806458e-05,1.445695919353992,1.854304080646008,2.200487328304128,0.0008270487021841788,0.7559101756565705,0.749621457425573,0.001430520234925531,1.0,0.007280173343803938,1.002222460220744,0.005876955315355336,1.0,-0.005777314750150022,1.0,-0.0004482345081283778,1.0,0.002492322311208184,1.0,0.9941729715430843,-0.004569591935421613,-0.5872458104847489,True
20261060,statistical,27,3.3,5,1,1,bounded,0,0,0,True,0.0001010324728807389,9.999807931599733e-05,1.419206840026519,1.880793159973481,2.199152289983942,0.0008351560370352555,0.738502292429465,0.7380625948466951,0.005086763907939211,1.0,0.005132782294168824,1.000698977006558,0.0007551126261087855,1.0,-0.004464167374987699,1.0,0.0002900976479667074,1.0,-0.004517265632894826,1.0,1.0103441343255488,-0.0019206840026764205,1.0324728807388883,True
20261061,statistical,27,3.3,5,1,1,bounded,0,0,0,True,0.0001015217697759886,9.999875445278628e-05,1.412455472137004,1.887544527862997,2.198752943377804,0.0008376047494637164,0.721355137481399,0.7226924764313177,0.001311023456968973,1.0,-0.004165467357336535,1.001819965494452,-0.002077960127265963,1.0,0.009747897823331549,1.0,-0.0007625645790547489,1.0,0.006887093793323919,1.0,1.0152303429331353,-0.001245547213724052,1.5217697759885906,True
20261062,statistical,27,3.3,5,1,1,bounded,0,0,0,True,0.0001011229645476454,0.0001000005173353704,1.394826646295459,1.905173353704541,2.199078297281313,0.0008356165408343987,0.721544593725328,0.7211723703311931,0.01440248800728718,1.0,0.00184333773052786,0.9983947480110946,-0.000794560582763026,1.0,0.01332187136276698,1.0,-0.001191494920606912,1.0,-0.00854088000202488,1.0,1.0112244140548858,0.0005173353703868955,1.1229645476453776,True
20261063,statistical,27,3.3,5,1,1,bounded,0,0,0,True,0.0001013134677191053,0.0001000001571610541,1.398428389458432,1.901571610541569,2.198922730713561,0.0008365678681157944,0.7165625886184074,0.71704231879286,0.00966236925573151,1.0,-0.003490562784645816,1.000382995950739,-8.006946714615375e-05,1.0,-0.003964669724236552,1.0,0.0003762674389528662,1.0,-0.008261003540287847,1.0,1.0131330849404174,0.00015716105410401582,1.313467719105299,True
20261064,statistical,27,3.3,5,1,1,bounded,0,0,0,True,0.0001010858506040647,0.000100003167311756,1.368326882440295,1.931673117559705,2.199108636873416,0.00083543971603725,0.6962542806252133,0.6956916611457213,0.004785134344181353,1.0,-0.0002394692297771142,0.999745786670754,0.0006666887567989512,1.0,0.007063670256225686,1.0,7.908175849692916e-05,1.0,-0.006745304531085496,1.0,1.010826490014396,0.003167311756002711,1.0858506040646976,True
20261065,statistical,27,3.3,5,1,1,bounded,0,0,0,True,9.978788740497527e-05,0.0001000013564382255,1.386435617744686,1.913564382255314,2.200176319535869,0.0008289439241593505,0.7112928628226018,0.7060322923832086,-0.004734089760766769,1.0,0.007579875638668074,0.9994798935257896,0.001980925710312392,1.0,-0.008500267391905144,1.0,-0.003313573793246552,1.0,0.01393888675400876,1.0,0.9978653386228605,0.0013564382254971363,-0.21211259502473823,True
20261066,statistical,27,3.3,5,1,1,bounded,0,0,0,True,0.0001006480407862966,0.0001000045637293805,1.35436270619468,1.94563729380532,2.199467325487998,0.0008332552751265283,0.6750978036126026,0.6727440120390241,-0.005570608066089965,1.0,-0.008414767721915874,0.9995333883382648,0.003871146252527361,1.0,-0.002221745742412989,1.0,0.001489338273098766,1.0,0.00649941170217882,1.0,1.0064344769170475,0.0045637293804912105,0.6480407862965887,True
20261067,statistical,27,3.3,5,1,1,bounded,0,0,0,True,9.985907705969758e-05,0.0001000044588094954,1.355411905045738,1.944588094954262,2.200117422934113,0.0008293101102584426,0.6718092487828601,0.6666014790031434,-0.003191282983608394,1.0,0.002664594290812305,0.9995227726228888,0.001400202975002873,1.0,0.002743894660987321,1.0,-0.003841027238616741,1.0,0.00338719183056666,1.0,0.9985462473220842,0.004458809495400118,-0.1409229403024237,True
20261068,statistical,27,3.3,5,1,1,bounded,0,0,0,True,0.0001011942834897041,9.999784084039349e-05,1.421591596065096,1.878408403934904,2.19902002541088,0.0008359643031108114,0.736060340875987,0.7362429764664072,-0.003435984482723783,1.0,0.001837856946424206,1.003678062652795,0.0001723453082111879,1.0,-0.01270361411059932,1.0,0.0003307844193862146,1.0,-0.01451918809009469,1.0,1.011964684829748,-0.002159159606518468,1.1942834897040955,True
20261069,statistical,27,3.3,5,1,1,bounded,0,0,0,True,0.0001030454198272714,0.0001000034158556049,1.365841443950596,1.934158556049404,2.197520862551154,0.0008452383823493139,0.6767674675743292,0.6831739699071548,-0.002155724906793477,1.0,-0.002274988489760248,0.998603139391658,-0.001692364965405622,1.0,-0.003071044162065556,1.0,0.004702677348170954,1.0,0.005372351866815937,1.0,1.0304190006475265,0.0034158556049046496,3.0454198272714006,True
20261070,statistical,27,3.3,5,1,1,bounded,0,0,0,True,0.0001019506935689164,0.0001000061596171052,1.33840382894732,1.961596171052681,2.198404354295594,0.0008397738054691567,0.6638268253475521,0.6660292561127658,0.004625281362983914,1.0,-0.003611178110781094,0.999712656073401,-0.001335775893044269,1.0,-0.002663137707456882,1.0,0.0008476164995602352,1.0,-0.002107658106629622,1.0,1.0194441418334257,0.006159617105194748,1.9506935689163951,True
20261071,statistical,27,3.3,5,1,1,bounded,0,0,0,True,9.916172592552634e-05,0.0001000011544743441,1.388455256558492,1.911544743441508,2.200696062897976,0.0008258124502816282,0.713947797935445,0.7065417727041012,0.005467009423114468,1.0,-0.01111540774434145,1.002183596204691,0.004796201359398947,1.0,-0.00737140887578961,1.0,-0.002648077630572817,1.0,0.0119646345569758,1.0,0.9916058114205759,0.0011544743441005423,-0.8382740744736661,True
20261072,statistical,27,3.3,5,1,1,bounded,0,0,0,True,0.0001005857952380786,0.0001000073849892315,1.326150107685208,1.973849892314792,2.199518440906416,0.0008329533575432596,0.6772161732736434,0.6745581745329311,0.009829072883381102,1.0,-0.006793965607793005,0.9986526120688096,-0.0001254379343939358,1.0,0.002685309893044355,1.0,-0.00281191089278808,1.0,-0.006066436591169344,1.0,1.005783675364668,0.0073849892314958865,0.5857952380785791,True
20261073,statistical,27,3.3,5,1,1,bounded,0,0,0,True,0.0001010007519674828,9.999835846423463e-05,1.416415357653528,1.883584642346472,2.199178242085788,0.0008349983536577537,0.7205793106598956,0.7199758178743417,-0.0008576025814518058,1.0,-0.005612266065082394,1.001702724696,0.001054901204396762,1.0,-0.01033450880999788,1.0,0.0004258734359370575,1.0,0.003520615456157384,1.0,1.0100240995816616,-0.001641535765373181,1.0007519674827936,True
20261074,statistical,27,3.3,5,1,1,bounded,0,0,0,True,0.0001017657729373801,9.999940946250502e-05,1.405905374949888,1.894094625050112,2.198554471361637,0.0008388269268012888,0.7209567916409965,0.7230767164583229,-0.00120519586728448,1.0,-0.005584767162869735,1.005286966105911,-0.0005957800499408975,1.0,-0.003346269581832415,1.0,0.00150387917111418,1.0,0.004447194809013334,1.0,1.017663739059753,-0.0005905374949932707,1.7657729373800946,True
20261075,statistical,27,3.3,5,1,1,bounded,0,0,0,True,0.0001014944903031746,0.0001000041656273331,1.358343726668674,1.941656273331327,2.198775160301526,0.0008374862089743889,0.688867488733803,0.6895657330151377,0.002717553143381241,1.0,0.002411598929955203,0.9994146837159416,-0.0008968059257936478,1.0,0.006868438504080085,1.0,-0.0002207345342201132,1.0,-0.006087009013665295,1.0,1.0149026259705543,0.0041656273330969995,1.4944903031745893,True
20261076,statistical,27,3.3,5,1,1,bounded,0,0,0,True,0.0001025158660818661,0.0001000030256273537,1.369743726463279,1.930256273536721,2.19794713033344,0.0008425893258680211,0.6933877110822141,0.6976947025763369,-0.00146784843455445,1.0,-0.0007234956352886004,1.001243536655876,-0.001653993060111088,1.0,-0.003577383734258478,1.0,0.002637885976295077,1.0,0.0006674592673090701,1.0,1.0251276442762454,0.003025627353703264,2.5158660818660916,True
20261077,statistical,27,3.3,5,1,1,bounded,0,0,0,True,0.0001009429880598346,9.999766957828275e-05,1.423304217172488,1.876695782827512,2.199225520627444,0.0008347072607975616,0.7384582333242818,0.7376722755059726,0.005833530398902729,1.0,0.002889690871781293,0.9996819222952376,0.0002194935895003401,1.0,0.01459277365071375,1.0,-0.0005923949524606068,1.0,-0.004391325722356159,1.0,1.0094534051197244,-0.0023304217172559483,0.942988059834593,True
20261078,statistical,27,3.3,5,1,1,bounded,0,0,0,True,0.0001014508290251683,0.0001000006444673758,1.393555326241836,1.906444673758165,2.198810730547273,0.00083725628275704,0.7066597206524886,0.7075600936721462,0.003628278753154764,1.0,-0.005907197774715434,1.004895466118854,3.475147442713445e-05,1.0,-0.002794355638573157,1.0,0.0009126781026294776,1.0,-0.01017497931437655,1.0,1.0145017521188635,0.0006444673757988184,1.4508290251682876,True
20261079,statistical,27,3.3,5,1,1,bounded,0,0,0,True,0.0001015150134384725,0.0001000006655765909,1.393344234090866,1.906655765909134,2.198758445346045,0.0008375772744834058,0.7240070277750443,0.7250254702042757,0.003961540466616759,1.0,0.001663813508095478,1.001070014479111,0.0008783578416498905,1.0,-0.001217609543360005,1.0,0.00187479328999089,1.0,-0.01119507267419297,1.0,1.015143377828038,0.0006655765909080458,1.51501343847249,True
20261080,statistical,27,3.3,5,1,1,bounded,0,0,0,True,0.0001024323611081747,0.0001000049820965218,1.350179034781926,1.949820965218075,2.198014536655282,0.0008421782573475306,0.6757977744209078,0.6798301965349604,0.01786471349988777,1.0,-0.007521078791956857,0.9970994368572916,-0.002465556678056252,1.0,-0.002689342340807088,1.0,0.001551159508996071,1.0,-0.005166576111021831,1.0,1.0242725808331237,0.004982096521799484,2.4323611081747076,True
20261081,statistical,27,3.3,5,1,1,bounded,0,0,0,True,0.0001028494570088191,0.0001000047752946983,1.352247053016996,1.947752946983005,2.197678364135028,0.0008442630544055389,0.6595960347854136,0.6650791622047394,-0.004119971945662233,1.0,-0.0002907658583832546,1.001669209831465,-0.002158137011683909,1.0,0.00441280059107649,1.0,0.003312170134599813,1.0,-0.002853268496651934,1.0,1.0284454587867227,0.004775294698289301,2.8494570088190896,True
20261082,statistical,27,3.3,5,1,1,bounded,0,0,0,True,0.0001011403186035266,0.0001000010984654403,1.389015345596832,1.910984654403168,2.199064114421519,0.0008357052288424342,0.7048553203363714,0.7044807220969165,0.003035602730025987,1.0,-0.002552646535992572,0.9970380119178596,0.001822761009796308,1.0,-0.00170184556711635,1.0,0.001423570989887615,1.0,0.004555983663351082,1.0,1.0113920762428426,0.001098465440296792,1.140318603526591,True
20261083,statistical,27,3.3,5,1,1,bounded,0,0,0,True,0.0001008957082855523,9.999980337825147e-05,1.401966217485177,1.898033782514823,2.199264237035657,0.000834477903464253,0.7248011592210659,0.7237883746727628,0.003348268392657699,1.0,-0.009402295200650624,1.003320339495709,0.00252897360191435,1.0,-0.001682571186290607,1.0,0.001489913327881608,1.0,-0.0102132629247133,1.0,1.0089590666884818,-0.0001966217485271926,0.8957082855522991,True
20261084,statistical,27,3.3,5,1,1,bounded,0,0,0,True,0.0001020855836449143,0.0001000031043218696,1.368956781304075,1.931043218695925,2.198295012706513,0.0008404381733753368,0.6763269997379424,0.6793603941883177,0.0006238477018633439,1.0,0.001937355209300785,0.9980867962001078,-0.002653418809961579,1.0,-0.01059204614846574,1.0,0.0003618937261503253,1.0,-0.003625639752108925,1.0,1.0208241467819044,0.0031043218695847585,2.0855836449142906,True
20261085,statistical,27,3.3,5,1,1,bounded,0,0,0,True,0.0001007457512050038,9.999974840991105e-05,1.40251590088939,1.89748409911061,2.199387146519979,0.0008337279366657918,0.7270694046034198,0.7255738580561091,0.006695557943593083,1.0,0.000264415981892124,1.002768012562219,0.00133563750239311,1.0,-0.0005172674168744385,1.0,-0.0001872208052854657,1.0,0.004144943298771225,1.0,1.0074600467196657,-0.0002515900889621392,0.7457512050037973,True
20261086,statistical,27,3.3,5,1,1,bounded,0,0,0,True,0.0001021013236873393,9.99991064707519e-05,1.408935292481042,1.891064707518959,2.198282262697324,0.0008405036806782135,0.7136971519474116,0.7170458102504457,0.0008232759929718912,1.0,0.00262090447831577,1.000544087513798,0.001321603389828679,1.0,-0.0002790399023988011,1.0,0.004652318616902369,1.0,0.01003014543073113,1.0,1.0210223600068093,-0.0008935292481138113,2.101323687339307,True
20261087,statistical,27,3.3,5,1,1,bounded,0,0,0,True,0.0001009906522451799,0.0001000050389279608,1.349610720391392,1.950389279608608,2.199186506664071,0.0008349699005764539,0.683236386163092,0.6821175853084167,-0.003954801278956355,1.0,-0.001576566111128512,0.9999676154256639,-0.0018751176999553,1.0,0.00412710751809272,1.0,-0.00301957619339914,1.0,0.002746074478082098,1.0,1.009855636553765,0.005038927960798745,0.9906522451798905,True
20261088,statistical,27,3.3,5,1,1,bounded,0,0,0,True,0.0001012943217979902,0.000100001694513925,1.383054860750015,1.916945139249985,2.198938353023523,0.0008364772117745239,0.6898407658041238,0.6900069615896351,-0.003914203035179314,1.0,0.001130294041456709,0.9973548854511216,0.003692082861550943,1.0,-0.01589416379094775,1.0,0.003834748051804183,1.0,-0.0147613914691735,1.0,1.0129260538068703,0.001694513924999086,1.2943217979902055,True
20261089,statistical,27,3.3,5,1,1,bounded,0,0,0,True,0.0001033996174814823,9.999823192591093e-05,1.417680740890659,1.882319259109342,2.197236893843882,0.0008469922636513644,0.722269793372677,0.7303113744017081,0.008023676783215418,1.0,0.00067058061323513,1.001814813580412,-0.005756232991176956,1.0,-0.005750787155196374,1.0,0.002276370780150027,1.0,0.00671939228354958,1.0,1.0340144569565137,-0.001768074089070204,3.3996174814822977,True
20261090,statistical,27,3.3,5,1,1,bounded,0,0,0,True,0.0001006450948641059,0.0001000055170676894,1.344829323106529,1.955170676893472,2.199469743980346,0.000833243691532795,0.6703348797836232,0.6680087935602408,-0.009275437441990749,1.0,0.005890479210415312,1.001653346418656,-2.580847649088906e-05,1.0,0.002928253749083367,1.0,-0.002379942183853374,1.0,-0.01139568963444406,1.0,1.006395425124232,0.0055170676893867565,0.6450948641059107,True
20261091,statistical,27,3.3,5,1,1,bounded,0,0,0,True,9.971060138811786e-05,0.0001000010229341675,1.389770658325172,1.910229341674829,2.200240304489598,0.0008285563935116729,0.7108342096351411,0.7054834053335847,0.006086956301714882,1.0,0.009277246402333093,1.001069084891016,0.002502945909853062,1.0,-0.00796619027728315,1.0,-0.002882322913153179,1.0,0.008485367941076875,1.0,0.997095814247412,0.0010229341674827808,-0.2893986118821412,True
20261092,statistical,27,3.3,5,1,1,bounded,0,0,0,True,0.0001016674728846424,9.999697756700461e-05,1.430224329953711,1.869775670046289,2.198634374785009,0.0008383274012826931,0.7446595785348739,0.7464789478262371,0.004946935590352842,1.0,-0.0005020319178487997,0.99979815265629,0.0008806260380177477,1.0,0.008537377990624541,1.0,0.002679069737354941,1.0,0.008056632877139903,1.0,1.0167054580876551,-0.003022432995392066,1.6674728846423958,True
20261093,statistical,27,3.3,5,1,1,bounded,0,0,0,True,0.0001011995928428923,0.0001000003482424701,1.396517575299238,1.903482424700762,2.19901568889169,0.000835999124302604,0.7128094906639398,0.7128611466222721,-0.003845249896181057,1.0,-0.002059721576412299,1.002148305257704,-0.00143862125907668,1.0,-0.0008727196293407985,1.0,-0.001411147250269377,1.0,0.00173539486269195,1.0,1.011992404241577,0.0003482424701051201,1.199592842892283,True
20261094,statistical,27,3.3,5,1,1,bounded,0,0,0,True,0.0001022991346739523,0.0001000046326241993,1.35367375800685,1.946326241993151,2.198122185601652,0.0008415109719189587,0.6812224375752141,0.6846590927302859,0.01357747455263746,1.0,-0.003908612359552221,0.9972366683338035,0.001145902438533426,1.0,0.003052288843674875,1.0,0.004565936981614708,1.0,0.006875989738422878,1.0,1.0229439575901984,0.004632624199296664,2.2991346739523078,True
20261095,statistical,27,3.3,5,1,1,bounded,0,0,0,True,0.0001002630534943839,0.0001000015359641468,1.384640358532505,1.915359641467495,2.199783950470818,0.0008313203470417247,0.6999431600661087,0.6966000197558574,0.006381417325970635,1.0,0.003431308052569705,1.003522451073316,0.001245099820840768,1.0,5.67956318628788e-05,1.0,-0.002128695313391726,1.0,0.01472916853879937,1.0,1.002615135134833,0.0015359641467815877,0.26305349438389136,True
20261096,statistical,27,3.3,5,1,1,bounded,0,0,0,True,0.0001013268868718277,9.99983070958377e-05,1.416929041622742,1.883070958377258,2.198911782870594,0.0008366288586638465,0.7179166595613937,0.7185683603586053,-0.0007472713464011693,1.0,0.003395197231019923,1.000357931997637,-0.0005978426288690573,1.0,0.01197478938282017,1.0,3.057612997158333e-05,1.0,0.001647021714671911,1.0,1.0132860226795308,-0.00169290416229817,1.3268868718276927,True
20261097,statistical,27,3.3,5,1,1,bounded,0,0,0,True,9.971788483909797e-05,9.999852829828018e-05,1.414717017198146,1.885282982801854,2.200234272545208,0.0008285845784689863,0.7258769044818969,0.7205468195408202,-0.001176096652868307,1.0,-0.003433704575497578,1.000089958456021,0.002936989554961003,1.0,0.003390361772277921,1.0,-0.002427485037850943,1.0,-0.001815937733402315,1.0,0.9971935241052239,-0.0014717017198240256,-0.28211516090204114,True
20261098,statistical,27,3.3,5,1,1,bounded,0,0,0,True,0.0001018352688379166,0.0001000028470323077,1.371529676923014,1.928470323076987,2.198498025153142,0.000839185750284443,0.6791554456480013,0.681181762906526,-0.003491280245445698,1.0,0.002431767174993251,1.001296562927752,-0.003219854898665688,1.0,-0.003768427483768409,1.0,-0.001213343946855329,1.0,-0.005999344126832555,1.0,1.0183236963745332,0.002847032307706776,1.8352688379166038,True
20261099,statistical,27,3.3,5,1,1,bounded,0,0,0,True,0.0001002745614141211,9.999941631349827e-05,1.405836865017346,1.894163134982654,2.199774469471854,0.0008313708917934786,0.7207793265067199,0.7175400374044821,-0.002043065645736386,1.0,0.003050872954311813,0.9952840582433128,0.001989477220955757,1.0,0.004232194934166494,1.0,-0.001280370521837662,1.0,-0.001772944392496214,1.0,1.0027514670661701,-0.0005836865017316839,0.27456141412109947,True
20261100,statistical,27,3.3,5,1,1,bounded,0,0,0,True,0.0001009697055875626,0.0001000043224942296,1.3567750577038,1.9432249422962,2.199203649737212,0.0008348628030578457,0.6796396163412752,0.6786242324133015,-5.557761693990561e-05,1.0,0.001283966642861571,1.000529451205789,0.0008163225600549635,1.0,0.002436470820690568,1.0,-0.0002248592364079071,1.0,0.004793989771256012,1.0,1.0096534136650812,0.0043224942295916335,0.9697055875625971,True
20261101,statistical,27,3.3,5,1,1,bounded,0,0,0,True,9.979370788654754e-05,0.0001000036232660594,1.36376733940544,1.93623266059456,2.200171502655296,0.000828980507099432,0.6998974686062327,0.6947033289828273,-0.002966350785755991,1.0,8.858581503005742e-05,1.001592450959081,0.004277551282543513,1.0,-0.006803363676222198,1.0,-0.0009505012693409302,1.0,-0.003569405761947351,1.0,0.9979009222600528,0.0036232660593826793,-0.20629211345246645,True
20261102,statistical,27,3.3,5,1,1,bounded,0,0,0,True,0.0001008464731697457,0.0001000052305156457,1.34769484354251,1.952305156457491,2.199304572742285,0.0008342496374391965,0.6780017647706091,0.676390591236582,0.00167182995593749,1.0,-0.003580433718126122,1.001226938288152,0.001374853743214726,1.0,-0.002858103384581449,1.0,-0.0002629759254087168,1.0,0.0009193963926058875,1.0,1.0084119865507273,0.005230515645693323,0.8464731697456873,True
20261103,statistical,27,3.3,5,1,1,bounded,0,0,0,True,0.0001012805958387232,0.0001000043225327203,1.356774672796582,1.943225327203419,2.198949554566244,0.0008364172544407171,0.6795306690913885,0.6794259600255629,0.004203158215054913,1.0,0.007080869601264783,0.9980984479199556,-0.0009204349316179088,1.0,0.0001707266812785553,1.0,-0.001048791911769494,1.0,-0.0119831208166705,1.0,1.0127621814105618,0.00432253272029115,1.2805958387231975,True
20261104,statistical,27,3.3,5,1,1,bounded,0,0,0,True,0.0001008140143313731,0.0001000039981163781,1.360018836218645,1.939981163781355,2.199331174653576,0.0008340832763296072,0.6859724196738242,0.6842610552739326,0.0128532485263174,1.0,0.0008335074008170005,0.9961699043583195,0.0008203364039476461,1.0,0.0005338358243823174,1.0,-0.0009178953272513761,1.0,0.01419092572129105,1.0,1.0080998383089879,0.003998116378101102,0.8140143313730919,True
20261105,statistical,27,3.3,5,1,1,bounded,0,0,0,True,0.0001025885941975026,0.0001000066302565123,1.333697434876554,1.966302565123446,2.197888465183521,0.0008429648617220415,0.6423054950451228,0.6466938138615663,-0.004849034150142588,1.0,-0.008532532949701495,1.002133169113787,-0.001937278386401342,1.0,-0.009563568003709621,1.0,0.002436405746298285,1.0,0.004568742811631794,1.0,1.025817927615076,0.006630256512285548,2.5885941975025917,True
20261106,statistical,27,3.3,5,1,1,bounded,0,0,0,True,0.0001009257323945291,0.0001000043394035694,1.356605964305685,1.943394035694315,2.199239648953697,0.0008346429928930326,0.6788758934667256,0.6774165483467304,0.004602508785616294,1.0,-0.007208089028605953,0.999958093775113,0.0009289550260210292,1.0,0.004046947478746823,1.0,-0.0005564852790085897,1.0,0.005702036905296793,1.0,1.009213530097343,0.004339403569408873,0.9257323945290885,True
20261107,statistical,27,3.3,5,1,1,bounded,0,0,0,True,0.0001000101174033431,0.0001000084093968111,1.315906031888839,1.984093968111162,2.199992594811016,0.0008300783489147096,0.6332010901636924,0.6282018040284044,0.002140567030144844,1.0,-0.007277617135565555,1.003044375470246,0.002873410826513794,1.0,-0.005232249167735698,1.0,-0.002158320957948569,1.0,0.003335680196289227,1.0,1.0000170786291103,0.008409396811082104,0.010117403343090636,True
20261108,statistical,27,3.3,5,1,1,bounded,0,0,0,True,0.0001019317314283298,9.999856992811184e-05,1.414300718881471,1.885699281118529,2.198419735845051,0.0008396539487963979,0.7233215372591598,0.7260629783626235,0.001005841892269773,1.0,-0.006074428140277786,0.9970238113723914,0.0008085671418446509,1.0,-0.004798732510219441,1.0,0.003530897279168057,1.0,-0.005199225824114013,1.0,1.019331891462125,-0.0014300718881643526,1.9317314283298082,True
20261109,statistical,27,3.3,5,1,1,bounded,0,0,0,True,0.0001020987575928557,0.0001000034526821465,1.365473178534616,1.934526821465385,2.198284341201751,0.0008405051927047038,0.6878396756384719,0.6907313014010283,0.01130158808223774,1.0,0.0002747878297055784,1.000568562810928,-0.001304287820741312,1.0,-0.003891941170811822,1.0,0.0015693419522581,1.0,0.005607600946571998,1.0,1.0209523256898836,0.0034526821464986313,2.0987575928556934,True
20261110,statistical,27,3.3,5,1,1,bounded,0,0,0,True,9.98993075800171e-05,0.0001000026766830739,1.373233169261083,1.926766830738917,2.200084156876887,0.0008295053818433099,0.6923069155888247,0.6874427277213575,0.0002948083534124961,1.0,-0.003320365409763964,1.001966049566077,0.001195053756887829,1.0,-0.00997444223679606,1.0,-0.003702306793153027,1.0,-0.01111255003758993,1.0,0.9989663366373244,0.0026766830738989,-0.10069241998289513,True
20261111,statistical,27,3.3,5,1,1,bounded,0,0,0,True,0.0001006638430657282,9.999587108905112e-05,1.441289109488727,1.858710890511273,2.199454353540056,0.0008333056008115572,0.765690260558016,0.7639714839037602,0.001827231633115923,1.0,-0.001101357333292871,0.9982108883022036,0.002590037616199297,1.0,0.003703402275376532,1.0,0.0008434170003377938,1.0,0.00505752884628016,1.0,1.0066799955778396,-0.004128910948886233,0.663843065728198,True
20261112,statistical,27,3.3,5,1,1,bounded,0,0,0,True,0.0001009656881625388,0.0001000035048621548,1.364951378452336,1.935048621547664,2.199206938042455,0.000834840017746406,0.6759498501286691,0.6748236626044899,-0.003553393018708561,1.0,0.003255237488045836,0.9992358209991622,0.002033043952207872,1.0,-0.002122415399022783,1.0,0.0008810411433583089,1.0,0.008980391096352463,1.0,1.0096214957836755,0.0035048621547906222,0.9656881625387914,True
20261113,statistical,27,3.3,5,1,1,bounded,0,0,0,True,0.0001006074314678286,9.999731375897709e-05,1.426862410229,1.873137589771,2.19950067008464,0.0008330283036323421,0.7488443032604347,0.7469486928219422,0.01066522220787085,1.0,0.002573755691107682,0.9973154923733708,0.0006512780793391076,1.0,0.001024623111446799,1.0,-0.001272577302584308,1.0,0.007972158639400055,1.0,1.0061013409852395,-0.0026862410229089306,0.6074314678286008,True
20261114,statistical,27,3.3,5,1,1,bounded,0,0,0,True,0.000102065284499261,9.999749619917073e-05,1.425038008292783,1.874961991707217,2.198311458479398,0.0008403181708429178,0.7363835627039133,0.7396584345481579,-0.005505603425871052,1.0,-0.003203087549701308,0.9985002918382834,0.001098701182585762,1.0,-0.003814248226864238,1.0,0.004355391665088871,1.0,0.001718885054013705,1.0,1.020678400746872,-0.0025038008292788128,2.0652844992609998,True
20261115,statistical,27,3.3,5,1,1,bounded,0,0,0,True,9.917173354489952e-05,9.999810590340924e-05,1.418940965907458,1.881059034092543,2.200687731879075,0.0008258524280939954,0.7495631123838762,0.7424637125548325,-0.002051735153934409,1.0,0.00168683683071997,0.9978360900355334,0.007233841779203476,1.0,-0.002762390661236966,1.0,9.627843286049172e-05,1.0,0.005418749087842375,1.0,0.9917361198890314,-0.0018940965907709995,-0.8282664551004792,True
20261116,statistical,27,3.3,5,1,1,bounded,0,0,0,True,0.0001020906934133627,9.999913254248361e-05,1.408674575163699,1.891325424836301,2.198290873405276,0.0008404506153474023,0.7096011816204301,0.7129405185764326,-0.005929930452817297,1.0,-0.00522737396703039,0.9967448237470268,-0.0005040800822714157,1.0,0.006905984101704041,1.0,0.002817239956734319,1.0,0.004948899474383693,1.0,1.0209157901443846,-0.0008674575163958309,2.0906934133626986,True
20261117,statistical,27,3.3,5,1,1,bounded,0,0,0,True,0.000100610988317399,0.0001000008498779325,1.391501220674646,1.908498779325354,2.19949774902549,0.0008330577570732193,0.7055991135408283,0.7035030972777832,0.00518163230321077,1.0,-0.005276963151888145,1.002011727562307,0.001271032305876941,1.0,-0.001869862765404962,1.0,-0.0008532306600460629,1.0,0.00282709885896011,1.0,1.0061013325407862,0.0008498779324961347,0.6109883173990083,True
20261118,statistical,27,3.3,5,1,1,bounded,0,0,0,True,0.0001014691627597521,0.0001000021190271168,1.37880972883174,1.92119027116826,2.198795792554888,0.000837352817477021,0.6885825545107505,0.6893587753315452,-8.117255514808057e-05,1.0,0.006654290256655955,0.999455397896896,0.000344748765576304,1.0,-0.004361183996769646,1.0,0.001098642657769184,1.0,0.006817577704529026,1.0,1.0146701264623952,0.0021190271167981223,1.469162759752085,True
20261119,statistical,27,3.3,5,1,1,bounded,0,0,0,True,0.0001003005813497672,0.0001000039750101692,1.360249898307627,1.939750101692373,2.199753036264547,0.0008315160351707489,0.6790909940991606,0.6754714763361583,-0.003976410341394536,1.0,-0.00580226440834975,0.9946717100460222,0.002788225199972822,1.0,0.0002584663955516851,1.0,-0.0008616996731552526,1.0,-0.005608136272385118,1.0,1.002965945499345,0.003975010169199322,0.30058134976720385,True
20261120,statistical,27,3.3,5,1,1,bounded,0,0,0,True,0.0001010006568546586,0.0001000017155152479,1.382844847520492,1.917155152479509,2.199178319912754,0.0008350089563620183,0.6933581601946511,0.6924977578247673,0.004854723968232244,1.0,0.004384013556046147,1.000391117353047,0.0008507830284558023,1.0,-0.004144005715773445,1.0,-3.518039830975786e-05,1.0,0.009643200690760589,1.0,1.0099892420271368,0.001715515247902033,1.0006568546585992,True
20261121,statistical,27,3.3,5,1,1,bounded,0,0,0,True,0.000102246731537864,0.000100004695098527,1.353049014729482,1.946950985270518,2.198164564161508,0.000841249162404678,0.6541444243088174,0.6576338725634435,0.001900984824222594,1.0,-0.003943786601148649,1.001921560995494,-8.50377128638523e-06,1.0,-0.003938845193024636,1.0,0.003463965315996664,1.0,-0.01446437290851939,1.0,1.0224193117845928,0.004695098526985575,2.2467315378639885,True
20261122,statistical,27,3.3,5,1,1,bounded,0,0,0,True,0.0001014776086710291,0.0001000025038730431,1.374961269568735,1.925038730431265,2.198788911832875,0.000837396317024745,0.6830633283103081,0.6838144443310284,-0.0002179380371261678,1.0,-0.0006618994045653646,1.000120584962328,-0.00204933522042879,1.0,-0.002546872174996765,1.0,-0.001320490983906047,1.0,0.006566231973198383,1.0,1.0147506786415939,0.0025038730431026224,1.4776086710290848,True
20261123,statistical,27,3.3,5,1,1,bounded,0,0,0,True,0.0001006639274992906,9.999939812982791e-05,1.4060187017209,1.8939812982791,2.199454284234445,0.0008333176622134324,0.7322372463983384,0.7303855539309281,-0.005033580559385181,1.0,0.006313918628460568,1.001932005538607,-0.0002794472397599709,1.0,-0.001172816376180216,1.0,-0.002159012406389247,1.0,0.001103036400625194,1.0,1.0066453336909083,-0.0006018701721011155,0.6639274992905841,True
20261124,statistical,27,3.3,5,1,1,bounded,0,0,0,True,0.0001018865564130102,9.999986369773695e-05,1.401363022630413,1.898636977369588,2.198456391354347,0.0008394323431574769,0.7054598845403353,0.7079659836041172,-0.005058000358113902,1.0,-0.004999543223013399,0.998366783528892,-0.001239472888210089,1.0,0.001695115734412235,1.0,0.001247194636594077,1.0,-0.007127821438768027,1.0,1.0188669528688161,-0.00013630226305405557,1.8865564130101875,True
20261125,statistical,27,3.3,5,1,1,bounded,0,0,0,True,0.0001022781134336838,0.0001000014872792825,1.385127207175495,1.914872792824506,2.198139183089469,0.0008413954860782718,0.6986714545656671,0.702576851497451,0.002256140932627577,1.0,0.00118925239596445,0.9997731068375708,-0.002263426508261236,1.0,0.01306094663252876,1.0,0.001625225839899097,1.0,0.005850538825985322,1.0,1.0227659229511576,0.0014872792824860426,2.278113433683804,True
20261126,statistical,27,3.3,5,1,1,bounded,0,0,0,True,0.0001000302032656143,0.0001000070551377638,1.329448622361748,1.970551377638252,2.1999760080841,0.0008301743091712958,0.6477605978631582,0.6430868292826526,0.002598755668294277,1.0,-0.003660891568904058,0.9984488248212415,0.0006594350162529181,1.0,0.001623533064265836,1.0,-0.004046634746061695,1.0,0.01295737886834964,1.0,1.0002314649483341,0.007055137763800623,0.03020326561429254,True
20261127,statistical,27,3.3,5,1,1,bounded,0,0,0,True,0.0001008899732923964,9.999949521902195e-05,1.405047809780326,1.894952190219675,2.199268934458799,0.0008344482115731028,0.7282867340945826,0.7272218867250363,0.006385552214893075,1.0,0.006573335833579987,1.001087412710778,-0.001583421881681986,1.0,-0.002952280635963951,1.0,-0.002674582211555081,1.0,0.007489744915426336,1.0,1.0089048256836106,-0.0005047809780611701,0.8899732923963954,True
20261128,statistical,27,3.3,5,1,1,bounded,0,0,0,True,9.986984996280049e-05,0.0001000058870360496,1.341129639504267,1.958870360495734,2.200108513736236,0.0008293686879217126,0.6655078278369413,0.660275937249108,0.006867552245330724,1.0,-0.001362687524586964,1.003454964081661,0.002929670010849114,1.0,0.002334423580495202,1.0,-0.002335618712707402,1.0,-0.003854861596132334,1.0,0.9986397093483099,0.005887036049601058,-0.1301500371995168,True
20261129,statistical,27,3.3,5,1,1,bounded,0,0,0,True,0.0001005557197376063,0.0001000039839635616,1.360160364383547,1.939839635616453,2.199543149250121,0.0008327917566561432,0.680666197694064,0.6781661972906021,0.005978414190431953,1.0,-0.003478114610463027,1.001492723716829,0.0006737239719674902,1.0,-0.01019007424605045,1.0,-0.001854928179159652,1.0,0.0002226916546394167,1.0,1.0055171379396817,0.003983963561604575,0.5557197376062861,True
20261130,statistical,27,3.3,5,1,1,bounded,0,0,0,True,0.0001008101150484676,0.0001000013780097729,1.386219902271292,1.913780097728709,2.199334370884447,0.0008340551335628359,0.6995679148347127,0.6980412121891546,0.005083157630797075,1.0,-0.002064599320513799,0.9998159507701094,0.001764677205466569,1.0,-0.001314652740922761,1.0,0.0002111021489226137,1.0,-0.006954168311402828,1.0,1.0080872589437284,0.001378009772889932,0.8101150484675967,True
20261131,statistical,27,3.3,5,1,1,bounded,0,0,0,True,0.0001011394850856852,0.0001000037766807332,1.36223319266814,1.93776680733186,2.199064795574116,0.0008357098993631712,0.6850380691409619,0.6846172859549406,0.006522010214580739,1.0,0.001307385602763839,1.001521461367809,-0.0002704761241668093,1.0,0.01157800910641438,1.0,-0.0007158814229153671,1.0,-0.00235918480505414,1.0,1.0113566551449134,0.0037766807331918173,1.139485085685199,True
20261132,statistical,27,3.3,5,1,1,bounded,0,0,0,True,0.0001008212112933506,0.0001000074278336278,1.325721663721844,1.974278336278157,2.199325275629616,0.0008341305792068412,0.6392154519817962,0.6372939842570357,-0.003847477161781799,1.0,-0.0008359343232376169,1.00007609267806,0.001928601801748788,1.0,0.004434102719087748,1.0,-1.970715031916325e-05,1.0,-0.0007834320549465567,1.0,1.0081372301773086,0.007427833627793312,0.8212112933505988,True
20261133,statistical,27,3.3,5,1,1,bounded,0,0,0,True,0.0001016477677924889,0.0001000067811175641,1.332188824358903,1.967811175641097,2.198650400837942,0.0008382612275384245,0.6629465292423743,0.6639045353908299,-0.001005049740593147,1.0,-0.005736879350883324,1.006315806410899,-0.0001453657783220722,1.0,0.01479787530009168,1.0,0.0007915071958733103,1.0,-0.00297482307723695,1.0,1.016408754052345,0.006781117564091943,1.6477677924888967,True
20261134,statistical,27,3.3,5,1,1,bounded,0,0,0,True,0.0001008494670297679,0.0001000049816270323,1.350183729676627,1.949816270323373,2.199302119504198,0.0008342637854062856,0.6689862820771619,0.6672668468980054,0.0003078387618458161,1.0,-0.001958751668744186,1.00280710899452,0.000920339189888524,1.0,-0.0003371185294612834,1.0,-0.0008257236676151679,1.0,0.003434090555795734,1.0,1.0084444333571811,0.004981627032307756,0.8494670297678919,True
20261135,statistical,27,3.3,5,1,1,bounded,0,0,0,True,0.0001012172651496747,0.0001000016042041412,1.383957958587427,1.916042041412573,2.199001256224168,0.0008360916305107395,0.6858022610737563,0.6857811366778649,0.002590579682622222,1.0,-0.0124233458216224,1.001151655788561,-0.001796439399204968,1.0,-0.002518496228843435,1.0,-0.001841628557135371,1.0,-0.008658221561686783,1.0,1.012156414441631,0.0016042041411923336,1.2172651496746845,True
20261136,statistical,27,3.3,5,1,1,bounded,0,0,0,True,0.0001017885720630786,9.999779427590663e-05,1.422057240933573,1.877942759066427,2.198535949388404,0.0008389355923138959,0.7273364240300737,0.729691528785857,0.004449481395317523,1.0,-0.01028708085439613,0.9986089327391948,-0.0002361801893544671,1.0,0.003223757375968877,1.0,0.002098831647003432,1.0,0.01490423275855984,1.0,1.0179081728766035,-0.0022057240933737177,1.7885720630785862,True
20261137,statistical,27,3.3,5,1,1,bounded,0,0,0,True,0.0001021285695414988,9.999854157303257e-05,1.414584269674187,1.885415730325813,2.198260196918896,0.0008406380457866531,0.7318751302250969,0.7353591832860015,-0.01586879720493388,1.0,0.002690162970157171,0.9938293463031358,-0.004009611124566081,1.0,0.001000032553378546,1.0,-0.0005433141397128508,1.0,0.0001293422569982328,1.0,1.021300590338216,-0.0014584269674378092,2.1285695414987815,True
20261138,statistical,27,3.3,5,1,1,bounded,0,0,0,True,0.0001018331778115601,0.0001000051039054632,1.348960945367458,1.951039054632542,2.198499723006777,0.0008391827428338788,0.6709236420601191,0.6728486181693459,0.007802212775805199,1.0,0.0085697478328489,0.9984210003567732,-7.373221995864146e-05,1.0,-0.005282635156336871,1.0,0.001831402847671899,1.0,0.0001263220574510483,1.0,1.018279806076948,0.0051039054631996095,1.8331778115600939,True
20261139,statistical,27,3.3,5,1,1,bounded,0,0,0,True,0.0001014977187639977,9.999736652829576e-05,1.42633471704228,1.87366528295772,2.198772530688995,0.0008374799142518412,0.7440634633028199,0.7453196003128305,-0.002629699352516212,1.0,0.006023543938114401,0.9979073702109668,-0.00218945651938111,1.0,-0.001268997151795274,1.0,-0.0009554186113780432,1.0,0.004992747588706097,1.0,1.0150039174809407,-0.0026334717042386657,1.4977187639976908,True
20261140,statistical,27,3.3,5,1,1,bounded,0,0,0,True,0.0001015014055779985,0.0001000020516674429,1.379483325570527,1.920516674429474,2.198769527839377,0.0008375138092807316,0.7025782141707646,0.7033981113305839,-0.001159521167897896,1.0,-0.008157505378970215,0.9973394483122215,0.000459086001071144,1.0,-0.007538174098381332,1.0,0.001256876386845161,1.0,0.001725876220803144,1.0,1.0149932314943069,0.0020516674428927573,1.5014055779984936,True
20261141,statistical,27,3.3,5,1,1,bounded,0,0,0,True,0.0001014057475680587,9.999806242434916e-05,1.419375756508264,1.880624243491737,2.198847472874333,0.0008370223547290339,0.7429928081750549,0.7438334908305058,0.0003922838205832203,1.0,0.007523176828515134,1.001093507890108,0.0007811216614971982,1.0,-0.001733202743524516,1.0,0.001599065193311817,1.0,-0.006414530930404302,1.0,1.014077124192026,-0.0019375756508455133,1.4057475680586906,True
20261142,statistical,27,3.3,5,1,1,bounded,0,0,0,True,0.0001008133401833113,9.99969846763718e-05,1.430153236281957,1.869846763718044,2.199331727242512,0.0008340567612374332,0.7540428374095054,0.7528420408122337,0.00208360324806186,1.0,-0.001261964409029587,0.9980856942347616,0.0005418434974251569,1.0,0.01085333994114399,1.0,-0.0006857743547476042,1.0,0.0008617611119579344,1.0,1.0081638012344227,-0.003015323628208222,0.8133401833112952,True
20261143,statistical,27,3.3,5,1,1,bounded,0,0,0,True,0.0001009111868784664,0.0001000013225853599,1.386774146400459,1.913225853599542,2.199251560067747,0.0008345603098127111,0.7102812734487056,0.7091815929687203,-0.001421132134454788,1.0,0.008835884572725976,1.002054236006786,0.001989213291046533,1.0,0.002457480095920473,1.0,0.000863353936035991,1.0,0.001232468209968918,1.0,1.0090985225953373,0.001322585359897488,0.9111868784664079,True
20261144,statistical,27,3.3,5,1,1,bounded,0,0,0,True,9.964831743128137e-05,9.999818655148296e-05,1.418134485170346,1.881865514829654,2.200291903184059,0.0008282356136655913,0.7337931533932255,0.7283339541351078,0.001708151989199942,1.0,-0.007679926762787215,1.001451931825997,0.002165020144239254,1.0,0.01335845002139897,1.0,-0.00332905075449764,1.0,0.0189287996439733,1.0,0.9965012453498697,-0.0018134485170406833,-0.35168256871863646,True
20261145,statistical,27,3.3,5,1,1,bounded,0,0,0,True,0.0001016866172968491,0.0001000028074184524,1.371925815476194,1.928074184523806,2.198618807521958,0.0008384423618535814,0.698392250911739,0.6999962732905511,-0.002871130277645806,1.0,0.001486603632544992,1.004839646724597,-0.001613303819698719,1.0,0.00310626972914355,1.0,-3.011866256466606e-05,1.0,-0.0004727687721933233,1.0,1.0168376260813454,0.0028074184523996237,1.6866172968490911,True
20261146,statistical,27,3.3,5,1,1,bounded,0,0,0,True,0.0001004215593451398,0.0001000013936817776,1.386063182223619,1.913936817776381,2.199653452503256,0.0008321124067643397,0.6987067260608993,0.6958019070207089,-0.002112970231911388,1.0,0.001419163129254486,0.999377158705923,0.002207875752453529,1.0,0.003726900724719475,1.0,-0.0007265003875546397,1.0,-0.0005343218068421901,1.0,1.0042015980767154,0.001393681777606126,0.4215593451398103,True
20261147,statistical,27,3.3,5,1,1,bounded,0,0,0,True,0.0001000511931925487,0.0001000011832590769,1.38816740923136,1.91183259076864,2.199958678131555,0.0008302598816061829,0.7073480660759518,0.7031724242905177,-0.002273365707185814,1.0,-0.005501221798205108,1.000987972937213,0.001224745036116491,1.0,-0.00814618103680068,1.0,-0.002983009687201055,1.0,-0.003576467954643507,1.0,1.0005000934173172,0.001183259076897869,0.051193192548693034,True
20261148,statistical,27,3.3,5,1,1,bounded,0,0,0,True,0.0001007263164139473,9.99997265583387e-05,1.402734416612886,1.897265583387114,2.19940308845205,0.0008336306906004282,0.7219918160507555,0.7202054660697792,-0.008250729797960283,1.0,0.005135184902286156,0.9991981996599276,0.0007743651060298396,1.0,0.002271893211244632,1.0,-0.001039424860837961,1.0,-0.001004433467046591,1.0,1.0072659184241342,-0.0002734416613137114,0.7263164139472922,True
20261149,statistical,27,3.3,5,1,1,bounded,0,0,0,True,0.0001025247101550909,0.0001000012467466625,1.387532533375201,1.912467466624799,2.197939994296861,0.0008426276759275647,0.7039163689104652,0.7085584144615967,-0.006002455141851982,1.0,-0.00282236055506114,0.9984983988701208,-0.004279665307096951,1.0,0.01133496505835025,1.0,0.0003473406509779669,1.0,-0.007698488040283444,1.0,1.025234319476248,0.0012467466624865864,2.5247101550909035,True
20261150,statistical,27,3.3,5,1,1,bounded,0,0,0,True,0.0001015829612070397,0.0001000015737104439,1.384262895561388,1.915737104438612,2.198703128281608,0.0008379200101694918,0.6873716401158138,0.688631398007604,-5.054343572732988e-05,1.0,-0.000563277930702927,1.001422647942414,-0.0002681169366637309,1.0,-0.001261716300218117,1.0,0.0009701025119725299,1.0,0.001394330196331678,1.0,1.0158136261052724,0.0015737104438917626,1.5829612070396903,True
20261151,statistical,27,3.3,5,1,1,bounded,0,0,0,True,0.0001019590227385371,0.0001000050348476857,1.34965152314324,1.95034847685676,2.198397598758511,0.0008398117395780376,0.6615422669684018,0.6637789654467516,0.002369087312701688,1.0,0.004711368726457594,1.000000429734917,-0.000356699494929396,1.0,-0.006332494792836377,1.0,0.001861030263732575,1.0,0.0001176948611253721,1.0,1.0195388951549034,0.00503484768570317,1.9590227385370973,True
20261152,statistical,27,3.3,5,1,1,bounded,0,0,0,True,0.0001024140147636778,0.0001000038008372362,1.361991627637876,1.938008372362124,2.198029352974316,0.0008420826274697373,0.6817227533023561,0.6858133232609571,0.003112596540385446,1.0,-0.007927347282688587,0.9988780276156324,-0.002090438503301186,1.0,-0.01492892908060489,1.0,0.001984308380001286,1.0,0.003640833956006592,1.0,1.0241012232161495,0.003800837236189736,2.4140147636777964,True
20261153,statistical,27,3.3,5,1,1,bounded,0,0,0,True,0.000101077952558878,9.999933835947899e-05,1.406616405210182,1.893383594789818,2.199115094650002,0.0008353875902694368,0.7206166529398741,0.7201936704512416,-0.004077902162903707,1.0,-0.005661086238933163,1.001533592284749,0.002108948427690702,1.0,-0.0100776564424257,1.0,0.001660955067409926,1.0,0.0002114105135531188,1.0,1.0107862133599483,-0.000661640521015805,1.0779525588779926,True
20261154,statistical,27,3.3,5,1,1,bounded,0,0,0,True,0.0001015390002854168,0.0001000033939199792,1.366060800207495,1.933939199792505,2.198738913408932,0.000837706212251536,0.6792913853623693,0.6803936686484645,-0.004496063357884902,1.0,0.006664026913068211,1.000728850680787,-0.001354323624648523,1.0,0.01097744622162546,1.0,-0.0002739006642919535,1.0,-0.01126519286258588,1.0,1.0153555424995513,0.0033939199791888086,1.5390002854167806,True
20261155,statistical,27,3.3,5,1,1,bounded,0,0,0,True,0.000101232274763884,0.000100002699920535,1.373000794650261,1.92699920534974,2.198988999989369,0.0008361702944453282,0.6939837049376969,0.6938861579339815,-0.006333778281844347,1.0,0.001346266547754346,1.000042100020475,0.0001380097557129375,1.0,-0.0103649132549564,1.0,1.649119646591711e-05,1.0,0.0007382677301057153,1.0,1.012295416467016,0.002699920535009781,1.2322747638839893,True
20261156,statistical,27,3.3,5,1,1,bounded,0,0,0,True,0.0001008904354150743,0.0001000010067431012,1.389932568988062,1.910067431011938,2.199268555933654,0.0008344555102194713,0.7031221468812612,0.7018042062997972,-0.004582781967750365,1.0,0.0008350126900358746,0.996932159726274,0.001149230788339727,1.0,0.001437390458533207,1.0,-0.0001950225260785668,1.0,0.005805335037102452,1.0,1.0088941971780143,0.0010067431011950845,0.8904354150742977,True
20261157,statistical,27,3.3,5,1,1,bounded,0,0,0,True,0.0001013942633908406,9.999888013809026e-05,1.41119861909723,1.88880138090277,2.198856835168487,0.0008369676322992117,0.7268505155167361,0.7276416001794489,-0.004463634202779267,1.0,0.00536748517467167,1.000596185636855,-0.001899014385774373,1.0,0.00531289999863143,1.0,-0.001130755155171534,1.0,0.005325747208991174,1.0,1.0139539887929088,-0.001119861909748554,1.3942633908405888,True
20261158,statistical,27,3.3,5,1,1,bounded,0,0,0,True,0.000100712376799791,9.999972611531283e-05,1.402738846871577,1.897261153128423,2.199414524590187,0.0008335609910694308,0.7250742631762482,0.7232936854655765,0.001166311811842649,1.0,0.001265800783461996,0.99760744611353,0.000963337858513072,1.0,-0.01033504108837119,1.0,-0.000844776181169506,1.0,0.0006082295749254742,1.0,1.007126526363246,-0.00027388468717415293,0.7123767997909924,True
20261159,statistical,27,3.3,5,1,1,bounded,0,0,0,True,0.0001014693980592475,0.0001000016553957095,1.383446042904765,1.916553957095235,2.198795600853634,0.0008373524639901226,0.718177967948855,0.718998594857526,0.008481583034658138,1.0,4.738278958520212e-05,0.999634947718114,-0.001195074595428402,1.0,-0.0007211992569390368,1.0,-0.0003967769941508308,1.0,0.01256883427478688,1.0,1.0146771836699113,0.0016553957094878058,1.4693980592474842,True
20261160,statistical,27,3.3,5,1,1,bounded,0,0,0,True,0.0001013900398354685,0.0001000001003448628,1.398996551371895,1.901003448628105,2.19886027860568,0.0008369505412036732,0.7109307667180736,0.7115869815987806,0.007311419119699581,1.0,0.001839133263104445,0.9993902810946088,0.001747066633946125,1.0,-0.005451037785639746,1.0,0.002380420057512468,1.0,-0.00835057496670295,1.0,1.0138993809587424,0.00010034486279675292,1.390039835468504,True
20261161,statistical,27,3.3,5,1,1,bounded,0,0,0,True,0.0001011653352785692,0.0001000001618764481,1.398381235519481,1.901618764480519,2.199043673192476,0.0008358272214737965,0.7116550741314518,0.7116333462963864,0.002642159407818236,1.0,0.005449836285092626,1.002233321668219,0.0006897853658017274,1.0,-0.008160952029218257,1.0,0.000643641883646945,1.0,-0.0003873741118906179,1.0,1.0116517151598283,0.00016187644809040336,1.1653352785691906,True
20261162,statistical,27,3.3,5,1,1,bounded,0,0,0,True,0.0001004650234322603,9.999938633580113e-05,1.406136641988598,1.893863358011402,2.199617702291252,0.0008323231029581673,0.735357754722823,0.7327153915014535,0.001207411458232559,1.0,-0.001750174545523871,0.9982044156206412,0.0009688745543724088,1.0,0.005572363397267337,1.0,-0.001702731670689826,1.0,0.005764499993795123,1.0,1.0046563995392486,-0.0006136641988674363,0.46502343226029197,True
20261163,statistical,27,3.3,5,1,1,bounded,0,0,0,True,0.0001002040313131082,0.0001000066930816369,1.333069183630966,1.966930816369035,2.199832592988241,0.0008310422546236112,0.6597517555697896,0.6557778274009902,0.004204003980108667,1.0,-0.003823812218683512,0.9972716705677351,0.002599727869584038,1.0,0.00294390749966915,1.0,-0.001405301442293045,1.0,0.003868916272455142,1.0,1.0019732502434633,0.006693081636899301,0.20403131310819944,True
20261164,statistical,27,3.3,5,1,1,bounded,0,0,0,True,0.0001007254573206708,0.0001000020865108169,1.379134891831195,1.920865108168806,2.19940379321404,0.0008336341829772126,0.6936952261569268,0.6918309825058827,-0.001157659289465443,1.0,0.001018483035552294,1.001156192045914,0.003168694086923515,1.0,-0.00343453865449859,1.0,0.001276988572939607,1.0,-0.001598627800709732,1.0,1.0072335571695863,0.0020865108169010327,0.725457320670797,True
20261165,statistical,27,3.3,5,1,1,bounded,0,0,0,True,0.0001012342893291453,0.0001000003544526251,1.396455473749356,1.903544526250644,2.198987355107923,0.0008361726272275822,0.7274393058341002,0.7275720984161722,0.005296664222815299,1.0,0.0002267404049863113,1.001076149730247,0.0003675603550428121,1.0,0.00334376708719316,1.0,0.0004764092640205868,1.0,-0.00399905474484652,1.0,1.0123393050282115,0.00035445262509536946,1.2342893291453105,True
20261166,statistical,27,3.3,5,1,1,bounded,0,0,0,True,9.95926938349391e-05,0.0001000061011277834,1.338988722165471,1.961011277834529,2.200338009774768,0.0008279836137867768,0.6538942620241944,0.6474589421121277,-0.005652864272615575,1.0,-0.008634606350734724,1.00061945332848,0.001594737110110229,1.0,0.002598421552825359,1.0,-0.004875888046311358,1.0,0.001445242960040741,1.0,0.9958661792812414,0.006101127783386673,-0.40730616506089445,True
20261167,statistical,27,3.3,5,1,1,bounded,0,0,0,True,0.0001004038613384707,0.0001000000238213239,1.399761786761032,1.900238213238969,2.199668013684777,0.0008320193961916381,0.7287454340472374,0.7258603083669456,-0.001566746341199647,1.0,0.0008155762506900319,0.9985676963449496,0.001855695553837609,1.0,0.003662633861832419,1.0,-0.001059099895510728,1.0,-0.005570277521430946,1.0,1.0040383742094738,2.3821323891226598e-05,0.40386133847070127,True
20261168,statistical,27,3.3,5,1,1,bounded,0,0,0,True,0.0001019282400766776,9.999815041906639e-05,1.418495809335962,1.881504190664038,2.198422568222961,0.0008396351076563913,0.7280270174025738,0.730872864585568,0.003772813469321781,1.0,0.002595112442480346,1.000032466589022,-0.0006487213463334184,1.0,0.00310363488062453,1.0,0.002177991956153396,1.0,-0.004274164935391435,1.0,1.019301253568418,-0.0018495809336105395,1.928240076677601,True
20261169,statistical,27,3.3,5,1,1,bounded,0,0,0,True,0.0001013133530100098,0.0001000032293458254,1.367706541746102,1.932293458253898,2.198922824303358,0.0008365774327796255,0.6872583511795781,0.6874444643516222,0.002626062516982796,1.0,-7.708226711686259e-06,1.000726282662279,0.0006905395052220239,1.0,0.003207408218002227,1.0,0.0008532382627363223,1.0,0.009145804450291376,1.0,1.0131008135712678,0.0032293458253951357,1.3133530100097879,True
20261170,statistical,27,3.3,5,1,1,bounded,0,0,0,True,0.0001007762715015516,0.0001000017474757957,1.382525242043077,1.917474757956923,2.199362117218894,0.0008338871350678413,0.6841689521330517,0.682524098890142,0.005358463507499667,1.0,-0.002856257170737364,0.9995964571732352,0.00224149386702659,1.0,0.007862790384284814,1.0,0.0005695327708742519,1.0,-0.002781848094075761,1.0,1.0077451049137252,0.0017474757956881248,0.7762715015515953,True
20261171,statistical,27,3.3,5,1,1,bounded,0,0,0,True,0.0001012713338952088,0.0001000056975868523,1.343024131476763,1.956975868523237,2.198957113900177,0.0008363754824015216,0.6646967162384827,0.6646180349522045,0.006823925626059588,1.0,0.003827724600898566,0.9983019351258052,0.001663573128824984,1.0,0.00439276965757327,1.0,0.001561165502139069,1.0,0.006974866954560014,1.0,1.0126556420173694,0.00569758685229349,1.2713338952087927,True
20261172,statistical,27,3.3,5,1,1,bounded,0,0,0,True,0.0001018668073265018,0.000100002096263656,1.379037363440083,1.920962636559917,2.1984724207738,0.0008393409651909994,0.6919370380784197,0.6941417560728683,0.003826619635157477,1.0,0.001141763692171201,1.00172976578925,-0.002940938244444417,1.0,0.001199746580367361,1.0,-0.0007558061187826607,1.0,0.008867466481116772,1.0,1.018646719744049,0.0020962636559929138,1.866807326501796,True
20261173,statistical,27,3.3,5,1,1,bounded,0,0,0,True,0.0001001021073208043,0.0001000047636360094,1.352363639906529,1.947636360093471,2.199916655990946,0.0008305262674911213,0.6698306232230451,0.6654247270624898,0.00160816201713764,1.0,-0.003750343913749045,1.000588046308416,0.002354568663841897,1.0,-0.00642381540555876,1.0,-0.002083111837173868,1.0,-0.005820937301571476,1.0,1.0009733904791698,0.0047636360093861185,0.10210732080428997,True
20261174,statistical,27,3.3,5,1,1,bounded,0,0,0,True,0.000100428351547336,0.0001000025786989552,1.374213010448108,1.925786989551893,2.199647864802677,0.0008321502783321859,0.6873518686067157,0.6843951408522498,-0.005294626539362557,1.0,0.0007745387918833438,1.002412368712386,0.0002499016426551681,1.0,-0.0009524074936451638,1.0,-0.002736343894654742,1.0,-0.000158125798259282,1.0,1.004257618692639,0.00257869895519125,0.42835154733598113,True
20261175,statistical,27,3.3,5,1,1,bounded,0,0,0,True,0.0001006021785657686,0.0001000016129799727,1.383870200272936,1.916129799727065,2.199504984202636,0.0008330162265511537,0.7009551473136706,0.6986786839248911,-0.003918213962167061,1.0,0.0008562119211101943,1.003298961124323,-0.0001912727459875147,1.0,0.003619455239583744,1.0,-0.002496047172331538,1.0,0.007537073444441255,1.0,1.0060055589894954,0.0016129799726982696,0.6021785657685852,True
20261176,statistical,27,3.3,5,1,1,bounded,0,0,0,True,0.0001000912529451838,0.0001000052815110843,1.347184889157191,1.95281511084281,2.199925613000746,0.0008304737046008898,0.6673166511180314,0.6628660975237523,-0.003019726872181199,1.0,0.00179895833507976,0.9961979987217192,0.001293570612832359,1.0,-0.004158281985516797,1.0,-0.003188846732654322,1.0,-0.0009142307033137615,1.0,1.0008596689374847,0.005281511084298529,0.09125294518379512,True
20261177,statistical,27,3.3,5,1,1,bounded,0,0,0,True,0.0001005276000682399,0.0001000019572146732,1.380427853267979,1.919572146732021,2.199566257071603,0.0008326444700406452,0.6920057684038962,0.6894734293301478,-0.002561884257165709,1.0,-0.001548607995601139,0.9966034728790942,0.0006809434715236462,1.0,-0.001200855071965049,1.0,-0.001880223790127157,1.0,0.006789826948343872,1.0,1.00525632565809,0.0019572146731983153,0.5276000682398863,True
20261178,statistical,27,3.3,5,1,1,bounded,0,0,0,True,0.0001022020263376468,0.0001000086805109445,1.313194890554719,1.986805109445281,2.198200733489535,0.0008410387882628606,0.6473790076439506,0.6502954303655121,-0.01099879534444659,1.0,0.003348037828448833,1.000097810664802,-0.0006413066564407229,1.0,-0.004649784501227137,1.0,0.002257793302159348,1.0,-0.003915028527294292,1.0,1.0219315544960346,0.00868051094449207,2.2020263376467897,True
20261179,statistical,27,3.3,5,1,1,bounded,0,0,0,True,0.0001006732247167576,9.999381972607686e-05,1.461802739231373,1.838197260768627,2.199446653132403,0.0008333457395687885,0.7726897862259071,0.7712447714975683,-0.01728384949745148,1.0,-0.001299223815925636,0.9968929591493216,0.002549824997111604,1.0,0.0117738125377112,1.0,0.001077046703899395,1.0,-0.00914079102980919,1.0,1.0067944698236542,-0.006180273923150903,0.6732247167575922,True
20261180,statistical,27,3.3,5,1,1,bounded,0,0,0,True,9.984727942768847e-05,0.0001000027744035237,1.372255964762624,1.927744035237376,2.200127180619493,0.0008292455635581691,0.7059513606960561,0.701086252062337,-0.01162425220283284,1.0,-0.00237528725893175,1.00067817542289,0.004227318093837138,1.0,0.001972025658210337,1.0,-0.0006713294693736436,1.0,-0.009592964937101413,1.0,0.9984450933810318,0.0027744035236976217,-0.15272057231152658,True
20261181,statistical,27,3.3,5,1,1,bounded,0,0,0,True,0.000101000261705554,0.0001000039483561706,1.360516438294295,1.939483561705705,2.19917864324777,0.0008350143489915056,0.6682426783000269,0.6671048772869602,0.00855110061568173,1.0,0.005951201779816431,0.996434783900237,0.002733548821065265,1.0,0.008867342194339628,1.0,0.001570171203690475,1.0,0.005046257931669068,1.0,1.0099627401293694,0.003948356170591083,1.0002617055539842,True
20261182,statistical,27,3.3,5,1,1,bounded,0,0,0,True,0.0001015543896557637,9.999998402163748e-05,1.400159783625253,1.899840216374747,2.19872638447945,0.0008377719064384942,0.7017375543949893,0.7032220823442292,-0.00626272264615088,1.0,-0.01004653025011467,0.9983681242395256,0.0008999820803959109,1.0,0.002673818674474408,1.0,0.00236278229366718,1.0,-0.002796018521330834,1.0,1.0155440588249482,-1.597836252198448e-05,1.5543896557636883,True
20261183,statistical,27,3.3,5,1,1,bounded,0,0,0,True,0.0001024505276127598,0.000100002641500791,1.373584992090067,1.926415007909933,2.197999868025798,0.0008422613659048289,0.6925031329652961,0.696701142085161,-0.01015372340662436,1.0,9.583973193883155e-05,0.997486644300246,-0.001021507616382047,1.0,0.001022383136079413,1.0,0.003160939944635166,1.0,0.01019847144475657,1.0,1.0244782145274576,0.0026415007909896815,2.4505276127597897,True
20261184,statistical,27,3.3,5,1,1,bounded,0,0,0,True,0.0001009390643153053,0.0001000011993711901,1.388006288098754,1.911993711901246,2.199228733050979,0.0008346992903902943,0.7091792720545342,0.7081912257227354,0.002579183057443515,1.0,0.008240603729668594,1.000368433303683,0.004053609309501187,1.0,-0.006404325535371238,1.0,0.003039576621607833,1.0,-0.004025382503032518,1.0,1.0093785369576818,0.0011993711900970538,0.9390643153052824,True
20261185,statistical,27,3.3,5,1,1,bounded,0,0,0,True,0.0001012713433470437,0.0001000037293010289,1.362706989711334,1.937293010288667,2.198957106185516,0.0008363690343172762,0.6791192231140736,0.6792217299606345,-0.007774748356055775,1.0,-0.005252429842688215,0.9976576787395788,0.0001905795825304163,1.0,-0.003956867406753577,1.0,0.0002693757511048516,1.0,0.001924503453497477,1.0,1.0126756677463402,0.0037293010288985684,1.2713433470436852,True
20261186,statistical,27,3.3,5,1,1,bounded,0,0,0,True,0.0001011053921904227,9.999985161513729e-05,1.401483848627004,1.898516151372996,2.199092660879664,0.0008355264821707191,0.7233686451437588,0.7230390494436529,-0.002928291864997483,1.0,-0.002805918378149947,0.9973215297560711,0.001187660178660243,1.0,-0.003603625424562266,1.0,0.0008332363987816058,1.0,-0.02287248004734816,1.0,1.0110554221574273,-0.0001483848627192863,1.1053921904226938,True
20261187,statistical,27,3.3,5,1,1,bounded,0,0,0,True,0.0001013657810083969,9.999548718790727e-05,1.445128120927205,1.854871879072795,2.198880059277401,0.0008368140236520007,0.7636893468198517,0.7644729887724149,-0.01447848836202413,1.0,0.004002866860591026,0.999645495832302,-0.002327374946117229,1.0,0.004218757102485413,1.0,-0.001566727768542982,1.0,0.001047204644105439,1.0,1.0137035566206567,-0.004512812092738461,1.3657810083969046,True
20261188,statistical,27,3.3,5,1,1,bounded,0,0,0,True,9.97064417670969e-05,9.999782292614015e-05,1.421770738598348,1.878229261401653,2.200243749553727,0.0008285250353801682,0.7482144684339955,0.7431616188159635,0.009433725552979125,1.0,0.001416959120643703,0.9985711685630372,0.002188464206409322,1.0,0.01396728857867408,1.0,-0.002898859035241053,1.0,-0.004820978187174266,1.0,0.9970861249723559,-0.0021770738598547723,-0.2935582329031017,True
20261189,statistical,27,3.3,5,1,1,bounded,0,0,0,True,0.0001017040660876346,0.0001000028099120922,1.371900879078161,1.92809912092184,2.198604621447878,0.0008385296140369228,0.6737368020370286,0.6754151141792721,0.0003713143643125293,1.0,0.003080823506712618,0.9988923783301323,-0.001071637445108705,1.0,-0.006047568402628122,1.0,0.0005859616620454225,1.0,0.0004766831281792787,1.0,1.0170120837308263,0.0028099120921831755,1.7040660876346037,True
20261190,statistical,27,3.3,5,1,1,bounded,0,0,0,True,0.0001005306541743457,9.999838137260652e-05,1.4161862739346,1.8838137260654,2.1995637470136,0.0008326479402895963,0.7298888043500767,0.7277630915249883,0.001886042014133465,1.0,-0.002085437501183103,1.001243862760372,0.004582835623436392,1.0,0.007809221714089338,1.0,0.002428338483961767,1.0,0.01104436776465194,1.0,1.00532281417392,-0.0016186273934848394,0.5306541743457016,True
20261191,statistical,27,3.3,5,1,1,bounded,0,0,0,True,0.0001025433037998481,9.99991440565855e-05,1.408559434144948,1.891440565855053,2.197924993485261,0.0008427137052742145,0.718525379413959,0.7234110026279604,0.001679400256676961,1.0,0.004231574253033031,1.00137488145962,-0.002728047062557388,1.0,-0.01194848414279382,1.0,0.002142681522514091,1.0,-0.01063621955589692,1.0,1.0254418152001676,-0.0008559434145127831,2.5433037998480845,True
20261192,statistical,27,3.3,5,1,1,bounded,0,0,0,True,9.950499837295359e-05,0.0001000042496809895,1.357503190104649,1.942496809895352,2.200410750017871,0.0008275390267003385,0.6978452447709746,0.6915971578687836,-0.00410957675006858,1.0,-0.0006525491417037477,1.000253642259128,0.002100037374864187,1.0,-0.004017821589738688,1.0,-0.004183960430980026,1.0,0.001772268607357786,1.0,0.9950076990765041,0.004249680989509841,-0.4950016270464097,True
20261193,statistical,27,3.3,5,1,1,bounded,0,0,0,True,0.0001005574427841828,0.0001000025955621538,1.374044378462173,1.925955621537827,2.199541733504357,0.0008327957901646659,0.692701650787954,0.6902318807701371,0.007490592953232218,1.0,4.007180241009069e-05,0.9992280645241114,0.00277628748450378,1.0,0.003164036388868286,1.0,0.0002778893658442069,1.0,-0.002899529179608806,1.0,1.0055483282099829,0.0025955621538065188,0.5574427841827934,True
20261194,statistical,27,3.3,5,1,1,bounded,0,0,0,True,0.0001006254077193204,0.0001000031642999884,1.368357000115918,1.931642999884082,2.199485908099397,0.0008331374916777255,0.6797406349538297,0.6774395497036925,-0.006719231815028683,1.0,0.001221130548654947,0.9991911708875294,-3.987463899536829e-05,1.0,-0.008779015714958156,1.0,-0.002369121367256808,1.0,0.005641903292242884,1.0,1.0062222373030658,0.0031642999883896294,0.6254077193204033,True
20261195,statistical,27,3.3,5,1,1,bounded,0,0,0,True,0.0001023454834226668,0.0001000056725096283,1.343274903716464,1.956725096283536,2.198084720210606,0.0008417461472831528,0.6702393713499437,0.6738980894421932,-0.006690779974610744,1.0,-0.002243437738135375,1.00183500897729,-0.004700770195309264,1.0,0.009106672759130928,1.0,-0.001058362166108224,1.0,-7.292638209583277e-05,1.0,1.0233967819456764,0.005672509628285027,2.3454834226668053,True
20261196,statistical,27,3.3,5,1,1,bounded,0,0,0,True,0.0001019989900772202,0.000100006329095956,1.336709040439751,1.963290959560249,2.198365189663664,0.0008400158472908442,0.6540360028447585,0.6564115040637326,0.001288900434048147,1.0,0.00765322615400255,1.000526151226089,-0.002147218442941982,1.0,0.006938397853330855,1.0,0.0002095790376153463,1.0,0.002724109381710853,1.0,1.019925348718202,0.006329095955992514,1.9989900772201974,True
20261197,statistical,27,3.3,5,1,1,bounded,0,0,0,True,0.0001008333283382647,0.0001000052383519042,1.347616480958162,1.952383519041839,2.199315344729587,0.0008341839391424978,0.6755847846117556,0.6738322080385962,0.004289252059776435,1.0,-0.005735683906182443,1.003119362755377,0.0006727685761362327,1.0,-0.01071462387646392,1.0,-0.001106551880228738,1.0,-0.008035472439478192,1.0,1.008280466103651,0.0052383519042020765,0.833328338264705,True
20261198,statistical,27,3.3,5,1,1,bounded,0,0,0,True,0.0001001722810888274,0.0001000005220510684,1.394779489315307,1.905220510684693,2.199858770739759,0.000830863139102387,0.7112617473875881,0.707543400739394,0.003131796889525477,1.0,0.002410021444312245,1.000637810936845,0.000603761567339388,1.0,0.01250953883719481,1.0,-0.003145855686724988,1.0,-0.003876636576107581,1.0,1.001717581410938,0.0005220510683967561,0.17228108882738624,True
20261199,statistical,27,3.3,5,1,1,bounded,0,0,0,True,0.0001001529555936322,0.0001000039055133408,1.360944866591574,1.939055133408427,2.199874708238868,0.0008307776770507629,0.6872448069710869,0.6832489741856256,-0.007340783369717017,1.0,0.006046917415057747,1.003025036944292,0.001592494292858816,1.0,-0.003234725525296704,1.0,-0.002434770825258179,1.0,0.003247906980749699,1.0,1.0014904425934799,0.0039055133407961407,0.15295559363219802,True
20261200,statistical,27,3.3,5,1,1,bounded,0,0,0,True,0.0001006949526464175,0.0001000031334219926,1.368665780073755,1.931334219926245,2.199428821554384,0.0008334851144135228,0.6855532938583254,0.6834429279456397,-0.00336390364457323,1.0,-0.0001397361264139453,0.998854128318602,0.001116978673037209,1.0,0.008146461203395329,1.0,-0.001021067712381218,1.0,0.003068540634889289,1.0,1.006917975474884,0.0031334219925849283,0.6949526464175015,True
20261201,statistical,27,3.3,5,1,1,bounded,0,0,0,True,0.0001008698771847917,0.0001000026064604932,1.373935395067534,1.926064604932466,2.199285396774774,0.000834357998132345,0.6859422890295326,0.6846069960376028,0.0005160540449301148,1.0,-0.002024986657885679,1.003217334581721,0.001354246526815497,1.0,-0.002283555337017319,1.0,-7.516673653549806e-06,1.0,-0.006432435482327368,1.0,1.0086724811981886,0.002606460493193019,0.8698771847916786,True
20261202,statistical,27,3.3,5,1,1,bounded,0,0,0,True,9.955463978924676e-05,0.0001000039910992873,1.360089007126661,1.939910992873339,2.200369566846645,0.0008277863804625156,0.6671216216917737,0.6607558700116383,-8.393918504073038e-05,1.0,-0.00499771048538717,1.003297222859618,0.001969100354273573,1.0,0.003393979329282069,1.0,-0.004432207345934104,1.0,-0.008193145712893821,1.0,0.9955066662330065,0.00399109928730379,-0.44536021075324284,True
20261203,statistical,27,3.3,5,1,1,bounded,0,0,0,True,0.000103177973635681,0.0001000012196924107,1.387803075893008,1.912196924106993,2.19741448399078,0.0008458939040519768,0.7079469236254667,0.7147069663394365,0.001170239983491556,1.0,0.002954702815963741,1.000144578465019,-0.002490947850446058,1.0,-0.005967357374306605,1.0,0.004258566123034518,1.0,-0.002546138218426609,1.0,1.0317671519711613,0.001219692410692197,3.1779736356809973,True
20261204,statistical,27,3.3,5,1,1,bounded,0,0,0,True,0.0001017368655865204,0.0001000007582132286,1.392417867714067,1.907582132285933,2.198577961246963,0.000838686840924134,0.7054236418866509,0.7074355180478946,-0.005073001836984681,1.0,-0.003108583992064274,1.003258909304017,-0.002750985794990143,1.0,-0.00726924938013047,1.0,-0.0007595855646014313,1.0,-0.00081104902466379,1.0,1.0173609420999583,0.0007582132286021448,1.7368655865203975,True
20261205,statistical,27,3.3,5,1,1,bounded,0,0,0,True,0.0001006451774879692,0.0001000001883272345,1.398116727654471,1.901883272345529,2.199469676148325,0.0008332265198082705,0.7212717948468246,0.7192904826468253,0.0004829377642573509,1.0,-0.003584371919994419,0.9988057339227864,-0.003662677652070084,1.0,-0.00446992434501182,1.0,-0.005671997250859685,1.0,0.002525495688738678,1.0,1.0064498794604675,0.00018832723449602184,0.6451774879691952,True
20261206,statistical,27,3.3,5,1,1,bounded,0,0,0,True,0.0001018901925613526,0.0001000068576248759,1.331423751240495,1.968576248759505,2.198453440378878,0.0008394736038574973,0.6554114285895373,0.6574308546436608,0.01669691736762138,1.0,-0.007776836787279319,0.995760352166537,-0.001187361140482656,1.0,0.002864453744157647,1.0,0.0008126022717219617,1.0,0.007833383579381828,1.0,1.0188320579328773,0.006857624875911128,1.8901925613525883,True
20261207,statistical,27,3.3,5,1,1,bounded,0,0,0,True,0.0001011802249229844,0.0001000019653527607,1.380346472392615,1.919653527607385,2.19903150905487,0.0008359076211692628,0.7117303705155652,0.7114727320782102,-0.005753452685413266,1.0,-0.001660868487748021,1.002966364459119,-0.003052286806288285,1.0,-9.406825783545456e-05,1.0,-0.003334252139526661,1.0,0.001656411173769945,1.0,1.0117823641372183,0.001965352760691097,1.1802249229843964,True
20261208,statistical,27,3.3,5,1,1,bounded,0,0,0,True,0.0001018056986011152,0.0001000032618380069,1.367381619931272,1.932618380068728,2.198522038376919,0.0008390392679593322,0.6723045599695568,0.6741517288646026,-0.005681968695644407,1.0,-0.003641745491815492,1.001020218092305,-0.003163492188893203,1.0,0.004849306896380684,1.0,-0.001336335468596463,1.0,0.003231303966391498,1.0,1.0180237797245857,0.003261838006896056,1.805698601115191,True
20261209,statistical,27,3.3,5,1,1,bounded,0,0,0,True,0.0001012013689063664,0.0001000003973879103,1.396026120896385,1.903973879103615,2.199014238304405,0.0008360081668001867,0.7037217671962933,0.703731897030817,0.003000755048100796,1.0,0.0007136027388158919,0.9999470250152828,-0.0004961084321649475,1.0,-0.007347783548200647,1.0,-0.0005101457240978044,1.0,-0.006897318034597087,1.0,1.0120096674595944,0.00039738791028920417,1.2013689063663957,True
20261210,statistical,27,3.3,5,1,1,bounded,0,0,0,True,0.0001006531767143172,0.0001000068637826776,1.331362173223464,1.968637826776537,2.199463109241454,0.0008332885449430488,0.6566486195551482,0.6541201591831168,0.002034779504637518,1.0,-0.009451394566318667,1.003711154006412,0.001638440292799511,1.0,-0.007689746001658156,1.0,-0.0009180171506268396,1.0,-0.01661824561968438,1.0,1.006462685731692,0.006863782677601904,0.653176714317194,True
20261211,statistical,27,3.3,5,1,1,bounded,0,0,0,True,0.0001004212258446237,9.999919064961491e-05,1.408093503850721,1.89190649614928,2.199653726871298,0.0008321034692568775,0.7289378046735048,0.7261270215091924,0.004205663076604869,1.0,-0.0005134460660084589,1.000666553354012,0.00101966717669486,1.0,0.00341859291826125,1.0,-0.001820657738698089,1.0,0.005977073595298313,1.0,1.0042203861077992,-0.0008093503850892247,0.42122584462369606,True
20261212,statistical,27,3.3,5,1,1,bounded,0,0,0,True,0.0001009575828786814,9.999681649998145e-05,1.431835000185399,1.868164999814602,2.199213572677849,0.000834777419732227,0.7332163675822054,0.7324920799746879,0.001240970948386282,1.0,-5.126434853073744e-05,0.9956501808722468,0.002095414912208975,1.0,-0.008324726511330888,1.0,0.001345309457052052,1.0,0.01632016586136259,1.0,1.0096079696567153,-0.0031835000185553852,0.9575828786813956,True
20261213,statistical,27,3.3,5,1,1,bounded,0,0,0,True,0.000101430034539657,0.000100001066472869,1.38933527130941,1.91066472869059,2.198827676581755,0.0008371537029473479,0.7262102551196504,0.7268941500017735,0.00497509836374557,1.0,0.001747645881670023,1.003083711442288,0.0004942034953625232,1.0,0.001028874096898901,1.0,0.001155502480893562,1.0,0.009884542505211773,1.0,1.014289528273938,0.0010664728689935288,1.4300345396569991,True
20261214,statistical,27,3.3,5,1,1,bounded,0,0,0,True,0.0001005142253809267,0.0001000046297575312,1.353702424687971,1.946297575312029,2.199577250080939,0.0008325864159928593,0.679883539717316,0.6769592359713427,-0.01418515863365831,1.0,0.001024754280206638,1.000199615045394,0.0002824128080975663,1.0,-0.002403703669329505,1.0,-0.002670830164461524,1.0,-0.01032108430927423,1.0,1.00509572031446,0.004629757531193768,0.5142253809266917,True
20261215,statistical,27,3.3,5,1,1,bounded,0,0,0,True,0.000101115954106067,9.99960758483166e-05,1.439241516834015,1.860758483165985,2.199084027316754,0.0008355668317184666,0.7674326717359543,0.7675167029158323,0.0007402490571904768,1.0,-0.002843033545293601,0.9996254922367788,-0.0002331161847980504,1.0,-0.001383908266831148,1.0,-0.0001738156067967067,1.0,0.007139036986131719,1.0,1.0111992220519648,-0.003924151683409871,1.1159541060669964,True
20261216,statistical,27,3.3,5,1,1,bounded,0,0,0,True,0.000100091339528653,0.0001000013532833874,1.38646716612607,1.91353283387393,2.199925541548627,0.000830461174366684,0.6913631014866194,0.687294752482092,0.006400189467088759,1.0,0.0001440087740249597,0.9954627548431771,0.003833453825831808,1.0,0.003919701617140831,1.0,-0.0002667314852462936,1.0,0.001201902581183573,1.0,1.0008998502751316,0.0013532833873952654,0.09133952865298944,True
20261217,statistical,27,3.3,5,1,1,bounded,0,0,0,True,0.000101650636779226,0.0001000004847021477,1.395152978523431,1.90484702147657,2.198648067324017,0.0008382547943013258,0.7090356647780863,0.7105019058141484,0.00365602971745083,1.0,-0.0001001166757444521,1.000872710261898,-0.0008268971088619864,1.0,-0.00315919641533911,1.0,0.0006182790985703986,1.0,-0.007868177294612602,1.0,1.0165014407879451,0.0004847021476850344,1.6506367792260113,True
20261218,statistical,27,3.3,5,1,1,bounded,0,0,0,True,0.000101780017405403,0.0001000027121074354,1.372878925645497,1.927121074354503,2.198542898722213,0.0008389090478696899,0.6895556329751972,0.691378966908283,0.0006159844986691269,1.0,0.0001673471449573051,1.000849892296649,-0.001001147459944086,1.0,-0.009554173805208864,1.0,0.000801996175323948,1.0,0.005347857091959032,1.0,1.0177725709684573,0.0027121074354097274,1.7800174054029894,True
20261219,statistical,27,3.3,5,1,1,bounded,0,0,0,True,0.0001010631304850697,9.999956314089412e-05,1.404368591058583,1.895631408941417,2.19912721508483,0.0008353142216788272,0.7312641362036933,0.730719926816195,0.001821967098235247,1.0,0.001351866067246845,0.9990681872232536,0.001159896733402422,1.0,-0.000716458722259502,1.0,0.0005905726538939877,1.0,0.006209527969724526,1.0,1.0106357199048666,-0.0004368591058789839,1.0631304850696965,True
20261220,statistical,27,3.3,5,1,1,bounded,0,0,0,True,0.0001011882363527973,0.0001000036966401871,1.363033598128939,1.936966401871061,2.199024964789695,0.0008359533915659426,0.6912271075880658,0.6908134368784794,-0.003673259633650637,1.0,0.0009300715412443839,0.9987249020258012,0.0007360281425220774,1.0,0.01081202634072585,1.0,0.0002980745699275367,1.0,-0.01155805598665135,1.0,1.0118449592605778,0.003696640187089706,1.1882363527973006,True
20261221,statistical,27,3.3,5,1,1,bounded,0,0,0,True,0.0001015365199689845,0.0001000013535027242,1.386464972758022,1.913535027241978,2.198740932872724,0.0008376870772920559,0.6873305793774471,0.6884728783624927,0.003885724980071608,1.0,0.00327108111827998,0.9981210734112784,-0.0009163502620968671,1.0,0.009411251658220269,1.0,0.0002040917633436719,1.0,-0.003140721474455758,1.0,1.0153514568802158,0.0013535027241884379,1.5365199689844955,True
20261222,statistical,27,3.3,5,1,1,bounded,0,0,0,True,0.0001024262128152244,9.999742696758776e-05,1.425730324122351,1.874269675877649,2.198019501676048,0.0008421225839579708,0.7346329862493135,0.7393316261124433,0.00181672374301487,1.0,-0.004430129419736251,1.002070449055133,-0.003602712510979953,1.0,-0.003422997720348917,1.0,0.001080235731218006,1.0,0.005700536746259812,1.0,1.0242884834269175,-0.0025730324122452686,2.4262128152243934,True
20261223,statistical,27,3.3,5,1,1,bounded,0,0,0,True,0.0001022918648538108,0.0001000033537022935,1.36646297706532,1.93353702293468,2.198128063508257,0.00084147040237522,0.6793837144489548,0.6832155116925084,-0.00155849958166037,1.0,0.005413626765123818,1.001751715524052,-0.00129246862114523,1.0,0.0001416679920435809,1.0,0.002522667455433869,1.0,-0.01824272362292717,1.0,1.022884344042402,0.0033537022934959637,2.2918648538107877,True
20261224,statistical,27,3.3,5,1,1,bounded,0,0,0,True,0.0001005712818643402,0.0001000038904680077,1.361095319922704,1.938904680077297,2.199530363413599,0.0008328692587552348,0.6962572863278146,0.6937651213663134,0.002460465150256007,1.0,-0.0004889004059434203,0.998841294855218,-0.0001514011184785803,1.0,-0.005505250729059909,1.0,-0.002672111456709025,1.0,-0.008265934032818936,1.0,1.005673693230105,0.0038904680077056497,0.5712818643401896,True
20261225,statistical,27,3.3,5,1,1,bounded,0,0,0,True,0.0001024335168699543,0.0001000015827484759,1.384172515240971,1.91582748475903,2.198013603357297,0.0008421728183086644,0.698015695885908,0.702248583057212,-0.005034891557612298,1.0,-0.002697851258910076,0.9956679611270471,-0.001065819516604263,1.0,0.002086693719887752,1.0,0.003151397421554806,1.0,0.004590842099171951,1.0,1.0243189563068735,0.0015827484759034505,2.4335168699542997,True
20261226,statistical,27,3.3,5,1,1,bounded,0,0,0,True,0.000101168443237757,9.999908299776928e-05,1.409170022307029,1.890829977692971,2.199041133997544,0.0008358392009707796,0.7226341810452828,0.7226554000376507,-0.002178269110152419,1.0,0.002116087477573398,0.9970987619348511,-0.0007455614710755879,1.0,-0.01209597533550409,1.0,-0.000748728363435165,1.0,0.003907775852311684,1.0,1.0116937096314553,-0.0009170022307269932,1.1684432377569998,True
20261227,statistical,27,3.3,5,1,1,bounded,0,0,0,True,0.000100779907143277,9.999857002700711e-05,1.41429972992879,1.88570027007121,2.199359136150536,0.0008338948276940965,0.7273160240245002,0.7258953919983043,-0.001766633742102531,1.0,0.001787317751002925,0.9996319496036684,0.001957528721637738,1.0,0.001040194091322585,1.0,0.0005098346786852819,1.0,-0.001899445786543477,1.0,1.0078134828933942,-0.0014299729928946014,0.7799071432770033,True
20261228,statistical,27,3.3,5,1,1,bounded,0,0,0,True,0.0001006910170382937,0.0001000017451881579,1.382548118421205,1.917451881578796,2.199432051143277,0.0008334608552029597,0.712314480776826,0.7103895946479031,0.00615073819774506,1.0,0.00608122097851569,1.002627425431652,0.001309897584664199,1.0,0.0129664610408403,1.0,-0.0006426901478980981,1.0,0.00684654644050446,1.0,1.00689259821255,0.0017451881578978146,0.6910170382936842,True
20261229,statistical,27,3.3,5,1,1,bounded,0,0,0,True,0.0001013361489960153,0.0001000037317987256,1.362682012744185,1.937317987255815,2.198904227279692,0.0008366930708043846,0.6862768071614183,0.6863806816272585,-0.01429795939382212,1.0,-0.0008523409525586997,0.9990050968636536,-0.002316471016562712,1.0,-0.007523245735902502,1.0,-0.00223585669123927,1.0,0.006730416902101809,1.0,1.013323674760172,0.0037317987255924834,1.336148996015285,True
20261230,statistical,27,3.3,5,1,1,bounded,0,0,0,True,0.0001001051003749821,0.0001000033642339195,1.366357660804634,1.933642339195366,2.199914186288894,0.0008305366147376169,0.6892772077038919,0.6850918975989004,-0.003822782274706876,1.0,0.0007555919762073085,1.000957455860352,0.001640025735419151,1.0,-0.0005633986861068882,1.0,-0.002577040806055416,1.0,0.0003686565351922927,1.0,1.0010173271853597,0.003364233919489479,0.10510037498208114,True
20261231,statistical,27,3.3,5,1,1,bounded,0,0,0,True,0.0001010652200245445,0.000100005814955298,1.341850447020125,1.958149552979875,2.199125506307426,0.0008353453003633599,0.6518295462060423,0.6508834151415772,0.00429320320958383,1.0,-0.002155392448478019,0.999091283696644,0.0004143392265648928,1.0,0.004151954001524918,1.0,-0.0005569364203515179,1.0,0.001329456334147484,1.0,1.0105934346889733,0.005814955297989144,1.0652200245444998,True
20261232,statistical,27,3.3,5,1,1,bounded,0,0,0,True,0.000101866191653265,0.0001000056650463909,1.343349536091331,1.956650463908669,2.198472920533954,0.0008393496638077708,0.6614114607211825,0.6632431489265366,-0.000351334545405032,1.0,-0.005316486609744321,0.9977899776649998,2.769231301670362e-05,1.0,0.00447472461654317,1.0,0.001839764640092521,1.0,0.002696653655774712,1.0,1.018604212131493,0.005665046390901374,1.8661916532650036,True
20261233,statistical,27,3.3,5,1,1,bounded,0,0,0,True,0.0001015117264720046,0.0001000030545514345,1.369454485654577,1.930545514345423,2.198761122184616,0.0008375687232687948,0.6847886741433145,0.6856908016302755,0.004015522463578692,1.0,-0.00595104214403634,1.002422554617084,0.003062597455552245,1.0,0.001004130040634924,1.0,0.003942681271820479,1.0,0.0003794396793307789,1.0,1.015086258388179,0.003054551434478192,1.511726472004593,True
20261234,statistical,27,3.3,5,1,1,bounded,0,0,0,True,0.0001020589700604048,9.999911105967745e-05,1.408889403225413,1.891110596774587,2.198316574878518,0.0008402919276870441,0.7030703454907034,0.7062385233337612,0.004349740139093834,1.0,-0.002420566739204362,1.000251120088863,-0.003128612852334019,1.0,-0.01200939764419062,1.0,2.133106531543533e-05,1.0,-0.001247036887669766,1.0,1.0205987731180737,-0.0008889403225520454,2.0589700604047856,True
20261235,statistical,27,3.3,5,1,1,bounded,0,0,0,True,0.0001012646646917616,0.0001000066204746454,1.333795253546364,1.966204746453636,2.198962557515554,0.0008363451819138572,0.6734851920342539,0.6732290297069344,-0.006558682611157867,1.0,0.002810954329070362,0.999946791619292,-0.0006858613988552474,1.0,-0.002971420338304831,1.0,-0.0009658038161266124,1.0,-0.006631040917680737,1.0,1.012579609341315,0.006620474645391283,1.2646646917616078,True
20261236,statistical,27,3.3,5,1,1,bounded,0,0,0,True,0.0001022291083158001,0.0001000042391930463,1.357608069537049,1.942391930462951,2.198178820688293,0.0008411595418042367,0.6733841967783604,0.6767334900847507,0.001653323210354552,1.0,-0.0001661734037204007,1.000306821300006,-0.003649519005622433,1.0,-0.009711844038980181,1.0,-0.0003173264148578872,1.0,0.0008820448909123015,1.0,1.0222477481025474,0.004239193046284839,2.229108315800099,True
20261237,statistical,27,3.3,5,1,1,bounded,0,0,0,True,0.0001028211126947411,0.0001000091851245913,1.308148754087311,1.991851245912689,2.197701168660275,0.0008441358852749848,0.6309615617494139,0.6360203183867731,-0.00711128478809776,1.0,-0.002585248880106538,0.9989999094208828,-0.003280664158956848,1.0,-0.003938411866182438,1.0,0.001765042318286778,1.0,0.005142564148393297,1.0,1.0281166931482013,0.009185124591293281,2.8211126947411014,True
20261238,statistical,27,3.3,5,1,1,bounded,0,0,0,True,0.0001012204076843516,0.0001000002002570718,1.397997429281832,1.902002570718168,2.198998690018163,0.000836102710159873,0.704457106699488,0.7045457446097072,-0.004916223624726162,1.0,-0.002723186257642049,1.002425943905969,0.0006771334121763198,1.0,0.002604740650915676,1.0,0.0007417389317307058,1.0,0.01072328274933363,1.0,1.0122020498373303,0.00020025707179183172,1.2204076843516098,True
20261239,statistical,27,3.3,5,1,1,bounded,0,0,0,True,0.0001009388689213998,0.0001000006156471835,1.393843528164673,1.906156471835327,2.199228893025723,0.0008346963871315219,0.6972103937641652,0.69622230636816,-0.006705305437809801,1.0,0.005419588915252584,1.000769524430738,-0.0008226493294841913,1.0,0.00970451389231826,1.0,-0.001836714834257419,1.0,-0.007926281813202377,1.0,1.00938247497922,0.0006156471834994903,0.9388689213998047,True
20261240,statistical,27,3.3,5,1,1,bounded,0,0,0,True,0.0001005983348434682,9.999799412474253e-05,1.42005875257457,1.87994124742543,2.199508141119586,0.0008329850657178,0.7330481340255037,0.731144114566532,0.0002268703342821384,1.0,-0.0004021044432349972,0.9976342502531191,0.002106876718486955,1.0,-0.0007805556378533957,1.0,0.0001745437743997949,1.0,-0.002253932141797703,1.0,1.0060035276105317,-0.0020058752574825256,0.5983348434681846,True
20261241,statistical,27,3.3,5,1,1,bounded,0,0,0,True,0.0001018444058981273,0.0001000027060267522,1.372939732477898,1.927060267522102,2.19849060650679,0.0008392309702678683,0.6751342640611111,0.6772955766956319,0.006722696961942956,1.0,0.0007500626552912074,1.000544982423135,-0.001737949080767099,1.0,0.000311545601628579,1.0,0.0004036197458082517,1.0,-0.004178490282339833,1.0,1.0184165003583245,0.002706026752186119,1.8444058981273104,True
20261242,statistical,27,3.3,5,1,1,bounded,0,0,0,True,9.93439890371696e-05,0.000100004999064362,1.35000935637949,1.94999064362051,2.200544458478274,0.0008267364529869608,0.6793788816938144,0.672332342698222,-0.009727996462171276,1.0,-0.001241526483092295,0.9974293772508471,0.003843173356116489,1.0,-0.002993597457158683,1.0,-0.003240387072786907,1.0,-0.009992318061993485,1.0,0.9933902301547247,0.004999064361999039,-0.6560109628304001,True
20261243,statistical,27,3.3,5,1,1,bounded,0,0,0,True,0.0001017630029319817,0.0001000033712273291,1.366287726709166,1.933712273290834,2.198556721974881,0.000838826150599056,0.6870112870917732,0.6887982401639637,-0.003062231397893182,1.0,-0.002660327702330857,1.000210659213306,-0.0009489754320155002,1.0,-0.006496030211703153,1.0,0.0008176641766624726,1.0,2.188957287992591e-05,1.0,1.0175957238546747,0.003371227329096449,1.7630029319817053,True
20261244,statistical,27,3.3,5,1,1,bounded,0,0,0,True,0.0001019624824309985,0.0001000065380134775,1.334619865224817,1.965380134775184,2.198394792858999,0.0008398339984880669,0.6433522988567246,0.6456407994136373,-0.0151344826863274,1.0,0.002534361520202045,1.001126586148536,-0.002940144026090913,1.0,0.005280059678176214,1.0,-0.0006706009439008317,1.0,0.002544011396272459,1.0,1.0195581654597163,0.006538013477497273,1.96248243099848,True
20261245,statistical,27,3.3,5,1,1,bounded,0,0,0,True,0.0001010705242447897,0.0001000114509719111,1.285490280889442,2.014509719110558,2.199121168786873,0.0008353904203194224,0.6142630896337085,0.6129344551465901,0.006179293479043859,1.0,0.001244005227771128,1.00125913349955,0.0009334852942204378,1.0,-0.01575869988455141,1.0,-0.0004203005368225006,1.0,-0.003034705515959068,1.0,1.0105895201258108,0.011450971911086683,1.0705242447897056,True
20261246,statistical,27,3.3,5,1,1,bounded,0,0,0,True,9.884525573717787e-05,9.999799160702532e-05,1.420083929746813,1.879916070253187,2.200959922581154,0.0008242196618776715,0.73053278159204,0.7221121092943912,-0.00425602516979869,1.0,0.002183623757436747,1.002265703944981,0.002498655793490574,1.0,0.004980606829045275,1.0,-0.005962429113516765,1.0,0.01659308478686873,1.0,0.9884724097822135,-0.0020083929746839146,-1.1547442628221272,True
20261247,statistical,27,3.3,5,1,1,bounded,0,0,0,True,0.0001005242232698612,0.0001000021176152815,1.378823847185031,1.92117615281497,2.199569032421951,0.0008326281153688168,0.701291472682414,0.6986590739473623,-0.01066233957720718,1.0,0.002059191819257726,1.00412961310307,0.0002987369901362045,1.0,-0.001557424286550577,1.0,-0.002362513884044499,1.0,0.0005537161778854751,1.0,1.0052209459862471,0.0021176152814827987,0.5242232698611904,True
20261248,statistical,27,3.3,5,1,1,bounded,0,0,0,True,0.0001010910664427057,9.999973482728501e-05,1.402651727149795,1.897348272850205,2.199104372442302,0.0008354544680322056,0.712427181379989,0.7120897792196772,0.00647505529894968,1.0,0.004238807082653982,0.9982152190843924,-0.0009624977216740704,1.0,0.000568362835327328,1.0,-0.001324822228594257,1.0,-0.00384227570876721,1.0,1.0109133450934205,-0.00026517271498605055,1.0910664427056904,True
20261249,statistical,27,3.3,5,1,1,bounded,0,0,0,True,9.969177165262258e-05,0.000100003556935291,1.364430647090047,1.935569352909953,2.200255900653341,0.0008284706070380127,0.6843284470856437,0.6785633998908013,-0.01071068641322776,1.0,0.001850319101689174,0.9989157395476872,0.003437583938093824,1.0,0.0002348933036590689,1.0,-0.00236207242389042,1.0,0.005318790560323144,1.0,0.9968822580693788,0.003556935290993657,-0.3082283473774261,True
20261250,statistical,27,3.3,5,1,1,bounded,0,0,0,True,0.000102291995184224,0.0001000096085743731,1.303914256268907,1.996085743731093,2.198127958128062,0.0008414916951045,0.6324700126548976,0.6356279636633138,0.009115892972695988,1.0,0.0145998828037561,1.003970985175607,-0.002277350641138529,1.0,-0.008088987023514186,1.0,0.0008638923235842883,1.0,0.005251937763170745,1.0,1.0228216732610604,0.00960857437308782,2.2919951842239827,True
20261251,statistical,27,3.3,5,1,1,bounded,0,0,0,True,0.0001023953267635348,0.000100002015546902,1.379844530979785,1.920155469020216,2.198044447771006,0.0008419832960110745,0.6886799551581095,0.6928382535408402,-0.006963760178067688,1.0,-0.007842074525421896,0.9991242195211731,-0.00469107276674061,1.0,-0.004654779404566769,1.0,-0.0005487107000084507,1.0,0.007266218153357516,1.0,1.0239326297929496,0.0020155469020011196,2.3953267635347997,True
20261252,statistical,27,3.3,5,1,1,bounded,0,0,0,True,0.0001008048032746024,9.999921362744256e-05,1.407863725574187,1.892136274425813,2.199338725116839,0.0008340214322328102,0.7180267551625739,0.7167305465559295,-0.003048121050548377,1.0,0.001638633767646221,1.000898711216347,-0.0003902278873987117,1.0,0.0073721797697512,1.0,-0.001713332259413374,1.0,-0.006052851149109161,1.0,1.0080559598214556,-0.0007863725574486224,0.8048032746023948,True
20261253,statistical,27,3.3,5,1,1,bounded,0,0,0,True,0.0001017259618682544,9.999969912375097e-05,1.403008762490326,1.896991237509674,2.198586823149387,0.0008386288273388923,0.7182205501462956,0.7201745444735094,-0.001639455098077394,1.0,-0.001746736398259245,1.001609441597515,-0.002164307780607706,1.0,0.003539730239938846,1.0,-0.0002308546238650375,1.0,0.001148890581520729,1.0,1.0172626793843365,-0.0003008762490264161,1.7259618682543998,True
20261254,statistical,27,3.3,5,1,1,bounded,0,0,0,True,9.967480883208771e-05,9.999695192972715e-05,1.43048070272842,1.86951929727158,2.200269952871732,0.0008283639964169281,0.7536428556786868,0.7485353581280391,0.003352629542160342,1.0,-0.005483883901798318,0.997232163482124,0.002521967231877744,1.0,0.006449592605143713,1.0,-0.002620216104644924,1.0,-0.001170466144969645,1.0,0.9967784708291326,-0.003048070272848591,-0.3251911679122865,True
20261255,statistical,27,3.3,5,1,1,bounded,0,0,0,True,0.0001000221051618978,0.000100001085295071,1.389147049290216,1.910852950709784,2.199982695049843,0.0008301141181730821,0.7063306431477827,0.7019588423949751,-0.005196422417402158,1.0,0.004376165467325426,0.999611823538724,0.001265357356527581,1.0,0.001909114409320686,1.0,-0.003138753942486569,1.0,0.002126350926734542,1.0,1.000210196387017,0.001085295070990533,0.022105161897800762,True
20261256,statistical,27,3.3,5,1,1,bounded,0,0,0,True,0.0001018028066910083,0.0001000030299733876,1.369700266123479,1.930299733876521,2.198524387173564,0.0008390240432553703,0.6889214242792111,0.6909098554450268,0.008640088928071743,1.0,-0.006598751101842149,1.00116683278412,-0.002286708895323706,1.0,0.008023164813667594,1.0,-0.0003183135316012154,1.0,0.003610216613524622,1.0,1.017997221865174,0.003029973387591589,1.8028066910082963,True
20261257,statistical,27,3.3,5,1,1,bounded,0,0,0,True,0.0001005731133694034,9.999948582934521e-05,1.405141706547909,1.894858293452091,2.199528858772035,0.0008328638809722737,0.7123775651438404,0.7100836434479383,-0.009710288051702726,1.0,0.003984489056691247,0.9946824109961302,0.001139514896264087,1.0,0.008253110297689763,1.0,-0.001182900447624135,1.0,0.007229419702050133,1.0,1.0057363048949783,-0.000514170654797308,0.5731133694033996,True
20261258,statistical,27,3.3,5,1,1,bounded,0,0,0,True,0.0001004632787903183,9.99983901084488e-05,1.416098915511961,1.88390108448804,2.199619137019547,0.000832311092197629,0.7449110751351637,0.7424564605878418,-0.00747438367971257,1.0,-0.0006903221847945825,1.003306306643692,0.001297803266834513,1.0,0.002285147555591297,1.0,-0.001186062929920728,1.0,-0.01359909441502321,1.0,1.004648961661936,-0.0016098915512019474,0.4632787903182889,True
20261259,statistical,27,3.3,5,1,1,bounded,0,0,0,True,0.0001009083203084095,0.0001000008833153162,1.391166846837824,1.908833153162176,2.199253907650928,0.0008345445273708535,0.7036028873169686,0.7025014235473149,0.009132325683008553,1.0,-0.003304249546582609,0.9995871207257846,-0.0007357442076749574,1.0,0.003599722978698284,1.0,-0.001863401206951863,1.0,-0.002022389006231846,1.0,1.0090742897763416,0.0008833153162024487,0.9083203084095048,True
