seed,library,temperature_c,logic_v,led_supply_v,local_mismatch,global_variation,reference,calibration_error,tc_ppm,line_ppm_v,pwm_on,iout,iref,bias,headroom,led_k,power_w,out_vth,ref_vth,x0_dvth,x0_mulu0,x1_dvth,x1_mulu0,x2_dvth,x2_mulu0,x3_dvth,x3_mulu0,x4_dvth,x4_mulu0,x5_dvth,x5_mulu0,mirror_ratio,reference_error_pct,absolute_error_pct,absolute_current_budget_pass
20261004,typical,0,2.97,4.5,0,0,bounded,-0.005,-25,-3000,True,0.0001001883303690169,9.963632006273937e-05,1.371799372606401,1.598200627393599,1.710743582800224,0.0007467673669870028,0.7374654471182098,0.7374937140885689,-0.0,1.0,-0.0,1.0,0.0,1.0,0.0,1.0,0.0,1.0,-0.0,1.0,1.0055402518472174,-0.3636799372606414,0.18833036901690914,True
20261004,typical,0,2.97,4.5,0,0,bounded,-0.005,-25,3000,True,9.9991102095233e-05,9.94383894086703e-05,1.371105913296748,1.598894086703252,1.71089259160534,0.0007452919857124137,0.7374640310883596,0.737492229652992,-0.0,1.0,-0.0,1.0,0.0,1.0,0.0,1.0,0.0,1.0,-0.0,1.0,1.0055583431092308,-0.5616105913297087,-0.008897904767013465,True
20261004,typical,0,2.97,4.5,0,0,bounded,-0.005,25,-3000,True,0.0001000538569313873,9.950136733748501e-05,1.371326625149807,1.598673374850193,1.710845149672515,0.0007457614269236926,0.7374644816463501,0.7374927019737841,-0.0,1.0,-0.0,1.0,0.0,1.0,0.0,1.0,0.0,1.0,-0.0,1.0,1.0055525829311307,-0.49863266251499727,0.05385693138728609,True
20261004,typical,0,2.97,4.5,0,0,bounded,-0.005,25,3000,True,9.98566262336046e-05,9.93034367247532e-05,1.370632752467843,1.599367247532157,1.710994347513184,0.0007442860348638534,0.7374630655973918,0.7374912175358069,-0.0,1.0,-0.0,1.0,0.0,1.0,0.0,1.0,0.0,1.0,-0.0,1.0,1.0055706985286392,-0.6965632752468087,-0.1433737663953938,True
20261004,typical,0,2.97,4.5,0,0,bounded,0.005,-25,-3000,True,0.0001011843786139314,0.0001006359707511316,1.375292488683354,1.594707511316646,1.709995212669835,0.0007542185466336471,0.7374725983572283,0.7375012111841736,-0.0,1.0,-0.0,1.0,0.0,1.0,0.0,1.0,0.0,1.0,-0.0,1.0,1.005449421898617,0.6359707511315982,1.1843786139313917,True
20261004,typical,0,2.97,4.5,0,0,bounded,0.005,-25,3000,True,0.000100987168221364,0.0001004380397934385,1.374602065615163,1.595397934384837,1.710142836988279,0.0007527432449227037,0.7374711824683645,0.7374997267663705,-0.0,1.0,-0.0,1.0,0.0,1.0,0.0,1.0,0.0,1.0,-0.0,1.0,1.0054673351755454,0.43803979343850497,0.9871682213639987,True
20261004,typical,0,2.97,4.5,0,0,bounded,0.005,25,-3000,True,0.0001010499173653249,0.0001005010178189579,1.374821810420804,1.595178189579196,1.710095836167383,0.0007532126608063949,0.7374716329814766,0.7375001990815078,-0.0,1.0,-0.0,1.0,0.0,1.0,0.0,1.0,0.0,1.0,-0.0,1.0,1.0054616317155691,0.5010178189579051,1.0499173653248928,True
20261004,typical,0,2.97,4.5,0,0,bounded,0.005,25,3000,True,0.0001008527045663091,0.000100303086901991,1.374130980090338,1.595869019909663,1.710243645784525,0.0007517373483873647,0.7374702170736318,0.7374987146613039,-0.0,1.0,-0.0,1.0,0.0,1.0,0.0,1.0,0.0,1.0,-0.0,1.0,1.0054795687878992,0.30308690199101207,0.8527045663091037,True
20261004,typical,0,2.97,5,0,0,bounded,-0.005,-25,-3000,True,0.0001009104038077914,9.963631991876447e-05,1.371800812355302,1.598199187644698,2.210200372709333,0.0008004718989377984,0.737470628149569,0.7374939569041737,-0.0,1.0,-0.0,1.0,0.0,1.0,0.0,1.0,0.0,1.0,-0.0,1.0,1.012787343913,-0.363680081235529,0.9104038077913934,True
20261004,typical,0,2.97,5,0,0,bounded,-0.005,-25,3000,True,0.0001007119685466264,9.943838926493422e-05,1.371107350657702,1.598892649342299,2.210349291487889,0.0007988918685900711,0.7374692034670386,0.7374924720631634,-0.0,1.0,-0.0,1.0,0.0,1.0,0.0,1.0,0.0,1.0,-0.0,1.0,1.0128077223606164,-0.5616107350657873,0.7119685466263848,True
20261004,typical,0,2.97,5,0,0,bounded,-0.005,25,-3000,True,0.0001007751074177178,9.950136719367294e-05,1.371328063270665,1.598671936729335,2.210301878270975,0.0007993946073938657,0.7374696567781112,0.7374929445129563,-0.0,1.0,-0.0,1.0,0.0,1.0,0.0,1.0,0.0,1.0,-0.0,1.0,1.0128012333897443,-0.49863280632707063,0.7751074177178019,True
20261004,typical,0,2.97,5,0,0,bounded,-0.005,25,3000,True,0.0001005766697732681,9.930343658117993e-05,1.370634188200562,1.599365811799438,2.210450985637531,0.0007978145652525418,0.7374682320767401,0.7374914596695601,-0.0,1.0,-0.0,1.0,0.0,1.0,0.0,1.0,0.0,1.0,-0.0,1.0,1.0128216427942784,-0.6965634188200731,0.5766697732680903,True
20261004,typical,0,2.97,5,0,0,bounded,0.005,-25,-3000,True,0.0001019125489034102,0.0001006359706059506,1.375293940494186,1.594706059505814,2.209452447326993,0.0008084515869567942,0.7374778230952806,0.7375014560477069,-0.0,1.0,-0.0,1.0,0.0,1.0,0.0,1.0,0.0,1.0,-0.0,1.0,1.012685109407432,0.6359706059505976,1.912548903410194,True
20261004,typical,0,2.97,5,0,0,bounded,0.005,-25,3000,True,0.0001017141312037707,0.0001004380396484962,1.374603515037566,1.595396484962434,2.209599984891707,0.0008068716435149486,0.7374763985516288,0.7374999712243737,-0.0,1.0,-0.0,1.0,0.0,1.0,0.0,1.0,0.0,1.0,-0.0,1.0,1.0127052614700611,0.43803964849620236,1.714131203770708,True
20261004,typical,0,2.97,5,0,0,bounded,0.005,25,-3000,True,0.0001017772644836724,0.0001005010176739397,1.374823260603004,1.595176739396996,2.209553011743817,0.0008073743546500772,0.7374768518184889,0.7375004436685424,-0.0,1.0,-0.0,1.0,0.0,1.0,0.0,1.0,0.0,1.0,-0.0,1.0,1.0126988446412881,0.5010176739396854,1.7772644836723916,True
20261004,typical,0,2.97,5,0,0,bounded,0.005,25,3000,True,0.0001015788444226153,0.0001003030867572116,1.374132427884188,1.595867572115812,2.209700734169689,0.0008057943995220737,0.7374754272561532,0.7374989588428214,-0.0,1.0,-0.0,1.0,0.0,1.0,0.0,1.0,0.0,1.0,-0.0,1.0,1.0127190269676518,0.3030867572116014,1.5788444226152887,True
20261004,typical,0,2.97,5.5,0,0,bounded,-0.005,-25,-3000,True,0.0001015199072074485,9.963631979723804e-05,1.371802027619655,1.598197972380345,2.709744664392059,0.0008542793691788293,0.7374749733972716,0.737494161835094,-0.0,1.0,-0.0,1.0,0.0,1.0,0.0,1.0,0.0,1.0,-0.0,1.0,1.0189046264860404,-0.36368020276196233,1.519907207448501,True
20261004,typical,0,2.97,5.5,0,0,bounded,-0.005,-25,3000,True,0.000101320554416267,9.943838914358917e-05,1.371108564108207,1.598891435891793,2.709893433186175,0.0008525950747860062,0.7374735420678742,0.7374926766858478,-0.0,1.0,-0.0,1.0,0.0,1.0,0.0,1.0,0.0,1.0,-0.0,1.0,1.0189279541723064,-0.5616108564108324,1.3205544162669947,True
20261004,typical,0,2.97,5.5,0,0,bounded,-0.005,25,-3000,True,0.0001013839852486758,9.950136707227016e-05,1.371329277298323,1.598670722701677,2.709846067761886,0.000853130988812427,0.7374739974940243,0.7374931492337216,-0.0,1.0,-0.0,1.0,0.0,1.0,0.0,1.0,0.0,1.0,-0.0,1.0,1.0189205257354732,-0.49863292772984735,1.3839852486758009,True
20261004,typical,0,2.97,5.5,0,0,bounded,-0.005,25,3000,True,0.000101184629948568,9.930343645995857e-05,1.370635400414102,1.599364599585898,2.709995024701519,0.0008514466807432531,0.7374725661447648,0.7374916640820434,-0.0,1.0,-0.0,1.0,0.0,1.0,0.0,1.0,0.0,1.0,-0.0,1.0,1.0189438911247344,-0.6965635400414394,1.1846299485679834,True
20261004,typical,0,2.97,5.5,0,0,bounded,0.005,-25,-3000,True,0.0001025266835108756,0.0001006359704835087,1.375295164913277,1.594704835086724,2.708997486695709,0.0008627856013859426,0.7374822018903346,0.7375016625344405,-0.0,1.0,-0.0,1.0,0.0,1.0,0.0,1.0,0.0,1.0,-0.0,1.0,1.0187876463880947,0.6359704835086966,2.5266835108755936,True
20261004,typical,0,2.97,5.5,0,0,bounded,0.005,-25,3000,True,0.0001023273491971981,0.0001004380395262355,1.374604737644823,1.595395262355177,2.709144877508639,0.0008611014077175628,0.7374807707072859,0.7375001774031792,-0.0,1.0,-0.0,1.0,0.0,1.0,0.0,1.0,0.0,1.0,-0.0,1.0,1.0188106984154055,0.4380395262354897,2.327349197198103,True
20261004,typical,0,2.97,5.5,0,0,bounded,0.005,25,-3000,True,0.0001023907741464019,0.0001005010175516213,1.374824483786752,1.595175516213248,2.709097951123107,0.0008616372896736385,0.7374812260868401,0.7375006499453296,-0.0,1.0,-0.0,1.0,0.0,1.0,0.0,1.0,0.0,1.0,-0.0,1.0,1.0188033578248097,0.5010175516212856,2.3907741464018972,True
20261004,typical,0,2.97,5.5,0,0,bounded,0.005,25,3000,True,0.0001021914373493243,0.0001003030866350744,1.374133649256063,1.595866350743937,2.709245526365307,0.0008599530824675711,0.7374797948841121,0.7374991648116436,-0.0,1.0,-0.0,1.0,0.0,1.0,0.0,1.0,0.0,1.0,-0.0,1.0,1.0188264466986958,0.30308663507438993,2.191437349324299,True
20261004,typical,0,3.3,4.5,0,0,bounded,-0.005,-25,-3000,True,0.0001001225915733298,9.957034317132035e-05,1.371568286796336,1.928431713203664,1.710793218950206,0.0007791338065768723,0.7374649751371014,0.7374932192784244,-0.0,1.0,-0.0,1.0,0.0,1.0,0.0,1.0,0.0,1.0,-0.0,1.0,1.0055463141375265,-0.4296568286796587,0.12259157332981108,True
20261004,typical,0,3.3,4.5,0,0,bounded,-0.005,-25,3000,True,0.0001001225915733476,9.957034317132035e-05,1.371568286796364,1.928431713203636,1.710793218950174,0.0007791338065769521,0.7374649751371014,0.7374932192784244,-0.0,1.0,-0.0,1.0,0.0,1.0,0.0,1.0,0.0,1.0,-0.0,1.0,1.0055463141377052,-0.4296568286796587,0.12259157334759685,True
20261004,typical,0,3.3,4.5,0,0,bounded,-0.005,25,-3000,True,9.998811731584047e-05,9.943539045983149e-05,1.371095401685025,1.928904598314976,1.710894848756803,0.0007780833284702011,0.7374640096587841,0.7374922071628339,-0.0,1.0,-0.0,1.0,0.0,1.0,0.0,1.0,0.0,1.0,-0.0,1.0,1.0055586532466252,-0.5646095401685147,-0.011882684159536527,True
20261004,typical,0,3.3,4.5,0,0,bounded,-0.005,25,3000,True,9.998811731580494e-05,9.94353904598315e-05,1.371095401685009,1.928904598314991,1.710894848756825,0.0007780833284700413,0.7374640096587841,0.7374922071628339,-0.0,1.0,-0.0,1.0,0.0,1.0,0.0,1.0,0.0,1.0,-0.0,1.0,1.0055586532462677,-0.5646095401685036,-0.011882684195063664,True
20261004,typical,0,3.3,4.5,0,0,bounded,0.005,-25,-3000,True,0.0001011186458683914,0.000100569993758604,1.375062413960057,1.924937586039943,1.710044387887274,0.0007869148978427649,0.737472126423758,0.7375007163799838,-0.0,1.0,-0.0,1.0,0.0,1.0,0.0,1.0,0.0,1.0,-0.0,1.0,1.0054554255129449,0.5699937586040038,1.1186458683914102,True
20261004,typical,0,3.3,4.5,0,0,bounded,0.005,-25,3000,True,0.0001011186458684447,0.000100569993758604,1.375062413960075,1.924937586039925,1.710044387887253,0.0007869148978430047,0.737472126423758,0.7375007163799838,-0.0,1.0,-0.0,1.0,0.0,1.0,0.0,1.0,0.0,1.0,-0.0,1.0,1.0054554255134749,0.5699937586040038,1.1186458684446787,True
20261004,typical,0,3.3,4.5,0,0,bounded,0.005,25,-3000,True,0.0001009841838054141,0.0001004350408399924,1.374591600076218,1.925408399923782,1.710145073076146,0.0007858644739279282,0.73747116104159,0.7374997042765138,-0.0,1.0,-0.0,1.0,0.0,1.0,0.0,1.0,0.0,1.0,-0.0,1.0,1.0054676431734277,0.4350408399923955,0.9841838054140961,True
20261004,typical,0,3.3,4.5,0,0,bounded,0.005,25,3000,True,0.0001009841838054141,0.0001004350408399924,1.374591600076236,1.925408399923764,1.710145073076145,0.0007858644739279282,0.73747116104159,0.7374997042765138,-0.0,1.0,-0.0,1.0,0.0,1.0,0.0,1.0,0.0,1.0,-0.0,1.0,1.0054676431734277,0.4350408399923955,0.9841838054140961,True
20261004,typical,0,3.3,5,0,0,bounded,-0.005,-25,-3000,True,0.0001008442626981,9.957034302742507e-05,1.371569725749229,1.928430274250772,2.210249978924723,0.000832803457512568,0.7374701532843465,0.7374934619588882,-0.0,1.0,-0.0,1.0,0.0,1.0,0.0,1.0,0.0,1.0,-0.0,1.0,1.0127941677405294,-0.4296569725749433,0.8442626980999846,True
20261004,typical,0,3.3,5,0,0,bounded,-0.005,-25,3000,True,0.0001008442626981355,9.957034302742505e-05,1.371569725749278,1.928430274250722,2.210249978924813,0.0008328034575127456,0.7374701532843465,0.7374934619588882,-0.0,1.0,-0.0,1.0,0.0,1.0,0.0,1.0,0.0,1.0,-0.0,1.0,1.012794167740886,-0.4296569725749544,0.8442626981354895,True
20261004,typical,0,3.3,5,0,0,bounded,-0.005,25,-3000,True,0.0001007089655017025,9.943539031609902e-05,1.371096839009754,1.928903160990247,2.210351547271765,0.0008316816275831611,0.737469181906521,0.7374924495668729,-0.0,1.0,-0.0,1.0,0.0,1.0,0.0,1.0,0.0,1.0,-0.0,1.0,1.0128080674451507,-0.5646096839009851,0.7089655017024965,True
20261004,typical,0,3.3,5,0,0,bounded,-0.005,25,3000,True,0.0001007089655017025,9.943539031609901e-05,1.371096839009722,1.928903160990279,2.210351547271888,0.0008316816275831611,0.737469181906521,0.7374924495668729,-0.0,1.0,-0.0,1.0,0.0,1.0,0.0,1.0,0.0,1.0,-0.0,1.0,1.0128080674451507,-0.5646096839009962,0.7089655017024965,True
20261004,typical,0,3.3,5,0,0,bounded,0.005,-25,-3000,True,0.0001018464137373022,0.0001005699936135025,1.375063864974863,1.924936135025138,2.209501593698995,0.0008411130596426646,0.7374773482769924,0.7375009611083472,-0.0,1.0,-0.0,1.0,0.0,1.0,0.0,1.0,0.0,1.0,-0.0,1.0,1.0126918584553666,0.5699936135024952,1.8464137373021883,True
20261004,typical,0,3.3,5,0,0,bounded,0.005,-25,3000,True,0.0001018464137372667,0.0001005699936135025,1.375063864974791,1.924936135025209,2.209501593699197,0.000841113059642487,0.7374773482769924,0.7375009611083472,-0.0,1.0,-0.0,1.0,0.0,1.0,0.0,1.0,0.0,1.0,-0.0,1.0,1.0126918584550135,0.5699936135024952,1.8464137372666833,True
20261004,typical,0,3.3,5,0,0,bounded,0.005,25,-3000,True,0.0001017111285182039,0.0001004350406950537,1.374593049462394,1.925406950537606,2.20960221966154,0.0008399912889162835,0.7374763769938856,0.7374999487283812,-0.0,1.0,-0.0,1.0,0.0,1.0,0.0,1.0,0.0,1.0,-0.0,1.0,1.0127056036849202,0.43504069505369003,1.711128518203897,True
20261004,typical,0,3.3,5,0,0,bounded,0.005,25,3000,True,0.0001017111285182216,0.0001004350406950538,1.374593049462376,1.925406950537624,2.20960221966169,0.0008399912889163722,0.7374763769938856,0.7374999487283812,-0.0,1.0,-0.0,1.0,0.0,1.0,0.0,1.0,0.0,1.0,-0.0,1.0,1.0127056036850957,0.43504069505380105,1.711128518221594,True
20261004,typical,0,3.3,5.5,0,0,bounded,-0.005,-25,-3000,True,0.0001014534602915323,9.957034290595908e-05,1.371570940409167,1.928429059590833,2.70979422068744,0.0008865761752246827,0.7374744963167124,0.7374936667870785,-0.0,1.0,-0.0,1.0,0.0,1.0,0.0,1.0,0.0,1.0,-0.0,1.0,1.0189124324634673,-0.429657094040925,1.4534602915323047,True
20261004,typical,0,3.3,5.5,0,0,bounded,-0.005,-25,3000,True,0.0001014534602914435,9.957034290595906e-05,1.371570940409157,1.928429059590843,2.709794220687489,0.0008865761752241941,0.7374744963167124,0.7374936667870768,-0.0,1.0,-0.0,1.0,0.0,1.0,0.0,1.0,0.0,1.0,-0.0,1.0,1.0189124324625756,-0.4296570940409361,1.4534602914434869,True
20261004,typical,0,3.3,5.5,0,0,bounded,-0.005,25,-3000,True,0.0001013175374846736,9.94353901947567e-05,1.371098052432996,1.928901947567004,2.709895686695337,0.0008853832558399068,0.737473520406757,0.7374926541848893,-0.0,1.0,-0.0,1.0,0.0,1.0,0.0,1.0,0.0,1.0,-0.0,1.0,1.0189283441864156,-0.5646098052433102,1.317537484673581,True
20261004,typical,0,3.3,5.5,0,0,bounded,-0.005,25,3000,True,0.0001013175374845315,9.94353901947567e-05,1.371098052432797,1.928901947567204,2.709895686695384,0.0008853832558391251,0.737473520406757,0.7374926541848893,-0.0,1.0,-0.0,1.0,0.0,1.0,0.0,1.0,0.0,1.0,-0.0,1.0,1.0189283441849866,-0.5646098052433102,1.3175374845314947,True
20261004,typical,0,3.3,5.5,0,0,bounded,0.005,-25,-3000,True,0.0001024602428435788,0.000100569993491121,1.375065088789986,1.924934911210014,2.709046584223572,0.0008954123261919102,0.7374817248592008,0.7375011674924487,-0.0,1.0,-0.0,1.0,0.0,1.0,0.0,1.0,0.0,1.0,-0.0,1.0,1.0187953611891671,0.5699934911209903,2.460242843578797,True
20261004,typical,0,3.3,5.5,0,0,bounded,0.005,-25,3000,True,0.0001024602428435788,0.000100569993491121,1.375065088789941,1.924934911210059,2.709046584223668,0.0008954123261919102,0.7374817248592008,0.7375011674924487,-0.0,1.0,-0.0,1.0,0.0,1.0,0.0,1.0,0.0,1.0,-0.0,1.0,1.0187953611891671,0.5699934911209903,2.460242843578797,True
20261004,typical,0,3.3,5.5,0,0,bounded,0.005,25,-3000,True,0.0001023243326390304,0.0001004350405727958,1.374594272042161,1.925405727957839,2.709147110053059,0.000894219475436371,0.7374807490490572,0.7375001549025261,-0.0,1.0,-0.0,1.0,0.0,1.0,0.0,1.0,0.0,1.0,-0.0,1.0,1.0188110848112342,0.43504057279579733,2.324332639030402,True
20261004,typical,0,3.3,5.5,0,0,bounded,0.005,25,3000,True,0.0001023243326391015,0.0001004350405727958,1.374594272042184,1.925405727957816,2.709147110053055,0.0008942194754367617,0.7374807490490572,0.7375001549025261,-0.0,1.0,-0.0,1.0,0.0,1.0,0.0,1.0,0.0,1.0,-0.0,1.0,1.018811084811942,0.43504057279579733,2.3243326391015007,True
20261004,typical,0,3.63,4.5,0,0,bounded,-0.005,-25,-3000,True,0.0001000568500831226,9.950436628662815e-05,1.371337133718431,2.258662866281569,1.710842887578672,0.0008114566895584658,0.7374645031363727,0.7374927244671141,-0.0,1.0,-0.0,1.0,0.0,1.0,0.0,1.0,0.0,1.0,-0.0,1.0,1.005552357319708,-0.4956337133718569,0.056850083122594874,True
20261004,typical,0,3.63,4.5,0,0,bounded,-0.005,-25,3000,True,0.0001002540771952935,9.970229696087614e-05,1.372030391238655,2.257969608761345,1.710693970994476,0.0008130626999107238,0.7374659191570542,0.7374942089015264,-0.0,1.0,-0.0,1.0,0.0,1.0,0.0,1.0,0.0,1.0,-0.0,1.0,1.0055342780581462,-0.2977030391238644,0.2540771952934895,True
20261004,typical,0,3.63,4.5,0,0,bounded,-0.005,25,-3000,True,9.992237501458424e-05,9.936941358891834e-05,1.370864110816505,2.259135889183495,1.710944580398138,0.0008103616734572506,0.7374635376516684,0.7374917123507229,-0.0,1.0,-0.0,1.0,0.0,1.0,0.0,1.0,0.0,1.0,-0.0,1.0,1.0055647045272245,-0.6305864110816684,-0.07762498541575846,True
20261004,typical,0,3.63,4.5,0,0,bounded,-0.005,25,3000,True,0.0001001196045495282,9.95673442218699e-05,1.371557781301008,2.258442218698992,1.710795475028548,0.0008119676945622688,0.7374649536914458,0.7374931967875356,-0.0,1.0,-0.0,1.0,0.0,1.0,0.0,1.0,0.0,1.0,-0.0,1.0,1.005546600966153,-0.4326557781301088,0.1196045495281961,True
20261004,typical,0,3.63,4.5,0,0,bounded,0.005,-25,-3000,True,0.0001010529103610251,0.0001005040167727037,1.374832272962291,2.255167727037709,1.710093595012578,0.0008195676920734079,0.7374716544701901,0.7375002215746074,-0.0,1.0,-0.0,1.0,0.0,1.0,0.0,1.0,0.0,1.0,-0.0,1.0,1.005461409463492,0.504016772703686,1.0529103610250834,True
20261004,typical,0,3.63,4.5,0,0,bounded,0.005,-25,3000,True,0.0001012501196011454,0.0001007019477502779,1.375522497220729,2.254477502779271,1.709946061093413,0.0008211736231026662,0.737473070349948,0.7375017059912442,-0.0,1.0,-0.0,1.0,0.0,1.0,0.0,1.0,0.0,1.0,-0.0,1.0,1.0054435079272435,0.7019477502778981,1.2501196011454052,True
20261004,typical,0,3.63,4.5,0,0,bounded,0.005,25,-3000,True,0.0001009184474927719,0.0001003690638676676,1.374361323324213,2.255638676675787,1.710194341968782,0.0008184727301210549,0.737470689081674,0.7374992094703365,-0.0,1.0,-0.0,1.0,0.0,1.0,0.0,1.0,0.0,1.0,-0.0,1.0,1.0054736350418554,0.36906386766759613,0.9184474927718789,True
20261004,typical,0,3.63,4.5,0,0,bounded,0.005,25,3000,True,0.0001011156591380794,0.0001005669948045553,1.375051954447079,2.254948045552921,1.710046622993672,0.0008200786718257503,0.7374721049804004,0.7375006938893739,-0.0,1.0,-0.0,1.0,0.0,1.0,0.0,1.0,0.0,1.0,-0.0,1.0,1.0054557097444383,0.5669948045552875,1.1156591380794056,True
20261004,typical,0,3.63,5,0,0,bounded,-0.005,-25,-3000,True,0.0001007781188865521,9.950436614281243e-05,1.371338571875516,2.258661428124483,2.210299617545105,0.0008650914580950737,0.7374696783994482,0.7374929670124379,-0.0,1.0,-0.0,1.0,0.0,1.0,0.0,1.0,0.0,1.0,-0.0,1.0,1.0128009733955947,-0.4956338571875829,0.7781188865520816,True
20261004,typical,0,3.63,5,0,0,bounded,-0.005,-25,3000,True,0.0001009765530064256,9.970229681682164e-05,1.372031831783564,2.257968168216436,2.21015079076895,0.0008668021170411247,0.7374711030729437,0.7374944518522865,-0.0,1.0,-0.0,1.0,0.0,1.0,0.0,1.0,0.0,1.0,-0.0,1.0,1.0127806101793733,-0.2977031831783661,0.9765530064255845,True
20261004,typical,0,3.63,5,0,0,bounded,-0.005,25,-3000,True,0.000100642820892748,9.936941344526545e-05,1.37086554734527,2.259134452654729,2.210401248755796,0.0008639250898338654,0.7374687070153245,0.7374919546196235,-0.0,1.0,-0.0,1.0,0.0,1.0,0.0,1.0,0.0,1.0,-0.0,1.0,1.0128148834065924,-0.6305865547345468,0.6428208927479862,True
20261004,typical,0,3.63,5,0,0,bounded,-0.005,25,3000,True,0.0001008412573943075,9.956734407797823e-05,1.37155922021776,2.25844077978224,2.210252233641166,0.0008656357605384259,0.7374701317076434,0.7374934394618615,-0.0,1.0,-0.0,1.0,0.0,1.0,0.0,1.0,0.0,1.0,-0.0,1.0,1.01279448927885,-0.43265592202177405,0.841257394307493,True
20261004,typical,0,3.63,5,0,0,bounded,0.005,-25,-3000,True,0.0001017802758021026,0.0001005040166276819,1.374833723180924,2.255166276819076,2.209550771907276,0.000873730973932976,0.7374768734385514,0.737500466167795,-0.0,1.0,-0.0,1.0,0.0,1.0,0.0,1.0,0.0,1.0,-0.0,1.0,1.012698588745449,0.5040166276818914,1.7802758021025822,True
20261004,typical,0,3.63,5,0,0,bounded,0.005,-25,3000,True,0.0001019786923714462,0.0001007019476050172,1.375523949827715,2.254476050172284,2.209403324528201,0.0008754415462272712,0.7374782979732414,0.7375019509899718,-0.0,1.0,-0.0,1.0,0.0,1.0,0.0,1.0,0.0,1.0,-0.0,1.0,1.0126784515770915,0.7019476050171836,1.9786923714462112,True
20261004,typical,0,3.63,5,0,0,bounded,0.005,25,-3000,True,0.0001016449897927742,0.0001003690637228085,1.374362771914444,2.255637228085556,2.209651459491245,0.0008725646648415227,0.7374759021491949,0.7374994537870316,-0.0,1.0,-0.0,1.0,0.0,1.0,0.0,1.0,0.0,1.0,-0.0,1.0,1.0127123440494519,0.36906372280849364,1.6449897927741874,True
20261004,typical,0,3.63,5,0,0,bounded,0.005,25,3000,True,0.0001018434087221855,0.0001005669946594574,1.375053405425507,2.254946594574493,2.209503827493033,0.000874275248788453,0.737477326702557,0.7375009386115944,-0.0,1.0,-0.0,1.0,0.0,1.0,0.0,1.0,0.0,1.0,-0.0,1.0,1.0126921766634305,0.5669946594573982,1.8434087221854911,True
20261004,typical,0,3.63,5.5,0,0,bounded,-0.005,-25,-3000,True,0.0001013870106424779,9.950436602140691e-05,1.371339785930733,2.258660214069267,2.709843809313891,0.0009188294217552495,0.737474019216235,0.7374931717378832,-0.0,1.0,-0.0,1.0,0.0,1.0,0.0,1.0,0.0,1.0,-0.0,1.0,1.01892022125608,-0.4956339785930908,1.3870106424779038,True
20261004,typical,0,3.63,5.5,0,0,bounded,-0.005,-25,3000,True,0.0001015863622311369,9.970229669523473e-05,1.372033047652602,2.257966952347398,2.7096951323066,0.0009206443438389522,0.7374754505360968,0.7374946568859501,-0.0,1.0,-0.0,1.0,0.0,1.0,0.0,1.0,0.0,1.0,-0.0,1.0,1.0188969120908147,-0.2977033047652733,1.5863622311369063,True
20261004,typical,0,3.63,5.5,0,0,bounded,-0.005,25,-3000,True,0.0001012510869962729,9.936941332398362e-05,1.370866760163731,2.259133239836269,2.709945338037973,0.0009175919634095381,0.7374730432996375,0.7374921591348838,-0.0,1.0,-0.0,1.0,0.0,1.0,0.0,1.0,0.0,1.0,-0.0,1.0,1.0189361455335786,-0.630586676016387,1.2510869962728988,True
20261004,typical,0,3.63,5.5,0,0,bounded,-0.005,25,3000,True,0.000101450441091993,9.9567343956515e-05,1.371560434850115,2.258439565149885,2.709796473134014,0.0009194068991319558,0.7374744746393472,0.7374936442853826,-0.0,1.0,-0.0,1.0,0.0,1.0,0.0,1.0,0.0,1.0,-0.0,1.0,1.0189127987214406,-0.4326560434850135,1.4504410919929933,True
20261004,typical,0,3.63,5.5,0,0,bounded,0.005,-25,-3000,True,0.0001023937993764417,0.0001005040165053607,1.37483494639234,2.25516505360766,2.709095713515421,0.0009279954910486423,0.73748124780767,0.7375006724492575,-0.0,1.0,-0.0,1.0,0.0,1.0,0.0,1.0,0.0,1.0,-0.0,1.0,1.0188030581939997,0.5040165053606938,2.3937993764417076,True
20261004,typical,0,3.63,5.5,0,0,bounded,0.005,-25,3000,True,0.0001025931325005818,0.0001007019474825149,1.375525174850959,2.254474825149041,2.708948412677734,0.0009298103126785176,0.7374826789812734,0.7375021575793373,-0.0,1.0,-0.0,1.0,0.0,1.0,0.0,1.0,0.0,1.0,-0.0,1.0,1.0187800242730685,0.7019474825148864,2.5931325005817962,True
20261004,typical,0,3.63,5.5,0,0,bounded,0.005,25,-3000,True,0.0001022578883409669,0.000100369063600611,1.374363993890233,2.255636006109766,2.70919630082232,0.0009267581013093243,0.7374802719909438,0.7374996598585264,-0.0,1.0,-0.0,1.0,0.0,1.0,0.0,1.0,0.0,1.0,-0.0,1.0,1.0188187940845193,0.3690636006109971,2.257888340966896,True
20261004,typical,0,3.63,5.5,0,0,bounded,0.005,25,3000,True,0.0001024572239468551,0.0001005669945370787,1.375054629213292,2.254945370786708,2.709048815796747,0.0009285729364411108,0.737481703184216,0.7375011449910315,-0.0,1.0,-0.0,1.0,0.0,1.0,0.0,1.0,0.0,1.0,-0.0,1.0,1.0187957233730345,0.5669945370786911,2.4572239468551027,True
20261004,typical,27,2.97,4.5,0,0,bounded,-0.005,-25,-3000,True,0.0001000852614252904,9.956773480948059e-05,1.382651905193898,1.587348094806102,1.69993055758227,0.0007460998585384995,0.7017144434155026,0.7017431877342097,-0.0,1.0,-0.0,1.0,0.0,1.0,0.0,1.0,0.0,1.0,-0.0,1.0,1.0051977341535396,-0.4322651905194208,0.08526142529039493,True
20261004,typical,27,2.97,4.5,0,0,bounded,-0.005,-25,3000,True,9.988818345248708e-05,9.936980930533773e-05,1.381906946622726,1.588093053377274,1.700093354003923,0.0007446251689135504,0.7017130153699844,0.7017416896495942,-0.0,1.0,-0.0,1.0,0.0,1.0,0.0,1.0,0.0,1.0,-0.0,1.0,1.0052166161007365,-0.6301906946622804,-0.1118165475129218,True
20261004,typical,27,2.97,4.5,0,0,bounded,-0.005,25,-3000,True,0.0001000852614252904,9.956773480948059e-05,1.382651905193898,1.587348094806102,1.69993055758227,0.0007460998585384995,0.7017144434155026,0.7017431877342097,-0.0,1.0,-0.0,1.0,0.0,1.0,0.0,1.0,0.0,1.0,-0.0,1.0,1.0051977341535396,-0.4322651905194208,0.08526142529039493,True
20261004,typical,27,2.97,4.5,0,0,bounded,-0.005,25,3000,True,9.988818345248708e-05,9.936980930533773e-05,1.381906946622726,1.588093053377274,1.700093354003923,0.0007446251689135504,0.7017130153699844,0.7017416896495942,-0.0,1.0,-0.0,1.0,0.0,1.0,0.0,1.0,0.0,1.0,-0.0,1.0,1.0052166161007365,-0.6301906946622804,-0.1118165475129218,True
20261004,typical,27,2.97,4.5,0,0,bounded,0.005,-25,-3000,True,0.0001010805459418532,0.0001005673595542125,1.386404457875367,1.583595542124633,1.699112974137885,0.0007535475243548794,0.7017216553026152,0.7017507537631539,-0.0,1.0,-0.0,1.0,0.0,1.0,0.0,1.0,0.0,1.0,-0.0,1.0,1.0051029120175325,0.5673595542124987,1.0805459418531838,True
20261004,typical,27,2.97,4.5,0,0,bounded,0.005,-25,3000,True,0.0001008834873813262,0.0001003694337246484,1.385662753516003,1.584337246483997,1.699274247246559,0.0007520729211187166,0.7017202274103415,0.7017492556967069,-0.0,1.0,-0.0,1.0,0.0,1.0,0.0,1.0,0.0,1.0,-0.0,1.0,1.0051216155915361,0.36943372464839364,0.8834873813261979,True
20261004,typical,27,2.97,4.5,0,0,bounded,0.005,25,-3000,True,0.0001010805459418532,0.0001005673595542125,1.386404457875367,1.583595542124633,1.699112974137885,0.0007535475243548794,0.7017216553026152,0.7017507537631539,-0.0,1.0,-0.0,1.0,0.0,1.0,0.0,1.0,0.0,1.0,-0.0,1.0,1.0051029120175325,0.5673595542124987,1.0805459418531838,True
20261004,typical,27,2.97,4.5,0,0,bounded,0.005,25,3000,True,0.0001008834873813262,0.0001003694337246484,1.385662753516003,1.584337246483997,1.699274247246559,0.0007520729211187166,0.7017202274103415,0.7017492556967069,-0.0,1.0,-0.0,1.0,0.0,1.0,0.0,1.0,0.0,1.0,-0.0,1.0,1.0051216155915361,0.36943372464839364,0.8834873813261979,True
20261004,typical,27,2.97,5,0,0,bounded,-0.005,-25,-3000,True,0.0001008033809493227,9.956773466616047e-05,1.38265333839527,1.58734666160473,2.199339891079311,0.0007997330864456165,0.701719643858812,0.7017434314550846,-0.0,1.0,-0.0,1.0,0.0,1.0,0.0,1.0,0.0,1.0,-0.0,1.0,1.012410107423908,-0.43226533383953214,0.8033809493226851,True
20261004,typical,27,2.97,5,0,0,bounded,-0.005,-25,3000,True,0.0001006050548289074,9.936980916226481e-05,1.381908377351849,1.588091622648151,2.199502621951038,0.000798153617096948,0.7017182067826855,0.7017419329473112,-0.0,1.0,-0.0,1.0,0.0,1.0,0.0,1.0,0.0,1.0,-0.0,1.0,1.012430794393753,-0.6301908377351895,0.6050548289073809,True
20261004,typical,27,2.97,5,0,0,bounded,-0.005,25,-3000,True,0.0001008033809493227,9.956773466616047e-05,1.38265333839527,1.58734666160473,2.199339891079311,0.0007997330864456165,0.701719643858812,0.7017434314550846,-0.0,1.0,-0.0,1.0,0.0,1.0,0.0,1.0,0.0,1.0,-0.0,1.0,1.012410107423908,-0.43226533383953214,0.8033809493226851,True
20261004,typical,27,2.97,5,0,0,bounded,-0.005,25,3000,True,0.0001006050548289074,9.936980916226481e-05,1.381908377351849,1.588091622648151,2.199502621951038,0.000798153617096948,0.7017182067826855,0.7017419329473112,-0.0,1.0,-0.0,1.0,0.0,1.0,0.0,1.0,0.0,1.0,-0.0,1.0,1.012430794393753,-0.6301908377351895,0.6050548289073809,True
20261004,typical,27,2.97,5,0,0,bounded,0.005,-25,-3000,True,0.0001018049721247961,0.0001005673594096431,1.3864059035685,1.5835940964315,2.198522628411894,0.0008077099278111215,0.701726901375385,0.7017509996221467,-0.0,1.0,-0.0,1.0,0.0,1.0,0.0,1.0,0.0,1.0,-0.0,1.0,1.0123063061655204,0.5673594096430978,1.8049721247960893,True
20261004,typical,27,2.97,5,0,0,bounded,0.005,-25,3000,True,0.0001016066644595028,0.0001003694335803265,1.385664196734878,1.584335803265122,2.198683839359735,0.0008061305497716056,0.7017254644457549,0.7017495011322258,-0.0,1.0,-0.0,1.0,0.0,1.0,0.0,1.0,0.0,1.0,-0.0,1.0,1.0123267695656182,0.36943358032648366,1.6066644595027935,True
20261004,typical,27,2.97,5,0,0,bounded,0.005,25,-3000,True,0.0001018049721247961,0.0001005673594096431,1.3864059035685,1.5835940964315,2.198522628411894,0.0008077099278111215,0.701726901375385,0.7017509996221467,-0.0,1.0,-0.0,1.0,0.0,1.0,0.0,1.0,0.0,1.0,-0.0,1.0,1.0123063061655204,0.5673594096430978,1.8049721247960893,True
20261004,typical,27,2.97,5,0,0,bounded,0.005,25,3000,True,0.0001016066644595028,0.0001003694335803265,1.385664196734878,1.584335803265122,2.198683839359735,0.0008061305497716056,0.7017254644457549,0.7017495011322258,-0.0,1.0,-0.0,1.0,0.0,1.0,0.0,1.0,0.0,1.0,-0.0,1.0,1.0123267695656182,0.36943358032648366,1.6066644595027935,True
20261004,typical,27,2.97,5.5,0,0,bounded,-0.005,-25,-3000,True,0.0001014028997375132,9.956773454651242e-05,1.382654534875738,1.587345465124262,2.698849794430416,0.0008534321298999526,0.7017239655426973,0.7017436349030082,-0.0,1.0,-0.0,1.0,0.0,1.0,0.0,1.0,0.0,1.0,-0.0,1.0,1.0184313241569587,-0.43226545348759027,1.4028997375131969,True
20261004,typical,27,2.97,5.5,0,0,bounded,-0.005,-25,3000,True,0.0001012036391823461,9.936980904280171e-05,1.381909571982831,1.588090428017169,2.69901238410734,0.0008517483581005187,0.7017225216458354,0.7017421360784067,-0.0,1.0,-0.0,1.0,0.0,1.0,0.0,1.0,0.0,1.0,-0.0,1.0,1.0184546006197366,-0.6301909571982955,1.2036391823460946,True
20261004,typical,27,2.97,5.5,0,0,bounded,-0.005,25,-3000,True,0.0001014028997375132,9.956773454651242e-05,1.382654534875738,1.587345465124262,2.698849794430416,0.0008534321298999526,0.7017239655426973,0.7017436349030082,-0.0,1.0,-0.0,1.0,0.0,1.0,0.0,1.0,0.0,1.0,-0.0,1.0,1.0184313241569587,-0.43226545348759027,1.4028997375131969,True
20261004,typical,27,2.97,5.5,0,0,bounded,-0.005,25,3000,True,0.0001012036391823461,9.936980904280171e-05,1.381909571982831,1.588090428017169,2.69901238410734,0.0008517483581005187,0.7017225216458354,0.7017421360784067,-0.0,1.0,-0.0,1.0,0.0,1.0,0.0,1.0,0.0,1.0,-0.0,1.0,1.0184546006197366,-0.6301909571982955,1.2036391823460946,True
20261004,typical,27,2.97,5.5,0,0,bounded,0.005,-25,-3000,True,0.0001024092085533806,0.0001005673592890614,1.386407109385302,1.583592890614698,2.698033234831866,0.0008619357138726406,0.701731257491895,0.7017512046696057,-0.0,1.0,-0.0,1.0,0.0,1.0,0.0,1.0,0.0,1.0,-0.0,1.0,1.0183145831544125,0.5673592890613977,2.409208553380582,True
20261004,typical,27,2.97,5.5,0,0,bounded,0.005,-25,3000,True,0.0001022099670207926,0.0001003694334599296,1.385665400703683,1.584334599296317,2.698194307891787,0.0008602520457308521,0.7017298137466371,0.7017497058630552,-0.0,1.0,-0.0,1.0,0.0,1.0,0.0,1.0,0.0,1.0,-0.0,1.0,1.0183375904138963,0.3694334599295912,2.2099670207925914,True
20261004,typical,27,2.97,5.5,0,0,bounded,0.005,25,-3000,True,0.0001024092085533806,0.0001005673592890614,1.386407109385302,1.583592890614698,2.698033234831866,0.0008619357138726406,0.701731257491895,0.7017512046696057,-0.0,1.0,-0.0,1.0,0.0,1.0,0.0,1.0,0.0,1.0,-0.0,1.0,1.0183145831544125,0.5673592890613977,2.409208553380582,True
20261004,typical,27,2.97,5.5,0,0,bounded,0.005,25,3000,True,0.0001022099670207926,0.0001003694334599296,1.385665400703683,1.584334599296317,2.698194307891787,0.0008602520457308521,0.7017298137466371,0.7017497058630552,-0.0,1.0,-0.0,1.0,0.0,1.0,0.0,1.0,0.0,1.0,-0.0,1.0,1.0183375904138963,0.3694334599295912,2.2099670207925914,True
20261004,typical,27,3.3,4.5,0,0,bounded,-0.005,-25,-3000,True,0.0001000195728324674,9.950175963422076e-05,1.382403657792296,1.917596342207704,1.699984786211663,0.0007784438965712543,0.7017139674301768,0.7017426883744309,-0.0,1.0,-0.0,1.0,0.0,1.0,0.0,1.0,0.0,1.0,-0.0,1.0,1.0052040607136012,-0.4982403657792456,0.019572832467407153,True
20261004,typical,27,3.3,4.5,0,0,bounded,-0.005,-25,3000,True,0.0001000195728324674,9.950175963422076e-05,1.382403657792308,1.917596342207692,1.699984786211683,0.0007784438965712543,0.7017139674301768,0.7017426883744309,-0.0,1.0,-0.0,1.0,0.0,1.0,0.0,1.0,0.0,1.0,-0.0,1.0,1.0052040607136012,-0.4982403657792456,0.019572832467407153,True
20261004,typical,27,3.3,4.5,0,0,bounded,-0.005,25,-3000,True,0.0001000195728324674,9.950175963422076e-05,1.382403657792296,1.917596342207704,1.699984786211663,0.0007784438965712543,0.7017139674301768,0.7017426883744309,-0.0,1.0,-0.0,1.0,0.0,1.0,0.0,1.0,0.0,1.0,-0.0,1.0,1.0052040607136012,-0.4982403657792456,0.019572832467407153,True
20261004,typical,27,3.3,4.5,0,0,bounded,-0.005,25,3000,True,0.0001000195728324674,9.950175963422076e-05,1.382403657792308,1.917596342207692,1.699984786211683,0.0007784438965712543,0.7017139674301768,0.7017426883744309,-0.0,1.0,-0.0,1.0,0.0,1.0,0.0,1.0,0.0,1.0,-0.0,1.0,1.0052040607136012,-0.4982403657792456,0.019572832467407153,True
20261004,typical,27,3.3,4.5,0,0,bounded,0.005,-25,-3000,True,0.0001010148639152978,0.0001005013842705851,1.386157294148942,1.913842705851058,1.699166695612477,0.0007862214677439266,0.7017211793690636,0.7017502544094623,-0.0,1.0,-0.0,1.0,0.0,1.0,0.0,1.0,0.0,1.0,-0.0,1.0,1.005109179823138,0.5013842705851035,1.0148639152977923,True
20261004,typical,27,3.3,4.5,0,0,bounded,0.005,-25,3000,True,0.00010101486391528,0.0001005013842705851,1.386157294148965,1.913842705851036,1.699166695612509,0.0007862214677438466,0.7017211793690636,0.7017502544094623,-0.0,1.0,-0.0,1.0,0.0,1.0,0.0,1.0,0.0,1.0,-0.0,1.0,1.0051091798229608,0.5013842705851035,1.0148639152800065,True
20261004,typical,27,3.3,4.5,0,0,bounded,0.005,25,-3000,True,0.0001010148639152978,0.0001005013842705851,1.386157294148942,1.913842705851058,1.699166695612477,0.0007862214677439266,0.7017211793690636,0.7017502544094623,-0.0,1.0,-0.0,1.0,0.0,1.0,0.0,1.0,0.0,1.0,-0.0,1.0,1.005109179823138,0.5013842705851035,1.0148639152977923,True
20261004,typical,27,3.3,4.5,0,0,bounded,0.005,25,3000,True,0.00010101486391528,0.0001005013842705851,1.386157294148965,1.913842705851036,1.699166695612509,0.0007862214677438466,0.7017211793690636,0.7017502544094623,-0.0,1.0,-0.0,1.0,0.0,1.0,0.0,1.0,0.0,1.0,-0.0,1.0,1.0051091798229608,0.5013842705851035,1.0148639152800065,True
20261004,typical,27,3.3,5,0,0,bounded,-0.005,-25,-3000,True,0.000100737276309676,9.950175949098301e-05,1.382405090169773,1.917594909830227,2.199394097935279,0.0008320421999007256,0.7017191648633043,0.7017429319542523,-0.0,1.0,-0.0,1.0,0.0,1.0,0.0,1.0,0.0,1.0,-0.0,1.0,1.0124170348847443,-0.49824050901698946,0.7372763096759938,True
20261004,typical,27,3.3,5,0,0,bounded,-0.005,-25,3000,True,0.0001007372763096405,9.950175949098303e-05,1.382405090169784,1.917594909830216,2.199394097935301,0.000832042199900548,0.7017191648633043,0.7017429319542523,-0.0,1.0,-0.0,1.0,0.0,1.0,0.0,1.0,0.0,1.0,-0.0,1.0,1.0124170348843875,-0.49824050901697836,0.7372763096404888,True
20261004,typical,27,3.3,5,0,0,bounded,-0.005,25,-3000,True,0.000100737276309676,9.950175949098301e-05,1.382405090169773,1.917594909830227,2.199394097935279,0.0008320421999007256,0.7017191648633043,0.7017429319542523,-0.0,1.0,-0.0,1.0,0.0,1.0,0.0,1.0,0.0,1.0,-0.0,1.0,1.0124170348847443,-0.49824050901698946,0.7372763096759938,True
20261004,typical,27,3.3,5,0,0,bounded,-0.005,25,3000,True,0.0001007372763096405,9.950175949098303e-05,1.382405090169784,1.917594909830216,2.199394097935301,0.000832042199900548,0.7017191648633043,0.7017429319542523,-0.0,1.0,-0.0,1.0,0.0,1.0,0.0,1.0,0.0,1.0,-0.0,1.0,1.0124170348843875,-0.49824050901697836,0.7372763096404888,True
20261004,typical,27,3.3,5,0,0,bounded,0.005,-25,-3000,True,0.0001017388737322945,0.0001005013841260982,1.386158739017264,1.913841260982737,2.198576329241123,0.000840348948309724,0.7017264224294008,0.701750500127299,-0.0,1.0,-0.0,1.0,0.0,1.0,0.0,1.0,0.0,1.0,-0.0,1.0,1.0123131598331385,0.5013841260981922,1.738873732294488,True
20261004,typical,27,3.3,5,0,0,bounded,0.005,-25,3000,True,0.000101738873732259,0.0001005013841260982,1.386158739017276,1.913841260982724,2.198576329241126,0.0008403489483095462,0.7017264224294008,0.701750500127299,-0.0,1.0,-0.0,1.0,0.0,1.0,0.0,1.0,0.0,1.0,-0.0,1.0,1.0123131598327852,0.5013841260981922,1.7388737322589831,True
20261004,typical,27,3.3,5,0,0,bounded,0.005,25,-3000,True,0.0001017388737322945,0.0001005013841260982,1.386158739017264,1.913841260982737,2.198576329241123,0.000840348948309724,0.7017264224294008,0.701750500127299,-0.0,1.0,-0.0,1.0,0.0,1.0,0.0,1.0,0.0,1.0,-0.0,1.0,1.0123131598331385,0.5013841260981922,1.738873732294488,True
20261004,typical,27,3.3,5,0,0,bounded,0.005,25,3000,True,0.000101738873732259,0.0001005013841260982,1.386158739017276,1.913841260982724,2.198576329241126,0.0008403489483095462,0.7017264224294008,0.701750500127299,-0.0,1.0,-0.0,1.0,0.0,1.0,0.0,1.0,0.0,1.0,-0.0,1.0,1.0123131598327852,0.5013841260981922,1.7388737322589831,True
20261004,typical,27,3.3,5.5,0,0,bounded,-0.005,-25,-3000,True,0.0001013364836495239,9.950175937139661e-05,1.382406286033759,1.917593713966241,2.698903954297727,0.0008857064780301427,0.7017234842738531,0.7017431352965772,-0.0,1.0,-0.0,1.0,0.0,1.0,0.0,1.0,0.0,1.0,-0.0,1.0,1.018439113938469,-0.4982406286033969,1.3364836495239008,True
20261004,typical,27,3.3,5.5,0,0,bounded,-0.005,-25,3000,True,0.0001013364836495239,9.950175937139662e-05,1.382406286033699,1.917593713966302,2.698903954297751,0.0008857064780301427,0.7017234842738531,0.7017431352965772,-0.0,1.0,-0.0,1.0,0.0,1.0,0.0,1.0,0.0,1.0,-0.0,1.0,1.0184391139384688,-0.4982406286033858,1.3364836495239008,True
20261004,typical,27,3.3,5.5,0,0,bounded,-0.005,25,-3000,True,0.0001013364836495239,9.950175937139661e-05,1.382406286033759,1.917593713966241,2.698903954297727,0.0008857064780301427,0.7017234842738531,0.7017431352965772,-0.0,1.0,-0.0,1.0,0.0,1.0,0.0,1.0,0.0,1.0,-0.0,1.0,1.018439113938469,-0.4982406286033969,1.3364836495239008,True
20261004,typical,27,3.3,5.5,0,0,bounded,-0.005,25,3000,True,0.0001013364836495239,9.950175937139662e-05,1.382406286033699,1.917593713966302,2.698903954297751,0.0008857064780301427,0.7017234842738531,0.7017431352965772,-0.0,1.0,-0.0,1.0,0.0,1.0,0.0,1.0,0.0,1.0,-0.0,1.0,1.0184391139384688,-0.4982406286033858,1.3364836495239008,True
20261004,typical,27,3.3,5.5,0,0,bounded,0.005,-25,-3000,True,0.000102342798901665,0.0001005013840055782,1.386159944218166,1.913840055781834,2.698086889772913,0.0008945399732097104,0.7017307762742738,0.7017507050692243,-0.0,1.0,-0.0,1.0,0.0,1.0,0.0,1.0,0.0,1.0,-0.0,1.0,1.0183222839596378,0.5013840055781982,2.3427989016649997,True
20261004,typical,27,3.3,5.5,0,0,bounded,0.005,-25,3000,True,0.0001023427989017005,0.0001005013840055782,1.386159944218137,1.913840055781863,2.698086889772907,0.0008945399732099058,0.7017307762742738,0.7017507050692243,-0.0,1.0,-0.0,1.0,0.0,1.0,0.0,1.0,0.0,1.0,-0.0,1.0,1.018322283959991,0.5013840055781982,2.3427989017004824,True
20261004,typical,27,3.3,5.5,0,0,bounded,0.005,25,-3000,True,0.000102342798901665,0.0001005013840055782,1.386159944218166,1.913840055781834,2.698086889772913,0.0008945399732097104,0.7017307762742738,0.7017507050692243,-0.0,1.0,-0.0,1.0,0.0,1.0,0.0,1.0,0.0,1.0,-0.0,1.0,1.0183222839596378,0.5013840055781982,2.3427989016649997,True
20261004,typical,27,3.3,5.5,0,0,bounded,0.005,25,3000,True,0.0001023427989017005,0.0001005013840055782,1.386159944218137,1.913840055781863,2.698086889772907,0.0008945399732099058,0.7017307762742738,0.7017507050692243,-0.0,1.0,-0.0,1.0,0.0,1.0,0.0,1.0,0.0,1.0,-0.0,1.0,1.018322283959991,0.5013840055781982,2.3427989017004824,True
20261004,typical,27,3.63,4.5,0,0,bounded,-0.005,-25,-3000,True,9.995388149369879e-05,9.943578446617043e-05,1.382155338295647,2.247844661704353,1.700039050579052,0.0008107443788985028,0.7017134914246855,0.7017421890134624,-0.0,1.0,-0.0,1.0,0.0,1.0,0.0,1.0,0.0,1.0,-0.0,1.0,1.0052103679808009,-0.5642155338295707,-0.046118506301218165,True
20261004,typical,27,3.63,4.5,0,0,bounded,-0.005,-25,3000,True,0.0001001509582053243,9.963370999194051e-05,1.382900080594902,2.247099919405098,1.699876355625263,0.0008123496937592781,0.7017149194602338,0.7017436870968885,-0.0,1.0,-0.0,1.0,0.0,1.0,0.0,1.0,0.0,1.0,-0.0,1.0,1.0051914980725463,-0.36629000805948886,0.15095820532429194,True
20261004,typical,27,3.63,4.5,0,0,bounded,-0.005,25,-3000,True,9.995388149369879e-05,9.943578446617043e-05,1.382155338295647,2.247844661704353,1.700039050579052,0.0008107443788985028,0.7017134914246855,0.7017421890134624,-0.0,1.0,-0.0,1.0,0.0,1.0,0.0,1.0,0.0,1.0,-0.0,1.0,1.0052103679808009,-0.5642155338295707,-0.046118506301218165,True
20261004,typical,27,3.63,4.5,0,0,bounded,-0.005,25,3000,True,0.0001001509582053243,9.963370999194051e-05,1.382900080594902,2.247099919405098,1.699876355625263,0.0008123496937592781,0.7017149194602338,0.7017436870968885,-0.0,1.0,-0.0,1.0,0.0,1.0,0.0,1.0,0.0,1.0,-0.0,1.0,1.0051914980725463,-0.36629000805948886,0.15095820532429194,True
20261004,typical,27,3.63,4.5,0,0,bounded,0.005,-25,-3000,True,0.0001009491790717246,0.0001004354089940611,1.385910059389013,2.244089940610987,1.699220452199415,0.0008188518550358068,0.7017207034148268,0.7017497550545599,-0.0,1.0,-0.0,1.0,0.0,1.0,0.0,1.0,0.0,1.0,-0.0,1.0,1.0051154277441523,0.4354089940610928,0.9491790717245818,True
20261004,typical,27,3.63,4.5,0,0,bounded,0.005,-25,3000,True,0.0001011462363803643,0.0001006333348449338,1.386651550661948,2.243348449338052,1.699059278552909,0.0008204570837633632,0.7017221312972011,0.7017512531198157,-0.0,1.0,-0.0,1.0,0.0,1.0,0.0,1.0,0.0,1.0,-0.0,1.0,1.005096735949582,0.6333348449337972,1.146236380364285,True
20261004,typical,27,3.63,4.5,0,0,bounded,0.005,25,-3000,True,0.0001009491790717246,0.0001004354089940611,1.385910059389013,2.244089940610987,1.699220452199415,0.0008188518550358068,0.7017207034148268,0.7017497550545599,-0.0,1.0,-0.0,1.0,0.0,1.0,0.0,1.0,0.0,1.0,-0.0,1.0,1.0051154277441523,0.4354089940610928,0.9491790717245818,True
20261004,typical,27,3.63,4.5,0,0,bounded,0.005,25,3000,True,0.0001011462363803643,0.0001006333348449338,1.386651550661948,2.243348449338052,1.699059278552909,0.0008204570837633632,0.7017221312972011,0.7017512531198157,-0.0,1.0,-0.0,1.0,0.0,1.0,0.0,1.0,0.0,1.0,-0.0,1.0,1.005096735949582,0.6333348449337972,1.146236380364285,True
20261004,typical,27,3.63,5,0,0,bounded,-0.005,-25,-3000,True,0.0001006711689300345,9.94357843230151e-05,1.382156769848913,2.247843230151087,2.199448340453209,0.0008643077563073483,0.7017186858476699,0.701742432452237,-0.0,1.0,-0.0,1.0,0.0,1.0,0.0,1.0,0.0,1.0,-0.0,1.0,1.0124239439094307,-0.5642156769849027,0.6711689300344936,True
20261004,typical,27,3.63,5,0,0,bounded,-0.005,-25,3000,True,0.0001008694938516576,9.963370984853793e-05,1.382901514620677,2.247098485379323,2.19928571082329,0.0008660178505731181,0.7017201229142678,0.7017439309588378,-0.0,1.0,-0.0,1.0,0.0,1.0,0.0,1.0,0.0,1.0,-0.0,1.0,1.0124032719949734,-0.36629015146207866,0.869493851657599,True
20261004,typical,27,3.63,5,0,0,bounded,-0.005,25,-3000,True,0.0001006711689300345,9.94357843230151e-05,1.382156769848913,2.247843230151087,2.199448340453209,0.0008643077563073483,0.7017186858476699,0.701742432452237,-0.0,1.0,-0.0,1.0,0.0,1.0,0.0,1.0,0.0,1.0,-0.0,1.0,1.0124239439094307,-0.5642156769849027,0.6711689300344936,True
20261004,typical,27,3.63,5,0,0,bounded,-0.005,25,3000,True,0.0001008694938516576,9.963370984853793e-05,1.382901514620677,2.247098485379323,2.19928571082329,0.0008660178505731181,0.7017201229142678,0.7017439309588378,-0.0,1.0,-0.0,1.0,0.0,1.0,0.0,1.0,0.0,1.0,-0.0,1.0,1.0124032719949734,-0.36629015146207866,0.869493851657599,True
20261004,typical,27,3.63,5,0,0,bounded,0.005,-25,-3000,True,0.0001016727725289747,0.0001004354088496567,1.385911503432702,2.244088496567298,2.198630065108212,0.0008729444113336022,0.7017259434627764,0.7017500006312422,-0.0,1.0,-0.0,1.0,0.0,1.0,0.0,1.0,0.0,1.0,-0.0,1.0,1.0123199944470802,0.43540884965669324,1.6727725289746864,True
20261004,typical,27,3.63,5,0,0,bounded,0.005,-25,3000,True,0.000101871079006738,0.000100633334700282,1.386652997179844,2.243347002820157,2.198468953401525,0.0008746544145602907,0.7017273803829592,0.7017514991199942,-0.0,1.0,-0.0,1.0,0.0,1.0,0.0,1.0,0.0,1.0,-0.0,1.0,1.0122995457732014,0.6333347002819956,1.8710790067379968,True
20261004,typical,27,3.63,5,0,0,bounded,0.005,25,-3000,True,0.0001016727725289747,0.0001004354088496567,1.385911503432702,2.244088496567298,2.198630065108212,0.0008729444113336022,0.7017259434627764,0.7017500006312422,-0.0,1.0,-0.0,1.0,0.0,1.0,0.0,1.0,0.0,1.0,-0.0,1.0,1.0123199944470802,0.43540884965669324,1.6727725289746864,True
20261004,typical,27,3.63,5,0,0,bounded,0.005,25,3000,True,0.000101871079006738,0.000100633334700282,1.386652997179844,2.243347002820157,2.198468953401525,0.0008746544145602907,0.7017273803829592,0.7017514991199942,-0.0,1.0,-0.0,1.0,0.0,1.0,0.0,1.0,0.0,1.0,-0.0,1.0,1.0122995457732014,0.6333347002819956,1.8710790067379968,True
20261004,typical,27,3.63,5.5,0,0,bounded,-0.005,-25,-3000,True,0.0001012700647980563,9.943578420349034e-05,1.382157965096507,2.247842034903493,2.698958149751599,0.0009179372676126438,0.701723002984685,0.7017426356889525,-0.0,1.0,-0.0,1.0,0.0,1.0,0.0,1.0,0.0,1.0,-0.0,1.0,1.0184468861915164,-0.5642157965096706,1.2700647980562918,True
20261004,typical,27,3.63,5.5,0,0,bounded,-0.005,-25,3000,True,0.0001014693241160974,9.963370972882825e-05,1.382902711717354,2.247097288282645,2.698795661095941,0.0009197516635187184,0.7017244468716727,0.7017441345123703,-0.0,1.0,-0.0,1.0,0.0,1.0,0.0,1.0,0.0,1.0,-0.0,1.0,1.0184236278290262,-0.36629027117175417,1.4693241160973924,True
20261004,typical,27,3.63,5.5,0,0,bounded,-0.005,25,-3000,True,0.0001012700647980563,9.943578420349034e-05,1.382157965096507,2.247842034903493,2.698958149751599,0.0009179372676126438,0.701723002984685,0.7017426356889525,-0.0,1.0,-0.0,1.0,0.0,1.0,0.0,1.0,0.0,1.0,-0.0,1.0,1.0184468861915164,-0.5642157965096706,1.2700647980562918,True
20261004,typical,27,3.63,5.5,0,0,bounded,-0.005,25,3000,True,0.0001014693241160974,9.963370972882825e-05,1.382902711717354,2.247097288282645,2.698795661095941,0.0009197516635187184,0.7017244468716727,0.7017441345123703,-0.0,1.0,-0.0,1.0,0.0,1.0,0.0,1.0,0.0,1.0,-0.0,1.0,1.0184236278290262,-0.36629027117175417,1.4693241160973924,True
20261004,typical,27,3.63,5.5,0,0,bounded,0.005,-25,-3000,True,0.0001022763864156123,0.0001004354087291982,1.385912708017579,2.244087291982421,2.698140579678393,0.0009271006735373292,0.7017302950358207,0.7017502054676268,-0.0,1.0,-0.0,1.0,0.0,1.0,0.0,1.0,0.0,1.0,-0.0,1.0,1.0183299665895509,0.4354087291982056,2.276386415612297,True
20261004,typical,27,3.63,5.5,0,0,bounded,0.005,-25,3000,True,0.0001024756267243259,0.0001006333345796387,1.386654203612678,2.243345796387322,2.697979605644068,0.0009289149660725219,0.7017317387713007,0.7017517042729955,-0.0,1.0,-0.0,1.0,0.0,1.0,0.0,1.0,0.0,1.0,-0.0,1.0,1.018306977030849,0.6333345796387002,2.475626724325908,True
20261004,typical,27,3.63,5.5,0,0,bounded,0.005,25,-3000,True,0.0001022763864156123,0.0001004354087291982,1.385912708017579,2.244087291982421,2.698140579678393,0.0009271006735373292,0.7017302950358207,0.7017502054676268,-0.0,1.0,-0.0,1.0,0.0,1.0,0.0,1.0,0.0,1.0,-0.0,1.0,1.0183299665895509,0.4354087291982056,2.276386415612297,True
20261004,typical,27,3.63,5.5,0,0,bounded,0.005,25,3000,True,0.0001024756267243259,0.0001006333345796387,1.386654203612678,2.243345796387322,2.697979605644068,0.0009289149660725219,0.7017317387713007,0.7017517042729955,-0.0,1.0,-0.0,1.0,0.0,1.0,0.0,1.0,0.0,1.0,-0.0,1.0,1.018306977030849,0.6333345796387002,2.475626724325908,True
20261004,typical,85,2.97,4.5,0,0,bounded,-0.005,-25,-3000,True,9.987234757168485e-05,9.942058798663718e-05,1.404120133628169,1.565879866371831,1.678802265020956,0.0007447047202222361,0.624916007438927,0.6249457321252615,-0.0,1.0,-0.0,1.0,0.0,1.0,0.0,1.0,0.0,1.0,-0.0,1.0,1.0045439238913814,-0.5794120133628233,-0.12765242831516144,True
20261004,typical,85,2.97,4.5,0,0,bounded,-0.005,-25,3000,True,9.967560633307762e-05,9.922267353576336e-05,1.403264642366254,1.566735357633746,1.678994675364675,0.0007432315787293796,0.6249145537519903,0.6249442047306979,-0.0,1.0,-0.0,1.0,0.0,1.0,0.0,1.0,0.0,1.0,-0.0,1.0,1.004564811460669,-0.7773264642366495,-0.3243936669223846,True
20261004,typical,85,2.97,4.5,0,0,bounded,-0.005,25,-3000,True,0.0001001604956391714,9.971046282017694e-05,1.405371798230504,1.564628201769496,1.678521108087541,0.0007468623147814967,0.6249181365106151,0.6249479692114419,-0.0,1.0,-0.0,1.0,0.0,1.0,0.0,1.0,0.0,1.0,-0.0,1.0,1.0045133961498713,-0.2895371798230628,0.16049563917139853,True
20261004,typical,85,2.97,4.5,0,0,bounded,-0.005,25,3000,True,9.996376112876439e-05,9.951254826159197e-05,1.40451738408002,1.56548261591998,1.678712986107906,0.000745389203245697,0.624916682877023,0.6249464418224515,-0.0,1.0,-0.0,1.0,0.0,1.0,0.0,1.0,0.0,1.0,-0.0,1.0,1.0045342308588692,-0.487451738408029,-0.03623887123561653,True
20261004,typical,85,2.97,4.5,0,0,bounded,0.005,-25,-3000,True,0.0001008659200930265,0.0001004201570403238,1.408429596761548,1.561570403238452,1.677836024272413,0.0007521445166576641,0.6249233487363204,0.6249534461810781,-0.0,1.0,-0.0,1.0,0.0,1.0,0.0,1.0,0.0,1.0,-0.0,1.0,1.0044389798407076,0.42015704032378753,0.8659200930264843,True
20261004,typical,85,2.97,4.5,0,0,bounded,0.005,-25,3000,True,0.0001006692020074188,0.0001002222422199665,1.407577800335234,1.562422199664766,1.678026611982015,0.0007506714782560258,0.6249218952329766,0.6249519188057348,-0.0,1.0,-0.0,1.0,0.0,1.0,0.0,1.0,0.0,1.0,-0.0,1.0,1.0044596865680906,0.2222422199664953,0.669202007418801,True
20261004,typical,85,2.97,4.5,0,0,bounded,0.005,25,-3000,True,0.0001011540342972898,0.0001007100324130886,1.409675869114145,1.560324130885855,1.677557523881013,0.0007543019604339486,0.6249254775394609,0.6249556832391102,-0.0,1.0,-0.0,1.0,0.0,1.0,0.0,1.0,0.0,1.0,-0.0,1.0,1.0044087155327286,0.7100324130886015,1.1540342972897966,True
20261004,typical,85,2.97,4.5,0,0,bounded,0.005,25,3000,True,0.0001009573229011754,0.000100512117486592,1.408825134079949,1.561174865920052,1.677747589789374,0.0007528289518198028,0.624924024089176,0.624954155869338,-0.0,1.0,-0.0,1.0,0.0,1.0,0.0,1.0,0.0,1.0,-0.0,1.0,1.0044293705646266,0.5121174865919897,0.9573229011754059,True
20261004,typical,85,2.97,5,0,0,bounded,-0.005,-25,-3000,True,0.0001005869631420032,9.942058784368864e-05,1.40412156311366,1.56587843688634,2.178106392734617,0.0007982139714350527,0.6249212845386615,0.6249459794342324,-0.0,1.0,-0.0,1.0,0.0,1.0,0.0,1.0,0.0,1.0,-0.0,1.0,1.0117317280415639,-0.5794121563113652,0.586963142003194,True
20261004,typical,85,2.97,5,0,0,bounded,-0.005,-25,3000,True,0.000100388880597201,9.92226733930813e-05,1.40326606918686,1.56673393081314,2.17829880887105,0.0007966357527927418,0.6249198209554864,0.6249444515759245,-0.0,1.0,-0.0,1.0,0.0,1.0,0.0,1.0,0.0,1.0,-0.0,1.0,1.0117534346156913,-0.7773266069186935,0.3888805972009912,True
20261004,typical,85,2.97,5,0,0,bounded,-0.005,25,-3000,True,0.0001008770766338464,9.971046267683794e-05,1.405373231620531,1.564626768379469,2.177825225971588,0.0008005254671487679,0.6249234281113092,0.6249482171999359,-0.0,1.0,-0.0,1.0,0.0,1.0,0.0,1.0,0.0,1.0,-0.0,1.0,1.0117000154817197,-0.28953732316205905,0.8770766338463964,True
20261004,typical,85,2.97,5,0,0,bounded,-0.005,25,3000,True,0.0001006790000989745,9.95125481185196e-05,1.404518814803957,1.565481185196043,2.178017110876031,0.0007989472782361821,0.6249219645762267,0.6249466893469554,-0.0,1.0,-0.0,1.0,0.0,1.0,0.0,1.0,0.0,1.0,-0.0,1.0,1.0117216572433223,-0.4874518814804052,0.6790000989745026,True
20261004,typical,85,2.97,5,0,0,bounded,0.005,-25,-3000,True,0.0001015873174529815,0.000100420156896028,1.408431039719349,1.561568960280651,2.177140111395628,0.0008061844630754599,0.6249286758719979,0.6249536958347673,-0.0,1.0,-0.0,1.0,0.0,1.0,0.0,1.0,0.0,1.0,-0.0,1.0,1.0116227716927584,0.42015689602799,1.587317452981507,True
20261004,typical,85,2.97,5,0,0,bounded,0.005,-25,3000,True,0.0001013892555723074,0.0001002222420759376,1.407579240623869,1.562420759376131,2.177330708634337,0.0008046063466563454,0.6249272124542239,0.6249521679948253,-0.0,1.0,-0.0,1.0,0.0,1.0,0.0,1.0,0.0,1.0,-0.0,1.0,1.0116442565262667,0.22224207593759537,1.3892555723074018,True
20261004,typical,85,2.97,5,0,0,bounded,0.005,25,-3000,True,0.0001018774007392266,0.0001007100322684016,1.409677315983688,1.560322684016312,2.176861595728743,0.0008084958093626314,0.624930819202844,0.6249559335735786,-0.0,1.0,-0.0,1.0,0.0,1.0,0.0,1.0,0.0,1.0,-0.0,1.0,1.0115913821545985,0.7100322684016058,1.877400739226598,True
20261004,typical,85,2.97,5,0,0,bounded,0.005,25,3000,True,0.000101679344819864,0.0001005121173421721,1.408826578278652,1.561173421721348,2.177051672235897,0.0008069177224348462,0.6249293558328001,0.6249544057389566,-0.0,1.0,-0.0,1.0,0.0,1.0,0.0,1.0,0.0,1.0,-0.0,1.0,1.0116128035957925,0.5121173421720915,1.6793448198640037,True
20261004,typical,85,2.97,5.5,0,0,bounded,-0.005,-25,-3000,True,0.0001011697657173709,9.942058772710836e-05,1.404122728916265,1.565877271083736,2.677542339053196,0.0008517128668243535,0.624925578901215,0.6249461811163103,-0.0,1.0,-0.0,1.0,0.0,1.0,0.0,1.0,0.0,1.0,-0.0,1.0,1.017593720076004,-0.579412272891644,1.1697657173709075,True
20261004,typical,85,2.97,5.5,0,0,bounded,-0.005,-25,3000,True,0.0001009707128028108,9.922267327669365e-05,1.403267233063299,1.566732766936701,2.677734641104117,0.0008500302698765504,0.6249241081188311,0.6249446529225033,-0.0,1.0,-0.0,1.0,0.0,1.0,0.0,1.0,0.0,1.0,-0.0,1.0,1.0176173395494248,-0.7773267233063486,0.9707128028108025,True
20261004,typical,85,2.97,5.5,0,0,bounded,-0.005,25,-3000,True,0.0001014613005208869,9.971046255997554e-05,1.405374400244429,1.564625599755571,2.677261338133195,0.000854177236497284,0.6249277330182705,0.6249484193734223,-0.0,1.0,-0.0,1.0,0.0,1.0,0.0,1.0,0.0,1.0,-0.0,1.0,1.0175592201255534,-0.2895374400244566,1.4613005208868879,True
20261004,typical,85,2.97,5.5,0,0,bounded,-0.005,25,3000,True,0.0001012622535649737,9.951254800184982e-05,1.404519981501694,1.565480018498306,2.677453109967656,0.0008524946720021946,0.6249262622838901,0.6249468911849266,-0.0,1.0,-0.0,1.0,0.0,1.0,0.0,1.0,0.0,1.0,-0.0,1.0,1.0175827631616,-0.48745199815017903,1.2622535649736921,True
20261004,typical,85,2.97,5.5,0,0,bounded,0.005,-25,-3000,True,0.0001021750214364286,0.0001004201567784749,1.408432215250751,1.561567784749249,2.676576623364573,0.0008602104933617189,0.6249330065952421,0.6249538992114566,-0.0,1.0,-0.0,1.0,0.0,1.0,0.0,1.0,0.0,1.0,-0.0,1.0,1.0174752232445214,0.4201567784748894,2.1750214364286036,True
20261004,typical,85,2.97,5.5,0,0,bounded,0.005,-25,3000,True,0.0001019759890007049,0.0001002222419585771,1.407580414228706,1.562419585771294,2.676767109990677,0.0008585280079501539,0.6249315359778873,0.6249523710359574,-0.0,1.0,-0.0,1.0,0.0,1.0,0.0,1.0,0.0,1.0,-0.0,1.0,1.0174985812316255,0.22224195857709628,1.975989000704903,True
20261004,typical,85,2.97,5.5,0,0,bounded,0.005,25,-3000,True,0.0001024665263139806,0.0001007100321505664,1.409678494336385,1.560321505663615,2.676298268483353,0.0008626747000433767,0.6249351604710951,0.6249561374417588,-0.0,1.0,-0.0,1.0,0.0,1.0,0.0,1.0,0.0,1.0,-0.0,1.0,1.0174411041870004,0.7100321505663976,2.466526313980588,True
20261004,typical,85,2.97,5.5,0,0,bounded,0.005,25,3000,True,0.0001022674997814992,0.0001005121172245295,1.408827754705032,1.561172245294968,2.676488235369839,0.0008609922467844166,0.6249336899013319,0.6249546092715672,-0.0,1.0,-0.0,1.0,0.0,1.0,0.0,1.0,0.0,1.0,-0.0,1.0,1.0174643874334917,0.5121172245294847,2.267499781499205,True
20261004,typical,85,3.3,4.5,0,0,bounded,-0.005,-25,-3000,True,9.980677206323043e-05,9.935461649482426e-05,1.40383505175745,1.89616494824255,1.678866357014813,0.0007770007208488178,0.6249155229132434,0.6249452229958103,-0.0,1.0,-0.0,1.0,0.0,1.0,0.0,1.0,0.0,1.0,-0.0,1.0,1.0045509266137596,-0.645383505175745,-0.19322793676956884,True
20261004,typical,85,3.3,4.5,0,0,bounded,-0.005,-25,3000,True,9.980677206321266e-05,9.935461649482426e-05,1.40383505175744,1.89616494824256,1.678866357014822,0.0007770007208487378,0.6249155229132434,0.6249452229958103,-0.0,1.0,-0.0,1.0,0.0,1.0,0.0,1.0,0.0,1.0,-0.0,1.0,1.0045509266135808,-0.645383505175745,-0.1932279367873435,True
20261004,typical,85,3.3,4.5,0,0,bounded,-0.005,25,-3000,True,0.0001000949224089302,9.964449129249528e-05,1.405087075047006,1.894912924952994,1.678585022851499,0.0007792539842367624,0.6249176520029749,0.6249474600838608,-0.0,1.0,-0.0,1.0,0.0,1.0,0.0,1.0,0.0,1.0,-0.0,1.0,1.0045203815142447,-0.35550870750472585,0.094922408930187,True
20261004,typical,85,3.3,4.5,0,0,bounded,-0.005,25,3000,True,0.0001000949224089657,9.964449129249529e-05,1.405087075047041,1.894912924952959,1.678585022851453,0.0007792539842369224,0.6249176520029749,0.6249474600838608,-0.0,1.0,-0.0,1.0,0.0,1.0,0.0,1.0,0.0,1.0,-0.0,1.0,1.0045203815146009,-0.35550870750471475,0.09492240896569193,True
20261004,typical,85,3.3,4.5,0,0,bounded,0.005,-25,-3000,True,0.0001008003524260152,0.0001003541854254693,1.408145745306598,1.891854254693403,1.677899509440419,0.0007847704099522962,0.6249228642727475,0.6249529370580771,-0.0,1.0,-0.0,1.0,0.0,1.0,0.0,1.0,0.0,1.0,-0.0,1.0,1.0044459231934801,0.3541854254693,0.800352426015194,True
20261004,typical,85,3.3,4.5,0,0,bounded,0.005,-25,3000,True,0.0001008003524260152,0.0001003541854254693,1.408145745306546,1.891854254693454,1.67789950944045,0.0007847704099522962,0.6249228642727475,0.6249529370580771,-0.0,1.0,-0.0,1.0,0.0,1.0,0.0,1.0,0.0,1.0,-0.0,1.0,1.0044459231934801,0.3541854254693,0.800352426015194,True
20261004,typical,85,3.3,4.5,0,0,bounded,0.005,25,-3000,True,0.0001010884688967676,0.0001006440607628885,1.409392371115016,1.890607628884984,1.677620835318868,0.0007870235226841032,0.6249249930938471,0.6249551741179811,-0.0,1.0,-0.0,1.0,0.0,1.0,0.0,1.0,0.0,1.0,-0.0,1.0,1.0044156419217434,0.6440607628884987,1.0884688967675915,True
20261004,typical,85,3.3,4.5,0,0,bounded,0.005,25,3000,True,0.0001010884688968031,0.0001006440607628885,1.409392371115042,1.890607628884958,1.677620835318842,0.0007870235226842631,0.6249249930938471,0.6249551741179811,-0.0,1.0,-0.0,1.0,0.0,1.0,0.0,1.0,0.0,1.0,-0.0,1.0,1.0044156419220962,0.6440607628884987,1.0884688968030964,True
20261004,typical,85,3.3,5,0,0,bounded,-0.005,-25,-3000,True,0.0001005209405070175,9.935461635196454e-05,1.403836480354574,1.896163519645427,2.178170486742272,0.0008304749486278454,0.6249207967140537,0.624945470150191,-0.0,1.0,-0.0,1.0,0.0,1.0,0.0,1.0,0.0,1.0,-0.0,1.0,1.0117390031573494,-0.6453836480354691,0.5209405070174977,True
20261004,typical,85,3.3,5,0,0,bounded,-0.005,-25,3000,True,0.0001005209405070175,9.935461635196454e-05,1.403836480354574,1.896163519645426,2.178170486742288,0.0008304749486278454,0.6249207967140537,0.624945470150191,-0.0,1.0,-0.0,1.0,0.0,1.0,0.0,1.0,0.0,1.0,-0.0,1.0,1.0117390031573494,-0.6453836480354691,0.5209405070174977,True
20261004,typical,85,3.3,5,0,0,bounded,-0.005,25,-3000,True,0.000100811056037763,9.964449114924515e-05,1.40508850754848,1.89491149245152,2.177889143112553,0.0008328821131124667,0.6249229403029959,0.6249477079176835,-0.0,1.0,-0.0,1.0,0.0,1.0,0.0,1.0,0.0,1.0,-0.0,1.0,1.0117072692635924,-0.35550885075485983,0.8110560377629916,True
20261004,typical,85,3.3,5,0,0,bounded,-0.005,25,3000,True,0.000100811056037763,9.964449114924515e-05,1.405088507548462,1.894911492451538,2.177889143112568,0.0008328821131124667,0.6249229403029959,0.6249477079176835,-0.0,1.0,-0.0,1.0,0.0,1.0,0.0,1.0,0.0,1.0,-0.0,1.0,1.0117072692635924,-0.35550885075485983,0.8110560377629916,True
20261004,typical,85,3.3,5,0,0,bounded,0.005,-25,-3000,True,0.0001015213018300044,0.0001003541852812625,1.408147187374549,1.891852812625451,2.177203599821169,0.0008387753327093307,0.6249281881034418,0.6249531865568911,-0.0,1.0,-0.0,1.0,0.0,1.0,0.0,1.0,0.0,1.0,-0.0,1.0,1.0116299738318917,0.35418528126249793,1.5213018300043846,True
20261004,typical,85,3.3,5,0,0,bounded,0.005,-25,3000,True,0.0001015213018300755,0.0001003541852812625,1.408147187374582,1.891852812625418,2.177203599821111,0.0008387753327096861,0.6249281881034418,0.6249531865568911,-0.0,1.0,-0.0,1.0,0.0,1.0,0.0,1.0,0.0,1.0,-0.0,1.0,1.0116299738326004,0.35418528126249793,1.5213018300755055,True
20261004,typical,85,3.3,5,0,0,bounded,0.005,25,-3000,True,0.0001018113871401062,0.0001006440606182906,1.409393817094163,1.890606182905837,2.176924910780168,0.0008411823478719785,0.6249303314504657,0.6249554242974896,-0.0,1.0,-0.0,1.0,0.0,1.0,0.0,1.0,0.0,1.0,-0.0,1.0,1.0115985634387596,0.6440606182905873,1.811387140106202,True
20261004,typical,85,3.3,5,0,0,bounded,0.005,25,3000,True,0.0001018113871401062,0.0001006440606182905,1.409393817094184,1.890606182905817,2.176924910780151,0.0008411823478719785,0.6249303314504657,0.6249554242974896,-0.0,1.0,-0.0,1.0,0.0,1.0,0.0,1.0,0.0,1.0,-0.0,1.0,1.0115985634387605,0.6440606182904984,1.811387140106202,True
20261004,typical,85,3.3,5.5,0,0,bounded,-0.005,-25,-3000,True,0.0001011034196436516,9.935461623544849e-05,1.403837645515044,1.896162354484956,2.677606395112207,0.000883939053748213,0.624925088677029,0.6249456717204427,-0.0,1.0,-0.0,1.0,0.0,1.0,0.0,1.0,0.0,1.0,-0.0,1.0,1.0176016321582766,-0.6453837645515104,1.103419643651593,True
20261004,typical,85,3.3,5.5,0,0,bounded,-0.005,-25,3000,True,0.0001011034196436694,9.93546162354485e-05,1.403837645515021,1.896162354484979,2.677606395112182,0.0008839390537483105,0.624925088677029,0.6249456717204427,-0.0,1.0,-0.0,1.0,0.0,1.0,0.0,1.0,0.0,1.0,-0.0,1.0,1.0176016321584556,-0.6453837645514993,1.1034196436693788,True
20261004,typical,85,3.3,5.5,0,0,bounded,-0.005,25,-3000,True,0.0001013949564690169,9.964449103244696e-05,1.405089675530177,1.894910324469823,2.677325217663484,0.0008864990931178197,0.6249272428103446,0.6249479099793388,-0.0,1.0,-0.0,1.0,0.0,1.0,0.0,1.0,0.0,1.0,-0.0,1.0,1.017567107006447,-0.35550896755304207,1.3949564690169058,True
20261004,typical,85,3.3,5.5,0,0,bounded,-0.005,25,3000,True,0.0001013949564689814,9.964449103244697e-05,1.405089675530163,1.894910324469837,2.677325217663515,0.0008864990931176243,0.6249272428103446,0.6249479099793388,-0.0,1.0,-0.0,1.0,0.0,1.0,0.0,1.0,0.0,1.0,-0.0,1.0,1.0175671070060905,-0.35550896755303096,1.3949564689813787,True
20261004,typical,85,3.3,5.5,0,0,bounded,0.005,-25,-3000,True,0.0001021086823130784,0.0001003541851637736,1.408148362263824,1.891851637736176,2.676640074997295,0.0008927665758936165,0.6249325164269793,0.6249533898217351,-0.0,1.0,-0.0,1.0,0.0,1.0,0.0,1.0,0.0,1.0,-0.0,1.0,1.0174830491268654,0.35418516377359044,2.1086823130783916,True
20261004,typical,85,3.3,5.5,0,0,bounded,0.005,-25,3000,True,0.0001021086823130606,0.0001003541851637736,1.408148362263831,1.89185163773617,2.676640074997306,0.0008927665758935189,0.6249325164269793,0.6249533898217351,-0.0,1.0,-0.0,1.0,0.0,1.0,0.0,1.0,0.0,1.0,-0.0,1.0,1.017483049126688,0.35418516377359044,2.108682313060606,True
20261004,typical,85,3.3,5.5,0,0,bounded,0.005,25,-3000,True,0.0001024001891952136,0.0001006440605005195,1.409394994804948,1.890605005195052,2.676361547072034,0.0008953264523565829,0.6249346703189672,0.6249556280538194,-0.0,1.0,-0.0,1.0,0.0,1.0,0.0,1.0,0.0,1.0,-0.0,1.0,1.0174489054392337,0.6440605005195055,2.4001891952135868,True
20261004,typical,85,3.3,5.5,0,0,bounded,0.005,25,3000,True,0.0001024001891952313,0.0001006440605005195,1.409394994804966,1.890605005195035,2.676361547072007,0.0008953264523566807,0.6249346703189672,0.6249556280538194,-0.0,1.0,-0.0,1.0,0.0,1.0,0.0,1.0,0.0,1.0,-0.0,1.0,1.0174489054394096,0.6440605005195055,2.4001891952312837,True
20261004,typical,85,3.63,4.5,0,0,bounded,-0.005,-25,-3000,True,9.974119331502087e-05,9.928864501119658e-05,1.403549888034077,2.226450111965923,1.678930492147013,0.0008092531659824764,0.6249150383633568,0.6249447138649912,-0.0,1.0,-0.0,1.0,0.0,1.0,0.0,1.0,0.0,1.0,-0.0,1.0,1.0045579059294572,-0.7113549888034254,-0.2588066849791293,True
20261004,typical,85,3.63,4.5,0,0,bounded,-0.005,-25,3000,True,9.993793305264211e-05,9.948655948662454e-05,1.404405133754613,2.225594866245387,1.678738203205764,0.0008108569243475444,0.6249164920383755,0.6249462412582995,-0.0,1.0,-0.0,1.0,0.0,1.0,0.0,1.0,0.0,1.0,-0.0,1.0,1.0045370306134493,-0.5134405133754627,-0.062066947357897195,True
20261004,typical,85,3.63,4.5,0,0,bounded,-0.005,25,-3000,True,0.000100029345912999,9.95785197729639e-05,1.404802270360791,2.225197729639209,1.678648980537846,0.0008116020980587306,0.6249171674709405,0.6249469509549052,-0.0,1.0,-0.0,1.0,0.0,1.0,0.0,1.0,0.0,1.0,-0.0,1.0,1.0045273432569892,-0.42148022703610843,0.029345912998990364,True
20261004,typical,85,3.63,4.5,0,0,bounded,-0.005,25,3000,True,0.0001002260789252977,9.977643435599807e-05,1.405656440019217,2.224343559980783,1.678457223215532,0.0008132058265503648,0.6249186210926349,0.6249484783426364,-0.0,1.0,-0.0,1.0,0.0,1.0,0.0,1.0,0.0,1.0,-0.0,1.0,1.0045065207250774,-0.2235656440019329,0.22607892529771245,True
20261004,typical,85,3.63,4.5,0,0,bounded,0.005,-25,-3000,True,0.0001007347814284768,0.0001002882138186805,1.407861813194744,2.222138186805256,1.677963037011708,0.0008173527472642627,0.624922379784302,0.6249524279336761,-0.0,1.0,-0.0,1.0,0.0,1.0,0.0,1.0,0.0,1.0,-0.0,1.0,1.0044528423908685,0.2882138186804939,0.734781428476805,True
20261004,typical,85,3.63,4.5,0,0,bounded,0.005,-25,3000,True,0.000100931498022833,0.0001004861286632333,1.408713367666539,2.221286632333461,1.677772568301329,0.0008189564028246493,0.6249238332757983,0.6249539553077641,-0.0,1.0,-0.0,1.0,0.0,1.0,0.0,1.0,0.0,1.0,-0.0,1.0,1.004432147655845,0.4861286632332984,0.9314980228329883,True
20261004,typical,85,3.63,4.5,0,0,bounded,0.005,25,-3000,True,0.0001010229001387356,0.0001005780891207199,1.409108792800256,2.220891207199744,1.677684188951626,0.0008197015288068315,0.624924508623157,0.6249546649954414,-0.0,1.0,-0.0,1.0,0.0,1.0,0.0,1.0,0.0,1.0,-0.0,1.0,1.0044225439348107,0.5780891207199046,1.0229001387356051,True
20261004,typical,85,3.63,4.5,0,0,bounded,0.005,25,3000,True,0.0001012196100464583,0.0001007760040713095,1.409959286904717,2.220040713095283,1.677494241358797,0.0008213051546622429,0.6249259620616177,0.6249561923639565,-0.0,1.0,-0.0,1.0,0.0,1.0,0.0,1.0,0.0,1.0,-0.0,1.0,1.0044019008218952,0.7760040713095107,1.219610046458297,True
20261004,typical,85,3.63,5,0,0,bounded,-0.005,-25,-3000,True,0.000100454914668159,9.928864486842567e-05,1.403551315743099,2.226448684256901,2.178234623805318,0.0008626923688874052,0.6249203088655052,0.6249449608647959,-0.0,1.0,-0.0,1.0,0.0,1.0,0.0,1.0,0.0,1.0,-0.0,1.0,1.0117462555892351,-0.7113551315743316,0.45491466815898995,True
20261004,typical,85,3.63,5,0,0,bounded,-0.005,-25,3000,True,0.0001006529958754,9.948655934358713e-05,1.404406564128721,2.225593435871279,2.178042328822441,0.0008644012044685769,0.6249217724379574,0.6249464887219014,-0.0,1.0,-0.0,1.0,0.0,1.0,0.0,1.0,0.0,1.0,-0.0,1.0,1.0117245639964738,-0.513440656412878,0.6529958753999976,True
20261004,typical,85,3.63,5,0,0,bounded,-0.005,25,-3000,True,0.0001007450322116944,9.957851962980265e-05,1.404803701973306,2.225196298026694,2.177953103093679,0.0008651952019890248,0.6249224524705473,0.6249471986340664,-0.0,1.0,-0.0,1.0,0.0,1.0,0.0,1.0,0.0,1.0,-0.0,1.0,1.0117145001374637,-0.42148037019735796,0.7450322116943964,True
20261004,typical,85,3.63,5,0,0,bounded,-0.005,25,3000,True,0.0001009431074126112,9.977643421257017e-05,1.4056578742981,2.2243421257019,2.177761338639731,0.000866904007928891,0.6249239159949341,0.6249487264858463,-0.0,1.0,-0.0,1.0,0.0,1.0,0.0,1.0,0.0,1.0,-0.0,1.0,1.0116928732645973,-0.2235657874298358,0.9431074126111882,True
20261004,typical,85,3.63,5,0,0,bounded,0.005,-25,-3000,True,0.0001014552829124184,0.0001002882136745627,1.407863254372996,2.222136745627004,2.177267130568738,0.0008713226448751007,0.6249277003102699,0.6249526772776294,-0.0,1.0,-0.0,1.0,0.0,1.0,0.0,1.0,0.0,1.0,-0.0,1.0,1.0116371525136827,0.2882136745626873,1.4552829124183875,True
20261004,typical,85,3.63,5,0,0,bounded,0.005,-25,3000,True,0.0001016533434676105,0.0001004861285188485,1.408714811514651,2.221285188485349,2.177076652085182,0.0008730313785358375,0.6249291637174144,0.6249542051163709,-0.0,1.0,-0.0,1.0,0.0,1.0,0.0,1.0,0.0,1.0,-0.0,1.0,1.0116156823430913,0.4861285188485054,1.6533434676105019,True
20261004,typical,85,3.63,5,0,0,bounded,0.005,25,-3000,True,0.0001017453702193406,0.0001005780889762111,1.409110237889166,2.220889762110834,2.176988267945803,0.0008738253287547055,0.6249298436732792,0.624954915020004,-0.0,1.0,-0.0,1.0,0.0,1.0,0.0,1.0,0.0,1.0,-0.0,1.0,1.0116057210373681,0.5780889762110997,1.7453702193406029,True
20261004,typical,85,3.63,5,0,0,bounded,0.005,25,3000,True,0.0001019434248166852,0.0001007760039265335,1.409960734664822,2.220039265335178,2.176798309511577,0.0008755340330109484,0.6249313070327148,0.6249564428534238,-0.0,1.0,-0.0,1.0,0.0,1.0,0.0,1.0,0.0,1.0,-0.0,1.0,1.011584314168706,0.7760039265334973,1.9434248166851908,True
20261004,typical,85,3.63,5.5,0,0,bounded,-0.005,-25,-3000,True,0.0001010370703564317,9.928864475197382e-05,1.403552480261631,2.226447519738369,2.67767049414775,0.000916121682084226,0.6249245984288014,0.6249451623232174,-0.0,1.0,-0.0,1.0,0.0,1.0,0.0,1.0,0.0,1.0,-0.0,1.0,1.0176095223056525,-0.7113552480261909,1.0370703564317019,True
20261004,typical,85,3.63,5.5,0,0,bounded,-0.005,-25,3000,True,0.000101236121945119,9.948655922694266e-05,1.404407730573431,2.225592269426569,2.677478313018596,0.0009179348953661669,0.6249260692004845,0.6249466905158269,-0.0,1.0,-0.0,1.0,0.0,1.0,0.0,1.0,0.0,1.0,-0.0,1.0,1.0175859204677624,-0.5134407730573498,1.2361219451189953,True
20261004,typical,85,3.63,5.5,0,0,bounded,-0.005,25,-3000,True,0.0001013286091776227,9.957851951306866e-05,1.404804869313272,2.225195130686728,2.677389139955547,0.0009187773909837115,0.6249267525781952,0.6249474005838869,-0.0,1.0,-0.0,1.0,0.0,1.0,0.0,1.0,0.0,1.0,-0.0,1.0,1.017574971721932,-0.4214804869313471,1.3286091776226971,True
20261004,typical,85,3.63,5.5,0,0,bounded,-0.005,25,3000,True,0.0001015276548116067,9.977643409564357e-05,1.405659043564115,2.224340956435885,2.677197488341486,0.0009205905719053013,0.6249282233018997,0.6249489287711836,-0.0,1.0,-0.0,1.0,0.0,1.0,0.0,1.0,0.0,1.0,-0.0,1.0,1.0175514462090762,-0.22356590435642643,1.5276548116067046,True
20261004,typical,85,3.63,5.5,0,0,bounded,0.005,-25,-3000,True,0.0001020423398855446,0.000100288213557138,1.407864428620073,2.222135571379927,2.676703568874942,0.0009252790992569867,0.624932026234011,0.6249528804306238,-0.0,1.0,-0.0,1.0,0.0,1.0,0.0,1.0,0.0,1.0,-0.0,1.0,1.017490852276546,0.2882135571379951,2.0423398855446084,True
20261004,typical,85,3.63,5.5,0,0,bounded,0.005,-25,3000,True,0.0001022413710088781,0.0001004861284012312,1.408715987688095,2.221284012311905,2.676513200777744,0.0009270922013194928,0.6249334968407635,0.6249544086049239,-0.0,1.0,-0.0,1.0,0.0,1.0,0.0,1.0,0.0,1.0,-0.0,1.0,1.0174675115418756,0.4861284012311895,2.2413710088780903,True
20261004,typical,85,3.63,5.5,0,0,bounded,0.005,25,-3000,True,0.0001023338487451025,0.0001005780888585042,1.409111414957722,2.220888585042278,2.676424867698473,0.0009279346453285411,0.6249341801419338,0.6249551186644816,-0.0,1.0,-0.0,1.0,0.0,1.0,0.0,1.0,0.0,1.0,-0.0,1.0,1.01745668372232,0.5780888585041888,2.333848745102496,True
20261004,typical,85,3.63,5.5,0,0,bounded,0.005,25,3000,True,0.0001025328739692793,0.000100776003808634,1.409961913659728,2.220038086340272,2.676235018660048,0.0009297477153305607,0.624935650701127,0.6249566468334777,-0.0,1.0,-0.0,1.0,0.0,1.0,0.0,1.0,0.0,1.0,-0.0,1.0,1.0174334176217332,0.7760038086340071,2.5328739692793034,True
20261004,ff,0,2.97,4.5,0,0,bounded,-0.005,-25,-3000,True,0.0001005697957548028,9.965246722747873e-05,1.21032772521269,1.75967227478731,1.710456155740494,0.0007485319183845377,0.608409346378771,0.6084351248659945,-0.0,1.0,-0.0,1.0,0.0,1.0,0.0,1.0,0.0,1.0,-0.0,1.0,1.0092052766263184,-0.3475327725212751,0.5697957548027821,True
20261004,ff,0,2.97,4.5,0,0,bounded,-0.005,-25,3000,True,0.0001003720406842793,9.945453291001177e-05,1.209670899882196,1.760329100117804,1.710605033191312,0.000747054155644314,0.6084079262996511,0.6084336399409451,-0.0,1.0,-0.0,1.0,0.0,1.0,0.0,1.0,0.0,1.0,-0.0,1.0,1.0092253992595561,-0.5454670899882275,0.3720406842792956,True
20261004,ff,0,2.97,4.5,0,0,bounded,-0.005,25,-3000,True,0.000100434963171642,9.951751200476899e-05,1.209879952310154,1.760120047689847,1.710557633095894,0.0007475243547488383,0.6084083781462915,0.6084341124174921,-0.0,1.0,-0.0,1.0,0.0,1.0,0.0,1.0,0.0,1.0,-0.0,1.0,1.0092189921993735,-0.48248799523101793,0.43496317164199993,True
20261004,ff,0,2.97,4.5,0,0,bounded,-0.005,25,3000,True,0.0001002372054633886,9.931957772665185e-05,1.209222733481342,1.760777266518658,1.710706699312641,0.0007460465802557211,0.608406958046523,0.6084326274899569,-0.0,1.0,-0.0,1.0,0.0,1.0,0.0,1.0,0.0,1.0,-0.0,1.0,1.0092391425511518,-0.6804222733481469,0.23720546338859005,True
20261004,ff,0,2.97,4.5,0,0,bounded,0.005,-25,-3000,True,0.0001015684998234027,0.0001006521363736419,1.213636263580652,1.756363736419348,1.709708443036184,0.0007559951040573227,0.6084165180341369,0.6084426244317581,-0.0,1.0,-0.0,1.0,0.0,1.0,0.0,1.0,0.0,1.0,-0.0,1.0,1.0091042622916524,0.6521363736418984,1.5684998234027026,True
20261004,ff,0,2.97,4.5,0,0,bounded,0.005,-25,3000,True,0.0001013707642066156,0.0001004542017671439,1.212982328560458,1.757017671439542,1.709855937970481,0.0007545174280004445,0.6084150981073865,0.6084411395251189,-0.0,1.0,-0.0,1.0,0.0,1.0,0.0,1.0,0.0,1.0,-0.0,1.0,1.0091241821979366,0.4542017671439025,1.3707642066155934,True
20261004,ff,0,2.97,4.5,0,0,bounded,0.005,25,-3000,True,0.0001014336805009945,0.0001005171809539578,1.213190460421881,1.756809539578119,1.709808978359176,0.0007549875995100575,0.6084155499055228,0.6084416119958075,-0.0,1.0,-0.0,1.0,0.0,1.0,0.0,1.0,0.0,1.0,-0.0,1.0,1.0091178397398202,0.5171809539578076,1.4336805009945053,True
20261004,ff,0,2.97,4.5,0,0,bounded,0.005,25,3000,True,0.0001012359422668167,0.000100319246386229,1.212536137709369,1.757463862290631,1.709956658328801,0.0007535099117900812,0.6084141299582655,0.6084401270866824,-0.0,1.0,-0.0,1.0,0.0,1.0,0.0,1.0,0.0,1.0,-0.0,1.0,1.0091377867518903,0.3192463862289996,1.235942266816692,True
20261004,ff,0,2.97,5,0,0,bounded,-0.005,-25,-3000,True,0.0001013154323834654,9.965246707869121e-05,1.210329213087983,1.759670786912017,2.209897259146209,0.0008025449989633236,0.6084146975183182,0.6084353756535581,-0.0,1.0,-0.0,1.0,0.0,1.0,0.0,1.0,0.0,1.0,-0.0,1.0,1.0166876481187468,-0.34753292130879077,1.3154323834654091,True
20261004,ff,0,2.97,5,0,0,bounded,-0.005,-25,3000,True,0.0001011164456824111,9.945453276146819e-05,1.209672385317827,1.760327614682174,2.21004603438073,0.0008009622005359254,0.6084132686079882,0.608433890314725,-0.0,1.0,-0.0,1.0,0.0,1.0,0.0,1.0,0.0,1.0,-0.0,1.0,1.0167102783030397,-0.545467238531816,1.1164456824110935,True
20261004,ff,0,2.97,5,0,0,bounded,-0.005,25,-3000,True,0.0001011797600505239,9.95175118561478e-05,1.209881438522002,1.760118561477998,2.209998666881972,0.0008014658202876344,0.6084137232645513,0.6084343629229289,-0.0,1.0,-0.0,1.0,0.0,1.0,0.0,1.0,0.0,1.0,-0.0,1.0,1.016703072287206,-0.48248814385219996,1.1797600505238925,True
20261004,ff,0,2.97,5,0,0,bounded,-0.005,25,3000,True,0.000100980770722149,9.931957757827463e-05,1.209224217253659,1.760775782746342,2.21014763042066,0.0007998830088405248,0.6084122943336174,0.6084328775816122,-0.0,1.0,-0.0,1.0,0.0,1.0,0.0,1.0,0.0,1.0,-0.0,1.0,1.0167257371041996,-0.6804224217253796,0.9807707221489936,True
20261004,ff,0,2.97,5,0,0,bounded,0.005,-25,-3000,True,0.0001023203570826005,0.0001006521362236223,1.213637763776899,1.756362236223102,2.20915005244264,0.0008105386398194569,0.6084219137771509,0.6084428773092085,-0.0,1.0,-0.0,1.0,0.0,1.0,0.0,1.0,0.0,1.0,-0.0,1.0,1.016574122731701,0.6521362236223016,2.3203570826004993,True
20261004,ff,0,2.97,5,0,0,bounded,0.005,-25,3000,True,0.0001021213897406027,0.0001004542016173683,1.212983826317136,1.757016173682864,2.209297448536241,0.0008089559373288735,0.6084204850186989,0.6084413919887584,-0.0,1.0,-0.0,1.0,0.0,1.0,0.0,1.0,0.0,1.0,-0.0,1.0,1.0165964996624506,0.45420161736831055,2.121389740602697,True
20261004,ff,0,2.97,5,0,0,bounded,0.005,25,-3000,True,0.0001021846979451481,0.0001005171808041045,1.213191958954764,1.756808041045236,2.209250520445837,0.0008094595265362614,0.6084209396269076,0.6084418645911155,-0.0,1.0,-0.0,1.0,0.0,1.0,0.0,1.0,0.0,1.0,-0.0,1.0,1.0165893743507728,0.5171808041045001,2.184697945148084,True
20261004,ff,0,2.97,5,0,0,bounded,0.005,25,3000,True,0.0001019857280002191,0.0001003192462366197,1.21253763380265,1.75746236619735,2.209398101123687,0.0008078768111461822,0.6084195108480313,0.6084403792681856,-0.0,1.0,-0.0,1.0,0.0,1.0,0.0,1.0,0.0,1.0,-0.0,1.0,1.0166117851371084,0.31924623661969687,1.9857280002191002,True
20261004,ff,0,2.97,5.5,0,0,bounded,-0.005,-25,-3000,True,0.0001019489571276271,9.96524669522785e-05,1.210330477215126,1.759669522784874,2.709425404337327,0.0008566871008725408,0.6084192114544763,0.6084355886983471,-0.0,1.0,-0.0,1.0,0.0,1.0,0.0,1.0,0.0,1.0,-0.0,1.0,1.0230449907120547,-0.3475330477215155,1.9489571276270823,True
20261004,ff,0,2.97,5.5,0,0,bounded,-0.005,-25,3000,True,0.0001017490242754331,9.945453263524274e-05,1.209673647572412,1.760326352427588,2.709574019986916,0.0008549996052638421,0.6084177756863596,0.6084341030415961,-0.0,1.0,-0.0,1.0,0.0,1.0,0.0,1.0,0.0,1.0,-0.0,1.0,1.0230707598677837,-0.5454673647572572,1.7490242754330865,True
20261004,ff,0,2.97,5.5,0,0,bounded,-0.005,25,-3000,True,0.0001018126397146251,9.951751172986277e-05,1.209882701372438,1.760117298627562,2.709526703338246,0.0008555365380904605,0.6084182325251286,0.6084345757509653,-0.0,1.0,-0.0,1.0,0.0,1.0,0.0,1.0,0.0,1.0,-0.0,1.0,1.0230625539653,-0.48248827013723794,1.812639714625086,True
20261004,ff,0,2.97,5.5,0,0,bounded,-0.005,25,3000,True,0.0001016127040901243,9.931957745217688e-05,1.209225478230999,1.760774521769001,2.709675506833216,0.0008538490273509656,0.6084167967352541,0.6084330900916848,-0.0,1.0,-0.0,1.0,0.0,1.0,0.0,1.0,0.0,1.0,-0.0,1.0,1.0230883648196305,-0.680422547823123,1.6127040901243062,True
20261004,ff,0,2.97,5.5,0,0,bounded,0.005,-25,-3000,True,0.0001029586571580215,0.0001006521360962645,1.21363903735539,1.756360962644611,2.708678993442174,0.0008652094683972828,0.6084264623229997,0.6084430919585254,-0.0,1.0,-0.0,1.0,0.0,1.0,0.0,1.0,0.0,1.0,-0.0,1.0,1.0229157686186712,0.6521360962645106,2.9586571580214827,True
20261004,ff,0,2.97,5.5,0,0,bounded,0.005,-25,3000,True,0.0001027587447220295,0.0001004542014901975,1.212985098025152,1.757014901974849,2.708826233303211,0.0008635220842193095,0.6084250267151934,0.6084416063205247,-0.0,1.0,-0.0,1.0,0.0,1.0,0.0,1.0,0.0,1.0,-0.0,1.0,1.0229412328966336,0.45420149019750333,2.7587447220294825,True
20261004,ff,0,2.97,5.5,0,0,bounded,0.005,25,-3000,True,0.0001028223536607502,0.0001005171806768742,1.213193231257972,1.756806768742029,2.708779354994562,0.0008640589815667697,0.6084254835029225,0.6084420790239267,-0.0,1.0,-0.0,1.0,0.0,1.0,0.0,1.0,0.0,1.0,-0.0,1.0,1.0229331241520419,0.5171806768742071,2.8223536607501876,True
20261004,ff,0,2.97,5.5,0,0,bounded,0.005,25,3000,True,0.0001026224384808199,0.0001003192461095765,1.212538904235062,1.757461095764938,2.70892677899199,0.0008623715824122131,0.6084240478735675,0.6084405933833967,-0.0,1.0,-0.0,1.0,0.0,1.0,0.0,1.0,0.0,1.0,-0.0,1.0,1.0229586291819586,0.3192461095764987,2.6224384808198886,True
20261004,ff,0,3.3,4.5,0,0,bounded,-0.005,-25,-3000,True,0.0001005038788544025,9.958648911525107e-05,1.210108847489204,2.089891152510797,1.710505750071232,0.0007809028810586303,0.6084088730299266,0.6084346298918532,-0.0,1.0,-0.0,1.0,0.0,1.0,0.0,1.0,0.0,1.0,-0.0,1.0,1.0092119899727536,-0.4135108847489355,0.5038788544024841,True
20261004,ff,0,3.3,4.5,0,0,bounded,-0.005,-25,3000,True,0.0001005038788544025,9.958648911525107e-05,1.210108847489192,2.089891152510808,1.710505750071228,0.0007809028810586303,0.6084088730299266,0.6084346298918532,-0.0,1.0,-0.0,1.0,0.0,1.0,0.0,1.0,0.0,1.0,-0.0,1.0,1.0092119899727536,-0.4135108847489355,0.5038788544024841,True
20261004,ff,0,3.3,4.5,0,0,bounded,-0.005,25,-3000,True,0.0001003690453900977,9.945153390564499e-05,1.209660943549879,2.090339056450122,1.710607290266121,0.0007798507782777009,0.6084079047905508,0.6084336174425219,-0.0,1.0,-0.0,1.0,0.0,1.0,0.0,1.0,0.0,1.0,-0.0,1.0,1.0092257147619583,-0.5484660943550157,0.36904539009769977,True
20261004,ff,0,3.3,4.5,0,0,bounded,-0.005,25,3000,True,0.0001003690453900622,9.9451533905645e-05,1.209660943549806,2.090339056450194,1.710607290266168,0.000779850778277541,0.6084079047905508,0.6084336174425219,-0.0,1.0,-0.0,1.0,0.0,1.0,0.0,1.0,0.0,1.0,-0.0,1.0,1.0092257147616013,-0.5484660943550046,0.36904539006219483,True
20261004,ff,0,3.3,4.5,0,0,bounded,0.005,-25,-3000,True,0.0001015025894220881,0.000100586158165165,1.213418348349591,2.086581651650409,1.709757577128411,0.0007886959864779785,0.6084160447361876,0.6084421294637593,-0.0,1.0,-0.0,1.0,0.0,1.0,0.0,1.0,0.0,1.0,-0.0,1.0,1.0091109082366811,0.586158165164985,1.5025894220880964,True
20261004,ff,0,3.3,4.5,0,0,bounded,0.005,-25,3000,True,0.0001015025894221237,0.000100586158165165,1.213418348349622,2.086581651650378,1.7097575771284,0.0007886959864781384,0.6084160447361876,0.6084421294637593,-0.0,1.0,-0.0,1.0,0.0,1.0,0.0,1.0,0.0,1.0,-0.0,1.0,1.009110908237035,0.586158165164985,1.5025894221236902,True
20261004,ff,0,3.3,4.5,0,0,bounded,0.005,25,-3000,True,0.000101367769225215,0.0001004512027583914,1.212972416086245,2.087027583913756,1.709858174049876,0.0007876439427496283,0.6084150766007231,0.6084411170269799,-0.0,1.0,-0.0,1.0,0.0,1.0,0.0,1.0,0.0,1.0,-0.0,1.0,1.0091244946964764,0.4512027583913891,1.3677692252149987,True
20261004,ff,0,3.3,4.5,0,0,bounded,0.005,25,3000,True,0.0001013677692252505,0.0001004512027583914,1.212972416086266,2.087027583913734,1.709858174049839,0.0007876439427497883,0.6084150766007231,0.6084411170269799,-0.0,1.0,-0.0,1.0,0.0,1.0,0.0,1.0,0.0,1.0,-0.0,1.0,1.0091244946968299,0.4512027583913891,1.3677692252505036,True
20261004,ff,0,3.3,5,0,0,bounded,-0.005,-25,-3000,True,0.0001012491049441734,9.958648896654486e-05,1.210110334551294,2.089889665448706,2.209946819480465,0.0008348809504439289,0.6084142212257742,0.6084348805414912,-0.0,1.0,-0.0,1.0,0.0,1.0,0.0,1.0,0.0,1.0,-0.0,1.0,1.0166951962548563,-0.4135110334551495,1.249104944173407,True
20261004,ff,0,3.3,5,0,0,bounded,-0.005,-25,3000,True,0.0001012491049441912,9.958648896654486e-05,1.210110334551281,2.089889665448719,2.209946819480455,0.0008348809504440176,0.6084142212257742,0.6084348805414912,-0.0,1.0,-0.0,1.0,0.0,1.0,0.0,1.0,0.0,1.0,-0.0,1.0,1.016695196255035,-0.4135110334551495,1.2491049441911928,True
20261004,ff,0,3.3,5,0,0,bounded,-0.005,25,-3000,True,0.0001011134317336761,9.945153375710514e-05,1.209662428948527,2.090337571051473,2.21004828990202,0.0008337572322004334,0.6084132469651268,0.6084338678100331,-0.0,1.0,-0.0,1.0,0.0,1.0,0.0,1.0,0.0,1.0,-0.0,1.0,1.0167106319408796,-0.5484662428948628,1.1134317336761068,True
20261004,ff,0,3.3,5,0,0,bounded,-0.005,25,3000,True,0.000101113431733605,9.945153375710514e-05,1.209662428948511,2.090337571051489,2.210048289902053,0.0008337572322000783,0.6084132469651268,0.6084338678100331,-0.0,1.0,-0.0,1.0,0.0,1.0,0.0,1.0,0.0,1.0,-0.0,1.0,1.0167106319401646,-0.5484662428948628,1.113431733604986,True
20261004,ff,0,3.3,5,0,0,bounded,0.005,-25,-3000,True,0.0001022540361103309,0.0001005861580152267,1.213419847732669,2.086580152267331,2.209199153661818,0.000843204514135449,0.6084214375353324,0.6084423822032727,-0.0,1.0,-0.0,1.0,0.0,1.0,0.0,1.0,0.0,1.0,-0.0,1.0,1.0165815866518304,0.586158015226701,2.2540361103309037,True
20261004,ff,0,3.3,5,0,0,bounded,0.005,-25,3000,True,0.0001022540361103487,0.0001005861580152267,1.213419847732727,2.086580152267274,2.209199153661801,0.0008432045141355378,0.6084214375353324,0.6084423822032727,-0.0,1.0,-0.0,1.0,0.0,1.0,0.0,1.0,0.0,1.0,-0.0,1.0,1.0165815866520074,0.586158015226701,2.2540361103486894,True
20261004,ff,0,3.3,5,0,0,bounded,0.005,25,-3000,True,0.0001021183761032986,0.0001004512026086194,1.21297391380582,2.08702608619418,2.20929968311338,0.000842080861258416,0.6084204633782695,0.6084413694843509,-0.0,1.0,-0.0,1.0,0.0,1.0,0.0,1.0,0.0,1.0,-0.0,1.0,1.0165968495287696,0.4512026086193943,2.1183761032985915,True
20261004,ff,0,3.3,5,0,0,bounded,0.005,25,3000,True,0.0001021183761032986,0.0001004512026086194,1.212973913805868,2.087026086194133,2.209299683113363,0.000842080861258416,0.6084204633782695,0.6084413694843509,-0.0,1.0,-0.0,1.0,0.0,1.0,0.0,1.0,0.0,1.0,-0.0,1.0,1.0165968495287696,0.4512026086193943,2.1183761032985915,True
20261004,ff,0,3.3,5.5,0,0,bounded,-0.005,-25,-3000,True,0.0001018823143331265,9.958648884019455e-05,1.210111598054267,2.089888401945733,2.709474911552091,0.0008889881541383243,0.6084187328762266,0.6084350934803148,-0.0,1.0,-0.0,1.0,0.0,1.0,0.0,1.0,0.0,1.0,-0.0,1.0,1.023053584072193,-0.4135111598054575,1.882314333126489,True
20261004,ff,0,3.3,5.5,0,0,bounded,-0.005,-25,3000,True,0.0001018823143331265,9.958648884019457e-05,1.210111598054305,2.089888401945695,2.709474911552108,0.0008889881541383243,0.6084187328762266,0.6084350934803148,-0.0,1.0,-0.0,1.0,0.0,1.0,0.0,1.0,0.0,1.0,-0.0,1.0,1.023053584072193,-0.4135111598054353,1.882314333126489,True
20261004,ff,0,3.3,5.5,0,0,bounded,-0.005,25,-3000,True,0.0001017459959942162,9.945153363088253e-05,1.209663691174608,2.090336308825392,2.709576273086191,0.0008877930510836756,0.6084177539396142,0.6084340805320914,-0.0,1.0,-0.0,1.0,0.0,1.0,0.0,1.0,0.0,1.0,-0.0,1.0,1.0230711611934475,-0.5484663691174729,1.7459959942161873,True
20261004,ff,0,3.3,5.5,0,0,bounded,-0.005,25,3000,True,0.0001017459959942162,9.945153363088253e-05,1.209663691174588,2.090336308825413,2.709576273086107,0.0008877930510836756,0.6084177539396142,0.6084340805320914,-0.0,1.0,-0.0,1.0,0.0,1.0,0.0,1.0,0.0,1.0,-0.0,1.0,1.0230711611934475,-0.5484663691174729,1.7459959942161873,True
20261004,ff,0,3.3,5.5,0,0,bounded,0.005,-25,-3000,True,0.0001028920211822975,0.0001005861578879312,1.21342112068774,2.08657887931226,2.708728042657274,0.0008978404496663832,0.6084259837982845,0.6084425967467512,-0.0,1.0,-0.0,1.0,0.0,1.0,0.0,1.0,0.0,1.0,-0.0,1.0,1.0229242605820115,0.5861578879311935,2.8920211822974995,True
20261004,ff,0,3.3,5.5,0,0,bounded,0.005,-25,3000,True,0.0001028920211823863,0.0001005861578879312,1.213421120687752,2.086578879312248,2.708728042657584,0.0008978404496668718,0.6084259837982845,0.6084425967467512,-0.0,1.0,-0.0,1.0,0.0,1.0,0.0,1.0,0.0,1.0,-0.0,1.0,1.0229242605828945,0.5861578879311935,2.892021182386295,True
20261004,ff,0,3.3,5.5,0,0,bounded,0.005,25,-3000,True,0.0001027557167684617,0.0001004512024814514,1.21297518548551,2.08702481451449,2.708828465509367,0.0008966454225489645,0.6084250049710105,0.6084415838113076,-0.0,1.0,-0.0,1.0,0.0,1.0,0.0,1.0,0.0,1.0,-0.0,1.0,1.0229416296677567,0.45120248145138486,2.7557167684616912,True
20261004,ff,0,3.3,5.5,0,0,bounded,0.005,25,3000,True,0.0001027557167685505,0.0001004512024814514,1.212975185485537,2.087024814514463,2.708828465509312,0.0008966454225494531,0.6084250049710105,0.6084415838113076,-0.0,1.0,-0.0,1.0,0.0,1.0,0.0,1.0,0.0,1.0,-0.0,1.0,1.0229416296686409,0.45120248145138486,2.755716768550509,True
20261004,ff,0,3.63,4.5,0,0,bounded,-0.005,-25,-3000,True,0.0001004379610277032,9.952051100942647e-05,1.209889905735111,2.420110094264889,1.710555375475011,0.0008132302942767207,0.6084083996741547,0.6084341349171394,-0.0,1.0,-0.0,1.0,0.0,1.0,0.0,1.0,0.0,1.0,-0.0,1.0,1.009218702847997,-0.4794889905735289,0.4379610277031931,True
20261004,ff,0,3.63,4.5,0,0,bounded,-0.005,-25,3000,True,0.0001006357148146312,9.971844534610229e-05,1.210546538977121,2.419453461022879,1.710406590122233,0.0008148386879601127,0.6084098197432195,0.6084356198409755,-0.0,1.0,-0.0,1.0,0.0,1.0,0.0,1.0,0.0,1.0,-0.0,1.0,1.0091985937540968,-0.28155465389770873,0.6357148146311831,True
20261004,ff,0,3.63,4.5,0,0,bounded,-0.005,25,-3000,True,0.0001003031266830893,9.938555581293701e-05,1.209441870629699,2.420558129370301,1.710656978592132,0.0008121336523627992,0.608407431427886,0.6084331224669779,-0.0,1.0,-0.0,1.0,0.0,1.0,0.0,1.0,0.0,1.0,-0.0,1.0,1.0092324368732146,-0.6144441870629902,0.30312668308929425,True
20261004,ff,0,3.63,4.5,0,0,bounded,-0.005,25,3000,True,0.0001005008831064683,9.958349011030175e-05,1.210098896982534,2.419901103017466,1.710508004723069,0.0008137420577673538,0.608408851517594,0.6084346073933015,-0.0,1.0,-0.0,1.0,0.0,1.0,0.0,1.0,0.0,1.0,-0.0,1.0,1.0092123001026618,-0.41650988969825775,0.5008831064682973,True
20261004,ff,0,3.63,4.5,0,0,bounded,0.005,-25,-3000,True,0.0001014366780876534,0.0001005201799629968,1.213200370031967,2.416799629968033,1.709806741691687,0.0008213533193479217,0.6084155714312586,0.6084416344951846,-0.0,1.0,-0.0,1.0,0.0,1.0,0.0,1.0,0.0,1.0,-0.0,1.0,1.0091175535598325,0.5201799629967807,1.436678087653398,True
20261004,ff,0,3.63,4.5,0,0,bounded,0.005,-25,3000,True,0.0001016344124308103,0.0001007181145884205,1.213854115795117,2.416145884204883,1.70965933703703,0.0008229616265823742,0.6084169913480286,0.6084431194006139,-0.0,1.0,-0.0,1.0,0.0,1.0,0.0,1.0,0.0,1.0,-0.0,1.0,1.0090976468943467,0.7181145884205042,1.6344124308102836,True
20261004,ff,0,3.63,4.5,0,0,bounded,0.005,25,-3000,True,0.0001013018570172745,0.0001003852245691462,1.212754308537753,2.417245691462247,1.709907400291824,0.0008202567364515046,0.6084146032889519,0.6084406220575751,-0.0,1.0,-0.0,1.0,0.0,1.0,0.0,1.0,0.0,1.0,-0.0,1.0,1.0091311490516905,0.38522456914620307,1.3018570172744992,True
20261004,ff,0,3.63,4.5,0,0,bounded,0.005,25,3000,True,0.0001014995939765254,0.0001005831591558385,1.213408441615045,2.416591558384955,1.70975981084415,0.0008218650553179308,0.6084160232262188,0.6084421069654884,-0.0,1.0,-0.0,1.0,0.0,1.0,0.0,1.0,0.0,1.0,-0.0,1.0,1.009111215320519,0.5831591558384863,1.499593976525393,True
20261004,ff,0,3.63,5,0,0,bounded,-0.005,-25,-3000,True,0.0001011827765772856,9.952051086080159e-05,1.209891391983991,2.420108608016009,2.209996410812423,0.000867173351999054,0.6084137449262883,0.60843438542885,-0.0,1.0,-0.0,1.0,0.0,1.0,0.0,1.0,0.0,1.0,-0.0,1.0,1.016702745013126,-0.47948913919841907,1.1827765772856047,True
20261004,ff,0,3.63,5,0,0,bounded,-0.005,-25,3000,True,0.0001013817620001091,9.971844519723344e-05,1.210548027665504,2.419451972334496,2.209847727450827,0.0008688867807543801,0.6084151738265877,0.608435870766471,-0.0,1.0,-0.0,1.0,0.0,1.0,0.0,1.0,0.0,1.0,-0.0,1.0,1.0166801317407805,-0.2815548027665593,1.381762000109088,True
20261004,ff,0,3.63,5,0,0,bounded,-0.005,25,-3000,True,0.0001010471024899075,9.938555566447847e-05,1.20944335521521,2.42055664478479,2.21009794400228,0.0008660050941994077,0.6084127706587672,0.6084333726965631,-0.0,1.0,-0.0,1.0,0.0,1.0,0.0,1.0,0.0,1.0,-0.0,1.0,1.0167181922395074,-0.6144443355215357,1.047102489907492,True
20261004,ff,0,3.63,5,0,0,bounded,-0.005,25,3000,True,0.0001012460905384351,9.958348996159925e-05,1.210100384007618,2.419899615992382,2.209949072585485,0.0008677185359405884,0.6084141995796565,0.6084348580366675,-0.0,1.0,-0.0,1.0,0.0,1.0,0.0,1.0,0.0,1.0,-0.0,1.0,1.0166955443866947,-0.4165100384007636,1.2460905384350962,True
20261004,ff,0,3.63,5,0,0,bounded,0.005,-25,-3000,True,0.0001021877142041418,0.0001005201798131398,1.213201868601812,2.416798131398188,2.209248285278481,0.0008758268384303272,0.6084209612865287,0.6084418870967628,-0.0,1.0,-0.0,1.0,0.0,1.0,0.0,1.0,0.0,1.0,-0.0,1.0,1.0165890510154463,0.5201798131397872,2.1877142041417885,True
20261004,ff,0,3.63,5,0,0,bounded,0.005,-25,3000,True,0.0001023866802799524,0.0001007181144383195,1.213855616804535,2.416144383195465,2.209100979244598,0.0008775401714986189,0.608422390035037,0.6084433724160009,-0.0,1.0,-0.0,1.0,0.0,1.0,0.0,1.0,0.0,1.0,-0.0,1.0,1.0165666906190418,0.7181144383195059,2.386680279952391,True
20261004,ff,0,3.63,5,0,0,bounded,0.005,25,-3000,True,0.0001020520533284354,0.0001003852244194556,1.212755805444188,2.417244194555812,2.20934887625834,0.0008746586459726876,0.6084199871226478,0.6084408743770157,-0.0,1.0,-0.0,1.0,0.0,1.0,0.0,1.0,0.0,1.0,-0.0,1.0,1.0166043251745398,0.3852244194555876,2.052053328435388,True
20261004,ff,0,3.63,5,0,0,bounded,0.005,25,3000,True,0.0001022510220054897,0.0001005831590059039,1.213409940961122,2.416590059038878,2.209201385881889,0.0008763719919067485,0.6084214158915736,0.6084423596987333,-0.0,1.0,-0.0,1.0,0.0,1.0,0.0,1.0,0.0,1.0,-0.0,1.0,1.0165819309720419,0.5831590059038883,2.2510220054897,True
20261004,ff,0,3.63,5.5,0,0,bounded,-0.005,-25,-3000,True,0.0001018156705851308,9.952051073451369e-05,1.209892654862873,2.420107345137127,2.709524449689583,0.0009212456568724203,0.6084182542908311,0.6084345982617044,-0.0,1.0,-0.0,1.0,0.0,1.0,0.0,1.0,0.0,1.0,-0.0,1.0,1.0230621791797252,-0.4794892654863103,1.8156705851307908,True
20261004,ff,0,3.63,5.5,0,0,bounded,-0.005,-25,3000,True,0.0001020156020883061,9.971844507075832e-05,1.210549292416828,2.419450707583172,2.709375925688822,0.0009230637817804888,0.6084196900483566,0.608436083917217,-0.0,1.0,-0.0,1.0,0.0,1.0,0.0,1.0,0.0,1.0,-0.0,1.0,1.023036430380736,-0.2815549292416897,2.01560208830609,True
20261004,ff,0,3.63,5.5,0,0,bounded,-0.005,25,-3000,True,0.0001016793513210761,9.938555553831827e-05,1.20944461681716,2.42055538318284,2.709625873839017,0.0009200060135579685,0.608417275346959,0.6084335853126346,-0.0,1.0,-0.0,1.0,0.0,1.0,0.0,1.0,0.0,1.0,-0.0,1.0,1.0230797701973247,-0.6144444616817402,1.6793513210760835,True
20261004,ff,0,3.63,5.5,0,0,bounded,-0.005,25,3000,True,0.0001018792855947464,9.958348983525177e-05,1.21010164748225,2.41989835251775,2.709477162241099,0.0009218241535608918,0.6084187111262287,0.6084350709706798,-0.0,1.0,-0.0,1.0,0.0,1.0,0.0,1.0,0.0,1.0,-0.0,1.0,1.0230539797640426,-0.41651016474822944,1.8792855947463938,True
20261004,ff,0,3.63,5.5,0,0,bounded,0.005,-25,-3000,True,0.0001028253842473941,0.0001005201796859066,1.21320314093336,2.41679685906664,2.70877712219737,0.0009304278803083035,0.608425505266382,0.6084421015343904,-0.0,1.0,-0.0,1.0,0.0,1.0,0.0,1.0,0.0,1.0,-0.0,1.0,1.022932754086697,0.5201796859065855,2.8253842473940916,True
20261004,ff,0,3.63,5.5,0,0,bounded,0.005,-25,3000,True,0.0001030252953484006,0.0001007181143108993,1.213856891006405,2.416143108993595,2.708629972177242,0.0009322458940524733,0.6084269408636944,0.608443587171158,-0.0,1.0,-0.0,1.0,0.0,1.0,0.0,1.0,0.0,1.0,-0.0,1.0,1.022907309705774,0.7181143108992982,3.0252953484005918,True
20261004,ff,0,3.63,5.5,0,0,bounded,0.005,25,-3000,True,0.0001026890789179707,0.0001003852242923499,1.212757076500334,2.417242923499666,2.708877606428034,0.0009291883129179019,0.6084245264319146,0.6084410885981056,-0.0,1.0,-0.0,1.0,0.0,1.0,0.0,1.0,0.0,1.0,-0.0,1.0,1.0229501367543028,0.3852242923499061,2.6890789179706998,True
20261004,ff,0,3.63,5.5,0,0,bounded,0.005,25,3000,True,0.0001028889927609971,0.0001005831588786112,1.213411213887898,2.416588786112102,2.70873027251253,0.0009310063416026002,0.6084259620507689,0.6084425742374007,-0.0,1.0,-0.0,1.0,0.0,1.0,0.0,1.0,0.0,1.0,-0.0,1.0,1.0229246516821837,0.5831588786112007,2.8889927609971,True
20261004,ff,27,2.97,4.5,0,0,bounded,-0.005,-25,-3000,True,0.0001004710325764206,9.958415492273024e-05,1.218450772697503,1.751549227302497,1.69961276077492,0.0007478845965453193,0.5726913652922755,0.5727175703415891,-0.0,1.0,-0.0,1.0,0.0,1.0,0.0,1.0,0.0,1.0,-0.0,1.0,1.008905810913177,-0.41584507726976083,0.4710325764206047,True
20261004,ff,27,2.97,4.5,0,0,bounded,-0.005,-25,3000,True,0.0001002734151765009,9.938622542947711e-05,1.217745705228835,1.752254294771165,1.69977541377371,0.000746407467650759,0.5726899330712771,0.5727160717589822,-0.0,1.0,-0.0,1.0,0.0,1.0,0.0,1.0,0.0,1.0,-0.0,1.0,1.0089266872063003,-0.6137745705228848,0.27341517650090186,True
20261004,ff,27,2.97,4.5,0,0,bounded,-0.005,25,-3000,True,0.0001004710325764206,9.958415492273024e-05,1.218450772697503,1.751549227302497,1.69961276077492,0.0007478845965453193,0.5726913652922755,0.5727175703415891,-0.0,1.0,-0.0,1.0,0.0,1.0,0.0,1.0,0.0,1.0,-0.0,1.0,1.008905810913177,-0.41584507726976083,0.4710325764206047,True
20261004,ff,27,2.97,4.5,0,0,bounded,-0.005,25,3000,True,0.0001002734151765009,9.938622542947711e-05,1.217745705228835,1.752254294771165,1.69977541377371,0.000746407467650759,0.5726899330712771,0.5727160717589822,-0.0,1.0,-0.0,1.0,0.0,1.0,0.0,1.0,0.0,1.0,-0.0,1.0,1.0089266872063003,-0.6137745705228848,0.27341517650090186,True
20261004,ff,27,2.97,4.5,0,0,bounded,0.005,-25,-3000,True,0.0001014690368106611,0.0001005837997663487,1.222002336512984,1.747997663487016,1.698795895167285,0.0007553445607849666,0.5726985982336191,0.572725138883701,-0.0,1.0,-0.0,1.0,0.0,1.0,0.0,1.0,0.0,1.0,-0.0,1.0,1.0088009902824189,0.5837997663487027,1.4690368106611063,True
20261004,ff,27,2.97,4.5,0,0,bounded,0.005,-25,3000,True,0.0001012714403611829,0.0001003858699635524,1.221300364476319,1.748699635523681,1.698957027001975,0.0007538675252480053,0.5726971661771004,0.5727236403199034,-0.0,1.0,-0.0,1.0,0.0,1.0,0.0,1.0,0.0,1.0,-0.0,1.0,1.0088216638253176,0.3858699635524099,1.2714403611828962,True
20261004,ff,27,2.97,4.5,0,0,bounded,0.005,25,-3000,True,0.0001014690368106611,0.0001005837997663487,1.222002336512984,1.747997663487016,1.698795895167285,0.0007553445607849666,0.5726985982336191,0.572725138883701,-0.0,1.0,-0.0,1.0,0.0,1.0,0.0,1.0,0.0,1.0,-0.0,1.0,1.0088009902824189,0.5837997663487027,1.4690368106611063,True
20261004,ff,27,2.97,4.5,0,0,bounded,0.005,25,3000,True,0.0001012714403611829,0.0001003858699635524,1.221300364476319,1.748699635523681,1.698957027001975,0.0007538675252480053,0.5726971661771004,0.5727236403199034,-0.0,1.0,-0.0,1.0,0.0,1.0,0.0,1.0,0.0,1.0,-0.0,1.0,1.0088216638253176,0.3858699635524099,1.2714403611828962,True
20261004,ff,27,2.97,5,0,0,bounded,-0.005,-25,-3000,True,0.0001012113494811152,9.958415477486022e-05,1.218452251397837,1.751547748602163,2.199006087185019,0.0008018216969178768,0.5726967275303345,0.5727178216438906,-0.0,1.0,-0.0,1.0,0.0,1.0,0.0,1.0,0.0,1.0,-0.0,1.0,1.0163398957387721,-0.41584522513978817,1.211349481115187,True
20261004,ff,27,2.97,5,0,0,bounded,-0.005,-25,3000,True,0.0001010124622464871,9.938622528185891e-05,1.217747181410775,1.752252818589226,2.199168660564172,0.0008002394101504736,0.5726952861199386,0.5727163226306965,-0.0,1.0,-0.0,1.0,0.0,1.0,0.0,1.0,0.0,1.0,-0.0,1.0,1.016362800378183,-0.6137747181410913,1.0124622464871003,True
20261004,ff,27,2.97,5,0,0,bounded,-0.005,25,-3000,True,0.0001012113494811152,9.958415477486022e-05,1.218452251397837,1.751547748602163,2.199006087185019,0.0008018216969178768,0.5726967275303345,0.5727178216438906,-0.0,1.0,-0.0,1.0,0.0,1.0,0.0,1.0,0.0,1.0,-0.0,1.0,1.0163398957387721,-0.41584522513978817,1.211349481115187,True
20261004,ff,27,2.97,5,0,0,bounded,-0.005,25,3000,True,0.0001010124622464871,9.938622528185891e-05,1.217747181410775,1.752252818589226,2.199168660564172,0.0008002394101504736,0.5726952861199386,0.5727163226306965,-0.0,1.0,-0.0,1.0,0.0,1.0,0.0,1.0,0.0,1.0,-0.0,1.0,1.016362800378183,-0.6137747181410913,1.0124622464871003,True
20261004,ff,27,2.97,5,0,0,bounded,0.005,-25,-3000,True,0.0001022157691188709,0.0001005837996172064,1.222003827935719,1.747996172064282,2.198189613132423,0.0008098127402883453,0.5727040068973814,0.5727253923613752,-0.0,1.0,-0.0,1.0,0.0,1.0,0.0,1.0,0.0,1.0,-0.0,1.0,1.0162249736823954,0.5837996172064042,2.2157691188708917,True
20261004,ff,27,2.97,5,0,0,bounded,0.005,-25,3000,True,0.0001020169021374286,0.000100385869814662,1.221301853379386,1.748698146620614,2.198350668829018,0.000808230553867649,0.5727025656466085,0.5727238933667618,-0.0,1.0,-0.0,1.0,0.0,1.0,0.0,1.0,0.0,1.0,-0.0,1.0,1.0162476285335567,0.38586981466199877,2.0169021374286,True
20261004,ff,27,2.97,5,0,0,bounded,0.005,25,-3000,True,0.0001022157691188709,0.0001005837996172064,1.222003827935719,1.747996172064282,2.198189613132423,0.0008098127402883453,0.5727040068973814,0.5727253923613752,-0.0,1.0,-0.0,1.0,0.0,1.0,0.0,1.0,0.0,1.0,-0.0,1.0,1.0162249736823954,0.5837996172064042,2.2157691188708917,True
20261004,ff,27,2.97,5,0,0,bounded,0.005,25,3000,True,0.0001020169021374286,0.000100385869814662,1.221301853379386,1.748698146620614,2.198350668829018,0.000808230553867649,0.5727025656466085,0.5727238933667618,-0.0,1.0,-0.0,1.0,0.0,1.0,0.0,1.0,0.0,1.0,-0.0,1.0,1.0162476285335567,0.38586981466199877,2.0169021374286,True
20261004,ff,27,2.97,5.5,0,0,bounded,-0.005,-25,-3000,True,0.0001018338270446311,9.95841546505298e-05,1.218453494701993,1.751546505298007,2.698499195844684,0.0008558509978884671,0.5727012127058245,0.5727180329200822,-0.0,1.0,-0.0,1.0,0.0,1.0,0.0,1.0,0.0,1.0,-0.0,1.0,1.0225906661757191,-0.4158453494702119,1.8338270446310867,True
20261004,ff,27,2.97,5.5,0,0,bounded,-0.005,-25,3000,True,0.0001016339781010505,9.938622515771908e-05,1.217748422809166,1.752251577190834,2.698661617659302,0.0008541639781051707,0.5726997642706814,0.572716533580753,-0.0,1.0,-0.0,1.0,0.0,1.0,0.0,1.0,0.0,1.0,-0.0,1.0,1.0226163428560084,-0.6137748422809342,1.633978101050504,True
20261004,ff,27,2.97,5.5,0,0,bounded,-0.005,25,-3000,True,0.0001018338270446311,9.95841546505298e-05,1.218453494701993,1.751546505298007,2.698499195844684,0.0008558509978884671,0.5727012127058245,0.5727180329200822,-0.0,1.0,-0.0,1.0,0.0,1.0,0.0,1.0,0.0,1.0,-0.0,1.0,1.0225906661757191,-0.4158453494702119,1.8338270446310867,True
20261004,ff,27,2.97,5.5,0,0,bounded,-0.005,25,3000,True,0.0001016339781010505,9.938622515771908e-05,1.217748422809166,1.752251577190834,2.698661617659302,0.0008541639781051707,0.5726997642706814,0.572716533580753,-0.0,1.0,-0.0,1.0,0.0,1.0,0.0,1.0,0.0,1.0,-0.0,1.0,1.0226163428560084,-0.6137748422809342,1.633978101050504,True
20261004,ff,27,2.97,5.5,0,0,bounded,0.005,-25,-3000,True,0.0001028431016264069,0.0001005837994919139,1.222005080860473,1.747994919139528,2.697683476869355,0.0008643709532671214,0.5727085275326932,0.5727256052839726,-0.0,1.0,-0.0,1.0,0.0,1.0,0.0,1.0,0.0,1.0,-0.0,1.0,1.0224618889513577,0.5837994919138945,2.8431016264069076,True
20261004,ff,27,2.97,5.5,0,0,bounded,0.005,-25,3000,True,0.0001026432736502852,0.00010038586968956,1.221303104399854,1.748696895600147,2.697844384428246,0.0008626840478854619,0.5727070792633252,0.5727241059634686,-0.0,1.0,-0.0,1.0,0.0,1.0,0.0,1.0,0.0,1.0,-0.0,1.0,1.0224872680558146,0.38586968956000334,2.643273650285183,True
20261004,ff,27,2.97,5.5,0,0,bounded,0.005,25,-3000,True,0.0001028431016264069,0.0001005837994919139,1.222005080860473,1.747994919139528,2.697683476869355,0.0008643709532671214,0.5727085275326932,0.5727256052839726,-0.0,1.0,-0.0,1.0,0.0,1.0,0.0,1.0,0.0,1.0,-0.0,1.0,1.0224618889513577,0.5837994919138945,2.8431016264069076,True
20261004,ff,27,2.97,5.5,0,0,bounded,0.005,25,3000,True,0.0001026432736502852,0.00010038586968956,1.221303104399854,1.748696895600147,2.697844384428246,0.0008626840478854619,0.5727070792633252,0.5727241059634686,-0.0,1.0,-0.0,1.0,0.0,1.0,0.0,1.0,0.0,1.0,-0.0,1.0,1.0224872680558146,0.38586968956000334,2.643273650285183,True
20261004,ff,27,3.3,4.5,0,0,bounded,-0.005,-25,-3000,True,0.0001004051616840532,9.951817841811946e-05,1.218215818805416,2.081784181194584,1.699666943732628,0.0007802332285013421,0.5726908878970883,0.5727170708149706,-0.0,1.0,-0.0,1.0,0.0,1.0,0.0,1.0,0.0,1.0,-0.0,1.0,1.008912776339285,-0.48182158188053714,0.4051616840532013,True
20261004,ff,27,3.3,4.5,0,0,bounded,-0.005,-25,3000,True,0.0001004051616840888,9.951817841811946e-05,1.21821581880545,2.081784181194551,1.699666943732607,0.000780233228501502,0.5726908878970883,0.5727170708149706,-0.0,1.0,-0.0,1.0,0.0,1.0,0.0,1.0,0.0,1.0,-0.0,1.0,1.0089127763396426,-0.48182158188053714,0.40516168408879505,True
20261004,ff,27,3.3,4.5,0,0,bounded,-0.005,25,-3000,True,0.0001004051616840532,9.951817841811946e-05,1.218215818805416,2.081784181194584,1.699666943732628,0.0007802332285013421,0.5726908878970883,0.5727170708149706,-0.0,1.0,-0.0,1.0,0.0,1.0,0.0,1.0,0.0,1.0,-0.0,1.0,1.008912776339285,-0.48182158188053714,0.4051616840532013,True
20261004,ff,27,3.3,4.5,0,0,bounded,-0.005,25,3000,True,0.0001004051616840888,9.951817841811946e-05,1.21821581880545,2.081784181194551,1.699666943732607,0.000780233228501502,0.5726908878970883,0.5727170708149706,-0.0,1.0,-0.0,1.0,0.0,1.0,0.0,1.0,0.0,1.0,-0.0,1.0,1.0089127763396426,-0.48182158188053714,0.40516168408879505,True
20261004,ff,27,3.3,4.5,0,0,bounded,0.005,-25,-3000,True,0.0001014031729184543,0.0001005178231586576,1.221768413423577,2.078231586576424,1.698849571730225,0.0007880231066999295,0.5726981208933823,0.5727246393633574,-0.0,1.0,-0.0,1.0,0.0,1.0,0.0,1.0,0.0,1.0,-0.0,1.0,1.0088078883124962,0.5178231586575821,1.4031729184542874,True
20261004,ff,27,3.3,4.5,0,0,bounded,0.005,-25,3000,True,0.0001014031729184543,0.0001005178231586576,1.22176841342356,2.07823158657644,1.698849571730227,0.0007880231066999295,0.5726981208933823,0.5727246393633574,-0.0,1.0,-0.0,1.0,0.0,1.0,0.0,1.0,0.0,1.0,-0.0,1.0,1.0088078883124962,0.5178231586575821,1.4031729184542874,True
20261004,ff,27,3.3,4.5,0,0,bounded,0.005,25,-3000,True,0.0001014031729184543,0.0001005178231586576,1.221768413423577,2.078231586576424,1.698849571730225,0.0007880231066999295,0.5726981208933823,0.5727246393633574,-0.0,1.0,-0.0,1.0,0.0,1.0,0.0,1.0,0.0,1.0,-0.0,1.0,1.0088078883124962,0.5178231586575821,1.4031729184542874,True
20261004,ff,27,3.3,4.5,0,0,bounded,0.005,25,3000,True,0.0001014031729184543,0.0001005178231586576,1.22176841342356,2.07823158657644,1.698849571730227,0.0007880231066999295,0.5726981208933823,0.5727246393633574,-0.0,1.0,-0.0,1.0,0.0,1.0,0.0,1.0,0.0,1.0,-0.0,1.0,1.0088078883124962,0.5178231586575821,1.4031729184542874,True
20261004,ff,27,3.3,5,0,0,bounded,-0.005,-25,-3000,True,0.0001011450553026839,9.951817827033337e-05,1.218217296666265,2.081782703333736,2.199060243680733,0.0008341352769486958,0.5726962470719628,0.572717321973739,-0.0,1.0,-0.0,1.0,0.0,1.0,0.0,1.0,0.0,1.0,-0.0,1.0,1.0163475363056913,-0.4818217296666316,1.145055302683895,True
20261004,ff,27,3.3,5,0,0,bounded,-0.005,-25,3000,True,0.0001011450553026662,9.951817827033337e-05,1.218217296666307,2.081782703333693,2.19906024368073,0.000834135276948607,0.5726962470719628,0.572717321973739,-0.0,1.0,-0.0,1.0,0.0,1.0,0.0,1.0,0.0,1.0,-0.0,1.0,1.0163475363055134,-0.4818217296666316,1.145055302666198,True
20261004,ff,27,3.3,5,0,0,bounded,-0.005,25,-3000,True,0.0001011450553026839,9.951817827033337e-05,1.218217296666265,2.081782703333736,2.199060243680733,0.0008341352769486958,0.5726962470719628,0.572717321973739,-0.0,1.0,-0.0,1.0,0.0,1.0,0.0,1.0,0.0,1.0,-0.0,1.0,1.0163475363056913,-0.4818217296666316,1.145055302683895,True
20261004,ff,27,3.3,5,0,0,bounded,-0.005,25,3000,True,0.0001011450553026662,9.951817827033337e-05,1.218217296666307,2.081782703333693,2.19906024368073,0.000834135276948607,0.5726962470719628,0.572717321973739,-0.0,1.0,-0.0,1.0,0.0,1.0,0.0,1.0,0.0,1.0,-0.0,1.0,1.0163475363055134,-0.4818217296666316,1.145055302666198,True
20261004,ff,27,3.3,5,0,0,bounded,0.005,-25,-3000,True,0.0001021494817076131,0.0001005178230095993,1.221769904006474,2.078230095993526,2.198243264392124,0.000842456236612911,0.5727035264923352,0.5727248926974242,-0.0,1.0,-0.0,1.0,0.0,1.0,0.0,1.0,0.0,1.0,-0.0,1.0,1.0162325311985516,0.5178230095993053,2.149481707613088,True
20261004,ff,27,3.3,5,0,0,bounded,0.005,-25,3000,True,0.0001021494817076131,0.0001005178230095993,1.221769904006443,2.078230095993557,2.198243264392134,0.000842456236612911,0.5727035264923352,0.5727248926974242,-0.0,1.0,-0.0,1.0,0.0,1.0,0.0,1.0,0.0,1.0,-0.0,1.0,1.0162325311985516,0.5178230095993053,2.149481707613088,True
20261004,ff,27,3.3,5,0,0,bounded,0.005,25,-3000,True,0.0001021494817076131,0.0001005178230095993,1.221769904006474,2.078230095993526,2.198243264392124,0.000842456236612911,0.5727035264923352,0.5727248926974242,-0.0,1.0,-0.0,1.0,0.0,1.0,0.0,1.0,0.0,1.0,-0.0,1.0,1.0162325311985516,0.5178230095993053,2.149481707613088,True
20261004,ff,27,3.3,5,0,0,bounded,0.005,25,3000,True,0.0001021494817076131,0.0001005178230095993,1.221769904006443,2.078230095993557,2.198243264392134,0.000842456236612911,0.5727035264923352,0.5727248926974242,-0.0,1.0,-0.0,1.0,0.0,1.0,0.0,1.0,0.0,1.0,-0.0,1.0,1.0162325311985516,0.5178230095993053,2.149481707613088,True
20261004,ff,27,3.3,5.5,0,0,bounded,-0.005,-25,-3000,True,0.0001017672123179541,9.951817814606647e-05,1.218218539335199,2.081781460664801,2.698553301896002,0.0008881296677740514,0.5727007299060489,0.5727175331412265,-0.0,1.0,-0.0,1.0,0.0,1.0,0.0,1.0,0.0,1.0,-0.0,1.0,1.0225992297466162,-0.4818218539335395,1.7672123179540922,True
20261004,ff,27,3.3,5.5,0,0,bounded,-0.005,-25,3000,True,0.0001017672123179541,9.951817814606647e-05,1.21821853933524,2.08178146066476,2.698553301895983,0.0008881296677740514,0.5727007299060489,0.5727175331412265,-0.0,1.0,-0.0,1.0,0.0,1.0,0.0,1.0,0.0,1.0,-0.0,1.0,1.0225992297466162,-0.4818218539335395,1.7672123179540922,True
20261004,ff,27,3.3,5.5,0,0,bounded,-0.005,25,-3000,True,0.0001017672123179541,9.951817814606647e-05,1.218218539335199,2.081781460664801,2.698553301896002,0.0008881296677740514,0.5727007299060489,0.5727175331412265,-0.0,1.0,-0.0,1.0,0.0,1.0,0.0,1.0,0.0,1.0,-0.0,1.0,1.0225992297466162,-0.4818218539335395,1.7672123179540922,True
20261004,ff,27,3.3,5.5,0,0,bounded,-0.005,25,3000,True,0.0001017672123179541,9.951817814606647e-05,1.21821853933524,2.08178146066476,2.698553301895983,0.0008881296677740514,0.5727007299060489,0.5727175331412265,-0.0,1.0,-0.0,1.0,0.0,1.0,0.0,1.0,0.0,1.0,-0.0,1.0,1.0225992297466162,-0.4818218539335395,1.7672123179540922,True
20261004,ff,27,3.3,5.5,0,0,bounded,0.005,-25,-3000,True,0.0001027764939044911,0.0001005178228843703,1.221771156296381,2.078228843703619,2.697737078825155,0.0008969795441364605,0.572708044788288,0.5727251055113987,-0.0,1.0,-0.0,1.0,0.0,1.0,0.0,1.0,0.0,1.0,-0.0,1.0,1.0224703535682327,0.5178228843703003,2.776493904491084,True
20261004,ff,27,3.3,5.5,0,0,bounded,0.005,-25,3000,True,0.0001027764939044556,0.0001005178228843703,1.221771156296351,2.078228843703649,2.697737078825181,0.0008969795441362651,0.572708044788288,0.5727251055113987,-0.0,1.0,-0.0,1.0,0.0,1.0,0.0,1.0,0.0,1.0,-0.0,1.0,1.0224703535678796,0.5178228843703003,2.7764939044556014,True
20261004,ff,27,3.3,5.5,0,0,bounded,0.005,25,-3000,True,0.0001027764939044911,0.0001005178228843703,1.221771156296381,2.078228843703619,2.697737078825155,0.0008969795441364605,0.572708044788288,0.5727251055113987,-0.0,1.0,-0.0,1.0,0.0,1.0,0.0,1.0,0.0,1.0,-0.0,1.0,1.0224703535682327,0.5178228843703003,2.776493904491084,True
20261004,ff,27,3.3,5.5,0,0,bounded,0.005,25,3000,True,0.0001027764939044556,0.0001005178228843703,1.221771156296351,2.078228843703649,2.697737078825181,0.0008969795441362651,0.572708044788288,0.5727251055113987,-0.0,1.0,-0.0,1.0,0.0,1.0,0.0,1.0,0.0,1.0,-0.0,1.0,1.0224703535678796,0.5178228843703003,2.7764939044556014,True
20261004,ff,27,3.63,4.5,0,0,bounded,-0.005,-25,-3000,True,0.000100339289796482,9.945220192036599e-05,1.217980796340094,2.412019203659906,1.6997211609067,0.0008125383117536475,0.5726904104944145,0.5727165712877563,-0.0,1.0,-0.0,1.0,0.0,1.0,0.0,1.0,0.0,1.0,-0.0,1.0,1.0089197409306867,-0.5477980796340209,0.33928979648198965,True
20261004,ff,27,3.63,4.5,0,0,bounded,-0.005,-25,3000,True,0.000100536905814698,9.96501314341907e-05,1.218685658092923,2.411314341907077,1.699558609242572,0.0008141460679708382,0.5726918427045637,0.5727180698691227,-0.0,1.0,-0.0,1.0,0.0,1.0,0.0,1.0,0.0,1.0,-0.0,1.0,1.0088988781825434,-0.34986856580929704,0.5369058146980077,True
20261004,ff,27,3.63,4.5,0,0,bounded,-0.005,25,-3000,True,0.000100339289796482,9.945220192036599e-05,1.217980796340094,2.412019203659906,1.6997211609067,0.0008125383117536475,0.5726904104944145,0.5727165712877563,-0.0,1.0,-0.0,1.0,0.0,1.0,0.0,1.0,0.0,1.0,-0.0,1.0,1.0089197409306867,-0.5477980796340209,0.33928979648198965,True
20261004,ff,27,3.63,4.5,0,0,bounded,-0.005,25,3000,True,0.000100536905814698,9.96501314341907e-05,1.218685658092923,2.411314341907077,1.699558609242572,0.0008141460679708382,0.5726918427045637,0.5727180698691227,-0.0,1.0,-0.0,1.0,0.0,1.0,0.0,1.0,0.0,1.0,-0.0,1.0,1.0088988781825434,-0.34986856580929704,0.5369058146980077,True
20261004,ff,27,3.63,4.5,0,0,bounded,0.005,-25,-3000,True,0.0001013373080230676,0.0001004518465577231,1.221534422768503,2.408465577231496,1.698903281847358,0.0008206581038068453,0.5726976435455955,0.5727241398424162,-0.0,1.0,-0.0,1.0,0.0,1.0,0.0,1.0,0.0,1.0,-0.0,1.0,1.0088147853492737,0.4518465577231012,1.337308023067596,True
20261004,ff,27,3.63,4.5,0,0,bounded,0.005,-25,3000,True,0.0001015349031009142,0.0001006497763807888,1.222236192111595,2.407763807888405,1.698742249345211,0.0008222657669149605,0.5726990755913375,0.5727256384049755,-0.0,1.0,-0.0,1.0,0.0,1.0,0.0,1.0,0.0,1.0,-0.0,1.0,1.0087941250537575,0.6497763807888024,1.5349031009141978,True
20261004,ff,27,3.63,4.5,0,0,bounded,0.005,25,-3000,True,0.0001013373080230676,0.0001004518465577231,1.221534422768503,2.408465577231496,1.698903281847358,0.0008206581038068453,0.5726976435455955,0.5727241398424162,-0.0,1.0,-0.0,1.0,0.0,1.0,0.0,1.0,0.0,1.0,-0.0,1.0,1.0088147853492737,0.4518465577231012,1.337308023067596,True
20261004,ff,27,3.63,4.5,0,0,bounded,0.005,25,3000,True,0.0001015349031009142,0.0001006497763807888,1.222236192111595,2.407763807888405,1.698742249345211,0.0008222657669149605,0.5726990755913375,0.5727256384049755,-0.0,1.0,-0.0,1.0,0.0,1.0,0.0,1.0,0.0,1.0,-0.0,1.0,1.0087941250537575,0.6497763807888024,1.5349031009141978,True
20261004,ff,27,3.63,5,0,0,bounded,-0.005,-25,-3000,True,0.0001010787601406661,9.945220177266383e-05,1.217982273361642,2.412017726638358,2.199114434315149,0.000866405307836603,0.5726957666061832,0.5727168223029969,-0.0,1.0,-0.0,1.0,0.0,1.0,0.0,1.0,0.0,1.0,-0.0,1.0,1.0163551770499801,-0.5477982273361826,1.0787601406660796,True
20261004,ff,27,3.63,5,0,0,bounded,-0.005,-25,3000,True,0.0001012776460385502,9.965013128623673e-05,1.218687137632655,2.411312862367344,2.198951962038528,0.0008681182214602347,0.5726972080060436,0.5727183213149658,-0.0,1.0,-0.0,1.0,0.0,1.0,0.0,1.0,0.0,1.0,-0.0,1.0,1.016332289092912,-0.34986871376326834,1.2776460385501842,True
20261004,ff,27,3.63,5,0,0,bounded,-0.005,25,-3000,True,0.0001010787601406661,9.945220177266383e-05,1.217982273361642,2.412017726638358,2.199114434315149,0.000866405307836603,0.5726957666061832,0.5727168223029969,-0.0,1.0,-0.0,1.0,0.0,1.0,0.0,1.0,0.0,1.0,-0.0,1.0,1.0163551770499801,-0.5477982273361826,1.0787601406660796,True
20261004,ff,27,3.63,5,0,0,bounded,-0.005,25,3000,True,0.0001012776460385502,9.965013128623673e-05,1.218687137632655,2.411312862367344,2.198951962038528,0.0008681182214602347,0.5726972080060436,0.5727183213149658,-0.0,1.0,-0.0,1.0,0.0,1.0,0.0,1.0,0.0,1.0,-0.0,1.0,1.016332289092912,-0.34986871376326834,1.2776460385501842,True
20261004,ff,27,3.63,5,0,0,bounded,0.005,-25,-3000,True,0.0001020831933053969,0.0001004518464087488,1.221535912511544,2.408464087488456,2.198296949130157,0.0008750561836891847,0.5727030460798251,0.572724393032879,-0.0,1.0,-0.0,1.0,0.0,1.0,0.0,1.0,0.0,1.0,-0.0,1.0,1.0162400887088723,0.45184640874880166,2.08319330539688,True
20261004,ff,27,3.63,5,0,0,bounded,0.005,-25,3000,True,0.0001022820589622454,0.0001006497762315626,1.22223768437421,2.407762315625789,2.198135992539133,0.0008767689972304271,0.5727044873201526,0.572725892026271,-0.0,1.0,-0.0,1.0,0.0,1.0,0.0,1.0,0.0,1.0,-0.0,1.0,1.016217450170256,0.6497762315625932,2.2820589622454035,True
20261004,ff,27,3.63,5,0,0,bounded,0.005,25,-3000,True,0.0001020831933053969,0.0001004518464087488,1.221535912511544,2.408464087488456,2.198296949130157,0.0008750561836891847,0.5727030460798251,0.572724393032879,-0.0,1.0,-0.0,1.0,0.0,1.0,0.0,1.0,0.0,1.0,-0.0,1.0,1.0162400887088723,0.45184640874880166,2.08319330539688,True
20261004,ff,27,3.63,5,0,0,bounded,0.005,25,3000,True,0.0001022820589622454,0.0001006497762315626,1.22223768437421,2.407762315625789,2.198135992539133,0.0008767689972304271,0.5727044873201526,0.572725892026271,-0.0,1.0,-0.0,1.0,0.0,1.0,0.0,1.0,0.0,1.0,-0.0,1.0,1.016217450170256,0.6497762315625932,2.2820589622454035,True
20261004,ff,27,3.63,5.5,0,0,bounded,-0.005,-25,-3000,True,0.0001017005965891098,9.945220164846047e-05,1.217983515395183,2.412016484604817,2.698607442009413,0.0009203647879226088,0.5727002470987067,0.5727170333617752,-0.0,1.0,-0.0,1.0,0.0,1.0,0.0,1.0,0.0,1.0,-0.0,1.0,1.0226077945322605,-0.5477983515395302,1.700596589109793,True
20261004,ff,27,3.63,5.5,0,0,bounded,-0.005,-25,3000,True,0.0001019004441479848,9.965013116184279e-05,1.218688381572055,2.411311618427945,2.698445121068608,0.0009221824336300275,0.5727016955229032,0.5727185326998645,-0.0,1.0,-0.0,1.0,0.0,1.0,0.0,1.0,0.0,1.0,-0.0,1.0,1.0225821377243072,-0.34986883815721903,1.9004441479848033,True
20261004,ff,27,3.63,5.5,0,0,bounded,-0.005,25,-3000,True,0.0001017005965891098,9.945220164846047e-05,1.217983515395183,2.412016484604817,2.698607442009413,0.0009203647879226088,0.5727002470987067,0.5727170333617752,-0.0,1.0,-0.0,1.0,0.0,1.0,0.0,1.0,0.0,1.0,-0.0,1.0,1.0226077945322605,-0.5477983515395302,1.700596589109793,True
20261004,ff,27,3.63,5.5,0,0,bounded,-0.005,25,3000,True,0.0001019004441479848,9.965013116184279e-05,1.218688381572055,2.411311618427945,2.698445121068608,0.0009221824336300275,0.5727016955229032,0.5727185326998645,-0.0,1.0,-0.0,1.0,0.0,1.0,0.0,1.0,0.0,1.0,-0.0,1.0,1.0225821377243072,-0.34986883815721903,1.9004441479848033,True
20261004,ff,27,3.63,5.5,0,0,bounded,0.005,-25,-3000,True,0.0001027098851735513,0.0001004518462835833,1.221537164166751,2.408462835833248,2.697790714184443,0.0009295445851625391,0.5727075620362673,0.5727246057382249,-0.0,1.0,-0.0,1.0,0.0,1.0,0.0,1.0,0.0,1.0,-0.0,1.0,1.022478819190574,0.4518462835833015,2.709885173551285,True
20261004,ff,27,3.63,5.5,0,0,bounded,0.005,-25,3000,True,0.000102909711778894,0.0001006497761062066,1.222238937933587,2.407761062066413,2.697629905507853,0.000931362116747916,0.572709010294787,0.5727261050574877,-0.0,1.0,-0.0,1.0,0.0,1.0,0.0,1.0,0.0,1.0,-0.0,1.0,1.0224534595119488,0.649776106206601,2.9097117788940086,True
20261004,ff,27,3.63,5.5,0,0,bounded,0.005,25,-3000,True,0.0001027098851735513,0.0001004518462835833,1.221537164166751,2.408462835833248,2.697790714184443,0.0009295445851625391,0.5727075620362673,0.5727246057382249,-0.0,1.0,-0.0,1.0,0.0,1.0,0.0,1.0,0.0,1.0,-0.0,1.0,1.022478819190574,0.4518462835833015,2.709885173551285,True
20261004,ff,27,3.63,5.5,0,0,bounded,0.005,25,3000,True,0.000102909711778894,0.0001006497761062066,1.222238937933587,2.407761062066413,2.697629905507853,0.000931362116747916,0.572709010294787,0.5727261050574877,-0.0,1.0,-0.0,1.0,0.0,1.0,0.0,1.0,0.0,1.0,-0.0,1.0,1.0224534595119488,0.649776106206601,2.9097117788940086,True
20261004,ff,85,2.97,4.5,0,0,bounded,-0.005,-25,-3000,True,0.0001002708436815195,9.943761322843334e-05,1.233867715666669,1.736132284333331,1.678413640502946,0.0007465485185339314,0.4959638944077869,0.4959909446202549,-0.0,1.0,-0.0,1.0,0.0,1.0,0.0,1.0,0.0,1.0,-0.0,1.0,1.008379429332963,-0.5623867715666586,0.2708436815195059,True
20261004,ff,85,2.97,4.5,0,0,bounded,-0.005,-25,3000,True,0.0001000735345739427,9.923969403504356e-05,1.233059649564285,1.736940350435715,1.678605878340711,0.0007450728075455335,0.4959624362589543,0.4959894167081494,-0.0,1.0,-0.0,1.0,0.0,1.0,0.0,1.0,0.0,1.0,-0.0,1.0,1.0084022884895705,-0.7603059649564425,0.0735345739427018,True
20261004,ff,85,2.97,4.5,0,0,bounded,-0.005,25,-3000,True,0.0001005598229473518,9.972749500134573e-05,1.235049986542414,1.734950013457586,1.67813273528907,0.0007487098740958543,0.4959660300106308,0.4959931824642158,-0.0,1.0,-0.0,1.0,0.0,1.0,0.0,1.0,0.0,1.0,-0.0,1.0,1.0083460227893504,-0.27250499865427713,0.5598229473517957,True
20261004,ff,85,2.97,4.5,0,0,bounded,-0.005,25,3000,True,0.0001003625209971252,9.952957570571006e-05,1.234242942899334,1.735757057100667,1.678324441566534,0.0007472341950117377,0.4959645719183442,0.495991654557875,-0.0,1.0,-0.0,1.0,0.0,1.0,0.0,1.0,0.0,1.0,-0.0,1.0,1.0083688218854463,-0.4704242942899395,0.36252099712519303,True
20261004,ff,85,2.97,4.5,0,0,bounded,0.005,-25,-3000,True,0.0001012672797670203,0.0001004372061774091,1.237938225908721,1.732061774091279,1.677448263075352,0.000754001271977314,0.4959712582067472,0.4959986612879502,-0.0,1.0,-0.0,1.0,0.0,1.0,0.0,1.0,0.0,1.0,-0.0,1.0,1.0082646025432547,0.4372061774090996,1.2672797670203018,True
20261004,ff,85,2.97,4.5,0,0,bounded,0.005,-25,3000,True,0.0001010699952838171,0.0001002392866332749,1.237133667250342,1.732866332749658,1.67763868088966,0.0007525256707567959,0.4959698002524792,0.4959971333957129,-0.0,1.0,-0.0,1.0,0.0,1.0,0.0,1.0,0.0,1.0,-0.0,1.0,1.0082872562090486,0.2392866332748822,1.0699952838171045,True
20261004,ff,85,2.97,4.5,0,0,bounded,0.005,25,-3000,True,0.0001015562230233461,0.0001007270884622067,1.239115377932455,1.730884622067545,1.677170010600104,0.0007561624670165987,0.4959733935250409,0.4960008991028176,-0.0,1.0,-0.0,1.0,0.0,1.0,0.0,1.0,0.0,1.0,-0.0,1.0,1.0082314953583762,0.7270884622067042,1.5562230233461039,True
20261004,ff,85,2.97,4.5,0,0,bounded,0.005,25,3000,True,0.0001013589456516809,0.0001005291688173122,1.23831182687772,1.731688173122281,1.677359907359774,0.0007546868974987661,0.4959719356269801,0.4959993712163394,-0.0,1.0,-0.0,1.0,0.0,1.0,0.0,1.0,0.0,1.0,-0.0,1.0,1.0082540902718158,0.5291688173121978,1.3589456516809095,True
20261004,ff,85,2.97,5,0,0,bounded,-0.005,-25,-3000,True,0.0001010052802724672,9.943761308138875e-05,1.233869186112502,1.736130813887498,2.177701220208566,0.0008003561228928839,0.4959693189349944,0.4959911988362943,-0.0,1.0,-0.0,1.0,0.0,1.0,0.0,1.0,0.0,1.0,-0.0,1.0,1.0157653340873671,-0.5623869186112573,1.0052802724671794,True
20261004,ff,85,2.97,5,0,0,bounded,-0.005,-25,3000,True,0.0001008066149168342,9.923969388826879e-05,1.233061117312002,1.736938882687998,2.177893444161652,0.0007987749761111593,0.4959678507777918,0.4959896704551981,-0.0,1.0,-0.0,1.0,0.0,1.0,0.0,1.0,0.0,1.0,-0.0,1.0,1.0157892569714047,-0.7603061117312127,0.8066149168342029,True
20261004,ff,85,2.97,5,0,0,bounded,-0.005,25,-3000,True,0.0001012962467139146,9.972749485390587e-05,1.235051460941186,1.734948539058815,2.177420333968573,0.0008026719039644544,0.4959714692020485,0.4959934373674182,-0.0,1.0,-0.0,1.0,0.0,1.0,0.0,1.0,0.0,1.0,-0.0,1.0,1.0157303847079167,-0.27250514609412635,1.296246713914595,True
20261004,ff,85,2.97,5,0,0,bounded,-0.005,25,3000,True,0.0001010975879054889,9.952957555854009e-05,1.23424441459895,1.73575558540105,2.177612027466476,0.0008010907896150787,0.4959700010969386,0.4959919089918747,-0.0,1.0,-0.0,1.0,0.0,1.0,0.0,1.0,0.0,1.0,-0.0,1.0,1.0157542352426345,-0.4704244414599157,1.0975879054888837,True
20261004,ff,85,2.97,5,0,0,bounded,0.005,-25,-3000,True,0.0001020085724834664,0.0001004372060290007,1.237939709993127,1.732060290006873,2.176735901429745,0.0008083413750022796,0.495976733327894,0.4959989178748148,-0.0,1.0,-0.0,1.0,0.0,1.0,0.0,1.0,0.0,1.0,-0.0,1.0,1.015645262513694,0.43720602900070293,2.0085724834663976,True
20261004,ff,85,2.97,5,0,0,bounded,0.005,-25,3000,True,0.0001018099296361931,0.0001002392864851367,1.237135148632501,1.7328648513675,2.176926309142282,0.0008067603397206338,0.4959752653498154,0.4959973895128629,-0.0,1.0,-0.0,1.0,0.0,1.0,0.0,1.0,0.0,1.0,-0.0,1.0,1.0156689378599009,0.2392864851366916,1.809929636193086,True
20261004,ff,85,2.97,5,0,0,bounded,0.005,25,-3000,True,0.0001022995060261102,0.0001007270883134024,1.239116865975607,1.730883134024393,2.176457662416023,0.000810656993100163,0.4959788833330998,0.4960011563779104,-0.0,1.0,-0.0,1.0,0.0,1.0,0.0,1.0,0.0,1.0,-0.0,1.0,1.015610673742652,0.7270883134023798,2.2995060261101985,True
20261004,ff,85,2.97,5,0,0,bounded,0.005,25,3000,True,0.0001021008696707638,0.0001005291686687782,1.238313312217719,1.731686687782282,2.176647550156198,0.0008090759899789166,0.4959774154067018,0.4959996280215021,-0.0,1.0,-0.0,1.0,0.0,1.0,0.0,1.0,0.0,1.0,-0.0,1.0,1.0156342783174106,0.5291686687781905,2.100869670763794,True
20261004,ff,85,2.97,5.5,0,0,bounded,-0.005,-25,-3000,True,0.0001016094831135544,9.943761296042004e-05,1.233870395799505,1.736129604200495,2.677118803047252,0.0008541818782957673,0.4959737700155942,0.4959914079611772,-0.0,1.0,-0.0,1.0,0.0,1.0,0.0,1.0,0.0,1.0,-0.0,1.0,1.0218415354962196,-0.5623870395799591,1.6094831135543997,True
20261004,ff,85,2.97,5.5,0,0,bounded,-0.005,-25,3000,True,0.0001014098223228626,9.923969376749795e-05,1.233062325020354,1.736937674979646,2.677310900596153,0.0008524959239439795,0.4959722944671244,0.4959898792358507,-0.0,1.0,-0.0,1.0,0.0,1.0,0.0,1.0,0.0,1.0,-0.0,1.0,1.0218675458677744,-0.7603062325020615,1.4098223228625972,True
20261004,ff,85,2.97,5.5,0,0,bounded,-0.005,25,-3000,True,0.0001019019075178367,9.972749473264735e-05,1.235052673526275,1.734947326473725,2.676838100651939,0.0008566511613828289,0.4959759311078819,0.4959936469964778,-0.0,1.0,-0.0,1.0,0.0,1.0,0.0,1.0,0.0,1.0,-0.0,1.0,1.021803543656828,-0.2725052673526518,1.9019075178366984,True
20261004,ff,85,2.97,5.5,0,0,bounded,-0.005,25,3000,True,0.0001017022532722916,9.952957543747945e-05,1.234245625205464,1.735754374794536,2.677029668794358,0.0008549652427257432,0.4959744556117962,0.4959921182767059,-0.0,1.0,-0.0,1.0,0.0,1.0,0.0,1.0,0.0,1.0,-0.0,1.0,1.0218294695346806,-0.470424562520555,1.7022532722916095,True
20261004,ff,85,2.97,5.5,0,0,bounded,0.005,-25,-3000,True,0.0001026178028111407,0.0001004372059070326,1.237940929673449,1.732059070326551,2.676154111791397,0.0008626964276839236,0.4959812217352202,0.4959991287382269,-0.0,1.0,-0.0,1.0,0.0,1.0,0.0,1.0,0.0,1.0,-0.0,1.0,1.0217110470608524,0.43720590703260065,2.6178028111407015,True
20261004,ff,85,2.97,5.5,0,0,bounded,0.005,-25,3000,True,0.0001024181645134963,0.0001002392863633666,1.237136366334244,1.732863633665757,2.676344396685387,0.0008610105960022599,0.4959797463668075,0.4959976000320455,-0.0,1.0,-0.0,1.0,0.0,1.0,0.0,1.0,0.0,1.0,-0.0,1.0,1.0217367683787302,0.23928636336658649,2.4181645134963015,True
20261004,ff,85,2.97,5.5,0,0,bounded,0.005,25,-3000,True,0.0001029101943476701,0.0001007270881911446,1.239118088553993,1.730881911446007,2.675876051400742,0.0008651655315186754,0.4959833825643595,0.496001367745499,-0.0,1.0,-0.0,1.0,0.0,1.0,0.0,1.0,0.0,1.0,-0.0,1.0,1.0216734762786226,0.7270881911445981,2.910194347670081,True
20261004,ff,85,2.97,5.5,0,0,bounded,0.005,25,3000,True,0.0001027105625329466,0.0001005291685467182,1.238314532817491,1.731685467182509,2.676065817346585,0.0008634797351937584,0.4959819072478648,0.4959998390448629,-0.0,1.0,-0.0,1.0,0.0,1.0,0.0,1.0,0.0,1.0,-0.0,1.0,1.0216991149709416,0.5291685467181839,2.710562532946592,True
20261004,ff,85,3.3,4.5,0,0,bounded,-0.005,-25,-3000,True,0.0001002050787297774,9.937164015619726e-05,1.233598438027328,2.066401561972673,1.678477675250494,0.0007788492798913322,0.4959634083936804,0.4959904353182412,-0.0,1.0,-0.0,1.0,0.0,1.0,0.0,1.0,0.0,1.0,-0.0,1.0,1.0083870868214522,-0.6283598438027393,0.20507872977739705,True
20261004,ff,85,3.3,4.5,0,0,bounded,-0.005,-25,3000,True,0.0001002050787297951,9.937164015619726e-05,1.233598438027377,2.066401561972623,1.678477675250466,0.0007788492798914121,0.4959634083936804,0.4959904353182412,-0.0,1.0,-0.0,1.0,0.0,1.0,0.0,1.0,0.0,1.0,-0.0,1.0,1.0083870868216303,-0.6283598438027393,0.205078729795094,True
20261004,ff,85,3.3,4.5,0,0,bounded,-0.005,25,-3000,True,0.0001004940604018271,9.966152189506078e-05,1.234781049392052,2.065218950607949,1.678196593074717,0.0007811063071537122,0.4959655440155248,0.4959926731641315,-0.0,1.0,-0.0,1.0,0.0,1.0,0.0,1.0,0.0,1.0,-0.0,1.0,1.008353660379007,-0.3384781049392216,0.49406040182709,True
20261004,ff,85,3.3,4.5,0,0,bounded,-0.005,25,3000,True,0.0001004940604017916,9.966152189506078e-05,1.234781049392068,2.065218950607932,1.678196593074745,0.0007811063071535523,0.4959655440155248,0.4959926731641315,-0.0,1.0,-0.0,1.0,0.0,1.0,0.0,1.0,0.0,1.0,-0.0,1.0,1.008353660378651,-0.3384781049392216,0.49406040179160726,True
20261004,ff,85,3.3,4.5,0,0,bounded,0.005,-25,-3000,True,0.0001012015230943267,0.0001003712329883713,1.237670116286881,2.062329883713119,1.677511691915078,0.0007866319358778579,0.4959707722580187,0.4959981519925836,-0.0,1.0,-0.0,1.0,0.0,1.0,0.0,1.0,0.0,1.0,-0.0,1.0,1.0082721919541588,0.37123298837129504,1.2015230943267063,True
20261004,ff,85,3.3,4.5,0,0,bounded,0.005,-25,3000,True,0.0001012015230943445,0.0001003712329883713,1.237670116286878,2.062329883713122,1.677511691915061,0.0007866319358779378,0.4959707722580187,0.4959981519925836,-0.0,1.0,-0.0,1.0,0.0,1.0,0.0,1.0,0.0,1.0,-0.0,1.0,1.008272191954336,0.37123298837129504,1.2015230943444921,True
20261004,ff,85,3.3,4.5,0,0,bounded,0.005,25,-3000,True,0.0001014904687419841,0.0001006611152396144,1.23884760385571,2.061152396144291,1.677233265972703,0.0007888888027212865,0.495972907595202,0.4960003898093785,-0.0,1.0,-0.0,1.0,0.0,1.0,0.0,1.0,0.0,1.0,-0.0,1.0,1.0082390653073483,0.6611152396144071,1.4904687419841078,True
20261004,ff,85,3.3,4.5,0,0,bounded,0.005,25,3000,True,0.0001014904687420196,0.0001006611152396144,1.238847603855765,2.061152396144235,1.677233265972684,0.0007888888027214463,0.495972907595202,0.4960003898093785,-0.0,1.0,-0.0,1.0,0.0,1.0,0.0,1.0,0.0,1.0,-0.0,1.0,1.008239065307701,0.6611152396144071,1.4904687420195906,True
20261004,ff,85,3.3,5,0,0,bounded,-0.005,-25,-3000,True,0.0001009390632207853,9.937164000924263e-05,1.233599907573697,2.066400092426303,2.177765250412242,0.000832621741226062,0.4959688295846406,0.4959906893779464,-0.0,1.0,-0.0,1.0,0.0,1.0,0.0,1.0,0.0,1.0,-0.0,1.0,1.0157733455078015,-0.6283599907573767,0.9390632207852967,True
20261004,ff,85,3.3,5,0,0,bounded,-0.005,-25,3000,True,0.0001009390632207675,9.937164000924262e-05,1.233599907573721,2.066400092426279,2.177765250412249,0.0008326217412259731,0.4959688295846406,0.4959906893779464,-0.0,1.0,-0.0,1.0,0.0,1.0,0.0,1.0,0.0,1.0,-0.0,1.0,1.0157733455076228,-0.6283599907573878,0.9390632207675109,True
20261004,ff,85,3.3,5,0,0,bounded,-0.005,25,-3000,True,0.0001012300318649685,9.966152174771089e-05,1.234782522891058,2.065217477108942,2.17748418757823,0.0008350331941840352,0.4959709798692108,0.4959929279109274,-0.0,1.0,-0.0,1.0,0.0,1.0,0.0,1.0,0.0,1.0,-0.0,1.0,1.0157383721395328,-0.33847825228910944,1.230031864968506,True
20261004,ff,85,3.3,5,0,0,bounded,-0.005,25,3000,True,0.0001012300318649685,9.966152174771088e-05,1.234782522891082,2.065217477108918,2.177484187578247,0.0008350331941840352,0.4959709798692108,0.4959929279109274,-0.0,1.0,-0.0,1.0,0.0,1.0,0.0,1.0,0.0,1.0,-0.0,1.0,1.0157383721395328,-0.33847825228912054,1.230031864968506,True
20261004,ff,85,3.3,5,0,0,bounded,0.005,-25,-3000,True,0.0001019423630053175,0.0001003712328400529,1.237671599470374,2.062328400529626,2.176799326984777,0.0008409368964904997,0.4959762440377704,0.4959984084228721,-0.0,1.0,-0.0,1.0,0.0,1.0,0.0,1.0,0.0,1.0,-0.0,1.0,1.0156531918639307,0.37123284005289303,1.9423630053174934,True
20261004,ff,85,3.3,5,0,0,bounded,0.005,-25,3000,True,0.0001019423630053175,0.0001003712328400529,1.23767159947034,2.06232840052966,2.176799326984763,0.0008409368964904997,0.4959762440377704,0.4959984084228721,-0.0,1.0,-0.0,1.0,0.0,1.0,0.0,1.0,0.0,1.0,-0.0,1.0,1.0156531918639307,0.37123284005289303,1.9423630053174934,True
20261004,ff,85,3.3,5,0,0,bounded,0.005,25,-3000,True,0.0001022332987327558,0.0001006611150909002,1.238849090997817,2.061150909002183,2.176520914864148,0.0008433481865553796,0.495978394060356,0.4960006469278226,-0.0,1.0,-0.0,1.0,0.0,1.0,0.0,1.0,0.0,1.0,-0.0,1.0,1.015618579631627,0.6611150909002106,2.233298732755795,True
20261004,ff,85,3.3,5,0,0,bounded,0.005,25,3000,True,0.0001022332987327736,0.0001006611150909002,1.238849090997854,2.061150909002146,2.176520914864135,0.0008433481865554684,0.495978394060356,0.4960006469278226,-0.0,1.0,-0.0,1.0,0.0,1.0,0.0,1.0,0.0,1.0,-0.0,1.0,1.0156185796318038,0.6611150909002106,2.233298732773581,True
20261004,ff,85,3.3,5.5,0,0,bounded,-0.005,-25,-3000,True,0.0001015429342713308,9.937163988833987e-05,1.233601116601203,2.066398883398797,2.677182791198706,0.0008864125632154739,0.4959732782016648,0.4959908983880914,-0.0,1.0,-0.0,1.0,0.0,1.0,0.0,1.0,0.0,1.0,-0.0,1.0,1.0218502420351594,-0.6283601116601312,1.542934271330787,True
20261004,ff,85,3.3,5.5,0,0,bounded,-0.005,-25,3000,True,0.0001015429342713486,9.937163988833989e-05,1.233601116601258,2.066398883398742,2.677182791198677,0.0008864125632155717,0.4959732782016648,0.4959908983880914,-0.0,1.0,-0.0,1.0,0.0,1.0,0.0,1.0,0.0,1.0,-0.0,1.0,1.0218502420353384,-0.6283601116601201,1.542934271348595,True
20261004,ff,85,3.3,5.5,0,0,bounded,-0.005,25,-3000,True,0.000101835360877745,9.966152162651831e-05,1.234783734816843,2.065216265183157,2.676901912558292,0.0008889775192867101,0.4959754393115633,0.4959931374252495,-0.0,1.0,-0.0,1.0,0.0,1.0,0.0,1.0,0.0,1.0,-0.0,1.0,1.0218122221670782,-0.33847837348168763,1.8353608777449848,True
20261004,ff,85,3.3,5.5,0,0,bounded,-0.005,25,3000,True,0.0001018353608777094,9.966152162651831e-05,1.234783734816835,2.065216265183166,2.6769019125583,0.0008889775192865146,0.4959754393115633,0.4959931374252495,-0.0,1.0,-0.0,1.0,0.0,1.0,0.0,1.0,0.0,1.0,-0.0,1.0,1.021812222166721,-0.33847837348168763,1.835360877709391,True
20261004,ff,85,3.3,5.5,0,0,bounded,0.005,-25,-3000,True,0.0001025512615371742,0.0001003712327181508,1.237672818491336,2.062327181508664,2.676217496487522,0.0008952570195160925,0.4959807299818301,0.4959986191715519,-0.0,1.0,-0.0,1.0,0.0,1.0,0.0,1.0,0.0,1.0,-0.0,1.0,1.0217196577145273,0.3712327181508046,2.5512615371741987,True
20261004,ff,85,3.3,5.5,0,0,bounded,0.005,-25,3000,True,0.000102551261537192,0.0001003712327181508,1.237672818491347,2.062327181508653,2.676217496487504,0.0008952570195161902,0.4959807299818301,0.4959986191715519,-0.0,1.0,-0.0,1.0,0.0,1.0,0.0,1.0,0.0,1.0,-0.0,1.0,1.0217196577147045,0.3712327181508046,2.5512615371919845,True
20261004,ff,85,3.3,5.5,0,0,bounded,0.005,25,-3000,True,0.0001028436552553896,0.0001006611149687083,1.238850312916561,2.061149687083439,2.675939263330892,0.0008978217963930491,0.4959828908284295,0.496000858180676,-0.0,1.0,-0.0,1.0,0.0,1.0,0.0,1.0,0.0,1.0,-0.0,1.0,1.0216820595257639,0.6611149687083095,2.8436552553895877,True
20261004,ff,85,3.3,5.5,0,0,bounded,0.005,25,3000,True,0.0001028436552554429,0.0001006611149687083,1.238850312916607,2.061149687083393,2.675939263330851,0.0008978217963933422,0.4959828908284295,0.496000858180676,-0.0,1.0,-0.0,1.0,0.0,1.0,0.0,1.0,0.0,1.0,-0.0,1.0,1.0216820595262934,0.6611149687083095,2.8436552554429007,True
20261004,ff,85,3.63,4.5,0,0,bounded,-0.005,-25,-3000,True,0.000100139311266462,9.930566709173097e-05,1.23332908269015,2.396670917309851,1.678541752327048,0.0008111064879907798,0.4959629223607426,0.4959899260151116,-0.0,1.0,-0.0,1.0,0.0,1.0,0.0,1.0,0.0,1.0,-0.0,1.0,1.0083947291141095,-0.6943329082690353,0.13931126646198333,True
20261004,ff,85,3.63,4.5,0,0,bounded,-0.005,-25,3000,True,0.0001003366187649794,9.950358630842885e-05,1.234136915711556,2.395863084288444,1.678349635728367,0.0008127128184908662,0.495964380496852,0.4959914539259117,-0.0,1.0,-0.0,1.0,0.0,1.0,0.0,1.0,0.0,1.0,-0.0,1.0,1.0083718837426463,-0.49641369157115145,0.3366187649793906,True
20261004,ff,85,3.63,4.5,0,0,bounded,-0.005,25,-3000,True,0.0001004282953335915,9.959554879651253e-05,1.234512034874532,2.395487965125468,1.678260492961599,0.0008134591868813113,0.4959650580015035,0.4959921638629241,-0.0,1.0,-0.0,1.0,0.0,1.0,0.0,1.0,0.0,1.0,-0.0,1.0,1.0083612826792128,-0.404451203487477,0.4282953335914996,True
20261004,ff,85,3.63,4.5,0,0,bounded,-0.005,25,3000,True,0.0001006255956779382,9.979346811535719e-05,1.235318846428016,2.394681153571984,1.678068907220018,0.0008150654855581985,0.4959665160810937,0.495993691767961,-0.0,1.0,-0.0,1.0,0.0,1.0,0.0,1.0,0.0,1.0,-0.0,1.0,1.0083384972813962,-0.20653188464282435,0.6255956779382066,True
20261004,ff,85,3.63,4.5,0,0,bounded,0.005,-25,-3000,True,0.0001011357638714597,0.0001003052598069903,1.237401930097217,2.392598069902784,1.677575162306882,0.0008192190462696897,0.4959702862901753,0.4959976426960851,-0.0,1.0,-0.0,1.0,0.0,1.0,0.0,1.0,0.0,1.0,-0.0,1.0,1.0082797658474487,0.305259806990299,1.135763871459683,True
20261004,ff,85,3.63,4.5,0,0,bounded,0.005,-25,3000,True,0.0001013330467564214,0.0001005031793740935,1.238206259064662,2.391793740935338,1.677384863332511,0.0008208252672806782,0.4959717442318006,0.4959991705870204,-0.0,1.0,-0.0,1.0,0.0,1.0,0.0,1.0,0.0,1.0,-0.0,1.0,1.0082571256700146,0.5031793740934987,1.3330467564213855,True
20261004,ff,85,3.63,4.5,0,0,bounded,0.005,25,-3000,True,0.0001014247118990445,0.0001005951420246466,1.238579753533802,2.391420246466198,1.677296562676661,0.0008215715848439793,0.4959724216461618,0.4959998805148038,-0.0,1.0,-0.0,1.0,0.0,1.0,0.0,1.0,0.0,1.0,-0.0,1.0,1.0082466196448596,0.5951420246465888,1.4247118990444951,True
20261004,ff,85,3.63,4.5,0,0,bounded,0.005,25,3000,True,0.0001016219876754346,0.0001007930616924134,1.239383075865315,2.390616924134685,1.677106784074581,0.0008231777742317254,0.4959738795316053,0.49600140839998,-0.0,1.0,-0.0,1.0,0.0,1.0,0.0,1.0,0.0,1.0,-0.0,1.0,1.0082240381342003,0.7930616924133993,1.6219876754345997,True
20261004,ff,85,3.63,5,0,0,bounded,-0.005,-25,-3000,True,0.0001008728436901797,9.930566694486626e-05,1.233330551337187,2.396669448662812,2.177829322860775,0.0008648438052096172,0.4959683402156911,0.4959901799184877,-0.0,1.0,-0.0,1.0,0.0,1.0,0.0,1.0,0.0,1.0,-0.0,1.0,1.01578134253087,-0.6943330551337445,0.872843690179681,True
20261004,ff,85,3.63,5,0,0,bounded,-0.005,-25,3000,True,0.0001010715075754866,9.95035861612943e-05,1.234138387056927,2.395861612943072,2.177637219894711,0.0008665555713917009,0.495969808361185,0.4959917082983277,-0.0,1.0,-0.0,1.0,0.0,1.0,0.0,1.0,0.0,1.0,-0.0,1.0,1.0157574362360238,-0.49641383870570044,1.0715075754865966,True
20261004,ff,85,3.63,5,0,0,bounded,-0.005,25,-3000,True,0.0001011638145261919,9.959554864925259e-05,1.234513507473963,2.395486492526037,2.177548083205404,0.0008673509299765151,0.4959704905176971,0.4959924184533254,-0.0,1.0,-0.0,1.0,0.0,1.0,0.0,1.0,0.0,1.0,-0.0,1.0,1.0157463450747413,-0.40445135074741456,1.1638145261918975,True
20261004,ff,85,3.63,5,0,0,bounded,-0.005,25,3000,True,0.0001013624718680929,9.97934679678273e-05,1.235320321726803,2.394679678273197,2.177356509992853,0.0008690626638125413,0.495971958611125,0.4959939468276127,-0.0,1.0,-0.0,1.0,0.0,1.0,0.0,1.0,0.0,1.0,-0.0,1.0,1.0157225110241828,-0.20653203217270155,1.362471868092885,True
20261004,ff,85,3.63,5,0,0,bounded,0.005,-25,-3000,True,0.0001018761510100709,0.000100305259658762,1.237403412380089,2.392596587619911,2.17686279400947,0.0008734888633604557,0.4959757547287726,0.495997898969808,-0.0,1.0,-0.0,1.0,0.0,1.0,0.0,1.0,0.0,1.0,-0.0,1.0,1.0156611064729115,0.3052596587620027,1.8761510100709033,True
20261004,ff,85,3.63,5,0,0,bounded,0.005,-25,3000,True,0.0001020747923998612,0.000100503179225595,1.238207744049752,2.391792255950248,2.176672504890101,0.0008752005183370607,0.4959772226952354,0.495999427330504,-0.0,1.0,-0.0,1.0,0.0,1.0,0.0,1.0,0.0,1.0,-0.0,1.0,1.0156374473561525,0.5031792255949963,2.0747923998611917,True
20261004,ff,85,3.63,5,0,0,bounded,0.005,25,-3000,True,0.0001021670889110061,0.0001005951418760225,1.23858123977478,2.391418760225219,2.176584208561717,0.0008759958253138798,0.495977904768654,0.4960001374766099,-0.0,1.0,-0.0,1.0,0.0,1.0,0.0,1.0,0.0,1.0,-0.0,1.0,1.0156264706790803,0.595141876022498,2.1670889110060987,True
20261004,ff,85,3.63,5,0,0,bounded,0.005,25,3000,True,0.0001023657238125821,0.000100793061543519,1.239384564809825,2.390615435190175,2.176394438733739,0.0008777074482147422,0.4959793726834632,0.4960016658317625,-0.0,1.0,-0.0,1.0,0.0,1.0,0.0,1.0,0.0,1.0,-0.0,1.0,1.0156028822319687,0.7930615435189914,2.365723812582088,True
20261004,ff,85,3.63,5.5,0,0,bounded,-0.005,-25,-3000,True,0.000101476382940378,9.930566682402946e-05,1.233331759705206,2.396668240294794,2.677246821513978,0.0009185996924921204,0.4959727863690443,0.4959903888138946,-0.0,1.0,-0.0,1.0,0.0,1.0,0.0,1.0,0.0,1.0,-0.0,1.0,1.021858935001112,-0.6943331759705407,1.476382940377996,True
20261004,ff,85,3.63,5.5,0,0,bounded,-0.005,-25,3000,True,0.0001016760422611878,9.950358604025964e-05,1.234139597403647,2.395860402596353,2.677054844712741,0.000920416265511519,0.4959742619057393,0.4959919175379647,-0.0,1.0,-0.0,1.0,0.0,1.0,0.0,1.0,0.0,1.0,-0.0,1.0,1.0218329439910756,-0.4964139597403605,1.6760422611878045,True
20261004,ff,85,3.63,5.5,0,0,bounded,-0.005,25,-3000,True,0.000101768811737875,9.959554852812598e-05,1.234514718740061,2.395485281259939,2.676965766401803,0.0009212603214641835,0.495974947496475,0.4959926278529104,-0.0,1.0,-0.0,1.0,0.0,1.0,0.0,1.0,0.0,1.0,-0.0,1.0,1.021820886996122,-0.4044514718740233,1.768811737874998,True
20261004,ff,85,3.63,5.5,0,0,bounded,-0.005,25,3000,True,0.0001019684645177837,9.979346784650282e-05,1.235321534971763,2.394678465028236,2.676774318307057,0.0009230768588793959,0.4959764229808182,0.4959941565714223,-0.0,1.0,-0.0,1.0,0.0,1.0,0.0,1.0,0.0,1.0,-0.0,1.0,1.0217949803550905,-0.20653215349718534,1.9684645177836968,True
20261004,ff,85,3.63,5.5,0,0,bounded,0.005,-25,-3000,True,0.0001024847177366955,0.0001003052595369258,1.237404630741586,2.392595369258414,2.676280922574104,0.0009277740554196219,0.4959802382094722,0.4959981096037481,-0.0,1.0,-0.0,1.0,0.0,1.0,0.0,1.0,0.0,1.0,-0.0,1.0,1.0217282544288455,0.3052595369257949,2.4847177366954964,True
20261004,ff,85,3.63,5.5,0,0,bounded,0.005,-25,3000,True,0.000102684354578793,0.000100503179103561,1.238208964389742,2.391791035610258,2.67609075603957,0.0009295905060780058,0.4959817135662142,0.4959996383086732,-0.0,1.0,-0.0,1.0,0.0,1.0,0.0,1.0,0.0,1.0,-0.0,1.0,1.0217025520454877,0.5031791035609912,2.684354578792991,True
20261004,ff,85,3.63,5.5,0,0,bounded,0.005,25,-3000,True,0.0001027771136254412,0.0001005951417538966,1.238582461034227,2.391417538965773,2.676002516431726,0.0009304345052554637,0.4959823990734478,0.4960003486147243,-0.0,1.0,-0.0,1.0,0.0,1.0,0.0,1.0,0.0,1.0,-0.0,1.0,1.0216906287272076,0.5951417538966108,2.7771136254411966,True
20261004,ff,85,3.63,5.5,0,0,bounded,0.005,25,3000,True,0.0001029767439888456,0.0001007930614211952,1.23938578804784,2.39061421195216,2.675812868165951,0.0009322509206463648,0.4959838743783039,0.4960018773141073,-0.0,1.0,-0.0,1.0,0.0,1.0,0.0,1.0,0.0,1.0,-0.0,1.0,1.0216650088494206,0.7930614211951958,2.976743988845598,True
20261004,ss,0,2.97,4.5,0,0,bounded,-0.005,-25,-3000,True,9.986569602859964e-05,9.962067437405359e-05,1.528256259464116,1.441743740535884,1.710987480509053,0.0007452690446857099,0.8556598329650034,0.8556901899625133,-0.0,1.0,-0.0,1.0,0.0,1.0,0.0,1.0,0.0,1.0,-0.0,1.0,1.0024595462346104,-0.37932562594641395,-0.13430397140036243,True
20261004,ss,0,2.97,4.5,0,0,bounded,-0.005,-25,3000,True,9.966889220604549e-05,9.942274804253559e-05,1.527519574643959,1.442480425356041,1.71113661735588,0.0007437955862796053,0.8556584201892902,0.8556887059235184,-0.0,1.0,-0.0,1.0,0.0,1.0,0.0,1.0,0.0,1.0,-0.0,1.0,1.0024757328514455,-0.5772519574644197,-0.3311077939545104,True
20261004,ss,0,2.97,4.5,0,0,bounded,-0.005,25,-3000,True,9.973151195765175e-05,9.948572459562562e-05,1.527754043743731,1.442245956256269,1.711089134641947,0.0007442644155244915,0.8556588697116444,0.8556891781181121,-0.0,1.0,-0.0,1.0,0.0,1.0,0.0,1.0,0.0,1.0,-0.0,1.0,1.00247057920144,-0.5142754043743869,-0.2684880423482472,True
20261004,ss,0,2.97,4.5,0,0,bounded,-0.005,25,3000,True,9.953470591307058e-05,9.928779830775691e-05,1.527016922430689,1.442983077569312,1.711238460778632,0.0007427909472489341,0.8556574569182825,0.855687694076802,-0.0,1.0,-0.0,1.0,0.0,1.0,0.0,1.0,0.0,1.0,-0.0,1.0,1.0024867869921774,-0.7122016922430974,-0.4652940869294242,True
20261004,ss,0,2.97,4.5,0,0,bounded,0.005,-25,-3000,True,0.0001008596050639757,0.0001006203032828429,1.531967171570535,1.438032828429465,1.710238469357137,0.0007527105332040018,0.8556669678013648,0.855697685057065,-0.0,1.0,-0.0,1.0,0.0,1.0,0.0,1.0,0.0,1.0,-0.0,1.0,1.0023782653532671,0.6203032828429045,0.8596050639757102,True
20261004,ss,0,2.97,4.5,0,0,bounded,0.005,-25,3000,True,0.0001006628176438033,0.0001004223766307249,1.531233692750977,1.438766307249024,1.710386219853776,0.0007512371476564189,0.8556655551559561,0.8556962010352219,-0.0,1.0,-0.0,1.0,0.0,1.0,0.0,1.0,0.0,1.0,-0.0,1.0,1.0023942971790296,0.4223766307248855,0.6628176438032929,True
20261004,ss,0,2.97,4.5,0,0,bounded,0.005,25,-3000,True,0.0001007254321742172,0.0001004853532859267,1.531467140732347,1.438532859267653,1.710339178845628,0.0007517059537092967,0.8556660046368316,0.8556966732243597,-0.0,1.0,-0.0,1.0,0.0,1.0,0.0,1.0,0.0,1.0,-0.0,1.0,1.0023891928568671,0.4853532859266929,0.7254321742171888,True
20261004,ss,0,2.97,4.5,0,0,bounded,0.005,25,3000,True,0.0001005286425457489,0.0001002874266768114,1.530733231886361,1.439266768113639,1.710487114890275,0.0007502325583520733,0.8556645919738753,0.8556951892002,-0.0,1.0,-0.0,1.0,0.0,1.0,0.0,1.0,0.0,1.0,-0.0,1.0,1.0024052453725316,0.28742667681140865,0.5286425457488919,True
20261004,ss,0,2.97,5,0,0,bounded,-0.005,-25,-3000,True,0.0001005520323657406,9.962067423733485e-05,1.528257626651476,1.441742373348524,2.210469517510427,0.0007986335739796445,0.855664756885548,0.8556904207260021,-0.0,1.0,-0.0,1.0,0.0,1.0,0.0,1.0,0.0,1.0,-0.0,1.0,1.00934904461886,-0.3793257626651503,0.5520323657405957,True
20261004,ss,0,2.97,5,0,0,bounded,-0.005,-25,3000,True,0.0001003540704683949,9.942274790604565e-05,1.527520939543385,1.442479060456615,2.210618575415366,0.0007970559232890466,0.855663335809098,0.8556889362980599,-0.0,1.0,-0.0,1.0,0.0,1.0,0.0,1.0,0.0,1.0,-0.0,1.0,1.0093672985505224,-0.5772520939543613,0.35407046839488476,True
20261004,ss,0,2.97,5,0,0,bounded,-0.005,25,-3000,True,0.0001004170586870003,9.948572445906289e-05,1.527755409371146,1.442244590628854,2.210571117888116,0.0007975579047444844,0.855663787972518,0.8556894086164051,-0.0,1.0,-0.0,1.0,0.0,1.0,0.0,1.0,0.0,1.0,-0.0,1.0,1.00936148611272,-0.5142755409371147,0.41705868700028237,True
20261004,ss,0,2.97,5,0,0,bounded,-0.005,25,3000,True,0.0001002190946382554,9.928779817142298e-05,1.527018285770076,1.442981714229924,2.210720364650185,0.0007959802434264775,0.8556623668789032,0.8556879241861691,-0.0,1.0,-0.0,1.0,0.0,1.0,0.0,1.0,0.0,1.0,-0.0,1.0,1.0093797675442908,-0.7122018285770193,0.21909463825540154,True
20261004,ss,0,2.97,5,0,0,bounded,0.005,-25,-3000,True,0.0001015517918943622,0.0001006203031449684,1.531968550316055,1.438031449683945,2.209720895446822,0.0008066012694784718,0.8556719336559834,0.8556979177854553,-0.0,1.0,-0.0,1.0,0.0,1.0,0.0,1.0,0.0,1.0,-0.0,1.0,1.0092574631588194,0.6203031449683927,1.5517918943621867,True
20261004,ss,0,2.97,5,0,0,bounded,0.005,-25,3000,True,0.0001013538458564901,0.0001004223764930792,1.531235069207575,1.438764930792426,2.209868570167872,0.0008050236971329644,0.8556705127061199,0.8556964333744917,-0.0,1.0,-0.0,1.0,0.0,1.0,0.0,1.0,0.0,1.0,-0.0,1.0,1.0092755160347664,0.4223764930791907,1.353845856490099,True
20261004,ss,0,2.97,5,0,0,bounded,0.005,25,-3000,True,0.0001014168290262275,0.0001004853531482083,1.531468517917171,1.438531482082829,2.209821553337224,0.0008055256536474195,0.8556709648292429,0.8556969056874361,-0.0,1.0,-0.0,1.0,0.0,1.0,0.0,1.0,0.0,1.0,-0.0,1.0,1.0092697676709692,0.48535314820830067,1.4168290262275063,True
20261004,ss,0,2.97,5,0,0,bounded,0.005,25,3000,True,0.0001012188808550042,0.0001002874265393217,1.530734606782572,1.439265393217429,2.209969413183076,0.000803948070762846,0.8556695438623432,0.8556954212741774,-0.0,1.0,-0.0,1.0,0.0,1.0,0.0,1.0,0.0,1.0,-0.0,1.0,1.0092878474184128,0.28742653932170015,1.2188808550041896,True
20261004,ss,0,2.97,5.5,0,0,bounded,-0.005,-25,-3000,True,0.0001011275731803334,9.962067412268917e-05,1.528258773108301,1.4417412268917,2.71003770754021,0.0008520750643023225,0.8556688624162381,0.8556906142120118,-0.0,1.0,-0.0,1.0,0.0,1.0,0.0,1.0,0.0,1.0,-0.0,1.0,1.015126368807627,-0.3793258773108321,1.1275731803334077,True
20261004,ss,0,2.97,5.5,0,0,bounded,-0.005,-25,3000,True,0.0001009287417553555,9.942274779157164e-05,1.527522084283556,1.442477915716445,2.71018662451518,0.0008503936502614873,0.8556674350433249,0.8556891294920028,-0.0,1.0,-0.0,1.0,0.0,1.0,0.0,1.0,0.0,1.0,-0.0,1.0,1.0151473782130926,-0.5772522084283693,0.9287417553554889,True
20261004,ss,0,2.97,5.5,0,0,bounded,-0.005,25,-3000,True,0.0001009920066588226,9.948572434453425e-05,1.527756554657568,1.442243445342432,2.710139211896975,0.0008509286475928845,0.8556678892103056,0.855689601903286,-0.0,1.0,-0.0,1.0,0.0,1.0,0.0,1.0,0.0,1.0,-0.0,1.0,1.0151406880154168,-0.5142756554657568,0.9920066588225973,True
20261004,ss,0,2.97,5.5,0,0,bounded,-0.005,25,3000,True,0.00010079317297558,9.928779805706599e-05,1.527019429339906,1.442980570660094,2.71028831730443,0.0008492472212612623,0.8556664618193371,0.8556881171809445,-0.0,1.0,-0.0,1.0,0.0,1.0,0.0,1.0,0.0,1.0,-0.0,1.0,1.0151617313302566,-0.712201942934021,0.7931729755799921,True
20261004,ss,0,2.97,5.5,0,0,bounded,0.005,-25,-3000,True,0.0001021317219049127,0.0001006203030294564,1.531969705435817,1.438030294564183,2.709289787822985,0.0008605667801405905,0.8556760709672713,0.8556981127457521,-0.0,1.0,-0.0,1.0,0.0,1.0,0.0,1.0,0.0,1.0,-0.0,1.0,1.015021012956141,0.6203030294563927,2.1317219049126868,True
20261004,ss,0,2.97,5.5,0,0,bounded,0.005,-25,3000,True,0.0001019329071155522,0.0001004223763777387,1.531236222612925,1.438763777387075,2.70943732471731,0.0008588854566435372,0.8556746437274405,0.855696628042984,-0.0,1.0,-0.0,1.0,0.0,1.0,0.0,1.0,0.0,1.0,-0.0,1.0,1.015041774475956,0.42237637773869796,1.932907115552207,True
20261004,ss,0,2.97,5.5,0,0,bounded,0.005,25,-3000,True,0.0001019961667220475,0.0001004853530328132,1.531469671868028,1.438530328131972,2.709390351807228,0.0008594204251447823,0.8556750978520503,0.8556971004487812,-0.0,1.0,-0.0,1.0,0.0,1.0,0.0,1.0,0.0,1.0,-0.0,1.0,1.0150351632714167,0.485353032813185,1.9961667220474988,True
20261004,ss,0,2.97,5.5,0,0,bounded,0.005,25,3000,True,0.0001017973496963247,0.0001002874264240981,1.53073575901847,1.43926424098153,2.709538073411601,0.0008577390894754271,0.8556736705943211,0.8556956157436861,-0.0,1.0,-0.0,1.0,0.0,1.0,0.0,1.0,0.0,1.0,-0.0,1.0,1.0150559579208005,0.2874264240980917,1.7973496963247015,True
20261004,ss,0,3.3,4.5,0,0,bounded,-0.005,-25,-3000,True,9.980014311551079e-05,9.955469892309975e-05,1.528010769002382,1.771989230997618,1.711037125630332,0.000777631162405705,0.8556593623871647,0.8556896952994877,-0.0,1.0,-0.0,1.0,0.0,1.0,0.0,1.0,0.0,1.0,-0.0,1.0,1.0024654204680046,-0.4453010769002508,-0.19985688448921346,True
20261004,ss,0,3.3,4.5,0,0,bounded,-0.005,-25,3000,True,9.980014311554632e-05,9.955469892309974e-05,1.528010769002405,1.771989230997595,1.711037125630316,0.000777631162405865,0.8556593623871647,0.8556896952994877,-0.0,1.0,-0.0,1.0,0.0,1.0,0.0,1.0,0.0,1.0,-0.0,1.0,1.0024654204683616,-0.445301076900273,-0.19985688445368632,True
20261004,ss,0,3.3,4.5,0,0,bounded,-0.005,25,-3000,True,9.966595783831003e-05,9.941974915920726e-05,1.527508407927243,1.772491592072757,1.711138843083963,0.0007765819944375515,0.855658399124581,0.8556886834541573,-0.0,1.0,-0.0,1.0,0.0,1.0,0.0,1.0,0.0,1.0,-0.0,1.0,1.002476456450403,-0.5802508407927398,-0.3340421616899736,True
20261004,ss,0,3.3,4.5,0,0,bounded,-0.005,25,3000,True,9.966595783836331e-05,9.941974915920726e-05,1.527508407927252,1.772491592072749,1.711138843083934,0.0007765819944377914,0.855658399124581,0.8556886834541573,-0.0,1.0,-0.0,1.0,0.0,1.0,0.0,1.0,0.0,1.0,-0.0,1.0,1.002476456450939,-0.5802508407927398,-0.334042161636694,True
20261004,ss,0,3.3,4.5,0,0,bounded,0.005,-25,-3000,True,0.0001007940612463313,0.0001005543277251269,1.531722748731024,1.768277251268976,1.710287650580154,0.0007854025690410369,0.8556664972929875,0.8556971904009749,-0.0,1.0,-0.0,1.0,0.0,1.0,0.0,1.0,0.0,1.0,-0.0,1.0,1.0023841193773353,0.5543277251268908,0.7940612463313013,True
20261004,ss,0,3.3,4.5,0,0,bounded,0.005,-25,3000,True,0.0001007940612463668,0.0001005543277251269,1.531722748731093,1.768277251268907,1.71028765058013,0.0007854025690411967,0.8556664972929875,0.8556971904009749,-0.0,1.0,-0.0,1.0,0.0,1.0,0.0,1.0,0.0,1.0,-0.0,1.0,1.0023841193776883,0.5543277251268908,0.794061246366784,True
20261004,ss,0,3.3,4.5,0,0,bounded,0.005,25,-3000,True,0.0001006598871114176,0.000100419377742531,1.531222574690076,1.768777425309924,1.710388422171491,0.0007843534504914193,0.8556655341189536,0.8556961785673252,-0.0,1.0,-0.0,1.0,0.0,1.0,0.0,1.0,0.0,1.0,-0.0,1.0,1.0023950493848235,0.4193777425310019,0.6598871114176008,True
20261004,ss,0,3.3,4.5,0,0,bounded,0.005,25,3000,True,0.0001006598871114176,0.000100419377742531,1.531222574690082,1.768777425309918,1.710388422171471,0.0007843534504914193,0.8556655341189536,0.8556961785673252,-0.0,1.0,-0.0,1.0,0.0,1.0,0.0,1.0,0.0,1.0,-0.0,1.0,1.0023950493848235,0.4193777425310019,0.6598871114176008,True
20261004,ss,0,3.3,5,0,0,bounded,-0.005,-25,-3000,True,0.0001004860936991427,9.955469878645724e-05,1.528012135427445,1.771987864572556,2.210519136406963,0.000830960986430797,0.8556642835427472,0.8556899259334164,-0.0,1.0,-0.0,1.0,0.0,1.0,0.0,1.0,0.0,1.0,-0.0,1.0,1.009355609770698,-0.4453012135427703,0.48609369914269784,True
20261004,ss,0,3.3,5,0,0,bounded,-0.005,-25,3000,True,0.0001004860936991249,9.955469878645724e-05,1.528012135427449,1.771987864572551,2.21051913640667,0.0008309609864307083,0.8556642835427472,0.8556899259334164,-0.0,1.0,-0.0,1.0,0.0,1.0,0.0,1.0,0.0,1.0,-0.0,1.0,1.0093556097705192,-0.4453012135427703,0.48609369912488987,True
20261004,ss,0,3.3,5,0,0,bounded,-0.005,25,-3000,True,0.0001003511188349328,9.941974902272075e-05,1.527509772792328,1.772490227207672,2.210620799961329,0.000829840777889364,0.8556633146206332,0.8556889138228987,-0.0,1.0,-0.0,1.0,0.0,1.0,0.0,1.0,0.0,1.0,-0.0,1.0,1.0093680563607055,-0.5802509772792508,0.3511188349327954,True
20261004,ss,0,3.3,5,0,0,bounded,-0.005,25,3000,True,0.0001003511188350216,9.941974902272076e-05,1.527509772792351,1.772490227207649,2.210620799961003,0.0008298407778898081,0.8556633146206367,0.8556889138228987,-0.0,1.0,-0.0,1.0,0.0,1.0,0.0,1.0,0.0,1.0,-0.0,1.0,1.0093680563615985,-0.5802509772792397,0.351118835021591,True
20261004,ss,0,3.3,5,0,0,bounded,0.005,-25,-3000,True,0.0001014858621631944,0.0001005543275873286,1.531724126714124,1.768275873285876,2.209770051499527,0.0008392586037938482,0.8556714603815576,0.8556974229997577,-0.0,1.0,-0.0,1.0,0.0,1.0,0.0,1.0,0.0,1.0,-0.0,1.0,1.0092639928903784,0.5543275873286069,1.4858621631943958,True
20261004,ss,0,3.3,5,0,0,bounded,0.005,-25,3000,True,0.0001014858621632299,0.0001005543275873286,1.531724126714117,1.768275873285883,2.209770051499504,0.0008392586037940258,0.8556714603815576,0.8556974229997577,-0.0,1.0,-0.0,1.0,0.0,1.0,0.0,1.0,0.0,1.0,-0.0,1.0,1.0092639928907314,0.5543275873286069,1.4858621632299007,True
20261004,ss,0,3.3,5,0,0,bounded,0.005,25,-3000,True,0.0001013508980718604,0.0001004193776048887,1.531223951112679,1.768776048887321,2.209870771351891,0.000838138448395222,0.8556704915454626,0.8556964109008002,-0.0,1.0,-0.0,1.0,0.0,1.0,0.0,1.0,0.0,1.0,-0.0,1.0,1.009276301936832,0.41937760488868214,1.3508980718603958,True
20261004,ss,0,3.3,5,0,0,bounded,0.005,25,3000,True,0.0001013508980718782,0.0001004193776048887,1.531223951112694,1.768776048887306,2.209870771351867,0.0008381384483953109,0.8556704915454626,0.8556964109008002,-0.0,1.0,-0.0,1.0,0.0,1.0,0.0,1.0,0.0,1.0,-0.0,1.0,1.0092763019370095,0.41937760488868214,1.3508980718782038,True
20261004,ss,0,3.3,5.5,0,0,bounded,-0.005,-25,-3000,True,0.0001010613449010994,9.955469867186873e-05,1.528013281312442,1.771986718687559,2.710087279563281,0.0008843679145128495,0.8556683869763009,0.8556901193221506,-0.0,1.0,-0.0,1.0,0.0,1.0,0.0,1.0,0.0,1.0,-0.0,1.0,1.0151338535431316,-0.44530132813127565,1.0613449010993925,True
20261004,ss,0,3.3,5.5,0,0,bounded,-0.005,-25,3000,True,0.0001010613449011526,9.955469867186873e-05,1.528013281312438,1.771986718687563,2.710087279563239,0.0008843679145131426,0.8556683869763009,0.8556901193221506,-0.0,1.0,-0.0,1.0,0.0,1.0,0.0,1.0,0.0,1.0,-0.0,1.0,1.015133853543666,-0.44530132813127565,1.0613449011525944,True
20261004,ss,0,3.3,5.5,0,0,bounded,-0.005,25,-3000,True,0.0001009257771566734,9.941974890824926e-05,1.527510917507146,1.772489082492855,2.710188846955095,0.0008831769576986728,0.8556674137609774,0.8556891070124881,-0.0,1.0,-0.0,1.0,0.0,1.0,0.0,1.0,0.0,1.0,-0.0,1.0,1.0151481799638622,-0.5802510917507386,0.9257771566733908,True
20261004,ss,0,3.3,5.5,0,0,bounded,-0.005,25,3000,True,0.0001009257771566912,9.941974890824928e-05,1.527510917507144,1.772489082492856,2.710188846955093,0.0008831769576987706,0.8556674137609774,0.8556891070124881,-0.0,1.0,-0.0,1.0,0.0,1.0,0.0,1.0,0.0,1.0,-0.0,1.0,1.015148179964041,-0.5802510917507275,0.9257771566911988,True
20261004,ss,0,3.3,5.5,0,0,bounded,0.005,-25,-3000,True,0.000102065502834952,0.0001005543274718737,1.531725281262778,1.768274718737222,2.709338898036914,0.0008931895581890839,0.8556755955979809,0.8556976178628672,-0.0,1.0,-0.0,1.0,0.0,1.0,0.0,1.0,0.0,1.0,-0.0,1.0,1.0150284468214557,0.5543274718736946,2.0655028349519933,True
20261004,ss,0,3.3,5.5,0,0,bounded,0.005,-25,3000,True,0.0001020655028349875,0.0001005543274718737,1.531725281262843,1.768274718737158,2.709338898036898,0.0008931895581892794,0.8556755955979809,0.8556976178628672,-0.0,1.0,-0.0,1.0,0.0,1.0,0.0,1.0,0.0,1.0,-0.0,1.0,1.0150284468218087,0.5543274718736946,2.065502834987498,True
20261004,ss,0,3.3,5.5,0,0,bounded,0.005,25,-3000,True,0.0001019299463928452,0.0001004193774895507,1.531225104492346,1.768774895507655,2.709439523844513,0.0008919986628159063,0.8556746224731072,0.8556966055649495,-0.0,1.0,-0.0,1.0,0.0,1.0,0.0,1.0,0.0,1.0,-0.0,1.0,1.0150426037390212,0.41937748955069853,1.9299463928452054,True
20261004,ss,0,3.3,5.5,0,0,bounded,0.005,25,3000,True,0.0001019299463927741,0.0001004193774895507,1.531225104492331,1.76877489550767,2.709439523844556,0.0008919986628155155,0.8556746224731072,0.8556966055649495,-0.0,1.0,-0.0,1.0,0.0,1.0,0.0,1.0,0.0,1.0,-0.0,1.0,1.0150426037383133,0.41937748955069853,1.9299463927741067,True
20261004,ss,0,3.63,4.5,0,0,bounded,-0.005,-25,-3000,True,9.973454579819054e-05,9.948872347925722e-05,1.527765207427584,2.102234792572416,1.711086834877316,0.0008099495367739193,0.855658891490443,0.8556892006212767,-0.0,1.0,-0.0,1.0,0.0,1.0,0.0,1.0,0.0,1.0,-0.0,1.0,1.0024708560964155,-0.5112765207427872,-0.26545420180946744,True
20261004,ss,0,3.63,4.5,0,0,bounded,-0.005,-25,3000,True,9.993134924545378e-05,9.96866498320826e-05,1.528501679173953,2.101498320826047,1.710937789920796,0.0008115536249472944,0.855660304262632,0.8556906846593766,-0.0,1.0,-0.0,1.0,0.0,1.0,0.0,1.0,0.0,1.0,-0.0,1.0,1.002454685896089,-0.31335016791740333,-0.06865075454622893,True
20261004,ss,0,3.63,4.5,0,0,bounded,-0.005,25,-3000,True,9.960035976834738e-05,9.93537737299145e-05,1.527262700854947,2.102737299145053,1.711188615432965,0.0008088558320495944,0.8556579282218927,0.8556881887751684,-0.0,1.0,-0.0,1.0,0.0,1.0,0.0,1.0,0.0,1.0,-0.0,1.0,1.002481899068104,-0.6462262700855037,-0.3996402316526315,True
20261004,ss,0,3.63,4.5,0,0,bounded,-0.005,25,3000,True,9.979716542879137e-05,9.955170003913375e-05,1.527999608662468,2.102000391337532,1.711039381441863,0.0008104599300238998,0.8556593410116642,0.855689672815585,-0.0,1.0,-0.0,1.0,0.0,1.0,0.0,1.0,0.0,1.0,-0.0,1.0,1.0024657076630648,-0.4482999608662497,-0.20283457120863213,True
20261004,ss,0,3.63,4.5,0,0,bounded,0.005,-25,-3000,True,0.0001007284694850111,0.0001004883521744177,1.531478255822718,2.098521744177281,1.710336897670752,0.0008180508455280174,0.8556660264403382,0.8556966957285109,-0.0,1.0,-0.0,1.0,0.0,1.0,0.0,1.0,0.0,1.0,-0.0,1.0,1.002389503911624,0.4883521744176944,0.7284694850111073,True
20261004,ss,0,3.63,4.5,0,0,bounded,0.005,-25,3000,True,0.0001009252566022082,0.0001006862788475278,1.532211524722123,2.097788475277877,1.710189237199974,0.0008196548613787814,0.8556674390827399,0.8556981797494814,-0.0,1.0,-0.0,1.0,0.0,1.0,0.0,1.0,0.0,1.0,-0.0,1.0,1.0023734887952538,0.6862788475277881,0.925256602208191,True
20261004,ss,0,3.63,4.5,0,0,bounded,0.005,25,-3000,True,0.0001005942946020203,0.000100353402206156,1.530977938439867,2.099022061560134,1.71043773111673,0.0008169571901697905,0.855665063260369,0.8556956838940832,-0.0,1.0,-0.0,1.0,0.0,1.0,0.0,1.0,0.0,1.0,-0.0,1.0,1.0024004407480818,0.35340220615600604,0.5942946020202955,True
20261004,ss,0,3.63,4.5,0,0,bounded,0.005,25,3000,True,0.0001007910839173169,0.0001005513288363056,1.531711636944287,2.098288363055713,1.710289885346739,0.0008185612157560369,0.8556664759202453,0.8556971679173703,-0.0,1.0,-0.0,1.0,0.0,1.0,0.0,1.0,0.0,1.0,-0.0,1.0,1.0023844048983341,0.5513288363055979,0.7910839173168815,True
20261004,ss,0,3.63,5,0,0,bounded,-0.005,-25,-3000,True,0.0001004201103801029,9.948872334269097e-05,1.527766573090165,2.102233426909835,2.210568819341714,0.000863244632086873,0.8556638098792791,0.8556894311255607,-0.0,1.0,-0.0,1.0,0.0,1.0,0.0,1.0,0.0,1.0,-0.0,1.0,1.0093617347385568,-0.5112766573090344,0.42011038010290047,True
20261004,ss,0,3.63,5,0,0,bounded,-0.005,-25,3000,True,0.0001006180719416107,9.968664969528753e-05,1.528503047124736,2.101496952875264,2.210419853115758,0.0008649529125542964,0.8556652309524745,0.8556909155526243,-0.0,1.0,-0.0,1.0,0.0,1.0,0.0,1.0,0.0,1.0,-0.0,1.0,1.0093435003500495,-0.3133503047124786,0.6180719416106983,True
20261004,ss,0,3.63,5,0,0,bounded,-0.005,25,-3000,True,0.0001002851347868584,9.935377359350423e-05,1.527264064957519,2.102735935042481,2.210670545853797,0.0008620798865310228,0.8556628409513637,0.8556884190142766,-0.0,1.0,-0.0,1.0,0.0,1.0,0.0,1.0,0.0,1.0,-0.0,1.0,1.0093741904274791,-0.6462264064957757,0.28513478685838756,True
20261004,ss,0,3.63,5,0,0,bounded,-0.005,25,3000,True,0.000100483098490244,9.95516999024947e-05,1.528000975053135,2.101999024946865,2.210521391025596,0.0008637881775496535,0.8556642620416529,0.8556899034436286,-0.0,1.0,-0.0,1.0,0.0,1.0,0.0,1.0,0.0,1.0,-0.0,1.0,1.0093559285141445,-0.4483000975053053,0.48309849024399387,True
20261004,ss,0,3.63,5,0,0,bounded,0.005,-25,-3000,True,0.0001014198842198545,0.0001004883520366957,1.531479633042934,2.098520366957066,2.209819273333173,0.0008718721534448047,0.8556709867609263,0.855696928197592,-0.0,1.0,-0.0,1.0,0.0,1.0,0.0,1.0,0.0,1.0,-0.0,1.0,1.009270051347032,0.48835203669568283,1.4198842198544837,True
20261004,ss,0,3.63,5,0,0,bounded,0.005,-25,3000,True,0.0001016178299959804,0.0001006862787095769,1.532212904231235,2.097787095768765,2.209671688431833,0.0008735803561480053,0.855672407708067,0.8556984126077014,-0.0,1.0,-0.0,1.0,0.0,1.0,0.0,1.0,0.0,1.0,-0.0,1.0,1.0092520182326978,0.686278709576893,1.617829995980391,True
20261004,ss,0,3.63,5,0,0,bounded,0.005,25,-3000,True,0.000101284919405419,0.00010035340206859,1.530979314099531,2.099020685900469,2.209920054899103,0.0008707074609884634,0.8556700179190669,0.8556959160978684,-0.0,1.0,-0.0,1.0,0.0,1.0,0.0,1.0,0.0,1.0,-0.0,1.0,1.009282369283229,0.353402068590003,1.2849194054189939,True
20261004,ss,0,3.63,5,0,0,bounded,0.005,25,3000,True,0.0001014828673043978,0.0001005513286985107,1.531713014892765,2.098286985107235,2.209772285121133,0.0008724156741499637,0.855671438883167,0.8556974005102627,-0.0,1.0,-0.0,1.0,0.0,1.0,0.0,1.0,0.0,1.0,-0.0,1.0,1.0092643092631843,0.5513286985106891,1.4828673043977947,True
20261004,ss,0,3.63,5.5,0,0,bounded,-0.005,-25,-3000,True,0.0001009950717571134,9.948872322815969e-05,1.527767718402997,2.102232281597002,2.710136915524346,0.000916616974434776,0.8556679112141408,0.8556896244169461,-0.0,1.0,-0.0,1.0,0.0,1.0,0.0,1.0,0.0,1.0,-0.0,1.0,1.015140897179866,-0.5112767718403188,0.9950717571133971,True
20261004,ss,0,3.63,5.5,0,0,bounded,-0.005,-25,3000,True,0.0001011939027972968,9.968664958058463e-05,1.528504194153739,2.101495805846261,2.709988090021218,0.0009184290178150652,0.8556693385833873,0.8556911091360588,-0.0,1.0,-0.0,1.0,0.0,1.0,0.0,1.0,0.0,1.0,-0.0,1.0,1.0151199104699946,-0.31335041941538133,1.1939027972968086,True
20261004,ss,0,3.63,5.5,0,0,bounded,-0.005,25,-3000,True,0.0001008595032478948,9.935377347908996e-05,1.527265209100185,2.102734790899815,2.710238545732354,0.0009153814800448492,0.8556669379927103,0.855688612106503,-0.0,1.0,-0.0,1.0,0.0,1.0,0.0,1.0,0.0,1.0,-0.0,1.0,1.0151552348348574,-0.6462265209100426,0.8595032478947884,True
20261004,ss,0,3.63,5.5,0,0,bounded,-0.005,25,3000,True,0.0001010583365364664,9.95516997879088e-05,1.528002120912118,2.101997879087882,2.71008953205105,0.0009171935356330914,0.8556683653799426,0.8556900968279414,-0.0,1.0,-0.0,1.0,0.0,1.0,0.0,1.0,0.0,1.0,-0.0,1.0,1.0151342141999327,-0.44830021209121274,1.0583365364663866,True
20261004,ss,0,3.63,5.5,0,0,bounded,0.005,-25,-3000,True,0.0001019992353256232,0.0001004883519212979,1.531480787020292,2.098519212979707,2.709388073931433,0.0009257685262175298,0.8556751198808235,0.8556971229634415,-0.0,1.0,-0.0,1.0,0.0,1.0,0.0,1.0,0.0,1.0,-0.0,1.0,1.0150354083377606,0.4883519212978804,1.9992353256232054,True
20261004,ss,0,3.63,5.5,0,0,bounded,0.005,-25,3000,True,0.0001021980498067326,0.0001006862785940077,1.532214059923254,2.097785940076746,2.709240626654204,0.0009275804796855982,0.8556765471175383,0.855698607665336,-0.0,1.0,-0.0,1.0,0.0,1.0,0.0,1.0,0.0,1.0,-0.0,1.0,1.0150146696633882,0.6862785940076943,2.1980498067325938,True
20261004,ss,0,3.63,5.5,0,0,bounded,0.005,25,-3000,True,0.0001018636781258824,0.0001003534019533092,1.530980466907627,2.099019533092373,2.709488761314438,0.0009245330932351949,0.8556741467498966,0.8556961106647436,-0.0,1.0,-0.0,1.0,0.0,1.0,0.0,1.0,0.0,1.0,-0.0,1.0,1.0150495762293728,0.3534019533091959,1.8636781258823953,True
20261004,ss,0,3.63,5.5,0,0,bounded,0.005,25,3000,True,0.0001020624948326959,0.0001005513285830584,1.531714169415746,2.098285830584254,2.70934112957461,0.0009263450587886704,0.8556755740044318,0.8556975953689598,-0.0,1.0,-0.0,1.0,0.0,1.0,0.0,1.0,0.0,1.0,-0.0,1.0,1.0150288044020146,0.5513285830583969,2.0624948326958936,True
20261004,ss,27,2.97,4.5,0,0,bounded,-0.005,-25,-3000,True,9.97597673003573e-05,9.955176681073218e-05,1.542331892678198,1.427668107321802,1.700199594729115,0.000744587709945553,0.8198568133072677,0.8198876844133142,-0.0,1.0,-0.0,1.0,0.0,1.0,0.0,1.0,0.0,1.0,-0.0,1.0,1.0020893701466955,-0.4482331892678326,-0.24023269964270622,True
20261004,ss,27,2.97,4.5,0,0,bounded,-0.005,-25,3000,True,9.95631227381947e-05,9.935384602500812e-05,1.541539749918803,1.428460250081197,1.700362531211384,0.000743114984682195,0.8198553886087641,0.8198861867327776,-0.0,1.0,-0.0,1.0,0.0,1.0,0.0,1.0,0.0,1.0,-0.0,1.0,1.0021063775742904,-0.6461539749918921,-0.43687726180530184,True
20261004,ss,27,2.97,4.5,0,0,bounded,-0.005,25,-3000,True,9.97597673003573e-05,9.955176681073218e-05,1.542331892678198,1.427668107321802,1.700199594729115,0.000744587709945553,0.8198568133072677,0.8198876844133142,-0.0,1.0,-0.0,1.0,0.0,1.0,0.0,1.0,0.0,1.0,-0.0,1.0,1.0020893701466955,-0.4482331892678326,-0.24023269964270622,True
20261004,ss,27,2.97,4.5,0,0,bounded,-0.005,25,3000,True,9.95631227381947e-05,9.935384602500812e-05,1.541539749918803,1.428460250081197,1.700362531211384,0.000743114984682195,0.8198553886087641,0.8198861867327776,-0.0,1.0,-0.0,1.0,0.0,1.0,0.0,1.0,0.0,1.0,-0.0,1.0,1.0021063775742904,-0.6461539749918921,-0.43687726180530184,True
20261004,ss,27,2.97,4.5,0,0,bounded,0.005,-25,-3000,True,0.0001007528673073158,0.0001005513677808938,1.546322191062167,1.423677808937833,1.699381310059885,0.0007520254748582535,0.8198640083226028,0.8198952484033688,-0.0,1.0,-0.0,1.0,0.0,1.0,0.0,1.0,0.0,1.0,-0.0,1.0,1.002003946150798,0.5513677808937967,0.7528673073157854,True
20261004,ss,27,2.97,4.5,0,0,bounded,0.005,-25,3000,True,0.000100556240695772,0.0001003534466513332,1.545533486667628,1.424466513332372,1.699542721201069,0.0007505528293514868,0.8198625837666812,0.8198937507403695,-0.0,1.0,-0.0,1.0,0.0,1.0,0.0,1.0,0.0,1.0,-0.0,1.0,1.0020207980015214,0.3534466513331891,0.5562406957720034,True
20261004,ss,27,2.97,4.5,0,0,bounded,0.005,25,-3000,True,0.0001007528673073158,0.0001005513677808938,1.546322191062167,1.423677808937833,1.699381310059885,0.0007520254748582535,0.8198640083226028,0.8198952484033688,-0.0,1.0,-0.0,1.0,0.0,1.0,0.0,1.0,0.0,1.0,-0.0,1.0,1.002003946150798,0.5513677808937967,0.7528673073157854,True
20261004,ss,27,2.97,4.5,0,0,bounded,0.005,25,3000,True,0.000100556240695772,0.0001003534466513332,1.545533486667628,1.424466513332372,1.699542721201069,0.0007505528293514868,0.8198625837666812,0.8198937507403695,-0.0,1.0,-0.0,1.0,0.0,1.0,0.0,1.0,0.0,1.0,-0.0,1.0,1.0020207980015214,0.3534466513331891,0.5562406957720034,True
20261004,ss,27,2.97,5,0,0,bounded,-0.005,-25,-3000,True,0.0001004431407115582,9.955176667448351e-05,1.54233325516473,1.427666744835271,2.199635699516576,0.0007978844602470671,0.819861761426511,0.8198879163073134,-0.0,1.0,-0.0,1.0,0.0,1.0,0.0,1.0,0.0,1.0,-0.0,1.0,1.0089538746207218,-0.4482333255164894,0.4431407115581987,True
20261004,ss,27,2.97,5,0,0,bounded,-0.005,-25,3000,True,0.0001002452951028089,9.935384588899701e-05,1.541541110029756,1.428458889970245,2.199798583035184,0.0007963074074704365,0.81986032803948,0.8198864182196456,-0.0,1.0,-0.0,1.0,0.0,1.0,0.0,1.0,0.0,1.0,-0.0,1.0,1.008972468109668,-0.6461541110029945,0.24529510280890676,True
20261004,ss,27,2.97,5,0,0,bounded,-0.005,25,-3000,True,0.0001004431407115582,9.955176667448351e-05,1.54233325516473,1.427666744835271,2.199635699516576,0.0007978844602470671,0.819861761426511,0.8198879163073134,-0.0,1.0,-0.0,1.0,0.0,1.0,0.0,1.0,0.0,1.0,-0.0,1.0,1.0089538746207218,-0.4482333255164894,0.4431407115581987,True
20261004,ss,27,2.97,5,0,0,bounded,-0.005,25,3000,True,0.0001002452951028089,9.935384588899701e-05,1.541541110029756,1.428458889970245,2.199798583035184,0.0007963074074704365,0.81986032803948,0.8198864182196456,-0.0,1.0,-0.0,1.0,0.0,1.0,0.0,1.0,0.0,1.0,-0.0,1.0,1.008972468109668,-0.6461541110029945,0.24529510280890676,True
20261004,ss,27,2.97,5,0,0,bounded,0.005,-25,-3000,True,0.0001014423102674512,0.0001005513676434447,1.546323565553026,1.423676434446974,2.198817672337841,0.000805849122904375,0.8198690003492489,0.8198954823548218,-0.0,1.0,-0.0,1.0,0.0,1.0,0.0,1.0,0.0,1.0,-0.0,1.0,1.0088605719135098,0.5513676434447001,1.4423102674511856,True
20261004,ss,27,2.97,5,0,0,bounded,0.005,-25,3000,True,0.0001012444813959269,0.0001003534465141219,1.545534858780612,1.424465141219388,2.198979033812507,0.0008042721527926759,0.8198675670961879,0.8198939842842836,-0.0,1.0,-0.0,1.0,0.0,1.0,0.0,1.0,0.0,1.0,-0.0,1.0,1.0088789664207458,0.3534465141218801,1.2444813959268997,True
20261004,ss,27,2.97,5,0,0,bounded,0.005,25,-3000,True,0.0001014423102674512,0.0001005513676434447,1.546323565553026,1.423676434446974,2.198817672337841,0.000805849122904375,0.8198690003492489,0.8198954823548218,-0.0,1.0,-0.0,1.0,0.0,1.0,0.0,1.0,0.0,1.0,-0.0,1.0,1.0088605719135098,0.5513676434447001,1.4423102674511856,True
20261004,ss,27,2.97,5,0,0,bounded,0.005,25,3000,True,0.0001012444813959269,0.0001003534465141219,1.545534858780612,1.424465141219388,2.198979033812507,0.0008042721527926759,0.8198675670961879,0.8198939842842836,-0.0,1.0,-0.0,1.0,0.0,1.0,0.0,1.0,0.0,1.0,-0.0,1.0,1.0088789664207458,0.3534465141218801,1.2444813959268997,True
20261004,ss,27,2.97,5.5,0,0,bounded,-0.005,-25,-3000,True,0.000101009432376829,9.955176656157994e-05,1.542334384200388,1.427665615799612,2.699171139547869,0.0008512206344264938,0.8198658454814014,0.819888108453645,-0.0,1.0,-0.0,1.0,0.0,1.0,0.0,1.0,0.0,1.0,-0.0,1.0,1.0146422897914864,-0.4482334384200648,1.0094323768290003,True
20261004,ss,27,2.97,5.5,0,0,bounded,-0.005,-25,3000,True,0.0001008107000470187,9.935384577626865e-05,1.541542237313285,1.428457762686716,2.699333891355415,0.0008495397818802299,0.8198644056258737,0.8198866100653709,-0.0,1.0,-0.0,1.0,0.0,1.0,0.0,1.0,0.0,1.0,-0.0,1.0,1.0146632901763128,-0.6461542237313544,0.8107000470187087,True
20261004,ss,27,2.97,5.5,0,0,bounded,-0.005,25,-3000,True,0.000101009432376829,9.955176656157994e-05,1.542334384200388,1.427665615799612,2.699171139547869,0.0008512206344264938,0.8198658454814014,0.819888108453645,-0.0,1.0,-0.0,1.0,0.0,1.0,0.0,1.0,0.0,1.0,-0.0,1.0,1.0146422897914864,-0.4482334384200648,1.0094323768290003,True
20261004,ss,27,2.97,5.5,0,0,bounded,-0.005,25,3000,True,0.0001008107000470187,9.935384577626865e-05,1.541542237313285,1.428457762686716,2.699333891355415,0.0008495397818802299,0.8198644056258737,0.8198866100653709,-0.0,1.0,-0.0,1.0,0.0,1.0,0.0,1.0,0.0,1.0,-0.0,1.0,1.0146632901763128,-0.6461542237313544,0.8107000470187087,True
20261004,ss,27,2.97,5.5,0,0,bounded,0.005,-25,-3000,True,0.0001020130790208623,0.0001005513675296565,1.546324703434917,1.423675296565084,2.698353767927932,0.0008597095058438817,0.8198731170608929,0.8198956760188914,-0.0,1.0,-0.0,1.0,0.0,1.0,0.0,1.0,0.0,1.0,-0.0,1.0,1.0145369628192742,0.551367529656499,2.013079020862296,True
20261004,ss,27,2.97,5.5,0,0,bounded,0.005,-25,3000,True,0.0001018143638547802,0.0001003534464005088,1.545535994911387,1.424464005088613,2.69851500087091,0.0008580287466768474,0.8198716773434144,0.8198941776479013,-0.0,1.0,-0.0,1.0,0.0,1.0,0.0,1.0,0.0,1.0,-0.0,1.0,1.0145577208025414,0.3534464005087834,1.8143638547801988,True
20261004,ss,27,2.97,5.5,0,0,bounded,0.005,25,-3000,True,0.0001020130790208623,0.0001005513675296565,1.546324703434917,1.423675296565084,2.698353767927932,0.0008597095058438817,0.8198731170608929,0.8198956760188914,-0.0,1.0,-0.0,1.0,0.0,1.0,0.0,1.0,0.0,1.0,-0.0,1.0,1.0145369628192742,0.551367529656499,2.013079020862296,True
20261004,ss,27,2.97,5.5,0,0,bounded,0.005,25,3000,True,0.0001018143638547802,0.0001003534464005088,1.545535994911387,1.424464005088613,2.69851500087091,0.0008580287466768474,0.8198716773434144,0.8198941776479013,-0.0,1.0,-0.0,1.0,0.0,1.0,0.0,1.0,0.0,1.0,-0.0,1.0,1.0145577208025414,0.3534464005087834,1.8143638547801988,True
20261004,ss,27,3.3,4.5,0,0,bounded,-0.005,-25,-3000,True,9.969426456410891e-05,9.948579320786205e-05,1.542067921379361,1.757932078620639,1.700253835682821,0.0007769273200640889,0.8198563387373071,0.8198871852022662,-0.0,1.0,-0.0,1.0,0.0,1.0,0.0,1.0,0.0,1.0,-0.0,1.0,1.0020954887077322,-0.5142067921379501,-0.30573543589109686,True
20261004,ss,27,3.3,4.5,0,0,bounded,-0.005,-25,3000,True,9.969426456407339e-05,9.948579320786205e-05,1.542067921379333,1.757932078620667,1.700253835682846,0.000776927320063929,0.8198563387373071,0.8198871852022662,-0.0,1.0,-0.0,1.0,0.0,1.0,0.0,1.0,0.0,1.0,-0.0,1.0,1.0020954887073752,-0.5142067921379501,-0.3057354359266129,True
20261004,ss,27,3.3,4.5,0,0,bounded,-0.005,25,-3000,True,9.969426456410891e-05,9.948579320786205e-05,1.542067921379361,1.757932078620639,1.700253835682821,0.0007769273200640889,0.8198563387373071,0.8198871852022662,-0.0,1.0,-0.0,1.0,0.0,1.0,0.0,1.0,0.0,1.0,-0.0,1.0,1.0020954887077322,-0.5142067921379501,-0.30573543589109686,True
20261004,ss,27,3.3,4.5,0,0,bounded,-0.005,25,3000,True,9.969426456407339e-05,9.948579320786205e-05,1.542067921379333,1.757932078620667,1.700253835682846,0.000776927320063929,0.8198563387373071,0.8198871852022662,-0.0,1.0,-0.0,1.0,0.0,1.0,0.0,1.0,0.0,1.0,-0.0,1.0,1.0020954887073752,-0.5142067921379501,-0.3057354359266129,True
20261004,ss,27,3.3,4.5,0,0,bounded,0.005,-25,-3000,True,0.0001006873739636253,0.0001004853940635234,1.546059364765479,1.753940635234521,1.699435040782738,0.0007846949951857227,0.8198635338248503,0.8198947491993263,-0.0,1.0,-0.0,1.0,0.0,1.0,0.0,1.0,0.0,1.0,-0.0,1.0,1.002010042374658,0.4853940635233922,0.687373963625304,True
20261004,ss,27,3.3,4.5,0,0,bounded,0.005,-25,3000,True,0.0001006873739637319,0.0001004853940635234,1.546059364765575,1.753940635234425,1.699435040782655,0.0007846949951862023,0.8198635338248521,0.8198947491993263,-0.0,1.0,-0.0,1.0,0.0,1.0,0.0,1.0,0.0,1.0,-0.0,1.0,1.002010042375719,0.4853940635233922,0.6873739637318854,True
20261004,ss,27,3.3,4.5,0,0,bounded,0.005,25,-3000,True,0.0001006873739636253,0.0001004853940635234,1.546059364765479,1.753940635234521,1.699435040782738,0.0007846949951857227,0.8198635338248503,0.8198947491993263,-0.0,1.0,-0.0,1.0,0.0,1.0,0.0,1.0,0.0,1.0,-0.0,1.0,1.002010042374658,0.4853940635233922,0.687373963625304,True
20261004,ss,27,3.3,4.5,0,0,bounded,0.005,25,3000,True,0.0001006873739637319,0.0001004853940635234,1.546059364765575,1.753940635234425,1.699435040782655,0.0007846949951862023,0.8198635338248521,0.8198947491993263,-0.0,1.0,-0.0,1.0,0.0,1.0,0.0,1.0,0.0,1.0,-0.0,1.0,1.002010042375719,0.4853940635233922,0.6873739637318854,True
20261004,ss,27,3.3,5,0,0,bounded,-0.005,-25,-3000,True,0.0001003772378756053,9.948579307169255e-05,1.542069283074464,1.757930716925536,2.199689922900863,0.000830189318454268,0.819861283962177,0.8198874169606393,-0.0,1.0,-0.0,1.0,0.0,1.0,0.0,1.0,0.0,1.0,-0.0,1.0,1.008960523672665,-0.5142069283074591,0.3772378756052852,True
20261004,ss,27,3.3,5,0,0,bounded,-0.005,-25,3000,True,0.0001003772378756053,9.948579307169256e-05,1.542069283074467,1.757930716925534,2.199689922900604,0.000830189318454268,0.819861283962177,0.8198874169606393,-0.0,1.0,-0.0,1.0,0.0,1.0,0.0,1.0,0.0,1.0,-0.0,1.0,1.0089605236726649,-0.514206928307448,0.3772378756052852,True
20261004,ss,27,3.3,5,0,0,bounded,-0.005,25,-3000,True,0.0001003772378756053,9.948579307169255e-05,1.542069283074464,1.757930716925536,2.199689922900863,0.000830189318454268,0.819861283962177,0.8198874169606393,-0.0,1.0,-0.0,1.0,0.0,1.0,0.0,1.0,0.0,1.0,-0.0,1.0,1.008960523672665,-0.5142069283074591,0.3772378756052852,True
20261004,ss,27,3.3,5,0,0,bounded,-0.005,25,3000,True,0.0001003772378756053,9.948579307169256e-05,1.542069283074467,1.757930716925534,2.199689922900604,0.000830189318454268,0.819861283962177,0.8198874169606393,-0.0,1.0,-0.0,1.0,0.0,1.0,0.0,1.0,0.0,1.0,-0.0,1.0,1.0089605236726649,-0.514206928307448,0.3772378756052852,True
20261004,ss,27,3.3,5,0,0,bounded,0.005,-25,-3000,True,0.0001013764164405585,0.0001004853939261535,1.546060738464364,1.753939261535636,2.198871386588459,0.0008384838940988143,0.8198685229544094,0.8198949830150245,-0.0,1.0,-0.0,1.0,0.0,1.0,0.0,1.0,0.0,1.0,-0.0,1.0,1.0088671843696986,0.48539392615349897,1.3764164405584811,True
20261004,ss,27,3.3,5,0,0,bounded,0.005,-25,3000,True,0.0001013764164405763,0.0001004853939261535,1.546060738464305,1.753939261535695,2.198871386588241,0.0008384838940989031,0.8198685229544094,0.8198949830150245,-0.0,1.0,-0.0,1.0,0.0,1.0,0.0,1.0,0.0,1.0,-0.0,1.0,1.008867184369876,0.48539392615349897,1.376416440576289,True
20261004,ss,27,3.3,5,0,0,bounded,0.005,25,-3000,True,0.0001013764164405585,0.0001004853939261535,1.546060738464364,1.753939261535636,2.198871386588459,0.0008384838940988143,0.8198685229544094,0.8198949830150245,-0.0,1.0,-0.0,1.0,0.0,1.0,0.0,1.0,0.0,1.0,-0.0,1.0,1.0088671843696986,0.48539392615349897,1.3764164405584811,True
20261004,ss,27,3.3,5,0,0,bounded,0.005,25,3000,True,0.0001013764164405763,0.0001004853939261535,1.546060738464305,1.753939261535695,2.198871386588241,0.0008384838940989031,0.8198685229544094,0.8198949830150245,-0.0,1.0,-0.0,1.0,0.0,1.0,0.0,1.0,0.0,1.0,-0.0,1.0,1.008867184369876,0.48539392615349897,1.376416440576289,True
20261004,ss,27,3.3,5.5,0,0,bounded,-0.005,-25,-3000,True,0.0001009432341803223,9.948579295884735e-05,1.542070411526452,1.757929588473549,2.699225319129132,0.0008834909166955953,0.8198653658624804,0.8198876090068421,-0.0,1.0,-0.0,1.0,0.0,1.0,0.0,1.0,0.0,1.0,-0.0,1.0,1.0146497422207594,-0.5142070411526589,0.9432341803222943,True
20261004,ss,27,3.3,5.5,0,0,bounded,-0.005,-25,3000,True,0.0001009432341803223,9.948579295884735e-05,1.542070411526401,1.757929588473599,2.699225319129148,0.0008834909166955953,0.8198653658624804,0.8198876090068421,-0.0,1.0,-0.0,1.0,0.0,1.0,0.0,1.0,0.0,1.0,-0.0,1.0,1.0146497422207594,-0.5142070411526589,0.9432341803222943,True
20261004,ss,27,3.3,5.5,0,0,bounded,-0.005,25,-3000,True,0.0001009432341803223,9.948579295884735e-05,1.542070411526452,1.757929588473549,2.699225319129132,0.0008834909166955953,0.8198653658624804,0.8198876090068421,-0.0,1.0,-0.0,1.0,0.0,1.0,0.0,1.0,0.0,1.0,-0.0,1.0,1.0146497422207594,-0.5142070411526589,0.9432341803222943,True
20261004,ss,27,3.3,5.5,0,0,bounded,-0.005,25,3000,True,0.0001009432341803223,9.948579295884735e-05,1.542070411526401,1.757929588473599,2.699225319129148,0.0008834909166955953,0.8198653658624804,0.8198876090068421,-0.0,1.0,-0.0,1.0,0.0,1.0,0.0,1.0,0.0,1.0,-0.0,1.0,1.0146497422207594,-0.5142070411526589,0.9432341803222943,True
20261004,ss,27,3.3,5.5,0,0,bounded,0.005,-25,-3000,True,0.000101946889990499,0.0001004853938124237,1.546061875762898,1.753938124237102,2.698407439435043,0.0008923097064684163,0.8198726375129306,0.8198951765790191,-0.0,1.0,-0.0,1.0,0.0,1.0,0.0,1.0,0.0,1.0,-0.0,1.0,1.0145443643362086,0.4853938124236956,1.94688999049899,True
20261004,ss,27,3.3,5.5,0,0,bounded,0.005,-25,3000,True,0.0001019468899905168,0.0001004853938124237,1.546061875762915,1.753938124237085,2.698407439435019,0.000892309706468514,0.8198726375129306,0.8198951765790191,-0.0,1.0,-0.0,1.0,0.0,1.0,0.0,1.0,0.0,1.0,-0.0,1.0,1.0145443643363858,0.4853938124236956,1.946889990516798,True
20261004,ss,27,3.3,5.5,0,0,bounded,0.005,25,-3000,True,0.000101946889990499,0.0001004853938124237,1.546061875762898,1.753938124237102,2.698407439435043,0.0008923097064684163,0.8198726375129306,0.8198951765790191,-0.0,1.0,-0.0,1.0,0.0,1.0,0.0,1.0,0.0,1.0,-0.0,1.0,1.0145443643362086,0.4853938124236956,1.94688999049899,True
20261004,ss,27,3.3,5.5,0,0,bounded,0.005,25,3000,True,0.0001019468899905168,0.0001004853938124237,1.546061875762915,1.753938124237085,2.698407439435019,0.000892309706468514,0.8198726375129306,0.8198951765790191,-0.0,1.0,-0.0,1.0,0.0,1.0,0.0,1.0,0.0,1.0,-0.0,1.0,1.0145443643363858,0.4853938124236956,1.946889990516798,True
20261004,ss,27,3.63,4.5,0,0,bounded,-0.005,-25,-3000,True,9.96287205097294e-05,9.941981961261731e-05,1.541803873826787,2.088196126173213,1.700308144379965,0.000809223201940041,0.8198558638678609,0.8198866859769467,-0.0,1.0,-0.0,1.0,0.0,1.0,0.0,1.0,0.0,1.0,-0.0,1.0,1.0021011997197948,-0.5801803873827005,-0.37127949027060403,True
20261004,ss,27,3.63,4.5,0,0,bounded,-0.005,-25,3000,True,9.982536455530967e-05,9.961774042119279e-05,1.542595788072023,2.087404211927977,1.700145309033017,0.0008108265526800803,0.8198572885617936,0.8198881836565532,-0.0,1.0,-0.0,1.0,0.0,1.0,0.0,1.0,0.0,1.0,-0.0,1.0,1.0020842084275254,-0.3822595788072203,-0.17463544469032977,True
20261004,ss,27,3.63,4.5,0,0,bounded,-0.005,25,-3000,True,9.96287205097294e-05,9.941981961261731e-05,1.541803873826787,2.088196126173213,1.700308144379965,0.000809223201940041,0.8198558638678609,0.8198866859769467,-0.0,1.0,-0.0,1.0,0.0,1.0,0.0,1.0,0.0,1.0,-0.0,1.0,1.0021011997197948,-0.5801803873827005,-0.37127949027060403,True
20261004,ss,27,3.63,4.5,0,0,bounded,-0.005,25,3000,True,9.982536455530967e-05,9.961774042119279e-05,1.542595788072023,2.087404211927977,1.700145309033017,0.0008108265526800803,0.8198572885617936,0.8198881836565532,-0.0,1.0,-0.0,1.0,0.0,1.0,0.0,1.0,0.0,1.0,-0.0,1.0,1.0020842084275254,-0.3822595788072203,-0.17463544469032977,True
20261004,ss,27,3.63,4.5,0,0,bounded,0.005,-25,-3000,True,0.0001006218359930548,0.0001004194203536665,1.545796463334344,2.084203536665656,1.699488840981484,0.000817320772304886,0.8198630590036612,0.819894249979886,-0.0,1.0,-0.0,1.0,0.0,1.0,0.0,1.0,0.0,1.0,-0.0,1.0,1.0020157021288851,0.41942035366648867,0.6218359930547868,True
20261004,ss,27,3.63,4.5,0,0,bounded,0.005,-25,3000,True,0.0001008184621560863,0.0001006173415057409,1.546584942590852,2.083415057409148,1.699327528926297,0.0008189240438205732,0.8198644835555007,0.8198957476419743,-0.0,1.0,-0.0,1.0,0.0,1.0,0.0,1.0,0.0,1.0,-0.0,1.0,1.0019988666698567,0.6173415057408871,0.818462156086297,True
20261004,ss,27,3.63,4.5,0,0,bounded,0.005,25,-3000,True,0.0001006218359930548,0.0001004194203536665,1.545796463334344,2.084203536665656,1.699488840981484,0.000817320772304886,0.8198630590036612,0.819894249979886,-0.0,1.0,-0.0,1.0,0.0,1.0,0.0,1.0,0.0,1.0,-0.0,1.0,1.0020157021288851,0.41942035366648867,0.6218359930547868,True
20261004,ss,27,3.63,4.5,0,0,bounded,0.005,25,3000,True,0.0001008184621560863,0.0001006173415057409,1.546584942590852,2.083415057409148,1.699327528926297,0.0008189240438205732,0.8198644835555007,0.8198957476419743,-0.0,1.0,-0.0,1.0,0.0,1.0,0.0,1.0,0.0,1.0,-0.0,1.0,1.0019988666698567,0.6173415057408871,0.818462156086297,True
20261004,ss,27,3.63,5,0,0,bounded,-0.005,-25,-3000,True,0.0001003112934977181,9.941981947652698e-05,1.541805234730172,2.088194765269829,2.199744213944584,0.0008624504266407577,0.8198608061967421,0.8198869175996181,-0.0,1.0,-0.0,1.0,0.0,1.0,0.0,1.0,0.0,1.0,-0.0,1.0,1.008966763628067,-0.5801805234730284,0.31129349771807924,True
20261004,ss,27,3.63,5,0,0,bounded,-0.005,-25,3000,True,0.0001005091386729474,9.961774028486488e-05,1.542597151351053,2.087402848648947,2.199581431341659,0.000864158105051228,0.8198622395797912,0.8198884156863852,-0.0,1.0,-0.0,1.0,0.0,1.0,0.0,1.0,0.0,1.0,-0.0,1.0,1.0089481892033838,-0.3822597151351248,0.5091386729473957,True
20261004,ss,27,3.63,5,0,0,bounded,-0.005,25,-3000,True,0.0001003112934977181,9.941981947652698e-05,1.541805234730172,2.088194765269829,2.199744213944584,0.0008624504266407577,0.8198608061967421,0.8198869175996181,-0.0,1.0,-0.0,1.0,0.0,1.0,0.0,1.0,0.0,1.0,-0.0,1.0,1.008966763628067,-0.5801805234730284,0.31129349771807924,True
20261004,ss,27,3.63,5,0,0,bounded,-0.005,25,3000,True,0.0001005091386729474,9.961774028486488e-05,1.542597151351053,2.087402848648947,2.199581431341659,0.000864158105051228,0.8198622395797912,0.8198884156863852,-0.0,1.0,-0.0,1.0,0.0,1.0,0.0,1.0,0.0,1.0,-0.0,1.0,1.0089481892033838,-0.3822597151351248,0.5091386729473957,True
20261004,ss,27,3.63,5,0,0,bounded,0.005,-25,-3000,True,0.0001013104777425013,0.0001004194202163759,1.545797836240687,2.084202163759313,2.198925170232905,0.000871074898550323,0.819868045234357,0.8198944836597462,-0.0,1.0,-0.0,1.0,0.0,1.0,0.0,1.0,0.0,1.0,-0.0,1.0,1.0088733586014083,0.41942021637588756,1.3104777425013037,True
20261004,ss,27,3.63,5,0,0,bounded,0.005,-25,3000,True,0.0001015083062510803,0.0001006173413682125,1.54658631787509,2.08341368212491,2.198763907629289,0.0008727824948744576,0.8198694784839476,0.8198959817294013,-0.0,1.0,-0.0,1.0,0.0,1.0,0.0,1.0,0.0,1.0,-0.0,1.0,1.0088549833532898,0.6173413682124984,1.5083062510802936,True
20261004,ss,27,3.63,5,0,0,bounded,0.005,25,-3000,True,0.0001013104777425013,0.0001004194202163759,1.545797836240687,2.084202163759313,2.198925170232905,0.000871074898550323,0.819868045234357,0.8198944836597462,-0.0,1.0,-0.0,1.0,0.0,1.0,0.0,1.0,0.0,1.0,-0.0,1.0,1.0088733586014083,0.41942021637588756,1.3104777425013037,True
20261004,ss,27,3.63,5,0,0,bounded,0.005,25,3000,True,0.0001015083062510803,0.0001006173413682125,1.54658631787509,2.08341368212491,2.198763907629289,0.0008727824948744576,0.8198694784839476,0.8198959817294013,-0.0,1.0,-0.0,1.0,0.0,1.0,0.0,1.0,0.0,1.0,-0.0,1.0,1.0088549833532898,0.6173413682124984,1.5083062510802936,True
20261004,ss,27,3.63,5.5,0,0,bounded,-0.005,-25,-3000,True,0.0001008769942475123,9.941981936374018e-05,1.541806362598122,2.088193637401878,2.699279566271947,0.0009157174271040259,0.8198648859410143,0.819887109545625,-0.0,1.0,-0.0,1.0,0.0,1.0,0.0,1.0,0.0,1.0,-0.0,1.0,1.0146567846642414,-0.5801806362598305,0.876994247512286,True
20261004,ss,27,3.63,5.5,0,0,bounded,-0.005,-25,3000,True,0.0001010757261177791,9.961774017190287e-05,1.54259828097121,2.08740171902879,2.699116915168242,0.0009175289049242121,0.8198663257923055,0.8198886079329877,-0.0,1.0,-0.0,1.0,0.0,1.0,0.0,1.0,0.0,1.0,-0.0,1.0,1.0146358062666376,-0.3822598280971312,1.0757261177790856,True
20261004,ss,27,3.63,5.5,0,0,bounded,-0.005,25,-3000,True,0.0001008769942475123,9.941981936374018e-05,1.541806362598122,2.088193637401878,2.699279566271947,0.0009157174271040259,0.8198648859410143,0.819887109545625,-0.0,1.0,-0.0,1.0,0.0,1.0,0.0,1.0,0.0,1.0,-0.0,1.0,1.0146567846642414,-0.5801806362598305,0.876994247512286,True
20261004,ss,27,3.63,5.5,0,0,bounded,-0.005,25,3000,True,0.0001010757261177791,9.961774017190287e-05,1.54259828097121,2.08740171902879,2.699116915168242,0.0009175289049242121,0.8198663257923055,0.8198886079329877,-0.0,1.0,-0.0,1.0,0.0,1.0,0.0,1.0,0.0,1.0,-0.0,1.0,1.0146358062666376,-0.3822598280971312,1.0757261177790856,True
20261004,ss,27,3.63,5.5,0,0,bounded,0.005,-25,-3000,True,0.0001018806558800716,0.0001004194201027044,1.545798972955623,2.084201027044378,2.698461180238387,0.0009248661167655273,0.8198721576382146,0.8198946771235981,-0.0,1.0,-0.0,1.0,0.0,1.0,0.0,1.0,0.0,1.0,-0.0,1.0,1.0145513265847652,0.4194201027043931,1.8806558800716022,True
20261004,ss,27,3.63,5.5,0,0,bounded,0.005,-25,3000,True,0.0001020793706591743,0.0001006173412543659,1.546587456341178,2.083412543658822,2.698300045959617,0.0009266775018312268,0.8198735973519786,0.8198961754936993,-0.0,1.0,-0.0,1.0,0.0,1.0,0.0,1.0,0.0,1.0,-0.0,1.0,1.0145305907170843,0.6173412543658996,2.0793706591742955,True
20261004,ss,27,3.63,5.5,0,0,bounded,0.005,25,-3000,True,0.0001018806558800716,0.0001004194201027044,1.545798972955623,2.084201027044378,2.698461180238387,0.0009248661167655273,0.8198721576382146,0.8198946771235981,-0.0,1.0,-0.0,1.0,0.0,1.0,0.0,1.0,0.0,1.0,-0.0,1.0,1.0145513265847652,0.4194201027043931,1.8806558800716022,True
20261004,ss,27,3.63,5.5,0,0,bounded,0.005,25,3000,True,0.0001020793706591743,0.0001006173412543659,1.546587456341178,2.083412543658822,2.698300045959617,0.0009266775018312268,0.8198735973519786,0.8198961754936993,-0.0,1.0,-0.0,1.0,0.0,1.0,0.0,1.0,0.0,1.0,-0.0,1.0,1.0145305907170843,0.6173412543658996,2.0793706591742955,True
20261004,ss,85,2.97,4.5,0,0,bounded,-0.005,-25,-3000,True,9.953791646771939e-05,9.940389279685646e-05,1.5710720314354,1.3989279685646,1.679129548723113,0.0007431501954001527,0.742946617430214,0.7429785683673404,-0.0,1.0,-0.0,1.0,0.0,1.0,0.0,1.0,0.0,1.0,-0.0,1.0,1.0013482738662642,-0.5961072031435477,-0.4620835322806216,True
20261004,ss,85,2.97,4.5,0,0,bounded,-0.005,-25,3000,True,9.934162873597975e-05,9.92059840066677e-05,1.570159933322841,1.399840066677159,1.679322127734255,0.0007416791115004619,0.7429451673000526,0.7429770413942975,-0.0,1.0,-0.0,1.0,0.0,1.0,0.0,1.0,0.0,1.0,-0.0,1.0,1.001367303904802,-0.7940159933322977,-0.6583712640202521,True
20261004,ss,85,2.97,4.5,0,0,bounded,-0.005,25,-3000,True,9.982540082228132e-05,9.969375934724857e-05,1.572406527514204,1.397593472485796,1.67884814563201,0.0007453047786501832,0.7429487412963139,0.7429808048363782,-0.0,1.0,-0.0,1.0,0.0,1.0,0.0,1.0,0.0,1.0,-0.0,1.0,1.0013204585311526,-0.30624065275143275,-0.17459917771868172,True
20261004,ss,85,2.97,4.5,0,0,bounded,-0.005,25,3000,True,9.962911940168886e-05,9.94958504430575e-05,1.571495569424984,1.398504430575016,1.679040191605407,0.0007438337228120981,0.7429472912163928,0.742979277868716,-0.0,1.0,-0.0,1.0,0.0,1.0,0.0,1.0,0.0,1.0,-0.0,1.0,1.0013394423791335,-0.5041495569425125,-0.37088059831115183,True
20261004,ss,85,2.97,4.5,0,0,bounded,0.005,-25,-3000,True,0.0001005292028799635,0.0001004034333266201,1.575666733798419,1.394333266201581,1.678162463541105,0.0007505796196285345,0.7429539407963258,0.742986280296255,-0.0,1.0,-0.0,1.0,0.0,1.0,0.0,1.0,0.0,1.0,-0.0,1.0,1.001252641958311,0.4034333266200951,0.5292028799634974,True
20261004,ss,85,2.97,4.5,0,0,bounded,0.005,-25,3000,True,0.0001003329368739384,0.0001002055241453778,1.574758546221676,1.395241453778324,1.678353217471062,0.0007491086323331459,0.7429524908391357,0.742984753341774,-0.0,1.0,-0.0,1.0,0.0,1.0,0.0,1.0,0.0,1.0,-0.0,1.0,1.0012715140172888,0.20552414537780006,0.3329368739384053,True
20261004,ss,85,2.97,4.5,0,0,bounded,0.005,25,-3000,True,0.0001008166554512028,0.0001006933004477056,1.576995522943564,1.393004477056436,1.677883720559303,0.0007527340615487302,0.7429560644093562,0.7429885167381028,-0.0,1.0,-0.0,1.0,0.0,1.0,0.0,1.0,0.0,1.0,-0.0,1.0,1.001225056711308,0.6933004477055915,0.8166554512027968,True
20261004,ss,85,2.97,4.5,0,0,bounded,0.005,25,3000,True,0.0001006203957259314,0.0001004953911541335,1.576088458664654,1.393911541335346,1.678073951987478,0.0007512631021831227,0.7429546145021815,0.7429869897890063,-0.0,1.0,-0.0,1.0,0.0,1.0,0.0,1.0,0.0,1.0,-0.0,1.0,1.0012438836285156,0.49539115413350654,0.6203957259313997,True
20261004,ss,85,2.97,5,0,0,bounded,-0.005,-25,-3000,True,0.0001002191800176745,9.940389266072957e-05,1.571073392704242,1.398926607295758,2.178463941595026,0.0007963254709793411,0.7429516475246419,0.742978804099704,-0.0,1.0,-0.0,1.0,0.0,1.0,0.0,1.0,0.0,1.0,-0.0,1.0,1.0082017648919197,-0.5961073392704352,0.2191800176744918,True
20261004,ss,85,2.97,5,0,0,bounded,-0.005,-25,3000,True,0.0001000215940472272,9.920598387079836e-05,1.570161292016354,1.399838707983646,2.178656543671447,0.0007947497520210667,0.7429501878172896,0.7429772766778645,-0.0,1.0,-0.0,1.0,0.0,1.0,0.0,1.0,0.0,1.0,-0.0,1.0,1.0082213808543148,-0.7940161292016468,0.021594047227191382,True
20261004,ss,85,2.97,5,0,0,bounded,-0.005,25,-3000,True,0.0001005085668500029,9.969375921074434e-05,1.572407892556422,1.397592107443578,2.17818250338767,0.0007986333087945211,0.7429537854253847,0.7429810412264135,-0.0,1.0,-0.0,1.0,0.0,1.0,0.0,1.0,0.0,1.0,-0.0,1.0,1.0081731057762213,-0.3062407892556629,0.5085668500028895,True
20261004,ss,85,2.97,5,0,0,bounded,-0.005,25,3000,True,0.0001003109863647501,9.949585030681092e-05,1.571496931890599,1.398503068109401,2.178374573508835,0.0007970576169235803,0.7429523257622266,0.7429795138096751,-0.0,1.0,-0.0,1.0,0.0,1.0,0.0,1.0,0.0,1.0,-0.0,1.0,1.008192663869152,-0.5041496931890821,0.3109863647500877,True
20261004,ss,85,2.97,5,0,0,bounded,0.005,-25,-3000,True,0.0001012170318328955,0.0001004034331891911,1.575668108088902,1.394331891911098,2.177496728676298,0.0008042833654249627,0.7429590193236764,0.7429865182982214,-0.0,1.0,-0.0,1.0,0.0,1.0,0.0,1.0,0.0,1.0,-0.0,1.0,1.0081032950553726,0.4034331891910936,1.2170318328954988,True
20261004,ss,85,2.97,5,0,0,bounded,0.005,-25,3000,True,0.0001010194647264519,0.0001002055240082068,1.574759917931893,1.395240082068108,2.177687509379436,0.0008027077396252932,0.7429575597683401,0.7429849908939644,-0.0,1.0,-0.0,1.0,0.0,1.0,0.0,1.0,0.0,1.0,-0.0,1.0,1.0081227130570012,0.20552400820679217,1.0194647264518908,True
20261004,ss,85,2.97,5,0,0,bounded,0.005,25,-3000,True,0.0001015063910875504,0.0001006933003098984,1.576996901015654,1.393003098984346,2.177217945171695,0.0008065910670467843,0.7429611570021499,0.7429887553991866,-0.0,1.0,-0.0,1.0,0.0,1.0,0.0,1.0,0.0,1.0,-0.0,1.0,1.008074924301315,0.6933003098984036,1.506391087550396,True
20261004,ss,85,2.97,5,0,0,bounded,0.005,25,3000,True,0.000101308829425374,0.0001004953910165845,1.576089834154948,1.393910165845052,2.17740820443488,0.0008050154681347582,0.7429596974907049,0.7429872280000269,-0.0,1.0,-0.0,1.0,0.0,1.0,0.0,1.0,0.0,1.0,-0.0,1.0,1.0080942857235637,0.4953910165844899,1.308829425374003,True
20261004,ss,85,2.97,5.5,0,0,bounded,-0.005,-25,-3000,True,0.0001007694111324913,9.940389255078575e-05,1.57107449214242,1.39892550785758,2.677929481607812,0.0008494613317931493,0.742955702820416,0.7429789944841078,-0.0,1.0,-0.0,1.0,0.0,1.0,0.0,1.0,0.0,1.0,-0.0,1.0,1.0137370735357059,-0.596107449214256,0.7694111324912933,True
20261004,ss,85,2.97,5.5,0,0,bounded,-0.005,-25,3000,True,0.0001005709030166618,9.920598376103724e-05,1.570162389627439,1.399837610372561,2.67812198004443,0.0008477817480505435,0.7429542362765984,0.742977466743493,-0.0,1.0,-0.0,1.0,0.0,1.0,0.0,1.0,0.0,1.0,-0.0,1.0,1.0137584367784944,-0.7940162389627581,0.5709030166618057,True
20261004,ss,85,2.97,5.5,0,0,bounded,-0.005,25,-3000,True,0.0001010601487003609,9.969375910053286e-05,1.572408994671229,1.397591005328771,2.677648193985315,0.0008519212920692282,0.7429578507347024,0.7429812320777539,-0.0,1.0,-0.0,1.0,0.0,1.0,0.0,1.0,0.0,1.0,-0.0,1.0,1.0137058689747083,-0.3062408994671473,1.0601487003608856,True
20261004,ss,85,2.97,5.5,0,0,bounded,-0.005,25,3000,True,0.0001008616459737138,9.94958501967822e-05,1.571498032177978,1.398501967822022,2.677840161448546,0.0008502417376284866,0.7429563842346434,0.7429797043422057,-0.0,1.0,-0.0,1.0,0.0,1.0,0.0,1.0,0.0,1.0,-0.0,1.0,1.0137271632357565,-0.5041498032178127,0.8616459737138094,True
20261004,ss,85,2.97,5.5,0,0,bounded,0.005,-25,-3000,True,0.0001017719212651596,0.0001004034330783242,1.575669216757667,1.394330783242333,2.676962781931639,0.0008579437728896215,0.7429631091517286,0.7429867102929454,-0.0,1.0,-0.0,1.0,0.0,1.0,0.0,1.0,0.0,1.0,-0.0,1.0,1.0136298943659412,0.40343307832420017,1.7719212651595928,True
20261004,ss,85,2.97,5.5,0,0,bounded,0.005,-25,3000,True,0.0001015734316737654,0.0001002055238975227,1.574761024772303,1.395238975227698,2.677153462353195,0.0008562642898699963,0.7429616427583555,0.7429851825698007,-0.0,1.0,-0.0,1.0,0.0,1.0,0.0,1.0,0.0,1.0,-0.0,1.0,1.0136510216506789,0.20552389752270805,1.573431673765402,True
20261004,ss,85,2.97,5.5,0,0,bounded,0.005,25,-3000,True,0.0001020626317596101,0.0001006933001987639,1.576998012361324,1.393001987638677,2.676684144122393,0.0008604035859568222,0.7429652568461019,0.7429889478610102,-0.0,1.0,-0.0,1.0,0.0,1.0,0.0,1.0,0.0,1.0,-0.0,1.0,1.0135990334822993,0.693300198763902,2.0626317596101007,True
20261004,ss,85,2.97,5.5,0,0,bounded,0.005,25,3000,True,0.0001018641475102893,0.0001004953909056327,1.576090943672731,1.393909056327269,2.676874304062879,0.000858724131984908,0.7429637904961328,0.7429874201429287,-0.0,1.0,-0.0,1.0,0.0,1.0,0.0,1.0,0.0,1.0,-0.0,1.0,1.013620093342807,0.4953909056326866,1.8641475102892935,True
20261004,ss,85,3.3,4.5,0,0,bounded,-0.005,-25,-3000,True,9.94725283525303e-05,9.933792319145301e-05,1.570768085469816,1.729231914530184,1.679193661311512,0.0007754415360830444,0.7429461343576031,0.7429780593909265,-0.0,1.0,-0.0,1.0,0.0,1.0,0.0,1.0,0.0,1.0,-0.0,1.0,1.0013550229031654,-0.6620768085469964,-0.5274716474697017,True
20261004,ss,85,3.3,4.5,0,0,bounded,-0.005,-25,3000,True,9.947252835260136e-05,9.9337923191453e-05,1.570768085469899,1.729231914530101,1.679193661311435,0.0007754415360833641,0.7429461343576031,0.7429780593909265,-0.0,1.0,-0.0,1.0,0.0,1.0,0.0,1.0,0.0,1.0,-0.0,1.0,1.0013550229038808,-0.6620768085470075,-0.5274716473986474,True
20261004,ss,85,3.3,4.5,0,0,bounded,-0.005,25,-3000,True,9.976001567989646e-05,9.962778970388139e-05,1.572102961185906,1.727897038814094,1.678912080034691,0.0007776917885473086,0.7429482582468651,0.7429802958620573,-0.0,1.0,-0.0,1.0,0.0,1.0,0.0,1.0,0.0,1.0,-0.0,1.0,1.0013271997342115,-0.37221029611861356,-0.23998432010354787,True
20261004,ss,85,3.3,4.5,0,0,bounded,-0.005,25,3000,True,9.976001567984317e-05,9.962778970388139e-05,1.572102961185859,1.727897038814142,1.678912080034714,0.0007776917885470688,0.7429482582468651,0.7429802958620573,-0.0,1.0,-0.0,1.0,0.0,1.0,0.0,1.0,0.0,1.0,-0.0,1.0,1.0013271997336766,-0.37221029611861356,-0.23998432015682747,True
20261004,ss,85,3.3,4.5,0,0,bounded,0.005,-25,-3000,True,0.0001004638251016791,0.0001003374635909922,1.575364090078047,1.724635909921954,1.678225965935576,0.0007832008547727617,0.7429534578042207,0.7429857713270988,-0.0,1.0,-0.0,1.0,0.0,1.0,0.0,1.0,0.0,1.0,-0.0,1.0,1.001259365207815,0.33746359099220413,0.46382510167908286,True
20261004,ss,85,3.3,4.5,0,0,bounded,0.005,-25,3000,True,0.0001004638251016613,0.0001003374635909922,1.575364090078103,1.724635909921898,1.678225965935572,0.0007832008547726818,0.7429534578042207,0.7429857713270988,-0.0,1.0,-0.0,1.0,0.0,1.0,0.0,1.0,0.0,1.0,-0.0,1.0,1.0012593652076376,0.33746359099220413,0.4638251016612971,True
20261004,ss,85,3.3,4.5,0,0,bounded,0.005,25,-3000,True,0.0001007512807171144,0.0001006273306746706,1.576693253294187,1.723306746705813,1.677947048208033,0.0007854509664183293,0.7429555814409414,0.7429880077710683,-0.0,1.0,-0.0,1.0,0.0,1.0,0.0,1.0,0.0,1.0,-0.0,1.0,1.0012317731337277,0.6273306746706009,0.7512807171143887,True
20261004,ss,85,3.3,4.5,0,0,bounded,0.005,25,3000,True,0.0001007512807171499,0.0001006273306746705,1.576693253294165,1.723306746705835,1.677947048207999,0.0007854509664184891,0.7429555814409414,0.7429880077710683,-0.0,1.0,-0.0,1.0,0.0,1.0,0.0,1.0,0.0,1.0,-0.0,1.0,1.0012317731340814,0.6273306746704899,0.7512807171498936,True
20261004,ss,85,3.3,5,0,0,bounded,-0.005,-25,-3000,True,0.0001001533593628102,9.933792305541192e-05,1.570769445880742,1.729230554119258,2.178528061949169,0.0008285819548617184,0.7429511612611592,0.7429782949737604,-0.0,1.0,-0.0,1.0,0.0,1.0,0.0,1.0,0.0,1.0,-0.0,1.0,1.0082087110573412,-0.6620769445880859,0.15335936281017926,True
20261004,ss,85,3.3,5,0,0,bounded,-0.005,-25,3000,True,0.0001001533593628102,9.933792305541192e-05,1.570769445880729,1.729230554119271,2.178528061949175,0.0008285819548617184,0.7429511612611592,0.7429782949737604,-0.0,1.0,-0.0,1.0,0.0,1.0,0.0,1.0,0.0,1.0,-0.0,1.0,1.0082087110573412,-0.6620769445880859,0.15335936281017926,True
20261004,ss,85,3.3,5,0,0,bounded,-0.005,25,-3000,True,0.0001004427488986472,9.9627789567463e-05,1.572104325369683,1.727895674630317,2.178246445915816,0.000830985462030737,0.7429532991830932,0.7429805321024744,-0.0,1.0,-0.0,1.0,0.0,1.0,0.0,1.0,0.0,1.0,-0.0,1.0,1.0081800402751318,-0.37221043253700126,0.4427488986471939,True
20261004,ss,85,3.3,5,0,0,bounded,-0.005,25,3000,True,0.0001004427488986472,9.962778956746303e-05,1.572104325369663,1.727895674630337,2.17824644591581,0.000830985462030737,0.7429532991830932,0.7429805321024744,-0.0,1.0,-0.0,1.0,0.0,1.0,0.0,1.0,0.0,1.0,-0.0,1.0,1.0081800402751313,-0.37221043253696795,0.4427488986471939,True
20261004,ss,85,3.3,5,0,0,bounded,0.005,-25,-3000,True,0.0001011512205817268,0.0001003374634536491,1.575365463509027,1.724634536490974,2.177560240069341,0.0008368697442706356,0.7429585331338705,0.7429860091792185,-0.0,1.0,-0.0,1.0,0.0,1.0,0.0,1.0,0.0,1.0,-0.0,1.0,1.0081102023119572,0.3374634536490895,1.1512205817267862,True
20261004,ss,85,3.3,5,0,0,bounded,0.005,-25,3000,True,0.0001011512205817801,0.0001003374634536491,1.575365463509049,1.724634536490951,2.177560240069313,0.0008368697442709021,0.7429585331338705,0.7429860091792185,-0.0,1.0,-0.0,1.0,0.0,1.0,0.0,1.0,0.0,1.0,-0.0,1.0,1.0081102023124884,0.3374634536490895,1.1512205817800991,True
20261004,ss,85,3.3,5,0,0,bounded,0.005,25,-3000,True,0.0001014405826079957,0.0001006273305369493,1.576694630506408,1.723305369493592,2.177281282172194,0.0008392731157768067,0.742960670834039,0.7429882462822169,-0.0,1.0,-0.0,1.0,0.0,1.0,0.0,1.0,0.0,1.0,-0.0,1.0,1.008081820979518,0.6273305369492999,1.4405826079957107,True
20261004,ss,85,3.3,5,0,0,bounded,0.005,25,3000,True,0.0001014405826079424,0.0001006273305369493,1.576694630506399,1.723305369493601,2.177281282172236,0.0008392731157765402,0.7429606708340355,0.7429882462822169,-0.0,1.0,-0.0,1.0,0.0,1.0,0.0,1.0,0.0,1.0,-0.0,1.0,1.0080818209789881,0.6273305369492999,1.4405826079423978,True
20261004,ss,85,3.3,5.5,0,0,bounded,-0.005,-25,-3000,True,0.0001007032832799464,9.933792294552896e-05,1.570770544710271,1.72922945528973,2.677993567511129,0.0008816832157248458,0.7429552142794977,0.7429784852519712,-0.0,1.0,-0.0,1.0,0.0,1.0,0.0,1.0,0.0,1.0,-0.0,1.0,1.0137446032082442,-0.6620770544710441,0.7032832799463984,True
20261004,ss,85,3.3,5.5,0,0,bounded,-0.005,-25,3000,True,0.0001007032832799286,9.933792294552896e-05,1.570770544710292,1.729229455289709,2.677993567511161,0.000881683215724748,0.7429552142794977,0.7429784852519712,-0.0,1.0,-0.0,1.0,0.0,1.0,0.0,1.0,0.0,1.0,-0.0,1.0,1.013744603208065,-0.6620770544710441,0.7032832799285904,True
20261004,ss,85,3.3,5.5,0,0,bounded,-0.005,25,-3000,True,0.0001009940235230804,9.962778945731243e-05,1.572105426875704,1.727894573124296,2.677712102389887,0.0008842388465510011,0.74295736221486,0.7429807228476115,-0.0,1.0,-0.0,1.0,0.0,1.0,0.0,1.0,0.0,1.0,-0.0,1.0,1.0137133833161416,-0.3722105426875788,0.9940235230804007,True
20261004,ss,85,3.3,5.5,0,0,bounded,-0.005,25,3000,True,0.0001009940235231337,9.962778945731243e-05,1.57210542687571,1.72789457312429,2.677712102389828,0.0008842388465512942,0.74295736221486,0.7429807228476115,-0.0,1.0,-0.0,1.0,0.0,1.0,0.0,1.0,0.0,1.0,-0.0,1.0,1.0137133833166767,-0.3722105426875788,0.9940235231336914,True
20261004,ss,85,3.3,5.5,0,0,bounded,0.005,-25,-3000,True,0.0001017058027171541,0.0001003374633428431,1.575366571568698,1.724633428431303,2.677026259992606,0.0008904955559407082,0.742962620684064,0.7429862010677142,-0.0,1.0,-0.0,1.0,0.0,1.0,0.0,1.0,0.0,1.0,-0.0,1.0,1.0136373726096257,0.33746334284308066,1.7058027171541035,True
20261004,ss,85,3.3,5.5,0,0,bounded,0.005,-25,3000,True,0.0001017058027171363,0.0001003374633428431,1.575366571568674,1.724633428431327,2.677026259992626,0.0008904955559406105,0.742962620684064,0.7429862010677142,-0.0,1.0,-0.0,1.0,0.0,1.0,0.0,1.0,0.0,1.0,-0.0,1.0,1.013637372609448,0.33746334284308066,1.7058027171362955,True
20261004,ss,85,3.3,5.5,0,0,bounded,0.005,25,-3000,True,0.00010199651595366,0.0001006273304258757,1.576695741243173,1.723304258756827,2.676747448110071,0.0008930510401154014,0.7429647684000058,0.7429884386378002,-0.0,1.0,-0.0,1.0,0.0,1.0,0.0,1.0,0.0,1.0,-0.0,1.0,1.013606497578636,0.6273304258757051,1.9965159536599941,True
20261004,ss,85,3.3,5.5,0,0,bounded,0.005,25,3000,True,0.0001019965159535002,0.0001006273304258757,1.576695741243054,1.723304258756947,2.676747448110212,0.0008930510401145221,0.7429647684000041,0.7429884386378002,-0.0,1.0,-0.0,1.0,0.0,1.0,0.0,1.0,0.0,1.0,-0.0,1.0,1.013606497577048,0.6273304258757051,1.9965159535001886,True
20261004,ss,85,3.63,4.5,0,0,bounded,-0.005,-25,-3000,True,9.940710361738971e-05,9.927195359471959e-05,1.570464052803922,2.059535947196077,1.679257849847454,0.0008076891723072491,0.7429456510143048,0.7429775504015984,-0.0,1.0,-0.0,1.0,0.0,1.0,0.0,1.0,0.0,1.0,-0.0,1.0,1.0013614119373724,-0.7280464052804136,-0.5928963826102973,True
20261004,ss,85,3.63,4.5,0,0,bounded,-0.005,-25,3000,True,9.960339052797286e-05,9.946986241089676e-05,1.571375891032404,2.058624108967596,1.679065391900712,0.0008092908724075651,0.7429471011375756,0.7429790773736293,-0.0,1.0,-0.0,1.0,0.0,1.0,0.0,1.0,0.0,1.0,-0.0,1.0,1.0013423977257003,-0.5301375891032523,-0.3966094720271429,True
20261004,ss,85,3.63,4.5,0,0,bounded,-0.005,25,-3000,True,9.969459308421782e-05,9.956182006914724e-05,1.571799308527451,2.058200691472549,1.678976090868293,0.0008100350902101724,0.7429477749205804,0.7429797868745349,-0.0,1.0,-0.0,1.0,0.0,1.0,0.0,1.0,0.0,1.0,-0.0,1.0,1.0013335736025955,-0.43817993085276674,-0.3054069157821915,True
20261004,ss,85,3.63,4.5,0,0,bounded,-0.005,25,3000,True,9.989087370122197e-05,9.97597289992151e-05,1.57271000784886,2.05728999215114,1.678784165241767,0.0008116367624028722,0.7429492249937377,0.7429813138411921,-0.0,1.0,-0.0,1.0,0.0,1.0,0.0,1.0,0.0,1.0,-0.0,1.0,1.0013146056361872,-0.24027100078490848,-0.10912629877802837,True
20261004,ss,85,3.63,4.5,0,0,bounded,0.005,-25,-3000,True,0.0001003984077330725,0.0001002714938639076,1.575061360923643,2.054938639076357,1.678289546030608,0.0008157783720049577,0.7429529745194988,0.7429852623440018,-0.0,1.0,-0.0,1.0,0.0,1.0,0.0,1.0,0.0,1.0,-0.0,1.0,1.001265702387332,0.27149386390759034,0.3984077330724922,True
20261004,ss,85,3.63,4.5,0,0,bounded,0.005,-25,3000,True,0.0001005946729806821,0.0001004694030707567,1.575969292433083,2.054030707566917,1.678098910714773,0.0008173799760398865,0.7429544244702609,0.7429867892974884,-0.0,1.0,-0.0,1.0,0.0,1.0,0.0,1.0,0.0,1.0,-0.0,1.0,1.001246846364133,0.46940307075669097,0.5946729806820983,True
20261004,ss,85,3.63,4.5,0,0,bounded,0.005,25,-3000,True,0.0001006858654788748,0.0001005613609101427,1.576390898572364,2.053609101427636,1.678010454112077,0.0008181241492387714,0.7429550981731662,0.7429874987897784,-0.0,1.0,-0.0,1.0,0.0,1.0,0.0,1.0,0.0,1.0,-0.0,1.0,1.0012380955031361,0.5613609101426942,0.685865478874792,True
20261004,ss,85,3.63,4.5,0,0,bounded,0.005,25,3000,True,0.000100882124464791,0.0001007592702292126,1.577297707873534,2.052702292126466,1.677820340600164,0.0008197257255037254,0.7429565480740524,0.7429890257378882,-0.0,1.0,-0.0,1.0,0.0,1.0,0.0,1.0,0.0,1.0,-0.0,1.0,1.0012192846901227,0.759270229212583,0.8821244647909898,True
20261004,ss,85,3.63,5,0,0,bounded,-0.005,-25,-3000,True,0.0001000875019112292,9.927195345876435e-05,1.570465412356273,2.059534587643727,2.178592258173126,0.0008607947150916545,0.7429506747256845,0.7429777858348439,-0.0,1.0,-0.0,1.0,0.0,1.0,0.0,1.0,0.0,1.0,-0.0,1.0,1.0082152957008508,-0.7280465412356496,0.08750191122919304,True
20261004,ss,85,3.63,5,0,0,bounded,-0.005,-25,3000,True,0.0001002850872521889,9.946986227468398e-05,1.571377253160219,2.058622746839781,2.178399776914181,0.0008625010507981373,0.7429521344275504,0.7429793132557347,-0.0,1.0,-0.0,1.0,0.0,1.0,0.0,1.0,0.0,1.0,-0.0,1.0,1.0081956982633966,-0.5301377253160267,0.2850872521888981,True
20261004,ss,85,3.63,5,0,0,bounded,-0.005,25,-3000,True,0.000100376893311477,9.956181993281474e-05,1.571800671852475,2.058199328147525,2.17831046479819,0.0008632938873936796,0.7429528126626167,0.7429800229652712,-0.0,1.0,-0.0,1.0,0.0,1.0,0.0,1.0,0.0,1.0,-0.0,1.0,1.0081866058616875,-0.4381800671852676,0.376893311476989,True
20261004,ss,85,3.63,5,0,0,bounded,-0.005,25,3000,True,0.0001005744731858939,9.975972886262491e-05,1.572711373750775,2.057288626249225,2.178118514778111,0.000865000196180806,0.7429542723204259,0.7429815503810702,-0.0,1.0,-0.0,1.0,0.0,1.0,0.0,1.0,0.0,1.0,-0.0,1.0,1.0081670663358653,-0.2402711373750921,0.5744731858938978,True
20261004,ss,85,3.63,5,0,0,bounded,0.005,-25,-3000,True,0.0001010853695436643,0.0001002714937266505,1.575062733494513,2.054937266505487,2.177623829088265,0.00086941238442613,0.7429580466499954,0.7429855000462069,-0.0,1.0,-0.0,1.0,0.0,1.0,0.0,1.0,0.0,1.0,-0.0,1.0,1.0081167217796965,0.27149372665049576,1.085369543664294,True
20261004,ss,85,3.63,5,0,0,bounded,0.005,-25,3000,True,0.000101282936086612,0.0001004694029332415,1.575970667584997,2.054029332415003,2.177433166756565,0.0008711186275607482,0.7429595062003296,0.7429870274495385,-0.0,1.0,-0.0,1.0,0.0,1.0,0.0,1.0,0.0,1.0,-0.0,1.0,1.0080973224645424,0.46940293324149174,1.2829360866120076,True
20261004,ss,85,3.63,5,0,0,bounded,0.005,25,-3000,True,0.00010137473342143,0.0001005613607725076,1.57639227492362,2.05360772507638,2.177344697354295,0.0008719114211914528,0.7429601843650634,0.7429877371509133,-0.0,1.0,-0.0,1.0,0.0,1.0,0.0,1.0,0.0,1.0,-0.0,1.0,1.0080883218233536,0.5613607725075909,1.3747334214299967,True
20261004,ss,85,3.63,5,0,0,bounded,0.005,25,3000,True,0.0001015722945404142,0.0001007592700913192,1.577299086807397,2.052700913192602,2.177154555765656,0.0008736176376136974,0.742961643871658,0.7429892645491567,-0.0,1.0,-0.0,1.0,0.0,1.0,0.0,1.0,0.0,1.0,-0.0,1.0,1.0080689791456225,0.7592700913191974,1.5722945404141875,True
20261004,ss,85,3.63,5.5,0,0,bounded,-0.005,-25,-3000,True,0.0001006371184676862,9.927195334894232e-05,1.570466510576753,2.059533489423247,2.678057729191056,0.0009138613567090731,0.742954725465357,0.7429779760068027,-0.0,1.0,-0.0,1.0,0.0,1.0,0.0,1.0,0.0,1.0,-0.0,1.0,1.0137517704919667,-0.72804665105769,0.637118467686193,True
20261004,ss,85,3.63,5.5,0,0,bounded,-0.005,-25,3000,True,0.0001008356259788439,9.94698621646792e-05,1.571378353207948,2.058621646792052,2.677865351347785,0.0009156715570215201,0.742956192003809,0.7429795037464815,-0.0,1.0,-0.0,1.0,0.0,1.0,0.0,1.0,0.0,1.0,-0.0,1.0,1.0137304283372142,-0.5301378353207986,0.8356259788438791,True
20261004,ss,85,3.63,5.5,0,0,bounded,-0.005,25,-3000,True,0.0001009278605435409,9.956181982272506e-05,1.571801772749245,2.058198227250755,2.67777608705537,0.0009165126534260526,0.7429568734155735,0.7429802136041446,-0.0,1.0,-0.0,1.0,0.0,1.0,0.0,1.0,0.0,1.0,-0.0,1.0,1.0137205278413768,-0.4381801772749383,0.9278605435409037,True
20261004,ss,85,3.63,5.5,0,0,bounded,-0.005,25,3000,True,0.0001011263626845054,9.97597287523525e-05,1.572712476474949,2.057287523525051,2.677584239470805,0.0009183228246159264,0.7429583399104078,0.74298174133876,-0.0,1.0,-0.0,1.0,0.0,1.0,0.0,1.0,0.0,1.0,-0.0,1.0,1.0136992546916952,-0.24027124764750551,1.1263626845053887,True
20261004,ss,85,3.63,5.5,0,0,bounded,0.005,-25,-3000,True,0.0001016396442059158,0.0001002714936159055,1.57506384094485,2.05493615905515,2.677089815586742,0.0009230035794383417,0.742962131921007,0.7429856918284149,-0.0,1.0,-0.0,1.0,0.0,1.0,0.0,1.0,0.0,1.0,-0.0,1.0,1.0136444620566945,0.2714936159055048,1.6396442059158023,True
20261004,ss,85,3.63,5.5,0,0,bounded,0.005,-25,3000,True,0.0001018381332598377,0.0001004694028223137,1.575971776863118,2.054028223136882,2.676899253318277,0.0009248136796541878,0.7429635983095075,0.742987219550643,-0.0,1.0,-0.0,1.0,0.0,1.0,0.0,1.0,0.0,1.0,-0.0,1.0,1.0136233559578798,0.46940282231369146,1.8381332598377043,True
20261004,ss,85,3.63,5.5,0,0,bounded,0.005,25,-3000,True,0.0001019303592599723,0.0001005613606614948,1.576393385051295,2.053606614948705,2.676810830187086,0.0009256547296111394,0.7429642796516864,0.7429879294002005,-0.0,1.0,-0.0,1.0,0.0,1.0,0.0,1.0,0.0,1.0,-0.0,1.0,1.0136135647874311,0.5613606614947919,1.9303592599722919,True
20261004,ss,85,3.63,5.5,0,0,bounded,0.005,25,3000,True,0.000102128842992995,0.0001007592699801237,1.577300198762936,2.052699801237064,2.676620787703905,0.000927464800969282,0.742965745996942,0.7429894571173725,-0.0,1.0,-0.0,1.0,0.0,1.0,0.0,1.0,0.0,1.0,-0.0,1.0,1.0135925261580545,0.7592699801237002,2.1288429929949837,True
20261004,fs,0,2.97,4.5,0,0,bounded,-0.005,-25,-3000,True,0.0001004645262885388,9.964835706038592e-05,1.2514293961409,1.7185706038591,1.710535372496914,0.0007480459984577014,0.6406197547464589,0.6406462227627503,-0.0,1.0,-0.0,1.0,0.0,1.0,0.0,1.0,0.0,1.0,-0.0,1.0,1.008190493573901,-0.3516429396140941,0.4645262885387913,True
20261004,fs,0,2.97,4.5,0,0,bounded,-0.005,-25,3000,True,0.0001002669158932205,9.945042374932802e-05,1.250762506719735,1.719237493280265,1.710684286604832,0.0007465688897448774,0.6406183357672703,0.640644737959292,-0.0,1.0,-0.0,1.0,0.0,1.0,0.0,1.0,0.0,1.0,-0.0,1.0,1.0082100418792634,-0.5495762506719903,0.26691589322049847,True
20261004,fs,0,2.97,4.5,0,0,bounded,-0.005,25,-3000,True,0.000100329792337556,9.951340252377787e-05,1.2509747622214,1.7190252377786,1.710636874834172,0.000747038880704573,0.64061878726386,0.6406452103971471,-0.0,1.0,-0.0,1.0,0.0,1.0,0.0,1.0,0.0,1.0,-0.0,1.0,1.0082038177077008,-0.4865974762221392,0.3297923375559897,True
20261004,fs,0,2.97,4.5,0,0,bounded,-0.005,25,3000,True,0.0001001321793675684,9.931546925261273e-05,1.250307473872585,1.719692526127416,1.710785977780378,0.000745561760524277,0.640617368264474,0.6406437255912274,-0.0,1.0,-0.0,1.0,0.0,1.0,0.0,1.0,0.0,1.0,-0.0,1.0,1.0082233928017632,-0.6845307473872797,0.13217936756839688,True
20261004,fs,0,2.97,4.5,0,0,bounded,0.005,-25,-3000,True,0.0001014625010854201,0.0001006480211357594,1.25478864240549,1.71521135759451,1.709787476258577,0.0007555058873475447,0.6406269208568377,0.640653721714987,-0.0,1.0,-0.0,1.0,0.0,1.0,0.0,1.0,0.0,1.0,-0.0,1.0,1.0080923592979745,0.6480211357593912,1.4625010854200982,True
20261004,fs,0,2.97,4.5,0,0,bounded,0.005,-25,3000,True,0.0001012649096782551,0.0001004500875316842,1.254124683157431,1.715875316842569,1.709935007322041,0.0007540288632111542,0.6406255020266498,0.6406522369297508,-0.0,1.0,-0.0,1.0,0.0,1.0,0.0,1.0,0.0,1.0,-0.0,1.0,1.0081117116629081,0.4500875316842068,1.2649096782550995,True
20261004,fs,0,2.97,4.5,0,0,bounded,0.005,25,-3000,True,0.0001013277800777904,0.0001005130663994604,1.254336005395624,1.715663994604376,1.709888036203761,0.000754498827246392,0.6406259534758078,0.6406527093618083,-0.0,1.0,-0.0,1.0,0.0,1.0,0.0,1.0,0.0,1.0,-0.0,1.0,1.008105549930117,0.5130663994603823,1.327780077790397,True
20261004,fs,0,2.97,4.5,0,0,bounded,0.005,25,3000,True,0.0001011301861156914,0.000100315132834689,1.2536716531096,1.7163283468904,1.710035752373157,0.0007530217917295247,0.640624534625564,0.6406512245741125,-0.0,1.0,-0.0,1.0,0.0,1.0,0.0,1.0,0.0,1.0,-0.0,1.0,1.0081249284925489,0.31513283468900255,1.1301861156914006,True
20261004,fs,0,2.97,5,0,0,bounded,-0.005,-25,-3000,True,0.0001012020590375186,9.964835691324433e-05,1.25143086755681,1.71856913244319,2.20998199088423,0.0008019659249098869,0.640625047501457,0.640646470813695,-0.0,1.0,-0.0,1.0,0.0,1.0,0.0,1.0,0.0,1.0,-0.0,1.0,1.0155918489015023,-0.3516430867556819,1.202059037518599,True
20261004,fs,0,2.97,5,0,0,bounded,-0.005,-25,3000,True,0.0001010032271626606,9.945042360242831e-05,1.25076397571672,1.71923602428328,2.210130805808613,0.000800383903602447,0.6406236197642611,0.6406449855998785,-0.0,1.0,-0.0,1.0,0.0,1.0,0.0,1.0,0.0,1.0,-0.0,1.0,1.0156138456125627,-0.5495763975716939,1.0032271626605915,True
20261004,fs,0,2.97,5,0,0,bounded,-0.005,25,-3000,True,0.0001010664922566241,9.95134023768012e-05,1.25097623198807,1.719023768011931,2.210083425669138,0.0008008872760321207,0.6406240740474721,0.640645458168301,-0.0,1.0,-0.0,1.0,0.0,1.0,0.0,1.0,0.0,1.0,-0.0,1.0,1.0156068413171346,-0.4865976231988034,1.0664922566240964,True
20261004,fs,0,2.97,5,0,0,bounded,-0.005,25,3000,True,0.000100867657825411,9.931546910587793e-05,1.250308941220595,1.719691058779405,2.210232428973847,0.0007993052420614454,0.6406226462901867,0.6406439729520306,-0.0,1.0,-0.0,1.0,0.0,1.0,0.0,1.0,0.0,1.0,-0.0,1.0,1.015628871650179,-0.6845308941220707,0.8676578254110057,True
20261004,fs,0,2.97,5,0,0,bounded,0.005,-25,-3000,True,0.0001022062033701444,0.0001006480209873963,1.254790126037344,1.715209873962656,2.209234585418525,0.0008099556488731839,0.6406322578468278,0.6406539718385647,-0.0,1.0,-0.0,1.0,0.0,1.0,0.0,1.0,0.0,1.0,-0.0,1.0,1.0154815004553663,0.6480209873962917,2.2062033701444106,True
20261004,fs,0,2.97,5,0,0,bounded,0.005,-25,3000,True,0.0001020073903315256,0.0001004500873835629,1.254126164370531,1.715873835629469,2.209382020644692,0.0008083737208767661,0.64063083025773,0.6406524866429273,-0.0,1.0,-0.0,1.0,0.0,1.0,0.0,1.0,0.0,1.0,-0.0,1.0,1.015503251301477,0.4500873835628916,2.0073903315255937,True
20261004,fs,0,2.97,5,0,0,bounded,0.005,25,-3000,True,0.0001020706494283664,0.0001005130662512622,1.254337487378363,1.715662512621638,2.209335080091211,0.0008088770635979693,0.6406312844937914,0.6406529592055639,-0.0,1.0,-0.0,1.0,0.0,1.0,0.0,1.0,0.0,1.0,-0.0,1.0,1.0154963253554574,0.5130662512621953,2.070649428366389,True
20261004,fs,0,2.97,5,0,0,bounded,0.005,25,3000,True,0.0001018718338571246,0.0001003151326867326,1.253673132673504,1.716326867326496,2.209482699976036,0.0008072951230551633,0.6406298568847761,0.6406514740074764,-0.0,1.0,-0.0,1.0,0.0,1.0,0.0,1.0,0.0,1.0,-0.0,1.0,1.015518109069878,0.31513268673259986,1.871833857124594,True
20261004,fs,0,2.97,5.5,0,0,bounded,-0.005,-25,-3000,True,0.0001018276541281065,9.964835678843825e-05,1.25143211561753,1.71856788438247,2.709515539761492,0.0008560077270561737,0.6406295056462915,0.6406466811835342,-0.0,1.0,-0.0,1.0,0.0,1.0,0.0,1.0,0.0,1.0,-0.0,1.0,1.0218698773357104,-0.3516432115617585,1.827654128106504,True
20261004,fs,0,2.97,5.5,0,0,bounded,-0.005,-25,3000,True,0.0001016278865832359,9.945042347780736e-05,1.250765221926105,1.719234778073896,2.709664197577574,0.0008543211436268126,0.6406280711279225,0.6406451956553392,-0.0,1.0,-0.0,1.0,0.0,1.0,0.0,1.0,0.0,1.0,-0.0,1.0,1.0218949606173817,-0.5495765221926407,1.6278865832358935,True
20261004,fs,0,2.97,5.5,0,0,bounded,-0.005,25,-3000,True,0.0001016914494125647,9.951340225212134e-05,1.250977478786565,1.719022521213436,2.709616867499389,0.0008548577861478123,0.6406285275689596,0.6406456683238004,-0.0,1.0,-0.0,1.0,0.0,1.0,0.0,1.0,0.0,1.0,-0.0,1.0,1.0218869731227276,-0.48659774787866983,1.691449412564694,True
20261004,fs,0,2.97,5.5,0,0,bounded,-0.005,25,3000,True,0.0001014916791714864,9.931546898138325e-05,1.250310186167456,1.719689813832544,2.70976571324173,0.0008531711880077665,0.64062709302938,0.6406441827931003,-0.0,1.0,-0.0,1.0,0.0,1.0,0.0,1.0,0.0,1.0,-0.0,1.0,1.0219120970018385,-0.6845310186167519,1.4916791714864042,True
20261004,fs,0,2.97,5.5,0,0,bounded,0.005,-25,-3000,True,0.0001028365209707421,0.0001006480208616558,1.254791383441847,1.715208616558153,2.70876891769745,0.0008645254969881168,0.640636750215179,0.6406541837951167,-0.0,1.0,-0.0,1.0,0.0,1.0,0.0,1.0,0.0,1.0,-0.0,1.0,1.0217440948202494,0.648020861655807,2.8365209707420957,True
20261004,fs,0,2.97,5.5,0,0,bounded,0.005,-25,3000,True,0.0001026367732817395,0.0001004500872580074,1.254127419925874,1.715872580074127,2.708916199134515,0.0008628390218957737,0.6406353158530887,0.6406526982854506,-0.0,1.0,-0.0,1.0,0.0,1.0,0.0,1.0,0.0,1.0,-0.0,1.0,1.021768881276485,0.45008725800739224,2.6367732817395018,True
20261004,fs,0,2.97,5.5,0,0,bounded,0.005,25,-3000,True,0.0001027003297889256,0.0001005130661256478,1.25433874352199,1.71566125647801,2.708869307584409,0.0008633756299222136,0.6406357722443671,0.6406531709480145,-0.0,1.0,-0.0,1.0,0.0,1.0,0.0,1.0,0.0,1.0,-0.0,1.0,1.021760988372831,0.5130661256477875,2.7003297889255817,True
20261004,fs,0,2.97,5.5,0,0,bounded,0.005,25,3000,True,0.0001025005794312844,0.0001003151325613032,1.253674386967681,1.716325613032319,2.709016773236743,0.0008616891402690844,0.6406343378612667,0.6406516854358486,-0.0,1.0,-0.0,1.0,0.0,1.0,0.0,1.0,0.0,1.0,-0.0,1.0,1.021785814504563,0.31513256130319967,2.5005794312843888,True
20261004,fs,0,3.3,4.5,0,0,bounded,-0.005,-25,-3000,True,0.0001003986579214048,9.95823792835395e-05,1.251207164604853,2.048792835395147,1.710584978794261,0.0007804158242514353,0.640619281766467,0.640645727829241,-0.0,1.0,-0.0,1.0,0.0,1.0,0.0,1.0,0.0,1.0,-0.0,1.0,1.0081970188274085,-0.41762071646050947,0.39865792140478806,True
20261004,fs,0,3.3,4.5,0,0,bounded,-0.005,-25,3000,True,0.000100398657921387,9.958237928353951e-05,1.251207164604851,2.048792835395149,1.710584978794288,0.0007804158242513556,0.640619281766467,0.640645727829241,-0.0,1.0,-0.0,1.0,0.0,1.0,0.0,1.0,0.0,1.0,-0.0,1.0,1.0081970188272296,-0.41762071646049836,0.3986579213870023,True
20261004,fs,0,3.3,4.5,0,0,bounded,-0.005,25,-3000,True,0.000100263923109191,9.944742476021593e-05,1.250752397840512,2.049247602159489,1.710686543995616,0.0007793641676694704,0.6406183142771155,0.6406447154628161,-0.0,1.0,-0.0,1.0,0.0,1.0,0.0,1.0,0.0,1.0,-0.0,1.0,1.008210351861235,-0.55257523978407,0.2639231091909888,True
20261004,fs,0,3.3,4.5,0,0,bounded,-0.005,25,3000,True,0.000100263923109191,9.944742476021594e-05,1.250752397840521,2.049247602159479,1.710686543995613,0.0007793641676694704,0.6406183142771155,0.6406447154628161,-0.0,1.0,-0.0,1.0,0.0,1.0,0.0,1.0,0.0,1.0,-0.0,1.0,1.0082103518612349,-0.5525752397840589,0.2639231091909888,True
20261004,fs,0,3.3,4.5,0,0,bounded,0.005,-25,-3000,True,0.00010139663906965,0.0001005820432613364,1.254567386635928,2.045432613364072,1.70983662213845,0.0007882056305453407,0.6406264479266697,0.6406532267875592,-0.0,1.0,-0.0,1.0,0.0,1.0,0.0,1.0,0.0,1.0,-0.0,1.0,1.0080988194502778,0.5820432613363957,1.3966390696499964,True
20261004,fs,0,3.3,4.5,0,0,bounded,0.005,-25,3000,True,0.00010139663906965,0.0001005820432613364,1.254567386635927,2.045432613364073,1.709836622138444,0.0007882056305453407,0.6406264479266697,0.6406532267875592,-0.0,1.0,-0.0,1.0,0.0,1.0,0.0,1.0,0.0,1.0,-0.0,1.0,1.0080988194502778,0.5820432613363957,1.3966390696499964,True
20261004,fs,0,3.3,4.5,0,0,bounded,0.005,25,-3000,True,0.000101261917207344,0.0001004470885381259,1.254114618741274,2.045885381258726,1.709937243706066,0.000787154031578305,0.6406254805389344,0.6406522144335588,-0.0,1.0,-0.0,1.0,0.0,1.0,0.0,1.0,0.0,1.0,-0.0,1.0,1.0081120187859784,0.4470885381258949,1.2619172073439877,True
20261004,fs,0,3.3,4.5,0,0,bounded,0.005,25,3000,True,0.000101261917207344,0.0001004470885381259,1.254114618741211,2.045885381258789,1.709937243706068,0.000787154031578305,0.6406254805389326,0.6406522144335588,-0.0,1.0,-0.0,1.0,0.0,1.0,0.0,1.0,0.0,1.0,-0.0,1.0,1.0081120187859784,0.4470885381258949,1.2619172073439877,True
20261004,fs,0,3.3,5,0,0,bounded,-0.005,-25,-3000,True,0.0001011357835157724,9.958237913647853e-05,1.251208635214448,2.048791364785552,2.210031564195569,0.0008343007806987139,0.6406245716021721,0.6406459757434022,-0.0,1.0,-0.0,1.0,0.0,1.0,0.0,1.0,0.0,1.0,-0.0,1.0,1.0155991892618363,-0.4176208635214729,1.1357835157723928,True
20261004,fs,0,3.3,5,0,0,bounded,-0.005,-25,3000,True,0.0001011357835158079,9.958237913647856e-05,1.25120863521444,2.04879136478556,2.2100315641956,0.0008343007806988914,0.6406245716021721,0.6406459757434022,-0.0,1.0,-0.0,1.0,0.0,1.0,0.0,1.0,0.0,1.0,-0.0,1.0,1.0155991892621925,-0.41762086352145067,1.1357835158078977,True
20261004,fs,0,3.3,5,0,0,bounded,-0.005,25,-3000,True,0.0001010002158799352,9.944742461331987e-05,1.250753866801054,2.049246133198946,2.21013306169202,0.0008331775925930744,0.640623598141471,0.6406449630971897,-0.0,1.0,-0.0,1.0,0.0,1.0,0.0,1.0,0.0,1.0,-0.0,1.0,1.015614192852686,-0.552575386680132,1.0002158799351957,True
20261004,fs,0,3.3,5,0,0,bounded,-0.005,25,3000,True,0.0001010002158799707,9.944742461331989e-05,1.250753866801035,2.049246133198966,2.210133061692019,0.000833177592593252,0.640623598141471,0.6406449630971897,-0.0,1.0,-0.0,1.0,0.0,1.0,0.0,1.0,0.0,1.0,-0.0,1.0,1.0156141928530427,-0.5525753866801209,1.0002158799706784,True
20261004,fs,0,3.3,5,0,0,bounded,0.005,-25,-3000,True,0.0001021399341486208,0.0001005820431130538,1.2545688694616,2.0454311305384,2.209283699425864,0.0008426204249855443,0.640631781997063,0.6406534767743385,-0.0,1.0,-0.0,1.0,0.0,1.0,0.0,1.0,0.0,1.0,-0.0,1.0,1.0154887591000308,0.5820431130537873,2.1399341486207923,True
20261004,fs,0,3.3,5,0,0,bounded,0.005,-25,3000,True,0.0001021399341486741,0.0001005820431130538,1.254568869461595,2.045431130538405,2.209283699425945,0.0008426204249858108,0.640631781997063,0.6406534767743385,-0.0,1.0,-0.0,1.0,0.0,1.0,0.0,1.0,0.0,1.0,-0.0,1.0,1.0154887591005608,0.5820431130537873,2.139934148674083,True
20261004,fs,0,3.3,5,0,0,bounded,0.005,25,-3000,True,0.0001020043793596982,0.0001004470883900082,1.254116099917782,2.045883900082218,2.209384255572115,0.0008414973004550056,0.6406308086373661,0.6406524641405211,-0.0,1.0,-0.0,1.0,0.0,1.0,0.0,1.0,0.0,1.0,-0.0,1.0,1.015503594923961,0.447088390008199,2.004379359698194,True
20261004,fs,0,3.3,5,0,0,bounded,0.005,25,3000,True,0.0001020043793596982,0.0001004470883900082,1.254116099917779,2.045883900082222,2.209384255572217,0.0008414973004550056,0.6406308086373661,0.6406524641405211,-0.0,1.0,-0.0,1.0,0.0,1.0,0.0,1.0,0.0,1.0,-0.0,1.0,1.015503594923961,0.447088390008199,2.004379359698194,True
20261004,fs,0,3.3,5.5,0,0,bounded,-0.005,-25,-3000,True,0.0001017610667454943,9.958237901173417e-05,1.251209882658051,2.048790117341949,2.709565060778316,0.0008883077298084499,0.6406290274868438,0.640646186008458,-0.0,1.0,-0.0,1.0,0.0,1.0,0.0,1.0,0.0,1.0,-0.0,1.0,1.021878245482601,-0.41762098826583216,1.7610667454942996,True
20261004,fs,0,3.3,5.5,0,0,bounded,-0.005,-25,3000,True,0.000101761066745512,9.958237901173417e-05,1.25120988265806,2.04879011734194,2.709565060778327,0.0008883077298085474,0.6406290274868438,0.640646186008458,-0.0,1.0,-0.0,1.0,0.0,1.0,0.0,1.0,0.0,1.0,-0.0,1.0,1.0218782454827786,-0.41762098826583216,1.7610667455119966,True
20261004,fs,0,3.3,5.5,0,0,bounded,-0.005,25,-3000,True,0.0001016248611284159,9.944742448870174e-05,1.250755112982362,2.049244887017639,2.709666451076727,0.0008871132489884317,0.6406280494024201,0.6406451731478878,-0.0,1.0,-0.0,1.0,0.0,1.0,0.0,1.0,0.0,1.0,-0.0,1.0,1.0218953547656886,-0.5525755112982589,1.6248611284158887,True
20261004,fs,0,3.3,5.5,0,0,bounded,-0.005,25,3000,True,0.0001016248611284337,9.944742448870176e-05,1.250755112982338,2.049244887017662,2.709666451076715,0.0008871132489885294,0.6406280494024201,0.6406451731478878,-0.0,1.0,-0.0,1.0,0.0,1.0,0.0,1.0,0.0,1.0,-0.0,1.0,1.0218953547658676,-0.5525755112982478,1.6248611284336967,True
20261004,fs,0,3.3,5.5,0,0,bounded,0.005,-25,-3000,True,0.0001027699402277076,0.000100582042987375,1.254570126249729,2.045429873750272,2.708817980515062,0.0008971554250800974,0.6406362721079749,0.6406536886262238,-0.0,1.0,-0.0,1.0,0.0,1.0,0.0,1.0,0.0,1.0,-0.0,1.0,1.0217523642923738,0.5820429873750088,2.7699402277076013,True
20261004,fs,0,3.3,5.5,0,0,bounded,0.005,-25,3000,True,0.0001027699402276899,0.000100582042987375,1.254570126249725,2.045429873750275,2.708817980515069,0.0008971554250799998,0.6406362721079749,0.6406536886262238,-0.0,1.0,-0.0,1.0,0.0,1.0,0.0,1.0,0.0,1.0,-0.0,1.0,1.021752364292198,0.5820429873750088,2.7699402276899043,True
20261004,fs,0,3.3,5.5,0,0,bounded,0.005,25,-3000,True,0.0001026337481534672,0.0001004470882644555,1.254117355444951,2.045882644555049,2.708918431727994,0.0008959610180862156,0.6406352941301379,0.6406526757782872,-0.0,1.0,-0.0,1.0,0.0,1.0,0.0,1.0,0.0,1.0,-0.0,1.0,1.0217692710340662,0.44708826445549743,2.633748153467197,True
20261004,fs,0,3.3,5.5,0,0,bounded,0.005,25,3000,True,0.000102633748153485,0.0001004470882644555,1.254117355445085,2.045882644554915,2.708918431727983,0.0008959610180863132,0.6406352941301379,0.6406526757782872,-0.0,1.0,-0.0,1.0,0.0,1.0,0.0,1.0,0.0,1.0,-0.0,1.0,1.0217692710342434,0.44708826445549743,2.6337481534849827,True
20261004,fs,0,3.63,4.5,0,0,bounded,-0.005,-25,-3000,True,0.0001003327884406372,9.951640151318453e-05,1.250984868154531,2.37901513184547,1.71063461632538,0.0008127420999641895,0.6406188087782038,0.6406452328950952,-0.0,1.0,-0.0,1.0,0.0,1.0,0.0,1.0,0.0,1.0,-0.0,1.0,1.0082035414769746,-0.483598486815473,0.3327884406371995,True
20261004,fs,0,3.63,4.5,0,0,bounded,-0.005,-25,3000,True,0.0001005303975851694,9.971433484371627e-05,1.25165156283727,2.378348437162729,1.71048579435008,0.0008143498391045135,0.6406202277475768,0.6406467176973557,-0.0,1.0,-0.0,1.0,0.0,1.0,0.0,1.0,0.0,1.0,-0.0,1.0,1.0081840062688294,-0.285665156283732,0.5303975851693954,True
20261004,fs,0,3.63,4.5,0,0,bounded,-0.005,25,-3000,True,0.0001001980527688443,9.938144700315856e-05,1.250529968414332,2.379470031585668,1.710736244473156,0.0008116459045697795,0.6406178412821099,0.6406442205278505,-0.0,1.0,-0.0,1.0,0.0,1.0,0.0,1.0,0.0,1.0,-0.0,1.0,1.0082168834355953,-0.6185529968414483,0.19805276884430345,True
20261004,fs,0,3.63,4.5,0,0,bounded,-0.005,25,3000,True,0.0001003956644867491,9.957938029383686e-05,1.25119706163145,2.37880293836855,1.710587233909366,0.000813253655145398,0.6406192602716679,0.6406457053325707,-0.0,1.0,-0.0,1.0,0.0,1.0,0.0,1.0,0.0,1.0,-0.0,1.0,1.008197321478639,-0.42061970616315003,0.39566448674910326,True
20261004,fs,0,3.63,4.5,0,0,bounded,0.005,-25,-3000,True,0.0001013307759280605,0.000100516065393309,1.254346066909417,2.375653933090583,1.709885798652327,0.0008208618235424265,0.640625974988144,0.6406527318594917,-0.0,1.0,-0.0,1.0,0.0,1.0,0.0,1.0,0.0,1.0,-0.0,1.0,1.0081052768188212,0.5160653933089954,1.3307759280605014,True
20261004,fs,0,3.63,4.5,0,0,bounded,0.005,-25,3000,True,0.0001015283660940495,0.0001007139990165709,1.255009834291033,2.374990165708966,1.709738357902311,0.0008224694783418448,0.6406273938085877,0.6406542166435268,-0.0,1.0,-0.0,1.0,0.0,1.0,0.0,1.0,0.0,1.0,-0.0,1.0,1.008085937262253,0.7139990165708987,1.5283660940494936,True
20261004,fs,0,3.63,4.5,0,0,bounded,0.005,25,-3000,True,0.0001011960532127835,0.0001003811106831998,1.253893168002192,2.376106831997808,1.709986481922241,0.0008197656857261123,0.6406250075937135,0.6406517195046714,-0.0,1.0,-0.0,1.0,0.0,1.0,0.0,1.0,0.0,1.0,-0.0,1.0,1.0081184848826352,0.38111068319979235,1.1960532127834878,True
20261004,fs,0,3.63,4.5,0,0,bounded,0.005,25,3000,True,0.000101393645932392,0.0001005790442671962,1.254557328038233,2.375442671961767,1.709838856308724,0.0008213733518741525,0.6406264264341994,0.6406532042911662,-0.0,1.0,-0.0,1.0,0.0,1.0,0.0,1.0,0.0,1.0,-0.0,1.0,1.0080991191667297,0.5790442671961937,1.3936459323919959,True
20261004,fs,0,3.63,5,0,0,bounded,-0.005,-25,-3000,True,0.0001010695068792557,9.95164013662042e-05,1.250986337957786,2.379013662042214,2.210081168665836,0.0008665920858440139,0.640624095694602,0.6406454806724726,-0.0,1.0,-0.0,1.0,0.0,1.0,0.0,1.0,0.0,1.0,-0.0,1.0,1.0156065280871271,-0.4835986337958009,1.0695068792556883,True
20261004,fs,0,3.63,5,0,0,bounded,-0.005,-25,3000,True,0.0001012683375124048,9.971433469649407e-05,1.251653035059201,2.378346964940799,2.209932445650931,0.0008683047369988827,0.6406255234220327,0.6406469658850893,-0.0,1.0,-0.0,1.0,0.0,1.0,0.0,1.0,0.0,1.0,-0.0,1.0,1.0155845478048942,-0.2856653035059331,1.2683375124048046,True
20261004,fs,0,3.63,5,0,0,bounded,-0.005,25,-3000,True,0.00010093393838995,9.938144685634312e-05,1.250531436568659,2.379468563431341,2.210182728955868,0.0008654243585267483,0.6406231222271933,0.6406444680254416,-0.0,1.0,-0.0,1.0,0.0,1.0,0.0,1.0,0.0,1.0,-0.0,1.0,1.0156215428806448,-0.6185531436568859,0.9339383899499953,True
20261004,fs,0,3.63,5,0,0,bounded,-0.005,25,3000,True,0.0001011327715778555,9.957938014677956e-05,1.25119853220441,2.37880146779559,2.210033817809832,0.0008671370223105167,0.6406245499747051,0.6406459532405139,-0.0,1.0,-0.0,1.0,0.0,1.0,0.0,1.0,0.0,1.0,-0.0,1.0,1.0155995290268551,-0.4206198532204386,1.1327715778554959,True
20261004,fs,0,3.63,5,0,0,bounded,0.005,-25,-3000,True,0.0001020736638006915,0.0001005160652451071,1.254347548928841,2.375652451071159,2.209332843994467,0.0008752416503315923,0.6406313061389302,0.6406529817094703,-0.0,1.0,-0.0,1.0,0.0,1.0,0.0,1.0,0.0,1.0,-0.0,1.0,1.015496016002877,0.5160652451071002,2.0736638006914943,True
20261004,fs,0,3.63,5,0,0,bounded,0.005,-25,3000,True,0.0001022724756093253,0.0001007139988681271,1.255011318729316,2.374988681270684,2.209185498863493,0.0008769542084264229,0.6406327337183448,0.6406544669039113,-0.0,1.0,-0.0,1.0,0.0,1.0,0.0,1.0,0.0,1.0,-0.0,1.0,1.0154742812192261,0.7139988681270859,2.2724756093253085,True
20261004,fs,0,3.63,5,0,0,bounded,0.005,25,-3000,True,0.0001019381081662586,0.0001003811105351627,1.253894648372483,2.376105351627517,2.209433461693876,0.0008740739865624645,0.6406303327725834,0.6406519690748378,-0.0,1.0,-0.0,1.0,0.0,1.0,0.0,1.0,0.0,1.0,-0.0,1.0,1.0155108627788143,0.38111053516269866,1.9381081662585897,True
20261004,fs,0,3.63,5,0,0,bounded,0.005,25,3000,True,0.0001021369225058812,0.0001005790441189173,1.254558810827261,2.375441189172739,2.209285932146063,0.0008757865571695732,0.6406317603719099,0.6406534542717292,-0.0,1.0,-0.0,1.0,0.0,1.0,0.0,1.0,0.0,1.0,-0.0,1.0,1.015489095174955,0.5790441189172935,2.1369225058812003,True
20261004,fs,0,3.63,5.5,0,0,bounded,-0.005,-25,-3000,True,0.0001016944782220169,9.951640124152155e-05,1.250987584784389,2.379012415215611,2.70961461287979,0.0009205641812162471,0.6406285493189054,0.6406456908327379,-0.0,1.0,-0.0,1.0,0.0,1.0,0.0,1.0,0.0,1.0,-0.0,1.0,1.0218866131946358,-0.483598758478454,1.694478222016893,True
20261004,fs,0,3.63,5.5,0,0,bounded,-0.005,-25,3000,True,0.0001018942444570552,9.971433457162629e-05,1.25165428373706,2.37834571626294,2.709466046751345,0.0009223813934972753,0.6406299838269646,0.6406471763597102,-0.0,1.0,-0.0,1.0,0.0,1.0,0.0,1.0,0.0,1.0,-0.0,1.0,1.0218615497440144,-0.2856654283737159,1.8942444570551942,True
20261004,fs,0,3.63,5.5,0,0,bounded,-0.005,25,-3000,True,0.0001015582717048762,9.938144673178671e-05,1.250532682132719,2.379467317867281,2.709716065820594,0.000919325160501639,0.6406275712274022,0.6406446779713317,-0.0,1.0,-0.0,1.0,0.0,1.0,0.0,1.0,0.0,1.0,-0.0,1.0,1.0219037360058196,-0.6185532682132955,1.5582717048761907,True
20261004,fs,0,3.63,5.5,0,0,bounded,-0.005,25,3000,True,0.0001017580406343459,9.957938002203801e-05,1.251199779619928,2.378800220380072,2.709567312014268,0.000921142387457359,0.6406290057566565,0.6406461635008089,-0.0,1.0,-0.0,1.0,0.0,1.0,0.0,1.0,0.0,1.0,-0.0,1.0,1.0218786320202609,-0.420619977961989,1.7580406343459032,True
20261004,fs,0,3.63,5.5,0,0,bounded,0.005,-25,-3000,True,0.000102703358332759,0.0001005160651194899,1.254348805100493,2.375651194899507,2.708867073821066,0.0009297418017025041,0.6406357939921992,0.6406531934566816,-0.0,1.0,-0.0,1.0,0.0,1.0,0.0,1.0,0.0,1.0,-0.0,1.0,1.021760633095505,0.5160651194898946,2.703358332758987,True
20261004,fs,0,3.63,5.5,0,0,bounded,0.005,-25,3000,True,0.0001029031047254297,0.000100713998742325,1.255012576750043,2.374987423249957,2.708719882262988,0.0009315589059130482,0.640637228344077,0.6406546789651304,-0.0,1.0,-0.0,1.0,0.0,1.0,0.0,1.0,0.0,1.0,-0.0,1.0,1.0217358660210234,0.713998742325006,2.903104725429695,True
20261004,fs,0,3.63,5.5,0,0,bounded,0.005,25,-3000,True,0.0001025671653677112,0.0001003811104096717,1.253895903283262,2.376104096716738,2.708967586439368,0.000928502854797979,0.640634816007352,0.6406521806079124,-0.0,1.0,-0.0,1.0,0.0,1.0,0.0,1.0,0.0,1.0,-0.0,1.0,1.0217775530587165,0.3811104096716811,2.5671653677111994,True
20261004,fs,0,3.63,5.5,0,0,bounded,0.005,25,3000,True,0.0001027669144271553,0.0001005790439932412,1.254560067587329,2.375439932412672,2.708820210907098,0.0009303199735333131,0.6406362503802263,0.6406536661188591,-0.0,1.0,-0.0,1.0,0.0,1.0,0.0,1.0,0.0,1.0,-0.0,1.0,1.0217527463679326,0.5790439932412017,2.766914427155309,True
20261004,fs,27,2.97,4.5,0,0,bounded,-0.005,-25,-3000,True,0.0001003644420214603,9.957997061939404e-05,1.260293806059635,1.709706193940365,1.699700454920671,0.000747392511526239,0.6048907231163381,0.6049176326620728,-0.0,1.0,-0.0,1.0,0.0,1.0,0.0,1.0,0.0,1.0,-0.0,1.0,1.0078778031082636,-0.4200293806059685,0.36444202146030946,True
20261004,fs,27,2.97,4.5,0,0,bounded,-0.005,-25,3000,True,0.000100166972643864,9.938204222203542e-05,1.259577779645729,1.710422220354271,1.69986314826152,0.0007459160519868774,0.6048892920290599,0.6049161342033538,-0.0,1.0,-0.0,1.0,0.0,1.0,0.0,1.0,0.0,1.0,-0.0,1.0,1.0078981112108254,-0.617957777964584,0.16697264386400512,True
20261004,fs,27,2.97,4.5,0,0,bounded,-0.005,25,-3000,True,0.0001003644420214603,9.957997061939404e-05,1.260293806059635,1.709706193940365,1.699700454920671,0.000747392511526239,0.6048907231163381,0.6049176326620728,-0.0,1.0,-0.0,1.0,0.0,1.0,0.0,1.0,0.0,1.0,-0.0,1.0,1.0078778031082636,-0.4200293806059685,0.36444202146030946,True
20261004,fs,27,2.97,4.5,0,0,bounded,-0.005,25,3000,True,0.000100166972643864,9.938204222203542e-05,1.259577779645729,1.710422220354271,1.69986314826152,0.0007459160519868774,0.6048892920290599,0.6049161342033538,-0.0,1.0,-0.0,1.0,0.0,1.0,0.0,1.0,0.0,1.0,-0.0,1.0,1.0078981112108254,-0.617957777964584,0.16697264386400512,True
20261004,fs,27,2.97,4.5,0,0,bounded,0.005,-25,-3000,True,0.0001013617000664927,0.0001005796099413389,1.263900586611322,1.706099413388678,1.698883387318114,0.0007548491015150175,0.6048979503420222,0.6049252005790579,-0.0,1.0,-0.0,1.0,0.0,1.0,0.0,1.0,0.0,1.0,-0.0,1.0,1.0077758317576488,0.5796099413388989,1.3617000664926993,True
20261004,fs,27,2.97,4.5,0,0,bounded,0.005,-25,3000,True,0.0001011642511780001,0.0001003816812301003,1.263187698996964,1.706812301003036,1.699044558917197,0.0007533727332444584,0.6048965194158584,0.6049237021389595,-0.0,1.0,-0.0,1.0,0.0,1.0,0.0,1.0,0.0,1.0,-0.0,1.0,1.00779594382471,0.38168123010029475,1.1642511780000975,True
20261004,fs,27,2.97,4.5,0,0,bounded,0.005,25,-3000,True,0.0001013617000664927,0.0001005796099413389,1.263900586611322,1.706099413388678,1.698883387318114,0.0007548491015150175,0.6048979503420222,0.6049252005790579,-0.0,1.0,-0.0,1.0,0.0,1.0,0.0,1.0,0.0,1.0,-0.0,1.0,1.0077758317576488,0.5796099413388989,1.3617000664926993,True
20261004,fs,27,2.97,4.5,0,0,bounded,0.005,25,3000,True,0.0001011642511780001,0.0001003816812301003,1.263187698996964,1.706812301003036,1.699044558917197,0.0007533727332444584,0.6048965194158584,0.6049237021389595,-0.0,1.0,-0.0,1.0,0.0,1.0,0.0,1.0,0.0,1.0,-0.0,1.0,1.00779594382471,0.38168123010029475,1.1642511780000975,True
20261004,fs,27,2.97,5,0,0,bounded,-0.005,-25,-3000,True,0.0001010970025326897,9.95799704731033e-05,1.260295268966833,1.709704731033167,2.199099519390359,0.0008012375346586062,0.60489602894429,0.6049178813205562,-0.0,1.0,-0.0,1.0,0.0,1.0,0.0,1.0,0.0,1.0,-0.0,1.0,1.015234309192692,-0.4200295268967036,1.0970025326896948,True
20261004,fs,27,2.97,5,0,0,bounded,-0.005,-25,3000,True,0.0001008982728002507,9.938204207599459e-05,1.25957924005407,1.71042075994593,2.199262136571855,0.0007996560386569749,0.6048945887366399,0.6049163824344832,-0.0,1.0,-0.0,1.0,0.0,1.0,0.0,1.0,0.0,1.0,-0.0,1.0,1.0152565865279433,-0.6179579240054189,0.898272800250699,True
20261004,fs,27,2.97,5,0,0,bounded,-0.005,25,-3000,True,0.0001010970025326897,9.95799704731033e-05,1.260295268966833,1.709704731033167,2.199099519390359,0.0008012375346586062,0.60489602894429,0.6049178813205562,-0.0,1.0,-0.0,1.0,0.0,1.0,0.0,1.0,0.0,1.0,-0.0,1.0,1.015234309192692,-0.4200295268967036,1.0970025326896948,True
20261004,fs,27,2.97,5,0,0,bounded,-0.005,25,3000,True,0.0001008982728002507,9.938204207599459e-05,1.25957924005407,1.71042075994593,2.199262136571855,0.0007996560386569749,0.6048945887366399,0.6049163824344832,-0.0,1.0,-0.0,1.0,0.0,1.0,0.0,1.0,0.0,1.0,-0.0,1.0,1.0152565865279433,-0.6179579240054189,0.898272800250699,True
20261004,fs,27,2.97,5,0,0,bounded,0.005,-25,-3000,True,0.0001021006283006222,0.0001005796097937858,1.263902062142478,1.706097937857522,2.198282825947025,0.0008092245922806918,0.6049033022485165,0.6049254513966636,-0.0,1.0,-0.0,1.0,0.0,1.0,0.0,1.0,0.0,1.0,-0.0,1.0,1.0151225333838028,0.5796097937857958,2.100628300622187,True
20261004,fs,27,2.97,5,0,0,bounded,0.005,-25,3000,True,0.0001019019182946969,0.0001003816810827972,1.263189172027878,1.706810827972122,2.198443924841875,0.0008076431939793825,0.6049018621966441,0.6049239525289567,-0.0,1.0,-0.0,1.0,0.0,1.0,0.0,1.0,0.0,1.0,-0.0,1.0,1.0151445681672313,0.3816810827971917,1.9019182946969027,True
20261004,fs,27,2.97,5,0,0,bounded,0.005,25,-3000,True,0.0001021006283006222,0.0001005796097937858,1.263902062142478,1.706097937857522,2.198282825947025,0.0008092245922806918,0.6049033022485165,0.6049254513966636,-0.0,1.0,-0.0,1.0,0.0,1.0,0.0,1.0,0.0,1.0,-0.0,1.0,1.0151225333838028,0.5796097937857958,2.100628300622187,True
20261004,fs,27,2.97,5,0,0,bounded,0.005,25,3000,True,0.0001019019182946969,0.0001003816810827972,1.263189172027878,1.706810827972122,2.198443924841875,0.0008076431939793825,0.6049018621966441,0.6049239525289567,-0.0,1.0,-0.0,1.0,0.0,1.0,0.0,1.0,0.0,1.0,-0.0,1.0,1.0151445681672313,0.3816810827971917,1.9019182946969027,True
20261004,fs,27,2.97,5.5,0,0,bounded,-0.005,-25,-3000,True,0.0001017118273482592,9.957997035032656e-05,1.260296496734251,1.709703503265749,2.69859831218475,0.0008551675720458946,0.6049004595526686,0.6049180899910024,-0.0,1.0,-0.0,1.0,0.0,1.0,0.0,1.0,0.0,1.0,-0.0,1.0,1.021408491993246,-0.4200296496734479,1.7118273482591873,True
20261004,fs,27,2.97,5.5,0,0,bounded,-0.005,-25,3000,True,0.0001015121461019657,9.938204195340636e-05,1.259580465936416,1.710419534063584,2.698760780441987,0.0008534814778524217,0.6048990123957905,0.6049165907822619,-0.0,1.0,-0.0,1.0,0.0,1.0,0.0,1.0,0.0,1.0,-0.0,1.0,1.0214334914708032,-0.6179580465936474,1.5121461019657056,True
20261004,fs,27,2.97,5.5,0,0,bounded,-0.005,25,-3000,True,0.0001017118273482592,9.957997035032656e-05,1.260296496734251,1.709703503265749,2.69859831218475,0.0008551675720458946,0.6049004595526686,0.6049180899910024,-0.0,1.0,-0.0,1.0,0.0,1.0,0.0,1.0,0.0,1.0,-0.0,1.0,1.021408491993246,-0.4200296496734479,1.7118273482591873,True
20261004,fs,27,2.97,5.5,0,0,bounded,-0.005,25,3000,True,0.0001015121461019657,9.938204195340636e-05,1.259580465936416,1.710419534063584,2.698760780441987,0.0008534814778524217,0.6048990123957905,0.6049165907822619,-0.0,1.0,-0.0,1.0,0.0,1.0,0.0,1.0,0.0,1.0,-0.0,1.0,1.0214334914708032,-0.6179580465936474,1.5121461019657056,True
20261004,fs,27,2.97,5.5,0,0,bounded,0.005,-25,-3000,True,0.0001027202566855206,0.0001005796096700574,1.263903299425427,1.706096700574573,2.697782360586149,0.0008636828621804531,0.6049077679361136,0.6049256616960188,-0.0,1.0,-0.0,1.0,0.0,1.0,0.0,1.0,0.0,1.0,-0.0,1.0,1.0212831111841196,0.5796096700573905,2.7202566855205834,True
20261004,fs,27,2.97,5.5,0,0,bounded,0.005,-25,3000,True,0.0001025205958418756,0.0001003816809592572,1.263190407427333,1.706809592572667,2.697943313949882,0.0008619968792692998,0.6049063209408971,0.6049241625058813,-0.0,1.0,-0.0,1.0,0.0,1.0,0.0,1.0,0.0,1.0,-0.0,1.0,1.0213078209308581,0.38168095925719125,2.5205958418755836,True
20261004,fs,27,2.97,5.5,0,0,bounded,0.005,25,-3000,True,0.0001027202566855206,0.0001005796096700574,1.263903299425427,1.706096700574573,2.697782360586149,0.0008636828621804531,0.6049077679361136,0.6049256616960188,-0.0,1.0,-0.0,1.0,0.0,1.0,0.0,1.0,0.0,1.0,-0.0,1.0,1.0212831111841196,0.5796096700573905,2.7202566855205834,True
20261004,fs,27,2.97,5.5,0,0,bounded,0.005,25,3000,True,0.0001025205958418756,0.0001003816809592572,1.263190407427333,1.706809592572667,2.697943313949882,0.0008619968792692998,0.6049063209408971,0.6049241625058813,-0.0,1.0,-0.0,1.0,0.0,1.0,0.0,1.0,0.0,1.0,-0.0,1.0,1.0213078209308581,0.38168095925719125,2.5205958418755836,True
20261004,fs,27,3.3,4.5,0,0,bounded,-0.005,-25,-3000,True,0.0001002986207615689,9.95139944799852e-05,1.260055200147836,2.039944799852164,1.699754651063313,0.0007797399871804851,0.6048902461011677,0.6049171331768461,-0.0,1.0,-0.0,1.0,0.0,1.0,0.0,1.0,0.0,1.0,-0.0,1.0,1.007884582321148,-0.48600552001480946,0.2986207615689018,True
20261004,fs,27,3.3,4.5,0,0,bounded,-0.005,-25,3000,True,0.0001002986207615512,9.951399447998521e-05,1.260055200147767,2.039944799852234,1.699754651063323,0.0007797399871804051,0.6048902461011677,0.6049171331768461,-0.0,1.0,-0.0,1.0,0.0,1.0,0.0,1.0,0.0,1.0,-0.0,1.0,1.00788458232097,-0.48600552001478725,0.29862076155120487,True
20261004,fs,27,3.3,4.5,0,0,bounded,-0.005,25,-3000,True,0.0001002986207615689,9.95139944799852e-05,1.260055200147836,2.039944799852164,1.699754651063313,0.0007797399871804851,0.6048902461011677,0.6049171331768461,-0.0,1.0,-0.0,1.0,0.0,1.0,0.0,1.0,0.0,1.0,-0.0,1.0,1.007884582321148,-0.48600552001480946,0.2986207615689018,True
20261004,fs,27,3.3,4.5,0,0,bounded,-0.005,25,3000,True,0.0001002986207615512,9.951399447998521e-05,1.260055200147767,2.039944799852234,1.699754651063323,0.0007797399871804051,0.6048902461011677,0.6049171331768461,-0.0,1.0,-0.0,1.0,0.0,1.0,0.0,1.0,0.0,1.0,-0.0,1.0,1.00788458232097,-0.48600552001478725,0.29862076155120487,True
20261004,fs,27,3.3,4.5,0,0,bounded,0.005,-25,-3000,True,0.0001012958856605854,0.0001005136336974057,1.263663025943064,2.036336974056936,1.698937076869905,0.0007875264886434881,0.6048974733807354,0.6049247011000497,-0.0,1.0,-0.0,1.0,0.0,1.0,0.0,1.0,0.0,1.0,-0.0,1.0,1.007782545853776,0.513633697405691,1.295885660585383,True
20261004,fs,27,3.3,4.5,0,0,bounded,0.005,-25,3000,True,0.0001012958856605854,0.0001005136336974057,1.263663025943002,2.036336974056999,1.698937076869905,0.0007875264886434881,0.604897473380732,0.6049247011000479,-0.0,1.0,-0.0,1.0,0.0,1.0,0.0,1.0,0.0,1.0,-0.0,1.0,1.007782545853776,0.513633697405691,1.295885660585383,True
20261004,fs,27,3.3,4.5,0,0,bounded,0.005,25,-3000,True,0.0001012958856605854,0.0001005136336974057,1.263663025943064,2.036336974056936,1.698937076869905,0.0007875264886434881,0.6048974733807354,0.6049247011000497,-0.0,1.0,-0.0,1.0,0.0,1.0,0.0,1.0,0.0,1.0,-0.0,1.0,1.007782545853776,0.513633697405691,1.295885660585383,True
20261004,fs,27,3.3,4.5,0,0,bounded,0.005,25,3000,True,0.0001012958856605854,0.0001005136336974057,1.263663025943002,2.036336974056999,1.698937076869905,0.0007875264886434881,0.604897473380732,0.6049247011000479,-0.0,1.0,-0.0,1.0,0.0,1.0,0.0,1.0,0.0,1.0,-0.0,1.0,1.007782545853776,0.513633697405691,1.295885660585383,True
20261004,fs,27,3.3,5,0,0,bounded,-0.005,-25,-3000,True,0.0001010307611470686,9.951399433377781e-05,1.260056662221947,2.039943337778054,2.199153690223951,0.0008335499990062536,0.604895548888948,0.6049173816928771,-0.0,1.0,-0.0,1.0,0.0,1.0,0.0,1.0,0.0,1.0,-0.0,1.0,1.0152417438717558,-0.486005666222189,1.030761147068593,True
20261004,fs,27,3.3,5,0,0,bounded,-0.005,-25,3000,True,0.0001010307611470508,9.951399433377778e-05,1.260056662221967,2.039943337778033,2.199153690223971,0.000833549999006165,0.604895548888948,0.6049173816928771,-0.0,1.0,-0.0,1.0,0.0,1.0,0.0,1.0,0.0,1.0,-0.0,1.0,1.015241743871577,-0.4860056662222223,1.030761147050785,True
20261004,fs,27,3.3,5,0,0,bounded,-0.005,25,-3000,True,0.0001010307611470686,9.951399433377781e-05,1.260056662221947,2.039943337778054,2.199153690223951,0.0008335499990062536,0.604895548888948,0.6049173816928771,-0.0,1.0,-0.0,1.0,0.0,1.0,0.0,1.0,0.0,1.0,-0.0,1.0,1.0152417438717558,-0.486005666222189,1.030761147068593,True
20261004,fs,27,3.3,5,0,0,bounded,-0.005,25,3000,True,0.0001010307611470508,9.951399433377778e-05,1.260056662221967,2.039943337778033,2.199153690223971,0.000833549999006165,0.604895548888948,0.6049173816928771,-0.0,1.0,-0.0,1.0,0.0,1.0,0.0,1.0,0.0,1.0,-0.0,1.0,1.015241743871577,-0.4860056662222223,1.030761147050785,True
20261004,fs,27,3.3,5,0,0,bounded,0.005,-25,-3000,True,0.0001020343935142377,0.0001005136335499359,1.263664500640652,2.036335499359349,2.198336491339808,0.0008418669702554985,0.6049028222452729,0.604924951775113,-0.0,1.0,-0.0,1.0,0.0,1.0,0.0,1.0,0.0,1.0,-0.0,1.0,1.0151298874649306,0.513633549935899,2.0343935142376868,True
20261004,fs,27,3.3,5,0,0,bounded,0.005,-25,3000,True,0.000102034393514291,0.0001005136335499359,1.263664500640646,2.036335499359355,2.198336491339786,0.000841866970255765,0.6049028222452729,0.604924951775113,-0.0,1.0,-0.0,1.0,0.0,1.0,0.0,1.0,0.0,1.0,-0.0,1.0,1.0151298874654608,0.513633549935899,2.0343935142909997,True
20261004,fs,27,3.3,5,0,0,bounded,0.005,25,-3000,True,0.0001020343935142377,0.0001005136335499359,1.263664500640652,2.036335499359349,2.198336491339808,0.0008418669702554985,0.6049028222452729,0.604924951775113,-0.0,1.0,-0.0,1.0,0.0,1.0,0.0,1.0,0.0,1.0,-0.0,1.0,1.0151298874649306,0.513633549935899,2.0343935142376868,True
20261004,fs,27,3.3,5,0,0,bounded,0.005,25,3000,True,0.000102034393514291,0.0001005136335499359,1.263664500640646,2.036335499359355,2.198336491339786,0.000841866970255765,0.6049028222452729,0.604924951775113,-0.0,1.0,-0.0,1.0,0.0,1.0,0.0,1.0,0.0,1.0,-0.0,1.0,1.0151298874654608,0.513633549935899,2.0343935142909997,True
20261004,fs,27,3.3,5.5,0,0,bounded,-0.005,-25,-3000,True,0.0001016452688133267,9.951399421106388e-05,1.260057889361144,2.039942110638856,2.69865243345353,0.0008874451713391818,0.6048999771810974,0.6049175902557774,-0.0,1.0,-0.0,1.0,0.0,1.0,0.0,1.0,0.0,1.0,-0.0,1.0,1.0214168330711608,-0.486005788936128,1.6452688133266946,True
20261004,fs,27,3.3,5.5,0,0,bounded,-0.005,-25,3000,True,0.0001016452688132379,9.951399421106388e-05,1.260057889361061,2.039942110638939,2.698652433453588,0.0008874451713386934,0.6048999771810974,0.604917590255774,-0.0,1.0,-0.0,1.0,0.0,1.0,0.0,1.0,0.0,1.0,-0.0,1.0,1.0214168330702684,-0.486005788936128,1.645268813237899,True
20261004,fs,27,3.3,5.5,0,0,bounded,-0.005,25,-3000,True,0.0001016452688133267,9.951399421106388e-05,1.260057889361144,2.039942110638856,2.69865243345353,0.0008874451713391818,0.6048999771810974,0.6049175902557774,-0.0,1.0,-0.0,1.0,0.0,1.0,0.0,1.0,0.0,1.0,-0.0,1.0,1.0214168330711608,-0.486005788936128,1.6452688133266946,True
20261004,fs,27,3.3,5.5,0,0,bounded,-0.005,25,3000,True,0.0001016452688132379,9.951399421106388e-05,1.260057889361061,2.039942110638939,2.698652433453588,0.0008874451713386934,0.6048999771810974,0.604917590255774,-0.0,1.0,-0.0,1.0,0.0,1.0,0.0,1.0,0.0,1.0,-0.0,1.0,1.0214168330702684,-0.486005788936128,1.645268813237899,True
20261004,fs,27,3.3,5.5,0,0,bounded,0.005,-25,-3000,True,0.0001026537049748715,0.0001005136334262704,1.263665737295973,2.036334262704028,2.69783597754327,0.0008962903796379631,0.6049072856185979,0.6049251619669993,-0.0,1.0,-0.0,1.0,0.0,1.0,0.0,1.0,0.0,1.0,-0.0,1.0,1.0212913559648693,0.513633426270399,2.653704974871496,True
20261004,fs,27,3.3,5.5,0,0,bounded,0.005,-25,3000,True,0.000102653704974836,0.0001005136334262704,1.263665737295939,2.036334262704061,2.697835977543297,0.0008962903796377675,0.6049072856185979,0.6049251619669993,-0.0,1.0,-0.0,1.0,0.0,1.0,0.0,1.0,0.0,1.0,-0.0,1.0,1.021291355964516,0.513633426270399,2.653704974835991,True
20261004,fs,27,3.3,5.5,0,0,bounded,0.005,25,-3000,True,0.0001026537049748715,0.0001005136334262704,1.263665737295973,2.036334262704028,2.69783597754327,0.0008962903796379631,0.6049072856185979,0.6049251619669993,-0.0,1.0,-0.0,1.0,0.0,1.0,0.0,1.0,0.0,1.0,-0.0,1.0,1.0212913559648693,0.513633426270399,2.653704974871496,True
20261004,fs,27,3.3,5.5,0,0,bounded,0.005,25,3000,True,0.000102653704974836,0.0001005136334262704,1.263665737295939,2.036334262704061,2.697835977543297,0.0008962903796377675,0.6049072856185979,0.6049251619669993,-0.0,1.0,-0.0,1.0,0.0,1.0,0.0,1.0,0.0,1.0,-0.0,1.0,1.021291355964516,0.513633426270399,2.653704974835991,True
20261004,fs,27,3.63,4.5,0,0,bounded,-0.005,-25,-3000,True,0.0001002327983269905,9.944801834752986e-05,1.259816524701231,2.370183475298769,1.699808881591614,0.0008120439135616739,0.6048897690772113,0.6049166336909657,-0.0,1.0,-0.0,1.0,0.0,1.0,0.0,1.0,0.0,1.0,-0.0,1.0,1.0078913586464655,-0.551981652470146,0.23279832699050207,True
20261004,fs,27,3.63,4.5,0,0,bounded,-0.005,-25,3000,True,0.0001004302663554438,9.964594676574839e-05,1.260532342516058,2.369467657483942,1.699646289623004,0.0008136509998478191,0.6048912001538788,0.6049181321484565,-0.0,1.0,-0.0,1.0,0.0,1.0,0.0,1.0,0.0,1.0,-0.0,1.0,1.0078710636523855,-0.3540532342516167,0.4302663554438091,True
20261004,fs,27,3.63,4.5,0,0,bounded,-0.005,25,-3000,True,0.0001002327983269905,9.944801834752986e-05,1.259816524701231,2.370183475298769,1.699808881591614,0.0008120439135616739,0.6048897690772113,0.6049166336909657,-0.0,1.0,-0.0,1.0,0.0,1.0,0.0,1.0,0.0,1.0,-0.0,1.0,1.0078913586464655,-0.551981652470146,0.23279832699050207,True
20261004,fs,27,3.63,4.5,0,0,bounded,-0.005,25,3000,True,0.0001004302663554438,9.964594676574839e-05,1.260532342516058,2.369467657483942,1.699646289623004,0.0008136509998478191,0.6048912001538788,0.6049181321484565,-0.0,1.0,-0.0,1.0,0.0,1.0,0.0,1.0,0.0,1.0,-0.0,1.0,1.0078710636523855,-0.3540532342516167,0.4302663554438091,True
20261004,fs,27,3.63,4.5,0,0,bounded,0.005,-25,-3000,True,0.000101230070066615,0.0001004476574603237,1.263425396762693,2.366574603237307,1.698990800147757,0.0008201603263693184,0.6048969964105592,0.6049242016203773,-0.0,1.0,-0.0,1.0,0.0,1.0,0.0,1.0,0.0,1.0,-0.0,1.0,1.0077892568734155,0.4476574603236916,1.2300700666149966,True
20261004,fs,27,3.63,4.5,0,0,bounded,0.005,-25,3000,True,0.0001014275176157346,0.0001006455861921155,1.26413807884503,2.36586192115497,1.698829727917879,0.0008217673216367659,0.6048984273261843,0.604925700059251,-0.0,1.0,-0.0,1.0,0.0,1.0,0.0,1.0,0.0,1.0,-0.0,1.0,1.0077691576273056,0.6455861921154993,1.4275176157346081,True
20261004,fs,27,3.63,4.5,0,0,bounded,0.005,25,-3000,True,0.000101230070066615,0.0001004476574603237,1.263425396762693,2.366574603237307,1.698990800147757,0.0008201603263693184,0.6048969964105592,0.6049242016203773,-0.0,1.0,-0.0,1.0,0.0,1.0,0.0,1.0,0.0,1.0,-0.0,1.0,1.0077892568734155,0.4476574603236916,1.2300700666149966,True
20261004,fs,27,3.63,4.5,0,0,bounded,0.005,25,3000,True,0.0001014275176157346,0.0001006455861921155,1.26413807884503,2.36586192115497,1.698829727917879,0.0008217673216367659,0.6048984273261843,0.604925700059251,-0.0,1.0,-0.0,1.0,0.0,1.0,0.0,1.0,0.0,1.0,-0.0,1.0,1.0077691576273056,0.6455861921154993,1.4275176157346081,True
20261004,fs,27,3.63,5,0,0,bounded,-0.005,-25,-3000,True,0.0001009645185986798,9.944801820140573e-05,1.25981798594264,2.37018201405736,2.199207895366072,0.0008658189135530515,0.6048950688248964,0.604916882064544,-0.0,1.0,-0.0,1.0,0.0,1.0,0.0,1.0,0.0,1.0,-0.0,1.0,1.0152491766522969,-0.551981798594281,0.9645185986798088,True
20261004,fs,27,3.63,5,0,0,bounded,-0.005,-25,3000,True,0.0001011632470313407,9.964594661937438e-05,1.260533806256152,2.369466193743848,2.199045379326418,0.0008675310358736556,0.6048965090222848,0.6049183809494095,-0.0,1.0,-0.0,1.0,0.0,1.0,0.0,1.0,0.0,1.0,-0.0,1.0,1.015226915528858,-0.35405338062561853,1.1632470313406973,True
20261004,fs,27,3.63,5,0,0,bounded,-0.005,25,-3000,True,0.0001009645185986798,9.944801820140573e-05,1.25981798594264,2.37018201405736,2.199207895366072,0.0008658189135530515,0.6048950688248964,0.604916882064544,-0.0,1.0,-0.0,1.0,0.0,1.0,0.0,1.0,0.0,1.0,-0.0,1.0,1.0152491766522969,-0.551981798594281,0.9645185986798088,True
20261004,fs,27,3.63,5,0,0,bounded,-0.005,25,3000,True,0.0001011632470313407,9.964594661937438e-05,1.260533806256152,2.369466193743848,2.199045379326418,0.0008675310358736556,0.6048965090222848,0.6049183809494095,-0.0,1.0,-0.0,1.0,0.0,1.0,0.0,1.0,0.0,1.0,-0.0,1.0,1.015226915528858,-0.35405338062561853,1.1632470313406973,True
20261004,fs,27,3.63,5,0,0,bounded,0.005,-25,-3000,True,0.0001019681575523491,0.0001004476573129373,1.263426870626884,2.366573129373116,2.198390190383197,0.0008744657982962996,0.6049023422332276,0.6049244521529086,-0.0,1.0,-0.0,1.0,0.0,1.0,0.0,1.0,0.0,1.0,-0.0,1.0,1.0151372394348113,0.4476573129372996,1.9681575523490924,True
20261004,fs,27,3.63,5,0,0,bounded,0.005,-25,3000,True,0.0001021668662702736,0.000100645586044479,1.264139555209533,2.365860444790467,2.198229190632276,0.0008761778231815255,0.6049037822749224,0.6049259510194044,-0.0,1.0,-0.0,1.0,0.0,1.0,0.0,1.0,0.0,1.0,-0.0,1.0,1.0151152205037812,0.6455860444789963,2.166866270273582,True
20261004,fs,27,3.63,5,0,0,bounded,0.005,25,-3000,True,0.0001019681575523491,0.0001004476573129373,1.263426870626884,2.366573129373116,2.198390190383197,0.0008744657982962996,0.6049023422332276,0.6049244521529086,-0.0,1.0,-0.0,1.0,0.0,1.0,0.0,1.0,0.0,1.0,-0.0,1.0,1.0151372394348113,0.4476573129372996,1.9681575523490924,True
20261004,fs,27,3.63,5,0,0,bounded,0.005,25,3000,True,0.0001021668662702736,0.000100645586044479,1.264139555209533,2.365860444790467,2.198229190632276,0.0008761778231815255,0.6049037822749224,0.6049259510194044,-0.0,1.0,-0.0,1.0,0.0,1.0,0.0,1.0,0.0,1.0,-0.0,1.0,1.0151152205037812,0.6455860444789963,2.166866270273582,True
20261004,fs,27,3.63,5.5,0,0,bounded,-0.005,-25,-3000,True,0.0001015787090969927,9.944801807875467e-05,1.259819212453315,2.370180787546684,2.698706588954731,0.0009196792201479868,0.6048994948006636,0.6049170905198898,-0.0,1.0,-0.0,1.0,0.0,1.0,0.0,1.0,0.0,1.0,-0.0,1.0,1.0214251732654007,-0.551981921245337,1.578709096992692,True
20261004,fs,27,3.63,5.5,0,0,bounded,-0.005,-25,3000,True,0.0001017783889980511,9.964594649653482e-05,1.260535034651744,2.369464965348256,2.698544221612886,0.0009214959397603011,0.6049009419468807,0.6049185897274033,-0.0,1.0,-0.0,1.0,0.0,1.0,0.0,1.0,0.0,1.0,-0.0,1.0,1.0214001931487542,-0.3540535034651793,1.7783889980510947,True
20261004,fs,27,3.63,5.5,0,0,bounded,-0.005,25,-3000,True,0.0001015787090969927,9.944801807875467e-05,1.259819212453315,2.370180787546684,2.698706588954731,0.0009196792201479868,0.6048994948006636,0.6049170905198898,-0.0,1.0,-0.0,1.0,0.0,1.0,0.0,1.0,0.0,1.0,-0.0,1.0,1.0214251732654007,-0.551981921245337,1.578709096992692,True
20261004,fs,27,3.63,5.5,0,0,bounded,-0.005,25,3000,True,0.0001017783889980511,9.964594649653482e-05,1.260535034651744,2.369464965348256,2.698544221612886,0.0009214959397603011,0.6049009419468807,0.6049185897274033,-0.0,1.0,-0.0,1.0,0.0,1.0,0.0,1.0,0.0,1.0,-0.0,1.0,1.0214001931487542,-0.3540535034651793,1.7783889980510947,True
20261004,fs,27,3.63,5.5,0,0,bounded,0.005,-25,-3000,True,0.0001025871520703863,0.0001004476571893345,1.263428106654344,2.366571893345656,2.697889628076824,0.0009288543464731273,0.6049068032921318,0.6049246622373194,-0.0,1.0,-0.0,1.0,0.0,1.0,0.0,1.0,0.0,1.0,-0.0,1.0,1.0212995996215128,0.44765718933448273,2.5871520703862894,True
20261004,fs,27,3.63,5.5,0,0,bounded,0.005,-25,3000,True,0.0001027868115824387,0.000100645585920688,1.264140793120255,2.365859206879745,2.697728773635892,0.0009306709550842129,0.6049082502767856,0.6049261614262295,-0.0,1.0,-0.0,1.0,0.0,1.0,0.0,1.0,0.0,1.0,-0.0,1.0,1.0212749088016444,0.6455859206879966,2.7868115824386974,True
20261004,fs,27,3.63,5.5,0,0,bounded,0.005,25,-3000,True,0.0001025871520703863,0.0001004476571893345,1.263428106654344,2.366571893345656,2.697889628076824,0.0009288543464731273,0.6049068032921318,0.6049246622373194,-0.0,1.0,-0.0,1.0,0.0,1.0,0.0,1.0,0.0,1.0,-0.0,1.0,1.0212995996215128,0.44765718933448273,2.5871520703862894,True
20261004,fs,27,3.63,5.5,0,0,bounded,0.005,25,3000,True,0.0001027868115824387,0.000100645585920688,1.264140793120255,2.365859206879745,2.697728773635892,0.0009306709550842129,0.6049082502767856,0.6049261614262295,-0.0,1.0,-0.0,1.0,0.0,1.0,0.0,1.0,0.0,1.0,-0.0,1.0,1.0212749088016444,0.6455859206879966,2.7868115824386974,True
20261004,fs,85,2.97,4.5,0,0,bounded,-0.005,-25,-3000,True,0.0001001603956384171,9.943326476292314e-05,1.277352370768634,1.692647629231367,1.678521205528771,0.000746038586439298,0.5281395058977126,0.5281673004600421,-0.0,1.0,-0.0,1.0,0.0,1.0,0.0,1.0,0.0,1.0,-0.0,1.0,1.0073127527012982,-0.5667352370768652,0.16039563841709903,True
20261004,fs,85,2.97,4.5,0,0,bounded,-0.005,-25,3000,True,9.996324221743271e-05,9.923534687254018e-05,1.276531274598049,1.693468725401951,1.678713492683215,0.0007445635799104334,0.5281380489601837,0.5281657726771416,-0.0,1.0,-0.0,1.0,0.0,1.0,0.0,1.0,0.0,1.0,-0.0,1.0,1.0073350410698665,-0.7646531274598245,-0.036757782567298225,True
20261004,fs,85,2.97,4.5,0,0,bounded,-0.005,25,-3000,True,0.0001004491470419514,9.97231446292314e-05,1.278553707685762,1.691446292314238,1.678240228338057,0.0007481989109581295,0.5281416397276466,0.528169538114834,-0.0,1.0,-0.0,1.0,0.0,1.0,0.0,1.0,0.0,1.0,-0.0,1.0,1.0072801796956892,-0.2768553707686139,0.449147041951381,True
20261004,fs,85,2.97,4.5,0,0,bounded,-0.005,25,3000,True,0.0001002520006456412,9.952522663510965e-05,1.277733648903432,1.692266351096568,1.67843198372575,0.0007467239357322425,0.5281401828456749,0.5281680103376407,-0.0,1.0,-0.0,1.0,0.0,1.0,0.0,1.0,0.0,1.0,-0.0,1.0,1.0073024100030048,-0.4747733648903574,0.25200064564119273,True
20261004,fs,85,2.97,4.5,0,0,bounded,0.005,-25,-3000,True,0.0001011560468083187,0.0001004328511465748,1.281488534251948,1.688511465748052,1.677555581170235,0.0007534877882633415,0.5281468635892624,0.5281750164757851,-0.0,1.0,-0.0,1.0,0.0,1.0,0.0,1.0,0.0,1.0,-0.0,1.0,1.007200787924346,0.4328511465747864,1.1560468083186892,True
20261004,fs,85,2.97,4.5,0,0,bounded,0.005,-25,3000,True,0.0001009589175562501,0.0001002349329003288,1.280670996711476,1.689329003288524,1.677746047595043,0.0007520128894376283,0.5281454068429059,0.5281734887125538,-0.0,1.0,-0.0,1.0,0.0,1.0,0.0,1.0,0.0,1.0,-0.0,1.0,1.0072228776432786,0.2349329003287881,0.9589175562501051,True
20261004,fs,85,2.97,4.5,0,0,bounded,0.005,25,-3000,True,0.0001014447628669527,0.000100722731532236,1.282684677640359,1.687315322359642,1.677277257746963,0.0007556479552726275,0.5281489971395922,0.5281772541017689,-0.0,1.0,-0.0,1.0,0.0,1.0,0.0,1.0,0.0,1.0,-0.0,1.0,1.0071685043061567,0.7227315322359873,1.444762866952698,True
20261004,fs,85,2.97,4.5,0,0,bounded,0.005,25,3000,True,0.0001012476405957533,0.0001005248131837605,1.281868162395088,1.688131837604912,1.677467202915031,0.0007541730875572211,0.5281475404484697,0.5281757263442428,-0.0,1.0,-0.0,1.0,0.0,1.0,0.0,1.0,0.0,1.0,-0.0,1.0,1.0071905372325485,0.5248131837604975,1.2476405957532855,True
20261004,fs,85,2.97,5,0,0,bounded,-0.005,-25,-3000,True,0.0001008876645780212,9.943326461734608e-05,1.277353826539118,1.692646173460882,2.177814979056977,0.0007997551285241604,0.5281448772516449,0.5281675521842698,-0.0,1.0,-0.0,1.0,0.0,1.0,0.0,1.0,0.0,1.0,-0.0,1.0,1.0146268953983573,-0.5667353826539268,0.8876645780211856,True
20261004,fs,85,2.97,5,0,0,bounded,-0.005,-25,3000,True,0.0001006891628526531,9.923534672723127e-05,1.276532727687201,1.693467272312799,2.178007257087534,0.0007981748037637094,0.528143410364784,0.5281660239351446,-0.0,1.0,-0.0,1.0,0.0,1.0,0.0,1.0,0.0,1.0,-0.0,1.0,1.0146501843684583,-0.7646532727687338,0.6891628526531024,True
20261004,fs,85,2.97,5,0,0,bounded,-0.005,25,-3000,True,0.0001011783915558197,9.972314448326149e-05,1.278555167385029,1.691444832614971,2.177534013872085,0.0008020697066149257,0.5281470256595615,0.528169790522188,-0.0,1.0,-0.0,1.0,0.0,1.0,0.0,1.0,0.0,1.0,-0.0,1.0,1.014592871896478,-0.2768555167385167,1.1783915558196911,True
20261004,fs,85,2.97,5,0,0,bounded,-0.005,25,3000,True,0.0001009798962179466,9.952522648940798e-05,1.27773510592008,1.69226489407992,2.177725761236964,0.0008004894134838111,0.5281455588236056,0.5281682622785494,-0.0,1.0,-0.0,1.0,0.0,1.0,0.0,1.0,0.0,1.0,-0.0,1.0,1.0146160906118957,-0.4747735105920303,0.9798962179465853,True
20261004,fs,85,2.97,5,0,0,bounded,0.005,-25,-3000,True,0.0001018901320340361,0.0001004328509996423,1.281490003577096,1.688509996422904,2.176849389345473,0.0008077362373596819,0.5281522852410196,0.5281752705569706,-0.0,1.0,-0.0,1.0,0.0,1.0,0.0,1.0,0.0,1.0,-0.0,1.0,1.0145100036480992,0.432850999642298,1.890132034036096,True
20261004,fs,85,2.97,5,0,0,bounded,0.005,-25,3000,True,0.0001016916522690749,0.0001002349327536649,1.280672463351016,1.689327536648984,2.177039850415075,0.0008061560213442956,0.5281508185292105,0.5281737423267582,-0.0,1.0,-0.0,1.0,0.0,1.0,0.0,1.0,0.0,1.0,-0.0,1.0,1.0145330522542475,0.23493275366490707,1.6916522690749058,True
20261004,fs,85,2.97,5,0,0,bounded,0.005,25,-3000,True,0.0001021808269130133,0.00010072273138491,1.28268615090031,1.68731384909969,2.176571072436417,0.0008100506564988467,0.5281544333930365,0.5281775088671923,-0.0,1.0,-0.0,1.0,0.0,1.0,0.0,1.0,0.0,1.0,-0.0,1.0,1.014476330298582,0.7227313849099914,2.1808269130132896,True
20261004,fs,85,2.97,5,0,0,bounded,0.005,25,3000,True,0.0001019823534823984,0.0001005248130367031,1.281869632968215,1.688130367031786,2.176761013327683,0.0008084704718515875,0.5281529667317368,0.5281759806424607,-0.0,1.0,-0.0,1.0,0.0,1.0,0.0,1.0,0.0,1.0,-0.0,1.0,1.0144993101868602,0.5248130367030868,1.9823534823983913,True
20261004,fs,85,2.97,5.5,0,0,bounded,-0.005,-25,-3000,True,0.0001014846048910894,9.943326449785799e-05,1.277355021419933,1.692644978580068,2.677238908862093,0.0008534821321801676,0.5281492751400344,0.5281677587871324,-0.0,1.0,-0.0,1.0,0.0,1.0,0.0,1.0,0.0,1.0,-0.0,1.0,1.0206303232986542,-0.5667355021420128,1.4846048910893916,True
20261004,fs,85,2.97,5.5,0,0,bounded,-0.005,-25,3000,True,0.0001012851175057588,9.923534660793905e-05,1.276533920609366,1.693466079390634,2.677431063538818,0.0008517971354278157,0.528147800935947,0.5281662301971699,-0.0,1.0,-0.0,1.0,0.0,1.0,0.0,1.0,0.0,1.0,-0.0,1.0,1.0206556531305122,-0.7646533920609544,1.2851175057587927,True
20261004,fs,85,2.97,5.5,0,0,bounded,-0.005,25,-3000,True,0.0001017767755297765,9.972314436348653e-05,1.278556365134463,1.691443634865538,2.676958123065738,0.0008559500138938952,0.5281514342648593,0.5281699976242571,-0.0,1.0,-0.0,1.0,0.0,1.0,0.0,1.0,0.0,1.0,-0.0,1.0,1.02059332544514,-0.27685563651347334,1.7767755297764865,True
20261004,fs,85,2.97,5.5,0,0,bounded,-0.005,25,3000,True,0.0001015772945176235,9.95252263698289e-05,1.277736301711002,1.692263698288998,2.677149748116094,0.0008542650518858813,0.5281499601118731,0.5281684690397793,-0.0,1.0,-0.0,1.0,0.0,1.0,0.0,1.0,0.0,1.0,-0.0,1.0,1.020618573025589,-0.4747736301711103,1.5772945176234954,True
20261004,fs,85,2.97,5.5,0,0,bounded,0.005,-25,-3000,True,0.0001024920505932219,0.000100432850879165,1.281491208349654,1.688508791650346,2.676273931364156,0.0008619918550943756,0.5281567200831943,0.5281754788812588,-0.0,1.0,-0.0,1.0,0.0,1.0,0.0,1.0,0.0,1.0,-0.0,1.0,1.0205032486485364,0.432850879164981,2.492050593221884,True
20261004,fs,85,2.97,5.5,0,0,bounded,0.005,-25,3000,True,0.0001022925851103711,0.0001002349326333835,1.280673666165187,1.689326333834813,2.676464272633898,0.0008603069777487757,0.5281552460547617,0.5281739503101976,-0.0,1.0,-0.0,1.0,0.0,1.0,0.0,1.0,0.0,1.0,-0.0,1.0,1.020528297100908,0.2349326333835,2.2925851103710926,True
20261004,fs,85,2.97,5.5,0,0,bounded,0.005,25,-3000,True,0.0001027841892266306,0.0001007227312641458,1.282687358541448,1.687312641458552,2.675995788668029,0.0008644595623215781,0.5281588789513003,0.5281777176907082,-0.0,1.0,-0.0,1.0,0.0,1.0,0.0,1.0,0.0,1.0,-0.0,1.0,1.0204666606694632,0.7227312641457928,2.7841892266305956,True
20261004,fs,85,2.97,5.5,0,0,bounded,0.005,25,3000,True,0.0001025847300567567,0.0001005248129161349,1.281870838650859,1.688129161349142,2.676185610774625,0.0008627747193936637,0.5281574049735194,0.528176189125124,-0.0,1.0,-0.0,1.0,0.0,1.0,0.0,1.0,0.0,1.0,-0.0,1.0,1.0204916286921155,0.5248129161348869,2.584730056756701,True
20261004,fs,85,3.3,4.5,0,0,bounded,-0.005,-25,-3000,True,0.000100094681830493,9.936729212490936e-05,1.2770787509065,2.022921249093501,1.678585257418378,0.000778338144253106,0.5281390202818178,0.5281667912008329,-0.0,1.0,-0.0,1.0,0.0,1.0,0.0,1.0,0.0,1.0,-0.0,1.0,1.0073202126175411,-0.6327078750906434,0.09468183049299306,True
20261004,fs,85,3.3,4.5,0,0,bounded,-0.005,-25,3000,True,0.000100094681830493,9.936729212490936e-05,1.277078750906493,2.022921249093508,1.678585257418388,0.000778338144253106,0.5281390202818178,0.5281667912008329,-0.0,1.0,-0.0,1.0,0.0,1.0,0.0,1.0,0.0,1.0,-0.0,1.0,1.0073202126175411,-0.6327078750906434,0.09468183049299306,True
20261004,fs,85,3.3,4.5,0,0,bounded,-0.005,25,-3000,True,0.0001003834355942371,9.965717195667161e-05,1.278280433283878,2.021719566716122,1.678304103196826,0.0007805941396347286,0.5281411541304047,0.528169028857536,-0.0,1.0,-0.0,1.0,0.0,1.0,0.0,1.0,0.0,1.0,-0.0,1.0,1.0072876203820158,-0.34282804332839145,0.3834355942371026,True
20261004,fs,85,3.3,4.5,0,0,bounded,-0.005,25,3000,True,0.0001003834355942371,9.965717195667161e-05,1.278280433283827,2.021719566716173,1.678304103196845,0.0007805941396347286,0.5281411541304047,0.528169028857536,-0.0,1.0,-0.0,1.0,0.0,1.0,0.0,1.0,0.0,1.0,-0.0,1.0,1.0072876203820158,-0.34282804332839145,0.3834355942371026,True
20261004,fs,85,3.3,4.5,0,0,bounded,0.005,-25,-3000,True,0.0001010903411213652,0.0001003668783900549,1.281216099451182,2.018783900548819,1.67761902691633,0.000786117245736903,0.5281463780375679,0.5281745072231548,-0.0,1.0,-0.0,1.0,0.0,1.0,0.0,1.0,0.0,1.0,-0.0,1.0,1.0072081820508427,0.3668783900548922,1.0903411213651903,True
20261004,fs,85,3.3,4.5,0,0,bounded,0.005,-25,3000,True,0.000101090341121383,0.0001003668783900549,1.281216099451173,2.018783900548827,1.677619026916328,0.0007861172457369829,0.5281463780375679,0.5281745072231548,-0.0,1.0,-0.0,1.0,0.0,1.0,0.0,1.0,0.0,1.0,-0.0,1.0,1.00720818205102,0.3668783900548922,1.0903411213829983,True
20261004,fs,85,3.3,4.5,0,0,bounded,0.005,25,-3000,True,0.0001013790595261047,0.0001006567587416723,1.282412583276991,2.01758741672301,1.677340529958396,0.0007883730837185492,0.5281485116064502,0.52817674485105,-0.0,1.0,-0.0,1.0,0.0,1.0,0.0,1.0,0.0,1.0,-0.0,1.0,1.007175879627578,0.6567587416722809,1.3790595261046867,True
20261004,fs,85,3.3,4.5,0,0,bounded,0.005,25,3000,True,0.0001013790595261047,0.0001006567587416723,1.28241258327699,2.017587416723011,1.677340529958385,0.0007883730837185492,0.5281485116064502,0.52817674485105,-0.0,1.0,-0.0,1.0,0.0,1.0,0.0,1.0,0.0,1.0,-0.0,1.0,1.007175879627578,0.6567587416722809,1.3790595261046867,True
20261004,fs,85,3.3,5,0,0,bounded,-0.005,-25,-3000,True,0.0001008215013108006,9.936729197942168e-05,1.277080205783312,2.022919794216688,2.177879027989083,0.0008320195820896382,0.5281443883191268,0.5281670427696465,-0.0,1.0,-0.0,1.0,0.0,1.0,0.0,1.0,0.0,1.0,-0.0,1.0,1.0146346881595614,-0.632708020578332,0.8215013108005875,True
20261004,fs,85,3.3,5,0,0,bounded,-0.005,-25,3000,True,0.0001008215013108184,9.936729197942166e-05,1.2770802057833,2.022919794216701,2.177879027989073,0.000832019582089727,0.5281443883191268,0.5281670427696465,-0.0,1.0,-0.0,1.0,0.0,1.0,0.0,1.0,0.0,1.0,-0.0,1.0,1.0146346881597406,-0.6327080205783431,0.8215013108183955,True
20261004,fs,85,3.3,5,0,0,bounded,-0.005,25,-3000,True,0.0001011122304363212,9.96571718107911e-05,1.278281892088912,2.021718107911088,2.17759788613994,0.0008344298311609155,0.5281465367441494,0.5281692811093983,-0.0,1.0,-0.0,1.0,0.0,1.0,0.0,1.0,0.0,1.0,-0.0,1.0,1.0146006413697217,-0.34282818920891023,1.1122304363212043,True
20261004,fs,85,3.3,5,0,0,bounded,-0.005,25,3000,True,0.0001011122304363034,9.96571718107911e-05,1.278281892088904,2.021718107911096,2.177597886139966,0.0008344298311608268,0.5281465367441494,0.5281692811093983,-0.0,1.0,-0.0,1.0,0.0,1.0,0.0,1.0,0.0,1.0,-0.0,1.0,1.0146006413695432,-0.34282818920891023,1.1122304363033964,True
20261004,fs,85,3.3,5,0,0,bounded,0.005,-25,-3000,True,0.0001018239761514685,0.0001003668782432119,1.28121756788133,2.01878243211867,2.17691283338852,0.0008403305909635728,0.5281517963673318,0.5281747611486736,-0.0,1.0,-0.0,1.0,0.0,1.0,0.0,1.0,0.0,1.0,-0.0,1.0,1.0145177167384416,0.3668782432118878,1.8239761514684982,True
20261004,fs,85,3.3,5,0,0,bounded,0.005,-25,3000,True,0.0001018239761514152,0.0001003668782432119,1.281217567881207,2.018782432118793,2.176912833388565,0.0008403305909633063,0.5281517963673318,0.5281747611486717,-0.0,1.0,-0.0,1.0,0.0,1.0,0.0,1.0,0.0,1.0,-0.0,1.0,1.0145177167379105,0.3668782432118878,1.8239761514151853,True
20261004,fs,85,3.3,5,0,0,bounded,0.005,25,-3000,True,0.0001021146731609547,0.0001006567585944358,1.282414055641348,2.017585944358653,2.176634343303768,0.0008427406811700401,0.5281539445363241,0.5281769994607286,-0.0,1.0,-0.0,1.0,0.0,1.0,0.0,1.0,0.0,1.0,-0.0,1.0,1.0144840206149803,0.6567585944357912,2.1146731609547054,True
20261004,fs,85,3.3,5,0,0,bounded,0.005,25,3000,True,0.0001021146731609192,0.0001006567585944358,1.282414055641293,2.017585944358708,2.17663434330382,0.0008427406811698623,0.5281539445363241,0.5281769994607286,-0.0,1.0,-0.0,1.0,0.0,1.0,0.0,1.0,0.0,1.0,-0.0,1.0,1.0144840206146275,0.6567585944357912,2.1146731609192004,True
20261004,fs,85,3.3,5.5,0,0,bounded,-0.005,-25,-3000,True,0.0001014181130868846,9.936729185999887e-05,1.277081400011327,2.022918599988674,2.677302916757526,0.0008857116971194654,0.528148783768587,0.5281672492589004,-0.0,1.0,-0.0,1.0,0.0,1.0,0.0,1.0,0.0,1.0,-0.0,1.0,1.0206387956086715,-0.632708140001137,1.4181130868845981,True
20261004,fs,85,3.3,5.5,0,0,bounded,-0.005,-25,3000,True,0.0001014181130868846,9.936729185999887e-05,1.277081400011289,2.022918599988711,2.677302916757527,0.0008857116971194654,0.528148783768587,0.5281672492589004,-0.0,1.0,-0.0,1.0,0.0,1.0,0.0,1.0,0.0,1.0,-0.0,1.0,1.0206387956086715,-0.632708140001137,1.4181130868845981,True
20261004,fs,85,3.3,5.5,0,0,bounded,-0.005,25,-3000,True,0.0001017102858684443,9.965717169108145e-05,1.278283089185525,2.021716910814475,2.677021954642799,0.0008882752508606194,0.5281509429105818,0.5281694880978609,-0.0,1.0,-0.0,1.0,0.0,1.0,0.0,1.0,0.0,1.0,-0.0,1.0,1.020601770474955,-0.3428283089185524,1.7102858684443056,True
20261004,fs,85,3.3,5.5,0,0,bounded,-0.005,25,3000,True,0.0001017102858684443,9.965717169108142e-05,1.278283089185569,2.021716910814431,2.677021954642778,0.0008882752508606194,0.5281509429105818,0.5281694880978609,-0.0,1.0,-0.0,1.0,0.0,1.0,0.0,1.0,0.0,1.0,-0.0,1.0,1.0206017704749553,-0.34282830891858573,1.7102858684443056,True
20261004,fs,85,3.3,5.5,0,0,bounded,0.005,-25,-3000,True,0.0001024255661540768,0.0001003668781227999,1.281218772000991,2.018781227999009,2.676337335553375,0.0008945513236563205,0.52815622877077,0.5281749693593516,-0.0,1.0,-0.0,1.0,0.0,1.0,0.0,1.0,0.0,1.0,-0.0,1.0,1.0205116276383337,0.3668781227998963,2.425566154076786,True
20261004,fs,85,3.3,5.5,0,0,bounded,0.005,-25,3000,True,0.000102425566154059,0.0001003668781227999,1.281218772001023,2.018781227998978,2.676337335553387,0.0008945513236562229,0.52815622877077,0.5281749693593516,-0.0,1.0,-0.0,1.0,0.0,1.0,0.0,1.0,0.0,1.0,-0.0,1.0,1.0205116276381563,0.3668781227998963,2.425566154059,True
20261004,fs,85,3.3,5.5,0,0,bounded,0.005,25,-3000,True,0.0001027177069108359,0.000100656758473737,1.282415262629611,2.017584737370389,2.676059020019425,0.0008971147029766156,0.5281583876559008,0.5281772081706314,-0.0,1.0,-0.0,1.0,0.0,1.0,0.0,1.0,0.0,1.0,-0.0,1.0,1.0204750129881903,0.6567584737370069,2.717706910835882,True
20261004,fs,85,3.3,5.5,0,0,bounded,0.005,25,3000,True,0.0001027177069108536,0.000100656758473737,1.282415262629648,2.017584737370352,2.676059020019395,0.0008971147029767134,0.5281583876559008,0.5281772081706331,-0.0,1.0,-0.0,1.0,0.0,1.0,0.0,1.0,0.0,1.0,-0.0,1.0,1.0204750129883662,0.6567584737370069,2.717706910853601,True
20261004,fs,85,3.63,4.5,0,0,bounded,-0.005,-25,-3000,True,0.0001000289657615509,9.93013194947787e-05,1.276805052212828,2.353194947787172,1.678649351420904,0.0008105941502192882,0.5281385346489426,0.5281662819405932,-0.0,1.0,-0.0,1.0,0.0,1.0,0.0,1.0,0.0,1.0,-0.0,1.0,1.007327659596814,-0.6986805052213052,0.028965761550892033,True
20261004,fs,85,3.63,4.5,0,0,bounded,-0.005,-25,3000,True,0.0001002261176014,9.949923740881013e-05,1.277625911898634,2.352374088101366,1.678457185552714,0.0008121997755266387,0.5281399915739591,0.5281678097222047,-0.0,1.0,-0.0,1.0,0.0,1.0,0.0,1.0,0.0,1.0,-0.0,1.0,1.0073053845589122,-0.5007625911898739,0.22611760139998882,True
20261004,fs,85,3.63,4.5,0,0,bounded,-0.005,25,-3000,True,0.0001003177218746513,9.959119929196138e-05,1.278007080386067,2.351992919613933,1.678368019940973,0.000812945816392155,0.5281406685161075,0.5281685195992007,-0.0,1.0,-0.0,1.0,0.0,1.0,0.0,1.0,0.0,1.0,-0.0,1.0,1.0072950480349177,-0.4088007080386258,0.31772187465128887,True
20261004,fs,85,3.63,4.5,0,0,bounded,-0.005,25,3000,True,0.0001005148666929171,9.97891173096309e-05,1.278826903690928,2.351173096309072,1.678176385136002,0.0008145514104783897,0.5281421253855884,0.5281700473751046,-0.0,1.0,-0.0,1.0,0.0,1.0,0.0,1.0,0.0,1.0,-0.0,1.0,1.007272830974487,-0.21088269036910745,0.5148666929170931,True
20261004,fs,85,3.63,4.5,0,0,bounded,0.005,-25,-3000,True,0.0001010246331358592,0.0001003009056413033,1.28094358696712,2.34905641303288,1.67768251399916,0.0008187031511155496,0.5281458924686181,0.5281739979694836,-0.0,1.0,-0.0,1.0,0.0,1.0,0.0,1.0,0.0,1.0,-0.0,1.0,1.007215562909712,0.3009056413032951,1.0246331358591876,True
20261004,fs,85,3.63,4.5,0,0,bounded,0.005,-25,3000,True,0.0001012217608170955,0.0001004988239108533,1.281760891466882,2.348239108533118,1.677492166460456,0.0008203086689995832,0.5281473492025376,0.5281755257314203,-0.0,1.0,-0.0,1.0,0.0,1.0,0.0,1.0,0.0,1.0,-0.0,1.0,1.0071934862330674,0.4988239108532966,1.2217608170954852,True
20261004,fs,85,3.63,4.5,0,0,bounded,0.005,25,-3000,True,0.0001013133538753534,0.0001005907859588442,1.282140411557509,2.347859588442491,1.677403843286202,0.0008210546599961006,0.5281480260559703,0.528176235599281,-0.0,1.0,-0.0,1.0,0.0,1.0,0.0,1.0,0.0,1.0,-0.0,1.0,1.007183241582433,0.5907859588441866,1.3133538753534069,True
20261004,fs,85,3.63,4.5,0,0,bounded,0.005,25,3000,True,0.0001015104745787402,0.0001007887043305254,1.282956694745776,2.347043305254224,1.677214016321437,0.0008226601468503804,0.5281494827346774,0.528177763355516,-0.0,1.0,-0.0,1.0,0.0,1.0,0.0,1.0,0.0,1.0,-0.0,1.0,1.007161221617135,0.7887043305254027,1.5104745787402063,True
20261004,fs,85,3.63,5,0,0,bounded,-0.005,-25,-3000,True,0.0001007553358190307,9.93013193493804e-05,1.2768065061959,2.353193493804099,2.17794311895042,0.0008642404828597198,0.528143899369898,0.5281665333540018,-0.0,1.0,-0.0,1.0,0.0,1.0,0.0,1.0,0.0,1.0,-0.0,1.0,1.014642468792731,-0.6986806506196097,0.7553358190306891,True
20261004,fs,85,3.63,5,0,0,bounded,-0.005,-25,3000,True,0.0001009538361081254,9.949923726314368e-05,1.277627368563276,2.352372631436723,2.177750961954878,0.0008659514263322153,0.5281453662453021,0.5281680616018853,-0.0,1.0,-0.0,1.0,0.0,1.0,0.0,1.0,0.0,1.0,-0.0,1.0,1.0146191959354902,-0.5007627368563305,0.9538361081253832,True
20261004,fs,85,3.63,5,0,0,bounded,-0.005,25,-3000,True,0.000101046067081544,9.959119914617029e-05,1.278008538296988,2.351991461703012,2.177661800209898,0.0008667464028345893,0.5281460478119443,0.5281687716955871,-0.0,1.0,-0.0,1.0,0.0,1.0,0.0,1.0,0.0,1.0,-0.0,1.0,1.0146083986119938,-0.4088008538297161,1.0460670815439999,True
20261004,fs,85,3.63,5,0,0,bounded,-0.005,25,3000,True,0.000101244560986803,9.978911716357153e-05,1.27882836428452,2.35117163571548,2.177470173178121,0.0008684573147641171,0.5281475146364699,0.5281702999379843,-0.0,1.0,-0.0,1.0,0.0,1.0,0.0,1.0,0.0,1.0,-0.0,1.0,1.0145851959071424,-0.21088283642847205,1.2445609868029894,True
20261004,fs,85,3.63,5,0,0,bounded,0.005,-25,-3000,True,0.0001017578180070834,0.0001003009054945498,1.280945054501988,2.349054945498012,2.176976318686403,0.0008728813915070214,0.5281513074766532,0.5281742517393442,-0.0,1.0,-0.0,1.0,0.0,1.0,0.0,1.0,0.0,1.0,-0.0,1.0,1.0145254173464342,0.30090549454979687,1.7578180070833893,True
20261004,fs,85,3.63,5,0,0,bounded,0.005,-25,3000,True,0.0001019562963481348,0.0001004988237638312,1.281762361687406,2.348237638312594,2.176785976256962,0.000874592226529741,0.5281527741770985,0.5281757799683132,-0.0,1.0,-0.0,1.0,0.0,1.0,0.0,1.0,0.0,1.0,-0.0,1.0,1.0145023845028138,0.498823763831191,1.9562963481347895,True
20261004,fs,85,3.63,5,0,0,bounded,0.005,25,-3000,True,0.0001020485171359233,0.0001005907858116973,1.282141883026279,2.347858116973721,2.176697655206039,0.0008753871527024358,0.5281534556625398,0.5281764900532259,-0.0,1.0,-0.0,1.0,0.0,1.0,0.0,1.0,0.0,1.0,-0.0,1.0,1.0144916983445664,0.5907858116972919,2.048517135923289,True
20261004,fs,85,3.63,5,0,0,bounded,0.005,25,3000,True,0.0001022469891463053,0.0001007887041831098,1.282958168901608,2.347041831098392,2.176507832273614,0.0008770979564425789,0.5281549223125032,0.5281780182767193,-0.0,1.0,-0.0,1.0,0.0,1.0,0.0,1.0,0.0,1.0,-0.0,1.0,1.0144687341207022,0.7887041831097896,2.2469891463053004,True
20261004,fs,85,3.63,5.5,0,0,bounded,-0.005,-25,-3000,True,0.0001013516190504032,9.930131923002289e-05,1.276807699770985,2.353192300229015,2.677366966602097,0.0009178977081085472,0.5281482923803458,0.5281667397296468,-0.0,1.0,-0.0,1.0,0.0,1.0,0.0,1.0,0.0,1.0,-0.0,1.0,1.020647256615302,-0.6986807699771225,1.3516190504031966,True
20261004,fs,85,3.63,5.5,0,0,bounded,-0.005,-25,3000,True,0.0001015511050026934,9.94992371435903e-05,1.277628564097018,2.352371435902982,2.677174932723201,0.0009197133228723592,0.5281497665729303,0.528168268318369,-0.0,1.0,-0.0,1.0,0.0,1.0,0.0,1.0,0.0,1.0,-0.0,1.0,1.0206219456350403,-0.5007628564096978,1.5511050026933981,True
20261004,fs,85,3.63,5.5,0,0,bounded,-0.005,25,-3000,True,0.0001016437939642838,9.95911990265259e-05,1.278009734740873,2.351990265259126,2.677085827942396,0.0009205569337961861,0.5281504515394304,0.5281689785704398,-0.0,1.0,-0.0,1.0,0.0,1.0,0.0,1.0,0.0,1.0,-0.0,1.0,1.0206102040925444,-0.4088009734741105,1.6437939642838018,True
20261004,fs,85,3.63,5.5,0,0,bounded,-0.005,25,3000,True,0.0001018432735474111,9.978911704373128e-05,1.27882956268703,2.35117043731297,2.676894322989606,0.0009223725139058127,0.5281519256809477,0.5281705071536738,-0.0,1.0,-0.0,1.0,0.0,1.0,0.0,1.0,0.0,1.0,-0.0,1.0,1.020584975241134,-0.210882956268732,1.843273547411095,True
20261004,fs,85,3.63,5.5,0,0,bounded,0.005,-25,-3000,True,0.0001023590794459022,0.0001003009053742031,1.280946257968843,2.349053742031157,2.676400780919084,0.0009270672379872026,0.528155737441284,0.5281744598364084,-0.0,1.0,-0.0,1.0,0.0,1.0,0.0,1.0,0.0,1.0,-0.0,1.0,1.020519994949402,0.3009053742030865,2.35907944590219,True
20261004,fs,85,3.63,5.5,0,0,bounded,0.005,-25,3000,True,0.0001025585435097103,0.0001004988236432887,1.281763567112927,2.348236432887073,2.676210558057768,0.000928882733654804,0.5281572114583177,0.5281759884062279,-0.0,1.0,-0.0,1.0,0.0,1.0,0.0,1.0,0.0,1.0,-0.0,1.0,1.0204949649334443,0.4988236432887039,2.558543509710298,True
20261004,fs,85,3.63,5.5,0,0,bounded,0.005,25,-3000,True,0.0001026512223149095,0.0001005907856910638,1.282143089361738,2.347856910638262,2.676122292327943,0.00092972628931695,0.5281578963433559,0.5281766986495171,-0.0,1.0,-0.0,1.0,0.0,1.0,0.0,1.0,0.0,1.0,-0.0,1.0,1.0204833535168296,0.5907856910637888,2.651222314909485,True
20261004,fs,85,3.63,5.5,0,0,bounded,0.005,25,3000,True,0.0001028506800699152,0.0001007887040622804,1.282959377195753,2.347040622804247,2.675932587949961,0.0009315417506569085,0.5281593703097721,0.5281782272138644,-0.0,1.0,-0.0,1.0,0.0,1.0,0.0,1.0,0.0,1.0,-0.0,1.0,1.0204584038143862,0.7887040622803987,2.8506800699152013,True
20261004,sf,0,2.97,4.5,0,0,bounded,-0.005,-25,-3000,True,9.994532349247556e-05,9.96247257450018e-05,1.487742549981882,1.482257450018118,1.710927217245013,0.0007456394009727489,0.8261835198442473,0.8262133622355308,-0.0,1.0,-0.0,1.0,0.0,1.0,0.0,1.0,0.0,1.0,-0.0,1.0,1.0032180540029225,-0.37527425499821465,-0.05467650752444264,True
20261004,sf,0,2.97,4.5,0,0,bounded,-0.005,-25,3000,True,9.974841898237421e-05,9.942679815359987e-05,1.487018464001197,1.482981535998803,1.711076319317224,0.0007441654857308351,0.8261821063043797,0.826211878108851,-0.0,1.0,-0.0,1.0,0.0,1.0,0.0,1.0,0.0,1.0,-0.0,1.0,1.003234749934092,-0.5732018464001287,-0.25158101762580154,True
20261004,sf,0,2.97,4.5,0,0,bounded,-0.005,25,-3000,True,9.981107077924469e-05,9.948977510766586e-05,1.487248923341411,1.482751076658589,1.711028847678855,0.0007446344603702526,0.826182556069933,0.8262123503313475,-0.0,1.0,-0.0,1.0,0.0,1.0,0.0,1.0,0.0,1.0,-0.0,1.0,1.0032294340924093,-0.5102248923341435,-0.18892922075531837,True
20261004,sf,0,2.97,4.5,0,0,bounded,-0.005,25,3000,True,9.961416399347036e-05,9.929184755926026e-05,1.486524407397199,1.483475592602802,1.711178138973078,0.0007431605350155832,0.8261811425120328,0.8262108662023296,-0.0,1.0,-0.0,1.0,0.0,1.0,0.0,1.0,0.0,1.0,-0.0,1.0,1.0032461520470524,-0.7081524407397399,-0.38583600652964956,True
20261004,sf,0,2.97,4.5,0,0,bounded,0.005,-25,-3000,True,0.0001009397398788484,0.0001006243610023081,1.491389976918575,1.478610023081425,1.710178380200069,0.0007530831914255863,0.8261906585315156,0.826220857772439,-0.0,1.0,-0.0,1.0,0.0,1.0,0.0,1.0,0.0,1.0,-0.0,1.0,1.0031342199185054,0.6243610023080937,0.939739878848389,True
20261004,sf,0,2.97,4.5,0,0,bounded,0.005,-25,3000,True,0.0001007428521573087,0.0001004264330951001,1.490669048998785,1.479330951001215,1.710326096424159,0.0007516093507942651,0.82618924512474,0.826219373663076,-0.0,1.0,-0.0,1.0,0.0,1.0,0.0,1.0,0.0,1.0,-0.0,1.0,1.0031507547610394,0.4264330951000872,0.7428521573086933,True
20261004,sf,0,2.97,4.5,0,0,bounded,0.005,25,-3000,True,0.0001008054986097432,0.000100489410149751,1.490898502490193,1.479101497509807,1.710279066331775,0.0007520783016825442,0.8261896948479271,0.8262198458800621,-0.0,1.0,-0.0,1.0,0.0,1.0,0.0,1.0,0.0,1.0,-0.0,1.0,1.0031454902513723,0.4894101497509906,0.8054986097431938,True
20261004,sf,0,2.97,4.5,0,0,bounded,0.005,25,3000,True,0.0001006086086285533,0.0001002914822849028,1.490177150972247,1.479822849027753,1.710426968036407,0.0007506044510085914,0.8261882814232322,0.8262183617683613,-0.0,1.0,-0.0,1.0,0.0,1.0,0.0,1.0,0.0,1.0,-0.0,1.0,1.003162046630736,0.2914822849027887,0.6086086285532977,True
20261004,sf,0,2.97,5,0,0,bounded,-0.005,-25,-3000,True,0.0001006436778872234,9.96247256058526e-05,1.487743941474009,1.482256058525991,2.210400604609681,0.0007991038342794016,0.8261885301105784,0.826213597046869,-0.0,1.0,-0.0,1.0,0.0,1.0,0.0,1.0,0.0,1.0,-0.0,1.0,1.0102279055241978,-0.3752743941473957,0.6436778872233928,True
20261004,sf,0,2.97,5,0,0,bounded,-0.005,-25,3000,True,0.0001004455970225705,9.942679801468315e-05,1.48701985316834,1.48298014683166,2.210549625255781,0.0007975255850104213,0.826187108138703,0.8262121125250906,-0.0,1.0,-0.0,1.0,0.0,1.0,0.0,1.0,0.0,1.0,-0.0,1.0,1.0102467245071787,-0.5732019853168513,0.4455970225704986,True
20261004,sf,0,2.97,5,0,0,bounded,-0.005,25,-3000,True,0.0001005086231039733,9.948977496867517e-05,1.487250313248319,1.482749686751681,2.210502179595105,0.0007980277569707706,0.8261875605870967,0.8262125848732977,-0.0,1.0,-0.0,1.0,0.0,1.0,0.0,1.0,0.0,1.0,-0.0,1.0,1.0102407321317084,-0.5102250313248402,0.5086231039733047,True
20261004,sf,0,2.97,5,0,0,bounded,-0.005,25,3000,True,0.0001003105400273653,9.929184742050205e-05,1.486525794979271,1.483474205020729,2.210651389026269,0.0007964494967696229,0.8261861385976215,0.8262111003492032,-0.0,1.0,-0.0,1.0,0.0,1.0,0.0,1.0,0.0,1.0,-0.0,1.0,1.0102595795458318,-0.708152579497956,0.3105400273652803,True
20261004,sf,0,2.97,5,0,0,bounded,0.005,-25,-3000,True,0.0001016440369228845,0.0001006243608619844,1.491391380155755,1.478608619844245,2.209652169114745,0.0008070745461682964,0.8261957113937066,0.8262210945796903,-0.0,1.0,-0.0,1.0,0.0,1.0,0.0,1.0,0.0,1.0,-0.0,1.0,1.010133491056889,0.6243608619843855,1.6440369228844842,True
20261004,sf,0,2.97,5,0,0,bounded,0.005,-25,3000,True,0.0001014459723585794,0.000100426432955009,1.490670449910075,1.479329550089925,2.209799807107077,0.0008054963774632279,0.8261942895515997,0.8262196100750695,-0.0,1.0,-0.0,1.0,0.0,1.0,0.0,1.0,0.0,1.0,-0.0,1.0,1.01015210212661,0.4264329550089929,1.4459723585793949,True
20261004,sf,0,2.97,5,0,0,bounded,0.005,25,-3000,True,0.0001015089932502668,0.0001004894100095858,1.490899904141566,1.479100095858434,2.209752801974396,0.0008059985237737417,0.8261947419586821,0.8262200824178161,-0.0,1.0,-0.0,1.0,0.0,1.0,0.0,1.0,0.0,1.0,-0.0,1.0,1.0101461760058472,0.48941000958580005,1.508993250266788,True
20261004,sf,0,2.97,5,0,0,bounded,0.005,25,3000,True,0.000101310926493955,0.0001002914821449702,1.490178550297772,1.479821449702228,2.209900625020293,0.0008044203442342443,0.8261933200991181,0.8262185979108827,-0.0,1.0,-0.0,1.0,0.0,1.0,0.0,1.0,0.0,1.0,-0.0,1.0,1.0101648148694344,0.29148214497018987,1.3109264939550114,True
20261004,sf,0,2.97,5.5,0,0,bounded,-0.005,-25,-3000,True,0.0001012303298220534,9.962472548896306e-05,1.487745110369417,1.482254889630583,2.70996085388658,0.0008526522585174485,0.826192714254856,0.826213794273371,-0.0,1.0,-0.0,1.0,0.0,1.0,0.0,1.0,0.0,1.0,-0.0,1.0,1.0161165245395654,-0.3752745110369493,1.2303298220533998,True
20261004,sf,0,2.97,5.5,0,0,bounded,-0.005,-25,3000,True,0.0001010313624374764,9.942679789796868e-05,1.487021020312938,1.482978979687062,2.710109731477657,0.0008509700929569713,0.8261912858630198,0.8262123094538095,-0.0,1.0,-0.0,1.0,0.0,1.0,0.0,1.0,0.0,1.0,-0.0,1.0,1.0161381496078583,-0.5732021020313227,1.0313624374763908,True
20261004,sf,0,2.97,5.5,0,0,bounded,-0.005,25,-3000,True,0.0001010946706110066,9.9489774851905e-05,1.487251480950028,1.482748519049972,2.710062331402807,0.0008515053294646403,0.8261917403542739,0.8262127818967727,-0.0,1.0,-0.0,1.0,0.0,1.0,0.0,1.0,0.0,1.0,-0.0,1.0,1.0161312633533501,-0.5102251480950004,1.0946706110066096,True
20261004,sf,0,2.97,5.5,0,0,bounded,-0.005,25,3000,True,0.000100895700903239,9.929184730390698e-05,1.486526960930107,1.483473039069893,2.710211397349241,0.0008498231512543054,0.8261903119439123,0.8262112970748507,-0.0,1.0,-0.0,1.0,0.0,1.0,0.0,1.0,0.0,1.0,-0.0,1.0,1.0161529233555604,-0.7081526960930229,0.8957009032390051,True
20261004,sf,0,2.97,5.5,0,0,bounded,0.005,-25,-3000,True,0.0001022351637674195,0.0001006243607442113,1.491392557887175,1.478607442112825,2.709213131367074,0.0008611477619249135,0.8261999279415714,0.8262212933093112,-0.0,1.0,-0.0,1.0,0.0,1.0,0.0,1.0,0.0,1.0,-0.0,1.0,1.0160080820518493,0.6243607442112831,2.2351637674195013,True
20261004,sf,0,2.97,5.5,0,0,bounded,0.005,-25,3000,True,0.0001020362134940438,0.0001004264328374107,1.490671625892753,1.479328374107247,2.709360629442638,0.0008594656895381912,0.8261984996862413,0.8262198085071886,-0.0,1.0,-0.0,1.0,0.0,1.0,0.0,1.0,0.0,1.0,-0.0,1.0,1.0160294517205377,0.42643283741070626,2.0362134940437926,True
20261004,sf,0,2.97,5.5,0,0,bounded,0.005,25,-3000,True,0.0001020995162194698,0.0001004894098919319,1.490901080680672,1.479098919319328,2.709313668895492,0.0008600008963799458,0.8261989541340382,0.826220280944601,-0.0,1.0,-0.0,1.0,0.0,1.0,0.0,1.0,0.0,1.0,-0.0,1.0,1.0160226468567128,0.4894098919318912,2.099516219469799,True
20261004,sf,0,2.97,5.5,0,0,bounded,0.005,25,3000,True,0.0001019005636459074,0.0001002914820274912,1.490179725087823,1.479820274912177,2.709461351605538,0.0008583188114679912,0.8261975258603519,0.8262187961401231,-0.0,1.0,-0.0,1.0,0.0,1.0,0.0,1.0,0.0,1.0,-0.0,1.0,1.0160440506600066,0.29148202749118557,1.9005636459073827,True
20261004,sf,0,3.3,4.5,0,0,bounded,-0.005,-25,-3000,True,9.987970685105742e-05,9.955874987419896e-05,1.487501258010126,1.812498741989875,1.710976873654913,0.0007780025675129847,0.8261830487952548,0.8262128675331353,-0.0,1.0,-0.0,1.0,0.0,1.0,0.0,1.0,0.0,1.0,-0.0,1.0,1.0032237947670497,-0.4412501258010404,-0.12029314894258514,True
20261004,sf,0,3.3,4.5,0,0,bounded,-0.005,-25,3000,True,9.987970685103965e-05,9.955874987419897e-05,1.487501258010158,1.812498741989842,1.710976873654916,0.0007780025675129048,0.8261830487952548,0.8262128675331353,-0.0,1.0,-0.0,1.0,0.0,1.0,0.0,1.0,0.0,1.0,-0.0,1.0,1.0032237947668712,-0.4412501258010293,-0.1202931489603487,True
20261004,sf,0,3.3,4.5,0,0,bounded,-0.005,25,-3000,True,9.974545325952468e-05,9.942379925118099e-05,1.487007488190168,1.812992511809833,1.711078567153318,0.0007769530892951554,0.8261820850140702,0.8262118556281318,-0.0,1.0,-0.0,1.0,0.0,1.0,0.0,1.0,0.0,1.0,-0.0,1.0,1.003235181221863,-0.5762007488190224,-0.25454674047532544,True
20261004,sf,0,3.3,4.5,0,0,bounded,-0.005,25,3000,True,9.974545325950691e-05,9.942379925118097e-05,1.487007488190143,1.812992511809858,1.711078567153335,0.0007769530892950754,0.8261820850140702,0.8262118556281318,-0.0,1.0,-0.0,1.0,0.0,1.0,0.0,1.0,0.0,1.0,-0.0,1.0,1.0032351812216844,-0.5762007488190335,-0.254546740493089,True
20261004,sf,0,3.3,4.5,0,0,bounded,0.005,-25,-3000,True,0.0001008741297547237,0.0001005583850263399,1.491149736600577,1.808850263399424,1.710227574700315,0.0007857762665814099,0.8261901875334936,0.8262203630761258,-0.0,1.0,-0.0,1.0,0.0,1.0,0.0,1.0,0.0,1.0,-0.0,1.0,1.003139914471589,0.5583850263398915,0.8741297547236959,True
20261004,sf,0,3.3,4.5,0,0,bounded,0.005,-25,3000,True,0.0001008741297547414,0.0001005583850263399,1.491149736600594,1.808850263399406,1.710227574700297,0.0007857762665814898,0.8261901875334936,0.8262203630761258,-0.0,1.0,-0.0,1.0,0.0,1.0,0.0,1.0,0.0,1.0,-0.0,1.0,1.0031399144717648,0.5583850263398915,0.8741297547413929,True
20261004,sf,0,3.3,4.5,0,0,bounded,0.005,25,-3000,True,0.0001007398876047053,0.0001004234341878889,1.49065812111076,1.809341878889241,1.710328322656489,0.0007847268391394473,0.8261892238430146,0.8262193511829273,-0.0,1.0,-0.0,1.0,0.0,1.0,0.0,1.0,0.0,1.0,-0.0,1.0,1.003151190948363,0.42343418788890475,0.7398876047052916,True
20261004,sf,0,3.3,4.5,0,0,bounded,0.005,25,3000,True,0.0001007398876046343,0.0001004234341878889,1.490658121110697,1.809341878889303,1.710328322656529,0.0007847268391391277,0.8261892238430146,0.8262193511829273,-0.0,1.0,-0.0,1.0,0.0,1.0,0.0,1.0,0.0,1.0,-0.0,1.0,1.0031511909476558,0.42343418788890475,0.7398876046342817,True
20261004,sf,0,3.3,5,0,0,bounded,-0.005,-25,-3000,True,0.0001005776692239592,9.955874973512722e-05,1.487502648727693,1.812497351272307,2.210450233955771,0.0008314322323439561,0.8261880562516081,0.8262131022128079,-0.0,1.0,-0.0,1.0,0.0,1.0,0.0,1.0,0.0,1.0,-0.0,1.0,1.0102343540024636,-0.4412502648727834,0.5776692239592096,True
20261004,sf,0,3.3,5,0,0,bounded,-0.005,-25,3000,True,0.0001005776692239237,9.955874973512721e-05,1.487502648727643,1.812497351272357,2.210450233955813,0.0008314322323437786,0.8261880562516081,0.8262131022128079,-0.0,1.0,-0.0,1.0,0.0,1.0,0.0,1.0,0.0,1.0,-0.0,1.0,1.0102343540021073,-0.4412502648727945,0.5776692239236825,True
20261004,sf,0,3.3,5,0,0,bounded,-0.005,25,-3000,True,0.0001004426135829063,9.942379911226774e-05,1.487008877322477,1.812991122677523,2.210551871860396,0.0008303116170833093,0.8261870867213973,0.8262120900384238,-0.0,1.0,-0.0,1.0,0.0,1.0,0.0,1.0,0.0,1.0,-0.0,1.0,1.0102471891009528,-0.5762008877322589,0.4426135829062927,True
20261004,sf,0,3.3,5,0,0,bounded,-0.005,25,3000,True,0.000100442613582782,9.942379911226776e-05,1.487008877322369,1.812991122677631,2.210551871860468,0.0008303116170826876,0.8261870867213973,0.8262120900384238,-0.0,1.0,-0.0,1.0,0.0,1.0,0.0,1.0,0.0,1.0,-0.0,1.0,1.0102471890997025,-0.5762008877322478,0.44261358278199214,True
20261004,sf,0,3.3,5,0,0,bounded,0.005,-25,-3000,True,0.00010157803461896,0.0001005583848860937,1.491151139062543,1.808848860937458,2.209701337614536,0.0008397328553172237,0.8261952375846356,0.8262205997516587,-0.0,1.0,-0.0,1.0,0.0,1.0,0.0,1.0,0.0,1.0,-0.0,1.0,1.0101398777836508,0.5583848860936991,1.5780346189600003,True
20261004,sf,0,3.3,5,0,0,bounded,0.005,-25,3000,True,0.000101578034618889,0.0001005583848860937,1.491151139062517,1.808848860937483,2.20970133761457,0.0008397328553168684,0.8261952375846356,0.8262205997516587,-0.0,1.0,-0.0,1.0,0.0,1.0,0.0,1.0,0.0,1.0,-0.0,1.0,1.0101398777829447,0.5583848860936991,1.5780346188889904,True
20261004,sf,0,3.3,5,0,0,bounded,0.005,25,-3000,True,0.0001014429900872251,0.0001004234340478013,1.490659521986946,1.809340478013054,2.209802032156575,0.0008386122948922184,0.8261942681428717,0.8262195875889714,-0.0,1.0,-0.0,1.0,0.0,1.0,0.0,1.0,0.0,1.0,-0.0,1.0,1.0101525709520995,0.42343404780129656,1.4429900872251045,True
20261004,sf,0,3.3,5,0,0,bounded,0.005,25,3000,True,0.0001014429900872428,0.0001004234340478013,1.490659521986994,1.809340478013006,2.209802032156556,0.0008386122948923072,0.8261942681428717,0.8262195875889714,-0.0,1.0,-0.0,1.0,0.0,1.0,0.0,1.0,0.0,1.0,-0.0,1.0,1.0101525709522758,0.42343404780129656,1.4429900872428014,True
20261004,sf,0,3.3,5.5,0,0,bounded,-0.005,-25,-3000,True,0.0001011640257505402,9.955874961829604e-05,1.487503817039601,1.8124961829604,2.710010435630462,0.0008849460274667064,0.8261922382566305,0.826213299340081,-0.0,1.0,-0.0,1.0,0.0,1.0,0.0,1.0,0.0,1.0,-0.0,1.0,1.0161239081286046,-0.44125038170397257,1.1640257505401985,True
20261004,sf,0,3.3,5.5,0,0,bounded,-0.005,-25,3000,True,0.0001011640257505225,9.955874961829602e-05,1.487503817039571,1.812496182960429,2.710010435630483,0.0008849460274666087,0.8261922382566305,0.826213299340081,-0.0,1.0,-0.0,1.0,0.0,1.0,0.0,1.0,0.0,1.0,-0.0,1.0,1.016123908128427,-0.4412503817039837,1.1640257505225016,True
20261004,sf,0,3.3,5.5,0,0,bounded,-0.005,25,-3000,True,0.0001010283656443161,9.94237989955559e-05,1.487010044440815,1.812989955559186,2.710111975922691,0.0008837545598274577,0.8261912643490099,0.8262122869626574,-0.0,1.0,-0.0,1.0,0.0,1.0,0.0,1.0,0.0,1.0,-0.0,1.0,1.0161386575947668,-0.576201004444099,1.0283656443160982,True
20261004,sf,0,3.3,5.5,0,0,bounded,-0.005,25,3000,True,0.000101028365644245,9.942379899555592e-05,1.487010044440711,1.812989955559289,2.710111975922736,0.0008837545598270668,0.8261912643490099,0.8262122869626574,-0.0,1.0,-0.0,1.0,0.0,1.0,0.0,1.0,0.0,1.0,-0.0,1.0,1.0161386575940514,-0.576201004444088,1.0283656442449995,True
20261004,sf,0,3.3,5.5,0,0,bounded,0.005,-25,-3000,True,0.0001021688663290892,0.0001005583847683788,1.49115231621134,1.80884768378866,2.709262253309397,0.0008937714466438751,0.826199451995519,0.8262207983821459,-0.0,1.0,-0.0,1.0,0.0,1.0,0.0,1.0,0.0,1.0,-0.0,1.0,1.0160153881192493,0.5583847683787946,2.168866329089192,True
20261004,sf,0,3.3,5.5,0,0,bounded,0.005,-25,3000,True,0.0001021688663292136,0.0001005583847683789,1.49115231621137,1.80884768378863,2.709262253309322,0.000893771446644559,0.826199451995519,0.8262207983821459,-0.0,1.0,-0.0,1.0,0.0,1.0,0.0,1.0,0.0,1.0,-0.0,1.0,1.0160153881204854,0.5583847683788834,2.1688663292135812,True
20261004,sf,0,3.3,5.5,0,0,bounded,0.005,25,-3000,True,0.0001020332178853938,0.0001004234339302057,1.490660697943241,1.809339302056759,2.709362852380718,0.0008925800424375862,0.826198478180941,0.8262197860166103,-0.0,1.0,-0.0,1.0,0.0,1.0,0.0,1.0,0.0,1.0,-0.0,1.0,1.0160299632484873,0.42343393020569664,2.03321788539379,True
20261004,sf,0,3.3,5.5,0,0,bounded,0.005,25,3000,True,0.0001020332178854293,0.0001004234339302056,1.490660697943269,1.809339302056732,2.709362852380691,0.0008925800424377816,0.826198478180941,0.8262197860166103,-0.0,1.0,-0.0,1.0,0.0,1.0,0.0,1.0,0.0,1.0,-0.0,1.0,1.0160299632488419,0.4234339302055856,2.033217885429295,True
20261004,sf,0,3.63,4.5,0,0,bounded,-0.005,-25,-3000,True,9.981407486797357e-05,9.949277401039536e-05,1.487259896046221,2.142740103953779,1.711026572162329,0.0008103221212086008,0.8261825776359022,0.8262123728253276,-0.0,1.0,-0.0,1.0,0.0,1.0,0.0,1.0,0.0,1.0,-0.0,1.0,1.003229388875464,-0.5072259896046427,-0.18592513202643213,True
20261004,sf,0,3.63,4.5,0,0,bounded,-0.005,-25,3000,True,0.000100010978457105,9.969070162278606e-05,1.487983772139396,2.142016227860603,1.71087756229684,0.0008119266645927436,0.8261839911683284,0.8262138569509281,-0.0,1.0,-0.0,1.0,0.0,1.0,0.0,1.0,0.0,1.0,-0.0,1.0,1.0032127051882012,-0.30929837721394016,0.01097845710498202,True
20261004,sf,0,3.63,4.5,0,0,bounded,-0.005,25,-3000,True,9.967982050942771e-05,9.935782340170949e-05,1.486765982904999,2.143234017095001,1.711128328738383,0.0008092281058856075,0.8261816138486463,0.826211360919541,-0.0,1.0,-0.0,1.0,0.0,1.0,0.0,1.0,0.0,1.0,-0.0,1.0,1.0032407826248002,-0.6421765982905114,-0.3201794905722921,True
20261004,sf,0,3.63,4.5,0,0,bounded,-0.005,25,3000,True,9.987672637137214e-05,9.955575097114637e-05,1.487490288536291,2.142509711463709,1.710979129902397,0.0008108326593414438,0.8261830273990846,0.8262128450474792,-0.0,1.0,-0.0,1.0,0.0,1.0,0.0,1.0,0.0,1.0,-0.0,1.0,1.0032240769327208,-0.44424902885363826,-0.1232736286278624,True
20261004,sf,0,3.63,4.5,0,0,bounded,0.005,-25,-3000,True,0.000100808503430793,0.0001004924090572677,1.490909427322952,2.139090572677048,1.710276811231139,0.0008184257249613535,0.8261897164189587,0.8262198683741088,-0.0,1.0,-0.0,1.0,0.0,1.0,0.0,1.0,0.0,1.0,-0.0,1.0,1.003145455228814,0.49240905726768425,0.808503430792995,True
20261004,sf,0,3.63,4.5,0,0,bounded,0.005,-25,3000,True,0.0001010053902508849,0.000100690336985154,1.491630148459385,2.138369851540615,1.710129185383475,0.0008200301940301756,0.8261911298184306,0.8262213524823978,-0.0,1.0,-0.0,1.0,0.0,1.0,0.0,1.0,0.0,1.0,-0.0,1.0,1.0031289324791648,0.6903369851539942,1.0053902508848855,True
20261004,sf,0,3.63,4.5,0,0,bounded,0.005,25,-3000,True,0.0001006742605189485,0.0001003574582329366,1.490417670633913,2.139582329366087,1.710377621017882,0.0008173317603658691,0.8261887527224463,0.8262188564801288,-0.0,1.0,-0.0,1.0,0.0,1.0,0.0,1.0,0.0,1.0,-0.0,1.0,1.003156738837253,0.3574582329365805,0.6742605189484996,True
20261004,sf,0,3.63,4.5,0,0,bounded,0.005,25,3000,True,0.0001008711495961504,0.0001005553861185046,1.49113881495388,2.13886118504612,1.710229809933491,0.0008189362394379378,0.82619016613982,0.8262203405907537,-0.0,1.0,-0.0,1.0,0.0,1.0,0.0,1.0,0.0,1.0,-0.0,1.0,1.0031401945717127,0.5553861185046083,0.8711495961504001,True
20261004,sf,0,3.63,5,0,0,bounded,-0.005,-25,-3000,True,0.0001005116451397504,9.949277387140111e-05,1.487261285988699,2.142738714011301,2.21049990532238,0.0008637170094969021,0.8261875822817095,0.8262126073733055,-0.0,1.0,-0.0,1.0,0.0,1.0,0.0,1.0,0.0,1.0,-0.0,1.0,1.010240655966294,-0.5072261285988922,0.511645139750394,True
20261004,sf,0,3.63,5,0,0,bounded,-0.005,-25,3000,True,0.0001007097251158164,9.96907014835593e-05,1.487985164406934,2.142014835593066,2.210350976669994,0.0008654258866094774,0.8261890042463628,0.8262140918940142,-0.0,1.0,-0.0,1.0,0.0,1.0,0.0,1.0,0.0,1.0,-0.0,1.0,1.0102218523602742,-0.3092985164407036,0.7097251158163953,True
20261004,sf,0,3.63,5,0,0,bounded,-0.005,25,-3000,True,0.0001003765887528409,9.935782326287377e-05,1.486767371262165,2.143232628737834,2.21060160615904,0.000862551856853422,0.8261866127455713,0.8262115951981426,-0.0,1.0,-0.0,1.0,0.0,1.0,0.0,1.0,0.0,1.0,-0.0,1.0,1.0102535004945887,-0.6421767371262321,0.37658875284090065,True
20261004,sf,0,3.63,5,0,0,bounded,-0.005,25,3000,True,0.0001005746709378598,9.955575083207813e-05,1.487491679218698,2.142508320781302,2.210452488972308,0.0008642607448547969,0.8261880347278019,0.8262130797211712,-0.0,1.0,-0.0,1.0,0.0,1.0,0.0,1.0,0.0,1.0,-0.0,1.0,1.0102346684874115,-0.44424916792187297,0.5746709378597892,True
20261004,sf,0,3.63,5,0,0,bounded,0.005,-25,-3000,True,0.0001015120160315631,0.000100492408917099,1.49091082900971,2.13908917099029,2.209750548069308,0.0008723475391717995,0.8261947636584502,0.8262201049178974,-0.0,1.0,-0.0,1.0,0.0,1.0,0.0,1.0,0.0,1.0,-0.0,1.0,1.0101461107903704,0.4924089170990076,1.5120160315630793,True
20261004,sf,0,3.63,5,0,0,bounded,0.005,-25,3000,True,0.0001017100797289174,0.0001006903368447528,1.491631552472177,2.138368447527823,2.209603000245127,0.0008740563360358399,0.8261961854934881,0.8262215894214523,-0.0,1.0,-0.0,1.0,0.0,1.0,0.0,1.0,0.0,1.0,-0.0,1.0,1.010127514875006,0.6903368447527924,1.7100797289173908,True
20261004,sf,0,3.63,5,0,0,bounded,0.005,25,-3000,True,0.0001013769707605795,0.0001003574580929265,1.490419070734968,2.139580929265033,2.20985130429953,0.0008711824413253019,0.826193794210804,0.826219092754435,-0.0,1.0,-0.0,1.0,0.0,1.0,0.0,1.0,0.0,1.0,-0.0,1.0,1.0101588131766848,0.3574580929264881,1.376970760579499,True
20261004,sf,0,3.63,5,0,0,bounded,0.005,25,3000,True,0.0001015750366470093,0.0001005553859782619,1.491140217380605,2.138859782619395,2.209703571665096,0.0008728912489811032,0.8261952160632781,0.8262205772603062,-0.0,1.0,-0.0,1.0,0.0,1.0,0.0,1.0,0.0,1.0,-0.0,1.0,1.0101401894968394,0.555385978261902,1.575036647009287,True
20261004,sf,0,3.63,5.5,0,0,bounded,-0.005,-25,-3000,True,0.0001010977061725864,9.949277375462827e-05,1.487262453717163,2.142737546282837,2.710060059314159,0.0009171961673236094,0.8261917621468389,0.8262128044013217,-0.0,1.0,-0.0,1.0,0.0,1.0,0.0,1.0,0.0,1.0,-0.0,1.0,1.0161311455836608,-0.5072262453717391,1.097706172586399,True
20261004,sf,0,3.63,5.5,0,0,bounded,-0.005,-25,3000,True,0.0001012966726150016,9.969070136661142e-05,1.487986333885791,2.142013666114209,2.709911273507484,0.0009190089599883321,0.8261931905310099,0.8262142892197976,-0.0,1.0,-0.0,1.0,0.0,1.0,0.0,1.0,0.0,1.0,-0.0,1.0,1.0161095390680845,-0.3092986333885772,1.2966726150015928,True
20261004,sf,0,3.63,5.5,0,0,bounded,-0.005,25,-3000,True,0.0001009620452833442,9.93578231462203e-05,1.486768537796922,2.143231462203078,2.71016166239525,0.0009159601617242479,0.8261907882329821,0.8262117920231049,-0.0,1.0,-0.0,1.0,0.0,1.0,0.0,1.0,0.0,1.0,-0.0,1.0,1.0161459066465561,-0.6421768537797079,0.9620452833442039,True
20261004,sf,0,3.63,5.5,0,0,bounded,-0.005,25,3000,True,0.0001011610140458413,9.95557507152496e-05,1.487492847504061,2.142507152495939,2.710012688483129,0.0009177729669934558,0.8261922166356519,0.8262132768439379,-0.0,1.0,-0.0,1.0,0.0,1.0,0.0,1.0,0.0,1.0,-0.0,1.0,1.0161242652389122,-0.4442492847504087,1.161014045841302,True
20261004,sf,0,3.63,5.5,0,0,bounded,0.005,-25,-3000,True,0.0001021025525184154,0.0001004924087994424,1.490912005575492,2.139087994424508,2.70931141712742,0.0009263514974381467,0.826198975931684,0.8262203034492194,-0.0,1.0,-0.0,1.0,0.0,1.0,0.0,1.0,0.0,1.0,-0.0,1.0,1.0160225407889907,0.4924087994423898,2.1025525184154015,True
20261004,sf,0,3.63,5.5,0,0,bounded,0.005,-25,3000,True,0.0001023015018733613,0.0001006903367269213,1.491632730786626,2.138367269213374,2.709164009015453,0.0009281641972671457,0.8262004041795171,0.8262217882502654,-0.0,1.0,-0.0,1.0,0.0,1.0,0.0,1.0,0.0,1.0,-0.0,1.0,1.0160011893773837,0.6903367269212923,2.3015018733613113,True
20261004,sf,0,3.63,5.5,0,0,bounded,0.005,25,-3000,True,0.0001019669032994468,0.0001003574579753892,1.490420246108304,2.139579753891696,2.709412077747204,0.0009251155552424414,0.826198002110925,0.8262192910828948,-0.0,1.0,-0.0,1.0,0.0,1.0,0.0,1.0,0.0,1.0,-0.0,1.0,1.016037127250197,0.3574579753891971,1.9669032994467983,True
20261004,sf,0,3.63,5.5,0,0,bounded,0.005,25,3000,True,0.00010216585495108,0.0001005553858605497,1.491141394502821,2.138858605497179,2.709264485243624,0.0009269282675496732,0.8261994303770919,0.8262207758862888,-0.0,1.0,-0.0,1.0,0.0,1.0,0.0,1.0,0.0,1.0,-0.0,1.0,1.0160157417402158,0.5553858605497064,2.165854951079993,True
20261004,sf,27,2.97,4.5,0,0,bounded,-0.005,-25,-3000,True,9.984002630275248e-05,9.955591202021314e-05,1.500879797868606,1.469120202131394,1.700133180133181,0.0007449611868595705,0.790397269000664,0.7904276170547118,-0.0,1.0,-0.0,1.0,0.0,1.0,0.0,1.0,0.0,1.0,-0.0,1.0,1.00285381628046,-0.44408797978686687,-0.15997369724752852,True
20261004,sf,27,2.97,4.5,0,0,bounded,-0.005,-25,3000,True,9.96432793414518e-05,9.935798985588945e-05,1.500101441105493,1.469898558894507,1.700296078277906,0.0007434879967056739,0.7903958435189636,0.7904261192846583,-0.0,1.0,-0.0,1.0,0.0,1.0,0.0,1.0,0.0,1.0,-0.0,1.0,1.0028713290795852,-0.6420101441105497,-0.356720658548193,True
20261004,sf,27,2.97,4.5,0,0,bounded,-0.005,25,-3000,True,9.984002630275248e-05,9.955591202021314e-05,1.500879797868606,1.469120202131394,1.700133180133181,0.0007449611868595705,0.790397269000664,0.7904276170547118,-0.0,1.0,-0.0,1.0,0.0,1.0,0.0,1.0,0.0,1.0,-0.0,1.0,1.00285381628046,-0.44408797978686687,-0.15997369724752852,True
20261004,sf,27,2.97,4.5,0,0,bounded,-0.005,25,3000,True,9.96432793414518e-05,9.935798985588945e-05,1.500101441105493,1.469898558894507,1.700296078277906,0.0007434879967056739,0.7903958435189636,0.7904261192846583,-0.0,1.0,-0.0,1.0,0.0,1.0,0.0,1.0,0.0,1.0,-0.0,1.0,1.0028713290795852,-0.6420101441105497,-0.356720658548193,True
20261004,sf,27,2.97,4.5,0,0,bounded,0.005,-25,-3000,True,0.0001008336422876203,0.0001005555199372561,1.504800627438522,1.465199372561478,1.699315087437529,0.0007524012943051187,0.7904044679628667,0.790435181496353,-0.0,1.0,-0.0,1.0,0.0,1.0,0.0,1.0,0.0,1.0,-0.0,1.0,1.0027658586076402,0.5555199372561104,0.8336422876202843,True
20261004,sf,27,2.97,4.5,0,0,bounded,0.005,-25,3000,True,0.000100636913668252,0.0001003575974342889,1.504025657111366,1.465974342888634,1.699476460785816,0.00075092818568414,0.7904030426266023,0.7904336837440084,-0.0,1.0,-0.0,1.0,0.0,1.0,0.0,1.0,0.0,1.0,-0.0,1.0,1.0027832096533198,0.3575974342888921,0.6369136682519816,True
20261004,sf,27,2.97,4.5,0,0,bounded,0.005,25,-3000,True,0.0001008336422876203,0.0001005555199372561,1.504800627438522,1.465199372561478,1.699315087437529,0.0007524012943051187,0.7904044679628667,0.790435181496353,-0.0,1.0,-0.0,1.0,0.0,1.0,0.0,1.0,0.0,1.0,-0.0,1.0,1.0027658586076402,0.5555199372561104,0.8336422876202843,True
20261004,sf,27,2.97,4.5,0,0,bounded,0.005,25,3000,True,0.000100636913668252,0.0001003575974342889,1.504025657111366,1.465974342888634,1.699476460785816,0.00075092818568414,0.7904030426266023,0.7904336837440084,-0.0,1.0,-0.0,1.0,0.0,1.0,0.0,1.0,0.0,1.0,-0.0,1.0,1.0027832096533198,0.3575974342888921,0.6369136682519816,True
20261004,sf,27,2.97,5,0,0,bounded,-0.005,-25,-3000,True,0.0001005352384435589,9.955591188156594e-05,1.500881184340547,1.469118815659453,2.199559979504982,0.0007983572603032205,0.7904023029698851,0.7904278529730867,-0.0,1.0,-0.0,1.0,0.0,1.0,0.0,1.0,0.0,1.0,-0.0,1.0,1.0098369503476397,-0.4440881184340717,0.5352384435588942,True
20261004,sf,27,2.97,5,0,0,bounded,-0.005,-25,3000,True,0.0001003372723608322,9.935798971748348e-05,1.50010282516504,1.46989717483496,2.199722821925039,0.0007967796010622852,0.790400868668657,0.7904263547897598,-0.0,1.0,-0.0,1.0,0.0,1.0,0.0,1.0,0.0,1.0,-0.0,1.0,1.0098561036322617,-0.6420102825165253,0.3372723608321859,True
20261004,sf,27,2.97,5,0,0,bounded,-0.005,25,-3000,True,0.0001005352384435589,9.955591188156594e-05,1.500881184340547,1.469118815659453,2.199559979504982,0.0007983572603032205,0.7904023029698851,0.7904278529730867,-0.0,1.0,-0.0,1.0,0.0,1.0,0.0,1.0,0.0,1.0,-0.0,1.0,1.0098369503476397,-0.4440881184340717,0.5352384435588942,True
20261004,sf,27,2.97,5,0,0,bounded,-0.005,25,3000,True,0.0001003372723608322,9.935798971748348e-05,1.50010282516504,1.46989717483496,2.199722821925039,0.0007967796010622852,0.790400868668657,0.7904263547897598,-0.0,1.0,-0.0,1.0,0.0,1.0,0.0,1.0,0.0,1.0,-0.0,1.0,1.0098561036322617,-0.6420102825165253,0.3372723608321859,True
20261004,sf,27,2.97,5,0,0,bounded,0.005,-25,-3000,True,0.000101535015080202,0.00010055551979739,1.504802026099785,1.465197973900216,2.198742158169765,0.0008063249789964525,0.790409546499759,0.7904354195031185,-0.0,1.0,-0.0,1.0,0.0,1.0,0.0,1.0,0.0,1.0,-0.0,1.0,1.0097408405305406,0.5555197973899917,1.5350150802019957,True
20261004,sf,27,2.97,5,0,0,bounded,0.005,-25,3000,True,0.000101337066187689,0.0001003575972946641,1.504027053358381,1.465972946641619,2.19890347911457,0.0008047474047007253,0.7904081123358053,0.7904339213371175,-0.0,1.0,-0.0,1.0,0.0,1.0,0.0,1.0,0.0,1.0,-0.0,1.0,1.0097597881917106,0.3575972946640915,1.3370661876890066,True
20261004,sf,27,2.97,5,0,0,bounded,0.005,25,-3000,True,0.000101535015080202,0.00010055551979739,1.504802026099785,1.465197973900216,2.198742158169765,0.0008063249789964525,0.790409546499759,0.7904354195031185,-0.0,1.0,-0.0,1.0,0.0,1.0,0.0,1.0,0.0,1.0,-0.0,1.0,1.0097408405305406,0.5555197973899917,1.5350150802019957,True
20261004,sf,27,2.97,5,0,0,bounded,0.005,25,3000,True,0.000101337066187689,0.0001003575972946641,1.504027053358381,1.465972946641619,2.19890347911457,0.0008047474047007253,0.7904081123358053,0.7904339213371175,-0.0,1.0,-0.0,1.0,0.0,1.0,0.0,1.0,0.0,1.0,-0.0,1.0,1.0097597881917106,0.3575972946640915,1.3370661876890066,True
20261004,sf,27,2.97,5.5,0,0,bounded,-0.005,-25,-3000,True,0.0001011125156992759,9.955591176644051e-05,1.500882335594898,1.469117664405102,2.6990868378599,0.000851799904089507,0.7904064657370834,0.7904280488520834,-0.0,1.0,-0.0,1.0,0.0,1.0,0.0,1.0,0.0,1.0,-0.0,1.0,1.0156354746314533,-0.444088233559492,1.1125156992759067,True
20261004,sf,27,2.97,5.5,0,0,bounded,-0.005,-25,3000,True,0.0001009136457487064,9.935798960253672e-05,1.500103974632656,1.469896025367344,2.699249546421016,0.0008501182905345675,0.7904050248414463,0.7904265503623314,-0.0,1.0,-0.0,1.0,0.0,1.0,0.0,1.0,0.0,1.0,-0.0,1.0,1.0156570815532076,-0.6420103974632885,0.913645748706382,True
20261004,sf,27,2.97,5.5,0,0,bounded,-0.005,25,-3000,True,0.0001011125156992759,9.955591176644051e-05,1.500882335594898,1.469117664405102,2.6990868378599,0.000851799904089507,0.7904064657370834,0.7904280488520834,-0.0,1.0,-0.0,1.0,0.0,1.0,0.0,1.0,0.0,1.0,-0.0,1.0,1.0156354746314533,-0.444088233559492,1.1125156992759067,True
20261004,sf,27,2.97,5.5,0,0,bounded,-0.005,25,3000,True,0.0001009136457487064,9.935798960253672e-05,1.500103974632656,1.469896025367344,2.699249546421016,0.0008501182905345675,0.7904050248414463,0.7904265503623314,-0.0,1.0,-0.0,1.0,0.0,1.0,0.0,1.0,0.0,1.0,-0.0,1.0,1.0156570815532076,-0.6420103974632885,0.913645748706382,True
20261004,sf,27,2.97,5.5,0,0,bounded,0.005,-25,-3000,True,0.0001021168559219082,0.0001005555196813625,1.504803186375294,1.465196813624706,2.698269682827807,0.0008602926108212804,0.7904137425588802,0.7904356169292276,-0.0,1.0,-0.0,1.0,0.0,1.0,0.0,1.0,0.0,1.0,-0.0,1.0,1.015527106274158,0.555519681362493,2.1168559219082006,True
20261004,sf,27,2.97,5.5,0,0,bounded,0.005,-25,3000,True,0.0001019180036220018,0.0001003575971788151,1.504028211848266,1.465971788151734,2.698430873126981,0.0008586110933392103,0.7904123018048467,0.7904341184569648,-0.0,1.0,-0.0,1.0,0.0,1.0,0.0,1.0,0.0,1.0,-0.0,1.0,1.0155484635648102,0.35759717881509445,1.9180036220017849,True
20261004,sf,27,2.97,5.5,0,0,bounded,0.005,25,-3000,True,0.0001021168559219082,0.0001005555196813625,1.504803186375294,1.465196813624706,2.698269682827807,0.0008602926108212804,0.7904137425588802,0.7904356169292276,-0.0,1.0,-0.0,1.0,0.0,1.0,0.0,1.0,0.0,1.0,-0.0,1.0,1.015527106274158,0.555519681362493,2.1168559219082006,True
20261004,sf,27,2.97,5.5,0,0,bounded,0.005,25,3000,True,0.0001019180036220018,0.0001003575971788151,1.504028211848266,1.465971788151734,2.698430873126981,0.0008586110933392103,0.7904123018048467,0.7904341184569648,-0.0,1.0,-0.0,1.0,0.0,1.0,0.0,1.0,0.0,1.0,-0.0,1.0,1.0155484635648102,0.35759717881509445,1.9180036220017849,True
20261004,sf,27,3.3,4.5,0,0,bounded,-0.005,-25,-3000,True,9.977446189386376e-05,9.948993795793048e-05,1.500620420695263,1.799379579304737,1.700187431149741,0.0007773018858856179,0.7903967939702162,0.7904271178044845,-0.0,1.0,-0.0,1.0,0.0,1.0,0.0,1.0,0.0,1.0,-0.0,1.0,1.0028598262474904,-0.5100620420695257,-0.22553810613624714,True
20261004,sf,27,3.3,4.5,0,0,bounded,-0.005,-25,3000,True,9.977446189391705e-05,9.948993795793046e-05,1.50062042069532,1.79937957930468,1.700187431149708,0.0007773018858858577,0.7903967939702162,0.7904271178044845,-0.0,1.0,-0.0,1.0,0.0,1.0,0.0,1.0,0.0,1.0,-0.0,1.0,1.0028598262480262,-0.5100620420695368,-0.22553810608295644,True
20261004,sf,27,3.3,4.5,0,0,bounded,-0.005,25,-3000,True,9.977446189386376e-05,9.948993795793048e-05,1.500620420695263,1.799379579304737,1.700187431149741,0.0007773018858856179,0.7903967939702162,0.7904271178044845,-0.0,1.0,-0.0,1.0,0.0,1.0,0.0,1.0,0.0,1.0,-0.0,1.0,1.0028598262474904,-0.5100620420695257,-0.22553810613624714,True
20261004,sf,27,3.3,4.5,0,0,bounded,-0.005,25,3000,True,9.977446189391705e-05,9.948993795793046e-05,1.50062042069532,1.79937957930468,1.700187431149708,0.0007773018858858577,0.7903967939702162,0.7904271178044845,-0.0,1.0,-0.0,1.0,0.0,1.0,0.0,1.0,0.0,1.0,-0.0,1.0,1.0028598262480262,-0.5100620420695368,-0.22553810608295644,True
20261004,sf,27,3.3,4.5,0,0,bounded,0.005,-25,-3000,True,0.0001007680849171014,0.0001004895457622028,1.504542377971282,1.795457622028719,1.69936883023241,0.0007850718952441022,0.7904039929875891,0.7904346822523417,-0.0,1.0,-0.0,1.0,0.0,1.0,0.0,1.0,0.0,1.0,-0.0,1.0,1.002771822210817,0.4895457622027921,0.7680849171013859,True
20261004,sf,27,3.3,4.5,0,0,bounded,0.005,-25,3000,True,0.000100768084917137,0.0001004895457622028,1.504542377971325,1.795457622028676,1.699368830232392,0.0007850718952442621,0.7904039929875891,0.7904346822523417,-0.0,1.0,-0.0,1.0,0.0,1.0,0.0,1.0,0.0,1.0,-0.0,1.0,1.0027718222111714,0.4895457622027921,0.7680849171370019,True
20261004,sf,27,3.3,4.5,0,0,bounded,0.005,25,-3000,True,0.0001007680849171014,0.0001004895457622028,1.504542377971282,1.795457622028719,1.69936883023241,0.0007850718952441022,0.7904039929875891,0.7904346822523417,-0.0,1.0,-0.0,1.0,0.0,1.0,0.0,1.0,0.0,1.0,-0.0,1.0,1.002771822210817,0.4895457622027921,0.7680849171013859,True
20261004,sf,27,3.3,4.5,0,0,bounded,0.005,25,3000,True,0.000100768084917137,0.0001004895457622028,1.504542377971325,1.795457622028676,1.699368830232392,0.0007850718952442621,0.7904039929875891,0.7904346822523417,-0.0,1.0,-0.0,1.0,0.0,1.0,0.0,1.0,0.0,1.0,-0.0,1.0,1.0027718222111714,0.4895457622027921,0.7680849171370019,True
20261004,sf,27,3.3,5,0,0,bounded,-0.005,-25,-3000,True,0.0001004692677446463,9.948993781936365e-05,1.500621806363476,1.799378193636525,2.199614212025206,0.0008306631456291084,0.7904018250002011,0.7904273535851276,-0.0,1.0,-0.0,1.0,0.0,1.0,0.0,1.0,0.0,1.0,-0.0,1.0,1.009843507260611,-0.5100621806363503,0.4692677446462845,True
20261004,sf,27,3.3,5,0,0,bounded,-0.005,-25,3000,True,0.0001004692677446463,9.948993781936365e-05,1.500621806363504,1.799378193636496,2.199614212025194,0.0008306631456291084,0.7904018250002011,0.7904273535851276,-0.0,1.0,-0.0,1.0,0.0,1.0,0.0,1.0,0.0,1.0,-0.0,1.0,1.009843507260611,-0.5100621806363503,0.4692677446462845,True
20261004,sf,27,3.3,5,0,0,bounded,-0.005,25,-3000,True,0.0001004692677446463,9.948993781936365e-05,1.500621806363476,1.799378193636525,2.199614212025206,0.0008306631456291084,0.7904018250002011,0.7904273535851276,-0.0,1.0,-0.0,1.0,0.0,1.0,0.0,1.0,0.0,1.0,-0.0,1.0,1.009843507260611,-0.5100621806363503,0.4692677446462845,True
20261004,sf,27,3.3,5,0,0,bounded,-0.005,25,3000,True,0.0001004692677446463,9.948993781936365e-05,1.500621806363504,1.799378193636496,2.199614212025194,0.0008306631456291084,0.7904018250002011,0.7904273535851276,-0.0,1.0,-0.0,1.0,0.0,1.0,0.0,1.0,0.0,1.0,-0.0,1.0,1.009843507260611,-0.5100621806363503,0.4692677446462845,True
20261004,sf,27,3.3,5,0,0,bounded,0.005,-25,-3000,True,0.0001014690510407802,0.0001004895456224172,1.504543775828142,1.795456224171858,2.198795883573825,0.0008389607678597824,0.7904090685825659,0.7904349201212519,-0.0,1.0,-0.0,1.0,0.0,1.0,0.0,1.0,0.0,1.0,-0.0,1.0,1.0097473365243728,0.4895456224171868,1.4690510407801893,True
20261004,sf,27,3.3,5,0,0,bounded,0.005,-25,3000,True,0.0001014690510407447,0.0001004895456224172,1.504543775828144,1.795456224171857,2.198795883573824,0.0008389607678596048,0.7904090685825659,0.7904349201212519,-0.0,1.0,-0.0,1.0,0.0,1.0,0.0,1.0,0.0,1.0,-0.0,1.0,1.0097473365240195,0.4895456224171868,1.4690510407446844,True
20261004,sf,27,3.3,5,0,0,bounded,0.005,25,-3000,True,0.0001014690510407802,0.0001004895456224172,1.504543775828142,1.795456224171858,2.198795883573825,0.0008389607678597824,0.7904090685825659,0.7904349201212519,-0.0,1.0,-0.0,1.0,0.0,1.0,0.0,1.0,0.0,1.0,-0.0,1.0,1.0097473365243728,0.4895456224171868,1.4690510407801893,True
20261004,sf,27,3.3,5,0,0,bounded,0.005,25,3000,True,0.0001014690510407447,0.0001004895456224172,1.504543775828144,1.795456224171857,2.198795883573824,0.0008389607678596048,0.7904090685825659,0.7904349201212519,-0.0,1.0,-0.0,1.0,0.0,1.0,0.0,1.0,0.0,1.0,-0.0,1.0,1.0097473365240195,0.4895456224171868,1.4690510407446844,True
20261004,sf,27,3.3,5.5,0,0,bounded,-0.005,-25,-3000,True,0.0001010462438019371,9.948993770429775e-05,1.500622957022394,1.799377042977607,2.699141025843886,0.0008840711474367847,0.7904059855699496,0.7904275493620151,-0.0,1.0,-0.0,1.0,0.0,1.0,0.0,1.0,0.0,1.0,-0.0,1.0,1.0156428492524037,-0.5100622957022516,1.0462438019370968,True
20261004,sf,27,3.3,5.5,0,0,bounded,-0.005,-25,3000,True,0.000101046243801866,9.948993770429776e-05,1.500622957022396,1.799377042977604,2.699141025843921,0.000884071147436394,0.7904059855699496,0.7904275493620151,-0.0,1.0,-0.0,1.0,0.0,1.0,0.0,1.0,0.0,1.0,-0.0,1.0,1.015642849251689,-0.5100622957022405,1.046243801865998,True
20261004,sf,27,3.3,5.5,0,0,bounded,-0.005,25,-3000,True,0.0001010462438019371,9.948993770429775e-05,1.500622957022394,1.799377042977607,2.699141025843886,0.0008840711474367847,0.7904059855699496,0.7904275493620151,-0.0,1.0,-0.0,1.0,0.0,1.0,0.0,1.0,0.0,1.0,-0.0,1.0,1.0156428492524037,-0.5100622957022516,1.0462438019370968,True
20261004,sf,27,3.3,5.5,0,0,bounded,-0.005,25,3000,True,0.000101046243801866,9.948993770429776e-05,1.500622957022396,1.799377042977604,2.699141025843921,0.000884071147436394,0.7904059855699496,0.7904275493620151,-0.0,1.0,-0.0,1.0,0.0,1.0,0.0,1.0,0.0,1.0,-0.0,1.0,1.015642849251689,-0.5100622957022405,1.046243801865998,True
20261004,sf,27,3.3,5.5,0,0,bounded,0.005,-25,-3000,True,0.0001020505908413388,0.0001004895455064491,1.504544935508562,1.795455064491438,2.698323364765265,0.0008928937619005673,0.7904132624457023,0.7904351174453058,-0.0,1.0,-0.0,1.0,0.0,1.0,0.0,1.0,0.0,1.0,-0.0,1.0,1.0155344053654767,0.489545506449085,2.050590841338784,True
20261004,sf,27,3.3,5.5,0,0,bounded,0.005,-25,3000,True,0.0001020505908412855,0.0001004895455064491,1.504544935508522,1.795455064491478,2.698323364765316,0.0008928937619002743,0.7904132624457023,0.7904351174453058,-0.0,1.0,-0.0,1.0,0.0,1.0,0.0,1.0,0.0,1.0,-0.0,1.0,1.0155344053649462,0.489545506449085,2.0505908412854934,True
20261004,sf,27,3.3,5.5,0,0,bounded,0.005,25,-3000,True,0.0001020505908413388,0.0001004895455064491,1.504544935508562,1.795455064491438,2.698323364765265,0.0008928937619005673,0.7904132624457023,0.7904351174453058,-0.0,1.0,-0.0,1.0,0.0,1.0,0.0,1.0,0.0,1.0,-0.0,1.0,1.0155344053654767,0.489545506449085,2.050590841338784,True
20261004,sf,27,3.3,5.5,0,0,bounded,0.005,25,3000,True,0.0001020505908412855,0.0001004895455064491,1.504544935508522,1.795455064491478,2.698323364765316,0.0008928937619002743,0.7904132624457023,0.7904351174453058,-0.0,1.0,-0.0,1.0,0.0,1.0,0.0,1.0,0.0,1.0,-0.0,1.0,1.0155344053649462,0.489545506449085,2.0505908412854934,True
20261004,sf,27,3.63,4.5,0,0,bounded,-0.005,-25,-3000,True,9.970888254004086e-05,9.942396390315276e-05,1.500360968472356,2.129639031527644,1.70024172805049,0.0008095989750477707,0.7903963188312599,0.7904266185489314,-0.0,1.0,-0.0,1.0,0.0,1.0,0.0,1.0,0.0,1.0,-0.0,1.0,1.0028656937995917,-0.5760360968472433,-0.29111745995914484,True
20261004,sf,27,3.63,4.5,0,0,bounded,-0.005,-25,3000,True,9.990562847942121e-05,9.962188608998268e-05,1.501139100173096,2.128860899826904,1.700078931357195,0.00081120278931309,0.7903977443047286,0.7904281163178812,-0.0,1.0,-0.0,1.0,0.0,1.0,0.0,1.0,0.0,1.0,-0.0,1.0,1.0028481933094726,-0.3781139100173303,-0.09437152057878428,True
20261004,sf,27,3.63,4.5,0,0,bounded,-0.005,25,-3000,True,9.970888254004086e-05,9.942396390315276e-05,1.500360968472356,2.129639031527644,1.70024172805049,0.0008095989750477707,0.7903963188312599,0.7904266185489314,-0.0,1.0,-0.0,1.0,0.0,1.0,0.0,1.0,0.0,1.0,-0.0,1.0,1.0028656937995917,-0.5760360968472433,-0.29111745995914484,True
20261004,sf,27,3.63,4.5,0,0,bounded,-0.005,25,3000,True,9.990562847942121e-05,9.962188608998268e-05,1.501139100173096,2.128860899826904,1.700078931357195,0.00081120278931309,0.7903977443047286,0.7904281163178812,-0.0,1.0,-0.0,1.0,0.0,1.0,0.0,1.0,0.0,1.0,-0.0,1.0,1.0028481933094726,-0.3781139100173303,-0.09437152057878428,True
20261004,sf,27,3.63,4.5,0,0,bounded,0.005,-25,-3000,True,0.0001007025117461905,0.000100423571594544,1.504284054559766,2.125715945440234,1.699422618834067,0.0008176988823952215,0.7904035178976125,0.7904341830027153,-0.0,1.0,-0.0,1.0,0.0,1.0,0.0,1.0,0.0,1.0,-0.0,1.0,1.0027776362383594,0.4235715945440033,0.7025117461904928,True
20261004,sf,27,3.63,4.5,0,0,bounded,0.005,-25,3000,True,0.0001008992393636757,0.0001006214941196853,1.505058803146528,2.124941196853472,1.699261344921829,0.0008193026154401886,0.7904049432257909,0.7904356807539596,-0.0,1.0,-0.0,1.0,0.0,1.0,0.0,1.0,0.0,1.0,-0.0,1.0,1.002760297354162,0.6214941196852841,0.8992393636756857,True
20261004,sf,27,3.63,4.5,0,0,bounded,0.005,25,-3000,True,0.0001007025117461905,0.000100423571594544,1.504284054559766,2.125715945440234,1.699422618834067,0.0008176988823952215,0.7904035178976125,0.7904341830027153,-0.0,1.0,-0.0,1.0,0.0,1.0,0.0,1.0,0.0,1.0,-0.0,1.0,1.0027776362383594,0.4235715945440033,0.7025117461904928,True
20261004,sf,27,3.63,4.5,0,0,bounded,0.005,25,3000,True,0.0001008992393636757,0.0001006214941196853,1.505058803146528,2.124941196853472,1.699261344921829,0.0008193026154401886,0.7904049432257909,0.7904356807539596,-0.0,1.0,-0.0,1.0,0.0,1.0,0.0,1.0,0.0,1.0,-0.0,1.0,1.002760297354162,0.6214941196852841,0.8992393636756857,True
20261004,sf,27,3.63,5,0,0,bounded,-0.005,-25,-3000,True,0.0001004032820352875,9.942396376466634e-05,1.50036235333648,2.12963764666352,2.199668490352018,0.0008629254132912682,0.7904013469215364,0.7904268541918267,-0.0,1.0,-0.0,1.0,0.0,1.0,0.0,1.0,0.0,1.0,-0.0,1.0,1.009849921825076,-0.5760362353336657,0.40328203528749995,True
20261004,sf,27,3.63,5,0,0,bounded,-0.005,-25,3000,True,0.000100601247172566,9.962188595125504e-05,1.501140487449587,2.128859512550413,2.199505749161895,0.0008646336965149624,0.7904027812150746,0.790428352374072,-0.0,1.0,-0.0,1.0,0.0,1.0,0.0,1.0,0.0,1.0,-0.0,1.0,1.0098307837877127,-0.3781140487449597,0.6012471725659996,True
20261004,sf,27,3.63,5,0,0,bounded,-0.005,25,-3000,True,0.0001004032820352875,9.942396376466634e-05,1.50036235333648,2.12963764666352,2.199668490352018,0.0008629254132912682,0.7904013469215364,0.7904268541918267,-0.0,1.0,-0.0,1.0,0.0,1.0,0.0,1.0,0.0,1.0,-0.0,1.0,1.009849921825076,-0.5760362353336657,0.40328203528749995,True
20261004,sf,27,3.63,5,0,0,bounded,-0.005,25,3000,True,0.000100601247172566,9.962188595125504e-05,1.501140487449587,2.128859512550413,2.199505749161895,0.0008646336965149624,0.7904027812150746,0.790428352374072,-0.0,1.0,-0.0,1.0,0.0,1.0,0.0,1.0,0.0,1.0,-0.0,1.0,1.0098307837877127,-0.3781140487449597,0.6012471725659996,True
20261004,sf,27,3.63,5,0,0,bounded,0.005,-25,-3000,True,0.0001014030711309956,0.0001004235714548388,1.504285451611856,2.125714548388143,2.198849654708432,0.0008715529346851529,0.7904085905501628,0.7904344207337471,-0.0,1.0,-0.0,1.0,0.0,1.0,0.0,1.0,0.0,1.0,-0.0,1.0,1.0097536829448184,0.4235714548388003,1.4030711309956034,True
20261004,sf,27,3.63,5,0,0,bounded,0.005,-25,3000,True,0.0001016010190998919,0.0001006214939797387,1.505060202612878,2.124939797387122,2.198688432983249,0.0008732611332949102,0.7904100247065823,0.7904359188986718,-0.0,1.0,-0.0,1.0,0.0,1.0,0.0,1.0,0.0,1.0,-0.0,1.0,1.0097347503143854,0.6214939797386965,1.6010190998918983,True
20261004,sf,27,3.63,5,0,0,bounded,0.005,25,-3000,True,0.0001014030711309956,0.0001004235714548388,1.504285451611856,2.125714548388143,2.198849654708432,0.0008715529346851529,0.7904085905501628,0.7904344207337471,-0.0,1.0,-0.0,1.0,0.0,1.0,0.0,1.0,0.0,1.0,-0.0,1.0,1.0097536829448184,0.4235714548388003,1.4030711309956034,True
20261004,sf,27,3.63,5,0,0,bounded,0.005,25,3000,True,0.0001016010190998919,0.0001006214939797387,1.505060202612878,2.124939797387122,2.198688432983249,0.0008732611332949102,0.7904100247065823,0.7904359188986718,-0.0,1.0,-0.0,1.0,0.0,1.0,0.0,1.0,0.0,1.0,-0.0,1.0,1.0097347503143854,0.6214939797386965,1.6010190998918983,True
20261004,sf,27,3.63,5.5,0,0,bounded,-0.005,-25,-3000,True,0.0001009799568169161,9.942396364966001e-05,1.500363503399755,2.129636496600245,2.699195259553129,0.0009162987651903501,0.7904055052932476,0.7904270498665745,-0.0,1.0,-0.0,1.0,0.0,1.0,0.0,1.0,0.0,1.0,-0.0,1.0,1.0156500818327756,-0.5760363503399923,0.9799568169160944,True
20261004,sf,27,3.63,5.5,0,0,bounded,-0.005,-25,3000,True,0.000101178825791644,9.962188583607002e-05,1.501141639299629,2.128858360700371,2.699032652007682,0.0009181110020880503,0.7904069461809066,0.790428548355236,-0.0,1.0,-0.0,1.0,0.0,1.0,0.0,1.0,0.0,1.0,-0.0,1.0,1.0156284931017663,-0.37811416392997677,1.1788257916439893,True
20261004,sf,27,3.63,5.5,0,0,bounded,-0.005,25,-3000,True,0.0001009799568169161,9.942396364966001e-05,1.500363503399755,2.129636496600245,2.699195259553129,0.0009162987651903501,0.7904055052932476,0.7904270498665745,-0.0,1.0,-0.0,1.0,0.0,1.0,0.0,1.0,0.0,1.0,-0.0,1.0,1.0156500818327756,-0.5760363503399923,0.9799568169160944,True
20261004,sf,27,3.63,5.5,0,0,bounded,-0.005,25,3000,True,0.000101178825791644,9.962188583607002e-05,1.501141639299629,2.128858360700371,2.699032652007682,0.0009181110020880503,0.7904069461809066,0.790428548355236,-0.0,1.0,-0.0,1.0,0.0,1.0,0.0,1.0,0.0,1.0,-0.0,1.0,1.0156284931017663,-0.37811416392997677,1.1788257916439893,True
20261004,sf,27,3.63,5.5,0,0,bounded,0.005,-25,-3000,True,0.0001019843098096534,0.0001004235713389303,1.504286610697053,2.125713389302947,2.698377092353483,0.0009254512825625252,0.7904127822167076,0.7904346179557161,-0.0,1.0,-0.0,1.0,0.0,1.0,0.0,1.0,0.0,1.0,-0.0,1.0,1.015541555134059,0.4235713389302953,1.9843098096534062,True
20261004,sf,27,3.63,5.5,0,0,bounded,0.005,-25,3000,True,0.0001021831611576634,0.0001006214938636516,1.505061363483817,2.124938636516183,2.698216001064345,0.0009272634237412516,0.790414222962937,0.790436116426897,-0.0,1.0,-0.0,1.0,0.0,1.0,0.0,1.0,0.0,1.0,-0.0,1.0,1.0155202157515961,0.621493863651601,2.1831611576633936,True
20261004,sf,27,3.63,5.5,0,0,bounded,0.005,25,-3000,True,0.0001019843098096534,0.0001004235713389303,1.504286610697053,2.125713389302947,2.698377092353483,0.0009254512825625252,0.7904127822167076,0.7904346179557161,-0.0,1.0,-0.0,1.0,0.0,1.0,0.0,1.0,0.0,1.0,-0.0,1.0,1.015541555134059,0.4235713389302953,1.9843098096534062,True
20261004,sf,27,3.63,5.5,0,0,bounded,0.005,25,3000,True,0.0001021831611576634,0.0001006214938636516,1.505061363483817,2.124938636516183,2.698216001064345,0.0009272634237412516,0.790414222962937,0.790436116426897,-0.0,1.0,-0.0,1.0,0.0,1.0,0.0,1.0,0.0,1.0,-0.0,1.0,1.0155202157515961,0.621493863651601,2.1831611576633936,True
20261004,sf,85,2.97,4.5,0,0,bounded,-0.005,-25,-3000,True,9.962025448886726e-05,9.940825300159738e-05,1.527469984026236,1.442530015973764,1.679048873698505,0.000743533666790667,0.7135231006398751,0.7135545051673243,-0.0,1.0,-0.0,1.0,0.0,1.0,0.0,1.0,0.0,1.0,-0.0,1.0,1.0021326346743713,-0.5917469984026202,-0.37974551113274524,True
20261004,sf,85,2.97,4.5,0,0,bounded,-0.005,-25,3000,True,9.942386053464793e-05,9.921034254379534e-05,1.526574562046377,1.443425437953623,1.679241405733386,0.0007420620999370144,0.7135216496837722,0.7135529781004392,-0.0,1.0,-0.0,1.0,0.0,1.0,0.0,1.0,0.0,1.0,-0.0,1.0,1.0021521747166464,-0.7896574562046621,-0.5761394653520657,True
20261004,sf,85,2.97,4.5,0,0,bounded,-0.005,25,-3000,True,9.990789427566517e-05,9.969812199227482e-05,1.528780077251616,1.441219922748384,1.67876753917672,0.0007456889567336347,0.7135252257145956,0.7135567417737358,-0.0,1.0,-0.0,1.0,0.0,1.0,0.0,1.0,0.0,1.0,-0.0,1.0,1.0021040745723035,-0.301878007725187,-0.09210572433483444,True
20261004,sf,85,2.97,4.5,0,0,bounded,-0.005,25,3000,True,9.971150675091613e-05,9.950021142223786e-05,1.527885777621312,1.442114222378688,1.678959538364132,0.0007442174184792351,0.7135237748096155,0.7135552147122873,-0.0,1.0,-0.0,1.0,0.0,1.0,0.0,1.0,0.0,1.0,-0.0,1.0,1.0021235666302417,-0.49978857776213914,-0.2884932490838765,True
20261004,sf,85,2.97,4.5,0,0,bounded,0.005,-25,-3000,True,0.000100612076153949,0.000100407801935279,1.531980647209699,1.438019352790301,1.678082023789026,0.0007509655246166401,0.7135304281682959,0.7135622175696194,-0.0,1.0,-0.0,1.0,0.0,1.0,0.0,1.0,0.0,1.0,-0.0,1.0,1.0020344456778536,0.4078019352789841,0.6120761539489816,True
20261004,sf,85,2.97,4.5,0,0,bounded,0.005,-25,3000,True,0.0001004157043286061,0.0001002098910924829,1.53108907517124,1.43891092482876,1.678272731396436,0.0007494940561994891,0.7135289773881626,0.7135606905214819,-0.0,1.0,-0.0,1.0,0.0,1.0,0.0,1.0,0.0,1.0,-0.0,1.0,1.0020538215726955,0.2098910924828834,0.4157043286060924,True
20261004,sf,85,2.97,4.5,0,0,bounded,0.005,25,-3000,True,0.0001008996835710133,0.0001006976714878101,1.533285121898973,1.436714878101027,1.677803348422306,0.0007531206705644371,0.7135325529855943,0.713564454148574,-0.0,1.0,-0.0,1.0,0.0,1.0,0.0,1.0,0.0,1.0,-0.0,1.0,1.002006124672184,0.6976714878101031,0.8996835710132878,True
20261004,sf,85,2.97,4.5,0,0,bounded,0.005,25,3000,True,0.000100703318141692,0.000100499760534423,1.532394655769933,1.437605344230067,1.677993533715396,0.0007516492306008831,0.7135311022563324,0.7135629271058731,-0.0,1.0,-0.0,1.0,0.0,1.0,0.0,1.0,0.0,1.0,-0.0,1.0,1.0020254536546809,0.4997605344229994,0.7033181416919998,True
20261004,sf,85,2.97,5,0,0,bounded,-0.005,-25,-3000,True,0.000100313233080417,9.940825286308817e-05,1.527471369118402,1.442528630881598,2.178372387435858,0.0007968086865815032,0.7135282173651032,0.7135547449603831,-0.0,1.0,-0.0,1.0,0.0,1.0,0.0,1.0,0.0,1.0,-0.0,1.0,1.0091036728970102,-0.5917471369118354,0.31323308041699693,True
20261004,sf,85,2.97,5,0,0,bounded,-0.005,-25,3000,True,0.0001001155231448649,9.921034240554726e-05,1.526575944527294,1.443424055472706,2.178564938867219,0.0007952323428448189,0.713526756700687,0.7135532174385573,-0.0,1.0,-0.0,1.0,0.0,1.0,0.0,1.0,0.0,1.0,-0.0,1.0,1.0091238546039634,-0.7896575944527529,0.11552314486489301,True
20261004,sf,85,2.97,5,0,0,bounded,-0.005,25,-3000,True,0.0001006028013006278,9.96981218533829e-05,1.528781466170741,1.441218533829259,2.178091023168382,0.0007991174385836982,0.7135303566662885,0.7135569822334611,-0.0,1.0,-0.0,1.0,0.0,1.0,0.0,1.0,0.0,1.0,-0.0,1.0,1.009074187461378,-0.3018781466171072,0.6028013006277977,True
20261004,sf,85,2.97,5,0,0,bounded,-0.005,25,3000,True,0.0001004050969942973,9.950021128360726e-05,1.527887163927239,1.442112836072761,2.178283042836643,0.0007975411226598408,0.7135288960471373,0.7135554547167996,-0.0,1.0,-0.0,1.0,0.0,1.0,0.0,1.0,0.0,1.0,-0.0,1.0,1.0090943094393119,-0.49978871639274614,0.40509699429729373,True
20261004,sf,85,2.97,5,0,0,bounded,0.005,-25,-3000,True,0.0001013117094866302,0.0001004078017954493,1.531982045506649,1.438017954493351,2.177405428302539,0.0008047697289417179,0.7135355939866805,0.7135624596632297,-0.0,1.0,-0.0,1.0,0.0,1.0,0.0,1.0,0.0,1.0,-0.0,1.0,1.0090023651052769,0.40780179544930295,1.311709486630197,True
20261004,sf,85,2.97,5,0,0,bounded,0.005,-25,3000,True,0.0001011140189082695,0.0001002098909529148,1.531090470851525,1.438909529148475,2.177596159019294,0.0008031934808475479,0.7135341334779488,0.7135609321591991,-0.0,1.0,-0.0,1.0,0.0,1.0,0.0,1.0,0.0,1.0,-0.0,1.0,1.0090223424729554,0.20989095291479298,1.1140189082694985,True
20261004,sf,85,2.97,5,0,0,bounded,0.005,25,-3000,True,0.0001016012494092279,0.0001006976713475969,1.533286524030252,1.436713475969748,2.177126717778086,0.0008070783411245597,0.7135377330602503,0.7135646969102448,-0.0,1.0,-0.0,1.0,0.0,1.0,0.0,1.0,0.0,1.0,-0.0,1.0,1.0089731773291157,0.6976713475969065,1.6012494092279006,True
20261004,sf,85,2.97,5,0,0,bounded,0.005,25,3000,True,0.0001014035644165147,0.0001004997603944717,1.532396055283088,1.437603944716912,2.177316927243679,0.0008055021206302101,0.7135362725964554,0.7135631694113747,-0.0,1.0,-0.0,1.0,0.0,1.0,0.0,1.0,0.0,1.0,-0.0,1.0,1.008993096286951,0.4997603944717044,1.403564416514702,True
20261004,sf,85,2.97,5.5,0,0,bounded,-0.005,-25,-3000,True,0.0001008744902983932,9.940825275090757e-05,1.527472490924119,1.442527509075882,2.67782772915816,0.0008500522174873823,0.7135323536567786,0.7135549391652034,-0.0,1.0,-0.0,1.0,0.0,1.0,0.0,1.0,0.0,1.0,-0.0,1.0,1.0147496561594302,-0.5917472490924336,0.8744902983931935,True
20261004,sf,85,2.97,5.5,0,0,bounded,-0.005,-25,3000,True,0.0001006758402886004,9.921034229355306e-05,1.526577064469324,1.443422935530676,2.678020174814985,0.0008483718483751753,0.7135308860218532,0.7135534113183913,-0.0,1.0,-0.0,1.0,0.0,1.0,0.0,1.0,0.0,1.0,-0.0,1.0,1.0147716252274495,-0.7896577064469446,0.6758402886003934,True
20261004,sf,85,2.97,5.5,0,0,bounded,-0.005,25,-3000,True,0.0001011654355009899,9.969812174092937e-05,1.52878259070606,1.44121740929394,2.67754651859176,0.0008525133270020632,0.7135345031677345,0.7135571769143045,-0.0,1.0,-0.0,1.0,0.0,1.0,0.0,1.0,0.0,1.0,-0.0,1.0,1.014717566734842,-0.3018782590706315,1.1654355009898865,True
20261004,sf,85,2.97,5.5,0,0,bounded,-0.005,25,3000,True,0.0001009667910343187,9.95002111713401e-05,1.527888286598834,1.442111713401166,2.677738433476106,0.0008508329880436613,0.7135330355777177,0.7135556490726296,-0.0,1.0,-0.0,1.0,0.0,1.0,0.0,1.0,0.0,1.0,-0.0,1.0,1.0147394648284027,-0.49978882865989727,0.9667910343186925,True
20261004,sf,85,2.97,5.5,0,0,bounded,0.005,-25,-3000,True,0.0001018777154678912,0.0001004078016823274,1.531983176726072,1.438016823273928,2.676861293958942,0.0008585386162459673,0.7135397654867977,0.7135626555096831,-0.0,1.0,-0.0,1.0,0.0,1.0,0.0,1.0,0.0,1.0,-0.0,1.0,1.014639437981267,0.4078016823273911,1.8777154678911945,True
20261004,sf,85,2.97,5.5,0,0,bounded,0.005,-25,3000,True,0.0001016790845101295,0.0001002098908399793,1.531091600206915,1.438908399793085,2.677051922288917,0.0008568583507764884,0.7135382980062538,0.7135611276805738,-0.0,1.0,-0.0,1.0,0.0,1.0,0.0,1.0,0.0,1.0,-0.0,1.0,1.0146611642606844,0.2098908399792876,1.6790845101295027,True
20261004,sf,85,2.97,5.5,0,0,bounded,0.005,25,-3000,True,0.0001021686328281018,0.000100697671234202,1.533287657980195,1.436712342019806,2.676582732201791,0.0008609995742961546,0.7135419147721046,0.7135648932328698,-0.0,1.0,-0.0,1.0,0.0,1.0,0.0,1.0,0.0,1.0,-0.0,1.0,1.0146077022027515,0.6976712342019908,2.168632828101802,True
20261004,sf,85,2.97,5.5,0,0,bounded,0.005,25,3000,True,0.000101970007362942,0.0001004997602812631,1.532397187368638,1.437602812631363,2.676772840248664,0.0008593193387075688,0.713540447336088,0.7135633654088865,-0.0,1.0,-0.0,1.0,0.0,1.0,0.0,1.0,0.0,1.0,-0.0,1.0,1.0146293590906506,0.49976028126310634,1.9700073629419945,True
20261004,sf,85,3.3,4.5,0,0,bounded,-0.005,-25,-3000,True,9.95548075878664e-05,9.934228284046188e-05,1.527171595381249,1.772828404618752,1.679112993594175,0.0007758261800449786,0.7135226171193256,0.7135539961515409,-0.0,1.0,-0.0,1.0,0.0,1.0,0.0,1.0,0.0,1.0,-0.0,1.0,1.0021393181365263,-0.6577171595381293,-0.4451924121335993,True
20261004,sf,85,3.3,4.5,0,0,bounded,-0.005,-25,3000,True,9.955480758783088e-05,9.934228284046189e-05,1.527171595381218,1.772828404618783,1.679112993594196,0.0007758261800448188,0.7135226171193256,0.7135539961515409,-0.0,1.0,-0.0,1.0,0.0,1.0,0.0,1.0,0.0,1.0,-0.0,1.0,1.0021393181361686,-0.657717159538107,-0.4451924121691264,True
20261004,sf,85,3.3,4.5,0,0,bounded,-0.005,25,-3000,True,9.984244978686808e-05,9.96321517937642e-05,1.528482062357763,1.771517937642237,1.678831481474292,0.0007780771374863262,0.7135247422130745,0.7135562327598618,-0.0,1.0,-0.0,1.0,0.0,1.0,0.0,1.0,0.0,1.0,-0.0,1.0,1.0021107442659594,-0.36784820623579906,-0.15755021313192952,True
20261004,sf,85,3.3,4.5,0,0,bounded,-0.005,25,3000,True,9.984244978688585e-05,9.96321517937642e-05,1.528482062357807,1.771517937642193,1.678831481474289,0.0007780771374864061,0.7135247422130745,0.7135562327598618,-0.0,1.0,-0.0,1.0,0.0,1.0,0.0,1.0,0.0,1.0,-0.0,1.0,1.0021107442661377,-0.36784820623579906,-0.15755021311415485,True
20261004,sf,85,3.3,4.5,0,0,bounded,0.005,-25,-3000,True,0.0001005466375794254,0.0001003418316459371,1.53168354062909,1.76831645937091,1.678145535577893,0.0007835879260649694,0.7135299447134187,0.7135617085604157,-0.0,1.0,-0.0,1.0,0.0,1.0,0.0,1.0,0.0,1.0,-0.0,1.0,1.0020410822697652,0.34183164593708515,0.5466375794253908,True
20261004,sf,85,3.3,4.5,0,0,bounded,0.005,-25,3000,True,0.0001005466375794609,0.0001003418316459371,1.531683540629072,1.768316459370928,1.678145535577865,0.0007835879260651293,0.7135299447134187,0.7135617085604157,-0.0,1.0,-0.0,1.0,0.0,1.0,0.0,1.0,0.0,1.0,-0.0,1.0,1.0020410822701191,0.34183164593708515,0.5466375794608958,True
20261004,sf,85,3.3,4.5,0,0,bounded,0.005,25,-3000,True,0.0001008342474165273,0.0001006317011616401,1.532988383598161,1.767011616401839,1.677866686102857,0.0007858387397338165,0.7135320695497986,0.7135639451412814,-0.0,1.0,-0.0,1.0,0.0,1.0,0.0,1.0,0.0,1.0,-0.0,1.0,1.002012747996398,0.6317011616400858,0.8342474165273117,True
20261004,sf,85,3.3,4.5,0,0,bounded,0.005,25,3000,True,0.0001008342474166161,0.0001006317011616401,1.532988383598195,1.767011616401806,1.677866686102792,0.0007858387397342161,0.7135320695497986,0.7135639451412814,-0.0,1.0,-0.0,1.0,0.0,1.0,0.0,1.0,0.0,1.0,-0.0,1.0,1.0020127479972805,0.6317011616400858,0.8342474166161074,True
20261004,sf,85,3.3,5,0,0,bounded,-0.005,-25,-3000,True,0.000100247347574033,9.934228270203971e-05,1.527172979602829,1.772827020397172,2.178436513877805,0.000829066283312877,0.713527730608857,0.7135542357929728,-0.0,1.0,-0.0,1.0,0.0,1.0,0.0,1.0,0.0,1.0,-0.0,1.0,1.0091105705181738,-0.6577172979602919,0.24734757403299668,True
20261004,sf,85,3.3,5,0,0,bounded,-0.005,-25,3000,True,0.0001002473475740863,9.934228270203971e-05,1.527172979602933,1.772827020397068,2.178436513877749,0.0008290662833131434,0.713527730608857,0.7135542357929728,-0.0,1.0,-0.0,1.0,0.0,1.0,0.0,1.0,0.0,1.0,-0.0,1.0,1.0091105705187102,-0.6577172979602919,0.24734757408628738,True
20261004,sf,85,3.3,5,0,0,bounded,-0.005,25,-3000,True,0.0001005369179414152,9.96321516549594e-05,1.528483450405929,1.771516549594071,2.178154972373028,0.0008314707026945288,0.7135298699271305,0.713556473067868,-0.0,1.0,-0.0,1.0,0.0,1.0,0.0,1.0,0.0,1.0,-0.0,1.0,1.0090810674207773,-0.36784834504061115,0.5369179414151937,True
20261004,sf,85,3.3,5,0,0,bounded,-0.005,25,3000,True,0.0001005369179413797,9.963215165495938e-05,1.528483450405941,1.771516549594059,2.178154972373051,0.0008314707026943511,0.7135298699271305,0.713556473067868,-0.0,1.0,-0.0,1.0,0.0,1.0,0.0,1.0,0.0,1.0,-0.0,1.0,1.0090810674204211,-0.36784834504062225,0.5369179413796887,True
20261004,sf,85,3.3,5,0,0,bounded,0.005,-25,-3000,True,0.0001012458313889332,0.0001003418315061946,1.531684938054072,1.768315061945929,2.1774689478728,0.00083735721344102,0.7135351072893896,0.7135619505020839,-0.0,1.0,-0.0,1.0,0.0,1.0,0.0,1.0,0.0,1.0,-0.0,1.0,1.0090092025346658,0.3418315061945787,1.245831388933194,True
20261004,sf,85,3.3,5,0,0,bounded,0.005,-25,3000,True,0.0001012458313888977,0.0001003418315061946,1.53168493805405,1.76831506194595,2.177468947872821,0.0008373572134408424,0.7135351072893896,0.7135619505020839,-0.0,1.0,-0.0,1.0,0.0,1.0,0.0,1.0,0.0,1.0,-0.0,1.0,1.009009202534312,0.3418315061945787,1.2458313888977113,True
20261004,sf,85,3.3,5,0,0,bounded,0.005,25,-3000,True,0.0001015353734631787,0.0001006317010215143,1.532989784856922,1.767010215143078,2.177190063593891,0.0008397614932128537,0.7135372463800793,0.7135641877509178,-0.0,1.0,-0.0,1.0,0.0,1.0,0.0,1.0,0.0,1.0,-0.0,1.0,1.0089799976795701,0.631701021514286,1.5353734631786908,True
20261004,sf,85,3.3,5,0,0,bounded,0.005,25,3000,True,0.0001015353734631609,0.0001006317010215143,1.532989784856936,1.767010215143064,2.177190063593919,0.000839761493212765,0.7135372463800793,0.7135641877509178,-0.0,1.0,-0.0,1.0,0.0,1.0,0.0,1.0,0.0,1.0,-0.0,1.0,1.0089799976793934,0.631701021514286,1.535373463160905,True
20261004,sf,85,3.3,5.5,0,0,bounded,-0.005,-25,-3000,True,0.0001008082915102886,9.934228258992124e-05,1.527174100787492,1.772825899212509,2.677891820426433,0.0008822751483792621,0.7135318645776185,0.7135544298894914,-0.0,1.0,-0.0,1.0,0.0,1.0,0.0,1.0,0.0,1.0,-0.0,1.0,1.0147571495454655,-0.6577174100787619,0.8082915102886057,True
20261004,sf,85,3.3,5.5,0,0,bounded,-0.005,-25,3000,True,0.0001008082915103242,9.934228258992124e-05,1.527174100787587,1.772825899212413,2.677891820426394,0.0008822751483794574,0.7135318645776185,0.7135544298894914,-0.0,1.0,-0.0,1.0,0.0,1.0,0.0,1.0,0.0,1.0,-0.0,1.0,1.0147571495458239,-0.6577174100787619,0.8082915103241994,True
20261004,sf,85,3.3,5.5,0,0,bounded,-0.005,25,-3000,True,0.0001010992388323988,9.963215154256799e-05,1.52848457431999,1.771515425680011,2.677610432952561,0.0008848319261946932,0.7135340141055494,0.7135566676403976,-0.0,1.0,-0.0,1.0,0.0,1.0,0.0,1.0,0.0,1.0,-0.0,1.0,1.0147250387261184,-0.36784845743201844,1.0992388323987967,True
20261004,sf,85,3.3,5.5,0,0,bounded,-0.005,25,3000,True,0.0001010992388323811,9.963215154256799e-05,1.528484574319981,1.77151542568002,2.677610432952589,0.0008848319261945955,0.7135340141055494,0.7135566676403976,-0.0,1.0,-0.0,1.0,0.0,1.0,0.0,1.0,0.0,1.0,-0.0,1.0,1.0147250387259408,-0.36784845743201844,1.0992388323810998,True
20261004,sf,85,3.3,5.5,0,0,bounded,0.005,-25,-3000,True,0.0001018115239906674,0.0001003418313931348,1.531686068652166,1.768313931347835,2.676924779483604,0.0008910914380718734,0.7135392764661865,0.7135621462402054,-0.0,1.0,-0.0,1.0,0.0,1.0,0.0,1.0,0.0,1.0,-0.0,1.0,1.014646858415155,0.34183139313479494,1.8115239906673963,True
20261004,sf,85,3.3,5.5,0,0,bounded,0.005,-25,3000,True,0.0001018115239906852,0.0001003418313931348,1.53168606865215,1.76831393134785,2.676924779483606,0.000891091438071971,0.7135392764661865,0.7135621462402054,-0.0,1.0,-0.0,1.0,0.0,1.0,0.0,1.0,0.0,1.0,-0.0,1.0,1.0146468584153323,0.34183139313479494,1.811523990685182,True
20261004,sf,85,3.3,5.5,0,0,bounded,0.005,25,-3000,True,0.0001021024434728961,0.0001006317009081814,1.532990918185727,1.767009081814273,2.67664604429414,0.0008936480646238218,0.713541425768486,0.7135643839652023,-0.0,1.0,-0.0,1.0,0.0,1.0,0.0,1.0,0.0,1.0,-0.0,1.0,1.0146151019156144,0.6317009081813874,2.1024434728960983,True
20261004,sf,85,3.3,5.5,0,0,bounded,0.005,25,3000,True,0.0001021024434728428,0.0001006317009081814,1.532990918185653,1.767009081814347,2.676646044294204,0.0008936480646235287,0.7135414257684842,0.7135643839652023,-0.0,1.0,-0.0,1.0,0.0,1.0,0.0,1.0,0.0,1.0,-0.0,1.0,1.0146151019150849,0.6317009081813874,2.1024434728428076,True
20261004,sf,85,3.63,4.5,0,0,bounded,-0.005,-25,-3000,True,9.948934619193585e-05,9.927631268785767e-05,1.526873121423243,2.103126878576757,1.679177167718238,0.0008080750880388784,0.713522133491463,0.7135534871305006,-0.0,1.0,-0.0,1.0,0.0,1.0,0.0,1.0,0.0,1.0,-0.0,1.0,1.0021458643891015,-0.7236873121423404,-0.5106538080641543,True
20261004,sf,85,3.63,4.5,0,0,bounded,-0.005,-25,3000,True,9.968573888193978e-05,9.947422317124523e-05,1.527768287547739,2.102231712452261,1.678984757066812,0.0008096772701986035,0.7135235844373998,0.7135550141962183,-0.0,1.0,-0.0,1.0,0.0,1.0,0.0,1.0,0.0,1.0,-0.0,1.0,1.0021263368936335,-0.5257768287547759,-0.3142611180602217,True
20261004,sf,85,3.63,4.5,0,0,bounded,-0.005,25,-3000,True,9.977699055802183e-05,9.95661816037484e-05,1.52818396251591,2.10181603748409,1.678895477967923,0.0008104217118508748,0.7135242586024291,0.7135557237406397,-0.0,1.0,-0.0,1.0,0.0,1.0,0.0,1.0,0.0,1.0,-0.0,1.0,1.0021172746697509,-0.43381839625160623,-0.22300944197818362,True
20261004,sf,85,3.63,4.5,0,0,bounded,-0.005,25,3000,True,9.997337682466613e-05,9.976409219926113e-05,1.529078007388638,2.100921992611362,1.678703599456037,0.0008120238655125226,0.7135257094972913,0.7135572508009222,-0.0,1.0,-0.0,1.0,0.0,1.0,0.0,1.0,0.0,1.0,-0.0,1.0,1.002097795116373,-0.23590780073887707,-0.02662317533387304,True
20261004,sf,85,3.63,4.5,0,0,bounded,0.005,-25,-3000,True,0.0001004811836430567,0.0001002758613650016,1.531386349984227,2.098613650015773,1.678209101508647,0.0008161667182670161,0.7135294611448266,0.7135611995456534,-0.0,1.0,-0.0,1.0,0.0,1.0,0.0,1.0,0.0,1.0,-0.0,1.0,1.0020475743140986,0.2758613650015951,0.4811836430566929,True
20261004,sf,85,3.63,4.5,0,0,bounded,0.005,-25,3000,True,0.0001006775542251274,0.0001004737722330081,1.53227766991917,2.09772233008083,1.678018512869485,0.0008177688023370713,0.7135309119149512,0.7135627265926284,-0.0,1.0,-0.0,1.0,0.0,1.0,0.0,1.0,0.0,1.0,-0.0,1.0,1.002028210821494,0.47377223300810734,0.677554225127408,True
20261004,sf,85,3.63,4.5,0,0,bounded,0.005,25,-3000,True,0.0001007687956367446,0.000100565730843841,1.532691561589792,2.097308438410208,1.677930077913855,0.0008185131984466879,0.7135315859983465,0.7135634361283406,-0.0,1.0,-0.0,1.0,0.0,1.0,0.0,1.0,0.0,1.0,-0.0,1.0,1.0020192245529336,0.5657308438409947,0.7687956367445903,True
20261004,sf,85,3.63,4.5,0,0,bounded,0.005,25,3000,True,0.0001009651598290821,0.0001007636418223313,1.533581776686264,2.096418223313736,1.677740010901797,0.0008201152541641413,0.713533036717646,0.7135649631698773,-0.0,1.0,-0.0,1.0,0.0,1.0,0.0,1.0,0.0,1.0,-0.0,1.0,1.001999907934115,0.7636418223312846,0.9651598290820962,True
20261004,sf,85,3.63,5,0,0,bounded,-0.005,-25,-3000,True,0.000100181447539537,9.927631254952253e-05,1.526874504774451,2.103125495225549,2.17850069446704,0.0008612802673707003,0.7135272437450519,0.7135537266202945,-0.0,1.0,-0.0,1.0,0.0,1.0,0.0,1.0,0.0,1.0,-0.0,1.0,1.0091173308795385,-0.7236874504774726,0.1814475395369941,True
20261004,sf,85,3.63,5,0,0,bounded,-0.005,-25,3000,True,0.0001003791563941404,9.947422303264891e-05,1.527769673510826,2.102230326489174,2.178308264171708,0.0008629872266974175,0.7135287044006451,0.7135552541410128,-0.0,1.0,-0.0,1.0,0.0,1.0,0.0,1.0,0.0,1.0,-0.0,1.0,1.009097164410065,-0.5257769673510881,0.3791563941403897,True
20261004,sf,85,3.63,5,0,0,bounded,-0.005,25,-3000,True,0.000100471019807319,9.95661814650307e-05,1.528185349692973,2.101814650307027,2.178218975693346,0.0008637803528728093,0.71352938307859,0.7135559638969158,-0.0,1.0,-0.0,1.0,0.0,1.0,0.0,1.0,0.0,1.0,-0.0,1.0,1.0090878080184897,-0.4338185349693102,0.4710198073190064,True
20261004,sf,85,3.63,5,0,0,bounded,-0.005,25,3000,True,0.0001006687230393623,9.976409206028209e-05,1.529079397178934,2.100920602821066,2.178027076454769,0.0008654872844939682,0.71353084368897,0.7135574914124754,-0.0,1.0,-0.0,1.0,0.0,1.0,0.0,1.0,0.0,1.0,-0.0,1.0,1.0090677012179252,-0.23590793971791646,0.6687230393622956,True
20261004,sf,85,3.63,5,0,0,bounded,0.005,-25,-3000,True,0.0001011799378906487,0.0001002758612253463,1.531387746537015,2.098612253462985,2.177532521506583,0.0008699010808195167,0.7135346204780968,0.7135614413353648,-0.0,1.0,-0.0,1.0,0.0,1.0,0.0,1.0,0.0,1.0,-0.0,1.0,1.0090158952937907,0.27586122534628554,1.1799378906486968,True
20261004,sf,85,3.63,5,0,0,bounded,0.005,-25,3000,True,0.0001013776274113133,0.0001004737720930911,1.532279069088671,2.097720930911329,2.177341909515542,0.000871607944872771,0.7135360809781807,0.7135629688382934,-0.0,1.0,-0.0,1.0,0.0,1.0,0.0,1.0,0.0,1.0,-0.0,1.0,1.0089959329623333,0.473772093091096,1.377627411313287,True
20261004,sf,85,3.63,5,0,0,bounded,0.005,25,-3000,True,0.0001014694818514562,0.0001005657307038024,1.53269296197585,2.09730703802415,2.177253463462336,0.0008724010268304216,0.7135367595839487,0.7135636785859284,-0.0,1.0,-0.0,1.0,0.0,1.0,0.0,1.0,0.0,1.0,-0.0,1.0,1.0089866711187694,0.5657307038023918,1.4694818514561891,True
20261004,sf,85,3.63,5,0,0,bounded,0.005,25,3000,True,0.0001016671657938097,0.0001007636416820309,1.533583179691051,2.096416820308948,2.177063372036271,0.000874107863393116,0.713538220039146,0.7135652060836986,-0.0,1.0,-0.0,1.0,0.0,1.0,0.0,1.0,0.0,1.0,-0.0,1.0,1.008966767146328,0.7636416820308911,1.6671657938096995,True
20261004,sf,85,3.63,5.5,0,0,bounded,-0.005,-25,-3000,True,0.0001007420781332496,9.92763124374662e-05,1.526875625337835,2.103124374662165,2.677955965759356,0.0009144544589990486,0.7135313753904257,0.7135539206084879,-0.0,1.0,-0.0,1.0,0.0,1.0,0.0,1.0,0.0,1.0,-0.0,1.0,1.0147645058503425,-0.7236875625338035,0.7420781332496018,True
20261004,sf,85,3.63,5.5,0,0,bounded,-0.005,-25,3000,True,0.0001009407270825929,9.947422292040619e-05,1.527770795938032,2.102229204061968,2.677763641012393,0.000916265443273532,0.7135328430166147,0.7135554484541994,-0.0,1.0,-0.0,1.0,0.0,1.0,0.0,1.0,0.0,1.0,-0.0,1.0,1.0147425545948736,-0.5257770795938144,0.940727082592896,True
20261004,sf,85,3.63,5.5,0,0,bounded,-0.005,25,-3000,True,0.0001010330273273734,9.956618135270139e-05,1.52818647298599,2.101813527014009,2.677674401346628,0.0009171069037291226,0.713533524933506,0.7135561583611172,-0.0,1.0,-0.0,1.0,0.0,1.0,0.0,1.0,0.0,1.0,-0.0,1.0,1.0147323715215701,-0.43381864729862274,1.0330273273734036,True
20261004,sf,85,3.63,5.5,0,0,bounded,-0.005,25,3000,True,0.0001012316707405941,9.97640919477664e-05,1.529080522335828,2.100919477664172,2.677482606667463,0.0009189178579619725,0.7135349925148398,0.713557686201695,-0.0,1.0,-0.0,1.0,0.0,1.0,0.0,1.0,0.0,1.0,-0.0,1.0,1.01471049116145,-0.23590805223360212,1.231670740594093,True
20261004,sf,85,3.63,5.5,0,0,bounded,0.005,-25,-3000,True,0.0001017453170486587,0.0001002758611123486,1.531388876513787,2.098611123486213,2.67698831898997,0.0009236006347236306,0.7135387873310763,0.7135616369651309,-0.0,1.0,-0.0,1.0,0.0,1.0,0.0,1.0,0.0,1.0,-0.0,1.0,1.0146541343052016,0.27586111234858546,1.745317048658701,True
20261004,sf,85,3.63,5.5,0,0,bounded,0.005,-25,3000,True,0.00010194394697068,0.000100473771979907,1.532280200929822,2.097719799070178,2.676797809164885,0.0009254115157440748,0.713540254803068,0.7135631647931502,-0.0,1.0,-0.0,1.0,0.0,1.0,0.0,1.0,0.0,1.0,-0.0,1.0,1.0146324255753731,0.4737719799069895,1.9439469706799883,True
20261004,sf,85,3.63,5.5,0,0,bounded,0.005,25,-3000,True,0.0001020362383865408,0.0001005657305905317,1.53269409468315,2.09730590531685,2.676709410357839,0.000926252928287842,0.7135409366483997,0.7135638746918472,-0.0,1.0,-0.0,1.0,0.0,1.0,0.0,1.0,0.0,1.0,-0.0,1.0,1.0146223548257853,0.5657305905316878,2.0362383865407896,True
20261004,sf,85,3.63,5.5,0,0,bounded,0.005,25,3000,True,0.0001022348628234387,0.0001007636415685737,1.53358431426257,2.09641568573743,2.676519420131513,0.0009280637795411031,0.7135424040759197,0.7135654025147388,-0.0,1.0,-0.0,1.0,0.0,1.0,0.0,1.0,0.0,1.0,-0.0,1.0,1.0146007154164212,0.7636415685736919,2.234862823438699,True
