OpenROAD dcf36133a369abc8f3c5e5738cd4d82e4903c0e0 
Features included (+) or not (-): +GPU +GUI +Python
This program is licensed under the BSD-3 license. See the LICENSE file for details.
Components of this program may be licensed under more restrictive licenses which must be honored.
[INFO ODB-0388] unsupported LEF58_EOLENCLOSURE property for layer Via1 :"
  	EOLENCLOSURE 0.34 0.06 ;"
[INFO ODB-0388] unsupported LEF58_EOLENCLOSURE property for layer Via2 :" EOLENCLOSURE 0.34 0.06 ; "
[INFO ODB-0388] unsupported LEF58_EOLENCLOSURE property for layer Via3 :" EOLENCLOSURE 0.34 0.06 ; "
[INFO ODB-0388] unsupported LEF58_EOLENCLOSURE property for layer Via4 :" EOLENCLOSURE 0.34 0.06 ; "
[INFO ODB-0227] LEF file: /Users/kimmy/Projects/open-microled-driver-asic/build/layout/pdk/gf180mcuD/libs.ref/gf180mcu_fd_sc_mcu7t5v0/techlef/gf180mcu_fd_sc_mcu7t5v0__max.tlef, created 15 layers, 56 vias
[WARNING ODB-0220] WARNING (LEFPARS-2008): NOWIREEXTENSIONATPIN statement is obsolete in version 5.6 or later.
The NOWIREEXTENSIONATPIN statement will be ignored. See file /Users/kimmy/Projects/open-microled-driver-asic/build/layout/pdk/gf180mcuD/libs.ref/gf180mcu_fd_sc_mcu7t5v0/lef/gf180mcu_fd_sc_mcu7t5v0.lef at line 2.

[INFO ODB-0227] LEF file: /Users/kimmy/Projects/open-microled-driver-asic/build/layout/pdk/gf180mcuD/libs.ref/gf180mcu_fd_sc_mcu7t5v0/lef/gf180mcu_fd_sc_mcu7t5v0.lef, created 229 library cells
R2R_BEGIN_SETUP max_tt_025C_3v30
Startpoint: _153_ (rising edge-triggered flip-flop clocked by clk)
Endpoint: _152_ (rising edge-triggered flip-flop clocked by clk)
Path Group: clk
Path Type: max

Fanout         Cap        Slew       Delay        Time   Description
---------------------------------------------------------------------------------------------
                                  0.000000    0.000000   clock clk (rise edge)
                                  0.000000    0.000000   clock source latency
     1    0.030694    0.226755    0.113346    0.113346 ^ clk (in)
     4    0.097190    0.219144    0.417833    0.531179 ^ clkbuf_0_clk/Z (gf180mcu_fd_sc_mcu7t5v0__clkbuf_16)
     5    0.027281    0.127841    0.345442    0.876621 ^ clkbuf_2_1__f_clk/Z (gf180mcu_fd_sc_mcu7t5v0__clkbuf_16)
                      0.127841    0.000239    0.876860 ^ _153_/CLK (gf180mcu_fd_sc_mcu7t5v0__dffq_1)
     6    0.032444    0.816726    1.508095    2.384955 ^ _153_/Q (gf180mcu_fd_sc_mcu7t5v0__dffq_1)
     4    0.026527    0.717968    1.013056    3.398012 ^ _080_/Z (gf180mcu_fd_sc_mcu7t5v0__and3_1)
     3    0.018921    1.108380    0.965961    4.363972 ^ _108_/Z (gf180mcu_fd_sc_mcu7t5v0__xor2_1)
     1    0.009231    0.670440    0.574329    4.938301 v _109_/ZN (gf180mcu_fd_sc_mcu7t5v0__aoi221_1)
     1    0.005465    1.244393    0.788548    5.726849 ^ _114_/ZN (gf180mcu_fd_sc_mcu7t5v0__oai222_1)
     1    0.005922    0.230484    0.453612    6.180461 ^ wire13/Z (gf180mcu_fd_sc_mcu7t5v0__clkbuf_1)
     1    0.008283    0.468699    0.226543    6.407004 v _119_/ZN (gf180mcu_fd_sc_mcu7t5v0__aoi21_1)
     1    0.012682    0.828328    0.664651    7.071655 ^ _122_/ZN (gf180mcu_fd_sc_mcu7t5v0__oai211_1)
     1    0.003325    0.397555    0.177191    7.248846 v _123_/ZN (gf180mcu_fd_sc_mcu7t5v0__aoi21_1)
                      0.397555    0.000064    7.248910 v _152_/D (gf180mcu_fd_sc_mcu7t5v0__dffq_1)
                                              7.248910   data arrival time

                               1000.000000 1000.000000   clock clk (rise edge)
                                  0.000000 1000.000000   clock source latency
     1    0.030694    0.226755    0.102546 1000.102600 ^ clk (in)
     4    0.097190    0.219144    0.378009 1000.480591 ^ clkbuf_0_clk/Z (gf180mcu_fd_sc_mcu7t5v0__clkbuf_16)
     5    0.026388    0.126654    0.311161 1000.791748 ^ clkbuf_2_2__f_clk/Z (gf180mcu_fd_sc_mcu7t5v0__clkbuf_16)
                      0.126654    0.000227 1000.791992 ^ _152_/CLK (gf180mcu_fd_sc_mcu7t5v0__dffq_1)
                                 -0.250000 1000.541992   clock uncertainty
                                  0.050588 1000.592590   clock reconvergence pessimism
                                 -0.456936 1000.135681   library setup time
                                           1000.135681   data required time
---------------------------------------------------------------------------------------------
                                           1000.135681   data required time
                                             -7.248910   data arrival time
---------------------------------------------------------------------------------------------
                                            992.886780   slack (MET)


Startpoint: _153_ (rising edge-triggered flip-flop clocked by clk)
Endpoint: _162_ (rising edge-triggered flip-flop clocked by clk)
Path Group: clk
Path Type: max

Fanout         Cap        Slew       Delay        Time   Description
---------------------------------------------------------------------------------------------
                                  0.000000    0.000000   clock clk (rise edge)
                                  0.000000    0.000000   clock source latency
     1    0.030694    0.226755    0.113346    0.113346 ^ clk (in)
     4    0.097190    0.219144    0.417833    0.531179 ^ clkbuf_0_clk/Z (gf180mcu_fd_sc_mcu7t5v0__clkbuf_16)
     5    0.027281    0.127841    0.345442    0.876621 ^ clkbuf_2_1__f_clk/Z (gf180mcu_fd_sc_mcu7t5v0__clkbuf_16)
                      0.127841    0.000239    0.876860 ^ _153_/CLK (gf180mcu_fd_sc_mcu7t5v0__dffq_1)
     6    0.032444    0.816726    1.508095    2.384955 ^ _153_/Q (gf180mcu_fd_sc_mcu7t5v0__dffq_1)
     4    0.027627    0.772455    1.165439    3.550395 ^ _081_/Z (gf180mcu_fd_sc_mcu7t5v0__and4_1)
     2    0.015632    0.757287    0.581613    4.132008 v _084_/ZN (gf180mcu_fd_sc_mcu7t5v0__nand4_1)
     2    0.009345    0.382273    0.403256    4.535264 ^ _085_/ZN (gf180mcu_fd_sc_mcu7t5v0__clkinv_1)
     2    0.018390    0.513772    0.647765    5.183030 ^ _086_/Z (gf180mcu_fd_sc_mcu7t5v0__and2_1)
    10    0.061450    0.758810    0.713872    5.896902 ^ fanout14/Z (gf180mcu_fd_sc_mcu7t5v0__buf_2)
     1    0.005152    0.310997    0.271458    6.168359 v _134_/ZN (gf180mcu_fd_sc_mcu7t5v0__nor2_1)
     1    0.003468    0.723549    0.620728    6.789088 ^ _135_/ZN (gf180mcu_fd_sc_mcu7t5v0__aoi211_1)
                      0.723549    0.000039    6.789126 ^ _162_/D (gf180mcu_fd_sc_mcu7t5v0__dffq_1)
                                              6.789126   data arrival time

                               1000.000000 1000.000000   clock clk (rise edge)
                                  0.000000 1000.000000   clock source latency
     1    0.030694    0.226755    0.102546 1000.102600 ^ clk (in)
     4    0.097190    0.219144    0.378009 1000.480591 ^ clkbuf_0_clk/Z (gf180mcu_fd_sc_mcu7t5v0__clkbuf_16)
     5    0.023826    0.123243    0.308660 1000.789246 ^ clkbuf_2_0__f_clk/Z (gf180mcu_fd_sc_mcu7t5v0__clkbuf_16)
                      0.123243    0.000227 1000.789490 ^ _162_/CLK (gf180mcu_fd_sc_mcu7t5v0__dffq_1)
                                 -0.250000 1000.539490   clock uncertainty
                                  0.050588 1000.590088   clock reconvergence pessimism
                                 -0.439200 1000.150879   library setup time
                                           1000.150879   data required time
---------------------------------------------------------------------------------------------
                                           1000.150879   data required time
                                             -6.789126   data arrival time
---------------------------------------------------------------------------------------------
                                            993.361755   slack (MET)


Startpoint: _153_ (rising edge-triggered flip-flop clocked by clk)
Endpoint: _161_ (rising edge-triggered flip-flop clocked by clk)
Path Group: clk
Path Type: max

Fanout         Cap        Slew       Delay        Time   Description
---------------------------------------------------------------------------------------------
                                  0.000000    0.000000   clock clk (rise edge)
                                  0.000000    0.000000   clock source latency
     1    0.030694    0.226755    0.113346    0.113346 ^ clk (in)
     4    0.097190    0.219144    0.417833    0.531179 ^ clkbuf_0_clk/Z (gf180mcu_fd_sc_mcu7t5v0__clkbuf_16)
     5    0.027281    0.127841    0.345442    0.876621 ^ clkbuf_2_1__f_clk/Z (gf180mcu_fd_sc_mcu7t5v0__clkbuf_16)
                      0.127841    0.000239    0.876860 ^ _153_/CLK (gf180mcu_fd_sc_mcu7t5v0__dffq_1)
     6    0.032444    0.816726    1.508095    2.384955 ^ _153_/Q (gf180mcu_fd_sc_mcu7t5v0__dffq_1)
     4    0.027627    0.772455    1.165439    3.550395 ^ _081_/Z (gf180mcu_fd_sc_mcu7t5v0__and4_1)
     2    0.015632    0.757287    0.581613    4.132008 v _084_/ZN (gf180mcu_fd_sc_mcu7t5v0__nand4_1)
     2    0.009345    0.382273    0.403256    4.535264 ^ _085_/ZN (gf180mcu_fd_sc_mcu7t5v0__clkinv_1)
     2    0.018390    0.513772    0.647765    5.183030 ^ _086_/Z (gf180mcu_fd_sc_mcu7t5v0__and2_1)
    10    0.061450    0.758810    0.713872    5.896902 ^ fanout14/Z (gf180mcu_fd_sc_mcu7t5v0__buf_2)
     1    0.004435    0.298841    0.258038    6.154939 v _132_/ZN (gf180mcu_fd_sc_mcu7t5v0__nor2_1)
     1    0.002952    0.689929    0.597381    6.752320 ^ _133_/ZN (gf180mcu_fd_sc_mcu7t5v0__aoi211_1)
                      0.689929    0.000031    6.752351 ^ _161_/D (gf180mcu_fd_sc_mcu7t5v0__dffq_1)
                                              6.752351   data arrival time

                               1000.000000 1000.000000   clock clk (rise edge)
                                  0.000000 1000.000000   clock source latency
     1    0.030694    0.226755    0.102546 1000.102600 ^ clk (in)
     4    0.097190    0.219144    0.378009 1000.480591 ^ clkbuf_0_clk/Z (gf180mcu_fd_sc_mcu7t5v0__clkbuf_16)
     5    0.023826    0.123243    0.308660 1000.789246 ^ clkbuf_2_0__f_clk/Z (gf180mcu_fd_sc_mcu7t5v0__clkbuf_16)
                      0.123243    0.000227 1000.789490 ^ _161_/CLK (gf180mcu_fd_sc_mcu7t5v0__dffq_1)
                                 -0.250000 1000.539490   clock uncertainty
                                  0.050588 1000.590088   clock reconvergence pessimism
                                 -0.438117 1000.151917   library setup time
                                           1000.151917   data required time
---------------------------------------------------------------------------------------------
                                           1000.151917   data required time
                                             -6.752351   data arrival time
---------------------------------------------------------------------------------------------
                                            993.399597   slack (MET)


Startpoint: _153_ (rising edge-triggered flip-flop clocked by clk)
Endpoint: _164_ (rising edge-triggered flip-flop clocked by clk)
Path Group: clk
Path Type: max

Fanout         Cap        Slew       Delay        Time   Description
---------------------------------------------------------------------------------------------
                                  0.000000    0.000000   clock clk (rise edge)
                                  0.000000    0.000000   clock source latency
     1    0.030694    0.226755    0.113346    0.113346 ^ clk (in)
     4    0.097190    0.219144    0.417833    0.531179 ^ clkbuf_0_clk/Z (gf180mcu_fd_sc_mcu7t5v0__clkbuf_16)
     5    0.027281    0.127841    0.345442    0.876621 ^ clkbuf_2_1__f_clk/Z (gf180mcu_fd_sc_mcu7t5v0__clkbuf_16)
                      0.127841    0.000239    0.876860 ^ _153_/CLK (gf180mcu_fd_sc_mcu7t5v0__dffq_1)
     6    0.032444    0.816726    1.508095    2.384955 ^ _153_/Q (gf180mcu_fd_sc_mcu7t5v0__dffq_1)
     4    0.027627    0.772455    1.165439    3.550395 ^ _081_/Z (gf180mcu_fd_sc_mcu7t5v0__and4_1)
     2    0.015632    0.757287    0.581613    4.132008 v _084_/ZN (gf180mcu_fd_sc_mcu7t5v0__nand4_1)
     2    0.009345    0.382273    0.403256    4.535264 ^ _085_/ZN (gf180mcu_fd_sc_mcu7t5v0__clkinv_1)
     2    0.018390    0.513772    0.647765    5.183030 ^ _086_/Z (gf180mcu_fd_sc_mcu7t5v0__and2_1)
    10    0.061450    0.758810    0.713872    5.896902 ^ fanout14/Z (gf180mcu_fd_sc_mcu7t5v0__buf_2)
     1    0.006897    0.376946    0.320677    6.217579 v _138_/ZN (gf180mcu_fd_sc_mcu7t5v0__oai21_1)
     1    0.002724    0.410823    0.418224    6.635803 ^ _139_/ZN (gf180mcu_fd_sc_mcu7t5v0__aoi21_1)
                      0.410823    0.000027    6.635830 ^ _164_/D (gf180mcu_fd_sc_mcu7t5v0__dffq_1)
                                              6.635830   data arrival time

                               1000.000000 1000.000000   clock clk (rise edge)
                                  0.000000 1000.000000   clock source latency
     1    0.030694    0.226755    0.102546 1000.102600 ^ clk (in)
     4    0.097190    0.219144    0.378009 1000.480591 ^ clkbuf_0_clk/Z (gf180mcu_fd_sc_mcu7t5v0__clkbuf_16)
     5    0.023826    0.123243    0.308660 1000.789246 ^ clkbuf_2_0__f_clk/Z (gf180mcu_fd_sc_mcu7t5v0__clkbuf_16)
                      0.123243    0.000114 1000.789368 ^ _164_/CLK (gf180mcu_fd_sc_mcu7t5v0__dffq_1)
                                 -0.250000 1000.539368   clock uncertainty
                                  0.050588 1000.589966   clock reconvergence pessimism
                                 -0.408435 1000.181458   library setup time
                                           1000.181458   data required time
---------------------------------------------------------------------------------------------
                                           1000.181458   data required time
                                             -6.635830   data arrival time
---------------------------------------------------------------------------------------------
                                            993.545654   slack (MET)


Startpoint: _153_ (rising edge-triggered flip-flop clocked by clk)
Endpoint: _167_ (rising edge-triggered flip-flop clocked by clk)
Path Group: clk
Path Type: max

Fanout         Cap        Slew       Delay        Time   Description
---------------------------------------------------------------------------------------------
                                  0.000000    0.000000   clock clk (rise edge)
                                  0.000000    0.000000   clock source latency
     1    0.030694    0.226755    0.113346    0.113346 ^ clk (in)
     4    0.097190    0.219144    0.417833    0.531179 ^ clkbuf_0_clk/Z (gf180mcu_fd_sc_mcu7t5v0__clkbuf_16)
     5    0.027281    0.127841    0.345442    0.876621 ^ clkbuf_2_1__f_clk/Z (gf180mcu_fd_sc_mcu7t5v0__clkbuf_16)
                      0.127841    0.000239    0.876860 ^ _153_/CLK (gf180mcu_fd_sc_mcu7t5v0__dffq_1)
     6    0.032444    0.816726    1.508095    2.384955 ^ _153_/Q (gf180mcu_fd_sc_mcu7t5v0__dffq_1)
     4    0.027627    0.772455    1.165439    3.550395 ^ _081_/Z (gf180mcu_fd_sc_mcu7t5v0__and4_1)
     2    0.015632    0.757287    0.581613    4.132008 v _084_/ZN (gf180mcu_fd_sc_mcu7t5v0__nand4_1)
     2    0.009345    0.382273    0.403256    4.535264 ^ _085_/ZN (gf180mcu_fd_sc_mcu7t5v0__clkinv_1)
     5    0.035296    0.767733    0.573495    5.108759 v _087_/ZN (gf180mcu_fd_sc_mcu7t5v0__nand2_1)
     3    0.018120    0.996029    0.803212    5.911972 ^ _144_/ZN (gf180mcu_fd_sc_mcu7t5v0__nor2_1)
     1    0.005121    0.477858    0.383195    6.295166 v _145_/ZN (gf180mcu_fd_sc_mcu7t5v0__aoi22_1)
     1    0.003088    0.340513    0.332594    6.627760 ^ _146_/ZN (gf180mcu_fd_sc_mcu7t5v0__nor2_1)
                      0.340513    0.000032    6.627792 ^ _167_/D (gf180mcu_fd_sc_mcu7t5v0__dffq_1)
                                              6.627792   data arrival time

                               1000.000000 1000.000000   clock clk (rise edge)
                                  0.000000 1000.000000   clock source latency
     1    0.030694    0.226755    0.102546 1000.102600 ^ clk (in)
     4    0.097190    0.219144    0.378009 1000.480591 ^ clkbuf_0_clk/Z (gf180mcu_fd_sc_mcu7t5v0__clkbuf_16)
     5    0.026388    0.126654    0.311161 1000.791748 ^ clkbuf_2_2__f_clk/Z (gf180mcu_fd_sc_mcu7t5v0__clkbuf_16)
                      0.126654    0.000341 1000.792053 ^ _167_/CLK (gf180mcu_fd_sc_mcu7t5v0__dffq_1)
                                 -0.250000 1000.542114   clock uncertainty
                                  0.050588 1000.592651   clock reconvergence pessimism
                                 -0.399855 1000.192810   library setup time
                                           1000.192810   data required time
---------------------------------------------------------------------------------------------
                                           1000.192810   data required time
                                             -6.627792   data arrival time
---------------------------------------------------------------------------------------------
                                            993.565002   slack (MET)


Startpoint: _153_ (rising edge-triggered flip-flop clocked by clk)
Endpoint: _163_ (rising edge-triggered flip-flop clocked by clk)
Path Group: clk
Path Type: max

Fanout         Cap        Slew       Delay        Time   Description
---------------------------------------------------------------------------------------------
                                  0.000000    0.000000   clock clk (rise edge)
                                  0.000000    0.000000   clock source latency
     1    0.030694    0.226755    0.113346    0.113346 ^ clk (in)
     4    0.097190    0.219144    0.417833    0.531179 ^ clkbuf_0_clk/Z (gf180mcu_fd_sc_mcu7t5v0__clkbuf_16)
     5    0.027281    0.127841    0.345442    0.876621 ^ clkbuf_2_1__f_clk/Z (gf180mcu_fd_sc_mcu7t5v0__clkbuf_16)
                      0.127841    0.000239    0.876860 ^ _153_/CLK (gf180mcu_fd_sc_mcu7t5v0__dffq_1)
     6    0.032444    0.816726    1.508095    2.384955 ^ _153_/Q (gf180mcu_fd_sc_mcu7t5v0__dffq_1)
     4    0.027627    0.772455    1.165439    3.550395 ^ _081_/Z (gf180mcu_fd_sc_mcu7t5v0__and4_1)
     2    0.015632    0.757287    0.581613    4.132008 v _084_/ZN (gf180mcu_fd_sc_mcu7t5v0__nand4_1)
     2    0.009345    0.382273    0.403256    4.535264 ^ _085_/ZN (gf180mcu_fd_sc_mcu7t5v0__clkinv_1)
     2    0.018390    0.513772    0.647765    5.183030 ^ _086_/Z (gf180mcu_fd_sc_mcu7t5v0__and2_1)
    10    0.061450    0.758810    0.713872    5.896902 ^ fanout14/Z (gf180mcu_fd_sc_mcu7t5v0__buf_2)
     1    0.004985    0.340783    0.286277    6.183179 v _136_/ZN (gf180mcu_fd_sc_mcu7t5v0__oai21_1)
     1    0.003293    0.428671    0.426847    6.610026 ^ _137_/ZN (gf180mcu_fd_sc_mcu7t5v0__aoi21_1)
                      0.428671    0.000037    6.610064 ^ _163_/D (gf180mcu_fd_sc_mcu7t5v0__dffq_1)
                                              6.610064   data arrival time

                               1000.000000 1000.000000   clock clk (rise edge)
                                  0.000000 1000.000000   clock source latency
     1    0.030694    0.226755    0.102546 1000.102600 ^ clk (in)
     4    0.097190    0.219144    0.378009 1000.480591 ^ clkbuf_0_clk/Z (gf180mcu_fd_sc_mcu7t5v0__clkbuf_16)
     5    0.023826    0.123243    0.308660 1000.789246 ^ clkbuf_2_0__f_clk/Z (gf180mcu_fd_sc_mcu7t5v0__clkbuf_16)
                      0.123243    0.000114 1000.789368 ^ _163_/CLK (gf180mcu_fd_sc_mcu7t5v0__dffq_1)
                                 -0.250000 1000.539368   clock uncertainty
                                  0.050588 1000.589966   clock reconvergence pessimism
                                 -0.410361 1000.179565   library setup time
                                           1000.179565   data required time
---------------------------------------------------------------------------------------------
                                           1000.179565   data required time
                                             -6.610064   data arrival time
---------------------------------------------------------------------------------------------
                                            993.569458   slack (MET)


Startpoint: _153_ (rising edge-triggered flip-flop clocked by clk)
Endpoint: _165_ (rising edge-triggered flip-flop clocked by clk)
Path Group: clk
Path Type: max

Fanout         Cap        Slew       Delay        Time   Description
---------------------------------------------------------------------------------------------
                                  0.000000    0.000000   clock clk (rise edge)
                                  0.000000    0.000000   clock source latency
     1    0.030694    0.226755    0.113346    0.113346 ^ clk (in)
     4    0.097190    0.219144    0.417833    0.531179 ^ clkbuf_0_clk/Z (gf180mcu_fd_sc_mcu7t5v0__clkbuf_16)
     5    0.027281    0.127841    0.345442    0.876621 ^ clkbuf_2_1__f_clk/Z (gf180mcu_fd_sc_mcu7t5v0__clkbuf_16)
                      0.127841    0.000239    0.876860 ^ _153_/CLK (gf180mcu_fd_sc_mcu7t5v0__dffq_1)
     6    0.032444    0.816726    1.508095    2.384955 ^ _153_/Q (gf180mcu_fd_sc_mcu7t5v0__dffq_1)
     4    0.027627    0.772455    1.165439    3.550395 ^ _081_/Z (gf180mcu_fd_sc_mcu7t5v0__and4_1)
     2    0.015632    0.757287    0.581613    4.132008 v _084_/ZN (gf180mcu_fd_sc_mcu7t5v0__nand4_1)
     2    0.009345    0.382273    0.403256    4.535264 ^ _085_/ZN (gf180mcu_fd_sc_mcu7t5v0__clkinv_1)
     2    0.018390    0.513772    0.647765    5.183030 ^ _086_/Z (gf180mcu_fd_sc_mcu7t5v0__and2_1)
    10    0.061450    0.758810    0.713872    5.896902 ^ fanout14/Z (gf180mcu_fd_sc_mcu7t5v0__buf_2)
     1    0.006401    0.368014    0.311340    6.208241 v _140_/ZN (gf180mcu_fd_sc_mcu7t5v0__oai21_1)
     1    0.003394    0.440483    0.435036    6.643277 ^ _141_/ZN (gf180mcu_fd_sc_mcu7t5v0__aoi21_1)
                      0.440483    0.000068    6.643345 ^ _165_/D (gf180mcu_fd_sc_mcu7t5v0__dffq_1)
                                              6.643345   data arrival time

                               1000.000000 1000.000000   clock clk (rise edge)
                                  0.000000 1000.000000   clock source latency
     1    0.030694    0.226755    0.102546 1000.102600 ^ clk (in)
     4    0.097190    0.219144    0.378009 1000.480591 ^ clkbuf_0_clk/Z (gf180mcu_fd_sc_mcu7t5v0__clkbuf_16)
     5    0.027281    0.127841    0.312525 1000.793091 ^ clkbuf_2_1__f_clk/Z (gf180mcu_fd_sc_mcu7t5v0__clkbuf_16)
                      0.127841    0.000341 1000.793457 ^ _165_/CLK (gf180mcu_fd_sc_mcu7t5v0__dffq_1)
                                 -0.250000 1000.543457   clock uncertainty
                                  0.083488 1000.626892   clock reconvergence pessimism
                                 -0.410321 1000.216614   library setup time
                                           1000.216614   data required time
---------------------------------------------------------------------------------------------
                                           1000.216614   data required time
                                             -6.643345   data arrival time
---------------------------------------------------------------------------------------------
                                            993.573303   slack (MET)


Startpoint: _153_ (rising edge-triggered flip-flop clocked by clk)
Endpoint: _168_ (rising edge-triggered flip-flop clocked by clk)
Path Group: clk
Path Type: max

Fanout         Cap        Slew       Delay        Time   Description
---------------------------------------------------------------------------------------------
                                  0.000000    0.000000   clock clk (rise edge)
                                  0.000000    0.000000   clock source latency
     1    0.030694    0.226755    0.113346    0.113346 ^ clk (in)
     4    0.097190    0.219144    0.417833    0.531179 ^ clkbuf_0_clk/Z (gf180mcu_fd_sc_mcu7t5v0__clkbuf_16)
     5    0.027281    0.127841    0.345442    0.876621 ^ clkbuf_2_1__f_clk/Z (gf180mcu_fd_sc_mcu7t5v0__clkbuf_16)
                      0.127841    0.000239    0.876860 ^ _153_/CLK (gf180mcu_fd_sc_mcu7t5v0__dffq_1)
     6    0.032444    0.816726    1.508095    2.384955 ^ _153_/Q (gf180mcu_fd_sc_mcu7t5v0__dffq_1)
     4    0.027627    0.772455    1.165439    3.550395 ^ _081_/Z (gf180mcu_fd_sc_mcu7t5v0__and4_1)
     2    0.015632    0.757287    0.581613    4.132008 v _084_/ZN (gf180mcu_fd_sc_mcu7t5v0__nand4_1)
     2    0.009345    0.382273    0.403256    4.535264 ^ _085_/ZN (gf180mcu_fd_sc_mcu7t5v0__clkinv_1)
     5    0.035296    0.767733    0.573495    5.108759 v _087_/ZN (gf180mcu_fd_sc_mcu7t5v0__nand2_1)
     3    0.018120    0.996029    0.803212    5.911972 ^ _144_/ZN (gf180mcu_fd_sc_mcu7t5v0__nor2_1)
     1    0.004679    0.471853    0.375120    6.287091 v _147_/ZN (gf180mcu_fd_sc_mcu7t5v0__aoi22_1)
     1    0.002660    0.321978    0.319352    6.606443 ^ _148_/ZN (gf180mcu_fd_sc_mcu7t5v0__nor2_1)
                      0.321978    0.000026    6.606469 ^ _168_/D (gf180mcu_fd_sc_mcu7t5v0__dffq_1)
                                              6.606469   data arrival time

                               1000.000000 1000.000000   clock clk (rise edge)
                                  0.000000 1000.000000   clock source latency
     1    0.030694    0.226755    0.102546 1000.102600 ^ clk (in)
     4    0.097190    0.219144    0.378009 1000.480591 ^ clkbuf_0_clk/Z (gf180mcu_fd_sc_mcu7t5v0__clkbuf_16)
     5    0.026388    0.126654    0.311161 1000.791748 ^ clkbuf_2_2__f_clk/Z (gf180mcu_fd_sc_mcu7t5v0__clkbuf_16)
                      0.126654    0.000455 1000.792175 ^ _168_/CLK (gf180mcu_fd_sc_mcu7t5v0__dffq_1)
                                 -0.250000 1000.542175   clock uncertainty
                                  0.050588 1000.592773   clock reconvergence pessimism
                                 -0.397851 1000.194885   library setup time
                                           1000.194885   data required time
---------------------------------------------------------------------------------------------
                                           1000.194885   data required time
                                             -6.606469   data arrival time
---------------------------------------------------------------------------------------------
                                            993.588440   slack (MET)


Startpoint: _153_ (rising edge-triggered flip-flop clocked by clk)
Endpoint: _166_ (rising edge-triggered flip-flop clocked by clk)
Path Group: clk
Path Type: max

Fanout         Cap        Slew       Delay        Time   Description
---------------------------------------------------------------------------------------------
                                  0.000000    0.000000   clock clk (rise edge)
                                  0.000000    0.000000   clock source latency
     1    0.030694    0.226755    0.113346    0.113346 ^ clk (in)
     4    0.097190    0.219144    0.417833    0.531179 ^ clkbuf_0_clk/Z (gf180mcu_fd_sc_mcu7t5v0__clkbuf_16)
     5    0.027281    0.127841    0.345442    0.876621 ^ clkbuf_2_1__f_clk/Z (gf180mcu_fd_sc_mcu7t5v0__clkbuf_16)
                      0.127841    0.000239    0.876860 ^ _153_/CLK (gf180mcu_fd_sc_mcu7t5v0__dffq_1)
     6    0.032444    0.816726    1.508095    2.384955 ^ _153_/Q (gf180mcu_fd_sc_mcu7t5v0__dffq_1)
     4    0.027627    0.772455    1.165439    3.550395 ^ _081_/Z (gf180mcu_fd_sc_mcu7t5v0__and4_1)
     2    0.015632    0.757287    0.581613    4.132008 v _084_/ZN (gf180mcu_fd_sc_mcu7t5v0__nand4_1)
     2    0.009345    0.382273    0.403256    4.535264 ^ _085_/ZN (gf180mcu_fd_sc_mcu7t5v0__clkinv_1)
     2    0.018390    0.513772    0.647765    5.183030 ^ _086_/Z (gf180mcu_fd_sc_mcu7t5v0__and2_1)
     5    0.036415    0.473268    0.537152    5.720181 ^ fanout15/Z (gf180mcu_fd_sc_mcu7t5v0__buf_2)
     1    0.005209    0.247455    0.237939    5.958120 v _142_/ZN (gf180mcu_fd_sc_mcu7t5v0__nor2_1)
     1    0.003331    0.714627    0.602714    6.560835 ^ _143_/ZN (gf180mcu_fd_sc_mcu7t5v0__aoi211_1)
                      0.714627    0.000038    6.560873 ^ _166_/D (gf180mcu_fd_sc_mcu7t5v0__dffq_1)
                                              6.560873   data arrival time

                               1000.000000 1000.000000   clock clk (rise edge)
                                  0.000000 1000.000000   clock source latency
     1    0.030694    0.226755    0.102546 1000.102600 ^ clk (in)
     4    0.097190    0.219144    0.378009 1000.480591 ^ clkbuf_0_clk/Z (gf180mcu_fd_sc_mcu7t5v0__clkbuf_16)
     5    0.027281    0.127841    0.312525 1000.793091 ^ clkbuf_2_1__f_clk/Z (gf180mcu_fd_sc_mcu7t5v0__clkbuf_16)
                      0.127841    0.000341 1000.793457 ^ _166_/CLK (gf180mcu_fd_sc_mcu7t5v0__dffq_1)
                                 -0.250000 1000.543457   clock uncertainty
                                  0.083488 1000.626892   clock reconvergence pessimism
                                 -0.437646 1000.189209   library setup time
                                           1000.189209   data required time
---------------------------------------------------------------------------------------------
                                           1000.189209   data required time
                                             -6.560873   data arrival time
---------------------------------------------------------------------------------------------
                                            993.628357   slack (MET)


Startpoint: _153_ (rising edge-triggered flip-flop clocked by clk)
Endpoint: _169_ (rising edge-triggered flip-flop clocked by clk)
Path Group: clk
Path Type: max

Fanout         Cap        Slew       Delay        Time   Description
---------------------------------------------------------------------------------------------
                                  0.000000    0.000000   clock clk (rise edge)
                                  0.000000    0.000000   clock source latency
     1    0.030694    0.226755    0.113346    0.113346 ^ clk (in)
     4    0.097190    0.219144    0.417833    0.531179 ^ clkbuf_0_clk/Z (gf180mcu_fd_sc_mcu7t5v0__clkbuf_16)
     5    0.027281    0.127841    0.345442    0.876621 ^ clkbuf_2_1__f_clk/Z (gf180mcu_fd_sc_mcu7t5v0__clkbuf_16)
                      0.127841    0.000239    0.876860 ^ _153_/CLK (gf180mcu_fd_sc_mcu7t5v0__dffq_1)
     6    0.032444    0.816726    1.508095    2.384955 ^ _153_/Q (gf180mcu_fd_sc_mcu7t5v0__dffq_1)
     4    0.027627    0.772455    1.165439    3.550395 ^ _081_/Z (gf180mcu_fd_sc_mcu7t5v0__and4_1)
     2    0.015632    0.757287    0.581613    4.132008 v _084_/ZN (gf180mcu_fd_sc_mcu7t5v0__nand4_1)
     2    0.009345    0.382273    0.403256    4.535264 ^ _085_/ZN (gf180mcu_fd_sc_mcu7t5v0__clkinv_1)
     2    0.018390    0.513772    0.647765    5.183030 ^ _086_/Z (gf180mcu_fd_sc_mcu7t5v0__and2_1)
     5    0.036415    0.473268    0.537152    5.720181 ^ fanout15/Z (gf180mcu_fd_sc_mcu7t5v0__buf_2)
     1    0.005099    0.283465    0.254226    5.974408 v _149_/ZN (gf180mcu_fd_sc_mcu7t5v0__oai21_1)
     1    0.002843    0.343678    0.291171    6.265579 ^ _150_/ZN (gf180mcu_fd_sc_mcu7t5v0__nor2_1)
                      0.343678    0.000029    6.265608 ^ _169_/D (gf180mcu_fd_sc_mcu7t5v0__dffq_1)
                                              6.265608   data arrival time

                               1000.000000 1000.000000   clock clk (rise edge)
                                  0.000000 1000.000000   clock source latency
     1    0.030694    0.226755    0.102546 1000.102600 ^ clk (in)
     4    0.097190    0.219144    0.378009 1000.480591 ^ clkbuf_0_clk/Z (gf180mcu_fd_sc_mcu7t5v0__clkbuf_16)
     5    0.026388    0.126654    0.311161 1000.791748 ^ clkbuf_2_2__f_clk/Z (gf180mcu_fd_sc_mcu7t5v0__clkbuf_16)
                      0.126654    0.000455 1000.792175 ^ _169_/CLK (gf180mcu_fd_sc_mcu7t5v0__dffq_1)
                                 -0.250000 1000.542175   clock uncertainty
                                  0.050588 1000.592773   clock reconvergence pessimism
                                 -0.400197 1000.192627   library setup time
                                           1000.192627   data required time
---------------------------------------------------------------------------------------------
                                           1000.192627   data required time
                                             -6.265608   data arrival time
---------------------------------------------------------------------------------------------
                                            993.927002   slack (MET)


Startpoint: _153_ (rising edge-triggered flip-flop clocked by clk)
Endpoint: _170_ (rising edge-triggered flip-flop clocked by clk)
Path Group: clk
Path Type: max

Fanout         Cap        Slew       Delay        Time   Description
---------------------------------------------------------------------------------------------
                                  0.000000    0.000000   clock clk (rise edge)
                                  0.000000    0.000000   clock source latency
     1    0.030694    0.226755    0.113346    0.113346 ^ clk (in)
     4    0.097190    0.219144    0.417833    0.531179 ^ clkbuf_0_clk/Z (gf180mcu_fd_sc_mcu7t5v0__clkbuf_16)
     5    0.027281    0.127841    0.345442    0.876621 ^ clkbuf_2_1__f_clk/Z (gf180mcu_fd_sc_mcu7t5v0__clkbuf_16)
                      0.127841    0.000239    0.876860 ^ _153_/CLK (gf180mcu_fd_sc_mcu7t5v0__dffq_1)
     6    0.032444    0.816726    1.508095    2.384955 ^ _153_/Q (gf180mcu_fd_sc_mcu7t5v0__dffq_1)
     4    0.027627    0.772455    1.165439    3.550395 ^ _081_/Z (gf180mcu_fd_sc_mcu7t5v0__and4_1)
     2    0.015632    0.757287    0.581613    4.132008 v _084_/ZN (gf180mcu_fd_sc_mcu7t5v0__nand4_1)
     2    0.009345    0.382273    0.403256    4.535264 ^ _085_/ZN (gf180mcu_fd_sc_mcu7t5v0__clkinv_1)
     2    0.018390    0.513772    0.647765    5.183030 ^ _086_/Z (gf180mcu_fd_sc_mcu7t5v0__and2_1)
     5    0.036415    0.473268    0.537152    5.720181 ^ fanout15/Z (gf180mcu_fd_sc_mcu7t5v0__buf_2)
     1    0.006207    0.241454    0.208027    5.928209 v _088_/ZN (gf180mcu_fd_sc_mcu7t5v0__nand2_1)
     1    0.002752    0.417498    0.266816    6.195025 ^ _151_/ZN (gf180mcu_fd_sc_mcu7t5v0__aoi21_1)
                      0.417498    0.000028    6.195053 ^ _170_/D (gf180mcu_fd_sc_mcu7t5v0__dffq_1)
                                              6.195053   data arrival time

                               1000.000000 1000.000000   clock clk (rise edge)
                                  0.000000 1000.000000   clock source latency
     1    0.030694    0.226755    0.102546 1000.102600 ^ clk (in)
     4    0.097190    0.219144    0.378009 1000.480591 ^ clkbuf_0_clk/Z (gf180mcu_fd_sc_mcu7t5v0__clkbuf_16)
     5    0.026388    0.126654    0.311161 1000.791748 ^ clkbuf_2_2__f_clk/Z (gf180mcu_fd_sc_mcu7t5v0__clkbuf_16)
                      0.126654    0.000227 1000.791992 ^ _170_/CLK (gf180mcu_fd_sc_mcu7t5v0__dffq_1)
                                 -0.250000 1000.541992   clock uncertainty
                                  0.050588 1000.592590   clock reconvergence pessimism
                                 -0.408176 1000.184448   library setup time
                                           1000.184448   data required time
---------------------------------------------------------------------------------------------
                                           1000.184448   data required time
                                             -6.195053   data arrival time
---------------------------------------------------------------------------------------------
                                            993.989380   slack (MET)


Startpoint: _153_ (rising edge-triggered flip-flop clocked by clk)
Endpoint: _160_ (rising edge-triggered flip-flop clocked by clk)
Path Group: clk
Path Type: max

Fanout         Cap        Slew       Delay        Time   Description
---------------------------------------------------------------------------------------------
                                  0.000000    0.000000   clock clk (rise edge)
                                  0.000000    0.000000   clock source latency
     1    0.030694    0.226755    0.113346    0.113346 ^ clk (in)
     4    0.097190    0.219144    0.417833    0.531179 ^ clkbuf_0_clk/Z (gf180mcu_fd_sc_mcu7t5v0__clkbuf_16)
     5    0.027281    0.127841    0.345442    0.876621 ^ clkbuf_2_1__f_clk/Z (gf180mcu_fd_sc_mcu7t5v0__clkbuf_16)
                      0.127841    0.000239    0.876860 ^ _153_/CLK (gf180mcu_fd_sc_mcu7t5v0__dffq_1)
     6    0.032444    0.816726    1.508095    2.384955 ^ _153_/Q (gf180mcu_fd_sc_mcu7t5v0__dffq_1)
     4    0.027627    0.772455    1.165439    3.550395 ^ _081_/Z (gf180mcu_fd_sc_mcu7t5v0__and4_1)
     2    0.015632    0.757287    0.581613    4.132008 v _084_/ZN (gf180mcu_fd_sc_mcu7t5v0__nand4_1)
     3    0.018114    0.512538    1.030723    5.162731 v _117_/Z (gf180mcu_fd_sc_mcu7t5v0__xor2_1)
     1    0.003025    0.270098    0.307149    5.469880 ^ _131_/ZN (gf180mcu_fd_sc_mcu7t5v0__nand2_1)
                      0.270098    0.000032    5.469912 ^ _160_/D (gf180mcu_fd_sc_mcu7t5v0__dffq_1)
                                              5.469912   data arrival time

                               1000.000000 1000.000000   clock clk (rise edge)
                                  0.000000 1000.000000   clock source latency
     1    0.030694    0.226755    0.102546 1000.102600 ^ clk (in)
     4    0.097190    0.219144    0.378009 1000.480591 ^ clkbuf_0_clk/Z (gf180mcu_fd_sc_mcu7t5v0__clkbuf_16)
     5    0.026711    0.127084    0.311616 1000.792175 ^ clkbuf_2_3__f_clk/Z (gf180mcu_fd_sc_mcu7t5v0__clkbuf_16)
                      0.127084    0.000227 1000.792419 ^ _160_/CLK (gf180mcu_fd_sc_mcu7t5v0__dffq_1)
                                 -0.250000 1000.542419   clock uncertainty
                                  0.050588 1000.593018   clock reconvergence pessimism
                                 -0.390400 1000.202637   library setup time
                                           1000.202637   data required time
---------------------------------------------------------------------------------------------
                                           1000.202637   data required time
                                             -5.469912   data arrival time
---------------------------------------------------------------------------------------------
                                            994.732666   slack (MET)


Startpoint: _153_ (rising edge-triggered flip-flop clocked by clk)
Endpoint: _159_ (rising edge-triggered flip-flop clocked by clk)
Path Group: clk
Path Type: max

Fanout         Cap        Slew       Delay        Time   Description
---------------------------------------------------------------------------------------------
                                  0.000000    0.000000   clock clk (rise edge)
                                  0.000000    0.000000   clock source latency
     1    0.030694    0.226755    0.113346    0.113346 ^ clk (in)
     4    0.097190    0.219144    0.417833    0.531179 ^ clkbuf_0_clk/Z (gf180mcu_fd_sc_mcu7t5v0__clkbuf_16)
     5    0.027281    0.127841    0.345442    0.876621 ^ clkbuf_2_1__f_clk/Z (gf180mcu_fd_sc_mcu7t5v0__clkbuf_16)
                      0.127841    0.000239    0.876860 ^ _153_/CLK (gf180mcu_fd_sc_mcu7t5v0__dffq_1)
     6    0.032444    0.816726    1.508095    2.384955 ^ _153_/Q (gf180mcu_fd_sc_mcu7t5v0__dffq_1)
     4    0.027627    0.772455    1.165439    3.550395 ^ _081_/Z (gf180mcu_fd_sc_mcu7t5v0__and4_1)
     1    0.008290    0.428136    0.332124    3.882519 v _083_/ZN (gf180mcu_fd_sc_mcu7t5v0__nand3_1)
     3    0.018984    0.477354    0.922296    4.804814 v _115_/Z (gf180mcu_fd_sc_mcu7t5v0__xor2_1)
     1    0.003096    0.264662    0.298403    5.103217 ^ _130_/ZN (gf180mcu_fd_sc_mcu7t5v0__nand2_1)
                      0.264662    0.000033    5.103250 ^ _159_/D (gf180mcu_fd_sc_mcu7t5v0__dffq_1)
                                              5.103250   data arrival time

                               1000.000000 1000.000000   clock clk (rise edge)
                                  0.000000 1000.000000   clock source latency
     1    0.030694    0.226755    0.102546 1000.102600 ^ clk (in)
     4    0.097190    0.219144    0.378009 1000.480591 ^ clkbuf_0_clk/Z (gf180mcu_fd_sc_mcu7t5v0__clkbuf_16)
     5    0.026711    0.127084    0.311616 1000.792175 ^ clkbuf_2_3__f_clk/Z (gf180mcu_fd_sc_mcu7t5v0__clkbuf_16)
                      0.127084    0.000000 1000.792175 ^ _159_/CLK (gf180mcu_fd_sc_mcu7t5v0__dffq_1)
                                 -0.250000 1000.542175   clock uncertainty
                                  0.050588 1000.592773   clock reconvergence pessimism
                                 -0.389264 1000.203552   library setup time
                                           1000.203552   data required time
---------------------------------------------------------------------------------------------
                                           1000.203552   data required time
                                             -5.103250   data arrival time
---------------------------------------------------------------------------------------------
                                            995.100220   slack (MET)


Startpoint: _153_ (rising edge-triggered flip-flop clocked by clk)
Endpoint: _157_ (rising edge-triggered flip-flop clocked by clk)
Path Group: clk
Path Type: max

Fanout         Cap        Slew       Delay        Time   Description
---------------------------------------------------------------------------------------------
                                  0.000000    0.000000   clock clk (rise edge)
                                  0.000000    0.000000   clock source latency
     1    0.030694    0.226755    0.113346    0.113346 ^ clk (in)
     4    0.097190    0.219144    0.417833    0.531179 ^ clkbuf_0_clk/Z (gf180mcu_fd_sc_mcu7t5v0__clkbuf_16)
     5    0.027281    0.127841    0.345442    0.876621 ^ clkbuf_2_1__f_clk/Z (gf180mcu_fd_sc_mcu7t5v0__clkbuf_16)
                      0.127841    0.000239    0.876860 ^ _153_/CLK (gf180mcu_fd_sc_mcu7t5v0__dffq_1)
     6    0.032444    0.816726    1.508095    2.384955 ^ _153_/Q (gf180mcu_fd_sc_mcu7t5v0__dffq_1)
     4    0.027627    0.772455    1.165439    3.550395 ^ _081_/Z (gf180mcu_fd_sc_mcu7t5v0__and4_1)
     2    0.013377    0.870566    0.817483    4.367877 ^ _110_/Z (gf180mcu_fd_sc_mcu7t5v0__xor2_1)
     2    0.010448    0.411944    0.347696    4.715573 v _111_/ZN (gf180mcu_fd_sc_mcu7t5v0__clkinv_1)
     1    0.003016    0.248627    0.277924    4.993497 ^ _128_/ZN (gf180mcu_fd_sc_mcu7t5v0__nand2_1)
                      0.248627    0.000032    4.993530 ^ _157_/D (gf180mcu_fd_sc_mcu7t5v0__dffq_1)
                                              4.993530   data arrival time

                               1000.000000 1000.000000   clock clk (rise edge)
                                  0.000000 1000.000000   clock source latency
     1    0.030694    0.226755    0.102546 1000.102600 ^ clk (in)
     4    0.097190    0.219144    0.378009 1000.480591 ^ clkbuf_0_clk/Z (gf180mcu_fd_sc_mcu7t5v0__clkbuf_16)
     5    0.026711    0.127084    0.311616 1000.792175 ^ clkbuf_2_3__f_clk/Z (gf180mcu_fd_sc_mcu7t5v0__clkbuf_16)
                      0.127084    0.000000 1000.792175 ^ _157_/CLK (gf180mcu_fd_sc_mcu7t5v0__dffq_1)
                                 -0.250000 1000.542175   clock uncertainty
                                  0.050588 1000.592773   clock reconvergence pessimism
                                 -0.385911 1000.206848   library setup time
                                           1000.206848   data required time
---------------------------------------------------------------------------------------------
                                           1000.206848   data required time
                                             -4.993530   data arrival time
---------------------------------------------------------------------------------------------
                                            995.213257   slack (MET)


Startpoint: _153_ (rising edge-triggered flip-flop clocked by clk)
Endpoint: _158_ (rising edge-triggered flip-flop clocked by clk)
Path Group: clk
Path Type: max

Fanout         Cap        Slew       Delay        Time   Description
---------------------------------------------------------------------------------------------
                                  0.000000    0.000000   clock clk (rise edge)
                                  0.000000    0.000000   clock source latency
     1    0.030694    0.226755    0.113346    0.113346 ^ clk (in)
     4    0.097190    0.219144    0.417833    0.531179 ^ clkbuf_0_clk/Z (gf180mcu_fd_sc_mcu7t5v0__clkbuf_16)
     5    0.027281    0.127841    0.345442    0.876621 ^ clkbuf_2_1__f_clk/Z (gf180mcu_fd_sc_mcu7t5v0__clkbuf_16)
                      0.127841    0.000239    0.876860 ^ _153_/CLK (gf180mcu_fd_sc_mcu7t5v0__dffq_1)
     6    0.032444    0.816726    1.508095    2.384955 ^ _153_/Q (gf180mcu_fd_sc_mcu7t5v0__dffq_1)
     4    0.027627    0.772455    1.165439    3.550395 ^ _081_/Z (gf180mcu_fd_sc_mcu7t5v0__and4_1)
     1    0.007783    0.331178    0.247490    3.797885 v _082_/ZN (gf180mcu_fd_sc_mcu7t5v0__nand2_1)
     3    0.017853    0.476686    0.876971    4.674856 v _113_/Z (gf180mcu_fd_sc_mcu7t5v0__xor2_1)
     1    0.002804    0.257815    0.292718    4.967574 ^ _129_/ZN (gf180mcu_fd_sc_mcu7t5v0__nand2_1)
                      0.257815    0.000029    4.967603 ^ _158_/D (gf180mcu_fd_sc_mcu7t5v0__dffq_1)
                                              4.967603   data arrival time

                               1000.000000 1000.000000   clock clk (rise edge)
                                  0.000000 1000.000000   clock source latency
     1    0.030694    0.226755    0.102546 1000.102600 ^ clk (in)
     4    0.097190    0.219144    0.378009 1000.480591 ^ clkbuf_0_clk/Z (gf180mcu_fd_sc_mcu7t5v0__clkbuf_16)
     5    0.026711    0.127084    0.311616 1000.792175 ^ clkbuf_2_3__f_clk/Z (gf180mcu_fd_sc_mcu7t5v0__clkbuf_16)
                      0.127084    0.000000 1000.792175 ^ _158_/CLK (gf180mcu_fd_sc_mcu7t5v0__dffq_1)
                                 -0.250000 1000.542175   clock uncertainty
                                  0.050588 1000.592773   clock reconvergence pessimism
                                 -0.387832 1000.205017   library setup time
                                           1000.205017   data required time
---------------------------------------------------------------------------------------------
                                           1000.205017   data required time
                                             -4.967603   data arrival time
---------------------------------------------------------------------------------------------
                                            995.237427   slack (MET)


Startpoint: _153_ (rising edge-triggered flip-flop clocked by clk)
Endpoint: _156_ (rising edge-triggered flip-flop clocked by clk)
Path Group: clk
Path Type: max

Fanout         Cap        Slew       Delay        Time   Description
---------------------------------------------------------------------------------------------
                                  0.000000    0.000000   clock clk (rise edge)
                                  0.000000    0.000000   clock source latency
     1    0.030694    0.226755    0.113346    0.113346 ^ clk (in)
     4    0.097190    0.219144    0.417833    0.531179 ^ clkbuf_0_clk/Z (gf180mcu_fd_sc_mcu7t5v0__clkbuf_16)
     5    0.027281    0.127841    0.345442    0.876621 ^ clkbuf_2_1__f_clk/Z (gf180mcu_fd_sc_mcu7t5v0__clkbuf_16)
                      0.127841    0.000239    0.876860 ^ _153_/CLK (gf180mcu_fd_sc_mcu7t5v0__dffq_1)
     6    0.032444    0.816726    1.508095    2.384955 ^ _153_/Q (gf180mcu_fd_sc_mcu7t5v0__dffq_1)
     4    0.026527    0.717968    1.013056    3.398012 ^ _080_/Z (gf180mcu_fd_sc_mcu7t5v0__and3_1)
     3    0.018921    1.108380    0.965961    4.363972 ^ _108_/Z (gf180mcu_fd_sc_mcu7t5v0__xor2_1)
     1    0.002943    0.178248    0.436620    4.800592 ^ _127_/Z (gf180mcu_fd_sc_mcu7t5v0__or2_1)
                      0.178248    0.000032    4.800624 ^ _156_/D (gf180mcu_fd_sc_mcu7t5v0__dffq_1)
                                              4.800624   data arrival time

                               1000.000000 1000.000000   clock clk (rise edge)
                                  0.000000 1000.000000   clock source latency
     1    0.030694    0.226755    0.102546 1000.102600 ^ clk (in)
     4    0.097190    0.219144    0.378009 1000.480591 ^ clkbuf_0_clk/Z (gf180mcu_fd_sc_mcu7t5v0__clkbuf_16)
     5    0.027281    0.127841    0.312525 1000.793091 ^ clkbuf_2_1__f_clk/Z (gf180mcu_fd_sc_mcu7t5v0__clkbuf_16)
                      0.127841    0.000114 1000.793213 ^ _156_/CLK (gf180mcu_fd_sc_mcu7t5v0__dffq_1)
                                 -0.250000 1000.543213   clock uncertainty
                                  0.083488 1000.626648   clock reconvergence pessimism
                                 -0.370972 1000.255737   library setup time
                                           1000.255737   data required time
---------------------------------------------------------------------------------------------
                                           1000.255737   data required time
                                             -4.800624   data arrival time
---------------------------------------------------------------------------------------------
                                            995.455078   slack (MET)


Startpoint: _153_ (rising edge-triggered flip-flop clocked by clk)
Endpoint: _155_ (rising edge-triggered flip-flop clocked by clk)
Path Group: clk
Path Type: max

Fanout         Cap        Slew       Delay        Time   Description
---------------------------------------------------------------------------------------------
                                  0.000000    0.000000   clock clk (rise edge)
                                  0.000000    0.000000   clock source latency
     1    0.030694    0.226755    0.113346    0.113346 ^ clk (in)
     4    0.097190    0.219144    0.417833    0.531179 ^ clkbuf_0_clk/Z (gf180mcu_fd_sc_mcu7t5v0__clkbuf_16)
     5    0.027281    0.127841    0.345442    0.876621 ^ clkbuf_2_1__f_clk/Z (gf180mcu_fd_sc_mcu7t5v0__clkbuf_16)
                      0.127841    0.000239    0.876860 ^ _153_/CLK (gf180mcu_fd_sc_mcu7t5v0__dffq_1)
     6    0.032444    0.816726    1.508095    2.384955 ^ _153_/Q (gf180mcu_fd_sc_mcu7t5v0__dffq_1)
     4    0.026527    0.717968    1.013056    3.398012 ^ _080_/Z (gf180mcu_fd_sc_mcu7t5v0__and3_1)
     1    0.003559    0.363793    0.207343    3.605354 v _126_/ZN (gf180mcu_fd_sc_mcu7t5v0__oai21_1)
                      0.363793    0.000072    3.605427 v _155_/D (gf180mcu_fd_sc_mcu7t5v0__dffq_1)
                                              3.605427   data arrival time

                               1000.000000 1000.000000   clock clk (rise edge)
                                  0.000000 1000.000000   clock source latency
     1    0.030694    0.226755    0.102546 1000.102600 ^ clk (in)
     4    0.097190    0.219144    0.378009 1000.480591 ^ clkbuf_0_clk/Z (gf180mcu_fd_sc_mcu7t5v0__clkbuf_16)
     5    0.027281    0.127841    0.312525 1000.793091 ^ clkbuf_2_1__f_clk/Z (gf180mcu_fd_sc_mcu7t5v0__clkbuf_16)
                      0.127841    0.000227 1000.793335 ^ _155_/CLK (gf180mcu_fd_sc_mcu7t5v0__dffq_1)
                                 -0.250000 1000.543335   clock uncertainty
                                  0.083488 1000.626770   clock reconvergence pessimism
                                 -0.445244 1000.181580   library setup time
                                           1000.181580   data required time
---------------------------------------------------------------------------------------------
                                           1000.181580   data required time
                                             -3.605427   data arrival time
---------------------------------------------------------------------------------------------
                                            996.576111   slack (MET)


Startpoint: _153_ (rising edge-triggered flip-flop clocked by clk)
Endpoint: _154_ (rising edge-triggered flip-flop clocked by clk)
Path Group: clk
Path Type: max

Fanout         Cap        Slew       Delay        Time   Description
---------------------------------------------------------------------------------------------
                                  0.000000    0.000000   clock clk (rise edge)
                                  0.000000    0.000000   clock source latency
     1    0.030694    0.226755    0.113346    0.113346 ^ clk (in)
     4    0.097190    0.219144    0.417833    0.531179 ^ clkbuf_0_clk/Z (gf180mcu_fd_sc_mcu7t5v0__clkbuf_16)
     5    0.027281    0.127841    0.345442    0.876621 ^ clkbuf_2_1__f_clk/Z (gf180mcu_fd_sc_mcu7t5v0__clkbuf_16)
                      0.127841    0.000239    0.876860 ^ _153_/CLK (gf180mcu_fd_sc_mcu7t5v0__dffq_1)
     6    0.032444    0.816726    1.508095    2.384955 ^ _153_/Q (gf180mcu_fd_sc_mcu7t5v0__dffq_1)
     2    0.011622    0.846273    0.716432    3.101387 ^ _105_/ZN (gf180mcu_fd_sc_mcu7t5v0__xnor2_1)
     1    0.002881    0.279179    0.162296    3.263683 v _125_/ZN (gf180mcu_fd_sc_mcu7t5v0__nand2_1)
                      0.279179    0.000030    3.263713 v _154_/D (gf180mcu_fd_sc_mcu7t5v0__dffq_1)
                                              3.263713   data arrival time

                               1000.000000 1000.000000   clock clk (rise edge)
                                  0.000000 1000.000000   clock source latency
     1    0.030694    0.226755    0.102546 1000.102600 ^ clk (in)
     4    0.097190    0.219144    0.378009 1000.480591 ^ clkbuf_0_clk/Z (gf180mcu_fd_sc_mcu7t5v0__clkbuf_16)
     5    0.023826    0.123243    0.308660 1000.789246 ^ clkbuf_2_0__f_clk/Z (gf180mcu_fd_sc_mcu7t5v0__clkbuf_16)
                      0.123243    0.000114 1000.789368 ^ _154_/CLK (gf180mcu_fd_sc_mcu7t5v0__dffq_1)
                                 -0.250000 1000.539368   clock uncertainty
                                  0.050588 1000.589966   clock reconvergence pessimism
                                 -0.418902 1000.171021   library setup time
                                           1000.171021   data required time
---------------------------------------------------------------------------------------------
                                           1000.171021   data required time
                                             -3.263713   data arrival time
---------------------------------------------------------------------------------------------
                                            996.907288   slack (MET)


Startpoint: _153_ (rising edge-triggered flip-flop clocked by clk)
Endpoint: _153_ (rising edge-triggered flip-flop clocked by clk)
Path Group: clk
Path Type: max

Fanout         Cap        Slew       Delay        Time   Description
---------------------------------------------------------------------------------------------
                                  0.000000    0.000000   clock clk (rise edge)
                                  0.000000    0.000000   clock source latency
     1    0.030694    0.226755    0.113346    0.113346 ^ clk (in)
     4    0.097190    0.219144    0.417833    0.531179 ^ clkbuf_0_clk/Z (gf180mcu_fd_sc_mcu7t5v0__clkbuf_16)
     5    0.027281    0.127841    0.345442    0.876621 ^ clkbuf_2_1__f_clk/Z (gf180mcu_fd_sc_mcu7t5v0__clkbuf_16)
                      0.127841    0.000239    0.876860 ^ _153_/CLK (gf180mcu_fd_sc_mcu7t5v0__dffq_1)
     6    0.032444    0.816726    1.508095    2.384955 ^ _153_/Q (gf180mcu_fd_sc_mcu7t5v0__dffq_1)
     1    0.002660    0.257047    0.175667    2.560622 v _124_/ZN (gf180mcu_fd_sc_mcu7t5v0__nand2_1)
                      0.257047    0.000026    2.560648 v _153_/D (gf180mcu_fd_sc_mcu7t5v0__dffq_1)
                                              2.560648   data arrival time

                               1000.000000 1000.000000   clock clk (rise edge)
                                  0.000000 1000.000000   clock source latency
     1    0.030694    0.226755    0.102546 1000.102600 ^ clk (in)
     4    0.097190    0.219144    0.378009 1000.480591 ^ clkbuf_0_clk/Z (gf180mcu_fd_sc_mcu7t5v0__clkbuf_16)
     5    0.027281    0.127841    0.312525 1000.793091 ^ clkbuf_2_1__f_clk/Z (gf180mcu_fd_sc_mcu7t5v0__clkbuf_16)
                      0.127841    0.000227 1000.793335 ^ _153_/CLK (gf180mcu_fd_sc_mcu7t5v0__dffq_1)
                                 -0.250000 1000.543335   clock uncertainty
                                  0.083510 1000.626892   clock reconvergence pessimism
                                 -0.413052 1000.213867   library setup time
                                           1000.213867   data required time
---------------------------------------------------------------------------------------------
                                           1000.213867   data required time
                                             -2.560648   data arrival time
---------------------------------------------------------------------------------------------
                                            997.653198   slack (MET)


R2R_END_SETUP max_tt_025C_3v30
R2R_BEGIN_HOLD max_tt_025C_3v30
Startpoint: _170_ (rising edge-triggered flip-flop clocked by clk)
Endpoint: _170_ (rising edge-triggered flip-flop clocked by clk)
Path Group: clk
Path Type: min

Fanout         Cap        Slew       Delay        Time   Description
---------------------------------------------------------------------------------------------
                                  0.000000    0.000000   clock clk (rise edge)
                                  0.000000    0.000000   clock source latency
     1    0.030694    0.226755    0.102551    0.102551 ^ clk (in)
     4    0.097190    0.219144    0.378040    0.480591 ^ clkbuf_0_clk/Z (gf180mcu_fd_sc_mcu7t5v0__clkbuf_16)
     5    0.026388    0.126654    0.311175    0.791766 ^ clkbuf_2_2__f_clk/Z (gf180mcu_fd_sc_mcu7t5v0__clkbuf_16)
                      0.126654    0.000207    0.791973 ^ _170_/CLK (gf180mcu_fd_sc_mcu7t5v0__dffq_1)
     2    0.011594    0.225735    0.948034    1.740008 v _170_/Q (gf180mcu_fd_sc_mcu7t5v0__dffq_1)
     1    0.005197    0.232911    0.203275    1.943282 ^ _100_/ZN (gf180mcu_fd_sc_mcu7t5v0__nand2_1)
     1    0.002752    0.151995    0.138685    2.081967 v _151_/ZN (gf180mcu_fd_sc_mcu7t5v0__aoi21_1)
                      0.151995    0.000026    2.081992 v _170_/D (gf180mcu_fd_sc_mcu7t5v0__dffq_1)
                                              2.081992   data arrival time

                                  0.000000    0.000000   clock clk (rise edge)
                                  0.000000    0.000000   clock source latency
     1    0.030694    0.226755    0.113346    0.113346 ^ clk (in)
     4    0.097190    0.219144    0.417833    0.531179 ^ clkbuf_0_clk/Z (gf180mcu_fd_sc_mcu7t5v0__clkbuf_16)
     5    0.026388    0.126654    0.343931    0.875110 ^ clkbuf_2_2__f_clk/Z (gf180mcu_fd_sc_mcu7t5v0__clkbuf_16)
                      0.126654    0.000229    0.875339 ^ _170_/CLK (gf180mcu_fd_sc_mcu7t5v0__dffq_1)
                                  0.250000    1.125339   clock uncertainty
                                 -0.083366    1.041973   clock reconvergence pessimism
                                  0.065909    1.107883   library hold time
                                              1.107883   data required time
---------------------------------------------------------------------------------------------
                                              1.107883   data required time
                                             -2.081992   data arrival time
---------------------------------------------------------------------------------------------
                                              0.974110   slack (MET)


Startpoint: _153_ (rising edge-triggered flip-flop clocked by clk)
Endpoint: _153_ (rising edge-triggered flip-flop clocked by clk)
Path Group: clk
Path Type: min

Fanout         Cap        Slew       Delay        Time   Description
---------------------------------------------------------------------------------------------
                                  0.000000    0.000000   clock clk (rise edge)
                                  0.000000    0.000000   clock source latency
     1    0.030694    0.226755    0.102551    0.102551 ^ clk (in)
     4    0.097190    0.219144    0.378040    0.480591 ^ clkbuf_0_clk/Z (gf180mcu_fd_sc_mcu7t5v0__clkbuf_16)
     5    0.027281    0.127841    0.312543    0.793134 ^ clkbuf_2_1__f_clk/Z (gf180mcu_fd_sc_mcu7t5v0__clkbuf_16)
                      0.127841    0.000216    0.793350 ^ _153_/CLK (gf180mcu_fd_sc_mcu7t5v0__dffq_1)
     6    0.032444    0.451616    1.109361    1.902711 v _153_/Q (gf180mcu_fd_sc_mcu7t5v0__dffq_1)
     1    0.002660    0.217022    0.220561    2.123272 ^ _124_/ZN (gf180mcu_fd_sc_mcu7t5v0__nand2_1)
                      0.217022    0.000024    2.123296 ^ _153_/D (gf180mcu_fd_sc_mcu7t5v0__dffq_1)
                                              2.123296   data arrival time

                                  0.000000    0.000000   clock clk (rise edge)
                                  0.000000    0.000000   clock source latency
     1    0.030694    0.226755    0.113346    0.113346 ^ clk (in)
     4    0.097190    0.219144    0.417833    0.531179 ^ clkbuf_0_clk/Z (gf180mcu_fd_sc_mcu7t5v0__clkbuf_16)
     5    0.027281    0.127841    0.345442    0.876621 ^ clkbuf_2_1__f_clk/Z (gf180mcu_fd_sc_mcu7t5v0__clkbuf_16)
                      0.127841    0.000239    0.876860 ^ _153_/CLK (gf180mcu_fd_sc_mcu7t5v0__dffq_1)
                                  0.250000    1.126860   clock uncertainty
                                 -0.083510    1.043350   clock reconvergence pessimism
                                  0.031159    1.074509   library hold time
                                              1.074509   data required time
---------------------------------------------------------------------------------------------
                                              1.074509   data required time
                                             -2.123296   data arrival time
---------------------------------------------------------------------------------------------
                                              1.048787   slack (MET)


Startpoint: _169_ (rising edge-triggered flip-flop clocked by clk)
Endpoint: _169_ (rising edge-triggered flip-flop clocked by clk)
Path Group: clk
Path Type: min

Fanout         Cap        Slew       Delay        Time   Description
---------------------------------------------------------------------------------------------
                                  0.000000    0.000000   clock clk (rise edge)
                                  0.000000    0.000000   clock source latency
     1    0.030694    0.226755    0.102551    0.102551 ^ clk (in)
     4    0.097190    0.219144    0.378040    0.480591 ^ clkbuf_0_clk/Z (gf180mcu_fd_sc_mcu7t5v0__clkbuf_16)
     5    0.026388    0.126654    0.311175    0.791766 ^ clkbuf_2_2__f_clk/Z (gf180mcu_fd_sc_mcu7t5v0__clkbuf_16)
                      0.126654    0.000404    0.792170 ^ _169_/CLK (gf180mcu_fd_sc_mcu7t5v0__dffq_1)
     2    0.010507    0.213247    0.937517    1.729686 v _169_/Q (gf180mcu_fd_sc_mcu7t5v0__dffq_1)
     1    0.005099    0.370357    0.309301    2.038987 ^ _149_/ZN (gf180mcu_fd_sc_mcu7t5v0__oai21_1)
     1    0.002843    0.190765    0.171757    2.210744 v _150_/ZN (gf180mcu_fd_sc_mcu7t5v0__nor2_1)
                      0.190765    0.000026    2.210771 v _169_/D (gf180mcu_fd_sc_mcu7t5v0__dffq_1)
                                              2.210771   data arrival time

                                  0.000000    0.000000   clock clk (rise edge)
                                  0.000000    0.000000   clock source latency
     1    0.030694    0.226755    0.113346    0.113346 ^ clk (in)
     4    0.097190    0.219144    0.417833    0.531179 ^ clkbuf_0_clk/Z (gf180mcu_fd_sc_mcu7t5v0__clkbuf_16)
     5    0.026388    0.126654    0.343931    0.875110 ^ clkbuf_2_2__f_clk/Z (gf180mcu_fd_sc_mcu7t5v0__clkbuf_16)
                      0.126654    0.000446    0.875556 ^ _169_/CLK (gf180mcu_fd_sc_mcu7t5v0__dffq_1)
                                  0.250000    1.125556   clock uncertainty
                                 -0.083386    1.042170   clock reconvergence pessimism
                                  0.057484    1.099654   library hold time
                                              1.099654   data required time
---------------------------------------------------------------------------------------------
                                              1.099654   data required time
                                             -2.210771   data arrival time
---------------------------------------------------------------------------------------------
                                              1.111116   slack (MET)


Startpoint: _168_ (rising edge-triggered flip-flop clocked by clk)
Endpoint: _168_ (rising edge-triggered flip-flop clocked by clk)
Path Group: clk
Path Type: min

Fanout         Cap        Slew       Delay        Time   Description
---------------------------------------------------------------------------------------------
                                  0.000000    0.000000   clock clk (rise edge)
                                  0.000000    0.000000   clock source latency
     1    0.030694    0.226755    0.102551    0.102551 ^ clk (in)
     4    0.097190    0.219144    0.378040    0.480591 ^ clkbuf_0_clk/Z (gf180mcu_fd_sc_mcu7t5v0__clkbuf_16)
     5    0.026388    0.126654    0.311175    0.791766 ^ clkbuf_2_2__f_clk/Z (gf180mcu_fd_sc_mcu7t5v0__clkbuf_16)
                      0.126654    0.000435    0.792202 ^ _168_/CLK (gf180mcu_fd_sc_mcu7t5v0__dffq_1)
     3    0.024145    0.360052    1.046819    1.839020 v _168_/Q (gf180mcu_fd_sc_mcu7t5v0__dffq_1)
     1    0.004679    0.320800    0.275727    2.114748 ^ _147_/ZN (gf180mcu_fd_sc_mcu7t5v0__aoi22_1)
     1    0.002660    0.177619    0.164694    2.279441 v _148_/ZN (gf180mcu_fd_sc_mcu7t5v0__nor2_1)
                      0.177619    0.000024    2.279465 v _168_/D (gf180mcu_fd_sc_mcu7t5v0__dffq_1)
                                              2.279465   data arrival time

                                  0.000000    0.000000   clock clk (rise edge)
                                  0.000000    0.000000   clock source latency
     1    0.030694    0.226755    0.113346    0.113346 ^ clk (in)
     4    0.097190    0.219144    0.417833    0.531179 ^ clkbuf_0_clk/Z (gf180mcu_fd_sc_mcu7t5v0__clkbuf_16)
     5    0.026388    0.126654    0.343931    0.875110 ^ clkbuf_2_2__f_clk/Z (gf180mcu_fd_sc_mcu7t5v0__clkbuf_16)
                      0.126654    0.000481    0.875591 ^ _168_/CLK (gf180mcu_fd_sc_mcu7t5v0__dffq_1)
                                  0.250000    1.125591   clock uncertainty
                                 -0.083390    1.042202   clock reconvergence pessimism
                                  0.060341    1.102543   library hold time
                                              1.102543   data required time
---------------------------------------------------------------------------------------------
                                              1.102543   data required time
                                             -2.279465   data arrival time
---------------------------------------------------------------------------------------------
                                              1.176922   slack (MET)


Startpoint: _161_ (rising edge-triggered flip-flop clocked by clk)
Endpoint: _161_ (rising edge-triggered flip-flop clocked by clk)
Path Group: clk
Path Type: min

Fanout         Cap        Slew       Delay        Time   Description
---------------------------------------------------------------------------------------------
                                  0.000000    0.000000   clock clk (rise edge)
                                  0.000000    0.000000   clock source latency
     1    0.030694    0.226755    0.102551    0.102551 ^ clk (in)
     4    0.097190    0.219144    0.378040    0.480591 ^ clkbuf_0_clk/Z (gf180mcu_fd_sc_mcu7t5v0__clkbuf_16)
     5    0.023826    0.123243    0.308658    0.789249 ^ clkbuf_2_0__f_clk/Z (gf180mcu_fd_sc_mcu7t5v0__clkbuf_16)
                      0.123243    0.000192    0.789440 ^ _161_/CLK (gf180mcu_fd_sc_mcu7t5v0__dffq_1)
     2    0.015489    0.268044    0.978593    1.768034 v _161_/Q (gf180mcu_fd_sc_mcu7t5v0__dffq_1)
     1    0.004435    0.364162    0.275781    2.043815 ^ _132_/ZN (gf180mcu_fd_sc_mcu7t5v0__nor2_1)
     1    0.002952    0.194704    0.234054    2.277869 v _133_/ZN (gf180mcu_fd_sc_mcu7t5v0__aoi211_1)
                      0.194704    0.000028    2.277897 v _161_/D (gf180mcu_fd_sc_mcu7t5v0__dffq_1)
                                              2.277897   data arrival time

                                  0.000000    0.000000   clock clk (rise edge)
                                  0.000000    0.000000   clock source latency
     1    0.030694    0.226755    0.113346    0.113346 ^ clk (in)
     4    0.097190    0.219144    0.417833    0.531179 ^ clkbuf_0_clk/Z (gf180mcu_fd_sc_mcu7t5v0__clkbuf_16)
     5    0.023826    0.123243    0.341148    0.872327 ^ clkbuf_2_0__f_clk/Z (gf180mcu_fd_sc_mcu7t5v0__clkbuf_16)
                      0.123243    0.000212    0.872539 ^ _161_/CLK (gf180mcu_fd_sc_mcu7t5v0__dffq_1)
                                  0.250000    1.122539   clock uncertainty
                                 -0.083099    1.039440   clock reconvergence pessimism
                                  0.055785    1.095225   library hold time
                                              1.095225   data required time
---------------------------------------------------------------------------------------------
                                              1.095225   data required time
                                             -2.277897   data arrival time
---------------------------------------------------------------------------------------------
                                              1.182672   slack (MET)


Startpoint: _167_ (rising edge-triggered flip-flop clocked by clk)
Endpoint: _167_ (rising edge-triggered flip-flop clocked by clk)
Path Group: clk
Path Type: min

Fanout         Cap        Slew       Delay        Time   Description
---------------------------------------------------------------------------------------------
                                  0.000000    0.000000   clock clk (rise edge)
                                  0.000000    0.000000   clock source latency
     1    0.030694    0.226755    0.102551    0.102551 ^ clk (in)
     4    0.097190    0.219144    0.378040    0.480591 ^ clkbuf_0_clk/Z (gf180mcu_fd_sc_mcu7t5v0__clkbuf_16)
     5    0.026388    0.126654    0.311175    0.791766 ^ clkbuf_2_2__f_clk/Z (gf180mcu_fd_sc_mcu7t5v0__clkbuf_16)
                      0.126654    0.000305    0.792071 ^ _167_/CLK (gf180mcu_fd_sc_mcu7t5v0__dffq_1)
     3    0.023790    0.356207    1.044028    1.836100 v _167_/Q (gf180mcu_fd_sc_mcu7t5v0__dffq_1)
     1    0.005121    0.329230    0.283157    2.119256 ^ _145_/ZN (gf180mcu_fd_sc_mcu7t5v0__aoi22_1)
     1    0.003088    0.185085    0.170737    2.289993 v _146_/ZN (gf180mcu_fd_sc_mcu7t5v0__nor2_1)
                      0.185085    0.000029    2.290022 v _167_/D (gf180mcu_fd_sc_mcu7t5v0__dffq_1)
                                              2.290022   data arrival time

                                  0.000000    0.000000   clock clk (rise edge)
                                  0.000000    0.000000   clock source latency
     1    0.030694    0.226755    0.113346    0.113346 ^ clk (in)
     4    0.097190    0.219144    0.417833    0.531179 ^ clkbuf_0_clk/Z (gf180mcu_fd_sc_mcu7t5v0__clkbuf_16)
     5    0.026388    0.126654    0.343931    0.875110 ^ clkbuf_2_2__f_clk/Z (gf180mcu_fd_sc_mcu7t5v0__clkbuf_16)
                      0.126654    0.000337    0.875447 ^ _167_/CLK (gf180mcu_fd_sc_mcu7t5v0__dffq_1)
                                  0.250000    1.125447   clock uncertainty
                                 -0.083376    1.042071   clock reconvergence pessimism
                                  0.058719    1.100790   library hold time
                                              1.100790   data required time
---------------------------------------------------------------------------------------------
                                              1.100790   data required time
                                             -2.290022   data arrival time
---------------------------------------------------------------------------------------------
                                              1.189232   slack (MET)


Startpoint: _162_ (rising edge-triggered flip-flop clocked by clk)
Endpoint: _162_ (rising edge-triggered flip-flop clocked by clk)
Path Group: clk
Path Type: min

Fanout         Cap        Slew       Delay        Time   Description
---------------------------------------------------------------------------------------------
                                  0.000000    0.000000   clock clk (rise edge)
                                  0.000000    0.000000   clock source latency
     1    0.030694    0.226755    0.102551    0.102551 ^ clk (in)
     4    0.097190    0.219144    0.378040    0.480591 ^ clkbuf_0_clk/Z (gf180mcu_fd_sc_mcu7t5v0__clkbuf_16)
     5    0.023826    0.123243    0.308658    0.789249 ^ clkbuf_2_0__f_clk/Z (gf180mcu_fd_sc_mcu7t5v0__clkbuf_16)
                      0.123243    0.000195    0.789444 ^ _162_/CLK (gf180mcu_fd_sc_mcu7t5v0__dffq_1)
     3    0.014572    0.258421    0.971558    1.761002 v _162_/Q (gf180mcu_fd_sc_mcu7t5v0__dffq_1)
     1    0.005152    0.393617    0.290385    2.051387 ^ _134_/ZN (gf180mcu_fd_sc_mcu7t5v0__nor2_1)
     1    0.003468    0.225337    0.245908    2.297296 v _135_/ZN (gf180mcu_fd_sc_mcu7t5v0__aoi211_1)
                      0.225337    0.000035    2.297330 v _162_/D (gf180mcu_fd_sc_mcu7t5v0__dffq_1)
                                              2.297330   data arrival time

                                  0.000000    0.000000   clock clk (rise edge)
                                  0.000000    0.000000   clock source latency
     1    0.030694    0.226755    0.113346    0.113346 ^ clk (in)
     4    0.097190    0.219144    0.417833    0.531179 ^ clkbuf_0_clk/Z (gf180mcu_fd_sc_mcu7t5v0__clkbuf_16)
     5    0.023826    0.123243    0.341148    0.872327 ^ clkbuf_2_0__f_clk/Z (gf180mcu_fd_sc_mcu7t5v0__clkbuf_16)
                      0.123243    0.000216    0.872543 ^ _162_/CLK (gf180mcu_fd_sc_mcu7t5v0__dffq_1)
                                  0.250000    1.122543   clock uncertainty
                                 -0.083099    1.039444   clock reconvergence pessimism
                                  0.049108    1.088552   library hold time
                                              1.088552   data required time
---------------------------------------------------------------------------------------------
                                              1.088552   data required time
                                             -2.297330   data arrival time
---------------------------------------------------------------------------------------------
                                              1.208778   slack (MET)


Startpoint: _164_ (rising edge-triggered flip-flop clocked by clk)
Endpoint: _164_ (rising edge-triggered flip-flop clocked by clk)
Path Group: clk
Path Type: min

Fanout         Cap        Slew       Delay        Time   Description
---------------------------------------------------------------------------------------------
                                  0.000000    0.000000   clock clk (rise edge)
                                  0.000000    0.000000   clock source latency
     1    0.030694    0.226755    0.102551    0.102551 ^ clk (in)
     4    0.097190    0.219144    0.378040    0.480591 ^ clkbuf_0_clk/Z (gf180mcu_fd_sc_mcu7t5v0__clkbuf_16)
     5    0.023826    0.123243    0.308658    0.789249 ^ clkbuf_2_0__f_clk/Z (gf180mcu_fd_sc_mcu7t5v0__clkbuf_16)
                      0.123243    0.000135    0.789383 ^ _164_/CLK (gf180mcu_fd_sc_mcu7t5v0__dffq_1)
     2    0.012173    0.233150    0.952849    1.742232 v _164_/Q (gf180mcu_fd_sc_mcu7t5v0__dffq_1)
     1    0.006897    0.413077    0.358336    2.100568 ^ _138_/ZN (gf180mcu_fd_sc_mcu7t5v0__oai21_1)
     1    0.002724    0.178684    0.209453    2.310021 v _139_/ZN (gf180mcu_fd_sc_mcu7t5v0__aoi21_1)
                      0.178684    0.000025    2.310046 v _164_/D (gf180mcu_fd_sc_mcu7t5v0__dffq_1)
                                              2.310046   data arrival time

                                  0.000000    0.000000   clock clk (rise edge)
                                  0.000000    0.000000   clock source latency
     1    0.030694    0.226755    0.113346    0.113346 ^ clk (in)
     4    0.097190    0.219144    0.417833    0.531179 ^ clkbuf_0_clk/Z (gf180mcu_fd_sc_mcu7t5v0__clkbuf_16)
     5    0.023826    0.123243    0.341148    0.872327 ^ clkbuf_2_0__f_clk/Z (gf180mcu_fd_sc_mcu7t5v0__clkbuf_16)
                      0.123243    0.000149    0.872476 ^ _164_/CLK (gf180mcu_fd_sc_mcu7t5v0__dffq_1)
                                  0.250000    1.122476   clock uncertainty
                                 -0.083093    1.039383   clock reconvergence pessimism
                                  0.059276    1.098659   library hold time
                                              1.098659   data required time
---------------------------------------------------------------------------------------------
                                              1.098659   data required time
                                             -2.310046   data arrival time
---------------------------------------------------------------------------------------------
                                              1.211387   slack (MET)


Startpoint: _163_ (rising edge-triggered flip-flop clocked by clk)
Endpoint: _163_ (rising edge-triggered flip-flop clocked by clk)
Path Group: clk
Path Type: min

Fanout         Cap        Slew       Delay        Time   Description
---------------------------------------------------------------------------------------------
                                  0.000000    0.000000   clock clk (rise edge)
                                  0.000000    0.000000   clock source latency
     1    0.030694    0.226755    0.102551    0.102551 ^ clk (in)
     4    0.097190    0.219144    0.378040    0.480591 ^ clkbuf_0_clk/Z (gf180mcu_fd_sc_mcu7t5v0__clkbuf_16)
     5    0.023826    0.123243    0.308658    0.789249 ^ clkbuf_2_0__f_clk/Z (gf180mcu_fd_sc_mcu7t5v0__clkbuf_16)
                      0.123243    0.000104    0.789353 ^ _163_/CLK (gf180mcu_fd_sc_mcu7t5v0__dffq_1)
     3    0.019620    0.311559    1.010800    1.800153 v _163_/Q (gf180mcu_fd_sc_mcu7t5v0__dffq_1)
     1    0.004985    0.369586    0.331602    2.131755 ^ _136_/ZN (gf180mcu_fd_sc_mcu7t5v0__oai21_1)
     1    0.003293    0.169821    0.210864    2.342619 v _137_/ZN (gf180mcu_fd_sc_mcu7t5v0__aoi21_1)
                      0.169821    0.000033    2.342652 v _163_/D (gf180mcu_fd_sc_mcu7t5v0__dffq_1)
                                              2.342652   data arrival time

                                  0.000000    0.000000   clock clk (rise edge)
                                  0.000000    0.000000   clock source latency
     1    0.030694    0.226755    0.113346    0.113346 ^ clk (in)
     4    0.097190    0.219144    0.417833    0.531179 ^ clkbuf_0_clk/Z (gf180mcu_fd_sc_mcu7t5v0__clkbuf_16)
     5    0.023826    0.123243    0.341148    0.872327 ^ clkbuf_2_0__f_clk/Z (gf180mcu_fd_sc_mcu7t5v0__clkbuf_16)
                      0.123243    0.000115    0.872443 ^ _163_/CLK (gf180mcu_fd_sc_mcu7t5v0__dffq_1)
                                  0.250000    1.122443   clock uncertainty
                                 -0.083090    1.039353   clock reconvergence pessimism
                                  0.061207    1.100560   library hold time
                                              1.100560   data required time
---------------------------------------------------------------------------------------------
                                              1.100560   data required time
                                             -2.342652   data arrival time
---------------------------------------------------------------------------------------------
                                              1.242092   slack (MET)


Startpoint: _166_ (rising edge-triggered flip-flop clocked by clk)
Endpoint: _166_ (rising edge-triggered flip-flop clocked by clk)
Path Group: clk
Path Type: min

Fanout         Cap        Slew       Delay        Time   Description
---------------------------------------------------------------------------------------------
                                  0.000000    0.000000   clock clk (rise edge)
                                  0.000000    0.000000   clock source latency
     1    0.030694    0.226755    0.102551    0.102551 ^ clk (in)
     4    0.097190    0.219144    0.378040    0.480591 ^ clkbuf_0_clk/Z (gf180mcu_fd_sc_mcu7t5v0__clkbuf_16)
     5    0.027281    0.127841    0.312543    0.793134 ^ clkbuf_2_1__f_clk/Z (gf180mcu_fd_sc_mcu7t5v0__clkbuf_16)
                      0.127841    0.000292    0.793426 ^ _166_/CLK (gf180mcu_fd_sc_mcu7t5v0__dffq_1)
     3    0.018062    0.295164    0.999831    1.793257 v _166_/Q (gf180mcu_fd_sc_mcu7t5v0__dffq_1)
     1    0.005209    0.397450    0.301453    2.094710 ^ _142_/ZN (gf180mcu_fd_sc_mcu7t5v0__nor2_1)
     1    0.003331    0.234698    0.244622    2.339332 v _143_/ZN (gf180mcu_fd_sc_mcu7t5v0__aoi211_1)
                      0.234698    0.000034    2.339366 v _166_/D (gf180mcu_fd_sc_mcu7t5v0__dffq_1)
                                              2.339366   data arrival time

                                  0.000000    0.000000   clock clk (rise edge)
                                  0.000000    0.000000   clock source latency
     1    0.030694    0.226755    0.113346    0.113346 ^ clk (in)
     4    0.097190    0.219144    0.417833    0.531179 ^ clkbuf_0_clk/Z (gf180mcu_fd_sc_mcu7t5v0__clkbuf_16)
     5    0.027281    0.127841    0.345442    0.876621 ^ clkbuf_2_1__f_clk/Z (gf180mcu_fd_sc_mcu7t5v0__clkbuf_16)
                      0.127841    0.000323    0.876944 ^ _166_/CLK (gf180mcu_fd_sc_mcu7t5v0__dffq_1)
                                  0.250000    1.126944   clock uncertainty
                                 -0.083518    1.043426   clock reconvergence pessimism
                                  0.048240    1.091666   library hold time
                                              1.091666   data required time
---------------------------------------------------------------------------------------------
                                              1.091666   data required time
                                             -2.339366   data arrival time
---------------------------------------------------------------------------------------------
                                              1.247701   slack (MET)


Startpoint: _165_ (rising edge-triggered flip-flop clocked by clk)
Endpoint: _165_ (rising edge-triggered flip-flop clocked by clk)
Path Group: clk
Path Type: min

Fanout         Cap        Slew       Delay        Time   Description
---------------------------------------------------------------------------------------------
                                  0.000000    0.000000   clock clk (rise edge)
                                  0.000000    0.000000   clock source latency
     1    0.030694    0.226755    0.102551    0.102551 ^ clk (in)
     4    0.097190    0.219144    0.378040    0.480591 ^ clkbuf_0_clk/Z (gf180mcu_fd_sc_mcu7t5v0__clkbuf_16)
     5    0.027281    0.127841    0.312543    0.793134 ^ clkbuf_2_1__f_clk/Z (gf180mcu_fd_sc_mcu7t5v0__clkbuf_16)
                      0.127841    0.000246    0.793379 ^ _165_/CLK (gf180mcu_fd_sc_mcu7t5v0__dffq_1)
     3    0.018076    0.295284    0.999855    1.793234 v _165_/Q (gf180mcu_fd_sc_mcu7t5v0__dffq_1)
     1    0.006401    0.401755    0.361548    2.154782 ^ _140_/ZN (gf180mcu_fd_sc_mcu7t5v0__oai21_1)
     1    0.003394    0.194304    0.216823    2.371606 v _141_/ZN (gf180mcu_fd_sc_mcu7t5v0__aoi21_1)
                      0.194304    0.000061    2.371667 v _165_/D (gf180mcu_fd_sc_mcu7t5v0__dffq_1)
                                              2.371667   data arrival time

                                  0.000000    0.000000   clock clk (rise edge)
                                  0.000000    0.000000   clock source latency
     1    0.030694    0.226755    0.113346    0.113346 ^ clk (in)
     4    0.097190    0.219144    0.417833    0.531179 ^ clkbuf_0_clk/Z (gf180mcu_fd_sc_mcu7t5v0__clkbuf_16)
     5    0.027281    0.127841    0.345442    0.876621 ^ clkbuf_2_1__f_clk/Z (gf180mcu_fd_sc_mcu7t5v0__clkbuf_16)
                      0.127841    0.000271    0.876893 ^ _165_/CLK (gf180mcu_fd_sc_mcu7t5v0__dffq_1)
                                  0.250000    1.126893   clock uncertainty
                                 -0.083514    1.043379   clock reconvergence pessimism
                                  0.057009    1.100389   library hold time
                                              1.100389   data required time
---------------------------------------------------------------------------------------------
                                              1.100389   data required time
                                             -2.371667   data arrival time
---------------------------------------------------------------------------------------------
                                              1.271279   slack (MET)


Startpoint: _170_ (rising edge-triggered flip-flop clocked by clk)
Endpoint: _152_ (rising edge-triggered flip-flop clocked by clk)
Path Group: clk
Path Type: min

Fanout         Cap        Slew       Delay        Time   Description
---------------------------------------------------------------------------------------------
                                  0.000000    0.000000   clock clk (rise edge)
                                  0.000000    0.000000   clock source latency
     1    0.030694    0.226755    0.102551    0.102551 ^ clk (in)
     4    0.097190    0.219144    0.378040    0.480591 ^ clkbuf_0_clk/Z (gf180mcu_fd_sc_mcu7t5v0__clkbuf_16)
     5    0.026388    0.126654    0.311175    0.791766 ^ clkbuf_2_2__f_clk/Z (gf180mcu_fd_sc_mcu7t5v0__clkbuf_16)
                      0.126654    0.000207    0.791973 ^ _170_/CLK (gf180mcu_fd_sc_mcu7t5v0__dffq_1)
     2    0.011594    0.225735    0.948034    1.740008 v _170_/Q (gf180mcu_fd_sc_mcu7t5v0__dffq_1)
     1    0.012682    0.673331    0.473382    2.213390 ^ _122_/ZN (gf180mcu_fd_sc_mcu7t5v0__oai211_1)
     1    0.003325    0.180765    0.163077    2.376466 v _123_/ZN (gf180mcu_fd_sc_mcu7t5v0__aoi21_1)
                      0.180765    0.000058    2.376524 v _152_/D (gf180mcu_fd_sc_mcu7t5v0__dffq_1)
                                              2.376524   data arrival time

                                  0.000000    0.000000   clock clk (rise edge)
                                  0.000000    0.000000   clock source latency
     1    0.030694    0.226755    0.113346    0.113346 ^ clk (in)
     4    0.097190    0.219144    0.417833    0.531179 ^ clkbuf_0_clk/Z (gf180mcu_fd_sc_mcu7t5v0__clkbuf_16)
     5    0.026388    0.126654    0.343931    0.875110 ^ clkbuf_2_2__f_clk/Z (gf180mcu_fd_sc_mcu7t5v0__clkbuf_16)
                      0.126654    0.000218    0.875328 ^ _152_/CLK (gf180mcu_fd_sc_mcu7t5v0__dffq_1)
                                  0.250000    1.125328   clock uncertainty
                                 -0.083344    1.041984   clock reconvergence pessimism
                                  0.059657    1.101641   library hold time
                                              1.101641   data required time
---------------------------------------------------------------------------------------------
                                              1.101641   data required time
                                             -2.376524   data arrival time
---------------------------------------------------------------------------------------------
                                              1.274883   slack (MET)


Startpoint: _155_ (rising edge-triggered flip-flop clocked by clk)
Endpoint: _155_ (rising edge-triggered flip-flop clocked by clk)
Path Group: clk
Path Type: min

Fanout         Cap        Slew       Delay        Time   Description
---------------------------------------------------------------------------------------------
                                  0.000000    0.000000   clock clk (rise edge)
                                  0.000000    0.000000   clock source latency
     1    0.030694    0.226755    0.102551    0.102551 ^ clk (in)
     4    0.097190    0.219144    0.378040    0.480591 ^ clkbuf_0_clk/Z (gf180mcu_fd_sc_mcu7t5v0__clkbuf_16)
     5    0.027281    0.127841    0.312543    0.793134 ^ clkbuf_2_1__f_clk/Z (gf180mcu_fd_sc_mcu7t5v0__clkbuf_16)
                      0.127841    0.000141    0.793275 ^ _155_/CLK (gf180mcu_fd_sc_mcu7t5v0__dffq_1)
     3    0.011904    0.229704    0.951337    1.744612 v _155_/Q (gf180mcu_fd_sc_mcu7t5v0__dffq_1)
     3    0.016887    0.735974    0.521421    2.266033 ^ _101_/ZN (gf180mcu_fd_sc_mcu7t5v0__aoi21_1)
     1    0.003559    0.271814    0.232556    2.498590 v _126_/ZN (gf180mcu_fd_sc_mcu7t5v0__oai21_1)
                      0.271814    0.000066    2.498655 v _155_/D (gf180mcu_fd_sc_mcu7t5v0__dffq_1)
                                              2.498655   data arrival time

                                  0.000000    0.000000   clock clk (rise edge)
                                  0.000000    0.000000   clock source latency
     1    0.030694    0.226755    0.113346    0.113346 ^ clk (in)
     4    0.097190    0.219144    0.417833    0.531179 ^ clkbuf_0_clk/Z (gf180mcu_fd_sc_mcu7t5v0__clkbuf_16)
     5    0.027281    0.127841    0.345442    0.876621 ^ clkbuf_2_1__f_clk/Z (gf180mcu_fd_sc_mcu7t5v0__clkbuf_16)
                      0.127841    0.000156    0.876777 ^ _155_/CLK (gf180mcu_fd_sc_mcu7t5v0__dffq_1)
                                  0.250000    1.126778   clock uncertainty
                                 -0.083503    1.043275   clock reconvergence pessimism
                                  0.040182    1.083457   library hold time
                                              1.083457   data required time
---------------------------------------------------------------------------------------------
                                              1.083457   data required time
                                             -2.498655   data arrival time
---------------------------------------------------------------------------------------------
                                              1.415198   slack (MET)


Startpoint: _159_ (rising edge-triggered flip-flop clocked by clk)
Endpoint: _159_ (rising edge-triggered flip-flop clocked by clk)
Path Group: clk
Path Type: min

Fanout         Cap        Slew       Delay        Time   Description
---------------------------------------------------------------------------------------------
                                  0.000000    0.000000   clock clk (rise edge)
                                  0.000000    0.000000   clock source latency
     1    0.030694    0.226755    0.102551    0.102551 ^ clk (in)
     4    0.097190    0.219144    0.378040    0.480591 ^ clkbuf_0_clk/Z (gf180mcu_fd_sc_mcu7t5v0__clkbuf_16)
     5    0.026711    0.127084    0.311539    0.792130 ^ clkbuf_2_3__f_clk/Z (gf180mcu_fd_sc_mcu7t5v0__clkbuf_16)
                      0.127084    0.000068    0.792198 ^ _159_/CLK (gf180mcu_fd_sc_mcu7t5v0__dffq_1)
     2    0.013354    0.388203    1.121171    1.913369 ^ _159_/Q (gf180mcu_fd_sc_mcu7t5v0__dffq_1)
     3    0.018984    0.451539    0.359903    2.273271 v _115_/Z (gf180mcu_fd_sc_mcu7t5v0__xor2_1)
     1    0.003096    0.236884    0.263244    2.536515 ^ _130_/ZN (gf180mcu_fd_sc_mcu7t5v0__nand2_1)
                      0.236884    0.000030    2.536545 ^ _159_/D (gf180mcu_fd_sc_mcu7t5v0__dffq_1)
                                              2.536545   data arrival time

                                  0.000000    0.000000   clock clk (rise edge)
                                  0.000000    0.000000   clock source latency
     1    0.030694    0.226755    0.113346    0.113346 ^ clk (in)
     4    0.097190    0.219144    0.417833    0.531179 ^ clkbuf_0_clk/Z (gf180mcu_fd_sc_mcu7t5v0__clkbuf_16)
     5    0.026711    0.127084    0.344332    0.875512 ^ clkbuf_2_3__f_clk/Z (gf180mcu_fd_sc_mcu7t5v0__clkbuf_16)
                      0.127084    0.000075    0.875587 ^ _159_/CLK (gf180mcu_fd_sc_mcu7t5v0__dffq_1)
                                  0.250000    1.125587   clock uncertainty
                                 -0.083389    1.042198   clock reconvergence pessimism
                                  0.028423    1.070621   library hold time
                                              1.070621   data required time
---------------------------------------------------------------------------------------------
                                              1.070621   data required time
                                             -2.536545   data arrival time
---------------------------------------------------------------------------------------------
                                              1.465924   slack (MET)


Startpoint: _160_ (rising edge-triggered flip-flop clocked by clk)
Endpoint: _160_ (rising edge-triggered flip-flop clocked by clk)
Path Group: clk
Path Type: min

Fanout         Cap        Slew       Delay        Time   Description
---------------------------------------------------------------------------------------------
                                  0.000000    0.000000   clock clk (rise edge)
                                  0.000000    0.000000   clock source latency
     1    0.030694    0.226755    0.102551    0.102551 ^ clk (in)
     4    0.097190    0.219144    0.378040    0.480591 ^ clkbuf_0_clk/Z (gf180mcu_fd_sc_mcu7t5v0__clkbuf_16)
     5    0.026711    0.127084    0.311539    0.792130 ^ clkbuf_2_3__f_clk/Z (gf180mcu_fd_sc_mcu7t5v0__clkbuf_16)
                      0.127084    0.000305    0.792435 ^ _160_/CLK (gf180mcu_fd_sc_mcu7t5v0__dffq_1)
     3    0.017119    0.285231    0.992311    1.784746 v _160_/Q (gf180mcu_fd_sc_mcu7t5v0__dffq_1)
     3    0.018114    1.022405    0.636370    2.421116 ^ _117_/Z (gf180mcu_fd_sc_mcu7t5v0__xor2_1)
     1    0.003025    0.273699    0.147871    2.568987 v _131_/ZN (gf180mcu_fd_sc_mcu7t5v0__nand2_1)
                      0.273699    0.000029    2.569016 v _160_/D (gf180mcu_fd_sc_mcu7t5v0__dffq_1)
                                              2.569016   data arrival time

                                  0.000000    0.000000   clock clk (rise edge)
                                  0.000000    0.000000   clock source latency
     1    0.030694    0.226755    0.113346    0.113346 ^ clk (in)
     4    0.097190    0.219144    0.417833    0.531179 ^ clkbuf_0_clk/Z (gf180mcu_fd_sc_mcu7t5v0__clkbuf_16)
     5    0.026711    0.127084    0.344332    0.875512 ^ clkbuf_2_3__f_clk/Z (gf180mcu_fd_sc_mcu7t5v0__clkbuf_16)
                      0.127084    0.000338    0.875849 ^ _160_/CLK (gf180mcu_fd_sc_mcu7t5v0__dffq_1)
                                  0.250000    1.125849   clock uncertainty
                                 -0.083414    1.042435   clock reconvergence pessimism
                                  0.039575    1.082010   library hold time
                                              1.082010   data required time
---------------------------------------------------------------------------------------------
                                              1.082010   data required time
                                             -2.569016   data arrival time
---------------------------------------------------------------------------------------------
                                              1.487006   slack (MET)


Startpoint: _158_ (rising edge-triggered flip-flop clocked by clk)
Endpoint: _158_ (rising edge-triggered flip-flop clocked by clk)
Path Group: clk
Path Type: min

Fanout         Cap        Slew       Delay        Time   Description
---------------------------------------------------------------------------------------------
                                  0.000000    0.000000   clock clk (rise edge)
                                  0.000000    0.000000   clock source latency
     1    0.030694    0.226755    0.102551    0.102551 ^ clk (in)
     4    0.097190    0.219144    0.378040    0.480591 ^ clkbuf_0_clk/Z (gf180mcu_fd_sc_mcu7t5v0__clkbuf_16)
     5    0.026711    0.127084    0.311539    0.792130 ^ clkbuf_2_3__f_clk/Z (gf180mcu_fd_sc_mcu7t5v0__clkbuf_16)
                      0.127084    0.000037    0.792167 ^ _158_/CLK (gf180mcu_fd_sc_mcu7t5v0__dffq_1)
     3    0.018823    0.303190    1.005611    1.797778 v _158_/Q (gf180mcu_fd_sc_mcu7t5v0__dffq_1)
     3    0.017853    0.981975    0.634736    2.432514 ^ _113_/Z (gf180mcu_fd_sc_mcu7t5v0__xor2_1)
     1    0.002804    0.263309    0.143741    2.576256 v _129_/ZN (gf180mcu_fd_sc_mcu7t5v0__nand2_1)
                      0.263309    0.000026    2.576282 v _158_/D (gf180mcu_fd_sc_mcu7t5v0__dffq_1)
                                              2.576282   data arrival time

                                  0.000000    0.000000   clock clk (rise edge)
                                  0.000000    0.000000   clock source latency
     1    0.030694    0.226755    0.113346    0.113346 ^ clk (in)
     4    0.097190    0.219144    0.417833    0.531179 ^ clkbuf_0_clk/Z (gf180mcu_fd_sc_mcu7t5v0__clkbuf_16)
     5    0.026711    0.127084    0.344332    0.875512 ^ clkbuf_2_3__f_clk/Z (gf180mcu_fd_sc_mcu7t5v0__clkbuf_16)
                      0.127084    0.000041    0.875553 ^ _158_/CLK (gf180mcu_fd_sc_mcu7t5v0__dffq_1)
                                  0.250000    1.125553   clock uncertainty
                                 -0.083386    1.042167   clock reconvergence pessimism
                                  0.041832    1.083999   library hold time
                                              1.083999   data required time
---------------------------------------------------------------------------------------------
                                              1.083999   data required time
                                             -2.576282   data arrival time
---------------------------------------------------------------------------------------------
                                              1.492283   slack (MET)


Startpoint: _154_ (rising edge-triggered flip-flop clocked by clk)
Endpoint: _154_ (rising edge-triggered flip-flop clocked by clk)
Path Group: clk
Path Type: min

Fanout         Cap        Slew       Delay        Time   Description
---------------------------------------------------------------------------------------------
                                  0.000000    0.000000   clock clk (rise edge)
                                  0.000000    0.000000   clock source latency
     1    0.030694    0.226755    0.102551    0.102551 ^ clk (in)
     4    0.097190    0.219144    0.378040    0.480591 ^ clkbuf_0_clk/Z (gf180mcu_fd_sc_mcu7t5v0__clkbuf_16)
     5    0.023826    0.123243    0.308658    0.789249 ^ clkbuf_2_0__f_clk/Z (gf180mcu_fd_sc_mcu7t5v0__clkbuf_16)
                      0.123243    0.000064    0.789312 ^ _154_/CLK (gf180mcu_fd_sc_mcu7t5v0__dffq_1)
     5    0.027372    0.395227    1.071242    1.860554 v _154_/Q (gf180mcu_fd_sc_mcu7t5v0__dffq_1)
     2    0.011622    0.549677    0.601936    2.462490 ^ _105_/ZN (gf180mcu_fd_sc_mcu7t5v0__xnor2_1)
     1    0.002881    0.197758    0.144891    2.607382 v _125_/ZN (gf180mcu_fd_sc_mcu7t5v0__nand2_1)
                      0.197758    0.000027    2.607409 v _154_/D (gf180mcu_fd_sc_mcu7t5v0__dffq_1)
                                              2.607409   data arrival time

                                  0.000000    0.000000   clock clk (rise edge)
                                  0.000000    0.000000   clock source latency
     1    0.030694    0.226755    0.113346    0.113346 ^ clk (in)
     4    0.097190    0.219144    0.417833    0.531179 ^ clkbuf_0_clk/Z (gf180mcu_fd_sc_mcu7t5v0__clkbuf_16)
     5    0.023826    0.123243    0.341148    0.872327 ^ clkbuf_2_0__f_clk/Z (gf180mcu_fd_sc_mcu7t5v0__clkbuf_16)
                      0.123243    0.000070    0.872398 ^ _154_/CLK (gf180mcu_fd_sc_mcu7t5v0__dffq_1)
                                  0.250000    1.122398   clock uncertainty
                                 -0.083085    1.039312   clock reconvergence pessimism
                                  0.055119    1.094431   library hold time
                                              1.094431   data required time
---------------------------------------------------------------------------------------------
                                              1.094431   data required time
                                             -2.607409   data arrival time
---------------------------------------------------------------------------------------------
                                              1.512977   slack (MET)


Startpoint: _156_ (rising edge-triggered flip-flop clocked by clk)
Endpoint: _156_ (rising edge-triggered flip-flop clocked by clk)
Path Group: clk
Path Type: min

Fanout         Cap        Slew       Delay        Time   Description
---------------------------------------------------------------------------------------------
                                  0.000000    0.000000   clock clk (rise edge)
                                  0.000000    0.000000   clock source latency
     1    0.030694    0.226755    0.102551    0.102551 ^ clk (in)
     4    0.097190    0.219144    0.378040    0.480591 ^ clkbuf_0_clk/Z (gf180mcu_fd_sc_mcu7t5v0__clkbuf_16)
     5    0.027281    0.127841    0.312543    0.793134 ^ clkbuf_2_1__f_clk/Z (gf180mcu_fd_sc_mcu7t5v0__clkbuf_16)
                      0.127841    0.000033    0.793167 ^ _156_/CLK (gf180mcu_fd_sc_mcu7t5v0__dffq_1)
     2    0.013237    0.244309    0.962192    1.755359 v _156_/Q (gf180mcu_fd_sc_mcu7t5v0__dffq_1)
     3    0.018921    1.027963    0.646394    2.401753 ^ _108_/Z (gf180mcu_fd_sc_mcu7t5v0__xor2_1)
     1    0.002943    0.172781    0.391295    2.793048 ^ _127_/Z (gf180mcu_fd_sc_mcu7t5v0__or2_1)
                      0.172781    0.000029    2.793077 ^ _156_/D (gf180mcu_fd_sc_mcu7t5v0__dffq_1)
                                              2.793077   data arrival time

                                  0.000000    0.000000   clock clk (rise edge)
                                  0.000000    0.000000   clock source latency
     1    0.030694    0.226755    0.113346    0.113346 ^ clk (in)
     4    0.097190    0.219144    0.417833    0.531179 ^ clkbuf_0_clk/Z (gf180mcu_fd_sc_mcu7t5v0__clkbuf_16)
     5    0.027281    0.127841    0.345442    0.876621 ^ clkbuf_2_1__f_clk/Z (gf180mcu_fd_sc_mcu7t5v0__clkbuf_16)
                      0.127841    0.000037    0.876658 ^ _156_/CLK (gf180mcu_fd_sc_mcu7t5v0__dffq_1)
                                  0.250000    1.126658   clock uncertainty
                                 -0.083491    1.043167   clock reconvergence pessimism
                                  0.036905    1.080072   library hold time
                                              1.080072   data required time
---------------------------------------------------------------------------------------------
                                              1.080072   data required time
                                             -2.793077   data arrival time
---------------------------------------------------------------------------------------------
                                              1.713004   slack (MET)


Startpoint: _157_ (rising edge-triggered flip-flop clocked by clk)
Endpoint: _157_ (rising edge-triggered flip-flop clocked by clk)
Path Group: clk
Path Type: min

Fanout         Cap        Slew       Delay        Time   Description
---------------------------------------------------------------------------------------------
                                  0.000000    0.000000   clock clk (rise edge)
                                  0.000000    0.000000   clock source latency
     1    0.030694    0.226755    0.102551    0.102551 ^ clk (in)
     4    0.097190    0.219144    0.378040    0.480591 ^ clkbuf_0_clk/Z (gf180mcu_fd_sc_mcu7t5v0__clkbuf_16)
     5    0.026711    0.127084    0.311539    0.792130 ^ clkbuf_2_3__f_clk/Z (gf180mcu_fd_sc_mcu7t5v0__clkbuf_16)
                      0.127084    0.000069    0.792198 ^ _157_/CLK (gf180mcu_fd_sc_mcu7t5v0__dffq_1)
     4    0.024466    0.657537    1.262890    2.055088 ^ _157_/Q (gf180mcu_fd_sc_mcu7t5v0__dffq_1)
     2    0.013377    0.387752    0.338721    2.393809 v _110_/Z (gf180mcu_fd_sc_mcu7t5v0__xor2_1)
     2    0.010448    0.331336    0.289408    2.683217 ^ _111_/ZN (gf180mcu_fd_sc_mcu7t5v0__clkinv_1)
     1    0.003016    0.166182    0.140516    2.823733 v _128_/ZN (gf180mcu_fd_sc_mcu7t5v0__nand2_1)
                      0.166182    0.000029    2.823762 v _157_/D (gf180mcu_fd_sc_mcu7t5v0__dffq_1)
                                              2.823762   data arrival time

                                  0.000000    0.000000   clock clk (rise edge)
                                  0.000000    0.000000   clock source latency
     1    0.030694    0.226755    0.113346    0.113346 ^ clk (in)
     4    0.097190    0.219144    0.417833    0.531179 ^ clkbuf_0_clk/Z (gf180mcu_fd_sc_mcu7t5v0__clkbuf_16)
     5    0.026711    0.127084    0.344332    0.875512 ^ clkbuf_2_3__f_clk/Z (gf180mcu_fd_sc_mcu7t5v0__clkbuf_16)
                      0.127084    0.000076    0.875587 ^ _157_/CLK (gf180mcu_fd_sc_mcu7t5v0__dffq_1)
                                  0.250000    1.125587   clock uncertainty
                                 -0.083389    1.042198   clock reconvergence pessimism
                                  0.062931    1.105129   library hold time
                                              1.105129   data required time
---------------------------------------------------------------------------------------------
                                              1.105129   data required time
                                             -2.823762   data arrival time
---------------------------------------------------------------------------------------------
                                              1.718633   slack (MET)


R2R_END_HOLD max_tt_025C_3v30
