OpenROAD dcf36133a369abc8f3c5e5738cd4d82e4903c0e0 
Features included (+) or not (-): +GPU +GUI +Python
This program is licensed under the BSD-3 license. See the LICENSE file for details.
Components of this program may be licensed under more restrictive licenses which must be honored.
[INFO ODB-0388] unsupported LEF58_EOLENCLOSURE property for layer Via1 :"
  	EOLENCLOSURE 0.34 0.06 ;"
[INFO ODB-0388] unsupported LEF58_EOLENCLOSURE property for layer Via2 :" EOLENCLOSURE 0.34 0.06 ; "
[INFO ODB-0388] unsupported LEF58_EOLENCLOSURE property for layer Via3 :" EOLENCLOSURE 0.34 0.06 ; "
[INFO ODB-0388] unsupported LEF58_EOLENCLOSURE property for layer Via4 :" EOLENCLOSURE 0.34 0.06 ; "
[INFO ODB-0227] LEF file: /Users/kimmy/Projects/open-microled-driver-asic/build/layout/pdk/gf180mcuD/libs.ref/gf180mcu_fd_sc_mcu7t5v0/techlef/gf180mcu_fd_sc_mcu7t5v0__min.tlef, created 15 layers, 56 vias
[WARNING ODB-0220] WARNING (LEFPARS-2008): NOWIREEXTENSIONATPIN statement is obsolete in version 5.6 or later.
The NOWIREEXTENSIONATPIN statement will be ignored. See file /Users/kimmy/Projects/open-microled-driver-asic/build/layout/pdk/gf180mcuD/libs.ref/gf180mcu_fd_sc_mcu7t5v0/lef/gf180mcu_fd_sc_mcu7t5v0.lef at line 2.

[INFO ODB-0227] LEF file: /Users/kimmy/Projects/open-microled-driver-asic/build/layout/pdk/gf180mcuD/libs.ref/gf180mcu_fd_sc_mcu7t5v0/lef/gf180mcu_fd_sc_mcu7t5v0.lef, created 229 library cells
R2R_BEGIN_SETUP min_tt_025C_3v30
Startpoint: _153_ (rising edge-triggered flip-flop clocked by clk)
Endpoint: _152_ (rising edge-triggered flip-flop clocked by clk)
Path Group: clk
Path Type: max

Fanout         Cap        Slew       Delay        Time   Description
---------------------------------------------------------------------------------------------
                                  0.000000    0.000000   clock clk (rise edge)
                                  0.000000    0.000000   clock source latency
     1    0.029329    0.218920    0.108348    0.108348 ^ clk (in)
     4    0.095622    0.217147    0.414360    0.522708 ^ clkbuf_0_clk/Z (gf180mcu_fd_sc_mcu7t5v0__clkbuf_16)
     5    0.025281    0.125185    0.342347    0.865055 ^ clkbuf_2_1__f_clk/Z (gf180mcu_fd_sc_mcu7t5v0__clkbuf_16)
                      0.125185    0.000193    0.865248 ^ _153_/CLK (gf180mcu_fd_sc_mcu7t5v0__dffq_1)
     6    0.031054    0.784923    1.487856    2.353104 ^ _153_/Q (gf180mcu_fd_sc_mcu7t5v0__dffq_1)
     4    0.025418    0.694024    0.992466    3.345570 ^ _080_/Z (gf180mcu_fd_sc_mcu7t5v0__and3_1)
     3    0.017366    1.041416    0.923892    4.269462 ^ _108_/Z (gf180mcu_fd_sc_mcu7t5v0__xor2_1)
     1    0.008122    0.633942    0.543746    4.813208 v _109_/ZN (gf180mcu_fd_sc_mcu7t5v0__aoi221_1)
     1    0.005152    1.228512    0.771839    5.585046 ^ _114_/ZN (gf180mcu_fd_sc_mcu7t5v0__oai222_1)
     1    0.005680    0.225345    0.448760    6.033806 ^ wire13/Z (gf180mcu_fd_sc_mcu7t5v0__clkbuf_1)
     1    0.007647    0.454056    0.217435    6.251241 v _119_/ZN (gf180mcu_fd_sc_mcu7t5v0__aoi21_1)
     1    0.011012    0.764508    0.615496    6.866737 ^ _122_/ZN (gf180mcu_fd_sc_mcu7t5v0__oai211_1)
     1    0.003124    0.376942    0.174901    7.041638 v _123_/ZN (gf180mcu_fd_sc_mcu7t5v0__aoi21_1)
                      0.376942    0.000060    7.041698 v _152_/D (gf180mcu_fd_sc_mcu7t5v0__dffq_1)
                                              7.041698   data arrival time

                               1000.000000 1000.000000   clock clk (rise edge)
                                  0.000000 1000.000000   clock source latency
     1    0.029329    0.218920    0.097998 1000.098022 ^ clk (in)
     4    0.095622    0.217147    0.374939 1000.472961 ^ clkbuf_0_clk/Z (gf180mcu_fd_sc_mcu7t5v0__clkbuf_16)
     5    0.024264    0.123830    0.308319 1000.781311 ^ clkbuf_2_2__f_clk/Z (gf180mcu_fd_sc_mcu7t5v0__clkbuf_16)
                      0.123830    0.000114 1000.781372 ^ _152_/CLK (gf180mcu_fd_sc_mcu7t5v0__dffq_1)
                                 -0.250000 1000.531372   clock uncertainty
                                  0.049782 1000.581177   clock reconvergence pessimism
                                 -0.450704 1000.130554   library setup time
                                           1000.130554   data required time
---------------------------------------------------------------------------------------------
                                           1000.130554   data required time
                                             -7.041698   data arrival time
---------------------------------------------------------------------------------------------
                                            993.088867   slack (MET)


Startpoint: _153_ (rising edge-triggered flip-flop clocked by clk)
Endpoint: _162_ (rising edge-triggered flip-flop clocked by clk)
Path Group: clk
Path Type: max

Fanout         Cap        Slew       Delay        Time   Description
---------------------------------------------------------------------------------------------
                                  0.000000    0.000000   clock clk (rise edge)
                                  0.000000    0.000000   clock source latency
     1    0.029329    0.218920    0.108348    0.108348 ^ clk (in)
     4    0.095622    0.217147    0.414360    0.522708 ^ clkbuf_0_clk/Z (gf180mcu_fd_sc_mcu7t5v0__clkbuf_16)
     5    0.025281    0.125185    0.342347    0.865055 ^ clkbuf_2_1__f_clk/Z (gf180mcu_fd_sc_mcu7t5v0__clkbuf_16)
                      0.125185    0.000193    0.865248 ^ _153_/CLK (gf180mcu_fd_sc_mcu7t5v0__dffq_1)
     6    0.031054    0.784923    1.487856    2.353104 ^ _153_/Q (gf180mcu_fd_sc_mcu7t5v0__dffq_1)
     4    0.026327    0.744571    1.140202    3.493306 ^ _081_/Z (gf180mcu_fd_sc_mcu7t5v0__and4_1)
     2    0.015013    0.737168    0.567744    4.061049 v _084_/ZN (gf180mcu_fd_sc_mcu7t5v0__nand4_1)
     2    0.008846    0.368653    0.389025    4.450075 ^ _085_/ZN (gf180mcu_fd_sc_mcu7t5v0__clkinv_1)
     2    0.016930    0.481553    0.625456    5.075531 ^ _086_/Z (gf180mcu_fd_sc_mcu7t5v0__and2_1)
    10    0.058322    0.722895    0.687818    5.763349 ^ fanout14/Z (gf180mcu_fd_sc_mcu7t5v0__buf_2)
     1    0.004929    0.300620    0.265093    6.028442 v _134_/ZN (gf180mcu_fd_sc_mcu7t5v0__nor2_1)
     1    0.003268    0.709269    0.610571    6.639013 ^ _135_/ZN (gf180mcu_fd_sc_mcu7t5v0__aoi211_1)
                      0.709269    0.000035    6.639048 ^ _162_/D (gf180mcu_fd_sc_mcu7t5v0__dffq_1)
                                              6.639048   data arrival time

                               1000.000000 1000.000000   clock clk (rise edge)
                                  0.000000 1000.000000   clock source latency
     1    0.029329    0.218920    0.097998 1000.098022 ^ clk (in)
     4    0.095622    0.217147    0.374939 1000.472961 ^ clkbuf_0_clk/Z (gf180mcu_fd_sc_mcu7t5v0__clkbuf_16)
     5    0.022301    0.121211    0.306386 1000.779358 ^ clkbuf_2_0__f_clk/Z (gf180mcu_fd_sc_mcu7t5v0__clkbuf_16)
                      0.121211    0.000227 1000.779602 ^ _162_/CLK (gf180mcu_fd_sc_mcu7t5v0__dffq_1)
                                 -0.250000 1000.529602   clock uncertainty
                                  0.049782 1000.579346   clock reconvergence pessimism
                                 -0.439299 1000.140076   library setup time
                                           1000.140076   data required time
---------------------------------------------------------------------------------------------
                                           1000.140076   data required time
                                             -6.639048   data arrival time
---------------------------------------------------------------------------------------------
                                            993.500977   slack (MET)


Startpoint: _153_ (rising edge-triggered flip-flop clocked by clk)
Endpoint: _161_ (rising edge-triggered flip-flop clocked by clk)
Path Group: clk
Path Type: max

Fanout         Cap        Slew       Delay        Time   Description
---------------------------------------------------------------------------------------------
                                  0.000000    0.000000   clock clk (rise edge)
                                  0.000000    0.000000   clock source latency
     1    0.029329    0.218920    0.108348    0.108348 ^ clk (in)
     4    0.095622    0.217147    0.414360    0.522708 ^ clkbuf_0_clk/Z (gf180mcu_fd_sc_mcu7t5v0__clkbuf_16)
     5    0.025281    0.125185    0.342347    0.865055 ^ clkbuf_2_1__f_clk/Z (gf180mcu_fd_sc_mcu7t5v0__clkbuf_16)
                      0.125185    0.000193    0.865248 ^ _153_/CLK (gf180mcu_fd_sc_mcu7t5v0__dffq_1)
     6    0.031054    0.784923    1.487856    2.353104 ^ _153_/Q (gf180mcu_fd_sc_mcu7t5v0__dffq_1)
     4    0.026327    0.744571    1.140202    3.493306 ^ _081_/Z (gf180mcu_fd_sc_mcu7t5v0__and4_1)
     2    0.015013    0.737168    0.567744    4.061049 v _084_/ZN (gf180mcu_fd_sc_mcu7t5v0__nand4_1)
     2    0.008846    0.368653    0.389025    4.450075 ^ _085_/ZN (gf180mcu_fd_sc_mcu7t5v0__clkinv_1)
     2    0.016930    0.481553    0.625456    5.075531 ^ _086_/Z (gf180mcu_fd_sc_mcu7t5v0__and2_1)
    10    0.058322    0.722895    0.687818    5.763349 ^ fanout14/Z (gf180mcu_fd_sc_mcu7t5v0__buf_2)
     1    0.004366    0.291176    0.254710    6.018059 v _132_/ZN (gf180mcu_fd_sc_mcu7t5v0__nor2_1)
     1    0.002852    0.682047    0.591833    6.609891 ^ _133_/ZN (gf180mcu_fd_sc_mcu7t5v0__aoi211_1)
                      0.682047    0.000028    6.609920 ^ _161_/D (gf180mcu_fd_sc_mcu7t5v0__dffq_1)
                                              6.609920   data arrival time

                               1000.000000 1000.000000   clock clk (rise edge)
                                  0.000000 1000.000000   clock source latency
     1    0.029329    0.218920    0.097998 1000.098022 ^ clk (in)
     4    0.095622    0.217147    0.374939 1000.472961 ^ clkbuf_0_clk/Z (gf180mcu_fd_sc_mcu7t5v0__clkbuf_16)
     5    0.022301    0.121211    0.306386 1000.779358 ^ clkbuf_2_0__f_clk/Z (gf180mcu_fd_sc_mcu7t5v0__clkbuf_16)
                      0.121211    0.000114 1000.779480 ^ _161_/CLK (gf180mcu_fd_sc_mcu7t5v0__dffq_1)
                                 -0.250000 1000.529480   clock uncertainty
                                  0.049782 1000.579285   clock reconvergence pessimism
                                 -0.438265 1000.140991   library setup time
                                           1000.140991   data required time
---------------------------------------------------------------------------------------------
                                           1000.140991   data required time
                                             -6.609920   data arrival time
---------------------------------------------------------------------------------------------
                                            993.531128   slack (MET)


Startpoint: _153_ (rising edge-triggered flip-flop clocked by clk)
Endpoint: _164_ (rising edge-triggered flip-flop clocked by clk)
Path Group: clk
Path Type: max

Fanout         Cap        Slew       Delay        Time   Description
---------------------------------------------------------------------------------------------
                                  0.000000    0.000000   clock clk (rise edge)
                                  0.000000    0.000000   clock source latency
     1    0.029329    0.218920    0.108348    0.108348 ^ clk (in)
     4    0.095622    0.217147    0.414360    0.522708 ^ clkbuf_0_clk/Z (gf180mcu_fd_sc_mcu7t5v0__clkbuf_16)
     5    0.025281    0.125185    0.342347    0.865055 ^ clkbuf_2_1__f_clk/Z (gf180mcu_fd_sc_mcu7t5v0__clkbuf_16)
                      0.125185    0.000193    0.865248 ^ _153_/CLK (gf180mcu_fd_sc_mcu7t5v0__dffq_1)
     6    0.031054    0.784923    1.487856    2.353104 ^ _153_/Q (gf180mcu_fd_sc_mcu7t5v0__dffq_1)
     4    0.026327    0.744571    1.140202    3.493306 ^ _081_/Z (gf180mcu_fd_sc_mcu7t5v0__and4_1)
     2    0.015013    0.737168    0.567744    4.061049 v _084_/ZN (gf180mcu_fd_sc_mcu7t5v0__nand4_1)
     2    0.008846    0.368653    0.389025    4.450075 ^ _085_/ZN (gf180mcu_fd_sc_mcu7t5v0__clkinv_1)
     2    0.016930    0.481553    0.625456    5.075531 ^ _086_/Z (gf180mcu_fd_sc_mcu7t5v0__and2_1)
    10    0.058322    0.722895    0.687818    5.763349 ^ fanout14/Z (gf180mcu_fd_sc_mcu7t5v0__buf_2)
     1    0.006221    0.357579    0.306383    6.069732 v _138_/ZN (gf180mcu_fd_sc_mcu7t5v0__oai21_1)
     1    0.002655    0.404446    0.412521    6.482252 ^ _139_/ZN (gf180mcu_fd_sc_mcu7t5v0__aoi21_1)
                      0.404446    0.000026    6.482278 ^ _164_/D (gf180mcu_fd_sc_mcu7t5v0__dffq_1)
                                              6.482278   data arrival time

                               1000.000000 1000.000000   clock clk (rise edge)
                                  0.000000 1000.000000   clock source latency
     1    0.029329    0.218920    0.097998 1000.098022 ^ clk (in)
     4    0.095622    0.217147    0.374939 1000.472961 ^ clkbuf_0_clk/Z (gf180mcu_fd_sc_mcu7t5v0__clkbuf_16)
     5    0.022301    0.121211    0.306386 1000.779358 ^ clkbuf_2_0__f_clk/Z (gf180mcu_fd_sc_mcu7t5v0__clkbuf_16)
                      0.121211    0.000114 1000.779480 ^ _164_/CLK (gf180mcu_fd_sc_mcu7t5v0__dffq_1)
                                 -0.250000 1000.529480   clock uncertainty
                                  0.049782 1000.579285   clock reconvergence pessimism
                                 -0.408332 1000.170898   library setup time
                                           1000.170898   data required time
---------------------------------------------------------------------------------------------
                                           1000.170898   data required time
                                             -6.482278   data arrival time
---------------------------------------------------------------------------------------------
                                            993.688599   slack (MET)


Startpoint: _153_ (rising edge-triggered flip-flop clocked by clk)
Endpoint: _163_ (rising edge-triggered flip-flop clocked by clk)
Path Group: clk
Path Type: max

Fanout         Cap        Slew       Delay        Time   Description
---------------------------------------------------------------------------------------------
                                  0.000000    0.000000   clock clk (rise edge)
                                  0.000000    0.000000   clock source latency
     1    0.029329    0.218920    0.108348    0.108348 ^ clk (in)
     4    0.095622    0.217147    0.414360    0.522708 ^ clkbuf_0_clk/Z (gf180mcu_fd_sc_mcu7t5v0__clkbuf_16)
     5    0.025281    0.125185    0.342347    0.865055 ^ clkbuf_2_1__f_clk/Z (gf180mcu_fd_sc_mcu7t5v0__clkbuf_16)
                      0.125185    0.000193    0.865248 ^ _153_/CLK (gf180mcu_fd_sc_mcu7t5v0__dffq_1)
     6    0.031054    0.784923    1.487856    2.353104 ^ _153_/Q (gf180mcu_fd_sc_mcu7t5v0__dffq_1)
     4    0.026327    0.744571    1.140202    3.493306 ^ _081_/Z (gf180mcu_fd_sc_mcu7t5v0__and4_1)
     2    0.015013    0.737168    0.567744    4.061049 v _084_/ZN (gf180mcu_fd_sc_mcu7t5v0__nand4_1)
     2    0.008846    0.368653    0.389025    4.450075 ^ _085_/ZN (gf180mcu_fd_sc_mcu7t5v0__clkinv_1)
     2    0.016930    0.481553    0.625456    5.075531 ^ _086_/Z (gf180mcu_fd_sc_mcu7t5v0__and2_1)
    10    0.058322    0.722895    0.687818    5.763349 ^ fanout14/Z (gf180mcu_fd_sc_mcu7t5v0__buf_2)
     1    0.004757    0.330020    0.279928    6.043276 v _136_/ZN (gf180mcu_fd_sc_mcu7t5v0__oai21_1)
     1    0.003142    0.420921    0.420568    6.463844 ^ _137_/ZN (gf180mcu_fd_sc_mcu7t5v0__aoi21_1)
                      0.420921    0.000033    6.463877 ^ _163_/D (gf180mcu_fd_sc_mcu7t5v0__dffq_1)
                                              6.463877   data arrival time

                               1000.000000 1000.000000   clock clk (rise edge)
                                  0.000000 1000.000000   clock source latency
     1    0.029329    0.218920    0.097998 1000.098022 ^ clk (in)
     4    0.095622    0.217147    0.374939 1000.472961 ^ clkbuf_0_clk/Z (gf180mcu_fd_sc_mcu7t5v0__clkbuf_16)
     5    0.022301    0.121211    0.306386 1000.779358 ^ clkbuf_2_0__f_clk/Z (gf180mcu_fd_sc_mcu7t5v0__clkbuf_16)
                      0.121211    0.000114 1000.779480 ^ _163_/CLK (gf180mcu_fd_sc_mcu7t5v0__dffq_1)
                                 -0.250000 1000.529480   clock uncertainty
                                  0.049782 1000.579285   clock reconvergence pessimism
                                 -0.410108 1000.169189   library setup time
                                           1000.169189   data required time
---------------------------------------------------------------------------------------------
                                           1000.169189   data required time
                                             -6.463877   data arrival time
---------------------------------------------------------------------------------------------
                                            993.705322   slack (MET)


Startpoint: _153_ (rising edge-triggered flip-flop clocked by clk)
Endpoint: _165_ (rising edge-triggered flip-flop clocked by clk)
Path Group: clk
Path Type: max

Fanout         Cap        Slew       Delay        Time   Description
---------------------------------------------------------------------------------------------
                                  0.000000    0.000000   clock clk (rise edge)
                                  0.000000    0.000000   clock source latency
     1    0.029329    0.218920    0.108348    0.108348 ^ clk (in)
     4    0.095622    0.217147    0.414360    0.522708 ^ clkbuf_0_clk/Z (gf180mcu_fd_sc_mcu7t5v0__clkbuf_16)
     5    0.025281    0.125185    0.342347    0.865055 ^ clkbuf_2_1__f_clk/Z (gf180mcu_fd_sc_mcu7t5v0__clkbuf_16)
                      0.125185    0.000193    0.865248 ^ _153_/CLK (gf180mcu_fd_sc_mcu7t5v0__dffq_1)
     6    0.031054    0.784923    1.487856    2.353104 ^ _153_/Q (gf180mcu_fd_sc_mcu7t5v0__dffq_1)
     4    0.026327    0.744571    1.140202    3.493306 ^ _081_/Z (gf180mcu_fd_sc_mcu7t5v0__and4_1)
     2    0.015013    0.737168    0.567744    4.061049 v _084_/ZN (gf180mcu_fd_sc_mcu7t5v0__nand4_1)
     2    0.008846    0.368653    0.389025    4.450075 ^ _085_/ZN (gf180mcu_fd_sc_mcu7t5v0__clkinv_1)
     2    0.016930    0.481553    0.625456    5.075531 ^ _086_/Z (gf180mcu_fd_sc_mcu7t5v0__and2_1)
    10    0.058322    0.722895    0.687818    5.763349 ^ fanout14/Z (gf180mcu_fd_sc_mcu7t5v0__buf_2)
     1    0.005908    0.351372    0.299937    6.063286 v _140_/ZN (gf180mcu_fd_sc_mcu7t5v0__oai21_1)
     1    0.003136    0.426974    0.424605    6.487891 ^ _141_/ZN (gf180mcu_fd_sc_mcu7t5v0__aoi21_1)
                      0.426974    0.000062    6.487953 ^ _165_/D (gf180mcu_fd_sc_mcu7t5v0__dffq_1)
                                              6.487953   data arrival time

                               1000.000000 1000.000000   clock clk (rise edge)
                                  0.000000 1000.000000   clock source latency
     1    0.029329    0.218920    0.097998 1000.098022 ^ clk (in)
     4    0.095622    0.217147    0.374939 1000.472961 ^ clkbuf_0_clk/Z (gf180mcu_fd_sc_mcu7t5v0__clkbuf_16)
     5    0.025281    0.125185    0.309683 1000.782654 ^ clkbuf_2_1__f_clk/Z (gf180mcu_fd_sc_mcu7t5v0__clkbuf_16)
                      0.125185    0.000227 1000.782898 ^ _165_/CLK (gf180mcu_fd_sc_mcu7t5v0__dffq_1)
                                 -0.250000 1000.532898   clock uncertainty
                                  0.082386 1000.615295   clock reconvergence pessimism
                                 -0.409621 1000.205688   library setup time
                                           1000.205688   data required time
---------------------------------------------------------------------------------------------
                                           1000.205688   data required time
                                             -6.487953   data arrival time
---------------------------------------------------------------------------------------------
                                            993.717712   slack (MET)


Startpoint: _153_ (rising edge-triggered flip-flop clocked by clk)
Endpoint: _167_ (rising edge-triggered flip-flop clocked by clk)
Path Group: clk
Path Type: max

Fanout         Cap        Slew       Delay        Time   Description
---------------------------------------------------------------------------------------------
                                  0.000000    0.000000   clock clk (rise edge)
                                  0.000000    0.000000   clock source latency
     1    0.029329    0.218920    0.108348    0.108348 ^ clk (in)
     4    0.095622    0.217147    0.414360    0.522708 ^ clkbuf_0_clk/Z (gf180mcu_fd_sc_mcu7t5v0__clkbuf_16)
     5    0.025281    0.125185    0.342347    0.865055 ^ clkbuf_2_1__f_clk/Z (gf180mcu_fd_sc_mcu7t5v0__clkbuf_16)
                      0.125185    0.000193    0.865248 ^ _153_/CLK (gf180mcu_fd_sc_mcu7t5v0__dffq_1)
     6    0.031054    0.784923    1.487856    2.353104 ^ _153_/Q (gf180mcu_fd_sc_mcu7t5v0__dffq_1)
     4    0.026327    0.744571    1.140202    3.493306 ^ _081_/Z (gf180mcu_fd_sc_mcu7t5v0__and4_1)
     2    0.015013    0.737168    0.567744    4.061049 v _084_/ZN (gf180mcu_fd_sc_mcu7t5v0__nand4_1)
     2    0.008846    0.368653    0.389025    4.450075 ^ _085_/ZN (gf180mcu_fd_sc_mcu7t5v0__clkinv_1)
     5    0.032712    0.718984    0.539842    4.989917 v _087_/ZN (gf180mcu_fd_sc_mcu7t5v0__nand2_1)
     3    0.017275    0.953898    0.770155    5.760072 ^ _144_/ZN (gf180mcu_fd_sc_mcu7t5v0__nor2_1)
     1    0.004941    0.465760    0.376188    6.136259 v _145_/ZN (gf180mcu_fd_sc_mcu7t5v0__aoi22_1)
     1    0.002938    0.332661    0.326194    6.462453 ^ _146_/ZN (gf180mcu_fd_sc_mcu7t5v0__nor2_1)
                      0.332661    0.000030    6.462483 ^ _167_/D (gf180mcu_fd_sc_mcu7t5v0__dffq_1)
                                              6.462483   data arrival time

                               1000.000000 1000.000000   clock clk (rise edge)
                                  0.000000 1000.000000   clock source latency
     1    0.029329    0.218920    0.097998 1000.098022 ^ clk (in)
     4    0.095622    0.217147    0.374939 1000.472961 ^ clkbuf_0_clk/Z (gf180mcu_fd_sc_mcu7t5v0__clkbuf_16)
     5    0.024264    0.123830    0.308319 1000.781311 ^ clkbuf_2_2__f_clk/Z (gf180mcu_fd_sc_mcu7t5v0__clkbuf_16)
                      0.123830    0.000227 1000.781494 ^ _167_/CLK (gf180mcu_fd_sc_mcu7t5v0__dffq_1)
                                 -0.250000 1000.531494   clock uncertainty
                                  0.049782 1000.581299   clock reconvergence pessimism
                                 -0.399828 1000.181458   library setup time
                                           1000.181458   data required time
---------------------------------------------------------------------------------------------
                                           1000.181458   data required time
                                             -6.462483   data arrival time
---------------------------------------------------------------------------------------------
                                            993.718933   slack (MET)


Startpoint: _153_ (rising edge-triggered flip-flop clocked by clk)
Endpoint: _168_ (rising edge-triggered flip-flop clocked by clk)
Path Group: clk
Path Type: max

Fanout         Cap        Slew       Delay        Time   Description
---------------------------------------------------------------------------------------------
                                  0.000000    0.000000   clock clk (rise edge)
                                  0.000000    0.000000   clock source latency
     1    0.029329    0.218920    0.108348    0.108348 ^ clk (in)
     4    0.095622    0.217147    0.414360    0.522708 ^ clkbuf_0_clk/Z (gf180mcu_fd_sc_mcu7t5v0__clkbuf_16)
     5    0.025281    0.125185    0.342347    0.865055 ^ clkbuf_2_1__f_clk/Z (gf180mcu_fd_sc_mcu7t5v0__clkbuf_16)
                      0.125185    0.000193    0.865248 ^ _153_/CLK (gf180mcu_fd_sc_mcu7t5v0__dffq_1)
     6    0.031054    0.784923    1.487856    2.353104 ^ _153_/Q (gf180mcu_fd_sc_mcu7t5v0__dffq_1)
     4    0.026327    0.744571    1.140202    3.493306 ^ _081_/Z (gf180mcu_fd_sc_mcu7t5v0__and4_1)
     2    0.015013    0.737168    0.567744    4.061049 v _084_/ZN (gf180mcu_fd_sc_mcu7t5v0__nand4_1)
     2    0.008846    0.368653    0.389025    4.450075 ^ _085_/ZN (gf180mcu_fd_sc_mcu7t5v0__clkinv_1)
     5    0.032712    0.718984    0.539842    4.989917 v _087_/ZN (gf180mcu_fd_sc_mcu7t5v0__nand2_1)
     3    0.017275    0.953898    0.770155    5.760072 ^ _144_/ZN (gf180mcu_fd_sc_mcu7t5v0__nor2_1)
     1    0.004557    0.460648    0.369262    6.129333 v _147_/ZN (gf180mcu_fd_sc_mcu7t5v0__aoi22_1)
     1    0.002609    0.318267    0.315912    6.445245 ^ _148_/ZN (gf180mcu_fd_sc_mcu7t5v0__nor2_1)
                      0.318267    0.000025    6.445271 ^ _168_/D (gf180mcu_fd_sc_mcu7t5v0__dffq_1)
                                              6.445271   data arrival time

                               1000.000000 1000.000000   clock clk (rise edge)
                                  0.000000 1000.000000   clock source latency
     1    0.029329    0.218920    0.097998 1000.098022 ^ clk (in)
     4    0.095622    0.217147    0.374939 1000.472961 ^ clkbuf_0_clk/Z (gf180mcu_fd_sc_mcu7t5v0__clkbuf_16)
     5    0.024264    0.123830    0.308319 1000.781311 ^ clkbuf_2_2__f_clk/Z (gf180mcu_fd_sc_mcu7t5v0__clkbuf_16)
                      0.123830    0.000341 1000.781616 ^ _168_/CLK (gf180mcu_fd_sc_mcu7t5v0__dffq_1)
                                 -0.250000 1000.531616   clock uncertainty
                                  0.049782 1000.581421   clock reconvergence pessimism
                                 -0.398274 1000.183167   library setup time
                                           1000.183167   data required time
---------------------------------------------------------------------------------------------
                                           1000.183167   data required time
                                             -6.445271   data arrival time
---------------------------------------------------------------------------------------------
                                            993.737915   slack (MET)


Startpoint: _153_ (rising edge-triggered flip-flop clocked by clk)
Endpoint: _166_ (rising edge-triggered flip-flop clocked by clk)
Path Group: clk
Path Type: max

Fanout         Cap        Slew       Delay        Time   Description
---------------------------------------------------------------------------------------------
                                  0.000000    0.000000   clock clk (rise edge)
                                  0.000000    0.000000   clock source latency
     1    0.029329    0.218920    0.108348    0.108348 ^ clk (in)
     4    0.095622    0.217147    0.414360    0.522708 ^ clkbuf_0_clk/Z (gf180mcu_fd_sc_mcu7t5v0__clkbuf_16)
     5    0.025281    0.125185    0.342347    0.865055 ^ clkbuf_2_1__f_clk/Z (gf180mcu_fd_sc_mcu7t5v0__clkbuf_16)
                      0.125185    0.000193    0.865248 ^ _153_/CLK (gf180mcu_fd_sc_mcu7t5v0__dffq_1)
     6    0.031054    0.784923    1.487856    2.353104 ^ _153_/Q (gf180mcu_fd_sc_mcu7t5v0__dffq_1)
     4    0.026327    0.744571    1.140202    3.493306 ^ _081_/Z (gf180mcu_fd_sc_mcu7t5v0__and4_1)
     2    0.015013    0.737168    0.567744    4.061049 v _084_/ZN (gf180mcu_fd_sc_mcu7t5v0__nand4_1)
     2    0.008846    0.368653    0.389025    4.450075 ^ _085_/ZN (gf180mcu_fd_sc_mcu7t5v0__clkinv_1)
     2    0.016930    0.481553    0.625456    5.075531 ^ _086_/Z (gf180mcu_fd_sc_mcu7t5v0__and2_1)
     5    0.033572    0.440716    0.513015    5.588546 ^ fanout15/Z (gf180mcu_fd_sc_mcu7t5v0__buf_2)
     1    0.004939    0.235813    0.229208    5.817754 v _142_/ZN (gf180mcu_fd_sc_mcu7t5v0__nor2_1)
     1    0.003179    0.703462    0.594239    6.411993 ^ _143_/ZN (gf180mcu_fd_sc_mcu7t5v0__aoi211_1)
                      0.703462    0.000035    6.412027 ^ _166_/D (gf180mcu_fd_sc_mcu7t5v0__dffq_1)
                                              6.412027   data arrival time

                               1000.000000 1000.000000   clock clk (rise edge)
                                  0.000000 1000.000000   clock source latency
     1    0.029329    0.218920    0.097998 1000.098022 ^ clk (in)
     4    0.095622    0.217147    0.374939 1000.472961 ^ clkbuf_0_clk/Z (gf180mcu_fd_sc_mcu7t5v0__clkbuf_16)
     5    0.025281    0.125185    0.309683 1000.782654 ^ clkbuf_2_1__f_clk/Z (gf180mcu_fd_sc_mcu7t5v0__clkbuf_16)
                      0.125185    0.000341 1000.782959 ^ _166_/CLK (gf180mcu_fd_sc_mcu7t5v0__dffq_1)
                                 -0.250000 1000.533020   clock uncertainty
                                  0.082386 1000.615417   clock reconvergence pessimism
                                 -0.438019 1000.177368   library setup time
                                           1000.177368   data required time
---------------------------------------------------------------------------------------------
                                           1000.177368   data required time
                                             -6.412027   data arrival time
---------------------------------------------------------------------------------------------
                                            993.765320   slack (MET)


Startpoint: _153_ (rising edge-triggered flip-flop clocked by clk)
Endpoint: _169_ (rising edge-triggered flip-flop clocked by clk)
Path Group: clk
Path Type: max

Fanout         Cap        Slew       Delay        Time   Description
---------------------------------------------------------------------------------------------
                                  0.000000    0.000000   clock clk (rise edge)
                                  0.000000    0.000000   clock source latency
     1    0.029329    0.218920    0.108348    0.108348 ^ clk (in)
     4    0.095622    0.217147    0.414360    0.522708 ^ clkbuf_0_clk/Z (gf180mcu_fd_sc_mcu7t5v0__clkbuf_16)
     5    0.025281    0.125185    0.342347    0.865055 ^ clkbuf_2_1__f_clk/Z (gf180mcu_fd_sc_mcu7t5v0__clkbuf_16)
                      0.125185    0.000193    0.865248 ^ _153_/CLK (gf180mcu_fd_sc_mcu7t5v0__dffq_1)
     6    0.031054    0.784923    1.487856    2.353104 ^ _153_/Q (gf180mcu_fd_sc_mcu7t5v0__dffq_1)
     4    0.026327    0.744571    1.140202    3.493306 ^ _081_/Z (gf180mcu_fd_sc_mcu7t5v0__and4_1)
     2    0.015013    0.737168    0.567744    4.061049 v _084_/ZN (gf180mcu_fd_sc_mcu7t5v0__nand4_1)
     2    0.008846    0.368653    0.389025    4.450075 ^ _085_/ZN (gf180mcu_fd_sc_mcu7t5v0__clkinv_1)
     2    0.016930    0.481553    0.625456    5.075531 ^ _086_/Z (gf180mcu_fd_sc_mcu7t5v0__and2_1)
     5    0.033572    0.440716    0.513015    5.588546 ^ fanout15/Z (gf180mcu_fd_sc_mcu7t5v0__buf_2)
     1    0.004973    0.274297    0.247822    5.836368 v _149_/ZN (gf180mcu_fd_sc_mcu7t5v0__oai21_1)
     1    0.002756    0.335942    0.286903    6.123270 ^ _150_/ZN (gf180mcu_fd_sc_mcu7t5v0__nor2_1)
                      0.335942    0.000028    6.123298 ^ _169_/D (gf180mcu_fd_sc_mcu7t5v0__dffq_1)
                                              6.123298   data arrival time

                               1000.000000 1000.000000   clock clk (rise edge)
                                  0.000000 1000.000000   clock source latency
     1    0.029329    0.218920    0.097998 1000.098022 ^ clk (in)
     4    0.095622    0.217147    0.374939 1000.472961 ^ clkbuf_0_clk/Z (gf180mcu_fd_sc_mcu7t5v0__clkbuf_16)
     5    0.024264    0.123830    0.308319 1000.781311 ^ clkbuf_2_2__f_clk/Z (gf180mcu_fd_sc_mcu7t5v0__clkbuf_16)
                      0.123830    0.000341 1000.781616 ^ _169_/CLK (gf180mcu_fd_sc_mcu7t5v0__dffq_1)
                                 -0.250000 1000.531616   clock uncertainty
                                  0.049782 1000.581421   clock reconvergence pessimism
                                 -0.400182 1000.181213   library setup time
                                           1000.181213   data required time
---------------------------------------------------------------------------------------------
                                           1000.181213   data required time
                                             -6.123298   data arrival time
---------------------------------------------------------------------------------------------
                                            994.057983   slack (MET)


Startpoint: _153_ (rising edge-triggered flip-flop clocked by clk)
Endpoint: _170_ (rising edge-triggered flip-flop clocked by clk)
Path Group: clk
Path Type: max

Fanout         Cap        Slew       Delay        Time   Description
---------------------------------------------------------------------------------------------
                                  0.000000    0.000000   clock clk (rise edge)
                                  0.000000    0.000000   clock source latency
     1    0.029329    0.218920    0.108348    0.108348 ^ clk (in)
     4    0.095622    0.217147    0.414360    0.522708 ^ clkbuf_0_clk/Z (gf180mcu_fd_sc_mcu7t5v0__clkbuf_16)
     5    0.025281    0.125185    0.342347    0.865055 ^ clkbuf_2_1__f_clk/Z (gf180mcu_fd_sc_mcu7t5v0__clkbuf_16)
                      0.125185    0.000193    0.865248 ^ _153_/CLK (gf180mcu_fd_sc_mcu7t5v0__dffq_1)
     6    0.031054    0.784923    1.487856    2.353104 ^ _153_/Q (gf180mcu_fd_sc_mcu7t5v0__dffq_1)
     4    0.026327    0.744571    1.140202    3.493306 ^ _081_/Z (gf180mcu_fd_sc_mcu7t5v0__and4_1)
     2    0.015013    0.737168    0.567744    4.061049 v _084_/ZN (gf180mcu_fd_sc_mcu7t5v0__nand4_1)
     2    0.008846    0.368653    0.389025    4.450075 ^ _085_/ZN (gf180mcu_fd_sc_mcu7t5v0__clkinv_1)
     2    0.016930    0.481553    0.625456    5.075531 ^ _086_/Z (gf180mcu_fd_sc_mcu7t5v0__and2_1)
     5    0.033572    0.440716    0.513015    5.588546 ^ fanout15/Z (gf180mcu_fd_sc_mcu7t5v0__buf_2)
     1    0.005863    0.230721    0.201026    5.789572 v _088_/ZN (gf180mcu_fd_sc_mcu7t5v0__nand2_1)
     1    0.002691    0.410573    0.262055    6.051627 ^ _151_/ZN (gf180mcu_fd_sc_mcu7t5v0__aoi21_1)
                      0.410573    0.000027    6.051653 ^ _170_/D (gf180mcu_fd_sc_mcu7t5v0__dffq_1)
                                              6.051653   data arrival time

                               1000.000000 1000.000000   clock clk (rise edge)
                                  0.000000 1000.000000   clock source latency
     1    0.029329    0.218920    0.097998 1000.098022 ^ clk (in)
     4    0.095622    0.217147    0.374939 1000.472961 ^ clkbuf_0_clk/Z (gf180mcu_fd_sc_mcu7t5v0__clkbuf_16)
     5    0.024264    0.123830    0.308319 1000.781311 ^ clkbuf_2_2__f_clk/Z (gf180mcu_fd_sc_mcu7t5v0__clkbuf_16)
                      0.123830    0.000114 1000.781372 ^ _170_/CLK (gf180mcu_fd_sc_mcu7t5v0__dffq_1)
                                 -0.250000 1000.531372   clock uncertainty
                                  0.049782 1000.581177   clock reconvergence pessimism
                                 -0.408239 1000.172974   library setup time
                                           1000.172974   data required time
---------------------------------------------------------------------------------------------
                                           1000.172974   data required time
                                             -6.051653   data arrival time
---------------------------------------------------------------------------------------------
                                            994.121277   slack (MET)


Startpoint: _153_ (rising edge-triggered flip-flop clocked by clk)
Endpoint: _160_ (rising edge-triggered flip-flop clocked by clk)
Path Group: clk
Path Type: max

Fanout         Cap        Slew       Delay        Time   Description
---------------------------------------------------------------------------------------------
                                  0.000000    0.000000   clock clk (rise edge)
                                  0.000000    0.000000   clock source latency
     1    0.029329    0.218920    0.108348    0.108348 ^ clk (in)
     4    0.095622    0.217147    0.414360    0.522708 ^ clkbuf_0_clk/Z (gf180mcu_fd_sc_mcu7t5v0__clkbuf_16)
     5    0.025281    0.125185    0.342347    0.865055 ^ clkbuf_2_1__f_clk/Z (gf180mcu_fd_sc_mcu7t5v0__clkbuf_16)
                      0.125185    0.000193    0.865248 ^ _153_/CLK (gf180mcu_fd_sc_mcu7t5v0__dffq_1)
     6    0.031054    0.784923    1.487856    2.353104 ^ _153_/Q (gf180mcu_fd_sc_mcu7t5v0__dffq_1)
     4    0.026327    0.744571    1.140202    3.493306 ^ _081_/Z (gf180mcu_fd_sc_mcu7t5v0__and4_1)
     2    0.015013    0.737168    0.567744    4.061049 v _084_/ZN (gf180mcu_fd_sc_mcu7t5v0__nand4_1)
     3    0.017241    0.494756    1.015071    5.076120 v _117_/Z (gf180mcu_fd_sc_mcu7t5v0__xor2_1)
     1    0.002914    0.263960    0.299910    5.376030 ^ _131_/ZN (gf180mcu_fd_sc_mcu7t5v0__nand2_1)
                      0.263960    0.000030    5.376060 ^ _160_/D (gf180mcu_fd_sc_mcu7t5v0__dffq_1)
                                              5.376060   data arrival time

                               1000.000000 1000.000000   clock clk (rise edge)
                                  0.000000 1000.000000   clock source latency
     1    0.029329    0.218920    0.097998 1000.098022 ^ clk (in)
     4    0.095622    0.217147    0.374939 1000.472961 ^ clkbuf_0_clk/Z (gf180mcu_fd_sc_mcu7t5v0__clkbuf_16)
     5    0.024768    0.124503    0.308887 1000.781860 ^ clkbuf_2_3__f_clk/Z (gf180mcu_fd_sc_mcu7t5v0__clkbuf_16)
                      0.124503    0.000227 1000.782104 ^ _160_/CLK (gf180mcu_fd_sc_mcu7t5v0__dffq_1)
                                 -0.250000 1000.532104   clock uncertainty
                                  0.049782 1000.581848   clock reconvergence pessimism
                                 -0.389877 1000.192017   library setup time
                                           1000.192017   data required time
---------------------------------------------------------------------------------------------
                                           1000.192017   data required time
                                             -5.376060   data arrival time
---------------------------------------------------------------------------------------------
                                            994.816040   slack (MET)


Startpoint: _153_ (rising edge-triggered flip-flop clocked by clk)
Endpoint: _159_ (rising edge-triggered flip-flop clocked by clk)
Path Group: clk
Path Type: max

Fanout         Cap        Slew       Delay        Time   Description
---------------------------------------------------------------------------------------------
                                  0.000000    0.000000   clock clk (rise edge)
                                  0.000000    0.000000   clock source latency
     1    0.029329    0.218920    0.108348    0.108348 ^ clk (in)
     4    0.095622    0.217147    0.414360    0.522708 ^ clkbuf_0_clk/Z (gf180mcu_fd_sc_mcu7t5v0__clkbuf_16)
     5    0.025281    0.125185    0.342347    0.865055 ^ clkbuf_2_1__f_clk/Z (gf180mcu_fd_sc_mcu7t5v0__clkbuf_16)
                      0.125185    0.000193    0.865248 ^ _153_/CLK (gf180mcu_fd_sc_mcu7t5v0__dffq_1)
     6    0.031054    0.784923    1.487856    2.353104 ^ _153_/Q (gf180mcu_fd_sc_mcu7t5v0__dffq_1)
     4    0.026327    0.744571    1.140202    3.493306 ^ _081_/Z (gf180mcu_fd_sc_mcu7t5v0__and4_1)
     1    0.008076    0.420442    0.327566    3.820872 v _083_/ZN (gf180mcu_fd_sc_mcu7t5v0__nand3_1)
     3    0.018021    0.459305    0.910243    4.731115 v _115_/Z (gf180mcu_fd_sc_mcu7t5v0__xor2_1)
     1    0.002955    0.257831    0.290561    5.021676 ^ _130_/ZN (gf180mcu_fd_sc_mcu7t5v0__nand2_1)
                      0.257831    0.000030    5.021706 ^ _159_/D (gf180mcu_fd_sc_mcu7t5v0__dffq_1)
                                              5.021706   data arrival time

                               1000.000000 1000.000000   clock clk (rise edge)
                                  0.000000 1000.000000   clock source latency
     1    0.029329    0.218920    0.097998 1000.098022 ^ clk (in)
     4    0.095622    0.217147    0.374939 1000.472961 ^ clkbuf_0_clk/Z (gf180mcu_fd_sc_mcu7t5v0__clkbuf_16)
     5    0.024768    0.124503    0.308887 1000.781860 ^ clkbuf_2_3__f_clk/Z (gf180mcu_fd_sc_mcu7t5v0__clkbuf_16)
                      0.124503    0.000000 1000.781860 ^ _159_/CLK (gf180mcu_fd_sc_mcu7t5v0__dffq_1)
                                 -0.250000 1000.531860   clock uncertainty
                                  0.049782 1000.581665   clock reconvergence pessimism
                                 -0.388596 1000.193054   library setup time
                                           1000.193054   data required time
---------------------------------------------------------------------------------------------
                                           1000.193054   data required time
                                             -5.021706   data arrival time
---------------------------------------------------------------------------------------------
                                            995.171387   slack (MET)


Startpoint: _153_ (rising edge-triggered flip-flop clocked by clk)
Endpoint: _158_ (rising edge-triggered flip-flop clocked by clk)
Path Group: clk
Path Type: max

Fanout         Cap        Slew       Delay        Time   Description
---------------------------------------------------------------------------------------------
                                  0.000000    0.000000   clock clk (rise edge)
                                  0.000000    0.000000   clock source latency
     1    0.029329    0.218920    0.108348    0.108348 ^ clk (in)
     4    0.095622    0.217147    0.414360    0.522708 ^ clkbuf_0_clk/Z (gf180mcu_fd_sc_mcu7t5v0__clkbuf_16)
     5    0.025281    0.125185    0.342347    0.865055 ^ clkbuf_2_1__f_clk/Z (gf180mcu_fd_sc_mcu7t5v0__clkbuf_16)
                      0.125185    0.000193    0.865248 ^ _153_/CLK (gf180mcu_fd_sc_mcu7t5v0__dffq_1)
     6    0.031054    0.784923    1.487856    2.353104 ^ _153_/Q (gf180mcu_fd_sc_mcu7t5v0__dffq_1)
     4    0.026327    0.744571    1.140202    3.493306 ^ _081_/Z (gf180mcu_fd_sc_mcu7t5v0__and4_1)
     1    0.007702    0.326136    0.245474    3.738780 v _082_/ZN (gf180mcu_fd_sc_mcu7t5v0__nand2_1)
     3    0.017207    0.463032    0.868947    4.607727 v _113_/Z (gf180mcu_fd_sc_mcu7t5v0__xor2_1)
     1    0.002737    0.253588    0.287560    4.895287 ^ _129_/ZN (gf180mcu_fd_sc_mcu7t5v0__nand2_1)
                      0.253588    0.000028    4.895315 ^ _158_/D (gf180mcu_fd_sc_mcu7t5v0__dffq_1)
                                              4.895315   data arrival time

                               1000.000000 1000.000000   clock clk (rise edge)
                                  0.000000 1000.000000   clock source latency
     1    0.029329    0.218920    0.097998 1000.098022 ^ clk (in)
     4    0.095622    0.217147    0.374939 1000.472961 ^ clkbuf_0_clk/Z (gf180mcu_fd_sc_mcu7t5v0__clkbuf_16)
     5    0.024768    0.124503    0.308887 1000.781860 ^ clkbuf_2_3__f_clk/Z (gf180mcu_fd_sc_mcu7t5v0__clkbuf_16)
                      0.124503    0.000000 1000.781860 ^ _158_/CLK (gf180mcu_fd_sc_mcu7t5v0__dffq_1)
                                 -0.250000 1000.531860   clock uncertainty
                                  0.049782 1000.581665   clock reconvergence pessimism
                                 -0.387710 1000.193970   library setup time
                                           1000.193970   data required time
---------------------------------------------------------------------------------------------
                                           1000.193970   data required time
                                             -4.895315   data arrival time
---------------------------------------------------------------------------------------------
                                            995.298645   slack (MET)


Startpoint: _153_ (rising edge-triggered flip-flop clocked by clk)
Endpoint: _157_ (rising edge-triggered flip-flop clocked by clk)
Path Group: clk
Path Type: max

Fanout         Cap        Slew       Delay        Time   Description
---------------------------------------------------------------------------------------------
                                  0.000000    0.000000   clock clk (rise edge)
                                  0.000000    0.000000   clock source latency
     1    0.029329    0.218920    0.108348    0.108348 ^ clk (in)
     4    0.095622    0.217147    0.414360    0.522708 ^ clkbuf_0_clk/Z (gf180mcu_fd_sc_mcu7t5v0__clkbuf_16)
     5    0.025281    0.125185    0.342347    0.865055 ^ clkbuf_2_1__f_clk/Z (gf180mcu_fd_sc_mcu7t5v0__clkbuf_16)
                      0.125185    0.000193    0.865248 ^ _153_/CLK (gf180mcu_fd_sc_mcu7t5v0__dffq_1)
     6    0.031054    0.784923    1.487856    2.353104 ^ _153_/Q (gf180mcu_fd_sc_mcu7t5v0__dffq_1)
     4    0.026327    0.744571    1.140202    3.493306 ^ _081_/Z (gf180mcu_fd_sc_mcu7t5v0__and4_1)
     2    0.012469    0.831982    0.792619    4.285925 ^ _110_/Z (gf180mcu_fd_sc_mcu7t5v0__xor2_1)
     2    0.010140    0.398094    0.337724    4.623649 v _111_/ZN (gf180mcu_fd_sc_mcu7t5v0__clkinv_1)
     1    0.002920    0.244836    0.272250    4.895898 ^ _128_/ZN (gf180mcu_fd_sc_mcu7t5v0__nand2_1)
                      0.244836    0.000030    4.895929 ^ _157_/D (gf180mcu_fd_sc_mcu7t5v0__dffq_1)
                                              4.895929   data arrival time

                               1000.000000 1000.000000   clock clk (rise edge)
                                  0.000000 1000.000000   clock source latency
     1    0.029329    0.218920    0.097998 1000.098022 ^ clk (in)
     4    0.095622    0.217147    0.374939 1000.472961 ^ clkbuf_0_clk/Z (gf180mcu_fd_sc_mcu7t5v0__clkbuf_16)
     5    0.024768    0.124503    0.308887 1000.781860 ^ clkbuf_2_3__f_clk/Z (gf180mcu_fd_sc_mcu7t5v0__clkbuf_16)
                      0.124503    0.000000 1000.781860 ^ _157_/CLK (gf180mcu_fd_sc_mcu7t5v0__dffq_1)
                                 -0.250000 1000.531860   clock uncertainty
                                  0.049782 1000.581665   clock reconvergence pessimism
                                 -0.385881 1000.195801   library setup time
                                           1000.195801   data required time
---------------------------------------------------------------------------------------------
                                           1000.195801   data required time
                                             -4.895929   data arrival time
---------------------------------------------------------------------------------------------
                                            995.299866   slack (MET)


Startpoint: _153_ (rising edge-triggered flip-flop clocked by clk)
Endpoint: _156_ (rising edge-triggered flip-flop clocked by clk)
Path Group: clk
Path Type: max

Fanout         Cap        Slew       Delay        Time   Description
---------------------------------------------------------------------------------------------
                                  0.000000    0.000000   clock clk (rise edge)
                                  0.000000    0.000000   clock source latency
     1    0.029329    0.218920    0.108348    0.108348 ^ clk (in)
     4    0.095622    0.217147    0.414360    0.522708 ^ clkbuf_0_clk/Z (gf180mcu_fd_sc_mcu7t5v0__clkbuf_16)
     5    0.025281    0.125185    0.342347    0.865055 ^ clkbuf_2_1__f_clk/Z (gf180mcu_fd_sc_mcu7t5v0__clkbuf_16)
                      0.125185    0.000193    0.865248 ^ _153_/CLK (gf180mcu_fd_sc_mcu7t5v0__dffq_1)
     6    0.031054    0.784923    1.487856    2.353104 ^ _153_/Q (gf180mcu_fd_sc_mcu7t5v0__dffq_1)
     4    0.025418    0.694024    0.992466    3.345570 ^ _080_/Z (gf180mcu_fd_sc_mcu7t5v0__and3_1)
     3    0.017366    1.041416    0.923892    4.269462 ^ _108_/Z (gf180mcu_fd_sc_mcu7t5v0__xor2_1)
     1    0.002886    0.175648    0.432161    4.701623 ^ _127_/Z (gf180mcu_fd_sc_mcu7t5v0__or2_1)
                      0.175648    0.000030    4.701653 ^ _156_/D (gf180mcu_fd_sc_mcu7t5v0__dffq_1)
                                              4.701653   data arrival time

                               1000.000000 1000.000000   clock clk (rise edge)
                                  0.000000 1000.000000   clock source latency
     1    0.029329    0.218920    0.097998 1000.098022 ^ clk (in)
     4    0.095622    0.217147    0.374939 1000.472961 ^ clkbuf_0_clk/Z (gf180mcu_fd_sc_mcu7t5v0__clkbuf_16)
     5    0.025281    0.125185    0.309683 1000.782654 ^ clkbuf_2_1__f_clk/Z (gf180mcu_fd_sc_mcu7t5v0__clkbuf_16)
                      0.125185    0.000114 1000.782776 ^ _156_/CLK (gf180mcu_fd_sc_mcu7t5v0__dffq_1)
                                 -0.250000 1000.532776   clock uncertainty
                                  0.082386 1000.615173   clock reconvergence pessimism
                                 -0.371221 1000.244019   library setup time
                                           1000.244019   data required time
---------------------------------------------------------------------------------------------
                                           1000.244019   data required time
                                             -4.701653   data arrival time
---------------------------------------------------------------------------------------------
                                            995.542358   slack (MET)


Startpoint: _153_ (rising edge-triggered flip-flop clocked by clk)
Endpoint: _155_ (rising edge-triggered flip-flop clocked by clk)
Path Group: clk
Path Type: max

Fanout         Cap        Slew       Delay        Time   Description
---------------------------------------------------------------------------------------------
                                  0.000000    0.000000   clock clk (rise edge)
                                  0.000000    0.000000   clock source latency
     1    0.029329    0.218920    0.108348    0.108348 ^ clk (in)
     4    0.095622    0.217147    0.414360    0.522708 ^ clkbuf_0_clk/Z (gf180mcu_fd_sc_mcu7t5v0__clkbuf_16)
     5    0.025281    0.125185    0.342347    0.865055 ^ clkbuf_2_1__f_clk/Z (gf180mcu_fd_sc_mcu7t5v0__clkbuf_16)
                      0.125185    0.000193    0.865248 ^ _153_/CLK (gf180mcu_fd_sc_mcu7t5v0__dffq_1)
     6    0.031054    0.784923    1.487856    2.353104 ^ _153_/Q (gf180mcu_fd_sc_mcu7t5v0__dffq_1)
     4    0.025418    0.694024    0.992466    3.345570 ^ _080_/Z (gf180mcu_fd_sc_mcu7t5v0__and3_1)
     1    0.003306    0.353363    0.202088    3.547658 v _126_/ZN (gf180mcu_fd_sc_mcu7t5v0__oai21_1)
                      0.353363    0.000066    3.547724 v _155_/D (gf180mcu_fd_sc_mcu7t5v0__dffq_1)
                                              3.547724   data arrival time

                               1000.000000 1000.000000   clock clk (rise edge)
                                  0.000000 1000.000000   clock source latency
     1    0.029329    0.218920    0.097998 1000.098022 ^ clk (in)
     4    0.095622    0.217147    0.374939 1000.472961 ^ clkbuf_0_clk/Z (gf180mcu_fd_sc_mcu7t5v0__clkbuf_16)
     5    0.025281    0.125185    0.309683 1000.782654 ^ clkbuf_2_1__f_clk/Z (gf180mcu_fd_sc_mcu7t5v0__clkbuf_16)
                      0.125185    0.000114 1000.782776 ^ _155_/CLK (gf180mcu_fd_sc_mcu7t5v0__dffq_1)
                                 -0.250000 1000.532776   clock uncertainty
                                  0.082386 1000.615173   clock reconvergence pessimism
                                 -0.442407 1000.172852   library setup time
                                           1000.172852   data required time
---------------------------------------------------------------------------------------------
                                           1000.172852   data required time
                                             -3.547724   data arrival time
---------------------------------------------------------------------------------------------
                                            996.625122   slack (MET)


Startpoint: _153_ (rising edge-triggered flip-flop clocked by clk)
Endpoint: _154_ (rising edge-triggered flip-flop clocked by clk)
Path Group: clk
Path Type: max

Fanout         Cap        Slew       Delay        Time   Description
---------------------------------------------------------------------------------------------
                                  0.000000    0.000000   clock clk (rise edge)
                                  0.000000    0.000000   clock source latency
     1    0.029329    0.218920    0.108348    0.108348 ^ clk (in)
     4    0.095622    0.217147    0.414360    0.522708 ^ clkbuf_0_clk/Z (gf180mcu_fd_sc_mcu7t5v0__clkbuf_16)
     5    0.025281    0.125185    0.342347    0.865055 ^ clkbuf_2_1__f_clk/Z (gf180mcu_fd_sc_mcu7t5v0__clkbuf_16)
                      0.125185    0.000193    0.865248 ^ _153_/CLK (gf180mcu_fd_sc_mcu7t5v0__dffq_1)
     6    0.031054    0.784923    1.487856    2.353104 ^ _153_/Q (gf180mcu_fd_sc_mcu7t5v0__dffq_1)
     2    0.011034    0.817146    0.705383    3.058487 ^ _105_/ZN (gf180mcu_fd_sc_mcu7t5v0__xnor2_1)
     1    0.002807    0.267111    0.161091    3.219578 v _125_/ZN (gf180mcu_fd_sc_mcu7t5v0__nand2_1)
                      0.267111    0.000028    3.219606 v _154_/D (gf180mcu_fd_sc_mcu7t5v0__dffq_1)
                                              3.219606   data arrival time

                               1000.000000 1000.000000   clock clk (rise edge)
                                  0.000000 1000.000000   clock source latency
     1    0.029329    0.218920    0.097998 1000.098022 ^ clk (in)
     4    0.095622    0.217147    0.374939 1000.472961 ^ clkbuf_0_clk/Z (gf180mcu_fd_sc_mcu7t5v0__clkbuf_16)
     5    0.022301    0.121211    0.306386 1000.779358 ^ clkbuf_2_0__f_clk/Z (gf180mcu_fd_sc_mcu7t5v0__clkbuf_16)
                      0.121211    0.000000 1000.779358 ^ _154_/CLK (gf180mcu_fd_sc_mcu7t5v0__dffq_1)
                                 -0.250000 1000.529358   clock uncertainty
                                  0.049782 1000.579163   clock reconvergence pessimism
                                 -0.416899 1000.162231   library setup time
                                           1000.162231   data required time
---------------------------------------------------------------------------------------------
                                           1000.162231   data required time
                                             -3.219606   data arrival time
---------------------------------------------------------------------------------------------
                                            996.942627   slack (MET)


Startpoint: _153_ (rising edge-triggered flip-flop clocked by clk)
Endpoint: _153_ (rising edge-triggered flip-flop clocked by clk)
Path Group: clk
Path Type: max

Fanout         Cap        Slew       Delay        Time   Description
---------------------------------------------------------------------------------------------
                                  0.000000    0.000000   clock clk (rise edge)
                                  0.000000    0.000000   clock source latency
     1    0.029329    0.218920    0.108348    0.108348 ^ clk (in)
     4    0.095622    0.217147    0.414360    0.522708 ^ clkbuf_0_clk/Z (gf180mcu_fd_sc_mcu7t5v0__clkbuf_16)
     5    0.025281    0.125185    0.342347    0.865055 ^ clkbuf_2_1__f_clk/Z (gf180mcu_fd_sc_mcu7t5v0__clkbuf_16)
                      0.125185    0.000193    0.865248 ^ _153_/CLK (gf180mcu_fd_sc_mcu7t5v0__dffq_1)
     6    0.031054    0.784923    1.487856    2.353104 ^ _153_/Q (gf180mcu_fd_sc_mcu7t5v0__dffq_1)
     1    0.002609    0.250943    0.174030    2.527134 v _124_/ZN (gf180mcu_fd_sc_mcu7t5v0__nand2_1)
                      0.250943    0.000025    2.527159 v _153_/D (gf180mcu_fd_sc_mcu7t5v0__dffq_1)
                                              2.527159   data arrival time

                               1000.000000 1000.000000   clock clk (rise edge)
                                  0.000000 1000.000000   clock source latency
     1    0.029329    0.218920    0.097998 1000.098022 ^ clk (in)
     4    0.095622    0.217147    0.374939 1000.472961 ^ clkbuf_0_clk/Z (gf180mcu_fd_sc_mcu7t5v0__clkbuf_16)
     5    0.025281    0.125185    0.309683 1000.782654 ^ clkbuf_2_1__f_clk/Z (gf180mcu_fd_sc_mcu7t5v0__clkbuf_16)
                      0.125185    0.000227 1000.782898 ^ _153_/CLK (gf180mcu_fd_sc_mcu7t5v0__dffq_1)
                                 -0.250000 1000.532898   clock uncertainty
                                  0.082405 1000.615295   clock reconvergence pessimism
                                 -0.412465 1000.202820   library setup time
                                           1000.202820   data required time
---------------------------------------------------------------------------------------------
                                           1000.202820   data required time
                                             -2.527159   data arrival time
---------------------------------------------------------------------------------------------
                                            997.675720   slack (MET)


R2R_END_SETUP min_tt_025C_3v30
R2R_BEGIN_HOLD min_tt_025C_3v30
Startpoint: _170_ (rising edge-triggered flip-flop clocked by clk)
Endpoint: _170_ (rising edge-triggered flip-flop clocked by clk)
Path Group: clk
Path Type: min

Fanout         Cap        Slew       Delay        Time   Description
---------------------------------------------------------------------------------------------
                                  0.000000    0.000000   clock clk (rise edge)
                                  0.000000    0.000000   clock source latency
     1    0.029329    0.218920    0.098029    0.098029 ^ clk (in)
     4    0.095622    0.217147    0.374898    0.472927 ^ clkbuf_0_clk/Z (gf180mcu_fd_sc_mcu7t5v0__clkbuf_16)
     5    0.024264    0.123830    0.308310    0.781236 ^ clkbuf_2_2__f_clk/Z (gf180mcu_fd_sc_mcu7t5v0__clkbuf_16)
                      0.123830    0.000181    0.781418 ^ _170_/CLK (gf180mcu_fd_sc_mcu7t5v0__dffq_1)
     2    0.011073    0.219367    0.942340    1.723758 v _170_/Q (gf180mcu_fd_sc_mcu7t5v0__dffq_1)
     1    0.005078    0.229629    0.199698    1.923456 ^ _100_/ZN (gf180mcu_fd_sc_mcu7t5v0__nand2_1)
     1    0.002691    0.150555    0.137599    2.061055 v _151_/ZN (gf180mcu_fd_sc_mcu7t5v0__aoi21_1)
                      0.150555    0.000024    2.061080 v _170_/D (gf180mcu_fd_sc_mcu7t5v0__dffq_1)
                                              2.061080   data arrival time

                                  0.000000    0.000000   clock clk (rise edge)
                                  0.000000    0.000000   clock source latency
     1    0.029329    0.218920    0.108348    0.108348 ^ clk (in)
     4    0.095622    0.217147    0.414360    0.522708 ^ clkbuf_0_clk/Z (gf180mcu_fd_sc_mcu7t5v0__clkbuf_16)
     5    0.024264    0.123830    0.340763    0.863472 ^ clkbuf_2_2__f_clk/Z (gf180mcu_fd_sc_mcu7t5v0__clkbuf_16)
                      0.123830    0.000201    0.863672 ^ _170_/CLK (gf180mcu_fd_sc_mcu7t5v0__dffq_1)
                                  0.250000    1.113672   clock uncertainty
                                 -0.082254    1.031418   clock reconvergence pessimism
                                  0.065547    1.096965   library hold time
                                              1.096965   data required time
---------------------------------------------------------------------------------------------
                                              1.096965   data required time
                                             -2.061080   data arrival time
---------------------------------------------------------------------------------------------
                                              0.964115   slack (MET)


Startpoint: _153_ (rising edge-triggered flip-flop clocked by clk)
Endpoint: _153_ (rising edge-triggered flip-flop clocked by clk)
Path Group: clk
Path Type: min

Fanout         Cap        Slew       Delay        Time   Description
---------------------------------------------------------------------------------------------
                                  0.000000    0.000000   clock clk (rise edge)
                                  0.000000    0.000000   clock source latency
     1    0.029329    0.218920    0.098029    0.098029 ^ clk (in)
     4    0.095622    0.217147    0.374898    0.472927 ^ clkbuf_0_clk/Z (gf180mcu_fd_sc_mcu7t5v0__clkbuf_16)
     5    0.025281    0.125185    0.309743    0.782669 ^ clkbuf_2_1__f_clk/Z (gf180mcu_fd_sc_mcu7t5v0__clkbuf_16)
                      0.125185    0.000174    0.782844 ^ _153_/CLK (gf180mcu_fd_sc_mcu7t5v0__dffq_1)
     6    0.031054    0.435680    1.098854    1.881698 v _153_/Q (gf180mcu_fd_sc_mcu7t5v0__dffq_1)
     1    0.002609    0.212883    0.216036    2.097734 ^ _124_/ZN (gf180mcu_fd_sc_mcu7t5v0__nand2_1)
                      0.212883    0.000023    2.097757 ^ _153_/D (gf180mcu_fd_sc_mcu7t5v0__dffq_1)
                                              2.097757   data arrival time

                                  0.000000    0.000000   clock clk (rise edge)
                                  0.000000    0.000000   clock source latency
     1    0.029329    0.218920    0.108348    0.108348 ^ clk (in)
     4    0.095622    0.217147    0.414360    0.522708 ^ clkbuf_0_clk/Z (gf180mcu_fd_sc_mcu7t5v0__clkbuf_16)
     5    0.025281    0.125185    0.342347    0.865055 ^ clkbuf_2_1__f_clk/Z (gf180mcu_fd_sc_mcu7t5v0__clkbuf_16)
                      0.125185    0.000193    0.865248 ^ _153_/CLK (gf180mcu_fd_sc_mcu7t5v0__dffq_1)
                                  0.250000    1.115248   clock uncertainty
                                 -0.082405    1.032844   clock reconvergence pessimism
                                  0.031147    1.063991   library hold time
                                              1.063991   data required time
---------------------------------------------------------------------------------------------
                                              1.063991   data required time
                                             -2.097757   data arrival time
---------------------------------------------------------------------------------------------
                                              1.033766   slack (MET)


Startpoint: _169_ (rising edge-triggered flip-flop clocked by clk)
Endpoint: _169_ (rising edge-triggered flip-flop clocked by clk)
Path Group: clk
Path Type: min

Fanout         Cap        Slew       Delay        Time   Description
---------------------------------------------------------------------------------------------
                                  0.000000    0.000000   clock clk (rise edge)
                                  0.000000    0.000000   clock source latency
     1    0.029329    0.218920    0.098029    0.098029 ^ clk (in)
     4    0.095622    0.217147    0.374898    0.472927 ^ clkbuf_0_clk/Z (gf180mcu_fd_sc_mcu7t5v0__clkbuf_16)
     5    0.024264    0.123830    0.308310    0.781236 ^ clkbuf_2_2__f_clk/Z (gf180mcu_fd_sc_mcu7t5v0__clkbuf_16)
                      0.123830    0.000349    0.781585 ^ _169_/CLK (gf180mcu_fd_sc_mcu7t5v0__dffq_1)
     2    0.010165    0.209558    0.933560    1.715145 v _169_/Q (gf180mcu_fd_sc_mcu7t5v0__dffq_1)
     1    0.004973    0.361493    0.305288    2.020433 ^ _149_/ZN (gf180mcu_fd_sc_mcu7t5v0__oai21_1)
     1    0.002756    0.187658    0.169796    2.190229 v _150_/ZN (gf180mcu_fd_sc_mcu7t5v0__nor2_1)
                      0.187658    0.000025    2.190253 v _169_/D (gf180mcu_fd_sc_mcu7t5v0__dffq_1)
                                              2.190253   data arrival time

                                  0.000000    0.000000   clock clk (rise edge)
                                  0.000000    0.000000   clock source latency
     1    0.029329    0.218920    0.108348    0.108348 ^ clk (in)
     4    0.095622    0.217147    0.414360    0.522708 ^ clkbuf_0_clk/Z (gf180mcu_fd_sc_mcu7t5v0__clkbuf_16)
     5    0.024264    0.123830    0.340763    0.863472 ^ clkbuf_2_2__f_clk/Z (gf180mcu_fd_sc_mcu7t5v0__clkbuf_16)
                      0.123830    0.000385    0.863857 ^ _169_/CLK (gf180mcu_fd_sc_mcu7t5v0__dffq_1)
                                  0.250000    1.113857   clock uncertainty
                                 -0.082272    1.031585   clock reconvergence pessimism
                                  0.057465    1.089050   library hold time
                                              1.089050   data required time
---------------------------------------------------------------------------------------------
                                              1.089050   data required time
                                             -2.190253   data arrival time
---------------------------------------------------------------------------------------------
                                              1.101204   slack (MET)


Startpoint: _168_ (rising edge-triggered flip-flop clocked by clk)
Endpoint: _168_ (rising edge-triggered flip-flop clocked by clk)
Path Group: clk
Path Type: min

Fanout         Cap        Slew       Delay        Time   Description
---------------------------------------------------------------------------------------------
                                  0.000000    0.000000   clock clk (rise edge)
                                  0.000000    0.000000   clock source latency
     1    0.029329    0.218920    0.098029    0.098029 ^ clk (in)
     4    0.095622    0.217147    0.374898    0.472927 ^ clkbuf_0_clk/Z (gf180mcu_fd_sc_mcu7t5v0__clkbuf_16)
     5    0.024264    0.123830    0.308310    0.781236 ^ clkbuf_2_2__f_clk/Z (gf180mcu_fd_sc_mcu7t5v0__clkbuf_16)
                      0.123830    0.000372    0.781609 ^ _168_/CLK (gf180mcu_fd_sc_mcu7t5v0__dffq_1)
     3    0.022234    0.339444    1.031337    1.812946 v _168_/Q (gf180mcu_fd_sc_mcu7t5v0__dffq_1)
     1    0.004557    0.313505    0.267946    2.080892 ^ _147_/ZN (gf180mcu_fd_sc_mcu7t5v0__aoi22_1)
     1    0.002609    0.175369    0.163379    2.244271 v _148_/ZN (gf180mcu_fd_sc_mcu7t5v0__nor2_1)
                      0.175369    0.000023    2.244294 v _168_/D (gf180mcu_fd_sc_mcu7t5v0__dffq_1)
                                              2.244294   data arrival time

                                  0.000000    0.000000   clock clk (rise edge)
                                  0.000000    0.000000   clock source latency
     1    0.029329    0.218920    0.108348    0.108348 ^ clk (in)
     4    0.095622    0.217147    0.414360    0.522708 ^ clkbuf_0_clk/Z (gf180mcu_fd_sc_mcu7t5v0__clkbuf_16)
     5    0.024264    0.123830    0.340763    0.863472 ^ clkbuf_2_2__f_clk/Z (gf180mcu_fd_sc_mcu7t5v0__clkbuf_16)
                      0.123830    0.000412    0.863883 ^ _168_/CLK (gf180mcu_fd_sc_mcu7t5v0__dffq_1)
                                  0.250000    1.113883   clock uncertainty
                                 -0.082275    1.031609   clock reconvergence pessimism
                                  0.060141    1.091750   library hold time
                                              1.091750   data required time
---------------------------------------------------------------------------------------------
                                              1.091750   data required time
                                             -2.244294   data arrival time
---------------------------------------------------------------------------------------------
                                              1.152543   slack (MET)


Startpoint: _161_ (rising edge-triggered flip-flop clocked by clk)
Endpoint: _161_ (rising edge-triggered flip-flop clocked by clk)
Path Group: clk
Path Type: min

Fanout         Cap        Slew       Delay        Time   Description
---------------------------------------------------------------------------------------------
                                  0.000000    0.000000   clock clk (rise edge)
                                  0.000000    0.000000   clock source latency
     1    0.029329    0.218920    0.098029    0.098029 ^ clk (in)
     4    0.095622    0.217147    0.374898    0.472927 ^ clkbuf_0_clk/Z (gf180mcu_fd_sc_mcu7t5v0__clkbuf_16)
     5    0.022301    0.121211    0.306396    0.779322 ^ clkbuf_2_0__f_clk/Z (gf180mcu_fd_sc_mcu7t5v0__clkbuf_16)
                      0.121211    0.000170    0.779493 ^ _161_/CLK (gf180mcu_fd_sc_mcu7t5v0__dffq_1)
     2    0.013776    0.249966    0.964832    1.744325 v _161_/Q (gf180mcu_fd_sc_mcu7t5v0__dffq_1)
     1    0.004366    0.360922    0.269328    2.013653 ^ _132_/ZN (gf180mcu_fd_sc_mcu7t5v0__nor2_1)
     1    0.002852    0.192295    0.232189    2.245842 v _133_/ZN (gf180mcu_fd_sc_mcu7t5v0__aoi211_1)
                      0.192295    0.000026    2.245867 v _161_/D (gf180mcu_fd_sc_mcu7t5v0__dffq_1)
                                              2.245867   data arrival time

                                  0.000000    0.000000   clock clk (rise edge)
                                  0.000000    0.000000   clock source latency
     1    0.029329    0.218920    0.108348    0.108348 ^ clk (in)
     4    0.095622    0.217147    0.414360    0.522708 ^ clkbuf_0_clk/Z (gf180mcu_fd_sc_mcu7t5v0__clkbuf_16)
     5    0.022301    0.121211    0.338648    0.861356 ^ clkbuf_2_0__f_clk/Z (gf180mcu_fd_sc_mcu7t5v0__clkbuf_16)
                      0.121211    0.000188    0.861545 ^ _161_/CLK (gf180mcu_fd_sc_mcu7t5v0__dffq_1)
                                  0.250000    1.111545   clock uncertainty
                                 -0.082052    1.029493   clock reconvergence pessimism
                                  0.055807    1.085300   library hold time
                                              1.085300   data required time
---------------------------------------------------------------------------------------------
                                              1.085300   data required time
                                             -2.245867   data arrival time
---------------------------------------------------------------------------------------------
                                              1.160567   slack (MET)


Startpoint: _167_ (rising edge-triggered flip-flop clocked by clk)
Endpoint: _167_ (rising edge-triggered flip-flop clocked by clk)
Path Group: clk
Path Type: min

Fanout         Cap        Slew       Delay        Time   Description
---------------------------------------------------------------------------------------------
                                  0.000000    0.000000   clock clk (rise edge)
                                  0.000000    0.000000   clock source latency
     1    0.029329    0.218920    0.098029    0.098029 ^ clk (in)
     4    0.095622    0.217147    0.374898    0.472927 ^ clkbuf_0_clk/Z (gf180mcu_fd_sc_mcu7t5v0__clkbuf_16)
     5    0.024264    0.123830    0.308310    0.781236 ^ clkbuf_2_2__f_clk/Z (gf180mcu_fd_sc_mcu7t5v0__clkbuf_16)
                      0.123830    0.000260    0.781497 ^ _167_/CLK (gf180mcu_fd_sc_mcu7t5v0__dffq_1)
     3    0.021808    0.334859    1.027980    1.809477 v _167_/Q (gf180mcu_fd_sc_mcu7t5v0__dffq_1)
     1    0.004941    0.320346    0.274014    2.083491 ^ _145_/ZN (gf180mcu_fd_sc_mcu7t5v0__aoi22_1)
     1    0.002938    0.181176    0.168041    2.251532 v _146_/ZN (gf180mcu_fd_sc_mcu7t5v0__nor2_1)
                      0.181176    0.000027    2.251559 v _167_/D (gf180mcu_fd_sc_mcu7t5v0__dffq_1)
                                              2.251559   data arrival time

                                  0.000000    0.000000   clock clk (rise edge)
                                  0.000000    0.000000   clock source latency
     1    0.029329    0.218920    0.108348    0.108348 ^ clk (in)
     4    0.095622    0.217147    0.414360    0.522708 ^ clkbuf_0_clk/Z (gf180mcu_fd_sc_mcu7t5v0__clkbuf_16)
     5    0.024264    0.123830    0.340763    0.863472 ^ clkbuf_2_2__f_clk/Z (gf180mcu_fd_sc_mcu7t5v0__clkbuf_16)
                      0.123830    0.000288    0.863759 ^ _167_/CLK (gf180mcu_fd_sc_mcu7t5v0__dffq_1)
                                  0.250000    1.113759   clock uncertainty
                                 -0.082263    1.031497   clock reconvergence pessimism
                                  0.058876    1.090373   library hold time
                                              1.090373   data required time
---------------------------------------------------------------------------------------------
                                              1.090373   data required time
                                             -2.251559   data arrival time
---------------------------------------------------------------------------------------------
                                              1.161186   slack (MET)


Startpoint: _164_ (rising edge-triggered flip-flop clocked by clk)
Endpoint: _164_ (rising edge-triggered flip-flop clocked by clk)
Path Group: clk
Path Type: min

Fanout         Cap        Slew       Delay        Time   Description
---------------------------------------------------------------------------------------------
                                  0.000000    0.000000   clock clk (rise edge)
                                  0.000000    0.000000   clock source latency
     1    0.029329    0.218920    0.098029    0.098029 ^ clk (in)
     4    0.095622    0.217147    0.374898    0.472927 ^ clkbuf_0_clk/Z (gf180mcu_fd_sc_mcu7t5v0__clkbuf_16)
     5    0.022301    0.121211    0.306396    0.779322 ^ clkbuf_2_0__f_clk/Z (gf180mcu_fd_sc_mcu7t5v0__clkbuf_16)
                      0.121211    0.000117    0.779440 ^ _164_/CLK (gf180mcu_fd_sc_mcu7t5v0__dffq_1)
     2    0.011598    0.225792    0.946812    1.726251 v _164_/Q (gf180mcu_fd_sc_mcu7t5v0__dffq_1)
     1    0.006221    0.392519    0.339946    2.066197 ^ _138_/ZN (gf180mcu_fd_sc_mcu7t5v0__oai21_1)
     1    0.002655    0.172507    0.205731    2.271929 v _139_/ZN (gf180mcu_fd_sc_mcu7t5v0__aoi21_1)
                      0.172507    0.000024    2.271952 v _164_/D (gf180mcu_fd_sc_mcu7t5v0__dffq_1)
                                              2.271952   data arrival time

                                  0.000000    0.000000   clock clk (rise edge)
                                  0.000000    0.000000   clock source latency
     1    0.029329    0.218920    0.108348    0.108348 ^ clk (in)
     4    0.095622    0.217147    0.414360    0.522708 ^ clkbuf_0_clk/Z (gf180mcu_fd_sc_mcu7t5v0__clkbuf_16)
     5    0.022301    0.121211    0.338648    0.861356 ^ clkbuf_2_0__f_clk/Z (gf180mcu_fd_sc_mcu7t5v0__clkbuf_16)
                      0.121211    0.000130    0.861486 ^ _164_/CLK (gf180mcu_fd_sc_mcu7t5v0__dffq_1)
                                  0.250000    1.111486   clock uncertainty
                                 -0.082046    1.029440   clock reconvergence pessimism
                                  0.060128    1.089567   library hold time
                                              1.089567   data required time
---------------------------------------------------------------------------------------------
                                              1.089567   data required time
                                             -2.271952   data arrival time
---------------------------------------------------------------------------------------------
                                              1.182385   slack (MET)


Startpoint: _162_ (rising edge-triggered flip-flop clocked by clk)
Endpoint: _162_ (rising edge-triggered flip-flop clocked by clk)
Path Group: clk
Path Type: min

Fanout         Cap        Slew       Delay        Time   Description
---------------------------------------------------------------------------------------------
                                  0.000000    0.000000   clock clk (rise edge)
                                  0.000000    0.000000   clock source latency
     1    0.029329    0.218920    0.098029    0.098029 ^ clk (in)
     4    0.095622    0.217147    0.374898    0.472927 ^ clkbuf_0_clk/Z (gf180mcu_fd_sc_mcu7t5v0__clkbuf_16)
     5    0.022301    0.121211    0.306396    0.779322 ^ clkbuf_2_0__f_clk/Z (gf180mcu_fd_sc_mcu7t5v0__clkbuf_16)
                      0.121211    0.000173    0.779495 ^ _162_/CLK (gf180mcu_fd_sc_mcu7t5v0__dffq_1)
     3    0.014112    0.253593    0.967518    1.747014 v _162_/Q (gf180mcu_fd_sc_mcu7t5v0__dffq_1)
     1    0.004929    0.384332    0.283770    2.030783 ^ _134_/ZN (gf180mcu_fd_sc_mcu7t5v0__nor2_1)
     1    0.003268    0.218663    0.241611    2.272395 v _135_/ZN (gf180mcu_fd_sc_mcu7t5v0__aoi211_1)
                      0.218663    0.000031    2.272426 v _162_/D (gf180mcu_fd_sc_mcu7t5v0__dffq_1)
                                              2.272426   data arrival time

                                  0.000000    0.000000   clock clk (rise edge)
                                  0.000000    0.000000   clock source latency
     1    0.029329    0.218920    0.108348    0.108348 ^ clk (in)
     4    0.095622    0.217147    0.414360    0.522708 ^ clkbuf_0_clk/Z (gf180mcu_fd_sc_mcu7t5v0__clkbuf_16)
     5    0.022301    0.121211    0.338648    0.861356 ^ clkbuf_2_0__f_clk/Z (gf180mcu_fd_sc_mcu7t5v0__clkbuf_16)
                      0.121211    0.000191    0.861548 ^ _162_/CLK (gf180mcu_fd_sc_mcu7t5v0__dffq_1)
                                  0.250000    1.111548   clock uncertainty
                                 -0.082052    1.029495   clock reconvergence pessimism
                                  0.050051    1.079546   library hold time
                                              1.079546   data required time
---------------------------------------------------------------------------------------------
                                              1.079546   data required time
                                             -2.272426   data arrival time
---------------------------------------------------------------------------------------------
                                              1.192879   slack (MET)


Startpoint: _163_ (rising edge-triggered flip-flop clocked by clk)
Endpoint: _163_ (rising edge-triggered flip-flop clocked by clk)
Path Group: clk
Path Type: min

Fanout         Cap        Slew       Delay        Time   Description
---------------------------------------------------------------------------------------------
                                  0.000000    0.000000   clock clk (rise edge)
                                  0.000000    0.000000   clock source latency
     1    0.029329    0.218920    0.098029    0.098029 ^ clk (in)
     4    0.095622    0.217147    0.374898    0.472927 ^ clkbuf_0_clk/Z (gf180mcu_fd_sc_mcu7t5v0__clkbuf_16)
     5    0.022301    0.121211    0.306396    0.779322 ^ clkbuf_2_0__f_clk/Z (gf180mcu_fd_sc_mcu7t5v0__clkbuf_16)
                      0.121211    0.000096    0.779418 ^ _163_/CLK (gf180mcu_fd_sc_mcu7t5v0__dffq_1)
     3    0.018696    0.301823    1.003166    1.782585 v _163_/Q (gf180mcu_fd_sc_mcu7t5v0__dffq_1)
     1    0.004757    0.358897    0.323231    2.105816 ^ _136_/ZN (gf180mcu_fd_sc_mcu7t5v0__oai21_1)
     1    0.003142    0.164409    0.207405    2.313221 v _137_/ZN (gf180mcu_fd_sc_mcu7t5v0__aoi21_1)
                      0.164409    0.000030    2.313251 v _163_/D (gf180mcu_fd_sc_mcu7t5v0__dffq_1)
                                              2.313251   data arrival time

                                  0.000000    0.000000   clock clk (rise edge)
                                  0.000000    0.000000   clock source latency
     1    0.029329    0.218920    0.108348    0.108348 ^ clk (in)
     4    0.095622    0.217147    0.414360    0.522708 ^ clkbuf_0_clk/Z (gf180mcu_fd_sc_mcu7t5v0__clkbuf_16)
     5    0.022301    0.121211    0.338648    0.861356 ^ clkbuf_2_0__f_clk/Z (gf180mcu_fd_sc_mcu7t5v0__clkbuf_16)
                      0.121211    0.000106    0.861462 ^ _163_/CLK (gf180mcu_fd_sc_mcu7t5v0__dffq_1)
                                  0.250000    1.111462   clock uncertainty
                                 -0.082044    1.029418   clock reconvergence pessimism
                                  0.061896    1.091314   library hold time
                                              1.091314   data required time
---------------------------------------------------------------------------------------------
                                              1.091314   data required time
                                             -2.313251   data arrival time
---------------------------------------------------------------------------------------------
                                              1.221937   slack (MET)


Startpoint: _166_ (rising edge-triggered flip-flop clocked by clk)
Endpoint: _166_ (rising edge-triggered flip-flop clocked by clk)
Path Group: clk
Path Type: min

Fanout         Cap        Slew       Delay        Time   Description
---------------------------------------------------------------------------------------------
                                  0.000000    0.000000   clock clk (rise edge)
                                  0.000000    0.000000   clock source latency
     1    0.029329    0.218920    0.098029    0.098029 ^ clk (in)
     4    0.095622    0.217147    0.374898    0.472927 ^ clkbuf_0_clk/Z (gf180mcu_fd_sc_mcu7t5v0__clkbuf_16)
     5    0.025281    0.125185    0.309743    0.782669 ^ clkbuf_2_1__f_clk/Z (gf180mcu_fd_sc_mcu7t5v0__clkbuf_16)
                      0.125185    0.000238    0.782907 ^ _166_/CLK (gf180mcu_fd_sc_mcu7t5v0__dffq_1)
     3    0.017177    0.285845    0.992333    1.775240 v _166_/Q (gf180mcu_fd_sc_mcu7t5v0__dffq_1)
     1    0.004939    0.385260    0.292405    2.067644 ^ _142_/ZN (gf180mcu_fd_sc_mcu7t5v0__nor2_1)
     1    0.003179    0.227125    0.240534    2.308178 v _143_/ZN (gf180mcu_fd_sc_mcu7t5v0__aoi211_1)
                      0.227125    0.000031    2.308209 v _166_/D (gf180mcu_fd_sc_mcu7t5v0__dffq_1)
                                              2.308209   data arrival time

                                  0.000000    0.000000   clock clk (rise edge)
                                  0.000000    0.000000   clock source latency
     1    0.029329    0.218920    0.108348    0.108348 ^ clk (in)
     4    0.095622    0.217147    0.414360    0.522708 ^ clkbuf_0_clk/Z (gf180mcu_fd_sc_mcu7t5v0__clkbuf_16)
     5    0.025281    0.125185    0.342347    0.865055 ^ clkbuf_2_1__f_clk/Z (gf180mcu_fd_sc_mcu7t5v0__clkbuf_16)
                      0.125185    0.000263    0.865318 ^ _166_/CLK (gf180mcu_fd_sc_mcu7t5v0__dffq_1)
                                  0.250000    1.115318   clock uncertainty
                                 -0.082411    1.032907   clock reconvergence pessimism
                                  0.049211    1.082118   library hold time
                                              1.082118   data required time
---------------------------------------------------------------------------------------------
                                              1.082118   data required time
                                             -2.308209   data arrival time
---------------------------------------------------------------------------------------------
                                              1.226092   slack (MET)


Startpoint: _170_ (rising edge-triggered flip-flop clocked by clk)
Endpoint: _152_ (rising edge-triggered flip-flop clocked by clk)
Path Group: clk
Path Type: min

Fanout         Cap        Slew       Delay        Time   Description
---------------------------------------------------------------------------------------------
                                  0.000000    0.000000   clock clk (rise edge)
                                  0.000000    0.000000   clock source latency
     1    0.029329    0.218920    0.098029    0.098029 ^ clk (in)
     4    0.095622    0.217147    0.374898    0.472927 ^ clkbuf_0_clk/Z (gf180mcu_fd_sc_mcu7t5v0__clkbuf_16)
     5    0.024264    0.123830    0.308310    0.781236 ^ clkbuf_2_2__f_clk/Z (gf180mcu_fd_sc_mcu7t5v0__clkbuf_16)
                      0.123830    0.000181    0.781418 ^ _170_/CLK (gf180mcu_fd_sc_mcu7t5v0__dffq_1)
     2    0.011073    0.219367    0.942340    1.723758 v _170_/Q (gf180mcu_fd_sc_mcu7t5v0__dffq_1)
     1    0.011012    0.625225    0.444205    2.167963 ^ _122_/ZN (gf180mcu_fd_sc_mcu7t5v0__oai211_1)
     1    0.003124    0.176980    0.158434    2.326397 v _123_/ZN (gf180mcu_fd_sc_mcu7t5v0__aoi21_1)
                      0.176980    0.000054    2.326451 v _152_/D (gf180mcu_fd_sc_mcu7t5v0__dffq_1)
                                              2.326451   data arrival time

                                  0.000000    0.000000   clock clk (rise edge)
                                  0.000000    0.000000   clock source latency
     1    0.029329    0.218920    0.108348    0.108348 ^ clk (in)
     4    0.095622    0.217147    0.414360    0.522708 ^ clkbuf_0_clk/Z (gf180mcu_fd_sc_mcu7t5v0__clkbuf_16)
     5    0.024264    0.123830    0.340763    0.863472 ^ clkbuf_2_2__f_clk/Z (gf180mcu_fd_sc_mcu7t5v0__clkbuf_16)
                      0.123830    0.000183    0.863655 ^ _152_/CLK (gf180mcu_fd_sc_mcu7t5v0__dffq_1)
                                  0.250000    1.113655   clock uncertainty
                                 -0.082235    1.031420   clock reconvergence pessimism
                                  0.059791    1.091210   library hold time
                                              1.091210   data required time
---------------------------------------------------------------------------------------------
                                              1.091210   data required time
                                             -2.326451   data arrival time
---------------------------------------------------------------------------------------------
                                              1.235241   slack (MET)


Startpoint: _165_ (rising edge-triggered flip-flop clocked by clk)
Endpoint: _165_ (rising edge-triggered flip-flop clocked by clk)
Path Group: clk
Path Type: min

Fanout         Cap        Slew       Delay        Time   Description
---------------------------------------------------------------------------------------------
                                  0.000000    0.000000   clock clk (rise edge)
                                  0.000000    0.000000   clock source latency
     1    0.029329    0.218920    0.098029    0.098029 ^ clk (in)
     4    0.095622    0.217147    0.374898    0.472927 ^ clkbuf_0_clk/Z (gf180mcu_fd_sc_mcu7t5v0__clkbuf_16)
     5    0.025281    0.125185    0.309743    0.782669 ^ clkbuf_2_1__f_clk/Z (gf180mcu_fd_sc_mcu7t5v0__clkbuf_16)
                      0.125185    0.000205    0.782874 ^ _165_/CLK (gf180mcu_fd_sc_mcu7t5v0__dffq_1)
     3    0.017202    0.286086    0.992455    1.775330 v _165_/Q (gf180mcu_fd_sc_mcu7t5v0__dffq_1)
     1    0.005908    0.385208    0.346885    2.122214 ^ _140_/ZN (gf180mcu_fd_sc_mcu7t5v0__oai21_1)
     1    0.003136    0.185767    0.211048    2.333262 v _141_/ZN (gf180mcu_fd_sc_mcu7t5v0__aoi21_1)
                      0.185767    0.000056    2.333318 v _165_/D (gf180mcu_fd_sc_mcu7t5v0__dffq_1)
                                              2.333318   data arrival time

                                  0.000000    0.000000   clock clk (rise edge)
                                  0.000000    0.000000   clock source latency
     1    0.029329    0.218920    0.108348    0.108348 ^ clk (in)
     4    0.095622    0.217147    0.414360    0.522708 ^ clkbuf_0_clk/Z (gf180mcu_fd_sc_mcu7t5v0__clkbuf_16)
     5    0.025281    0.125185    0.342347    0.865055 ^ clkbuf_2_1__f_clk/Z (gf180mcu_fd_sc_mcu7t5v0__clkbuf_16)
                      0.125185    0.000227    0.865282 ^ _165_/CLK (gf180mcu_fd_sc_mcu7t5v0__dffq_1)
                                  0.250000    1.115282   clock uncertainty
                                 -0.082408    1.032874   clock reconvergence pessimism
                                  0.058209    1.091084   library hold time
                                              1.091084   data required time
---------------------------------------------------------------------------------------------
                                              1.091084   data required time
                                             -2.333318   data arrival time
---------------------------------------------------------------------------------------------
                                              1.242234   slack (MET)


Startpoint: _155_ (rising edge-triggered flip-flop clocked by clk)
Endpoint: _155_ (rising edge-triggered flip-flop clocked by clk)
Path Group: clk
Path Type: min

Fanout         Cap        Slew       Delay        Time   Description
---------------------------------------------------------------------------------------------
                                  0.000000    0.000000   clock clk (rise edge)
                                  0.000000    0.000000   clock source latency
     1    0.029329    0.218920    0.098029    0.098029 ^ clk (in)
     4    0.095622    0.217147    0.374898    0.472927 ^ clkbuf_0_clk/Z (gf180mcu_fd_sc_mcu7t5v0__clkbuf_16)
     5    0.025281    0.125185    0.309743    0.782669 ^ clkbuf_2_1__f_clk/Z (gf180mcu_fd_sc_mcu7t5v0__clkbuf_16)
                      0.125185    0.000112    0.782781 ^ _155_/CLK (gf180mcu_fd_sc_mcu7t5v0__dffq_1)
     3    0.011480    0.224292    0.946618    1.729399 v _155_/Q (gf180mcu_fd_sc_mcu7t5v0__dffq_1)
     3    0.016203    0.713671    0.507454    2.236854 ^ _101_/ZN (gf180mcu_fd_sc_mcu7t5v0__aoi21_1)
     1    0.003306    0.263165    0.227514    2.464367 v _126_/ZN (gf180mcu_fd_sc_mcu7t5v0__oai21_1)
                      0.263165    0.000060    2.464427 v _155_/D (gf180mcu_fd_sc_mcu7t5v0__dffq_1)
                                              2.464427   data arrival time

                                  0.000000    0.000000   clock clk (rise edge)
                                  0.000000    0.000000   clock source latency
     1    0.029329    0.218920    0.108348    0.108348 ^ clk (in)
     4    0.095622    0.217147    0.414360    0.522708 ^ clkbuf_0_clk/Z (gf180mcu_fd_sc_mcu7t5v0__clkbuf_16)
     5    0.025281    0.125185    0.342347    0.865055 ^ clkbuf_2_1__f_clk/Z (gf180mcu_fd_sc_mcu7t5v0__clkbuf_16)
                      0.125185    0.000124    0.865179 ^ _155_/CLK (gf180mcu_fd_sc_mcu7t5v0__dffq_1)
                                  0.250000    1.115179   clock uncertainty
                                 -0.082398    1.032781   clock reconvergence pessimism
                                  0.041369    1.074150   library hold time
                                              1.074150   data required time
---------------------------------------------------------------------------------------------
                                              1.074150   data required time
                                             -2.464427   data arrival time
---------------------------------------------------------------------------------------------
                                              1.390276   slack (MET)


Startpoint: _159_ (rising edge-triggered flip-flop clocked by clk)
Endpoint: _159_ (rising edge-triggered flip-flop clocked by clk)
Path Group: clk
Path Type: min

Fanout         Cap        Slew       Delay        Time   Description
---------------------------------------------------------------------------------------------
                                  0.000000    0.000000   clock clk (rise edge)
                                  0.000000    0.000000   clock source latency
     1    0.029329    0.218920    0.098029    0.098029 ^ clk (in)
     4    0.095622    0.217147    0.374898    0.472927 ^ clkbuf_0_clk/Z (gf180mcu_fd_sc_mcu7t5v0__clkbuf_16)
     5    0.024768    0.124503    0.308876    0.781803 ^ clkbuf_2_3__f_clk/Z (gf180mcu_fd_sc_mcu7t5v0__clkbuf_16)
                      0.124503    0.000056    0.781859 ^ _159_/CLK (gf180mcu_fd_sc_mcu7t5v0__dffq_1)
     2    0.012979    0.241647    0.959486    1.741345 v _159_/Q (gf180mcu_fd_sc_mcu7t5v0__dffq_1)
     3    0.018021    1.018252    0.623910    2.365254 ^ _115_/Z (gf180mcu_fd_sc_mcu7t5v0__xor2_1)
     1    0.002955    0.270606    0.146462    2.511717 v _130_/ZN (gf180mcu_fd_sc_mcu7t5v0__nand2_1)
                      0.270606    0.000028    2.511744 v _159_/D (gf180mcu_fd_sc_mcu7t5v0__dffq_1)
                                              2.511744   data arrival time

                                  0.000000    0.000000   clock clk (rise edge)
                                  0.000000    0.000000   clock source latency
     1    0.029329    0.218920    0.108348    0.108348 ^ clk (in)
     4    0.095622    0.217147    0.414360    0.522708 ^ clkbuf_0_clk/Z (gf180mcu_fd_sc_mcu7t5v0__clkbuf_16)
     5    0.024768    0.124503    0.341389    0.864098 ^ clkbuf_2_3__f_clk/Z (gf180mcu_fd_sc_mcu7t5v0__clkbuf_16)
                      0.124503    0.000062    0.864160 ^ _159_/CLK (gf180mcu_fd_sc_mcu7t5v0__dffq_1)
                                  0.250000    1.114160   clock uncertainty
                                 -0.082301    1.031859   clock reconvergence pessimism
                                  0.039572    1.071431   library hold time
                                              1.071431   data required time
---------------------------------------------------------------------------------------------
                                              1.071431   data required time
                                             -2.511744   data arrival time
---------------------------------------------------------------------------------------------
                                              1.440314   slack (MET)


Startpoint: _160_ (rising edge-triggered flip-flop clocked by clk)
Endpoint: _160_ (rising edge-triggered flip-flop clocked by clk)
Path Group: clk
Path Type: min

Fanout         Cap        Slew       Delay        Time   Description
---------------------------------------------------------------------------------------------
                                  0.000000    0.000000   clock clk (rise edge)
                                  0.000000    0.000000   clock source latency
     1    0.029329    0.218920    0.098029    0.098029 ^ clk (in)
     4    0.095622    0.217147    0.374898    0.472927 ^ clkbuf_0_clk/Z (gf180mcu_fd_sc_mcu7t5v0__clkbuf_16)
     5    0.024768    0.124503    0.308876    0.781803 ^ clkbuf_2_3__f_clk/Z (gf180mcu_fd_sc_mcu7t5v0__clkbuf_16)
                      0.124503    0.000261    0.782064 ^ _160_/CLK (gf180mcu_fd_sc_mcu7t5v0__dffq_1)
     3    0.016620    0.279978    0.987835    1.769899 v _160_/Q (gf180mcu_fd_sc_mcu7t5v0__dffq_1)
     3    0.017241    0.983271    0.613843    2.383742 ^ _117_/Z (gf180mcu_fd_sc_mcu7t5v0__xor2_1)
     1    0.002914    0.265651    0.145971    2.529713 v _131_/ZN (gf180mcu_fd_sc_mcu7t5v0__nand2_1)
                      0.265651    0.000027    2.529740 v _160_/D (gf180mcu_fd_sc_mcu7t5v0__dffq_1)
                                              2.529740   data arrival time

                                  0.000000    0.000000   clock clk (rise edge)
                                  0.000000    0.000000   clock source latency
     1    0.029329    0.218920    0.108348    0.108348 ^ clk (in)
     4    0.095622    0.217147    0.414360    0.522708 ^ clkbuf_0_clk/Z (gf180mcu_fd_sc_mcu7t5v0__clkbuf_16)
     5    0.024768    0.124503    0.341389    0.864098 ^ clkbuf_2_3__f_clk/Z (gf180mcu_fd_sc_mcu7t5v0__clkbuf_16)
                      0.124503    0.000289    0.864386 ^ _160_/CLK (gf180mcu_fd_sc_mcu7t5v0__dffq_1)
                                  0.250000    1.114386   clock uncertainty
                                 -0.082323    1.032064   clock reconvergence pessimism
                                  0.040651    1.072714   library hold time
                                              1.072714   data required time
---------------------------------------------------------------------------------------------
                                              1.072714   data required time
                                             -2.529740   data arrival time
---------------------------------------------------------------------------------------------
                                              1.457025   slack (MET)


Startpoint: _158_ (rising edge-triggered flip-flop clocked by clk)
Endpoint: _158_ (rising edge-triggered flip-flop clocked by clk)
Path Group: clk
Path Type: min

Fanout         Cap        Slew       Delay        Time   Description
---------------------------------------------------------------------------------------------
                                  0.000000    0.000000   clock clk (rise edge)
                                  0.000000    0.000000   clock source latency
     1    0.029329    0.218920    0.098029    0.098029 ^ clk (in)
     4    0.095622    0.217147    0.374898    0.472927 ^ clkbuf_0_clk/Z (gf180mcu_fd_sc_mcu7t5v0__clkbuf_16)
     5    0.024768    0.124503    0.308876    0.781803 ^ clkbuf_2_3__f_clk/Z (gf180mcu_fd_sc_mcu7t5v0__clkbuf_16)
                      0.124503    0.000035    0.781837 ^ _158_/CLK (gf180mcu_fd_sc_mcu7t5v0__dffq_1)
     3    0.018169    0.296305    0.999930    1.781767 v _158_/Q (gf180mcu_fd_sc_mcu7t5v0__dffq_1)
     3    0.017207    0.981772    0.617257    2.399024 ^ _113_/Z (gf180mcu_fd_sc_mcu7t5v0__xor2_1)
     1    0.002737    0.261984    0.142333    2.541357 v _129_/ZN (gf180mcu_fd_sc_mcu7t5v0__nand2_1)
                      0.261984    0.000025    2.541382 v _158_/D (gf180mcu_fd_sc_mcu7t5v0__dffq_1)
                                              2.541382   data arrival time

                                  0.000000    0.000000   clock clk (rise edge)
                                  0.000000    0.000000   clock source latency
     1    0.029329    0.218920    0.108348    0.108348 ^ clk (in)
     4    0.095622    0.217147    0.414360    0.522708 ^ clkbuf_0_clk/Z (gf180mcu_fd_sc_mcu7t5v0__clkbuf_16)
     5    0.024768    0.124503    0.341389    0.864098 ^ clkbuf_2_3__f_clk/Z (gf180mcu_fd_sc_mcu7t5v0__clkbuf_16)
                      0.124503    0.000038    0.864136 ^ _158_/CLK (gf180mcu_fd_sc_mcu7t5v0__dffq_1)
                                  0.250000    1.114136   clock uncertainty
                                 -0.082299    1.031837   clock reconvergence pessimism
                                  0.041449    1.073286   library hold time
                                              1.073286   data required time
---------------------------------------------------------------------------------------------
                                              1.073286   data required time
                                             -2.541382   data arrival time
---------------------------------------------------------------------------------------------
                                              1.468096   slack (MET)


Startpoint: _154_ (rising edge-triggered flip-flop clocked by clk)
Endpoint: _154_ (rising edge-triggered flip-flop clocked by clk)
Path Group: clk
Path Type: min

Fanout         Cap        Slew       Delay        Time   Description
---------------------------------------------------------------------------------------------
                                  0.000000    0.000000   clock clk (rise edge)
                                  0.000000    0.000000   clock source latency
     1    0.029329    0.218920    0.098029    0.098029 ^ clk (in)
     4    0.095622    0.217147    0.374898    0.472927 ^ clkbuf_0_clk/Z (gf180mcu_fd_sc_mcu7t5v0__clkbuf_16)
     5    0.022301    0.121211    0.306396    0.779322 ^ clkbuf_2_0__f_clk/Z (gf180mcu_fd_sc_mcu7t5v0__clkbuf_16)
                      0.121211    0.000054    0.779376 ^ _154_/CLK (gf180mcu_fd_sc_mcu7t5v0__dffq_1)
     5    0.026067    0.380959    1.060639    1.840016 v _154_/Q (gf180mcu_fd_sc_mcu7t5v0__dffq_1)
     2    0.011034    0.535663    0.583146    2.423162 ^ _105_/ZN (gf180mcu_fd_sc_mcu7t5v0__xnor2_1)
     1    0.002807    0.195676    0.143262    2.566423 v _125_/ZN (gf180mcu_fd_sc_mcu7t5v0__nand2_1)
                      0.195676    0.000026    2.566449 v _154_/D (gf180mcu_fd_sc_mcu7t5v0__dffq_1)
                                              2.566449   data arrival time

                                  0.000000    0.000000   clock clk (rise edge)
                                  0.000000    0.000000   clock source latency
     1    0.029329    0.218920    0.108348    0.108348 ^ clk (in)
     4    0.095622    0.217147    0.414360    0.522708 ^ clkbuf_0_clk/Z (gf180mcu_fd_sc_mcu7t5v0__clkbuf_16)
     5    0.022301    0.121211    0.338648    0.861356 ^ clkbuf_2_0__f_clk/Z (gf180mcu_fd_sc_mcu7t5v0__clkbuf_16)
                      0.121211    0.000060    0.861416 ^ _154_/CLK (gf180mcu_fd_sc_mcu7t5v0__dffq_1)
                                  0.250000    1.111416   clock uncertainty
                                 -0.082040    1.029376   clock reconvergence pessimism
                                  0.055069    1.084446   library hold time
                                              1.084446   data required time
---------------------------------------------------------------------------------------------
                                              1.084446   data required time
                                             -2.566449   data arrival time
---------------------------------------------------------------------------------------------
                                              1.482003   slack (MET)


Startpoint: _156_ (rising edge-triggered flip-flop clocked by clk)
Endpoint: _156_ (rising edge-triggered flip-flop clocked by clk)
Path Group: clk
Path Type: min

Fanout         Cap        Slew       Delay        Time   Description
---------------------------------------------------------------------------------------------
                                  0.000000    0.000000   clock clk (rise edge)
                                  0.000000    0.000000   clock source latency
     1    0.029329    0.218920    0.098029    0.098029 ^ clk (in)
     4    0.095622    0.217147    0.374898    0.472927 ^ clkbuf_0_clk/Z (gf180mcu_fd_sc_mcu7t5v0__clkbuf_16)
     5    0.025281    0.125185    0.309743    0.782669 ^ clkbuf_2_1__f_clk/Z (gf180mcu_fd_sc_mcu7t5v0__clkbuf_16)
                      0.125185    0.000032    0.782701 ^ _156_/CLK (gf180mcu_fd_sc_mcu7t5v0__dffq_1)
     2    0.012807    0.239816    0.958250    1.740951 v _156_/Q (gf180mcu_fd_sc_mcu7t5v0__dffq_1)
     3    0.017366    0.960996    0.607465    2.348416 ^ _108_/Z (gf180mcu_fd_sc_mcu7t5v0__xor2_1)
     1    0.002886    0.169812    0.387266    2.735682 ^ _127_/Z (gf180mcu_fd_sc_mcu7t5v0__or2_1)
                      0.169812    0.000027    2.735709 ^ _156_/D (gf180mcu_fd_sc_mcu7t5v0__dffq_1)
                                              2.735709   data arrival time

                                  0.000000    0.000000   clock clk (rise edge)
                                  0.000000    0.000000   clock source latency
     1    0.029329    0.218920    0.108348    0.108348 ^ clk (in)
     4    0.095622    0.217147    0.414360    0.522708 ^ clkbuf_0_clk/Z (gf180mcu_fd_sc_mcu7t5v0__clkbuf_16)
     5    0.025281    0.125185    0.342347    0.865055 ^ clkbuf_2_1__f_clk/Z (gf180mcu_fd_sc_mcu7t5v0__clkbuf_16)
                      0.125185    0.000035    0.865091 ^ _156_/CLK (gf180mcu_fd_sc_mcu7t5v0__dffq_1)
                                  0.250000    1.115090   clock uncertainty
                                 -0.082389    1.032701   clock reconvergence pessimism
                                  0.036742    1.069443   library hold time
                                              1.069443   data required time
---------------------------------------------------------------------------------------------
                                              1.069443   data required time
                                             -2.735709   data arrival time
---------------------------------------------------------------------------------------------
                                              1.666266   slack (MET)


Startpoint: _157_ (rising edge-triggered flip-flop clocked by clk)
Endpoint: _157_ (rising edge-triggered flip-flop clocked by clk)
Path Group: clk
Path Type: min

Fanout         Cap        Slew       Delay        Time   Description
---------------------------------------------------------------------------------------------
                                  0.000000    0.000000   clock clk (rise edge)
                                  0.000000    0.000000   clock source latency
     1    0.029329    0.218920    0.098029    0.098029 ^ clk (in)
     4    0.095622    0.217147    0.374898    0.472927 ^ clkbuf_0_clk/Z (gf180mcu_fd_sc_mcu7t5v0__clkbuf_16)
     5    0.024768    0.124503    0.308876    0.781803 ^ clkbuf_2_3__f_clk/Z (gf180mcu_fd_sc_mcu7t5v0__clkbuf_16)
                      0.124503    0.000058    0.781860 ^ _157_/CLK (gf180mcu_fd_sc_mcu7t5v0__dffq_1)
     4    0.023763    0.641224    1.253347    2.035207 ^ _157_/Q (gf180mcu_fd_sc_mcu7t5v0__dffq_1)
     2    0.012469    0.377120    0.322987    2.358194 v _110_/Z (gf180mcu_fd_sc_mcu7t5v0__xor2_1)
     2    0.010140    0.323377    0.282090    2.640284 ^ _111_/ZN (gf180mcu_fd_sc_mcu7t5v0__clkinv_1)
     1    0.002920    0.163272    0.138914    2.779198 v _128_/ZN (gf180mcu_fd_sc_mcu7t5v0__nand2_1)
                      0.163272    0.000027    2.779225 v _157_/D (gf180mcu_fd_sc_mcu7t5v0__dffq_1)
                                              2.779225   data arrival time

                                  0.000000    0.000000   clock clk (rise edge)
                                  0.000000    0.000000   clock source latency
     1    0.029329    0.218920    0.108348    0.108348 ^ clk (in)
     4    0.095622    0.217147    0.414360    0.522708 ^ clkbuf_0_clk/Z (gf180mcu_fd_sc_mcu7t5v0__clkbuf_16)
     5    0.024768    0.124503    0.341389    0.864098 ^ clkbuf_2_3__f_clk/Z (gf180mcu_fd_sc_mcu7t5v0__clkbuf_16)
                      0.124503    0.000064    0.864162 ^ _157_/CLK (gf180mcu_fd_sc_mcu7t5v0__dffq_1)
                                  0.250000    1.114162   clock uncertainty
                                 -0.082301    1.031860   clock reconvergence pessimism
                                  0.062939    1.094800   library hold time
                                              1.094800   data required time
---------------------------------------------------------------------------------------------
                                              1.094800   data required time
                                             -2.779225   data arrival time
---------------------------------------------------------------------------------------------
                                              1.684425   slack (MET)


R2R_END_HOLD min_tt_025C_3v30
