time_s,pwm_v,pwm_b_v,bias_v,gate_v,led_k_v,led_branch_current_A
0.0005145,0,3.30000002,1.38171443,3.93508005e-08,3.08304817,-4.47610009e-09
0.0005147,3.3,-8.508396573e-07,1.381714513,1.381714347,2.198934595,0.0001012955218
0.0005149,3.3,-3.313105327e-09,1.381714416,1.381714394,2.198934041,0.0001012995413
0.0005151,3.3,1.848425761e-08,1.381714414,1.381714396,2.198934064,0.0001012996462
0.0005153,3.3,-3.303715804e-09,1.381714416,1.381714394,2.198934046,0.0001012995408
0.0005155,3.3,1.848278989e-08,1.381714414,1.381714396,2.198934059,0.0001012996462
0.0005157,3.3,-3.297414808e-09,1.381714416,1.381714394,2.198934045,0.0001012995413
0.0005159,3.3,1.847650062e-08,1.381714414,1.381714396,2.19893406,0.0001012996467
0.0005161,3.3,-3.291122305e-09,1.381714416,1.381714394,2.198934045,0.0001012995413
0.0005163,3.3,1.847020985e-08,1.381714414,1.381714396,2.198934055,0.0001012996462
0.0005165,3.3,-3.284828214e-09,1.381714416,1.381714394,2.19893405,0.0001012995408
0.0005167,3.3,1.846393252e-08,1.381714414,1.381714396,2.198934055,0.0001012996462
0.0005169,3.3,-3.278537657e-09,1.381714416,1.381714399,2.198934044,0.0001012995408
0.0005171,3.3,1.845765369e-08,1.381714414,1.381714401,2.198934051,0.0001012996462
0.0005173,3.3,-3.272255593e-09,1.381714416,1.381714399,2.198934044,0.0001012995414
0.0005175,3.3,1.845137336e-08,1.381714414,1.381714401,2.198934051,0.0001012996466
0.0005177,3.3,-3.265976983e-09,1.381714416,1.381714399,2.198934049,0.0001012995414
0.0005179,3.3,1.844510655e-08,1.381714414,1.381714401,2.198934051,0.0001012996461
0.0005181,3.3,-3.259696947e-09,1.381714416,1.381714399,2.198934049,0.0001012995409
0.0005183,3.3,1.84388332e-08,1.381714414,1.381714401,2.198934051,0.0001012996461
0.0005185,3.3,-3.253430366e-09,1.381714416,1.381714399,2.198934049,0.0001012995414
0.0005187,3.3,1.843256843e-08,1.381714414,1.381714396,2.198934052,0.0001012996466
0.0005189,3.3,-3.247157318e-09,1.381714416,1.381714394,2.198934053,0.0001012995414
0.0005191,3.3,1.842631215e-08,1.381714414,1.381714396,2.198934052,0.0001012996466
0.0005193,3.3,-3.240892845e-09,1.381714416,1.381714394,2.198934048,0.0001012995414
0.0005195,3.3,1.84200494e-08,1.381714414,1.381714396,2.198934047,0.0001012996461
0.0005197,3.3,-3.234631825e-09,1.381714416,1.381714394,2.198934048,0.0001012995409
0.0005199,3.3,1.841380019e-08,1.381714414,1.381714396,2.198934052,0.0001012996461
0.0005201,3.3,-3.228374422e-09,1.381714416,1.381714394,2.198934053,0.0001012995409
0.0005203,3.3,1.840754956e-08,1.381714414,1.381714396,2.198934047,0.0001012996461
0.0005205,3.3,-3.222115512e-09,1.381714416,1.381714394,2.198934048,0.0001012995414
0.0005207,3.3,1.840130237e-08,1.381714414,1.381714396,2.198934047,0.0001012996466
0.0005209,3.3,-3.215870137e-09,1.381714416,1.381714394,2.198934053,0.0001012995414
0.0005211,3.3,1.839505881e-08,1.381714414,1.381714396,2.198934052,0.0001012996461
0.0005213,3.3,-3.209618296e-09,1.381714416,1.381714394,2.198934053,0.0001012995409
0.0005215,3.3,1.838882373e-08,1.381714414,1.381714396,2.198934052,0.0001012996461
0.0005217,3.3,-3.203375031e-09,1.381714416,1.381714394,2.198934053,0.0001012995409
0.0005219,3.3,1.838258723e-08,1.381714414,1.381714396,2.198934047,0.0001012996461
0.0005221,3.3,-3.197135301e-09,1.381714416,1.381714394,2.198934053,0.0001012995409
0.0005223,3.3,1.837635427e-08,1.381714414,1.381714396,2.198934047,0.0001012996461
0.0005225,3.3,-3.190899105e-09,1.381714416,1.381714394,2.198934053,0.0001012995414
0.0005227,3.3,1.837012484e-08,1.381714414,1.381714396,2.198934052,0.0001012996466
0.0005229,3.3,-3.184666446e-09,1.381714416,1.381714394,2.198934053,0.0001012995414
0.0005231,3.3,1.836389895e-08,1.381714414,1.381714396,2.198934047,0.0001012996461
0.0005233,3.3,-3.178437319e-09,1.381714416,1.381714394,2.198934053,0.0001012995409
0.0005235,3.3,1.835768163e-08,1.381714414,1.381714396,2.198934047,0.0001012996461
0.0005237,3.3,-3.17221181e-09,1.381714416,1.381714394,2.198934053,0.0001012995409
0.0005239,3.3,1.835146289e-08,1.381714414,1.381714396,2.198934052,0.0001012996461
0.0005241,3.3,-3.165984793e-09,1.381714411,1.381714394,2.198934053,0.0001012995409
0.0005243,3.3,1.83452476e-08,1.381714409,1.381714396,2.198934047,0.0001012996461
0.0005245,3.3,-3.159771312e-09,1.381714411,1.381714394,2.198934053,0.0001012995414
0.0005247,3.3,1.833903593e-08,1.381714409,1.381714396,2.198934047,0.0001012996466
0.0005249,3.3,-3.153556406e-09,1.381714411,1.381714394,2.198934053,0.0001012995414
0.0005251,3.3,1.833282779e-08,1.381714409,1.381714396,2.198934047,0.0001012996461
0.0005253,3.3,-3.147345035e-09,1.381714411,1.3817144,2.198934053,0.0001012995409
0.0005255,3.3,1.832662823e-08,1.381714409,1.3817144,2.198934047,0.0001012996461
0.0005257,3.3,-3.141132239e-09,1.381714411,1.3817144,2.198934053,0.0001012995409
0.0005259,3.3,1.832042716e-08,1.381714409,1.3817144,2.198934047,0.0001012996461
0.0005261,3.3,-3.134932978e-09,1.381714411,1.3817144,2.198934053,0.0001012995409
0.0005263,3.3,1.83142297e-08,1.381714409,1.3817144,2.198934052,0.0001012996461
0.0005265,3.3,-3.128727252e-09,1.381714411,1.3817144,2.198934058,0.0001012995414
0.0005267,3.3,1.83080357e-08,1.381714409,1.3817144,2.198934052,0.0001012996466
0.0005269,3.3,-3.12253506e-09,1.381714411,1.3817144,2.198934058,0.0001012995414
0.0005271,3.3,1.830184532e-08,1.381714414,1.3817144,2.198934052,0.0001012996466
0.0005273,3.3,-3.116341444e-09,1.381714416,1.3817144,2.198934053,0.0001012995414
0.0005275,3.3,1.829565847e-08,1.381714414,1.3817144,2.198934047,0.0001012996461
0.0005277,3.3,-3.110151364e-09,1.381714416,1.3817144,2.198934053,0.0001012995409
0.0005279,3.3,1.828947516e-08,1.381714414,1.3817144,2.198934047,0.0001012996461
0.0005281,3.3,-3.103964817e-09,1.381714416,1.3817144,2.198934053,0.0001012995409
0.0005283,3.3,1.828329538e-08,1.381714414,1.381714395,2.198934047,0.0001012996461
0.0005285,3.3,-3.097781804e-09,1.381714416,1.381714395,2.198934053,0.0001012995409
0.0005287,3.3,1.827712418e-08,1.381714414,1.381714395,2.198934047,0.0001012996461
0.0005289,3.3,-3.091597368e-09,1.381714416,1.381714395,2.198934053,0.0001012995414
0.0005291,3.3,1.827095146e-08,1.381714414,1.381714395,2.198934047,0.0001012996466
0.0005293,3.3,-3.085421425e-09,1.381714416,1.381714395,2.198934053,0.0001012995414
0.0005295,3.3,1.826478733e-08,1.381714414,1.381714395,2.198934047,0.0001012996461
0.0005297,3.3,-3.079249098e-09,1.381714416,1.381714395,2.198934053,0.0001012995409
0.0005299,3.3,1.825861673e-08,1.381714414,1.381714395,2.198934047,0.0001012996461
0.0005301,3.3,-3.073080224e-09,1.381714416,1.381714395,2.198934053,0.0001012995409
0.0005303,3.3,1.825245966e-08,1.381714414,1.381714395,2.198934047,0.0001012996461
0.0005305,3.3,-3.066909926e-09,1.381714416,1.381714395,2.198934053,0.0001012995409
0.0005307,3.3,1.824630109e-08,1.381714414,1.381714395,2.198934047,0.0001012996461
0.0005309,3.3,-3.060753163e-09,1.381714416,1.381714395,2.198934053,0.0001012995414
0.0005311,3.3,1.824014614e-08,1.381714414,1.381714395,2.198934047,0.0001012996466
0.0005313,3.3,-3.054594975e-09,1.381714416,1.381714395,2.198934053,0.0001012995414
0.0005315,3.3,1.823399472e-08,1.381714414,1.381714395,2.198934047,0.0001012996466
0.0005317,3.3,-3.048435281e-09,1.381714416,1.381714395,2.198934053,0.0001012995414
0.0005319,3.3,1.822784675e-08,1.381714414,1.381714395,2.198934047,0.0001012996461
0.0005321,3.3,-3.042289122e-09,1.381714416,1.381714395,2.198934053,0.0001012995409
0.0005323,3.3,1.82217024e-08,1.381714414,1.381714395,2.198934047,0.0001012996461
0.0005325,3.3,-3.036136497e-09,1.381714416,1.381714395,2.198934053,0.0001012995409
0.0005327,3.3,1.821556654e-08,1.381714414,1.381714395,2.198934047,0.0001012996461
0.0005329,3.3,-3.029992447e-09,1.381714416,1.381714395,2.198934053,0.0001012995409
0.0005331,3.3,1.820942422e-08,1.381714414,1.381714395,2.198934047,0.0001012996461
0.0005333,3.3,-3.02385185e-09,1.381714416,1.381714395,2.198934053,0.0001012995409
0.0005335,3.3,1.820329543e-08,1.381714414,1.381714395,2.198934047,0.0001012996461
0.0005337,3.3,-3.01771487e-09,1.381714416,1.381714395,2.198934053,0.0001012995414
0.0005339,3.3,1.819716522e-08,1.381714414,1.381714395,2.198934047,0.0001012996466
0.0005341,3.3,-3.011576383e-09,1.381714416,1.381714395,2.198934053,0.0001012995414
0.0005343,3.3,1.819103845e-08,1.381714414,1.381714395,2.198934047,0.0001012996461
0.0005345,3.3,-3.005451431e-09,1.381714416,1.381714395,2.198934053,0.0001012995409
0.0005347,3.3,1.818491027e-08,1.381714414,1.381714395,2.198934047,0.0001012996461
0.0005349,3.3,-2.999324972e-09,1.381714416,1.381714395,2.198934053,0.0001012995409
0.0005351,3.3,1.817879562e-08,1.381714414,1.381714395,2.198934047,0.0001012996461
0.0005353,3.3,-2.993197089e-09,1.381714416,1.381714395,2.198934053,0.0001012995409
0.0005355,3.3,1.817267946e-08,1.381714414,1.381714395,2.198934047,0.0001012996461
0.0005357,3.3,-2.9870777e-09,1.381714416,1.381714395,2.198934053,0.0001012995409
0.0005359,3.3,1.816656684e-08,1.381714414,1.381714395,2.198934047,0.0001012996461
0.0005361,3.3,-2.980961845e-09,1.381714416,1.381714395,2.198934053,0.0001012995414
0.0005363,3.3,1.816045775e-08,1.381714414,1.381714395,2.198934047,0.0001012996466
0.0005365,3.3,-2.974849526e-09,1.381714416,1.381714395,2.198934053,0.0001012995414
0.0005367,3.3,1.81543522e-08,1.381714414,1.381714395,2.198934047,0.0001012996466
0.0005369,3.3,-2.96874074e-09,1.381714416,1.381714395,2.198934053,0.0001012995414
0.0005371,3.3,1.814825018e-08,1.381714414,1.381714395,2.198934047,0.0001012996461
0.0005373,3.3,-2.962630448e-09,1.381714416,1.381714395,2.198934053,0.0001012995409
0.0005375,3.3,1.814215162e-08,1.381714414,1.381714395,2.198934047,0.0001012996461
0.0005377,3.3,-2.95653369e-09,1.381714416,1.381714395,2.198934053,0.0001012995409
0.0005379,3.3,1.813605163e-08,1.381714414,1.381714395,2.198934047,0.0001012996461
0.0005381,3.3,-2.950435426e-09,1.381714416,1.381714395,2.198934053,0.0001012995409
0.0005383,3.3,1.812996517e-08,1.381714414,1.381714395,2.198934047,0.0001012996461
0.0005385,3.3,-2.944335738e-09,1.381714416,1.3817144,2.198934053,0.0001012995414
0.0005387,3.3,1.812387217e-08,1.381714414,1.3817144,2.198934047,0.0001012996466
0.0005389,3.3,-2.938244461e-09,1.381714416,1.3817144,2.198934053,0.0001012995414
0.0005391,3.3,1.81177927e-08,1.381714414,1.3817144,2.198934047,0.0001012996466
0.0005393,3.3,-2.9321568e-09,1.381714416,1.3817144,2.198934053,0.0001012995414
0.0005395,3.3,1.811170676e-08,1.381714414,1.3817144,2.198934047,0.0001012996466
0.0005397,3.3,-2.926072593e-09,1.381714411,1.3817144,2.198934053,0.0001012995414
0.0005399,3.3,1.810563437e-08,1.381714409,1.3817144,2.198934047,0.0001012996461
0.0005401,3.3,-2.91998696e-09,1.381714411,1.3817144,2.198934053,0.0001012995409
0.0005403,3.3,1.809955542e-08,1.381714409,1.3817144,2.198934047,0.0001012996461
0.0005405,3.3,-2.913909739e-09,1.381714411,1.3817144,2.198934053,0.0001012995409
0.0005407,3.3,1.809349001e-08,1.381714409,1.3817144,2.198934047,0.0001012996461
0.0005409,3.3,-2.907836137e-09,1.381714411,1.3817144,2.198934053,0.0001012995409
0.0005411,3.3,1.808741813e-08,1.381714409,1.3817144,2.198934047,0.0001012996461
0.0005413,3.3,-2.901760944e-09,1.381714411,1.3817144,2.198934053,0.0001012995414
0.0005415,3.3,1.80813597e-08,1.381714409,1.3817144,2.198934047,0.0001012996466
0.0005417,3.3,-2.895694327e-09,1.381714411,1.3817144,2.198934053,0.0001012995414
0.0005419,3.3,1.807529985e-08,1.381714409,1.3817144,2.198934047,0.0001012996466
0.0005421,3.3,-2.889626203e-09,1.381714411,1.3817144,2.198934053,0.0001012995414
0.0005423,3.3,1.806924346e-08,1.381714414,1.3817144,2.198934047,0.0001012996461
0.0005425,3.3,-2.883566573e-09,1.381714416,1.3817144,2.198934053,0.0001012995409
0.0005427,3.3,1.806318555e-08,1.381714414,1.3817144,2.198934047,0.0001012996461
0.0005429,3.3,-2.877515437e-09,1.381714416,1.3817144,2.198934053,0.0001012995409
0.0005431,3.3,1.805713622e-08,1.381714414,1.381714395,2.198934047,0.0001012996461
0.0005433,3.3,-2.871457835e-09,1.381714416,1.381714395,2.198934053,0.0001012995409
0.0005435,3.3,1.805109035e-08,1.381714414,1.381714395,2.198934047,0.0001012996461
0.0005437,3.3,-2.865408726e-09,1.381714416,1.381714395,2.198934053,0.0001012995409
0.0005439,3.3,1.804504297e-08,1.381714414,1.381714395,2.198934047,0.0001012996461
0.0005441,3.3,-2.85936307e-09,1.381714416,1.381714395,2.198934053,0.0001012995414
0.0005443,3.3,1.803900408e-08,1.381714414,1.381714395,2.198934047,0.0001012996466
0.0005445,3.3,-2.853320948e-09,1.381714416,1.381714395,2.198934053,0.0001012995414
0.0005447,3.3,1.803296872e-08,1.381714414,1.381714395,2.198934047,0.0001012996466
0.0005449,3.3,-2.84727732e-09,1.381714416,1.381714395,2.198934053,0.0001012995414
0.0005451,3.3,1.802693682e-08,1.381714414,1.381714395,2.198934047,0.0001012996466
0.0005453,3.3,-2.841242187e-09,1.381714416,1.381714395,2.198934053,0.0001012995414
0.0005455,3.3,1.802090846e-08,1.381714414,1.381714395,2.198934047,0.000101299646
0.0005457,3.3,-2.835205546e-09,1.381714416,1.381714395,2.198934053,0.000101299541
0.0005459,3.3,1.801488354e-08,1.381714414,1.381714395,2.198934047,0.000101299646
0.0005461,3.3,-2.829177399e-09,1.381714416,1.381714395,2.198934053,0.000101299541
0.0005463,3.3,1.800885712e-08,1.381714414,1.381714395,2.198934047,0.000101299646
0.0005465,3.3,-2.823152704e-09,1.381714416,1.381714395,2.198934053,0.000101299541
0.0005467,3.3,1.800283919e-08,1.381714414,1.381714395,2.198934047,0.000101299646
0.0005469,3.3,-2.817131543e-09,1.381714416,1.381714395,2.198934053,0.000101299541
0.0005471,3.3,1.79968248e-08,1.381714414,1.381714395,2.198934047,0.000101299646
0.0005473,3.3,-2.811108876e-09,1.381714416,1.381714395,2.198934053,0.0001012995415
0.0005475,3.3,1.799081386e-08,1.381714414,1.381714395,2.198934047,0.0001012996465
0.0005477,3.3,-2.805089662e-09,1.381714416,1.381714395,2.198934053,0.0001012995415
0.0005479,3.3,1.798480637e-08,1.381714414,1.381714395,2.198934047,0.0001012996465
0.0005481,3.3,-2.79907894e-09,1.381714416,1.381714395,2.198934053,0.0001012995415
0.0005483,3.3,1.797879737e-08,1.381714414,1.381714395,2.198934047,0.000101299646
0.0005485,3.3,-2.793071672e-09,1.381714416,1.381714395,2.198934053,0.000101299541
0.0005487,3.3,1.797279687e-08,1.381714414,1.381714395,2.198934047,0.000101299646
0.0005489,3.3,-2.787067938e-09,1.381714416,1.381714395,2.198934053,0.000101299541
0.0005491,3.3,1.796679991e-08,1.381714414,1.381714395,2.198934047,0.000101299646
0.0005493,3.3,-2.781062697e-09,1.381714416,1.381714395,2.198934053,0.000101299541
0.0005495,3.3,1.796080135e-08,1.381714414,1.381714395,2.198934047,0.000101299646
0.0005497,3.3,-2.775065869e-09,1.381714416,1.381714395,2.198934053,0.000101299541
0.0005499,3.3,1.795481129e-08,1.381714414,1.381714395,2.198934047,0.000101299646
0.0005501,3.3,-2.769067533e-09,1.381714416,1.381714395,2.198934053,0.0001012995415
0.0005503,3.3,1.794882468e-08,1.381714414,1.381714395,2.198934047,0.0001012996465
0.0005505,3.3,-2.763077691e-09,1.381714416,1.381714395,2.198934053,0.0001012995415
0.0005507,3.3,1.794284161e-08,1.381714414,1.381714395,2.198934047,0.0001012996465
0.0005509,3.3,-2.757086342e-09,1.381714416,1.381714395,2.198934053,0.0001012995415
0.0005511,3.3,1.793686198e-08,1.381714414,1.381714395,2.198934047,0.0001012996465
0.0005513,3.3,-2.751098446e-09,1.381714416,1.381714395,2.198934053,0.0001012995415
0.0005515,3.3,1.793088077e-08,1.381714414,1.381714395,2.198934047,0.000101299646
0.0005517,3.3,-2.745124002e-09,1.381714416,1.381714395,2.198934053,0.000101299541
0.0005519,3.3,1.792490814e-08,1.381714414,1.381714395,2.198934047,0.000101299646
0.0005521,3.3,-2.739138051e-09,1.381714416,1.381714395,2.198934053,0.000101299541
0.0005523,3.3,1.791893887e-08,1.381714414,1.381714395,2.198934047,0.000101299646
0.0005525,3.3,-2.733165553e-09,1.381714416,1.381714395,2.198934053,0.000101299541
0.0005527,3.3,1.79129681e-08,1.381714414,1.381714395,2.198934047,0.000101299646
0.0005529,3.3,-2.727196507e-09,1.381714416,1.381714395,2.198934053,0.000101299541
0.0005531,3.3,1.790700582e-08,1.381714414,1.381714395,2.198934047,0.000101299646
0.0005533,3.3,-2.721225955e-09,1.381714416,1.381714395,2.198934053,0.0001012995415
0.0005535,3.3,1.790104699e-08,1.381714414,1.381714395,2.198934047,0.0001012996465
0.0005537,3.3,-2.715263897e-09,1.381714416,1.381714395,2.198934053,0.0001012995415
0.0005539,3.3,1.789508666e-08,1.381714414,1.381714395,2.198934047,0.0001012996465
0.0005541,3.3,-2.70930025e-09,1.381714411,1.381714395,2.198934053,0.0001012995415
0.0005543,3.3,1.788913474e-08,1.381714409,1.381714395,2.198934047,0.000101299646
0.0005545,3.3,-2.703345097e-09,1.381714411,1.381714395,2.198934053,0.000101299541
0.0005547,3.3,1.788318131e-08,1.381714409,1.381714395,2.198934047,0.000101299646
0.0005549,3.3,-2.697388354e-09,1.381714411,1.381714395,2.198934053,0.000101299541
0.0005551,3.3,1.78772363e-08,1.381714409,1.381714395,2.198934047,0.000101299646
0.0005553,3.3,-2.691440105e-09,1.381714411,1.381714395,2.198934053,0.000101299541
0.0005555,3.3,1.787128978e-08,1.381714409,1.381714395,2.198934047,0.000101299646
0.0005557,3.3,-2.685490267e-09,1.381714411,1.381714395,2.198934053,0.000101299541
0.0005559,3.3,1.786535166e-08,1.381714409,1.381714395,2.198934047,0.000101299646
0.0005561,3.3,-2.679548923e-09,1.381714411,1.381714395,2.198934053,0.000101299541
0.0005563,3.3,1.785941205e-08,1.381714409,1.381714395,2.198934047,0.000101299646
0.0005565,3.3,-2.67360599e-09,1.381714411,1.381714395,2.198934053,0.0001012995415
0.0005567,3.3,1.785348084e-08,1.381714409,1.381714395,2.198934047,0.0001012996465
0.0005569,3.3,-2.66767155e-09,1.381714411,1.381714395,2.198934053,0.0001012995415
0.0005571,3.3,1.784754813e-08,1.381714414,1.381714395,2.198934047,0.0001012996465
0.0005573,3.3,-2.661735522e-09,1.381714416,1.381714395,2.198934053,0.0001012995415
0.0005575,3.3,1.784162382e-08,1.381714414,1.381714395,2.198934047,0.0001012996465
0.0005577,3.3,-2.655807987e-09,1.381714416,1.381714395,2.198934053,0.0001012995415
0.0005579,3.3,1.783569801e-08,1.381714414,1.381714395,2.198934047,0.000101299646
0.0005581,3.3,-2.649878864e-09,1.381714416,1.381714395,2.198934053,0.000101299541
0.0005583,3.3,1.782978062e-08,1.381714414,1.381714395,2.198934047,0.000101299646
0.0005585,3.3,-2.643953194e-09,1.381714416,1.381714395,2.198934053,0.000101299541
0.0005587,3.3,1.782386667e-08,1.381714414,1.381714395,2.198934047,0.000101299646
0.0005589,3.3,-2.638030976e-09,1.381714416,1.3817144,2.198934053,0.000101299541
0.0005591,3.3,1.781795114e-08,1.381714414,1.3817144,2.198934047,0.000101299646
0.0005593,3.3,-2.632117168e-09,1.381714416,1.3817144,2.198934053,0.000101299541
0.0005595,3.3,1.781203906e-08,1.381714414,1.3817144,2.198934047,0.000101299646
0.0005597,3.3,-2.626206813e-09,1.381714416,1.3817144,2.198934053,0.0001012995415
0.0005599,3.3,1.780613547e-08,1.381714414,1.3817144,2.198934047,0.0001012996465
0.0005601,3.3,-2.620294952e-09,1.381714416,1.3817144,2.198934053,0.0001012995415
0.0005603,3.3,1.78002303e-08,1.381714414,1.3817144,2.198934047,0.0001012996465
0.0005605,3.3,-2.614386461e-09,1.381714416,1.3817144,2.198934053,0.0001012995415
0.0005607,3.3,1.779432849e-08,1.381714414,1.3817144,2.198934047,0.0001012996465
0.0005609,3.3,-2.608486381e-09,1.381714416,1.3817144,2.198934053,0.0001012995415
0.0005611,3.3,1.778843518e-08,1.381714414,1.3817144,2.198934047,0.000101299646
0.0005613,3.3,-2.602584795e-09,1.381714416,1.3817144,2.198934053,0.000101299541
0.0005615,3.3,1.778254028e-08,1.381714414,1.3817144,2.198934047,0.000101299646
0.0005617,3.3,-2.596686578e-09,1.381714416,1.3817144,2.198934053,0.000101299541
0.0005619,3.3,1.777665379e-08,1.381714414,1.3817144,2.198934047,0.000101299646
0.0005621,3.3,-2.590796856e-09,1.381714416,1.3817144,2.198934053,0.000101299541
0.0005623,3.3,1.777076579e-08,1.381714414,1.3817144,2.198934047,0.000101299646
0.0005625,3.3,-2.584905544e-09,1.381714416,1.3817144,2.198934053,0.000101299541
0.0005627,3.3,1.776488116e-08,1.381714414,1.3817144,2.198934047,0.000101299646
0.0005629,3.3,-2.579017604e-09,1.381714416,1.3817144,2.198934053,0.000101299541
0.0005631,3.3,1.775900495e-08,1.381714414,1.3817144,2.198934047,0.000101299646
0.0005633,3.3,-2.573138157e-09,1.381714416,1.3817144,2.198934053,0.0001012995415
0.0005635,3.3,1.775312723e-08,1.381714414,1.3817144,2.198934047,0.0001012996465
0.0005637,3.3,-2.567252079e-09,1.381714416,1.3817144,2.198934053,0.0001012995415
0.0005639,3.3,1.774725784e-08,1.381714414,1.3817144,2.198934047,0.0001012996465
0.0005641,3.3,-2.561379454e-09,1.381714416,1.3817144,2.198934053,0.0001012995415
0.0005643,3.3,1.774138694e-08,1.381714414,1.3817144,2.198934047,0.000101299646
0.0005645,3.3,-2.55550524e-09,1.381714416,1.3817144,2.198934053,0.000101299541
0.0005647,3.3,1.773551941e-08,1.381714414,1.3817144,2.198934047,0.000101299646
0.0005649,3.3,-2.549639438e-09,1.381714416,1.3817144,2.198934053,0.000101299541
0.0005651,3.3,1.772965533e-08,1.381714414,1.3817144,2.198934047,0.000101299646
0.0005653,3.3,-2.543772047e-09,1.381714416,1.3817144,2.198934053,0.000101299541
0.0005655,3.3,1.772379463e-08,1.381714414,1.3817144,2.198934047,0.000101299646
0.0005657,3.3,-2.537913067e-09,1.381714416,1.3817144,2.198934053,0.000101299541
0.0005659,3.3,1.771793737e-08,1.381714414,1.3817144,2.198934047,0.000101299646
0.0005661,3.3,-2.532052498e-09,1.381714416,1.3817144,2.198934053,0.000101299541
0.0005663,3.3,1.771208853e-08,1.381714414,1.381714395,2.198934047,0.000101299646
0.0005665,3.3,-2.526195382e-09,1.381714416,1.381714395,2.198934053,0.0001012995415
0.0005667,3.3,1.77062381e-08,1.381714414,1.381714395,2.198934047,0.0001012996465
0.0005669,3.3,-2.520341636e-09,1.381714416,1.381714395,2.198934053,0.0001012995415
0.0005671,3.3,1.770039104e-08,1.381714414,1.381714395,2.198934047,0.0001012996465
0.0005673,3.3,-2.514491261e-09,1.381714416,1.381714395,2.198934053,0.0001012995415
0.0005675,3.3,1.769455239e-08,1.381714414,1.381714395,2.198934047,0.0001012996465
0.0005677,3.3,-2.508644338e-09,1.381714416,1.381714395,2.198934053,0.0001012995415
0.0005679,3.3,1.768871215e-08,1.381714414,1.381714395,2.198934047,0.000101299646
0.0005681,3.3,-2.502805826e-09,1.381714416,1.381714395,2.198934053,0.000101299541
0.0005683,3.3,1.768287536e-08,1.381714414,1.381714395,2.198934047,0.000101299646
0.0005685,3.3,-2.496960684e-09,1.381714416,1.381714395,2.198934053,0.000101299541
0.0005687,3.3,1.767704691e-08,1.381714414,1.381714395,2.198934047,0.000101299646
0.0005689,3.3,-2.491128994e-09,1.381714416,1.381714395,2.198934053,0.000101299541
0.0005691,3.3,1.76712119e-08,1.381714414,1.381714395,2.198934047,0.000101299646
0.0005693,3.3,-2.485295634e-09,1.381714411,1.381714395,2.198934053,0.000101299541
0.0005695,3.3,1.766539027e-08,1.381714409,1.381714395,2.198934047,0.000101299646
0.0005697,3.3,-2.479465726e-09,1.381714411,1.381714395,2.198934053,0.000101299541
0.0005699,3.3,1.765956705e-08,1.381714409,1.381714395,2.198934047,0.000101299646
0.0005701,3.3,-2.473639188e-09,1.381714411,1.381714395,2.198934053,0.0001012995415
0.0005703,3.3,1.765374719e-08,1.381714409,1.381714395,2.198934047,0.0001012996465
0.0005705,3.3,-2.467816021e-09,1.381714411,1.381714395,2.198934053,0.0001012995415
0.0005707,3.3,1.764793071e-08,1.381714409,1.381714395,2.198934047,0.0001012996465
0.0005709,3.3,-2.462001264e-09,1.381714411,1.381714395,2.198934053,0.0001012995415
0.0005711,3.3,1.764211768e-08,1.381714409,1.381714395,2.198934047,0.0001012996465
0.0005713,3.3,-2.456184919e-09,1.381714411,1.381714395,2.198934053,0.0001012995415
0.0005715,3.3,1.763630802e-08,1.381714409,1.381714395,2.198934047,0.000101299646
0.0005717,3.3,-2.450371944e-09,1.381714411,1.381714395,2.198934053,0.000101299541
0.0005719,3.3,1.763050173e-08,1.381714409,1.381714395,2.198934047,0.000101299646
0.0005721,3.3,-2.444562341e-09,1.381714411,1.381714395,2.198934053,0.000101299541
0.0005723,3.3,1.762470385e-08,1.381714414,1.381714395,2.198934047,0.000101299646
0.0005725,3.3,-2.438751148e-09,1.381714416,1.381714395,2.198934053,0.000101299541
0.0005727,3.3,1.76189043e-08,1.381714414,1.381714395,2.198934047,0.000101299646
0.0005729,3.3,-2.432953325e-09,1.381714416,1.381714395,2.198934053,0.000101299541
0.0005731,3.3,1.761310821e-08,1.381714414,1.381714395,2.198934047,0.000101299646
0.0005733,3.3,-2.427153913e-09,1.381714416,1.381714395,2.198934053,0.000101299541
0.0005735,3.3,1.760731044e-08,1.381714414,1.381714395,2.198934047,0.000101299646
0.0005737,3.3,-2.421357789e-09,1.381714416,1.381714395,2.198934053,0.0001012995415
0.0005739,3.3,1.760152604e-08,1.381714414,1.381714395,2.198934047,0.0001012996465
0.0005741,3.3,-2.415565118e-09,1.381714416,1.381714395,2.198934053,0.0001012995415
0.0005743,3.3,1.759574006e-08,1.381714414,1.381714395,2.198934047,0.0001012996465
0.0005745,3.3,-2.409775817e-09,1.381714416,1.381714395,2.198934053,0.0001012995415
0.0005747,3.3,1.758995744e-08,1.381714414,1.381714395,2.198934047,0.0001012996465
0.0005749,3.3,-2.403989886e-09,1.381714416,1.381714395,2.198934053,0.0001012995415
0.0005751,3.3,1.758417819e-08,1.381714414,1.381714395,2.198934047,0.000101299646
0.0005753,3.3,-2.398207325e-09,1.381714416,1.381714395,2.198934053,0.000101299541
0.0005755,3.3,1.757840232e-08,1.381714414,1.381714395,2.198934047,0.000101299646
0.0005757,3.3,-2.392428134e-09,1.381714416,1.381714395,2.198934053,0.000101299541
0.0005759,3.3,1.757262981e-08,1.381714414,1.381714395,2.198934047,0.000101299646
0.0005761,3.3,-2.386652314e-09,1.381714416,1.381714395,2.198934053,0.000101299541
0.0005763,3.3,1.756685564e-08,1.381714414,1.381714395,2.198934047,0.000101299646
0.0005765,3.3,-2.380884824e-09,1.381714416,1.381714395,2.198934053,0.000101299541
0.0005767,3.3,1.756108987e-08,1.381714414,1.381714395,2.198934047,0.000101299646
0.0005769,3.3,-2.375110703e-09,1.381714416,1.381714395,2.198934053,0.000101299541
0.0005771,3.3,1.755533244e-08,1.381714414,1.381714395,2.198934047,0.000101299646
0.0005773,3.3,-2.369344993e-09,1.381714416,1.381714395,2.198934053,0.0001012995415
0.0005775,3.3,1.754957341e-08,1.381714414,1.381714395,2.198934047,0.0001012996465
0.0005777,3.3,-2.363582653e-09,1.381714416,1.381714395,2.198934053,0.0001012995415
0.0005779,3.3,1.754381272e-08,1.381714414,1.381714395,2.198934047,0.0001012996465
0.0005781,3.3,-2.357823602e-09,1.381714416,1.381714395,2.198934053,0.0001012995415
0.0005783,3.3,4.268789061e-07,1.381714376,1.381714407,2.198933941,0.0001013017682
0.0005785,3.299999999,-1.223362373e-06,1.38171453,1.38171436,2.19893437,0.000101293211
0.0005787,0,3.30000004,1.381714434,1.814005081e-06,2.538885872,-9.801615901e-10
0.0005789,0,3.299999896,1.381714411,7.881038162e-07,2.595240926,5.18592974e-09
0.0005791,0,3.299999964,1.381714422,5.60758729e-07,2.62722341,1.592329121e-09
0.0005793,0,3.300000033,1.381714433,4.705596424e-07,2.650242421,-1.953897929e-09
0.0005795,0,3.299999935,1.381714417,3.00638671e-07,2.668080119,2.788528993e-09
0.0005797,0,3.300000035,1.381714433,3.263658222e-07,2.682584536,-2.188008324e-09
0.0005799,0,3.299999935,1.381714417,2.020053041e-07,2.694810831,2.694583049e-09
0.0005801,0,3.300000035,1.381714433,2.546287089e-07,2.70538258,-2.256170359e-09
0.0005803,0,3.299999935,1.381714417,1.47579649e-07,2.714695349,2.642771857e-09
0.0005805,0,3.300000035,1.381714433,2.117491784e-07,2.72301922,-2.296841428e-09
0.0005807,0,3.299999935,1.381714417,1.130888805e-07,2.730544108,2.609940642e-09
0.0005809,0,3.300000035,1.381714433,1.832215028e-07,2.737411356,-2.323854815e-09
0.0005811,0,3.299999935,1.381714417,8.927859083e-08,2.7437262,2.587269763e-09
0.0005813,0,3.300000035,1.381714433,1.628610105e-07,2.749572008,-2.343101527e-09
0.0005815,0,3.299999935,1.381714417,7.185548243e-08,2.755012952,2.570671261e-09
0.0005817,0,3.300000035,1.381714433,1.47591713e-07,2.760102473,-2.357509518e-09
0.0005819,0,3.299999935,1.381714417,5.855658841e-08,2.764882433,2.55799161e-09
0.0005821,0,3.300000035,1.381714433,1.357108448e-07,2.769389272,-2.368698756e-09
0.0005823,0,3.299999935,1.381714417,4.807560237e-08,2.77365169,2.547988361e-09
0.0005825,0,3.300000035,1.381714433,1.261992007e-07,2.777695753,-2.377638401e-09
0.0005827,0,3.299999935,1.381714417,3.960546688e-08,2.781541883,2.539894223e-09
0.0005829,0,3.300000035,1.381714433,1.184092737e-07,2.785209475,-2.384943933e-09
0.0005831,0,3.299999935,1.381714417,3.262057468e-08,2.788713493,2.533209671e-09
0.0005833,0,3.300000035,1.381714433,1.1190998e-07,2.792068809,-2.391025036e-09
0.0005835,0,3.299999935,1.381714417,2.676381893e-08,2.795286649,2.527595474e-09
0.0005837,0,3.300000035,1.381714433,1.064030729e-07,2.798378744,-2.396165015e-09
0.0005839,0,3.299999935,1.381714417,2.178411881e-08,2.801353662,2.52281321e-09
0.0005841,0,3.300000035,1.381714433,1.016756475e-07,2.804220868,-2.400566034e-09
0.0005843,0,3.299999935,1.381714417,1.749977995e-08,2.806986987,2.518690343e-09
0.0005845,0,3.300000035,1.381714433,9.757165843e-08,2.80965982,-2.404376182e-09
0.0005847,0,3.299999935,1.381714417,1.377605731e-08,2.812244544,2.515098973e-09
0.0005849,0,3.300000035,1.381714433,9.397411778e-08,2.814747707,-2.407706502e-09
0.0005851,0,3.299999935,1.381714417,1.051090853e-08,2.817173376,2.511942274e-09
0.0005853,0,3.300000035,1.381714433,9.079359375e-08,2.819527133,-2.41064184e-09
0.0005855,0,3.299999935,1.381714417,7.625638857e-09,2.821812197,2.509145562e-09
0.0005857,0,3.300000035,1.381714433,8.796054488e-08,2.824033393,-2.41324816e-09
0.0005859,0,3.299999935,1.381714417,5.058583061e-09,2.826193263,2.506650354e-09
0.0005861,0,3.300000035,1.381714433,8.542008369e-08,2.828296038,-2.415577533e-09
0.0005863,0,3.299999935,1.381714417,2.760735956e-09,2.830343721,2.504410146e-09
0.0005865,0,3.300000035,1.381714433,8.312830681e-08,2.832340075,-2.417671544e-09
0.0005867,0,3.299999935,1.381714417,6.926607062e-10,2.834286661,2.502387606e-09
0.0005869,0,3.300000035,1.381714433,8.10496795e-08,2.836186847,-2.419563915e-09
0.0005871,0,3.299999935,1.381714417,-1.177736933e-09,2.838041852,2.500552249e-09
0.0005873,0,3.300000035,1.381714433,7.915513228e-08,2.839854708,-2.421282177e-09
0.0005875,0,3.299999935,1.381714417,-2.876842121e-09,2.841626362,2.498879113e-09
0.0005877,0,3.300000028,1.381714433,7.742065251e-08,2.843359572,-2.422849079e-09
0.0005879,0,3.299999932,1.381714417,-4.426546662e-09,2.845055044,2.497347395e-09
0.0005881,0,3.300000028,1.381714433,7.58262339e-08,2.846715322,-2.42428359e-09
0.0005883,0,3.299999932,1.381714417,-5.845166313e-09,2.848340894,2.495939802e-09
0.0005885,0,3.300000028,1.381714433,7.435507046e-08,2.84993412,-2.42560161e-09
0.0005887,0,3.299999932,1.381714417,-7.148141477e-09,2.851495329,2.494641683e-09
0.0005889,0,3.300000028,1.381714433,7.299294473e-08,2.853026721,-2.426816619e-09
0.0005891,0,3.299999932,1.381714417,-8.348581695e-09,2.854528469,2.493440595e-09
0.0005893,0,3.300000028,1.381714433,7.172774444e-08,2.856002649,-2.427940079e-09
0.0005895,0,3.29999994,1.381714417,-9.457688605e-09,2.857449298,2.492325988e-09
0.0005897,0,3.30000003,1.381714433,7.054909107e-08,2.858870382,-2.428981823e-09
0.0005899,0,3.29999994,1.381714417,-1.048509008e-08,2.86026584,2.491288686e-09
0.0005901,0,3.30000003,1.381714433,6.94480367e-08,2.86163752,-2.429950337e-09
0.0005903,0,3.29999994,1.381714417,-1.143910895e-08,2.86298528,2.490320813e-09
0.0005905,0,3.30000003,1.381714433,6.841682543e-08,2.864310884,-2.430852917e-09
0.0005907,0,3.29999994,1.381714417,-1.232697574e-08,2.8656141,2.489415585e-09
0.0005909,0,3.30000003,1.381714433,6.744870546e-08,2.866896623,-2.431695972e-09
0.0005911,0,3.29999994,1.381714417,-1.315500219e-08,2.868158146,2.488566961e-09
0.0005913,0,3.30000003,1.381714433,6.653776659e-08,2.869400301,-2.432485102e-09
0.0005915,0,3.29999994,1.381714417,-1.392872328e-08,2.87062272,2.487769743e-09
0.0005917,0,3.30000003,1.381714433,6.567881704e-08,2.871826968,-2.433225232e-09
0.0005919,0,3.29999994,1.381714417,-1.465301236e-08,2.873012622,2.48701932e-09
0.0005921,0,3.30000003,1.381714433,6.486727566e-08,2.874181211,-2.43392064e-09
0.0005923,0,3.29999994,1.381714417,-1.533217776e-08,2.87533226,2.486311599e-09
0.0005925,0,3.30000003,1.381714433,6.409908458e-08,2.876467246,-2.434575241e-09
0.0005927,0,3.29999994,1.381714417,-1.597004225e-08,2.877585652,2.485642941e-09
0.0005929,0,3.30000003,1.381714433,6.33706367e-08,2.878688907,-2.435192383e-09
0.0005931,0,3.29999994,1.381714417,-1.657000945e-08,2.879776458,2.485010172e-09
0.0005933,0,3.30000003,1.381714433,6.26787157e-08,2.880849713,-2.435775129e-09
0.0005935,0,3.29999994,1.381714417,-1.71351195e-08,2.881908084,2.48441039e-09
0.0005937,0,3.30000003,1.381714433,6.202044367e-08,2.882952922,-2.436326202e-09
0.0005939,0,3.29999994,1.381714417,-1.766809711e-08,2.883983627,2.483841029e-09
0.0005941,0,3.30000003,1.381714433,6.13932377e-08,2.885001526,-2.436848055e-09
0.0005943,0,3.29999994,1.381714417,-1.817139031e-08,2.886005973,2.483299767e-09
0.0005945,0,3.30000003,1.381714433,6.079477365e-08,2.886998277,-2.437342864e-09
0.0005947,0,3.29999994,1.381714417,-1.864720578e-08,2.887977773,2.482784517e-09
0.0005949,0,3.30000003,1.381714433,6.022295408e-08,2.888945744,-2.437812629e-09
0.0005951,0,3.29999994,1.381714417,-1.909753695e-08,2.889901494,2.482293406e-09
0.0005953,0,3.30000003,1.381714433,5.967588114e-08,2.890846299,-2.438259122e-09
0.0005955,0,3.29999994,1.381714417,-1.952418996e-08,2.891779432,2.481824715e-09
0.0005957,0,3.30000003,1.381714433,5.915183362e-08,2.892702152,-2.438683977e-09
0.0005959,0,3.29999994,1.381714417,-1.992880471e-08,2.893613715,2.481376895e-09
0.0005961,0,3.30000003,1.381714433,5.864924691e-08,2.894515352,-2.439088676e-09
0.0005963,0,3.29999994,1.381714417,-2.031287351e-08,2.89540632,2.480948537e-09
0.0005965,0,3.30000003,1.381714433,5.816669573e-08,2.896287829,-2.439474573e-09
0.0005967,0,3.29999994,1.381714417,-2.067775707e-08,2.897159105,2.480538363e-09
0.0005969,0,3.30000003,1.381714433,5.770287837e-08,2.898021353,-2.439842889e-09
0.0005971,0,3.29999994,1.381714417,-2.102470006e-08,2.898873799,2.48014517e-09
0.0005973,0,3.30000003,1.381714433,5.725660392e-08,2.899717623,-2.440194748e-09
0.0005975,0,3.29999994,1.381714417,-2.13548413e-08,2.900552029,2.479767942e-09
0.0005977,0,3.30000003,1.381714433,5.682678112e-08,2.901378186,-2.440531192e-09
0.0005979,0,3.29999994,1.381714417,-2.166922576e-08,2.902195295,2.479405611e-09
0.0005981,0,3.30000003,1.381714433,5.641240761e-08,2.903004525,-2.44085314e-09
0.0005983,0,3.29999994,1.381714417,-2.196881446e-08,2.903805047,2.479057331e-09
0.0005985,0,3.30000003,1.381714433,5.601256093e-08,2.904598019,-2.441161476e-09
0.0005987,0,3.29999994,1.381714417,-2.225449185e-08,2.905382613,2.478722248e-09
0.0005989,0,3.30000003,1.381714433,5.562639173e-08,2.906159965,-2.44145701e-09
0.0005991,0,3.29999994,1.381714417,-2.252707346e-08,2.906929254,2.478399591e-09
0.0005993,0,3.30000003,1.381714433,5.525311522e-08,2.907691597,-2.441740488e-09
0.0005995,0,3.29999994,1.381714417,-2.27873133e-08,2.908446161,2.478088644e-09
0.0005997,0,3.30000003,1.381714433,5.489200618e-08,2.909194066,-2.44201258e-09
0.0005999,0,3.29999994,1.381714417,-2.303590862e-08,2.909934466,2.477788748e-09
0.0006001,0,3.30000003,1.381714433,5.454239327e-08,2.910668462,-2.442273909e-09
0.0006003,0,3.29999994,1.381714417,-2.32735051e-08,2.911395211,2.477499298e-09
0.0006005,0,3.30000003,1.381714433,5.420365363e-08,2.912115816,-2.442525113e-09
0.0006007,0,3.29999994,1.381714417,-2.350070237e-08,2.912829411,2.477219723e-09
0.0006009,0,3.30000003,1.381714433,5.387520931e-08,2.913537092,-2.44276668e-09
0.0006011,0,3.29999994,1.381714417,-2.371805755e-08,2.914238,2.476949491e-09
0.0006013,0,3.30000003,1.381714433,5.355652249e-08,2.914933227,-2.44299913e-09
0.0006015,0,3.29999994,1.381714417,-2.392608863e-08,2.915621896,2.476688122e-09
0.0006017,0,3.30000003,1.381714433,5.324709302e-08,2.916305094,-2.443222949e-09
0.0006019,0,3.29999994,1.381714417,-2.412527858e-08,2.916981935,2.476435196e-09
0.0006021,0,3.30000003,1.381714433,5.294645379e-08,2.917653506,-2.443438582e-09
0.0006023,0,3.29999994,1.381714417,-2.431607766e-08,2.918318928,2.476190214e-09
0.0006025,0,3.30000003,1.381714433,5.265416983e-08,2.918979275,-2.443646416e-09
0.0006027,0,3.29999994,1.381714417,-2.449890612e-08,2.919633647,2.475952833e-09
0.0006029,0,3.30000003,1.381714433,5.236983375e-08,2.920283129,-2.443846861e-09
0.0006031,0,3.29999994,1.381714417,-2.467415753e-08,2.920926826,2.475722647e-09
0.0006033,0,3.30000003,1.381714433,5.209306515e-08,2.9215658,-2.444040279e-09
0.0006035,0,3.29999994,1.381714417,-2.484219965e-08,2.92219915,2.475499352e-09
0.0006037,0,3.300000022,1.381714433,5.182350756e-08,2.922827944,-2.444226943e-09
0.0006039,0,3.299999938,1.381714417,-2.50033772e-08,2.923451284,2.47528257e-09
0.0006041,0,3.300000022,1.381714433,5.156082674e-08,2.924070223,-2.444407265e-09
0.0006043,0,3.299999938,1.381714417,-2.515801344e-08,2.924683858,2.475072045e-09
0.0006045,0,3.300000022,1.381714433,5.130470903e-08,2.925293249,-2.444581461e-09
0.0006047,0,3.299999938,1.381714417,-2.530641206e-08,2.92589748,2.474867487e-09
0.0006049,0,3.300000022,1.381714433,5.105485965e-08,2.926497609,-2.444749827e-09
0.0006051,0,3.299999938,1.381714417,-2.544885867e-08,2.927092718,2.474668568e-09
0.0006053,0,3.300000022,1.381714433,5.081100193e-08,2.927683863,-2.444912664e-09
0.0006055,0,3.299999938,1.381714417,-2.558562138e-08,2.928270121,2.474475106e-09
0.0006057,0,3.300000022,1.381714433,5.057287466e-08,2.928852546,-2.445070168e-09
0.0006059,0,3.299999945,1.381714417,-2.5716953e-08,2.929430214,2.47428683e-09
0.0006061,0,3.300000025,1.381714433,5.034023241e-08,2.930004178,-2.445222629e-09
0.0006063,0,3.299999945,1.381714417,-2.584309151e-08,2.930573507,2.474103509e-09
0.0006065,0,3.300000025,1.381714433,5.011284373e-08,2.931139238,-2.445370189e-09
0.0006067,0,3.299999945,1.381714417,-2.596426188e-08,2.931700465,2.473924949e-09
0.0006069,0,3.300000025,1.381714433,4.989048966e-08,2.932258209,-2.445513104e-09
0.0006071,0,3.299999945,1.381714417,-2.60806761e-08,2.932811553,2.473750932e-09
0.0006073,0,3.300000025,1.381714433,4.967296418e-08,2.933361537,-2.445651562e-09
0.0006075,0,3.299999945,1.381714417,-2.619253446e-08,2.933907219,2.473581287e-09
0.0006077,0,3.300000025,1.381714433,4.946007199e-08,2.934449647,-2.44578573e-09
0.0006079,0,3.299999945,1.381714417,-2.630002601e-08,2.934987883,2.473415812e-09
0.0006081,0,3.300000025,1.381714433,4.925162856e-08,2.93552296,-2.445915827e-09
0.0006083,0,3.299999945,1.381714417,-2.640333078e-08,2.936053943,2.473254356e-09
0.0006085,0,3.300000025,1.381714433,4.904745921e-08,2.936581867,-2.44604196e-09
0.0006087,0,3.299999945,1.381714417,-2.65026181e-08,2.937105796,2.473096766e-09
0.0006089,0,3.300000025,1.381714433,4.884739828e-08,2.937626758,-2.446164284e-09
0.0006091,0,3.299999945,1.381714417,-2.659804866e-08,2.938143816,2.472942892e-09
0.0006093,0,3.300000025,1.381714433,4.865128905e-08,2.93865799,-2.446283009e-09
0.0006095,0,3.299999945,1.381714417,-2.668977524e-08,2.939168355,2.472792535e-09
0.0006097,0,3.300000025,1.381714433,4.84589824e-08,2.939675927,-2.446398234e-09
0.0006099,0,3.299999945,1.381714417,-2.677794269e-08,2.940179765,2.472645624e-09
0.0006101,0,3.300000025,1.381714433,4.827033705e-08,2.940680889,-2.446510099e-09
0.0006103,0,3.299999945,1.381714417,-2.686268844e-08,2.941178373,2.472502015e-09
0.0006105,0,3.300000025,1.381714433,4.808521872e-08,2.941673221,-2.446618703e-09
0.0006107,0,3.299999945,1.381714417,-2.694414297e-08,2.942164499,2.472361556e-09
0.0006109,0,3.300000025,1.381714433,4.790349982e-08,2.942653232,-2.446724204e-09
0.0006111,0,3.299999945,1.381714417,-2.702243044e-08,2.943138466,2.472224167e-09
0.0006113,0,3.300000025,1.381714433,4.772505904e-08,2.943621216,-2.446826705e-09
0.0006115,0,3.299999945,1.381714417,-2.709766942e-08,2.944100549,2.472089719e-09
0.0006117,0,3.300000025,1.381714433,4.754978024e-08,2.944577472,-2.446926314e-09
0.0006119,0,3.299999945,1.381714417,-2.716997236e-08,2.945051048,2.471958113e-09
0.0006121,0,3.300000025,1.381714433,4.737755391e-08,2.945522285,-2.447023125e-09
0.0006123,0,3.299999945,1.381714417,-2.723944609e-08,2.945990237,2.471829221e-09
0.0006125,0,3.300000025,1.381714433,4.7208275e-08,2.946455917,-2.447117237e-09
0.0006127,0,3.299999945,1.381714417,-2.730619296e-08,2.946918376,2.471702968e-09
0.0006129,0,3.300000025,1.381714433,4.70418432e-08,2.947378629,-2.447208776e-09
0.0006131,0,3.299999945,1.381714417,-2.737031072e-08,2.947835723,2.471579282e-09
0.0006133,0,3.300000025,1.381714433,4.68781634e-08,2.948290681,-2.44729779e-09
0.0006135,0,3.299999945,1.381714417,-2.743189187e-08,2.948742533,2.471458052e-09
0.0006137,0,3.300000025,1.381714433,4.67171441e-08,2.949192306,-2.447384387e-09
0.0006139,0,3.299999945,1.381714417,-2.749102545e-08,2.949639042,2.47133918e-09
0.0006141,0,3.300000025,1.381714433,4.655869889e-08,2.950083753,-2.447468644e-09
0.0006143,0,3.299999945,1.381714417,-2.754779611e-08,2.950525478,2.471222624e-09
0.0006145,0,3.300000025,1.381714433,4.640274417e-08,2.950965235,-2.44755063e-09
0.0006147,0,3.299999945,1.381714417,-2.760228488e-08,2.951402072,2.471108267e-09
0.0006149,0,3.300000025,1.381714433,4.624920063e-08,2.95183699,-2.447630428e-09
0.0006151,0,3.299999945,1.381714417,-2.765456954e-08,2.952269036,2.470996046e-09
0.0006153,0,3.300000025,1.381714433,4.609799218e-08,2.952699212,-2.447708129e-09
0.0006155,0,3.299999945,1.381714417,-2.770472372e-08,2.953126574,2.470885931e-09
0.0006157,0,3.300000025,1.381714433,4.594904588e-08,2.953552119,-2.447783773e-09
0.0006159,0,3.299999945,1.381714417,-2.775281901e-08,2.953974899,2.470777802e-09
0.0006161,0,3.300000025,1.381714433,4.580229223e-08,2.954395911,-2.44785744e-09
0.0006163,0,3.299999945,1.381714417,-2.779892282e-08,2.954814194,2.470671623e-09
0.0006165,0,3.300000025,1.381714433,4.565766439e-08,2.95523077,-2.447929174e-09
0.0006167,0,3.299999945,1.381714417,-2.784310041e-08,2.955644664,2.470567343e-09
0.0006169,0,3.300000025,1.381714433,4.551509872e-08,2.956056891,-2.447999064e-09
0.0006171,0,3.299999945,1.381714417,-2.788541417e-08,2.956466483,2.470464847e-09
0.0006173,0,3.300000025,1.381714433,4.537453327e-08,2.95687445,-2.448067138e-09
0.0006175,0,3.299999945,1.381714417,-2.7925924e-08,2.95727983,2.470364165e-09
0.0006177,0,3.300000025,1.381714433,4.523590965e-08,2.957683628,-2.448133464e-09
0.0006179,0,3.299999945,1.381714417,-2.796468732e-08,2.958084886,2.470265184e-09
0.0006181,0,3.300000025,1.381714433,4.509917128e-08,2.958484597,-2.448198122e-09
0.0006183,0,3.299999945,1.381714417,-2.800175885e-08,2.958881806,2.470167839e-09
0.0006185,0,3.300000025,1.381714433,4.496426389e-08,2.959277515,-2.44826112e-09
0.0006187,0,3.299999945,1.381714417,-2.803719212e-08,2.959670765,2.470072141e-09
0.0006189,0,3.300000025,1.381714433,4.483113531e-08,2.960062547,-2.448322501e-09
0.0006191,0,3.299999945,1.381714417,-2.80710374e-08,2.960451907,2.469977985e-09
0.0006193,0,3.300000025,1.381714433,4.469973583e-08,2.960839847,-2.448382377e-09
0.0006195,0,3.299999945,1.381714417,-2.810334363e-08,2.9612254,2.469885366e-09
0.0006197,0,3.300000025,1.381714433,4.457001713e-08,2.961609564,-2.448440719e-09
0.0006199,0,3.299999945,1.381714417,-2.813415777e-08,2.961991377,2.469794209e-09
0.0006201,0,3.300000025,1.381714433,4.444193307e-08,2.962371841,-2.448497605e-09
0.0006203,0,3.299999945,1.381714417,-2.816352477e-08,2.962749996,2.469704482e-09
0.0006205,0,3.300000025,1.381714433,4.431543889e-08,2.963126832,-2.448553102e-09
0.0006207,0,3.299999945,1.381714417,-2.81914882e-08,2.96350139,2.469616141e-09
0.0006209,0,3.300000025,1.381714433,4.419049238e-08,2.963874667,-2.448607185e-09
0.0006211,0,3.299999945,1.381714417,-2.821808988e-08,2.964245705,2.469529175e-09
0.0006213,0,3.300000025,1.381714433,4.406705168e-08,2.964615488,-2.448659955e-09
0.0006215,0,3.299999945,1.381714417,-2.824336987e-08,2.964983058,2.469443479e-09
0.0006217,0,3.300000017,1.381714433,4.394507751e-08,2.965349412,-2.448711419e-09
0.0006219,0,3.299999943,1.381714417,-2.826736685e-08,2.965713585,2.469359118e-09
0.0006221,0,3.300000017,1.381714433,4.382453138e-08,2.966076572,-2.448761627e-09
0.0006223,0,3.299999943,1.381714417,-2.829011838e-08,2.966437416,2.469275941e-09
0.0006225,0,3.300000017,1.381714433,4.370537673e-08,2.966797097,-2.448810596e-09
0.0006227,0,3.299999943,1.381714417,-2.831166009e-08,2.967154665,2.469194008e-09
0.0006229,0,3.300000017,1.381714433,4.358757765e-08,2.967511107,-2.448858355e-09
0.0006231,0,3.299999943,1.381714417,-2.833202677e-08,2.967865452,2.469113245e-09
0.0006233,0,3.300000017,1.381714433,4.347110019e-08,2.968218704,-2.448904978e-09
0.0006235,0,3.299999943,1.381714417,-2.835125192e-08,2.9685699,2.469033604e-09
0.0006237,0,3.300000017,1.381714433,4.335591126e-08,2.96892002,-2.44895045e-09
0.0006239,0,3.299999943,1.381714417,-2.836936755e-08,2.969268109,2.468955085e-09
0.0006241,0,3.300000017,1.381714433,4.324197884e-08,2.96961516,-2.44899482e-09
0.0006243,0,3.299999951,1.381714417,-2.838640505e-08,2.969960203,2.468877674e-09
0.0006245,0,3.300000019,1.381714433,4.312927206e-08,2.97030423,-2.44903811e-09
0.0006247,0,3.299999951,1.381714417,-2.840239433e-08,2.970646276,2.468801302e-09
0.0006249,0,3.300000019,1.381714433,4.301776145e-08,2.970987328,-2.44908034e-09
0.0006251,0,3.299999951,1.381714417,-2.841736439e-08,2.971326428,2.468725939e-09
0.0006253,0,3.300000019,1.381714433,4.290741811e-08,2.97166457,-2.449121572e-09
0.0006255,0,3.299999951,1.381714417,-2.843134291e-08,2.972000777,2.468651599e-09
0.0006257,0,3.300000019,1.381714433,4.279821469e-08,2.972336052,-2.44916182e-09
0.0006259,0,3.299999951,1.381714417,-2.844435729e-08,2.972669415,2.468578221e-09
0.0006261,0,3.300000019,1.381714433,4.269012368e-08,2.973001865,-2.4492011e-09
0.0006263,0,3.299999951,1.381714417,-2.845643365e-08,2.973332431,2.468505813e-09
0.0006265,0,3.300000019,1.381714433,4.258311956e-08,2.973662106,-2.449239387e-09
0.0006267,0,3.299999951,1.381714417,-2.846759711e-08,2.973989925,2.468434306e-09
0.0006269,0,3.300000019,1.381714433,4.247717747e-08,2.974316876,-2.449276789e-09
0.0006271,0,3.299999951,1.381714417,-2.847787233e-08,2.974641982,2.468363742e-09
0.0006273,0,3.300000019,1.381714433,4.237227258e-08,2.974966246,-2.449313269e-09
0.0006275,0,3.299999951,1.381714417,-2.848728266e-08,2.975288703,2.468294051e-09
0.0006277,0,3.300000019,1.381714433,4.226838191e-08,2.975610327,-2.449348897e-09
0.0006279,0,3.299999951,1.381714417,-2.849585103e-08,2.975930159,2.468225193e-09
0.0006281,0,3.300000019,1.381714433,4.216548257e-08,2.976249193,-2.449383657e-09
0.0006283,0,3.299999951,1.381714417,-2.850359966e-08,2.976566453,2.468157178e-09
0.0006285,0,3.300000019,1.381714433,4.206355248e-08,2.976882925,-2.449417564e-09
0.0006287,0,3.299999951,1.381714417,-2.85105501e-08,2.977197648,2.468090022e-09
0.0006289,0,3.300000019,1.381714433,4.196257063e-08,2.977511613,-2.449450687e-09
0.0006291,0,3.299999951,1.381714417,-2.851672265e-08,2.977823843,2.468023635e-09
0.0006293,0,3.300000019,1.381714433,4.186251614e-08,2.978135326,-2.449482994e-09
0.0006295,0,3.299999951,1.381714417,-2.85221378e-08,2.978445099,2.467958023e-09
0.0006297,0,3.300000019,1.381714433,4.176336909e-08,2.978754155,-2.449514534e-09
0.0006299,0,3.299999951,1.381714417,-2.85268148e-08,2.979061508,2.467893189e-09
0.0006301,0,3.300000019,1.381714433,4.16651101e-08,2.979368159,-2.449545309e-09
0.0006303,0,3.299999951,1.381714417,-2.853077247e-08,2.979673135,2.467829093e-09
0.0006305,0,3.300000019,1.381714433,4.156772047e-08,2.979977432,-2.449575339e-09
0.0006307,0,3.299999951,1.381714417,-2.853402921e-08,2.980280065,2.467765716e-09
0.0006309,0,3.300000019,1.381714433,4.147118183e-08,2.980582037,-2.449604651e-09
0.0006311,0,3.299999951,1.381714417,-2.853660265e-08,2.980882366,2.467703051e-09
0.0006313,0,3.300000019,1.381714433,4.137547662e-08,2.981182038,-2.44963326e-09
0.0006315,0,3.299999951,1.381714417,-2.853851001e-08,2.981480097,2.467641109e-09
0.0006317,0,3.300000019,1.381714433,4.128058783e-08,2.981777517,-2.449661155e-09
0.0006319,0,3.299999951,1.381714417,-2.853976774e-08,2.982073334,2.467579816e-09
0.0006321,0,3.300000019,1.381714425,4.118649862e-08,2.982368536,-2.44968839e-09
0.0006323,0,3.299999951,1.381714415,-2.854039217e-08,2.982662151,2.4675192e-09
0.0006325,0,3.300000019,1.381714425,4.109319304e-08,2.982955161,-2.449714967e-09
0.0006327,0,3.299999951,1.381714415,-2.854039912e-08,2.983246601,2.467459235e-09
0.0006329,0,3.300000019,1.381714425,4.10006553e-08,2.983537457,-2.449740871e-09
0.0006331,0,3.299999951,1.381714415,-2.853980347e-08,2.983826762,2.46739988e-09
0.0006333,0,3.300000019,1.381714425,4.090887032e-08,2.984115495,-2.449766178e-09
0.0006335,0,3.299999951,1.381714415,-2.853862018e-08,2.984402681,2.467341179e-09
0.0006337,0,3.300000019,1.381714425,4.081782314e-08,2.984689324,-2.44979083e-09
0.0006339,0,3.299999951,1.381714415,-2.853686358e-08,2.984974437,2.46728306e-09
0.0006341,0,3.300000019,1.381714425,4.072749943e-08,2.985259011,-2.449814907e-09
0.0006343,0,3.299999951,1.381714415,-2.853454752e-08,2.985542069,2.467225543e-09
0.0006345,0,3.300000019,1.381714425,4.063788571e-08,2.985824616,-2.449838358e-09
0.0006347,0,3.299999951,1.381714415,-2.853168548e-08,2.986105654,2.46716861e-09
0.0006349,0,3.300000019,1.381714425,4.054896788e-08,2.986386188,-2.449861255e-09
0.0006351,0,3.299999951,1.381714415,-2.852829078e-08,2.986665247,2.467112251e-09
0.0006353,0,3.300000019,1.381714425,4.046073286e-08,2.986943804,-2.449883572e-09
0.0006355,0,3.299999951,1.381714415,-2.852437611e-08,2.987220891,2.467056441e-09
0.0006357,0,3.300000019,1.381714425,4.037316812e-08,2.9874975,-2.449905333e-09
0.0006359,0,3.299999951,1.381714415,-2.851995361e-08,2.987772654,2.467001175e-09
0.0006361,0,3.300000019,1.381714425,4.02862612e-08,2.988047341,-2.449926554e-09
0.0006363,0,3.299999951,1.381714415,-2.851503572e-08,2.988320591,2.466946449e-09
0.0006365,0,3.300000019,1.381714425,4.019999971e-08,2.988593378,-2.449947236e-09
0.0006367,0,3.299999951,1.381714415,-2.850963416e-08,2.988864743,2.466892241e-09
0.0006369,0,3.300000019,1.381714425,4.011437184e-08,2.989135665,-2.4499674e-09
0.0006371,0,3.299999951,1.381714415,-2.850375981e-08,2.98940517,2.466838545e-09
0.0006373,0,3.300000019,1.381714425,4.002936645e-08,2.989674248,-2.449987053e-09
0.0006375,0,3.299999951,1.381714415,-2.849742446e-08,2.989941921,2.466785343e-09
0.0006377,0,3.300000019,1.381714425,3.994497218e-08,2.990209183,-2.450006202e-09
0.0006379,0,3.299999951,1.381714415,-2.849063845e-08,2.990475046,2.466732637e-09
0.0006381,0,3.300000019,1.381714425,3.98611784e-08,2.990740514,-2.450024853e-09
0.0006383,0,3.299999951,1.381714415,-2.848341228e-08,2.991004595,2.466680422e-09
0.0006385,0,3.300000019,1.381714425,3.977797416e-08,2.99126829,-2.450043029e-09
0.0006387,0,3.299999951,1.381714415,-2.847575643e-08,2.991530616,2.46662864e-09
0.0006389,0,3.300000019,1.381714425,3.969534933e-08,2.991792562,-2.450060731e-09
0.0006391,0,3.299999951,1.381714415,-2.84676804e-08,2.992053153,2.46657737e-09
0.0006393,0,3.300000019,1.381714425,3.961329421e-08,2.992313376,-2.450077975e-09
0.0006395,0,3.299999951,1.381714415,-2.845919437e-08,2.992572255,2.466526525e-09
0.0006397,0,3.300000019,1.381714425,3.953179852e-08,2.992830776,-2.450094745e-09
0.0006399,0,3.299999951,1.381714415,-2.845030749e-08,2.993087962,2.46647614e-09
0.0006401,0,3.300000019,1.381714425,3.945085306e-08,2.993344801,-2.450111089e-09
0.0006403,0,3.299999951,1.381714415,-2.844102898e-08,2.993600315,2.466426166e-09
0.0006405,0,3.300000019,1.381714425,3.937044863e-08,2.993855499,-2.450126999e-09
0.0006407,0,3.299999951,1.381714415,-2.843136774e-08,2.99410937,2.466376618e-09
0.0006409,0,3.300000019,1.381714425,3.929057576e-08,2.994362914,-2.450142474e-09
0.0006411,0,3.299999951,1.381714415,-2.84213327e-08,2.994615161,2.466327509e-09
0.0006413,0,3.300000019,1.381714425,3.921122611e-08,2.994867093,-2.450157539e-09
0.0006415,0,3.299999951,1.381714415,-2.841093191e-08,2.99511773,2.466278801e-09
0.0006417,0,3.300000019,1.381714425,3.913239086e-08,2.995368067,-2.450172174e-09
0.0006419,0,3.299999951,1.381714415,-2.840017408e-08,2.995617121,2.466230509e-09
0.0006421,0,3.300000019,1.381714425,3.905406162e-08,2.995865886,-2.450186414e-09
0.0006423,0,3.299999951,1.381714415,-2.838906699e-08,2.99611337,2.466182608e-09
0.0006425,0,3.300000019,1.381714425,3.897623042e-08,2.996360573,-2.450200242e-09
0.0006427,0,3.299999951,1.381714415,-2.837761858e-08,2.99660652,2.466135073e-09
0.0006429,0,3.300000012,1.381714425,3.889888905e-08,2.996852192,-2.450213719e-09
0.0006431,0,3.299999948,1.381714415,-2.836583646e-08,2.99709661,2.466087918e-09
0.0006433,0,3.300000012,1.381714425,3.882202988e-08,2.99734076,-2.450226768e-09
0.0006435,0,3.299999948,1.381714415,-2.835372818e-08,2.997583665,2.466041158e-09
0.0006437,0,3.300000012,1.381714425,3.874564525e-08,2.99782632,-2.450239483e-09
0.0006439,0,3.299999948,1.381714422,-2.834130082e-08,2.998067743,2.465994756e-09
0.0006441,0,3.300000012,1.381714428,3.866972797e-08,2.998308918,-2.450251797e-09
0.0006443,0,3.299999948,1.381714422,-2.832856176e-08,2.998548868,2.465948718e-09
0.0006445,0,3.300000012,1.381714428,3.859427048e-08,2.998788574,-2.450263769e-09
0.0006447,0,3.299999948,1.381714422,-2.831551784e-08,2.999027069,2.465903005e-09
0.0006449,0,3.300000012,1.381714428,3.851926587e-08,2.99926534,-2.450275391e-09
0.0006451,0,3.299999948,1.381714422,-2.830217568e-08,2.999502398,2.465857652e-09
0.0006453,0,3.300000012,1.381714428,3.844470734e-08,2.999739236,-2.450286667e-09
0.0006455,0,3.299999948,1.381714422,-2.828854186e-08,2.999974879,2.465812654e-09
0.0006457,0,3.300000012,1.381714428,3.837058815e-08,3.000210307,-2.450297576e-09
0.0006459,0,3.299999956,1.381714422,-2.827462327e-08,3.000444548,2.46576798e-09
0.0006461,0,3.300000014,1.381714428,3.829690164e-08,3.000678584,-2.45030816e-09
0.0006463,0,3.299999956,1.381714422,-2.826042543e-08,3.000911443,2.465723636e-09
0.0006465,0,3.300000014,1.381714428,3.822364154e-08,3.001144099,-2.450318406e-09
0.0006467,0,3.299999956,1.381714422,-2.824595503e-08,3.001375585,2.465679609e-09
0.0006469,0,3.300000014,1.381714428,3.815080138e-08,3.001606886,-2.450328335e-09
0.0006471,0,3.299999956,1.381714422,-2.823121777e-08,3.001837015,2.465635902e-09
0.0006473,0,3.300000014,1.381714428,3.807837511e-08,3.002066971,-2.450337943e-09
0.0006475,0,3.299999956,1.381714422,-2.821621985e-08,3.002295767,2.465592508e-09
0.0006477,0,3.300000014,1.381714428,3.800635662e-08,3.002524386,-2.450347249e-09
0.0006479,0,3.299999956,1.381714422,-2.82009666e-08,3.002751858,2.465549414e-09
0.0006481,0,3.300000014,1.381714428,3.793474065e-08,3.002979172,-2.450356225e-09
0.0006483,0,3.299999956,1.381714422,-2.818546372e-08,3.003205336,2.465506629e-09
0.0006485,0,3.300000014,1.381714428,3.786352065e-08,3.003431347,-2.450364916e-09
0.0006487,0,3.299999956,1.381714422,-2.81697167e-08,3.003656219,2.465464123e-09
0.0006489,0,3.300000014,1.381714428,3.77926915e-08,3.003880948,-2.450373303e-09
0.0006491,0,3.299999956,1.381714422,-2.815373086e-08,3.004104548,2.465421898e-09
0.0006493,0,3.300000014,1.381714428,3.772224781e-08,3.004327999,-2.450381406e-09
0.0006495,0,3.299999956,1.381714422,-2.813751123e-08,3.004550334,2.46537997e-09
0.0006497,0,3.300000014,1.381714428,3.765218391e-08,3.004772533,-2.450389216e-09
0.0006499,0,3.299999956,1.381714422,-2.812106318e-08,3.004993625,2.465338332e-09
0.0006501,0,3.300000014,1.381714428,3.758249476e-08,3.005214585,-2.450396721e-09
0.0006503,0,3.299999956,1.381714422,-2.810439139e-08,3.005434437,2.465296966e-09
0.0006505,0,3.300000014,1.381714428,3.75131753e-08,3.005654164,-2.450403981e-09
0.0006507,0,3.299999956,1.381714422,-2.808750083e-08,3.005872794,2.465255862e-09
0.0006509,0,3.300000014,1.381714428,3.744422032e-08,3.006091316,-2.450410948e-09
0.0006511,0,3.299999956,1.381714422,-2.807039627e-08,3.006308738,2.465215036e-09
0.0006513,0,3.300000014,1.381714428,3.737562522e-08,3.006526051,-2.450417646e-09
0.0006515,0,3.299999956,1.381714422,-2.805308232e-08,3.006742286,2.465174472e-09
0.0006517,0,3.300000014,1.381714428,3.730738494e-08,3.00695841,-2.450424091e-09
0.0006519,0,3.299999956,1.381714422,-2.803556332e-08,3.007173463,2.465134143e-09
0.0006521,0,3.300000014,1.381714428,3.723949493e-08,3.007388415,-2.450430267e-09
0.0006523,0,3.299999956,1.381714422,-2.801784422e-08,3.007602298,2.465094086e-09
0.0006525,0,3.300000014,1.381714428,3.717195057e-08,3.007816088,-2.450436189e-09
0.0006527,0,3.299999956,1.381714422,-2.799992873e-08,3.008028811,2.465054279e-09
0.0006529,0,3.300000014,1.381714428,3.710474735e-08,3.008241456,-2.450441861e-09
0.0006531,0,3.299999956,1.381714422,-2.798182129e-08,3.008453039,2.465014684e-09
0.0006533,0,3.300000014,1.381714428,3.703788084e-08,3.008664544,-2.450447264e-09
0.0006535,0,3.299999956,1.381714422,-2.796352639e-08,3.008874994,2.464975364e-09
0.0006537,0,3.300000014,1.381714428,3.697134676e-08,3.00908537,-2.450452459e-09
0.0006539,0,3.299999956,1.381714422,-2.794504785e-08,3.009294698,2.464936257e-09
0.0006541,0,3.300000014,1.381714428,3.690514079e-08,3.009503968,-2.450457387e-09
0.0006543,0,3.299999956,1.381714422,-2.79263894e-08,3.009712196,2.464897422e-09
0.0006545,0,3.300000014,1.381714428,3.683925928e-08,3.009920359,-2.450462084e-09
0.0006547,0,3.299999956,1.381714422,-2.790755505e-08,3.010127485,2.464858776e-09
0.0006549,0,3.300000014,1.381714428,3.677369738e-08,3.010334563,-2.450466539e-09
0.0006551,0,3.299999956,1.381714422,-2.78885489e-08,3.010540609,2.46482039e-09
0.0006553,0,3.300000014,1.381714428,3.670845173e-08,3.010746607,-2.450470781e-09
0.0006555,0,3.299999956,1.381714422,-2.786937424e-08,3.010951573,2.464782189e-09
0.0006557,0,3.300000014,1.381714428,3.664351827e-08,3.011156506,-2.450474788e-09
0.0006559,0,3.299999956,1.381714422,-2.785003506e-08,3.011360412,2.464744223e-09
0.0006561,0,3.300000014,1.381714428,3.657889334e-08,3.011564286,-2.450478581e-09
0.0006563,0,3.299999956,1.381714422,-2.783053472e-08,3.011767147,2.464706482e-09
0.0006565,0,3.300000014,1.381714428,3.651457279e-08,3.011969972,-2.45048216e-09
0.0006567,0,3.299999956,1.381714422,-2.781087663e-08,3.012171791,2.464668943e-09
0.0006569,0,3.300000014,1.381714428,3.645055352e-08,3.012373585,-2.450485477e-09
0.0006571,0,3.299999956,1.381714422,-2.779106428e-08,3.012574373,2.464631631e-09
0.0006573,0,3.300000014,1.381714428,3.638683154e-08,3.012775144,-2.45048863e-09
0.0006575,0,3.299999956,1.381714422,-2.77711013e-08,3.012974913,2.464594484e-09
0.0006577,0,3.300000014,1.381714428,3.632340329e-08,3.013174672,-2.450491567e-09
0.0006579,0,3.299999956,1.381714422,-2.775099061e-08,3.01337343,2.464557575e-09
0.0006581,0,3.300000014,1.381714428,3.626026568e-08,3.013572179,-2.450494303e-09
0.0006583,0,3.299999956,1.381714422,-2.773073541e-08,3.013769943,2.464520848e-09
0.0006585,0,3.300000014,1.381714428,3.61974152e-08,3.013967702,-2.450496812e-09
0.0006587,0,3.299999956,1.381714422,-2.771033898e-08,3.014164476,2.464484323e-09
0.0006589,0,3.300000014,1.381714428,3.613484835e-08,3.014361253,-2.450499132e-09
0.0006591,0,3.299999956,1.381714422,-2.768980449e-08,3.014557046,2.464447996e-09
0.0006593,0,3.300000014,1.381714428,3.607256205e-08,3.014752843,-2.450501252e-09
0.0006595,0,3.299999956,1.381714422,-2.766913486e-08,3.014947672,2.464411845e-09
0.0006597,0,3.300000014,1.381714428,3.60105531e-08,3.015142509,-2.450503178e-09
0.0006599,0,3.299999956,1.381714422,-2.764833278e-08,3.01533637,2.46437588e-09
0.0006601,0,3.300000014,1.381714428,3.594881823e-08,3.015530252,-2.450504932e-09
0.0006603,0,3.299999956,1.381714422,-2.762740154e-08,3.015723171,2.464340107e-09
0.0006605,0,3.300000014,1.381714428,3.588735469e-08,3.015916105,-2.450506479e-09
0.0006607,0,3.299999956,1.381714422,-2.760634372e-08,3.016108074,2.464304514e-09
0.0006609,0,3.300000014,1.381714428,3.582615906e-08,3.016300074,-2.450507856e-09
0.0006611,0,3.299999956,1.381714422,-2.758516242e-08,3.016491121,2.464269113e-09
0.0006613,0,3.300000014,1.381714428,3.576522857e-08,3.016682193,-2.450509017e-09
0.0006615,0,3.299999956,1.381714422,-2.75638598e-08,3.016872309,2.464233879e-09
0.0006617,0,3.300000014,1.381714428,3.570456055e-08,3.017062459,-2.450510028e-09
0.0006619,0,3.299999956,1.381714422,-2.754243891e-08,3.017251671,2.464198811e-09
0.0006621,0,3.300000014,1.381714428,3.564415181e-08,3.017440913,-2.450510854e-09
0.0006623,0,3.299999956,1.381714422,-2.752090235e-08,3.017629215,2.464163924e-09
0.0006625,0,3.300000014,1.381714428,3.558399965e-08,3.017817554,-2.4505115e-09
0.0006627,0,3.299999956,1.381714422,-2.749925252e-08,3.018004957,2.464129195e-09
0.0006629,0,3.300000014,1.381714428,3.552410162e-08,3.018192411,-2.450511974e-09
0.0006631,0,3.299999956,1.381714422,-2.747749232e-08,3.018378926,2.464094638e-09
0.0006633,0,3.300000014,1.381714428,3.546445441e-08,3.018565491,-2.450512284e-09
0.0006635,0,3.299999956,1.381714422,-2.745562368e-08,3.01875113,2.464060241e-09
0.0006637,0,3.300000014,1.381714428,3.540505606e-08,3.018936817,-2.45051242e-09
0.0006639,0,3.299999956,1.381714422,-2.74336494e-08,3.019121585,2.464026002e-09
0.0006641,0,3.300000014,1.381714428,3.53459035e-08,3.019306402,-2.450512405e-09
0.0006643,0,3.299999956,1.381714422,-2.741157166e-08,3.019490307,2.463991942e-09
0.0006645,0,3.300000014,1.381714428,3.528699429e-08,3.019674272,-2.450512208e-09
0.0006647,0,3.299999956,1.381714422,-2.738939283e-08,3.019857312,2.463958017e-09
0.0006649,0,3.300000014,1.381714428,3.52283262e-08,3.020040422,-2.450511838e-09
0.0006651,0,3.299999956,1.381714422,-2.736711503e-08,3.020222619,2.463924274e-09
0.0006653,0,3.300000014,1.381714428,3.51698963e-08,3.020404889,-2.450511341e-09
0.0006655,0,3.299999956,1.381714422,-2.734474101e-08,3.020586247,2.463890649e-09
0.0006657,0,3.300000014,1.381714428,3.511170245e-08,3.020767684,-2.450510663e-09
0.0006659,0,3.299999956,1.381714422,-2.73222723e-08,3.020948212,2.463857209e-09
0.0006661,0,3.300000014,1.381714428,3.505374247e-08,3.021128812,-2.45050982e-09
0.0006663,0,3.299999956,1.381714422,-2.729971154e-08,3.021308515,2.463823882e-09
0.0006665,0,3.300000014,1.381714428,3.499601368e-08,3.021488295,-2.450508854e-09
0.0006667,0,3.299999956,1.381714422,-2.72770605e-08,3.021667185,2.463790724e-09
0.0006669,0,3.300000014,1.381714428,3.493851379e-08,3.021846155,-2.450507731e-09
0.0006671,0,3.299999956,1.381714422,-2.725432154e-08,3.022024228,2.463757716e-09
0.0006673,0,3.300000014,1.381714428,3.488124083e-08,3.022202393,-2.450506436e-09
0.0006675,0,3.299999956,1.381714422,-2.723149639e-08,3.022379666,2.463724842e-09
0.0006677,0,3.300000014,1.381714428,3.482419232e-08,3.022557031,-2.450505027e-09
0.0006679,0,3.299999956,1.381714422,-2.720858731e-08,3.022733512,2.463692086e-09
0.0006681,0,3.300000014,1.381714428,3.476736633e-08,3.022910087,-2.450503469e-09
0.0006683,0,3.299999956,1.381714422,-2.718559604e-08,3.023085777,2.463659497e-09
0.0006685,0,3.300000006,1.381714428,3.471076045e-08,3.023261563,-2.450501748e-09
0.0006687,0,3.299999954,1.381714422,-2.716252479e-08,3.023436471,2.463627038e-09
0.0006689,0,3.300000006,1.381714428,3.465437274e-08,3.023611484,-2.450499891e-09
0.0006691,0,3.299999954,1.381714422,-2.713937532e-08,3.023785622,2.463594726e-09
0.0006693,0,3.300000006,1.381714428,3.459820113e-08,3.023959865,-2.450497893e-09
0.0006695,0,3.299999954,1.381714422,-2.711614921e-08,3.024133233,2.463562524e-09
0.0006697,0,3.300000006,1.381714428,3.454224359e-08,3.024306706,-2.450495756e-09
0.0006699,0,3.299999954,1.381714422,-2.70928485e-08,3.024479311,2.463530449e-09
0.0006701,0,3.300000006,1.381714428,3.448649813e-08,3.024652032,-2.450493499e-09
0.0006703,0,3.299999954,1.381714422,-2.706947506e-08,3.024823888,2.463498525e-09
0.0006705,0,3.300000006,1.381714428,3.443096257e-08,3.024995858,-2.450491097e-09
0.0006707,0,3.299999954,1.381714422,-2.70460304e-08,3.025166964,2.463466717e-09
0.0006709,0,3.300000006,1.381714428,3.437563538e-08,3.025338185,-2.45048857e-09
0.0006711,0,3.299999954,1.381714422,-2.702251651e-08,3.025508548,2.463435032e-09
0.0006713,0,3.300000006,1.381714428,3.432051422e-08,3.025679036,-2.450485916e-09
0.0006715,0,3.299999961,1.381714422,-2.699893473e-08,3.02584867,2.463403477e-09
0.0006717,0,3.300000009,1.381714428,3.426559749e-08,3.026018428,-2.450483123e-09
0.0006719,0,3.299999961,1.381714422,-2.697528701e-08,3.026187331,2.463372046e-09
0.0006721,0,3.300000009,1.381714428,3.421088333e-08,3.02635636,-2.450480219e-09
0.0006723,0,3.299999961,1.381714422,-2.695157483e-08,3.026524541,2.463340733e-09
0.0006725,0,3.300000009,1.381714428,3.41563699e-08,3.026692849,-2.450477171e-09
0.0006727,0,3.299999961,1.381714422,-2.692780005e-08,3.026860317,2.463309548e-09
0.0006729,0,3.300000009,1.381714428,3.410205508e-08,3.027027916,-2.450473988e-09
0.0006731,0,3.299999961,1.381714422,-2.690396387e-08,3.027194667,2.463278479e-09
0.0006733,0,3.300000009,1.381714428,3.40479379e-08,3.02736156,-2.450470726e-09
0.0006735,0,3.299999961,1.381714422,-2.688006782e-08,3.027527611,2.463247488e-09
0.0006737,0,3.300000009,1.381714428,3.399401604e-08,3.027693805,-2.450467307e-09
0.0006739,0,3.299999961,1.381714422,-2.685611373e-08,3.027859156,2.463216669e-09
0.0006741,0,3.300000009,1.381714428,3.394028783e-08,3.02802465,-2.450463764e-09
0.0006743,0,3.299999961,1.381714422,-2.683210283e-08,3.028189308,2.463185938e-09
0.0006745,0,3.300000009,1.381714428,3.388675194e-08,3.028354119,-2.450460126e-09
0.0006747,0,3.299999961,1.381714422,-2.680803667e-08,3.02851809,2.463155306e-09
0.0006749,0,3.300000009,1.381714428,3.383340631e-08,3.028682219,-2.45045635e-09
0.0006751,0,3.299999961,1.381714422,-2.678391668e-08,3.02884551,2.463124809e-09
0.0006753,0,3.300000009,1.381714428,3.378024935e-08,3.029008959,-2.450452482e-09
0.0006755,0,3.299999961,1.381714422,-2.675974435e-08,3.029171578,2.463094392e-09
0.0006757,0,3.300000009,1.381714428,3.372727983e-08,3.029334349,-2.450448495e-09
0.0006759,0,3.299999961,1.381714422,-2.673552102e-08,3.029496295,2.463064105e-09
0.0006761,0,3.300000009,1.381714428,3.36744958e-08,3.029658404,-2.450444387e-09
0.0006763,0,3.299999961,1.381714422,-2.671124787e-08,3.02981969,2.463033915e-09
0.0006765,0,3.300000009,1.381714428,3.362189629e-08,3.029981132,-2.450440188e-09
0.0006767,0,3.299999961,1.381714422,-2.668692629e-08,3.030141763,2.463003831e-09
0.0006769,0,3.300000009,1.381714428,3.356947904e-08,3.030302555,-2.450435849e-09
0.0006771,0,3.299999961,1.381714422,-2.666255777e-08,3.030462528,2.462973873e-09
0.0006773,0,3.300000009,1.381714428,3.351724276e-08,3.030622667,-2.450431412e-09
0.0006775,0,3.299999961,1.381714422,-2.663814356e-08,3.030781991,2.46294399e-09
0.0006777,0,3.300000009,1.381714428,3.346518626e-08,3.03094148,-2.450426891e-09
0.0006779,0,3.299999961,1.381714422,-2.661368484e-08,3.031100162,2.462914205e-09
0.0006781,0,3.300000009,1.381714428,3.341330803e-08,3.031259018,-2.450422231e-09
0.0006783,0,3.299999961,1.381714422,-2.658918275e-08,3.031417062,2.462884547e-09
0.0006785,0,3.300000009,1.381714428,3.336160639e-08,3.031575279,-2.450417474e-09
0.0006787,0,3.299999961,1.381714422,-2.656463882e-08,3.03173269,2.462854956e-09
0.0006789,0,3.300000009,1.381714428,3.331007992e-08,3.031890285,-2.450412626e-09
0.0006791,0,3.299999961,1.381714422,-2.654005399e-08,3.032047068,2.462825488e-09
0.0006793,0,3.300000009,1.381714428,3.325872769e-08,3.032204033,-2.450407671e-09
0.0006795,0,3.299999961,1.381714422,-2.651542948e-08,3.032360194,2.462796112e-09
0.0006797,0,3.300000009,1.381714428,3.320754785e-08,3.032516538,-2.450402619e-09
0.0006799,0,3.299999961,1.381714422,-2.649076652e-08,3.03267208,2.462766828e-09
0.0006801,0,3.300000009,1.381714428,3.315653918e-08,3.032827812,-2.450397454e-09
0.0006803,0,3.299999961,1.381714422,-2.646606628e-08,3.032982743,2.462737619e-09
0.0006805,0,3.300000009,1.381714428,3.310570057e-08,3.033137858,-2.450392198e-09
0.0006807,0,3.299999961,1.381714422,-2.644132976e-08,3.033292184,2.46270854e-09
0.0006809,0,3.300000009,1.381714428,3.30550305e-08,3.033446699,-2.450386863e-09
0.0006811,0,3.299999961,1.381714422,-2.641655799e-08,3.033600418,2.462679506e-09
0.0006813,0,3.300000009,1.381714428,3.300452738e-08,3.03375433,-2.450381405e-09
0.0006815,0,3.299999961,1.381714422,-2.639175238e-08,3.033907449,2.462650607e-09
0.0006817,0,3.300000009,1.381714428,3.295419062e-08,3.034060768,-2.450375862e-09
0.0006819,0,3.299999961,1.381714422,-2.636691393e-08,3.034213298,2.462621778e-09
0.0006821,0,3.300000009,1.381714428,3.29040184e-08,3.034366019,-2.450370218e-09
0.0006823,0,3.299999961,1.381714422,-2.634204336e-08,3.034517956,2.462593043e-09
0.0006825,0,3.300000009,1.381714428,3.285400982e-08,3.034670096,-2.450364508e-09
0.0006827,0,3.299999961,1.381714422,-2.631714191e-08,3.034821453,2.462564361e-09
0.0006829,0,3.300000009,1.381714428,3.280416356e-08,3.034973005,-2.450358694e-09
0.0006831,0,3.299999961,1.381714422,-2.629221073e-08,3.035123779,2.462535791e-09
0.0006833,0,3.300000009,1.381714428,3.275447814e-08,3.035274751,-2.450352777e-09
0.0006835,0,3.299999961,1.381714422,-2.626725066e-08,3.035424953,2.462507328e-09
0.0006837,0,3.300000009,1.381714428,3.270495305e-08,3.035575355,-2.450346766e-09
0.0006839,0,3.299999961,1.381714422,-2.624226235e-08,3.035724979,2.462478941e-09
0.0006841,0,3.300000009,1.381714428,3.265558644e-08,3.035874817,-2.450340677e-09
0.0006843,0,3.299999961,1.381714422,-2.621724746e-08,3.036023873,2.46245061e-09
0.0006845,0,3.300000009,1.381714428,3.260637734e-08,3.036173141,-2.450334485e-09
0.0006847,0,3.299999961,1.381714422,-2.619220649e-08,3.036321643,2.462422377e-09
0.0006849,0,3.300000009,1.381714428,3.255732474e-08,3.036470352,-2.450328226e-09
0.0006851,0,3.299999961,1.381714422,-2.616714048e-08,3.036618287,2.462394234e-09
0.0006853,0,3.300000009,1.381714428,3.250842748e-08,3.036766434,-2.450321866e-09
0.0006855,0,3.299999961,1.381714422,-2.614205048e-08,3.036913824,2.462366176e-09
0.0006857,0,3.300000009,1.381714428,3.245968434e-08,3.037061423,-2.450315412e-09
0.0006859,0,3.299999961,1.381714422,-2.611693711e-08,3.037208255,2.462338179e-09
0.0006861,0,3.300000009,1.381714428,3.241109446e-08,3.037355303,-2.450308907e-09
0.0006863,0,3.299999961,1.381714422,-2.609180128e-08,3.037501592,2.462310264e-09
0.0006865,0,3.300000009,1.381714428,3.236265679e-08,3.0376481,-2.450302328e-09
0.0006867,0,3.299999961,1.381714422,-2.606664426e-08,3.037793842,2.462282418e-09
0.0006869,0,3.300000009,1.381714428,3.231436979e-08,3.037939806,-2.450295617e-09
0.0006871,0,3.299999961,1.381714422,-2.604146656e-08,3.038085016,2.462254676e-09
0.0006873,0,3.300000009,1.381714428,3.226623296e-08,3.038230443,-2.450288862e-09
0.0006875,0,3.299999961,1.381714422,-2.601626887e-08,3.038375121,2.462226995e-09
0.0006877,0,3.300000009,1.381714428,3.221824483e-08,3.038520018,-2.450282007e-09
0.0006879,0,3.299999961,1.381714422,-2.599105234e-08,3.038664158,2.462199378e-09
0.0006881,0,3.300000009,1.381714428,3.217040472e-08,3.03880853,-2.450275087e-09
0.0006883,0,3.299999961,1.381714422,-2.596581797e-08,3.038952142,2.462171831e-09
0.0006885,0,3.300000009,1.381714428,3.212271136e-08,3.039095985,-2.450268081e-09
0.0006887,0,3.299999961,1.381714422,-2.594056606e-08,3.039239082,2.462144381e-09
0.0006889,0,3.300000009,1.381714428,3.207516408e-08,3.039382407,-2.450260983e-09
0.0006891,0,3.299999961,1.381714422,-2.591529743e-08,3.039524977,2.462117014e-09
0.0006893,0,3.300000009,1.381714428,3.20277616e-08,3.039667787,-2.450253812e-09
0.0006895,0,3.299999961,1.381714422,-2.589001332e-08,3.039809847,2.462089702e-09
0.0006897,0,3.300000009,1.381714428,3.198050319e-08,3.039952139,-2.450246576e-09
0.0006899,0,3.299999961,1.381714422,-2.586471427e-08,3.040093687,2.462062452e-09
0.0006901,0,3.300000009,1.381714428,3.193338767e-08,3.040235469,-2.450239257e-09
0.0006903,0,3.299999961,1.381714422,-2.583940099e-08,3.040376507,2.462035277e-09
0.0006905,0,3.300000009,1.381714428,3.188641414e-08,3.040517787,-2.450231876e-09
0.0006907,0,3.299999961,1.381714422,-2.5814074e-08,3.040658324,2.462008169e-09
0.0006909,0,3.300000009,1.381714428,3.183958199e-08,3.040799097,-2.450224425e-09
0.0006911,0,3.299999961,1.381714422,-2.578873441e-08,3.040939132,2.461981124e-09
0.0006913,0,3.300000009,1.381714428,3.179288977e-08,3.041079412,-2.450216883e-09
0.0006915,0,3.299999961,1.381714422,-2.576338278e-08,3.041218949,2.461954164e-09
0.0006917,0,3.300000009,1.381714428,3.174633704e-08,3.041358729,-2.450209284e-09
0.0006919,0,3.299999961,1.381714422,-2.57380197e-08,3.041497774,2.461927261e-09
0.0006921,0,3.300000009,1.381714428,3.169992273e-08,3.041637065,-2.450201587e-09
0.0006923,0,3.299999961,1.381714422,-2.571264629e-08,3.04177562,2.461900429e-09
0.0006925,0,3.300000009,1.381714428,3.165364561e-08,3.04191442,-2.450193853e-09
0.0006927,0,3.299999961,1.381714422,-2.568726285e-08,3.042052493,2.461873651e-09
0.0006929,0,3.300000009,1.381714428,3.160750557e-08,3.042190805,-2.450186013e-09
0.0006931,0,3.299999961,1.381714422,-2.566186979e-08,3.042328388,2.461846955e-09
0.0006933,0,3.300000009,1.381714428,3.1561501e-08,3.042466226,-2.450178126e-09
0.0006935,0,3.299999961,1.381714422,-2.563646858e-08,3.042603331,2.461820329e-09
0.0006937,0,3.300000009,1.381714428,3.151563156e-08,3.042740688,-2.450170159e-09
0.0006939,0,3.299999961,1.381714422,-2.561105891e-08,3.042877313,2.461793752e-09
0.0006941,0,3.300000009,1.381714428,3.146989622e-08,3.043014199,-2.450162137e-09
0.0006943,0,3.299999961,1.381714422,-2.558564228e-08,3.043150354,2.461767221e-09
0.0006945,0,3.300000009,1.381714428,3.142429393e-08,3.043286762,-2.450154059e-09
0.0006947,0,3.299999961,1.381714422,-2.556021897e-08,3.043422452,2.461740787e-09
0.0006949,0,3.300000009,1.381714428,3.137882436e-08,3.043558392,-2.450145887e-09
0.0006951,0,3.299999961,1.381714422,-2.553478947e-08,3.043693613,2.46171439e-09
0.0006953,0,3.300000009,1.381714428,3.133348617e-08,3.04382909,-2.450137656e-09
0.0006955,0,3.299999961,1.381714422,-2.550935453e-08,3.043963843,2.461688048e-09
0.0006957,0,3.300000009,1.381714428,3.128827909e-08,3.044098859,-2.45012936e-09
0.0006959,0,3.299999961,1.381714422,-2.548391481e-08,3.044233151,2.461661783e-09
0.0006961,0,3.300000009,1.381714428,3.124320179e-08,3.044367707,-2.450121e-09
0.0006963,0,3.299999961,1.381714422,-2.545847098e-08,3.044501547,2.461635586e-09
0.0006965,0,3.300000009,1.381714428,3.11982537e-08,3.044635645,-2.450112577e-09
0.0006967,0,3.299999961,1.381714422,-2.543302339e-08,3.044769033,2.461609418e-09
0.0006969,0,3.300000009,1.381714428,3.115343439e-08,3.044902681,-2.450104103e-09
0.0006971,0,3.299999961,1.381714422,-2.540757256e-08,3.045035611,2.461583349e-09
0.0006973,0,3.300000009,1.381714428,3.110874273e-08,3.045168814,-2.45009555e-09
0.0006975,0,3.299999961,1.381714422,-2.538211931e-08,3.045301297,2.461557304e-09
0.0006977,0,3.300000009,1.381714428,3.106417802e-08,3.04543405,-2.450086957e-09
0.0006979,0,3.299999961,1.381714422,-2.535666398e-08,3.04556609,2.461531331e-09
0.0006981,0,3.300000009,1.381714428,3.101973946e-08,3.045698396,-2.45007826e-09
0.0006983,0,3.299999961,1.381714422,-2.533120732e-08,3.045829994,2.4615054e-09
0.0006985,0,3.300000009,1.381714428,3.097542658e-08,3.045961859,-2.450069544e-09
0.0006987,0,3.299999961,1.381714422,-2.530574975e-08,3.046093017,2.461479543e-09
0.0006989,0,3.300000009,1.381714428,3.093123835e-08,3.04622445,-2.450060753e-09
0.0006991,0,3.299999961,1.381714422,-2.528029192e-08,3.046355171,2.461453724e-09
0.0006993,0,3.300000009,1.381714428,3.088717429e-08,3.046486164,-2.450051901e-09
0.0006995,0,3.299999961,1.381714422,-2.525483395e-08,3.046616452,2.461427968e-09
0.0006997,0,3.300000001,1.381714428,3.084323355e-08,3.046747015,-2.450042966e-09
0.0006999,0,3.299999959,1.381714422,-2.522937709e-08,3.046876873,2.461402287e-09
0.0007001,0,3.300000001,1.381714428,3.079941521e-08,3.047007006,-2.450034007e-09
0.0007003,0,3.299999959,1.381714422,-2.520392131e-08,3.047136441,2.461376631e-09
0.0007005,0,3.300000001,1.381714428,3.075571904e-08,3.047266147,-2.45002498e-09
0.0007007,0,3.299999959,1.381714422,-2.517846701e-08,3.047395153,2.46135104e-09
0.0007009,0,3.300000001,1.381714428,3.071214433e-08,3.047524436,-2.450015886e-09
0.0007011,0,3.299999959,1.381714422,-2.515301505e-08,3.047653021,2.461325488e-09
0.0007013,0,3.300000001,1.381714428,3.066868996e-08,3.047781884,-2.450006746e-09
0.0007015,0,3.299999959,1.381714422,-2.512756588e-08,3.04791005,2.461299994e-09
0.0007017,0,3.300000001,1.381714428,3.062535556e-08,3.048038501,-2.449997538e-09
0.0007019,0,3.299999959,1.381714422,-2.510211982e-08,3.048166249,2.461274578e-09
0.0007021,0,3.300000001,1.381714428,3.058214015e-08,3.04829428,-2.449988281e-09
0.0007023,0,3.299999959,1.381714422,-2.507667745e-08,3.048421608,2.461249194e-09
0.0007025,0,3.300000001,1.381714428,3.053904357e-08,3.048549226,-2.449978978e-09
0.0007027,0,3.299999959,1.381714422,-2.505123903e-08,3.048676152,2.461223837e-09
0.0007029,0,3.300000001,1.381714428,3.049606497e-08,3.048803362,-2.449969603e-09
0.0007031,0,3.299999959,1.381714422,-2.502580518e-08,3.04892987,2.461198562e-09
0.0007033,0,3.300000001,1.381714428,3.045320362e-08,3.049056676,-2.449960162e-09
0.0007035,0,3.299999959,1.381714422,-2.500037632e-08,3.049182784,2.461173332e-09
0.0007037,0,3.300000001,1.381714428,3.0410459e-08,3.049309175,-2.449950704e-09
0.0007039,0,3.299999966,1.381714422,-2.497495281e-08,3.049434878,2.461148127e-09
0.0007041,0,3.300000004,1.381714428,3.036783042e-08,3.049560877,-2.449941201e-09
0.0007043,0,3.299999966,1.381714422,-2.494953538e-08,3.049686182,2.461122972e-09
0.0007045,0,3.300000004,1.381714428,3.032531719e-08,3.049811773,-2.449931587e-09
0.0007047,0,3.299999966,1.381714422,-2.492412419e-08,3.049936684,2.461097909e-09
0.0007049,0,3.300000004,1.381714428,3.028291884e-08,3.050061877,-2.449921969e-09
0.0007051,0,3.299999966,1.381714422,-2.489871962e-08,3.050186388,2.461072865e-09
0.0007053,0,3.300000004,1.381714428,3.024063484e-08,3.050311189,-2.449912261e-09
0.0007055,0,3.299999966,1.381714422,-2.487332211e-08,3.05043531,2.461047869e-09
0.0007057,0,3.300000004,1.381714428,3.019846434e-08,3.050559721,-2.449902529e-09
0.0007059,0,3.299999966,1.381714422,-2.484793227e-08,3.050683444,2.461022923e-09
0.0007061,0,3.300000004,1.381714428,3.015640677e-08,3.05080747,-2.449892738e-09
0.0007063,0,3.299999966,1.381714422,-2.482255049e-08,3.050930806,2.460998008e-09
0.0007065,0,3.300000004,1.381714428,3.01144615e-08,3.051054442,-2.449882919e-09
0.0007067,0,3.299999966,1.381714422,-2.479717699e-08,3.051177395,2.460973145e-09
0.0007069,0,3.300000004,1.381714428,3.007262837e-08,3.051300643,-2.44987301e-09
0.0007071,0,3.299999966,1.381714422,-2.477181214e-08,3.051423207,2.460948328e-09
0.0007073,0,3.300000004,1.381714428,3.003090637e-08,3.051546073,-2.449863093e-09
0.0007075,0,3.299999966,1.381714422,-2.474645652e-08,3.051668264,2.460923565e-09
0.0007077,0,3.300000004,1.381714428,2.998929502e-08,3.051790752,-2.449853076e-09
0.0007079,0,3.299999966,1.381714422,-2.472111033e-08,3.051912563,2.460898866e-09
0.0007081,0,3.300000004,1.381714428,2.994779391e-08,3.052034671,-2.449843055e-09
0.0007083,0,3.299999966,1.381714422,-2.469577383e-08,3.052156102,2.460874165e-09
0.0007085,0,3.300000004,1.381714428,2.990640253e-08,3.052277838,-2.449832957e-09
0.0007087,0,3.299999966,1.381714422,-2.467044785e-08,3.052398892,2.460849526e-09
0.0007089,0,3.300000004,1.381714428,2.986511992e-08,3.052520255,-2.44982284e-09
0.0007091,0,3.299999966,1.381714422,-2.464513233e-08,3.052640939,2.460824934e-09
0.0007093,0,3.300000004,1.381714428,2.98239457e-08,3.052761932,-2.449812663e-09
0.0007095,0,3.299999966,1.381714422,-2.461982794e-08,3.052882246,2.46080038e-09
0.0007097,0,3.300000004,1.381714428,2.978287971e-08,3.053002869,-2.449802441e-09
0.0007099,0,3.299999966,1.381714422,-2.459453461e-08,3.05312282,2.460775868e-09
0.0007101,0,3.300000004,1.381714428,2.974192098e-08,3.053243076,-2.449792155e-09
0.0007103,0,3.299999966,1.381714422,-2.456925325e-08,3.053362657,2.460751411e-09
0.0007105,0,3.300000004,1.381714428,2.970106933e-08,3.053482551,-2.449781828e-09
0.0007107,0,3.299999966,1.381714422,-2.454398363e-08,3.053601772,2.460726986e-09
0.0007109,0,3.300000004,1.381714428,2.966032382e-08,3.053721306,-2.44977147e-09
0.0007111,0,3.299999966,1.381714422,-2.451872636e-08,3.053840167,2.460702576e-09
0.0007113,0,3.300000004,1.381714428,2.961968429e-08,3.053959333,-2.449761064e-09
0.0007115,0,3.299999966,1.381714422,-2.449348185e-08,3.054077839,2.460678242e-09
0.0007117,0,3.300000004,1.381714428,2.957914993e-08,3.054196655,-2.449750601e-09
0.0007119,0,3.299999966,1.381714422,-2.446825039e-08,3.054314796,2.460653926e-09
0.0007121,0,3.300000004,1.381714428,2.953872041e-08,3.054433257,-2.449740113e-09
0.0007123,0,3.299999966,1.381714422,-2.444303231e-08,3.054551048,2.460629672e-09
0.0007125,0,3.300000004,1.381714428,2.949839528e-08,3.054669152,-2.449729562e-09
0.0007127,0,3.299999966,1.381714422,-2.441782763e-08,3.05478659,2.460605454e-09
0.0007129,0,3.300000004,1.381714428,2.945817411e-08,3.054904344,-2.449718966e-09
0.0007131,0,3.299999966,1.381714422,-2.43926369e-08,3.055021433,2.460581263e-09
0.0007133,0,3.300000004,1.381714428,2.941805616e-08,3.055138836,-2.449708335e-09
0.0007135,0,3.299999966,1.381714422,-2.436746059e-08,3.055255575,2.46055712e-09
0.0007137,0,3.300000004,1.381714428,2.937804081e-08,3.055372636,-2.449697669e-09
0.0007139,0,3.299999966,1.381714422,-2.434229872e-08,3.055489035,2.460533015e-09
0.0007141,0,3.300000004,1.381714428,2.933812809e-08,3.055605749,-2.449686925e-09
0.0007143,0,3.299999966,1.381714422,-2.431715176e-08,3.055721797,2.460508931e-09
0.0007145,0,3.300000004,1.381714428,2.929831719e-08,3.055838169,-2.44967618e-09
0.0007147,0,3.299999966,1.381714422,-2.429201975e-08,3.055953877,2.460484908e-09
0.0007149,0,3.300000004,1.381714428,2.925860769e-08,3.056069908,-2.449665387e-09
0.0007151,0,3.299999966,1.381714422,-2.426690338e-08,3.056185277,2.460460902e-09
0.0007153,0,3.300000004,1.381714428,2.921899904e-08,3.056300968,-2.449654537e-09
0.0007155,0,3.299999966,1.381714422,-2.424180269e-08,3.056415997,2.46043695e-09
0.0007157,0,3.300000004,1.381714428,2.917949089e-08,3.056531348,-2.449643638e-09
0.0007159,0,3.299999966,1.381714422,-2.421671817e-08,3.056646045,2.460413041e-09
0.0007161,0,3.300000004,1.381714428,2.914008289e-08,3.056761066,-2.449632714e-09
0.0007163,0,3.299999966,1.381714422,-2.41916496e-08,3.056875432,2.460389145e-09
0.0007165,0,3.300000004,1.381714428,2.910077428e-08,3.056990116,-2.449621749e-09
0.0007167,0,3.299999966,1.381714422,-2.416659761e-08,3.057104142,2.460365306e-09
0.0007169,0,3.300000004,1.381714428,2.906156473e-08,3.057218501,-2.449610739e-09
0.0007171,0,3.299999966,1.381714422,-2.414156265e-08,3.0573322,2.460341469e-09
0.0007173,0,3.300000004,1.381714428,2.902245396e-08,3.057446229,-2.449599709e-09
0.0007175,0,3.299999966,1.381714422,-2.411654462e-08,3.057559597,2.4603177e-09
0.0007177,0,3.300000004,1.381714428,2.898344141e-08,3.057673296,-2.449588614e-09
0.0007179,0,3.299999966,1.381714422,-2.409154394e-08,3.057786343,2.460293945e-09
0.0007181,0,3.300000004,1.381714428,2.894452655e-08,3.057899714,-2.449577481e-09
0.0007183,0,3.299999966,1.381714422,-2.406656083e-08,3.058012438,2.460270256e-09
0.0007185,0,3.300000004,1.381714428,2.890570904e-08,3.058125489,-2.449566317e-09
0.0007187,0,3.299999966,1.381714422,-2.404159552e-08,3.058237885,2.460246556e-09
0.0007189,0,3.300000004,1.381714428,2.886698847e-08,3.058350614,-2.449555118e-09
0.0007191,0,3.299999966,1.381714422,-2.40166483e-08,3.058462691,2.460222921e-09
0.0007193,0,3.300000004,1.381714428,2.882836447e-08,3.0585751,-2.449543865e-09
0.0007195,0,3.299999966,1.381714422,-2.399171941e-08,3.058686863,2.460199328e-09
0.0007197,0,3.300000004,1.381714428,2.878983615e-08,3.058798955,-2.449532603e-09
0.0007199,0,3.299999966,1.381714422,-2.396680903e-08,3.058910391,2.460175751e-09
0.0007201,0,3.300000004,1.381714428,2.875140394e-08,3.059022168,-2.449521274e-09
0.0007203,0,3.299999966,1.381714422,-2.394191766e-08,3.059133294,2.460152216e-09
0.0007205,0,3.300000004,1.381714428,2.871306655e-08,3.059244753,-2.449509931e-09
0.0007207,0,3.299999966,1.381714422,-2.391704523e-08,3.059355567,2.460128698e-09
0.0007209,0,3.300000004,1.381714428,2.867482412e-08,3.059466716,-2.449498538e-09
0.0007211,0,3.299999966,1.381714422,-2.389219199e-08,3.059577212,2.460105233e-09
0.0007213,0,3.300000004,1.381714428,2.863667612e-08,3.059688049,-2.449487079e-09
0.0007215,0,3.299999966,1.381714422,-2.38673583e-08,3.059798243,2.460081799e-09
0.0007217,0,3.300000004,1.381714428,2.859862208e-08,3.059908772,-2.449475623e-09
0.0007219,0,3.299999966,1.381714422,-2.384254436e-08,3.060018655,2.460058378e-09
0.0007221,0,3.300000004,1.381714428,2.856066153e-08,3.060128874,-2.449464124e-09
0.0007223,0,3.299999966,1.381714422,-2.381775031e-08,3.060238448,2.460035023e-09
0.0007225,0,3.300000004,1.381714428,2.852279454e-08,3.060348365,-2.449452586e-09
0.0007227,0,3.299999966,1.381714422,-2.379297642e-08,3.060457631,2.460011659e-09
0.0007229,0,3.300000004,1.381714428,2.848502011e-08,3.060567245,-2.449441014e-09
0.0007231,0,3.299999966,1.381714422,-2.376822291e-08,3.060676212,2.459988346e-09
0.0007233,0,3.300000004,1.381714428,2.844733787e-08,3.060785518,-2.449429407e-09
0.0007235,0,3.299999966,1.381714422,-2.374348998e-08,3.060894182,2.459965047e-09
0.0007237,0,3.300000004,1.381714428,2.840974795e-08,3.061003189,-2.44941776e-09
0.0007239,0,3.299999966,1.381714422,-2.371877771e-08,3.06111156,2.459941783e-09
0.0007241,0,3.300000004,1.381714428,2.837224954e-08,3.061220269,-2.449406083e-09
0.0007243,0,3.299999966,1.381714422,-2.369408659e-08,3.061328333,2.459918579e-09
0.0007245,0,3.300000004,1.381714428,2.833484242e-08,3.061436748,-2.449394381e-09
0.0007247,0,3.299999966,1.381714422,-2.366941681e-08,3.061544522,2.459895362e-09
0.0007249,0,3.300000004,1.381714428,2.829752616e-08,3.061652638,-2.449382624e-09
0.0007251,0,3.299999966,1.381714422,-2.364476802e-08,3.061760112,2.45987221e-09
0.0007253,0,3.300000004,1.381714428,2.826030044e-08,3.061867929,-2.449370844e-09
0.0007255,0,3.299999966,1.381714422,-2.362014107e-08,3.061975118,2.459849069e-09
0.0007257,0,3.300000004,1.381714428,2.822316489e-08,3.062082647,-2.449359039e-09
0.0007259,0,3.299999966,1.381714422,-2.359553568e-08,3.062189538,2.459825964e-09
0.0007261,0,3.300000004,1.381714428,2.818611893e-08,3.062296775,-2.449347195e-09
0.0007263,0,3.299999966,1.381714422,-2.357095253e-08,3.062403377,2.459802885e-09
0.0007265,0,3.300000004,1.381714428,2.81491627e-08,3.062510323,-2.449335299e-09
0.0007267,0,3.299999966,1.381714422,-2.354639123e-08,3.062616635,2.459779842e-09
0.0007269,0,3.300000004,1.381714428,2.81122951e-08,3.062723291,-2.449323397e-09
0.0007271,0,3.299999966,1.381714422,-2.352185252e-08,3.062829321,2.459756815e-09
0.0007273,0,3.300000004,1.381714428,2.807551645e-08,3.062935697,-2.449311436e-09
0.0007275,0,3.299999966,1.381714422,-2.349733611e-08,3.063041439,2.459733835e-09
0.0007277,0,3.300000004,1.381714428,2.803882612e-08,3.063147525,-2.44929945e-09
0.0007279,0,3.299999966,1.381714422,-2.347284253e-08,3.063252977,2.459710867e-09
0.0007281,0,3.300000004,1.381714428,2.800222378e-08,3.063358781,-2.449287455e-09
0.0007283,0,3.299999966,1.381714422,-2.344837161e-08,3.06346396,2.459687932e-09
0.0007285,0,3.300000004,1.381714428,2.796570897e-08,3.063569487,-2.449275404e-09
0.0007287,0,3.299999966,1.381714422,-2.34239239e-08,3.063674379,2.459665027e-09
0.0007289,0,3.300000004,1.381714428,2.792928134e-08,3.063779623,-2.449263318e-09
0.0007291,0,3.299999966,1.381714422,-2.339949932e-08,3.063884234,2.459642154e-09
0.0007293,0,3.300000004,1.381714428,2.789294094e-08,3.063989199,-2.449251233e-09
0.0007295,0,3.299999966,1.381714422,-2.33750981e-08,3.064093538,2.459619286e-09
0.0007297,0,3.300000004,1.381714428,2.785668708e-08,3.064198225,-2.449239069e-09
0.0007299,0,3.299999966,1.381714422,-2.335072027e-08,3.064302284,2.459596473e-09
0.0007301,0,3.300000004,1.381714428,2.782051928e-08,3.06440669,-2.449226918e-09
0.0007303,0,3.299999966,1.381714422,-2.332636622e-08,3.064510477,2.459573675e-09
0.0007305,0,3.300000004,1.381714428,2.778443747e-08,3.064614614,-2.449214714e-09
0.0007307,0,3.299999966,1.381714422,-2.330203611e-08,3.064718123,2.459550883e-09
0.0007309,0,3.300000004,1.381714428,2.774844136e-08,3.064821987,-2.44920249e-09
0.0007311,0,3.299999966,1.381714422,-2.327772994e-08,3.064925227,2.459528145e-09
0.0007313,0,3.300000004,1.381714428,2.771253046e-08,3.065028821,-2.449190221e-09
0.0007315,0,3.299999966,1.381714422,-2.325344779e-08,3.06513179,2.459505424e-09
0.0007317,0,3.300000004,1.381714428,2.767670439e-08,3.065235114,-2.44917795e-09
0.0007319,0,3.299999966,1.381714422,-2.322919e-08,3.065337813,2.45948271e-09
0.0007321,0,3.300000004,1.381714428,2.764096309e-08,3.065440868,-2.449165615e-09
0.0007323,0,3.299999966,1.381714422,-2.320495674e-08,3.065543297,2.459460061e-09
0.0007325,0,3.300000004,1.381714428,2.760530598e-08,3.065646081,-2.449153274e-09
0.0007327,0,3.299999966,1.381714422,-2.318074801e-08,3.065748248,2.459437418e-09
0.0007329,0,3.300000004,1.381714428,2.756973294e-08,3.065850765,-2.449140892e-09
0.0007331,0,3.299999966,1.381714422,-2.315656409e-08,3.065952662,2.459414793e-09
0.0007333,0,3.300000004,1.381714428,2.753424331e-08,3.066054923,-2.449128477e-09
0.0007335,0,3.299999966,1.381714422,-2.313240487e-08,3.066156555,2.459392194e-09
0.0007337,0,3.300000004,1.381714428,2.749883732e-08,3.066258547,-2.449116057e-09
0.0007339,0,3.299999966,1.381714422,-2.310827074e-08,3.066359924,2.459369625e-09
0.0007341,0,3.300000004,1.381714428,2.746351406e-08,3.066461658,-2.449103559e-09
0.0007343,0,3.299999966,1.381714422,-2.308416188e-08,3.066562767,2.4593471e-09
0.0007345,0,3.300000004,1.381714428,2.742827357e-08,3.066664239,-2.449091085e-09
0.0007347,0,3.299999966,1.381714422,-2.306007835e-08,3.066765088,2.459324558e-09
0.0007349,0,3.300000004,1.381714428,2.739311574e-08,3.0668663,-2.449078552e-09
0.0007351,0,3.299999966,1.381714422,-2.303601996e-08,3.06696689,2.459302073e-09
0.0007353,0,3.300000004,1.381714428,2.735803973e-08,3.067067849,-2.449066e-09
0.0007355,0,3.299999966,1.381714422,-2.301198752e-08,3.067168181,2.459279598e-09
0.0007357,0,3.300000004,1.381714428,2.732304559e-08,3.06726888,-2.449053414e-09
0.0007359,0,3.299999966,1.381714422,-2.298798035e-08,3.067368959,2.45925714e-09
0.0007361,0,3.300000004,1.381714428,2.728813299e-08,3.067469401,-2.449040834e-09
0.0007363,0,3.299999966,1.381714422,-2.29639993e-08,3.067569228,2.459234719e-09
0.0007365,0,3.300000004,1.381714428,2.725330148e-08,3.06766942,-2.449028181e-09
0.0007367,0,3.299999966,1.381714422,-2.29400439e-08,3.067768989,2.459212315e-09
0.0007369,0,3.300000004,1.381714428,2.721855115e-08,3.067868929,-2.449015512e-09
0.0007371,0,3.299999966,1.381714422,-2.291611479e-08,3.067968248,2.45918994e-09
0.0007373,0,3.300000004,1.381714428,2.718388104e-08,3.06806793,-2.449002845e-09
0.0007375,0,3.299999966,1.381714422,-2.289221175e-08,3.068167005,2.45916757e-09
0.0007377,0,3.300000004,1.381714428,2.714929161e-08,3.068266439,-2.448990129e-09
0.0007379,0,3.299999966,1.381714422,-2.286833499e-08,3.068365256,2.459145252e-09
0.0007381,0,3.300000004,1.381714428,2.711478192e-08,3.068464445,-2.448977385e-09
0.0007383,0,3.299999966,1.381714422,-2.284448477e-08,3.068563014,2.459122924e-09
0.0007385,0,3.300000004,1.381714428,2.708035204e-08,3.068661954,-2.448964594e-09
0.0007387,0,3.299999966,1.381714422,-2.282066099e-08,3.068760281,2.45910065e-09
0.0007389,0,3.300000004,1.381714428,2.704600169e-08,3.068858973,-2.44895182e-09
0.0007391,0,3.299999966,1.381714422,-2.279686382e-08,3.06895705,2.459078382e-09
0.0007393,0,3.300000004,1.381714428,2.701173062e-08,3.069055499,-2.448938997e-09
0.0007395,0,3.299999966,1.381714422,-2.27730934e-08,3.069153336,2.459056144e-09
0.0007397,0,3.300000004,1.381714428,2.697753828e-08,3.069251538,-2.448926145e-09
0.0007399,0,3.299999966,1.381714422,-2.274934967e-08,3.069349133,2.459033912e-09
0.0007401,0,3.300000004,1.381714428,2.694342456e-08,3.069447094,-2.448913279e-09
0.0007403,0,3.299999966,1.381714422,-2.272563321e-08,3.069544441,2.459011701e-09
0.0007405,0,3.300000004,1.381714428,2.69093891e-08,3.069642161,-2.448900377e-09
0.0007407,0,3.299999966,1.381714422,-2.270194364e-08,3.069739268,2.458989537e-09
0.0007409,0,3.300000004,1.381714428,2.687543171e-08,3.069836747,-2.448887455e-09
0.0007411,0,3.299999966,1.381714422,-2.267828151e-08,3.069933614,2.458967384e-09
0.0007413,0,3.300000004,1.381714428,2.684155203e-08,3.070030854,-2.448874501e-09
0.0007415,0,3.299999966,1.381714422,-2.265464627e-08,3.070127488,2.458945232e-09
0.0007417,0,3.299999996,1.381714428,2.680775024e-08,3.07022449,-2.448861542e-09
0.0007419,0,3.299999964,1.381714422,-2.26310387e-08,3.070320885,2.458923113e-09
0.0007421,0,3.299999996,1.381714428,2.677402528e-08,3.070417647,-2.448848542e-09
0.0007423,0,3.299999964,1.381714422,-2.260745835e-08,3.070513801,2.458901011e-09
0.0007425,0,3.299999996,1.381714428,2.67403775e-08,3.070610331,-2.448835509e-09
0.0007427,0,3.299999964,1.381714422,-2.258390573e-08,3.070706255,2.458878949e-09
0.0007429,0,3.299999996,1.381714428,2.670680643e-08,3.070802555,-2.448822468e-09
0.0007431,0,3.299999964,1.381714422,-2.256038076e-08,3.070898242,2.458856887e-09
0.0007433,0,3.299999996,1.381714428,2.667331182e-08,3.070994301,-2.448809387e-09
0.0007435,0,3.299999964,1.381714422,-2.253688332e-08,3.071089756,2.458834867e-09
0.0007437,0,3.299999996,1.381714428,2.663989335e-08,3.071185585,-2.448796298e-09
0.0007439,0,3.299999964,1.381714422,-2.251341414e-08,3.07128081,2.458812855e-09
0.0007441,0,3.299999996,1.381714428,2.660655076e-08,3.071376409,-2.448783168e-09
0.0007443,0,3.299999964,1.381714422,-2.24899727e-08,3.071471404,2.458790855e-09
0.0007445,0,3.299999996,1.381714428,2.657328376e-08,3.071566773,-2.44877003e-09
0.0007447,0,3.299999964,1.381714422,-2.246655914e-08,3.071661538,2.458768888e-09
0.0007449,0,3.299999996,1.381714428,2.654009226e-08,3.071756677,-2.44875686e-09
0.0007451,0,3.299999964,1.381714422,-2.24431738e-08,3.071851212,2.458746935e-09
0.0007453,0,3.299999996,1.381714428,2.650697594e-08,3.071946122,-2.448743679e-09
0.0007455,0,3.299999964,1.381714422,-2.241981666e-08,3.072040434,2.458724993e-09
0.0007457,0,3.299999996,1.381714428,2.647393461e-08,3.072135116,-2.448730451e-09
0.0007459,0,3.299999964,1.381714422,-2.23964878e-08,3.072229198,2.458703072e-09
0.0007461,0,3.299999996,1.381714428,2.644096771e-08,3.072323657,-2.44871722e-09
0.0007463,0,3.299999964,1.381714422,-2.237318739e-08,3.072417519,2.458681182e-09
0.0007465,0,3.299999996,1.381714428,2.640807549e-08,3.072511751,-2.448703949e-09
0.0007467,0,3.299999964,1.381714422,-2.234991542e-08,3.072605384,2.458659301e-09
0.0007469,0,3.299999996,1.381714428,2.637525708e-08,3.072699401,-2.448690671e-09
0.0007471,0,3.299999964,1.381714422,-2.232667178e-08,3.072792808,2.458637438e-09
0.0007473,0,3.299999996,1.381714428,2.634251282e-08,3.072886595,-2.448677357e-09
0.0007475,0,3.299999972,1.381714422,-2.230345685e-08,3.072979787,2.458615607e-09
0.0007477,0,3.299999998,1.381714428,2.630984226e-08,3.073073357,-2.448664036e-09
0.0007479,0,3.299999972,1.381714422,-2.228027058e-08,3.073166321,2.458593776e-09
0.0007481,0,3.299999998,1.381714428,2.6277245e-08,3.073259668,-2.448650677e-09
0.0007483,0,3.299999972,1.381714422,-2.225711317e-08,3.07335242,2.458571988e-09
0.0007485,0,3.299999998,1.381714428,2.624472086e-08,3.07344555,-2.448637301e-09
0.0007487,0,3.299999972,1.381714422,-2.223398454e-08,3.073538075,2.458550202e-09
0.0007489,0,3.299999998,1.381714428,2.621226981e-08,3.073630989,-2.44862391e-09
0.0007491,0,3.299999972,1.381714422,-2.221088476e-08,3.073723296,2.458528443e-09
0.0007493,0,3.299999998,1.381714428,2.617989122e-08,3.073815991,-2.448610489e-09
0.0007495,0,3.299999972,1.381714422,-2.218781389e-08,3.073908086,2.458506684e-09
0.0007497,0,3.299999998,1.381714428,2.614758535e-08,3.074000563,-2.448597047e-09
0.0007499,0,3.299999972,1.381714422,-2.216477201e-08,3.074092445,2.458484963e-09
0.0007501,0,3.299999998,1.381714428,2.611535156e-08,3.074184705,-2.44858358e-09
0.0007503,0,3.299999972,1.381714422,-2.214175952e-08,3.074276367,2.458463269e-09
0.0007505,0,3.299999998,1.381714428,2.608318976e-08,3.074368414,-2.448570106e-09
0.0007507,0,3.299999972,1.381714422,-2.211877613e-08,3.074459866,2.458441545e-09
0.0007509,0,3.299999998,1.381714428,2.605109991e-08,3.074551703,-2.448556604e-09
0.0007511,0,3.299999972,1.381714422,-2.209582165e-08,3.074642945,2.458419878e-09
0.0007513,0,3.299999998,1.381714428,2.601908154e-08,3.074734565,-2.448543072e-09
0.0007515,0,3.299999972,1.381714422,-2.207289663e-08,3.074825587,2.458398239e-09
0.0007517,0,3.299999998,1.381714428,2.598713422e-08,3.074917002,-2.448529502e-09
0.0007519,0,3.299999972,1.381714422,-2.205000132e-08,3.075007817,2.458376594e-09
0.0007521,0,3.299999998,1.381714428,2.595525813e-08,3.075099021,-2.44851596e-09
0.0007523,0,3.299999972,1.381714422,-2.202713495e-08,3.075189626,2.458354942e-09
0.0007525,0,3.299999998,1.381714428,2.592345296e-08,3.075280613,-2.448502357e-09
0.0007527,0,3.299999972,1.381714422,-2.200429831e-08,3.075371013,2.458333355e-09
0.0007529,0,3.299999998,1.381714428,2.589171828e-08,3.0754618,-2.44848874e-09
0.0007531,0,3.299999972,1.381714422,-2.198149131e-08,3.075551985,2.45831176e-09
0.0007533,0,3.299999998,1.381714428,2.586005407e-08,3.07564256,-2.448475109e-09
0.0007535,0,3.299999972,1.381714422,-2.195871383e-08,3.075732542,2.458290201e-09
0.0007537,0,3.299999998,1.381714428,2.582845999e-08,3.075822917,-2.448461462e-09
0.0007539,0,3.299999972,1.381714422,-2.193596589e-08,3.075912691,2.458268643e-09
0.0007541,0,3.299999998,1.381714428,2.579693598e-08,3.076002856,-2.4484478e-09
0.0007543,0,3.299999972,1.381714422,-2.191324776e-08,3.076092428,2.458247091e-09
0.0007545,0,3.299999998,1.381714428,2.576548175e-08,3.076182385,-2.448434091e-09
0.0007547,0,3.299999972,1.381714422,-2.189055928e-08,3.076271755,2.458225583e-09
0.0007549,0,3.299999998,1.381714428,2.573409683e-08,3.076361512,-2.448420373e-09
0.0007551,0,3.299999972,1.381714422,-2.186790092e-08,3.076450674,2.458204075e-09
0.0007553,0,3.299999998,1.381714428,2.570278121e-08,3.076540229,-2.448406663e-09
0.0007555,0,3.299999972,1.381714422,-2.184527212e-08,3.076629191,2.458182572e-09
0.0007557,0,3.299999998,1.381714428,2.567153474e-08,3.076718546,-2.448392904e-09
0.0007559,0,3.299999972,1.381714422,-2.18226735e-08,3.076807309,2.458161099e-09
0.0007561,0,3.299999998,1.381714428,2.564035726e-08,3.076896456,-2.448379141e-09
0.0007563,0,3.299999972,1.381714422,-2.180010492e-08,3.076985016,2.458139626e-09
0.0007565,0,3.299999998,1.381714428,2.560924843e-08,3.07707397,-2.44836534e-09
0.0007567,0,3.299999972,1.381714422,-2.177756596e-08,3.077162333,2.458118195e-09
0.0007569,0,3.299999998,1.381714428,2.557820788e-08,3.07725108,-2.448351529e-09
0.0007571,0,3.299999972,1.381714422,-2.175505747e-08,3.07733924,2.45809678e-09
0.0007573,0,3.299999998,1.381714428,2.554723556e-08,3.077427794,-2.448337698e-09
0.0007575,0,3.299999972,1.381714422,-2.173257909e-08,3.077515764,2.458075361e-09
0.0007577,0,3.299999998,1.381714428,2.55163314e-08,3.077604121,-2.448323855e-09
0.0007579,0,3.299999972,1.381714422,-2.17101305e-08,3.077691884,2.458053963e-09
0.0007581,0,3.299999998,1.381714428,2.548549514e-08,3.077780046,-2.448309983e-09
0.0007583,0,3.299999972,1.381714422,-2.168771234e-08,3.077867618,2.458032594e-09
0.0007585,0,3.299999998,1.381714428,2.545472623e-08,3.077955583,-2.448296089e-09
0.0007587,0,3.299999972,1.381714422,-2.166532459e-08,3.078042963,2.458011223e-09
0.0007589,0,3.299999998,1.381714428,2.542402487e-08,3.07813073,-2.448282183e-09
0.0007591,0,3.299999972,1.381714422,-2.16429671e-08,3.07821791,2.457989864e-09
0.0007593,0,3.299999998,1.381714428,2.539339071e-08,3.078305485,-2.448268243e-09
0.0007595,0,3.299999972,1.381714422,-2.162063979e-08,3.078392475,2.457968537e-09
0.0007597,0,3.299999998,1.381714428,2.536282351e-08,3.07847986,-2.448254304e-09
0.0007599,0,3.299999972,1.381714422,-2.159834296e-08,3.078566659,2.457947231e-09
0.0007601,0,3.299999998,1.381714428,2.533232335e-08,3.078653847,-2.448240343e-09
0.0007603,0,3.299999972,1.381714422,-2.157607664e-08,3.078740454,2.457925907e-09
0.0007605,0,3.299999998,1.381714428,2.530188944e-08,3.078827451,-2.448226373e-09
0.0007607,0,3.299999972,1.381714422,-2.155384055e-08,3.078913869,2.457904625e-09
0.0007609,0,3.299999998,1.381714428,2.527152202e-08,3.079000676,-2.448212361e-09
0.0007611,0,3.299999972,1.381714422,-2.153163526e-08,3.079086903,2.457883353e-09
0.0007613,0,3.299999998,1.381714428,2.524122091e-08,3.079173521,-2.448198372e-09
0.0007615,0,3.299999972,1.381714422,-2.150946016e-08,3.079259558,2.457862074e-09
0.0007617,0,3.299999998,1.381714428,2.521098584e-08,3.079345985,-2.448184337e-09
0.0007619,0,3.299999972,1.381714422,-2.148731601e-08,3.079431833,2.457840832e-09
0.0007621,0,3.299999998,1.381714428,2.518081645e-08,3.079518078,-2.448170264e-09
0.0007623,0,3.299999972,1.381714422,-2.146520232e-08,3.079603737,2.457819607e-09
0.0007625,0,3.299999998,1.381714428,2.515071262e-08,3.079689792,-2.448156189e-09
0.0007627,0,3.299999972,1.381714422,-2.144311925e-08,3.07977527,2.457798375e-09
0.0007629,0,3.299999998,1.381714428,2.512067439e-08,3.079861137,-2.448142109e-09
0.0007631,0,3.299999972,1.381714422,-2.142106687e-08,3.079946424,2.457777167e-09
0.0007633,0,3.299999998,1.381714428,2.509070114e-08,3.080032109,-2.448127991e-09
0.0007635,0,3.299999972,1.381714422,-2.13990452e-08,3.080117209,2.457756e-09
0.0007637,0,3.299999998,1.381714428,2.506079297e-08,3.080202712,-2.448113879e-09
0.0007639,0,3.299999972,1.381714422,-2.13770543e-08,3.080287624,2.457734805e-09
0.0007641,0,3.299999998,1.381714428,2.503094988e-08,3.080372944,-2.448099728e-09
0.0007643,0,3.299999972,1.381714422,-2.13550941e-08,3.080457676,2.457713655e-09
0.0007645,0,3.299999998,1.381714428,2.500117127e-08,3.080542808,-2.44808556e-09
0.0007647,0,3.299999972,1.381714422,-2.133316455e-08,3.080627358,2.457692499e-09
0.0007649,0,3.299999998,1.381714428,2.49714572e-08,3.080712311,-2.448071395e-09
0.0007651,0,3.299999972,1.381714422,-2.131126611e-08,3.080796681,2.457671351e-09
0.0007653,0,3.299999998,1.381714428,2.49418074e-08,3.080881445,-2.448057212e-09
0.0007655,0,3.299999972,1.381714422,-2.128939829e-08,3.080965633,2.457650231e-09
0.0007657,0,3.299999998,1.381714428,2.491222164e-08,3.081050225,-2.448043006e-09
0.0007659,0,3.299999972,1.381714422,-2.126756159e-08,3.081134235,2.457629131e-09
0.0007661,0,3.299999998,1.381714428,2.488269987e-08,3.08121864,-2.448028765e-09
0.0007663,0,3.299999972,1.381714422,-2.124575576e-08,3.081302468,2.457608017e-09
0.0007665,0,3.299999998,1.381714428,2.485324156e-08,3.0813867,-2.448014524e-09
0.0007667,0,3.299999972,1.381714422,-2.122398084e-08,3.08147035,2.457586952e-09
0.0007669,0,3.299999998,1.381714428,2.482384714e-08,3.081554395,-2.448000268e-09
0.0007671,0,3.299999972,1.381714422,-2.120223678e-08,3.08163787,2.457565878e-09
0.0007673,0,3.299999998,1.381714428,2.479451582e-08,3.081721745,-2.447985984e-09
0.0007675,0,3.299999972,1.381714422,-2.118052381e-08,3.081805035,2.457544807e-09
0.0007677,0,3.299999998,1.381714428,2.476524782e-08,3.081888727,-2.447971695e-09
0.0007679,0,3.299999972,1.381714422,-2.115884188e-08,3.081971844,2.457523776e-09
0.0007681,0,3.299999998,1.381714428,2.473604269e-08,3.082055367,-2.447957387e-09
0.0007683,0,3.299999972,1.381714422,-2.113719111e-08,3.082138307,2.45750274e-09
0.0007685,0,3.299999998,1.381714428,2.470690044e-08,3.082221649,-2.447943058e-09
0.0007687,0,3.299999972,1.381714422,-2.111557121e-08,3.082304417,2.457481741e-09
0.0007689,0,3.299999998,1.381714428,2.467782084e-08,3.082387589,-2.447928719e-09
0.0007691,0,3.299999972,1.381714422,-2.109398242e-08,3.082470179,2.457460712e-09
0.0007693,0,3.299999998,1.381714428,2.464880361e-08,3.082553179,-2.447914367e-09
0.0007695,0,3.299999972,1.381714422,-2.10724248e-08,3.082635599,2.457439736e-09
0.0007697,0,3.299999998,1.381714428,2.461984877e-08,3.082718422,-2.447899978e-09
0.0007699,0,3.299999972,1.381714422,-2.105089814e-08,3.082800661,2.457418752e-09
0.0007701,0,3.299999998,1.381714428,2.459095593e-08,3.082883312,-2.447885617e-09
0.0007703,0,3.299999967,1.381714421,-2.980223551e-08,3.082965346,3.400795124e-09
0.0007705,2.036730846e-09,3.30000001,1.38171443,4.480751859e-08,3.08304798,-4.624681578e-09
0.0007707,3.3,-3.425893492e-07,1.381714518,1.381714352,2.198934614,0.0001012954001
0.0007709,3.3,2.10941457e-08,1.381714411,1.381714397,2.198934016,0.0001012997549
0.0007711,3.3,-5.906461895e-09,1.381714419,1.381714393,2.198934084,0.0001012994331
0.0007713,3.3,2.10862526e-08,1.381714411,1.381714397,2.198934017,0.0001012997549
0.0007715,3.3,-5.897987752e-09,1.381714419,1.381714393,2.198934082,0.0001012994326
0.0007717,3.3,2.107850234e-08,1.381714411,1.381714397,2.198934024,0.0001012997544
0.0007719,3.3,-5.890239847e-09,1.381714419,1.381714393,2.198934076,0.0001012994326
0.0007721,3.3,2.10707553e-08,1.381714411,1.381714397,2.198934025,0.0001012997544
0.0007723,3.3,-5.882495678e-09,1.381714419,1.381714393,2.198934075,0.0001012994326
0.0007725,3.3,2.106301151e-08,1.381714411,1.381714397,2.198934026,0.0001012997549
0.0007727,3.3,-5.874754784e-09,1.381714419,1.381714393,2.198934074,0.0001012994331
0.0007729,3.3,2.105527103e-08,1.381714411,1.381714402,2.198934032,0.0001012997549
0.0007731,3.3,-5.867016729e-09,1.381714419,1.381714398,2.198934073,0.0001012994327
0.0007733,3.3,2.10475344e-08,1.381714411,1.381714402,2.198934032,0.0001012997543
0.0007735,3.3,-5.859283024e-09,1.381714419,1.381714398,2.198934072,0.0001012994327
0.0007737,3.3,2.103980113e-08,1.381714411,1.381714402,2.198934038,0.0001012997543
0.0007739,3.3,-5.851552697e-09,1.381714419,1.381714398,2.198934072,0.0001012994327
0.0007741,3.3,2.103207175e-08,1.381714411,1.381714402,2.198934034,0.0001012997548
0.0007743,3.3,-5.843825285e-09,1.381714419,1.381714398,2.198934066,0.0001012994332
0.0007745,3.3,2.102434582e-08,1.381714411,1.381714402,2.198934039,0.0001012997548
0.0007747,3.3,-5.836102814e-09,1.381714419,1.381714394,2.198934066,0.0001012994327
0.0007749,3.3,2.101662332e-08,1.381714411,1.381714396,2.198934034,0.0001012997543
0.0007751,3.3,-5.828383796e-09,1.381714419,1.381714394,2.198934065,0.0001012994327
0.0007753,3.3,2.100890478e-08,1.381714411,1.381714396,2.19893404,0.0001012997543
0.0007755,3.3,-5.820668257e-09,1.381714419,1.381714394,2.198934065,0.0001012994327
0.0007757,3.3,2.100119073e-08,1.381714411,1.381714396,2.19893404,0.0001012997548
0.0007759,3.3,-5.812956198e-09,1.381714419,1.381714394,2.198934065,0.0001012994332
0.0007761,3.3,2.099348018e-08,1.381714411,1.381714396,2.19893404,0.0001012997548
0.0007763,3.3,-5.805248156e-09,1.381714419,1.381714394,2.198934065,0.0001012994327
0.0007765,3.3,2.098577365e-08,1.381714411,1.381714396,2.198934041,0.0001012997543
0.0007767,3.3,-5.79754462e-09,1.381714419,1.381714394,2.198934064,0.0001012994327
0.0007769,3.3,2.097807062e-08,1.381714411,1.381714396,2.198934041,0.0001012997543
0.0007771,3.3,-5.789844614e-09,1.381714419,1.381714394,2.198934064,0.0001012994327
0.0007773,3.3,2.097037163e-08,1.381714411,1.381714396,2.198934041,0.0001012997543
0.0007775,3.3,-5.782148651e-09,1.381714419,1.381714394,2.198934059,0.0001012994327
0.0007777,3.3,2.096267669e-08,1.381714411,1.381714396,2.198934041,0.0001012997548
0.0007779,3.3,-5.774456731e-09,1.381714419,1.381714394,2.198934064,0.0001012994332
0.0007781,3.3,2.095498579e-08,1.381714411,1.381714396,2.198934041,0.0001012997548
0.0007783,3.3,-5.766768854e-09,1.381714419,1.381714394,2.198934059,0.0001012994332
0.0007785,3.3,2.094729894e-08,1.381714411,1.381714396,2.198934041,0.0001012997548
0.0007787,3.3,-5.759084534e-09,1.381714419,1.381714394,2.198934059,0.0001012994327
0.0007789,3.3,2.093961567e-08,1.381714411,1.381714396,2.198934041,0.0001012997543
0.0007791,3.3,-5.751405282e-09,1.381714419,1.381714394,2.198934064,0.0001012994327
0.0007793,3.3,2.093193692e-08,1.381714411,1.381714396,2.198934042,0.0001012997543
0.0007795,3.3,-5.743728586e-09,1.381714419,1.381714394,2.198934058,0.0001012994327
0.0007797,3.3,2.092426179e-08,1.381714411,1.381714396,2.198934042,0.0001012997548
0.0007799,3.3,-5.736056984e-09,1.381714419,1.381714394,2.198934058,0.0001012994332
0.0007801,3.3,2.091659121e-08,1.381714411,1.381714396,2.198934042,0.0001012997548
0.0007803,3.3,-5.728388939e-09,1.381714419,1.381714394,2.198934058,0.0001012994332
0.0007805,3.3,2.090892421e-08,1.381714411,1.381714396,2.198934042,0.0001012997548
0.0007807,3.3,-5.720724988e-09,1.381714419,1.381714394,2.198934063,0.0001012994328
0.0007809,3.3,2.09012613e-08,1.381714411,1.381714396,2.198934042,0.0001012997542
0.0007811,3.3,-5.713065132e-09,1.381714419,1.381714394,2.198934058,0.0001012994328
0.0007813,3.3,2.089360298e-08,1.381714411,1.381714396,2.198934042,0.0001012997542
0.0007815,3.3,-5.705409344e-09,1.381714419,1.381714394,2.198934058,0.0001012994328
0.0007817,3.3,2.088594824e-08,1.381714411,1.381714401,2.198934042,0.0001012997542
0.0007819,3.3,-5.69775765e-09,1.381714419,1.381714399,2.198934058,0.0001012994328
0.0007821,3.3,2.08782976e-08,1.381714411,1.381714401,2.198934042,0.0001012997547
0.0007823,3.3,-5.690110052e-09,1.381714419,1.381714399,2.198934058,0.0001012994333
0.0007825,3.3,2.087065056e-08,1.381714411,1.381714401,2.198934042,0.0001012997547
0.0007827,3.3,-5.68246706e-09,1.381714419,1.381714399,2.198934058,0.0001012994333
0.0007829,3.3,2.08630081e-08,1.381714411,1.381714401,2.198934042,0.0001012997547
0.0007831,3.3,-5.67482765e-09,1.381714419,1.381714399,2.198934058,0.0001012994328
0.0007833,3.3,2.085536974e-08,1.381714411,1.381714401,2.198934042,0.0001012997542
0.0007835,3.3,-5.667191847e-09,1.381714419,1.381714399,2.198934058,0.0001012994328
0.0007837,3.3,2.084773598e-08,1.381714411,1.381714401,2.198934042,0.0001012997542
0.0007839,3.3,-5.659560626e-09,1.381714419,1.381714399,2.198934058,0.0001012994328
0.0007841,3.3,2.084010532e-08,1.381714411,1.381714401,2.198934042,0.0001012997542
0.0007843,3.3,-5.651933524e-09,1.381714419,1.381714399,2.198934063,0.0001012994328
0.0007845,3.3,2.083247878e-08,1.381714411,1.381714401,2.198934047,0.0001012997547
0.0007847,3.3,-5.644310542e-09,1.381714419,1.381714399,2.198934063,0.0001012994333
0.0007849,3.3,2.082485733e-08,1.381714406,1.381714401,2.198934047,0.0001012997547
0.0007851,3.3,-5.636691143e-09,1.381714414,1.381714394,2.198934063,0.0001012994333
0.0007853,3.3,2.081723949e-08,1.381714406,1.381714396,2.198934047,0.0001012997547
0.0007855,3.3,-5.62907635e-09,1.381714414,1.381714394,2.198934063,0.0001012994328
0.0007857,3.3,2.080962526e-08,1.381714406,1.381714396,2.198934047,0.0001012997542
0.0007859,3.3,-5.621465678e-09,1.381714414,1.381714394,2.198934063,0.0001012994328
0.0007861,3.3,2.080201563e-08,1.381714406,1.381714396,2.198934047,0.0001012997542
0.0007863,3.3,-5.613859099e-09,1.381714414,1.381714394,2.198934063,0.0001012994328
0.0007865,3.3,2.079440961e-08,1.381714406,1.381714396,2.198934047,0.0001012997542
0.0007867,3.3,-5.606256641e-09,1.381714414,1.381714394,2.198934063,0.0001012994328
0.0007869,3.3,2.07868082e-08,1.381714406,1.381714396,2.198934047,0.0001012997547
0.0007871,3.3,-5.59865779e-09,1.381714414,1.381714394,2.198934063,0.0001012994333
0.0007873,3.3,2.077921091e-08,1.381714406,1.381714396,2.198934047,0.0001012997547
0.0007875,3.3,-5.591063547e-09,1.381714419,1.381714394,2.198934063,0.0001012994333
0.0007877,3.3,2.077161723e-08,1.381714411,1.381714396,2.198934047,0.0001012997547
0.0007879,3.3,-5.583473423e-09,1.381714419,1.381714394,2.198934063,0.0001012994328
0.0007881,3.3,2.076402815e-08,1.381714411,1.381714396,2.198934042,0.0001012997542
0.0007883,3.3,-5.575886906e-09,1.381714419,1.381714394,2.198934058,0.0001012994328
0.0007885,3.3,2.075644271e-08,1.381714411,1.381714396,2.198934042,0.0001012997542
0.0007887,3.3,-5.568305022e-09,1.381714419,1.381714394,2.198934058,0.0001012994328
0.0007889,3.3,2.074886236e-08,1.381714411,1.381714396,2.198934042,0.0001012997542
0.0007891,3.3,-5.56072672e-09,1.381714419,1.381714394,2.198934058,0.0001012994328
0.0007893,3.3,2.074128513e-08,1.381714411,1.381714396,2.198934042,0.0001012997542
0.0007895,3.3,-5.55315305e-09,1.381714419,1.381714394,2.198934058,0.0001012994328
0.0007897,3.3,2.073371251e-08,1.381714411,1.381714396,2.198934042,0.0001012997547
0.0007899,3.3,-5.545582988e-09,1.381714419,1.381714394,2.198934058,0.0001012994333
0.0007901,3.3,2.072614352e-08,1.381714411,1.381714396,2.198934042,0.0001012997547
0.0007903,3.3,-5.538018046e-09,1.381714419,1.381714394,2.198934058,0.0001012994333
0.0007905,3.3,2.071857862e-08,1.381714411,1.381714396,2.198934042,0.0001012997547
0.0007907,3.3,-5.530456224e-09,1.381714419,1.381714394,2.198934058,0.0001012994329
0.0007909,3.3,2.071101885e-08,1.381714411,1.381714396,2.198934042,0.0001012997541
0.0007911,3.3,-5.522898496e-09,1.381714419,1.381714394,2.198934058,0.0001012994329
0.0007913,3.3,2.070346219e-08,1.381714411,1.381714396,2.198934042,0.0001012997541
0.0007915,3.3,-5.515345401e-09,1.381714419,1.381714394,2.198934058,0.0001012994329
0.0007917,3.3,2.069590966e-08,1.381714411,1.381714396,2.198934042,0.0001012997541
0.0007919,3.3,-5.507796426e-09,1.381714419,1.381714394,2.198934058,0.0001012994329
0.0007921,3.3,2.068836173e-08,1.381714411,1.381714396,2.198934042,0.0001012997541
0.0007923,3.3,-5.500251058e-09,1.381714419,1.381714394,2.198934058,0.0001012994329
0.0007925,3.3,2.068081792e-08,1.381714411,1.381714396,2.198934042,0.0001012997546
0.0007927,3.3,-5.492710297e-09,1.381714419,1.381714394,2.198934058,0.0001012994334
0.0007929,3.3,2.067327772e-08,1.381714411,1.381714396,2.198934042,0.0001012997546
0.0007931,3.3,-5.485173169e-09,1.381714419,1.381714394,2.198934058,0.0001012994334
0.0007933,3.3,2.066574215e-08,1.381714411,1.381714396,2.198934042,0.0001012997546
0.0007935,3.3,-5.477640648e-09,1.381714419,1.381714394,2.198934058,0.0001012994329
0.0007937,3.3,2.065821068e-08,1.381714411,1.381714396,2.198934042,0.0001012997541
0.0007939,3.3,-5.470111735e-09,1.381714419,1.381714394,2.198934058,0.0001012994329
0.0007941,3.3,2.065068284e-08,1.381714411,1.381714396,2.198934042,0.0001012997541
0.0007943,3.3,-5.462587454e-09,1.381714419,1.381714394,2.198934058,0.0001012994329
0.0007945,3.3,2.064315961e-08,1.381714411,1.381714396,2.198934042,0.0001012997541
0.0007947,3.3,-5.455066781e-09,1.381714419,1.381714394,2.198934058,0.0001012994329
0.0007949,3.3,2.063564049e-08,1.381714411,1.381714396,2.198934042,0.0001012997541
0.0007951,3.3,-5.447550714e-09,1.381714419,1.381714394,2.198934058,0.0001012994329
0.0007953,3.3,2.062812499e-08,1.381714411,1.381714396,2.198934042,0.0001012997546
0.0007955,3.3,-5.440038281e-09,1.381714419,1.381714394,2.198934058,0.0001012994334
0.0007957,3.3,2.062061411e-08,1.381714411,1.381714396,2.198934042,0.0001012997546
0.0007959,3.3,-5.432530454e-09,1.381714419,1.381714394,2.198934058,0.0001012994334
0.0007961,3.3,2.061310685e-08,1.381714411,1.381714396,2.198934042,0.0001012997546
0.0007963,3.3,-5.425027235e-09,1.381714419,1.381714394,2.198934058,0.0001012994329
0.0007965,3.3,2.060560367e-08,1.381714411,1.381714401,2.198934042,0.0001012997541
0.0007967,3.3,-5.417527136e-09,1.381714419,1.381714399,2.198934058,0.0001012994329
0.0007969,3.3,2.059810513e-08,1.381714411,1.381714401,2.198934042,0.0001012997541
0.0007971,3.3,-5.410031157e-09,1.381714419,1.381714399,2.198934058,0.0001012994329
0.0007973,3.3,2.059061072e-08,1.381714411,1.381714401,2.198934042,0.0001012997541
0.0007975,3.3,-5.402539785e-09,1.381714419,1.381714399,2.198934058,0.0001012994329
0.0007977,3.3,2.058312039e-08,1.381714411,1.381714401,2.198934042,0.0001012997541
0.0007979,3.3,-5.39505202e-09,1.381714419,1.381714399,2.198934058,0.0001012994329
0.0007981,3.3,2.057563419e-08,1.381714411,1.381714401,2.198934042,0.0001012997546
0.0007983,3.3,-5.387568862e-09,1.381714419,1.381714399,2.198934058,0.0001012994334
0.0007985,3.3,2.056815159e-08,1.381714411,1.381714401,2.198934042,0.0001012997546
0.0007987,3.3,-5.380089825e-09,1.381714419,1.381714399,2.198934058,0.0001012994334
0.0007989,3.3,2.056067311e-08,1.381714406,1.381714401,2.198934042,0.0001012997546
0.0007991,3.3,-5.372614907e-09,1.381714414,1.381714399,2.198934058,0.0001012994329
0.0007993,3.3,2.055319924e-08,1.381714406,1.381714401,2.198934042,0.0001012997541
0.0007995,3.3,-5.365143597e-09,1.381714414,1.381714399,2.198934058,0.0001012994329
0.0007997,3.3,2.054572949e-08,1.381714406,1.381714401,2.198934042,0.0001012997541
0.0007999,3.3,-5.357676893e-09,1.381714414,1.381714399,2.198934058,0.0001012994329
0.0008001,3.3,2.053826335e-08,1.381714406,1.381714401,2.198934042,0.0001012997541
0.0008003,3.3,-5.35021431e-09,1.381714414,1.381714399,2.198934058,0.0001012994329
0.0008005,3.3,2.053080181e-08,1.381714406,1.381714401,2.198934042,0.0001012997541
0.0008007,3.3,-5.342755334e-09,1.381714414,1.381714399,2.198934058,0.0001012994329
0.0008009,3.3,2.052334488e-08,1.381714406,1.381714401,2.198934042,0.0001012997541
0.0008011,3.3,-5.33530094e-09,1.381714414,1.381714399,2.198934058,0.0001012994329
0.0008013,3.3,2.051589056e-08,1.381714406,1.381714401,2.198934042,0.0001012997546
0.0008015,3.3,-5.327850691e-09,1.381714414,1.381714394,2.198934058,0.0001012994334
0.0008017,3.3,2.050844136e-08,1.381714406,1.381714396,2.198934042,0.0001012997546
0.0008019,3.3,-5.320404537e-09,1.381714418,1.381714394,2.198934058,0.0001012994334
0.0008021,3.3,2.050099625e-08,1.381714412,1.381714396,2.198934042,0.0001012997546
0.0008023,3.3,-5.312962476e-09,1.381714418,1.381714394,2.198934058,0.000101299433
0.0008025,3.3,2.049355524e-08,1.381714412,1.381714396,2.198934042,0.000101299754
0.0008027,3.3,-5.305524023e-09,1.381714418,1.381714394,2.198934058,0.000101299433
0.0008029,3.3,2.048611834e-08,1.381714412,1.381714396,2.198934042,0.000101299754
0.0008031,3.3,-5.298090177e-09,1.381714418,1.381714394,2.198934058,0.000101299433
0.0008033,3.3,2.047868506e-08,1.381714412,1.381714396,2.198934042,0.000101299754
0.0008035,3.3,-5.290660452e-09,1.381714418,1.381714394,2.198934058,0.000101299433
0.0008037,3.3,2.047125638e-08,1.381714412,1.381714396,2.198934042,0.000101299754
0.0008039,3.3,-5.283234821e-09,1.381714418,1.381714394,2.198934058,0.000101299433
0.0008041,3.3,2.04638318e-08,1.381714412,1.381714396,2.198934042,0.0001012997545
0.0008043,3.3,-5.275813284e-09,1.381714418,1.381714394,2.198934058,0.0001012994335
0.0008045,3.3,2.045641131e-08,1.381714412,1.381714396,2.198934042,0.0001012997545
0.0008047,3.3,-5.268395354e-09,1.381714418,1.381714394,2.198934058,0.0001012994335
0.0008049,3.3,2.044899494e-08,1.381714412,1.381714396,2.198934042,0.0001012997545
0.0008051,3.3,-5.260982032e-09,1.381714418,1.381714394,2.198934058,0.0001012994335
0.0008053,3.3,2.044158266e-08,1.381714412,1.381714396,2.198934042,0.0001012997545
0.0008055,3.3,-5.253572804e-09,1.381714418,1.381714394,2.198934058,0.000101299433
0.0008057,3.3,2.043417448e-08,1.381714412,1.381714396,2.198934042,0.000101299754
0.0008059,3.3,-5.24616767e-09,1.381714418,1.381714394,2.198934058,0.000101299433
0.0008061,3.3,2.042677039e-08,1.381714412,1.381714396,2.198934042,0.000101299754
0.0008063,3.3,-5.238766631e-09,1.381714418,1.381714394,2.198934058,0.000101299433
0.0008065,3.3,2.041936992e-08,1.381714412,1.381714396,2.198934042,0.000101299754
0.0008067,3.3,-5.231369711e-09,1.381714418,1.381714394,2.198934058,0.000101299433
0.0008069,3.3,2.041197453e-08,1.381714412,1.381714396,2.198934042,0.000101299754
0.0008071,3.3,-5.22397686e-09,1.381714418,1.381714394,2.198934058,0.000101299433
0.0008073,3.3,2.040458224e-08,1.381714412,1.381714396,2.198934042,0.000101299754
0.0008075,3.3,-5.21658813e-09,1.381714418,1.381714394,2.198934058,0.000101299433
0.0008077,3.3,2.039719504e-08,1.381714412,1.381714396,2.198934042,0.0001012997545
0.0008079,3.3,-5.209203468e-09,1.381714418,1.381714394,2.198934058,0.0001012994335
0.0008081,3.3,2.038981094e-08,1.381714412,1.381714396,2.198934042,0.0001012997545
0.0008083,3.3,-5.201822927e-09,1.381714418,1.381714394,2.198934058,0.0001012994335
0.0008085,3.3,2.038243193e-08,1.381714412,1.381714396,2.198934042,0.0001012997545
0.0008087,3.3,-5.194446454e-09,1.381714418,1.381714394,2.198934058,0.000101299433
0.0008089,3.3,2.037505651e-08,1.381714412,1.381714396,2.198934042,0.000101299754
0.0008091,3.3,-5.187074075e-09,1.381714418,1.381714394,2.198934058,0.000101299433
0.0008093,3.3,2.036768469e-08,1.381714412,1.381714396,2.198934042,0.000101299754
0.0008095,3.3,-5.179706304e-09,1.381714418,1.381714394,2.198934058,0.000101299433
0.0008097,3.3,2.036031794e-08,1.381714412,1.381714396,2.198934042,0.000101299754
0.0008099,3.3,-5.172342089e-09,1.381714418,1.381714394,2.198934058,0.000101299433
0.0008101,3.3,2.035295429e-08,1.381714412,1.381714396,2.198934042,0.000101299754
0.0008103,3.3,-5.164981994e-09,1.381714418,1.381714394,2.198934058,0.000101299433
0.0008105,3.3,2.034559572e-08,1.381714412,1.381714396,2.198934042,0.000101299754
0.0008107,3.3,-5.157625967e-09,1.381714418,1.381714394,2.198934058,0.000101299433
0.0008109,3.3,2.033824075e-08,1.381714412,1.381714396,2.198934042,0.0001012997545
0.0008111,3.3,-5.150274035e-09,1.381714418,1.381714394,2.198934058,0.0001012994335
0.0008113,3.3,2.033088986e-08,1.381714412,1.381714396,2.198934042,0.0001012997545
0.0008115,3.3,-5.142926684e-09,1.381714418,1.381714394,2.198934058,0.0001012994335
0.0008117,3.3,2.032354304e-08,1.381714412,1.381714396,2.198934042,0.0001012997545
0.0008119,3.3,-5.135582915e-09,1.381714418,1.381714394,2.198934058,0.0001012994335
0.0008121,3.3,2.031620081e-08,1.381714412,1.381714396,2.198934042,0.0001012997545
0.0008123,3.3,-5.128243215e-09,1.381714418,1.381714394,2.198934058,0.000101299433
0.0008125,3.3,2.030886216e-08,1.381714412,1.381714396,2.198934042,0.000101299754
0.0008127,3.3,-5.12090761e-09,1.381714418,1.381714394,2.198934058,0.000101299433
0.0008129,3.3,2.030152809e-08,1.381714412,1.381714396,2.198934042,0.000101299754
0.0008131,3.3,-5.113576073e-09,1.381714418,1.381714394,2.198934058,0.000101299433
0.0008133,3.3,2.029419711e-08,1.381714407,1.381714396,2.198934042,0.000101299754
0.0008135,3.3,-5.10624963e-09,1.381714413,1.381714394,2.198934058,0.000101299433
0.0008137,3.3,2.028687069e-08,1.381714407,1.381714396,2.198934042,0.000101299754
0.0008139,3.3,-5.098926257e-09,1.381714413,1.381714394,2.198934058,0.000101299433
0.0008141,3.3,2.027954885e-08,1.381714407,1.381714396,2.198934042,0.000101299754
0.0008143,3.3,-5.091606952e-09,1.381714413,1.381714394,2.198934058,0.000101299433
0.0008145,3.3,2.027223108e-08,1.381714407,1.381714396,2.198934042,0.0001012997544
0.0008147,3.3,-5.084291716e-09,1.381714413,1.381714394,2.198934058,0.0001012994336
0.0008149,3.3,2.026491689e-08,1.381714407,1.381714396,2.198934042,0.0001012997544
0.0008151,3.3,-5.076981062e-09,1.381714413,1.381714394,2.198934058,0.0001012994336
0.0008153,3.3,2.025760677e-08,1.381714407,1.381714396,2.198934042,0.0001012997544
0.0008155,3.3,-5.069673989e-09,1.381714413,1.381714394,2.198934058,0.0001012994336
0.0008157,3.3,2.025030123e-08,1.381714407,1.381714396,2.198934042,0.0001012997544
0.0008159,3.3,-5.062371472e-09,1.381714418,1.381714394,2.198934058,0.0001012994331
0.0008161,3.3,2.024299974e-08,1.381714412,1.381714396,2.198934042,0.0001012997539
0.0008163,3.3,-5.055072511e-09,1.381714418,1.381714394,2.198934058,0.0001012994331
0.0008165,3.3,2.023570182e-08,1.381714412,1.381714396,2.198934042,0.0001012997539
0.0008167,3.3,-5.047778132e-09,1.381714418,1.381714394,2.198934058,0.0001012994331
0.0008169,3.3,2.022840798e-08,1.381714412,1.381714396,2.198934042,0.0001012997539
0.0008171,3.3,-5.040487821e-09,1.381714418,1.381714394,2.198934058,0.0001012994331
0.0008173,3.3,2.02211182e-08,1.381714412,1.381714396,2.198934042,0.0001012997539
0.0008175,3.3,-5.03320158e-09,1.381714418,1.381714394,2.198934058,0.0001012994331
0.0008177,3.3,2.021383298e-08,1.381714412,1.381714396,2.198934042,0.0001012997539
0.0008179,3.3,-5.025918894e-09,1.381714418,1.381714394,2.198934058,0.0001012994331
0.0008181,3.3,2.020655183e-08,1.381714412,1.381714396,2.198934042,0.0001012997544
0.0008183,3.3,-5.018640765e-09,1.381714418,1.381714394,2.198934058,0.0001012994336
0.0008185,3.3,2.019927472e-08,1.381714412,1.381714396,2.198934042,0.0001012997544
0.0008187,3.3,-5.011366191e-09,1.381714418,1.381714394,2.198934058,0.0001012994336
0.0008189,3.3,2.01920012e-08,1.381714412,1.381714396,2.198934042,0.0001012997544
0.0008191,3.3,-5.004096687e-09,1.381714418,1.381714394,2.198934058,0.0001012994336
0.0008193,3.3,2.018473171e-08,1.381714412,1.381714401,2.198934042,0.0001012997544
0.0008195,3.3,-4.996830251e-09,1.381714418,1.381714399,2.198934058,0.0001012994331
0.0008197,3.3,2.01774673e-08,1.381714412,1.381714401,2.198934042,0.0001012997539
0.0008199,3.3,-4.989568345e-09,1.381714418,1.381714399,2.198934058,0.0001012994331
0.0008201,3.3,2.017020593e-08,1.381714412,1.381714401,2.198934042,0.0001012997539
0.0008203,3.3,-4.982310508e-09,1.381714418,1.381714399,2.198934058,0.0001012994331
0.0008205,3.3,2.016294911e-08,1.381714412,1.381714401,2.198934042,0.0001012997539
0.0008207,3.3,-4.975056715e-09,1.381714418,1.381714399,2.198934058,0.0001012994331
0.0008209,3.3,2.015569634e-08,1.381714412,1.381714401,2.198934042,0.0001012997539
0.0008211,3.3,-4.967806477e-09,1.381714418,1.381714399,2.198934058,0.0001012994331
0.0008213,3.3,2.014844764e-08,1.381714412,1.381714401,2.198934042,0.0001012997539
0.0008215,3.3,-4.960561283e-09,1.381714418,1.381714399,2.198934058,0.0001012994331
0.0008217,3.3,2.014120247e-08,1.381714412,1.381714401,2.198934042,0.0001012997544
0.0008219,3.3,-4.953319645e-09,1.381714418,1.381714399,2.198934058,0.0001012994336
0.0008221,3.3,2.013396185e-08,1.381714412,1.381714401,2.198934042,0.0001012997544
0.0008223,3.3,-4.94608205e-09,1.381714418,1.381714399,2.198934058,0.0001012994336
0.0008225,3.3,2.012672528e-08,1.381714412,1.381714401,2.198934042,0.0001012997544
0.0008227,3.3,-4.938848499e-09,1.381714418,1.381714399,2.198934058,0.0001012994336
0.0008229,3.3,2.011949275e-08,1.381714412,1.381714401,2.198934042,0.0001012997544
0.0008231,3.3,-4.93161899e-09,1.381714418,1.381714399,2.198934058,0.0001012994331
0.0008233,3.3,2.011226426e-08,1.381714412,1.381714401,2.198934042,0.0001012997539
0.0008235,3.3,-4.924393525e-09,1.381714418,1.381714399,2.198934058,0.0001012994331
0.0008237,3.3,2.010503981e-08,1.381714412,1.381714401,2.198934042,0.0001012997539
0.0008239,3.3,-4.917172103e-09,1.381714418,1.381714399,2.198934058,0.0001012994331
0.0008241,3.3,2.00978199e-08,1.381714412,1.381714401,2.198934042,0.0001012997539
0.0008243,3.3,-4.909954211e-09,1.381714418,1.381714399,2.198934058,0.0001012994331
0.0008245,3.3,2.009060354e-08,1.381714412,1.381714401,2.198934042,0.0001012997539
0.0008247,3.3,-4.902741362e-09,1.381714418,1.381714399,2.198934058,0.0001012994331
0.0008249,3.3,2.00833912e-08,1.381714412,1.381714401,2.198934042,0.0001012997539
0.0008251,3.3,-4.895532044e-09,1.381714418,1.381714399,2.198934058,0.0001012994331
0.0008253,3.3,2.007618291e-08,1.381714412,1.381714401,2.198934042,0.0001012997544
0.0008255,3.3,-4.888327257e-09,1.381714418,1.381714399,2.198934058,0.0001012994336
0.0008257,3.3,2.006897863e-08,1.381714412,1.381714401,2.198934042,0.0001012997544
0.0008259,3.3,-4.881126e-09,1.381714418,1.381714399,2.198934058,0.0001012994336
0.0008261,3.3,2.006177839e-08,1.381714412,1.381714401,2.198934042,0.0001012997544
0.0008263,3.3,-4.873928786e-09,1.381714418,1.381714399,2.198934058,0.0001012994336
0.0008265,3.3,2.00545822e-08,1.381714412,1.381714401,2.198934042,0.0001012997544
0.0008267,3.3,-4.866736102e-09,1.381714418,1.381714399,2.198934058,0.0001012994331
0.0008269,3.3,2.004739051e-08,1.381714412,1.381714401,2.198934042,0.0001012997539
0.0008271,3.3,-4.859546923e-09,1.381714418,1.381714399,2.198934058,0.0001012994331
0.0008273,3.3,2.004020236e-08,1.381714412,1.381714401,2.198934042,0.0001012997539
0.0008275,3.3,-4.852361788e-09,1.381714418,1.381714394,2.198934058,0.0001012994331
0.0008277,3.3,2.003301873e-08,1.381714412,1.381714396,2.198934042,0.0001012997539
0.0008279,3.3,-4.84518067e-09,1.381714418,1.381714394,2.198934058,0.0001012994331
0.0008281,3.3,2.002583863e-08,1.381714407,1.381714396,2.198934042,0.0001012997539
0.0008283,3.3,-4.838004083e-09,1.381714413,1.381714394,2.198934058,0.0001012994331
0.0008285,3.3,2.001866256e-08,1.381714407,1.381714396,2.198934042,0.0001012997539
0.0008287,3.3,-4.830831513e-09,1.381714413,1.381714394,2.198934058,0.0001012994331
0.0008289,3.3,2.001149098e-08,1.381714407,1.381714396,2.198934042,0.0001012997539
0.0008291,3.3,-4.823662448e-09,1.381714413,1.381714394,2.198934058,0.0001012994331
0.0008293,3.3,2.000432294e-08,1.381714407,1.381714396,2.198934042,0.0001012997543
0.0008295,3.3,-4.816497913e-09,1.381714413,1.381714394,2.198934058,0.0001012994337
0.0008297,3.3,1.999715891e-08,1.381714407,1.381714396,2.198934042,0.0001012997543
0.0008299,3.3,-4.809337396e-09,1.381714413,1.381714394,2.198934058,0.0001012994337
0.0008301,3.3,1.998999939e-08,1.381714407,1.381714396,2.198934042,0.0001012997543
0.0008303,3.3,-4.802180384e-09,1.381714413,1.381714394,2.198934058,0.0001012994337
0.0008305,3.3,1.998284389e-08,1.381714407,1.381714396,2.198934042,0.0001012997543
0.0008307,3.3,-4.795027877e-09,1.381714418,1.381714394,2.198934058,0.0001012994332
0.0008309,3.3,1.997569189e-08,1.381714412,1.381714396,2.198934042,0.0001012997538
0.0008311,3.3,-4.787879388e-09,1.381714418,1.381714394,2.198934058,0.0001012994332
0.0008313,3.3,1.996854391e-08,1.381714412,1.381714396,2.198934042,0.0001012997538
0.0008315,3.3,-4.780734916e-09,1.381714418,1.381714394,2.198934058,0.0001012994332
0.0008317,3.3,1.996140043e-08,1.381714412,1.381714396,2.198934042,0.0001012997538
0.0008319,3.3,-4.773593949e-09,1.381714418,1.381714394,2.198934058,0.0001012994332
0.0008321,3.3,1.995426146e-08,1.381714412,1.381714396,2.198934042,0.0001012997538
0.0008323,3.3,-4.766457461e-09,1.381714418,1.381714394,2.198934058,0.0001012994332
0.0008325,3.3,1.994712548e-08,1.381714412,1.381714396,2.198934042,0.0001012997538
0.0008327,3.3,-4.759324503e-09,1.381714418,1.381714394,2.198934058,0.0001012994332
0.0008329,3.3,1.993999403e-08,1.381714412,1.381714396,2.198934042,0.0001012997538
0.0008331,3.3,-4.752196538e-09,1.381714418,1.381714394,2.198934058,0.0001012994332
0.0008333,3.3,1.993286606e-08,1.381714412,1.381714396,2.198934042,0.0001012997543
0.0008335,3.3,-4.745072077e-09,1.381714418,1.381714394,2.198934058,0.0001012994337
0.0008337,3.3,1.99257426e-08,1.381714412,1.381714396,2.198934042,0.0001012997543
0.0008339,3.3,-4.737951608e-09,1.381714418,1.381714394,2.198934058,0.0001012994337
0.0008341,3.3,1.991862313e-08,1.381714412,1.381714396,2.198934042,0.0001012997543
0.0008343,3.3,1.561257894e-07,1.381714379,1.381714403,2.198933954,0.0001013015386
0.0008345,3.299999997,-4.710722281e-07,1.38171453,1.38171437,2.19893436,0.000101293329
0.0008347,0,3.300000042,1.381714433,1.818219023e-06,2.538862265,-2.452624972e-09
0.0008349,0,3.299999889,1.381714411,7.814000987e-07,2.595202745,7.786800302e-09
0.0008351,0,3.299999958,1.381714421,5.550677879e-07,2.627233867,2.533671926e-09
0.0008353,0,3.300000042,1.381714433,4.788996171e-07,2.650267441,-3.754744709e-09
0.0008355,0,3.299999926,1.381714417,2.916093094e-07,2.66809427,4.655096301e-09
0.0008357,0,3.300000044,1.381714433,3.352036571e-07,2.682594384,-4.054754344e-09
0.0008359,0,3.299999926,1.381714417,1.930553252e-07,2.694817799,4.561210254e-09
0.0008361,0,3.300000044,1.381714433,2.635027597e-07,2.705387976,-4.12286278e-09
0.0008363,0,3.299999926,1.381714417,1.386549179e-07,2.714699369,4.50940778e-09
0.0008365,0,3.300000044,1.381714433,2.206365078e-07,2.723022579,-4.163504981e-09
0.0008367,0,3.299999926,1.381714417,1.041757214e-07,2.730546663,4.476571398e-09
0.0008369,0,3.300000044,1.381714433,1.921136621e-07,2.737413625,-4.190497542e-09
0.0008371,0,3.299999926,1.381714417,8.037185601e-08,2.743727929,4.453890456e-09
0.0008373,0,3.300000044,1.381714433,1.717547123e-07,2.749573637,-4.209726617e-09
0.0008375,0,3.299999926,1.381714417,6.295300363e-08,2.755014171,4.437279794e-09
0.0008377,0,3.300000037,1.381714433,1.564854703e-07,2.760103694,-4.224118378e-09
0.0008379,0,3.299999923,1.381714417,4.965732967e-08,2.764883317,4.424587037e-09
0.0008381,0,3.300000037,1.381714433,1.446039081e-07,2.769390223,-4.235292095e-09
0.0008383,0,3.299999923,1.381714417,3.917902089e-08,2.773652344,4.414570153e-09
0.0008385,0,3.300000037,1.381714433,1.350911665e-07,2.777696501,-4.244216616e-09
0.0008387,0,3.299999923,1.381714417,3.07112524e-08,2.781542373,4.406462124e-09
0.0008389,0,3.300000037,1.381714433,1.273000404e-07,2.785210093,-4.251507265e-09
0.0008391,0,3.299999923,1.381714417,2.372844476e-08,2.788713861,4.399763481e-09
0.0008393,0,3.300000037,1.381714433,1.207993965e-07,2.792069319,-4.257573633e-09
0.0008395,0,3.299999931,1.381714417,1.787363163e-08,2.795286924,4.3941351e-09
0.0008397,0,3.300000039,1.381714433,1.152910393e-07,2.798379173,-4.262698985e-09
0.0008399,0,3.299999931,1.381714417,1.289579711e-08,2.801353866,4.389338602e-09
0.0008401,0,3.300000039,1.381714433,1.105621035e-07,2.804221235,-4.267085389e-09
0.0008403,0,3.299999931,1.381714417,8.613271306e-09,2.806987136,4.385201445e-09
0.0008405,0,3.300000039,1.381714433,1.064565624e-07,2.809660133,-4.27088103e-09
0.0008407,0,3.299999931,1.381714417,4.89132565e-09,2.812244651,4.38159576e-09
0.0008409,0,3.300000039,1.381714433,1.028574418e-07,2.814747984,-4.274196841e-09
0.0008411,0,3.299999931,1.381714417,1.627928463e-09,2.817173449,4.37842474e-09
0.0008413,0,3.300000039,1.381714433,9.967531656e-08,2.819527374,-4.277117701e-09
0.0008415,0,3.299999931,1.381714417,-1.255608606e-09,2.821812237,4.375613677e-09
0.0008417,0,3.300000039,1.381714433,9.684065193e-08,2.824033611,-4.279709583e-09
0.0008419,0,3.299999931,1.381714417,-3.820945314e-09,2.826193279,4.373104099e-09
0.0008421,0,3.300000039,1.381714433,9.429856335e-08,2.82829623,-4.282024499e-09
0.0008423,0,3.299999931,1.381714417,-6.117083384e-09,2.830343727,4.370849552e-09
0.0008425,0,3.300000039,1.381714433,9.200515089e-08,2.832340254,-4.284104099e-09
0.0008427,0,3.299999931,1.381714417,-8.18345708e-09,2.834286646,4.368812621e-09
0.0008429,0,3.300000039,1.381714433,8.992488132e-08,2.836187008,-4.285982045e-09
0.0008431,0,3.299999931,1.381714417,-1.005215886e-08,2.838041822,4.366962912e-09
0.0008433,0,3.300000039,1.381714433,8.8028686e-08,2.839854858,-4.287685908e-09
0.0008435,0,3.299999931,1.381714417,-1.174957315e-08,2.841626321,4.365275387e-09
0.0008437,0,3.300000039,1.381714433,8.62925544e-08,2.843359715,-4.289238396e-09
0.0008439,0,3.299999931,1.381714417,-1.329759013e-08,2.84505499,4.363729314e-09
0.0008441,0,3.300000039,1.381714433,8.469648074e-08,2.846715447,-4.290658505e-09
0.0008443,0,3.299999931,1.381714417,-1.471452415e-08,2.848340832,4.362307364e-09
0.0008445,0,3.300000039,1.381714433,8.322365935e-08,2.849934242,-4.29196214e-09
0.0008447,0,3.299999931,1.381714417,-1.601581643e-08,2.851495261,4.360994875e-09
0.0008449,0,3.300000039,1.381714433,8.185987251e-08,2.853026839,-4.293162778e-09
0.0008451,0,3.299999931,1.381714417,-1.72145752e-08,2.854528393,4.359779433e-09
0.0008453,0,3.300000039,1.381714433,8.059301001e-08,2.856002757,-4.294271872e-09
0.0008455,0,3.299999931,1.381714417,-1.83220017e-08,2.857449218,4.358650438e-09
0.0008457,0,3.300000039,1.381714433,7.941269265e-08,2.858870484,-4.295299223e-09
0.0008459,0,3.299999931,1.381714417,-1.934772374e-08,2.860265755,4.357598792e-09
0.0008461,0,3.300000039,1.381714433,7.830997162e-08,2.861637619,-4.29625336e-09
0.0008463,0,3.299999931,1.381714417,-2.030006404e-08,2.862985193,4.356616586e-09
0.0008465,0,3.300000039,1.381714433,7.727709406e-08,2.86431098,-4.297141558e-09
0.0008467,0,3.299999931,1.381714417,-2.118625242e-08,2.865614007,4.355697003e-09
0.0008469,0,3.300000039,1.381714433,7.63073052e-08,2.866896717,-4.297970273e-09
0.0008471,0,3.299999931,1.381714417,-2.20126011e-08,2.868158057,4.354834005e-09
0.0008473,0,3.300000039,1.381714433,7.539469803e-08,2.869400395,-4.298745039e-09
0.0008475,0,3.299999931,1.381714417,-2.278464424e-08,2.870622623,4.354022432e-09
0.0008477,0,3.300000039,1.381714433,7.453407836e-08,2.871827053,-4.299470796e-09
0.0008479,0,3.299999931,1.381714417,-2.350725585e-08,2.873012524,4.35325765e-09
0.0008481,0,3.300000039,1.381714433,7.372086587e-08,2.874181298,-4.30015187e-09
0.0008483,0,3.299999931,1.381714417,-2.4184744e-08,2.875332163,4.352535587e-09
0.0008485,0,3.300000039,1.381714433,7.295100241e-08,2.876467332,-4.300792092e-09
0.0008487,0,3.299999931,1.381714417,-2.482093107e-08,2.877585543,4.351852595e-09
0.0008489,0,3.300000039,1.381714433,7.222088205e-08,2.878688983,-4.301394893e-09
0.0008491,0,3.299999931,1.381714417,-2.541922079e-08,2.879776353,4.351205475e-09
0.0008493,0,3.300000039,1.381714433,7.152728799e-08,2.880849792,-4.301963305e-09
0.0008495,0,3.299999931,1.381714417,-2.598265349e-08,2.881907977,4.350591345e-09
0.0008497,0,3.300000039,1.381714433,7.086734262e-08,2.882953001,-4.30250003e-09
0.0008499,0,3.299999931,1.381714417,-2.651395309e-08,2.883983515,4.350007646e-09
0.0008501,0,3.300000039,1.381714433,7.023846225e-08,2.885001601,-4.303007541e-09
0.0008503,0,3.299999931,1.381714417,-2.701556857e-08,2.88600586,4.349452036e-09
0.0008505,0,3.300000039,1.381714433,6.963832321e-08,2.886998353,-4.303488018e-09
0.0008507,0,3.299999931,1.381714417,-2.748970618e-08,2.887977662,4.348922444e-09
0.0008509,0,3.300000039,1.381714433,6.906482905e-08,2.888945815,-4.30394343e-09
0.0008511,0,3.299999931,1.381714417,-2.793835913e-08,2.889901385,4.348416993e-09
0.0008513,0,3.300000039,1.381714433,6.851608001e-08,2.890846374,-4.304375568e-09
0.0008515,0,3.299999931,1.381714417,-2.836333397e-08,2.891779318,4.347933997e-09
0.0008517,0,3.300000039,1.381714433,6.799035659e-08,2.89270222,-4.304786091e-09
0.0008519,0,3.299999931,1.381714417,-2.876627047e-08,2.893613602,4.347471836e-09
0.0008521,0,3.300000031,1.381714433,6.748609301e-08,2.89451543,-4.305176469e-09
0.0008523,0,3.299999929,1.381714417,-2.91486606e-08,2.89540621,4.34702915e-09
0.0008525,0,3.300000031,1.381714433,6.700186496e-08,2.896287898,-4.305548034e-09
0.0008527,0,3.299999929,1.381714417,-2.951186549e-08,2.89715899,4.346604633e-09
0.0008529,0,3.300000031,1.381714433,6.653637074e-08,2.898021425,-4.305902023e-09
0.0008531,0,3.299999929,1.381714417,-2.985712944e-08,2.898873686,4.346197143e-09
0.0008533,0,3.300000031,1.381714433,6.60884183e-08,2.899717694,-4.306239564e-09
0.0008535,0,3.299999929,1.381714417,-3.018559172e-08,2.900551912,4.345805535e-09
0.0008537,0,3.300000031,1.381714433,6.56569173e-08,2.901378258,-4.306561666e-09
0.0008539,0,3.299999937,1.381714417,-3.049829708e-08,2.902195186,4.34542894e-09
0.0008541,0,3.300000033,1.381714433,6.524086561e-08,2.903004596,-4.306869279e-09
0.0008543,0,3.299999937,1.381714417,-3.079620626e-08,2.90380493,4.345066308e-09
0.0008545,0,3.300000033,1.381714433,6.483934104e-08,2.904598086,-4.307163315e-09
0.0008547,0,3.299999937,1.381714417,-3.108020382e-08,2.905382491,4.344716902e-09
0.0008549,0,3.300000033,1.381714433,6.445149257e-08,2.906160037,-4.307444539e-09
0.0008551,0,3.299999937,1.381714417,-3.13511062e-08,2.906929137,4.344379942e-09
0.0008553,0,3.300000033,1.381714433,6.407653706e-08,2.907691671,-4.307713658e-09
0.0008555,0,3.299999937,1.381714417,-3.160966613e-08,2.908446048,4.344054667e-09
0.0008557,0,3.300000033,1.381714433,6.371374883e-08,2.909194141,-4.307971439e-09
0.0008559,0,3.299999937,1.381714417,-3.185658139e-08,2.909934349,4.343740435e-09
0.0008561,0,3.300000033,1.381714433,6.336245701e-08,2.910668535,-4.308218466e-09
0.0008563,0,3.299999937,1.381714417,-3.209249758e-08,2.911395098,4.343436689e-09
0.0008565,0,3.300000033,1.381714433,6.302203802e-08,2.912115882,-4.30845533e-09
0.0008567,0,3.299999937,1.381714417,-3.231801466e-08,2.91282929,4.343142791e-09
0.0008569,0,3.300000033,1.381714433,6.269191405e-08,2.913537162,-4.308682578e-09
0.0008571,0,3.299999937,1.381714417,-3.253368944e-08,2.914237882,4.342858267e-09
0.0008573,0,3.300000033,1.381714433,6.237154754e-08,2.914933294,-4.308900725e-09
0.0008575,0,3.299999937,1.381714417,-3.274004025e-08,2.915621777,4.342582595e-09
0.0008577,0,3.300000033,1.381714433,6.206043785e-08,2.916305156,-4.309110237e-09
0.0008579,0,3.299999937,1.381714417,-3.29375498e-08,2.916981812,4.342315326e-09
0.0008581,0,3.300000033,1.381714433,6.175811864e-08,2.917653576,-4.309311547e-09
0.0008583,0,3.299999937,1.381714417,-3.312666816e-08,2.918318811,4.342056051e-09
0.0008585,0,3.300000033,1.381714433,6.146415444e-08,2.918979343,-4.309505088e-09
0.0008587,0,3.299999937,1.381714417,-3.330781636e-08,2.91963353,4.341804356e-09
0.0008589,0,3.300000033,1.381714433,6.117813832e-08,2.920283201,-4.309691214e-09
0.0008591,0,3.299999937,1.381714417,-3.348138703e-08,2.920926708,4.341559884e-09
0.0008593,0,3.300000033,1.381714433,6.089968938e-08,2.921565865,-4.309870317e-09
0.0008595,0,3.299999937,1.381714417,-3.364774842e-08,2.922199033,4.341322251e-09
0.0008597,0,3.300000033,1.381714433,6.06284514e-08,2.922828015,-4.310042705e-09
0.0008599,0,3.299999937,1.381714417,-3.38072453e-08,2.92345116,4.341091191e-09
0.0008601,0,3.300000033,1.381714433,6.036409029e-08,2.924070293,-4.310208687e-09
0.0008603,0,3.299999937,1.381714417,-3.396020077e-08,2.924683738,4.340866352e-09
0.0008605,0,3.300000033,1.381714433,6.010629225e-08,2.925293318,-4.310368591e-09
0.0008607,0,3.299999937,1.381714417,-3.410691883e-08,2.925897361,4.340647493e-09
0.0008609,0,3.300000033,1.381714433,5.985476244e-08,2.926497673,-4.310522683e-09
0.0008611,0,3.299999937,1.381714417,-3.424768471e-08,2.927092601,4.34043427e-09
0.0008613,0,3.300000033,1.381714433,5.960922411e-08,2.927683927,-4.31067123e-09
0.0008615,0,3.299999937,1.381714417,-3.438276698e-08,2.928270005,4.340226499e-09
0.0008617,0,3.300000033,1.381714433,5.936941648e-08,2.928852612,-4.310814426e-09
0.0008619,0,3.299999937,1.381714417,-3.451241777e-08,2.929430094,4.34002391e-09
0.0008621,0,3.300000033,1.381714433,5.913509405e-08,2.930004241,-4.310952567e-09
0.0008623,0,3.299999937,1.381714417,-3.463687603e-08,2.930573387,4.339826311e-09
0.0008625,0,3.300000033,1.381714433,5.890602497e-08,2.93113931,-4.311085838e-09
0.0008627,0,3.299999937,1.381714417,-3.475636574e-08,2.931700342,4.33963345e-09
0.0008629,0,3.300000033,1.381714433,5.868199079e-08,2.932258277,-4.311214462e-09
0.0008631,0,3.299999937,1.381714417,-3.487109965e-08,2.932811435,4.339445133e-09
0.0008633,0,3.300000033,1.381714433,5.84627851e-08,2.933361606,-4.311338637e-09
0.0008635,0,3.299999937,1.381714417,-3.498127754e-08,2.933907103,4.339261207e-09
0.0008637,0,3.300000033,1.381714433,5.824821265e-08,2.934449712,-4.311458494e-09
0.0008639,0,3.299999937,1.381714417,-3.508708917e-08,2.934987763,4.339081433e-09
0.0008641,0,3.300000033,1.381714433,5.803808933e-08,2.93552303,-4.311574295e-09
0.0008643,0,3.299999937,1.381714417,-3.518871377e-08,2.936053823,4.33890569e-09
0.0008645,0,3.300000033,1.381714433,5.783224e-08,2.936581937,-4.311686122e-09
0.0008647,0,3.299999937,1.381714417,-3.528632095e-08,2.937105678,4.338733798e-09
0.0008649,0,3.300000033,1.381714433,5.763049948e-08,2.937626825,-4.311794176e-09
0.0008651,0,3.299999937,1.381714417,-3.538007185e-08,2.938143695,4.338565627e-09
0.0008653,0,3.300000033,1.381714433,5.743271045e-08,2.938658062,-4.311898629e-09
0.0008655,0,3.299999937,1.381714417,-3.547011861e-08,2.939168234,4.338400994e-09
0.0008657,0,3.300000033,1.381714433,5.723872444e-08,2.939675991,-4.311999544e-09
0.0008659,0,3.299999937,1.381714417,-3.555660652e-08,2.940179644,4.338239792e-09
0.0008661,0,3.300000033,1.381714433,5.704839982e-08,2.940680964,-4.312097091e-09
0.0008663,0,3.299999937,1.381714417,-3.563967301e-08,2.941178252,4.338081903e-09
0.0008665,0,3.300000033,1.381714433,5.686160229e-08,2.941673292,-4.312191424e-09
0.0008667,0,3.299999937,1.381714417,-3.571944825e-08,2.942164383,4.337927164e-09
0.0008669,0,3.300000033,1.381714433,5.667820445e-08,2.942653298,-4.312282656e-09
0.0008671,0,3.299999937,1.381714417,-3.579605704e-08,2.943138349,4.337775477e-09
0.0008673,0,3.300000033,1.381714433,5.649808468e-08,2.943621291,-4.312370856e-09
0.0008675,0,3.299999937,1.381714417,-3.586961721e-08,2.944100436,4.337626733e-09
0.0008677,0,3.300000033,1.381714433,5.632112755e-08,2.944577544,-4.312456175e-09
0.0008679,0,3.299999937,1.381714417,-3.59402415e-08,2.945050932,4.337480828e-09
0.0008681,0,3.300000025,1.381714433,5.614722283e-08,2.945522354,-4.312538726e-09
0.0008683,0,3.299999935,1.381714417,-3.600803694e-08,2.945990119,4.337337681e-09
0.0008685,0,3.300000025,1.381714433,5.597626556e-08,2.946455986,-4.312618557e-09
0.0008687,0,3.299999935,1.381714417,-3.607310595e-08,2.946918258,4.337197134e-09
0.0008689,0,3.300000025,1.381714433,5.580815598e-08,2.947378699,-4.31269581e-09
0.0008691,0,3.299999935,1.381714417,-3.613554583e-08,2.947835609,4.337059191e-09
0.0008693,0,3.300000025,1.381714433,5.564279853e-08,2.948290747,-4.312770523e-09
0.0008695,0,3.299999935,1.381714417,-3.619544938e-08,2.948742421,4.336923666e-09
0.0008697,0,3.300000025,1.381714433,5.548010221e-08,2.949192379,-4.312842847e-09
0.0008699,0,3.299999935,1.381714417,-3.625290548e-08,2.94963893,4.336790484e-09
0.0008701,0,3.300000025,1.381714433,5.531997973e-08,2.950083824,-4.31291284e-09
0.0008703,0,3.299999943,1.381714417,-3.630799933e-08,2.950525364,4.336659655e-09
0.0008705,0,3.300000027,1.381714433,5.516234833e-08,2.950965306,-4.312980529e-09
0.0008707,0,3.299999943,1.381714417,-3.636081141e-08,2.951401953,4.336531038e-09
0.0008709,0,3.300000027,1.381714433,5.500712825e-08,2.951837062,-4.313046074e-09
0.0008711,0,3.299999943,1.381714417,-3.641141978e-08,2.95226892,4.336404559e-09
0.0008713,0,3.300000027,1.381714433,5.485424354e-08,2.952699288,-4.313109471e-09
0.0008715,0,3.299999943,1.381714417,-3.645989805e-08,2.953126456,4.336280144e-09
0.0008717,0,3.300000027,1.381714433,5.470362157e-08,2.95355219,-4.31317086e-09
0.0008719,0,3.299999943,1.381714417,-3.650631732e-08,2.953974777,4.336157744e-09
0.0008721,0,3.300000027,1.381714433,5.455519241e-08,2.954395973,-4.313230244e-09
0.0008723,0,3.299999943,1.381714417,-3.65507458e-08,2.954814077,4.33603729e-09
0.0008725,0,3.300000027,1.381714433,5.440888945e-08,2.955230834,-4.313287691e-09
0.0008727,0,3.299999943,1.381714417,-3.659324831e-08,2.955644547,4.335918737e-09
0.0008729,0,3.300000027,1.381714433,5.426464868e-08,2.956056956,-4.313343318e-09
0.0008731,0,3.299999943,1.381714417,-3.66338874e-08,2.956466368,4.335801991e-09
0.0008733,0,3.300000027,1.381714433,5.412240906e-08,2.956874526,-4.313397111e-09
0.0008735,0,3.299999943,1.381714417,-3.667272292e-08,2.957279721,4.335686999e-09
0.0008737,0,3.300000027,1.381714433,5.398211124e-08,2.957683701,-4.31344919e-09
0.0008739,0,3.299999943,1.381714417,-3.670981238e-08,2.958084765,4.335573741e-09
0.0008741,0,3.300000027,1.381714433,5.384369907e-08,2.958484664,-4.313499545e-09
0.0008743,0,3.299999943,1.381714417,-3.674521048e-08,2.958881689,4.335462163e-09
0.0008745,0,3.300000027,1.381714433,5.37071184e-08,2.959277589,-4.313548277e-09
0.0008747,0,3.299999943,1.381714417,-3.677897032e-08,2.959670649,4.335352204e-09
0.0008749,0,3.300000027,1.381714433,5.35723172e-08,2.96006262,-4.313595405e-09
0.0008751,0,3.299999943,1.381714417,-3.681114284e-08,2.96045179,4.335243766e-09
0.0008753,0,3.300000027,1.381714433,5.343924501e-08,2.960839913,-4.313641001e-09
0.0008755,0,3.299999943,1.381714417,-3.684177702e-08,2.961225283,4.335136876e-09
0.0008757,0,3.300000027,1.381714433,5.33078544e-08,2.961609639,-4.313685078e-09
0.0008759,0,3.299999943,1.381714417,-3.68709191e-08,2.961991264,4.335031441e-09
0.0008761,0,3.300000027,1.381714433,5.317809859e-08,2.962371919,-4.313727724e-09
0.0008763,0,3.299999943,1.381714417,-3.689861476e-08,2.962749886,4.334927436e-09
0.0008765,0,3.300000027,1.381714433,5.304993346e-08,2.963126907,-4.313768923e-09
0.0008767,0,3.299999943,1.381714417,-3.692490732e-08,2.963501275,4.33482485e-09
0.0008769,0,3.300000027,1.381714433,5.292331611e-08,2.963874745,-4.31380876e-09
0.0008771,0,3.299999943,1.381714417,-3.69498384e-08,2.964245588,4.334723598e-09
0.0008773,0,3.300000027,1.381714433,5.279820518e-08,2.964615562,-4.313847274e-09
0.0008775,0,3.299999943,1.381714417,-3.69734484e-08,2.964982947,4.33462365e-09
0.0008777,0,3.300000027,1.381714433,5.267456118e-08,2.965349486,-4.313884458e-09
0.0008779,0,3.299999943,1.381714417,-3.699577582e-08,2.965713472,4.334525011e-09
0.0008781,0,3.300000027,1.381714433,5.255234574e-08,2.966076645,-4.313920388e-09
0.0008783,0,3.299999943,1.381714417,-3.701685821e-08,2.966437303,4.334427573e-09
0.0008785,0,3.300000027,1.381714433,5.243152234e-08,2.966797171,-4.313955112e-09
0.0008787,0,3.299999943,1.381714417,-3.70367314e-08,2.967154552,4.334331369e-09
0.0008789,0,3.300000027,1.381714433,5.231205497e-08,2.967511174,-4.313988597e-09
0.0008791,0,3.299999943,1.381714417,-3.705543023e-08,2.967865339,4.334236349e-09
0.0008793,0,3.300000027,1.381714433,5.219390967e-08,2.968218782,-4.314020942e-09
0.0008795,0,3.299999943,1.381714417,-3.707298771e-08,2.968569784,4.334142468e-09
0.0008797,0,3.300000027,1.381714433,5.20770535e-08,2.968920091,-4.314052164e-09
0.0008799,0,3.299999943,1.381714417,-3.708943631e-08,2.969267995,4.334049683e-09
0.0008801,0,3.300000027,1.381714433,5.196145438e-08,2.969615235,-4.31408228e-09
0.0008803,0,3.299999943,1.381714417,-3.710480732e-08,2.969960086,4.333957992e-09
0.0008805,0,3.300000027,1.381714433,5.18470816e-08,2.9703043,-4.314111298e-09
0.0008807,0,3.299999943,1.381714417,-3.711913063e-08,2.970646163,4.333867339e-09
0.0008809,0,3.300000027,1.381714433,5.173390532e-08,2.970987404,-4.31413928e-09
0.0008811,0,3.299999943,1.381714417,-3.713243512e-08,2.971326321,4.333777757e-09
0.0008813,0,3.300000027,1.381714433,5.1621897e-08,2.971664645,-4.314166253e-09
0.0008815,0,3.299999943,1.381714417,-3.714474907e-08,2.972000668,4.333689149e-09
0.0008817,0,3.300000027,1.381714433,5.151102884e-08,2.972336126,-4.314192216e-09
0.0008819,0,3.299999943,1.381714417,-3.715609914e-08,2.972669304,4.33360153e-09
0.0008821,0,3.300000027,1.381714433,5.140127412e-08,2.973001938,-4.314217224e-09
0.0008823,0,3.299999943,1.381714417,-3.716651191e-08,2.973332319,4.333514845e-09
0.0008825,0,3.300000027,1.381714433,5.129260659e-08,2.973662179,-4.314241269e-09
0.0008827,0,3.299999943,1.381714417,-3.717601241e-08,2.973989814,4.333429107e-09
0.0008829,0,3.300000027,1.381714433,5.118500162e-08,2.974316949,-4.314264422e-09
0.0008831,0,3.299999943,1.381714417,-3.718462514e-08,2.974641871,4.333344273e-09
0.0008833,0,3.300000027,1.381714433,5.107843478e-08,2.97496632,-4.314286649e-09
0.0008835,0,3.299999943,1.381714417,-3.71923735e-08,2.975288586,4.33326029e-09
0.0008837,0,3.300000027,1.381714433,5.097288259e-08,2.975610401,-4.314308015e-09
0.0008839,0,3.299999943,1.381714417,-3.719928078e-08,2.975930045,4.333177208e-09
0.0008841,0,3.300000027,1.381714433,5.086832231e-08,2.976249263,-4.314328518e-09
0.0008843,0,3.299999943,1.381714417,-3.720536886e-08,2.976566332,4.333094945e-09
0.0008845,0,3.300000027,1.381714433,5.076473218e-08,2.976882996,-4.314348195e-09
0.0008847,0,3.299999943,1.381714417,-3.721065924e-08,2.977197531,4.333013504e-09
0.0008849,0,3.300000027,1.381714433,5.066209054e-08,2.977511681,-4.31436706e-09
0.0008851,0,3.299999943,1.381714417,-3.721517244e-08,2.977823729,4.332932873e-09
0.0008853,0,3.300000027,1.381714433,5.056037713e-08,2.978135399,-4.314385115e-09
0.0008855,0,3.299999943,1.381714417,-3.721892891e-08,2.978444983,4.332853021e-09
0.0008857,0,3.300000027,1.381714433,5.045957168e-08,2.978754224,-4.314402392e-09
0.0008859,0,3.299999943,1.381714417,-3.7221948e-08,2.979061396,4.332773941e-09
0.0008861,0,3.300000027,1.381714433,5.035965509e-08,2.979368234,-4.314418923e-09
0.0008863,0,3.299999943,1.381714417,-3.722424825e-08,2.97967303,4.33269557e-09
0.0008865,0,3.30000002,1.381714433,5.026060848e-08,2.979977506,-4.314434714e-09
0.0008867,0,3.29999994,1.381714417,-3.722584829e-08,2.980279958,4.33261798e-09
0.0008869,0,3.30000002,1.381714433,5.01624136e-08,2.98058211,-4.314449747e-09
0.0008871,0,3.29999994,1.381714417,-3.722676582e-08,2.980882249,4.332541054e-09
0.0008873,0,3.30000002,1.381714433,5.006505261e-08,2.981182114,-4.314464124e-09
0.0008875,0,3.29999994,1.381714417,-3.722701775e-08,2.981479981,4.332464843e-09
0.0008877,0,3.30000002,1.381714433,4.996850907e-08,2.981777592,-4.314477771e-09
0.0008879,0,3.29999994,1.381714417,-3.722662101e-08,2.982073225,4.33238933e-09
0.0008881,0,3.30000002,1.381714433,4.987276563e-08,2.982368614,-4.314490744e-09
0.0008883,0,3.29999994,1.381714417,-3.72255916e-08,2.982662043,4.332314433e-09
0.0008885,0,3.30000002,1.381714426,4.977780648e-08,2.982955239,-4.314503085e-09
0.0008887,0,3.29999994,1.381714414,-3.722394533e-08,2.983246493,4.332240223e-09
0.0008889,0,3.30000002,1.381714426,4.968361603e-08,2.983537536,-4.314514758e-09
0.0008891,0,3.299999948,1.381714414,-3.722169733e-08,2.983826648,4.332166633e-09
0.0008893,0,3.300000022,1.381714426,4.959017882e-08,2.984115566,-4.314525766e-09
0.0008895,0,3.299999948,1.381714414,-3.721886216e-08,2.984402573,4.332093684e-09
0.0008897,0,3.300000022,1.381714426,4.94974804e-08,2.984689399,-4.314536199e-09
0.0008899,0,3.299999948,1.381714414,-3.721545472e-08,2.984974325,4.332021319e-09
0.0008901,0,3.300000022,1.381714426,4.940550624e-08,2.985259086,-4.314546018e-09
0.0008903,0,3.299999948,1.381714414,-3.721148847e-08,2.985541959,4.331949558e-09
0.0008905,0,3.300000022,1.381714426,4.931424266e-08,2.985824686,-4.314555237e-09
0.0008907,0,3.299999948,1.381714414,-3.720697698e-08,2.986105545,4.331878382e-09
0.0008909,0,3.300000022,1.381714426,4.922367577e-08,2.98638627,-4.314563885e-09
0.0008911,0,3.299999948,1.381714414,-3.720193346e-08,2.986665137,4.331807767e-09
0.0008913,0,3.300000022,1.381714426,4.913379257e-08,2.98694388,-4.314571956e-09
0.0008915,0,3.299999948,1.381714414,-3.719637083e-08,2.987220782,4.331737709e-09
0.0008917,0,3.300000022,1.381714426,4.90445804e-08,2.987497581,-4.31457947e-09
0.0008919,0,3.299999948,1.381714414,-3.719030131e-08,2.987772543,4.331668212e-09
0.0008921,0,3.300000022,1.381714426,4.895602661e-08,2.988047417,-4.314586455e-09
0.0008923,0,3.299999948,1.381714414,-3.718373706e-08,2.988320475,4.331599226e-09
0.0008925,0,3.300000022,1.381714426,4.886811913e-08,2.988593457,-4.314592898e-09
0.0008927,0,3.299999948,1.381714414,-3.717668972e-08,2.988864633,4.331530767e-09
0.0008929,0,3.300000022,1.381714426,4.878084621e-08,2.989135743,-4.314598814e-09
0.0008931,0,3.299999948,1.381714414,-3.716917085e-08,2.989405065,4.33146283e-09
0.0008933,0,3.300000022,1.381714426,4.869419643e-08,2.989674324,-4.314604225e-09
0.0008935,0,3.299999948,1.381714414,-3.716119138e-08,2.989941812,4.331395393e-09
0.0008937,0,3.300000022,1.381714426,4.860815869e-08,2.990209257,-4.314609121e-09
0.0008939,0,3.299999948,1.381714414,-3.715276213e-08,2.990474942,4.331328429e-09
0.0008941,0,3.300000022,1.381714426,4.852272212e-08,2.990740588,-4.314613549e-09
0.0008943,0,3.299999948,1.381714414,-3.714389382e-08,2.991004488,4.331261989e-09
0.0008945,0,3.300000022,1.381714426,4.84378761e-08,2.99126837,-4.314617469e-09
0.0008947,0,3.299999948,1.381714414,-3.713459637e-08,2.99153051,4.331195988e-09
0.0008949,0,3.300000022,1.381714426,4.835361031e-08,2.991792639,-4.314620944e-09
0.0008951,0,3.299999948,1.381714414,-3.712487979e-08,2.992053046,4.331130444e-09
0.0008953,0,3.300000022,1.381714426,4.826991493e-08,2.992313452,-4.314623937e-09
0.0008955,0,3.299999948,1.381714414,-3.71147539e-08,2.992572139,4.331065382e-09
0.0008957,0,3.300000022,1.381714426,4.818677976e-08,2.992830849,-4.314626472e-09
0.0008959,0,3.299999948,1.381714414,-3.710422812e-08,2.993087853,4.331000739e-09
0.0008961,0,3.300000022,1.381714426,4.8104196e-08,2.993344876,-4.314628575e-09
0.0008963,0,3.299999948,1.381714414,-3.709331139e-08,2.993600206,4.330936535e-09
0.0008965,0,3.300000022,1.381714426,4.802215362e-08,2.993855574,-4.314630245e-09
0.0008967,0,3.299999948,1.381714414,-3.708201316e-08,2.994109261,4.330872747e-09
0.0008969,0,3.300000022,1.381714426,4.794064405e-08,2.994362997,-4.314631481e-09
0.0008971,0,3.299999948,1.381714414,-3.707034166e-08,2.994615055,4.33080939e-09
0.0008973,0,3.300000022,1.381714426,4.78596584e-08,2.994867169,-4.314632304e-09
0.0008975,0,3.299999948,1.381714414,-3.705830544e-08,2.995117622,4.330746459e-09
0.0008977,0,3.300000022,1.381714426,4.777918825e-08,2.995368144,-4.314632712e-09
0.0008979,0,3.299999948,1.381714414,-3.704591284e-08,2.995617015,4.330683915e-09
0.0008981,0,3.300000022,1.381714426,4.769922492e-08,2.995865964,-4.314632716e-09
0.0008983,0,3.299999948,1.381714414,-3.703317194e-08,2.996113266,4.330621772e-09
0.0008985,0,3.300000022,1.381714426,4.761976044e-08,2.996360653,-4.314632305e-09
0.0008987,0,3.299999948,1.381714414,-3.702009074e-08,2.99660641,4.330560026e-09
0.0008989,0,3.300000022,1.381714426,4.754078686e-08,2.996852265,-4.314631527e-09
0.0008991,0,3.299999948,1.381714414,-3.700667667e-08,2.997096499,4.330498633e-09
0.0008993,0,3.300000022,1.381714426,4.74622962e-08,2.997340835,-4.314630353e-09
0.0008995,0,3.299999948,1.381714414,-3.699293739e-08,2.997583557,4.330437633e-09
0.0008997,0,3.300000022,1.381714426,4.738428111e-08,2.997826398,-4.314628819e-09
0.0008999,0,3.299999948,1.381714414,-3.697888004e-08,2.99806763,4.330376976e-09
0.0009001,0,3.300000022,1.381714426,4.730673402e-08,2.998308989,-4.31462693e-09
0.0009003,0,3.299999948,1.381714414,-3.696451177e-08,2.998548757,4.330316695e-09
0.0009005,0,3.300000022,1.381714426,4.722964801e-08,2.998788656,-4.314624653e-09
0.0009007,0,3.299999948,1.381714422,-3.694983941e-08,2.999026964,4.330256788e-09
0.0009009,0,3.300000022,1.381714428,4.715301565e-08,2.999265418,-4.314622038e-09
0.0009011,0,3.299999948,1.381714422,-3.693487015e-08,2.999502294,4.330197195e-09
0.0009013,0,3.300000022,1.381714428,4.707683023e-08,2.999739318,-4.314619065e-09
0.0009015,0,3.299999948,1.381714422,-3.691961006e-08,2.999974772,4.330137957e-09
0.0009017,0,3.300000022,1.381714428,4.700108515e-08,3.000210384,-4.314615735e-09
0.0009019,0,3.299999948,1.381714422,-3.690406577e-08,3.000444444,4.330079055e-09
0.0009021,0,3.300000022,1.381714428,4.692577373e-08,3.000678666,-4.314612106e-09
0.0009023,0,3.299999948,1.381714422,-3.688824367e-08,3.000911335,4.330020466e-09
0.0009025,0,3.300000022,1.381714428,4.685088959e-08,3.001144175,-4.314608134e-09
0.0009027,0,3.299999948,1.381714422,-3.687214978e-08,3.001375472,4.329962204e-09
0.0009029,0,3.300000022,1.381714428,4.677642652e-08,3.001606958,-4.314603818e-09
0.0009031,0,3.299999948,1.381714422,-3.685579e-08,3.001836905,4.329904269e-09
0.0009033,0,3.300000022,1.381714428,4.670237832e-08,3.002067049,-4.314599205e-09
0.0009035,0,3.299999948,1.381714422,-3.683917039e-08,3.002295656,4.329846647e-09
0.0009037,0,3.300000022,1.381714428,4.662873885e-08,3.002524467,-4.314594273e-09
0.0009039,0,3.299999948,1.381714422,-3.682229653e-08,3.002751752,4.329789306e-09
0.0009041,0,3.300000022,1.381714428,4.655550262e-08,3.002979244,-4.314589023e-09
0.0009043,0,3.299999948,1.381714422,-3.680517408e-08,3.003205224,4.329732303e-09
0.0009045,0,3.300000022,1.381714428,4.648266362e-08,3.003431424,-4.314583473e-09
0.0009047,0,3.299999948,1.381714422,-3.67878085e-08,3.003656114,4.329675574e-09
0.0009049,0,3.300000022,1.381714428,4.641021638e-08,3.003881023,-4.314577621e-09
0.0009051,0,3.299999948,1.381714422,-3.677020515e-08,3.00410444,4.329619116e-09
0.0009053,0,3.300000022,1.381714428,4.633815547e-08,3.004328079,-4.314571509e-09
0.0009055,0,3.299999948,1.381714422,-3.675236889e-08,3.004550225,4.329562949e-09
0.0009057,0,3.300000022,1.381714428,4.626647562e-08,3.004772618,-4.314565074e-09
0.0009059,0,3.299999948,1.381714422,-3.673430513e-08,3.004993517,4.329507104e-09
0.0009061,0,3.300000022,1.381714428,4.619517151e-08,3.005214659,-4.314558382e-09
0.0009063,0,3.299999948,1.381714422,-3.671601885e-08,3.005434323,4.329451492e-09
0.0009065,0,3.300000022,1.381714428,4.612423787e-08,3.005654244,-4.314551404e-09
0.0009067,0,3.299999948,1.381714422,-3.669751483e-08,3.005872688,4.329396179e-09
0.0009069,0,3.300000022,1.381714428,4.605366991e-08,3.006091389,-4.314544151e-09
0.0009071,0,3.299999948,1.381714422,-3.667879762e-08,3.006308628,4.329341114e-09
0.0009073,0,3.300000022,1.381714428,4.598346269e-08,3.006526129,-4.314536618e-09
0.0009075,0,3.299999948,1.381714422,-3.665987203e-08,3.006742177,4.329286314e-09
0.0009077,0,3.300000022,1.381714428,4.591361149e-08,3.006958495,-4.314528809e-09
0.0009079,0,3.299999948,1.381714422,-3.664074282e-08,3.007173355,4.329231763e-09
0.0009081,0,3.300000022,1.381714428,4.584411152e-08,3.007388491,-4.314520784e-09
0.0009083,0,3.299999948,1.381714422,-3.662141402e-08,3.007602187,4.329177478e-09
0.0009085,0,3.300000014,1.381714428,4.57749582e-08,3.007816163,-4.314512479e-09
0.0009087,0,3.299999946,1.381714422,-3.660189034e-08,3.008028706,4.329123425e-09
0.0009089,0,3.300000014,1.381714428,4.570614721e-08,3.008241532,-4.314503907e-09
0.0009091,0,3.299999946,1.381714422,-3.658217575e-08,3.008452926,4.329069652e-09
0.0009093,0,3.300000014,1.381714428,4.563767403e-08,3.008664617,-4.314495101e-09
0.0009095,0,3.299999946,1.381714422,-3.65622744e-08,3.008874881,4.329016083e-09
0.0009097,0,3.300000014,1.381714428,4.556953412e-08,3.00908545,-4.314486065e-09
0.0009099,0,3.299999946,1.381714422,-3.654219044e-08,3.009294594,4.328962778e-09
0.0009101,0,3.300000014,1.381714428,4.550172362e-08,3.009504051,-4.314476766e-09
0.0009103,0,3.299999946,1.381714422,-3.6521928e-08,3.009712084,4.328909686e-09
0.0009105,0,3.300000014,1.381714428,4.543423841e-08,3.00992044,-4.314467229e-09
0.0009107,0,3.299999946,1.381714422,-3.650149061e-08,3.010127381,4.328856829e-09
0.0009109,0,3.300000014,1.381714428,4.536707425e-08,3.010334638,-4.314457476e-09
0.0009111,0,3.299999954,1.381714422,-3.648088231e-08,3.010540495,4.328804212e-09
0.0009113,0,3.300000016,1.381714428,4.530022706e-08,3.01074668,-4.31444749e-09
0.0009115,0,3.299999954,1.381714422,-3.646010673e-08,3.010951467,4.328751794e-09
0.0009117,0,3.300000016,1.381714428,4.523369335e-08,3.011156583,-4.31443729e-09
0.0009119,0,3.299999954,1.381714422,-3.643916768e-08,3.011360307,4.328699605e-09
0.0009121,0,3.300000016,1.381714428,4.516746906e-08,3.01156437,-4.31442686e-09
0.0009123,0,3.299999954,1.381714422,-3.641806856e-08,3.011767037,4.328647621e-09
0.0009125,0,3.300000016,1.381714428,4.510155052e-08,3.011970056,-4.314416191e-09
0.0009127,0,3.299999954,1.381714422,-3.639681293e-08,3.012171683,4.328595888e-09
0.0009129,0,3.300000016,1.381714428,4.503593408e-08,3.012373662,-4.314405303e-09
0.0009131,0,3.299999954,1.381714422,-3.63754041e-08,3.012574264,4.328544333e-09
0.0009133,0,3.300000016,1.381714428,4.497061606e-08,3.012775223,-4.314394253e-09
0.0009135,0,3.299999954,1.381714422,-3.635384564e-08,3.012974806,4.328492985e-09
0.0009137,0,3.300000016,1.381714428,4.490559305e-08,3.013174744,-4.314382936e-09
0.0009139,0,3.299999954,1.381714422,-3.633214056e-08,3.013373323,4.328441839e-09
0.0009141,0,3.300000016,1.381714428,4.484086175e-08,3.013572261,-4.314371455e-09
0.0009143,0,3.299999954,1.381714422,-3.631029233e-08,3.013769839,4.3283909e-09
0.0009145,0,3.300000016,1.381714428,4.477641867e-08,3.013967778,-4.314359754e-09
0.0009147,0,3.299999954,1.381714422,-3.62883039e-08,3.014164364,4.328340158e-09
0.0009149,0,3.300000016,1.381714428,4.471226044e-08,3.014361329,-4.314347847e-09
0.0009151,0,3.299999954,1.381714422,-3.626617854e-08,3.014556937,4.328289594e-09
0.0009153,0,3.300000016,1.381714428,4.464838365e-08,3.014752921,-4.314335746e-09
0.0009155,0,3.299999954,1.381714422,-3.624391905e-08,3.014947565,4.328239215e-09
0.0009157,0,3.300000016,1.381714428,4.458478545e-08,3.01514259,-4.314323474e-09
0.0009159,0,3.299999954,1.381714422,-3.62215284e-08,3.015336266,4.328189068e-09
0.0009161,0,3.300000016,1.381714428,4.452146261e-08,3.015530336,-4.31431099e-09
0.0009163,0,3.299999954,1.381714422,-3.61990095e-08,3.015723062,4.328139043e-09
0.0009165,0,3.300000016,1.381714428,4.445841202e-08,3.015916182,-4.314298321e-09
0.0009167,0,3.299999954,1.381714422,-3.617636548e-08,3.016107973,4.328089251e-09
0.0009169,0,3.300000016,1.381714428,4.439563073e-08,3.016300156,-4.314285474e-09
0.0009171,0,3.299999954,1.381714422,-3.61535986e-08,3.016491015,4.328039627e-09
0.0009173,0,3.300000016,1.381714428,4.43331157e-08,3.016682267,-4.314272433e-09
0.0009175,0,3.299999954,1.381714422,-3.61307121e-08,3.016872205,4.327990156e-09
0.0009177,0,3.300000016,1.381714428,4.427086421e-08,3.017062545,-4.314259229e-09
0.0009179,0,3.299999954,1.381714422,-3.61077084e-08,3.017251564,4.327940871e-09
0.0009181,0,3.300000016,1.381714428,4.420887322e-08,3.017440992,-4.314245828e-09
0.0009183,0,3.299999954,1.381714422,-3.608458994e-08,3.01762911,4.327891778e-09
0.0009185,0,3.300000016,1.381714428,4.414714007e-08,3.017817638,-4.314232259e-09
0.0009187,0,3.299999954,1.381714422,-3.606135958e-08,3.018004855,4.32784283e-09
0.0009189,0,3.300000016,1.381714428,4.408566194e-08,3.018192491,-4.31421852e-09
0.0009191,0,3.299999954,1.381714422,-3.603801997e-08,3.018378818,4.327794053e-09
0.0009193,0,3.300000016,1.381714428,4.402443606e-08,3.018565572,-4.314204594e-09
0.0009195,0,3.299999954,1.381714422,-3.601457329e-08,3.018751019,4.327745443e-09
0.0009197,0,3.300000016,1.381714428,4.396345997e-08,3.0189369,-4.314190533e-09
0.0009199,0,3.299999954,1.381714422,-3.599102166e-08,3.019121478,4.327697002e-09
0.0009201,0,3.300000016,1.381714428,4.390273097e-08,3.019306481,-4.314176283e-09
0.0009203,0,3.299999954,1.381714422,-3.596736831e-08,3.019490194,4.32764872e-09
0.0009205,0,3.300000016,1.381714428,4.384224677e-08,3.019674346,-4.31416186e-09
0.0009207,0,3.299999954,1.381714422,-3.594361474e-08,3.019857209,4.327600587e-09
0.0009209,0,3.300000016,1.381714428,4.378200448e-08,3.02004051,-4.314147289e-09
0.0009211,0,3.299999954,1.381714422,-3.591976358e-08,3.020222515,4.327552611e-09
0.0009213,0,3.300000016,1.381714428,4.372200186e-08,3.020404972,-4.314132566e-09
0.0009215,0,3.299999954,1.381714422,-3.589581724e-08,3.020586145,4.327504809e-09
0.0009217,0,3.300000016,1.381714428,4.366223649e-08,3.020767765,-4.314117679e-09
0.0009219,0,3.299999954,1.381714422,-3.587177758e-08,3.020948105,4.327457104e-09
0.0009221,0,3.300000016,1.381714428,4.360270589e-08,3.021128895,-4.314102633e-09
0.0009223,0,3.299999954,1.381714422,-3.584764691e-08,3.021308406,4.327409587e-09
0.0009225,0,3.300000016,1.381714428,4.354340809e-08,3.02148838,-4.31408746e-09
0.0009227,0,3.299999954,1.381714422,-3.582342736e-08,3.021667081,4.327362227e-09
0.0009229,0,3.300000016,1.381714428,4.348434026e-08,3.021846238,-4.314072101e-09
0.0009231,0,3.299999954,1.381714422,-3.579912092e-08,3.022024127,4.327314995e-09
0.0009233,0,3.300000016,1.381714428,4.342550055e-08,3.022202474,-4.314056617e-09
0.0009235,0,3.299999954,1.381714422,-3.577472972e-08,3.022379561,4.327267884e-09
0.0009237,0,3.300000016,1.381714428,4.336688653e-08,3.022557115,-4.314040989e-09
0.0009239,0,3.299999954,1.381714422,-3.575025579e-08,3.022733404,4.327220947e-09
0.0009241,0,3.300000016,1.381714428,4.330849605e-08,3.022910167,-4.314025189e-09
0.0009243,0,3.299999954,1.381714422,-3.572570086e-08,3.023085666,4.327174141e-09
0.0009245,0,3.300000016,1.381714428,4.325032721e-08,3.023261646,-4.314009269e-09
0.0009247,0,3.299999954,1.381714422,-3.570106694e-08,3.023436365,4.327127463e-09
0.0009249,0,3.300000016,1.381714428,4.319237768e-08,3.023611565,-4.313993211e-09
0.0009251,0,3.299999954,1.381714422,-3.567635625e-08,3.023785512,4.327080925e-09
0.0009253,0,3.300000016,1.381714428,4.313464544e-08,3.023959942,-4.313977013e-09
0.0009255,0,3.299999954,1.381714422,-3.565157011e-08,3.024133127,4.327034534e-09
0.0009257,0,3.300000016,1.381714428,4.307712851e-08,3.024306789,-4.313960634e-09
0.0009259,0,3.299999954,1.381714422,-3.562671078e-08,3.024479212,4.326988256e-09
0.0009261,0,3.300000016,1.381714428,4.301982484e-08,3.024652114,-4.313944204e-09
0.0009263,0,3.299999954,1.381714422,-3.56017798e-08,3.024823784,4.326942095e-09
0.0009265,0,3.300000016,1.381714428,4.296273247e-08,3.024995937,-4.313927586e-09
0.0009267,0,3.299999954,1.381714422,-3.557677888e-08,3.025166857,4.32689608e-09
0.0009269,0,3.300000016,1.381714428,4.290584957e-08,3.025338268,-4.313910855e-09
0.0009271,0,3.299999954,1.381714422,-3.555170984e-08,3.025508448,4.32685019e-09
0.0009273,0,3.300000016,1.381714428,4.284917433e-08,3.025679118,-4.313893955e-09
0.0009275,0,3.299999954,1.381714422,-3.552657447e-08,3.025848566,4.326804426e-09
0.0009277,0,3.300000016,1.381714428,4.279270434e-08,3.026018506,-4.313876967e-09
0.0009279,0,3.299999954,1.381714422,-3.550137421e-08,3.026187224,4.326758788e-09
0.0009281,0,3.300000016,1.381714428,4.273643841e-08,3.026356443,-4.313859825e-09
0.0009283,0,3.299999954,1.381714422,-3.547611104e-08,3.026524433,4.326713272e-09
0.0009285,0,3.300000016,1.381714428,4.268037427e-08,3.026692929,-4.313842596e-09
0.0009287,0,3.299999954,1.381714422,-3.5450786e-08,3.026860207,4.326667867e-09
0.0009289,0,3.300000016,1.381714428,4.262451067e-08,3.027027993,-4.313825207e-09
0.0009291,0,3.299999954,1.381714422,-3.542540112e-08,3.027194561,4.326622577e-09
0.0009293,0,3.300000016,1.381714428,4.256884517e-08,3.027361645,-4.313807727e-09
0.0009295,0,3.299999954,1.381714422,-3.539995788e-08,3.027527505,4.3265774e-09
0.0009297,0,3.300000016,1.381714428,4.251337665e-08,3.027693887,-4.31379011e-09
0.0009299,0,3.299999954,1.381714422,-3.537445769e-08,3.027859054,4.326532356e-09
0.0009301,0,3.300000016,1.381714428,4.245810314e-08,3.028024731,-4.313772364e-09
0.0009303,0,3.299999954,1.381714422,-3.534890204e-08,3.028189204,4.326487425e-09
0.0009305,0,3.300000016,1.381714428,4.240302302e-08,3.028354198,-4.313754508e-09
0.0009307,0,3.299999954,1.381714422,-3.532329222e-08,3.028517992,4.32644259e-09
0.0009309,0,3.300000016,1.381714428,4.234813456e-08,3.028682298,-4.313736538e-09
0.0009311,0,3.299999954,1.381714422,-3.529763022e-08,3.028845409,4.326397882e-09
0.0009313,0,3.300000016,1.381714428,4.229343599e-08,3.029009043,-4.313718447e-09
0.0009315,0,3.299999954,1.381714422,-3.527191696e-08,3.029171469,4.326353263e-09
0.0009317,0,3.300000016,1.381714428,4.223892628e-08,3.029334429,-4.313700251e-09
0.0009319,0,3.299999954,1.381714422,-3.524615376e-08,3.029496192,4.326308753e-09
0.0009321,0,3.300000016,1.381714428,4.21846035e-08,3.029658484,-4.313681938e-09
0.0009323,0,3.299999954,1.381714422,-3.522034233e-08,3.029819585,4.326264372e-09
0.0009325,0,3.300000016,1.381714428,4.213046604e-08,3.029981217,-4.31366351e-09
0.0009327,0,3.299999954,1.381714422,-3.519448397e-08,3.030141659,4.326220077e-09
0.0009329,0,3.300000016,1.381714428,4.207651247e-08,3.03030263,-4.313644995e-09
0.0009331,0,3.299999954,1.381714422,-3.516857963e-08,3.03046242,4.326175904e-09
0.0009333,0,3.300000016,1.381714428,4.20227412e-08,3.030622741,-4.31362635e-09
0.0009335,0,3.299999954,1.381714422,-3.514263109e-08,3.030781881,4.326131837e-09
0.0009337,0,3.300000016,1.381714428,4.196915107e-08,3.03094156,-4.313607597e-09
0.0009339,0,3.299999954,1.381714422,-3.51166393e-08,3.031100059,4.326087856e-09
0.0009341,0,3.300000016,1.381714428,4.191574038e-08,3.031259099,-4.313588763e-09
0.0009343,0,3.299999954,1.381714422,-3.509060536e-08,3.031416958,4.326043956e-09
0.0009345,0,3.300000008,1.381714428,4.186250762e-08,3.031575366,-4.313569803e-09
0.0009347,0,3.299999952,1.381714422,-3.506453105e-08,3.031732587,4.326000187e-09
0.0009349,0,3.300000008,1.381714428,4.180945169e-08,3.031890362,-4.313550744e-09
0.0009351,0,3.299999952,1.381714422,-3.503841704e-08,3.032046962,4.325956493e-09
0.0009353,0,3.300000008,1.381714428,4.175657088e-08,3.032204109,-4.313531616e-09
0.0009355,0,3.299999952,1.381714422,-3.501226477e-08,3.032360086,4.3259129e-09
0.0009357,0,3.300000008,1.381714428,4.170386407e-08,3.032516614,-4.313512345e-09
0.0009359,0,3.299999952,1.381714422,-3.498607551e-08,3.032671978,4.325869434e-09
0.0009361,0,3.300000008,1.381714428,4.16513297e-08,3.032827888,-4.313492963e-09
0.0009363,0,3.299999952,1.381714422,-3.495985008e-08,3.032982633,4.325826031e-09
0.0009365,0,3.300000008,1.381714428,4.159896641e-08,3.033137938,-4.313473515e-09
0.0009367,0,3.299999952,1.381714422,-3.49335896e-08,3.033292075,4.325782706e-09
0.0009369,0,3.300000008,1.381714428,4.154677326e-08,3.033446778,-4.313453979e-09
0.0009371,0,3.299999952,1.381714422,-3.490729567e-08,3.033600316,4.325739509e-09
0.0009373,0,3.300000008,1.381714428,4.149474861e-08,3.033754411,-4.313434311e-09
0.0009375,0,3.299999952,1.381714422,-3.488096904e-08,3.033907346,4.325696404e-09
0.0009377,0,3.300000008,1.381714428,4.144289143e-08,3.034060849,-4.313414579e-09
0.0009379,0,3.29999996,1.381714422,-3.485461059e-08,3.034213194,4.325653359e-09
0.0009381,0,3.30000001,1.381714428,4.139120027e-08,3.034366099,-4.313394724e-09
0.0009383,0,3.29999996,1.381714422,-3.482822169e-08,3.034517852,4.325610414e-09
0.0009385,0,3.30000001,1.381714428,4.133967392e-08,3.034670175,-4.313374802e-09
0.0009387,0,3.29999996,1.381714422,-3.480180323e-08,3.034821348,4.325567553e-09
0.0009389,0,3.30000001,1.381714428,4.128831119e-08,3.034973083,-4.313354783e-09
0.0009391,0,3.29999996,1.381714422,-3.477535634e-08,3.035123673,4.325524792e-09
0.0009393,0,3.30000001,1.381714428,4.123711113e-08,3.035274837,-4.313334664e-09
0.0009395,0,3.29999996,1.381714422,-3.474888177e-08,3.035424849,4.325482108e-09
0.0009397,0,3.30000001,1.381714428,4.118607218e-08,3.03557544,-4.313314451e-09
0.0009399,0,3.29999996,1.381714422,-3.472238086e-08,3.035724883,4.325439523e-09
0.0009401,0,3.30000001,1.381714428,4.113519323e-08,3.035874896,-4.313294154e-09
0.0009403,0,3.29999996,1.381714422,-3.46958543e-08,3.036023774,4.325396987e-09
0.0009405,0,3.30000001,1.381714428,4.108447335e-08,3.036173227,-4.313273762e-09
0.0009407,0,3.29999996,1.381714422,-3.466930311e-08,3.036321538,4.325354577e-09
0.0009409,0,3.30000001,1.381714428,4.103391131e-08,3.036470429,-4.313253318e-09
0.0009411,0,3.29999996,1.381714422,-3.464272834e-08,3.03661818,4.325312221e-09
0.0009413,0,3.30000001,1.381714428,4.098350603e-08,3.036766518,-4.313232752e-09
0.0009415,0,3.29999996,1.381714422,-3.46161307e-08,3.036913719,4.325269957e-09
0.0009417,0,3.30000001,1.381714428,4.093325614e-08,3.0370615,-4.313212121e-09
0.0009419,0,3.29999996,1.381714422,-3.458951125e-08,3.037208148,4.325227753e-09
0.0009421,0,3.30000001,1.381714428,4.088316088e-08,3.037355387,-4.313191392e-09
0.0009423,0,3.29999996,1.381714422,-3.456287084e-08,3.037501487,4.325185652e-09
0.0009425,0,3.30000001,1.381714428,4.083321897e-08,3.037648184,-4.313170601e-09
0.0009427,0,3.29999996,1.381714422,-3.453621041e-08,3.037793737,4.325143616e-09
0.0009429,0,3.30000001,1.381714428,4.078342945e-08,3.037939891,-4.313149701e-09
0.0009431,0,3.29999996,1.381714422,-3.450953071e-08,3.038084912,4.325101669e-09
0.0009433,0,3.30000001,1.381714428,4.073379138e-08,3.038230528,-4.313128737e-09
0.0009435,0,3.29999996,1.381714422,-3.448283267e-08,3.038375017,4.325059789e-09
0.0009437,0,3.30000001,1.381714428,4.068430356e-08,3.038520096,-4.313107679e-09
0.0009439,0,3.29999996,1.381714422,-3.445611688e-08,3.038664052,4.325017979e-09
0.0009441,0,3.30000001,1.381714428,4.063496487e-08,3.038808608,-4.313086562e-09
0.0009443,0,3.29999996,1.381714422,-3.442938457e-08,3.038952037,4.324976244e-09
0.0009445,0,3.30000001,1.381714428,4.058577466e-08,3.039096071,-4.313065348e-09
0.0009447,0,3.29999996,1.381714422,-3.440263624e-08,3.03923898,4.324934601e-09
0.0009449,0,3.30000001,1.381714428,4.053673166e-08,3.039382486,-4.313044061e-09
0.0009451,0,3.29999996,1.381714422,-3.437587283e-08,3.039524872,4.324892997e-09
0.0009453,0,3.30000001,1.381714428,4.048783497e-08,3.039667867,-4.31302272e-09
0.0009455,0,3.29999996,1.381714422,-3.434909502e-08,3.039809743,4.324851492e-09
0.0009457,0,3.30000001,1.381714428,4.04390837e-08,3.03995222,-4.313001276e-09
0.0009459,0,3.29999996,1.381714422,-3.432230372e-08,3.040093584,4.324810048e-09
0.0009461,0,3.30000001,1.381714428,4.039047671e-08,3.04023555,-4.31297976e-09
0.0009463,0,3.29999996,1.381714422,-3.429549959e-08,3.040376404,4.324768692e-09
0.0009465,0,3.30000001,1.381714428,4.034201333e-08,3.040517869,-4.312958176e-09
0.0009467,0,3.29999996,1.381714422,-3.426868348e-08,3.040658223,4.324727364e-09
0.0009469,0,3.30000001,1.381714428,4.02936922e-08,3.040799179,-4.312936542e-09
0.0009471,0,3.29999996,1.381714422,-3.424185587e-08,3.040939031,4.324686151e-09
0.0009473,0,3.30000001,1.381714428,4.02455128e-08,3.041079496,-4.312914809e-09
0.0009475,0,3.29999996,1.381714422,-3.421501784e-08,3.04121885,4.324644981e-09
0.0009477,0,3.30000001,1.381714428,4.019747426e-08,3.041358814,-4.31289299e-09
0.0009479,0,3.29999996,1.381714422,-3.418816956e-08,3.041497676,4.32460388e-09
0.0009481,0,3.30000001,1.381714428,4.014957554e-08,3.041637151,-4.312871128e-09
0.0009483,0,3.29999996,1.381714422,-3.416131217e-08,3.041775515,4.324562843e-09
0.0009485,0,3.30000001,1.381714428,4.010181563e-08,3.041914505,-4.312849164e-09
0.0009487,0,3.29999996,1.381714422,-3.413444636e-08,3.042052389,4.324521891e-09
0.0009489,0,3.30000001,1.381714428,4.005419394e-08,3.042190891,-4.31282716e-09
0.0009491,0,3.29999996,1.381714422,-3.410757273e-08,3.042328285,4.324480978e-09
0.0009493,0,3.30000001,1.381714428,4.000670922e-08,3.042466305,-4.312805092e-09
0.0009495,0,3.29999996,1.381714422,-3.40806919e-08,3.042603227,4.324440158e-09
0.0009497,0,3.30000001,1.381714428,3.995936085e-08,3.042740769,-4.312782916e-09
0.0009499,0,3.29999996,1.381714422,-3.405380432e-08,3.042877211,4.324399378e-09
0.0009501,0,3.30000001,1.381714428,3.99121482e-08,3.043014281,-4.312760688e-09
0.0009503,0,3.29999996,1.381714422,-3.40269111e-08,3.043150253,4.324358681e-09
0.0009505,0,3.30000001,1.381714428,3.986507029e-08,3.043286845,-4.312738395e-09
0.0009507,0,3.29999996,1.381714422,-3.400001242e-08,3.043422345,4.324318029e-09
0.0009509,0,3.30000001,1.381714428,3.981812611e-08,3.043558475,-4.312716045e-09
0.0009511,0,3.29999996,1.381714422,-3.397310944e-08,3.043693507,4.324277429e-09
0.0009513,0,3.30000001,1.381714428,3.977131519e-08,3.043829175,-4.312693622e-09
0.0009515,0,3.29999996,1.381714422,-3.394620213e-08,3.043963739,4.324236932e-09
0.0009517,0,3.30000001,1.381714428,3.972463637e-08,3.044098945,-4.312671136e-09
0.0009519,0,3.29999996,1.381714422,-3.391929153e-08,3.044233049,4.324196454e-09
0.0009521,0,3.30000001,1.381714428,3.967808907e-08,3.044367795,-4.312648578e-09
0.0009523,0,3.29999996,1.381714422,-3.389237814e-08,3.044501446,4.324156066e-09
0.0009525,0,3.30000001,1.381714428,3.963167247e-08,3.044635734,-4.312625976e-09
0.0009527,0,3.29999996,1.381714422,-3.386546246e-08,3.044768926,4.324115731e-09
0.0009529,0,3.30000001,1.381714428,3.958538562e-08,3.044902762,-4.312603291e-09
0.0009531,0,3.29999996,1.381714422,-3.383854521e-08,3.045035512,4.32407544e-09
0.0009533,0,3.30000001,1.381714428,3.953922817e-08,3.045168892,-4.312580553e-09
0.0009535,0,3.29999996,1.381714422,-3.381162676e-08,3.045301189,4.324035208e-09
0.0009537,0,3.30000001,1.381714428,3.949319931e-08,3.045434127,-4.312557754e-09
0.0009539,0,3.29999996,1.381714422,-3.378470794e-08,3.045565985,4.323995036e-09
0.0009541,0,3.30000001,1.381714428,3.94472977e-08,3.045698475,-4.312534872e-09
0.0009543,0,3.29999996,1.381714422,-3.375778899e-08,3.04582989,4.323954916e-09
0.0009545,0,3.30000001,1.381714428,3.940152344e-08,3.04596194,-4.312511973e-09
0.0009547,0,3.29999996,1.381714422,-3.373087075e-08,3.046092916,4.323914868e-09
0.0009549,0,3.30000001,1.381714428,3.935587505e-08,3.046224534,-4.312488977e-09
0.0009551,0,3.29999996,1.381714422,-3.370395357e-08,3.046355071,4.323874888e-09
0.0009553,0,3.30000001,1.381714428,3.931035251e-08,3.046486249,-4.312465928e-09
0.0009555,0,3.29999996,1.381714422,-3.3677038e-08,3.046616354,4.323834927e-09
0.0009557,0,3.30000001,1.381714428,3.926495458e-08,3.046747102,-4.312442815e-09
0.0009559,0,3.29999996,1.381714422,-3.365012449e-08,3.04687677,4.323795039e-09
0.0009561,0,3.30000001,1.381714428,3.921968075e-08,3.047007094,-4.312419663e-09
0.0009563,0,3.29999996,1.381714422,-3.362321397e-08,3.047136341,4.323755204e-09
0.0009565,0,3.30000001,1.381714428,3.917453033e-08,3.047266237,-4.312396435e-09
0.0009567,0,3.29999996,1.381714422,-3.359630631e-08,3.047395054,4.323715409e-09
0.0009569,0,3.30000001,1.381714428,3.912950276e-08,3.04752452,-4.31237317e-09
0.0009571,0,3.29999996,1.381714422,-3.356940234e-08,3.047652923,4.323675679e-09
0.0009573,0,3.30000001,1.381714428,3.908459716e-08,3.047781971,-4.312349818e-09
0.0009575,0,3.29999996,1.381714422,-3.354250255e-08,3.047909947,4.323636007e-09
0.0009577,0,3.30000001,1.381714428,3.903981305e-08,3.04803858,-4.312326433e-09
0.0009579,0,3.29999996,1.381714422,-3.351560721e-08,3.048166145,4.323596365e-09
0.0009581,0,3.30000001,1.381714428,3.899514953e-08,3.048294361,-4.312302994e-09
0.0009583,0,3.29999996,1.381714422,-3.348871726e-08,3.048421507,4.323556783e-09
0.0009585,0,3.30000001,1.381714428,3.895060616e-08,3.04854931,-4.312279495e-09
0.0009587,0,3.29999996,1.381714422,-3.346183277e-08,3.048676046,4.323517276e-09
0.0009589,0,3.30000001,1.381714428,3.89061821e-08,3.048803439,-4.312255939e-09
0.0009591,0,3.29999996,1.381714422,-3.343495421e-08,3.048929772,4.323477788e-09
0.0009593,0,3.30000001,1.381714428,3.886187679e-08,3.049056758,-4.312232319e-09
0.0009595,0,3.29999996,1.381714422,-3.34080821e-08,3.049182681,4.323438381e-09
0.0009597,0,3.30000001,1.381714428,3.881768967e-08,3.049309265,-4.31220865e-09
0.0009599,0,3.29999996,1.381714422,-3.338121705e-08,3.04943478,4.323398974e-09
0.0009601,0,3.30000001,1.381714428,3.877362013e-08,3.049560962,-4.312184944e-09
0.0009603,0,3.29999996,1.381714422,-3.335435933e-08,3.049686077,4.323359664e-09
0.0009605,0,3.30000001,1.381714428,3.872966743e-08,3.049811858,-4.312161159e-09
0.0009607,0,3.29999996,1.381714422,-3.332750923e-08,3.049936582,4.323320369e-09
0.0009609,0,3.30000001,1.381714428,3.868583099e-08,3.050061965,-4.312137335e-09
0.0009611,0,3.29999996,1.381714422,-3.330066729e-08,3.050186288,4.323281156e-09
0.0009613,0,3.30000001,1.381714428,3.864211055e-08,3.05031128,-4.312113468e-09
0.0009615,0,3.29999996,1.381714422,-3.327383425e-08,3.050435205,4.323241965e-09
0.0009617,0,3.30000001,1.381714428,3.859850498e-08,3.050559804,-4.312089535e-09
0.0009619,0,3.29999996,1.381714422,-3.32470099e-08,3.050683348,4.32320283e-09
0.0009621,0,3.30000001,1.381714428,3.85550137e-08,3.050807551,-4.312065574e-09
0.0009623,0,3.29999996,1.381714422,-3.322019531e-08,3.050930702,4.323163739e-09
0.0009625,0,3.30000001,1.381714428,3.851163678e-08,3.051054524,-4.31204154e-09
0.0009627,0,3.29999996,1.381714422,-3.319339038e-08,3.051177287,4.323124681e-09
0.0009629,0,3.30000001,1.381714428,3.84683729e-08,3.051300726,-4.312017463e-09
0.0009631,0,3.29999996,1.381714422,-3.316659565e-08,3.051423109,4.32308568e-09
0.0009633,0,3.30000001,1.381714428,3.842522169e-08,3.051546161,-4.311993341e-09
0.0009635,0,3.29999996,1.381714422,-3.313981166e-08,3.051668162,4.323046735e-09
0.0009637,0,3.30000001,1.381714428,3.838218272e-08,3.051790833,-4.31196916e-09
0.0009639,0,3.29999996,1.381714422,-3.311303874e-08,3.051912454,4.323007812e-09
0.0009641,0,3.30000001,1.381714428,3.833925553e-08,3.052034753,-4.311944944e-09
0.0009643,0,3.29999996,1.381714422,-3.308627684e-08,3.052155997,4.322968951e-09
0.0009645,0,3.30000001,1.381714428,3.829643937e-08,3.052277916,-4.311920675e-09
0.0009647,0,3.29999996,1.381714422,-3.305952696e-08,3.052398787,4.32293011e-09
0.0009649,0,3.30000001,1.381714428,3.825373356e-08,3.052520336,-4.311896364e-09
0.0009651,0,3.29999996,1.381714422,-3.303278892e-08,3.052640837,4.322891341e-09
0.0009653,0,3.30000001,1.381714428,3.821113804e-08,3.052762016,-4.311871989e-09
0.0009655,0,3.29999996,1.381714422,-3.300606354e-08,3.052882147,4.322852625e-09
0.0009657,0,3.30000001,1.381714428,3.816865172e-08,3.053002957,-4.311847556e-09
0.0009659,0,3.29999996,1.381714422,-3.297935107e-08,3.053122718,4.322813938e-09
0.0009661,0,3.30000001,1.381714428,3.812627452e-08,3.053243157,-4.311823126e-09
0.0009663,0,3.29999996,1.381714422,-3.295265152e-08,3.053362556,4.322775272e-09
0.0009665,0,3.30000001,1.381714428,3.808400558e-08,3.053482635,-4.311798604e-09
0.0009667,0,3.29999996,1.381714422,-3.292596544e-08,3.053601674,4.322736645e-09
0.0009669,0,3.30000001,1.381714428,3.804184436e-08,3.053721385,-4.31177407e-09
0.0009671,0,3.29999996,1.381714422,-3.28992936e-08,3.053840062,4.322698092e-09
0.0009673,0,3.300000003,1.381714428,3.799979058e-08,3.053959421,-4.311749453e-09
0.0009675,0,3.299999957,1.381714422,-3.287263555e-08,3.054077732,4.322659563e-09
0.0009677,0,3.300000003,1.381714428,3.795784385e-08,3.054196737,-4.311724811e-09
0.0009679,0,3.299999957,1.381714422,-3.284599221e-08,3.054314698,4.32262108e-09
0.0009681,0,3.300000003,1.381714428,3.791600315e-08,3.054433338,-4.31170015e-09
0.0009683,0,3.299999957,1.381714422,-3.281936342e-08,3.054550944,4.322582607e-09
0.0009685,0,3.300000003,1.381714428,3.787426836e-08,3.054669233,-4.311675409e-09
0.0009687,0,3.299999957,1.381714422,-3.279274987e-08,3.05478649,4.322544195e-09
0.0009689,0,3.300000003,1.381714428,3.783263915e-08,3.054904429,-4.311650633e-09
0.0009691,0,3.299999957,1.381714422,-3.276615198e-08,3.055021328,4.322505844e-09
0.0009693,0,3.300000003,1.381714428,3.779111431e-08,3.055138923,-4.311625811e-09
0.0009695,0,3.299999957,1.381714422,-3.273956969e-08,3.055255474,4.32246751e-09
0.0009697,0,3.300000003,1.381714428,3.774969428e-08,3.055372719,-4.311600948e-09
0.0009699,0,3.299999957,1.381714422,-3.271300351e-08,3.055488928,4.322429225e-09
0.0009701,0,3.300000003,1.381714428,3.770837777e-08,3.055605833,-4.311576058e-09
0.0009703,0,3.299999957,1.381714422,-3.268645361e-08,3.055721694,4.322390953e-09
0.0009705,0,3.300000003,1.381714428,3.766716483e-08,3.055838249,-4.311551126e-09
0.0009707,0,3.299999957,1.381714422,-3.265992037e-08,3.055953775,4.322352739e-09
0.0009709,0,3.300000003,1.381714428,3.762605465e-08,3.056069993,-4.311526127e-09
0.0009711,0,3.299999957,1.381714422,-3.263340406e-08,3.056185171,4.322314571e-09
0.0009713,0,3.300000003,1.381714428,3.758504704e-08,3.056301054,-4.311501104e-09
0.0009715,0,3.299999965,1.381714422,-3.26069052e-08,3.056415895,4.322276423e-09
0.0009717,0,3.300000005,1.381714428,3.754414126e-08,3.056531438,-4.311476045e-09
0.0009719,0,3.299999965,1.381714422,-3.258042357e-08,3.056645947,4.322238323e-09
0.0009721,0,3.300000005,1.381714428,3.75033371e-08,3.056761152,-4.31145092e-09
0.0009723,0,3.299999965,1.381714422,-3.255395997e-08,3.056875328,4.322200262e-09
0.0009725,0,3.300000005,1.381714428,3.746263428e-08,3.056990203,-4.311425781e-09
0.0009727,0,3.299999965,1.381714422,-3.252751402e-08,3.057104042,4.322162218e-09
0.0009729,0,3.300000005,1.381714428,3.742203167e-08,3.057218585,-4.31140059e-09
0.0009731,0,3.299999965,1.381714422,-3.250108669e-08,3.057332102,4.322124211e-09
0.0009733,0,3.300000005,1.381714428,3.738152947e-08,3.057446309,-4.31137537e-09
0.0009735,0,3.299999965,1.381714422,-3.247467804e-08,3.057559493,4.322086274e-09
0.0009737,0,3.300000005,1.381714428,3.734112678e-08,3.057673378,-4.311350101e-09
0.0009739,0,3.299999965,1.381714422,-3.244828823e-08,3.057786243,4.322048337e-09
0.0009741,0,3.300000005,1.381714428,3.730082355e-08,3.0578998,-4.311324787e-09
0.0009743,0,3.299999965,1.381714422,-3.242191735e-08,3.058012334,4.322010452e-09
0.0009745,0,3.300000005,1.381714428,3.726061928e-08,3.058125569,-4.311299446e-09
0.0009747,0,3.299999965,1.381714422,-3.239556592e-08,3.058237784,4.321972603e-09
0.0009749,0,3.300000005,1.381714428,3.722051324e-08,3.058350699,-4.311274034e-09
0.0009751,0,3.299999965,1.381714422,-3.236923405e-08,3.058462593,4.321934771e-09
0.0009753,0,3.300000005,1.381714428,3.718050538e-08,3.058575188,-4.311248638e-09
0.0009755,0,3.299999965,1.381714422,-3.23429219e-08,3.058686762,4.321896997e-09
0.0009757,0,3.300000005,1.381714428,3.714059494e-08,3.058799037,-4.311223162e-09
0.0009759,0,3.299999965,1.381714422,-3.231663008e-08,3.058910292,4.321859249e-09
0.0009761,0,3.300000005,1.381714428,3.710078159e-08,3.059022255,-4.311197676e-09
0.0009763,0,3.299999965,1.381714422,-3.229035863e-08,3.059133191,4.321821519e-09
0.0009765,0,3.300000005,1.381714428,3.706106516e-08,3.059244834,-4.311172131e-09
0.0009767,0,3.299999965,1.381714422,-3.226410769e-08,3.059355466,4.321783835e-09
0.0009769,0,3.300000005,1.381714428,3.7021445e-08,3.059466801,-4.311146577e-09
0.0009771,0,3.299999965,1.381714422,-3.223787735e-08,3.059577116,4.321746174e-09
0.0009773,0,3.300000005,1.381714428,3.698192068e-08,3.059688139,-4.311120946e-09
0.0009775,0,3.299999965,1.381714422,-3.221166828e-08,3.059798143,4.321708565e-09
0.0009777,0,3.300000005,1.381714428,3.694249203e-08,3.059908856,-4.311095306e-09
0.0009779,0,3.299999965,1.381714422,-3.218548057e-08,3.06001855,4.321670947e-09
0.0009781,0,3.300000005,1.381714428,3.690315841e-08,3.060128953,-4.311069638e-09
0.0009783,0,3.299999965,1.381714422,-3.215931392e-08,3.060238345,4.321633401e-09
0.0009785,0,3.300000005,1.381714428,3.686391972e-08,3.060348448,-4.31104392e-09
0.0009787,0,3.299999965,1.381714422,-3.21331691e-08,3.060457533,4.321595895e-09
0.0009789,0,3.300000005,1.381714428,3.682477497e-08,3.060567325,-4.311018155e-09
0.0009791,0,3.299999965,1.381714422,-3.210704648e-08,3.060676108,4.321558392e-09
0.0009793,0,3.300000005,1.381714428,3.678572444e-08,3.060785601,-4.310992353e-09
0.0009795,0,3.299999965,1.381714422,-3.208094567e-08,3.060894083,4.321520931e-09
0.0009797,0,3.300000005,1.381714428,3.67467675e-08,3.061003276,-4.310966549e-09
0.0009799,0,3.299999965,1.381714422,-3.205486724e-08,3.061111458,4.321483499e-09
0.0009801,0,3.300000005,1.381714428,3.670790343e-08,3.061220351,-4.310940683e-09
0.0009803,0,3.299999965,1.381714422,-3.20288113e-08,3.061328233,4.32144609e-09
0.0009805,0,3.300000005,1.381714428,3.66691324e-08,3.061436834,-4.310914814e-09
0.0009807,0,3.299999965,1.381714422,-3.200277803e-08,3.061544418,4.321408713e-09
0.0009809,0,3.300000005,1.381714428,3.663045395e-08,3.061652719,-4.310888882e-09
0.0009811,0,3.299999965,1.381714422,-3.197676786e-08,3.061760011,4.321371374e-09
0.0009813,0,3.300000005,1.381714428,3.659186707e-08,3.061868014,-4.310862927e-09
0.0009815,0,3.299999965,1.381714422,-3.195078082e-08,3.061975014,4.321334055e-09
0.0009817,0,3.300000005,1.381714428,3.655337219e-08,3.062082727,-4.310836929e-09
0.0009819,0,3.299999965,1.381714422,-3.192481694e-08,3.062189437,4.321296779e-09
0.0009821,0,3.300000005,1.381714428,3.651496866e-08,3.06229686,-4.310810892e-09
0.0009823,0,3.299999965,1.381714422,-3.189887649e-08,3.062403272,4.321259534e-09
0.0009825,0,3.300000005,1.381714428,3.647665599e-08,3.062510403,-4.310784839e-09
0.0009827,0,3.299999965,1.381714422,-3.187295975e-08,3.062616533,4.321222323e-09
0.0009829,0,3.300000005,1.381714428,3.643843381e-08,3.062723383,-4.310758755e-09
0.0009831,0,3.299999965,1.381714422,-3.184706688e-08,3.062829218,4.321185103e-09
0.0009833,0,3.300000005,1.381714428,3.640030203e-08,3.062935776,-4.310732628e-09
0.0009835,0,3.299999965,1.381714422,-3.182119838e-08,3.063041336,4.32114792e-09
0.0009837,0,3.300000005,1.381714428,3.636225989e-08,3.063147609,-4.310706486e-09
0.0009839,0,3.299999965,1.381714422,-3.179535388e-08,3.063252879,4.321110801e-09
0.0009841,0,3.300000005,1.381714428,3.632430746e-08,3.06335887,-4.310680281e-09
0.0009843,0,3.299999965,1.381714422,-3.176953354e-08,3.06346386,4.321073695e-09
0.0009845,0,3.300000005,1.381714428,3.628644423e-08,3.063569571,-4.310654051e-09
0.0009847,0,3.299999965,1.381714422,-3.174373797e-08,3.063674273,4.321036596e-09
0.0009849,0,3.300000005,1.381714428,3.624866969e-08,3.063779701,-4.310627822e-09
0.0009851,0,3.299999965,1.381714422,-3.171796705e-08,3.063884131,4.320999536e-09
0.0009853,0,3.300000005,1.381714428,3.621098388e-08,3.063989282,-4.310601535e-09
0.0009855,0,3.299999965,1.381714422,-3.169222101e-08,3.064093432,4.320962512e-09
0.0009857,0,3.300000005,1.381714428,3.61733859e-08,3.064198311,-4.310575218e-09
0.0009859,0,3.299999965,1.381714422,-3.166650024e-08,3.064302183,4.320925511e-09
0.0009861,0,3.300000005,1.381714428,3.613587568e-08,3.064406781,-4.310548897e-09
0.0009863,0,3.299999965,1.381714422,-3.164080474e-08,3.064510374,4.320888541e-09
0.0009865,0,3.300000005,1.381714428,3.609845317e-08,3.0646147,-4.310522496e-09
0.0009867,0,3.299999965,1.381714422,-3.161513438e-08,3.064718022,4.320851606e-09
0.0009869,0,3.300000005,1.381714428,3.606111768e-08,3.064822071,-4.310496091e-09
0.0009871,0,3.299999965,1.381714422,-3.15894896e-08,3.064925129,4.320814671e-09
0.0009873,0,3.300000005,1.381714428,3.602386909e-08,3.065028909,-4.310469663e-09
0.0009875,0,3.299999965,1.381714422,-3.156387048e-08,3.065131689,4.320777766e-09
0.0009877,0,3.300000005,1.381714428,3.598670698e-08,3.065235198,-4.310443212e-09
0.0009879,0,3.299999965,1.381714422,-3.153827729e-08,3.065337708,4.320740912e-09
0.0009881,0,3.300000005,1.381714428,3.594963091e-08,3.065440946,-4.310416717e-09
0.0009883,0,3.299999965,1.381714422,-3.151271015e-08,3.065543194,4.320704075e-09
0.0009885,0,3.300000005,1.381714428,3.591264088e-08,3.065646165,-4.310390189e-09
0.0009887,0,3.299999965,1.381714422,-3.148716898e-08,3.065748143,4.320667231e-09
0.0009889,0,3.300000005,1.381714428,3.587573606e-08,3.065850851,-4.310363633e-09
0.0009891,0,3.299999965,1.381714422,-3.14616544e-08,3.065952562,4.320630435e-09
0.0009893,0,3.300000005,1.381714428,3.583891672e-08,3.066055008,-4.310337044e-09
0.0009895,0,3.299999965,1.381714422,-3.143616583e-08,3.066156458,4.320593677e-09
0.0009897,0,3.300000005,1.381714428,3.580218206e-08,3.066258636,-4.310310438e-09
0.0009899,0,3.299999965,1.381714422,-3.141070425e-08,3.066359824,4.320556952e-09
0.0009901,0,3.300000005,1.381714428,3.576553211e-08,3.066461743,-4.310283807e-09
0.0009903,0,3.299999965,1.381714422,-3.138526903e-08,3.066562663,4.320520231e-09
0.0009905,0,3.300000005,1.381714428,3.572896633e-08,3.066664319,-4.310257122e-09
0.0009907,0,3.299999965,1.381714422,-3.135986093e-08,3.066764987,4.32048351e-09
0.0009909,0,3.300000005,1.381714428,3.56924844e-08,3.066866386,-4.310230441e-09
0.0009911,0,3.299999965,1.381714422,-3.133447983e-08,3.066966794,4.320446844e-09
0.0009913,0,3.300000005,1.381714428,3.565608622e-08,3.067067932,-4.310203729e-09
0.0009915,0,3.299999965,1.381714422,-3.130912561e-08,3.06716808,4.320410206e-09
0.0009917,0,3.300000005,1.381714428,3.561977143e-08,3.067268966,-4.310176971e-09
0.0009919,0,3.299999965,1.381714422,-3.128379862e-08,3.067368864,4.320373594e-09
0.0009921,0,3.300000005,1.381714428,3.558353973e-08,3.067469493,-4.310150178e-09
0.0009923,0,3.299999965,1.381714422,-3.125849915e-08,3.067569131,4.320336983e-09
0.0009925,0,3.300000005,1.381714428,3.554739083e-08,3.067669507,-4.310123387e-09
0.0009927,0,3.299999965,1.381714422,-3.123322682e-08,3.067768895,4.320300442e-09
0.0009929,0,3.300000005,1.381714428,3.551132422e-08,3.067869013,-4.310096537e-09
0.0009931,0,3.299999965,1.381714422,-3.120798256e-08,3.067968149,4.32026385e-09
0.0009933,0,3.300000005,1.381714428,3.547533986e-08,3.068068018,-4.310069689e-09
0.0009935,0,3.299999965,1.381714422,-3.118276571e-08,3.068166903,4.32022734e-09
0.0009937,0,3.300000005,1.381714428,3.543943727e-08,3.068266522,-4.310042804e-09
0.0009939,0,3.299999965,1.381714422,-3.1157577e-08,3.068365158,4.320190835e-09
0.0009941,0,3.300000005,1.381714428,3.54036164e-08,3.068464534,-4.310015895e-09
0.0009943,0,3.299999965,1.381714422,-3.113241593e-08,3.068562914,4.320154359e-09
0.0009945,0,3.300000005,1.381714428,3.536787674e-08,3.068662038,-4.309988948e-09
0.0009947,0,3.299999965,1.381714422,-3.110728306e-08,3.068760184,4.320117893e-09
0.0009949,0,3.300000005,1.381714428,3.533221811e-08,3.068859062,-4.309961978e-09
0.0009951,0,3.299999965,1.381714422,-3.108217842e-08,3.06895695,4.320081456e-09
0.0009953,0,3.300000005,1.381714428,3.529664019e-08,3.069055584,-4.309934986e-09
0.0009955,0,3.299999965,1.381714422,-3.105710209e-08,3.069153232,4.320045047e-09
0.0009957,0,3.300000005,1.381714428,3.526114268e-08,3.069251627,-4.309907987e-09
0.0009959,0,3.299999965,1.381714422,-3.103205417e-08,3.069349035,4.32000863e-09
0.0009961,0,3.300000005,1.381714428,3.522572533e-08,3.069447181,-4.309880927e-09
0.0009963,0,3.299999965,1.381714422,-3.100703471e-08,3.069544339,4.319972278e-09
0.0009965,0,3.300000005,1.381714428,3.519038791e-08,3.069642243,-4.309853847e-09
0.0009967,0,3.299999965,1.381714422,-3.098204402e-08,3.069739169,4.319935936e-09
0.0009969,0,3.300000005,1.381714428,3.515513012e-08,3.069836835,-4.30982678e-09
0.0009971,0,3.299999965,1.381714422,-3.0957082e-08,3.069933521,4.319899612e-09
0.0009973,0,3.300000005,1.381714428,3.511995139e-08,3.070030947,-4.309799652e-09
0.0009975,0,3.299999965,1.381714422,-3.093214868e-08,3.070127385,4.319863281e-09
0.0009977,0,3.300000005,1.381714428,3.508485221e-08,3.070224577,-4.309772515e-09
0.0009979,0,3.299999965,1.381714422,-3.090724439e-08,3.070320785,4.319827001e-09
0.0009981,0,3.300000005,1.381714428,3.50498316e-08,3.070417731,-4.309745334e-09
0.0009983,0,3.299999965,1.381714422,-3.088236905e-08,3.070513705,4.319790745e-09
0.0009985,0,3.300000005,1.381714428,3.501488958e-08,3.070610421,-4.30971814e-09
0.0009987,0,3.299999965,1.381714422,-3.085752293e-08,3.070706157,4.319754515e-09
0.0009989,0,3.300000005,1.381714428,3.498002575e-08,3.070802641,-4.309690916e-09
0.0009991,0,3.299999965,1.381714422,-3.083270595e-08,3.070898139,4.319718275e-09
0.0009993,0,3.300000005,1.381714428,3.494523969e-08,3.070994391,-4.309663689e-09
0.0009995,0,3.299999965,1.381714422,-3.080791824e-08,3.071089659,4.319682085e-09
0.0009997,0,3.300000005,1.381714428,3.491053165e-08,3.071185673,-4.309636426e-09
0.0009999,0,3.299999965,1.381714422,-3.078316006e-08,3.071280709,4.319645886e-09
0.0010001,0,3.300000005,1.381714428,3.487635526e-08,3.071376493,-4.309668802e-09
0.0010003,0,3.299999965,1.381714422,-3.075901126e-08,3.071471307,4.319685972e-09
0.0010005,0,3.300000005,1.381714428,3.48419273e-08,3.071566863,-4.309658031e-09
0.0010007,0,3.299999965,1.381714422,-3.073431135e-08,3.071661439,4.319649812e-09
0.0010009,0,3.300000005,1.381714428,3.480745038e-08,3.071756763,-4.3096307e-09
0.0010011,0,3.299999965,1.381714422,-3.070964137e-08,3.071851109,4.319613692e-09
0.0010013,0,3.300000005,1.381714428,3.477305011e-08,3.071946211,-4.309603352e-09
0.0010015,0,3.299999965,1.381714422,-3.068500118e-08,3.072040337,4.319577582e-09
0.0010017,0,3.300000005,1.381714428,3.473872645e-08,3.072135203,-4.309575955e-09
0.0010019,0,3.299999965,1.381714422,-3.066039065e-08,3.072229096,4.319541501e-09
0.0010021,0,3.300000005,1.381714428,3.470447882e-08,3.072323748,-4.309548554e-09
0.0010023,0,3.299999965,1.381714422,-3.06358101e-08,3.072417416,4.319505428e-09
0.0010025,0,3.300000005,1.381714428,3.467030734e-08,3.072511838,-4.309521111e-09
0.0010027,0,3.299999965,1.381714422,-3.061125973e-08,3.072605284,4.319469412e-09
0.0010029,0,3.300000005,1.381714428,3.46362113e-08,3.072699486,-4.309493656e-09
0.0010031,0,3.299999965,1.381714422,-3.058673917e-08,3.072792712,4.319433365e-09
0.0010033,0,3.300000005,1.381714428,3.460219111e-08,3.072886686,-4.309466185e-09
0.0010035,0,3.299999965,1.381714422,-3.056224897e-08,3.07297969,4.319397372e-09
0.0010037,0,3.300000005,1.381714428,3.456824572e-08,3.073073444,-4.309438679e-09
0.0010039,0,3.299999965,1.381714422,-3.053778899e-08,3.073166227,4.319361377e-09
0.0010041,0,3.300000005,1.381714428,3.453437563e-08,3.073259761,-4.309411182e-09
0.0010043,0,3.299999965,1.381714422,-3.051335918e-08,3.073352317,4.319325396e-09
0.0010045,0,3.300000005,1.381714428,3.450058012e-08,3.073445629,-4.309383649e-09
0.0010047,0,3.299999965,1.381714422,-3.048895984e-08,3.073537973,4.319289455e-09
0.0010049,0,3.300000005,1.381714428,3.446685901e-08,3.073631075,-4.309356077e-09
0.0010051,0,3.299999965,1.381714422,-3.046459114e-08,3.0737232,4.319253522e-09
0.0010053,0,3.300000005,1.381714428,3.443321234e-08,3.073816082,-4.30932848e-09
0.0010055,0,3.299999965,1.381714422,-3.04402527e-08,3.073907988,4.31921762e-09
0.0010057,0,3.300000005,1.381714428,3.439963966e-08,3.07400065,-4.309300878e-09
0.0010059,0,3.299999965,1.381714422,-3.041594488e-08,3.074092344,4.319181725e-09
0.0010061,0,3.300000005,1.381714428,3.436614075e-08,3.074184796,-4.309273234e-09
0.0010063,0,3.299999965,1.381714422,-3.039166781e-08,3.074276272,4.319145833e-09
0.0010065,0,3.300000005,1.381714428,3.433271528e-08,3.074368503,-4.3092456e-09
0.0010067,0,3.299999965,1.381714422,-3.03674215e-08,3.074459767,4.319109971e-09
0.0010069,0,3.300000005,1.381714428,3.429936319e-08,3.074551789,-4.309217934e-09
0.0010071,0,3.299999965,1.381714422,-3.034320589e-08,3.074642843,4.319074138e-09
0.0010073,0,3.300000005,1.381714428,3.426608426e-08,3.074734655,-4.30919023e-09
0.0010075,0,3.299999965,1.381714422,-3.031902113e-08,3.07482549,4.319038322e-09
0.0010077,0,3.300000005,1.381714428,3.423287802e-08,3.07491709,-4.309162516e-09
0.0010079,0,3.299999965,1.381714422,-3.02948675e-08,3.075007716,4.3190025e-09
0.0010081,0,3.300000005,1.381714428,3.419974464e-08,3.075099106,-4.309134797e-09
0.0010083,0,3.299999965,1.381714422,-3.027074455e-08,3.075189529,4.318966704e-09
0.0010085,0,3.300000005,1.381714428,3.416668346e-08,3.075280703,-4.309107032e-09
0.0010087,0,3.299999965,1.381714422,-3.024665289e-08,3.075370915,4.31893095e-09
0.0010089,0,3.300000005,1.381714428,3.413369459e-08,3.075461887,-4.309079266e-09
0.0010091,0,3.299999965,1.381714422,-3.022259213e-08,3.07555189,4.318895202e-09
0.0010093,0,3.300000005,1.381714428,3.410077767e-08,3.075642652,-4.309051458e-09
0.0010095,0,3.299999965,1.381714422,-3.019856272e-08,3.075732446,4.318859457e-09
0.0010097,0,3.300000005,1.381714428,3.406793243e-08,3.075823006,-4.30902363e-09
0.0010099,0,3.299999965,1.381714422,-3.017456439e-08,3.075912592,4.318823757e-09
0.0010101,0,3.300000005,1.381714428,3.403515867e-08,3.076002941,-4.30899579e-09
0.0010103,0,3.299999965,1.381714422,-3.015059754e-08,3.076092333,4.31878805e-09
0.0010105,0,3.300000005,1.381714428,3.400245636e-08,3.076182477,-4.308967945e-09
0.0010107,0,3.299999965,1.381714422,-3.01266616e-08,3.076271658,4.318752329e-09
0.0010109,0,3.299999997,1.381714428,3.396982488e-08,3.0763616,-4.308940081e-09
0.0010111,0,3.299999963,1.381714422,-3.010275758e-08,3.076450582,4.318716678e-09
0.0010113,0,3.299999997,1.381714428,3.393726448e-08,3.076540316,-4.308912191e-09
0.0010115,0,3.299999963,1.381714422,-3.007888462e-08,3.076629095,4.318681005e-09
0.0010117,0,3.299999997,1.381714428,3.390477465e-08,3.076718629,-4.308884261e-09
0.0010119,0,3.299999963,1.381714422,-3.005504326e-08,3.076807209,4.318645376e-09
0.0010121,0,3.299999997,1.381714428,3.387235522e-08,3.076896543,-4.30885633e-09
0.0010123,0,3.299999963,1.381714422,-3.003123341e-08,3.076984914,4.318609768e-09
0.0010125,0,3.299999997,1.381714428,3.384000607e-08,3.077074054,-4.308828369e-09
0.0010127,0,3.299999963,1.381714422,-3.00074553e-08,3.077162227,4.318574144e-09
0.0010129,0,3.299999997,1.381714428,3.380772667e-08,3.077251167,-4.308800391e-09
0.0010131,0,3.299999963,1.381714422,-2.99837085e-08,3.077339141,4.318538558e-09
0.0010133,0,3.299999997,1.381714428,3.377551742e-08,3.077427881,-4.308772397e-09
0.0010135,0,3.299999963,1.381714422,-2.995999364e-08,3.077515662,4.318502981e-09
0.0010137,0,3.299999997,1.381714428,3.374337765e-08,3.077604204,-4.308744393e-09
0.0010139,0,3.299999963,1.381714422,-2.993631055e-08,3.077691785,4.318467438e-09
0.0010141,0,3.299999997,1.381714428,3.371130713e-08,3.077780135,-4.308716356e-09
0.0010143,0,3.299999963,1.381714422,-2.9912659e-08,3.077867519,4.318431878e-09
0.0010145,0,3.299999997,1.381714428,3.367930579e-08,3.077955669,-4.308688318e-09
0.0010147,0,3.299999963,1.381714422,-2.988903927e-08,3.07804286,4.318396359e-09
0.0010149,0,3.299999997,1.381714428,3.364737349e-08,3.07813082,-4.308660254e-09
0.0010151,0,3.299999963,1.381714422,-2.986545153e-08,3.078217813,4.318360845e-09
0.0010153,0,3.299999997,1.381714428,3.361550988e-08,3.078305573,-4.308632151e-09
0.0010155,0,3.299999963,1.381714422,-2.984189588e-08,3.078392375,4.318325342e-09
0.0010157,0,3.299999997,1.381714428,3.358371487e-08,3.078479944,-4.308604039e-09
0.0010159,0,3.299999963,1.381714422,-2.981837186e-08,3.078566556,4.318289879e-09
0.0010161,0,3.299999997,1.381714428,3.355198835e-08,3.078653936,-4.308575917e-09
0.0010163,0,3.299999963,1.381714422,-2.979487985e-08,3.078740357,4.318254402e-09
0.0010165,0,3.299999997,1.381714428,3.352032971e-08,3.078827539,-4.308547799e-09
0.0010167,0,3.299999963,1.381714422,-2.977141994e-08,3.078913768,4.318218939e-09
0.0010169,0,3.299999997,1.381714428,3.348873926e-08,3.079000768,-4.308519622e-09
0.0010171,0,3.299999971,1.381714422,-2.97479921e-08,3.079086802,4.3181835e-09
0.0010173,0,3.299999999,1.381714428,3.345721629e-08,3.079173609,-4.308491435e-09
0.0010175,0,3.299999971,1.381714422,-2.972459629e-08,3.079259461,4.318148095e-09
0.0010177,0,3.299999999,1.381714428,3.342576101e-08,3.079346073,-4.308463247e-09
0.0010179,0,3.299999971,1.381714422,-2.970123272e-08,3.079431732,4.318112663e-09
0.0010181,0,3.299999999,1.381714428,3.339437313e-08,3.079518162,-4.308435035e-09
0.0010183,0,3.299999971,1.381714422,-2.967790105e-08,3.079603641,4.318077272e-09
0.0010185,0,3.299999999,1.381714428,3.336305236e-08,3.079689883,-4.30840679e-09
0.0010187,0,3.299999971,1.381714422,-2.965460194e-08,3.079775164,4.318041911e-09
0.0010189,0,3.299999999,1.381714428,3.333179863e-08,3.079861222,-4.308378546e-09
0.0010191,0,3.299999971,1.381714422,-2.963133475e-08,3.079946323,4.318006531e-09
0.0010193,0,3.299999999,1.381714428,3.330061156e-08,3.080032193,-4.308350276e-09
0.0010195,0,3.299999971,1.381714422,-2.960809977e-08,3.080117113,4.317971177e-09
0.0010197,0,3.299999999,1.381714428,3.326949127e-08,3.080202794,-4.308321993e-09
0.0010199,0,3.299999971,1.381714422,-2.958489737e-08,3.080287524,4.31793584e-09
0.0010201,0,3.299999999,1.381714428,3.323843726e-08,3.080373031,-4.308293706e-09
0.0010203,0,3.299999971,1.381714422,-2.956172709e-08,3.080457575,4.317900518e-09
0.0010205,0,3.299999999,1.381714428,3.320744928e-08,3.080542893,-4.308265384e-09
0.0010207,0,3.299999971,1.381714422,-2.953858928e-08,3.080627262,4.317865213e-09
0.0010209,0,3.299999999,1.381714428,3.317652751e-08,3.080712394,-4.308237035e-09
0.0010211,0,3.299999971,1.381714422,-2.951548388e-08,3.080796581,4.317829907e-09
0.0010213,0,3.299999999,1.381714428,3.314567148e-08,3.080881533,-4.308208689e-09
0.0010215,0,3.299999971,1.381714422,-2.949241063e-08,3.08096554,4.317794625e-09
0.0010217,0,3.299999999,1.381714428,3.311488122e-08,3.081050312,-4.308180313e-09
0.0010219,0,3.299999971,1.381714422,-2.946937009e-08,3.081134131,4.317759364e-09
0.0010221,0,3.299999999,1.381714428,3.308415626e-08,3.081218729,-4.308151925e-09
0.0010223,0,3.299999971,1.381714422,-2.944636197e-08,3.08130237,4.317724106e-09
0.0010225,0,3.299999999,1.381714428,3.305349663e-08,3.081386788,-4.308123544e-09
0.0010227,0,3.299999971,1.381714422,-2.94233862e-08,3.081470249,4.317688861e-09
0.0010229,0,3.299999999,1.381714428,3.302290212e-08,3.081554487,-4.308095097e-09
0.0010231,0,3.299999971,1.381714422,-2.940044308e-08,3.081637768,4.317653649e-09
0.0010233,0,3.299999999,1.381714428,3.299237259e-08,3.081721826,-4.308066676e-09
0.0010235,0,3.299999971,1.381714422,-2.937753233e-08,3.081804935,4.317618437e-09
0.0010237,0,3.299999999,1.381714428,3.296190773e-08,3.081888815,-4.308038222e-09
0.0010239,0,3.299999971,1.381714422,-2.935465436e-08,3.081971752,4.317583217e-09
0.0010241,0,3.299999999,1.381714428,3.293150714e-08,3.082055454,-4.308009765e-09
0.0010243,0,3.299999971,1.381714422,-2.933180879e-08,3.082138211,4.317548039e-09
0.0010245,0,3.299999999,1.381714428,3.290117111e-08,3.082221741,-4.307981265e-09
0.0010247,0,3.299999971,1.381714422,-2.930899589e-08,3.08230432,4.317512869e-09
0.0010249,0,3.299999999,1.381714428,3.287089923e-08,3.082387678,-4.307952766e-09
0.0010251,0,3.299999971,1.381714422,-2.928621568e-08,3.082470087,4.317477707e-09
0.0010253,0,3.299999999,1.381714428,3.284069138e-08,3.082553267,-4.307924248e-09
0.0010255,0,3.299999971,1.381714422,-2.926346795e-08,3.082635496,4.317442534e-09
0.0010257,0,3.299999999,1.381714428,3.281054731e-08,3.082718504,-4.307895719e-09
0.0010259,0,3.299999971,1.381714422,-2.924075295e-08,3.082800563,4.317407428e-09
0.0010261,0,3.299999999,1.381714428,3.278046689e-08,3.082883401,-4.30786715e-09
0.0010263,0,3.299999966,1.381714421,-3.96487693e-08,3.082965213,5.768652096e-09
0.0010265,3.997540143e-09,3.30000001,1.38171443,5.652468158e-08,3.08304812,-7.613328487e-09
