OpenROAD dcf36133a369abc8f3c5e5738cd4d82e4903c0e0 
Features included (+) or not (-): +GPU +GUI +Python
This program is licensed under the BSD-3 license. See the LICENSE file for details.
Components of this program may be licensed under more restrictive licenses which must be honored.
[INFO ODB-0388] unsupported LEF58_EOLENCLOSURE property for layer Via1 :"
  	EOLENCLOSURE 0.34 0.06 ;"
[INFO ODB-0388] unsupported LEF58_EOLENCLOSURE property for layer Via2 :" EOLENCLOSURE 0.34 0.06 ; "
[INFO ODB-0388] unsupported LEF58_EOLENCLOSURE property for layer Via3 :" EOLENCLOSURE 0.34 0.06 ; "
[INFO ODB-0388] unsupported LEF58_EOLENCLOSURE property for layer Via4 :" EOLENCLOSURE 0.34 0.06 ; "
[INFO ODB-0227] LEF file: /Users/kimmy/Projects/open-microled-driver-asic/build/layout/pdk/gf180mcuD/libs.ref/gf180mcu_fd_sc_mcu7t5v0/techlef/gf180mcu_fd_sc_mcu7t5v0__nom.tlef, created 15 layers, 56 vias
[WARNING ODB-0220] WARNING (LEFPARS-2008): NOWIREEXTENSIONATPIN statement is obsolete in version 5.6 or later.
The NOWIREEXTENSIONATPIN statement will be ignored. See file /Users/kimmy/Projects/open-microled-driver-asic/build/layout/pdk/gf180mcuD/libs.ref/gf180mcu_fd_sc_mcu7t5v0/lef/gf180mcu_fd_sc_mcu7t5v0.lef at line 2.

[INFO ODB-0227] LEF file: /Users/kimmy/Projects/open-microled-driver-asic/build/layout/pdk/gf180mcuD/libs.ref/gf180mcu_fd_sc_mcu7t5v0/lef/gf180mcu_fd_sc_mcu7t5v0.lef, created 229 library cells
R2R_BEGIN_SETUP nom_ff_n40C_3v60
Startpoint: _153_ (rising edge-triggered flip-flop clocked by clk)
Endpoint: _152_ (rising edge-triggered flip-flop clocked by clk)
Path Group: clk
Path Type: max

Fanout         Cap        Slew       Delay        Time   Description
---------------------------------------------------------------------------------------------
                                  0.000000    0.000000   clock clk (rise edge)
                                  0.000000    0.000000   clock source latency
     1    0.030234    0.135990    0.070346    0.070346 ^ clk (in)
     4    0.097485    0.131232    0.247470    0.317816 ^ clkbuf_0_clk/Z (gf180mcu_fd_sc_mcu7t5v0__clkbuf_16)
     5    0.026381    0.075055    0.203860    0.521676 ^ clkbuf_2_1__f_clk/Z (gf180mcu_fd_sc_mcu7t5v0__clkbuf_16)
                      0.075055    0.000216    0.521893 ^ _153_/CLK (gf180mcu_fd_sc_mcu7t5v0__dffq_1)
     6    0.031861    0.488472    0.859218    1.381111 ^ _153_/Q (gf180mcu_fd_sc_mcu7t5v0__dffq_1)
     4    0.025861    0.423597    0.575910    1.957021 ^ _080_/Z (gf180mcu_fd_sc_mcu7t5v0__and3_1)
     3    0.018132    0.618942    0.530822    2.487844 ^ _108_/Z (gf180mcu_fd_sc_mcu7t5v0__xor2_1)
     1    0.008663    0.396563    0.317844    2.805687 v _109_/ZN (gf180mcu_fd_sc_mcu7t5v0__aoi221_1)
     1    0.005327    0.720499    0.439102    3.244789 ^ _114_/ZN (gf180mcu_fd_sc_mcu7t5v0__oai222_1)
     1    0.005801    0.135960    0.264192    3.508982 ^ wire13/Z (gf180mcu_fd_sc_mcu7t5v0__clkbuf_1)
     1    0.007927    0.283274    0.129860    3.638842 v _119_/ZN (gf180mcu_fd_sc_mcu7t5v0__aoi21_1)
     1    0.011803    0.483635    0.363249    4.002091 ^ _122_/ZN (gf180mcu_fd_sc_mcu7t5v0__oai211_1)
     1    0.003279    0.244486    0.095560    4.097651 v _123_/ZN (gf180mcu_fd_sc_mcu7t5v0__aoi21_1)
                      0.244486    0.000063    4.097714 v _152_/D (gf180mcu_fd_sc_mcu7t5v0__dffq_1)
                                              4.097714   data arrival time

                               1000.000000 1000.000000   clock clk (rise edge)
                                  0.000000 1000.000000   clock source latency
     1    0.030234    0.135990    0.063665 1000.063721 ^ clk (in)
     4    0.097485    0.131232    0.223849 1000.287537 ^ clkbuf_0_clk/Z (gf180mcu_fd_sc_mcu7t5v0__clkbuf_16)
     5    0.025417    0.074300    0.183491 1000.471008 ^ clkbuf_2_2__f_clk/Z (gf180mcu_fd_sc_mcu7t5v0__clkbuf_16)
                      0.074300    0.000227 1000.471252 ^ _152_/CLK (gf180mcu_fd_sc_mcu7t5v0__dffq_1)
                                 -0.250000 1000.221252   clock uncertainty
                                  0.030268 1000.251526   clock reconvergence pessimism
                                 -0.237480 1000.014038   library setup time
                                           1000.014038   data required time
---------------------------------------------------------------------------------------------
                                           1000.014038   data required time
                                             -4.097714   data arrival time
---------------------------------------------------------------------------------------------
                                            995.916260   slack (MET)


Startpoint: _153_ (rising edge-triggered flip-flop clocked by clk)
Endpoint: _162_ (rising edge-triggered flip-flop clocked by clk)
Path Group: clk
Path Type: max

Fanout         Cap        Slew       Delay        Time   Description
---------------------------------------------------------------------------------------------
                                  0.000000    0.000000   clock clk (rise edge)
                                  0.000000    0.000000   clock source latency
     1    0.030234    0.135990    0.070346    0.070346 ^ clk (in)
     4    0.097485    0.131232    0.247470    0.317816 ^ clkbuf_0_clk/Z (gf180mcu_fd_sc_mcu7t5v0__clkbuf_16)
     5    0.026381    0.075055    0.203860    0.521676 ^ clkbuf_2_1__f_clk/Z (gf180mcu_fd_sc_mcu7t5v0__clkbuf_16)
                      0.075055    0.000216    0.521893 ^ _153_/CLK (gf180mcu_fd_sc_mcu7t5v0__dffq_1)
     6    0.031861    0.488472    0.859218    1.381111 ^ _153_/Q (gf180mcu_fd_sc_mcu7t5v0__dffq_1)
     4    0.026865    0.451861    0.657133    2.038244 ^ _081_/Z (gf180mcu_fd_sc_mcu7t5v0__and4_1)
     2    0.015167    0.436474    0.320494    2.358738 v _084_/ZN (gf180mcu_fd_sc_mcu7t5v0__nand4_1)
     2    0.009150    0.224982    0.228741    2.587479 ^ _085_/ZN (gf180mcu_fd_sc_mcu7t5v0__clkinv_1)
     2    0.017592    0.299080    0.369636    2.957115 ^ _086_/Z (gf180mcu_fd_sc_mcu7t5v0__and2_1)
    10    0.059785    0.450602    0.421304    3.378419 ^ fanout14/Z (gf180mcu_fd_sc_mcu7t5v0__buf_2)
     1    0.005071    0.190944    0.156074    3.534493 v _134_/ZN (gf180mcu_fd_sc_mcu7t5v0__nor2_1)
     1    0.003421    0.407592    0.336078    3.870572 ^ _135_/ZN (gf180mcu_fd_sc_mcu7t5v0__aoi211_1)
                      0.407592    0.000037    3.870609 ^ _162_/D (gf180mcu_fd_sc_mcu7t5v0__dffq_1)
                                              3.870609   data arrival time

                               1000.000000 1000.000000   clock clk (rise edge)
                                  0.000000 1000.000000   clock source latency
     1    0.030234    0.135990    0.063665 1000.063721 ^ clk (in)
     4    0.097485    0.131232    0.223849 1000.287537 ^ clkbuf_0_clk/Z (gf180mcu_fd_sc_mcu7t5v0__clkbuf_16)
     5    0.023178    0.072548    0.182354 1000.469910 ^ clkbuf_2_0__f_clk/Z (gf180mcu_fd_sc_mcu7t5v0__clkbuf_16)
                      0.072548    0.000227 1000.470093 ^ _162_/CLK (gf180mcu_fd_sc_mcu7t5v0__dffq_1)
                                 -0.250000 1000.220154   clock uncertainty
                                  0.030268 1000.250366   clock reconvergence pessimism
                                 -0.220108 1000.030273   library setup time
                                           1000.030273   data required time
---------------------------------------------------------------------------------------------
                                           1000.030273   data required time
                                             -3.870609   data arrival time
---------------------------------------------------------------------------------------------
                                            996.159668   slack (MET)


Startpoint: _153_ (rising edge-triggered flip-flop clocked by clk)
Endpoint: _161_ (rising edge-triggered flip-flop clocked by clk)
Path Group: clk
Path Type: max

Fanout         Cap        Slew       Delay        Time   Description
---------------------------------------------------------------------------------------------
                                  0.000000    0.000000   clock clk (rise edge)
                                  0.000000    0.000000   clock source latency
     1    0.030234    0.135990    0.070346    0.070346 ^ clk (in)
     4    0.097485    0.131232    0.247470    0.317816 ^ clkbuf_0_clk/Z (gf180mcu_fd_sc_mcu7t5v0__clkbuf_16)
     5    0.026381    0.075055    0.203860    0.521676 ^ clkbuf_2_1__f_clk/Z (gf180mcu_fd_sc_mcu7t5v0__clkbuf_16)
                      0.075055    0.000216    0.521893 ^ _153_/CLK (gf180mcu_fd_sc_mcu7t5v0__dffq_1)
     6    0.031861    0.488472    0.859218    1.381111 ^ _153_/Q (gf180mcu_fd_sc_mcu7t5v0__dffq_1)
     4    0.026865    0.451861    0.657133    2.038244 ^ _081_/Z (gf180mcu_fd_sc_mcu7t5v0__and4_1)
     2    0.015167    0.436474    0.320494    2.358738 v _084_/ZN (gf180mcu_fd_sc_mcu7t5v0__nand4_1)
     2    0.009150    0.224982    0.228741    2.587479 ^ _085_/ZN (gf180mcu_fd_sc_mcu7t5v0__clkinv_1)
     2    0.017592    0.299080    0.369636    2.957115 ^ _086_/Z (gf180mcu_fd_sc_mcu7t5v0__and2_1)
    10    0.059785    0.450602    0.421304    3.378419 ^ fanout14/Z (gf180mcu_fd_sc_mcu7t5v0__buf_2)
     1    0.004441    0.184672    0.149018    3.527437 v _132_/ZN (gf180mcu_fd_sc_mcu7t5v0__nor2_1)
     1    0.002961    0.390865    0.324416    3.851853 ^ _133_/ZN (gf180mcu_fd_sc_mcu7t5v0__aoi211_1)
                      0.390865    0.000030    3.851883 ^ _161_/D (gf180mcu_fd_sc_mcu7t5v0__dffq_1)
                                              3.851883   data arrival time

                               1000.000000 1000.000000   clock clk (rise edge)
                                  0.000000 1000.000000   clock source latency
     1    0.030234    0.135990    0.063665 1000.063721 ^ clk (in)
     4    0.097485    0.131232    0.223849 1000.287537 ^ clkbuf_0_clk/Z (gf180mcu_fd_sc_mcu7t5v0__clkbuf_16)
     5    0.023178    0.072548    0.182354 1000.469910 ^ clkbuf_2_0__f_clk/Z (gf180mcu_fd_sc_mcu7t5v0__clkbuf_16)
                      0.072548    0.000227 1000.470093 ^ _161_/CLK (gf180mcu_fd_sc_mcu7t5v0__dffq_1)
                                 -0.250000 1000.220154   clock uncertainty
                                  0.030268 1000.250366   clock reconvergence pessimism
                                 -0.219084 1000.031311   library setup time
                                           1000.031311   data required time
---------------------------------------------------------------------------------------------
                                           1000.031311   data required time
                                             -3.851883   data arrival time
---------------------------------------------------------------------------------------------
                                            996.179382   slack (MET)


Startpoint: _153_ (rising edge-triggered flip-flop clocked by clk)
Endpoint: _164_ (rising edge-triggered flip-flop clocked by clk)
Path Group: clk
Path Type: max

Fanout         Cap        Slew       Delay        Time   Description
---------------------------------------------------------------------------------------------
                                  0.000000    0.000000   clock clk (rise edge)
                                  0.000000    0.000000   clock source latency
     1    0.030234    0.135990    0.070346    0.070346 ^ clk (in)
     4    0.097485    0.131232    0.247470    0.317816 ^ clkbuf_0_clk/Z (gf180mcu_fd_sc_mcu7t5v0__clkbuf_16)
     5    0.026381    0.075055    0.203860    0.521676 ^ clkbuf_2_1__f_clk/Z (gf180mcu_fd_sc_mcu7t5v0__clkbuf_16)
                      0.075055    0.000216    0.521893 ^ _153_/CLK (gf180mcu_fd_sc_mcu7t5v0__dffq_1)
     6    0.031861    0.488472    0.859218    1.381111 ^ _153_/Q (gf180mcu_fd_sc_mcu7t5v0__dffq_1)
     4    0.026865    0.451861    0.657133    2.038244 ^ _081_/Z (gf180mcu_fd_sc_mcu7t5v0__and4_1)
     2    0.015167    0.436474    0.320494    2.358738 v _084_/ZN (gf180mcu_fd_sc_mcu7t5v0__nand4_1)
     2    0.009150    0.224982    0.228741    2.587479 ^ _085_/ZN (gf180mcu_fd_sc_mcu7t5v0__clkinv_1)
     2    0.017592    0.299080    0.369636    2.957115 ^ _086_/Z (gf180mcu_fd_sc_mcu7t5v0__and2_1)
    10    0.059785    0.450602    0.421304    3.378419 ^ fanout14/Z (gf180mcu_fd_sc_mcu7t5v0__buf_2)
     1    0.006588    0.225860    0.180884    3.559303 v _138_/ZN (gf180mcu_fd_sc_mcu7t5v0__oai21_1)
     1    0.002751    0.237713    0.233011    3.792314 ^ _139_/ZN (gf180mcu_fd_sc_mcu7t5v0__aoi21_1)
                      0.237713    0.000027    3.792341 ^ _164_/D (gf180mcu_fd_sc_mcu7t5v0__dffq_1)
                                              3.792341   data arrival time

                               1000.000000 1000.000000   clock clk (rise edge)
                                  0.000000 1000.000000   clock source latency
     1    0.030234    0.135990    0.063665 1000.063721 ^ clk (in)
     4    0.097485    0.131232    0.223849 1000.287537 ^ clkbuf_0_clk/Z (gf180mcu_fd_sc_mcu7t5v0__clkbuf_16)
     5    0.023178    0.072548    0.182354 1000.469910 ^ clkbuf_2_0__f_clk/Z (gf180mcu_fd_sc_mcu7t5v0__clkbuf_16)
                      0.072548    0.000114 1000.470032 ^ _164_/CLK (gf180mcu_fd_sc_mcu7t5v0__dffq_1)
                                 -0.250000 1000.220032   clock uncertainty
                                  0.030268 1000.250244   clock reconvergence pessimism
                                 -0.209708 1000.040527   library setup time
                                           1000.040527   data required time
---------------------------------------------------------------------------------------------
                                           1000.040527   data required time
                                             -3.792341   data arrival time
---------------------------------------------------------------------------------------------
                                            996.248108   slack (MET)


Startpoint: _153_ (rising edge-triggered flip-flop clocked by clk)
Endpoint: _163_ (rising edge-triggered flip-flop clocked by clk)
Path Group: clk
Path Type: max

Fanout         Cap        Slew       Delay        Time   Description
---------------------------------------------------------------------------------------------
                                  0.000000    0.000000   clock clk (rise edge)
                                  0.000000    0.000000   clock source latency
     1    0.030234    0.135990    0.070346    0.070346 ^ clk (in)
     4    0.097485    0.131232    0.247470    0.317816 ^ clkbuf_0_clk/Z (gf180mcu_fd_sc_mcu7t5v0__clkbuf_16)
     5    0.026381    0.075055    0.203860    0.521676 ^ clkbuf_2_1__f_clk/Z (gf180mcu_fd_sc_mcu7t5v0__clkbuf_16)
                      0.075055    0.000216    0.521893 ^ _153_/CLK (gf180mcu_fd_sc_mcu7t5v0__dffq_1)
     6    0.031861    0.488472    0.859218    1.381111 ^ _153_/Q (gf180mcu_fd_sc_mcu7t5v0__dffq_1)
     4    0.026865    0.451861    0.657133    2.038244 ^ _081_/Z (gf180mcu_fd_sc_mcu7t5v0__and4_1)
     2    0.015167    0.436474    0.320494    2.358738 v _084_/ZN (gf180mcu_fd_sc_mcu7t5v0__nand4_1)
     2    0.009150    0.224982    0.228741    2.587479 ^ _085_/ZN (gf180mcu_fd_sc_mcu7t5v0__clkinv_1)
     2    0.017592    0.299080    0.369636    2.957115 ^ _086_/Z (gf180mcu_fd_sc_mcu7t5v0__and2_1)
    10    0.059785    0.450602    0.421304    3.378419 ^ fanout14/Z (gf180mcu_fd_sc_mcu7t5v0__buf_2)
     1    0.004918    0.207147    0.162862    3.541281 v _136_/ZN (gf180mcu_fd_sc_mcu7t5v0__oai21_1)
     1    0.003274    0.246816    0.237814    3.779095 ^ _137_/ZN (gf180mcu_fd_sc_mcu7t5v0__aoi21_1)
                      0.246816    0.000036    3.779131 ^ _163_/D (gf180mcu_fd_sc_mcu7t5v0__dffq_1)
                                              3.779131   data arrival time

                               1000.000000 1000.000000   clock clk (rise edge)
                                  0.000000 1000.000000   clock source latency
     1    0.030234    0.135990    0.063665 1000.063721 ^ clk (in)
     4    0.097485    0.131232    0.223849 1000.287537 ^ clkbuf_0_clk/Z (gf180mcu_fd_sc_mcu7t5v0__clkbuf_16)
     5    0.023178    0.072548    0.182354 1000.469910 ^ clkbuf_2_0__f_clk/Z (gf180mcu_fd_sc_mcu7t5v0__clkbuf_16)
                      0.072548    0.000114 1000.470032 ^ _163_/CLK (gf180mcu_fd_sc_mcu7t5v0__dffq_1)
                                 -0.250000 1000.220032   clock uncertainty
                                  0.030268 1000.250244   clock reconvergence pessimism
                                 -0.210265 1000.039917   library setup time
                                           1000.039917   data required time
---------------------------------------------------------------------------------------------
                                           1000.039917   data required time
                                             -3.779131   data arrival time
---------------------------------------------------------------------------------------------
                                            996.260742   slack (MET)


Startpoint: _153_ (rising edge-triggered flip-flop clocked by clk)
Endpoint: _165_ (rising edge-triggered flip-flop clocked by clk)
Path Group: clk
Path Type: max

Fanout         Cap        Slew       Delay        Time   Description
---------------------------------------------------------------------------------------------
                                  0.000000    0.000000   clock clk (rise edge)
                                  0.000000    0.000000   clock source latency
     1    0.030234    0.135990    0.070346    0.070346 ^ clk (in)
     4    0.097485    0.131232    0.247470    0.317816 ^ clkbuf_0_clk/Z (gf180mcu_fd_sc_mcu7t5v0__clkbuf_16)
     5    0.026381    0.075055    0.203860    0.521676 ^ clkbuf_2_1__f_clk/Z (gf180mcu_fd_sc_mcu7t5v0__clkbuf_16)
                      0.075055    0.000216    0.521893 ^ _153_/CLK (gf180mcu_fd_sc_mcu7t5v0__dffq_1)
     6    0.031861    0.488472    0.859218    1.381111 ^ _153_/Q (gf180mcu_fd_sc_mcu7t5v0__dffq_1)
     4    0.026865    0.451861    0.657133    2.038244 ^ _081_/Z (gf180mcu_fd_sc_mcu7t5v0__and4_1)
     2    0.015167    0.436474    0.320494    2.358738 v _084_/ZN (gf180mcu_fd_sc_mcu7t5v0__nand4_1)
     2    0.009150    0.224982    0.228741    2.587479 ^ _085_/ZN (gf180mcu_fd_sc_mcu7t5v0__clkinv_1)
     2    0.017592    0.299080    0.369636    2.957115 ^ _086_/Z (gf180mcu_fd_sc_mcu7t5v0__and2_1)
    10    0.059785    0.450602    0.421304    3.378419 ^ fanout14/Z (gf180mcu_fd_sc_mcu7t5v0__buf_2)
     1    0.006188    0.221109    0.175688    3.554107 v _140_/ZN (gf180mcu_fd_sc_mcu7t5v0__oai21_1)
     1    0.003319    0.252728    0.241106    3.795214 ^ _141_/ZN (gf180mcu_fd_sc_mcu7t5v0__aoi21_1)
                      0.252728    0.000066    3.795279 ^ _165_/D (gf180mcu_fd_sc_mcu7t5v0__dffq_1)
                                              3.795279   data arrival time

                               1000.000000 1000.000000   clock clk (rise edge)
                                  0.000000 1000.000000   clock source latency
     1    0.030234    0.135990    0.063665 1000.063721 ^ clk (in)
     4    0.097485    0.131232    0.223849 1000.287537 ^ clkbuf_0_clk/Z (gf180mcu_fd_sc_mcu7t5v0__clkbuf_16)
     5    0.026381    0.075055    0.184514 1000.472046 ^ clkbuf_2_1__f_clk/Z (gf180mcu_fd_sc_mcu7t5v0__clkbuf_16)
                      0.075055    0.000227 1000.472290 ^ _165_/CLK (gf180mcu_fd_sc_mcu7t5v0__dffq_1)
                                 -0.250000 1000.222290   clock uncertainty
                                  0.049683 1000.271973   clock reconvergence pessimism
                                 -0.210097 1000.061890   library setup time
                                           1000.061890   data required time
---------------------------------------------------------------------------------------------
                                           1000.061890   data required time
                                             -3.795279   data arrival time
---------------------------------------------------------------------------------------------
                                            996.266541   slack (MET)


Startpoint: _153_ (rising edge-triggered flip-flop clocked by clk)
Endpoint: _167_ (rising edge-triggered flip-flop clocked by clk)
Path Group: clk
Path Type: max

Fanout         Cap        Slew       Delay        Time   Description
---------------------------------------------------------------------------------------------
                                  0.000000    0.000000   clock clk (rise edge)
                                  0.000000    0.000000   clock source latency
     1    0.030234    0.135990    0.070346    0.070346 ^ clk (in)
     4    0.097485    0.131232    0.247470    0.317816 ^ clkbuf_0_clk/Z (gf180mcu_fd_sc_mcu7t5v0__clkbuf_16)
     5    0.026381    0.075055    0.203860    0.521676 ^ clkbuf_2_1__f_clk/Z (gf180mcu_fd_sc_mcu7t5v0__clkbuf_16)
                      0.075055    0.000216    0.521893 ^ _153_/CLK (gf180mcu_fd_sc_mcu7t5v0__dffq_1)
     6    0.031861    0.488472    0.859218    1.381111 ^ _153_/Q (gf180mcu_fd_sc_mcu7t5v0__dffq_1)
     4    0.026865    0.451861    0.657133    2.038244 ^ _081_/Z (gf180mcu_fd_sc_mcu7t5v0__and4_1)
     2    0.015167    0.436474    0.320494    2.358738 v _084_/ZN (gf180mcu_fd_sc_mcu7t5v0__nand4_1)
     2    0.009150    0.224982    0.228741    2.587479 ^ _085_/ZN (gf180mcu_fd_sc_mcu7t5v0__clkinv_1)
     5    0.033908    0.448332    0.330302    2.917781 v _087_/ZN (gf180mcu_fd_sc_mcu7t5v0__nand2_1)
     3    0.017673    0.543298    0.446044    3.363825 ^ _144_/ZN (gf180mcu_fd_sc_mcu7t5v0__nor2_1)
     1    0.005038    0.283614    0.215109    3.578935 v _145_/ZN (gf180mcu_fd_sc_mcu7t5v0__aoi22_1)
     1    0.003071    0.195028    0.186259    3.765194 ^ _146_/ZN (gf180mcu_fd_sc_mcu7t5v0__nor2_1)
                      0.195028    0.000032    3.765226 ^ _167_/D (gf180mcu_fd_sc_mcu7t5v0__dffq_1)
                                              3.765226   data arrival time

                               1000.000000 1000.000000   clock clk (rise edge)
                                  0.000000 1000.000000   clock source latency
     1    0.030234    0.135990    0.063665 1000.063721 ^ clk (in)
     4    0.097485    0.131232    0.223849 1000.287537 ^ clkbuf_0_clk/Z (gf180mcu_fd_sc_mcu7t5v0__clkbuf_16)
     5    0.025417    0.074300    0.183491 1000.471008 ^ clkbuf_2_2__f_clk/Z (gf180mcu_fd_sc_mcu7t5v0__clkbuf_16)
                      0.074300    0.000341 1000.471375 ^ _167_/CLK (gf180mcu_fd_sc_mcu7t5v0__dffq_1)
                                 -0.250000 1000.221375   clock uncertainty
                                  0.030268 1000.251587   clock reconvergence pessimism
                                 -0.206708 1000.044922   library setup time
                                           1000.044922   data required time
---------------------------------------------------------------------------------------------
                                           1000.044922   data required time
                                             -3.765226   data arrival time
---------------------------------------------------------------------------------------------
                                            996.279724   slack (MET)


Startpoint: _153_ (rising edge-triggered flip-flop clocked by clk)
Endpoint: _168_ (rising edge-triggered flip-flop clocked by clk)
Path Group: clk
Path Type: max

Fanout         Cap        Slew       Delay        Time   Description
---------------------------------------------------------------------------------------------
                                  0.000000    0.000000   clock clk (rise edge)
                                  0.000000    0.000000   clock source latency
     1    0.030234    0.135990    0.070346    0.070346 ^ clk (in)
     4    0.097485    0.131232    0.247470    0.317816 ^ clkbuf_0_clk/Z (gf180mcu_fd_sc_mcu7t5v0__clkbuf_16)
     5    0.026381    0.075055    0.203860    0.521676 ^ clkbuf_2_1__f_clk/Z (gf180mcu_fd_sc_mcu7t5v0__clkbuf_16)
                      0.075055    0.000216    0.521893 ^ _153_/CLK (gf180mcu_fd_sc_mcu7t5v0__dffq_1)
     6    0.031861    0.488472    0.859218    1.381111 ^ _153_/Q (gf180mcu_fd_sc_mcu7t5v0__dffq_1)
     4    0.026865    0.451861    0.657133    2.038244 ^ _081_/Z (gf180mcu_fd_sc_mcu7t5v0__and4_1)
     2    0.015167    0.436474    0.320494    2.358738 v _084_/ZN (gf180mcu_fd_sc_mcu7t5v0__nand4_1)
     2    0.009150    0.224982    0.228741    2.587479 ^ _085_/ZN (gf180mcu_fd_sc_mcu7t5v0__clkinv_1)
     5    0.033908    0.448332    0.330302    2.917781 v _087_/ZN (gf180mcu_fd_sc_mcu7t5v0__nand2_1)
     3    0.017673    0.543298    0.446044    3.363825 ^ _144_/ZN (gf180mcu_fd_sc_mcu7t5v0__nor2_1)
     1    0.004626    0.279552    0.210786    3.574612 v _147_/ZN (gf180mcu_fd_sc_mcu7t5v0__aoi22_1)
     1    0.002696    0.185664    0.179496    3.754107 ^ _148_/ZN (gf180mcu_fd_sc_mcu7t5v0__nor2_1)
                      0.185664    0.000026    3.754133 ^ _168_/D (gf180mcu_fd_sc_mcu7t5v0__dffq_1)
                                              3.754133   data arrival time

                               1000.000000 1000.000000   clock clk (rise edge)
                                  0.000000 1000.000000   clock source latency
     1    0.030234    0.135990    0.063665 1000.063721 ^ clk (in)
     4    0.097485    0.131232    0.223849 1000.287537 ^ clkbuf_0_clk/Z (gf180mcu_fd_sc_mcu7t5v0__clkbuf_16)
     5    0.025417    0.074300    0.183491 1000.471008 ^ clkbuf_2_2__f_clk/Z (gf180mcu_fd_sc_mcu7t5v0__clkbuf_16)
                      0.074300    0.000455 1000.471497 ^ _168_/CLK (gf180mcu_fd_sc_mcu7t5v0__dffq_1)
                                 -0.250000 1000.221497   clock uncertainty
                                  0.030268 1000.251709   clock reconvergence pessimism
                                 -0.206131 1000.045593   library setup time
                                           1000.045593   data required time
---------------------------------------------------------------------------------------------
                                           1000.045593   data required time
                                             -3.754133   data arrival time
---------------------------------------------------------------------------------------------
                                            996.291443   slack (MET)


Startpoint: _153_ (rising edge-triggered flip-flop clocked by clk)
Endpoint: _166_ (rising edge-triggered flip-flop clocked by clk)
Path Group: clk
Path Type: max

Fanout         Cap        Slew       Delay        Time   Description
---------------------------------------------------------------------------------------------
                                  0.000000    0.000000   clock clk (rise edge)
                                  0.000000    0.000000   clock source latency
     1    0.030234    0.135990    0.070346    0.070346 ^ clk (in)
     4    0.097485    0.131232    0.247470    0.317816 ^ clkbuf_0_clk/Z (gf180mcu_fd_sc_mcu7t5v0__clkbuf_16)
     5    0.026381    0.075055    0.203860    0.521676 ^ clkbuf_2_1__f_clk/Z (gf180mcu_fd_sc_mcu7t5v0__clkbuf_16)
                      0.075055    0.000216    0.521893 ^ _153_/CLK (gf180mcu_fd_sc_mcu7t5v0__dffq_1)
     6    0.031861    0.488472    0.859218    1.381111 ^ _153_/Q (gf180mcu_fd_sc_mcu7t5v0__dffq_1)
     4    0.026865    0.451861    0.657133    2.038244 ^ _081_/Z (gf180mcu_fd_sc_mcu7t5v0__and4_1)
     2    0.015167    0.436474    0.320494    2.358738 v _084_/ZN (gf180mcu_fd_sc_mcu7t5v0__nand4_1)
     2    0.009150    0.224982    0.228741    2.587479 ^ _085_/ZN (gf180mcu_fd_sc_mcu7t5v0__clkinv_1)
     2    0.017592    0.299080    0.369636    2.957115 ^ _086_/Z (gf180mcu_fd_sc_mcu7t5v0__and2_1)
     5    0.034957    0.277685    0.313652    3.270767 ^ fanout15/Z (gf180mcu_fd_sc_mcu7t5v0__buf_2)
     1    0.005108    0.150879    0.137736    3.408503 v _142_/ZN (gf180mcu_fd_sc_mcu7t5v0__nor2_1)
     1    0.003313    0.403681    0.326882    3.735385 ^ _143_/ZN (gf180mcu_fd_sc_mcu7t5v0__aoi211_1)
                      0.403681    0.000037    3.735422 ^ _166_/D (gf180mcu_fd_sc_mcu7t5v0__dffq_1)
                                              3.735422   data arrival time

                               1000.000000 1000.000000   clock clk (rise edge)
                                  0.000000 1000.000000   clock source latency
     1    0.030234    0.135990    0.063665 1000.063721 ^ clk (in)
     4    0.097485    0.131232    0.223849 1000.287537 ^ clkbuf_0_clk/Z (gf180mcu_fd_sc_mcu7t5v0__clkbuf_16)
     5    0.026381    0.075055    0.184514 1000.472046 ^ clkbuf_2_1__f_clk/Z (gf180mcu_fd_sc_mcu7t5v0__clkbuf_16)
                      0.075055    0.000227 1000.472290 ^ _166_/CLK (gf180mcu_fd_sc_mcu7t5v0__dffq_1)
                                 -0.250000 1000.222290   clock uncertainty
                                  0.049683 1000.271973   clock reconvergence pessimism
                                 -0.219402 1000.052551   library setup time
                                           1000.052551   data required time
---------------------------------------------------------------------------------------------
                                           1000.052551   data required time
                                             -3.735422   data arrival time
---------------------------------------------------------------------------------------------
                                            996.317139   slack (MET)


Startpoint: _153_ (rising edge-triggered flip-flop clocked by clk)
Endpoint: _169_ (rising edge-triggered flip-flop clocked by clk)
Path Group: clk
Path Type: max

Fanout         Cap        Slew       Delay        Time   Description
---------------------------------------------------------------------------------------------
                                  0.000000    0.000000   clock clk (rise edge)
                                  0.000000    0.000000   clock source latency
     1    0.030234    0.135990    0.070346    0.070346 ^ clk (in)
     4    0.097485    0.131232    0.247470    0.317816 ^ clkbuf_0_clk/Z (gf180mcu_fd_sc_mcu7t5v0__clkbuf_16)
     5    0.026381    0.075055    0.203860    0.521676 ^ clkbuf_2_1__f_clk/Z (gf180mcu_fd_sc_mcu7t5v0__clkbuf_16)
                      0.075055    0.000216    0.521893 ^ _153_/CLK (gf180mcu_fd_sc_mcu7t5v0__dffq_1)
     6    0.031861    0.488472    0.859218    1.381111 ^ _153_/Q (gf180mcu_fd_sc_mcu7t5v0__dffq_1)
     4    0.026865    0.451861    0.657133    2.038244 ^ _081_/Z (gf180mcu_fd_sc_mcu7t5v0__and4_1)
     2    0.015167    0.436474    0.320494    2.358738 v _084_/ZN (gf180mcu_fd_sc_mcu7t5v0__nand4_1)
     2    0.009150    0.224982    0.228741    2.587479 ^ _085_/ZN (gf180mcu_fd_sc_mcu7t5v0__clkinv_1)
     2    0.017592    0.299080    0.369636    2.957115 ^ _086_/Z (gf180mcu_fd_sc_mcu7t5v0__and2_1)
     5    0.034957    0.277685    0.313652    3.270767 ^ fanout15/Z (gf180mcu_fd_sc_mcu7t5v0__buf_2)
     1    0.005047    0.170727    0.145744    3.416511 v _149_/ZN (gf180mcu_fd_sc_mcu7t5v0__oai21_1)
     1    0.002859    0.196586    0.162387    3.578898 ^ _150_/ZN (gf180mcu_fd_sc_mcu7t5v0__nor2_1)
                      0.196586    0.000029    3.578927 ^ _169_/D (gf180mcu_fd_sc_mcu7t5v0__dffq_1)
                                              3.578927   data arrival time

                               1000.000000 1000.000000   clock clk (rise edge)
                                  0.000000 1000.000000   clock source latency
     1    0.030234    0.135990    0.063665 1000.063721 ^ clk (in)
     4    0.097485    0.131232    0.223849 1000.287537 ^ clkbuf_0_clk/Z (gf180mcu_fd_sc_mcu7t5v0__clkbuf_16)
     5    0.025417    0.074300    0.183491 1000.471008 ^ clkbuf_2_2__f_clk/Z (gf180mcu_fd_sc_mcu7t5v0__clkbuf_16)
                      0.074300    0.000341 1000.471375 ^ _169_/CLK (gf180mcu_fd_sc_mcu7t5v0__dffq_1)
                                 -0.250000 1000.221375   clock uncertainty
                                  0.030268 1000.251587   clock reconvergence pessimism
                                 -0.206803 1000.044800   library setup time
                                           1000.044800   data required time
---------------------------------------------------------------------------------------------
                                           1000.044800   data required time
                                             -3.578927   data arrival time
---------------------------------------------------------------------------------------------
                                            996.465820   slack (MET)


Startpoint: _153_ (rising edge-triggered flip-flop clocked by clk)
Endpoint: _170_ (rising edge-triggered flip-flop clocked by clk)
Path Group: clk
Path Type: max

Fanout         Cap        Slew       Delay        Time   Description
---------------------------------------------------------------------------------------------
                                  0.000000    0.000000   clock clk (rise edge)
                                  0.000000    0.000000   clock source latency
     1    0.030234    0.135990    0.070346    0.070346 ^ clk (in)
     4    0.097485    0.131232    0.247470    0.317816 ^ clkbuf_0_clk/Z (gf180mcu_fd_sc_mcu7t5v0__clkbuf_16)
     5    0.026381    0.075055    0.203860    0.521676 ^ clkbuf_2_1__f_clk/Z (gf180mcu_fd_sc_mcu7t5v0__clkbuf_16)
                      0.075055    0.000216    0.521893 ^ _153_/CLK (gf180mcu_fd_sc_mcu7t5v0__dffq_1)
     6    0.031861    0.488472    0.859218    1.381111 ^ _153_/Q (gf180mcu_fd_sc_mcu7t5v0__dffq_1)
     4    0.026865    0.451861    0.657133    2.038244 ^ _081_/Z (gf180mcu_fd_sc_mcu7t5v0__and4_1)
     2    0.015167    0.436474    0.320494    2.358738 v _084_/ZN (gf180mcu_fd_sc_mcu7t5v0__nand4_1)
     2    0.009150    0.224982    0.228741    2.587479 ^ _085_/ZN (gf180mcu_fd_sc_mcu7t5v0__clkinv_1)
     2    0.017592    0.299080    0.369636    2.957115 ^ _086_/Z (gf180mcu_fd_sc_mcu7t5v0__and2_1)
     5    0.034957    0.277685    0.313652    3.270767 ^ fanout15/Z (gf180mcu_fd_sc_mcu7t5v0__buf_2)
     1    0.006035    0.143007    0.117498    3.388265 v _088_/ZN (gf180mcu_fd_sc_mcu7t5v0__nand2_1)
     1    0.002783    0.243774    0.151322    3.539587 ^ _151_/ZN (gf180mcu_fd_sc_mcu7t5v0__aoi21_1)
                      0.243774    0.000028    3.539616 ^ _170_/D (gf180mcu_fd_sc_mcu7t5v0__dffq_1)
                                              3.539616   data arrival time

                               1000.000000 1000.000000   clock clk (rise edge)
                                  0.000000 1000.000000   clock source latency
     1    0.030234    0.135990    0.063665 1000.063721 ^ clk (in)
     4    0.097485    0.131232    0.223849 1000.287537 ^ clkbuf_0_clk/Z (gf180mcu_fd_sc_mcu7t5v0__clkbuf_16)
     5    0.025417    0.074300    0.183491 1000.471008 ^ clkbuf_2_2__f_clk/Z (gf180mcu_fd_sc_mcu7t5v0__clkbuf_16)
                      0.074300    0.000227 1000.471252 ^ _170_/CLK (gf180mcu_fd_sc_mcu7t5v0__dffq_1)
                                 -0.250000 1000.221252   clock uncertainty
                                  0.030268 1000.251526   clock reconvergence pessimism
                                 -0.209706 1000.041748   library setup time
                                           1000.041748   data required time
---------------------------------------------------------------------------------------------
                                           1000.041748   data required time
                                             -3.539616   data arrival time
---------------------------------------------------------------------------------------------
                                            996.502136   slack (MET)


Startpoint: _153_ (rising edge-triggered flip-flop clocked by clk)
Endpoint: _160_ (rising edge-triggered flip-flop clocked by clk)
Path Group: clk
Path Type: max

Fanout         Cap        Slew       Delay        Time   Description
---------------------------------------------------------------------------------------------
                                  0.000000    0.000000   clock clk (rise edge)
                                  0.000000    0.000000   clock source latency
     1    0.030234    0.135990    0.070346    0.070346 ^ clk (in)
     4    0.097485    0.131232    0.247470    0.317816 ^ clkbuf_0_clk/Z (gf180mcu_fd_sc_mcu7t5v0__clkbuf_16)
     5    0.026381    0.075055    0.203860    0.521676 ^ clkbuf_2_1__f_clk/Z (gf180mcu_fd_sc_mcu7t5v0__clkbuf_16)
                      0.075055    0.000216    0.521893 ^ _153_/CLK (gf180mcu_fd_sc_mcu7t5v0__dffq_1)
     6    0.031861    0.488472    0.859218    1.381111 ^ _153_/Q (gf180mcu_fd_sc_mcu7t5v0__dffq_1)
     4    0.026865    0.451861    0.657133    2.038244 ^ _081_/Z (gf180mcu_fd_sc_mcu7t5v0__and4_1)
     2    0.015167    0.436474    0.320494    2.358738 v _084_/ZN (gf180mcu_fd_sc_mcu7t5v0__nand4_1)
     3    0.017708    0.303950    0.578851    2.937588 v _117_/Z (gf180mcu_fd_sc_mcu7t5v0__xor2_1)
     1    0.003029    0.162319    0.179170    3.116759 ^ _131_/ZN (gf180mcu_fd_sc_mcu7t5v0__nand2_1)
                      0.162319    0.000031    3.116790 ^ _160_/D (gf180mcu_fd_sc_mcu7t5v0__dffq_1)
                                              3.116790   data arrival time

                               1000.000000 1000.000000   clock clk (rise edge)
                                  0.000000 1000.000000   clock source latency
     1    0.030234    0.135990    0.063665 1000.063721 ^ clk (in)
     4    0.097485    0.131232    0.223849 1000.287537 ^ clkbuf_0_clk/Z (gf180mcu_fd_sc_mcu7t5v0__clkbuf_16)
     5    0.025845    0.074636    0.183832 1000.471375 ^ clkbuf_2_3__f_clk/Z (gf180mcu_fd_sc_mcu7t5v0__clkbuf_16)
                      0.074636    0.000227 1000.471619 ^ _160_/CLK (gf180mcu_fd_sc_mcu7t5v0__dffq_1)
                                 -0.250000 1000.221619   clock uncertainty
                                  0.030268 1000.251831   clock reconvergence pessimism
                                 -0.202107 1000.049683   library setup time
                                           1000.049683   data required time
---------------------------------------------------------------------------------------------
                                           1000.049683   data required time
                                             -3.116790   data arrival time
---------------------------------------------------------------------------------------------
                                            996.932861   slack (MET)


Startpoint: _153_ (rising edge-triggered flip-flop clocked by clk)
Endpoint: _159_ (rising edge-triggered flip-flop clocked by clk)
Path Group: clk
Path Type: max

Fanout         Cap        Slew       Delay        Time   Description
---------------------------------------------------------------------------------------------
                                  0.000000    0.000000   clock clk (rise edge)
                                  0.000000    0.000000   clock source latency
     1    0.030234    0.135990    0.070346    0.070346 ^ clk (in)
     4    0.097485    0.131232    0.247470    0.317816 ^ clkbuf_0_clk/Z (gf180mcu_fd_sc_mcu7t5v0__clkbuf_16)
     5    0.026381    0.075055    0.203860    0.521676 ^ clkbuf_2_1__f_clk/Z (gf180mcu_fd_sc_mcu7t5v0__clkbuf_16)
                      0.075055    0.000216    0.521893 ^ _153_/CLK (gf180mcu_fd_sc_mcu7t5v0__dffq_1)
     6    0.031861    0.488472    0.859218    1.381111 ^ _153_/Q (gf180mcu_fd_sc_mcu7t5v0__dffq_1)
     4    0.026865    0.451861    0.657133    2.038244 ^ _081_/Z (gf180mcu_fd_sc_mcu7t5v0__and4_1)
     1    0.008040    0.242833    0.182787    2.221030 v _083_/ZN (gf180mcu_fd_sc_mcu7t5v0__nand3_1)
     3    0.018478    0.280622    0.514453    2.735483 v _115_/Z (gf180mcu_fd_sc_mcu7t5v0__xor2_1)
     1    0.003085    0.158557    0.173345    2.908828 ^ _130_/ZN (gf180mcu_fd_sc_mcu7t5v0__nand2_1)
                      0.158557    0.000032    2.908860 ^ _159_/D (gf180mcu_fd_sc_mcu7t5v0__dffq_1)
                                              2.908860   data arrival time

                               1000.000000 1000.000000   clock clk (rise edge)
                                  0.000000 1000.000000   clock source latency
     1    0.030234    0.135990    0.063665 1000.063721 ^ clk (in)
     4    0.097485    0.131232    0.223849 1000.287537 ^ clkbuf_0_clk/Z (gf180mcu_fd_sc_mcu7t5v0__clkbuf_16)
     5    0.025845    0.074636    0.183832 1000.471375 ^ clkbuf_2_3__f_clk/Z (gf180mcu_fd_sc_mcu7t5v0__clkbuf_16)
                      0.074636    0.000000 1000.471375 ^ _159_/CLK (gf180mcu_fd_sc_mcu7t5v0__dffq_1)
                                 -0.250000 1000.221375   clock uncertainty
                                  0.030268 1000.251587   clock reconvergence pessimism
                                 -0.201378 1000.050293   library setup time
                                           1000.050293   data required time
---------------------------------------------------------------------------------------------
                                           1000.050293   data required time
                                             -2.908860   data arrival time
---------------------------------------------------------------------------------------------
                                            997.141357   slack (MET)


Startpoint: _153_ (rising edge-triggered flip-flop clocked by clk)
Endpoint: _157_ (rising edge-triggered flip-flop clocked by clk)
Path Group: clk
Path Type: max

Fanout         Cap        Slew       Delay        Time   Description
---------------------------------------------------------------------------------------------
                                  0.000000    0.000000   clock clk (rise edge)
                                  0.000000    0.000000   clock source latency
     1    0.030234    0.135990    0.070346    0.070346 ^ clk (in)
     4    0.097485    0.131232    0.247470    0.317816 ^ clkbuf_0_clk/Z (gf180mcu_fd_sc_mcu7t5v0__clkbuf_16)
     5    0.026381    0.075055    0.203860    0.521676 ^ clkbuf_2_1__f_clk/Z (gf180mcu_fd_sc_mcu7t5v0__clkbuf_16)
                      0.075055    0.000216    0.521893 ^ _153_/CLK (gf180mcu_fd_sc_mcu7t5v0__dffq_1)
     6    0.031861    0.488472    0.859218    1.381111 ^ _153_/Q (gf180mcu_fd_sc_mcu7t5v0__dffq_1)
     4    0.026865    0.451861    0.657133    2.038244 ^ _081_/Z (gf180mcu_fd_sc_mcu7t5v0__and4_1)
     2    0.012906    0.490695    0.449849    2.488093 ^ _110_/Z (gf180mcu_fd_sc_mcu7t5v0__xor2_1)
     2    0.010315    0.232755    0.200229    2.688322 v _111_/ZN (gf180mcu_fd_sc_mcu7t5v0__clkinv_1)
     1    0.003028    0.148568    0.159237    2.847559 ^ _128_/ZN (gf180mcu_fd_sc_mcu7t5v0__nand2_1)
                      0.148568    0.000032    2.847591 ^ _157_/D (gf180mcu_fd_sc_mcu7t5v0__dffq_1)
                                              2.847591   data arrival time

                               1000.000000 1000.000000   clock clk (rise edge)
                                  0.000000 1000.000000   clock source latency
     1    0.030234    0.135990    0.063665 1000.063721 ^ clk (in)
     4    0.097485    0.131232    0.223849 1000.287537 ^ clkbuf_0_clk/Z (gf180mcu_fd_sc_mcu7t5v0__clkbuf_16)
     5    0.025845    0.074636    0.183832 1000.471375 ^ clkbuf_2_3__f_clk/Z (gf180mcu_fd_sc_mcu7t5v0__clkbuf_16)
                      0.074636    0.000000 1000.471375 ^ _157_/CLK (gf180mcu_fd_sc_mcu7t5v0__dffq_1)
                                 -0.250000 1000.221375   clock uncertainty
                                  0.030268 1000.251587   clock reconvergence pessimism
                                 -0.199441 1000.052185   library setup time
                                           1000.052185   data required time
---------------------------------------------------------------------------------------------
                                           1000.052185   data required time
                                             -2.847591   data arrival time
---------------------------------------------------------------------------------------------
                                            997.204590   slack (MET)


Startpoint: _153_ (rising edge-triggered flip-flop clocked by clk)
Endpoint: _158_ (rising edge-triggered flip-flop clocked by clk)
Path Group: clk
Path Type: max

Fanout         Cap        Slew       Delay        Time   Description
---------------------------------------------------------------------------------------------
                                  0.000000    0.000000   clock clk (rise edge)
                                  0.000000    0.000000   clock source latency
     1    0.030234    0.135990    0.070346    0.070346 ^ clk (in)
     4    0.097485    0.131232    0.247470    0.317816 ^ clkbuf_0_clk/Z (gf180mcu_fd_sc_mcu7t5v0__clkbuf_16)
     5    0.026381    0.075055    0.203860    0.521676 ^ clkbuf_2_1__f_clk/Z (gf180mcu_fd_sc_mcu7t5v0__clkbuf_16)
                      0.075055    0.000216    0.521893 ^ _153_/CLK (gf180mcu_fd_sc_mcu7t5v0__dffq_1)
     6    0.031861    0.488472    0.859218    1.381111 ^ _153_/Q (gf180mcu_fd_sc_mcu7t5v0__dffq_1)
     4    0.026865    0.451861    0.657133    2.038244 ^ _081_/Z (gf180mcu_fd_sc_mcu7t5v0__and4_1)
     1    0.007605    0.189122    0.138751    2.176994 v _082_/ZN (gf180mcu_fd_sc_mcu7t5v0__nand2_1)
     3    0.017563    0.281408    0.490093    2.667088 v _113_/Z (gf180mcu_fd_sc_mcu7t5v0__xor2_1)
     1    0.002832    0.155376    0.170739    2.837827 ^ _129_/ZN (gf180mcu_fd_sc_mcu7t5v0__nand2_1)
                      0.155376    0.000029    2.837856 ^ _158_/D (gf180mcu_fd_sc_mcu7t5v0__dffq_1)
                                              2.837856   data arrival time

                               1000.000000 1000.000000   clock clk (rise edge)
                                  0.000000 1000.000000   clock source latency
     1    0.030234    0.135990    0.063665 1000.063721 ^ clk (in)
     4    0.097485    0.131232    0.223849 1000.287537 ^ clkbuf_0_clk/Z (gf180mcu_fd_sc_mcu7t5v0__clkbuf_16)
     5    0.025845    0.074636    0.183832 1000.471375 ^ clkbuf_2_3__f_clk/Z (gf180mcu_fd_sc_mcu7t5v0__clkbuf_16)
                      0.074636    0.000000 1000.471375 ^ _158_/CLK (gf180mcu_fd_sc_mcu7t5v0__dffq_1)
                                 -0.250000 1000.221375   clock uncertainty
                                  0.030268 1000.251587   clock reconvergence pessimism
                                 -0.200761 1000.050842   library setup time
                                           1000.050842   data required time
---------------------------------------------------------------------------------------------
                                           1000.050842   data required time
                                             -2.837856   data arrival time
---------------------------------------------------------------------------------------------
                                            997.213013   slack (MET)


Startpoint: _153_ (rising edge-triggered flip-flop clocked by clk)
Endpoint: _156_ (rising edge-triggered flip-flop clocked by clk)
Path Group: clk
Path Type: max

Fanout         Cap        Slew       Delay        Time   Description
---------------------------------------------------------------------------------------------
                                  0.000000    0.000000   clock clk (rise edge)
                                  0.000000    0.000000   clock source latency
     1    0.030234    0.135990    0.070346    0.070346 ^ clk (in)
     4    0.097485    0.131232    0.247470    0.317816 ^ clkbuf_0_clk/Z (gf180mcu_fd_sc_mcu7t5v0__clkbuf_16)
     5    0.026381    0.075055    0.203860    0.521676 ^ clkbuf_2_1__f_clk/Z (gf180mcu_fd_sc_mcu7t5v0__clkbuf_16)
                      0.075055    0.000216    0.521893 ^ _153_/CLK (gf180mcu_fd_sc_mcu7t5v0__dffq_1)
     6    0.031861    0.488472    0.859218    1.381111 ^ _153_/Q (gf180mcu_fd_sc_mcu7t5v0__dffq_1)
     4    0.025861    0.423597    0.575910    1.957021 ^ _080_/Z (gf180mcu_fd_sc_mcu7t5v0__and3_1)
     3    0.018132    0.618942    0.530822    2.487844 ^ _108_/Z (gf180mcu_fd_sc_mcu7t5v0__xor2_1)
     1    0.002978    0.104214    0.246143    2.733987 ^ _127_/Z (gf180mcu_fd_sc_mcu7t5v0__or2_1)
                      0.104214    0.000032    2.734018 ^ _156_/D (gf180mcu_fd_sc_mcu7t5v0__dffq_1)
                                              2.734018   data arrival time

                               1000.000000 1000.000000   clock clk (rise edge)
                                  0.000000 1000.000000   clock source latency
     1    0.030234    0.135990    0.063665 1000.063721 ^ clk (in)
     4    0.097485    0.131232    0.223849 1000.287537 ^ clkbuf_0_clk/Z (gf180mcu_fd_sc_mcu7t5v0__clkbuf_16)
     5    0.026381    0.075055    0.184514 1000.472046 ^ clkbuf_2_1__f_clk/Z (gf180mcu_fd_sc_mcu7t5v0__clkbuf_16)
                      0.075055    0.000000 1000.472046 ^ _156_/CLK (gf180mcu_fd_sc_mcu7t5v0__dffq_1)
                                 -0.250000 1000.222046   clock uncertainty
                                  0.049683 1000.271729   clock reconvergence pessimism
                                 -0.190769 1000.080994   library setup time
                                           1000.080994   data required time
---------------------------------------------------------------------------------------------
                                           1000.080994   data required time
                                             -2.734018   data arrival time
---------------------------------------------------------------------------------------------
                                            997.346924   slack (MET)


Startpoint: _153_ (rising edge-triggered flip-flop clocked by clk)
Endpoint: _155_ (rising edge-triggered flip-flop clocked by clk)
Path Group: clk
Path Type: max

Fanout         Cap        Slew       Delay        Time   Description
---------------------------------------------------------------------------------------------
                                  0.000000    0.000000   clock clk (rise edge)
                                  0.000000    0.000000   clock source latency
     1    0.030234    0.135990    0.070346    0.070346 ^ clk (in)
     4    0.097485    0.131232    0.247470    0.317816 ^ clkbuf_0_clk/Z (gf180mcu_fd_sc_mcu7t5v0__clkbuf_16)
     5    0.026381    0.075055    0.203860    0.521676 ^ clkbuf_2_1__f_clk/Z (gf180mcu_fd_sc_mcu7t5v0__clkbuf_16)
                      0.075055    0.000216    0.521893 ^ _153_/CLK (gf180mcu_fd_sc_mcu7t5v0__dffq_1)
     6    0.031861    0.488472    0.859218    1.381111 ^ _153_/Q (gf180mcu_fd_sc_mcu7t5v0__dffq_1)
     4    0.025861    0.423597    0.575910    1.957021 ^ _080_/Z (gf180mcu_fd_sc_mcu7t5v0__and3_1)
     1    0.003486    0.215049    0.114880    2.071902 v _126_/ZN (gf180mcu_fd_sc_mcu7t5v0__oai21_1)
                      0.215049    0.000070    2.071972 v _155_/D (gf180mcu_fd_sc_mcu7t5v0__dffq_1)
                                              2.071972   data arrival time

                               1000.000000 1000.000000   clock clk (rise edge)
                                  0.000000 1000.000000   clock source latency
     1    0.030234    0.135990    0.063665 1000.063721 ^ clk (in)
     4    0.097485    0.131232    0.223849 1000.287537 ^ clkbuf_0_clk/Z (gf180mcu_fd_sc_mcu7t5v0__clkbuf_16)
     5    0.026381    0.075055    0.184514 1000.472046 ^ clkbuf_2_1__f_clk/Z (gf180mcu_fd_sc_mcu7t5v0__clkbuf_16)
                      0.075055    0.000114 1000.472168 ^ _155_/CLK (gf180mcu_fd_sc_mcu7t5v0__dffq_1)
                                 -0.250000 1000.222168   clock uncertainty
                                  0.049683 1000.271851   clock reconvergence pessimism
                                 -0.227390 1000.044495   library setup time
                                           1000.044495   data required time
---------------------------------------------------------------------------------------------
                                           1000.044495   data required time
                                             -2.071972   data arrival time
---------------------------------------------------------------------------------------------
                                            997.972534   slack (MET)


Startpoint: _153_ (rising edge-triggered flip-flop clocked by clk)
Endpoint: _154_ (rising edge-triggered flip-flop clocked by clk)
Path Group: clk
Path Type: max

Fanout         Cap        Slew       Delay        Time   Description
---------------------------------------------------------------------------------------------
                                  0.000000    0.000000   clock clk (rise edge)
                                  0.000000    0.000000   clock source latency
     1    0.030234    0.135990    0.070346    0.070346 ^ clk (in)
     4    0.097485    0.131232    0.247470    0.317816 ^ clkbuf_0_clk/Z (gf180mcu_fd_sc_mcu7t5v0__clkbuf_16)
     5    0.026381    0.075055    0.203860    0.521676 ^ clkbuf_2_1__f_clk/Z (gf180mcu_fd_sc_mcu7t5v0__clkbuf_16)
                      0.075055    0.000216    0.521893 ^ _153_/CLK (gf180mcu_fd_sc_mcu7t5v0__dffq_1)
     6    0.031861    0.488472    0.859218    1.381111 ^ _153_/Q (gf180mcu_fd_sc_mcu7t5v0__dffq_1)
     2    0.011335    0.459742    0.408401    1.789512 ^ _105_/ZN (gf180mcu_fd_sc_mcu7t5v0__xnor2_1)
     1    0.002905    0.166440    0.090617    1.880129 v _125_/ZN (gf180mcu_fd_sc_mcu7t5v0__nand2_1)
                      0.166440    0.000030    1.880158 v _154_/D (gf180mcu_fd_sc_mcu7t5v0__dffq_1)
                                              1.880158   data arrival time

                               1000.000000 1000.000000   clock clk (rise edge)
                                  0.000000 1000.000000   clock source latency
     1    0.030234    0.135990    0.063665 1000.063721 ^ clk (in)
     4    0.097485    0.131232    0.223849 1000.287537 ^ clkbuf_0_clk/Z (gf180mcu_fd_sc_mcu7t5v0__clkbuf_16)
     5    0.023178    0.072548    0.182354 1000.469910 ^ clkbuf_2_0__f_clk/Z (gf180mcu_fd_sc_mcu7t5v0__clkbuf_16)
                      0.072548    0.000000 1000.469910 ^ _154_/CLK (gf180mcu_fd_sc_mcu7t5v0__dffq_1)
                                 -0.250000 1000.219910   clock uncertainty
                                  0.030268 1000.250122   clock reconvergence pessimism
                                 -0.213121 1000.036987   library setup time
                                           1000.036987   data required time
---------------------------------------------------------------------------------------------
                                           1000.036987   data required time
                                             -1.880158   data arrival time
---------------------------------------------------------------------------------------------
                                            998.156799   slack (MET)


Startpoint: _153_ (rising edge-triggered flip-flop clocked by clk)
Endpoint: _153_ (rising edge-triggered flip-flop clocked by clk)
Path Group: clk
Path Type: max

Fanout         Cap        Slew       Delay        Time   Description
---------------------------------------------------------------------------------------------
                                  0.000000    0.000000   clock clk (rise edge)
                                  0.000000    0.000000   clock source latency
     1    0.030234    0.135990    0.070346    0.070346 ^ clk (in)
     4    0.097485    0.131232    0.247470    0.317816 ^ clkbuf_0_clk/Z (gf180mcu_fd_sc_mcu7t5v0__clkbuf_16)
     5    0.026381    0.075055    0.203860    0.521676 ^ clkbuf_2_1__f_clk/Z (gf180mcu_fd_sc_mcu7t5v0__clkbuf_16)
                      0.075055    0.000216    0.521893 ^ _153_/CLK (gf180mcu_fd_sc_mcu7t5v0__dffq_1)
     6    0.031861    0.488472    0.859218    1.381111 ^ _153_/Q (gf180mcu_fd_sc_mcu7t5v0__dffq_1)
     1    0.002696    0.154662    0.099801    1.480912 v _124_/ZN (gf180mcu_fd_sc_mcu7t5v0__nand2_1)
                      0.154662    0.000026    1.480938 v _153_/D (gf180mcu_fd_sc_mcu7t5v0__dffq_1)
                                              1.480938   data arrival time

                               1000.000000 1000.000000   clock clk (rise edge)
                                  0.000000 1000.000000   clock source latency
     1    0.030234    0.135990    0.063665 1000.063721 ^ clk (in)
     4    0.097485    0.131232    0.223849 1000.287537 ^ clkbuf_0_clk/Z (gf180mcu_fd_sc_mcu7t5v0__clkbuf_16)
     5    0.026381    0.075055    0.184514 1000.472046 ^ clkbuf_2_1__f_clk/Z (gf180mcu_fd_sc_mcu7t5v0__clkbuf_16)
                      0.075055    0.000114 1000.472168 ^ _153_/CLK (gf180mcu_fd_sc_mcu7t5v0__dffq_1)
                                 -0.250000 1000.222168   clock uncertainty
                                  0.049704 1000.271851   clock reconvergence pessimism
                                 -0.209915 1000.062012   library setup time
                                           1000.062012   data required time
---------------------------------------------------------------------------------------------
                                           1000.062012   data required time
                                             -1.480938   data arrival time
---------------------------------------------------------------------------------------------
                                            998.581116   slack (MET)


R2R_END_SETUP nom_ff_n40C_3v60
R2R_BEGIN_HOLD nom_ff_n40C_3v60
Startpoint: _170_ (rising edge-triggered flip-flop clocked by clk)
Endpoint: _170_ (rising edge-triggered flip-flop clocked by clk)
Path Group: clk
Path Type: min

Fanout         Cap        Slew       Delay        Time   Description
---------------------------------------------------------------------------------------------
                                  0.000000    0.000000   clock clk (rise edge)
                                  0.000000    0.000000   clock source latency
     1    0.030234    0.135990    0.063646    0.063646 ^ clk (in)
     4    0.097485    0.131232    0.223902    0.287548 ^ clkbuf_0_clk/Z (gf180mcu_fd_sc_mcu7t5v0__clkbuf_16)
     5    0.025417    0.074300    0.183473    0.471021 ^ clkbuf_2_2__f_clk/Z (gf180mcu_fd_sc_mcu7t5v0__clkbuf_16)
                      0.074300    0.000195    0.471216 ^ _170_/CLK (gf180mcu_fd_sc_mcu7t5v0__dffq_1)
     2    0.011308    0.135813    0.545419    1.016635 v _170_/Q (gf180mcu_fd_sc_mcu7t5v0__dffq_1)
     1    0.005154    0.139346    0.119312    1.135947 ^ _100_/ZN (gf180mcu_fd_sc_mcu7t5v0__nand2_1)
     1    0.002783    0.090263    0.079903    1.215850 v _151_/ZN (gf180mcu_fd_sc_mcu7t5v0__aoi21_1)
                      0.090263    0.000026    1.215875 v _170_/D (gf180mcu_fd_sc_mcu7t5v0__dffq_1)
                                              1.215875   data arrival time

                                  0.000000    0.000000   clock clk (rise edge)
                                  0.000000    0.000000   clock source latency
     1    0.030234    0.135990    0.070346    0.070346 ^ clk (in)
     4    0.097485    0.131232    0.247470    0.317816 ^ clkbuf_0_clk/Z (gf180mcu_fd_sc_mcu7t5v0__clkbuf_16)
     5    0.025417    0.074300    0.202786    0.520602 ^ clkbuf_2_2__f_clk/Z (gf180mcu_fd_sc_mcu7t5v0__clkbuf_16)
                      0.074300    0.000216    0.520818 ^ _170_/CLK (gf180mcu_fd_sc_mcu7t5v0__dffq_1)
                                  0.250000    0.770818   clock uncertainty
                                 -0.049602    0.721216   clock reconvergence pessimism
                                  0.055248    0.776464   library hold time
                                              0.776464   data required time
---------------------------------------------------------------------------------------------
                                              0.776464   data required time
                                             -1.215875   data arrival time
---------------------------------------------------------------------------------------------
                                              0.439411   slack (MET)


Startpoint: _153_ (rising edge-triggered flip-flop clocked by clk)
Endpoint: _153_ (rising edge-triggered flip-flop clocked by clk)
Path Group: clk
Path Type: min

Fanout         Cap        Slew       Delay        Time   Description
---------------------------------------------------------------------------------------------
                                  0.000000    0.000000   clock clk (rise edge)
                                  0.000000    0.000000   clock source latency
     1    0.030234    0.135990    0.063646    0.063646 ^ clk (in)
     4    0.097485    0.131232    0.223902    0.287548 ^ clkbuf_0_clk/Z (gf180mcu_fd_sc_mcu7t5v0__clkbuf_16)
     5    0.026381    0.075055    0.184445    0.471993 ^ clkbuf_2_1__f_clk/Z (gf180mcu_fd_sc_mcu7t5v0__clkbuf_16)
                      0.075055    0.000196    0.472189 ^ _153_/CLK (gf180mcu_fd_sc_mcu7t5v0__dffq_1)
     6    0.031861    0.278977    0.645809    1.117997 v _153_/Q (gf180mcu_fd_sc_mcu7t5v0__dffq_1)
     1    0.002696    0.130799    0.130721    1.248719 ^ _124_/ZN (gf180mcu_fd_sc_mcu7t5v0__nand2_1)
                      0.130799    0.000024    1.248742 ^ _153_/D (gf180mcu_fd_sc_mcu7t5v0__dffq_1)
                                              1.248742   data arrival time

                                  0.000000    0.000000   clock clk (rise edge)
                                  0.000000    0.000000   clock source latency
     1    0.030234    0.135990    0.070346    0.070346 ^ clk (in)
     4    0.097485    0.131232    0.247470    0.317816 ^ clkbuf_0_clk/Z (gf180mcu_fd_sc_mcu7t5v0__clkbuf_16)
     5    0.026381    0.075055    0.203860    0.521676 ^ clkbuf_2_1__f_clk/Z (gf180mcu_fd_sc_mcu7t5v0__clkbuf_16)
                      0.075055    0.000216    0.521893 ^ _153_/CLK (gf180mcu_fd_sc_mcu7t5v0__dffq_1)
                                  0.250000    0.771893   clock uncertainty
                                 -0.049704    0.722189   clock reconvergence pessimism
                                  0.024826    0.747014   library hold time
                                              0.747014   data required time
---------------------------------------------------------------------------------------------
                                              0.747014   data required time
                                             -1.248742   data arrival time
---------------------------------------------------------------------------------------------
                                              0.501728   slack (MET)


Startpoint: _169_ (rising edge-triggered flip-flop clocked by clk)
Endpoint: _169_ (rising edge-triggered flip-flop clocked by clk)
Path Group: clk
Path Type: min

Fanout         Cap        Slew       Delay        Time   Description
---------------------------------------------------------------------------------------------
                                  0.000000    0.000000   clock clk (rise edge)
                                  0.000000    0.000000   clock source latency
     1    0.030234    0.135990    0.063646    0.063646 ^ clk (in)
     4    0.097485    0.131232    0.223902    0.287548 ^ clkbuf_0_clk/Z (gf180mcu_fd_sc_mcu7t5v0__clkbuf_16)
     5    0.025417    0.074300    0.183473    0.471021 ^ clkbuf_2_2__f_clk/Z (gf180mcu_fd_sc_mcu7t5v0__clkbuf_16)
                      0.074300    0.000377    0.471398 ^ _169_/CLK (gf180mcu_fd_sc_mcu7t5v0__dffq_1)
     2    0.010385    0.129287    0.539950    1.011348 v _169_/Q (gf180mcu_fd_sc_mcu7t5v0__dffq_1)
     1    0.005047    0.222268    0.174145    1.185493 ^ _149_/ZN (gf180mcu_fd_sc_mcu7t5v0__oai21_1)
     1    0.002859    0.118844    0.100733    1.286226 v _150_/ZN (gf180mcu_fd_sc_mcu7t5v0__nor2_1)
                      0.118844    0.000026    1.286252 v _169_/D (gf180mcu_fd_sc_mcu7t5v0__dffq_1)
                                              1.286252   data arrival time

                                  0.000000    0.000000   clock clk (rise edge)
                                  0.000000    0.000000   clock source latency
     1    0.030234    0.135990    0.070346    0.070346 ^ clk (in)
     4    0.097485    0.131232    0.247470    0.317816 ^ clkbuf_0_clk/Z (gf180mcu_fd_sc_mcu7t5v0__clkbuf_16)
     5    0.025417    0.074300    0.202786    0.520602 ^ clkbuf_2_2__f_clk/Z (gf180mcu_fd_sc_mcu7t5v0__clkbuf_16)
                      0.074300    0.000417    0.521019 ^ _169_/CLK (gf180mcu_fd_sc_mcu7t5v0__dffq_1)
                                  0.250000    0.771019   clock uncertainty
                                 -0.049621    0.721398   clock reconvergence pessimism
                                  0.050005    0.771403   library hold time
                                              0.771403   data required time
---------------------------------------------------------------------------------------------
                                              0.771403   data required time
                                             -1.286252   data arrival time
---------------------------------------------------------------------------------------------
                                              0.514849   slack (MET)


Startpoint: _161_ (rising edge-triggered flip-flop clocked by clk)
Endpoint: _161_ (rising edge-triggered flip-flop clocked by clk)
Path Group: clk
Path Type: min

Fanout         Cap        Slew       Delay        Time   Description
---------------------------------------------------------------------------------------------
                                  0.000000    0.000000   clock clk (rise edge)
                                  0.000000    0.000000   clock source latency
     1    0.030234    0.135990    0.063646    0.063646 ^ clk (in)
     4    0.097485    0.131232    0.223902    0.287548 ^ clkbuf_0_clk/Z (gf180mcu_fd_sc_mcu7t5v0__clkbuf_16)
     5    0.023178    0.072548    0.182316    0.469864 ^ clkbuf_2_0__f_clk/Z (gf180mcu_fd_sc_mcu7t5v0__clkbuf_16)
                      0.072548    0.000182    0.470046 ^ _161_/CLK (gf180mcu_fd_sc_mcu7t5v0__dffq_1)
     2    0.014604    0.158894    0.561865    1.031911 v _161_/Q (gf180mcu_fd_sc_mcu7t5v0__dffq_1)
     1    0.004441    0.207768    0.155726    1.187637 ^ _132_/ZN (gf180mcu_fd_sc_mcu7t5v0__nor2_1)
     1    0.002961    0.113690    0.136505    1.324143 v _133_/ZN (gf180mcu_fd_sc_mcu7t5v0__aoi211_1)
                      0.113690    0.000027    1.324170 v _161_/D (gf180mcu_fd_sc_mcu7t5v0__dffq_1)
                                              1.324170   data arrival time

                                  0.000000    0.000000   clock clk (rise edge)
                                  0.000000    0.000000   clock source latency
     1    0.030234    0.135990    0.070346    0.070346 ^ clk (in)
     4    0.097485    0.131232    0.247470    0.317816 ^ clkbuf_0_clk/Z (gf180mcu_fd_sc_mcu7t5v0__clkbuf_16)
     5    0.023178    0.072548    0.201508    0.519323 ^ clkbuf_2_0__f_clk/Z (gf180mcu_fd_sc_mcu7t5v0__clkbuf_16)
                      0.072548    0.000201    0.519525 ^ _161_/CLK (gf180mcu_fd_sc_mcu7t5v0__dffq_1)
                                  0.250000    0.769525   clock uncertainty
                                 -0.049478    0.720046   clock reconvergence pessimism
                                  0.050563    0.770609   library hold time
                                              0.770609   data required time
---------------------------------------------------------------------------------------------
                                              0.770609   data required time
                                             -1.324170   data arrival time
---------------------------------------------------------------------------------------------
                                              0.553561   slack (MET)


Startpoint: _168_ (rising edge-triggered flip-flop clocked by clk)
Endpoint: _168_ (rising edge-triggered flip-flop clocked by clk)
Path Group: clk
Path Type: min

Fanout         Cap        Slew       Delay        Time   Description
---------------------------------------------------------------------------------------------
                                  0.000000    0.000000   clock clk (rise edge)
                                  0.000000    0.000000   clock source latency
     1    0.030234    0.135990    0.063646    0.063646 ^ clk (in)
     4    0.097485    0.131232    0.223902    0.287548 ^ clkbuf_0_clk/Z (gf180mcu_fd_sc_mcu7t5v0__clkbuf_16)
     5    0.025417    0.074300    0.183473    0.471021 ^ clkbuf_2_2__f_clk/Z (gf180mcu_fd_sc_mcu7t5v0__clkbuf_16)
                      0.074300    0.000405    0.471426 ^ _168_/CLK (gf180mcu_fd_sc_mcu7t5v0__dffq_1)
     3    0.023134    0.217319    0.604063    1.075489 v _168_/Q (gf180mcu_fd_sc_mcu7t5v0__dffq_1)
     1    0.004626    0.181447    0.158106    1.233595 ^ _147_/ZN (gf180mcu_fd_sc_mcu7t5v0__aoi22_1)
     1    0.002696    0.108405    0.096257    1.329852 v _148_/ZN (gf180mcu_fd_sc_mcu7t5v0__nor2_1)
                      0.108405    0.000024    1.329876 v _168_/D (gf180mcu_fd_sc_mcu7t5v0__dffq_1)
                                              1.329876   data arrival time

                                  0.000000    0.000000   clock clk (rise edge)
                                  0.000000    0.000000   clock source latency
     1    0.030234    0.135990    0.070346    0.070346 ^ clk (in)
     4    0.097485    0.131232    0.247470    0.317816 ^ clkbuf_0_clk/Z (gf180mcu_fd_sc_mcu7t5v0__clkbuf_16)
     5    0.025417    0.074300    0.202786    0.520602 ^ clkbuf_2_2__f_clk/Z (gf180mcu_fd_sc_mcu7t5v0__clkbuf_16)
                      0.074300    0.000448    0.521050 ^ _168_/CLK (gf180mcu_fd_sc_mcu7t5v0__dffq_1)
                                  0.250000    0.771050   clock uncertainty
                                 -0.049624    0.721426   clock reconvergence pessimism
                                  0.051920    0.773346   library hold time
                                              0.773346   data required time
---------------------------------------------------------------------------------------------
                                              0.773346   data required time
                                             -1.329876   data arrival time
---------------------------------------------------------------------------------------------
                                              0.556530   slack (MET)


Startpoint: _167_ (rising edge-triggered flip-flop clocked by clk)
Endpoint: _167_ (rising edge-triggered flip-flop clocked by clk)
Path Group: clk
Path Type: min

Fanout         Cap        Slew       Delay        Time   Description
---------------------------------------------------------------------------------------------
                                  0.000000    0.000000   clock clk (rise edge)
                                  0.000000    0.000000   clock source latency
     1    0.030234    0.135990    0.063646    0.063646 ^ clk (in)
     4    0.097485    0.131232    0.223902    0.287548 ^ clkbuf_0_clk/Z (gf180mcu_fd_sc_mcu7t5v0__clkbuf_16)
     5    0.025417    0.074300    0.183473    0.471021 ^ clkbuf_2_2__f_clk/Z (gf180mcu_fd_sc_mcu7t5v0__clkbuf_16)
                      0.074300    0.000283    0.471304 ^ _167_/CLK (gf180mcu_fd_sc_mcu7t5v0__dffq_1)
     3    0.022714    0.214391    0.601976    1.073280 v _167_/Q (gf180mcu_fd_sc_mcu7t5v0__dffq_1)
     1    0.005038    0.188129    0.161921    1.235201 ^ _145_/ZN (gf180mcu_fd_sc_mcu7t5v0__aoi22_1)
     1    0.003071    0.112938    0.099611    1.334812 v _146_/ZN (gf180mcu_fd_sc_mcu7t5v0__nor2_1)
                      0.112938    0.000029    1.334841 v _167_/D (gf180mcu_fd_sc_mcu7t5v0__dffq_1)
                                              1.334841   data arrival time

                                  0.000000    0.000000   clock clk (rise edge)
                                  0.000000    0.000000   clock source latency
     1    0.030234    0.135990    0.070346    0.070346 ^ clk (in)
     4    0.097485    0.131232    0.247470    0.317816 ^ clkbuf_0_clk/Z (gf180mcu_fd_sc_mcu7t5v0__clkbuf_16)
     5    0.025417    0.074300    0.202786    0.520602 ^ clkbuf_2_2__f_clk/Z (gf180mcu_fd_sc_mcu7t5v0__clkbuf_16)
                      0.074300    0.000313    0.520915 ^ _167_/CLK (gf180mcu_fd_sc_mcu7t5v0__dffq_1)
                                  0.250000    0.770915   clock uncertainty
                                 -0.049611    0.721304   clock reconvergence pessimism
                                  0.051088    0.772392   library hold time
                                              0.772392   data required time
---------------------------------------------------------------------------------------------
                                              0.772392   data required time
                                             -1.334841   data arrival time
---------------------------------------------------------------------------------------------
                                              0.562448   slack (MET)


Startpoint: _164_ (rising edge-triggered flip-flop clocked by clk)
Endpoint: _164_ (rising edge-triggered flip-flop clocked by clk)
Path Group: clk
Path Type: min

Fanout         Cap        Slew       Delay        Time   Description
---------------------------------------------------------------------------------------------
                                  0.000000    0.000000   clock clk (rise edge)
                                  0.000000    0.000000   clock source latency
     1    0.030234    0.135990    0.063646    0.063646 ^ clk (in)
     4    0.097485    0.131232    0.223902    0.287548 ^ clkbuf_0_clk/Z (gf180mcu_fd_sc_mcu7t5v0__clkbuf_16)
     5    0.023178    0.072548    0.182316    0.469864 ^ clkbuf_2_0__f_clk/Z (gf180mcu_fd_sc_mcu7t5v0__clkbuf_16)
                      0.072548    0.000127    0.469991 ^ _164_/CLK (gf180mcu_fd_sc_mcu7t5v0__dffq_1)
     2    0.011876    0.140217    0.548422    1.018412 v _164_/Q (gf180mcu_fd_sc_mcu7t5v0__dffq_1)
     1    0.006588    0.246544    0.198388    1.216800 ^ _138_/ZN (gf180mcu_fd_sc_mcu7t5v0__oai21_1)
     1    0.002751    0.105562    0.123127    1.339927 v _139_/ZN (gf180mcu_fd_sc_mcu7t5v0__aoi21_1)
                      0.105562    0.000025    1.339952 v _164_/D (gf180mcu_fd_sc_mcu7t5v0__dffq_1)
                                              1.339952   data arrival time

                                  0.000000    0.000000   clock clk (rise edge)
                                  0.000000    0.000000   clock source latency
     1    0.030234    0.135990    0.070346    0.070346 ^ clk (in)
     4    0.097485    0.131232    0.247470    0.317816 ^ clkbuf_0_clk/Z (gf180mcu_fd_sc_mcu7t5v0__clkbuf_16)
     5    0.023178    0.072548    0.201508    0.519323 ^ clkbuf_2_0__f_clk/Z (gf180mcu_fd_sc_mcu7t5v0__clkbuf_16)
                      0.072548    0.000140    0.519463 ^ _164_/CLK (gf180mcu_fd_sc_mcu7t5v0__dffq_1)
                                  0.250000    0.769463   clock uncertainty
                                 -0.049473    0.719991   clock reconvergence pessimism
                                  0.052047    0.772038   library hold time
                                              0.772038   data required time
---------------------------------------------------------------------------------------------
                                              0.772038   data required time
                                             -1.339952   data arrival time
---------------------------------------------------------------------------------------------
                                              0.567914   slack (MET)


Startpoint: _162_ (rising edge-triggered flip-flop clocked by clk)
Endpoint: _162_ (rising edge-triggered flip-flop clocked by clk)
Path Group: clk
Path Type: min

Fanout         Cap        Slew       Delay        Time   Description
---------------------------------------------------------------------------------------------
                                  0.000000    0.000000   clock clk (rise edge)
                                  0.000000    0.000000   clock source latency
     1    0.030234    0.135990    0.063646    0.063646 ^ clk (in)
     4    0.097485    0.131232    0.223902    0.287548 ^ clkbuf_0_clk/Z (gf180mcu_fd_sc_mcu7t5v0__clkbuf_16)
     5    0.023178    0.072548    0.182316    0.469864 ^ clkbuf_2_0__f_clk/Z (gf180mcu_fd_sc_mcu7t5v0__clkbuf_16)
                      0.072548    0.000185    0.470049 ^ _162_/CLK (gf180mcu_fd_sc_mcu7t5v0__dffq_1)
     3    0.014362    0.157284    0.560774    1.030823 v _162_/Q (gf180mcu_fd_sc_mcu7t5v0__dffq_1)
     1    0.005071    0.222378    0.163881    1.194704 ^ _134_/ZN (gf180mcu_fd_sc_mcu7t5v0__nor2_1)
     1    0.003421    0.131457    0.142262    1.336966 v _135_/ZN (gf180mcu_fd_sc_mcu7t5v0__aoi211_1)
                      0.131457    0.000034    1.337000 v _162_/D (gf180mcu_fd_sc_mcu7t5v0__dffq_1)
                                              1.337000   data arrival time

                                  0.000000    0.000000   clock clk (rise edge)
                                  0.000000    0.000000   clock source latency
     1    0.030234    0.135990    0.070346    0.070346 ^ clk (in)
     4    0.097485    0.131232    0.247470    0.317816 ^ clkbuf_0_clk/Z (gf180mcu_fd_sc_mcu7t5v0__clkbuf_16)
     5    0.023178    0.072548    0.201508    0.519323 ^ clkbuf_2_0__f_clk/Z (gf180mcu_fd_sc_mcu7t5v0__clkbuf_16)
                      0.072548    0.000205    0.519528 ^ _162_/CLK (gf180mcu_fd_sc_mcu7t5v0__dffq_1)
                                  0.250000    0.769528   clock uncertainty
                                 -0.049479    0.720049   clock reconvergence pessimism
                                  0.047317    0.767366   library hold time
                                              0.767366   data required time
---------------------------------------------------------------------------------------------
                                              0.767366   data required time
                                             -1.337000   data arrival time
---------------------------------------------------------------------------------------------
                                              0.569634   slack (MET)


Startpoint: _166_ (rising edge-triggered flip-flop clocked by clk)
Endpoint: _166_ (rising edge-triggered flip-flop clocked by clk)
Path Group: clk
Path Type: min

Fanout         Cap        Slew       Delay        Time   Description
---------------------------------------------------------------------------------------------
                                  0.000000    0.000000   clock clk (rise edge)
                                  0.000000    0.000000   clock source latency
     1    0.030234    0.135990    0.063646    0.063646 ^ clk (in)
     4    0.097485    0.131232    0.223902    0.287548 ^ clkbuf_0_clk/Z (gf180mcu_fd_sc_mcu7t5v0__clkbuf_16)
     5    0.026381    0.075055    0.184445    0.471993 ^ clkbuf_2_1__f_clk/Z (gf180mcu_fd_sc_mcu7t5v0__clkbuf_16)
                      0.075055    0.000265    0.472258 ^ _166_/CLK (gf180mcu_fd_sc_mcu7t5v0__dffq_1)
     3    0.017605    0.179296    0.577216    1.049474 v _166_/Q (gf180mcu_fd_sc_mcu7t5v0__dffq_1)
     1    0.005108    0.223816    0.170099    1.219573 ^ _142_/ZN (gf180mcu_fd_sc_mcu7t5v0__nor2_1)
     1    0.003313    0.136809    0.141549    1.361123 v _143_/ZN (gf180mcu_fd_sc_mcu7t5v0__aoi211_1)
                      0.136809    0.000033    1.361156 v _166_/D (gf180mcu_fd_sc_mcu7t5v0__dffq_1)
                                              1.361156   data arrival time

                                  0.000000    0.000000   clock clk (rise edge)
                                  0.000000    0.000000   clock source latency
     1    0.030234    0.135990    0.070346    0.070346 ^ clk (in)
     4    0.097485    0.131232    0.247470    0.317816 ^ clkbuf_0_clk/Z (gf180mcu_fd_sc_mcu7t5v0__clkbuf_16)
     5    0.026381    0.075055    0.203860    0.521676 ^ clkbuf_2_1__f_clk/Z (gf180mcu_fd_sc_mcu7t5v0__clkbuf_16)
                      0.075055    0.000293    0.521969 ^ _166_/CLK (gf180mcu_fd_sc_mcu7t5v0__dffq_1)
                                  0.250000    0.771969   clock uncertainty
                                 -0.049711    0.722258   clock reconvergence pessimism
                                  0.046868    0.769126   library hold time
                                              0.769126   data required time
---------------------------------------------------------------------------------------------
                                              0.769126   data required time
                                             -1.361156   data arrival time
---------------------------------------------------------------------------------------------
                                              0.592030   slack (MET)


Startpoint: _163_ (rising edge-triggered flip-flop clocked by clk)
Endpoint: _163_ (rising edge-triggered flip-flop clocked by clk)
Path Group: clk
Path Type: min

Fanout         Cap        Slew       Delay        Time   Description
---------------------------------------------------------------------------------------------
                                  0.000000    0.000000   clock clk (rise edge)
                                  0.000000    0.000000   clock source latency
     1    0.030234    0.135990    0.063646    0.063646 ^ clk (in)
     4    0.097485    0.131232    0.223902    0.287548 ^ clkbuf_0_clk/Z (gf180mcu_fd_sc_mcu7t5v0__clkbuf_16)
     5    0.023178    0.072548    0.182316    0.469864 ^ clkbuf_2_0__f_clk/Z (gf180mcu_fd_sc_mcu7t5v0__clkbuf_16)
                      0.072548    0.000101    0.469965 ^ _163_/CLK (gf180mcu_fd_sc_mcu7t5v0__dffq_1)
     3    0.019163    0.189880    0.584237    1.054202 v _163_/Q (gf180mcu_fd_sc_mcu7t5v0__dffq_1)
     1    0.004918    0.223529    0.187457    1.241660 ^ _136_/ZN (gf180mcu_fd_sc_mcu7t5v0__oai21_1)
     1    0.003274    0.100003    0.124640    1.366299 v _137_/ZN (gf180mcu_fd_sc_mcu7t5v0__aoi21_1)
                      0.100003    0.000032    1.366332 v _163_/D (gf180mcu_fd_sc_mcu7t5v0__dffq_1)
                                              1.366332   data arrival time

                                  0.000000    0.000000   clock clk (rise edge)
                                  0.000000    0.000000   clock source latency
     1    0.030234    0.135990    0.070346    0.070346 ^ clk (in)
     4    0.097485    0.131232    0.247470    0.317816 ^ clkbuf_0_clk/Z (gf180mcu_fd_sc_mcu7t5v0__clkbuf_16)
     5    0.023178    0.072548    0.201508    0.519323 ^ clkbuf_2_0__f_clk/Z (gf180mcu_fd_sc_mcu7t5v0__clkbuf_16)
                      0.072548    0.000111    0.519435 ^ _163_/CLK (gf180mcu_fd_sc_mcu7t5v0__dffq_1)
                                  0.250000    0.769435   clock uncertainty
                                 -0.049470    0.719965   clock reconvergence pessimism
                                  0.053063    0.773028   library hold time
                                              0.773028   data required time
---------------------------------------------------------------------------------------------
                                              0.773028   data required time
                                             -1.366332   data arrival time
---------------------------------------------------------------------------------------------
                                              0.593304   slack (MET)


Startpoint: _170_ (rising edge-triggered flip-flop clocked by clk)
Endpoint: _152_ (rising edge-triggered flip-flop clocked by clk)
Path Group: clk
Path Type: min

Fanout         Cap        Slew       Delay        Time   Description
---------------------------------------------------------------------------------------------
                                  0.000000    0.000000   clock clk (rise edge)
                                  0.000000    0.000000   clock source latency
     1    0.030234    0.135990    0.063646    0.063646 ^ clk (in)
     4    0.097485    0.131232    0.223902    0.287548 ^ clkbuf_0_clk/Z (gf180mcu_fd_sc_mcu7t5v0__clkbuf_16)
     5    0.025417    0.074300    0.183473    0.471021 ^ clkbuf_2_2__f_clk/Z (gf180mcu_fd_sc_mcu7t5v0__clkbuf_16)
                      0.074300    0.000195    0.471216 ^ _170_/CLK (gf180mcu_fd_sc_mcu7t5v0__dffq_1)
     2    0.011308    0.135813    0.545419    1.016635 v _170_/Q (gf180mcu_fd_sc_mcu7t5v0__dffq_1)
     1    0.011803    0.389480    0.271072    1.287708 ^ _122_/ZN (gf180mcu_fd_sc_mcu7t5v0__oai211_1)
     1    0.003279    0.106014    0.088731    1.376439 v _123_/ZN (gf180mcu_fd_sc_mcu7t5v0__aoi21_1)
                      0.106014    0.000057    1.376496 v _152_/D (gf180mcu_fd_sc_mcu7t5v0__dffq_1)
                                              1.376496   data arrival time

                                  0.000000    0.000000   clock clk (rise edge)
                                  0.000000    0.000000   clock source latency
     1    0.030234    0.135990    0.070346    0.070346 ^ clk (in)
     4    0.097485    0.131232    0.247470    0.317816 ^ clkbuf_0_clk/Z (gf180mcu_fd_sc_mcu7t5v0__clkbuf_16)
     5    0.025417    0.074300    0.202786    0.520602 ^ clkbuf_2_2__f_clk/Z (gf180mcu_fd_sc_mcu7t5v0__clkbuf_16)
                      0.074300    0.000201    0.520803 ^ _152_/CLK (gf180mcu_fd_sc_mcu7t5v0__dffq_1)
                                  0.250000    0.770803   clock uncertainty
                                 -0.049581    0.721222   clock reconvergence pessimism
                                  0.052358    0.773580   library hold time
                                              0.773580   data required time
---------------------------------------------------------------------------------------------
                                              0.773580   data required time
                                             -1.376496   data arrival time
---------------------------------------------------------------------------------------------
                                              0.602915   slack (MET)


Startpoint: _165_ (rising edge-triggered flip-flop clocked by clk)
Endpoint: _165_ (rising edge-triggered flip-flop clocked by clk)
Path Group: clk
Path Type: min

Fanout         Cap        Slew       Delay        Time   Description
---------------------------------------------------------------------------------------------
                                  0.000000    0.000000   clock clk (rise edge)
                                  0.000000    0.000000   clock source latency
     1    0.030234    0.135990    0.063646    0.063646 ^ clk (in)
     4    0.097485    0.131232    0.223902    0.287548 ^ clkbuf_0_clk/Z (gf180mcu_fd_sc_mcu7t5v0__clkbuf_16)
     5    0.026381    0.075055    0.184445    0.471993 ^ clkbuf_2_1__f_clk/Z (gf180mcu_fd_sc_mcu7t5v0__clkbuf_16)
                      0.075055    0.000226    0.472219 ^ _165_/CLK (gf180mcu_fd_sc_mcu7t5v0__dffq_1)
     3    0.017639    0.179501    0.577304    1.049523 v _165_/Q (gf180mcu_fd_sc_mcu7t5v0__dffq_1)
     1    0.006188    0.240936    0.202201    1.251724 ^ _140_/ZN (gf180mcu_fd_sc_mcu7t5v0__oai21_1)
     1    0.003319    0.115324    0.127129    1.378853 v _141_/ZN (gf180mcu_fd_sc_mcu7t5v0__aoi21_1)
                      0.115324    0.000060    1.378913 v _165_/D (gf180mcu_fd_sc_mcu7t5v0__dffq_1)
                                              1.378913   data arrival time

                                  0.000000    0.000000   clock clk (rise edge)
                                  0.000000    0.000000   clock source latency
     1    0.030234    0.135990    0.070346    0.070346 ^ clk (in)
     4    0.097485    0.131232    0.247470    0.317816 ^ clkbuf_0_clk/Z (gf180mcu_fd_sc_mcu7t5v0__clkbuf_16)
     5    0.026381    0.075055    0.203860    0.521676 ^ clkbuf_2_1__f_clk/Z (gf180mcu_fd_sc_mcu7t5v0__clkbuf_16)
                      0.075055    0.000250    0.521926 ^ _165_/CLK (gf180mcu_fd_sc_mcu7t5v0__dffq_1)
                                  0.250000    0.771926   clock uncertainty
                                 -0.049707    0.722219   clock reconvergence pessimism
                                  0.050817    0.773035   library hold time
                                              0.773035   data required time
---------------------------------------------------------------------------------------------
                                              0.773035   data required time
                                             -1.378913   data arrival time
---------------------------------------------------------------------------------------------
                                              0.605877   slack (MET)


Startpoint: _155_ (rising edge-triggered flip-flop clocked by clk)
Endpoint: _155_ (rising edge-triggered flip-flop clocked by clk)
Path Group: clk
Path Type: min

Fanout         Cap        Slew       Delay        Time   Description
---------------------------------------------------------------------------------------------
                                  0.000000    0.000000   clock clk (rise edge)
                                  0.000000    0.000000   clock source latency
     1    0.030234    0.135990    0.063646    0.063646 ^ clk (in)
     4    0.097485    0.131232    0.223902    0.287548 ^ clkbuf_0_clk/Z (gf180mcu_fd_sc_mcu7t5v0__clkbuf_16)
     5    0.026381    0.075055    0.184445    0.471993 ^ clkbuf_2_1__f_clk/Z (gf180mcu_fd_sc_mcu7t5v0__clkbuf_16)
                      0.075055    0.000127    0.472120 ^ _155_/CLK (gf180mcu_fd_sc_mcu7t5v0__dffq_1)
     3    0.011817    0.139765    0.548622    1.020741 v _155_/Q (gf180mcu_fd_sc_mcu7t5v0__dffq_1)
     3    0.016475    0.417342    0.291144    1.311885 ^ _101_/ZN (gf180mcu_fd_sc_mcu7t5v0__aoi21_1)
     1    0.003486    0.161124    0.130555    1.442441 v _126_/ZN (gf180mcu_fd_sc_mcu7t5v0__oai21_1)
                      0.161124    0.000064    1.442504 v _155_/D (gf180mcu_fd_sc_mcu7t5v0__dffq_1)
                                              1.442504   data arrival time

                                  0.000000    0.000000   clock clk (rise edge)
                                  0.000000    0.000000   clock source latency
     1    0.030234    0.135990    0.070346    0.070346 ^ clk (in)
     4    0.097485    0.131232    0.247470    0.317816 ^ clkbuf_0_clk/Z (gf180mcu_fd_sc_mcu7t5v0__clkbuf_16)
     5    0.026381    0.075055    0.203860    0.521676 ^ clkbuf_2_1__f_clk/Z (gf180mcu_fd_sc_mcu7t5v0__clkbuf_16)
                      0.075055    0.000140    0.521816 ^ _155_/CLK (gf180mcu_fd_sc_mcu7t5v0__dffq_1)
                                  0.250000    0.771816   clock uncertainty
                                 -0.049697    0.722120   clock reconvergence pessimism
                                  0.042399    0.764518   library hold time
                                              0.764518   data required time
---------------------------------------------------------------------------------------------
                                              0.764518   data required time
                                             -1.442504   data arrival time
---------------------------------------------------------------------------------------------
                                              0.677986   slack (MET)


Startpoint: _159_ (rising edge-triggered flip-flop clocked by clk)
Endpoint: _159_ (rising edge-triggered flip-flop clocked by clk)
Path Group: clk
Path Type: min

Fanout         Cap        Slew       Delay        Time   Description
---------------------------------------------------------------------------------------------
                                  0.000000    0.000000   clock clk (rise edge)
                                  0.000000    0.000000   clock source latency
     1    0.030234    0.135990    0.063646    0.063646 ^ clk (in)
     4    0.097485    0.131232    0.223902    0.287548 ^ clkbuf_0_clk/Z (gf180mcu_fd_sc_mcu7t5v0__clkbuf_16)
     5    0.025845    0.074636    0.183757    0.471305 ^ clkbuf_2_3__f_clk/Z (gf180mcu_fd_sc_mcu7t5v0__clkbuf_16)
                      0.074636    0.000062    0.471367 ^ _159_/CLK (gf180mcu_fd_sc_mcu7t5v0__dffq_1)
     2    0.013217    0.149530    0.555627    1.026994 v _159_/Q (gf180mcu_fd_sc_mcu7t5v0__dffq_1)
     3    0.018478    0.577177    0.362485    1.389479 ^ _115_/Z (gf180mcu_fd_sc_mcu7t5v0__xor2_1)
     1    0.003085    0.164174    0.081728    1.471208 v _130_/ZN (gf180mcu_fd_sc_mcu7t5v0__nand2_1)
                      0.164174    0.000029    1.471237 v _159_/D (gf180mcu_fd_sc_mcu7t5v0__dffq_1)
                                              1.471237   data arrival time

                                  0.000000    0.000000   clock clk (rise edge)
                                  0.000000    0.000000   clock source latency
     1    0.030234    0.135990    0.070346    0.070346 ^ clk (in)
     4    0.097485    0.131232    0.247470    0.317816 ^ clkbuf_0_clk/Z (gf180mcu_fd_sc_mcu7t5v0__clkbuf_16)
     5    0.025845    0.074636    0.203100    0.520916 ^ clkbuf_2_3__f_clk/Z (gf180mcu_fd_sc_mcu7t5v0__clkbuf_16)
                      0.074636    0.000069    0.520985 ^ _159_/CLK (gf180mcu_fd_sc_mcu7t5v0__dffq_1)
                                  0.250000    0.770985   clock uncertainty
                                 -0.049618    0.721367   clock reconvergence pessimism
                                  0.041755    0.763122   library hold time
                                              0.763122   data required time
---------------------------------------------------------------------------------------------
                                              0.763122   data required time
                                             -1.471237   data arrival time
---------------------------------------------------------------------------------------------
                                              0.708115   slack (MET)


Startpoint: _160_ (rising edge-triggered flip-flop clocked by clk)
Endpoint: _160_ (rising edge-triggered flip-flop clocked by clk)
Path Group: clk
Path Type: min

Fanout         Cap        Slew       Delay        Time   Description
---------------------------------------------------------------------------------------------
                                  0.000000    0.000000   clock clk (rise edge)
                                  0.000000    0.000000   clock source latency
     1    0.030234    0.135990    0.063646    0.063646 ^ clk (in)
     4    0.097485    0.131232    0.223902    0.287548 ^ clkbuf_0_clk/Z (gf180mcu_fd_sc_mcu7t5v0__clkbuf_16)
     5    0.025845    0.074636    0.183757    0.471305 ^ clkbuf_2_3__f_clk/Z (gf180mcu_fd_sc_mcu7t5v0__clkbuf_16)
                      0.074636    0.000284    0.471589 ^ _160_/CLK (gf180mcu_fd_sc_mcu7t5v0__dffq_1)
     3    0.016903    0.174528    0.573686    1.045275 v _160_/Q (gf180mcu_fd_sc_mcu7t5v0__dffq_1)
     3    0.017708    0.557563    0.357220    1.402496 ^ _117_/Z (gf180mcu_fd_sc_mcu7t5v0__xor2_1)
     1    0.003029    0.160355    0.081408    1.483904 v _131_/ZN (gf180mcu_fd_sc_mcu7t5v0__nand2_1)
                      0.160355    0.000028    1.483932 v _160_/D (gf180mcu_fd_sc_mcu7t5v0__dffq_1)
                                              1.483932   data arrival time

                                  0.000000    0.000000   clock clk (rise edge)
                                  0.000000    0.000000   clock source latency
     1    0.030234    0.135990    0.070346    0.070346 ^ clk (in)
     4    0.097485    0.131232    0.247470    0.317816 ^ clkbuf_0_clk/Z (gf180mcu_fd_sc_mcu7t5v0__clkbuf_16)
     5    0.025845    0.074636    0.203100    0.520916 ^ clkbuf_2_3__f_clk/Z (gf180mcu_fd_sc_mcu7t5v0__clkbuf_16)
                      0.074636    0.000314    0.521230 ^ _160_/CLK (gf180mcu_fd_sc_mcu7t5v0__dffq_1)
                                  0.250000    0.771230   clock uncertainty
                                 -0.049641    0.721589   clock reconvergence pessimism
                                  0.042456    0.764045   library hold time
                                              0.764045   data required time
---------------------------------------------------------------------------------------------
                                              0.764045   data required time
                                             -1.483932   data arrival time
---------------------------------------------------------------------------------------------
                                              0.719887   slack (MET)


Startpoint: _158_ (rising edge-triggered flip-flop clocked by clk)
Endpoint: _158_ (rising edge-triggered flip-flop clocked by clk)
Path Group: clk
Path Type: min

Fanout         Cap        Slew       Delay        Time   Description
---------------------------------------------------------------------------------------------
                                  0.000000    0.000000   clock clk (rise edge)
                                  0.000000    0.000000   clock source latency
     1    0.030234    0.135990    0.063646    0.063646 ^ clk (in)
     4    0.097485    0.131232    0.223902    0.287548 ^ clkbuf_0_clk/Z (gf180mcu_fd_sc_mcu7t5v0__clkbuf_16)
     5    0.025845    0.074636    0.183757    0.471305 ^ clkbuf_2_3__f_clk/Z (gf180mcu_fd_sc_mcu7t5v0__clkbuf_16)
                      0.074636    0.000036    0.471341 ^ _158_/CLK (gf180mcu_fd_sc_mcu7t5v0__dffq_1)
     3    0.018519    0.185515    0.581637    1.052978 v _158_/Q (gf180mcu_fd_sc_mcu7t5v0__dffq_1)
     3    0.017563    0.554534    0.357805    1.410783 ^ _113_/Z (gf180mcu_fd_sc_mcu7t5v0__xor2_1)
     1    0.002832    0.157696    0.079123    1.489906 v _129_/ZN (gf180mcu_fd_sc_mcu7t5v0__nand2_1)
                      0.157696    0.000026    1.489932 v _158_/D (gf180mcu_fd_sc_mcu7t5v0__dffq_1)
                                              1.489932   data arrival time

                                  0.000000    0.000000   clock clk (rise edge)
                                  0.000000    0.000000   clock source latency
     1    0.030234    0.135990    0.070346    0.070346 ^ clk (in)
     4    0.097485    0.131232    0.247470    0.317816 ^ clkbuf_0_clk/Z (gf180mcu_fd_sc_mcu7t5v0__clkbuf_16)
     5    0.025845    0.074636    0.203100    0.520916 ^ clkbuf_2_3__f_clk/Z (gf180mcu_fd_sc_mcu7t5v0__clkbuf_16)
                      0.074636    0.000040    0.520956 ^ _158_/CLK (gf180mcu_fd_sc_mcu7t5v0__dffq_1)
                                  0.250000    0.770956   clock uncertainty
                                 -0.049615    0.721341   clock reconvergence pessimism
                                  0.042944    0.764285   library hold time
                                              0.764285   data required time
---------------------------------------------------------------------------------------------
                                              0.764285   data required time
                                             -1.489932   data arrival time
---------------------------------------------------------------------------------------------
                                              0.725647   slack (MET)


Startpoint: _154_ (rising edge-triggered flip-flop clocked by clk)
Endpoint: _154_ (rising edge-triggered flip-flop clocked by clk)
Path Group: clk
Path Type: min

Fanout         Cap        Slew       Delay        Time   Description
---------------------------------------------------------------------------------------------
                                  0.000000    0.000000   clock clk (rise edge)
                                  0.000000    0.000000   clock source latency
     1    0.030234    0.135990    0.063646    0.063646 ^ clk (in)
     4    0.097485    0.131232    0.223902    0.287548 ^ clkbuf_0_clk/Z (gf180mcu_fd_sc_mcu7t5v0__clkbuf_16)
     5    0.023178    0.072548    0.182316    0.469864 ^ clkbuf_2_0__f_clk/Z (gf180mcu_fd_sc_mcu7t5v0__clkbuf_16)
                      0.072548    0.000059    0.469923 ^ _154_/CLK (gf180mcu_fd_sc_mcu7t5v0__dffq_1)
     5    0.026683    0.242218    0.621155    1.091078 v _154_/Q (gf180mcu_fd_sc_mcu7t5v0__dffq_1)
     2    0.011335    0.327642    0.333273    1.424351 ^ _105_/ZN (gf180mcu_fd_sc_mcu7t5v0__xnor2_1)
     1    0.002905    0.120744    0.081344    1.505695 v _125_/ZN (gf180mcu_fd_sc_mcu7t5v0__nand2_1)
                      0.120744    0.000027    1.505722 v _154_/D (gf180mcu_fd_sc_mcu7t5v0__dffq_1)
                                              1.505722   data arrival time

                                  0.000000    0.000000   clock clk (rise edge)
                                  0.000000    0.000000   clock source latency
     1    0.030234    0.135990    0.070346    0.070346 ^ clk (in)
     4    0.097485    0.131232    0.247470    0.317816 ^ clkbuf_0_clk/Z (gf180mcu_fd_sc_mcu7t5v0__clkbuf_16)
     5    0.023178    0.072548    0.201508    0.519323 ^ clkbuf_2_0__f_clk/Z (gf180mcu_fd_sc_mcu7t5v0__clkbuf_16)
                      0.072548    0.000065    0.519389 ^ _154_/CLK (gf180mcu_fd_sc_mcu7t5v0__dffq_1)
                                  0.250000    0.769389   clock uncertainty
                                 -0.049466    0.719923   clock reconvergence pessimism
                                  0.049274    0.769197   library hold time
                                              0.769197   data required time
---------------------------------------------------------------------------------------------
                                              0.769197   data required time
                                             -1.505722   data arrival time
---------------------------------------------------------------------------------------------
                                              0.736525   slack (MET)


Startpoint: _157_ (rising edge-triggered flip-flop clocked by clk)
Endpoint: _157_ (rising edge-triggered flip-flop clocked by clk)
Path Group: clk
Path Type: min

Fanout         Cap        Slew       Delay        Time   Description
---------------------------------------------------------------------------------------------
                                  0.000000    0.000000   clock clk (rise edge)
                                  0.000000    0.000000   clock source latency
     1    0.030234    0.135990    0.063646    0.063646 ^ clk (in)
     4    0.097485    0.131232    0.223902    0.287548 ^ clkbuf_0_clk/Z (gf180mcu_fd_sc_mcu7t5v0__clkbuf_16)
     5    0.025845    0.074636    0.183757    0.471305 ^ clkbuf_2_3__f_clk/Z (gf180mcu_fd_sc_mcu7t5v0__clkbuf_16)
                      0.074636    0.000064    0.471368 ^ _157_/CLK (gf180mcu_fd_sc_mcu7t5v0__dffq_1)
     4    0.024186    0.382198    0.717237    1.188605 ^ _157_/Q (gf180mcu_fd_sc_mcu7t5v0__dffq_1)
     2    0.012906    0.231345    0.189138    1.377743 v _110_/Z (gf180mcu_fd_sc_mcu7t5v0__xor2_1)
     2    0.010315    0.197684    0.168732    1.546475 ^ _111_/ZN (gf180mcu_fd_sc_mcu7t5v0__clkinv_1)
     1    0.003028    0.099536    0.080301    1.626776 v _128_/ZN (gf180mcu_fd_sc_mcu7t5v0__nand2_1)
                      0.099536    0.000029    1.626805 v _157_/D (gf180mcu_fd_sc_mcu7t5v0__dffq_1)
                                              1.626805   data arrival time

                                  0.000000    0.000000   clock clk (rise edge)
                                  0.000000    0.000000   clock source latency
     1    0.030234    0.135990    0.070346    0.070346 ^ clk (in)
     4    0.097485    0.131232    0.247470    0.317816 ^ clkbuf_0_clk/Z (gf180mcu_fd_sc_mcu7t5v0__clkbuf_16)
     5    0.025845    0.074636    0.203100    0.520916 ^ clkbuf_2_3__f_clk/Z (gf180mcu_fd_sc_mcu7t5v0__clkbuf_16)
                      0.074636    0.000070    0.520986 ^ _157_/CLK (gf180mcu_fd_sc_mcu7t5v0__dffq_1)
                                  0.250000    0.770986   clock uncertainty
                                 -0.049618    0.721368   clock reconvergence pessimism
                                  0.053623    0.774992   library hold time
                                              0.774992   data required time
---------------------------------------------------------------------------------------------
                                              0.774992   data required time
                                             -1.626805   data arrival time
---------------------------------------------------------------------------------------------
                                              0.851813   slack (MET)


Startpoint: _156_ (rising edge-triggered flip-flop clocked by clk)
Endpoint: _156_ (rising edge-triggered flip-flop clocked by clk)
Path Group: clk
Path Type: min

Fanout         Cap        Slew       Delay        Time   Description
---------------------------------------------------------------------------------------------
                                  0.000000    0.000000   clock clk (rise edge)
                                  0.000000    0.000000   clock source latency
     1    0.030234    0.135990    0.063646    0.063646 ^ clk (in)
     4    0.097485    0.131232    0.223902    0.287548 ^ clkbuf_0_clk/Z (gf180mcu_fd_sc_mcu7t5v0__clkbuf_16)
     5    0.026381    0.075055    0.184445    0.471993 ^ clkbuf_2_1__f_clk/Z (gf180mcu_fd_sc_mcu7t5v0__clkbuf_16)
                      0.075055    0.000033    0.472026 ^ _156_/CLK (gf180mcu_fd_sc_mcu7t5v0__dffq_1)
     2    0.013045    0.148292    0.554811    1.026837 v _156_/Q (gf180mcu_fd_sc_mcu7t5v0__dffq_1)
     3    0.018132    0.567987    0.357482    1.384319 ^ _108_/Z (gf180mcu_fd_sc_mcu7t5v0__xor2_1)
     1    0.002978    0.101209    0.221077    1.605396 ^ _127_/Z (gf180mcu_fd_sc_mcu7t5v0__or2_1)
                      0.101209    0.000029    1.605425 ^ _156_/D (gf180mcu_fd_sc_mcu7t5v0__dffq_1)
                                              1.605425   data arrival time

                                  0.000000    0.000000   clock clk (rise edge)
                                  0.000000    0.000000   clock source latency
     1    0.030234    0.135990    0.070346    0.070346 ^ clk (in)
     4    0.097485    0.131232    0.247470    0.317816 ^ clkbuf_0_clk/Z (gf180mcu_fd_sc_mcu7t5v0__clkbuf_16)
     5    0.026381    0.075055    0.203860    0.521676 ^ clkbuf_2_1__f_clk/Z (gf180mcu_fd_sc_mcu7t5v0__clkbuf_16)
                      0.075055    0.000036    0.521713 ^ _156_/CLK (gf180mcu_fd_sc_mcu7t5v0__dffq_1)
                                  0.250000    0.771713   clock uncertainty
                                 -0.049687    0.722026   clock reconvergence pessimism
                                  0.027745    0.749770   library hold time
                                              0.749770   data required time
---------------------------------------------------------------------------------------------
                                              0.749770   data required time
                                             -1.605425   data arrival time
---------------------------------------------------------------------------------------------
                                              0.855654   slack (MET)


R2R_END_HOLD nom_ff_n40C_3v60
