OpenROAD dcf36133a369abc8f3c5e5738cd4d82e4903c0e0 
Features included (+) or not (-): +GPU +GUI +Python
This program is licensed under the BSD-3 license. See the LICENSE file for details.
Components of this program may be licensed under more restrictive licenses which must be honored.
[INFO ODB-0388] unsupported LEF58_EOLENCLOSURE property for layer Via1 :"
  	EOLENCLOSURE 0.34 0.06 ;"
[INFO ODB-0388] unsupported LEF58_EOLENCLOSURE property for layer Via2 :" EOLENCLOSURE 0.34 0.06 ; "
[INFO ODB-0388] unsupported LEF58_EOLENCLOSURE property for layer Via3 :" EOLENCLOSURE 0.34 0.06 ; "
[INFO ODB-0388] unsupported LEF58_EOLENCLOSURE property for layer Via4 :" EOLENCLOSURE 0.34 0.06 ; "
[INFO ODB-0227] LEF file: /Users/kimmy/Projects/open-microled-driver-asic/build/layout/pdk/gf180mcuD/libs.ref/gf180mcu_fd_sc_mcu7t5v0/techlef/gf180mcu_fd_sc_mcu7t5v0__min.tlef, created 15 layers, 56 vias
[WARNING ODB-0220] WARNING (LEFPARS-2008): NOWIREEXTENSIONATPIN statement is obsolete in version 5.6 or later.
The NOWIREEXTENSIONATPIN statement will be ignored. See file /Users/kimmy/Projects/open-microled-driver-asic/build/layout/pdk/gf180mcuD/libs.ref/gf180mcu_fd_sc_mcu7t5v0/lef/gf180mcu_fd_sc_mcu7t5v0.lef at line 2.

[INFO ODB-0227] LEF file: /Users/kimmy/Projects/open-microled-driver-asic/build/layout/pdk/gf180mcuD/libs.ref/gf180mcu_fd_sc_mcu7t5v0/lef/gf180mcu_fd_sc_mcu7t5v0.lef, created 229 library cells
R2R_BEGIN_SETUP min_ff_n40C_3v60
Startpoint: _153_ (rising edge-triggered flip-flop clocked by clk)
Endpoint: _152_ (rising edge-triggered flip-flop clocked by clk)
Path Group: clk
Path Type: max

Fanout         Cap        Slew       Delay        Time   Description
---------------------------------------------------------------------------------------------
                                  0.000000    0.000000   clock clk (rise edge)
                                  0.000000    0.000000   clock source latency
     1    0.029619    0.133726    0.068922    0.068922 ^ clk (in)
     4    0.096782    0.130688    0.246556    0.315478 ^ clkbuf_0_clk/Z (gf180mcu_fd_sc_mcu7t5v0__clkbuf_16)
     5    0.025476    0.074345    0.203016    0.518494 ^ clkbuf_2_1__f_clk/Z (gf180mcu_fd_sc_mcu7t5v0__clkbuf_16)
                      0.074346    0.000194    0.518689 ^ _153_/CLK (gf180mcu_fd_sc_mcu7t5v0__dffq_1)
     6    0.031239    0.479779    0.853656    1.372345 ^ _153_/Q (gf180mcu_fd_sc_mcu7t5v0__dffq_1)
     4    0.025354    0.416877    0.570335    1.942680 ^ _080_/Z (gf180mcu_fd_sc_mcu7t5v0__and3_1)
     3    0.017415    0.601161    0.519509    2.462188 ^ _108_/Z (gf180mcu_fd_sc_mcu7t5v0__xor2_1)
     1    0.008155    0.386549    0.310130    2.772318 v _109_/ZN (gf180mcu_fd_sc_mcu7t5v0__aoi221_1)
     1    0.005186    0.716464    0.434755    3.207074 ^ _114_/ZN (gf180mcu_fd_sc_mcu7t5v0__oai222_1)
     1    0.005692    0.134529    0.262876    3.469950 ^ wire13/Z (gf180mcu_fd_sc_mcu7t5v0__clkbuf_1)
     1    0.007642    0.279287    0.127403    3.597352 v _119_/ZN (gf180mcu_fd_sc_mcu7t5v0__aoi21_1)
     1    0.011032    0.468831    0.350256    3.947608 ^ _122_/ZN (gf180mcu_fd_sc_mcu7t5v0__oai211_1)
     1    0.003189    0.238465    0.095183    4.042792 v _123_/ZN (gf180mcu_fd_sc_mcu7t5v0__aoi21_1)
                      0.238465    0.000061    4.042853 v _152_/D (gf180mcu_fd_sc_mcu7t5v0__dffq_1)
                                              4.042853   data arrival time

                               1000.000000 1000.000000   clock clk (rise edge)
                                  0.000000 1000.000000   clock source latency
     1    0.029619    0.133726    0.062414 1000.062439 ^ clk (in)
     4    0.096782    0.130688    0.223054 1000.285522 ^ clkbuf_0_clk/Z (gf180mcu_fd_sc_mcu7t5v0__clkbuf_16)
     5    0.024459    0.073549    0.182695 1000.468201 ^ clkbuf_2_2__f_clk/Z (gf180mcu_fd_sc_mcu7t5v0__clkbuf_16)
                      0.073549    0.000114 1000.468323 ^ _152_/CLK (gf180mcu_fd_sc_mcu7t5v0__dffq_1)
                                 -0.250000 1000.218323   clock uncertainty
                                  0.030046 1000.248291   clock reconvergence pessimism
                                 -0.235606 1000.012756   library setup time
                                           1000.012756   data required time
---------------------------------------------------------------------------------------------
                                           1000.012756   data required time
                                             -4.042853   data arrival time
---------------------------------------------------------------------------------------------
                                            995.969971   slack (MET)


Startpoint: _153_ (rising edge-triggered flip-flop clocked by clk)
Endpoint: _162_ (rising edge-triggered flip-flop clocked by clk)
Path Group: clk
Path Type: max

Fanout         Cap        Slew       Delay        Time   Description
---------------------------------------------------------------------------------------------
                                  0.000000    0.000000   clock clk (rise edge)
                                  0.000000    0.000000   clock source latency
     1    0.029619    0.133726    0.068922    0.068922 ^ clk (in)
     4    0.096782    0.130688    0.246556    0.315478 ^ clkbuf_0_clk/Z (gf180mcu_fd_sc_mcu7t5v0__clkbuf_16)
     5    0.025476    0.074345    0.203016    0.518494 ^ clkbuf_2_1__f_clk/Z (gf180mcu_fd_sc_mcu7t5v0__clkbuf_16)
                      0.074346    0.000194    0.518689 ^ _153_/CLK (gf180mcu_fd_sc_mcu7t5v0__dffq_1)
     6    0.031239    0.479779    0.853656    1.372345 ^ _153_/Q (gf180mcu_fd_sc_mcu7t5v0__dffq_1)
     4    0.026283    0.444184    0.650439    2.022784 ^ _081_/Z (gf180mcu_fd_sc_mcu7t5v0__and4_1)
     2    0.014885    0.430978    0.316907    2.339690 v _084_/ZN (gf180mcu_fd_sc_mcu7t5v0__nand4_1)
     2    0.008925    0.221309    0.224989    2.564679 ^ _085_/ZN (gf180mcu_fd_sc_mcu7t5v0__clkinv_1)
     2    0.016938    0.290197    0.363565    2.928244 ^ _086_/Z (gf180mcu_fd_sc_mcu7t5v0__and2_1)
    10    0.058367    0.440680    0.414228    3.342472 ^ fanout14/Z (gf180mcu_fd_sc_mcu7t5v0__buf_2)
     1    0.004971    0.187971    0.154414    3.496887 v _134_/ZN (gf180mcu_fd_sc_mcu7t5v0__nor2_1)
     1    0.003333    0.403783    0.333518    3.830405 ^ _135_/ZN (gf180mcu_fd_sc_mcu7t5v0__aoi211_1)
                      0.403783    0.000035    3.830440 ^ _162_/D (gf180mcu_fd_sc_mcu7t5v0__dffq_1)
                                              3.830440   data arrival time

                               1000.000000 1000.000000   clock clk (rise edge)
                                  0.000000 1000.000000   clock source latency
     1    0.029619    0.133726    0.062414 1000.062439 ^ clk (in)
     4    0.096782    0.130688    0.223054 1000.285522 ^ clkbuf_0_clk/Z (gf180mcu_fd_sc_mcu7t5v0__clkbuf_16)
     5    0.022496    0.072011    0.181672 1000.467163 ^ clkbuf_2_0__f_clk/Z (gf180mcu_fd_sc_mcu7t5v0__clkbuf_16)
                      0.072011    0.000227 1000.467407 ^ _162_/CLK (gf180mcu_fd_sc_mcu7t5v0__dffq_1)
                                 -0.250000 1000.217407   clock uncertainty
                                  0.030046 1000.247437   clock reconvergence pessimism
                                 -0.219975 1000.027405   library setup time
                                           1000.027405   data required time
---------------------------------------------------------------------------------------------
                                           1000.027405   data required time
                                             -3.830440   data arrival time
---------------------------------------------------------------------------------------------
                                            996.196960   slack (MET)


Startpoint: _153_ (rising edge-triggered flip-flop clocked by clk)
Endpoint: _161_ (rising edge-triggered flip-flop clocked by clk)
Path Group: clk
Path Type: max

Fanout         Cap        Slew       Delay        Time   Description
---------------------------------------------------------------------------------------------
                                  0.000000    0.000000   clock clk (rise edge)
                                  0.000000    0.000000   clock source latency
     1    0.029619    0.133726    0.068922    0.068922 ^ clk (in)
     4    0.096782    0.130688    0.246556    0.315478 ^ clkbuf_0_clk/Z (gf180mcu_fd_sc_mcu7t5v0__clkbuf_16)
     5    0.025476    0.074345    0.203016    0.518494 ^ clkbuf_2_1__f_clk/Z (gf180mcu_fd_sc_mcu7t5v0__clkbuf_16)
                      0.074346    0.000194    0.518689 ^ _153_/CLK (gf180mcu_fd_sc_mcu7t5v0__dffq_1)
     6    0.031239    0.479779    0.853656    1.372345 ^ _153_/Q (gf180mcu_fd_sc_mcu7t5v0__dffq_1)
     4    0.026283    0.444184    0.650439    2.022784 ^ _081_/Z (gf180mcu_fd_sc_mcu7t5v0__and4_1)
     2    0.014885    0.430978    0.316907    2.339690 v _084_/ZN (gf180mcu_fd_sc_mcu7t5v0__nand4_1)
     2    0.008925    0.221309    0.224989    2.564679 ^ _085_/ZN (gf180mcu_fd_sc_mcu7t5v0__clkinv_1)
     2    0.016938    0.290197    0.363565    2.928244 ^ _086_/Z (gf180mcu_fd_sc_mcu7t5v0__and2_1)
    10    0.058367    0.440680    0.414228    3.342472 ^ fanout14/Z (gf180mcu_fd_sc_mcu7t5v0__buf_2)
     1    0.004408    0.182401    0.148151    3.490623 v _132_/ZN (gf180mcu_fd_sc_mcu7t5v0__nor2_1)
     1    0.002917    0.388606    0.322986    3.813610 ^ _133_/ZN (gf180mcu_fd_sc_mcu7t5v0__aoi211_1)
                      0.388606    0.000029    3.813639 ^ _161_/D (gf180mcu_fd_sc_mcu7t5v0__dffq_1)
                                              3.813639   data arrival time

                               1000.000000 1000.000000   clock clk (rise edge)
                                  0.000000 1000.000000   clock source latency
     1    0.029619    0.133726    0.062414 1000.062439 ^ clk (in)
     4    0.096782    0.130688    0.223054 1000.285522 ^ clkbuf_0_clk/Z (gf180mcu_fd_sc_mcu7t5v0__clkbuf_16)
     5    0.022496    0.072011    0.181672 1000.467163 ^ clkbuf_2_0__f_clk/Z (gf180mcu_fd_sc_mcu7t5v0__clkbuf_16)
                      0.072011    0.000114 1000.467285 ^ _161_/CLK (gf180mcu_fd_sc_mcu7t5v0__dffq_1)
                                 -0.250000 1000.217285   clock uncertainty
                                  0.030046 1000.247314   clock reconvergence pessimism
                                 -0.219047 1000.028198   library setup time
                                           1000.028198   data required time
---------------------------------------------------------------------------------------------
                                           1000.028198   data required time
                                             -3.813639   data arrival time
---------------------------------------------------------------------------------------------
                                            996.214600   slack (MET)


Startpoint: _153_ (rising edge-triggered flip-flop clocked by clk)
Endpoint: _164_ (rising edge-triggered flip-flop clocked by clk)
Path Group: clk
Path Type: max

Fanout         Cap        Slew       Delay        Time   Description
---------------------------------------------------------------------------------------------
                                  0.000000    0.000000   clock clk (rise edge)
                                  0.000000    0.000000   clock source latency
     1    0.029619    0.133726    0.068922    0.068922 ^ clk (in)
     4    0.096782    0.130688    0.246556    0.315478 ^ clkbuf_0_clk/Z (gf180mcu_fd_sc_mcu7t5v0__clkbuf_16)
     5    0.025476    0.074345    0.203016    0.518494 ^ clkbuf_2_1__f_clk/Z (gf180mcu_fd_sc_mcu7t5v0__clkbuf_16)
                      0.074346    0.000194    0.518689 ^ _153_/CLK (gf180mcu_fd_sc_mcu7t5v0__dffq_1)
     6    0.031239    0.479779    0.853656    1.372345 ^ _153_/Q (gf180mcu_fd_sc_mcu7t5v0__dffq_1)
     4    0.026283    0.444184    0.650439    2.022784 ^ _081_/Z (gf180mcu_fd_sc_mcu7t5v0__and4_1)
     2    0.014885    0.430978    0.316907    2.339690 v _084_/ZN (gf180mcu_fd_sc_mcu7t5v0__nand4_1)
     2    0.008925    0.221309    0.224989    2.564679 ^ _085_/ZN (gf180mcu_fd_sc_mcu7t5v0__clkinv_1)
     2    0.016938    0.290197    0.363565    2.928244 ^ _086_/Z (gf180mcu_fd_sc_mcu7t5v0__and2_1)
    10    0.058367    0.440680    0.414228    3.342472 ^ fanout14/Z (gf180mcu_fd_sc_mcu7t5v0__buf_2)
     1    0.006276    0.220122    0.176849    3.519321 v _138_/ZN (gf180mcu_fd_sc_mcu7t5v0__oai21_1)
     1    0.002720    0.236006    0.231478    3.750799 ^ _139_/ZN (gf180mcu_fd_sc_mcu7t5v0__aoi21_1)
                      0.236006    0.000027    3.750826 ^ _164_/D (gf180mcu_fd_sc_mcu7t5v0__dffq_1)
                                              3.750826   data arrival time

                               1000.000000 1000.000000   clock clk (rise edge)
                                  0.000000 1000.000000   clock source latency
     1    0.029619    0.133726    0.062414 1000.062439 ^ clk (in)
     4    0.096782    0.130688    0.223054 1000.285522 ^ clkbuf_0_clk/Z (gf180mcu_fd_sc_mcu7t5v0__clkbuf_16)
     5    0.022496    0.072011    0.181672 1000.467163 ^ clkbuf_2_0__f_clk/Z (gf180mcu_fd_sc_mcu7t5v0__clkbuf_16)
                      0.072011    0.000114 1000.467285 ^ _164_/CLK (gf180mcu_fd_sc_mcu7t5v0__dffq_1)
                                 -0.250000 1000.217285   clock uncertainty
                                  0.030046 1000.247314   clock reconvergence pessimism
                                 -0.209718 1000.037537   library setup time
                                           1000.037537   data required time
---------------------------------------------------------------------------------------------
                                           1000.037537   data required time
                                             -3.750826   data arrival time
---------------------------------------------------------------------------------------------
                                            996.286682   slack (MET)


Startpoint: _153_ (rising edge-triggered flip-flop clocked by clk)
Endpoint: _163_ (rising edge-triggered flip-flop clocked by clk)
Path Group: clk
Path Type: max

Fanout         Cap        Slew       Delay        Time   Description
---------------------------------------------------------------------------------------------
                                  0.000000    0.000000   clock clk (rise edge)
                                  0.000000    0.000000   clock source latency
     1    0.029619    0.133726    0.068922    0.068922 ^ clk (in)
     4    0.096782    0.130688    0.246556    0.315478 ^ clkbuf_0_clk/Z (gf180mcu_fd_sc_mcu7t5v0__clkbuf_16)
     5    0.025476    0.074345    0.203016    0.518494 ^ clkbuf_2_1__f_clk/Z (gf180mcu_fd_sc_mcu7t5v0__clkbuf_16)
                      0.074346    0.000194    0.518689 ^ _153_/CLK (gf180mcu_fd_sc_mcu7t5v0__dffq_1)
     6    0.031239    0.479779    0.853656    1.372345 ^ _153_/Q (gf180mcu_fd_sc_mcu7t5v0__dffq_1)
     4    0.026283    0.444184    0.650439    2.022784 ^ _081_/Z (gf180mcu_fd_sc_mcu7t5v0__and4_1)
     2    0.014885    0.430978    0.316907    2.339690 v _084_/ZN (gf180mcu_fd_sc_mcu7t5v0__nand4_1)
     2    0.008925    0.221309    0.224989    2.564679 ^ _085_/ZN (gf180mcu_fd_sc_mcu7t5v0__clkinv_1)
     2    0.016938    0.290197    0.363565    2.928244 ^ _086_/Z (gf180mcu_fd_sc_mcu7t5v0__and2_1)
    10    0.058367    0.440680    0.414228    3.342472 ^ fanout14/Z (gf180mcu_fd_sc_mcu7t5v0__buf_2)
     1    0.004812    0.204031    0.161184    3.503656 v _136_/ZN (gf180mcu_fd_sc_mcu7t5v0__oai21_1)
     1    0.003207    0.244826    0.236184    3.739840 ^ _137_/ZN (gf180mcu_fd_sc_mcu7t5v0__aoi21_1)
                      0.244826    0.000034    3.739874 ^ _163_/D (gf180mcu_fd_sc_mcu7t5v0__dffq_1)
                                              3.739874   data arrival time

                               1000.000000 1000.000000   clock clk (rise edge)
                                  0.000000 1000.000000   clock source latency
     1    0.029619    0.133726    0.062414 1000.062439 ^ clk (in)
     4    0.096782    0.130688    0.223054 1000.285522 ^ clkbuf_0_clk/Z (gf180mcu_fd_sc_mcu7t5v0__clkbuf_16)
     5    0.022496    0.072011    0.181672 1000.467163 ^ clkbuf_2_0__f_clk/Z (gf180mcu_fd_sc_mcu7t5v0__clkbuf_16)
                      0.072011    0.000114 1000.467285 ^ _163_/CLK (gf180mcu_fd_sc_mcu7t5v0__dffq_1)
                                 -0.250000 1000.217285   clock uncertainty
                                  0.030046 1000.247314   clock reconvergence pessimism
                                 -0.210257 1000.037109   library setup time
                                           1000.037109   data required time
---------------------------------------------------------------------------------------------
                                           1000.037109   data required time
                                             -3.739874   data arrival time
---------------------------------------------------------------------------------------------
                                            996.297241   slack (MET)


Startpoint: _153_ (rising edge-triggered flip-flop clocked by clk)
Endpoint: _165_ (rising edge-triggered flip-flop clocked by clk)
Path Group: clk
Path Type: max

Fanout         Cap        Slew       Delay        Time   Description
---------------------------------------------------------------------------------------------
                                  0.000000    0.000000   clock clk (rise edge)
                                  0.000000    0.000000   clock source latency
     1    0.029619    0.133726    0.068922    0.068922 ^ clk (in)
     4    0.096782    0.130688    0.246556    0.315478 ^ clkbuf_0_clk/Z (gf180mcu_fd_sc_mcu7t5v0__clkbuf_16)
     5    0.025476    0.074345    0.203016    0.518494 ^ clkbuf_2_1__f_clk/Z (gf180mcu_fd_sc_mcu7t5v0__clkbuf_16)
                      0.074346    0.000194    0.518689 ^ _153_/CLK (gf180mcu_fd_sc_mcu7t5v0__dffq_1)
     6    0.031239    0.479779    0.853656    1.372345 ^ _153_/Q (gf180mcu_fd_sc_mcu7t5v0__dffq_1)
     4    0.026283    0.444184    0.650439    2.022784 ^ _081_/Z (gf180mcu_fd_sc_mcu7t5v0__and4_1)
     2    0.014885    0.430978    0.316907    2.339690 v _084_/ZN (gf180mcu_fd_sc_mcu7t5v0__nand4_1)
     2    0.008925    0.221309    0.224989    2.564679 ^ _085_/ZN (gf180mcu_fd_sc_mcu7t5v0__clkinv_1)
     2    0.016938    0.290197    0.363565    2.928244 ^ _086_/Z (gf180mcu_fd_sc_mcu7t5v0__and2_1)
    10    0.058367    0.440680    0.414228    3.342472 ^ fanout14/Z (gf180mcu_fd_sc_mcu7t5v0__buf_2)
     1    0.005963    0.216447    0.172705    3.515177 v _140_/ZN (gf180mcu_fd_sc_mcu7t5v0__oai21_1)
     1    0.003201    0.249088    0.238382    3.753559 ^ _141_/ZN (gf180mcu_fd_sc_mcu7t5v0__aoi21_1)
                      0.249088    0.000063    3.753622 ^ _165_/D (gf180mcu_fd_sc_mcu7t5v0__dffq_1)
                                              3.753622   data arrival time

                               1000.000000 1000.000000   clock clk (rise edge)
                                  0.000000 1000.000000   clock source latency
     1    0.029619    0.133726    0.062414 1000.062439 ^ clk (in)
     4    0.096782    0.130688    0.223054 1000.285522 ^ clkbuf_0_clk/Z (gf180mcu_fd_sc_mcu7t5v0__clkbuf_16)
     5    0.025476    0.074345    0.183604 1000.469116 ^ clkbuf_2_1__f_clk/Z (gf180mcu_fd_sc_mcu7t5v0__clkbuf_16)
                      0.074346    0.000227 1000.469299 ^ _165_/CLK (gf180mcu_fd_sc_mcu7t5v0__dffq_1)
                                 -0.250000 1000.219299   clock uncertainty
                                  0.049380 1000.268677   clock reconvergence pessimism
                                 -0.210023 1000.058716   library setup time
                                           1000.058716   data required time
---------------------------------------------------------------------------------------------
                                           1000.058716   data required time
                                             -3.753622   data arrival time
---------------------------------------------------------------------------------------------
                                            996.305115   slack (MET)


Startpoint: _153_ (rising edge-triggered flip-flop clocked by clk)
Endpoint: _167_ (rising edge-triggered flip-flop clocked by clk)
Path Group: clk
Path Type: max

Fanout         Cap        Slew       Delay        Time   Description
---------------------------------------------------------------------------------------------
                                  0.000000    0.000000   clock clk (rise edge)
                                  0.000000    0.000000   clock source latency
     1    0.029619    0.133726    0.068922    0.068922 ^ clk (in)
     4    0.096782    0.130688    0.246556    0.315478 ^ clkbuf_0_clk/Z (gf180mcu_fd_sc_mcu7t5v0__clkbuf_16)
     5    0.025476    0.074345    0.203016    0.518494 ^ clkbuf_2_1__f_clk/Z (gf180mcu_fd_sc_mcu7t5v0__clkbuf_16)
                      0.074346    0.000194    0.518689 ^ _153_/CLK (gf180mcu_fd_sc_mcu7t5v0__dffq_1)
     6    0.031239    0.479779    0.853656    1.372345 ^ _153_/Q (gf180mcu_fd_sc_mcu7t5v0__dffq_1)
     4    0.026283    0.444184    0.650439    2.022784 ^ _081_/Z (gf180mcu_fd_sc_mcu7t5v0__and4_1)
     2    0.014885    0.430978    0.316907    2.339690 v _084_/ZN (gf180mcu_fd_sc_mcu7t5v0__nand4_1)
     2    0.008925    0.221309    0.224989    2.564679 ^ _085_/ZN (gf180mcu_fd_sc_mcu7t5v0__clkinv_1)
     5    0.032727    0.434800    0.321080    2.885759 v _087_/ZN (gf180mcu_fd_sc_mcu7t5v0__nand2_1)
     3    0.017290    0.532570    0.437273    3.323031 ^ _144_/ZN (gf180mcu_fd_sc_mcu7t5v0__nor2_1)
     1    0.004955    0.280310    0.213430    3.536462 v _145_/ZN (gf180mcu_fd_sc_mcu7t5v0__aoi22_1)
     1    0.003003    0.192973    0.184570    3.721032 ^ _146_/ZN (gf180mcu_fd_sc_mcu7t5v0__nor2_1)
                      0.192973    0.000030    3.721062 ^ _167_/D (gf180mcu_fd_sc_mcu7t5v0__dffq_1)
                                              3.721062   data arrival time

                               1000.000000 1000.000000   clock clk (rise edge)
                                  0.000000 1000.000000   clock source latency
     1    0.029619    0.133726    0.062414 1000.062439 ^ clk (in)
     4    0.096782    0.130688    0.223054 1000.285522 ^ clkbuf_0_clk/Z (gf180mcu_fd_sc_mcu7t5v0__clkbuf_16)
     5    0.024459    0.073549    0.182695 1000.468201 ^ clkbuf_2_2__f_clk/Z (gf180mcu_fd_sc_mcu7t5v0__clkbuf_16)
                      0.073549    0.000227 1000.468445 ^ _167_/CLK (gf180mcu_fd_sc_mcu7t5v0__dffq_1)
                                 -0.250000 1000.218445   clock uncertainty
                                  0.030046 1000.248413   clock reconvergence pessimism
                                 -0.206747 1000.041626   library setup time
                                           1000.041626   data required time
---------------------------------------------------------------------------------------------
                                           1000.041626   data required time
                                             -3.721062   data arrival time
---------------------------------------------------------------------------------------------
                                            996.320557   slack (MET)


Startpoint: _153_ (rising edge-triggered flip-flop clocked by clk)
Endpoint: _168_ (rising edge-triggered flip-flop clocked by clk)
Path Group: clk
Path Type: max

Fanout         Cap        Slew       Delay        Time   Description
---------------------------------------------------------------------------------------------
                                  0.000000    0.000000   clock clk (rise edge)
                                  0.000000    0.000000   clock source latency
     1    0.029619    0.133726    0.068922    0.068922 ^ clk (in)
     4    0.096782    0.130688    0.246556    0.315478 ^ clkbuf_0_clk/Z (gf180mcu_fd_sc_mcu7t5v0__clkbuf_16)
     5    0.025476    0.074345    0.203016    0.518494 ^ clkbuf_2_1__f_clk/Z (gf180mcu_fd_sc_mcu7t5v0__clkbuf_16)
                      0.074346    0.000194    0.518689 ^ _153_/CLK (gf180mcu_fd_sc_mcu7t5v0__dffq_1)
     6    0.031239    0.479779    0.853656    1.372345 ^ _153_/Q (gf180mcu_fd_sc_mcu7t5v0__dffq_1)
     4    0.026283    0.444184    0.650439    2.022784 ^ _081_/Z (gf180mcu_fd_sc_mcu7t5v0__and4_1)
     2    0.014885    0.430978    0.316907    2.339690 v _084_/ZN (gf180mcu_fd_sc_mcu7t5v0__nand4_1)
     2    0.008925    0.221309    0.224989    2.564679 ^ _085_/ZN (gf180mcu_fd_sc_mcu7t5v0__clkinv_1)
     5    0.032727    0.434800    0.321080    2.885759 v _087_/ZN (gf180mcu_fd_sc_mcu7t5v0__nand2_1)
     3    0.017290    0.532570    0.437273    3.323031 ^ _144_/ZN (gf180mcu_fd_sc_mcu7t5v0__nor2_1)
     1    0.004571    0.276523    0.209414    3.532445 v _147_/ZN (gf180mcu_fd_sc_mcu7t5v0__aoi22_1)
     1    0.002674    0.184704    0.178585    3.711030 ^ _148_/ZN (gf180mcu_fd_sc_mcu7t5v0__nor2_1)
                      0.184704    0.000026    3.711056 ^ _168_/D (gf180mcu_fd_sc_mcu7t5v0__dffq_1)
                                              3.711056   data arrival time

                               1000.000000 1000.000000   clock clk (rise edge)
                                  0.000000 1000.000000   clock source latency
     1    0.029619    0.133726    0.062414 1000.062439 ^ clk (in)
     4    0.096782    0.130688    0.223054 1000.285522 ^ clkbuf_0_clk/Z (gf180mcu_fd_sc_mcu7t5v0__clkbuf_16)
     5    0.024459    0.073549    0.182695 1000.468201 ^ clkbuf_2_2__f_clk/Z (gf180mcu_fd_sc_mcu7t5v0__clkbuf_16)
                      0.073549    0.000341 1000.468506 ^ _168_/CLK (gf180mcu_fd_sc_mcu7t5v0__dffq_1)
                                 -0.250000 1000.218506   clock uncertainty
                                  0.030046 1000.248535   clock reconvergence pessimism
                                 -0.206239 1000.042297   library setup time
                                           1000.042297   data required time
---------------------------------------------------------------------------------------------
                                           1000.042297   data required time
                                             -3.711056   data arrival time
---------------------------------------------------------------------------------------------
                                            996.331238   slack (MET)


Startpoint: _153_ (rising edge-triggered flip-flop clocked by clk)
Endpoint: _166_ (rising edge-triggered flip-flop clocked by clk)
Path Group: clk
Path Type: max

Fanout         Cap        Slew       Delay        Time   Description
---------------------------------------------------------------------------------------------
                                  0.000000    0.000000   clock clk (rise edge)
                                  0.000000    0.000000   clock source latency
     1    0.029619    0.133726    0.068922    0.068922 ^ clk (in)
     4    0.096782    0.130688    0.246556    0.315478 ^ clkbuf_0_clk/Z (gf180mcu_fd_sc_mcu7t5v0__clkbuf_16)
     5    0.025476    0.074345    0.203016    0.518494 ^ clkbuf_2_1__f_clk/Z (gf180mcu_fd_sc_mcu7t5v0__clkbuf_16)
                      0.074346    0.000194    0.518689 ^ _153_/CLK (gf180mcu_fd_sc_mcu7t5v0__dffq_1)
     6    0.031239    0.479779    0.853656    1.372345 ^ _153_/Q (gf180mcu_fd_sc_mcu7t5v0__dffq_1)
     4    0.026283    0.444184    0.650439    2.022784 ^ _081_/Z (gf180mcu_fd_sc_mcu7t5v0__and4_1)
     2    0.014885    0.430978    0.316907    2.339690 v _084_/ZN (gf180mcu_fd_sc_mcu7t5v0__nand4_1)
     2    0.008925    0.221309    0.224989    2.564679 ^ _085_/ZN (gf180mcu_fd_sc_mcu7t5v0__clkinv_1)
     2    0.016938    0.290197    0.363565    2.928244 ^ _086_/Z (gf180mcu_fd_sc_mcu7t5v0__and2_1)
     5    0.033664    0.268681    0.307113    3.235357 ^ fanout15/Z (gf180mcu_fd_sc_mcu7t5v0__buf_2)
     1    0.004981    0.147616    0.135451    3.370808 v _142_/ZN (gf180mcu_fd_sc_mcu7t5v0__nor2_1)
     1    0.003244    0.400546    0.324778    3.695586 ^ _143_/ZN (gf180mcu_fd_sc_mcu7t5v0__aoi211_1)
                      0.400546    0.000035    3.695621 ^ _166_/D (gf180mcu_fd_sc_mcu7t5v0__dffq_1)
                                              3.695621   data arrival time

                               1000.000000 1000.000000   clock clk (rise edge)
                                  0.000000 1000.000000   clock source latency
     1    0.029619    0.133726    0.062414 1000.062439 ^ clk (in)
     4    0.096782    0.130688    0.223054 1000.285522 ^ clkbuf_0_clk/Z (gf180mcu_fd_sc_mcu7t5v0__clkbuf_16)
     5    0.025476    0.074345    0.183604 1000.469116 ^ clkbuf_2_1__f_clk/Z (gf180mcu_fd_sc_mcu7t5v0__clkbuf_16)
                      0.074346    0.000227 1000.469299 ^ _166_/CLK (gf180mcu_fd_sc_mcu7t5v0__dffq_1)
                                 -0.250000 1000.219299   clock uncertainty
                                  0.049380 1000.268677   clock reconvergence pessimism
                                 -0.219341 1000.049377   library setup time
                                           1000.049377   data required time
---------------------------------------------------------------------------------------------
                                           1000.049377   data required time
                                             -3.695621   data arrival time
---------------------------------------------------------------------------------------------
                                            996.353760   slack (MET)


Startpoint: _153_ (rising edge-triggered flip-flop clocked by clk)
Endpoint: _169_ (rising edge-triggered flip-flop clocked by clk)
Path Group: clk
Path Type: max

Fanout         Cap        Slew       Delay        Time   Description
---------------------------------------------------------------------------------------------
                                  0.000000    0.000000   clock clk (rise edge)
                                  0.000000    0.000000   clock source latency
     1    0.029619    0.133726    0.068922    0.068922 ^ clk (in)
     4    0.096782    0.130688    0.246556    0.315478 ^ clkbuf_0_clk/Z (gf180mcu_fd_sc_mcu7t5v0__clkbuf_16)
     5    0.025476    0.074345    0.203016    0.518494 ^ clkbuf_2_1__f_clk/Z (gf180mcu_fd_sc_mcu7t5v0__clkbuf_16)
                      0.074346    0.000194    0.518689 ^ _153_/CLK (gf180mcu_fd_sc_mcu7t5v0__dffq_1)
     6    0.031239    0.479779    0.853656    1.372345 ^ _153_/Q (gf180mcu_fd_sc_mcu7t5v0__dffq_1)
     4    0.026283    0.444184    0.650439    2.022784 ^ _081_/Z (gf180mcu_fd_sc_mcu7t5v0__and4_1)
     2    0.014885    0.430978    0.316907    2.339690 v _084_/ZN (gf180mcu_fd_sc_mcu7t5v0__nand4_1)
     2    0.008925    0.221309    0.224989    2.564679 ^ _085_/ZN (gf180mcu_fd_sc_mcu7t5v0__clkinv_1)
     2    0.016938    0.290197    0.363565    2.928244 ^ _086_/Z (gf180mcu_fd_sc_mcu7t5v0__and2_1)
     5    0.033664    0.268681    0.307113    3.235357 ^ fanout15/Z (gf180mcu_fd_sc_mcu7t5v0__buf_2)
     1    0.004987    0.168116    0.144154    3.379512 v _149_/ZN (gf180mcu_fd_sc_mcu7t5v0__oai21_1)
     1    0.002821    0.194603    0.161313    3.540825 ^ _150_/ZN (gf180mcu_fd_sc_mcu7t5v0__nor2_1)
                      0.194603    0.000028    3.540853 ^ _169_/D (gf180mcu_fd_sc_mcu7t5v0__dffq_1)
                                              3.540853   data arrival time

                               1000.000000 1000.000000   clock clk (rise edge)
                                  0.000000 1000.000000   clock source latency
     1    0.029619    0.133726    0.062414 1000.062439 ^ clk (in)
     4    0.096782    0.130688    0.223054 1000.285522 ^ clkbuf_0_clk/Z (gf180mcu_fd_sc_mcu7t5v0__clkbuf_16)
     5    0.024459    0.073549    0.182695 1000.468201 ^ clkbuf_2_2__f_clk/Z (gf180mcu_fd_sc_mcu7t5v0__clkbuf_16)
                      0.073549    0.000341 1000.468506 ^ _169_/CLK (gf180mcu_fd_sc_mcu7t5v0__dffq_1)
                                 -0.250000 1000.218506   clock uncertainty
                                  0.030046 1000.248535   clock reconvergence pessimism
                                 -0.206847 1000.041748   library setup time
                                           1000.041748   data required time
---------------------------------------------------------------------------------------------
                                           1000.041748   data required time
                                             -3.540853   data arrival time
---------------------------------------------------------------------------------------------
                                            996.500854   slack (MET)


Startpoint: _153_ (rising edge-triggered flip-flop clocked by clk)
Endpoint: _170_ (rising edge-triggered flip-flop clocked by clk)
Path Group: clk
Path Type: max

Fanout         Cap        Slew       Delay        Time   Description
---------------------------------------------------------------------------------------------
                                  0.000000    0.000000   clock clk (rise edge)
                                  0.000000    0.000000   clock source latency
     1    0.029619    0.133726    0.068922    0.068922 ^ clk (in)
     4    0.096782    0.130688    0.246556    0.315478 ^ clkbuf_0_clk/Z (gf180mcu_fd_sc_mcu7t5v0__clkbuf_16)
     5    0.025476    0.074345    0.203016    0.518494 ^ clkbuf_2_1__f_clk/Z (gf180mcu_fd_sc_mcu7t5v0__clkbuf_16)
                      0.074346    0.000194    0.518689 ^ _153_/CLK (gf180mcu_fd_sc_mcu7t5v0__dffq_1)
     6    0.031239    0.479779    0.853656    1.372345 ^ _153_/Q (gf180mcu_fd_sc_mcu7t5v0__dffq_1)
     4    0.026283    0.444184    0.650439    2.022784 ^ _081_/Z (gf180mcu_fd_sc_mcu7t5v0__and4_1)
     2    0.014885    0.430978    0.316907    2.339690 v _084_/ZN (gf180mcu_fd_sc_mcu7t5v0__nand4_1)
     2    0.008925    0.221309    0.224989    2.564679 ^ _085_/ZN (gf180mcu_fd_sc_mcu7t5v0__clkinv_1)
     2    0.016938    0.290197    0.363565    2.928244 ^ _086_/Z (gf180mcu_fd_sc_mcu7t5v0__and2_1)
     5    0.033664    0.268681    0.307113    3.235357 ^ fanout15/Z (gf180mcu_fd_sc_mcu7t5v0__buf_2)
     1    0.005875    0.139927    0.115665    3.351022 v _088_/ZN (gf180mcu_fd_sc_mcu7t5v0__nand2_1)
     1    0.002756    0.241730    0.150001    3.501023 ^ _151_/ZN (gf180mcu_fd_sc_mcu7t5v0__aoi21_1)
                      0.241730    0.000028    3.501050 ^ _170_/D (gf180mcu_fd_sc_mcu7t5v0__dffq_1)
                                              3.501050   data arrival time

                               1000.000000 1000.000000   clock clk (rise edge)
                                  0.000000 1000.000000   clock source latency
     1    0.029619    0.133726    0.062414 1000.062439 ^ clk (in)
     4    0.096782    0.130688    0.223054 1000.285522 ^ clkbuf_0_clk/Z (gf180mcu_fd_sc_mcu7t5v0__clkbuf_16)
     5    0.024459    0.073549    0.182695 1000.468201 ^ clkbuf_2_2__f_clk/Z (gf180mcu_fd_sc_mcu7t5v0__clkbuf_16)
                      0.073549    0.000114 1000.468323 ^ _170_/CLK (gf180mcu_fd_sc_mcu7t5v0__dffq_1)
                                 -0.250000 1000.218323   clock uncertainty
                                  0.030046 1000.248291   clock reconvergence pessimism
                                 -0.209740 1000.038574   library setup time
                                           1000.038574   data required time
---------------------------------------------------------------------------------------------
                                           1000.038574   data required time
                                             -3.501050   data arrival time
---------------------------------------------------------------------------------------------
                                            996.537476   slack (MET)


Startpoint: _153_ (rising edge-triggered flip-flop clocked by clk)
Endpoint: _160_ (rising edge-triggered flip-flop clocked by clk)
Path Group: clk
Path Type: max

Fanout         Cap        Slew       Delay        Time   Description
---------------------------------------------------------------------------------------------
                                  0.000000    0.000000   clock clk (rise edge)
                                  0.000000    0.000000   clock source latency
     1    0.029619    0.133726    0.068922    0.068922 ^ clk (in)
     4    0.096782    0.130688    0.246556    0.315478 ^ clkbuf_0_clk/Z (gf180mcu_fd_sc_mcu7t5v0__clkbuf_16)
     5    0.025476    0.074345    0.203016    0.518494 ^ clkbuf_2_1__f_clk/Z (gf180mcu_fd_sc_mcu7t5v0__clkbuf_16)
                      0.074346    0.000194    0.518689 ^ _153_/CLK (gf180mcu_fd_sc_mcu7t5v0__dffq_1)
     6    0.031239    0.479779    0.853656    1.372345 ^ _153_/Q (gf180mcu_fd_sc_mcu7t5v0__dffq_1)
     4    0.026283    0.444184    0.650439    2.022784 ^ _081_/Z (gf180mcu_fd_sc_mcu7t5v0__and4_1)
     2    0.014885    0.430978    0.316907    2.339690 v _084_/ZN (gf180mcu_fd_sc_mcu7t5v0__nand4_1)
     3    0.017303    0.298919    0.574531    2.914221 v _117_/Z (gf180mcu_fd_sc_mcu7t5v0__xor2_1)
     1    0.002979    0.160693    0.177206    3.091427 ^ _131_/ZN (gf180mcu_fd_sc_mcu7t5v0__nand2_1)
                      0.160693    0.000030    3.091457 ^ _160_/D (gf180mcu_fd_sc_mcu7t5v0__dffq_1)
                                              3.091457   data arrival time

                               1000.000000 1000.000000   clock clk (rise edge)
                                  0.000000 1000.000000   clock source latency
     1    0.029619    0.133726    0.062414 1000.062439 ^ clk (in)
     4    0.096782    0.130688    0.223054 1000.285522 ^ clkbuf_0_clk/Z (gf180mcu_fd_sc_mcu7t5v0__clkbuf_16)
     5    0.024963    0.073945    0.183036 1000.468506 ^ clkbuf_2_3__f_clk/Z (gf180mcu_fd_sc_mcu7t5v0__clkbuf_16)
                      0.073945    0.000227 1000.468750 ^ _160_/CLK (gf180mcu_fd_sc_mcu7t5v0__dffq_1)
                                 -0.250000 1000.218750   clock uncertainty
                                  0.030046 1000.248779   clock reconvergence pessimism
                                 -0.201936 1000.046875   library setup time
                                           1000.046875   data required time
---------------------------------------------------------------------------------------------
                                           1000.046875   data required time
                                             -3.091457   data arrival time
---------------------------------------------------------------------------------------------
                                            996.955383   slack (MET)


Startpoint: _153_ (rising edge-triggered flip-flop clocked by clk)
Endpoint: _159_ (rising edge-triggered flip-flop clocked by clk)
Path Group: clk
Path Type: max

Fanout         Cap        Slew       Delay        Time   Description
---------------------------------------------------------------------------------------------
                                  0.000000    0.000000   clock clk (rise edge)
                                  0.000000    0.000000   clock source latency
     1    0.029619    0.133726    0.068922    0.068922 ^ clk (in)
     4    0.096782    0.130688    0.246556    0.315478 ^ clkbuf_0_clk/Z (gf180mcu_fd_sc_mcu7t5v0__clkbuf_16)
     5    0.025476    0.074345    0.203016    0.518494 ^ clkbuf_2_1__f_clk/Z (gf180mcu_fd_sc_mcu7t5v0__clkbuf_16)
                      0.074346    0.000194    0.518689 ^ _153_/CLK (gf180mcu_fd_sc_mcu7t5v0__dffq_1)
     6    0.031239    0.479779    0.853656    1.372345 ^ _153_/Q (gf180mcu_fd_sc_mcu7t5v0__dffq_1)
     4    0.026283    0.444184    0.650439    2.022784 ^ _081_/Z (gf180mcu_fd_sc_mcu7t5v0__and4_1)
     1    0.007943    0.240871    0.181643    2.204427 v _083_/ZN (gf180mcu_fd_sc_mcu7t5v0__nand3_1)
     3    0.018036    0.275544    0.511184    2.715612 v _115_/Z (gf180mcu_fd_sc_mcu7t5v0__xor2_1)
     1    0.003020    0.156728    0.171200    2.886811 ^ _130_/ZN (gf180mcu_fd_sc_mcu7t5v0__nand2_1)
                      0.156728    0.000031    2.886843 ^ _159_/D (gf180mcu_fd_sc_mcu7t5v0__dffq_1)
                                              2.886843   data arrival time

                               1000.000000 1000.000000   clock clk (rise edge)
                                  0.000000 1000.000000   clock source latency
     1    0.029619    0.133726    0.062414 1000.062439 ^ clk (in)
     4    0.096782    0.130688    0.223054 1000.285522 ^ clkbuf_0_clk/Z (gf180mcu_fd_sc_mcu7t5v0__clkbuf_16)
     5    0.024963    0.073945    0.183036 1000.468506 ^ clkbuf_2_3__f_clk/Z (gf180mcu_fd_sc_mcu7t5v0__clkbuf_16)
                      0.073945    0.000000 1000.468506 ^ _159_/CLK (gf180mcu_fd_sc_mcu7t5v0__dffq_1)
                                 -0.250000 1000.218506   clock uncertainty
                                  0.030046 1000.248535   clock reconvergence pessimism
                                 -0.201166 1000.047424   library setup time
                                           1000.047424   data required time
---------------------------------------------------------------------------------------------
                                           1000.047424   data required time
                                             -2.886843   data arrival time
---------------------------------------------------------------------------------------------
                                            997.160583   slack (MET)


Startpoint: _153_ (rising edge-triggered flip-flop clocked by clk)
Endpoint: _157_ (rising edge-triggered flip-flop clocked by clk)
Path Group: clk
Path Type: max

Fanout         Cap        Slew       Delay        Time   Description
---------------------------------------------------------------------------------------------
                                  0.000000    0.000000   clock clk (rise edge)
                                  0.000000    0.000000   clock source latency
     1    0.029619    0.133726    0.068922    0.068922 ^ clk (in)
     4    0.096782    0.130688    0.246556    0.315478 ^ clkbuf_0_clk/Z (gf180mcu_fd_sc_mcu7t5v0__clkbuf_16)
     5    0.025476    0.074345    0.203016    0.518494 ^ clkbuf_2_1__f_clk/Z (gf180mcu_fd_sc_mcu7t5v0__clkbuf_16)
                      0.074346    0.000194    0.518689 ^ _153_/CLK (gf180mcu_fd_sc_mcu7t5v0__dffq_1)
     6    0.031239    0.479779    0.853656    1.372345 ^ _153_/Q (gf180mcu_fd_sc_mcu7t5v0__dffq_1)
     4    0.026283    0.444184    0.650439    2.022784 ^ _081_/Z (gf180mcu_fd_sc_mcu7t5v0__and4_1)
     2    0.012492    0.480530    0.443488    2.466272 ^ _110_/Z (gf180mcu_fd_sc_mcu7t5v0__xor2_1)
     2    0.010177    0.229222    0.197632    2.663904 v _111_/ZN (gf180mcu_fd_sc_mcu7t5v0__clkinv_1)
     1    0.002985    0.147345    0.157798    2.821702 ^ _128_/ZN (gf180mcu_fd_sc_mcu7t5v0__nand2_1)
                      0.147345    0.000031    2.821733 ^ _157_/D (gf180mcu_fd_sc_mcu7t5v0__dffq_1)
                                              2.821733   data arrival time

                               1000.000000 1000.000000   clock clk (rise edge)
                                  0.000000 1000.000000   clock source latency
     1    0.029619    0.133726    0.062414 1000.062439 ^ clk (in)
     4    0.096782    0.130688    0.223054 1000.285522 ^ clkbuf_0_clk/Z (gf180mcu_fd_sc_mcu7t5v0__clkbuf_16)
     5    0.024963    0.073945    0.183036 1000.468506 ^ clkbuf_2_3__f_clk/Z (gf180mcu_fd_sc_mcu7t5v0__clkbuf_16)
                      0.073945    0.000000 1000.468506 ^ _157_/CLK (gf180mcu_fd_sc_mcu7t5v0__dffq_1)
                                 -0.250000 1000.218506   clock uncertainty
                                  0.030046 1000.248535   clock reconvergence pessimism
                                 -0.199342 1000.049255   library setup time
                                           1000.049255   data required time
---------------------------------------------------------------------------------------------
                                           1000.049255   data required time
                                             -2.821733   data arrival time
---------------------------------------------------------------------------------------------
                                            997.227539   slack (MET)


Startpoint: _153_ (rising edge-triggered flip-flop clocked by clk)
Endpoint: _158_ (rising edge-triggered flip-flop clocked by clk)
Path Group: clk
Path Type: max

Fanout         Cap        Slew       Delay        Time   Description
---------------------------------------------------------------------------------------------
                                  0.000000    0.000000   clock clk (rise edge)
                                  0.000000    0.000000   clock source latency
     1    0.029619    0.133726    0.068922    0.068922 ^ clk (in)
     4    0.096782    0.130688    0.246556    0.315478 ^ clkbuf_0_clk/Z (gf180mcu_fd_sc_mcu7t5v0__clkbuf_16)
     5    0.025476    0.074345    0.203016    0.518494 ^ clkbuf_2_1__f_clk/Z (gf180mcu_fd_sc_mcu7t5v0__clkbuf_16)
                      0.074346    0.000194    0.518689 ^ _153_/CLK (gf180mcu_fd_sc_mcu7t5v0__dffq_1)
     6    0.031239    0.479779    0.853656    1.372345 ^ _153_/Q (gf180mcu_fd_sc_mcu7t5v0__dffq_1)
     4    0.026283    0.444184    0.650439    2.022784 ^ _081_/Z (gf180mcu_fd_sc_mcu7t5v0__and4_1)
     1    0.007569    0.187830    0.138278    2.161062 v _082_/ZN (gf180mcu_fd_sc_mcu7t5v0__nand2_1)
     3    0.017269    0.277543    0.487927    2.648989 v _113_/Z (gf180mcu_fd_sc_mcu7t5v0__xor2_1)
     1    0.002802    0.154245    0.169326    2.818315 ^ _129_/ZN (gf180mcu_fd_sc_mcu7t5v0__nand2_1)
                      0.154245    0.000028    2.818343 ^ _158_/D (gf180mcu_fd_sc_mcu7t5v0__dffq_1)
                                              2.818343   data arrival time

                               1000.000000 1000.000000   clock clk (rise edge)
                                  0.000000 1000.000000   clock source latency
     1    0.029619    0.133726    0.062414 1000.062439 ^ clk (in)
     4    0.096782    0.130688    0.223054 1000.285522 ^ clkbuf_0_clk/Z (gf180mcu_fd_sc_mcu7t5v0__clkbuf_16)
     5    0.024963    0.073945    0.183036 1000.468506 ^ clkbuf_2_3__f_clk/Z (gf180mcu_fd_sc_mcu7t5v0__clkbuf_16)
                      0.073945    0.000000 1000.468506 ^ _158_/CLK (gf180mcu_fd_sc_mcu7t5v0__dffq_1)
                                 -0.250000 1000.218506   clock uncertainty
                                  0.030046 1000.248535   clock reconvergence pessimism
                                 -0.200683 1000.047913   library setup time
                                           1000.047913   data required time
---------------------------------------------------------------------------------------------
                                           1000.047913   data required time
                                             -2.818343   data arrival time
---------------------------------------------------------------------------------------------
                                            997.229614   slack (MET)


Startpoint: _153_ (rising edge-triggered flip-flop clocked by clk)
Endpoint: _156_ (rising edge-triggered flip-flop clocked by clk)
Path Group: clk
Path Type: max

Fanout         Cap        Slew       Delay        Time   Description
---------------------------------------------------------------------------------------------
                                  0.000000    0.000000   clock clk (rise edge)
                                  0.000000    0.000000   clock source latency
     1    0.029619    0.133726    0.068922    0.068922 ^ clk (in)
     4    0.096782    0.130688    0.246556    0.315478 ^ clkbuf_0_clk/Z (gf180mcu_fd_sc_mcu7t5v0__clkbuf_16)
     5    0.025476    0.074345    0.203016    0.518494 ^ clkbuf_2_1__f_clk/Z (gf180mcu_fd_sc_mcu7t5v0__clkbuf_16)
                      0.074346    0.000194    0.518689 ^ _153_/CLK (gf180mcu_fd_sc_mcu7t5v0__dffq_1)
     6    0.031239    0.479779    0.853656    1.372345 ^ _153_/Q (gf180mcu_fd_sc_mcu7t5v0__dffq_1)
     4    0.025354    0.416877    0.570335    1.942680 ^ _080_/Z (gf180mcu_fd_sc_mcu7t5v0__and3_1)
     3    0.017415    0.601161    0.519509    2.462188 ^ _108_/Z (gf180mcu_fd_sc_mcu7t5v0__xor2_1)
     1    0.002951    0.103500    0.245224    2.707412 ^ _127_/Z (gf180mcu_fd_sc_mcu7t5v0__or2_1)
                      0.103500    0.000031    2.707443 ^ _156_/D (gf180mcu_fd_sc_mcu7t5v0__dffq_1)
                                              2.707443   data arrival time

                               1000.000000 1000.000000   clock clk (rise edge)
                                  0.000000 1000.000000   clock source latency
     1    0.029619    0.133726    0.062414 1000.062439 ^ clk (in)
     4    0.096782    0.130688    0.223054 1000.285522 ^ clkbuf_0_clk/Z (gf180mcu_fd_sc_mcu7t5v0__clkbuf_16)
     5    0.025476    0.074345    0.183604 1000.469116 ^ clkbuf_2_1__f_clk/Z (gf180mcu_fd_sc_mcu7t5v0__clkbuf_16)
                      0.074345    0.000114 1000.469238 ^ _156_/CLK (gf180mcu_fd_sc_mcu7t5v0__dffq_1)
                                 -0.250000 1000.219238   clock uncertainty
                                  0.049380 1000.268555   clock reconvergence pessimism
                                 -0.190751 1000.077759   library setup time
                                           1000.077759   data required time
---------------------------------------------------------------------------------------------
                                           1000.077759   data required time
                                             -2.707443   data arrival time
---------------------------------------------------------------------------------------------
                                            997.370361   slack (MET)


Startpoint: _153_ (rising edge-triggered flip-flop clocked by clk)
Endpoint: _155_ (rising edge-triggered flip-flop clocked by clk)
Path Group: clk
Path Type: max

Fanout         Cap        Slew       Delay        Time   Description
---------------------------------------------------------------------------------------------
                                  0.000000    0.000000   clock clk (rise edge)
                                  0.000000    0.000000   clock source latency
     1    0.029619    0.133726    0.068922    0.068922 ^ clk (in)
     4    0.096782    0.130688    0.246556    0.315478 ^ clkbuf_0_clk/Z (gf180mcu_fd_sc_mcu7t5v0__clkbuf_16)
     5    0.025476    0.074345    0.203016    0.518494 ^ clkbuf_2_1__f_clk/Z (gf180mcu_fd_sc_mcu7t5v0__clkbuf_16)
                      0.074346    0.000194    0.518689 ^ _153_/CLK (gf180mcu_fd_sc_mcu7t5v0__dffq_1)
     6    0.031239    0.479779    0.853656    1.372345 ^ _153_/Q (gf180mcu_fd_sc_mcu7t5v0__dffq_1)
     4    0.025354    0.416877    0.570335    1.942680 ^ _080_/Z (gf180mcu_fd_sc_mcu7t5v0__and3_1)
     1    0.003371    0.212242    0.113298    2.055978 v _126_/ZN (gf180mcu_fd_sc_mcu7t5v0__oai21_1)
                      0.212242    0.000067    2.056045 v _155_/D (gf180mcu_fd_sc_mcu7t5v0__dffq_1)
                                              2.056045   data arrival time

                               1000.000000 1000.000000   clock clk (rise edge)
                                  0.000000 1000.000000   clock source latency
     1    0.029619    0.133726    0.062414 1000.062439 ^ clk (in)
     4    0.096782    0.130688    0.223054 1000.285522 ^ clkbuf_0_clk/Z (gf180mcu_fd_sc_mcu7t5v0__clkbuf_16)
     5    0.025476    0.074345    0.183604 1000.469116 ^ clkbuf_2_1__f_clk/Z (gf180mcu_fd_sc_mcu7t5v0__clkbuf_16)
                      0.074346    0.000114 1000.469238 ^ _155_/CLK (gf180mcu_fd_sc_mcu7t5v0__dffq_1)
                                 -0.250000 1000.219238   clock uncertainty
                                  0.049380 1000.268555   clock reconvergence pessimism
                                 -0.226590 1000.041992   library setup time
                                           1000.041992   data required time
---------------------------------------------------------------------------------------------
                                           1000.041992   data required time
                                             -2.056045   data arrival time
---------------------------------------------------------------------------------------------
                                            997.985962   slack (MET)


Startpoint: _153_ (rising edge-triggered flip-flop clocked by clk)
Endpoint: _154_ (rising edge-triggered flip-flop clocked by clk)
Path Group: clk
Path Type: max

Fanout         Cap        Slew       Delay        Time   Description
---------------------------------------------------------------------------------------------
                                  0.000000    0.000000   clock clk (rise edge)
                                  0.000000    0.000000   clock source latency
     1    0.029619    0.133726    0.068922    0.068922 ^ clk (in)
     4    0.096782    0.130688    0.246556    0.315478 ^ clkbuf_0_clk/Z (gf180mcu_fd_sc_mcu7t5v0__clkbuf_16)
     5    0.025476    0.074345    0.203016    0.518494 ^ clkbuf_2_1__f_clk/Z (gf180mcu_fd_sc_mcu7t5v0__clkbuf_16)
                      0.074346    0.000194    0.518689 ^ _153_/CLK (gf180mcu_fd_sc_mcu7t5v0__dffq_1)
     6    0.031239    0.479779    0.853656    1.372345 ^ _153_/Q (gf180mcu_fd_sc_mcu7t5v0__dffq_1)
     2    0.011065    0.452362    0.405355    1.777699 ^ _105_/ZN (gf180mcu_fd_sc_mcu7t5v0__xnor2_1)
     1    0.002872    0.162973    0.090379    1.868079 v _125_/ZN (gf180mcu_fd_sc_mcu7t5v0__nand2_1)
                      0.162973    0.000029    1.868108 v _154_/D (gf180mcu_fd_sc_mcu7t5v0__dffq_1)
                                              1.868108   data arrival time

                               1000.000000 1000.000000   clock clk (rise edge)
                                  0.000000 1000.000000   clock source latency
     1    0.029619    0.133726    0.062414 1000.062439 ^ clk (in)
     4    0.096782    0.130688    0.223054 1000.285522 ^ clkbuf_0_clk/Z (gf180mcu_fd_sc_mcu7t5v0__clkbuf_16)
     5    0.022496    0.072011    0.181672 1000.467163 ^ clkbuf_2_0__f_clk/Z (gf180mcu_fd_sc_mcu7t5v0__clkbuf_16)
                      0.072011    0.000000 1000.467163 ^ _154_/CLK (gf180mcu_fd_sc_mcu7t5v0__dffq_1)
                                 -0.250000 1000.217163   clock uncertainty
                                  0.030046 1000.247192   clock reconvergence pessimism
                                 -0.212437 1000.034729   library setup time
                                           1000.034729   data required time
---------------------------------------------------------------------------------------------
                                           1000.034729   data required time
                                             -1.868108   data arrival time
---------------------------------------------------------------------------------------------
                                            998.166626   slack (MET)


Startpoint: _153_ (rising edge-triggered flip-flop clocked by clk)
Endpoint: _153_ (rising edge-triggered flip-flop clocked by clk)
Path Group: clk
Path Type: max

Fanout         Cap        Slew       Delay        Time   Description
---------------------------------------------------------------------------------------------
                                  0.000000    0.000000   clock clk (rise edge)
                                  0.000000    0.000000   clock source latency
     1    0.029619    0.133726    0.068922    0.068922 ^ clk (in)
     4    0.096782    0.130688    0.246556    0.315478 ^ clkbuf_0_clk/Z (gf180mcu_fd_sc_mcu7t5v0__clkbuf_16)
     5    0.025476    0.074345    0.203016    0.518494 ^ clkbuf_2_1__f_clk/Z (gf180mcu_fd_sc_mcu7t5v0__clkbuf_16)
                      0.074346    0.000194    0.518689 ^ _153_/CLK (gf180mcu_fd_sc_mcu7t5v0__dffq_1)
     6    0.031239    0.479779    0.853656    1.372345 ^ _153_/Q (gf180mcu_fd_sc_mcu7t5v0__dffq_1)
     1    0.002674    0.152952    0.099412    1.471757 v _124_/ZN (gf180mcu_fd_sc_mcu7t5v0__nand2_1)
                      0.152952    0.000026    1.471783 v _153_/D (gf180mcu_fd_sc_mcu7t5v0__dffq_1)
                                              1.471783   data arrival time

                               1000.000000 1000.000000   clock clk (rise edge)
                                  0.000000 1000.000000   clock source latency
     1    0.029619    0.133726    0.062414 1000.062439 ^ clk (in)
     4    0.096782    0.130688    0.223054 1000.285522 ^ clkbuf_0_clk/Z (gf180mcu_fd_sc_mcu7t5v0__clkbuf_16)
     5    0.025476    0.074345    0.183604 1000.469116 ^ clkbuf_2_1__f_clk/Z (gf180mcu_fd_sc_mcu7t5v0__clkbuf_16)
                      0.074346    0.000227 1000.469299 ^ _153_/CLK (gf180mcu_fd_sc_mcu7t5v0__dffq_1)
                                 -0.250000 1000.219299   clock uncertainty
                                  0.049399 1000.268799   clock reconvergence pessimism
                                 -0.209668 1000.059143   library setup time
                                           1000.059143   data required time
---------------------------------------------------------------------------------------------
                                           1000.059143   data required time
                                             -1.471783   data arrival time
---------------------------------------------------------------------------------------------
                                            998.587341   slack (MET)


R2R_END_SETUP min_ff_n40C_3v60
R2R_BEGIN_HOLD min_ff_n40C_3v60
Startpoint: _170_ (rising edge-triggered flip-flop clocked by clk)
Endpoint: _170_ (rising edge-triggered flip-flop clocked by clk)
Path Group: clk
Path Type: min

Fanout         Cap        Slew       Delay        Time   Description
---------------------------------------------------------------------------------------------
                                  0.000000    0.000000   clock clk (rise edge)
                                  0.000000    0.000000   clock source latency
     1    0.029619    0.133726    0.062358    0.062358 ^ clk (in)
     4    0.096782    0.130688    0.223075    0.285432 ^ clkbuf_0_clk/Z (gf180mcu_fd_sc_mcu7t5v0__clkbuf_16)
     5    0.024459    0.073549    0.182712    0.468144 ^ clkbuf_2_2__f_clk/Z (gf180mcu_fd_sc_mcu7t5v0__clkbuf_16)
                      0.073549    0.000183    0.468327 ^ _170_/CLK (gf180mcu_fd_sc_mcu7t5v0__dffq_1)
     2    0.011070    0.133972    0.543853    1.012180 v _170_/Q (gf180mcu_fd_sc_mcu7t5v0__dffq_1)
     1    0.005098    0.138392    0.118319    1.130499 ^ _100_/ZN (gf180mcu_fd_sc_mcu7t5v0__nand2_1)
     1    0.002756    0.089850    0.079630    1.210130 v _151_/ZN (gf180mcu_fd_sc_mcu7t5v0__aoi21_1)
                      0.089850    0.000025    1.210155 v _170_/D (gf180mcu_fd_sc_mcu7t5v0__dffq_1)
                                              1.210155   data arrival time

                                  0.000000    0.000000   clock clk (rise edge)
                                  0.000000    0.000000   clock source latency
     1    0.029619    0.133726    0.068922    0.068922 ^ clk (in)
     4    0.096782    0.130688    0.246556    0.315478 ^ clkbuf_0_clk/Z (gf180mcu_fd_sc_mcu7t5v0__clkbuf_16)
     5    0.024459    0.073549    0.201945    0.517423 ^ clkbuf_2_2__f_clk/Z (gf180mcu_fd_sc_mcu7t5v0__clkbuf_16)
                      0.073549    0.000202    0.517625 ^ _170_/CLK (gf180mcu_fd_sc_mcu7t5v0__dffq_1)
                                  0.250000    0.767625   clock uncertainty
                                 -0.049298    0.718327   clock reconvergence pessimism
                                  0.055150    0.773477   library hold time
                                              0.773477   data required time
---------------------------------------------------------------------------------------------
                                              0.773477   data required time
                                             -1.210155   data arrival time
---------------------------------------------------------------------------------------------
                                              0.436677   slack (MET)


Startpoint: _153_ (rising edge-triggered flip-flop clocked by clk)
Endpoint: _153_ (rising edge-triggered flip-flop clocked by clk)
Path Group: clk
Path Type: min

Fanout         Cap        Slew       Delay        Time   Description
---------------------------------------------------------------------------------------------
                                  0.000000    0.000000   clock clk (rise edge)
                                  0.000000    0.000000   clock source latency
     1    0.029619    0.133726    0.062358    0.062358 ^ clk (in)
     4    0.096782    0.130688    0.223075    0.285432 ^ clkbuf_0_clk/Z (gf180mcu_fd_sc_mcu7t5v0__clkbuf_16)
     5    0.025476    0.074345    0.183681    0.469114 ^ clkbuf_2_1__f_clk/Z (gf180mcu_fd_sc_mcu7t5v0__clkbuf_16)
                      0.074346    0.000176    0.469290 ^ _153_/CLK (gf180mcu_fd_sc_mcu7t5v0__dffq_1)
     6    0.031239    0.274413    0.642838    1.112127 v _153_/Q (gf180mcu_fd_sc_mcu7t5v0__dffq_1)
     1    0.002674    0.129653    0.129470    1.241597 ^ _124_/ZN (gf180mcu_fd_sc_mcu7t5v0__nand2_1)
                      0.129653    0.000023    1.241621 ^ _153_/D (gf180mcu_fd_sc_mcu7t5v0__dffq_1)
                                              1.241621   data arrival time

                                  0.000000    0.000000   clock clk (rise edge)
                                  0.000000    0.000000   clock source latency
     1    0.029619    0.133726    0.068922    0.068922 ^ clk (in)
     4    0.096782    0.130688    0.246556    0.315478 ^ clkbuf_0_clk/Z (gf180mcu_fd_sc_mcu7t5v0__clkbuf_16)
     5    0.025476    0.074345    0.203016    0.518494 ^ clkbuf_2_1__f_clk/Z (gf180mcu_fd_sc_mcu7t5v0__clkbuf_16)
                      0.074346    0.000194    0.518689 ^ _153_/CLK (gf180mcu_fd_sc_mcu7t5v0__dffq_1)
                                  0.250000    0.768689   clock uncertainty
                                 -0.049399    0.719290   clock reconvergence pessimism
                                  0.024807    0.744096   library hold time
                                              0.744096   data required time
---------------------------------------------------------------------------------------------
                                              0.744096   data required time
                                             -1.241621   data arrival time
---------------------------------------------------------------------------------------------
                                              0.497524   slack (MET)


Startpoint: _169_ (rising edge-triggered flip-flop clocked by clk)
Endpoint: _169_ (rising edge-triggered flip-flop clocked by clk)
Path Group: clk
Path Type: min

Fanout         Cap        Slew       Delay        Time   Description
---------------------------------------------------------------------------------------------
                                  0.000000    0.000000   clock clk (rise edge)
                                  0.000000    0.000000   clock source latency
     1    0.029619    0.133726    0.062358    0.062358 ^ clk (in)
     4    0.096782    0.130688    0.223075    0.285432 ^ clkbuf_0_clk/Z (gf180mcu_fd_sc_mcu7t5v0__clkbuf_16)
     5    0.024459    0.073549    0.182712    0.468144 ^ clkbuf_2_2__f_clk/Z (gf180mcu_fd_sc_mcu7t5v0__clkbuf_16)
                      0.073549    0.000352    0.468496 ^ _169_/CLK (gf180mcu_fd_sc_mcu7t5v0__dffq_1)
     2    0.010230    0.128240    0.538883    1.007379 v _169_/Q (gf180mcu_fd_sc_mcu7t5v0__dffq_1)
     1    0.004987    0.219676    0.173037    1.180415 ^ _149_/ZN (gf180mcu_fd_sc_mcu7t5v0__oai21_1)
     1    0.002821    0.117945    0.100229    1.280644 v _150_/ZN (gf180mcu_fd_sc_mcu7t5v0__nor2_1)
                      0.117945    0.000025    1.280669 v _169_/D (gf180mcu_fd_sc_mcu7t5v0__dffq_1)
                                              1.280669   data arrival time

                                  0.000000    0.000000   clock clk (rise edge)
                                  0.000000    0.000000   clock source latency
     1    0.029619    0.133726    0.068922    0.068922 ^ clk (in)
     4    0.096782    0.130688    0.246556    0.315478 ^ clkbuf_0_clk/Z (gf180mcu_fd_sc_mcu7t5v0__clkbuf_16)
     5    0.024459    0.073549    0.201945    0.517423 ^ clkbuf_2_2__f_clk/Z (gf180mcu_fd_sc_mcu7t5v0__clkbuf_16)
                      0.073549    0.000389    0.517811 ^ _169_/CLK (gf180mcu_fd_sc_mcu7t5v0__dffq_1)
                                  0.250000    0.767811   clock uncertainty
                                 -0.049315    0.718496   clock reconvergence pessimism
                                  0.050005    0.768501   library hold time
                                              0.768501   data required time
---------------------------------------------------------------------------------------------
                                              0.768501   data required time
                                             -1.280669   data arrival time
---------------------------------------------------------------------------------------------
                                              0.512168   slack (MET)


Startpoint: _161_ (rising edge-triggered flip-flop clocked by clk)
Endpoint: _161_ (rising edge-triggered flip-flop clocked by clk)
Path Group: clk
Path Type: min

Fanout         Cap        Slew       Delay        Time   Description
---------------------------------------------------------------------------------------------
                                  0.000000    0.000000   clock clk (rise edge)
                                  0.000000    0.000000   clock source latency
     1    0.029619    0.133726    0.062358    0.062358 ^ clk (in)
     4    0.096782    0.130688    0.223075    0.285432 ^ clkbuf_0_clk/Z (gf180mcu_fd_sc_mcu7t5v0__clkbuf_16)
     5    0.022496    0.072011    0.181704    0.467136 ^ clkbuf_2_0__f_clk/Z (gf180mcu_fd_sc_mcu7t5v0__clkbuf_16)
                      0.072011    0.000172    0.467308 ^ _161_/CLK (gf180mcu_fd_sc_mcu7t5v0__dffq_1)
     2    0.013820    0.153510    0.557940    1.025248 v _161_/Q (gf180mcu_fd_sc_mcu7t5v0__dffq_1)
     1    0.004408    0.206804    0.153843    1.179091 ^ _132_/ZN (gf180mcu_fd_sc_mcu7t5v0__nor2_1)
     1    0.002917    0.113023    0.136019    1.315109 v _133_/ZN (gf180mcu_fd_sc_mcu7t5v0__aoi211_1)
                      0.113023    0.000027    1.315136 v _161_/D (gf180mcu_fd_sc_mcu7t5v0__dffq_1)
                                              1.315136   data arrival time

                                  0.000000    0.000000   clock clk (rise edge)
                                  0.000000    0.000000   clock source latency
     1    0.029619    0.133726    0.068922    0.068922 ^ clk (in)
     4    0.096782    0.130688    0.246556    0.315478 ^ clkbuf_0_clk/Z (gf180mcu_fd_sc_mcu7t5v0__clkbuf_16)
     5    0.022496    0.072011    0.200830    0.516308 ^ clkbuf_2_0__f_clk/Z (gf180mcu_fd_sc_mcu7t5v0__clkbuf_16)
                      0.072011    0.000190    0.516498 ^ _161_/CLK (gf180mcu_fd_sc_mcu7t5v0__dffq_1)
                                  0.250000    0.766498   clock uncertainty
                                 -0.049190    0.717308   clock reconvergence pessimism
                                  0.050566    0.767874   library hold time
                                              0.767874   data required time
---------------------------------------------------------------------------------------------
                                              0.767874   data required time
                                             -1.315136   data arrival time
---------------------------------------------------------------------------------------------
                                              0.547262   slack (MET)


Startpoint: _168_ (rising edge-triggered flip-flop clocked by clk)
Endpoint: _168_ (rising edge-triggered flip-flop clocked by clk)
Path Group: clk
Path Type: min

Fanout         Cap        Slew       Delay        Time   Description
---------------------------------------------------------------------------------------------
                                  0.000000    0.000000   clock clk (rise edge)
                                  0.000000    0.000000   clock source latency
     1    0.029619    0.133726    0.062358    0.062358 ^ clk (in)
     4    0.096782    0.130688    0.223075    0.285432 ^ clkbuf_0_clk/Z (gf180mcu_fd_sc_mcu7t5v0__clkbuf_16)
     5    0.024459    0.073549    0.182712    0.468144 ^ clkbuf_2_2__f_clk/Z (gf180mcu_fd_sc_mcu7t5v0__clkbuf_16)
                      0.073549    0.000376    0.468520 ^ _168_/CLK (gf180mcu_fd_sc_mcu7t5v0__dffq_1)
     3    0.022262    0.211261    0.599658    1.068177 v _168_/Q (gf180mcu_fd_sc_mcu7t5v0__dffq_1)
     1    0.004571    0.179515    0.155955    1.224132 ^ _147_/ZN (gf180mcu_fd_sc_mcu7t5v0__aoi22_1)
     1    0.002674    0.107845    0.095749    1.319881 v _148_/ZN (gf180mcu_fd_sc_mcu7t5v0__nor2_1)
                      0.107845    0.000023    1.319905 v _168_/D (gf180mcu_fd_sc_mcu7t5v0__dffq_1)
                                              1.319905   data arrival time

                                  0.000000    0.000000   clock clk (rise edge)
                                  0.000000    0.000000   clock source latency
     1    0.029619    0.133726    0.068922    0.068922 ^ clk (in)
     4    0.096782    0.130688    0.246556    0.315478 ^ clkbuf_0_clk/Z (gf180mcu_fd_sc_mcu7t5v0__clkbuf_16)
     5    0.024459    0.073549    0.201945    0.517423 ^ clkbuf_2_2__f_clk/Z (gf180mcu_fd_sc_mcu7t5v0__clkbuf_16)
                      0.073549    0.000415    0.517838 ^ _168_/CLK (gf180mcu_fd_sc_mcu7t5v0__dffq_1)
                                  0.250000    0.767838   clock uncertainty
                                 -0.049318    0.718520   clock reconvergence pessimism
                                  0.051854    0.770374   library hold time
                                              0.770374   data required time
---------------------------------------------------------------------------------------------
                                              0.770374   data required time
                                             -1.319905   data arrival time
---------------------------------------------------------------------------------------------
                                              0.549530   slack (MET)


Startpoint: _167_ (rising edge-triggered flip-flop clocked by clk)
Endpoint: _167_ (rising edge-triggered flip-flop clocked by clk)
Path Group: clk
Path Type: min

Fanout         Cap        Slew       Delay        Time   Description
---------------------------------------------------------------------------------------------
                                  0.000000    0.000000   clock clk (rise edge)
                                  0.000000    0.000000   clock source latency
     1    0.029619    0.133726    0.062358    0.062358 ^ clk (in)
     4    0.096782    0.130688    0.223075    0.285432 ^ clkbuf_0_clk/Z (gf180mcu_fd_sc_mcu7t5v0__clkbuf_16)
     5    0.024459    0.073549    0.182712    0.468144 ^ clkbuf_2_2__f_clk/Z (gf180mcu_fd_sc_mcu7t5v0__clkbuf_16)
                      0.073549    0.000262    0.468407 ^ _167_/CLK (gf180mcu_fd_sc_mcu7t5v0__dffq_1)
     3    0.021804    0.208071    0.597376    1.065783 v _167_/Q (gf180mcu_fd_sc_mcu7t5v0__dffq_1)
     1    0.004955    0.185693    0.159385    1.225168 ^ _145_/ZN (gf180mcu_fd_sc_mcu7t5v0__aoi22_1)
     1    0.003003    0.111838    0.098906    1.324074 v _146_/ZN (gf180mcu_fd_sc_mcu7t5v0__nor2_1)
                      0.111838    0.000028    1.324101 v _167_/D (gf180mcu_fd_sc_mcu7t5v0__dffq_1)
                                              1.324101   data arrival time

                                  0.000000    0.000000   clock clk (rise edge)
                                  0.000000    0.000000   clock source latency
     1    0.029619    0.133726    0.068922    0.068922 ^ clk (in)
     4    0.096782    0.130688    0.246556    0.315478 ^ clkbuf_0_clk/Z (gf180mcu_fd_sc_mcu7t5v0__clkbuf_16)
     5    0.024459    0.073549    0.201945    0.517423 ^ clkbuf_2_2__f_clk/Z (gf180mcu_fd_sc_mcu7t5v0__clkbuf_16)
                      0.073549    0.000290    0.517713 ^ _167_/CLK (gf180mcu_fd_sc_mcu7t5v0__dffq_1)
                                  0.250000    0.767713   clock uncertainty
                                 -0.049306    0.718407   clock reconvergence pessimism
                                  0.051123    0.769530   library hold time
                                              0.769530   data required time
---------------------------------------------------------------------------------------------
                                              0.769530   data required time
                                             -1.324101   data arrival time
---------------------------------------------------------------------------------------------
                                              0.554571   slack (MET)


Startpoint: _164_ (rising edge-triggered flip-flop clocked by clk)
Endpoint: _164_ (rising edge-triggered flip-flop clocked by clk)
Path Group: clk
Path Type: min

Fanout         Cap        Slew       Delay        Time   Description
---------------------------------------------------------------------------------------------
                                  0.000000    0.000000   clock clk (rise edge)
                                  0.000000    0.000000   clock source latency
     1    0.029619    0.133726    0.062358    0.062358 ^ clk (in)
     4    0.096782    0.130688    0.223075    0.285432 ^ clkbuf_0_clk/Z (gf180mcu_fd_sc_mcu7t5v0__clkbuf_16)
     5    0.022496    0.072011    0.181704    0.467136 ^ clkbuf_2_0__f_clk/Z (gf180mcu_fd_sc_mcu7t5v0__clkbuf_16)
                      0.072011    0.000118    0.467255 ^ _164_/CLK (gf180mcu_fd_sc_mcu7t5v0__dffq_1)
     2    0.011613    0.138182    0.546747    1.014002 v _164_/Q (gf180mcu_fd_sc_mcu7t5v0__dffq_1)
     1    0.006276    0.240605    0.193531    1.207532 ^ _138_/ZN (gf180mcu_fd_sc_mcu7t5v0__oai21_1)
     1    0.002720    0.103700    0.122187    1.329719 v _139_/ZN (gf180mcu_fd_sc_mcu7t5v0__aoi21_1)
                      0.103700    0.000024    1.329743 v _164_/D (gf180mcu_fd_sc_mcu7t5v0__dffq_1)
                                              1.329743   data arrival time

                                  0.000000    0.000000   clock clk (rise edge)
                                  0.000000    0.000000   clock source latency
     1    0.029619    0.133726    0.068922    0.068922 ^ clk (in)
     4    0.096782    0.130688    0.246556    0.315478 ^ clkbuf_0_clk/Z (gf180mcu_fd_sc_mcu7t5v0__clkbuf_16)
     5    0.022496    0.072011    0.200830    0.516308 ^ clkbuf_2_0__f_clk/Z (gf180mcu_fd_sc_mcu7t5v0__clkbuf_16)
                      0.072011    0.000131    0.516439 ^ _164_/CLK (gf180mcu_fd_sc_mcu7t5v0__dffq_1)
                                  0.250000    0.766439   clock uncertainty
                                 -0.049185    0.717255   clock reconvergence pessimism
                                  0.052266    0.769521   library hold time
                                              0.769521   data required time
---------------------------------------------------------------------------------------------
                                              0.769521   data required time
                                             -1.329743   data arrival time
---------------------------------------------------------------------------------------------
                                              0.560222   slack (MET)


Startpoint: _162_ (rising edge-triggered flip-flop clocked by clk)
Endpoint: _162_ (rising edge-triggered flip-flop clocked by clk)
Path Group: clk
Path Type: min

Fanout         Cap        Slew       Delay        Time   Description
---------------------------------------------------------------------------------------------
                                  0.000000    0.000000   clock clk (rise edge)
                                  0.000000    0.000000   clock source latency
     1    0.029619    0.133726    0.062358    0.062358 ^ clk (in)
     4    0.096782    0.130688    0.223075    0.285432 ^ clkbuf_0_clk/Z (gf180mcu_fd_sc_mcu7t5v0__clkbuf_16)
     5    0.022496    0.072011    0.181704    0.467136 ^ clkbuf_2_0__f_clk/Z (gf180mcu_fd_sc_mcu7t5v0__clkbuf_16)
                      0.072011    0.000175    0.467311 ^ _162_/CLK (gf180mcu_fd_sc_mcu7t5v0__dffq_1)
     3    0.014150    0.155846    0.559627    1.026938 v _162_/Q (gf180mcu_fd_sc_mcu7t5v0__dffq_1)
     1    0.004971    0.220012    0.162130    1.189068 ^ _134_/ZN (gf180mcu_fd_sc_mcu7t5v0__nor2_1)
     1    0.003333    0.129618    0.141207    1.330275 v _135_/ZN (gf180mcu_fd_sc_mcu7t5v0__aoi211_1)
                      0.129618    0.000032    1.330307 v _162_/D (gf180mcu_fd_sc_mcu7t5v0__dffq_1)
                                              1.330307   data arrival time

                                  0.000000    0.000000   clock clk (rise edge)
                                  0.000000    0.000000   clock source latency
     1    0.029619    0.133726    0.068922    0.068922 ^ clk (in)
     4    0.096782    0.130688    0.246556    0.315478 ^ clkbuf_0_clk/Z (gf180mcu_fd_sc_mcu7t5v0__clkbuf_16)
     5    0.022496    0.072011    0.200830    0.516308 ^ clkbuf_2_0__f_clk/Z (gf180mcu_fd_sc_mcu7t5v0__clkbuf_16)
                      0.072011    0.000193    0.516502 ^ _162_/CLK (gf180mcu_fd_sc_mcu7t5v0__dffq_1)
                                  0.250000    0.766502   clock uncertainty
                                 -0.049191    0.717311   clock reconvergence pessimism
                                  0.047538    0.764849   library hold time
                                              0.764849   data required time
---------------------------------------------------------------------------------------------
                                              0.764849   data required time
                                             -1.330307   data arrival time
---------------------------------------------------------------------------------------------
                                              0.565458   slack (MET)


Startpoint: _166_ (rising edge-triggered flip-flop clocked by clk)
Endpoint: _166_ (rising edge-triggered flip-flop clocked by clk)
Path Group: clk
Path Type: min

Fanout         Cap        Slew       Delay        Time   Description
---------------------------------------------------------------------------------------------
                                  0.000000    0.000000   clock clk (rise edge)
                                  0.000000    0.000000   clock source latency
     1    0.029619    0.133726    0.062358    0.062358 ^ clk (in)
     4    0.096782    0.130688    0.223075    0.285432 ^ clkbuf_0_clk/Z (gf180mcu_fd_sc_mcu7t5v0__clkbuf_16)
     5    0.025476    0.074345    0.183681    0.469114 ^ clkbuf_2_1__f_clk/Z (gf180mcu_fd_sc_mcu7t5v0__clkbuf_16)
                      0.074346    0.000239    0.469353 ^ _166_/CLK (gf180mcu_fd_sc_mcu7t5v0__dffq_1)
     3    0.017203    0.176569    0.575102    1.044455 v _166_/Q (gf180mcu_fd_sc_mcu7t5v0__dffq_1)
     1    0.004981    0.220829    0.167651    1.212106 ^ _142_/ZN (gf180mcu_fd_sc_mcu7t5v0__nor2_1)
     1    0.003244    0.134132    0.140571    1.352678 v _143_/ZN (gf180mcu_fd_sc_mcu7t5v0__aoi211_1)
                      0.134132    0.000032    1.352710 v _166_/D (gf180mcu_fd_sc_mcu7t5v0__dffq_1)
                                              1.352710   data arrival time

                                  0.000000    0.000000   clock clk (rise edge)
                                  0.000000    0.000000   clock source latency
     1    0.029619    0.133726    0.068922    0.068922 ^ clk (in)
     4    0.096782    0.130688    0.246556    0.315478 ^ clkbuf_0_clk/Z (gf180mcu_fd_sc_mcu7t5v0__clkbuf_16)
     5    0.025476    0.074345    0.203016    0.518494 ^ clkbuf_2_1__f_clk/Z (gf180mcu_fd_sc_mcu7t5v0__clkbuf_16)
                      0.074346    0.000265    0.518759 ^ _166_/CLK (gf180mcu_fd_sc_mcu7t5v0__dffq_1)
                                  0.250000    0.768759   clock uncertainty
                                 -0.049406    0.719353   clock reconvergence pessimism
                                  0.047210    0.766563   library hold time
                                              0.766563   data required time
---------------------------------------------------------------------------------------------
                                              0.766563   data required time
                                             -1.352710   data arrival time
---------------------------------------------------------------------------------------------
                                              0.586147   slack (MET)


Startpoint: _163_ (rising edge-triggered flip-flop clocked by clk)
Endpoint: _163_ (rising edge-triggered flip-flop clocked by clk)
Path Group: clk
Path Type: min

Fanout         Cap        Slew       Delay        Time   Description
---------------------------------------------------------------------------------------------
                                  0.000000    0.000000   clock clk (rise edge)
                                  0.000000    0.000000   clock source latency
     1    0.029619    0.133726    0.062358    0.062358 ^ clk (in)
     4    0.096782    0.130688    0.223075    0.285432 ^ clkbuf_0_clk/Z (gf180mcu_fd_sc_mcu7t5v0__clkbuf_16)
     5    0.022496    0.072011    0.181704    0.467136 ^ clkbuf_2_0__f_clk/Z (gf180mcu_fd_sc_mcu7t5v0__clkbuf_16)
                      0.072011    0.000097    0.467233 ^ _163_/CLK (gf180mcu_fd_sc_mcu7t5v0__dffq_1)
     3    0.018743    0.187012    0.582081    1.049314 v _163_/Q (gf180mcu_fd_sc_mcu7t5v0__dffq_1)
     1    0.004812    0.220406    0.185187    1.234500 ^ _136_/ZN (gf180mcu_fd_sc_mcu7t5v0__oai21_1)
     1    0.003207    0.098673    0.123726    1.358227 v _137_/ZN (gf180mcu_fd_sc_mcu7t5v0__aoi21_1)
                      0.098673    0.000031    1.358258 v _163_/D (gf180mcu_fd_sc_mcu7t5v0__dffq_1)
                                              1.358258   data arrival time

                                  0.000000    0.000000   clock clk (rise edge)
                                  0.000000    0.000000   clock source latency
     1    0.029619    0.133726    0.068922    0.068922 ^ clk (in)
     4    0.096782    0.130688    0.246556    0.315478 ^ clkbuf_0_clk/Z (gf180mcu_fd_sc_mcu7t5v0__clkbuf_16)
     5    0.022496    0.072011    0.200830    0.516308 ^ clkbuf_2_0__f_clk/Z (gf180mcu_fd_sc_mcu7t5v0__clkbuf_16)
                      0.072011    0.000107    0.516415 ^ _163_/CLK (gf180mcu_fd_sc_mcu7t5v0__dffq_1)
                                  0.250000    0.766416   clock uncertainty
                                 -0.049182    0.717233   clock reconvergence pessimism
                                  0.053184    0.770417   library hold time
                                              0.770417   data required time
---------------------------------------------------------------------------------------------
                                              0.770417   data required time
                                             -1.358258   data arrival time
---------------------------------------------------------------------------------------------
                                              0.587841   slack (MET)


Startpoint: _170_ (rising edge-triggered flip-flop clocked by clk)
Endpoint: _152_ (rising edge-triggered flip-flop clocked by clk)
Path Group: clk
Path Type: min

Fanout         Cap        Slew       Delay        Time   Description
---------------------------------------------------------------------------------------------
                                  0.000000    0.000000   clock clk (rise edge)
                                  0.000000    0.000000   clock source latency
     1    0.029619    0.133726    0.062358    0.062358 ^ clk (in)
     4    0.096782    0.130688    0.223075    0.285432 ^ clkbuf_0_clk/Z (gf180mcu_fd_sc_mcu7t5v0__clkbuf_16)
     5    0.024459    0.073549    0.182712    0.468144 ^ clkbuf_2_2__f_clk/Z (gf180mcu_fd_sc_mcu7t5v0__clkbuf_16)
                      0.073549    0.000183    0.468327 ^ _170_/CLK (gf180mcu_fd_sc_mcu7t5v0__dffq_1)
     2    0.011070    0.133972    0.543853    1.012180 v _170_/Q (gf180mcu_fd_sc_mcu7t5v0__dffq_1)
     1    0.011032    0.375925    0.262891    1.275072 ^ _122_/ZN (gf180mcu_fd_sc_mcu7t5v0__oai211_1)
     1    0.003189    0.104976    0.087734    1.362806 v _123_/ZN (gf180mcu_fd_sc_mcu7t5v0__aoi21_1)
                      0.104976    0.000055    1.362861 v _152_/D (gf180mcu_fd_sc_mcu7t5v0__dffq_1)
                                              1.362861   data arrival time

                                  0.000000    0.000000   clock clk (rise edge)
                                  0.000000    0.000000   clock source latency
     1    0.029619    0.133726    0.068922    0.068922 ^ clk (in)
     4    0.096782    0.130688    0.246556    0.315478 ^ clkbuf_0_clk/Z (gf180mcu_fd_sc_mcu7t5v0__clkbuf_16)
     5    0.024459    0.073549    0.201945    0.517423 ^ clkbuf_2_2__f_clk/Z (gf180mcu_fd_sc_mcu7t5v0__clkbuf_16)
                      0.073549    0.000185    0.517608 ^ _152_/CLK (gf180mcu_fd_sc_mcu7t5v0__dffq_1)
                                  0.250000    0.767608   clock uncertainty
                                 -0.049278    0.718329   clock reconvergence pessimism
                                  0.052380    0.770709   library hold time
                                              0.770709   data required time
---------------------------------------------------------------------------------------------
                                              0.770709   data required time
                                             -1.362861   data arrival time
---------------------------------------------------------------------------------------------
                                              0.592152   slack (MET)


Startpoint: _165_ (rising edge-triggered flip-flop clocked by clk)
Endpoint: _165_ (rising edge-triggered flip-flop clocked by clk)
Path Group: clk
Path Type: min

Fanout         Cap        Slew       Delay        Time   Description
---------------------------------------------------------------------------------------------
                                  0.000000    0.000000   clock clk (rise edge)
                                  0.000000    0.000000   clock source latency
     1    0.029619    0.133726    0.062358    0.062358 ^ clk (in)
     4    0.096782    0.130688    0.223075    0.285432 ^ clkbuf_0_clk/Z (gf180mcu_fd_sc_mcu7t5v0__clkbuf_16)
     5    0.025476    0.074345    0.183681    0.469114 ^ clkbuf_2_1__f_clk/Z (gf180mcu_fd_sc_mcu7t5v0__clkbuf_16)
                      0.074346    0.000207    0.469320 ^ _165_/CLK (gf180mcu_fd_sc_mcu7t5v0__dffq_1)
     3    0.017247    0.176842    0.575244    1.044564 v _165_/Q (gf180mcu_fd_sc_mcu7t5v0__dffq_1)
     1    0.005963    0.236211    0.198446    1.243011 ^ _140_/ZN (gf180mcu_fd_sc_mcu7t5v0__oai21_1)
     1    0.003201    0.112847    0.125590    1.368600 v _141_/ZN (gf180mcu_fd_sc_mcu7t5v0__aoi21_1)
                      0.112847    0.000057    1.368657 v _165_/D (gf180mcu_fd_sc_mcu7t5v0__dffq_1)
                                              1.368657   data arrival time

                                  0.000000    0.000000   clock clk (rise edge)
                                  0.000000    0.000000   clock source latency
     1    0.029619    0.133726    0.068922    0.068922 ^ clk (in)
     4    0.096782    0.130688    0.246556    0.315478 ^ clkbuf_0_clk/Z (gf180mcu_fd_sc_mcu7t5v0__clkbuf_16)
     5    0.025476    0.074345    0.203016    0.518494 ^ clkbuf_2_1__f_clk/Z (gf180mcu_fd_sc_mcu7t5v0__clkbuf_16)
                      0.074346    0.000228    0.518723 ^ _165_/CLK (gf180mcu_fd_sc_mcu7t5v0__dffq_1)
                                  0.250000    0.768723   clock uncertainty
                                 -0.049402    0.719320   clock reconvergence pessimism
                                  0.051115    0.770435   library hold time
                                              0.770435   data required time
---------------------------------------------------------------------------------------------
                                              0.770435   data required time
                                             -1.368657   data arrival time
---------------------------------------------------------------------------------------------
                                              0.598222   slack (MET)


Startpoint: _155_ (rising edge-triggered flip-flop clocked by clk)
Endpoint: _155_ (rising edge-triggered flip-flop clocked by clk)
Path Group: clk
Path Type: min

Fanout         Cap        Slew       Delay        Time   Description
---------------------------------------------------------------------------------------------
                                  0.000000    0.000000   clock clk (rise edge)
                                  0.000000    0.000000   clock source latency
     1    0.029619    0.133726    0.062358    0.062358 ^ clk (in)
     4    0.096782    0.130688    0.223075    0.285432 ^ clkbuf_0_clk/Z (gf180mcu_fd_sc_mcu7t5v0__clkbuf_16)
     5    0.025476    0.074345    0.183681    0.469114 ^ clkbuf_2_1__f_clk/Z (gf180mcu_fd_sc_mcu7t5v0__clkbuf_16)
                      0.074346    0.000113    0.469227 ^ _155_/CLK (gf180mcu_fd_sc_mcu7t5v0__dffq_1)
     3    0.011624    0.138278    0.547328    1.016555 v _155_/Q (gf180mcu_fd_sc_mcu7t5v0__dffq_1)
     3    0.016165    0.411546    0.287549    1.304103 ^ _101_/ZN (gf180mcu_fd_sc_mcu7t5v0__aoi21_1)
     1    0.003371    0.158577    0.128921    1.433024 v _126_/ZN (gf180mcu_fd_sc_mcu7t5v0__oai21_1)
                      0.158577    0.000061    1.433085 v _155_/D (gf180mcu_fd_sc_mcu7t5v0__dffq_1)
                                              1.433085   data arrival time

                                  0.000000    0.000000   clock clk (rise edge)
                                  0.000000    0.000000   clock source latency
     1    0.029619    0.133726    0.068922    0.068922 ^ clk (in)
     4    0.096782    0.130688    0.246556    0.315478 ^ clkbuf_0_clk/Z (gf180mcu_fd_sc_mcu7t5v0__clkbuf_16)
     5    0.025476    0.074345    0.203016    0.518494 ^ clkbuf_2_1__f_clk/Z (gf180mcu_fd_sc_mcu7t5v0__clkbuf_16)
                      0.074346    0.000125    0.518619 ^ _155_/CLK (gf180mcu_fd_sc_mcu7t5v0__dffq_1)
                                  0.250000    0.768619   clock uncertainty
                                 -0.049392    0.719227   clock reconvergence pessimism
                                  0.042724    0.761951   library hold time
                                              0.761951   data required time
---------------------------------------------------------------------------------------------
                                              0.761951   data required time
                                             -1.433085   data arrival time
---------------------------------------------------------------------------------------------
                                              0.671134   slack (MET)


Startpoint: _159_ (rising edge-triggered flip-flop clocked by clk)
Endpoint: _159_ (rising edge-triggered flip-flop clocked by clk)
Path Group: clk
Path Type: min

Fanout         Cap        Slew       Delay        Time   Description
---------------------------------------------------------------------------------------------
                                  0.000000    0.000000   clock clk (rise edge)
                                  0.000000    0.000000   clock source latency
     1    0.029619    0.133726    0.062358    0.062358 ^ clk (in)
     4    0.096782    0.130688    0.223075    0.285432 ^ clkbuf_0_clk/Z (gf180mcu_fd_sc_mcu7t5v0__clkbuf_16)
     5    0.024963    0.073945    0.183046    0.468479 ^ clkbuf_2_3__f_clk/Z (gf180mcu_fd_sc_mcu7t5v0__clkbuf_16)
                      0.073945    0.000057    0.468536 ^ _159_/CLK (gf180mcu_fd_sc_mcu7t5v0__dffq_1)
     2    0.013048    0.148349    0.554662    1.023197 v _159_/Q (gf180mcu_fd_sc_mcu7t5v0__dffq_1)
     3    0.018036    0.566232    0.356045    1.379243 ^ _115_/Z (gf180mcu_fd_sc_mcu7t5v0__xor2_1)
     1    0.003020    0.161674    0.081154    1.460396 v _130_/ZN (gf180mcu_fd_sc_mcu7t5v0__nand2_1)
                      0.161674    0.000028    1.460424 v _159_/D (gf180mcu_fd_sc_mcu7t5v0__dffq_1)
                                              1.460424   data arrival time

                                  0.000000    0.000000   clock clk (rise edge)
                                  0.000000    0.000000   clock source latency
     1    0.029619    0.133726    0.068922    0.068922 ^ clk (in)
     4    0.096782    0.130688    0.246556    0.315478 ^ clkbuf_0_clk/Z (gf180mcu_fd_sc_mcu7t5v0__clkbuf_16)
     5    0.024963    0.073945    0.202314    0.517792 ^ clkbuf_2_3__f_clk/Z (gf180mcu_fd_sc_mcu7t5v0__clkbuf_16)
                      0.073945    0.000063    0.517855 ^ _159_/CLK (gf180mcu_fd_sc_mcu7t5v0__dffq_1)
                                  0.250000    0.767855   clock uncertainty
                                 -0.049319    0.718536   clock reconvergence pessimism
                                  0.042076    0.760611   library hold time
                                              0.760611   data required time
---------------------------------------------------------------------------------------------
                                              0.760611   data required time
                                             -1.460424   data arrival time
---------------------------------------------------------------------------------------------
                                              0.699813   slack (MET)


Startpoint: _160_ (rising edge-triggered flip-flop clocked by clk)
Endpoint: _160_ (rising edge-triggered flip-flop clocked by clk)
Path Group: clk
Path Type: min

Fanout         Cap        Slew       Delay        Time   Description
---------------------------------------------------------------------------------------------
                                  0.000000    0.000000   clock clk (rise edge)
                                  0.000000    0.000000   clock source latency
     1    0.029619    0.133726    0.062358    0.062358 ^ clk (in)
     4    0.096782    0.130688    0.223075    0.285432 ^ clkbuf_0_clk/Z (gf180mcu_fd_sc_mcu7t5v0__clkbuf_16)
     5    0.024963    0.073945    0.183046    0.468479 ^ clkbuf_2_3__f_clk/Z (gf180mcu_fd_sc_mcu7t5v0__clkbuf_16)
                      0.073945    0.000263    0.468742 ^ _160_/CLK (gf180mcu_fd_sc_mcu7t5v0__dffq_1)
     3    0.016677    0.172997    0.572439    1.041181 v _160_/Q (gf180mcu_fd_sc_mcu7t5v0__dffq_1)
     3    0.017303    0.547509    0.351223    1.392404 ^ _117_/Z (gf180mcu_fd_sc_mcu7t5v0__xor2_1)
     1    0.002979    0.158180    0.081020    1.473424 v _131_/ZN (gf180mcu_fd_sc_mcu7t5v0__nand2_1)
                      0.158180    0.000027    1.473452 v _160_/D (gf180mcu_fd_sc_mcu7t5v0__dffq_1)
                                              1.473452   data arrival time

                                  0.000000    0.000000   clock clk (rise edge)
                                  0.000000    0.000000   clock source latency
     1    0.029619    0.133726    0.068922    0.068922 ^ clk (in)
     4    0.096782    0.130688    0.246556    0.315478 ^ clkbuf_0_clk/Z (gf180mcu_fd_sc_mcu7t5v0__clkbuf_16)
     5    0.024963    0.073945    0.202314    0.517792 ^ clkbuf_2_3__f_clk/Z (gf180mcu_fd_sc_mcu7t5v0__clkbuf_16)
                      0.073945    0.000291    0.518083 ^ _160_/CLK (gf180mcu_fd_sc_mcu7t5v0__dffq_1)
                                  0.250000    0.768083   clock uncertainty
                                 -0.049341    0.718742   clock reconvergence pessimism
                                  0.042716    0.761458   library hold time
                                              0.761458   data required time
---------------------------------------------------------------------------------------------
                                              0.761458   data required time
                                             -1.473452   data arrival time
---------------------------------------------------------------------------------------------
                                              0.711993   slack (MET)


Startpoint: _158_ (rising edge-triggered flip-flop clocked by clk)
Endpoint: _158_ (rising edge-triggered flip-flop clocked by clk)
Path Group: clk
Path Type: min

Fanout         Cap        Slew       Delay        Time   Description
---------------------------------------------------------------------------------------------
                                  0.000000    0.000000   clock clk (rise edge)
                                  0.000000    0.000000   clock source latency
     1    0.029619    0.133726    0.062358    0.062358 ^ clk (in)
     4    0.096782    0.130688    0.223075    0.285432 ^ clkbuf_0_clk/Z (gf180mcu_fd_sc_mcu7t5v0__clkbuf_16)
     5    0.024963    0.073945    0.183046    0.468479 ^ clkbuf_2_3__f_clk/Z (gf180mcu_fd_sc_mcu7t5v0__clkbuf_16)
                      0.073945    0.000035    0.468514 ^ _158_/CLK (gf180mcu_fd_sc_mcu7t5v0__dffq_1)
     3    0.018220    0.183485    0.580031    1.048545 v _158_/Q (gf180mcu_fd_sc_mcu7t5v0__dffq_1)
     3    0.017269    0.547238    0.353147    1.401692 ^ _113_/Z (gf180mcu_fd_sc_mcu7t5v0__xor2_1)
     1    0.002802    0.156193    0.078917    1.480609 v _129_/ZN (gf180mcu_fd_sc_mcu7t5v0__nand2_1)
                      0.156193    0.000026    1.480635 v _158_/D (gf180mcu_fd_sc_mcu7t5v0__dffq_1)
                                              1.480635   data arrival time

                                  0.000000    0.000000   clock clk (rise edge)
                                  0.000000    0.000000   clock source latency
     1    0.029619    0.133726    0.068922    0.068922 ^ clk (in)
     4    0.096782    0.130688    0.246556    0.315478 ^ clkbuf_0_clk/Z (gf180mcu_fd_sc_mcu7t5v0__clkbuf_16)
     5    0.024963    0.073945    0.202314    0.517792 ^ clkbuf_2_3__f_clk/Z (gf180mcu_fd_sc_mcu7t5v0__clkbuf_16)
                      0.073945    0.000039    0.517831 ^ _158_/CLK (gf180mcu_fd_sc_mcu7t5v0__dffq_1)
                                  0.250000    0.767831   clock uncertainty
                                 -0.049317    0.718514   clock reconvergence pessimism
                                  0.043081    0.761594   library hold time
                                              0.761594   data required time
---------------------------------------------------------------------------------------------
                                              0.761594   data required time
                                             -1.480635   data arrival time
---------------------------------------------------------------------------------------------
                                              0.719041   slack (MET)


Startpoint: _154_ (rising edge-triggered flip-flop clocked by clk)
Endpoint: _154_ (rising edge-triggered flip-flop clocked by clk)
Path Group: clk
Path Type: min

Fanout         Cap        Slew       Delay        Time   Description
---------------------------------------------------------------------------------------------
                                  0.000000    0.000000   clock clk (rise edge)
                                  0.000000    0.000000   clock source latency
     1    0.029619    0.133726    0.062358    0.062358 ^ clk (in)
     4    0.096782    0.130688    0.223075    0.285432 ^ clkbuf_0_clk/Z (gf180mcu_fd_sc_mcu7t5v0__clkbuf_16)
     5    0.022496    0.072011    0.181704    0.467136 ^ clkbuf_2_0__f_clk/Z (gf180mcu_fd_sc_mcu7t5v0__clkbuf_16)
                      0.072011    0.000054    0.467191 ^ _154_/CLK (gf180mcu_fd_sc_mcu7t5v0__dffq_1)
     5    0.026086    0.238019    0.618131    1.085322 v _154_/Q (gf180mcu_fd_sc_mcu7t5v0__dffq_1)
     2    0.011065    0.323659    0.328281    1.413602 ^ _105_/ZN (gf180mcu_fd_sc_mcu7t5v0__xnor2_1)
     1    0.002872    0.119716    0.080946    1.494548 v _125_/ZN (gf180mcu_fd_sc_mcu7t5v0__nand2_1)
                      0.119716    0.000026    1.494575 v _154_/D (gf180mcu_fd_sc_mcu7t5v0__dffq_1)
                                              1.494575   data arrival time

                                  0.000000    0.000000   clock clk (rise edge)
                                  0.000000    0.000000   clock source latency
     1    0.029619    0.133726    0.068922    0.068922 ^ clk (in)
     4    0.096782    0.130688    0.246556    0.315478 ^ clkbuf_0_clk/Z (gf180mcu_fd_sc_mcu7t5v0__clkbuf_16)
     5    0.022496    0.072011    0.200830    0.516308 ^ clkbuf_2_0__f_clk/Z (gf180mcu_fd_sc_mcu7t5v0__clkbuf_16)
                      0.072011    0.000060    0.516369 ^ _154_/CLK (gf180mcu_fd_sc_mcu7t5v0__dffq_1)
                                  0.250000    0.766369   clock uncertainty
                                 -0.049178    0.717191   clock reconvergence pessimism
                                  0.049344    0.766535   library hold time
                                              0.766535   data required time
---------------------------------------------------------------------------------------------
                                              0.766535   data required time
                                             -1.494575   data arrival time
---------------------------------------------------------------------------------------------
                                              0.728040   slack (MET)


Startpoint: _157_ (rising edge-triggered flip-flop clocked by clk)
Endpoint: _157_ (rising edge-triggered flip-flop clocked by clk)
Path Group: clk
Path Type: min

Fanout         Cap        Slew       Delay        Time   Description
---------------------------------------------------------------------------------------------
                                  0.000000    0.000000   clock clk (rise edge)
                                  0.000000    0.000000   clock source latency
     1    0.029619    0.133726    0.062358    0.062358 ^ clk (in)
     4    0.096782    0.130688    0.223075    0.285432 ^ clkbuf_0_clk/Z (gf180mcu_fd_sc_mcu7t5v0__clkbuf_16)
     5    0.024963    0.073945    0.183046    0.468479 ^ clkbuf_2_3__f_clk/Z (gf180mcu_fd_sc_mcu7t5v0__clkbuf_16)
                      0.073945    0.000059    0.468537 ^ _157_/CLK (gf180mcu_fd_sc_mcu7t5v0__dffq_1)
     4    0.023867    0.377829    0.714609    1.183146 ^ _157_/Q (gf180mcu_fd_sc_mcu7t5v0__dffq_1)
     2    0.012492    0.228368    0.185051    1.368198 v _110_/Z (gf180mcu_fd_sc_mcu7t5v0__xor2_1)
     2    0.010177    0.195499    0.166770    1.534968 ^ _111_/ZN (gf180mcu_fd_sc_mcu7t5v0__clkinv_1)
     1    0.002985    0.098715    0.079894    1.614862 v _128_/ZN (gf180mcu_fd_sc_mcu7t5v0__nand2_1)
                      0.098715    0.000028    1.614890 v _157_/D (gf180mcu_fd_sc_mcu7t5v0__dffq_1)
                                              1.614890   data arrival time

                                  0.000000    0.000000   clock clk (rise edge)
                                  0.000000    0.000000   clock source latency
     1    0.029619    0.133726    0.068922    0.068922 ^ clk (in)
     4    0.096782    0.130688    0.246556    0.315478 ^ clkbuf_0_clk/Z (gf180mcu_fd_sc_mcu7t5v0__clkbuf_16)
     5    0.024963    0.073945    0.202314    0.517792 ^ clkbuf_2_3__f_clk/Z (gf180mcu_fd_sc_mcu7t5v0__clkbuf_16)
                      0.073945    0.000065    0.517857 ^ _157_/CLK (gf180mcu_fd_sc_mcu7t5v0__dffq_1)
                                  0.250000    0.767857   clock uncertainty
                                 -0.049320    0.718537   clock reconvergence pessimism
                                  0.053617    0.772154   library hold time
                                              0.772154   data required time
---------------------------------------------------------------------------------------------
                                              0.772154   data required time
                                             -1.614890   data arrival time
---------------------------------------------------------------------------------------------
                                              0.842736   slack (MET)


Startpoint: _156_ (rising edge-triggered flip-flop clocked by clk)
Endpoint: _156_ (rising edge-triggered flip-flop clocked by clk)
Path Group: clk
Path Type: min

Fanout         Cap        Slew       Delay        Time   Description
---------------------------------------------------------------------------------------------
                                  0.000000    0.000000   clock clk (rise edge)
                                  0.000000    0.000000   clock source latency
     1    0.029619    0.133726    0.062358    0.062358 ^ clk (in)
     4    0.096782    0.130688    0.223075    0.285432 ^ clkbuf_0_clk/Z (gf180mcu_fd_sc_mcu7t5v0__clkbuf_16)
     5    0.025476    0.074345    0.183681    0.469114 ^ clkbuf_2_1__f_clk/Z (gf180mcu_fd_sc_mcu7t5v0__clkbuf_16)
                      0.074345    0.000032    0.469146 ^ _156_/CLK (gf180mcu_fd_sc_mcu7t5v0__dffq_1)
     2    0.012850    0.146979    0.553717    1.022863 v _156_/Q (gf180mcu_fd_sc_mcu7t5v0__dffq_1)
     3    0.017415    0.550195    0.347172    1.370035 ^ _108_/Z (gf180mcu_fd_sc_mcu7t5v0__xor2_1)
     1    0.002951    0.100361    0.220246    1.590281 ^ _127_/Z (gf180mcu_fd_sc_mcu7t5v0__or2_1)
                      0.100361    0.000028    1.590309 ^ _156_/D (gf180mcu_fd_sc_mcu7t5v0__dffq_1)
                                              1.590309   data arrival time

                                  0.000000    0.000000   clock clk (rise edge)
                                  0.000000    0.000000   clock source latency
     1    0.029619    0.133726    0.068922    0.068922 ^ clk (in)
     4    0.096782    0.130688    0.246556    0.315478 ^ clkbuf_0_clk/Z (gf180mcu_fd_sc_mcu7t5v0__clkbuf_16)
     5    0.025476    0.074345    0.203016    0.518494 ^ clkbuf_2_1__f_clk/Z (gf180mcu_fd_sc_mcu7t5v0__clkbuf_16)
                      0.074345    0.000036    0.518530 ^ _156_/CLK (gf180mcu_fd_sc_mcu7t5v0__dffq_1)
                                  0.250000    0.768530   clock uncertainty
                                 -0.049384    0.719146   clock reconvergence pessimism
                                  0.027702    0.746848   library hold time
                                              0.746848   data required time
---------------------------------------------------------------------------------------------
                                              0.746848   data required time
                                             -1.590309   data arrival time
---------------------------------------------------------------------------------------------
                                              0.843461   slack (MET)


R2R_END_HOLD min_ff_n40C_3v60
