time_s,v(input),v(pwm),v(gate),v(led_k),i(VLEDLOAD)
0.0005144507929486368,0.0,2.34078505746196e-08,5.772910016993723e-09,3.104657631254956,8.461839146045591e-12
0.0005144607929486369,0.0,-2.207420527398531e-09,1.194074417750416e-09,3.104660724857846,1.821073417063168e-11
0.0005144707929486369,0.0,2.340778342248603e-08,5.772632119298751e-09,3.10466381931405,8.461164130446619e-12
0.000514480792948637,0.0,-2.207372835710436e-09,1.193808152673971e-09,3.104666912674036,1.820986375578038e-11
0.000514490792948637,0.0,2.340772535820539e-08,5.772353703228265e-09,3.104670006887402,8.46041806057407e-12
0.0005145,0.0,-2.20732754289736e-09,1.193550958381073e-09,3.104672854702113,1.820899334092907e-11
0.0005145000002358037,0.0007781521195511113,3.20825003522412e-06,3.81077341106223e-07,3.104672936336729,-1.61042176580195e-09
0.000514500000707411,0.002334456358653334,1.146571046332521e-05,1.203368440668352e-06,3.104673086274134,-4.596260986117207e-09
0.0005145000010997761,0.003629261084310309,1.894866703722632e-05,1.749711774187658e-06,3.104673168429957,-6.222487375223684e-09
0.0005145000016496072,0.005443703788439083,2.825710966820066e-05,2.223363486931122e-06,3.104673257056384,-7.965052205433088e-09
0.0005145000022913547,0.007561470557646986,3.92722480424015e-05,2.697167059592699e-06,3.104673343562596,-9.652722013780979e-09
0.000514500003171402,0.01046562676998952,5.382289008316005e-05,3.219979221995619e-06,3.104673403492993,-1.078467752088641e-08
0.0005145000045001653,0.01485054556517181,7.515629652454402e-05,3.958860957678537e-06,3.104673454306578,-1.16911069235337e-08
0.0005145000064156701,0.02117171125881583,0.0001043655616975848,4.933161613321107e-06,3.104673457466802,-1.159071863918171e-08
0.0005145000095020377,0.03135672447558239,0.0001479237401450144,6.366814327931274e-06,3.104673427008495,-1.072806456656195e-08
0.0005145000143600149,0.04738804921309064,0.0002083641820909773,8.278033340627194e-06,3.104673351829641,-8.87040847538656e-09
0.0005145000219906784,0.07256923863798817,0.000285703174168411,1.057302729389369e-05,3.104673256200474,-6.511020483740415e-09
0.0005145000358713609,0.1183754909506097,0.0003824562708985698,1.299593307116302e-05,3.104673114895187,-3.142370964409613e-09
0.0005145000486750763,0.1606277519172785,0.0004329285932162522,1.374861788647783e-05,3.10467302864135,-1.150126301835419e-09
0.0005145000630406339,0.2080340919029113,0.0004595113890954728,1.350543520942949e-05,3.104672956817426,4.125466225579633e-10
0.0005145000789264838,0.2604573966617715,0.0004644488159072181,1.244091783423957e-05,3.104672911799331,1.319141119809908e-09
0.0005145000970687315,0.3203268140272243,0.0004513782159754284,1.070966860143689e-05,3.10467287859381,1.898732410327009e-09
0.0005145001153599278,0.3806877616466682,0.0004275789495937359,8.79262279731669e-06,3.104672868488652,1.97485958600141e-09
0.0005145001372677236,0.4529834880821906,0.0003941423521665265,6.58517399380612e-06,3.104672863783235,1.916742554813889e-09
0.0005145001590526793,0.5248738418096622,0.0003606115815962457,4.649754271514494e-06,3.104672871856663,1.629474301184652e-09
0.0005145001727055488,0.569928311241556,0.0003401463746266721,3.566958919870888e-06,3.104672871898624,1.566066853003756e-09
0.0005145001834936163,0.6055289339512089,0.0003231902060779781,2.732811783142988e-06,3.104672871436733,1.529529679716868e-09
0.0005145001938445616,0.639687053285022,0.0003042883227390928,1.863033094763136e-06,3.104672857601982,1.755635551520252e-09
0.0005145002042389305,0.6739884708501865,0.0002795559840473174,8.074335324518316e-07,3.104672834929381,2.136832172455749e-09
0.0005145002158744245,0.712385601051517,0.0002394965992715928,-7.949316889789835e-07,3.104672782578696,3.051709697304839e-09
0.0005145002258879445,0.7454302169227353,0.0001892594213537155,-2.697260268396208e-06,3.104672720970517,4.103235195090926e-09
0.0005145002365950044,0.7807635146356181,0.000113729488041506,-5.447005327796363e-06,3.104672627239954,5.68873709375084e-09
0.0005145002462665543,0.8126796293406418,2.283120286178416e-05,-8.6322103602774e-06,3.104672534850313,7.174430280004751e-09
0.0005145002569782461,0.8480282120598579,-0.0001047617589653006,-1.295066171754374e-05,3.104672421288748,8.926738960385317e-09
0.0005145002685382436,0.886176203921026,-0.0002733577619569933,-1.842984417787594e-05,3.104672306874841,1.052342226151581e-08
0.0005145002821214613,0.9310008222213059,-0.0005084476321231031,-2.574032514157491e-05,3.104672179239871,1.211624243060983e-08
0.0005145002893725907,0.9549295491895596,-0.0006485871105940606,-2.993823037291312e-05,3.10467212058955,1.272263889254277e-08
0.0005145002936463621,0.9690329949443414,-0.0007328898487034771,-3.233128904105166e-05,3.104672110212739,1.258934681294677e-08
0.0005145002977743131,0.9826552333074885,-0.0008170036014067805,-3.477436888644358e-05,3.104672078028726,1.290132099276975e-08
0.000514500302246091,0.9974121002921441,-0.0009111391549120865,-3.742625141470088e-05,3.104672044649141,1.320029286225322e-08
0.0005145003111896468,1.026925834619242,-0.001107738909813076,-4.28570422535262e-05,3.104671982449324,1.368328101838956e-08
0.0005145003273681777,1.080314986409346,-0.001488836095131303,-5.290054297710317e-05,3.104671879871148,1.429786160037083e-08
0.0005145003500320297,1.155105698085374,-0.002071679628340132,-6.72390658436108e-05,3.104671744991514,1.488952987918624e-08
0.0005145003681596472,1.214926835711246,-0.002578620148996685,-7.892025671917181e-05,3.104671630710492,1.542150580027824e-08
0.0005145003841906185,1.267829041210777,-0.003060387905617131,-8.952198414579868e-05,3.104671516840617,1.60830582308924e-08
0.0005145003988975178,1.316361808630793,-0.003535624038759031,-9.967179454219988e-05,3.104671393943754,1.698067763192257e-08
0.0005145004129089788,1.362599630079304,-0.004024749316386275,-0.0001099348356273672,3.104671254075634,1.8191118375116e-08
0.0005145004257518011,1.404980943641404,-0.004512127617098367,-0.0001201195210907138,3.104671098316698,1.973165867488746e-08
0.000514500437685461,1.444362021303988,-0.005006912307562243,-0.0001305105033209416,3.104670921793485,2.165833118530913e-08
0.0005145004472247408,1.475841644801257,-0.005438742657899704,-0.0001397127007341742,3.10467074964348,2.369096251078617e-08
0.0005145004554312035,1.502922971500212,-0.005841947574867887,-0.000148442564322992,3.104670573761638,2.587760637232095e-08
0.0005145004624043943,1.525934501128267,-0.006212520401927854,-0.0001566320923120531,3.104670397300294,2.816971873889629e-08
0.0005145004689398095,1.547501371357726,-0.006587513218630951,-0.0001650764877716626,3.104670204804941,3.075191110105125e-08
0.0005145004748659922,1.567057774338806,-0.00695493117344625,-0.0001735357277091594,3.104670001981069,3.355047649825082e-08
0.0005145004807596783,1.586506938265013,-0.007350256855911589,-0.0001828157900406898,3.104669771176479,3.679451732088723e-08
0.0005145004870188465,1.60716219334263,-0.00780759835037857,-0.0001937821427439755,3.104669492758481,4.075253470139928e-08
0.0005145004928752345,1.62648827398699,-0.00827405866887977,-0.0002051500885572286,3.104669206051233,4.482022126231499e-08
0.0005145005000174243,1.650057500082169,-0.008895928034852547,-0.0002204765652831879,3.104668841657905,4.985480292055145e-08
0.000514500504514486,1.664897804002569,-0.009316671802241409,-0.0002308665518469633,3.104668617646422,5.279438094155098e-08
0.0005145005088219573,1.679112459171422,-0.009739849941392112,-0.0002413133702640522,3.104668408529923,5.541954575596919e-08
0.0005145005135282508,1.694643227769432,-0.01022363132913579,-0.0002532080597278589,3.104668187931398,5.804617299168257e-08
0.0005145005187893213,1.712004760228236,-0.01078982434674774,-0.0002670617808259839,3.104667947809737,6.075736408553412e-08
0.0005145005241425372,1.729670372755452,-0.01139216412852975,-0.0002816875329350591,3.104667711426054,6.326226838729298e-08
0.000514500530155834,1.749514252354559,-0.01209785712587906,-0.0002986353028591411,3.104667461221194,6.566913445374412e-08
0.0005145005345579528,1.764041244235891,-0.01263038833077319,-0.0003111962993821768,3.104667309409766,6.67518153853186e-08
0.0005145005379189314,1.77513247360294,-0.01304232165245161,-0.0003207052684835361,3.104667227551521,6.688359159304214e-08
0.0005145005408901501,1.784937495501354,-0.01340661377182361,-0.0003288783205423789,3.104667196767257,6.617429424329857e-08
0.0005145005437843954,1.794488504931161,-0.01375751370312886,-0.0003364618674735315,3.104667216248389,6.451729066006551e-08
0.0005145005471520353,1.805601716356311,-0.01415511699066759,-0.0003445998395282215,3.104667310290477,6.121849131082712e-08
0.000514500550202632,1.815668685717139,-0.01450066543359124,-0.0003511877282860296,3.104667457450336,5.706806169306078e-08
0.0005145005540249778,1.828282426725665,-0.0149096197180665,-0.0003583307510044166,3.104667692736191,5.098267451222882e-08
0.0005145005565875982,1.836739073924445,-0.015168108099192,-0.0003624449147120908,3.104667863506364,4.673231563848135e-08
0.0005145005594161205,1.846073197697685,-0.0154379653433237,-0.0003663216565018132,3.104668063929941,4.188966475374145e-08
0.0005145005626995528,1.856908524408902,-0.0157292228743559,-0.0003698894098322285,3.104668318586934,3.594852369906421e-08
0.0005145005661728151,1.868370289864737,-0.01600814386389928,-0.0003724256601942601,3.104668631951089,2.893710979626207e-08
0.0005145005699372236,1.880792837880839,-0.01626999806135904,-0.0003734784707250001,3.104669045628813,2.006031989756907e-08
0.0005145005743195545,1.895254529750679,-0.01651040187251314,-0.0003720816680634394,3.104669645871102,7.669971257145969e-09
0.0005145005795133589,1.912394084532362,-0.01668614343642057,-0.0003661364069533881,3.10467053416233,-1.002173366168591e-08
0.0005145005860350916,1.933915802435933,-0.01670375556851386,-0.0003510075227059745,3.104671918257918,-3.662869191609075e-08
0.0005145005937338547,1.959321720560018,-0.01637719049106025,-0.0003205395613869929,3.104673918077141,-7.369020685751849e-08
0.0005145006011081051,1.98365674690392,-0.01565317510160978,-0.0002769317380706625,3.104676192646844,-1.144207768143113e-07
0.0005145006089658702,2.009587371770896,-0.01436983534230013,-0.0002130742275074212,3.104679003579828,-1.631766489183783e-07
0.0005145006164614806,2.034322885960802,-0.01258952181979272,-0.0001337650696707518,3.104682068608934,-2.148012072709926e-07
0.0005145006242454072,2.06000984376209,-0.01009295967830581,-3.048601183391555e-05,3.10468567563152,-2.739626239965654e-07
0.0005145006315779406,2.084207204153138,-0.007067386789824849,8.841747514692799e-05,3.104689628874336,-3.377374443012948e-07
0.000514500638937608,2.108494106394681,-0.003297724718559848,0.000230854996171642,3.104694094309502,-4.083383954488207e-07
0.0005145006459033999,2.131481219583813,0.001014803607876965,0.0003883659133155016,3.104698609832154,-4.776304281116361e-07
0.0005145006529568298,2.154757538216389,0.006192999137224897,0.0005724038813051371,3.104703713157444,-5.549006582371285e-07
0.0005145006596846349,2.176959295250426,0.01197438131943046,0.0007732852242221911,3.104709133826355,-6.360403662918068e-07
0.000514500665929793,2.197568316770697,0.01814912554360189,0.0009837090179435459,3.104714660477784,-7.17798773394035e-07
0.000514500672254105,2.218438546566026,0.02527230649799513,0.001222551890180093,3.104720817548208,-8.08102516863668e-07
0.0005145006781588562,2.237924225488987,0.032787065062376,0.001470935512664003,3.104727123607459,-8.999098620741941e-07
0.0005145006839943277,2.257181281562133,0.04111245921283345,0.001742822347445964,3.104733966140831,-9.990620194387513e-07
0.0005145006894568789,2.275207700526154,0.04979217687194838,0.002023355647645983,3.10474098782522,-1.100482630761318e-06
0.000514500694762578,2.292716507300095,0.05912396949809681,0.002322414342158455,3.104748482975598,-1.208712299188702e-06
0.0005145006997214318,2.309080725028115,0.06872963979304027,0.002628150736163309,3.104756189986102,-1.320200421620482e-06
0.0005145007044282817,2.324613329787556,0.07872281121281592,0.002944652147971117,3.104764287834697,-1.438004828987344e-06
0.0005145007087615121,2.338912990071334,0.08876600157998589,0.003261820417765664,3.104772595312036,-1.559975313011192e-06
0.0005145007121328819,2.350038510432906,0.09720692377865593,0.003528218228920271,3.104779806964859,-1.667209588017554e-06
0.000514500715190457,2.360128508020195,0.1053909355793992,0.00378646496397083,3.104786970205451,-1.77468808956513e-06
0.0005145007185392783,2.371179618404891,0.114972834269318,0.004088285924755976,3.104795367038429,-1.900771338490953e-06
0.0005145007222127305,2.383302010557292,0.1262326625476674,0.004440888246414167,3.104804744962534,-2.039117798432327e-06
0.0005145007256491893,2.394642324596497,0.1374497815010141,0.004789213662226286,3.104813313968895,-2.161416618641082e-06
0.0005145007288707654,2.405273525756619,0.1485414402582231,0.005130944717397585,3.104821126755638,-2.269141537972613e-06
0.000514500732702759,2.417919104773937,0.1624330781057297,0.005555220753538515,3.104830200956061,-2.389923173332503e-06
0.0005145007361284784,2.429223978607684,0.1754689102847146,0.005949561679070692,3.104838077997459,-2.490618715850074e-06
0.000514500739274816,2.439606892960031,0.1879290517862348,0.006322982215572168,3.104845078339161,-2.576421896375164e-06
0.000514500742753563,2.451086757772515,0.2022214649680626,0.006747201519763189,3.104852562452196,-2.664122508445471e-06
0.0005145007460652475,2.462015316904212,0.2163078641935721,0.00716110956115573,3.10485946180092,-2.741249188723399e-06
0.0005145007498121446,2.474380077356518,0.2327850432214089,0.00764019658217861,3.104867053485085,-2.822211246137213e-06
0.0005145007537814586,2.487478813286863,0.2508375125398509,0.008158939435955383,3.104874866389226,-2.901232433792783e-06
0.0005145007583160998,2.502443129303427,0.2721750025621529,0.00876400988389226,3.10488351947724,-2.983569955962023e-06
0.0005145007633314251,2.518993702747458,0.2966096072189819,0.00944638704725199,3.104892743702772,-3.064922909633422e-06
0.000514500768612386,2.536420873683988,0.323222381891707,0.01017711548068877,3.104902059810625,-3.139846128604601e-06
0.0005145007737499117,2.553374708536654,0.3499151550869415,0.01089720322284143,3.104910710280071,-3.202087115298097e-06
0.0005145007788988042,2.570366053748722,0.3773899154553446,0.01162514998033501,3.104918949847045,-3.253869475724341e-06
0.0005145007838874404,2.586828553341158,0.4046313314490144,0.01233384852013159,3.104926503920939,-3.293902450437341e-06
0.0005145007888984107,2.603364755208346,0.4325425344507808,0.01304674535814044,3.104933675531029,-3.324584510441125e-06
0.0005145007938635734,2.619749792187636,0.4606754226241926,0.01375214226673989,3.10494038858806,-3.346242812917039e-06
0.0005145007989256617,2.636454683693901,0.4897815540422472,0.01446865983661739,3.104946873184985,-3.360515451525797e-06
0.0005145008040184998,2.65326104923767,0.5194331830523393,0.0151857168421483,3.104953080892294,-3.368169499658874e-06
0.0005145008092061437,2.67038027422031,0.5499519106998861,0.01591184549380009,3.104959155341943,-3.370808055645908e-06
0.0005145008143945674,2.687502072405019,0.5807265528449569,0.01663457462319989,3.104965070738113,-3.37021151117875e-06
0.0005145008195619028,2.704554279284354,0.6115554069429203,0.01735326192037545,3.104970922067706,-3.368851134034484e-06
0.0005145008237680889,2.718434693322346,0.6367298581940053,0.01794047630818154,3.104975750823413,-3.369075944249372e-06
0.0005145008277035898,2.731421846309289,0.6603059856015655,0.01849467059860712,3.104980362686213,-3.371132817676509e-06
0.000514500831939668,2.745400904291854,0.6856617099990642,0.01910021422295404,3.104985451475975,-3.375744516486007e-06
0.0005145008359345547,2.758584030659545,0.709514835148291,0.01968370525827427,3.104990354193936,-3.382019144556464e-06
0.0005145008403751992,2.773238157399506,0.7359235567367368,0.0203501141884888,3.104995795921918,-3.388638290765383e-06
0.0005145008448357571,2.787957998467974,0.7623117677987072,0.02104117608461118,3.105001092736858,-3.39175311624737e-06
0.0005145008492682496,2.802585223582476,0.788385604201312,0.02174996556254047,3.105005984254565,-3.387427072297638e-06
0.0005145008530808978,2.815166962715895,0.8106983506570319,0.02237655030896027,3.105009786612425,-3.375809989606266e-06
0.0005145008570018251,2.828106022727922,0.8335428325879978,0.02303637156633051,3.105013276417939,-3.355872615934258e-06
0.000514500861149416,2.841793072723692,0.8576076751741842,0.02375035764441418,3.105016513747267,-3.326394842432107e-06
0.0005145008653610143,2.855691347116805,0.8819513199606612,0.02449170844302974,3.105019370193886,-3.288805228468389e-06
0.0005145008697377668,2.870134630502274,0.9071623174599246,0.02527982502116009,3.105021962529306,-3.243452796276442e-06
0.0005145008742961037,2.885177142236966,0.9333340262436965,0.02612078703964132,3.105024335225168,-3.191187210408314e-06
0.0005145008792364836,2.901480395970717,0.9616079782570511,0.02705738155509378,3.105026619322442,-3.130685364315239e-06
0.000514500884602029,2.919186695645594,0.9922119765805011,0.02810710927973936,3.105028834201956,-3.062016538329798e-06
0.0005145008906162095,2.939033491206444,1.026389240506887,0.0293282964904648,3.105031062061991,-2.982970216290764e-06
0.0005145008973668824,2.961310711899239,1.06459018900877,0.03076104616471305,3.105033293375257,-2.892740280092537e-06
0.0005145009051526816,2.987003849392702,1.108428874709451,0.03250328483097276,3.105035559222208,-2.787689966417956e-06
0.000514500914103292,3.016540863470322,1.158520863961077,0.03463630843300228,3.105037774783201,-2.666034364505604e-06
0.000514500924609227,3.051210448933992,1.216876526211529,0.03733300705549502,3.105039847926201,-2.522171502651188e-06
0.0005145009366555025,3.090963158228289,1.283166191538822,0.04070093297693751,3.105041487474415,-2.355191482635716e-06
0.0005145009492694994,3.132589347897298,1.351824805104575,0.0445622751737263,3.105042300395964,-2.177059591495917e-06
0.0005145009624371279,3.176042522126011,1.422624253379174,0.04897421228255741,3.105042063398229,-1.985923575450327e-06
0.0005145009745569107,3.216037805447574,1.486958318219116,0.05338754463775402,3.105040752241635,-1.803524186595323e-06
0.0005145009862564182,3.254646180082305,1.548259449911534,0.05797117401875707,3.105038356227379,-1.619417242842841e-06
0.000514500993128209,3.277323089683366,1.583878434553798,0.06081107501899721,3.105036370476191,-1.506645888685737e-06
0.0005145009999999999,3.299999999642214,1.619194584400146,0.06375910844099633,3.105033918585874,-1.389912096417673e-06
0.0005145010000201675,3.3,1.619297692310694,0.06376790502109378,3.105033906324281,-1.389476249396976e-06
0.0005145010000605026,3.3,1.619503883433428,0.0637854996224404,3.105033882246899,-1.388613589711068e-06
0.0005145010001411729,3.3,1.619916005332218,0.063820672672901,3.105033829246932,-1.386792102234663e-06
0.000514501000263727,3.3,1.620541628067167,0.06387409154458339,3.10503374551781,-1.383962607018757e-06
0.0005145010003966221,3.3,1.621219924254754,0.06393206740612245,3.105033667778307,-1.381157997904919e-06
0.0005145010006624123,3.3,1.622576506501218,0.06404819568545315,3.105033526026079,-1.375830661555083e-06
0.0005145010011939927,3.3,1.625288757427285,0.06428109858360956,3.105033253265918,-1.365419310893484e-06
0.0005145010022571537,3.3,1.630708789876576,0.06474920858715995,3.105032756336972,-1.345677396621253e-06
0.0005145010043834755,3.3,1.641529921021792,0.06569354823193342,3.105031855138576,-1.308458417167285e-06
0.0005145010086361191,3.3,1.663092351372929,0.06761323352137306,3.105030057474053,-1.235704660956655e-06
0.0005145010171414062,3.3,1.705868779497608,0.0715738641830286,3.105025802297524,-1.083503259572266e-06
0.0005145010259928937,3.3,1.749843930738793,0.07586272318609066,3.105020263857119,-9.126252657019884e-07
0.0005145010362070478,3.3,1.799817905943469,0.08101429945496119,3.105012433631776,-6.999727746724583e-07
0.000514501045679629,3.3,1.845351455380761,0.08597618171489657,3.105003718231519,-4.873773540091386e-07
0.000514501055444544,3.3,1.891398514170432,0.09126572056691046,3.104993227002039,-2.529213103451278e-07
0.0005145010642610285,3.3,1.932144265901323,0.09618442057719828,3.104982395313194,-2.78196518586904e-08
0.0005145010718210442,3.3,1.966427099553487,0.1005035153905887,3.104972071498979,1.749239686289761e-07
0.0005145010784925726,3.3,1.996162935989362,0.1043883004027268,3.104962163541123,3.609729707533538e-07
0.0005145010844247516,3.3,2.022189686451535,0.1078973985846121,3.104952732304155,5.31637284723191e-07
0.0005145010858078032,3.3,2.028201606280755,0.1087227453693386,3.104950455278148,5.719984450215654e-07
0.0005145010867070329,3.3,2.032099065533431,0.1092607893142411,3.104948956140056,5.984096201351597e-07
0.0005145010871789063,3.3,2.034143788887019,0.1095445422181106,3.104948785959455,5.998942908326532e-07
0.0005145010877803291,3.3,2.036749464580963,0.109907578004493,3.104948805857562,5.970533288247871e-07
0.0005145010883715528,3.3,2.039306385521126,0.1102642042956466,3.104948234105773,6.060743750103959e-07
0.0005145010890082663,3.3,2.042055722951279,0.1106482789295004,3.104947525540545,6.176014849436362e-07
0.0005145010902816933,3.3,2.047540515769221,0.1114176184954423,3.104945548485092,6.516569132521132e-07
0.0005145010928285471,3.3,2.058455542077573,0.112961753455229,3.104940577031165,7.390632027116928e-07
0.0005145010979222549,3.3,2.080068854051377,0.1160719314415841,3.104928682424268,9.477829618233236e-07
0.0005145011023667447,3.3,2.098696321358903,0.118807806969094,3.104916615287562,1.15735268295572e-06
0.0005145011062260881,3.3,2.114703011323383,0.1211984735368574,3.104904655778451,1.363499844323629e-06
0.0005145011096180513,3.3,2.128648454759577,0.1233096573908204,3.104892649975836,1.569819239261167e-06
0.0005145011126802297,3.3,2.141146054189757,0.1252223958927313,3.10488025334644,1.782876214576762e-06
0.0005145011155183889,3.3,2.152658235245773,0.1269998483645123,3.104867123220005,2.008918735864201e-06
0.000514501118179287,3.3,2.163396226350866,0.1286692690089914,3.10485305439696,2.251777834793162e-06
0.0005145011207551069,3.3,2.173747303092543,0.130287066952831,3.104837560336356,2.51989965529012e-06
0.0005145011234949731,3.3,2.18471892954953,0.1320087668228742,3.104818890983644,2.843358736516338e-06
0.0005145011260591825,3.3,2.194958204858913,0.1336201764912007,3.10479940033797,3.180685636706843e-06
0.0005145011288577661,3.3,2.20610681831914,0.135378863116273,3.104776507691472,3.574302509029709e-06
0.0005145011322467757,3.3,2.219569604002841,0.1375097634513684,3.104748047490133,4.055640048189619e-06
0.0005145011339207313,3.3,2.226200955157601,0.1385636800047659,3.104734498476018,4.27920929866224e-06
0.0005145011360470275,3.3,2.234600829753858,0.1399045256915432,3.104718080998979,4.543808329650207e-06
0.0005145011382487458,3.3,2.243265991706326,0.1412962244097467,3.104702315885179,4.78928180179486e-06
0.000514501140675861,3.3,2.252772145315185,0.1428353108056136,3.104686435499591,5.025934919128533e-06
0.0005145011431263467,3.3,2.262314409583999,0.1443950469744965,3.104671790102573,5.233409767008285e-06
0.0005145011457430044,3.3,2.272436365299315,0.146067758131125,3.104657395786094,5.42650718584517e-06
0.0005145011486198569,3.3,2.283479832315163,0.1479158126036573,3.104642588919635,5.614701851509724e-06
0.0005145011517579032,3.3,2.295420937410192,0.1499430324375309,3.104627330397564,5.79816549964099e-06
0.0005145011552255958,3.3,2.308487241639951,0.1521973927742002,3.104611092096045,5.984086245586357e-06
0.0005145011589578766,3.3,2.322399610165176,0.1546409718952956,3.104594124264704,6.169295879349252e-06
0.0005145011628524157,3.3,2.336753419382824,0.1572102480395837,3.104576700190896,6.352058427466917e-06
0.0005145011667753918,3.3,2.351049400491192,0.1598189847112979,3.104559383154753,6.526704996122762e-06
0.0005145011705956473,3.3,2.364821798830123,0.162379907576688,3.104542622620735,6.690325381239066e-06
0.0005145011743145888,3.3,2.378095753839479,0.1648929383629523,3.104526426282931,6.843212142765426e-06
0.000514501177937001,3.3,2.390906680952598,0.1673602309291223,3.104510689469132,6.987687213143717e-06
0.0005145011815729042,3.3,2.403654765081837,0.1698565455978956,3.104494959949993,7.127864966921665e-06
0.0005145011853196184,3.3,2.416680905512009,0.1724500858785954,3.104478740388595,7.268946745696697e-06
0.0005145011894550631,3.3,2.430931198138073,0.1753378878805913,3.104460825340831,7.420802541314858e-06
0.0005145011946661915,3.3,2.448693446372576,0.179014336526042,3.104438084735056,7.609440459454137e-06
0.0005145011972700907,3.3,2.457482719988328,0.1808667902301859,3.104426631486569,7.703006171077137e-06
0.0005145012004326012,3.3,2.468073901021916,0.1831302102898879,3.10441260339244,7.81677206166967e-06
0.0005145012036924014,3.3,2.47888836755477,0.185478459817861,3.104398019897394,7.933956333058407e-06
0.0005145012069881652,3.3,2.489708190686494,0.1878678960737787,3.104383122974891,8.052840195137551e-06
0.000514501210472822,3.3,2.501015292347097,0.1904105921223389,3.104367230615959,8.178474940198217e-06
0.0005145012139070376,3.3,2.512017281517581,0.1929324608121183,3.104351418899111,8.302367107354685e-06
0.0005145012174804678,3.3,2.523309555629036,0.1955730618698283,3.104334840121273,8.43074008808023e-06
0.0005145012212410842,3.3,2.535015930262149,0.1983697999495709,3.104317254667361,8.565242904751275e-06
0.0005145012252375772,3.3,2.547252701548758,0.2013616905287011,3.104298436581083,8.707022447985851e-06
0.0005145012295786057,3.3,2.56030339356708,0.2046342685552971,3.104277843048011,8.859743431027938e-06
0.0005145012343089251,3.3,2.574238311971476,0.208227107035463,3.104255235499537,9.0244033221544e-06
0.0005145012395837015,3.3,2.589427962438066,0.2122663220739527,3.104229821066762,9.205906221833176e-06
0.0005145012454892416,3.3,2.606004108501837,0.2168297546669238,3.104201150822703,9.405794531275464e-06
0.0005145012522568415,3.3,2.624452912379586,0.2221133553814534,3.104168090264532,9.629230365447855e-06
0.0005145012600619737,3.3,2.645021332689763,0.2282798984502059,3.104129830433565,9.877039045477349e-06
0.000514501269277905,3.3,2.668355065733196,0.2356645864076912,3.104084645345932,1.015341926512994e-05
0.0005145012787428345,3.3,2.691275938479467,0.243370422752345,3.104038390366364,1.04168874540668e-05
0.0005145012889751576,3.3,2.714905894842205,0.2518480058559637,3.103988711442577,1.067698952088483e-05
0.0005145012982760463,3.3,2.735385205454363,0.2596958658832787,3.103943998419721,1.088960404216258e-05
0.0005145013076762249,3.3,2.755153239469616,0.2677769206749516,3.103899382573731,1.108012490178459e-05
0.0005145013163910934,3.3,2.772676105473241,0.2754154750172944,3.10385868980789,1.12331771980613e-05
0.0005145013250791787,3.3,2.789404397234507,0.2831854458522943,3.10381892049089,1.136148876819468e-05
0.0005145013331337197,3.3,2.804275478737277,0.2905414908093807,3.103782930923459,1.145673429789787e-05
0.0005145013408698127,3.3,2.818000145107752,0.2977602575733047,3.103749336711175,1.152448403657039e-05
0.0005145013479401002,3.3,2.830077586404011,0.3045038172217783,3.103719655118713,1.156341642773021e-05
0.0005145013545272941,3.3,2.840936485445453,0.3109261011355043,3.103693079049398,1.15769677337986e-05
0.0005145013604861828,3.3,2.850434804477194,0.3168644011203067,3.103670138539328,1.156714051797528e-05
0.000514501365974638,3.3,2.858908539083958,0.322453608982042,3.103650134695802,1.15363372808587e-05
0.0005145013709790903,3.3,2.866401490294123,0.327660369223942,3.103633012506745,1.148725872666026e-05
0.0005145013756629398,3.3,2.87320797921143,0.3326384074953178,3.103618100430883,1.142089922300818e-05
0.000514501380073825,3.3,2.879431323372374,0.3374272514387913,3.103605151937627,1.133874372481705e-05
0.000514501384392892,3.3,2.885347254130639,0.3422183464250473,3.103593596360198,1.123850912943772e-05
0.0005145013887384695,3.3,2.891121539727548,0.3471459058496047,3.103583173971604,1.111685491725814e-05
0.0005145013934815023,3.3,2.897223500895601,0.3526490308160294,3.103573285038676,1.095884874546718e-05
0.0005145013982807398,3.3,2.903192958010754,0.3583464493846456,3.103564963282739,1.077092614997346e-05
0.0005145014027735157,3.3,2.908606008815637,0.363789416850881,3.103558778673522,1.05688442215203e-05
0.0005145014071874211,3.3,2.913772671008408,0.3692296457821965,3.103554225619449,1.034622158466184e-05
0.0005145014119665944,3.3,2.919214669011177,0.3752115091999924,3.103551004057362,1.007896764845376e-05
0.0005145014164854767,3.3,2.924230945907965,0.3809436914717533,3.103549546243674,9.802848640973055e-06
0.0005145014213223525,3.3,2.929478950526724,0.3871491630507045,3.103549616371683,9.484461331425026e-06
0.0005145014261037291,3.3,2.93456012591457,0.3933426741499111,3.103551203266511,9.149984551640873e-06
0.000514501431318957,3.3,2.939999610204004,0.4001516942050792,3.103554465750605,8.767237976016335e-06
0.0005145014355348763,3.3,2.944329316663387,0.4056881209360915,3.103558072099831,8.448501244679024e-06
0.0005145014391593841,3.3,2.948009626965786,0.410465296412699,3.103561746792443,8.170344379280353e-06
0.00051450144251095,3.3,2.951381595012992,0.4148938346044702,3.103565505607001,7.91202743816291e-06
0.0005145014457119899,3.3,2.95457629501551,0.419131556897528,3.103569368915886,7.665339367694118e-06
0.0005145014492143199,3.3,2.958044625859195,0.4237756626189205,3.10357386959434,7.396098052211559e-06
0.0005145014523877077,3.3,2.961164305718329,0.4279897149218612,3.10357823726748,7.151887184558975e-06
0.0005145014557389345,3.3,2.964437170013089,0.4324447817196206,3.103583295390964,6.890831054299357e-06
0.00051450145938611,3.3,2.967977320052306,0.4372964106245822,3.103589572492379,6.598138217096677e-06
0.0005145014636416177,3.3,2.972086471275694,0.4429552398562616,3.103598301930933,6.237959881708749e-06
0.0005145014664756626,3.3,2.974815025051222,0.4467180063183891,3.10360518953571,5.982539110508528e-06
0.0005145014693416618,3.3,2.977572040903045,0.4505153281020676,3.103612991774538,5.712615322636255e-06
0.0005145014726800371,3.3,2.980784824299759,0.4549247861176598,3.103623164244341,5.383315059880461e-06
0.0005145014757363338,3.3,2.983731063488243,0.4589458072108053,3.103633453136593,5.069004556407381e-06
0.0005145014790955498,3.3,2.986978229756292,0.4633457130208246,3.103645710029703,4.712237364440514e-06
0.0005145014826621299,3.3,2.990439098157009,0.4679924463670983,3.103659718069557,4.322602457523944e-06
0.0005145014866438336,3.3,2.99432180906722,0.4731482174624813,3.103676428194448,3.877478293524833e-06
0.000514501491133993,3.3,2.998726924964485,0.47892032763484,3.103696489619996,3.365762979935655e-06
0.0005145014963210387,3.3,3.003852675502837,0.485531228401831,3.10372110388605,2.765443553002373e-06
0.0005145015024564422,3.3,3.009967004323848,0.4932698002755933,3.103752011682734,2.046995578751792e-06
0.0005145015098204297,3.3,3.017375912461856,0.5024390771238494,3.103791419921002,1.178174141362037e-06
0.0005145015170809693,3.3,3.024748374968728,0.5113487029062775,3.103832550571444,3.186776786313905e-07
0.0005145015237210212,3.3,3.031540074015399,0.5193795925431611,3.103871934599773,-4.656447459759627e-07
0.0005145015300934413,3.3,3.038092009454266,0.5269781258893192,3.103911169272311,-1.213928945059534e-06
0.0005145015363973318,3.3,3.044595597748321,0.5343871840682768,3.103951276134216,-1.948289098013672e-06
0.0005145015431554859,3.3,3.051579401014251,0.5422076693332848,3.103995584101682,-2.72703958086859e-06
0.0005145015494245957,3.3,3.058056707802605,0.5493458535174215,3.104037861321419,-3.441145712376054e-06
0.0005145015559017076,3.3,3.064734939331062,0.5566001554458324,3.104082585721762,-4.168116931474314e-06
0.0005145015620591778,3.3,3.071059147014223,0.5633801208294941,3.104126057584442,-4.848850056081572e-06
0.0005145015684379655,3.3,3.077573764128757,0.5702816689045054,3.104171959652232,-5.541632698978643e-06
0.0005145015746248885,3.3,3.083845996972938,0.5768548149986628,3.104217266892494,-6.20086945619755e-06
0.0005145015810285119,3.3,3.090278964847902,0.5835309405956538,3.104264869236998,-6.868487150605146e-06
0.0005145015873244575,3.3,3.096535499396866,0.5899670915591283,3.104312283080099,-7.509127564390012e-06
0.0005145015938362137,3.3,3.102925480818932,0.5964893859032236,3.104361845727545,-8.153757929850596e-06
0.0005145016003061955,3.3,3.1091839668478,0.6028336397398035,3.10441149448,-8.774512319234956e-06
0.0005145016069973841,3.3,3.115552812004768,0.6092516411336067,3.104463134525695,-9.394161126895367e-06
0.0005145016137022708,3.3,3.121821139824294,0.6155369712888975,3.104515027146152,-9.99031269143566e-06
0.0005145016206402017,3.3,3.128180174356841,0.6218878864125887,3.104568733259145,-1.057943515073143e-05
0.0005145016276419867,3.3,3.134459975758593,0.6281410564763319,3.104622769434347,-1.114325993245666e-05
0.000514501634895516,3.3,3.140813551725003,0.634455769934875,3.104678421184395,-1.169335140379965e-05
0.0005145016422614274,3.3,3.147102113449867,0.6407012386486881,3.10473441140744,-1.22146682952505e-05
0.0005145016499053657,3.3,3.153449507341266,0.6470083092526562,3.104791807652581,-1.271497370133198e-05
0.0005145016577116614,3.3,3.159740703629671,0.6532710719599523,3.104849504735264,-1.318187745482299e-05
0.0005145016658310765,3.3,3.166077103277748,0.6595997695944211,3.10490840216101,-1.36202460439315e-05
0.0005145016741672835,3.3,3.172361783043906,0.6659077644331582,3.104967542241898,-1.40199716386534e-05
0.0005145016828624543,3.3,3.1786787217566,0.6722907044262068,3.105027699987514,-1.438376186413501e-05
0.0005145016918367096,3.3,3.184944727877905,0.6786771251491351,3.105088046629997,-1.470353369116148e-05
0.0005145017009672841,3.3,3.191058391961964,0.6849748571092296,3.105147573111886,-1.497315149289954e-05
0.0005145017100334856,3.3,3.196872145367028,0.6910387529304205,3.105204780781918,-1.518795080433941e-05
0.000514501719235416,3.3,3.202516542238572,0.697010634435022,3.105260931328873,-1.535572044841879e-05
0.0005145017285621132,3.3,3.207980191638293,0.7028858392863248,3.105315876558359,-1.54772513614497e-05
0.0005145017380808356,3.3,3.213296609931447,0.7087080464560858,3.105369956183701,-1.555489292465503e-05
0.0005145017478301655,3.3,3.218478270143551,0.7144997688058302,3.105423304710033,-1.558984751868317e-05
0.0005145017578598162,3.3,3.223540154580044,0.7202877699659319,3.105476091796196,-1.558293166464261e-05
0.0005145017682143819,3.3,3.228490873286233,0.7260933514919692,3.105528438660382,-1.553471309760121e-05
0.0005145017789498145,3.3,3.233340731757506,0.731941813480955,3.105580481975588,-1.544515384063069e-05
0.0005145017901205479,3.3,3.238095159365566,0.7378550508881849,3.105632324064594,-1.531409450288387e-05
0.0005145018017958709,3.3,3.242761486590676,0.743860168594126,3.105684080798656,-1.514064066279283e-05
0.000514501814050509,3.3,3.247343967836804,0.74998397125621,3.105735848817056,-1.49236874976709e-05
0.0005145018269792812,3.3,3.251848394410942,0.7562598141856408,3.105787730790655,-1.4661173674103e-05
0.0005145018406947463,3.3,3.256279345123371,0.7627253733323323,3.105839824989498,-1.435049318386214e-05
0.0005145018553957219,3.3,3.260658171649339,0.7694526113828161,3.105892415274961,-1.398624998827466e-05
0.0005145018714824323,3.3,3.265043090210584,0.7765926154279711,3.105946257679644,-1.355693661124854e-05
0.0005145018891986337,3.3,3.269420783645689,0.7842106602539446,3.106001205386923,-1.305331595757062e-05
0.0005145019090281992,3.3,3.273811156189538,0.7924598275945963,3.106057485112312,-1.245912858148665e-05
0.0005145019295381006,3.3,3.277842172261306,0.8007118152529717,3.106109994117986,-1.181670335659399e-05
0.0005145019508621603,3.3,3.281542781378535,0.8090176695904093,3.10615866933706,-1.112694641440024e-05
0.0005145019726898601,3.3,3.284871148004395,0.8172573609449336,3.106202293228679,-1.040183291784666e-05
0.0005145019954588985,3.3,3.287905926908553,0.8255954420533645,3.106241270138042,-9.630668190357822e-06
0.0005145020189157969,3.3,3.29062242551294,0.8339354937656144,3.106274478339478,-8.823142889525655e-06
0.0005145020434032645,3.3,3.293070995501605,0.8423952304254452,3.106301731158665,-7.97006688649668e-06
0.0005145020687247115,3.3,3.295241830470049,0.8509008067152053,3.106321958760195,-7.078990318035577e-06
0.0005145020951972256,3.3,3.297172976432075,0.8595519560594841,3.106334526229584,-6.140456122359778e-06
0.0005145021226927436,3.3,3.298864993795898,0.8682979891141498,3.106338295883354,-5.159404886963953e-06
0.0005145021515178254,3.3,3.30034962122398,0.8772262557154089,3.106332146627294,-4.126264934388585e-06
0.0005145021816605024,3.3,3.301639145177368,0.8863198759969645,3.106314647975664,-3.041558722621657e-06
0.0005145022133826787,3.3,3.3027438285337,0.895641959637711,3.106283938053276,-1.894784385761822e-06
0.0005145022451138009,3.3,3.303633555600058,0.9047307116040239,3.10624072711614,-7.455326329940115e-07
0.000514502281313115,3.3,3.304433961582203,0.914831688458695,3.106176090615296,5.691303448464302e-07
0.0005145023178829501,3.3,3.30505320521776,0.9247658960683689,3.106094228538465,1.899651365317029e-06
0.0005145023585693286,3.3,3.305564637706127,0.9355206650868371,3.105983592760796,3.382026594888204e-06
0.000514502400625472,3.3,3.30593811578182,0.9463285727643517,3.10584758649192,4.915957762982176e-06
0.0005145024476093515,3.3,3.306212264061947,0.9580543064996994,3.105669695206802,6.629846712108561e-06
0.0005145024964233763,3.3,3.306375713496895,0.9698695257268292,3.105455913745562,8.409937198447099e-06
0.0005145025495360203,3.3,3.306450346122706,0.9823236253880993,3.105189953616739,1.034342038508732e-05
0.0005145026042673626,3.3,3.306445784707055,0.9947418602380262,3.104879679615244,1.233068430521192e-05
0.0005145026636987624,3.3,3.30637553832648,1.007772437642245,3.104501478479452,1.447903346607396e-05
0.0005145027249324885,3.3,3.30625466036537,1.020726229785297,3.104067210640807,1.6679694918217e-05
0.0005145027908689635,3.3,3.306089031265888,1.034163050455306,3.103549584651665,1.903017308535829e-05
0.00051450285837876,3.3,3.305896075858601,1.047393708113495,3.102966551404152,2.141278699533081e-05
0.0005145029301019934,3.3,3.305677078509512,1.060890601742134,3.102289283737544,2.391232001784607e-05
0.000514503002920099,3.3,3.305448327601898,1.074027729316007,3.101541767149505,2.64127217090894e-05
0.0005145030792060352,3.3,3.305208042124266,1.087204191895101,3.100695275479052,2.898670630444036e-05
0.0005145031561233804,3.3,3.304969158109883,1.099907070681662,3.099777577546713,3.153127512730683e-05
0.0005145032358337705,3.3,3.304728058306154,1.112479787093785,3.098760285625692,3.410999352397318e-05
0.000514503315060265,3.3,3.304496531612348,1.124404631080914,3.097684106557825,3.661150496315449e-05
0.0005145033953886613,3.3,3.304271060074282,1.135938562863211,3.096528690237634,3.908188286344219e-05
0.0005145034758280197,3.3,3.304055014592802,1.146950876298229,3.095308787226366,4.148746425029506e-05
0.0005145035581070238,3.3,3.303844309782494,1.15768315046132,3.093998007829103,4.387536180909271e-05
0.0005145036413105684,3.3,3.303641649427799,1.168013592147674,3.092609908902604,4.621460112869249e-05
0.0005145037267520455,3.3,3.303444257252979,1.17810056884545,3.091121343191552,4.853673946297113e-05
0.0005145038136356639,3.3,3.303254237378958,1.187841861395188,3.089544503196002,5.081512284017001e-05
0.000514503903064846,3.3,3.303069541261471,1.197352003345626,3.087857616572768,5.307293329295596e-05
0.0005145039943860867,3.3,3.302891744822225,1.206549960021888,3.086070960963829,5.528823024244636e-05
0.0005145040880853971,3.3,3.302720164978524,1.215476487954076,3.084173428153035,5.746746873475664e-05
0.0005145041830951043,3.3,3.302556721783672,1.224027768891563,3.082185812954004,5.958227771543881e-05
0.0005145042803924416,3.3,3.302399773578497,1.232291915305815,3.080087177992552,6.165101142333276e-05
0.0005145043792806836,3.3,3.302250348635425,1.240208803054113,3.077891936841466,6.365588758520238e-05
0.0005145044806449204,3.3,3.30210714321706,1.247848476981409,3.075579889199929,6.561168378075869e-05
0.0005145045838711696,3.3,3.301970921859077,1.255163082983465,3.073164410910792,6.75037708705907e-05
0.0005145046897555238,3.3,3.301840662044024,1.262207784142787,3.070626331641872,6.93438482116128e-05
0.0005145047977728424,3.3,3.30171689936686,1.268945865424333,3.067977654116669,7.11202416617275e-05
0.0005145049086567198,3.3,3.301598818332309,1.275421617608083,3.065199888533838,7.284239568092224e-05
0.0005145050219582902,3.3,3.301486782381485,1.281606967284955,3.062303757102346,7.450101971852154e-05
0.0005145051383631591,3.3,3.301380137623595,1.287537780226108,3.059271295891022,7.610379572727047e-05
0.0005145052574889251,3.3,3.301279117541485,1.293192741159106,3.056112027308563,7.764336902486583e-05
0.0005145053799869347,3.3,3.301183195710828,1.298601231104169,3.0528083225998,7.912606522822677e-05
0.0005145055055343232,3.3,3.301092506035841,1.303747282103444,3.049368551845105,8.054611895771294e-05
0.0005145056347612205,3.3,3.301006615524046,1.308655299326548,3.045775200115163,8.190882482729825e-05
0.0005145057673997755,3.3,3.300925585213763,1.313313585707143,3.042035497871579,8.320973252946465e-05
0.0005145059040698099,3.3,3.300849062836706,1.317742677013077,3.038131842382522,8.445334608849456e-05
0.000514506044557357,3.3,3.300777050528317,1.321934362089601,3.034070265122065,8.563632456207407e-05
0.000514506189484422,3.3,3.300709257108881,1.325906208362397,3.029832797710121,8.676258197139922e-05
0.0005145063386901071,3.3,3.30064564076891,1.329652815049781,3.025424219286456,8.782970242775426e-05
0.0005145064928114963,3.3,3.300585959134384,1.333189470248545,3.020825879984858,8.884116397221212e-05
0.0005145066517435168,3.3,3.300530136786828,1.336513085192977,3.016041162502872,8.979533456705005e-05
0.0005145068161524907,3.3,3.300477970645667,1.339637192256339,3.011050360900888,9.069537241933281e-05
0.0005145069859948247,3.3,3.300429359532385,1.342560615226829,3.005855240141839,9.154031149761002e-05
0.0005145071619826876,3.3,3.300384132211661,1.345295532372925,3.00043457380918,9.23330777636834e-05
0.0005145073441434192,3.3,3.300342167718369,1.347842357308515,2.994788180854084,9.30732718629236e-05
0.0005145075332554975,3.3,3.300303320794419,1.350212221170694,2.988892721119594,9.376365234130893e-05
0.000514507729431705,3.3,3.300267455264906,1.352406861654071,2.982745592580304,9.440430113155776e-05
0.0005145079335431036,3.3,3.300234447172732,1.354436595311146,2.976320563111815,9.499785586961087e-05
0.0005145081458095279,3.3,3.300204148654314,1.356304261176871,2.969611925590264,9.554480510843525e-05
0.0005145083672296576,3.3,3.30017645331826,1.358019535190878,2.962589506851345,9.604769740024458e-05
0.0005145085981623304,3.3,3.300151204342778,1.359586167339799,2.955243504180943,9.650736150377162e-05
0.0005145088397822632,3.3,3.300128309934256,1.361013320990199,2.947538347670344,9.692627707036286e-05
0.0005145090926349169,3.3,3.300107606428279,1.362305491366357,2.939458683913156,9.730555312437508e-05
0.0005145093581403132,3.3,3.300089014239704,1.363471420995055,2.93096146459371,9.76476113028503e-05
0.0005145096371027804,3.3,3.300072364636829,1.364516203517771,2.922023601955814,9.795378604473007e-05
0.0005145099312903742,3.3,3.300057588297876,1.365448223652314,2.912591491651267,9.82264444024529e-05
0.0005145102418788334,3.3,3.300044512839618,1.366273041174281,2.902630940079894,9.846709530794931e-05
0.0005145105711426034,3.3,3.300033077787825,1.366998722786023,2.892073066123722,9.867804835936758e-05
0.0005145109208101388,3.3,3.300023108409516,1.36763117273132,2.880867182926856,9.886093869681991e-05
0.0005145112939174467,3.3,3.300014552043605,1.36817815925133,2.868921573513014,9.90180071174364e-05
0.0005145116930578789,3.3,3.300007232582363,1.368645825941391,2.856159837950238,9.915097739361293e-05
0.0005145121224282419,3.3,3.300001105016915,1.369041616300627,2.842455770793291,9.926199633300561e-05
0.0005145125860637521,3.3,3.299996006558031,1.369371828569726,2.827690307987766,9.935282117370284e-05
0.0005145130901503639,3.3,3.299991869919324,1.369643607877707,2.811678502448316,9.942550698163536e-05
0.0005145136410564792,3.3,3.299988534338644,1.369863199034528,2.794233261963766,9.948176761282915e-05
0.000514514248497179,3.3,3.29998597499463,1.370037444432624,2.775066539758542,9.952352419766789e-05
0.0005145149234116064,3.3,3.299984016052586,1.370172491710252,2.753859079832814,9.955240497772869e-05
0.0005145156821738968,3.3,3.299982642149112,1.370274776091232,2.730131766709999,9.957012954793135e-05
0.0005145165449852117,3.3,3.299981685991514,1.370350222533127,2.703303143601401,9.957815892086677e-05
0.0005145175426869753,3.3,3.299981147332107,1.370404882950882,2.672489510718776,9.95779735676762e-05
0.0005145187169210101,3.3,3.29998087902792,1.37044451253812,2.636525623116337,9.957090151941364e-05
0.0005145201335047623,3.3,3.299980919541945,1.370475295422927,2.59361045570677,9.955861820925797e-05
0.0005145216052563909,3.3,3.299981140381321,1.370499943781038,2.549647221264741,9.954623841059621e-05
0.00051452281520796,3.3,3.299981496375938,1.37052012457445,2.51407445329823,9.95393351077957e-05
0.00051452382771725,3.3,3.299981861356013,1.37053945782502,2.484796847057599,9.953763916849559e-05
0.0005145247349291704,3.3,3.29998232824807,1.370560232556343,2.459034870513677,9.954084416945355e-05
0.0005145255803438178,3.3,3.299982830985833,1.370583786850143,2.435520778032055,9.954908748980877e-05
0.0005145263792194797,3.3,3.299983460440863,1.370610965763717,2.413834150355591,9.956287216495233e-05
0.0005145271395769422,3.3,3.299984139959565,1.370642367051321,2.393773264220278,9.958242314365499e-05
0.0005145278694467954,3.3,3.299984954126325,1.370678617550717,2.375149409379821,9.960813567176167e-05
0.000514528577450903,3.3,3.299985823731002,1.370720355716126,2.357775931528505,9.964019833152441e-05
0.0005145293445551372,3.3,3.299986938442633,1.370773735223882,2.339841987740071,9.968346925824171e-05
0.0005145300396072712,3.3,3.299988016196759,1.370829880020873,2.324492717339969,9.973035658879317e-05
0.0005145307671885241,3.3,3.299989269221737,1.370896712966047,2.309443653706384,9.978690774181578e-05
0.0005145314569038711,3.3,3.299990465545239,1.370967325581867,2.296214358435382,9.984665914629778e-05
0.0005145321994166424,3.3,3.299991807824143,1.371050355910117,2.283163085507151,9.991636774323701e-05
0.0005145329502372446,3.3,3.299993087250643,1.371140181669976,2.271254376142633,9.999042399668659e-05
0.000514533810226601,3.3,3.299994499955845,1.371247732391535,2.259205279912594,0.0001000771853872918
0.000514534815171031,3.3,3.299995905056961,1.371375297271495,2.247200036701761,0.0001001766674661687
0.0005145355893978337,3.3,3.299996833826171,1.371471788574183,2.239377754452534,0.0001002491551347475
0.0005145363104721127,3.3,3.299997534504533,1.371558086493071,2.233110275947692,0.0001003127117851078
0.0005145370356483362,3.3,3.299998140734338,1.37163996591206,2.227700301036036,0.0001003710337368914
0.0005145378243427828,3.3,3.29999863168825,1.371722229140295,2.222718087389105,0.0001004286637422992
0.0005145385657336532,3.3,3.299999015900629,1.371792437016765,2.218785839883531,0.0001004761820896717
0.000514539347295993,3.3,3.299999290998818,1.371858661626357,2.21531781947303,0.0001005206207469235
0.0005145400995562691,3.3,3.299999516887599,1.37191492292791,2.212542223194099,0.0001005570913561939
0.0005145408915308293,3.3,3.299999656645207,1.37196655363415,2.210122538058884,0.0001005905671431896
0.0005145416772089539,3.3,3.299999786096402,1.372010623259829,2.208149937232212,0.0001006181282138598
0.0005145425147554793,3.3,3.299999847228956,1.372050488358477,2.206435061157139,0.0001006432945301262
0.0005145433663215045,3.3,3.299999920320396,1.372084374319829,2.205028854923752,0.0001006638514125625
0.0005145442819263539,3.3,3.299999936536877,1.372114337282267,2.203823157754464,0.0001006823968970706
0.0005145452314153389,3.3,3.299999977815795,1.372139441959368,2.202840840577113,0.000100697223440246
0.0005145462616118833,3.3,3.299999970296878,1.372161005603193,2.202016530051452,0.0001007104049586473
0.000514547350128989,3.3,3.29999999545108,1.372178650001179,2.201356299816938,0.0001007205638904941
0.0005145485445429914,3.3,3.299999977116229,1.372193250765214,2.20081906057659,0.0001007294570656859
0.0005145498316084299,3.3,3.299999995743942,1.372204778613608,2.200401554152914,0.0001007359103511475
0.0005145512651411919,3.3,3.299999973811906,1.372213848916038,2.200076626621556,0.0001007414886357551
0.0005145528455272084,3.3,3.299999991057011,1.3722206355774,2.199836278840355,0.0001007451356748347
0.0005145546430014359,3.3,3.299999968993369,1.372225598728225,2.199661459842079,0.0001007482983267706
0.0005145566837362168,3.3,3.299999986968214,1.37222901086627,2.199542331627365,0.0001007499788588574
0.0005145590783037651,3.3,3.299999965839984,1.37223122935774,2.199464823768763,0.0001007515460913523
0.000514561914365071,3.3,3.299999984860882,1.372232546918518,2.199419263456707,0.000100752017182394
0.0005145654141377755,3.3,3.299999964578114,1.372233232658194,2.199395253052643,0.0001007526986632391
0.0005145698557920902,3.3,3.299999984171086,1.37223353527362,2.199384979503021,0.0001007525864448268
0.0005145758638573138,3.3,3.299999964261946,1.372233621390827,2.199381775223854,0.0001007529218656024
0.0005145845820058429,3.3,3.299999984146784,1.372233639965404,2.199381352660921,0.0001007526469996235
0.000514594582005843,3.3,3.299999964265493,1.372233633052075,2.199381372605765,0.0001007529283320031
0.000514604582005843,3.3,3.299999984160413,1.372233639125594,2.199381381916337,0.0001007526467380905
0.0005146145820058431,3.3,3.299999964263105,1.372233633171464,2.19938136860965,0.0001007529281781884
0.0005146245820058431,3.3,3.299999984163421,1.372233639103758,2.199381382466551,0.0001007526469485177
0.0005146345820058432,3.3,3.299999964259876,1.372233633174415,2.199381368542883,0.0001007529279584708
0.0005146445820058432,3.3,3.299999984168177,1.372233639101828,2.199381382466571,0.0001007526471689636
0.0005146545820058433,3.3,3.299999964254473,1.372233633173605,2.199381368552649,0.0001007529277373144
0.0005146645820058433,3.3,3.299999984170222,1.372233639102153,2.199381382455853,0.0001007526473898003
0.0005146745820058434,3.3,3.299999964252307,1.372233633174849,2.199381368563333,0.0001007529275170817
0.0005146845820058434,3.3,3.29999998417216,1.37223363910282,2.199381382444701,0.0001007526476104061
0.0005146945820058435,3.3,3.299999964248652,1.372233633174428,2.199381368574263,0.0001007529272967246
0.0005147045820058435,3.3,3.299999984175956,1.372233639102604,2.199381382433879,0.0001007526478303901
0.0005147145820058436,3.3,3.299999964246722,1.372233633174331,2.199381368585223,0.0001007529270767583
0.0005147245820058436,3.3,3.299999984179494,1.372233639103072,2.19938138242291,0.0001007526480503031
0.0005147345820058437,3.3,3.299999964243167,1.372233633175727,2.199381368595869,0.0001007529268575559
0.0005147445820058437,3.3,3.29999998418124,1.372233639104068,2.199381382411772,0.0001007526482699674
0.0005147545820058438,3.3,3.299999964243383,1.372233633174143,2.199381368606883,0.0001007529266378739
0.0005147645820058438,3.3,3.299999984185235,1.372233639102951,2.199381382401229,0.0001007526484887435
0.0005147745820058439,3.3,3.299999964238526,1.372233633174076,2.199381368617845,0.0001007529264189556
0.0005147845820058439,3.3,3.299999984186296,1.372233639103215,2.199381382390322,0.0001007526487076084
0.000514794582005844,3.3,3.299999964237148,1.372233633173665,2.199381368628702,0.0001007529262002684
0.000514804582005844,3.3,3.299999984188005,1.372233639104363,2.1993813823794,0.0001007526489262602
0.0005148145820058441,3.3,3.29999996423482,1.372233633174727,2.199381368639284,0.0001007529259822738
0.0005148245820058441,3.3,3.299999984189859,1.372233639104048,2.199381382368526,0.000100752649144308
0.0005148345820058442,3.3,3.299999964232652,1.372233633174503,2.199381368650164,0.0001007529257642971
0.0005148445820058442,3.3,3.299999984193652,1.372233639103289,2.199381382357813,0.0001007526493619294
0.0005148545820058443,3.3,3.299999964231749,1.372233633172287,2.199381368661299,0.0001007529255461249
0.0005148645820058443,3.3,3.299999984193592,1.37223363910324,2.199381382347252,0.00010075264957932
0.0005148745820058444,3.3,3.299999964230699,1.372233633172817,2.199381368671998,0.0001007529253289831
0.0005148845820058444,3.3,3.299999984193929,1.372233639103493,2.199381382336401,0.0001007526497964796
0.0005148945820058445,3.3,3.299999964228304,1.372233633173732,2.199381368682612,0.0001007529251122676
0.0005149045820058445,3.3,3.299999984195377,1.372233639105169,2.199381382325326,0.0001007526500137458
0.0005149145820058446,3.3,3.299999964226755,1.372233633174243,2.199381368693131,0.0001007529248958007
0.0005149245820058446,3.3,3.299999984197813,1.372233639104202,2.199381382314666,0.000100752650229964
0.0005149345820058447,3.3,3.299999964223736,1.372233633172688,2.199381368704178,0.0001007529246790674
0.0005149445820058447,3.3,3.299999984200434,1.372233639103958,2.199381382304161,0.0001007526504460045
0.0005149545820058448,3.3,3.299999964224911,1.372233633173092,2.199381368714836,0.0001007529244632578
0.0005149645820058448,3.3,3.299999984200809,1.372233639104738,2.199381382293275,0.0001007526506620272
0.0005149745820058449,3.3,3.299999964223717,1.372233633172583,2.199381368725549,0.0001007529242473949
0.0005149845820058449,3.3,3.29999998420221,1.372233639104262,2.19938138228274,0.0001007526508773927
0.000514994582005845,3.3,3.299999964221658,1.372233633172438,2.199381368736293,0.0001007529240320472
0.000515004582005845,3.3,3.299999984204268,1.372233639104119,2.199381382272081,0.0001007526510925273
0.000515014582005845,3.3,3.299999964218266,1.372233633171893,2.19938136874703,0.0001007529238168948
0.0005150245820058451,3.3,3.299999984204327,1.372233639105938,2.199381382261242,0.0001007526513078573
0.0005150345820058451,3.3,3.299999964218485,1.372233633173394,2.199381368757308,0.0001007529236025952
0.0005150445820058452,3.3,3.299999984203809,1.372233639105032,2.199381382250588,0.0001007526515221392
0.0005150545820058452,3.3,3.299999964217637,1.372233633172263,2.199381368768213,0.0001007529233879047
0.0005150645820058453,3.3,3.299999984205931,1.372233639105685,2.199381382239979,0.0001007526517365455
0.0005150745820058453,3.3,3.299999964216575,1.372233633174182,2.199381368778496,0.0001007529231743688
0.0005150845820058454,3.3,3.299999984206381,1.372233639104788,2.199381382229271,0.000100752651950259
0.0005150945820058454,3.3,3.299999964215965,1.3722336331722,2.199381368789459,0.0001007529229600691
0.0005151045820058455,3.3,3.299999984207698,1.372233639105357,2.199381382218783,0.000100752652164008
0.0005151145820058455,3.3,3.299999964215477,1.372233633172388,2.199381368799942,0.0001007529227467109
0.0005151245820058456,3.3,3.299999984207602,1.372233639105269,2.19938138220822,0.0001007526523772241
0.0005151345820058456,3.3,3.299999964214363,1.372233633172973,2.199381368810483,0.0001007529225336724
0.0005151445820058457,3.3,3.299999984208905,1.372233639104984,2.199381382197634,0.000100752652590156
0.0005151545820058457,3.3,3.299999964214428,1.372233633171825,2.199381368821201,0.0001007529223205984
0.0005151645820058458,3.3,3.299999984210963,1.372233639104409,2.199381382187254,0.0001007526528026438
0.0005151745820058458,3.3,3.299999964211949,1.372233633171287,2.199381368831868,0.000100752922107933
0.0005151845820058459,3.3,3.299999984211484,1.372233639104482,2.199381382176773,0.0001007526530149895
0.0005151945820058459,3.3,3.299999964212009,1.372233633171428,2.199381368842369,0.0001007529218957827
0.000515204582005846,3.3,3.299999984212466,1.372233639105958,2.199381382166036,0.0001007526532274418
0.000515214582005846,3.3,3.299999964212891,1.372233633172281,2.199381368852616,0.0001007529216841475
0.0005152245820058461,3.3,3.299999984210358,1.372233639105001,2.199381382155589,0.0001007526534388993
0.0005152345820058461,3.3,3.299999964211383,1.372233633171886,2.199381368863276,0.0001007529214724591
0.0005152445820058462,3.3,3.299999984213524,1.372233639104631,2.19938138214519,0.0001007526536501792
0.0005152545820058462,3.3,3.299999964208435,1.372233633172442,2.199381368873727,0.0001007529212613568
0.0005152645820058463,3.3,3.299999984212957,1.372233639105582,2.199381382134495,0.0001007526538616012
0.0005152745820058463,3.3,3.299999964208852,1.372233633170761,2.199381368884307,0.0001007529210499704
0.0005152845820058464,3.3,3.299999984213718,1.372233639104868,2.199381382124331,0.0001007526540721705
0.0005152945820058464,3.3,3.29999996420925,1.372233633171882,2.199381368894686,0.0001007529208395964
0.0005153045820058465,3.3,3.299999984213837,1.372233639105923,2.199381382113634,0.0001007526542829353
0.0005153145820058465,3.3,3.299999964209784,1.372233633172495,2.199381368904943,0.0001007529206294179
0.0005153245820058466,3.3,3.299999984214049,1.372233639105081,2.199381382103251,0.0001007526544929184
0.0005153345820058466,3.3,3.29999996420841,1.37223363317115,2.199381368915629,0.000100752920419044
0.0005153445820058467,3.3,3.299999984216049,1.372233639105962,2.199381382092838,0.0001007526547030437
0.0005153545820058467,3.3,3.299999964207069,1.372233633171486,2.199381368925871,0.0001007529202094161
0.0005153645820058468,3.3,3.299999984214176,1.372233639105513,2.199381382082493,0.0001007526549124584
0.0005153745820058468,3.3,3.299999964206662,1.37223363317152,2.199381368936332,0.0001007529200000014
0.0005153845820058469,3.3,3.299999984216857,1.372233639104778,2.199381382072181,0.0001007526551215711
0.0005153945820058469,3.3,3.299999964207101,1.372233633169968,2.199381368946971,0.0001007529197904623
0.000515404582005847,3.3,3.299999984216762,1.372233639105717,2.199381382061846,0.0001007526553307549
0.000515414582005847,3.3,3.299999964206535,1.372233633172256,2.199381368956919,0.0001007529195822911
0.0005154245820058471,3.3,3.299999984217257,1.372233639105626,2.199381382051264,0.0001007526555394413
0.0005154345820058471,3.3,3.299999964205179,1.372233633170963,2.19938136896746,0.000100752919373427
0.0005154445820058472,3.3,3.29999998421905,1.372233639105023,2.199381382041149,0.0001007526557475948
0.0005154545820058472,3.3,3.299999964204974,1.372233633170997,2.199381368977857,0.000100752919165238
0.0005154645820058473,3.3,3.299999984218142,1.372233639106317,2.199381382030641,0.0001007526559559969
0.0005154745820058473,3.3,3.299999964206159,1.372233633171219,2.199381368987999,0.0001007529189574043
0.0005154845820058474,3.3,3.299999984218185,1.372233639105237,2.199381382020461,0.0001007526561634754
0.0005154922910029238,3.3,3.299999964206151,1.372233633167157,2.199381369000419,0.0001007529187178981
0.0005155000000000001,3.299999999642214,3.299999984221508,1.372233639103891,2.199381382007716,0.0001007526564320251
0.0005155000002450216,3.299191428853777,3.299996810045946,1.372233201386201,2.199381279811422,0.0001007546984226372
0.0005155000007350645,3.297574287276904,3.299988492401358,1.372232153980395,2.199381036658642,0.0001007595526916773
0.0005155000012272274,3.295950149538569,3.299979229301029,1.372231222419994,2.199380769950863,0.0001007648676800733
0.0005155000018492678,3.293897416229748,3.299968745818807,1.37223057850106,2.199380454453322,0.000100771138515018
0.0005155000028302769,3.29066008616432,3.299952312430618,1.372229933749712,2.199380075496126,0.0001007786280863633
0.0005155000040877342,3.286510477252692,3.299932521789612,1.372229340538281,2.199379839925305,0.0001007831933981719
0.0005155000061547856,3.279689207661959,3.299902072913166,1.372228479339987,2.199379764345274,0.0001007844401104165
0.0005155000092689793,3.269412368484297,3.299861146593364,1.37222733928264,2.199379921678296,0.0001007809093451186
0.0005155000140102904,3.253766041574671,3.29980841198933,1.372225878437991,2.199380216804552,0.000100774519795518
0.0005155000225795163,3.225487596299592,3.299736609707072,1.372223922802022,2.199380640088466,0.0001007654489709288
0.0005155000315296149,3.195952270975276,3.29968596376679,1.372222577012977,2.199380934933735,0.0001007592044772244
0.0005155000432110209,3.157403630979653,3.299644602404498,1.37222153193241,2.199381189262021,0.000100753942868458
0.0005155000549456313,3.118679416812947,3.29962131714713,1.372220995462551,2.199381335468435,0.0001007510411313141
0.0005155000695910901,3.070349402831966,3.299607051307595,1.372220741431076,2.199381443289853,0.0001007490600619788
0.0005155000858454514,3.016710010360824,3.299601742007081,1.372220740117821,2.199381497460407,0.0001007482635786906
0.0005155001062574129,2.949350537381993,3.299602275170372,1.372220925289611,2.199381531802516,0.0001007479807000457
0.0005155001307550282,2.868508406867379,3.299606637351178,1.372221222295034,2.199381542577984,0.0001007482478912038
0.0005155001629399327,2.762298222081357,3.299612947392951,1.372221600198879,2.199381553923079,0.0001007486087577582
0.0005155001881142016,2.679223134648451,3.299616858327471,1.37222184678765,2.199381557775846,0.0001007489514314698
0.0005155001984860363,2.644996080190102,3.299618192880099,1.372221941250559,2.199381564709145,0.0001007489769880222
0.0005155002091667065,2.60974986847969,3.299619508605562,1.372222034851602,2.19938156767027,0.0001007490834898873
0.0005155002171543873,2.583390522101304,3.299620612414353,1.372222113820608,2.199381576562257,0.0001007490284307834
0.0005155002240662414,2.560581403510396,3.299621768557643,1.372222188554371,2.199381581280868,0.0001007490407008972
0.0005155002311487272,2.537209200184408,3.299623363804817,1.372222285832327,2.199381594330354,0.0001007488907940547
0.0005155002380742007,2.514355137857268,3.299625566106743,1.372222404824862,2.199381606263957,0.0001007487644882978
0.0005155002456405476,2.489386192879644,3.299629139431895,1.37222258537579,2.19938163076348,0.0001007484046192032
0.0005155002546409549,2.459684848794093,3.299635841238759,1.372222893977444,2.199381666473554,0.0001007478616326053
0.0005155002604803413,2.440414873758172,3.299642124371546,1.372223171714979,2.199381701420753,0.0001007472870281524
0.0005155002673609994,2.417708701854894,3.299652201648245,1.372223597019865,2.199381747254133,0.0001007465354647009
0.0005155002746872541,2.393532061608197,3.299666776815499,1.372224193424878,2.199381810309004,0.000100745477206793
0.0005155002826089279,2.367390537929789,3.299687857037555,1.372225026178167,2.199381884767178,0.0001007442443914321
0.0005155002922450538,2.335591322520996,3.299721932243808,1.372226334012074,2.19938198892855,0.0001007425308635702
0.0005155003020361945,2.303280558333614,3.299766842918718,1.372228008363935,2.199382095933662,0.0001007408343481088
0.0005155003165489653,2.255388414470394,3.299853014682231,1.372231135373075,2.199382254311034,0.0001007384444958283
0.000515500330991938,2.207726604750857,3.299961567685559,1.372234976504767,2.199382393705147,0.0001007365550631113
0.000515500356118081,2.124810332759214,3.300201244816103,1.372243268249519,2.19938260321348,0.0001007341423103937
0.0005155003792021931,2.048632762844282,3.300473210452635,1.372252476785882,2.199382739743803,0.0001007331940006785
0.0005155004034070356,1.968756782406261,3.300810489161587,1.372263787874376,2.199382881746795,0.0001007323026829567
0.0005155004268287804,1.891465024582744,3.301189735138334,1.372276369229385,2.199383000096011,0.0001007318731231023
0.0005155004477534086,1.822413751746182,3.301577009759918,1.372289165104586,2.19938312099751,0.0001007312222826896
0.0005155004672434656,1.758096563550774,3.301984965546135,1.372302575824242,2.199383242581478,0.0001007304835633284
0.0005155004853330635,1.698400890635135,3.302411137564176,1.372316570327654,2.199383380236185,0.0001007293632171304
0.00051550050231458,1.642361885981896,3.302860540735534,1.372331299923283,2.199383536112455,0.0001007278629976972
0.0005155005179572761,1.590740988777486,3.303324774514448,1.372346525775828,2.199383715887302,0.0001007258636975407
0.0005155005325656507,1.542533352880733,3.303810462745171,1.37236246030984,2.199383925205273,0.0001007232994719266
0.0005155005460217932,1.498128082437666,3.304311091821435,1.372378915955804,2.199384167512775,0.0001007201018532945
0.0005155005585953719,1.456635272794429,3.30483425335427,1.372396144184893,2.199384449873496,0.000100716174525214
0.0005155005701853456,1.418388359703981,3.30537306975017,1.372413937220544,2.199384775391845,0.000100711451271195
0.0005155005810132986,1.382656114774697,3.305935214726317,1.372432555919516,2.199385151751852,0.0001007058200650802
0.0005155005909982273,1.349705850123023,3.306513562022844,1.372451778155106,2.199385582505465,0.0001006992009728371
0.0005155006003412352,1.31887392398373,3.307117009707059,1.372471910557144,2.199386076734155,0.0001006914562505869
0.0005155006090243163,1.290219756143618,3.307741922077466,1.372492840679491,2.199386639696576,0.0001006824806314412
0.0005155006173247673,1.262828268075423,3.308407607143118,1.372515221422262,2.199387286427672,0.0001006720564895892
0.0005155006254513187,1.236010648433957,3.309134430956777,1.372539725645917,2.199388032205309,0.0001006599710794766
0.0005155006341115826,1.207431777523993,3.310001267736422,1.372568971783746,2.199388919914955,0.0001006456973849836
0.0005155006427567017,1.178902884409367,3.310967780371735,1.372601497839425,2.19938983766484,0.0001006313200943189
0.0005155006504674962,1.153457262693306,3.311916400592231,1.372633285600329,2.199390621073236,0.0001006196073378297
0.0005155006594230289,1.123904004740951,3.313118945258864,1.372673394090334,2.199391465522862,0.0001006077379923766
0.0005155006681580646,1.09507838693724,3.314393840114806,1.372715713381993,2.199392211828834,0.000100598084449345
0.0005155006789471787,1.059474310512408,3.316101195861735,1.372772069978235,2.19939300564551,0.0001005891181475817
0.0005155006871507307,1.032402588597869,3.317490007305806,1.372817601703989,2.199393458304401,0.0001005855185051664
0.0005155006936529504,1.010945263716461,3.318634673767296,1.372854759260858,2.199393607470395,0.0001005868792582233
0.0005155006995278199,0.9915581943905492,3.319684910057899,1.37288834308423,2.199393415610824,0.0001005945256015685
0.0005155007054483025,0.9720206016883239,3.32072932794209,1.372920879685946,2.199392667422066,0.0001006130026190667
0.000515500712143223,0.9499273642278212,3.321833470103418,1.372953568210659,2.199390743180939,0.0001006546226691753
0.0005155007189077908,0.9276042903049602,3.322773745772385,1.372978532250183,2.199387195455485,0.0001007271448666315
0.0005155007251598445,0.9069725131917068,3.323385960329456,1.372990802912571,2.199382241930849,0.0001008254560408374
0.000515500731887057,0.8847727118198649,3.323656912298935,1.372988843630693,2.19937521099956,0.000100961996545358
0.0005155007382142914,0.863892838599155,3.323457960404257,1.372970076854492,2.19936726038104,0.0001011134173258234
0.0005155007453195845,0.8404453712593966,3.322620128393399,1.37292691252338,2.199357168662351,0.0001013017570517007
0.0005155007525462544,0.8165973606166919,3.321023509611011,1.372856802342676,2.199345940647723,0.000101506749238144
0.0005155007606809367,0.7897529091181774,3.318237318454528,1.372743585776252,2.199332374036406,0.000101748595508674
0.000515500768834479,0.762846219189109,3.314304215741393,1.372590911977556,2.199317911611406,0.0001020000503021769
0.0005155007775132383,0.7342063138008925,3.308757240298562,1.372381932238466,2.199301586502017,0.0001022769490078836
0.000515500785876836,0.7066064410885261,3.301982402404186,1.372132005181699,2.199284978150842,0.0001025518950250372
0.000515500789891132,0.6933592644583464,3.298222197476532,1.371995600545116,2.199277109887239,0.0001026785117415442
0.0005155007953864902,0.6752245824538673,3.292508457546512,1.37178906829803,2.199265955868465,0.0001028561004123708
0.0005155007990503059,0.6631339907426527,3.288312259594849,1.371637945356769,2.199257947057645,0.0001029836746483993
0.0005155008040332367,0.6466903189606206,3.282088059612064,1.371415350837347,2.199246808049758,0.0001031590487656543
0.0005155008111092809,0.6233393731746312,3.272179171158069,1.37106312249808,2.199230491936158,0.0001034119047364647
0.0005155008197978602,0.5946670612545302,3.25819943751821,1.370569979076407,2.199209471809011,0.0001037320144687327
0.0005155008276234339,0.5688426682728204,3.243791699472735,1.370064880820002,2.19918957697477,0.0001040297990985585
0.0005155008357622295,0.5419846427040533,3.226850767469958,1.369474127441627,2.199167759444824,0.0001043518414824653
0.0005155008431316708,0.517665486347767,3.209670056970038,1.36887736848386,2.199146831424702,0.0001046575653566641
0.0005155008497908497,0.4956901961407893,3.192527969691014,1.368283698607179,2.199126693829,0.0001049503211491255
0.0005155008549482581,0.4786707482132547,3.178119018384045,1.367785448346034,2.199110051826366,0.0001051924115238768
0.0005155008592671243,0.4644184900182403,3.165235858895351,1.367340323205835,2.199095198432278,0.0001054094869058487
0.0005155008630201149,0.4520336208790836,3.153392177419127,1.366931112669036,2.199081416688493,0.0001056124307216101
0.0005155008664218789,0.4408077996626516,3.142097742487332,1.366540693885289,2.199068018798664,0.0001058117380943315
0.0005155008695313647,0.4305464966575975,3.131272826830013,1.366166137490459,2.199054819108035,0.0001060104789368167
0.0005155008724630805,0.4208718343494919,3.120594258107173,1.365796161402192,2.199041361445183,0.0001062157140255095
0.0005155008752968569,0.4115203722319501,3.109802082165539,1.365421710586403,2.199027266009947,0.0001064334128203938
0.0005155008783339891,0.4014978360457088,3.097684213908784,1.365000781316047,2.199010931360628,0.0001066883780973917
0.0005155008812598284,0.3918425664932333,3.085440667422486,1.364575410497411,2.198994147867932,0.0001069518716580688
0.0005155008847491398,0.380327838585267,3.070090273474817,1.364043221944841,2.198973540741475,0.0001072737944372228
0.000515500887138998,0.3724413066305546,3.059113976076816,1.363664217994576,2.198959666485563,0.0001074868958345689
0.0005155008894646309,0.3647667182244878,3.048084413410183,1.363284723426752,2.198946735465797,0.0001076809472983732
0.0005155008920900305,0.3561028992785062,3.035236471983791,1.362844290489594,2.19893293469493,0.0001078819780265973
0.0005155008948953366,0.346845389448319,3.021061880572077,1.362360208290215,2.198919137012519,0.0001080755816740044
0.0005155008978524833,0.3370868050456806,3.005639685000021,1.361835286331098,2.198905545292798,0.0001082583784379522
0.0005155009012927158,0.3257340378820069,2.987101073154613,1.361206404276852,2.198890783820874,0.0001084474735365006
0.0005155009052834934,0.3125644719886735,2.964821921428175,1.360453265309713,2.198874910637074,0.0001086388084393554
0.0005155009102657233,0.2961231132977661,2.935892433567459,1.359479086923164,2.198856791616625,0.0001088398824472349
0.0005155009152954324,0.2795250730055746,2.905488336133959,1.358459390224688,2.198840294919167,0.0001090034104344041
0.0005155009192596137,0.2664432746984075,2.880715051363468,1.357631474127699,2.198828520926357,0.0001091057228814875
0.0005155009224592947,0.2558843274924053,2.860219539431986,1.356948406657433,2.19881977291045,0.0001091721880018283
0.0005155009254040879,0.2461665100238655,2.840974713500976,1.356308563052324,2.198812288581784,0.0001092214029837492
0.0005155009284487116,0.2361192518488453,2.820701229234076,1.355636111021082,2.198805072436351,0.0001092613730291737
0.000515500931674108,0.2254754437159651,2.798813204099214,1.354912018524625,2.198797944873768,0.0001092929939851074
0.0005155009354011017,0.2131763643180039,2.772997682840668,1.354060800315314,2.198790279416347,0.000109317809703743
0.0005155009379000501,0.2049298348822531,2.75537300642096,1.353481833666032,2.198785490184284,0.0001093273360481674
0.0005155009404780614,0.1964223973545004,2.736923888410125,1.352878154756679,2.198780911125286,0.0001093299274392336
0.0005155009436609467,0.1859188759621752,2.713770499206416,1.352125077408321,2.198775937978889,0.0001093196585211621
0.0005155009465935057,0.1762414311467723,2.692067025621125,1.351425499760131,2.198772318665527,0.0001092912621831167
0.0005155009494930703,0.1666728679850607,2.670252765573069,1.350730722954453,2.198770039773436,0.000109237761496729
0.0005155009520708639,0.1581661492508221,2.650555882626003,1.350113108057387,2.19876946289958,0.0001091619698666192
0.0005155009544218583,0.1504078677337213,2.632335275839341,1.349552410319416,2.1987705000004,0.0001090624868868807
0.0005155009566506047,0.143053004693624,2.614827807938489,1.349025561558734,2.198773172656324,0.0001089354764620366
0.0005155009587977475,0.1359674334038794,2.597737752970982,1.348524783155538,2.198777599072737,0.000108777390579803
0.0005155009610954245,0.128385099229409,2.579198230501428,1.347998756568006,2.198784595878915,0.000108564824074623
0.0005155009632346083,0.1213257927047663,2.56169931486561,1.347520415226302,2.198793355560875,0.0001083240535429687
0.0005155009654932424,0.1138723000315639,2.542975279332835,1.34702854129297,2.198804861407251,0.0001080272465926803
0.0005155009672900019,0.1079429937994596,2.52790615353707,1.346647282098294,2.198815465207799,0.0001077642245735823
0.0005155009688726183,0.1027203596254542,2.514516202173458,1.346318481078404,2.198825605327229,0.00010751823218785
0.000515500970341786,0.09787210631629437,2.502000284720433,1.34601869912752,2.198835466534231,0.0001072823925077272
0.0005155009717440365,0.09324467968438743,2.489990171870505,1.34573712569072,2.198845104858829,0.0001070541275637139
0.0005155009732604351,0.08824056410552435,2.476948091513842,1.345437119936107,2.198855626626278,0.0001068068084397779
0.0005155009746348182,0.08370510010903938,2.465093871262128,1.34516885725528,2.198865144094378,0.0001065843758628339
0.0005155009760463383,0.07904708378619645,2.452901439516106,1.344896565117393,2.198874805061807,0.0001063595225163495
0.0005155009774711081,0.07434534342203943,2.440589575236415,1.344624656171138,2.19888436211736,0.0001061377766317619
0.0005155009790347592,0.06918529473170389,2.427085027169482,1.344329110787474,2.198894519579001,0.0001059025284710415
0.0005155009808793757,0.0630980603693932,2.411175399775071,1.343983535452226,2.198905876030946,0.0001056394482318303
0.0005155009826019948,0.05741341728119642,2.396342610390461,1.343662828237359,2.198915655894066,0.0001054120382555047
0.0005155009839254449,0.05304603182407647,2.384960607747524,1.343417237857691,2.198922494949848,0.0001052518853171804
0.0005155009852608155,0.04863930879079221,2.373483741792741,1.343169860292446,2.198928759473444,0.0001051038707145259
0.0005155009866560968,0.04403488068904853,2.361494678168236,1.342911523358941,2.198934615060045,0.0001049638539374199
0.0005155009881414702,0.03913314828373753,2.348727610218656,1.342636376772139,2.198940097411232,0.0001048306703089387
0.0005155009895820212,0.03437933027400009,2.336335355205865,1.342369216912672,2.198944722657779,0.0001047160850187757
0.0005155009911101051,0.0293366531583615,2.323172314525469,1.342085354782772,2.198948983958141,0.000104608148459583
0.0005155009926893846,0.02412503094392953,2.309543145570218,1.341791375503878,2.198952807130925,0.0001045088990370181
0.0005155009943986486,0.01848445966573573,2.294757787882094,1.34147242544688,2.198956426406683,0.0001044125533726649
0.0005155009962204767,0.01247242706230652,2.278954431253227,1.341131545800498,2.19895984773136,0.0001043193141383582
0.0005155009981102383,0.006236213531153078,2.262509622569226,1.340776916092659,2.198963076992037,0.0001042297172321084
0.000515501,1.565889665330094e-19,2.246009279395964,1.34042123835503,2.198966112389458,0.0001041446916874768
0.0005155010000296798,0.0,2.245749818049023,1.340415667337494,2.198966166238913,0.000104143238265987
0.0005155010000890396,0.0,2.245230980999297,1.340404537745548,2.19896627650002,0.0001041402805477033
0.000515501000207759,0.0,2.244193888831784,1.340382365076573,2.198966514960014,0.0001041340086545652
0.000515501000346962,0.0,2.242978160075662,1.340356401245224,2.198966794568824,0.0001041266584915269
0.0005155010004980796,0.0,2.241657819200931,1.340328134647333,2.198967079400203,0.0001041190581478836
0.0005155010008003149,0.0,2.239015548457076,1.340271437934317,2.198967651498177,0.000104103823241747
0.0005155010014047855,0.0,2.233725790497648,1.340157654985444,2.198968778599831,0.0001040737527955606
0.0005155010026137267,0.0,2.223126052734857,1.339929287275916,2.198970866054516,0.0001040171668782221
0.0005155010050316093,0.0,2.201846890903845,1.339470823984045,2.19897457726799,0.0001039140805226281
0.000515501008738446,0.0,2.169022470857281,1.338764426653371,2.198980021871413,0.0001037629220995163
0.0005155010121321868,0.0,2.138764299215461,1.338114205038129,2.198985339353769,0.0001036199734758937
0.0005155010164163697,0.0,2.100303114400085,1.337289147277676,2.198992782468929,0.0001034279194078315
0.0005155010209125623,0.0,2.059643961733119,1.336418697107325,2.199001520044512,0.0001032116810218432
0.0005155010260469293,0.0,2.012878199364184,1.335419831967421,2.199012668007741,0.0001029465085092908
0.0005155010311347545,0.0,1.96621918963845,1.334425783256769,2.199024946272745,0.0001026649107878476
0.0005155010367289616,0.0,1.91459706563624,1.333329038509922,2.199039837620993,0.0001023345855993298
0.0005155010422835677,0.0,1.863055457584241,1.332237313389088,2.199056052718829,0.0001019858468143865
0.0005155010482847357,0.0,1.807106300064805,1.331056118691579,2.199075155490337,0.0001015866912883147
0.0005155010542165092,0.0,1.751590790933024,1.32988830431472,2.199095661474086,0.0001011696851091982
0.0005155010605156353,0.0,1.692471049767411,1.328649582857608,2.199119224841785,0.0001007026063015849
0.0005155010666626038,0.0,1.634681113856447,1.327444042810042,2.199144049955001,0.0001002222008489929
0.0005155010729706248,0.0,1.575350388238155,1.326212355054812,2.199171476084068,9.970317616327398e-05
0.0005155010790696106,0.0,1.518032056224762,1.325028925495791,2.199199960368725,9.917513919664237e-05
0.0005155010852979496,0.0,1.459619851089004,1.323830341383825,2.199231118472668,9.860850590268547e-05
0.0005155010914142433,0.0,1.402448532339705,1.322665668821852,2.199263833935088,9.802414198736634e-05
0.0005155010977154484,0.0,1.343819214540855,1.321481435929584,2.199299821635493,9.739214244172692e-05
0.0005155011038088164,0.0,1.287456641699022,1.320354258246149,2.199336927935241,9.6750746392157e-05
0.0005155011098106932,0.0,1.232339275201121,1.31926396927925,2.199375771627721,9.608906822313649e-05
0.0005155011154069654,0.0,1.181383826852832,1.318267452616674,2.19941410883523,9.54446527242893e-05
0.0005155011207303684,0.0,1.133388799648448,1.317339463596168,2.199452567696099,9.480576938831212e-05
0.0005155011256613903,0.0,1.089425739940658,1.316498929511225,2.199490040147003,9.418961918703409e-05
0.0005155011304010576,0.0,1.04769485887511,1.315709867899357,2.199527846465159,9.357350983777116e-05
0.0005155011349436703,0.0,1.008254104782344,1.314972325029904,2.199565793927292,9.296012031125748e-05
0.0005155011394826076,0.0,0.9694550541755934,1.314254926448598,2.199605402788914,9.232490938666862e-05
0.0005155011440409977,0.0,0.9311647100780184,1.313555222425708,2.199646877796329,9.166504583675198e-05
0.0005155011487742186,0.0,0.8921797954335753,1.31285176646014,2.199691742069212,9.09570531538008e-05
0.0005155011526858283,0.0,0.8605899574070476,1.312288748670485,2.199730262305993,9.035349757731473e-05
0.000515501155904829,0.0,0.8350344818043851,1.311838181162329,2.199763032600987,8.984267649795889e-05
0.0005155011586661592,0.0,0.8134335167759923,1.31146095838712,2.199792026456505,8.939221196748184e-05
0.0005155011611155111,0.0,0.7945197501798362,1.311133552484028,2.199818541642644,8.89809802812848e-05
0.0005155011633658752,0.0,0.7773427811419878,1.310838693780239,2.199843683102001,8.859120530907552e-05
0.0005155011654769917,0.0,0.7613970917909711,1.310567221205433,2.199868066810116,8.821287863130315e-05
0.0005155011675143363,0.0,0.7461563476468583,1.310309927010598,2.199892440423591,8.783406181262513e-05
0.0005155011697109657,0.0,0.7298781329437035,1.310037669907091,2.199919740949226,8.740878536653077e-05
0.0005155011717351091,0.0,0.7150125303529103,1.309791547127049,2.199945893799073,8.700040647190113e-05
0.0005155011738990503,0.0,0.699258066473398,1.309533598806403,2.199974825597443,8.654814902137167e-05
0.000515501176252744,0.0,0.6822844931822052,1.309259305912999,2.200007202258599,8.604265201441655e-05
0.0005155011778072005,0.0,0.6711706783583304,1.309081865521854,2.200028915121004,8.570486065078945e-05
0.0005155011787017486,0.0,0.6648145137835579,1.308981344505539,2.200041378791539,8.551206380268531e-05
0.0005155011794097099,0.0,0.6598238631585573,1.308903955852245,2.200050787001515,8.536907805306263e-05
0.0005155011801935911,0.0,0.6543237072232748,1.308818117315358,2.20006139887793,8.520734766685925e-05
0.0005155011809828842,0.0,0.6488029812098556,1.308731852353434,2.200072641051618,8.503389630801897e-05
0.0005155011818260294,0.0,0.6429355793426579,1.308641014316179,2.200084371754601,8.48547833787662e-05
0.0005155011828312279,0.0,0.635975428744165,1.308533602058358,2.20009847069437,8.463977583199514e-05
0.0005155011840332918,0.0,0.6277122568259794,1.308407393319675,2.200115039962337,8.438961035717076e-05
0.0005155011854233487,0.0,0.6182390409334373,1.308263741529483,2.200133927378668,8.410728199042331e-05
0.0005155011869502131,0.0,0.6079443441032074,1.308109403059745,2.200154314703682,8.380614781259858e-05
0.0005155011888105889,0.0,0.5955616042025721,1.307925629874795,2.200178733065546,8.345014931194675e-05
0.0005155011910367611,0.0,0.5809863375425679,1.307712438007273,2.200207581266587,8.30350444289997e-05
0.0005155011934252045,0.0,0.5656469441557492,1.307491386626381,2.200238165734863,8.260109947040199e-05
0.0005155011968624074,0.0,0.5441254283626012,1.307187684745252,2.200281892801526,8.198958238463297e-05
0.0005155012000294372,0.0,0.5248775222184732,1.306922487707027,2.200321858334793,8.144001410684957e-05
0.0005155012048860168,0.0,0.4964508144428453,1.306543184908136,2.200382819472123,8.061714318483473e-05
0.0005155012094160567,0.0,0.4711196175081712,1.306218534172243,2.20043915774004,7.987429184990083e-05
0.0005155012159945136,0.0,0.4363447882770793,1.305796315920325,2.200520150782006,7.883537070542693e-05
0.00051550122271533,0.0,0.4032270377855273,1.305423109654193,2.200601569002204,7.782793009550551e-05
0.0005155012289003926,0.0,0.3748397812082561,1.305129847685515,2.200675272057939,7.694847864577873e-05
0.0005155012345814401,0.0,0.3504691812313299,1.304900919911677,2.200741746503242,7.618363443919654e-05
0.0005155012401926667,0.0,0.3279383458101323,1.304711381472701,2.200806307970172,7.546650713982209e-05
0.0005155012461942436,0.0,0.3054599908357665,1.304546801691504,2.200874010772751,7.474346413668079e-05
0.000515501251673717,0.0,0.2863338207657167,1.30442957407647,2.200934687880594,7.412046260109398e-05
0.0005155012574438329,0.0,0.2675595711677372,1.30433829855839,2.200997268473955,7.350462267102023e-05
0.0005155012628151448,0.0,0.2512807045857287,1.30428180182387,2.201054389142011,7.296604240725549e-05
0.0005155012685773473,0.0,0.2350301854006125,1.304250066341494,2.201114324604854,7.242705564629041e-05
0.0005155012740023809,0.0,0.2208177711972122,1.304246631648932,2.20116959894766,7.19531932761476e-05
0.0005155012798423688,0.0,0.2066262583766036,1.304270513972135,2.201227807157571,7.147946638803041e-05
0.0005155012853385073,0.0,0.1942591407724542,1.304319213006855,2.201281569180657,7.106322247926747e-05
0.0005155012912440054,0.0,0.1819687827694628,1.304400575293925,2.201338341548765,7.06450559225437e-05
0.0005155012957946467,0.0,0.173161670645366,1.304485947320943,2.20138166728638,7.033738666397574e-05
0.0005155012996616047,0.0,0.1661033499010257,1.30457540382027,2.201418293569272,7.008374830637002e-05
0.000515501303264144,0.0,0.159860974362219,1.304674453959903,2.20145236308336,6.985171287349337e-05
0.0005155013068198569,0.0,0.1539983260550468,1.30478817615827,2.201485894421848,6.96275693498051e-05
0.0005155013106098395,0.0,0.1480593994246786,1.304927659471627,2.20152148064894,6.93949014446317e-05
0.0005155013143022128,0.0,0.142564791712093,1.305081229299995,2.201555617920744,6.918185538271963e-05
0.0005155013183994997,0.0,0.1367864608473678,1.305269388923627,2.201592360117708,6.897131687728112e-05
0.0005155013237820642,0.0,0.129675308861341,1.305536333175445,2.201637319764321,6.876475067164725e-05
0.0005155013271517911,0.0,0.1254885866226014,1.305708736320764,2.201662929402597,6.868769024383061e-05
0.0005155013305638495,0.0,0.1214465071335105,1.305882944714201,2.201686358165917,6.866008937372562e-05
0.0005155013345753075,0.0,0.1169376200999777,1.306081547519242,2.201710837599685,6.868846662620235e-05
0.0005155013382808011,0.0,0.112996374874151,1.306254157424987,2.20173034948165,6.877535423452833e-05
0.0005155013423501404,0.0,0.1089037379212862,1.30642700232411,2.201748630127803,6.893117423516406e-05
0.0005155013466900826,0.0,0.1047967945108218,1.306586391463882,2.201764748264047,6.916088326919826e-05
0.0005155013514342152,0.0,0.1005945660062178,1.306725545945485,2.201778796133583,6.947737765932508e-05
0.0005155013567964468,0.0,0.09618239539089105,1.306831112386738,2.201790647201153,6.990653304632125e-05
0.0005155013627784735,0.0,0.09165203396509279,1.306875309046403,2.201799424169506,7.04609520177292e-05
0.0005155013697915352,0.0,0.08682153978633261,1.306815383754942,2.201804368947003,7.119770800480999e-05
0.0005155013774261846,0.0,0.08209612588172958,1.306597449272921,2.201803907731739,7.208926136169316e-05
0.0005155013851245038,0.0,0.07783465072842241,1.306199530630993,2.201797807263145,7.306942510675888e-05
0.0005155013931238562,0.0,0.07388142176483431,1.305578617727428,2.201786010098836,7.41610112366721e-05
0.0005155014013183815,0.0,0.07027530952933421,1.304704604623912,2.201768539929314,7.534650605260388e-05
0.0005155014099055619,0.0,0.06691970134255511,1.303510203500369,2.201744856209326,7.665020509483603e-05
0.0005155014187991737,0.0,0.06384376341879196,1.301951171958716,2.201714956449206,7.805601966927603e-05
0.0005155014281307276,0.0,0.06099589125667824,1.299940411649554,2.20167833135128,7.957755665789171e-05
0.0005155014376374922,0.0,0.05844006119907558,1.297474283408423,2.201636063303711,8.116361157373922e-05
0.0005155014470908545,0.0,0.05619659036195974,1.294583252992386,2.201589664090299,8.276390495922562e-05
0.0005155014554175334,0.0,0.05443447133502816,1.291659448275287,2.201545474559483,8.418633606927976e-05
0.0005155014628632918,0.0,0.05300803302389178,1.288735824112263,2.201503563905257,8.546353550383037e-05
0.0005155014698376959,0.0,0.05178665216343747,1.285725682723928,2.201462355404732,8.666231349032564e-05
0.0005155014766001755,0.0,0.05069966891195149,1.282551324903881,2.201420762060957,8.782364642927823e-05
0.0005155014838605039,0.0,0.0496321635407891,1.278858628396663,2.20137449890767,8.906578186577711e-05
0.0005155014904851623,0.0,0.04874414750472354,1.275229405005129,2.20133106041675,9.019061935781628e-05
0.0005155014973085944,0.0,0.04791198643396012,1.271230339661037,2.201285534241919,9.133233631969509e-05
0.0005155015039647177,0.0,0.04717788345613516,1.267073791977625,2.201240832022005,9.242070114851578e-05
0.0005155015110682685,0.0,0.04647427171503563,1.262360246233757,2.201193512022328,9.35415402316088e-05
0.0005155015185604586,0.0,0.0458133158766376,1.257080681406777,2.201144908920641,9.466237591034946e-05
0.0005155015272822295,0.0,0.04513311169265757,1.250541448284974,2.201091161841321,9.586803039333695e-05
0.0005155015380001798,0.0,0.04439640275368645,1.241938093722211,2.201030889213074,9.717776751516985e-05
0.0005155015461858099,0.0,0.04388292294621893,1.234955571753148,2.200990103790291,9.803608957881585e-05
0.0005155015540831332,0.0,0.04340767806295454,1.227890081734159,2.200955267462947,9.874810136635396e-05
0.0005155015624902807,0.0,0.04290739645833718,1.22002317270208,2.200923346449486,9.937932106274152e-05
0.0005155015705792112,0.0,0.04241806761137942,1.212127305380299,2.20089782855678,9.986403088558041e-05
0.0005155015790859138,0.0,0.04188402658141171,1.20348871314387,2.200876427783506,0.0001002497654578462
0.0005155015877483231,0.0,0.04131058890991138,1.194350917581007,2.200860482415827,0.0001005140307600562
0.0005155015968425166,0.0,0.04066959267950955,1.184400787054919,2.200849986322694,0.0001006589989998687
0.0005155016063275456,0.0,0.03995344353139078,1.173649334344031,2.200845877189662,0.0001006705236680396
0.000515501616304684,0.0,0.03914518845602084,1.161946486618389,2.200848937281149,0.0001005377011398635
0.0005155016268714253,0.0,0.03822750585260529,1.149133819379134,2.200860338613205,0.0001002433922856162
0.0005155016378494148,0.0,0.03720974118996247,1.135391420187782,2.200880833429652,9.978204093150103e-05
0.0005155016484741702,0.0,0.03616690139654554,1.121697224273422,2.200908906135453,9.919406026347124e-05
0.0005155016591500244,0.0,0.03506841876910124,1.107571422777411,2.200945021252023,9.847414701658855e-05
0.0005155016695204296,0.0,0.03395964365082133,1.093522020312211,2.200987601606405,9.765790595811189e-05
0.0005155016798799703,0.0,0.03281840284589405,1.0791879087351,2.201037320639622,9.673611436913268e-05
0.0005155016899470459,0.0,0.03168399258921563,1.064993544272175,2.201092433283653,9.57441856209619e-05
0.0005155016999526764,0.0,0.03053835191674545,1.050648178826093,2.201153644419391,9.46721749382852e-05
0.0005155017097099539,0.0,0.02940949008801575,1.036450380375952,2.201219385540242,9.354983244995189e-05
0.0005155017194107484,0.0,0.02828114409995467,1.022149280065563,2.201290416892054,9.236650125519567e-05
0.0005155017289254549,0.0,0.02717318531205623,1.007959985326516,2.201365408295977,9.114629685486611e-05
0.0005155017383934895,0.0,0.02607362394981472,0.9936964200167829,2.201444999587616,8.988088324246482e-05
0.0005155017477088322,0.0,0.02499816129559109,0.9795372516792277,2.201527983577713,8.859098140073477e-05
0.0005155017569571902,0.0,0.02393983121176587,0.9653696409051742,2.201614736539261,8.727224565755157e-05
0.0005155017660443355,0.0,0.02291158594481096,0.9513534403318726,2.201704117126773,8.594270029103859e-05
0.000515501775012492,0.0,0.02191034576545599,0.937437711261811,2.201796218903599,8.460142317769829e-05
0.000515501783778338,0.0,0.02094635220590887,0.9237642598800171,2.201889987668861,8.326318053019213e-05
0.000515501792353968,0.0,0.02001873837761972,0.9103252493298738,2.201985300231573,8.192885067453651e-05
0.0005155018006705058,0.0,0.01913469216711162,0.8972379585327123,2.202081255916463,8.060904570396224e-05
0.0005155018087254851,0.0,0.0182938329766423,0.8845139967265624,2.202177642459607,7.930449575840007e-05
0.0005155018164707952,0.0,0.01749995226318579,0.8722355219032487,2.202273803861365,7.802095532391099e-05
0.0005155018239049014,0.0,0.01675180905041314,0.8604097034399026,2.202369588130068,7.675744165651103e-05
0.000515501831004422,0.0,0.01604998523685463,0.8490772962944791,2.20246464267005,7.551502310536044e-05
0.000515501837777581,0.0,0.01539197810653694,0.8382277611668213,2.202558965379741,7.42906159811553e-05
0.000515501844222511,0.0,0.01477610009307262,0.8278659999337579,2.202652478577162,7.308189277582492e-05
0.0005155018503569793,0.0,0.01419904868847917,0.8179648467649411,2.202745323290722,7.188439333607369e-05
0.0005155018561924823,0.0,0.01365806253728703,0.8085068537736857,2.20283760375288,7.069410367574483e-05
0.0005155018617516685,0.0,0.01314971258836834,0.7994562131019001,2.20292954549672,6.950619161872132e-05
0.0005155018670517298,0.0,0.01267104326448765,0.790785749798756,2.203021340716964,6.831626916696712e-05
0.0005155018721159822,0.0,0.01221893537939787,0.7824580710887288,2.203113244490467,6.7119806401056e-05
0.0005155018769626595,0.0,0.01179067015758523,0.774443926204104,2.203205476527097,6.591272105789151e-05
0.0005155018816135389,0.0,0.0113835929586122,0.7667080173280973,2.203298291024921,6.469104233833525e-05
0.0005155018860858972,0.0,0.01099534617351488,0.759222296495779,2.203391908207251,6.345120017022046e-05
0.0005155018903993614,0.0,0.01062372489177892,0.751954569010177,2.203486572883278,6.218975924533147e-05
0.0005155018945698176,0.0,0.01026670754664718,0.7448786602091354,2.203582501413141,6.090359941735804e-05
0.0005155018986367693,0.0,0.009920605481050703,0.7379276546625698,2.203680468285254,5.958245773470941e-05
0.0005155019026566699,0.0,0.009580160740408359,0.7310037440909936,2.203781839333532,5.820781760452212e-05
0.000515501906621821,0.0,0.009245888665178914,0.7241182102468943,2.203886446665557,5.678208673682752e-05
0.0005155019105569635,0.0,0.00891533914347363,0.71722598041649,2.203994964087969,5.529636749507808e-05
0.0005155019144715061,0.0,0.008587666585051562,0.7103080089995768,2.204107657371264,5.374767381884374e-05
0.0005155019183868798,0.0,0.00826079474112006,0.7033233755899045,2.204225164962133,5.212805394150158e-05
0.0005155019223226133,0.0,0.007933129649245859,0.6962335034166894,2.204348071685628,5.043079218419413e-05
0.0005155019263069338,0.0,0.007602139175184496,0.6889828404001264,2.204477274944218,4.864521784640266e-05
0.0005155019303751131,0.0,0.007265057271785662,0.6815011414720443,2.204613910891719,4.675819403600193e-05
0.0005155019345783365,0.0,0.006917628996402352,0.6736861139213088,2.204759703794645,4.474942656262818e-05
0.0005155019389957681,0.0,0.006553734158362932,0.6653790377767537,2.204917376164624,4.25867979317153e-05
0.0005155019437679419,0.0,0.006162232969922455,0.6562978076586969,2.205091913509033,4.021051345861074e-05
0.0005155019492071079,0.0,0.005718928061264839,0.6458161451353879,2.205294623855484,3.748300154489917e-05
0.0005155019564422023,0.0,0.005135764843338243,0.63167325662843,2.205567191301361,3.388935088420545e-05
0.0005155019599159919,0.0,0.004859270662397649,0.6248092987645701,2.205697242668993,3.221740624733363e-05
0.0005155019636595877,0.0,0.00456449742167282,0.6173669705737254,2.205836541699044,3.045870494953099e-05
0.000515501967431858,0.0,0.004271468844111801,0.6098261202397518,2.205975220034541,2.87467925035613e-05
0.000515501971179497,0.0,0.003984816506814554,0.6023009905190343,2.20611042044689,2.712277470135041e-05
0.0005155019752869566,0.0,0.003676611343294386,0.5940242906096349,2.206255406233162,2.5434183157408e-05
0.0005155019789911563,0.0,0.003404505958736985,0.5865427198486621,2.206382483286919,2.400807290414156e-05
0.0005155019827280467,0.0,0.003136333546584583,0.578987017050057,2.206507214787874,2.265951346116416e-05
0.0005155019863604651,0.0,0.002882101447591631,0.5716424224434332,2.206624770245556,2.144107358422423e-05
0.0005155019900042918,0.0,0.002634034013169239,0.5642822566303777,2.206739084925994,2.030806741995753e-05
0.0005155019936405576,0.0,0.002393670669065198,0.5569519413374426,2.206849499418976,1.92663481033363e-05
0.000515501997316141,0.0,0.002158477316513121,0.5495641458810073,2.206957529624327,1.829948832148168e-05
0.0005155020010345635,0.0,0.001928623099176425,0.5421191687465806,2.207063258208125,1.740613558485995e-05
0.000515502004823815,0.0,0.001703112953452887,0.5345688181909717,2.207167550808671,1.657747059005024e-05
0.0005155020086952721,0.0,0.001481823630387213,0.5268988989832023,2.207270719905813,1.581048434756829e-05
0.0005155020126708859,0.0,0.001264408150680984,0.5190752620421867,2.207373412534735,1.509915674065346e-05
0.0005155020167664405,0.0,0.001050735880053442,0.5110772125403653,2.207476048940983,1.444008792648069e-05
0.0005155020210032881,0.0,0.0008407934711033366,0.5028747424894487,2.207579223695199,1.382840617980455e-05
0.000515502025401133,0.0,0.0006345452837504757,0.4944429259141082,2.207683438819472,1.326065276922597e-05
0.0005155020299837464,0.0,0.0004322021295297342,0.4857513309817537,2.207789316708772,1.273247129614311e-05
0.0005155020347755966,0.0,0.0002338709082143501,0.4767709250705389,2.207897452138146,1.224040895051806e-05
0.0005155020398051686,0.0,3.996486269771005e-05,0.4674684668414007,2.208008547238647,1.17803683495267e-05
0.0005155020451032375,0.0,-0.0001494877722998265,0.4578104037245392,2.208123313966529,1.134896195710403e-05
0.0005155020507047706,0.0,-0.0003336207220332208,0.4477603710689756,2.208242574211465,1.094218129866667e-05
0.0005155020566501937,0.0,-0.0005118547856044013,0.4372779428789383,2.208367223641838,1.05565793794006e-05
0.0005155020629827261,0.0,-0.0006832316911381405,0.4263248000078588,2.208498225348978,1.018846152460631e-05
0.0005155020697513342,0.0,-0.0008468903200092889,0.4148608499297461,2.208636630314682,9.834529023574761e-06
0.0005155020770125064,0.0,-0.00100159034604895,0.4028432758930749,2.208783648146762,9.491112189706912e-06
0.0005155020848256102,0.0,-0.001146069908550216,0.3902362755073056,2.208940515194348,9.155159562869304e-06
0.000515502093257783,0.0,-0.001278691955043052,0.377005235336623,2.209108627617943,8.823331440147714e-06
0.0005155021023780372,0.0,-0.001397839061946092,0.3631283630685949,2.209289388734429,8.492942404284693e-06
0.0005155021122590009,0.0,-0.001501567404957709,0.3485958323158121,2.209484274880047,8.161262309730605e-06
0.0005155021229687458,0.0,-0.001588102539294096,0.3334229914913853,2.209694642257667,7.826415390791569e-06
0.000515502134566635,0.0,-0.001655561320252931,0.3176553794978193,2.20992167354083,7.486905015955531e-06
0.000515502147089732,0.0,-0.001702590956591851,0.3013834163668203,2.210166082685524,7.142528411247101e-06
0.0005155021605432503,0.0,-0.001728205580430061,0.284746354047312,2.210427956037578,6.793985195891056e-06
0.0005155021748886303,0.0,-0.001732507317207496,0.2679338509048728,2.210706496625488,6.4435336398673e-06
0.0005155021900459845,0.0,-0.001716420784451626,0.2511666521881424,2.211000102921629,6.09417850061425e-06
0.0005155022059047413,0.0,-0.001682100368705867,0.2346697443036516,2.211306558410112,5.749675567677942e-06
0.0005155022223479985,0.0,-0.001632199176163848,0.2186380283357285,2.21162353478315,5.413335689453819e-06
0.0005155022392716496,0.0,-0.00156990861443099,0.2032175555448219,2.211948942806867,5.088042837545631e-06
0.0005155022564264123,0.0,-0.001498871779020944,0.1886406823755891,2.212277932248035,4.778586533745882e-06
0.0005155022736910284,0.0,-0.001422360315013428,0.1749783355682154,2.21260813355305,4.486747417565967e-06
0.0005155022911592103,0.0,-0.00134205086031633,0.1621205978349245,2.21294130493165,4.210324346786281e-06
0.000515502308846349,0.0,-0.001259751259406793,0.1500285676897157,2.213277685848632,3.948854759311532e-06
0.0005155023268049134,0.0,-0.001176574359478743,0.1386427235563006,2.213618225811488,3.701197616518131e-06
0.0005155023450584997,0.0,-0.001093717324086391,0.1279284476798965,2.213963307386515,3.466943067070988e-06
0.0005155023636348836,0.0,-0.00101194103668079,0.117851558900078,2.214313397229593,3.245460813751239e-06
0.0005155023825750631,0.0,-0.0009320100973903647,0.108374444066384,2.214669193904145,3.036221340838724e-06
0.0005155024018920682,0.0,-0.0008544512277937491,0.09947651730921667,2.215030873308062,2.838850703582724e-06
0.0005155024215054421,0.0,-0.0007802267214607133,0.09117499505297914,2.215396857255594,2.653992438673841e-06
0.0005155024414123335,0.0,-0.0007096093295962848,0.08344548206522666,2.215767039042459,2.481157607107237e-06
0.0005155024616536781,0.0,-0.0006428357282292392,0.07624777938605377,2.216142113997432,2.31967254979884e-06
0.0005155024822673615,0.0,-0.0005798743641387775,0.06954725982720894,2.216522720253378,2.168780983179547e-06
0.0005155025032937843,0.0,-0.000520859215977265,0.06331216306301138,2.216909523287557,2.027953114506348e-06
0.0005155025247685805,0.0,-0.0004656813266144112,0.0575153633498897,2.217303099258435,1.896569740157533e-06
0.0005155025467336845,0.0,-0.000414404201143708,0.05213063238993972,2.21770412034128,1.774192755433918e-06
0.000515502569229314,0.0,-0.0003668539258733675,0.04713474481246636,2.218113223755673,1.660268323714492e-06
0.0005155025923022277,0.0,-0.0003230438700196298,0.04250521791875446,2.218531144188941,1.554418354800108e-06
0.0005155026159988264,0.0,-0.0002827571977151301,0.03822184694927504,2.21895860334758,1.456140819463686e-06
0.0005155026403724347,0.0,-0.0002459746388859737,0.03426506884444608,2.219396423514382,1.365105045415677e-06
0.0005155026654776767,0.0,-0.0002124512611082099,0.03061703107742736,2.219845440076577,1.280850231516611e-06
0.0005155026913768856,0.0,-0.0001821468426540602,0.02726043295966225,2.220306598032054,1.203082616981904e-06
0.0005155027181356162,0.0,-0.0001547988478050942,0.02417927038840541,2.22078088445997,1.131374459472229e-06
0.000515502745828389,0.0,-0.0001303546039077089,0.02135801775069816,2.221269411539372,1.065461030268639e-06
0.0005155027745353222,0.0,-0.000108541753039989,0.01878214130552918,2.221773368001822,1.004941365344708e-06
0.0005155028043474491,0.0,-8.930157012736214e-05,0.01643752133853835,2.222294092506069,9.495736785360143e-07
0.0005155028353645218,0.0,-7.235781449652827e-05,0.01431080424181486,2.222833044074076,8.98978761568886e-07
0.0005155028677001889,0.0,-5.765068535759923e-05,0.01238899287190639,2.223391870133529,8.529329388763663e-07
0.0005155029014811388,0.0,-4.490472741760225e-05,0.01065968869972893,2.223972397490158,8.110746205182429e-07
0.000515502936852537,0.0,-3.406306146780977e-05,0.00911079869174096,2.224576700588588,7.731942942647285e-07
0.0005155029739788696,0.0,-2.485479542761353e-05,0.00773070475808165,2.225207117061138,7.389444558682234e-07
0.0005155030130502583,0.0,-1.722928482822468e-05,0.006508050483831435,2.225866324322888,7.081263996190634e-07
0.0005155030542857138,0.0,-1.092335404363317e-05,0.005431864642305055,2.226557388048531,6.804035283848598e-07
0.0005155030979413895,0.0,-5.895431407033003e-06,0.004491402154063977,2.227283860407834,6.555848892410288e-07
0.000515503144317627,0.0,-1.892775173433981e-06,0.003676240811609479,2.22804987793392,6.333416899408085e-07
0.0005155031937711292,0.0,1.11305177803625e-06,0.002976158996128503,2.228860305435231,6.134876656850585e-07
0.000515503246728547,0.0,3.362799081678287e-06,0.002381219894020034,2.229720915637663,5.956982856182569e-07
0.0005155033037067656,0.0,4.875595942471762e-06,0.001881673015775548,2.230638629082326,5.797881894444024e-07
0.0005155033653386625,0.0,5.874748518501816e-06,0.001468038709796152,2.231621839596479,5.654328819061639e-07
0.0005155034324101318,0.0,6.359760820884394e-06,0.001131028396559176,2.232680848619989,5.524423866844208e-07
0.0005155035059128481,0.0,6.537851336109716e-06,0.0008616299336513144,2.233828510052775,5.404847355129638e-07
0.0005155035871183932,0.0,6.391089923017605e-06,0.0006510524542687824,2.235081081421263,5.293559217313393e-07
0.0005155036776926928,0.0,6.121931112832522e-06,0.0004908379898655531,2.236459568614195,5.186793544921519e-07
0.0005155037798876338,0.0,5.639180953413155e-06,0.000372751487257322,2.237991944086178,5.082921430456244e-07
0.0005155038966739773,0.0,5.144375944289504e-06,0.0002890895004293987,2.239714125279169,4.977076383595735e-07
0.0005155040326059267,0.0,4.612354136874455e-06,0.0002323483567856177,2.241680911404474,4.866545840299941e-07
0.0005155041940325641,0.0,4.174922031818875e-06,0.000195796361344029,2.243965774974226,4.74560407205532e-07
0.0005155043910027576,0.0,3.735106823599298e-06,0.0001731874910007438,2.246682179185519,4.609511695043145e-07
0.0005155046399132606,0.0,3.407822745159047e-06,0.0001590959549021121,2.250008165227908,4.448996818630369e-07
0.000515504919429023,0.0,3.119440970242759e-06,0.0001502781188005537,2.253609193451873,4.28171933343352e-07
0.0005155052592535615,0.0,2.93557880928299e-06,0.0001426359926105294,2.257809676224745,4.093206893997226e-07
0.0005155056658123903,0.0,2.731168955112431e-06,0.0001350250227098874,2.262599029051775,3.886864553982739e-07
0.0005155062035638283,0.0,2.581509763342907e-06,0.000126247233967724,2.268576686322533,3.641633659902388e-07
0.0005155067797493563,0.0,2.396673276448374e-06,0.0001179697148733814,2.274575506128119,3.407868503337019e-07
0.0005155074029578297,0.0,2.277641818861418e-06,0.0001101038810906836,2.280645409573025,3.185361009129528e-07
0.0005155080487493849,0.0,2.114396673515945e-06,0.0001029143794853307,2.286529242571652,2.980793118857739e-07
0.0005155087531507828,0.0,2.011443469725869e-06,9.602623193398525e-05,2.292531915986396,2.78512176382778e-07
0.0005155094941101844,0.0,1.861351187879589e-06,8.964912172402338e-05,2.298433497584883,2.602733153124481e-07
0.0005155103001680996,0.0,1.771423064375852e-06,8.357510716386598e-05,2.304431317107029,2.429576911956721e-07
0.0005155111513131656,0.0,1.633820576156469e-06,7.794616845062522e-05,2.310344516313097,2.267832482551191e-07
0.0005155120745221835,0.0,1.55628819750038e-06,7.261581417266438e-05,2.316330748241101,2.115379673951756e-07
0.0005155130531591671,0.0,1.430475310028952e-06,6.766823479760095e-05,2.322250324720747,1.972597073097993e-07
0.0005155141126689946,0.0,1.364456161793892e-06,6.300367741437358e-05,2.328226845649256,1.83879409053761e-07
0.0005155152392720594,0.0,1.249594593335881e-06,5.866895659700487e-05,2.334150654564874,1.713196025966701e-07
0.0005155164572078361,0.0,1.194175140565486e-06,5.459734133646647e-05,2.340118487686301,1.596100799118594e-07
0.0005155177554699462,0.0,1.089385523089231e-06,5.081016872764055e-05,2.346044429944584,1.485959823845084e-07
0.0005155191574653761,0.0,1.043639398377163e-06,4.726391584920959e-05,2.352004283470372,1.383750476370571e-07
0.00051552065489087,0.0,9.480262675865829e-07,4.396290712200218e-05,2.357930715795365,1.287416201058156e-07
0.0005155222706626639,0.0,9.11037909744857e-07,4.088005942364104e-05,2.363883126514628,1.198404310755186e-07
0.0005155239991592103,0.0,8.237182240131328e-07,3.800850115660069e-05,2.369808730837153,1.114330980946099e-07
0.0005155258631495107,0.0,7.946036068216903e-07,3.533285740989592e-05,2.375754086986124,1.036969662883414e-07
0.0005155278597214124,0.0,7.147267567135521e-07,3.283902671415426e-05,2.381677803553769,9.637311381274771e-08
0.0005155300118461778,0.0,6.926479466108969e-07,3.052004081350426e-05,2.387616383521301,8.966165511728463e-08
0.000515532319396918,0.0,6.194100762730417e-07,2.835725104669448e-05,2.393537358871082,8.329127718545437e-08
0.0005155348059102653,0.0,6.035849269491708e-07,2.634978687788465e-05,2.399469358136808,7.74781160685356e-08
0.000515537474170439,0.0,5.362382450810946e-07,2.447624810075979e-05,2.405386902953165,7.194385155520622e-08
0.0005155403486637411,0.0,5.259460304807669e-07,2.274024041332692e-05,2.411312454740256,6.691600424338362e-08
0.0005155434352640547,0.0,4.63803422319009e-07,2.111879951925864e-05,2.41722601059089,6.211275018222495e-08
0.00051554675982063,0.0,4.583869791911958e-07,1.961886182031759e-05,2.423145201620995,5.776979611474276e-08
0.0005155503315322588,0.0,4.008238810456158e-07,1.821667225002597e-05,2.42905431456045,5.360404666268637e-08
0.0005155541780616867,0.0,3.99689265481152e-07,1.692168183522422e-05,2.434967197047305,4.985717606223461e-08
0.0005155583122297654,0.0,3.461428907561514e-07,1.570983785142846e-05,2.440871496672494,4.624619768370253e-08
0.0005155627640095226,0.0,3.487574152367892e-07,1.459251897005306e-05,2.446778097431292,4.301720249691443e-08
0.000515567550209469,0.0,2.987242431422933e-07,1.354567987026655e-05,2.45267728024838,3.988812629876493e-08
0.0005155727036657957,0.0,3.046131215617826e-07,1.258219963284465e-05,2.458577607591339,3.710838326745347e-08
0.0005155782456166904,0.0,2.576453944644668e-07,1.167822046957269e-05,2.464471423788428,3.439727422352435e-08
0.0005155842123814683,0.0,2.663879100627868e-07,1.084780679359314e-05,2.470365472749955,3.20067554716863e-08
0.0005155906301559265,0.0,2.220893523810705e-07,1.006738647364664e-05,2.476253715664585,2.965769617793712e-08
0.0005155975394418624,0.0,2.333142920893964e-07,9.35197341964426e-06,2.482141471895937,2.760403008741919e-08
