time_s,v(raw_pwm),v(pwm),i(VLEDLOAD)
0.0,0.0,1.052082769338498e-08,3.608015136657983e-12
1.328e-07,0.0,1.052082169551487e-08,3.607979609521195e-12
3.328000000000002e-07,0.0,1.052083884213881e-08,3.607979609521195e-12
5.328000000000003e-07,0.0,1.052084753255563e-08,3.607997373089589e-12
7.328000000000005e-07,0.0,1.052083249272638e-08,3.607979609521195e-12
9.328000000000007e-07,0.0,1.052084364330552e-08,3.607961845952801e-12
1.132799999999999e-06,0.0,1.052082966003123e-08,3.607997373089589e-12
1.332799999999997e-06,0.0,1.052084381589831e-08,3.607997373089589e-12
1.532799999999995e-06,0.0,1.052084256329192e-08,3.607997373089589e-12
1.732799999999993e-06,0.0,1.052084929344504e-08,3.607979609521195e-12
1.932799999999991e-06,0.0,1.05208372103846e-08,3.607997373089589e-12
2.13279999999999e-06,0.0,1.05208237811514e-08,3.608015136657983e-12
2.332799999999988e-06,0.0,1.052082102925494e-08,3.607979609521195e-12
2.500001034332665e-06,0.001034332665140677,1.778759802634455e-05,-6.022840622760262e-09
2.500203766301852e-06,0.2037663018518595,0.000280862450354939,2.10062064090466e-09
2.500437382441092e-06,0.4373824410916616,-0.004993774070762831,2.153434499510554e-08
2.500547105371536e-06,0.5471053715362458,-0.01414971315709409,6.107376146494148e-08
2.500659543892245e-06,0.6595438922448454,0.01184456991928126,-6.32642795071886e-07
2.500746018971122e-06,0.7460189711217485,0.2161084021672486,-2.732568691726639e-06
2.500840308428189e-06,0.8403084281884523,0.7355286041280872,-3.378497331652935e-06
2.500986149802072e-06,0.9861498020720699,1.54770702459653,-1.602126793201902e-06
2.501078491858355e-06,1.0,1.996163234141609,3.864749164107784e-07
2.501128838909231e-06,1.0,2.206035564333637,3.598357869311203e-06
2.501194603921528e-06,1.0,2.448486600374294,7.631047594930523e-06
2.501307521711303e-06,1.0,2.75484004549792,1.110521224230956e-05
2.501421273828322e-06,1.0,2.929433099391758,9.537386101218377e-06
2.501496364708751e-06,1.0,3.003904907041118,2.817556157545115e-06
2.501627684930124e-06,1.0,3.134506604790237,-1.109564497679835e-05
2.501814116693232e-06,1.0,3.247371531372163,-1.4844920922613e-05
2.502281933789749e-06,1.0,3.304446420843739,7.397354649220366e-07
2.503559327611213e-06,1.0,3.303838559109919,4.413871897714819e-05
2.505636272082993e-06,1.0,3.301002144234165,8.214801124879393e-05
2.509361779428292e-06,1.0,3.300086179725482,9.784255516370868e-05
2.524339972921465e-06,1.0,3.299979383151543,9.968321072639688e-05
2.546774010812554e-06,1.0,3.299994313678786,0.0001000650663002957
2.565543892860382e-06,1.0,3.299999991063028,0.0001007442970810891
2.715285094283048e-06,1.0,3.29999998361128,0.0001007526250455228
2.915285094283046e-06,1.0,3.299999983629968,0.000100752627567985
3.115285094283045e-06,1.0,3.299999983640864,0.0001007526300532859
3.315285094283043e-06,1.0,3.299999983646505,0.0001007526325023135
3.515285094283041e-06,1.0,3.29999998365053,0.0001007526349153699
3.715285094283039e-06,1.0,3.299999983648018,0.0001007526372940716
3.915285094283037e-06,1.0,3.299999983650941,0.0001007526396388626
4.115285094283035e-06,1.0,3.299999983651797,0.0001007526419495298
4.315285094283033e-06,1.0,3.299999983651358,0.0001007526442272456
4.515285094283031e-06,1.0,3.299999983652607,0.0001007526464728804
4.715285094283029e-06,1.0,3.299999983653434,0.000100752648685777
4.915285094283027e-06,1.0,3.299999983654438,0.0001007526508680491
5.115285094283025e-06,1.0,3.299999983650794,0.0001007526530185067
5.315285094283023e-06,1.0,3.299999983650166,0.0001007526551384998
5.515285094283022e-06,1.0,3.299999983649043,0.0001007526572275842
5.71528509428302e-06,1.0,3.299999983647905,0.0001007526592873943
5.915285094283018e-06,1.0,3.299999983648043,0.0001007526613186939
6.115285094283016e-06,1.0,3.299999983646987,0.0001007526633199908
6.315285094283014e-06,1.0,3.299999983645664,0.0001007526652933989
6.515285094283012e-06,1.0,3.299999983642962,0.0001007526672385096
6.71528509428301e-06,1.0,3.299999983642859,0.0001007526691552697
6.915285094283008e-06,1.0,3.299999983640941,0.0001007526710462194
7.115285094283006e-06,1.0,3.299999983640535,0.0001007526729089249
7.315285094283004e-06,1.0,3.299999983639465,0.0001007526747452338
7.515285094283002e-06,1.0,3.299999983640897,0.0001007526765551105
7.715285094283001e-06,1.0,3.299999983639851,0.0001007526783390701
7.915285094283e-06,1.0,3.299999983636688,0.0001007526800981252
8.115285094282997e-06,1.0,3.299999983636325,0.0001007526818318318
8.315285094282996e-06,1.0,3.299999983636305,0.0001007526835408824
8.515285094282994e-06,1.0,3.299999983634991,0.0001007526852254016
8.715285094282992e-06,1.0,3.299999983634604,0.0001007526868858157
8.91528509428299e-06,1.0,3.299999983632464,0.0001007526885232081
9.115285094282988e-06,1.0,3.299999983628199,0.0001007526901366908
9.315285094282986e-06,1.0,3.299999983629043,0.0001007526917266723
9.515285094282984e-06,1.0,3.299999983630342,0.000100752693294467
9.715285094282982e-06,1.0,3.299999983626885,0.0001007526948401639
9.91528509428298e-06,1.0,3.299999983629312,0.0001007526963634255
1.011528509428298e-05,1.0,3.299999983625571,0.0001007526978649799
1.031528509428298e-05,1.0,3.299999983628335,0.0001007526993448805
1.051528509428297e-05,1.0,3.299999983624989,0.0001007527008042287
1.071528509428297e-05,1.0,3.299999983623298,0.0001007527022426159
1.091528509428297e-05,1.0,3.299999983622028,0.0001007527036606105
1.111528509428297e-05,1.0,3.299999983621464,0.0001007527050576441
1.131528509428297e-05,1.0,3.29999998362059,0.0001007527064349424
1.151528509428296e-05,1.0,3.299999983622492,0.0001007527077928073
1.171528509428296e-05,1.0,3.299999983620146,0.0001007527091306527
1.191528509428296e-05,1.0,3.299999983618228,0.0001007527104497043
1.211528509428296e-05,1.0,3.29999998361822,0.0001007527117499619
1.231528509428296e-05,1.0,3.299999983618996,0.0001007527130318166
1.251528509428296e-05,1.0,3.299999983616663,0.0001007527142950372
1.271528509428295e-05,1.0,3.299999983617046,0.0001007527155404765
1.291528509428295e-05,1.0,3.29999998361439,0.0001007527167674772
1.311528509428295e-05,1.0,3.299999983614,0.0001007527179770697
1.331528509428295e-05,1.0,3.299999983614035,0.0001007527191698933
1.351528509428295e-05,1.0,3.299999983612913,0.0001007527203455751
1.371528509428294e-05,1.0,3.299999983611237,0.0001007527215043814
1.391528509428294e-05,1.0,3.299999983612123,0.0001007527226460105
1.411528509428294e-05,1.0,3.299999983610001,0.000100752723771599
1.431528509428294e-05,1.0,3.299999983609097,0.0001007527248813957
1.451528509428294e-05,1.0,3.299999983610159,0.0001007527259751519
1.471528509428293e-05,1.0,3.299999983607975,0.000100752727053063
1.491528509428293e-05,1.0,3.2999999836069,0.0001007527281153776
1.511528509428293e-05,1.0,3.299999983605384,0.0001007527291631262
1.531528509428294e-05,1.0,3.299999983604593,0.0001007527301949941
1.551528509428297e-05,1.0,3.299999983602822,0.0001007527312130065
1.5715285094283e-05,1.0,3.299999983604287,0.000100752732215298
1.591528509428303e-05,1.0,3.299999983602262,0.0001007527332043202
1.611528509428306e-05,1.0,3.299999983602964,0.0001007527341782434
1.63152850942831e-05,1.0,3.299999983601098,0.0001007527351385597
1.651528509428313e-05,1.0,3.299999983600978,0.0001007527360851802
1.671528509428316e-05,1.0,3.299999983598947,0.0001007527370178386
1.691528509428319e-05,1.0,3.299999983600271,0.0001007527379375119
1.711528509428322e-05,1.0,3.299999983599333,0.0001007527388439868
1.731528509428326e-05,1.0,3.299999983598287,0.0001007527397369258
1.751528509428329e-05,1.0,3.299999983598453,0.0001007527406174837
1.771528509428332e-05,1.0,3.299999983597986,0.0001007527414853405
1.791528509428335e-05,1.0,3.299999983595918,0.0001007527423407274
1.811528509428338e-05,1.0,3.299999983595177,0.0001007527431838397
1.831528509428342e-05,1.0,3.299999983594105,0.0001007527440145707
1.851528509428345e-05,1.0,3.29999998359296,0.0001007527448332403
1.871528509428348e-05,1.0,3.299999983593744,0.0001007527456411451
1.891528509428351e-05,1.0,3.299999983591288,0.0001007527464358161
1.911528509428354e-05,1.0,3.29999998359093,0.0001007527472198645
1.931528509428358e-05,1.0,3.299999983591612,0.0001007527479927929
1.951528509428361e-05,1.0,3.299999983591547,0.000100752748754246
1.971528509428364e-05,1.0,3.29999998359125,0.0001007527495048456
1.991528509428367e-05,1.0,3.299999983587167,0.0001007527502450713
2.01152850942837e-05,1.0,3.299999983587639,0.0001007527509737861
2.031528509428374e-05,1.0,3.299999983588085,0.0001007527516924291
2.051528509428377e-05,1.0,3.299999983583159,0.0001007527524008579
2.07152850942838e-05,1.0,3.29999998358342,0.0001007527530983267
2.091528509428383e-05,1.0,3.299999983583227,0.0001007527537864518
2.111528509428386e-05,1.0,3.299999983583278,0.0001007527544645938
2.13152850942839e-05,1.0,3.299999983581392,0.0001007527551328237
2.151528509428393e-05,1.0,3.299999983580775,0.0001007527557911415
2.171528509428396e-05,1.0,3.299999983580536,0.0001007527564398671
2.191528509428399e-05,1.0,3.299999983581602,0.0001007527570796753
2.211528509428402e-05,1.0,3.29999998357781,0.0001007527577099622
2.231528509428406e-05,1.0,3.299999983580335,0.000100752758331243
2.251528509428409e-05,1.0,3.299999983576483,0.0001007527589433933
2.271528509428412e-05,1.0,3.29999998357802,0.0001007527595467862
2.291528509428415e-05,1.0,3.29999998357768,0.000100752760141244
2.311528509428418e-05,1.0,3.299999983577627,0.0001007527607272642
2.331528509428422e-05,1.0,3.29999998357561,0.000100752761304669
2.351528509428425e-05,1.0,3.299999983575442,0.0001007527618737782
2.371528509428428e-05,1.0,3.299999983574613,0.0001007527624345385
2.391528509428431e-05,1.0,3.299999983574964,0.000100752762987323
2.411528509428434e-05,1.0,3.299999983573562,0.0001007527635318119
2.431528509428438e-05,1.0,3.299999983573116,0.0001007527640683249
2.451528509428441e-05,1.0,3.299999983568915,0.000100752764597395
2.471528509428444e-05,1.0,3.299999983569687,0.0001007527651182406
2.491528509428447e-05,1.0,3.299999983568325,0.0001007527656318742
2.51152850942845e-05,1.0,3.29999998356764,0.0001007527661379938
2.531528509428454e-05,1.0,3.299999983568699,0.0001007527666365106
2.551528509428457e-05,1.0,3.299999983566693,0.0001007527671276733
2.57152850942846e-05,1.0,3.299999983566578,0.0001007527676120147
2.591528509428463e-05,1.0,3.299999983563466,0.0001007527680892507
2.611528509428466e-05,1.0,3.299999983564669,0.0001007527685597011
2.63152850942847e-05,1.0,3.299999983562509,0.0001007527690226907
2.651528509428473e-05,1.0,3.299999983563394,0.0001007527694795519
2.671528509428476e-05,1.0,3.299999983562359,0.00010075276992929
2.691528509428479e-05,1.0,3.299999983561056,0.0001007527703724377
2.711528509428482e-05,1.0,3.299999983561922,0.0001007527708091906
2.731528509428486e-05,1.0,3.299999983559313,0.0001007527712397439
2.751528509428489e-05,1.0,3.299999983560209,0.0001007527716638314
2.771528509428492e-05,1.0,3.299999983558871,0.0001007527720815062
2.791528509428495e-05,1.0,3.299999983557891,0.0001007527724934611
2.811528509428498e-05,1.0,3.299999983556533,0.0001007527728991099
2.831528509428501e-05,1.0,3.299999983554998,0.0001007527732991277
2.851528509428505e-05,1.0,3.299999983551814,0.0001007527736925907
2.871528509428508e-05,1.0,3.299999983552266,0.0001007527740809024
2.891528509428511e-05,1.0,3.299999983552652,0.0001007527744633875
2.911528509428514e-05,1.0,3.29999998355083,0.0001007527748403482
2.931528509428517e-05,1.0,3.299999983550832,0.0001007527752116245
2.951528509428521e-05,1.0,3.299999983549832,0.0001007527755771988
2.971528509428524e-05,1.0,3.299999983548564,0.0001007527759373551
2.991528509428527e-05,1.0,3.299999983549568,0.0001007527762925554
3.01152850942853e-05,1.0,3.29999998354966,0.0001007527766423023
3.031528509428533e-05,1.0,3.299999983546737,0.0001007527769865425
3.051528509428537e-05,1.0,3.299999983547934,0.0001007527773258977
3.07152850942854e-05,1.0,3.29999998354363,0.0001007527776601903
3.091528509428543e-05,1.0,3.299999983545388,0.0001007527779893137
3.111528509428546e-05,1.0,3.299999983542794,0.0001007527783141739
3.131528509428549e-05,1.0,3.299999983541544,0.0001007527786334385
3.151528509428553e-05,1.0,3.299999983540982,0.0001007527789484931
3.171528509428556e-05,1.0,3.299999983537985,0.0001007527792585207
3.191528509428559e-05,1.0,3.29999998353796,0.0001007527795644982
3.211528509428562e-05,1.0,3.299999983537674,0.0001007527798655374
3.231528509428565e-05,1.0,3.299999983537757,0.0001007527801623488
3.251528509428569e-05,1.0,3.299999983535349,0.0001007527804539378
3.271528509428572e-05,1.0,3.299999983533929,0.0001007527807416188
3.291528509428575e-05,1.0,3.299999983533003,0.0001007527810250543
3.311528509428578e-05,1.0,3.29999998353399,0.0001007527813043153
3.331528509428581e-05,1.0,3.299999983531873,0.0001007527815791
3.351528509428585e-05,1.0,3.299999983532879,0.0001007527818506872
3.371528509428588e-05,1.0,3.299999983529784,0.0001007527821179223
3.391528509428591e-05,1.0,3.299999983529483,0.0001007527823789935
3.411528509428594e-05,1.0,3.299999983530765,0.000100752782638306
3.431528509428597e-05,1.0,3.299999983526014,0.0001007527828934442
3.451528509428601e-05,1.0,3.299999983528717,0.0001007527831442125
3.471528509428604e-05,1.0,3.299999983525497,0.0001007527833914636
3.491528509428607e-05,1.0,3.299999983525422,0.000100752783634558
3.51152850942861e-05,1.0,3.299999983522501,0.0001007527838746149
3.531528509428613e-05,1.0,3.299999983521008,0.000100752784110746
3.551528509428617e-05,1.0,3.29999998352098,0.0001007527843436086
3.57152850942862e-05,1.0,3.299999983518093,0.000100752784572279
3.591528509428623e-05,1.0,3.299999983518401,0.0001007527847979296
3.611528509428626e-05,1.0,3.299999983518335,0.0001007527850199742
3.631528509428629e-05,1.0,3.299999983516577,0.0001007527852388569
3.651528509428633e-05,1.0,3.299999983516492,0.0001007527854537606
3.671528509428636e-05,1.0,3.299999983513475,0.0001007527856658931
3.691528509428639e-05,1.0,3.299999983513972,0.0001007527858748637
3.711528509428642e-05,1.0,3.29999998350944,0.0001007527860807968
3.731528509428645e-05,1.0,3.29999998351231,0.000100752786283035
3.751528509428649e-05,1.0,3.299999983511114,0.0001007527864823067
3.771528509428652e-05,1.0,3.299999983510672,0.0001007527866788606
3.791528509428655e-05,1.0,3.29999998350911,0.0001007527868722881
3.811528509428658e-05,1.0,3.299999983508637,0.000100752787062376
3.831528509428661e-05,1.0,3.299999983505901,0.0001007527872495863
3.851528509428665e-05,1.0,3.299999983504948,0.000100752787434132
3.871528509428668e-05,1.0,3.299999983504906,0.0001007527876156757
3.891528509428671e-05,1.0,3.299999983505458,0.000100752787794164
3.911528509428674e-05,1.0,3.299999983503114,0.0001007527879701654
3.931528509428677e-05,1.0,3.299999983500976,0.0001007527881433425
3.95152850942868e-05,1.0,3.299999983499827,0.0001007527883136063
3.971528509428684e-05,1.0,3.299999983500842,0.0001007527884814187
3.991528509428687e-05,1.0,3.299999983498804,0.0001007527886468686
4.01152850942869e-05,1.0,3.299999983498161,0.000100752788809121
4.031528509428693e-05,1.0,3.299999983497605,0.0001007527889696859
4.051528509428696e-05,1.0,3.299999983495959,0.0001007527891273553
4.0715285094287e-05,1.0,3.299999983496548,0.0001007527892816852
4.091528509428703e-05,1.0,3.299999983492755,0.0001007527894345762
4.111528509428706e-05,1.0,3.299999983493161,0.0001007527895847495
4.131528509428709e-05,1.0,3.299999983492382,0.0001007527897325423
4.151528509428712e-05,1.0,3.299999983487766,0.0001007527898775286
4.171528509428716e-05,1.0,3.299999983488481,0.0001007527900210227
4.191528509428719e-05,1.0,3.299999983487803,0.000100752790161497
4.211528509428722e-05,1.0,3.299999983484047,0.0001007527903002127
4.231528509428725e-05,1.0,3.299999983486698,0.0001007527904365303
4.251528509428728e-05,1.0,3.299999983485486,0.0001007527905708229
4.271528509428732e-05,1.0,3.299999983481584,0.000100752790702522
4.291528509428735e-05,1.0,3.299999983481315,0.000100752790832125
4.311528509428738e-05,1.0,3.299999983479979,0.0001007527909600049
4.331528509428741e-05,1.0,3.299999983480629,0.0001007527910858598
4.351528509428744e-05,1.0,3.299999983478394,0.0001007527912096008
4.371528509428748e-05,1.0,3.299999983476549,0.0001007527913316365
4.391528509428751e-05,1.0,3.299999983476392,0.0001007527914514696
4.411528509428754e-05,1.0,3.299999983473704,0.0001007527915691532
4.431528509428757e-05,1.0,3.29999998347312,0.000100752791683817
4.45152850942876e-05,1.0,3.299999983470853,0.0001007527917976993
4.471528509428764e-05,1.0,3.299999983473752,0.0001007527919094321
4.491528509428767e-05,1.0,3.299999983470319,0.0001007527920196195
4.51152850942877e-05,1.0,3.299999983468628,0.0001007527921278174
4.531528509428773e-05,1.0,3.29999998346789,0.0001007527922339547
4.551528509428776e-05,1.0,3.299999983467128,0.000100752792338671
4.57152850942878e-05,1.0,3.299999983465017,0.0001007527924416819
4.591528509428783e-05,1.0,3.299999983463501,0.0001007527925431297
4.611528509428786e-05,1.0,3.299999983464181,0.0001007527926426234
4.631528509428789e-05,1.0,3.299999983462111,0.0001007527927401987
4.651528509428792e-05,1.0,3.299999983459977,0.0001007527928362641
4.671528509428796e-05,1.0,3.299999983459282,0.0001007527929306952
4.691528509428799e-05,1.0,3.299999983460022,0.0001007527930235809
4.711528509428802e-05,1.0,3.299999983455799,0.0001007527931147791
4.731528509428805e-05,1.0,3.299999983455483,0.0001007527932045206
4.751528509428808e-05,1.0,3.29999998345437,0.0001007527932930365
4.771528509428812e-05,1.0,3.299999983452172,0.0001007527933801845
4.791528509428815e-05,1.0,3.299999983451313,0.0001007527934649345
4.811528509428818e-05,1.0,3.299999983451977,0.0001007527935488674
4.831528509428821e-05,1.0,3.299999983450584,0.0001007527936306686
4.851528509428824e-05,1.0,3.299999983444661,0.0001007527937117948
4.871528509428828e-05,1.0,3.2999999834437,0.0001007527937914467
4.891528509428831e-05,1.0,3.299999983442608,0.0001007527938691268
4.911528509428834e-05,1.0,3.299999983441954,0.0001007527939457943
4.931528509428837e-05,1.0,3.299999983440387,0.0001007527940212717
4.95152850942884e-05,1.0,3.299999983442363,0.000100752794094955
4.971528509428844e-05,1.0,3.299999983438968,0.0001007527941672172
4.991528509428847e-05,1.0,3.299999983438985,0.0001007527942388399
5.01152850942885e-05,1.0,3.299999983435092,0.0001007527943086862
5.031528509428853e-05,1.0,3.299999983436462,0.000100752794377147
5.051528509428856e-05,1.0,3.299999983431995,0.0001007527944448085
5.07152850942886e-05,1.0,3.299999983432049,0.0001007527945109067
5.091528509428863e-05,1.0,3.299999983430423,0.0001007527945759569
5.111528509428866e-05,1.0,3.29999998342918,0.0001007527946393906
5.131528509428869e-05,1.0,3.299999983428649,0.0001007527947022381
5.151528509428872e-05,1.0,3.299999983427053,0.000100752794763629
5.171528509428875e-05,1.0,3.299999983426289,0.000100752794824185
5.191528509428879e-05,1.0,3.299999983424962,0.0001007527948832311
5.211528509428882e-05,1.0,3.299999983423966,0.0001007527949409982
5.231528509428885e-05,1.0,3.299999983421998,0.0001007527949982324
5.251528509428888e-05,1.0,3.299999983422144,0.000100752795054241
5.271528509428891e-05,1.0,3.299999983420109,0.0001007527951087219
5.291528509428895e-05,1.0,3.299999983418251,0.0001007527951624744
5.311528509428898e-05,1.0,3.299999983417497,0.0001007527952152144
5.331528509428901e-05,1.0,3.299999983411607,0.0001007527952666577
5.351528509428904e-05,1.0,3.299999983411409,0.0001007527953171596
5.371528509428907e-05,1.0,3.299999983410392,0.0001007527953669508
5.391528509428911e-05,1.0,3.299999983409559,0.0001007527954160316
5.411528509428914e-05,1.0,3.299999983409446,0.0001007527954632649
5.431528509428917e-05,1.0,3.299999983406706,0.000100752795510143
5.45152850942892e-05,1.0,3.299999983406557,0.0001007527955556355
5.471528509428923e-05,1.0,3.299999983401892,0.0001007527956000266
5.491528509428927e-05,1.0,3.299999983402287,0.000100752795644027
5.51152850942893e-05,1.0,3.299999983399986,0.000100752795687974
5.531528509428933e-05,1.0,3.29999998339786,0.0001007527957298428
5.551528509428936e-05,1.0,3.299999983395184,0.0001007527957711076
5.571528509428939e-05,1.0,3.299999983392802,0.0001007527958105249
5.591528509428943e-05,1.0,3.299999983394392,0.0001007527958502087
5.611528509428946e-05,1.0,3.299999983394974,0.0001007527958887379
5.631528509428949e-05,1.0,3.299999983391332,0.0001007527959263967
5.651528509428952e-05,1.0,3.299999983391232,0.0001007527959635225
5.671528509428955e-05,1.0,3.299999983389613,0.000100752795999476
5.691528509428959e-05,1.0,3.29999998338824,0.0001007527960349854
5.711528509428962e-05,1.0,3.299999983386185,0.0001007527960694112
5.731528509428965e-05,1.0,3.299999983385299,0.0001007527961035172
5.751528509428968e-05,1.0,3.299999983382122,0.0001007527961361489
5.771528509428971e-05,1.0,3.299999983381134,0.0001007527961684786
5.791528509428975e-05,1.0,3.29999998337844,0.0001007527962003109
5.811528509428978e-05,1.0,3.299999983381029,0.0001007527962305978
5.831528509428981e-05,1.0,3.299999983375518,0.0001007527962609735
5.851528509428984e-05,1.0,3.299999983374894,0.0001007527962896439
5.871528509428987e-05,1.0,3.299999983374788,0.0001007527963184741
5.891528509428991e-05,1.0,3.299999983372852,0.0001007527963463452
5.911528509428994e-05,1.0,3.299999983370421,0.000100752796373257
5.931528509428997e-05,1.0,3.299999983370593,0.0001007527964000977
5.951528509429e-05,1.0,3.299999983368625,0.0001007527964259615
5.971528509429003e-05,1.0,3.299999983366231,0.0001007527964510969
5.991528509429007e-05,1.0,3.299999983365325,0.0001007527964752554
6.01152850942901e-05,1.0,3.299999983363655,0.0001007527964996625
6.031528509429013e-05,1.0,3.299999983362623,0.0001007527965229328
6.051528509429016e-05,1.0,3.299999983358937,0.0001007527965450662
6.071528509429019e-05,1.0,3.299999983354176,0.0001007527965675727
6.091528509429023e-05,1.0,3.299999983354806,0.0001007527965890133
6.11152850942902e-05,1.0,3.299999983353711,0.0001007527966093881
6.13152850942901e-05,1.0,3.299999983351797,0.0001007527966300827
6.151528509429e-05,1.0,3.299999983349443,0.0001007527966494805
6.171528509428989e-05,1.0,3.299999983348056,0.0001007527966686118
6.191528509428979e-05,1.0,3.299999983347286,0.0001007527966870682
6.211528509428969e-05,1.0,3.299999983344127,0.0001007527967051515
6.231528509428958e-05,1.0,3.299999983343888,0.0001007527967222934
6.251528509428948e-05,1.0,3.299999983342581,0.0001007527967393819
6.271528509428937e-05,1.0,3.299999983339414,0.0001007527967556533
6.291528509428927e-05,1.0,3.299999983337966,0.0001007527967715695
6.311528509428917e-05,1.0,3.29999998333895,0.0001007527967870948
6.331528509428906e-05,1.0,3.299999983333612,0.0001007527968014478
6.351528509428896e-05,1.0,3.299999983335277,0.0001007527968156054
6.371528509428886e-05,1.0,3.299999983333168,0.000100752796829159
6.391528509428875e-05,1.0,3.299999983331144,0.0001007527968427659
6.411528509428865e-05,1.0,3.299999983328182,0.0001007527968553247
6.431528509428855e-05,1.0,3.299999983327619,0.0001007527968675105
6.451528509428844e-05,1.0,3.299999983326215,0.0001007527968796253
6.471528509428834e-05,1.0,3.299999983325883,0.0001007527968907808
6.491528509428824e-05,1.0,3.299999983323827,0.0001007527969021317
6.511528509428813e-05,1.0,3.299999983321907,0.0001007527969121326
6.531528509428803e-05,1.0,3.299999983318677,0.0001007527969221335
6.551528509428792e-05,1.0,3.299999983318206,0.0001007527969317791
6.571528509428782e-05,1.0,3.299999983316313,0.000100752796940501
6.591528509428772e-05,1.0,3.299999983311845,0.0001007527969493828
6.611528509428761e-05,1.0,3.29999998331347,0.0001007527969578383
6.631528509428751e-05,1.0,3.299999983310466,0.0001007527969654944
6.651528509428741e-05,1.0,3.299999983309945,0.0001007527969728307
6.67152850942873e-05,1.0,3.299999983306233,0.000100752796980025
6.69152850942872e-05,1.0,3.299999983306415,0.0001007527969864376
6.71152850942871e-05,1.0,3.299999983302947,0.0001007527969927614
6.731528509428699e-05,1.0,3.299999983302651,0.0001007527969987122
6.751528509428689e-05,1.0,3.299999983302444,0.0001007527970050005
6.771528509428679e-05,1.0,3.299999983298458,0.0001007527970097434
6.791528509428668e-05,1.0,3.299999983298803,0.000100752797014433
6.811528509428658e-05,1.0,3.299999983296385,0.0001007527970186607
6.831528509428648e-05,1.0,3.299999983293647,0.0001007527970223378
6.851528509428637e-05,1.0,3.299999983288741,0.0001007527970257129
6.871528509428627e-05,1.0,3.299999983288716,0.0001007527970293721
6.891528509428616e-05,1.0,3.299999983287988,0.0001007527970329249
6.911528509428606e-05,1.0,3.299999983289072,0.0001007527970347368
6.931528509428596e-05,1.0,3.299999983282992,0.0001007527970369572
6.951528509428585e-05,1.0,3.299999983284355,0.0001007527970387868
6.971528509428575e-05,1.0,3.299999983280463,0.0001007527970404389
6.991528509428565e-05,1.0,3.299999983279198,0.0001007527970417711
7.011528509428554e-05,1.0,3.2999999832787,0.0001007527970424284
7.031528509428544e-05,1.0,3.299999983275097,0.0001007527970434764
7.051528509428534e-05,1.0,3.299999983274954,0.0001007527970434764
7.071528509428523e-05,1.0,3.299999983271752,0.000100752797043583
7.091528509428513e-05,1.0,3.299999983270388,0.0001007527970435652
7.111528509428503e-05,1.0,3.299999983268515,0.0001007527970426771
7.131528509428492e-05,1.0,3.299999983266082,0.0001007527970421974
7.151528509428482e-05,1.0,3.299999983264836,0.0001007527970410606
7.171528509428471e-05,1.0,3.299999983263304,0.0001007527970394974
7.191528509428461e-05,1.0,3.299999983261626,0.0001007527970375967
7.211528509428451e-05,1.0,3.299999983260332,0.0001007527970357137
7.23152850942844e-05,1.0,3.299999983257224,0.0001007527970331913
7.25152850942843e-05,1.0,3.299999983257024,0.0001007527970307222
7.27152850942842e-05,1.0,3.299999983254001,0.0001007527970275958
7.291528509428409e-05,1.0,3.299999983253644,0.0001007527970245937
7.311528509428399e-05,1.0,3.299999983252369,0.0001007527970214851
7.331528509428389e-05,1.0,3.299999983250085,0.0001007527970178081
7.351528509428378e-05,1.0,3.299999983245272,0.0001007527970135803
7.371528509428368e-05,1.0,3.299999983244728,0.0001007527970095125
7.391528509428358e-05,1.0,3.29999998324542,0.0001007527970054624
7.411528509428347e-05,1.0,3.299999983241198,0.0001007527970008083
7.431528509428337e-05,1.0,3.299999983241839,0.0001007527969959589
7.451528509428326e-05,1.0,3.299999983238692,0.0001007527969906476
7.471528509428316e-05,1.0,3.299999983235907,0.0001007527969851586
7.491528509428306e-05,1.0,3.299999983235923,0.0001007527969798651
7.511528509428295e-05,1.0,3.299999983233078,0.0001007527969742873
7.531528509428285e-05,1.0,3.299999983231158,0.0001007527969681056
7.551528509428275e-05,1.0,3.299999983229001,0.0001007527969619594
7.571528509428264e-05,1.0,3.29999998322759,0.0001007527969552625
7.591528509428254e-05,1.0,3.29999998322652,0.0001007527969485479
7.611528509428244e-05,1.0,3.299999983222826,0.0001007527969418333
7.631528509428233e-05,1.0,3.299999983219839,0.0001007527969345857
7.651528509428223e-05,1.0,3.299999983219939,0.0001007527969276757
7.671528509428213e-05,1.0,3.29999998321495,0.000100752796920144
7.691528509428202e-05,1.0,3.299999983213942,0.0001007527969123813
7.711528509428192e-05,1.0,3.299999983213132,0.0001007527969047074
7.731528509428181e-05,1.0,3.299999983211739,0.0001007527968965895
7.751528509428171e-05,1.0,3.29999998320802,0.0001007527968886314
7.771528509428161e-05,1.0,3.299999983206981,0.0001007527968801227
7.79152850942815e-05,1.0,3.299999983205385,0.000100752796871152
7.81152850942814e-05,1.0,3.299999983203442,0.0001007527968621992
7.83152850942813e-05,1.0,3.299999983200844,0.0001007527968536016
7.85152850942812e-05,1.0,3.299999983199276,0.0001007527968447376
7.871528509428109e-05,1.0,3.299999983195966,0.0001007527968353052
7.891528509428099e-05,1.0,3.299999983196256,0.0001007527968256951
7.911528509428088e-05,1.0,3.299999983192205,0.0001007527968156587
7.931528509428078e-05,1.0,3.299999983191844,0.0001007527968058887
7.951528509428068e-05,1.0,3.299999983190676,0.0001007527967959589
7.971528509428057e-05,1.0,3.299999983189348,0.0001007527967860646
7.991528509428047e-05,1.0,3.299999983186544,0.0001007527967752821
8.011528509428037e-05,1.0,3.299999983185898,0.0001007527967648193
8.031528509428026e-05,1.0,3.299999983183902,0.0001007527967544809
8.051528509428016e-05,1.0,3.299999983180284,0.0001007527967439471
8.071528509428005e-05,1.0,3.299999983178325,0.0001007527967326317
8.091528509427995e-05,1.0,3.299999983177441,0.0001007527967219914
8.111528509427985e-05,1.0,3.299999983175989,0.0001007527967103562
8.131528509427974e-05,1.0,3.299999983173614,0.0001007527966990941
8.151528509427964e-05,1.0,3.299999983171559,0.0001007527966877432
8.171528509427954e-05,1.0,3.299999983167754,0.0001007527966758061
8.191528509427943e-05,1.0,3.299999983166443,0.0001007527966647749
8.211528509427933e-05,1.0,3.299999983163552,0.0001007527966531931
8.231528509427923e-05,1.0,3.299999983161445,0.0001007527966409184
8.251528509427912e-05,1.0,3.299999983159897,0.0001007527966280221
8.271528509427902e-05,1.0,3.299999983158002,0.0001007527966160494
8.291528509427892e-05,1.0,3.29999998315335,0.0001007527966033485
8.311528509427881e-05,1.0,3.299999983152117,0.0001007527965908252
8.331528509427871e-05,1.0,3.299999983149443,0.0001007527965777512
8.35152850942786e-05,1.0,3.299999983149168,0.0001007527965648371
8.37152850942785e-05,1.0,3.299999983148425,0.000100752796552296
8.39152850942784e-05,1.0,3.299999983145255,0.0001007527965388312
8.41152850942783e-05,1.0,3.299999983144795,0.0001007527965258283
8.431528509427819e-05,1.0,3.299999983143107,0.000100752796512328
8.451528509427809e-05,1.0,3.299999983138387,0.0001007527964989875
8.471528509427798e-05,1.0,3.299999983135364,0.0001007527964857892
8.491528509427788e-05,1.0,3.299999983135546,0.0001007527964716316
8.511528509427778e-05,1.0,3.299999983132075,0.0001007527964580425
8.531528509427767e-05,1.0,3.299999983131626,0.0001007527964440803
8.551528509427757e-05,1.0,3.299999983126989,0.0001007527964301537
8.571528509427747e-05,1.0,3.299999983125187,0.000100752796416156
8.591528509427736e-05,1.0,3.299999983125312,0.0001007527964019984
8.611528509427726e-05,1.0,3.299999983121916,0.0001007527963877698
8.631528509427715e-05,1.0,3.299999983121299,0.0001007527963734702
8.651528509427705e-05,1.0,3.299999983118611,0.0001007527963587797
8.671528509427695e-05,1.0,3.299999983115647,0.0001007527963439826
8.691528509427684e-05,1.0,3.299999983116705,0.0001007527963292744
8.711528509427674e-05,1.0,3.299999983110278,0.000100752796314726
8.731528509427664e-05,1.0,3.299999983109896,0.0001007527963000356
8.751528509427653e-05,1.0,3.299999983106737,0.0001007527962847411
8.771528509427643e-05,1.0,3.299999983105066,0.0001007527962696066
8.791528509427633e-05,1.0,3.29999998310452,0.000100752796254774
8.811528509427622e-05,1.0,3.299999983100851,0.0001007527962394085
8.831528509427612e-05,1.0,3.299999983097485,0.000100752796224043
8.851528509427602e-05,1.0,3.299999983098047,0.0001007527962088196
8.871528509427591e-05,1.0,3.299999983095332,0.0001007527961934186
8.891528509427581e-05,1.0,3.299999983093695,0.0001007527961775558
8.91152850942757e-05,1.0,3.299999983091711,0.0001007527961621903
8.93152850942756e-05,1.0,3.299999983090049,0.0001007527961461853
8.95152850942755e-05,1.0,3.299999983087169,0.0001007527961304645
8.97152850942754e-05,1.0,3.299999983084831,0.0001007527961146727
8.991528509427529e-05,1.0,3.299999983083708,0.0001007527960987388
9.011528509427519e-05,1.0,3.299999983080939,0.0001007527960827161
9.031528509427508e-05,1.0,3.299999983080615,0.0001007527960669243
9.051528509427498e-05,1.0,3.299999983077841,0.0001007527960498712
9.071528509427488e-05,1.0,3.299999983075806,0.0001007527960339018
9.091528509427477e-05,1.0,3.299999983072758,0.0001007527960173994
9.111528509427467e-05,1.0,3.299999983068103,0.0001007527960009148
9.131528509427457e-05,1.0,3.299999983066638,0.0001007527959846434
9.151528509427446e-05,1.0,3.299999983065558,0.000100752795968372
9.171528509427436e-05,1.0,3.29999998306292,0.0001007527959516032
9.191528509427426e-05,1.0,3.299999983061962,0.0001007527959351186
9.211528509427415e-05,1.0,3.299999983058384,0.0001007527959182254
9.231528509427405e-05,1.0,3.299999983056451,0.0001007527959015277
9.251528509427394e-05,1.0,3.299999983054101,0.0001007527958844569
9.271528509427384e-05,1.0,3.299999983051685,0.0001007527958677769
9.291528509427374e-05,1.0,3.29999998305123,0.0001007527958503508
9.311528509427363e-05,1.0,3.299999983047878,0.0001007527958336708
9.331528509427353e-05,1.0,3.29999998304673,0.0001007527958166001
9.351528509427343e-05,1.0,3.299999983044177,0.0001007527957994227
9.371528509427332e-05,1.0,3.29999998304234,0.0001007527957819966
9.391528509427322e-05,1.0,3.29999998303839,0.0001007527957651212
9.411528509427312e-05,1.0,3.299999983036951,0.0001007527957477129
9.431528509427301e-05,1.0,3.299999983032941,0.000100752795730429
9.451528509427291e-05,1.0,3.299999983029062,0.0001007527957131095
9.47152850942728e-05,1.0,3.299999983029167,0.0001007527956958433
9.49152850942727e-05,1.0,3.299999983027755,0.0001007527956782219
9.51152850942726e-05,1.0,3.299999983023822,0.000100752795660707
9.53152850942725e-05,1.0,3.299999983023814,0.0001007527956429434
9.551528509427239e-05,1.0,3.299999983021041,0.0001007527956252509
9.571528509427229e-05,1.0,3.299999983017491,0.0001007527956078959
9.591528509427218e-05,1.0,3.299999983015751,0.0001007527955895994
9.611528509427208e-05,1.0,3.299999983013351,0.0001007527955720312
9.631528509427198e-05,1.0,3.299999983013184,0.0001007527955542144
9.651528509427187e-05,1.0,3.299999983008155,0.0001007527955363798
9.671528509427177e-05,1.0,3.299999983007416,0.0001007527955184385
9.691528509427167e-05,1.0,3.299999983006102,0.0001007527955003552
9.711528509427156e-05,1.0,3.299999983003218,0.0001007527954826627
9.731528509427146e-05,1.0,3.299999983000575,0.0001007527954643485
9.751528509427136e-05,1.0,3.299999982999228,0.0001007527954459987
9.771528509427125e-05,1.0,3.299999982995813,0.0001007527954282351
9.791528509427115e-05,1.0,3.299999982993064,0.0001007527954097788
9.811528509427104e-05,1.0,3.299999982992302,0.0001007527953915179
9.831528509427094e-05,1.0,3.299999982989651,0.0001007527953730615
9.851528509427084e-05,1.0,3.299999982985485,0.0001007527953552447
9.871528509427073e-05,1.0,3.299999982985745,0.0001007527953371791
9.891528509427063e-05,1.0,3.299999982984093,0.0001007527953187405
9.911528509427053e-05,1.0,3.299999982980337,0.0001007527953002309
9.931528509427042e-05,1.0,3.299999982978509,0.0001007527952818633
9.951528509427032e-05,1.0,3.299999982975455,0.0001007527952631228
9.971528509427022e-05,1.0,3.299999982972351,0.0001007527952446664
9.991528509427011e-05,1.0,3.299999982970837,0.0001007527952258903
0.00010011528509427,1.0,3.299999982969358,0.0001007527952076649
0.0001003152850942699,1.0,3.29999998296757,0.0001007527951888711
0.0001005152850942698,1.0,3.299999982964819,0.0001007527951701305
0.0001007152850942697,1.0,3.29999998296177,0.0001007527951517807
0.0001009152850942696,1.0,3.299999982956983,0.0001007527951327204
0.0001011152850942695,1.0,3.299999982955935,0.0001007527951142108
0.0001013152850942694,1.0,3.299999982956018,0.0001007527950951505
0.0001015152850942693,1.0,3.299999982954819,0.0001007527950765343
0.0001017152850942692,1.0,3.299999982952151,0.0001007527950573318
0.0001019152850942691,1.0,3.299999982949822,0.0001007527950389288
0.000102115285094269,1.0,3.299999982946678,0.0001007527950202238
0.0001023152850942689,1.0,3.299999982942931,0.0001007527950008082
0.0001025152850942688,1.0,3.299999982942961,0.0001007527949822275
0.0001027152850942687,1.0,3.299999982939595,0.0001007527949634336
0.0001029152850942686,1.0,3.299999982937101,0.0001007527949440003
0.0001031152850942685,1.0,3.299999982934868,0.0001007527949251531
0.0001033152850942684,1.0,3.299999982933935,0.0001007527949060395
0.0001035152850942682,1.0,3.299999982929544,0.0001007527948869437
0.0001037152850942681,1.0,3.299999982928552,0.0001007527948684873
0.000103915285094268,1.0,3.299999982925464,0.0001007527948492316
0.0001041152850942679,1.0,3.299999982919309,0.0001007527948298161
0.0001043152850942678,1.0,3.299999982918065,0.0001007527948106669
0.0001045152850942677,1.0,3.299999982917324,0.0001007527947917132
0.0001047152850942676,1.0,3.29999998291378,0.000100752794772191
0.0001049152850942675,1.0,3.299999982912298,0.0001007527947537169
0.0001051152850942674,1.0,3.299999982911748,0.0001007527947343724
0.0001053152850942673,1.0,3.299999982910812,0.000100752794714797
0.0001055152850942672,1.0,3.299999982904554,0.0001007527946960209
0.0001057152850942671,1.0,3.299999982902905,0.0001007527946767474
0.000105915285094267,1.0,3.299999982902694,0.0001007527946570298
0.0001061152850942669,1.0,3.299999982900863,0.0001007527946380939
0.0001063152850942668,1.0,3.299999982895746,0.0001007527946188737
0.0001065152850942667,1.0,3.299999982894589,0.0001007527945992094
0.0001067152850942666,1.0,3.299999982893212,0.0001007527945800248
0.0001069152850942665,1.0,3.299999982889789,0.0001007527945608046
0.0001071152850942664,1.0,3.299999982889004,0.0001007527945411758
0.0001073152850942663,1.0,3.299999982885576,0.0001007527945217958
0.0001075152850942662,1.0,3.29999998288153,0.0001007527945021848
0.0001077152850942661,1.0,3.299999982881547,0.0001007527944831067
0.000107915285094266,1.0,3.299999982880892,0.0001007527944637267
0.0001081152850942659,1.0,3.299999982878024,0.0001007527944444177
0.0001083152850942658,1.0,3.299999982875862,0.0001007527944253574
0.0001085152850942657,1.0,3.299999982873208,0.0001007527944054444
0.0001087152850942656,1.0,3.299999982869358,0.0001007527943858157
0.0001089152850942655,1.0,3.299999982865823,0.0001007527943663113
0.0001091152850942653,1.0,3.299999982863597,0.0001007527943466648
0.0001093152850942652,1.0,3.299999982862108,0.0001007527943272314
0.0001095152850942651,1.0,3.299999982859184,0.0001007527943077448
0.000109715285094265,1.0,3.299999982858189,0.0001007527942882404
0.0001099152850942649,1.0,3.299999982856195,0.000100752794268736
0.0001101152850942648,1.0,3.299999982852147,0.0001007527942492494
0.0001103152850942647,1.0,3.299999982851809,0.0001007527942296384
0.0001105152850942646,1.0,3.29999998284711,0.000100752794209832
0.0001107152850942645,1.0,3.299999982846278,0.000100752794190523
0.0001109152850942644,1.0,3.299999982841407,0.0001007527941703791
0.0001111152850942643,1.0,3.29999998283974,0.0001007527941510346
0.0001113152850942642,1.0,3.299999982838417,0.0001007527941316368
0.0001115152850942641,1.0,3.299999982837393,0.0001007527941119014
0.000111715285094264,1.0,3.29999998283288,0.0001007527940926102
0.0001119152850942639,1.0,3.29999998283135,0.0001007527940730703
0.0001121152850942638,1.0,3.29999998282981,0.0001007527940532106
0.0001123152850942637,1.0,3.299999982826626,0.0001007527940335996
0.0001125152850942636,1.0,3.299999982823566,0.0001007527940137933
0.0001127152850942635,1.0,3.299999982822177,0.0001007527939946441
0.0001129152850942634,1.0,3.299999982819413,0.0001007527939750331
0.0001131152850942633,1.0,3.299999982817011,0.0001007527939549958
0.0001133152850942632,1.0,3.299999982814448,0.0001007527939356336
0.0001135152850942631,1.0,3.299999982812159,0.0001007527939155252
0.000113715285094263,1.0,3.299999982808542,0.0001007527938958965
0.0001139152850942629,1.0,3.299999982807924,0.0001007527938764276
0.0001141152850942628,1.0,3.299999982805375,0.0001007527938567633
0.0001143152850942627,1.0,3.299999982801816,0.0001007527938370635
0.0001145152850942626,1.0,3.299999982798695,0.0001007527938174525
0.0001147152850942624,1.0,3.299999982798596,0.0001007527937979659
0.0001149152850942623,1.0,3.29999998279688,0.0001007527937779464
0.0001151152850942622,1.0,3.299999982792992,0.0001007527937585663
0.0001153152850942621,1.0,3.299999982791944,0.000100752793738831
0.000115515285094262,1.0,3.299999982786814,0.000100752793718918
0.0001157152850942619,1.0,3.299999982784623,0.0001007527936992182
0.0001159152850942618,1.0,3.299999982782841,0.0001007527936796428
0.0001161152850942617,1.0,3.299999982777502,0.0001007527936600851
0.0001163152850942616,1.0,3.299999982778726,0.0001007527936400122
0.0001165152850942615,1.0,3.299999982778008,0.0001007527936204013
0.0001167152850942614,1.0,3.299999982773482,0.0001007527936005949
0.0001169152850942613,1.0,3.299999982770065,0.0001007527935810905
0.0001171152850942612,1.0,3.299999982769434,0.0001007527935616749
0.0001173152850942611,1.0,3.299999982766927,0.0001007527935417264
0.000117515285094261,1.0,3.299999982763287,0.0001007527935221332
0.0001177152850942609,1.0,3.299999982761495,0.0001007527935020248
0.0001179152850942608,1.0,3.29999998275797,0.0001007527934822007
0.0001181152850942607,1.0,3.299999982756085,0.0001007527934626252
0.0001183152850942606,1.0,3.299999982752216,0.0001007527934432274
0.0001185152850942605,1.0,3.299999982751234,0.0001007527934235099
0.0001187152850942604,1.0,3.299999982748612,0.0001007527934037035
0.0001189152850942603,1.0,3.29999998274603,0.0001007527933842346
0.0001191152850942602,1.0,3.299999982743009,0.0001007527933645704
0.0001193152850942601,1.0,3.29999998274404,0.0001007527933448173
0.00011951528509426,1.0,3.299999982739713,0.0001007527933250642
0.0001197152850942599,1.0,3.299999982736431,0.0001007527933050802
0.0001199152850942598,1.0,3.299999982733692,0.0001007527932856468
0.0001201152850942597,1.0,3.299999982730449,0.0001007527932660714
0.0001203152850942595,1.0,3.299999982726967,0.0001007527932462117
0.0001205152850942594,1.0,3.299999982726372,0.0001007527932259257
0.0001207152850942593,1.0,3.299999982723336,0.0001007527932065989
0.0001209152850942592,1.0,3.299999982722535,0.0001007527931873965
0.0001211152850942591,1.0,3.299999982717792,0.000100752793167075
0.000121315285094259,1.0,3.299999982717122,0.0001007527931478548
0.0001215152850942589,1.0,3.299999982713793,0.0001007527931280129
0.0001217152850942588,1.0,3.299999982710667,0.0001007527931084375
0.0001219152850942587,1.0,3.299999982707884,0.0001007527930888975
0.0001221152850942586,1.0,3.299999982705771,0.0001007527930693754
0.0001223152850942585,1.0,3.299999982704474,0.0001007527930497466
0.0001225152850942584,1.0,3.299999982701701,0.0001007527930302778
0.0001227152850942583,1.0,3.299999982698699,0.0001007527930103648
0.0001229152850942582,1.0,3.299999982696683,0.0001007527929907005
0.0001231152850942581,1.0,3.299999982694349,0.0001007527929711251
0.000123315285094258,1.0,3.299999982689322,0.0001007527929511233
0.0001235152850942579,1.0,3.29999998268849,0.0001007527929318676
0.0001237152850942578,1.0,3.299999982686802,0.0001007527929124343
0.0001239152850942577,1.0,3.299999982682184,0.0001007527928925213
0.0001241152850942576,1.0,3.299999982680221,0.0001007527928731768
0.0001243152850942575,1.0,3.299999982677302,0.0001007527928532638
0.0001245152850942574,1.0,3.299999982677287,0.0001007527928340436
0.0001247152850942573,1.0,3.299999982672293,0.0001007527928146458
0.0001249152850942572,1.0,3.299999982672231,0.0001007527927947328
0.0001251152850942571,1.0,3.299999982667957,0.0001007527927755304
0.000125315285094257,1.0,3.299999982665068,0.0001007527927560083
0.0001255152850942569,1.0,3.299999982659395,0.0001007527927360242
0.0001257152850942568,1.0,3.299999982657075,0.000100752792716662
0.0001259152850942567,1.0,3.299999982656279,0.0001007527926971931
0.0001261152850942565,1.0,3.299999982653499,0.0001007527926776176
0.0001263152850942564,1.0,3.299999982650672,0.000100752792658131
0.0001265152850942563,1.0,3.299999982649378,0.0001007527926388575
0.0001267152850942562,1.0,3.29999998264636,0.0001007527926188913
0.0001269152850942561,1.0,3.299999982644036,0.0001007527925995468
0.000127115285094256,1.0,3.299999982641034,0.0001007527925799535
0.0001273152850942559,1.0,3.299999982638923,0.0001007527925608755
0.0001275152850942558,1.0,3.299999982636403,0.0001007527925414421
0.0001277152850942557,1.0,3.299999982633532,0.0001007527925217601
0.0001279152850942556,1.0,3.299999982631538,0.0001007527925023623
0.0001281152850942555,1.0,3.299999982627906,0.0001007527924833375
0.0001283152850942554,1.0,3.299999982626008,0.0001007527924637798
0.0001285152850942553,1.0,3.299999982624329,0.0001007527924444175
0.0001287152850942552,1.0,3.299999982621639,0.0001007527924249131
0.0001289152850942551,1.0,3.299999982619189,0.0001007527924054798
0.000129115285094255,1.0,3.299999982616555,0.0001007527923859576
0.0001293152850942549,1.0,3.299999982614624,0.0001007527923665953
0.0001295152850942548,1.0,3.299999982612581,0.000100752792347535
0.0001297152850942547,1.0,3.29999998260825,0.0001007527923284747
0.0001299152850942546,1.0,3.299999982606694,0.0001007527923089525
0.0001301152850942545,1.0,3.299999982604922,0.0001007527922894481
0.0001303152850942544,1.0,3.29999998260203,0.0001007527922699615
0.0001305152850942543,1.0,3.299999982599314,0.0001007527922509545
0.0001307152850942542,1.0,3.299999982595769,0.0001007527922314323
0.0001309152850942541,1.0,3.299999982593443,0.0001007527922128694
0.000131115285094254,1.0,3.299999982590729,0.0001007527921934005
0.0001313152850942539,1.0,3.299999982589044,0.0001007527921738961
0.0001315152850942538,1.0,3.299999982587874,0.0001007527921545694
0.0001317152850942536,1.0,3.299999982583545,0.000100752792135065
0.0001319152850942535,1.0,3.299999982577991,0.0001007527921155783
0.0001321152850942534,1.0,3.299999982577966,0.0001007527920966601
0.0001323152850942533,1.0,3.299999982575416,0.0001007527920772446
0.0001325152850942532,1.0,3.299999982572935,0.0001007527920580244
0.0001327152850942531,1.0,3.299999982569596,0.0001007527920390351
0.000132915285094253,1.0,3.299999982567786,0.0001007527920196906
0.0001331152850942529,1.0,3.299999982565268,0.0001007527920003105
0.0001333152850942528,1.0,3.299999982561488,0.000100752791981641
0.0001335152850942527,1.0,3.299999982554417,0.0001007527919621011
0.0001337152850942526,1.0,3.299999982554241,0.0001007527919432717
0.0001339152850942525,1.0,3.299999982551797,0.0001007527919240871
0.0001341152850942524,1.0,3.299999982549753,0.0001007527919048136
0.0001343152850942523,1.0,3.299999982548137,0.0001007527918854691
0.0001345152850942522,1.0,3.299999982545746,0.0001007527918665686
0.0001347152850942521,1.0,3.299999982542022,0.0001007527918474906
0.000134915285094252,1.0,3.299999982539532,0.000100752791828821
0.0001351152850942519,1.0,3.299999982538252,0.0001007527918098673
0.0001353152850942518,1.0,3.299999982535412,0.0001007527917904695
0.0001355152850942517,1.0,3.299999982532459,0.0001007527917711605
0.0001357152850942516,1.0,3.299999982530802,0.0001007527917523134
0.0001359152850942515,1.0,3.299999982527621,0.0001007527917333952
0.0001361152850942514,1.0,3.299999982523476,0.000100752791714175
0.0001363152850942513,1.0,3.299999982522539,0.0001007527916956831
0.0001365152850942512,1.0,3.299999982519391,0.0001007527916765695
0.0001367152850942511,1.0,3.299999982516242,0.0001007527916573849
0.000136915285094251,1.0,3.299999982513953,0.0001007527916384844
0.0001371152850942509,1.0,3.299999982512249,0.0001007527916195129
0.0001373152850942507,1.0,3.299999982507347,0.0001007527916003816
0.0001375152850942506,1.0,3.299999982508094,0.0001007527915817476
0.0001377152850942505,1.0,3.299999982503468,0.0001007527915628649
0.0001379152850942504,1.0,3.299999982500971,0.0001007527915437335
0.0001381152850942503,1.0,3.299999982499815,0.0001007527915249574
0.0001383152850942502,1.0,3.299999982496725,0.0001007527915059682
0.0001385152850942501,1.0,3.29999998249572,0.0001007527914872099
0.00013871528509425,1.0,3.299999982492885,0.0001007527914685048
0.0001389152850942499,1.0,3.299999982488306,0.0001007527914496399
0.0001391152850942498,1.0,3.29999998248727,0.0001007527914307928
0.0001393152850942497,1.0,3.299999982484268,0.0001007527914115726
0.0001395152850942496,1.0,3.299999982482186,0.0001007527913932051
0.0001397152850942495,1.0,3.299999982477432,0.0001007527913743402
0.0001399152850942494,1.0,3.299999982474104,0.0001007527913553509
0.0001401152850942493,1.0,3.299999982474042,0.0001007527913368413
0.0001403152850942492,1.0,3.299999982470588,0.0001007527913177277
0.0001405152850942491,1.0,3.299999982468457,0.00010075279129952
0.000140715285094249,1.0,3.299999982466558,0.0001007527912803176
0.0001409152850942489,1.0,3.299999982462607,0.0001007527912620566
0.0001411152850942488,1.0,3.299999982459441,0.0001007527912432805
0.0001413152850942487,1.0,3.299999982458718,0.000100752791224611
0.0001415152850942486,1.0,3.299999982454995,0.0001007527912060303
0.0001417152850942485,1.0,3.299999982449655,0.0001007527911871832
0.0001419152850942484,1.0,3.299999982450563,0.0001007527911686203
0.0001421152850942483,1.0,3.29999998244948,0.0001007527911498797
0.0001423152850942482,1.0,3.299999982444346,0.0001007527911313345
0.0001425152850942481,1.0,3.299999982442187,0.000100752791112594
0.000142715285094248,1.0,3.2999999824409,0.0001007527910945462
0.0001429152850942478,1.0,3.299999982437779,0.0001007527910757346
0.0001431152850942477,1.0,3.299999982435773,0.0001007527910571361
0.0001433152850942476,1.0,3.299999982433045,0.0001007527910387863
0.0001435152850942475,1.0,3.299999982430371,0.0001007527910206853
0.0001437152850942474,1.0,3.299999982427359,0.0001007527910015717
0.0001439152850942473,1.0,3.299999982425816,0.0001007527909829554
0.0001441152850942472,1.0,3.299999982422081,0.0001007527909646767
0.0001443152850942471,1.0,3.29999998241801,0.0001007527909464158
0.000144515285094247,1.0,3.299999982419073,0.0001007527909276575
0.0001447152850942469,1.0,3.299999982413535,0.0001007527909089879
0.0001449152850942468,1.0,3.299999982410844,0.0001007527908906737
0.0001451152850942467,1.0,3.29999998241066,0.0001007527908725726
0.0001453152850942466,1.0,3.299999982406175,0.0001007527908540097
0.0001455152850942465,1.0,3.299999982403067,0.0001007527908356777
0.0001457152850942464,1.0,3.299999982400217,0.000100752790817399
0.0001459152850942463,1.0,3.299999982397186,0.0001007527907991025
0.0001461152850942462,1.0,3.299999982393936,0.0001007527907810014
0.0001463152850942461,1.0,3.29999998239104,0.0001007527907623319
0.000146515285094246,1.0,3.299999982389773,0.0001007527907439289
0.0001467152850942459,1.0,3.29999998238596,0.0001007527907257034
0.0001469152850942458,1.0,3.299999982383497,0.0001007527907077267
0.0001471152850942457,1.0,3.299999982381465,0.0001007527906894125
0.0001473152850942456,1.0,3.29999998237823,0.0001007527906710627
0.0001475152850942455,1.0,3.299999982375816,0.0001007527906532992
0.0001477152850942454,1.0,3.299999982369722,0.000100752790634452
0.0001479152850942453,1.0,3.299999982369568,0.0001007527906167595
0.0001481152850942452,1.0,3.299999982366699,0.0001007527905986762
0.0001483152850942451,1.0,3.299999982363647,0.0001007527905803264
0.0001485152850942449,1.0,3.299999982362023,0.0001007527905622431
0.0001487152850942448,1.0,3.299999982359134,0.0001007527905438045
0.0001489152850942447,1.0,3.299999982356242,0.0001007527905256679
0.0001491152850942446,1.0,3.299999982354721,0.0001007527905078155
0.0001493152850942445,1.0,3.299999982349939,0.0001007527904895013
0.0001495152850942444,1.0,3.299999982347459,0.00010075279047172
0.0001497152850942443,1.0,3.299999982344112,0.0001007527904537432
0.0001499152850942442,1.0,3.299999982343026,0.0001007527904351803
0.0001501152850942441,1.0,3.299999982341307,0.0001007527904175944
0.000150315285094244,1.0,3.299999982335854,0.0001007527903993689
0.0001505152850942439,1.0,3.299999982336236,0.00010075279038141
0.0001507152850942438,1.0,3.299999982331524,0.00010075279036338
0.0001509152850942437,1.0,3.299999982329263,0.0001007527903456519
0.0001511152850942436,1.0,3.299999982329496,0.0001007527903275864
0.0001513152850942435,1.0,3.299999982327404,0.000100752790309805
0.0001515152850942434,1.0,3.299999982323303,0.0001007527902916151
0.0001517152850942433,1.0,3.299999982318755,0.0001007527902735851
0.0001519152850942432,1.0,3.299999982318981,0.0001007527902559814
0.0001521152850942431,1.0,3.299999982317184,0.0001007527902375961
0.000152315285094243,1.0,3.299999982314019,0.0001007527902202411
0.0001525152850942429,1.0,3.299999982308313,0.0001007527902022999
0.0001527152850942428,1.0,3.299999982306967,0.0001007527901844298
0.0001529152850942427,1.0,3.299999982304283,0.0001007527901664353
0.0001531152850942426,1.0,3.299999982302094,0.0001007527901485474
0.0001533152850942425,1.0,3.299999982296707,0.0001007527901307838
0.0001535152850942424,1.0,3.299999982297234,0.0001007527901128248
0.0001537152850942423,1.0,3.299999982295455,0.0001007527900952034
0.0001539152850942422,1.0,3.299999982292021,0.0001007527900775464
0.000154115285094242,1.0,3.299999982288681,0.0001007527900596229
0.0001543152850942419,1.0,3.299999982285507,0.0001007527900421081
0.0001545152850942418,1.0,3.299999982284289,0.000100752790024682
0.0001547152850942417,1.0,3.299999982279301,0.0001007527900066342
0.0001549152850942416,1.0,3.299999982276001,0.0001007527899893858
0.0001551152850942415,1.0,3.299999982272414,0.0001007527899718531
0.0001553152850942414,1.0,3.299999982269883,0.0001007527899540718
0.0001555152850942413,1.0,3.299999982267359,0.0001007527899365214
0.0001557152850942412,1.0,3.29999998226423,0.000100752789918598
0.0001559152850942411,1.0,3.29999998226183,0.0001007527899011719
0.000156115285094241,1.0,3.299999982258632,0.0001007527898837281
0.0001563152850942409,1.0,3.299999982255821,0.000100752789866
0.0001565152850942408,1.0,3.299999982253997,0.0001007527898484496
0.0001567152850942407,1.0,3.299999982251272,0.0001007527898311834
0.0001569152850942406,1.0,3.299999982247536,0.00010075278981326
0.0001571152850942405,1.0,3.299999982246939,0.0001007527897962603
0.0001573152850942404,1.0,3.299999982243123,0.000100752789778852
0.0001575152850942403,1.0,3.299999982240857,0.0001007527897609108
0.0001577152850942402,1.0,3.299999982237245,0.0001007527897439465
0.0001579152850942401,1.0,3.299999982233121,0.0001007527897262363
0.00015811528509424,1.0,3.299999982232907,0.000100752789709201
0.0001583152850942399,1.0,3.299999982227638,0.0001007527896919171
0.0001585152850942398,1.0,3.299999982226298,0.0001007527896742601
0.0001587152850942397,1.0,3.299999982224234,0.000100752789657136
0.0001589152850942396,1.0,3.299999982219286,0.0001007527896397099
0.0001591152850942395,1.0,3.2999999822196,0.000100752789622426
0.0001593152850942394,1.0,3.299999982216833,0.000100752789605071
0.0001595152850942393,1.0,3.299999982212866,0.0001007527895875028
0.0001597152850942391,1.0,3.299999982209368,0.0001007527895705386
0.000159915285094239,1.0,3.299999982208536,0.0001007527895534856
0.0001601152850942389,1.0,3.299999982205388,0.0001007527895361483
0.0001603152850942388,1.0,3.299999982202388,0.0001007527895191841
0.0001605152850942387,1.0,3.299999982200149,0.0001007527895014206
0.0001607152850942386,1.0,3.299999982197683,0.0001007527894845985
0.0001609152850942385,1.0,3.299999982194355,0.0001007527894674389
0.0001611152850942384,1.0,3.299999982191701,0.0001007527894501016
0.0001613152850942383,1.0,3.299999982188944,0.0001007527894331552
0.0001615152850942382,1.0,3.29999998218636,0.0001007527894163508
0.0001617152850942381,1.0,3.299999982183382,0.0001007527893988359
0.000161915285094238,1.0,3.299999982180847,0.0001007527893813744
0.0001621152850942379,1.0,3.299999982178665,0.00010075278936457
0.0001623152850942378,1.0,3.299999982174649,0.0001007527893470729
0.0001625152850942377,1.0,3.29999998217268,0.000100752789330464
0.0001627152850942376,1.0,3.299999982168575,0.00010075278931318
0.0001629152850942375,1.0,3.299999982167973,0.0001007527892963579
0.0001631152850942374,1.0,3.29999998216367,0.0001007527892792516
0.0001633152850942373,1.0,3.299999982159971,0.0001007527892621986
0.0001635152850942372,1.0,3.29999998215769,0.0001007527892454831
0.0001637152850942371,1.0,3.299999982156726,0.0001007527892282346
0.000163915285094237,1.0,3.299999982154063,0.0001007527892117323
0.0001641152850942369,1.0,3.299999982151439,0.0001007527891948036
0.0001643152850942368,1.0,3.299999982148027,0.0001007527891774308
0.0001645152850942367,1.0,3.299999982144572,0.000100752789160662
0.0001647152850942366,1.0,3.299999982141571,0.0001007527891437511
0.0001649152850942365,1.0,3.299999982139473,0.0001007527891271422
0.0001651152850942364,1.0,3.299999982138047,0.0001007527891101602
0.0001653152850942362,1.0,3.299999982135207,0.000100752789093196
0.0001655152850942361,1.0,3.299999982133143,0.0001007527890763917
0.000165715285094236,1.0,3.299999982128171,0.0001007527890599071
0.0001659152850942359,1.0,3.299999982125453,0.0001007527890433692
0.0001661152850942358,1.0,3.299999982123689,0.0001007527890266537
0.0001663152850942357,1.0,3.299999982121717,0.0001007527890100447
0.0001665152850942356,1.0,3.299999982117694,0.0001007527889932937
0.0001667152850942355,1.0,3.299999982115116,0.0001007527889764183
0.0001669152850942354,1.0,3.299999982112066,0.0001007527889596673
0.0001671152850942353,1.0,3.299999982108601,0.0001007527889428451
0.0001673152850942352,1.0,3.299999982106977,0.0001007527889262184
0.0001675152850942351,1.0,3.299999982104023,0.0001007527889098227
0.000167715285094235,1.0,3.299999982100566,0.0001007527888928229
0.0001679152850942349,1.0,3.299999982097953,0.0001007527888764982
0.0001681152850942348,1.0,3.299999982097071,0.0001007527888597827
0.0001683152850942347,1.0,3.29999998209324,0.0001007527888433869
0.0001685152850942346,1.0,3.299999982091428,0.0001007527888267247
0.0001687152850942345,1.0,3.299999982086795,0.0001007527888101868
0.0001689152850942344,1.0,3.299999982083518,0.0001007527887940397
0.0001691152850942343,1.0,3.299999982082177,0.0001007527887769157
0.0001693152850942342,1.0,3.299999982080093,0.000100752788761035
0.0001695152850942341,1.0,3.299999982075703,0.0001007527887443195
0.000169715285094234,1.0,3.299999982073963,0.0001007527887279948
0.0001699152850942339,1.0,3.299999982069872,0.0001007527887116878
0.0001701152850942338,1.0,3.29999998206944,0.0001007527886954519
0.0001703152850942337,1.0,3.299999982065457,0.0001007527886787009
0.0001705152850942336,1.0,3.299999982061781,0.0001007527886621452
0.0001707152850942335,1.0,3.299999982059643,0.0001007527886458028
0.0001709152850942333,1.0,3.299999982056003,0.0001007527886298866
0.0001711152850942332,1.0,3.299999982053064,0.0001007527886134198
0.0001713152850942331,1.0,3.29999998205242,0.0001007527885969174
0.000171515285094233,1.0,3.299999982048599,0.0001007527885806815
0.0001717152850942329,1.0,3.299999982044894,0.0001007527885644456
0.0001719152850942328,1.0,3.299999982043027,0.0001007527885482097
0.0001721152850942327,1.0,3.299999982039923,0.0001007527885321692
0.0001723152850942326,1.0,3.299999982038591,0.0001007527885157912
0.0001725152850942325,1.0,3.299999982036238,0.0001007527884996974
0.0001727152850942324,1.0,3.299999982031218,0.0001007527884836924
0.0001729152850942323,1.0,3.299999982030088,0.0001007527884670124
0.0001731152850942322,1.0,3.299999982025312,0.0001007527884510608
0.0001733152850942321,1.0,3.299999982023854,0.0001007527884351624
0.000173515285094232,1.0,3.299999982020457,0.0001007527884186067
0.0001737152850942319,1.0,3.299999982018671,0.0001007527884022642
0.0001739152850942318,1.0,3.29999998201593,0.0001007527883860639
0.0001741152850942317,1.0,3.299999982011872,0.0001007527883701299
0.0001743152850942316,1.0,3.299999982009485,0.0001007527883540184
0.0001745152850942315,1.0,3.299999982006098,0.0001007527883380667
0.0001747152850942314,1.0,3.299999982003177,0.0001007527883219729
0.0001749152850942313,1.0,3.299999982000271,0.0001007527883060745
0.0001751152850942312,1.0,3.29999998199773,0.0001007527882898919
0.0001753152850942311,1.0,3.299999981996707,0.0001007527882742067
0.000175515285094231,1.0,3.29999998199317,0.000100752788258326
0.0001757152850942309,1.0,3.299999981992253,0.0001007527882421257
0.0001759152850942308,1.0,3.299999981990134,0.0001007527882264227
0.0001761152850942307,1.0,3.299999981986946,0.0001007527882099026
0.0001763152850942306,1.0,3.29999998198366,0.0001007527881940219
0.0001765152850942304,1.0,3.299999981980209,0.0001007527881783722
0.0001767152850942303,1.0,3.299999981976032,0.0001007527881624205
0.0001769152850942302,1.0,3.299999981974007,0.0001007527881469485
0.0001771152850942301,1.0,3.299999981972419,0.0001007527881309613
0.00017731528509423,1.0,3.29999998196956,0.0001007527881153116
0.0001775152850942299,1.0,3.299999981966472,0.0001007527880991112
0.0001777152850942298,1.0,3.299999981963131,0.0001007527880836036
0.0001779152850942297,1.0,3.299999981960041,0.0001007527880679184
0.0001781152850942296,1.0,3.299999981956954,0.0001007527880516469
0.0001783152850942295,1.0,3.299999981955229,0.0001007527880359794
0.0001785152850942294,1.0,3.299999981952779,0.0001007527880205607
0.0001787152850942293,1.0,3.299999981951113,0.0001007527880048754
0.0001789152850942292,1.0,3.299999981947833,0.0001007527879891724
0.0001791152850942291,1.0,3.299999981944951,0.0001007527879736116
0.000179315285094229,1.0,3.299999981941697,0.0001007527879579263
0.0001795152850942289,1.0,3.299999981939224,0.0001007527879422766
0.0001797152850942288,1.0,3.299999981934149,0.0001007527879271776
0.0001799152850942287,1.0,3.299999981935894,0.000100752787911066
0.0001801152850942286,1.0,3.299999981929068,0.0001007527878957894
0.0001803152850942285,1.0,3.299999981927841,0.0001007527878800686
0.0001805152850942284,1.0,3.29999998192518,0.000100752787864259
0.0001807152850942283,1.0,3.299999981920943,0.0001007527878488225
0.0001809152850942282,1.0,3.299999981921637,0.0001007527878334215
0.0001811152850942281,1.0,3.299999981917605,0.0001007527878178251
0.000181315285094228,1.0,3.299999981913275,0.0001007527878027438
0.0001815152850942279,1.0,3.299999981911186,0.0001007527877872007
0.0001817152850942278,1.0,3.299999981906874,0.0001007527877721372
0.0001819152850942277,1.0,3.299999981906039,0.0001007527877565763
0.0001821152850942276,1.0,3.299999981902912,0.0001007527877410509
0.0001823152850942274,1.0,3.299999981899544,0.0001007527877252058
0.0001825152850942273,1.0,3.299999981898493,0.0001007527877101778
0.0001827152850942272,1.0,3.299999981893262,0.0001007527876941018
0.0001829152850942271,1.0,3.299999981890227,0.0001007527876787008
0.000183115285094227,1.0,3.299999981890398,0.0001007527876634952
0.0001833152850942269,1.0,3.299999981885888,0.0001007527876486981
0.0001835152850942268,1.0,3.299999981882881,0.0001007527876333859
0.0001837152850942267,1.0,3.299999981877937,0.0001007527876180205
0.0001839152850942266,1.0,3.299999981876437,0.000100752787602424
0.0001841152850942265,1.0,3.299999981873682,0.0001007527875873428
0.0001843152850942264,1.0,3.299999981870417,0.0001007527875729898
0.0001845152850942263,1.0,3.299999981868408,0.000100752787556896
0.0001847152850942262,1.0,3.299999981865317,0.0001007527875412996
0.0001849152850942261,1.0,3.299999981864473,0.0001007527875263782
0.000185115285094226,1.0,3.299999981861944,0.0001007527875114746
0.0001853152850942259,1.0,3.299999981856044,0.0001007527874965176
0.0001855152850942258,1.0,3.299999981855145,0.0001007527874811522
0.0001857152850942257,1.0,3.299999981850831,0.000100752787465538
0.0001859152850942256,1.0,3.299999981848382,0.0001007527874515936
0.0001861152850942255,1.0,3.299999981846066,0.0001007527874352866
0.0001863152850942254,1.0,3.299999981844047,0.0001007527874215731
0.0001865152850942253,1.0,3.299999981840549,0.0001007527874062609
0.0001867152850942252,1.0,3.299999981837666,0.0001007527873911264
0.0001869152850942251,1.0,3.299999981835707,0.0001007527873762405
0.000187115285094225,1.0,3.299999981830132,0.0001007527873609106
0.0001873152850942249,1.0,3.299999981827656,0.0001007527873451187
0.0001875152850942248,1.0,3.299999981826138,0.000100752787330748
0.0001877152850942247,1.0,3.299999981825161,0.0001007527873162174
0.0001879152850942245,1.0,3.299999981820597,0.0001007527873015802
0.0001881152850942244,1.0,3.299999981818154,0.0001007527872865878
0.0001883152850942243,1.0,3.299999981815951,0.0001007527872714532
0.0001885152850942242,1.0,3.299999981811496,0.0001007527872566917
0.0001887152850942241,1.0,3.299999981810666,0.000100752787241646
0.000188915285094224,1.0,3.299999981805111,0.0001007527872267246
0.0001891152850942239,1.0,3.299999981803619,0.0001007527872119986
0.0001893152850942238,1.0,3.299999981800749,0.0001007527871970061
0.0001895152850942237,1.0,3.299999981797732,0.0001007527871824933
0.0001897152850942236,1.0,3.299999981795981,0.0001007527871676429
0.0001899152850942235,1.0,3.299999981793294,0.0001007527871528281
0.0001901152850942234,1.0,3.299999981791208,0.0001007527871379423
0.0001903152850942233,1.0,3.299999981789759,0.0001007527871233939
0.0001905152850942232,1.0,3.299999981785981,0.0001007527871085435
0.0001907152850942231,1.0,3.299999981782156,0.0001007527870937998
0.000190915285094223,1.0,3.299999981781324,0.0001007527870793225
0.0001911152850942229,1.0,3.299999981776168,0.0001007527870648274
0.0001913152850942228,1.0,3.299999981773529,0.0001007527870499771
0.0001915152850942227,1.0,3.299999981772701,0.0001007527870353576
0.0001917152850942226,1.0,3.299999981768938,0.0001007527870205961
0.0001919152850942225,1.0,3.299999981766722,0.0001007527870059767
0.0001921152850942224,1.0,3.299999981762616,0.0001007527869916948
0.0001923152850942223,1.0,3.299999981759882,0.0001007527869771997
0.0001925152850942222,1.0,3.299999981758365,0.0001007527869624915
0.0001927152850942221,1.0,3.299999981756651,0.00010075278694773
0.000192915285094222,1.0,3.2999999817523,0.0001007527869330395
0.0001931152850942219,1.0,3.299999981750817,0.0001007527869186688
0.0001933152850942218,1.0,3.299999981746144,0.0001007527869039961
0.0001935152850942216,1.0,3.299999981743874,0.0001007527868894122
0.0001937152850942215,1.0,3.299999981740299,0.0001007527868752901
0.0001939152850942214,1.0,3.299999981739657,0.0001007527868608661
0.0001941152850942213,1.0,3.299999981737478,0.0001007527868463355
0.0001943152850942212,1.0,3.29999998173459,0.0001007527868317339
0.0001945152850942211,1.0,3.299999981730557,0.0001007527868174164
0.000194715285094221,1.0,3.299999981730138,0.0001007527868028681
0.0001949152850942209,1.0,3.299999981725648,0.0001007527867888348
0.0001951152850942208,1.0,3.299999981723364,0.0001007527867743575
0.0001953152850942207,1.0,3.299999981720484,0.0001007527867602533
0.0001955152850942206,1.0,3.29999998171679,0.0001007527867458648
0.0001957152850942205,1.0,3.299999981715492,0.0001007527867315829
0.0001959152850942204,1.0,3.299999981713278,0.0001007527867172121
0.0001961152850942203,1.0,3.299999981710596,0.000100752786702948
0.0001963152850942202,1.0,3.299999981705897,0.0001007527866883996
0.0001965152850942201,1.0,3.299999981703425,0.0001007527866744019
0.00019671528509422,1.0,3.29999998170068,0.0001007527866600312
0.0001969152850942199,1.0,3.29999998169699,0.0001007527866458736
0.0001971152850942198,1.0,3.299999981693125,0.000100752786631645
0.0001973152850942197,1.0,3.299999981692521,0.0001007527866176118
0.0001975152850942196,1.0,3.299999981684928,0.0001007527866032056
0.0001977152850942195,1.0,3.299999981684742,0.0001007527865890658
0.0001979152850942194,1.0,3.299999981680437,0.0001007527865749437
0.0001981152850942193,1.0,3.29999998167823,0.0001007527865611592
0.0001983152850942192,1.0,3.299999981676622,0.0001007527865465398
0.0001985152850942191,1.0,3.299999981673456,0.0001007527865327552
0.000198715285094219,1.0,3.299999981669565,0.0001007527865188286
0.0001989152850942189,1.0,3.299999981667469,0.0001007527865047954
0.0001991152850942187,1.0,3.29999998166445,0.0001007527864905135
0.0001993152850942186,1.0,3.29999998166245,0.0001007527864763204
0.0001995152850942185,1.0,3.299999981658416,0.0001007527864621983
0.0001997152850942184,1.0,3.299999981657343,0.0001007527864482184
0.0001999152850942183,1.0,3.299999981653919,0.0001007527864344872
0.0002001152850942182,1.0,3.299999981652078,0.0001007527864207382
0.0002003152850942181,1.0,3.299999981647884,0.0001007527864066339
0.000200515285094218,1.0,3.299999981646594,0.0001007527863925829
0.0002007152850942179,1.0,3.299999981643736,0.0001007527863788339
0.0002009152850942178,1.0,3.299999981640232,0.000100752786365227
0.0002011152850942177,1.0,3.299999981637794,0.0001007527863512649
0.0002013152850942176,1.0,3.299999981634397,0.0001007527863370362
0.0002015152850942175,1.0,3.299999981633437,0.0001007527863233938
0.0002017152850942174,1.0,3.299999981628694,0.0001007527863095205
0.0002019152850942173,1.0,3.299999981626496,0.0001007527862955583
0.0002021152850942172,1.0,3.299999981624059,0.0001007527862821291
0.0002023152850942171,1.0,3.299999981621789,0.0001007527862678649
0.000202515285094217,1.0,3.299999981617621,0.0001007527862543113
0.0002027152850942169,1.0,3.299999981614382,0.0001007527862409353
0.0002029152850942168,1.0,3.299999981610933,0.0001007527862266534
0.0002031152850942167,1.0,3.299999981607626,0.0001007527862131176
0.0002033152850942166,1.0,3.29999998160783,0.0001007527861994752
0.0002035152850942165,1.0,3.29999998160246,0.0001007527861856729
0.0002037152850942164,1.0,3.299999981602491,0.0001007527861721015
0.0002039152850942163,1.0,3.299999981598298,0.0001007527861584058
0.0002041152850942162,1.0,3.299999981595695,0.0001007527861445147
0.0002043152850942161,1.0,3.299999981593007,0.0001007527861312275
0.000204515285094216,1.0,3.299999981591285,0.0001007527861174785
0.0002047152850942158,1.0,3.299999981588332,0.0001007527861039072
0.0002049152850942157,1.0,3.299999981585312,0.000100752786090247
0.0002051152850942156,1.0,3.299999981583436,0.0001007527860769776
0.0002053152850942155,1.0,3.29999998158003,0.0001007527860633707
0.0002055152850942154,1.0,3.299999981577642,0.0001007527860499947
0.0002057152850942153,1.0,3.299999981575994,0.0001007527860361036
0.0002059152850942152,1.0,3.299999981571516,0.0001007527860225678
0.0002061152850942151,1.0,3.299999981569973,0.0001007527860092451
0.000206315285094215,1.0,3.299999981565629,0.0001007527859956915
0.0002065152850942149,1.0,3.299999981563474,0.0001007527859825287
0.0002067152850942148,1.0,3.299999981559187,0.0001007527859689751
0.0002069152850942147,1.0,3.299999981556061,0.0001007527859555103
0.0002071152850942146,1.0,3.299999981553409,0.0001007527859423475
0.0002073152850942145,1.0,3.299999981549894,0.0001007527859287761
0.0002075152850942144,1.0,3.299999981550498,0.0001007527859160574
0.0002077152850942143,1.0,3.299999981546711,0.0001007527859017933
0.0002079152850942142,1.0,3.299999981541399,0.0001007527858889147
0.0002081152850942141,1.0,3.299999981540669,0.0001007527858754854
0.000208315285094214,1.0,3.299999981537312,0.0001007527858624115
0.0002085152850942139,1.0,3.299999981534261,0.0001007527858491776
0.0002087152850942138,1.0,3.299999981531813,0.0001007527858358016
0.0002089152850942137,1.0,3.299999981528847,0.0001007527858227276
0.0002091152850942136,1.0,3.299999981525078,0.0001007527858094405
0.0002093152850942135,1.0,3.299999981523429,0.0001007527857960112
0.0002095152850942134,1.0,3.299999981519126,0.0001007527857826886
0.0002097152850942133,1.0,3.299999981517913,0.0001007527857689929
0.0002099152850942132,1.0,3.299999981514935,0.0001007527857555103
0.0002101152850942131,1.0,3.299999981511617,0.0001007527857431824
0.0002103152850942129,1.0,3.299999981505182,0.0001007527857292025
0.0002105152850942128,1.0,3.299999981506042,0.0001007527857163416
0.0002107152850942127,1.0,3.299999981503336,0.0001007527857035163
0.0002109152850942126,1.0,3.299999981502034,0.0001007527856901581
0.0002111152850942125,1.0,3.29999998149794,0.0001007527856772618
0.0002113152850942124,1.0,3.29999998149557,0.0001007527856638503
0.0002115152850942123,1.0,3.299999981494223,0.0001007527856510605
0.0002117152850942122,1.0,3.299999981490006,0.0001007527856377734
0.0002119152850942121,1.0,3.299999981486311,0.0001007527856246816
0.000212115285094212,1.0,3.299999981483697,0.0001007527856118386
0.0002123152850942119,1.0,3.299999981480524,0.0001007527855989422
0.0002125152850942118,1.0,3.299999981478552,0.0001007527855859926
0.0002127152850942117,1.0,3.299999981475577,0.0001007527855730429
0.0002129152850942116,1.0,3.299999981472673,0.0001007527855598446
0.0002131152850942115,1.0,3.299999981468714,0.0001007527855468594
0.0002133152850942114,1.0,3.299999981468617,0.0001007527855340164
0.0002135152850942113,1.0,3.299999981465241,0.0001007527855212621
0.0002137152850942112,1.0,3.299999981462054,0.0001007527855082414
0.0002139152850942111,1.0,3.299999981460211,0.0001007527854950609
0.000214115285094211,1.0,3.299999981455326,0.0001007527854824843
0.0002143152850942109,1.0,3.299999981453315,0.000100752785469659
0.0002145152850942108,1.0,3.299999981450122,0.0001007527854563008
0.0002147152850942107,1.0,3.299999981449766,0.0001007527854439906
0.0002149152850942106,1.0,3.299999981444242,0.0001007527854310587
0.0002151152850942105,1.0,3.299999981442028,0.0001007527854183578
0.0002153152850942104,1.0,3.299999981438293,0.0001007527854054259
0.0002155152850942103,1.0,3.299999981438737,0.0001007527853920677
0.0002157152850942102,1.0,3.299999981434143,0.00010075278537942
0.00021591528509421,1.0,3.299999981430878,0.0001007527853671099
0.0002161152850942099,1.0,3.299999981428625,0.0001007527853545155
0.0002163152850942098,1.0,3.299999981424729,0.000100752785341708
0.0002165152850942097,1.0,3.299999981422037,0.0001007527853290426
0.0002167152850942096,1.0,3.299999981419868,0.000100752785316164
0.0002169152850942095,1.0,3.29999998141524,0.0001007527853035518
0.0002171152850942094,1.0,3.299999981411911,0.0001007527852909042
0.0002173152850942093,1.0,3.299999981409062,0.0001007527852785052
0.0002175152850942092,1.0,3.299999981408741,0.000100752785265449
0.0002177152850942091,1.0,3.2999999814023,0.0001007527852531744
0.000217915285094209,1.0,3.299999981401648,0.000100752785240651
0.0002181152850942089,1.0,3.299999981397438,0.0001007527852277369
0.0002183152850942088,1.0,3.299999981396933,0.0001007527852151958
0.0002185152850942087,1.0,3.299999981392153,0.0001007527852029745
0.0002187152850942086,1.0,3.299999981390776,0.000100752785190238
0.0002189152850942085,1.0,3.299999981387251,0.0001007527851776969
0.0002191152850942084,1.0,3.299999981385159,0.0001007527851652802
0.0002193152850942083,1.0,3.299999981381825,0.0001007527851525615
0.0002195152850942082,1.0,3.299999981379663,0.000100752785140127
0.0002197152850942081,1.0,3.299999981375671,0.0001007527851280833
0.000219915285094208,1.0,3.299999981375028,0.0001007527851156133
0.0002201152850942079,1.0,3.299999981370885,0.0001007527851034275
0.0002203152850942078,1.0,3.299999981370842,0.0001007527850905134
0.0002205152850942077,1.0,3.29999998136417,0.0001007527850782387
0.0002207152850942076,1.0,3.299999981361401,0.000100752785066195
0.0002209152850942075,1.0,3.299999981359078,0.0001007527850536184
0.0002211152850942074,1.0,3.299999981355995,0.0001007527850413793
0.0002213152850942073,1.0,3.29999998135372,0.0001007527850286429
0.0002215152850942071,1.0,3.299999981351183,0.0001007527850166347
0.000221715285094207,1.0,3.299999981348276,0.0001007527850040758
0.0002219152850942069,1.0,3.29999998134558,0.0001007527849917657
0.0002221152850942068,1.0,3.299999981342765,0.0001007527849795976
0.0002223152850942067,1.0,3.299999981340258,0.000100752784967252
0.0002225152850942066,1.0,3.299999981334813,0.0001007527849547109
0.0002227152850942065,1.0,3.299999981336459,0.0001007527849424363
0.0002229152850942064,1.0,3.299999981331778,0.0001007527849303037
0.0002231152850942063,1.0,3.299999981328325,0.0001007527849182068
0.0002233152850942062,1.0,3.299999981326968,0.0001007527849057012
0.0002235152850942061,1.0,3.299999981324447,0.0001007527848936575
0.000223715285094206,1.0,3.299999981321887,0.0001007527848813118
0.0002239152850942059,1.0,3.299999981317406,0.000100752784869499
0.0002241152850942058,1.0,3.299999981315655,0.0001007527848573488
0.0002243152850942057,1.0,3.299999981311391,0.0001007527848449853
0.0002245152850942056,1.0,3.299999981307477,0.0001007527848332081
0.0002247152850942055,1.0,3.299999981306621,0.00010075278482104
0.0002249152850942054,1.0,3.299999981306223,0.0001007527848091029
0.0002251152850942053,1.0,3.299999981302596,0.0001007527847968283
0.0002253152850942052,1.0,3.299999981300486,0.0001007527847846069
0.0002255152850942051,1.0,3.299999981295803,0.0001007527847724922
0.000225715285094205,1.0,3.299999981293793,0.0001007527847605195
0.0002259152850942049,1.0,3.299999981291426,0.0001007527847487778
0.0002261152850942048,1.0,3.299999981288643,0.0001007527847366453
0.0002263152850942047,1.0,3.299999981285194,0.0001007527847245306
0.0002265152850942046,1.0,3.299999981283331,0.0001007527847125934
0.0002267152850942045,1.0,3.299999981280438,0.0001007527847004432
0.0002269152850942044,1.0,3.299999981277362,0.000100752784688737
0.0002271152850942042,1.0,3.299999981275282,0.0001007527846769064
0.0002273152850942041,1.0,3.299999981271758,0.0001007527846650226
0.000227515285094204,1.0,3.299999981269389,0.0001007527846531743
0.0002277152850942039,1.0,3.299999981264988,0.0001007527846408997
0.0002279152850942038,1.0,3.299999981263073,0.000100752784629158
0.0002281152850942037,1.0,3.299999981260756,0.0001007527846173274
0.0002283152850942036,1.0,3.299999981260006,0.0001007527846053193
0.0002285152850942035,1.0,3.299999981254895,0.0001007527845935775
0.0002287152850942034,1.0,3.2999999812528,0.0001007527845818713
0.0002289152850942033,1.0,3.299999981249865,0.0001007527845699698
0.0002291152850942032,1.0,3.299999981246464,0.0001007527845580859
0.0002293152850942031,1.0,3.299999981243454,0.0001007527845465929
0.000229515285094203,1.0,3.299999981241481,0.0001007527845346025
0.0002297152850942029,1.0,3.299999981238543,0.0001007527845228785
0.0002299152850942028,1.0,3.299999981233877,0.0001007527845110125
0.0002301152850942027,1.0,3.299999981232958,0.000100752784499555
0.0002303152850942026,1.0,3.299999981229889,0.0001007527844876534
0.0002305152850942025,1.0,3.299999981226188,0.0001007527844760893
0.0002307152850942024,1.0,3.299999981224822,0.0001007527844641877
0.0002309152850942023,1.0,3.299999981222471,0.0001007527844526769
0.0002311152850942022,1.0,3.299999981216721,0.0001007527844407398
0.0002313152850942021,1.0,3.299999981217476,0.0001007527844293178
0.000231515285094202,1.0,3.299999981215618,0.0001007527844179491
0.0002317152850942019,1.0,3.299999981211565,0.0001007527844059587
0.0002319152850942018,1.0,3.299999981207943,0.0001007527843945723
0.0002321152850942017,1.0,3.299999981204542,0.0001007527843828661
0.0002323152850942016,1.0,3.299999981202056,0.0001007527843712309
0.0002325152850942015,1.0,3.299999981197839,0.0001007527843598267
0.0002327152850942013,1.0,3.299999981197221,0.0001007527843483692
0.0002329152850942012,1.0,3.299999981193044,0.0001007527843366275
0.0002331152850942011,1.0,3.299999981192393,0.000100752784325099
0.000233315285094201,1.0,3.299999981188724,0.000100752784313677
0.0002335152850942009,1.0,3.299999981186749,0.000100752784302184
0.0002337152850942008,1.0,3.299999981183439,0.0001007527842910284
0.0002339152850942007,1.0,3.299999981181899,0.0001007527842791091
0.0002341152850942006,1.0,3.299999981178683,0.0001007527842677049
0.0002343152850942005,1.0,3.299999981176202,0.0001007527842562651
0.0002345152850942004,1.0,3.299999981170589,0.0001007527842447366
0.0002347152850942003,1.0,3.299999981171487,0.0001007527842333501
0.0002349152850942002,1.0,3.299999981166104,0.0001007527842223545
0.0002351152850942001,1.0,3.29999998116371,0.0001007527842107726
0.0002353152850942,1.0,3.299999981161061,0.000100752784199173
0.0002355152850941999,1.0,3.299999981159147,0.0001007527841880886
0.0002357152850941998,1.0,3.29999998115662,0.0001007527841765245
0.0002359152850941997,1.0,3.299999981154109,0.0001007527841652091
0.0002361152850941996,1.0,3.299999981149714,0.0001007527841537871
0.0002363152850941995,1.0,3.299999981148413,0.000100752784142898
0.0002365152850941994,1.0,3.299999981145255,0.0001007527841316004
0.0002367152850941993,1.0,3.299999981142177,0.0001007527841203028
0.0002369152850941992,1.0,3.299999981139821,0.000100752784108792
0.0002371152850941991,1.0,3.299999981136009,0.000100752784097743
0.000237315285094199,1.0,3.299999981135115,0.0001007527840864632
0.0002375152850941989,1.0,3.299999981131002,0.0001007527840749346
0.0002377152850941988,1.0,3.299999981127771,0.0001007527840636725
0.0002379152850941987,1.0,3.299999981126948,0.0001007527840529789
0.0002381152850941986,1.0,3.299999981122838,0.0001007527840418056
0.0002383152850941985,1.0,3.299999981119593,0.0001007527840304724
0.0002385152850941983,1.0,3.299999981119793,0.0001007527840193169
0.0002387152850941982,1.0,3.299999981115329,0.0001007527840083035
0.0002389152850941981,1.0,3.299999981112915,0.0001007527839970414
0.000239115285094198,1.0,3.299999981108748,0.0001007527839858148
0.0002393152850941979,1.0,3.299999981105967,0.0001007527839746415
0.0002395152850941978,1.0,3.299999981103105,0.000100752783963788
0.0002397152850941977,1.0,3.299999981101384,0.0001007527839525081
0.0002399152850941976,1.0,3.29999998109818,0.0001007527839414947
0.0002401152850941975,1.0,3.299999981094591,0.0001007527839306944
0.0002403152850941974,1.0,3.299999981091565,0.0001007527839193258
0.0002405152850941973,1.0,3.299999981090631,0.0001007527839087742
0.0002407152850941972,1.0,3.299999981086113,0.000100752783897743
0.0002409152850941971,1.0,3.299999981082661,0.0001007527838866053
0.000241115285094197,1.0,3.299999981078658,0.0001007527838755919
0.0002413152850941969,1.0,3.299999981080069,0.0001007527838645074
0.0002415152850941968,1.0,3.299999981077071,0.0001007527838537249
0.0002417152850941967,1.0,3.299999981071045,0.000100752783842747
0.0002419152850941966,1.0,3.299999981069778,0.0001007527838318757
0.0002421152850941965,1.0,3.299999981065856,0.0001007527838210222
0.0002423152850941964,1.0,3.299999981065727,0.0001007527838101331
0.0002425152850941963,1.0,3.29999998106362,0.0001007527837991908
0.0002427152850941962,1.0,3.299999981057275,0.000100752783788355
0.0002429152850941961,1.0,3.299999981055921,0.0001007527837777324
0.000243115285094196,1.0,3.299999981052529,0.0001007527837666301
0.0002433152850941959,1.0,3.299999981049125,0.0001007527837554036
0.0002435152850941958,1.0,3.299999981047891,0.0001007527837447454
0.0002437152850941957,1.0,3.299999981045775,0.0001007527837340873
0.0002439152850941956,1.0,3.29999998104237,0.0001007527837231094
0.0002441152850941954,1.0,3.299999981038895,0.0001007527837127532
0.0002443152850941954,1.0,3.299999981037335,0.0001007527837014201
0.0002445152850941953,1.0,3.299999981035081,0.0001007527836911527
0.0002447152850941952,1.0,3.299999981031731,0.0001007527836801748
0.0002449152850941951,1.0,3.299999981029623,0.0001007527836699253
0.000245115285094195,1.0,3.299999981025294,0.0001007527836586099
0.0002453152850941949,1.0,3.299999981022921,0.000100752783648005
0.0002455152850941947,1.0,3.299999981021188,0.0001007527836373291
0.0002457152850941946,1.0,3.299999981017725,0.0001007527836266177
0.0002459152850941945,1.0,3.299999981016779,0.000100752783615924
0.0002461152850941944,1.0,3.299999981013866,0.000100752783605408
0.0002463152850941943,1.0,3.299999981009688,0.0001007527835948919
0.0002465152850941942,1.0,3.29999998100743,0.0001007527835842871
0.0002467152850941941,1.0,3.299999981003648,0.000100752783573629
0.000246915285094194,1.0,3.299999980999427,0.0001007527835630241
0.0002471152850941939,1.0,3.299999980997553,0.0001007527835523127
0.0002473152850941938,1.0,3.299999980997444,0.000100752783541921
0.0002475152850941937,1.0,3.299999980992963,0.0001007527835313872
0.0002477152850941936,1.0,3.299999980990837,0.0001007527835207824
0.0002479152850941935,1.0,3.299999980987387,0.0001007527835101597
0.0002481152850941934,1.0,3.299999980984742,0.0001007527834996437
0.0002483152850941933,1.0,3.299999980981356,0.0001007527834891099
0.0002485152850941932,1.0,3.299999980979981,0.000100752783478132
0.0002487152850941931,1.0,3.299999980976518,0.0001007527834682732
0.000248915285094193,1.0,3.299999980974665,0.0001007527834577217
0.0002491152850941929,1.0,3.299999980971974,0.0001007527834478629
0.0002493152850941928,1.0,3.299999980971251,0.0001007527834373291
0.0002495152850941927,1.0,3.29999998096691,0.0001007527834268486
0.0002497152850941926,1.0,3.299999980963809,0.0001007527834165635
0.0002499152850941925,1.0,3.299999980962106,0.0001007527834060297
0.0002501152850941924,1.0,3.299999980959425,0.0001007527833953183
0.0002503152850941923,1.0,3.299999980955435,0.0001007527833853707
0.0002505152850941922,1.0,3.299999980953062,0.0001007527833744816
0.0002507152850941921,1.0,3.29999998095278,0.0001007527833644807
0.000250915285094192,1.0,3.29999998094751,0.0001007527833541068
0.0002511152850941918,1.0,3.299999980945818,0.000100752783343644
0.0002513152850941917,1.0,3.299999980941983,0.0001007527833332524
0.0002515152850941916,1.0,3.299999980940226,0.0001007527833233581
0.0002517152850941915,1.0,3.299999980936654,0.0001007527833127177
0.0002519152850941914,1.0,3.299999980935186,0.0001007527833025036
0.0002521152850941913,1.0,3.299999980932256,0.0001007527832921475
0.0002523152850941912,1.0,3.299999980927613,0.0001007527832818979
0.0002525152850941911,1.0,3.299999980924558,0.0001007527832719147
0.000252715285094191,1.0,3.299999980921956,0.0001007527832617185
0.0002529152850941909,1.0,3.299999980920894,0.0001007527832512735
0.0002531152850941908,1.0,3.299999980918448,0.0001007527832413081
0.0002533152850941907,1.0,3.299999980915134,0.0001007527832310053
0.0002535152850941906,1.0,3.299999980912697,0.0001007527832204182
0.0002537152850941905,1.0,3.29999998091101,0.0001007527832101331
0.0002539152850941904,1.0,3.299999980906747,0.0001007527831997414
0.0002541152850941903,1.0,3.29999998090527,0.000100752783189776
0.0002543152850941902,1.0,3.299999980902646,0.0001007527831796863
0.0002545152850941901,1.0,3.299999980899568,0.0001007527831701117
0.00025471528509419,1.0,3.299999980896774,0.0001007527831594714
0.0002549152850941899,1.0,3.299999980894762,0.0001007527831491685
0.0002551152850941898,1.0,3.299999980891061,0.0001007527831391321
0.0002553152850941897,1.0,3.299999980888195,0.000100752783128847
0.0002555152850941896,1.0,3.299999980883928,0.0001007527831190415
0.0002557152850941895,1.0,3.299999980882293,0.0001007527831092005
0.0002559152850941894,1.0,3.299999980879177,0.0001007527830993772
0.0002561152850941893,1.0,3.29999998087683,0.0001007527830894474
0.0002563152850941892,1.0,3.299999980874943,0.0001007527830787892
0.0002565152850941891,1.0,3.299999980872931,0.0001007527830691969
0.0002567152850941889,1.0,3.299999980870489,0.0001007527830586986
0.0002569152850941888,1.0,3.299999980866895,0.0001007527830488043
0.0002571152850941887,1.0,3.299999980864593,0.0001007527830389811
0.0002573152850941886,1.0,3.299999980861163,0.0001007527830291756
0.0002575152850941885,1.0,3.299999980859709,0.0001007527830190859
0.0002577152850941884,1.0,3.299999980854961,0.0001007527830090672
0.0002579152850941883,1.0,3.2999999808518,0.0001007527829993328
0.0002581152850941882,1.0,3.299999980851108,0.0001007527829892253
0.0002583152850941881,1.0,3.299999980848582,0.0001007527829795264
0.0002585000002339911,0.9997660088966007,3.29999699463542,0.0001007547073126992
0.0002585002093630277,0.7906369722750456,3.299619540022581,0.0001007490833702319
0.0002585004671976749,0.5328023251459785,3.301983951256412,0.0001007304849991754
0.0002585006871479184,0.3128520816383068,3.317489512199922,0.0001005855199932383
0.0002585008197984123,0.1802015876983538,3.258198487301328,0.0001037320348981864
0.0002585009012931102,0.09870688982812847,2.987098918821621,0.0001084474940204706
0.0002585009632344141,0.0367655859093261,2.561700922718576,0.0001083240776731421
0.0002585009943984712,0.005601528843544812,2.294759333140294,0.0001044125631521488
0.0002585010422838582,0.0,1.863052765375988,0.0001019858281168452
0.0002585011526860188,0.0,0.8605884413998004,9.03534679072883e-05
0.0002585011869500969,0.0,0.6079451295647605,8.380617055534848e-05
0.0002585012853382391,0.0,0.1942597241644559,7.106324217735951e-05
0.0002585013774254078,0.0,0.0820965809730379,7.208916623302377e-05
0.0002585015379988709,0.0,0.04439648777873047,9.71776197548592e-05
0.0002585017289238119,0.0,0.02717337656103158,9.114651226396112e-05
0.0002585018769618427,0.0,0.01179074202497834,6.591293011722135e-05
0.0002585019636579111,0.0,0.0045646286172535,3.045947837584953e-05
0.0002585020451014383,0.0,-0.0001494259660821467,1.13491003042511e-05
0.0002585022736852828,0.0,-0.001422386365731379,4.48684142476799e-06
0.000258502691368201,0.0,-0.0001821563492741083,1.203107264856757e-06
0.0002585035870901483,0.0,6.391162964081146e-06,5.293595013390606e-07
0.000258513052808746,0.0,1.4305072339474e-06,1.972645590377076e-07
0.0002585583107165535,0.0,3.461502583169123e-07,4.624749586304433e-08
0.0002587208142557875,0.0,8.919227980266948e-08,1.205558311304089e-08
0.0002589208142557874,0.0,4.526188725743371e-08,6.280213987880367e-09
0.0002591208142557873,0.0,2.967104429524544e-08,4.2371967835797e-09
0.0002593208142557872,0.0,2.168896730507293e-08,3.193083259050988e-09
0.0002595208142557871,0.0,1.683906155162142e-08,2.559527917528337e-09
0.000259720814255787,0.0,1.358038945952669e-08,2.134325732955356e-09
0.0002599208142557869,0.0,1.12402135053596e-08,1.829306452011403e-09
0.0002601208142557868,0.0,9.47824817583619e-09,1.599888260900295e-09
0.0002603208142557867,0.0,8.103865874533678e-09,1.421107803795119e-09
0.0002605208142557866,0.0,7.001907357859501e-09,1.277899549650963e-09
0.0002607208142557865,0.0,6.09865302861357e-09,1.160633068680861e-09
0.0002609208142557864,0.0,5.34478022564967e-09,1.062865514628308e-09
0.0002611208142557863,0.0,4.70611141980657e-09,9.801233459560965e-10
0.0002613208142557862,0.0,4.158107871372753e-09,9.092036669378079e-10
0.0002615208142557861,0.0,3.682798793722255e-09,8.477530001604894e-10
0.000261720814255786,0.0,3.266642665796306e-09,7.940031600262021e-10
0.0002619208142557859,0.0,2.899250383052629e-09,7.466002784062287e-10
0.0002621208142557858,0.0,2.572520340416045e-09,7.044897855357224e-10
0.0002623208142557856,0.0,2.280073924994152e-09,6.668383924213206e-10
0.0002625208142557855,0.0,2.01675491037715e-09,6.329787040348922e-10
0.0002627208142557854,0.0,1.77846060704543e-09,6.02370050645229e-10
0.0002629208142557853,0.0,1.561804589263099e-09,5.745698707093627e-10
0.0002631208142557852,0.0,1.363998339257802e-09,5.492120570826931e-10
0.0002633208142557851,0.0,1.182657647360655e-09,5.259915382416214e-10
0.000263520814255785,0.0,1.015818363766836e-09,5.046519681306538e-10
0.0002637208142557849,0.0,8.617825323940924e-10,4.849761515990369e-10
0.0002639208142557848,0.0,7.191757319096749e-10,4.66779116609084e-10
0.0002641208142557847,0.0,5.867892269114365e-10,4.499022877857417e-10
0.0002643208142557846,0.0,4.63539458012609e-10,4.342087968345343e-10
0.0002645208142557845,0.0,3.485302036588199e-10,4.19580125227137e-10
0.0002647208142557844,0.0,2.409354082740599e-10,4.059129422862018e-10
0.0002649208142557843,0.0,1.40087431647991e-10,3.931168492121717e-10
0.0002651208142557842,0.0,4.538493939960433e-11,3.811122652186416e-10
0.0002653208142557841,0.0,-4.373489927495969e-11,3.698292551368443e-10
0.000265520814255784,0.0,-1.277686202740722e-10,3.592056109502639e-10
0.0002657208142557839,0.0,-2.071030336223452e-10,3.491860701976268e-10
0.0002659208142557838,0.0,-2.820686792541176e-10,3.3972144555805e-10
0.0002661208142557837,0.0,-3.530925721834973e-10,3.307675945640742e-10
0.0002663208142557836,0.0,-4.20449666639175e-10,3.222849755124546e-10
0.0002665208142557835,0.0,-4.844125347228601e-10,3.142380079756979e-10
0.0002667208142557834,0.0,-5.452200007815552e-10,3.065945754221477e-10
0.0002669208142557833,0.0,-6.031277385188248e-10,2.993256166539115e-10
0.0002671208142557832,0.0,-6.582994677410961e-10,2.924048060626294e-10
0.0002673208142557831,0.0,-7.109181378444086e-10,2.858080562495591e-10
0.000267520814255783,0.0,-7.611950312717208e-10,2.795136778976914e-10
0.0002677208142557829,0.0,-8.09260975604131e-10,2.735016514654465e-10
0.0002679208142557828,0.0,-8.552568501807466e-10,2.677538048223571e-10
0.0002681208142557826,0.0,-8.993197838050017e-10,2.622534046869962e-10
0.0002683208142557825,0.0,-9.415482857319583e-10,2.569851388634081e-10
0.0002685208142557824,0.0,-9.820325470935385e-10,2.519348320240145e-10
0.0002687208142557823,0.0,-1.020934647479288e-09,2.470896055817296e-10
0.0002689208142557822,0.0,-1.058297393689575e-09,2.424372559650667e-10
0.0002691208142557821,0.0,-1.094225426970192e-09,2.379668585794636e-10
0.000269320814255782,0.0,-1.128841160444757e-09,2.33668163845957e-10
0.0002695208142557819,0.0,-1.162142948117812e-09,2.295315439104773e-10
0.0002697208142557818,0.0,-1.194265952373413e-09,2.255482590973745e-10
0.0002699208142557817,0.0,-1.225208220097823e-09,2.217100493473456e-10
0.0002701208142557816,0.0,-1.255050106163865e-09,2.180092407988443e-10
0.0002703208142557815,0.0,-1.283862164477376e-09,2.144387813152182e-10
0.0002705208142557814,0.0,-1.311701063623471e-09,2.109919917947512e-10
0.0002707208142557813,0.0,-1.338614551972819e-09,2.076626727520736e-10
0.0002709208142557812,0.0,-1.364617646041632e-09,2.044450332638892e-10
0.0002711208142557811,0.0,-1.389797153544924e-09,2.013336021511325e-10
0.000271320814255781,0.0,-1.414135256951191e-09,1.983233345603797e-10
0.0002715208142557809,0.0,-1.437708764415357e-09,1.954093988010275e-10
0.0002717208142557808,0.0,-1.460551430294963e-09,1.925873895081143e-10
0.0002719208142557807,0.0,-1.482705276811518e-09,1.898530611887939e-10
0.0002721208142557806,0.0,-1.504172103597509e-09,1.872023815130408e-10
0.0002723208142557805,0.0,-1.524999575747095e-09,1.84631691185766e-10
0.0002725208142557804,0.0,-1.545209467659165e-09,1.821374197297221e-10
0.0002727208142557803,0.0,-1.564842781725612e-09,1.797163341754615e-10
0.0002729208142557802,0.0,-1.583878003693008e-09,1.773652903713785e-10
0.0002731208142557801,0.0,-1.602396695119203e-09,1.750812507472776e-10
0.00027332081425578,0.0,-1.620384288062081e-09,1.728614619500579e-10
0.0002735208142557799,0.0,-1.637883918166959e-09,1.707032772080286e-10
0.0002737208142557797,0.0,-1.654905825283273e-09,1.686041563309093e-10
0.0002739208142557796,0.0,-1.671452737428851e-09,1.665618078183773e-10
0.0002741208142557795,0.0,-1.687570505230492e-09,1.645739224065412e-10
0.0002743208142557794,0.0,-1.703253268330962e-09,1.626383862307623e-10
0.0002745208142557793,0.0,-1.718547517551195e-09,1.607531742442436e-10
0.0002747208142557792,0.0,-1.733425728017199e-09,1.589163146908934e-10
0.0002749208142557791,0.0,-1.74791877385192e-09,1.571261022681458e-10
0.000275120814255779,0.0,-1.762056354820647e-09,1.55380600747046e-10
0.0002753208142557789,0.0,-1.775843397256125e-09,1.536783535149855e-10
0.0002755208142557788,0.0,-1.789295285201702e-09,1.520176197422618e-10
0.0002757208142557787,0.0,-1.802392811871471e-09,1.503970138705402e-10
0.0002759208142557786,0.0,-1.815188490537576e-09,1.488150615236439e-10
0.0002761208142557785,0.0,-1.827686121800729e-09,1.47270323852533e-10
0.0002763208142557784,0.0,-1.839855278144009e-09,1.457616995159672e-10
0.0002765208142557783,0.0,-1.851748725889089e-09,1.442877141377696e-10
0.0002767208142557782,0.0,-1.863345424015177e-09,1.428473196674052e-10
0.0002769208142557781,0.0,-1.874685761129233e-09,1.414393081822229e-10
0.000277120814255778,0.0,-1.885775351573872e-09,1.400626671588245e-10
0.0002773208142557779,0.0,-1.8966066683763e-09,1.387162774924011e-10
0.0002775208142557778,0.0,-1.907219898290206e-09,1.37399251004533e-10
0.0002777208142557777,0.0,-1.917603028208943e-09,1.361104685904113e-10
0.0002779208142557776,0.0,-1.927703338140083e-09,1.348491841801636e-10
0.0002781208142557775,0.0,-1.937601311901621e-09,1.336144385410965e-10
0.0002783208142557774,0.0,-1.947276331980202e-09,1.324053790219271e-10
0.0002785208142557773,0.0,-1.956773302740036e-09,1.312212595527829e-10
0.0002787208142557772,0.0,-1.966065055478219e-09,1.300612097188125e-10
0.0002789208142557771,0.0,-1.975156857350326e-09,1.289247143765326e-10
0.000279120814255777,0.0,-1.984034463518645e-09,1.278107787661131e-10
0.0002793208142557768,0.0,-1.992724123535563e-09,1.267189410347758e-10
0.0002795208142557767,0.0,-2.001282384696923e-09,1.256483485312376e-10
0.0002797208142557766,0.0,-2.009632225298865e-09,1.245985394027205e-10
0.0002799208142557765,0.0,-2.01781402973656e-09,1.235688386336253e-10
0.0002801208142557764,0.0,-2.025838267042054e-09,1.22558695553332e-10
0.0002803208142557763,0.0,-2.033703846028075e-09,1.215674884369467e-10
0.0002805208142557762,0.0,-2.041397032987186e-09,1.205947376681227e-10
0.0002807208142557761,0.0,-2.048926178561774e-09,1.196399103398083e-10
0.000280920814255776,0.0,-2.056321291866473e-09,1.187024380178148e-10
0.0002811208142557759,0.0,-2.063561332086561e-09,1.177818943765008e-10
0.0002813208142557758,0.0,-2.070692646937932e-09,1.168778708537932e-10
0.0002815208142557757,0.0,-2.077651058101495e-09,1.159897634883666e-10
0.0002817208142557756,0.0,-2.084507978132409e-09,1.151173235902636e-10
0.0002819208142557755,0.0,-2.091213077032171e-09,1.142600004888639e-10
0.0002821208142557754,0.0,-2.097800078114717e-09,1.134174922035047e-10
0.0002823208142557753,0.0,-2.104262013788285e-09,1.125892658271344e-10
0.0002825208142557752,0.0,-2.110612944470157e-09,1.117750549062269e-10
0.0002827208142557751,0.0,-2.116844132509022e-09,1.109745219329827e-10
0.000282920814255775,0.0,-2.122971662410043e-09,1.101871872910554e-10
0.0002831208142557749,0.0,-2.128979078116755e-09,1.094128911083292e-10
0.0002833208142557748,0.0,-2.134852700755278e-09,1.086511004777524e-10
0.0002835208142557747,0.0,-2.140612638405491e-09,1.079017088179146e-10
0.0002837208142557746,0.0,-2.146297422356741e-09,1.07164272039606e-10
0.0002839208142557745,0.0,-2.151879950627851e-09,1.06438541452869e-10
0.0002841208142557744,0.0,-2.157370337673655e-09,1.057241973134726e-10
0.0002843208142557743,0.0,-2.162770115337216e-09,1.050209909314592e-10
0.0002845208142557742,0.0,-2.16807509874077e-09,1.043286203261662e-10
0.0002847208142557741,0.0,-2.173280152906444e-09,1.036468545712044e-10
0.0002849208142557739,0.0,-2.178395541510725e-09,1.029754982673214e-10
0.0002851208142557738,0.0,-2.183414647528973e-09,1.023142139067179e-10
0.0002853208142557737,0.0,-2.188359676977955e-09,1.016628060901414e-10
0.0002855208142557736,0.0,-2.193179332382519e-09,1.010209906004977e-10
0.0002857208142557735,0.0,-2.197957570549088e-09,1.003886963835132e-10
0.0002859208142557734,0.0,-2.202643881730569e-09,9.976549711354644e-11
0.0002861208142557733,0.0,-2.207257819653382e-09,9.915137502702898e-11
0.0002863208142557732,0.0,-2.211764893254818e-09,9.854604590686655e-11
0.0002865208142557731,0.0,-2.216235343971391e-09,9.794926106310164e-11
0.000286720814255773,0.0,-2.220620163399772e-09,9.73608783871871e-11
0.0002869208142557729,0.0,-2.22493639782146e-09,9.678079129771255e-11
0.0002871208142557728,0.0,-2.229169135556813e-09,9.620862675974173e-11
0.0002873208142557727,0.0,-2.233370813300622e-09,9.564447359111661e-11
0.0002875208142557726,0.0,-2.237472061090635e-09,9.508790546619573e-11
0.0002877208142557725,0.0,-2.241494322196394e-09,9.453888685784229e-11
0.0002879208142557724,0.0,-2.245478606443861e-09,9.399725789394076e-11
0.0002881208142557723,0.0,-2.249379353470027e-09,9.346287646594398e-11
0.0002883208142557722,0.0,-2.253223388620419e-09,9.293556493816801e-11
0.0002885208142557721,0.0,-2.257026302040116e-09,9.241512791136054e-11
0.000288720814255772,0.0,-2.260761909460042e-09,9.190149433124795e-11
0.0002889208142557719,0.0,-2.264451903880103e-09,9.139450432571472e-11
0.0002891208142557718,0.0,-2.268056777173754e-09,9.089396249550852e-11
0.0002893208142557717,0.0,-2.271629867832393e-09,9.039978002278737e-11
0.0002895208142557716,0.0,-2.275125169373957e-09,8.991192138041449e-11
0.0002897208142557715,0.0,-2.278575198097429e-09,8.943017340556913e-11
0.0002899208142557714,0.0,-2.281977649624669e-09,8.895435846256738e-11
0.0002901208142557713,0.0,-2.285315525661506e-09,8.848444102427244e-11
0.0002903208142557712,0.0,-2.288596045072599e-09,8.802031450927394e-11
0.000290520814255771,0.0,-2.291814505065307e-09,8.756187233616154e-11
0.0002907208142557709,0.0,-2.295008822992062e-09,8.710890134211447e-11
0.0002909208142557708,0.0,-2.298152983038201e-09,8.666141929070115e-11
0.0002911208142557707,0.0,-2.301256287262264e-09,8.621926630980603e-11
0.0002913208142557706,0.0,-2.304287710952784e-09,8.578230029088196e-11
0.0002915208142557705,0.0,-2.307293002584981e-09,8.535052123392894e-11
0.0002917208142557704,0.0,-2.310257171421642e-09,8.492375150326303e-11
0.0002919208142557703,0.0,-2.31317791579233e-09,8.450195557174745e-11
0.0002921208142557702,0.0,-2.31604402988284e-09,8.408502685797182e-11
0.0002923208142557701,0.0,-2.318896017949924e-09,8.367285878052577e-11
0.00029252081425577,0.0,-2.321640459856588e-09,8.326530923086218e-11
0.0002927208142557699,0.0,-2.324394834064263e-09,8.286237820898102e-11
0.0002929208142557698,0.0,-2.32710801293262e-09,8.246397689704033e-11
0.0002931208142557697,0.0,-2.329810819720052e-09,8.207001647719813e-11
0.0002933208142557696,0.0,-2.332450090651618e-09,8.168040813161249e-11
0.0002935208142557695,0.0,-2.335044892819254e-09,8.129506304244139e-11
0.0002937208142557694,0.0,-2.337453643229533e-09,8.091399897325324e-11
0.0002939208142557693,0.0,-2.340074458869751e-09,8.053702052479572e-11
0.0002941208142557692,0.0,-2.342542998924544e-09,8.016405664279524e-11
0.0002943208142557691,0.0,-2.344980385317253e-09,7.979510732725182e-11
0.000294520814255769,0.0,-2.347352955744529e-09,7.943010152389185e-11
0.0002947208142557689,0.0,-2.349707688299938e-09,7.906893265130499e-11
0.0002949208142557688,0.0,-2.352034829500068e-09,7.871151189164927e-11
0.0002951208142557687,0.0,-2.354363026003626e-09,7.835787477206146e-11
0.0002953208142557686,0.0,-2.356644387525446e-09,7.800787918399443e-11
0.0002955208142557685,0.0,-2.358862204043537e-09,7.7661471836743e-11
0.0002957208142557684,0.0,-2.361090645590438e-09,7.731863496673875e-11
0.0002959208142557683,0.0,-2.363287581591033e-09,7.69793330468449e-11
0.0002961208142557681,0.0,-2.365442524031455e-09,7.664342396851432e-11
0.000296320814255768,0.0,-2.367575297493907e-09,7.63108722046102e-11
0.0002965208142557679,0.0,-2.369661943590888e-09,7.598165999156415e-11
0.0002967208142557678,0.0,-2.371709638883358e-09,7.565571627510259e-11
0.0002969208142557677,0.0,-2.373752254124213e-09,7.533298776452036e-11
0.0002971208142557676,0.0,-2.375770805880522e-09,7.501338564197546e-11
0.0002973208142557675,0.0,-2.377736350938489e-09,7.46969809617415e-11
0.0002975208142557674,0.0,-2.379702290032927e-09,7.438361385170289e-11
0.0002977208142557673,0.0,-2.381619725745182e-09,7.407324878472288e-11
0.0002979208142557672,0.0,-2.383531523819498e-09,7.376585023366467e-11
0.0002981208142557671,0.0,-2.38539491525614e-09,7.346143596209664e-11
0.000298320814255767,0.0,-2.38726589884203e-09,7.315986386147167e-11
0.0002985208142557669,0.0,-2.389106539241021e-09,7.286111616822134e-11
0.0002987208142557668,0.0,-2.390901584526758e-09,7.256521064591404e-11
0.0002989208142557667,0.0,-2.392662074538464e-09,7.22720762402762e-11
0.0002991208142557666,0.0,-2.394405129862591e-09,7.198164189703426e-11
0.0002993208142557665,0.0,-2.396136933332281e-09,7.169383656191464e-11
0.0002995208142557664,0.0,-2.397854791269022e-09,7.14087312891909e-11
0.0002997208142557663,0.0,-2.399540969589602e-09,7.11261484431791e-11
0.0002999208142557662,0.0,-2.401202680027221e-09,7.08462656595632e-11
0.0003001208142557661,0.0,-2.402800303946668e-09,7.05687454305437e-11
0.000300320814255766,0.0,-2.404412297937401e-09,7.029381868250973e-11
0.0003005208142557659,0.0,-2.406008308871168e-09,7.002132554334572e-11
0.0003007208142557658,0.0,-2.407554612370929e-09,6.975123048591492e-11
0.0003009208142557657,0.0,-2.409130389580993e-09,6.94835335102173e-11
0.0003011208142557656,0.0,-2.410703699752514e-09,6.921823461625287e-11
0.0003013208142557655,0.0,-2.412248863574293e-09,6.895528051331646e-11
0.0003015208142557654,0.0,-2.41378231041005e-09,6.869458238356607e-11
0.0003017208142557652,0.0,-2.415318638369664e-09,6.843610469986494e-11
0.0003019208142557651,0.0,-2.416815978165712e-09,6.817995404362343e-11
0.000302120814255765,0.0,-2.418321647834208e-09,6.792598830629437e-11
0.0003023208142557649,0.0,-2.419804812135658e-09,6.767417196074099e-11
0.0003025208142557648,0.0,-2.421274567105847e-09,6.742452277053168e-11
0.0003027208142557647,0.0,-2.422709058760775e-09,6.717698744496125e-11
0.0003029208142557646,0.0,-2.424128779951572e-09,6.693151269332454e-11
0.0003031208142557645,0.0,-2.425533254174392e-09,6.668815180632671e-11
0.0003033208142557644,0.0,-2.426916269692565e-09,6.644681596612579e-11
0.0003035208142557643,0.0,-2.42831495032838e-09,6.62074518820166e-11
0.0003037208142557642,0.0,-2.429660757768482e-09,6.597011284470434e-11
0.0003039208142557641,0.0,-2.430998917455387e-09,6.573471003634701e-11
0.000304120814255764,0.0,-2.432292195658487e-09,6.550117240267105e-11
0.0003043208142557639,0.0,-2.433609409255205e-09,6.526962428865523e-11
0.0003045208142557638,0.0,-2.434855815433968e-09,6.503992358575239e-11
0.0003047208142557637,0.0,-2.43612655527085e-09,6.481208805753091e-11
0.0003049208142557636,0.0,-2.437365561203693e-09,6.458606441328563e-11
0.0003051208142557635,0.0,-2.438622106494505e-09,6.436188818015332e-11
0.0003053208142557634,0.0,-2.439842045186759e-09,6.4139470540292e-11
0.0003055208142557633,0.0,-2.441035185151668e-09,6.391881149370172e-11
0.0003057208142557632,0.0,-2.44223369495356e-09,6.369992880395082e-11
0.0003059208142557631,0.0,-2.443392222927795e-09,6.348273365319734e-11
0.000306120814255763,0.0,-2.444545777650552e-09,6.32672438050097e-11
0.0003063208142557629,0.0,-2.445701992717931e-09,6.305342373225109e-11
0.0003065208142557628,0.0,-2.446833236614066e-09,6.284129119848991e-11
0.0003067208142557627,0.0,-2.447932595078425e-09,6.26307573858842e-11
0.0003069208142557626,0.0,-2.449037542126001e-09,6.242189334870752e-11
0.0003071208142557625,0.0,-2.450115274810849e-09,6.221455697841272e-11
0.0003073208142557623,0.0,-2.451192518255111e-09,6.200883709284178e-11
0.0003075208142557622,0.0,-2.452248975272954e-09,6.180466263772111e-11
0.0003077208142557621,0.0,-2.453310233615784e-09,6.16020691401875e-11
0.000307920814255762,0.0,-2.454329846203504e-09,6.14009855459674e-11
0.0003081208142557619,0.0,-2.455349059390381e-09,6.120137632792399e-11
0.0003083208142557618,0.0,-2.456350635581796e-09,6.10032237224889e-11
0.0003085208142557617,0.0,-2.457363820541749e-09,6.080659878393568e-11
0.0003087208142557616,0.0,-2.458328779873731e-09,6.061148374869597e-11
0.0003089208142557615,0.0,-2.459303520316626e-09,6.041773650822258e-11
0.0003091208142557614,0.0,-2.460262692370529e-09,6.022537482608393e-11
0.0003093208142557613,0.0,-2.461195869470551e-09,6.003445199298518e-11
0.0003095208142557612,0.0,-2.462129480581736e-09,5.984489695465278e-11
0.0003097208142557611,0.0,-2.463034607301381e-09,5.965678076536029e-11
0.000309920814255761,0.0,-2.463928703932455e-09,5.946994355299217e-11
0.0003101208142557609,0.0,-2.464837946957227e-09,5.928450966252718e-11
0.0003103208142557608,0.0,-2.465744695699177e-09,5.910033698541816e-11
0.0003105208142557607,0.0,-2.466604336348665e-09,5.89175143395071e-11
0.0003107208142557606,0.0,-2.467456363498203e-09,5.8735952906952e-11
0.0003109208142557605,0.0,-2.468318069558728e-09,5.855572374202645e-11
0.0003111208142557604,0.0,-2.46914495293331e-09,5.837673802688848e-11
0.0003113208142557603,0.0,-2.469948512786672e-09,5.819897799796969e-11
0.0003115208142557602,0.0,-2.470735091765894e-09,5.80224258917017e-11
0.0003117208142557601,0.0,-2.471503386670585e-09,5.784713499878969e-11
0.00031192081425576,0.0,-2.472254495801667e-09,5.767306979209685e-11
0.0003121208142557599,0.0,-2.473001131344306e-09,5.750017698091803e-11
0.0003123208142557598,0.0,-2.473744422747943e-09,5.732843880168481e-11
0.0003125208142557597,0.0,-2.474472955428505e-09,5.7157890781534e-11
0.0003127208142557596,0.0,-2.475189960451999e-09,5.6988461866192e-11
0.0003129208142557594,0.0,-2.475909409667532e-09,5.68202231099324e-11
0.0003131208142557593,0.0,-2.476587911958602e-09,5.665312122205002e-11
0.0003133208142557592,0.0,-2.47726232747998e-09,5.648708514827128e-11
0.0003135208142557591,0.0,-2.477955978909665e-09,5.632216817930136e-11
0.000313720814255759,0.0,-2.478629358621377e-09,5.615838807870866e-11
0.0003139208142557589,0.0,-2.479292098501063e-09,5.599560273794602e-11
0.0003141208142557588,0.0,-2.47993416308349e-09,5.583398979269738e-11
0.0003143208142557587,0.0,-2.480542610568283e-09,5.567338937084721e-11
0.0003145208142557586,0.0,-2.481176310341355e-09,5.551387252666906e-11
0.0003147208142557585,0.0,-2.481790143571209e-09,5.535535044232098e-11
0.0003149208142557584,0.0,-2.482412488768982e-09,5.519792969921334e-11
0.0003151208142557583,0.0,-2.483004164521691e-09,5.504146818879896e-11
0.0003153208142557582,0.0,-2.483589424631191e-09,5.488605472891983e-11
0.0003155208142557581,0.0,-2.484187068163063e-09,5.473156497459719e-11
0.000315720814255758,0.0,-2.48476240183201e-09,5.45781232708098e-11
0.0003159208142557579,0.0,-2.485333626054345e-09,5.442571185398926e-11
0.0003161208142557578,0.0,-2.485913036136535e-09,5.42742419062936e-11
0.0003163208142557577,0.0,-2.48643848098656e-09,5.412367790058603e-11
0.0003165208142557576,0.0,-2.486994655162212e-09,5.397414418184532e-11
0.0003167208142557575,0.0,-2.487528098557365e-09,5.382546311438752e-11
0.0003169208142557574,0.0,-2.488055612920274e-09,5.367779457032817e-11
0.0003171208142557573,0.0,-2.48857191539355e-09,5.353097867755175e-11
0.0003173208142557572,0.0,-2.489096277780661e-09,5.338515754460538e-11
0.0003175208142557571,0.0,-2.489608151944239e-09,5.324020682651032e-11
0.000317720814255757,0.0,-2.490106741733057e-09,5.309612652326656e-11
0.0003179208142557569,0.0,-2.490595727402939e-09,5.295298768914769e-11
0.0003181208142557568,0.0,-2.491064647837353e-09,5.281070150631173e-11
0.0003183208142557567,0.0,-2.49156844771328e-09,5.266930350189547e-11
0.0003185208142557565,0.0,-2.49203830836645e-09,5.252872262162534e-11
0.0003187208142557564,0.0,-2.492512439268851e-09,5.23890299197749e-11
0.0003189208142557563,0.0,-2.492985354911359e-09,5.225017210563898e-11
0.0003191208142557562,0.0,-2.493436661873735e-09,5.211222023349116e-11
0.0003193208142557561,0.0,-2.493878089836767e-09,5.197504995835267e-11
0.000319520814255756,0.0,-2.494318450693509e-09,5.183871457092871e-11
0.0003197208142557559,0.0,-2.494744874688607e-09,5.170317854408246e-11
0.0003199208142557558,0.0,-2.495170151777749e-09,5.156847740495074e-11
0.0003201208142557557,0.0,-2.495578005277969e-09,5.143457562639675e-11
0.0003203208142557556,0.0,-2.495992451935609e-09,5.130147320842049e-11
0.0003205208142557555,0.0,-2.49638719607073e-09,5.116913462388517e-11
0.0003207208142557554,0.0,-2.496780355072846e-09,5.103757763635919e-11
0.0003209208142557553,0.0,-2.497179062626996e-09,5.090682000941094e-11
0.0003211208142557552,0.0,-2.497575596045148e-09,5.077677292519844e-11
0.0003213208142557551,0.0,-2.497929629212924e-09,5.064759625583726e-11
0.000321520814255755,0.0,-2.49831438907029e-09,5.051909460207505e-11
0.0003217208142557549,0.0,-2.498664219208467e-09,5.039133901818538e-11
0.0003219208142557548,0.0,-2.499041978312855e-09,5.026438279487344e-11
0.0003221208142557547,0.0,-2.499385562108807e-09,5.013808382359208e-11
0.0003223208142557546,0.0,-2.499755128719739e-09,5.001254868575167e-11
0.0003225208142557545,0.0,-2.500095546047125e-09,4.988777738135219e-11
0.0003227208142557544,0.0,-2.500439286390564e-09,4.976362780184651e-11
0.0003229208142557543,0.0,-2.500762349809611e-09,4.964025981935016e-11
0.0003231208142557542,0.0,-2.50108196704825e-09,4.951760237958958e-11
0.0003233208142557541,0.0,-2.501431702027739e-09,4.939558442829118e-11
0.000323520814255754,0.0,-2.501746840444918e-09,4.927429478329692e-11
0.0003237208142557539,0.0,-2.502050036076259e-09,4.915369791747004e-11
0.0003239208142557538,0.0,-2.502374287181138e-09,4.903375830367373e-11
0.0003241208142557537,0.0,-2.502694314104286e-09,4.89144937054764e-11
0.0003243208142557535,0.0,-2.502995224661738e-09,4.879585083217286e-11
0.0003245208142557534,0.0,-2.503286741912242e-09,4.867795402874187e-11
0.0003247208142557533,0.0,-2.50357472895351e-09,4.856069671377306e-11
0.0003249208142557532,0.0,-2.503834936481175e-09,4.844406112369804e-11
0.0003251208142557531,0.0,-2.504099501459115e-09,4.832808278565359e-11
0.000325320814255753,0.0,-2.504362380803625e-09,4.821276169963973e-11
0.0003255208142557529,0.0,-2.504631888266265e-09,4.809804457495126e-11
0.0003257208142557528,0.0,-2.504900681786415e-09,4.798398470229337e-11
0.0003259208142557527,0.0,-2.505161992663572e-09,4.787054655452927e-11
0.0003261208142557526,0.0,-2.505383713884029e-09,4.775771236809057e-11
0.0003263208142557525,0.0,-2.505641606066048e-09,4.764548214297726e-11
0.0003265208142557524,0.0,-2.505878789566337e-09,4.753387364275774e-11
0.0003267208142557523,0.0,-2.506120008518456e-09,4.742286910386362e-11
0.0003269208142557522,0.0,-2.506340370801588e-09,4.73124507627265e-11
0.0003271208142557521,0.0,-2.506578480766401e-09,4.720260085577799e-11
0.000327320814255752,0.0,-2.506801092030885e-09,4.709342596442845e-11
0.0003275208142557519,0.0,-2.507021533163354e-09,4.698478398013073e-11
0.0003277208142557518,0.0,-2.50722529210728e-09,4.687672819359001e-11
0.0003279208142557517,0.0,-2.507454124767236e-09,4.676927636837469e-11
0.0003281208142557516,0.0,-2.507654413282988e-09,4.666228639593761e-11
0.0003283208142557515,0.0,-2.507874824518771e-09,4.655598920266791e-11
0.0003285208142557514,0.0,-2.508183358278098e-09,4.645020715288162e-11
0.0003287208142557513,0.0,-2.508394641165943e-09,4.634499353728394e-11
0.0003289208142557512,0.0,-2.508583290607831e-09,4.624031282873808e-11
0.0003291208142557511,0.0,-2.508770552820821e-09,4.613623608151762e-11
0.000329320814255751,0.0,-2.508948131687244e-09,4.60326389506438e-11
0.0003295208142557509,0.0,-2.50912464995305e-09,4.59295747268218e-11
0.0003297208142557508,0.0,-2.509296391924027e-09,4.582706117362001e-11
0.0003299208142557506,0.0,-2.509473699688013e-09,4.572511605460683e-11
0.0003301208142557505,0.0,-2.509633909703773e-09,4.562363278837189e-11
0.0003303208142557504,0.0,-2.509790118983163e-09,4.552273571989396e-11
0.0003305208142557503,0.0,-2.509935909040881e-09,4.542235379489945e-11
0.0003307208142557502,0.0,-2.510078934804152e-09,4.532245148625158e-11
0.0003309208142557501,0.0,-2.510228545697065e-09,4.522308208465553e-11
0.00033112081425575,0.0,-2.510370372335188e-09,4.512419229940612e-11
0.0003313208142557499,0.0,-2.510518115594469e-09,4.502579989407174e-11
0.0003315208142557498,0.0,-2.510637568143497e-09,4.492795815935758e-11
0.0003317208142557497,0.0,-2.51076750303879e-09,4.483056051385326e-11
0.0003319208142557496,0.0,-2.510906665804266e-09,4.473369577540076e-11
0.0003321208142557495,0.0,-2.51103615044692e-09,4.46373284168633e-11
0.0003323208142557494,0.0,-2.511146866185779e-09,4.454138738396729e-11
0.0003325208142557493,0.0,-2.511262822402004e-09,4.444599702169149e-11
0.0003327208142557492,0.0,-2.511372418984744e-09,4.435103298505716e-11
0.0003329208142557491,0.0,-2.511491505445586e-09,4.425653080120106e-11
0.000333120814255749,0.0,-2.511600243192803e-09,4.41625615243968e-11
0.0003333208142557489,0.0,-2.511702614830751e-09,4.406903633680237e-11
0.0003335208142557488,0.0,-2.511811111954124e-09,4.39759552384178e-11
0.0003337208142557487,0.0,-2.511910047713819e-09,4.388335375637986e-11
0.0003339208142557486,0.0,-2.512008745911101e-09,4.379121412712017e-11
0.0003341208142557485,0.0,-2.512095165141031e-09,4.369948305993354e-11
0.0003343208142557484,0.0,-2.512188458112525e-09,4.360821384552516e-11
0.0003345208142557483,0.0,-2.51229586291788e-09,4.351742424746341e-11
0.0003347208142557482,0.0,-2.512361883776534e-09,4.342709650217991e-11
0.0003349208142557481,0.0,-2.512434077958999e-09,4.333712402826429e-11
0.000335120814255748,0.0,-2.51250293496731e-09,4.324761340712691e-11
0.0003353208142557479,0.0,-2.512618059945652e-09,4.315861792947295e-11
0.0003355208142557477,0.0,-2.512680048661735e-09,4.306997772318688e-11
0.0003357208142557476,0.0,-2.512728298080875e-09,4.298172831540548e-11
0.0003359208142557475,0.0,-2.512754870405631e-09,4.289401181467589e-11
0.0003361208142557474,0.0,-2.512828088859531e-09,4.28066150581774e-11
0.0003363208142557473,0.0,-2.512882217609242e-09,4.271975120873073e-11
0.0003365208142557472,0.0,-2.512944644970796e-09,4.263320710351515e-11
0.0003367208142557471,0.0,-2.512982144842754e-09,4.254710708750942e-11
0.000336920814255747,0.0,-2.513026818603984e-09,4.246143339714514e-11
0.0003371208142557469,0.0,-2.513065415454875e-09,4.237615050528554e-11
0.0003373208142557468,0.0,-2.513124616812093e-09,4.229127617549899e-11
0.0003375208142557467,0.0,-2.513163696008066e-09,4.220677488064872e-11
0.0003377208142557466,0.0,-2.513191955671324e-09,4.212269991143991e-11
0.0003379208142557465,0.0,-2.513216388333031e-09,4.203899797716737e-11
0.0003381208142557464,0.0,-2.51323977969434e-09,4.195572236853629e-11
0.0003383208142557463,0.0,-2.513261216929505e-09,4.187280203127308e-11
0.0003385208142557462,0.0,-2.513294891023219e-09,4.179030801965134e-11
0.0003387208142557461,0.0,-2.513324169681995e-09,4.170811598869229e-11
0.000338920814255746,0.0,-2.513343379206595e-09,4.162638581051148e-11
0.0003391208142557459,0.0,-2.513350011947029e-09,4.154502866726695e-11
0.0003393208142557458,0.0,-2.513353315274138e-09,4.146404455895869e-11
0.0003395208142557457,0.0,-2.513364922543838e-09,4.138339795844992e-11
0.0003397208142557456,0.0,-2.513368622798145e-09,4.130314215644582e-11
0.0003399208142557455,0.0,-2.513387770094561e-09,4.122325938937799e-11
0.0003401208142557454,0.0,-2.513396558638554e-09,4.114376742081483e-11
0.0003403208142557453,0.0,-2.513411852270936e-09,4.106457743291436e-11
0.0003405208142557452,0.0,-2.513400327835084e-09,4.098577824351856e-11
0.0003407208142557451,0.0,-2.513419292181991e-09,4.090740537976423e-11
0.000340920814255745,0.0,-2.513420035379571e-09,4.082928120596741e-11
0.0003411208142557448,0.0,-2.513402987380595e-09,4.075154783067525e-11
0.0003413208142557447,0.0,-2.513370537984418e-09,4.067418749031937e-11
0.0003415208142557446,0.0,-2.513363337083906e-09,4.059716465776298e-11
0.0003417208142557445,0.0,-2.51333589472658e-09,4.052049709657446e-11
0.0003419208142557444,0.0,-2.513324310918338e-09,4.044418480675382e-11
0.0003421208142557443,0.0,-2.5133106309918e-09,4.036819226116428e-11
0.0003423208142557442,0.0,-2.513249902233716e-09,4.029255498694262e-11
0.0003425208142557441,0.0,-2.513213425298083e-09,4.021720192981526e-11
0.000342720814255744,0.0,-2.513193249466295e-09,4.014222190762418e-11
0.0003429208142557439,0.0,-2.513152720162175e-09,4.006759715680097e-11
0.0003431208142557438,0.0,-2.513127066178285e-09,3.999329215020886e-11
0.0003433208142557437,0.0,-2.513084416386608e-09,3.991934241498463e-11
0.0003435208142557436,0.0,-2.513052497782872e-09,3.984565913328631e-11
0.0003437208142557435,0.0,-2.513006976591927e-09,3.977231335938747e-11
0.0003439208142557434,0.0,-2.512980709544696e-09,3.969932285685651e-11
0.0003441208142557433,0.0,-2.512922371184116e-09,3.962661657141986e-11
0.0003443208142557432,0.0,-2.512871509036675e-09,3.955426555735109e-11
0.0003445208142557431,0.0,-2.512823689196087e-09,3.948221652394502e-11
0.000344720814255743,0.0,-2.512747614300455e-09,3.941046947120163e-11
0.0003449208142557429,0.0,-2.512703698354484e-09,3.933904216268935e-11
0.0003451208142557428,0.0,-2.512652592092977e-09,3.926789907127137e-11
0.0003453208142557427,0.0,-2.512600357963064e-09,3.919711125122128e-11
0.0003455208142557426,0.0,-2.512521648765628e-09,3.912660764826548e-11
0.0003457208142557425,0.0,-2.512460425124152e-09,3.905644155310917e-11
0.0003459208142557424,0.0,-2.512405501665758e-09,3.898652414791037e-11
0.0003461208142557423,0.0,-2.512349246101131e-09,3.891690872337428e-11
0.0003463208142557422,0.0,-2.512276971812573e-09,3.884761304306928e-11
0.0003465208142557421,0.0,-2.512212976443461e-09,3.877860157985857e-11
0.0003467208142557419,0.0,-2.512138792100258e-09,3.870990986087897e-11
0.0003469208142557418,0.0,-2.512059794662627e-09,3.864152012256206e-11
0.0003471208142557417,0.0,-2.511995311186191e-09,3.857337907420266e-11
0.0003473208142557416,0.0,-2.511907083529469e-09,3.850554000650596e-11
0.0003475208142557415,0.0,-2.511826685033107e-09,3.843800291947197e-11
0.0003477208142557414,0.0,-2.511726546313788e-09,3.837075004953228e-11
0.0003479208142557413,0.0,-2.511630767712709e-09,3.83037636331185e-11
0.0003481208142557412,0.0,-2.511549889219903e-09,3.823707919736741e-11
0.0003483208142557411,0.0,-2.511461646192388e-09,3.817064345157384e-11
0.000348520814255741,0.0,-2.511361232285795e-09,3.810452745001136e-11
0.0003487208142557409,0.0,-2.51126756994671e-09,3.803860684770122e-11
0.0003489208142557408,0.0,-2.511178411285966e-09,3.797307704389574e-11
0.0003491208142557407,0.0,-2.511068301375089e-09,3.790779593004778e-11
0.0003493208142557406,0.0,-2.510964447959104e-09,3.784274574258895e-11
0.0003495208142557405,0.0,-2.510874722244592e-09,3.777796200865602e-11
0.0003497208142557404,0.0,-2.510782673796523e-09,3.771342696468061e-11
0.0003499208142557403,0.0,-2.510680836337912e-09,3.76491761377995e-11
0.0003501208142557402,0.0,-2.510551503918501e-09,3.758524505514949e-11
0.0003503208142557401,0.0,-2.510438962471772e-09,3.752156266245699e-11
0.00035052081425574,0.0,-2.510333266652957e-09,3.745809343258521e-11
0.0003507208142557399,0.0,-2.510223971546225e-09,3.739489065623936e-11
0.0003509208142557398,0.0,-2.510113245365912e-09,3.73319720969878e-11
0.0003511208142557397,0.0,-2.510000290975781e-09,3.726926670055697e-11
0.0003513208142557396,0.0,-2.509885892055041e-09,3.720689881192562e-11
0.0003515208142557395,0.0,-2.509765579703102e-09,3.714472632254662e-11
0.0003517208142557394,0.0,-2.509643415929149e-09,3.708276699598834e-11
0.0003519208142557393,0.0,-2.509508943598719e-09,3.702114517722954e-11
0.0003521208142557392,0.0,-2.509380450800055e-09,3.695968323058629e-11
0.000352320814255739,0.0,-2.509271926723736e-09,3.689859431887932e-11
0.0003525208142557389,0.0,-2.509146466100937e-09,3.68376297521511e-11
0.0003527208142557388,0.0,-2.509021532596963e-09,3.677698492965398e-11
0.0003529208142557387,0.0,-2.508912122441534e-09,3.67165177428408e-11
0.0003531208142557386,0.0,-2.508782932507845e-09,3.66563703002587e-11
0.0003533208142557385,0.0,-2.508638981605699e-09,3.659640049336055e-11
0.0003535208142557384,0.0,-2.508508695413291e-09,3.653666161285152e-11
0.0003537208142557383,0.0,-2.50836079363148e-09,3.647724247657358e-11
0.0003539208142557382,0.0,-2.508222843593326e-09,3.641800097597958e-11
0.0003541208142557381,0.0,-2.50810251445946e-09,3.63590081653431e-11
0.000354320814255738,0.0,-2.507934336544545e-09,3.630024628109574e-11
0.0003545208142557379,0.0,-2.507774031648317e-09,3.624173308680589e-11
0.0003547208142557378,0.0,-2.50762753515952e-09,3.61833797646316e-11
0.0003549208142557377,0.0,-2.507485634883825e-09,3.612532842312e-11
0.0003551208142557376,0.0,-2.507328927397953e-09,3.606741919015555e-11
0.0003553208142557375,0.0,-2.507183443384892e-09,3.600982970142219e-11
0.0003555208142557374,0.0,-2.507030286274805e-09,3.595245337550956e-11
0.0003557208142557373,0.0,-2.506891967756663e-09,3.589527244884927e-11
0.0003559208142557372,0.0,-2.506725823836677e-09,3.583834021214649e-11
0.0003561208142557371,0.0,-2.506589753492729e-09,3.578165666540123e-11
0.000356320814255737,0.0,-2.506421875158347e-09,3.572509746363472e-11
0.0003565208142557369,0.0,-2.506261947238122e-09,3.566887576966771e-11
0.0003567208142557368,0.0,-2.506119578978443e-09,3.561276065711105e-11
0.0003569208142557367,0.0,-2.505946579140015e-09,3.555691199808031e-11
0.0003571208142557366,0.0,-2.505753478048154e-09,3.550127650187029e-11
0.0003573208142557365,0.0,-2.505611418276302e-09,3.544585416848101e-11
0.0003575208142557364,0.0,-2.505436421677513e-09,3.539062723434405e-11
0.0003577208142557363,0.0,-2.505291460530488e-09,3.533561346302783e-11
0.0003579208142557361,0.0,-2.505104685648397e-09,3.528083061810072e-11
0.000358120814255736,0.0,-2.504945229396054e-09,3.522622540885756e-11
0.0003583208142557359,0.0,-2.504769468472204e-09,3.517186888957191e-11
0.0003585208142557358,0.0,-2.504602581922452e-09,3.511774329667538e-11
0.0003587208142557357,0.0,-2.504433085327139e-09,3.506370652162083e-11
0.0003589208142557356,0.0,-2.504269234955251e-09,3.500998949079736e-11
0.0003591208142557355,0.0,-2.504101660802081e-09,3.495641456852105e-11
0.0003593208142557354,0.0,-2.503919817159708e-09,3.490307057263387e-11
0.0003595208142557353,0.0,-2.503741208329261e-09,3.48499397395674e-11
0.0003597208142557352,0.0,-2.503577247674203e-09,3.479696877861649e-11
0.0003599208142557351,0.0,-2.50337181844948e-09,3.47442109804863e-11
0.000360120814255735,0.0,-2.503176611516592e-09,3.469166634517684e-11
0.0003603208142557349,0.0,-2.503000626787692e-09,3.463933487268811e-11
0.0003605208142557348,0.0,-2.502816739511088e-09,3.458712774517814e-11
0.0003607208142557347,0.0,-2.502602558545429e-09,3.453522259833087e-11
0.0003609208142557346,0.0,-2.502438101122695e-09,3.448340626932556e-11
0.0003611208142557345,0.0,-2.502225799972442e-09,3.443180310314098e-11
0.0003613208142557344,0.0,-2.502053259825366e-09,3.438039533620873e-11
0.0003615208142557343,0.0,-2.501847134305126e-09,3.43292540228024e-11
0.0003617208142557342,0.0,-2.501639618777296e-09,3.427821929080644e-11
0.0003619208142557341,0.0,-2.501457009364673e-09,3.42273799580628e-11
0.000362120814255734,0.0,-2.501261352454853e-09,3.41767360245715e-11
0.0003623208142557339,0.0,-2.501050728160899e-09,3.412626972676414e-11
0.0003625208142557338,0.0,-2.500856873624406e-09,3.407605211891429e-11
0.0003627208142557337,0.0,-2.500656355155831e-09,3.402594109247481e-11
0.0003629208142557336,0.0,-2.500467215070271e-09,3.397604322885606e-11
0.0003631208142557335,0.0,-2.500266692344195e-09,3.392632300092124e-11
0.0003633208142557334,0.0,-2.500074332833117e-09,3.387676264510198e-11
0.0003635208142557332,0.0,-2.499849840338421e-09,3.382736216139826e-11
0.0003637208142557331,0.0,-2.499644412673288e-09,3.377819260408366e-11
0.000363920814255733,0.0,-2.499438975241932e-09,3.372923620958978e-11
0.0003641208142557329,0.0,-2.499221212386603e-09,3.368040416007467e-11
0.0003643208142557328,0.0,-2.499028446776798e-09,3.36317497462435e-11
0.0003645208142557327,0.0,-2.498810695503503e-09,3.358329073166466e-11
0.0003647208142557326,0.0,-2.498617593016814e-09,3.353495606206458e-11
0.0003649208142557325,0.0,-2.498386064225104e-09,3.348685231885362e-11
0.0003651208142557324,0.0,-2.498169835547533e-09,3.343889068418982e-11
0.0003653208142557323,0.0,-2.497979624563085e-09,3.339107115807316e-11
0.0003655208142557322,0.0,-2.4977730147282e-09,3.334350032191402e-11
0.0003657208142557321,0.0,-2.497573123017056e-09,3.329601830359686e-11
0.000365920814255732,0.0,-2.497350133646673e-09,3.32487672116688e-11
0.0003661208142557319,0.0,-2.497114280265666e-09,3.320165822828791e-11
0.0003663208142557318,0.0,-2.49690294705217e-09,3.315470911702256e-11
0.0003665208142557317,0.0,-2.496663806391616e-09,3.310793764144116e-11
0.0003667208142557316,0.0,-2.496447798639589e-09,3.306136156511208e-11
0.0003669208142557315,0.0,-2.496200798008106e-09,3.301487430662498e-11
0.0003671208142557314,0.0,-2.495972272826708e-09,3.296861797452699e-11
0.0003673208142557313,0.0,-2.495763808825417e-09,3.292250375097616e-11
0.0003675208142557312,0.0,-2.495534358232995e-09,3.287651387240409e-11
0.0003677208142557311,0.0,-2.495303194654678e-09,3.283073715665275e-11
0.000367920814255731,0.0,-2.495055253148975e-09,3.278508478588016e-11
0.0003681208142557309,0.0,-2.494852135754304e-09,3.273962781435991e-11
0.0003683208142557308,0.0,-2.494625432811194e-09,3.269427742425002e-11
0.0003685208142557307,0.0,-2.494376556958525e-09,3.264912243339246e-11
0.0003687208142557306,0.0,-2.494151183464007e-09,3.260412731465046e-11
0.0003689208142557305,0.0,-2.493909375036037e-09,3.255929206802399e-11
0.0003691208142557303,0.0,-2.493680469827326e-09,3.251458116637629e-11
0.0003693208142557302,0.0,-2.493433574957208e-09,3.247003013684413e-11
0.0003695208142557301,0.0,-2.493196262006595e-09,3.242565674299591e-11
0.00036972081425573,0.0,-2.492964317654674e-09,3.238138993055806e-11
0.0003699208142557299,0.0,-2.492733153320995e-09,3.233731851737254e-11
0.0003701208142557298,0.0,-2.492508448147772e-09,3.229337144916577e-11
0.0003703208142557297,0.0,-2.492264234830664e-09,3.224961978021135e-11
0.0003705208142557296,0.0,-2.492018776089626e-09,3.220602798337247e-11
0.0003707208142557295,0.0,-2.491778566962974e-09,3.216250724080716e-11
0.0003709208142557294,0.0,-2.491525127005852e-09,3.21191463703574e-11
0.0003711208142557293,0.0,-2.491284243639461e-09,3.207598089915998e-11
0.0003713208142557292,0.0,-2.491025073189371e-09,3.20329575365097e-11
0.0003715208142557291,0.0,-2.490785022473326e-09,3.199005851883818e-11
0.000371720814255729,0.0,-2.490544835106572e-09,3.194726608257703e-11
0.0003719208142557289,0.0,-2.4903132811418e-09,3.190468680913661e-11
0.0003721208142557288,0.0,-2.490072953838594e-09,3.186217858996976e-11
0.0003723208142557287,0.0,-2.489813358141016e-09,3.181991906076043e-11
0.0003725208142557286,0.0,-2.489574016355567e-09,3.177774834939306e-11
0.0003727208142557285,0.0,-2.489332059489916e-09,3.173564869229928e-11
0.0003729208142557284,0.0,-2.489061390297045e-09,3.169379772516301e-11
0.0003731208142557283,0.0,-2.488803296849296e-09,3.165200004873192e-11
0.0003733208142557282,0.0,-2.488534075413122e-09,3.161039777155317e-11
0.0003735208142557281,0.0,-2.48828084667765e-09,3.156891983935317e-11
0.000373720814255728,0.0,-2.488019417261407e-09,3.152760177926872e-11
0.0003739208142557279,0.0,-2.487754539473038e-09,3.148637253702624e-11
0.0003741208142557278,0.0,-2.487493805302651e-09,3.14453209304677e-11
0.0003743208142557277,0.0,-2.487236280230955e-09,3.140437590531953e-11
0.0003745208142557276,0.0,-2.486971903683167e-09,3.13635729887185e-11
0.0003747208142557274,0.0,-2.486711946262412e-09,3.132289441709624e-11
0.0003749208142557273,0.0,-2.486454798445065e-09,3.128241124472631e-11
0.0003751208142557272,0.0,-2.48619399450741e-09,3.124203465376674e-11
0.0003753208142557271,0.0,-2.485936747469166e-09,3.120176464421753e-11
0.000375520814255727,0.0,-2.4856864139046e-09,3.116161897964709e-11
0.0003757208142557269,0.0,-2.485410487617715e-09,3.112163318719219e-11
0.0003759208142557268,0.0,-2.485127032890523e-09,3.108175397614765e-11
0.0003761208142557267,0.0,-2.484853518013842e-09,3.104198134651348e-11
0.0003763208142557266,0.0,-2.484613282329219e-09,3.100243964326843e-11
0.0003765208142557265,0.0,-2.484338645970716e-09,3.096293346716017e-11
0.0003767208142557264,0.0,-2.484035099694709e-09,3.092355163603067e-11
0.0003769208142557263,0.0,-2.483790062029382e-09,3.08843474405851e-11
0.0003771208142557262,0.0,-2.483517699498787e-09,3.08452675901183e-11
0.0003773208142557261,0.0,-2.483250746264551e-09,3.080629432106186e-11
0.000377520814255726,0.0,-2.482975155636762e-09,3.076742763341578e-11
0.0003777208142557259,0.0,-2.482706289553331e-09,3.072873858145364e-11
0.0003779208142557258,0.0,-2.482423872052883e-09,3.069010282019669e-11
0.0003781208142557257,0.0,-2.48214417525156e-09,3.065164469462367e-11
0.0003783208142557256,0.0,-2.481878799193007e-09,3.061332867759781e-11
0.0003785208142557255,0.0,-2.4816201447179e-09,3.057510147841391e-11
0.0003787208142557254,0.0,-2.481358434542954e-09,3.053698086064039e-11
0.0003789208142557253,0.0,-2.481063739207799e-09,3.049898458784561e-11
0.0003791208142557252,0.0,-2.480793925046036e-09,3.04610948964612e-11
0.0003793208142557251,0.0,-2.480526227559139e-09,3.042338284076074e-11
0.000379520814255725,0.0,-2.480226651855163e-09,3.038574183933385e-11
0.0003797208142557249,0.0,-2.47992969684802e-09,3.034824294645411e-11
0.0003799208142557248,0.0,-2.479654645865548e-09,3.031085063498473e-11
0.0003801208142557247,0.0,-2.479376290155268e-09,3.027356490492572e-11
0.0003803208142557246,0.0,-2.479090303226671e-09,3.023645681055065e-11
0.0003805208142557244,0.0,-2.478806197389397e-09,3.019943753401755e-11
0.0003807208142557243,0.0,-2.478514841364518e-09,3.01625426024632e-11
0.0003809208142557242,0.0,-2.478220032283921e-09,3.012568319804565e-11
0.0003811208142557241,0.0,-2.47791786485685e-09,3.008903695644882e-11
0.000381320814255724,0.0,-2.477627758139191e-09,3.005246176912557e-11
0.0003815208142557239,0.0,-2.47735158049235e-09,3.001599316321268e-11
0.0003817208142557238,0.0,-2.477076758126356e-09,2.997964890227856e-11
0.0003819208142557237,0.0,-2.476771461033948e-09,2.994344674989158e-11
0.0003821208142557236,0.0,-2.476494625230556e-09,2.9907262361073e-11
0.0003823208142557235,0.0,-2.476200749431858e-09,2.987127337150674e-11
0.0003825208142557234,0.0,-2.475906298207555e-09,2.983540872691925e-11
0.0003827208142557233,0.0,-2.475616292667176e-09,2.979961513660534e-11
0.0003829208142557232,0.0,-2.475331978603397e-09,2.976396365483857e-11
0.0003831208142557231,0.0,-2.475037309733666e-09,2.972840099091378e-11
0.000383320814255723,0.0,-2.474741125339461e-09,2.969292714483096e-11
0.0003835208142557229,0.0,-2.474448694970867e-09,2.965759540729529e-11
0.0003837208142557228,0.0,-2.474140238130868e-09,2.962233472403319e-11
0.0003839208142557227,0.0,-2.473840306433474e-09,2.958723391288665e-11
0.0003841208142557226,0.0,-2.47354074500574e-09,2.955222191958207e-11
0.0003843208142557225,0.0,-2.473232332993253e-09,2.951729874411946e-11
0.0003845208142557224,0.0,-2.472949635386227e-09,2.9482517677204e-11
0.0003847208142557223,0.0,-2.472661887088329e-09,2.944778990099373e-11
0.0003849208142557222,0.0,-2.472352010821527e-09,2.94132042333306e-11
0.0003851208142557221,0.0,-2.472060795992224e-09,2.937870738350945e-11
0.000385320814255722,0.0,-2.471761953932874e-09,2.934433487866705e-11
0.0003855208142557219,0.0,-2.471462257489563e-09,2.931003342809824e-11
0.0003857208142557218,0.0,-2.471172752872805e-09,2.927583855893978e-11
0.0003859208142557217,0.0,-2.470875812788291e-09,2.924180356189688e-11
0.0003861208142557215,0.0,-2.470572641796144e-09,2.920785738269594e-11
0.0003863208142557214,0.0,-2.470263080569401e-09,2.917396449420018e-11
0.0003865208142557213,0.0,-2.469939011938965e-09,2.914017818711478e-11
0.0003867208142557212,0.0,-2.46963685731543e-09,2.910655175214494e-11
0.0003869208142557211,0.0,-2.469321247951133e-09,2.907299637144867e-11
0.000387120814255721,0.0,-2.469012091522896e-09,2.903952980859437e-11
0.0003873208142557209,0.0,-2.468702187221288e-09,2.900615206358204e-11
0.0003875208142557208,0.0,-2.468399795161445e-09,2.897288089998007e-11
0.0003877208142557207,0.0,-2.468083483115214e-09,2.893968079065168e-11
0.0003879208142557206,0.0,-2.467774014047211e-09,2.890662278987044e-11
0.0003881208142557205,0.0,-2.467485413743089e-09,2.887367137049957e-11
0.0003883208142557204,0.0,-2.467170117429451e-09,2.884077324183387e-11
0.0003885208142557203,0.0,-2.466832665559456e-09,2.880807051242051e-11
0.0003887208142557202,0.0,-2.466509296835905e-09,2.877535001943876e-11
0.0003889208142557201,0.0,-2.466200132391385e-09,2.874278939857255e-11
0.00038912081425572,0.0,-2.465878782616559e-09,2.871026430484314e-11
0.0003893208142557199,0.0,-2.465572379999375e-09,2.867793461036605e-11
0.0003895208142557198,0.0,-2.465275319554979e-09,2.864560491588897e-11
0.0003897208142557197,0.0,-2.464955235292536e-09,2.861339956639064e-11
0.0003899208142557196,0.0,-2.464625742448307e-09,2.858131856187107e-11
0.0003901208142557195,0.0,-2.464324743309606e-09,2.854932637519347e-11
0.0003903208142557194,0.0,-2.46400712582688e-09,2.851740524278945e-11
0.0003905208142557193,0.0,-2.463688159645937e-09,2.84855729282274e-11
0.0003907208142557192,0.0,-2.463365407567961e-09,2.84538649586441e-11
0.0003909208142557191,0.0,-2.463043368778008e-09,2.84221925161976e-11
0.000391120814255719,0.0,-2.462728662360755e-09,2.839062665516146e-11
0.0003913208142557189,0.0,-2.462392882393573e-09,2.835916737553568e-11
0.0003915208142557188,0.0,-2.462088417536032e-09,2.832783244088866e-11
0.0003917208142557186,0.0,-2.461761178787362e-09,2.829653303337842e-11
0.0003919208142557185,0.0,-2.461431325511825e-09,2.826535797084695e-11
0.0003921208142557184,0.0,-2.461118411307347e-09,2.823425396258905e-11
0.0003923208142557183,0.0,-2.460815507600979e-09,2.820325653574152e-11
0.0003925208142557182,0.0,-2.460500399408941e-09,2.817236569030435e-11
0.0003927208142557181,0.0,-2.460185460115947e-09,2.814151037200396e-11
0.000392920814255718,0.0,-2.459850735469394e-09,2.811077939868234e-11
0.0003931208142557179,0.0,-2.459523719821876e-09,2.808013724320269e-11
0.0003933208142557178,0.0,-2.459218537233235e-09,2.80496016691334e-11
0.0003935208142557177,0.0,-2.458860458108043e-09,2.80190660950641e-11
0.0003937208142557176,0.0,-2.458518407101141e-09,2.798872592024715e-11
0.0003939208142557175,0.0,-2.458192498952068e-09,2.795843903613538e-11
0.0003941208142557174,0.0,-2.457880266091366e-09,2.792822320629718e-11
0.0003943208142557173,0.0,-2.457528948126776e-09,2.789809619430095e-11
0.0003945208142557172,0.0,-2.45717851105467e-09,2.786800470944151e-11
0.0003947208142557171,0.0,-2.45686251490894e-09,2.783807309669761e-11
0.000394920814255717,0.0,-2.456538244493378e-09,2.78081947746589e-11
0.0003951208142557169,0.0,-2.456220951860418e-09,2.777842303403055e-11
0.0003953208142557168,0.0,-2.455883206839475e-09,2.774868682053899e-11
0.0003955208142557167,0.0,-2.455536118666491e-09,2.77190571884578e-11
0.0003957208142557166,0.0,-2.455203551355778e-09,2.768948084708178e-11
0.0003959208142557165,0.0,-2.454874117146014e-09,2.766006437782131e-11
0.0003961208142557164,0.0,-2.454551212870079e-09,2.763070119926603e-11
0.0003963208142557163,0.0,-2.454220416536095e-09,2.760139131141593e-11
0.0003965208142557162,0.0,-2.45389074697668e-09,2.757218800497618e-11
0.0003967208142557161,0.0,-2.45350356048961e-09,2.754302022567323e-11
0.000396920814255716,0.0,-2.453184728384979e-09,2.751401231848583e-11
0.0003971208142557159,0.0,-2.452830345710048e-09,2.748503993843521e-11
0.0003973208142557157,0.0,-2.45249170183309e-09,2.745617413979495e-11
0.0003975208142557156,0.0,-2.452164410196117e-09,2.742734386829149e-11
0.0003977208142557155,0.0,-2.451826678997256e-09,2.739863794176678e-11
0.0003979208142557154,0.0,-2.451490475868497e-09,2.736996754237886e-11
0.0003981208142557153,0.0,-2.451130995313482e-09,2.73414214879697e-11
0.0003983208142557152,0.0,-2.450816374272032e-09,2.731292872426572e-11
0.0003985208142557151,0.0,-2.450484677694479e-09,2.728452477840371e-11
0.000398720814255715,0.0,-2.450119597674757e-09,2.725613859611009e-11
0.0003989208142557149,0.0,-2.449795980623759e-09,2.722791228593202e-11
0.0003991208142557148,0.0,-2.449477235841803e-09,2.719977479359592e-11
0.0003993208142557147,0.0,-2.449121551435321e-09,2.717165506482822e-11
0.0003995208142557146,0.0,-2.44879138597409e-09,2.714365968103927e-11
0.0003997208142557145,0.0,-2.448434831814014e-09,2.711568206081871e-11
0.0003999208142557144,0.0,-2.448105694903527e-09,2.708779325844013e-11
0.0004001208142557143,0.0,-2.447777464166696e-09,2.706006432817709e-11
0.0004003208142557142,0.0,-2.447435814522978e-09,2.703229987077727e-11
0.0004005208142557141,0.0,-2.447096888645224e-09,2.700462423121941e-11
0.000400720814255714,0.0,-2.446742299328209e-09,2.697705517307192e-11
0.0004009208142557139,0.0,-2.446390254122318e-09,2.694959269633479e-11
0.0004011208142557138,0.0,-2.4460398020552e-09,2.692220127387124e-11
0.0004013208142557137,0.0,-2.445676345684264e-09,2.689482761497608e-11
0.0004015208142557136,0.0,-2.44531328986002e-09,2.686757830105968e-11
0.0004017208142557135,0.0,-2.444977150552697e-09,2.684038227784846e-11
0.0004019208142557134,0.0,-2.444635295860286e-09,2.681322178177403e-11
0.0004021208142557133,0.0,-2.444285049781432e-09,2.678622115781515e-11
0.0004023208142557132,0.0,-2.443930201675475e-09,2.675922053385627e-11
0.0004025208142557131,0.0,-2.443594222139618e-09,2.673232649130775e-11
0.000402720814255713,0.0,-2.443219277517964e-09,2.670548573946441e-11
0.0004029208142557128,0.0,-2.442884005882831e-09,2.667871604189465e-11
0.0004031208142557127,0.0,-2.442516364850272e-09,2.665201739859846e-11
0.0004033208142557126,0.0,-2.442162145881818e-09,2.662538980957585e-11
0.0004035208142557125,0.0,-2.441813152998216e-09,2.6598886565532e-11
0.0004037208142557124,0.0,-2.44147484653978e-09,2.657234779435136e-11
0.0004039208142557123,0.0,-2.441119988090004e-09,2.654596889528627e-11
0.0004041208142557122,0.0,-2.44074405614534e-09,2.651960775978957e-11
0.0004043208142557121,0.0,-2.440397822885995e-09,2.649340649640841e-11
0.000404520814255712,0.0,-2.440034270437781e-09,2.646720523302726e-11
0.0004047208142557119,0.0,-2.439676517206422e-09,2.644103949678289e-11
0.0004049208142557118,0.0,-2.439341758085291e-09,2.64149625783805e-11
0.0004051208142557117,0.0,-2.438978677190261e-09,2.638899224138847e-11
0.0004053208142557116,0.0,-2.438627743468316e-09,2.636300414082804e-11
0.0004055208142557115,0.0,-2.438250950917751e-09,2.633719367595155e-11
0.0004057208142557114,0.0,-2.437887063943131e-09,2.631134768393828e-11
0.0004059208142557113,0.0,-2.437544189640875e-09,2.628567932760895e-11
0.0004061208142557112,0.0,-2.437206133848743e-09,2.626001097127961e-11
0.0004063208142557111,0.0,-2.43684145926577e-09,2.623446695992904e-11
0.000406520814255711,0.0,-2.436458199135992e-09,2.620892294857846e-11
0.0004067208142557109,0.0,-2.436115753537214e-09,2.618350328220664e-11
0.0004069208142557108,0.0,-2.435756724742093e-09,2.615811914297162e-11
0.0004071208142557107,0.0,-2.43539803351197e-09,2.613278829444177e-11
0.0004073208142557106,0.0,-2.4350391023533e-09,2.610754626375389e-11
0.0004075208142557105,0.0,-2.434673284372829e-09,2.608232199663441e-11
0.0004077208142557104,0.0,-2.434321130852967e-09,2.605720431092529e-11
0.0004079208142557103,0.0,-2.433952728750298e-09,2.603213991592135e-11
0.0004081208142557102,0.0,-2.433582523133963e-09,2.600716433875938e-11
0.0004083208142557101,0.0,-2.433223667504927e-09,2.59822242887342e-11
0.0004085208142557099,0.0,-2.432864729673482e-09,2.59573552929826e-11
0.0004087208142557098,0.0,-2.432486413480205e-09,2.593253958793618e-11
0.0004089208142557097,0.0,-2.432131730072408e-09,2.590779493716333e-11
0.0004091208142557096,0.0,-2.431752742728499e-09,2.588317463136924e-11
0.0004093208142557095,0.0,-2.431397378091763e-09,2.585857208914355e-11
0.0004095208142557094,0.0,-2.431020607790777e-09,2.583400507405464e-11
0.0004097208142557093,0.0,-2.430647747789003e-09,2.580950911323932e-11
0.0004099208142557092,0.0,-2.430285503674055e-09,2.578508420669756e-11
0.0004101208142557091,0.0,-2.429920465737823e-09,2.576073035442938e-11
0.000410320814255709,0.0,-2.429548649285951e-09,2.573641202929799e-11
0.0004105208142557089,0.0,-2.429170896863782e-09,2.571216475844018e-11
0.0004107208142557088,0.0,-2.428804505901003e-09,2.568802406899273e-11
0.0004109208142557087,0.0,-2.428435935336226e-09,2.566393667025046e-11
0.0004111208142557086,0.0,-2.428069812173332e-09,2.56398315079398e-11
0.0004113208142557085,0.0,-2.427705923678448e-09,2.56158506906079e-11
0.0004115208142557084,0.0,-2.427318665031468e-09,2.559194092754957e-11
0.0004117208142557083,0.0,-2.426959366916625e-09,2.556811998233321e-11
0.0004119208142557082,0.0,-2.426592241111824e-09,2.554429903711686e-11
0.0004121208142557081,0.0,-2.426202793461302e-09,2.552049585546889e-11
0.000412320814255708,0.0,-2.425829083699637e-09,2.549681701879969e-11
0.0004125208142557079,0.0,-2.425467879710604e-09,2.547319147283567e-11
0.0004127208142557078,0.0,-2.425104645323059e-09,2.544961921757683e-11
0.0004129208142557077,0.0,-2.424718139156985e-09,2.542610025302317e-11
0.0004131208142557076,0.0,-2.424337561349345e-09,2.540265234274308e-11
0.0004133208142557075,0.0,-2.423959069585111e-09,2.537925772316818e-11
0.0004135208142557074,0.0,-2.423593017016241e-09,2.535593415786686e-11
0.0004137208142557073,0.0,-2.42322430968333e-09,2.533264611970232e-11
0.0004139208142557072,0.0,-2.422824948439853e-09,2.530941137224296e-11
0.000414120814255707,0.0,-2.42246235051754e-09,2.528626544262558e-11
0.0004143208142557069,0.0,-2.422078273099569e-09,2.526313727657659e-11
0.0004145208142557068,0.0,-2.421709834302828e-09,2.524013345550635e-11
0.0004147208142557067,0.0,-2.421351776903475e-09,2.521711187086773e-11
0.0004149208142557066,0.0,-2.420960861166232e-09,2.519421463120786e-11
0.0004151208142557065,0.0,-2.420594342486261e-09,2.51712818644112e-11
0.0004153208142557064,0.0,-2.420220288695991e-09,2.514850896973009e-11
0.0004155208142557063,0.0,-2.419856776848267e-09,2.512568278434379e-11
0.0004157208142557062,0.0,-2.419473454447291e-09,2.510299870750465e-11
0.0004159208142557061,0.0,-2.419093736610139e-09,2.50803501578023e-11
0.000416120814255706,0.0,-2.418705452597276e-09,2.505775489880513e-11
0.0004163208142557059,0.0,-2.418317038131511e-09,2.503519516694474e-11
0.0004165208142557058,0.0,-2.417943118224038e-09,2.501272425292633e-11
0.0004167208142557057,0.0,-2.417564844842118e-09,2.49903243931815e-11
0.0004169208142557056,0.0,-2.417160601228355e-09,2.496794229700505e-11
0.0004171208142557055,0.0,-2.416774780704774e-09,2.494561349153379e-11
0.0004173208142557054,0.0,-2.416401974556196e-09,2.49233735039045e-11
0.0004175208142557053,0.0,-2.416036262652391e-09,2.49011512798436e-11
0.0004177208142557052,0.0,-2.415676816022892e-09,2.487896458291949e-11
0.0004179208142557051,0.0,-2.415313268769407e-09,2.485688446740575e-11
0.000418120814255705,0.0,-2.414949429768312e-09,2.48348221154604e-11
0.0004183208142557049,0.0,-2.414574213354146e-09,2.481283081778862e-11
0.0004185208142557048,0.0,-2.414183376913843e-09,2.479092833795882e-11
0.0004187208142557047,0.0,-2.413832785296116e-09,2.476897256742383e-11
0.0004189208142557046,0.0,-2.413433811840875e-09,2.474717666900439e-11
0.0004191208142557045,0.0,-2.41304400884449e-09,2.472541629772174e-11
0.0004193208142557044,0.0,-2.412653300746818e-09,2.470363816287069e-11
0.0004195208142557043,0.0,-2.412258729851609e-09,2.46819843729984e-11
0.0004197208142557041,0.0,-2.4118862018728e-09,2.466031281955772e-11
0.000419920814255704,0.0,-2.41148164193213e-09,2.463876561109579e-11
0.0004201208142557039,0.0,-2.411101442486332e-09,2.461723616620226e-11
0.0004203208142557038,0.0,-2.410713452661186e-09,2.459576001201391e-11
0.0004205208142557037,0.0,-2.410323168611084e-09,2.457430162139396e-11
0.0004207208142557036,0.0,-2.409935751241819e-09,2.455296757575276e-11
0.0004209208142557035,0.0,-2.409541920645604e-09,2.453166905724835e-11
0.0004211208142557034,0.0,-2.409159179639866e-09,2.451038830231234e-11
0.0004213208142557033,0.0,-2.408749151474647e-09,2.44891608380815e-11
0.0004215208142557032,0.0,-2.408370348458072e-09,2.446800442812425e-11
0.0004217208142557031,0.0,-2.407995062826569e-09,2.444686578173538e-11
0.000421920814255703,0.0,-2.407606573951707e-09,2.442583371675688e-11
0.0004221208142557029,0.0,-2.407205032776059e-09,2.440481941534678e-11
0.0004223208142557028,0.0,-2.406816983083013e-09,2.438385840464186e-11
0.0004225208142557027,0.0,-2.406427105568643e-09,2.436291515750533e-11
0.0004227208142557026,0.0,-2.406029593912587e-09,2.434204296464237e-11
0.0004229208142557025,0.0,-2.405635629338865e-09,2.4321241826053e-11
0.0004231208142557024,0.0,-2.405241908659233e-09,2.430045845103202e-11
0.0004233208142557023,0.0,-2.404858494659393e-09,2.4279763893853e-11
0.0004235208142557022,0.0,-2.404484136159463e-09,2.425906933667399e-11
0.0004237208142557021,0.0,-2.404095613383256e-09,2.423844583376855e-11
0.000423920814255702,0.0,-2.403689241892387e-09,2.42178578579999e-11
0.0004241208142557019,0.0,-2.403302469429708e-09,2.419734093650483e-11
0.0004243208142557018,0.0,-2.402910303286153e-09,2.417687730571494e-11
0.0004245208142557017,0.0,-2.402508745922031e-09,2.415650249276702e-11
0.0004247208142557016,0.0,-2.402105761942808e-09,2.413605662554552e-11
0.0004249208142557015,0.0,-2.401717169276103e-09,2.411573510330278e-11
0.0004251208142557014,0.0,-2.401299955011484e-09,2.409544910819683e-11
0.0004253208142557012,0.0,-2.40090191565441e-09,2.407516311309088e-11
0.0004255208142557011,0.0,-2.400495876717117e-09,2.405498369939529e-11
0.000425720814255701,0.0,-2.400098785609074e-09,2.40348220492681e-11
0.0004259208142557009,0.0,-2.399709556258785e-09,2.401478474411967e-11
0.0004261208142557008,0.0,-2.399319311706634e-09,2.399469414826605e-11
0.0004263208142557007,0.0,-2.398892519355736e-09,2.39747101338228e-11
0.0004265208142557006,0.0,-2.398475480710165e-09,2.395472611937954e-11
0.0004267208142557005,0.0,-2.398073154396484e-09,2.393479539564147e-11
0.0004269208142557004,0.0,-2.397697315270074e-09,2.391498901688216e-11
0.0004271208142557003,0.0,-2.397302887032304e-09,2.389511158384927e-11
0.0004273208142557002,0.0,-2.396894452449964e-09,2.387532296865835e-11
0.0004275208142557001,0.0,-2.396504634221244e-09,2.38556409348778e-11
0.0004277208142557,0.0,-2.396094847074308e-09,2.383592337396046e-11
0.0004279208142556999,0.0,-2.395699233515294e-09,2.381629463088508e-11
0.0004281208142556998,0.0,-2.395312416449327e-09,2.379671917851489e-11
0.0004283208142556997,0.0,-2.394908297878115e-09,2.377712596257631e-11
0.0004285208142556996,0.0,-2.394494845953775e-09,2.375763932804809e-11
0.0004287208142556995,0.0,-2.394085893790446e-09,2.373815269351986e-11
0.0004289208142556994,0.0,-2.393683808232097e-09,2.371877264040201e-11
0.0004291208142556993,0.0,-2.393284678496289e-09,2.369937482371576e-11
0.0004293208142556992,0.0,-2.392870858971772e-09,2.368004806130308e-11
0.0004295208142556991,0.0,-2.392470474687388e-09,2.36607568260272e-11
0.000429720814255699,0.0,-2.392086075761239e-09,2.364148335431971e-11
0.0004299208142556989,0.0,-2.391671522664746e-09,2.362233422759097e-11
0.0004301208142556988,0.0,-2.391266830534259e-09,2.360318510086223e-11
0.0004303208142556987,0.0,-2.390862541379526e-09,2.358407150127029e-11
0.0004305208142556986,0.0,-2.390436207606192e-09,2.356499342881513e-11
0.0004307208142556985,0.0,-2.390049182050103e-09,2.354596864706515e-11
0.0004309208142556983,0.0,-2.389629598517957e-09,2.352694386531517e-11
0.0004311208142556982,0.0,-2.389223508245864e-09,2.350800790140717e-11
0.0004313208142556981,0.0,-2.388821399532275e-09,2.348916075534113e-11
0.000431520814255698,0.0,-2.388420741595962e-09,2.34702958457067e-11
0.0004317208142556979,0.0,-2.38800990340382e-09,2.345144869964066e-11
0.0004319208142556978,0.0,-2.387611648050468e-09,2.343272589855339e-11
0.0004321208142556977,0.0,-2.387220617682594e-09,2.341394980676093e-11
0.0004323208142556976,0.0,-2.386804219140241e-09,2.339529805994722e-11
0.0004325208142556975,0.0,-2.386398574688975e-09,2.337662854956513e-11
0.0004327208142556974,0.0,-2.385983358147415e-09,2.3358047857025e-11
0.0004329208142556973,0.0,-2.38556264660274e-09,2.333948492805327e-11
0.0004331208142556972,0.0,-2.385144033274174e-09,2.332095752621832e-11
0.0004333208142556971,0.0,-2.384727374454911e-09,2.330248341508856e-11
0.000433520814255697,0.0,-2.384328310329695e-09,2.328406259466398e-11
0.0004337208142556969,0.0,-2.383921196067123e-09,2.326567730137619e-11
0.0004339208142556968,0.0,-2.383497873167191e-09,2.324729200808839e-11
0.0004341208142556967,0.0,-2.383088730020585e-09,2.322896000550578e-11
0.0004343208142556966,0.0,-2.382678391590153e-09,2.321073458433354e-11
0.0004345208142556965,0.0,-2.382276348000374e-09,2.31924736360245e-11
0.0004347208142556964,0.0,-2.381844129312395e-09,2.317431926912583e-11
0.0004349208142556963,0.0,-2.381441268144789e-09,2.315611161152198e-11
0.0004351208142556962,0.0,-2.381043728736283e-09,2.313802829889689e-11
0.0004353208142556961,0.0,-2.380621750032686e-09,2.31199272227034e-11
0.000435520814255696,0.0,-2.380203411300564e-09,2.310187943721509e-11
0.0004357208142556959,0.0,-2.379793154336153e-09,2.308390270600036e-11
0.0004359208142556958,0.0,-2.379396620464469e-09,2.306596150192242e-11
0.0004361208142556957,0.0,-2.378968997726313e-09,2.304807358854966e-11
0.0004363208142556956,0.0,-2.378542061941337e-09,2.30301856751769e-11
0.0004365208142556955,0.0,-2.378107276784373e-09,2.301233328894092e-11
0.0004367208142556953,0.0,-2.377686833518538e-09,2.299453419341013e-11
0.0004369208142556952,0.0,-2.377282525120843e-09,2.297677062501613e-11
0.0004371208142556951,0.0,-2.376869219483049e-09,2.295906034732731e-11
0.000437320814255695,0.0,-2.376447965974944e-09,2.294140336034367e-11
0.0004375208142556949,0.0,-2.376036366058785e-09,2.292372860979164e-11
0.0004377208142556948,0.0,-2.375621640658166e-09,2.290616044064997e-11
0.0004379208142556947,0.0,-2.375209497843953e-09,2.288855674437151e-11
0.0004381208142556946,0.0,-2.374784786987485e-09,2.287102410236663e-11
0.0004383208142556945,0.0,-2.374379235161512e-09,2.285352698749854e-11
0.0004385208142556944,0.0,-2.373944270288706e-09,2.283608316333563e-11
0.0004387208142556943,0.0,-2.3735297016077e-09,2.281867486630951e-11
0.0004389208142556942,0.0,-2.373134501015656e-09,2.280128433285178e-11
0.0004391208142556941,0.0,-2.37266749780221e-09,2.278394709009923e-11
0.000439320814255694,0.0,-2.372258769612571e-09,2.276668090162026e-11
0.0004395208142556939,0.0,-2.371863256855885e-09,2.27493791860045e-11
0.0004397208142556938,0.0,-2.371437556793951e-09,2.273214852466232e-11
0.0004399208142556937,0.0,-2.37100773289435e-09,2.271498891759371e-11
0.0004401208142556936,0.0,-2.370584223805466e-09,2.269781154695671e-11
0.0004403208142556935,0.0,-2.370161981619175e-09,2.268070523059329e-11
0.0004405208142556934,0.0,-2.36975679810469e-09,2.266358115066147e-11
0.0004407208142556933,0.0,-2.369344766901567e-09,2.264656365214002e-11
0.0004409208142556932,0.0,-2.36891698080082e-09,2.262954615361856e-11
0.0004411208142556931,0.0,-2.368497106300663e-09,2.261261747293908e-11
0.000441320814255693,0.0,-2.368067405639289e-09,2.259563550155441e-11
0.0004415208142556929,0.0,-2.36766361943037e-09,2.257877787514851e-11
0.0004417208142556928,0.0,-2.367221330631224e-09,2.25619024851742e-11
0.0004419208142556927,0.0,-2.366813138819229e-09,2.254504485876829e-11
0.0004421208142556926,0.0,-2.366372871563898e-09,2.252827605020436e-11
0.0004423208142556924,0.0,-2.365960270733025e-09,2.251152500520881e-11
0.0004425208142556923,0.0,-2.365506647626833e-09,2.249480948735005e-11
0.0004427208142556922,0.0,-2.365092527874885e-09,2.247811173305969e-11
0.0004429208142556921,0.0,-2.364655892607826e-09,2.246146726947451e-11
0.000443120814255692,0.0,-2.364238091231889e-09,2.244484056945772e-11
0.0004433208142556919,0.0,-2.363803613132531e-09,2.242828492371451e-11
0.0004435208142556918,0.0,-2.363376308861723e-09,2.24117292779713e-11
0.0004437208142556917,0.0,-2.362968486709714e-09,2.239522692293327e-11
0.0004439208142556916,0.0,-2.362530108540214e-09,2.237874233146364e-11
0.0004441208142556915,0.0,-2.362111258173058e-09,2.236232879426758e-11
0.0004443208142556914,0.0,-2.361680643816363e-09,2.234587972993474e-11
0.0004445208142556913,0.0,-2.361274740545986e-09,2.232950171987547e-11
0.0004447208142556912,0.0,-2.360878490813562e-09,2.231319476408977e-11
0.0004449208142556911,0.0,-2.360474103662754e-09,2.229688780830408e-11
0.000445120814255691,0.0,-2.360042680316742e-09,2.228063414322357e-11
0.0004453208142556909,0.0,-2.359621285249097e-09,2.226443376884824e-11
0.0004455208142556908,0.0,-2.359211265532795e-09,2.224819786733612e-11
0.0004457208142556907,0.0,-2.358771414697831e-09,2.223205078366597e-11
0.0004459208142556906,0.0,-2.358338267607022e-09,2.221588593642743e-11
0.0004461208142556905,0.0,-2.357911612802067e-09,2.219977437989407e-11
0.0004463208142556904,0.0,-2.35748479088961e-09,2.218369835049749e-11
0.0004465208142556903,0.0,-2.357059373393365e-09,2.216767561180611e-11
0.0004467208142556902,0.0,-2.356635081944304e-09,2.215165287311471e-11
0.0004469208142556901,0.0,-2.356210028147987e-09,2.213573671583369e-11
0.00044712081425569,0.0,-2.355781691057915e-09,2.211980279498427e-11
0.0004473208142556899,0.0,-2.355351929798569e-09,2.210392216484003e-11
0.0004475208142556898,0.0,-2.354908301201074e-09,2.208804153469579e-11
0.0004477208142556897,0.0,-2.354477601029913e-09,2.207223195882513e-11
0.0004479208142556895,0.0,-2.354039732571258e-09,2.205640461938607e-11
0.0004481208142556894,0.0,-2.353616278591025e-09,2.20406128070838e-11
0.0004483208142556893,0.0,-2.35317814365489e-09,2.202489204905511e-11
0.0004485208142556892,0.0,-2.352736979061204e-09,2.200920681816321e-11
0.0004487208142556891,0.0,-2.352300863756877e-09,2.199350382370291e-11
0.000448920814255689,0.0,-2.351880091235474e-09,2.197788964708458e-11
0.0004491208142556889,0.0,-2.351447636163656e-09,2.196222217976107e-11
0.0004493208142556888,0.0,-2.351026908387757e-09,2.194671458455311e-11
0.0004495208142556887,0.0,-2.350586320038235e-09,2.193115369863996e-11
0.0004497208142556886,0.0,-2.350155554809795e-09,2.1915646103432e-11
0.0004499208142556885,0.0,-2.349722096923327e-09,2.190015627179243e-11
0.0004501208142556884,0.0,-2.349293415176283e-09,2.188470196728964e-11
0.0004503208142556883,0.0,-2.348848888513143e-09,2.186928318992365e-11
0.0004505208142556882,0.0,-2.348422802296164e-09,2.185389993969444e-11
0.0004507208142556881,0.0,-2.347989207814163e-09,2.183860550730721e-11
0.000450920814255688,0.0,-2.347549609226344e-09,2.182324002064639e-11
0.0004511208142556879,0.0,-2.347098700933074e-09,2.180794558825916e-11
0.0004513208142556878,0.0,-2.346663887374443e-09,2.179266891944032e-11
0.0004515208142556877,0.0,-2.346230228491702e-09,2.177744554132666e-11
0.0004517208142556876,0.0,-2.345771577195958e-09,2.176227545391818e-11
0.0004519208142556875,0.0,-2.345352267847391e-09,2.17471053665097e-11
0.0004521208142556874,0.0,-2.344907161446409e-09,2.17319885698064e-11
0.0004523208142556873,0.0,-2.344462465898785e-09,2.17169073002399e-11
0.0004525208142556872,0.0,-2.344015154292036e-09,2.170177273996821e-11
0.0004527208142556871,0.0,-2.343581786155706e-09,2.168672699753849e-11
0.000452920814255687,0.0,-2.34314714255182e-09,2.167173454581395e-11
0.0004531208142556869,0.0,-2.342693133089477e-09,2.165672433052101e-11
0.0004533208142556868,0.0,-2.342250364915648e-09,2.164178516950166e-11
0.0004535208142556866,0.0,-2.341816273667916e-09,2.162681048134551e-11
0.0004537208142556865,0.0,-2.341367441911118e-09,2.161196013816813e-11
0.0004539208142556864,0.0,-2.340945566680426e-09,2.159707426785395e-11
0.0004541208142556863,0.0,-2.340518671879445e-09,2.158225945181336e-11
0.0004543208142556862,0.0,-2.340084077147051e-09,2.156744463577276e-11
0.0004545208142556861,0.0,-2.339620888618565e-09,2.155268311043734e-11
0.000454720814255686,0.0,-2.339197990504965e-09,2.153792158510193e-11
0.0004549208142556859,0.0,-2.338749146669231e-09,2.152321335047169e-11
0.0004551208142556858,0.0,-2.338299265043164e-09,2.150850511584146e-11
0.0004553208142556857,0.0,-2.337861353580845e-09,2.149385017191641e-11
0.0004555208142556856,0.0,-2.337400767211452e-09,2.147923075512814e-11
0.0004557208142556855,0.0,-2.336973087553054e-09,2.146462910190827e-11
0.0004559208142556854,0.0,-2.336529131975764e-09,2.145008073939358e-11
0.0004561208142556853,0.0,-2.336061677263899e-09,2.143555014044729e-11
0.0004563208142556852,0.0,-2.33562701420768e-09,2.1421019541501e-11
0.0004565208142556851,0.0,-2.335163016072679e-09,2.140652446969149e-11
0.000456720814255685,0.0,-2.334745054175447e-09,2.139204716145038e-11
0.0004569208142556849,0.0,-2.334308216722289e-09,2.137762314391445e-11
0.0004571208142556848,0.0,-2.333871140325974e-09,2.13632524170837e-11
0.0004573208142556847,0.0,-2.333424771837671e-09,2.134886392668456e-11
0.0004575208142556846,0.0,-2.33296819868566e-09,2.133456425412739e-11
0.0004577208142556845,0.0,-2.332522113693788e-09,2.132021129086503e-11
0.0004579208142556844,0.0,-2.332079684525717e-09,2.130594714544465e-11
0.0004581208142556843,0.0,-2.331638823714778e-09,2.129164747288748e-11
0.0004583208142556842,0.0,-2.331193244582986e-09,2.127741885460388e-11
0.0004585208142556841,0.0,-2.330739042161931e-09,2.126322576345707e-11
0.000458720814255684,0.0,-2.330295042162909e-09,2.124910372658384e-11
0.0004589208142556839,0.0,-2.329854804237398e-09,2.123492839900543e-11
0.0004591208142556837,0.0,-2.329401166905839e-09,2.122082412570059e-11
0.0004593208142556836,0.0,-2.328969132144571e-09,2.120679090666933e-11
0.0004595208142556835,0.0,-2.328525559993815e-09,2.11926511062277e-11
0.0004597208142556834,0.0,-2.328077948809943e-09,2.117861788719644e-11
0.0004599208142556833,0.0,-2.32765540952827e-09,2.116460243173357e-11
0.0004601208142556832,0.0,-2.327180178430361e-09,2.115064026697588e-11
0.0004603208142556831,0.0,-2.326730276554514e-09,2.113671362935499e-11
0.000460520814255683,0.0,-2.326289013813764e-09,2.11227514645973e-11
0.0004607208142556829,0.0,-2.325821876500452e-09,2.11088425905448e-11
0.0004609208142556828,0.0,-2.325391754193638e-09,2.109500477076587e-11
0.0004611208142556827,0.0,-2.324930666266049e-09,2.108113142385015e-11
0.0004613208142556826,0.0,-2.324460007923678e-09,2.106734689477641e-11
0.0004615208142556825,0.0,-2.324013949959551e-09,2.105352683856587e-11
0.0004617208142556824,0.0,-2.323570258932982e-09,2.103977783662891e-11
0.0004619208142556823,0.0,-2.323116060846523e-09,2.102602883469196e-11
0.0004621208142556822,0.0,-2.322662841029024e-09,2.101229759632339e-11
0.0004623208142556821,0.0,-2.322208668757549e-09,2.09986551757968e-11
0.000462520814255682,0.0,-2.32176384990795e-09,2.09850305188386e-11
0.0004627208142556819,0.0,-2.321317908850186e-09,2.097137033474361e-11
0.0004629208142556818,0.0,-2.320861439204818e-09,2.095776344135381e-11
0.0004631208142556817,0.0,-2.320404917066171e-09,2.094413878439561e-11
0.0004633208142556816,0.0,-2.319936455108861e-09,2.093056741814259e-11
0.0004635208142556815,0.0,-2.319499110044028e-09,2.091708486973154e-11
0.0004637208142556814,0.0,-2.319054844688074e-09,2.09035667941837e-11
0.0004639208142556813,0.0,-2.318588553379541e-09,2.089011977290944e-11
0.0004641208142556812,0.0,-2.318121627108115e-09,2.087665498806679e-11
0.0004643208142556811,0.0,-2.317676273333073e-09,2.086326125749771e-11
0.000464520814255681,0.0,-2.317225072271631e-09,2.084981423622345e-11
0.0004647208142556808,0.0,-2.316772729109115e-09,2.083647379635955e-11
0.0004649208142556807,0.0,-2.316328339631676e-09,2.082309782935887e-11
0.0004651208142556806,0.0,-2.315870354702902e-09,2.080977515306337e-11
0.0004653208142556805,0.0,-2.315415842999401e-09,2.079648800390466e-11
0.0004655208142556804,0.0,-2.314956523799459e-09,2.078320085474594e-11
0.0004657208142556803,0.0,-2.314516234380002e-09,2.076996699629241e-11
0.0004659208142556802,0.0,-2.314071373939243e-09,2.075676866497567e-11
0.0004661208142556801,0.0,-2.313590522034318e-09,2.074351704295374e-11
0.00046632081425568,0.0,-2.313127427677481e-09,2.073038976591057e-11
0.0004665208142556799,0.0,-2.312675495802209e-09,2.07172802524358e-11
0.0004667208142556798,0.0,-2.312218018491902e-09,2.070411744825585e-11
0.0004669208142556797,0.0,-2.311763960410178e-09,2.069102569834946e-11
0.0004671208142556796,0.0,-2.311290133488016e-09,2.067793394844308e-11
0.0004673208142556795,0.0,-2.310834693352464e-09,2.066493101637867e-11
0.0004675208142556794,0.0,-2.310392245322757e-09,2.065187479360908e-11
0.0004677208142556793,0.0,-2.309951083414945e-09,2.063885409797628e-11
0.0004679208142556792,0.0,-2.309478733453533e-09,2.062592222018545e-11
0.0004681208142556791,0.0,-2.309015112985432e-09,2.061295481525782e-11
0.000468320814255679,0.0,-2.308565293299647e-09,2.060002293746699e-11
0.0004685208142556789,0.0,-2.308104022833951e-09,2.058710882324455e-11
0.0004687208142556788,0.0,-2.307647838331272e-09,2.057426576329569e-11
0.0004689208142556787,0.0,-2.307194320987757e-09,2.056136941264164e-11
0.0004691208142556786,0.0,-2.306738061237067e-09,2.054857964339796e-11
0.0004693208142556785,0.0,-2.306297524820968e-09,2.053575434701749e-11
0.0004695208142556784,0.0,-2.305814830224703e-09,2.052294681420541e-11
0.0004697208142556783,0.0,-2.305374372122007e-09,2.05102458628037e-11
0.0004699208142556782,0.0,-2.304884308785715e-09,2.049747385712841e-11
0.0004701208142556781,0.0,-2.304425747474767e-09,2.048480843286349e-11
0.0004703208142556779,0.0,-2.303971533943407e-09,2.047210748146178e-11
0.0004705208142556778,0.0,-2.303514103568666e-09,2.045942429362846e-11
0.0004707208142556777,0.0,-2.303039301902516e-09,2.044677663293193e-11
0.0004709208142556776,0.0,-2.302579501437119e-09,2.043420002650898e-11
0.0004711208142556775,0.0,-2.3021187595761e-09,2.042158789294923e-11
0.0004713208142556774,0.0,-2.301640552368893e-09,2.040906457723146e-11
0.0004715208142556773,0.0,-2.30119800702392e-09,2.039648797080851e-11
0.0004717208142556772,0.0,-2.300729729747478e-09,2.038396465509074e-11
0.0004719208142556771,0.0,-2.300273288789931e-09,2.037145910294136e-11
0.000472120814255677,0.0,-2.299823897312961e-09,2.035902460506556e-11
0.0004723208142556769,0.0,-2.299352857786377e-09,2.034653681648457e-11
0.0004725208142556768,0.0,-2.29887305375285e-09,2.033412008217717e-11
0.0004727208142556767,0.0,-2.298414242225879e-09,2.032168558430136e-11
0.0004729208142556766,0.0,-2.297946213458421e-09,2.030933990426753e-11
0.0004731208142556765,0.0,-2.297476845931341e-09,2.029694093352852e-11
0.0004733208142556764,0.0,-2.29700014622301e-09,2.028463078063147e-11
0.0004735208142556763,0.0,-2.296540516312809e-09,2.027228510059764e-11
0.0004737208142556762,0.0,-2.296072441683075e-09,2.026001047483739e-11
0.0004739208142556761,0.0,-2.295609606316707e-09,2.024777137621392e-11
0.000474120814255676,0.0,-2.295161069090532e-09,2.023547898688527e-11
0.0004743208142556759,0.0,-2.294694869973088e-09,2.02232576518302e-11
0.0004745208142556758,0.0,-2.29422574442801e-09,2.02110896074803e-11
0.0004747208142556757,0.0,-2.293750540169795e-09,2.019886827242523e-11
0.0004749208142556756,0.0,-2.293292438751011e-09,2.018677128234891e-11
0.0004751208142556755,0.0,-2.292825027847921e-09,2.017456771086224e-11
0.0004753208142556754,0.0,-2.292353729236407e-09,2.01625240114911e-11
0.0004755208142556753,0.0,-2.291880473333238e-09,2.015040925784639e-11
0.0004757208142556752,0.0,-2.291412505652328e-09,2.013834779490687e-11
0.000475920814255675,0.0,-2.290962420728083e-09,2.012632185910412e-11
0.0004761208142556749,0.0,-2.290494853035378e-09,2.011427815973299e-11
0.0004763208142556748,0.0,-2.290025460275073e-09,2.010223446036186e-11
0.0004765208142556747,0.0,-2.289553808510139e-09,2.009024405169591e-11
0.0004767208142556746,0.0,-2.289083515212732e-09,2.007830693373513e-11
0.0004769208142556745,0.0,-2.288598585386993e-09,2.006635205220597e-11
0.0004771208142556744,0.0,-2.288126662886286e-09,2.005443269781359e-11
0.0004773208142556743,0.0,-2.287700526091542e-09,2.00425666341264e-11
0.0004775208142556742,0.0,-2.287230576300377e-09,2.003070057043921e-11
0.0004777208142556741,0.0,-2.286751701771111e-09,2.001883450675202e-11
0.000477920814255674,0.0,-2.286261908054656e-09,2.000700397020161e-11
0.0004781208142556739,0.0,-2.285795204115051e-09,1.99951911972196e-11
0.0004783208142556738,0.0,-2.285307431358382e-09,1.998341395137437e-11
0.0004785208142556737,0.0,-2.284849658146505e-09,1.997161894196076e-11
0.0004787208142556736,0.0,-2.284392385536415e-09,1.99599305139575e-11
0.0004789208142556735,0.0,-2.28392120303372e-09,1.994815326811228e-11
0.0004791208142556734,0.0,-2.283460999873838e-09,1.993646484010902e-11
0.0004793208142556733,0.0,-2.282974057778759e-09,1.992477641210577e-11
0.0004795208142556732,0.0,-2.282520123104245e-09,1.991310574767091e-11
0.0004797208142556731,0.0,-2.282046914426155e-09,1.990150613750963e-11
0.000479920814255673,0.0,-2.281580713444909e-09,1.988987100021156e-11
0.0004801208142556729,0.0,-2.28109950146048e-09,1.987828915361867e-11
0.0004803208142556728,0.0,-2.280640880230086e-09,1.986670730702578e-11
0.0004805208142556727,0.0,-2.280163885968082e-09,1.985510769686449e-11
0.0004807208142556726,0.0,-2.279666874792914e-09,1.984359690454518e-11
0.0004809208142556725,0.0,-2.279180655206052e-09,1.983208611222587e-11
0.0004811208142556724,0.0,-2.278721928226307e-09,1.982059308347495e-11
0.0004813208142556723,0.0,-2.278245332956273e-09,1.980913558186082e-11
0.0004815208142556721,0.0,-2.277775572066691e-09,1.979766031667829e-11
0.000481720814255672,0.0,-2.277303921376472e-09,1.978623834220095e-11
0.0004819208142556719,0.0,-2.276816702635476e-09,1.97748163677236e-11
0.0004821208142556718,0.0,-2.276345231805757e-09,1.976344768395144e-11
0.0004823208142556717,0.0,-2.275876276257081e-09,1.97520257094741e-11
0.0004825208142556716,0.0,-2.275403711202996e-09,1.974069255283872e-11
0.0004827208142556715,0.0,-2.274927742017762e-09,1.972939492334014e-11
0.0004829208142556714,0.0,-2.274449416663017e-09,1.971806176670477e-11
0.0004831208142556713,0.0,-2.273989160346446e-09,1.970678190077457e-11
0.0004833208142556712,0.0,-2.2734899043351e-09,1.969550203484438e-11
0.0004835208142556711,0.0,-2.273026518296163e-09,1.968423993248258e-11
0.000483720814255671,0.0,-2.272549822900976e-09,1.967301335725757e-11
0.0004839208142556709,0.0,-2.272059509822393e-09,1.966175125489578e-11
0.0004841208142556708,0.0,-2.271594358037374e-09,1.965059573394434e-11
0.0004843208142556707,0.0,-2.271108903926946e-09,1.96394579765613e-11
0.0004845208142556706,0.0,-2.270643906226491e-09,1.962828469204148e-11
0.0004847208142556705,0.0,-2.270150559453217e-09,1.961712917109004e-11
0.0004849208142556704,0.0,-2.269680761345769e-09,1.960597365013861e-11
0.0004851208142556703,0.0,-2.26920153492035e-09,1.959494247416593e-11
0.0004853208142556702,0.0,-2.268733952239506e-09,1.958384024391968e-11
0.0004855208142556701,0.0,-2.268230144263594e-09,1.957280906794701e-11
0.00048572081425567,0.0,-2.267759008403204e-09,1.956179565554272e-11
0.0004859208142556699,0.0,-2.267290753371514e-09,1.955074671600165e-11
0.0004861208142556698,0.0,-2.266811558175236e-09,1.953976883073416e-11
0.0004863208142556697,0.0,-2.266325755432696e-09,1.952877318189827e-11
0.0004865208142556696,0.0,-2.265856153260751e-09,1.951783082376757e-11
0.0004867208142556695,0.0,-2.265378597542362e-09,1.950685293850008e-11
0.0004869208142556694,0.0,-2.264906682497754e-09,1.949594610750616e-11
0.0004871208142556692,0.0,-2.264412332124508e-09,1.948502151294385e-11
0.0004873208142556691,0.0,-2.263936522072535e-09,1.947416797265511e-11
0.000487520814255669,0.0,-2.263461913353797e-09,1.946329666879798e-11
0.0004877208142556689,0.0,-2.262968846839172e-09,1.945247865564603e-11
0.0004879208142556688,0.0,-2.262494977496296e-09,1.94416251153573e-11
0.0004881208142556687,0.0,-2.26201639870861e-09,1.943078933863695e-11
0.0004883208142556688,0.0,-2.261528688138626e-09,1.94200068526218e-11
0.0004885208142556698,0.0,-2.261048220087482e-09,1.940920660303824e-11
0.0004887208142556708,0.0,-2.260566230197544e-09,1.939847740772827e-11
0.0004889208142556718,0.0,-2.260093778542564e-09,1.938773044884989e-11
0.0004891208142556728,0.0,-2.259602055995741e-09,1.937703678067671e-11
0.0004893208142556737,0.0,-2.259110146418429e-09,1.936632534893512e-11
0.0004895208142556747,0.0,-2.258624654344997e-09,1.935564944433033e-11
0.0004897208142556757,0.0,-2.258157019363679e-09,1.934497353972553e-11
0.0004899208142556767,0.0,-2.257683767111265e-09,1.933438645296271e-11
0.0004901208142556777,0.0,-2.25720251930884e-09,1.93237283119263e-11
0.0004903208142556787,0.0,-2.256718280184237e-09,1.931310569802669e-11
0.0004905208142556796,0.0,-2.256247735554959e-09,1.930255413840065e-11
0.0004907208142556806,0.0,-2.255762179865666e-09,1.929194928806943e-11
0.0004909208142556816,0.0,-2.255271831712624e-09,1.9281379964875e-11
0.0004911208142556826,0.0,-2.254781171168036e-09,1.927089945952254e-11
0.0004913208142556836,0.0,-2.254282361397826e-09,1.926038342703329e-11
0.0004915208142556845,0.0,-2.253826126734942e-09,1.924986739454404e-11
0.0004917208142556855,0.0,-2.253325154828703e-09,1.923940465275997e-11
0.0004919208142556865,0.0,-2.252835892837816e-09,1.92289596745443e-11
0.0004921208142556875,0.0,-2.252351134785232e-09,1.921849693276023e-11
0.0004923208142556885,0.0,-2.251862063298179e-09,1.920805195454456e-11
0.0004925208142556894,0.0,-2.251349432628503e-09,1.919767803060246e-11
0.0004927208142556904,0.0,-2.250883289402583e-09,1.918730410666036e-11
0.0004929208142556914,0.0,-2.250393457672886e-09,1.917694794628666e-11
0.0004931208142556924,0.0,-2.249908498228017e-09,1.916655625877617e-11
0.0004933208142556934,0.0,-2.249422786880333e-09,1.915625338910765e-11
0.0004935208142556943,0.0,-2.248937203942648e-09,1.914589722873394e-11
0.0004937208142556953,0.0,-2.248458009478107e-09,1.913561212263382e-11
0.0004939208142556963,0.0,-2.247957478067958e-09,1.91252914893969e-11
0.0004941208142556973,0.0,-2.247470651623449e-09,1.911504191043356e-11
0.0004943208142556983,0.0,-2.246981526874261e-09,1.910482785860701e-11
0.0004945208142556992,0.0,-2.246490525766235e-09,1.909456051607528e-11
0.0004947208142557002,0.0,-2.246002171349674e-09,1.908431093711194e-11
0.0004949208142557012,0.0,-2.245512160087393e-09,1.907416793955896e-11
0.0004951208142557022,0.0,-2.245040717604692e-09,1.90639716513008e-11
0.0004953208142557032,0.0,-2.244566312819699e-09,1.905382865374783e-11
0.0004955208142557041,0.0,-2.244066276996428e-09,1.904366789262646e-11
0.0004957208142557051,0.0,-2.243574194299333e-09,1.903350713150509e-11
0.0004959208142557061,0.0,-2.24307665059572e-09,1.90234174246573e-11
0.0004961208142557071,0.0,-2.242590359441102e-09,1.901329219067272e-11
0.0004963208142557081,0.0,-2.24208445084186e-09,1.90032735380985e-11
0.000496520814255709,0.0,-2.241610428685095e-09,1.899318383125071e-11
0.00049672081425571,0.0,-2.241122250699659e-09,1.898316517867649e-11
0.000496920814255711,0.0,-2.240622941435603e-09,1.897309323539709e-11
0.000497120814255712,0.0,-2.240135662531794e-09,1.896309234639126e-11
0.000497320814255713,0.0,-2.239647295846199e-09,1.895316251165902e-11
0.000497520814255714,0.0,-2.239156015366939e-09,1.89431438590848e-11
0.0004977208142557149,0.0,-2.2386597426354e-09,1.893319626078416e-11
0.0004979208142557159,0.0,-2.238176190479263e-09,1.892324866248352e-11
0.0004981208142557169,0.0,-2.237673385314188e-09,1.891331882775127e-11
0.0004983208142557179,0.0,-2.237173414932682e-09,1.890337122945063e-11
0.0004985208142557189,0.0,-2.236688423724848e-09,1.889347692185517e-11
0.0004987208142557198,0.0,-2.236210418256614e-09,1.888365366853329e-11
0.0004989208142557208,0.0,-2.235707541692423e-09,1.887379488807461e-11
0.0004991208142557218,0.0,-2.235229133108638e-09,1.886390058047915e-11
0.0004993208142557228,0.0,-2.234722857165034e-09,1.885407732715727e-11
0.0004995208142557238,0.0,-2.234247836853268e-09,1.884430736454057e-11
0.0004997208142557247,0.0,-2.233745609085084e-09,1.883451963835547e-11
0.0004999208142557257,0.0,-2.23325664088249e-09,1.882471414860199e-11
0.0005001208142557267,0.0,-2.232757553851971e-09,1.881496194955368e-11
0.0005003208142557277,0.0,-2.232259282791696e-09,1.880519198693698e-11
0.0005005208142557287,0.0,-2.231771628371903e-09,1.879547531502546e-11
0.0005007208142557296,0.0,-2.231271138318962e-09,1.878577640668233e-11
0.0005009208142557306,0.0,-2.230784132302534e-09,1.87760774983392e-11
0.0005011208142557316,0.0,-2.230294161734504e-09,1.876641411713287e-11
0.0005013208142557326,0.0,-2.229808453095059e-09,1.875675073592653e-11
0.0005015208142557336,0.0,-2.229330972638488e-09,1.87470695911518e-11
0.0005017208142557345,0.0,-2.228828802589717e-09,1.873745950065064e-11
0.0005019208142557355,0.0,-2.228335557686792e-09,1.872783164658109e-11
0.0005021208142557365,0.0,-2.227835509182462e-09,1.871818602894315e-11
0.0005023208142557375,0.0,-2.227344162376151e-09,1.870862922914718e-11
0.0005025208142557385,0.0,-2.226842918728073e-09,1.869905466578281e-11
0.0005027208142557395,0.0,-2.226322738233586e-09,1.868953339312363e-11
0.0005029208142557404,0.0,-2.225820185991179e-09,1.867995882975926e-11
0.0005031208142557414,0.0,-2.225334378348602e-09,1.867043755710007e-11
0.0005033208142557424,0.0,-2.224809941122153e-09,1.866093404800928e-11
0.0005035208142557434,0.0,-2.224345428207707e-09,1.865148382962367e-11
0.0005037208142557444,0.0,-2.223834530151544e-09,1.864196255696449e-11
0.0005039208142557453,0.0,-2.223336901120955e-09,1.863251233857888e-11
0.0005041208142557463,0.0,-2.222841425024602e-09,1.862306212019327e-11
0.0005043208142557473,0.0,-2.222334255188483e-09,1.861366519251284e-11
0.0005045208142557483,0.0,-2.221851784007926e-09,1.860426826483241e-11
0.0005047208142557493,0.0,-2.221351149119215e-09,1.859480028287841e-11
0.0005049208142557502,0.0,-2.220857954158103e-09,1.858545664590317e-11
0.0005051208142557512,0.0,-2.220342968027898e-09,1.857609524535952e-11
0.0005053208142557522,0.0,-2.219847099228808e-09,1.856675160838428e-11
0.0005055208142557532,0.0,-2.219350001020426e-09,1.855739020784064e-11
0.0005057208142557542,0.0,-2.218847759376771e-09,1.85480465708654e-11
0.0005059208142557551,0.0,-2.218344742753019e-09,1.853877398816373e-11
0.0005061208142557561,0.0,-2.217841810888617e-09,1.852943035118848e-11
0.0005063208142557571,0.0,-2.217361731591975e-09,1.852021105919199e-11
0.0005065208142557581,0.0,-2.216843307199722e-09,1.851092071292193e-11
0.0005067208142557591,0.0,-2.216368701795516e-09,1.850171918449384e-11
0.00050692081425576,0.0,-2.215852618318858e-09,1.849244660179217e-11
0.000507120814255761,0.0,-2.215342668319562e-09,1.848324507336407e-11
0.000507320814255762,0.0,-2.214837041333164e-09,1.847400801779919e-11
0.000507520814255763,0.0,-2.214352677329831e-09,1.846484201650789e-11
0.000507720814255764,0.0,-2.213837425036553e-09,1.845565825164819e-11
0.000507920814255765,0.0,-2.213344569077625e-09,1.844649225035688e-11
0.0005081208142557659,0.0,-2.212844714110589e-09,1.843736177620236e-11
0.0005083208142557669,0.0,-2.212342417572328e-09,1.842826682918464e-11
0.0005085208142557679,0.0,-2.21185131045465e-09,1.841913635503012e-11
0.0005087208142557689,0.0,-2.211336489199087e-09,1.84100058808756e-11
0.0005089208142557699,0.0,-2.210835825941393e-09,1.840092869742627e-11
0.0005091208142557708,0.0,-2.210325028512923e-09,1.839186927754533e-11
0.0005093208142557718,0.0,-2.209810252318143e-09,1.838284538480117e-11
0.0005095208142557728,0.0,-2.209337646991641e-09,1.837376820135184e-11
0.0005097208142557738,0.0,-2.208822536794183e-09,1.836479759931287e-11
0.0005099208142557748,0.0,-2.208329119533738e-09,1.835573817943193e-11
0.0005101208142557757,0.0,-2.207804094310301e-09,1.834673205025617e-11
0.0005103208142557767,0.0,-2.207312996226526e-09,1.833777921178559e-11
0.0005105208142557777,0.0,-2.206793997849469e-09,1.832877308260983e-11
0.0005107208142557787,0.0,-2.206299790028566e-09,1.831982024413925e-11
0.0005109208142557797,0.0,-2.205796043471257e-09,1.831090293280546e-11
0.0005111208142557806,0.0,-2.205283029828995e-09,1.830200338504007e-11
0.0005113208142557816,0.0,-2.204788457897915e-09,1.829306831013788e-11
0.0005115208142557826,0.0,-2.204287477168428e-09,1.828418652594088e-11
0.0005117208142557836,0.0,-2.203799119490216e-09,1.82752514510387e-11
0.0005119208142557846,0.0,-2.203291138938727e-09,1.826640519397848e-11
0.0005121208142557855,0.0,-2.202790409326533e-09,1.825752340978148e-11
0.0005123208142557865,0.0,-2.202279011882612e-09,1.824873044342645e-11
0.0005125208142557875,0.0,-2.201768702181063e-09,1.823986642279785e-11
0.0005127208142557885,0.0,-2.201257631019113e-09,1.823107345644282e-11
0.0005129208142557895,0.0,-2.200765424558203e-09,1.822229825365618e-11
0.0005131208142557904,0.0,-2.200254290503317e-09,1.821352305086954e-11
0.0005133208142557914,0.0,-2.199746235344627e-09,1.820473008451451e-11
0.0005135208142557924,0.0,-2.199243883571419e-09,1.819597264529627e-11
0.0005137208142557934,0.0,-2.198735885805463e-09,1.818725073321481e-11
0.0005139208142557944,0.0,-2.198235320047758e-09,1.817849329399657e-11
0.0005141208142557953,0.0,-2.197738349354649e-09,1.816977138191511e-11
0.0005143208142557963,0.0,-2.19722469876114e-09,1.816108499697045e-11
0.0005145000007057915,0.0007057915449887214,1.14358792983763e-05,-4.588507437203182e-09
0.0005145001938243311,0.193824331147925,0.0003043298989272028,1.754864292907721e-09
0.0005145004259698519,0.4259698519412548,-0.004520772428349145,1.976198806721841e-08
0.0005145005438307228,0.5438307228504135,-0.01376307505304212,6.448163578545718e-08
0.0005145006531093867,0.6531093866576078,0.006314796694247355,-5.566625475737775e-07
0.0005145007427971728,0.7427971728253512,0.2024041015649358,-2.665172859949022e-06
0.0005145008359992153,0.8359992152618402,0.7099004429794806,-3.382118125681982e-06
0.0005145009746676348,0.9746676347801322,1.487542412440419,-1.801808845677128e-06
0.0005145010718227621,1.0,1.966434964514902,1.749903767524208e-07
0.0005145011260778904,1.0,2.195032945219308,3.183270386436648e-06
0.0005145011895130182,1.0,2.431130059313028,7.42293545889075e-06
0.0005145012984905535,1.0,2.73584666576306,1.089425288807525e-05
0.0005145014165438611,1.0,2.924295034936298,9.79917669621591e-06
0.0005145014910866154,1.0,2.998680316291847,3.371245439595244e-06
0.0005145016205936743,1.0,3.12813801032248,-1.057555069084878e-05
0.0005145018017141278,1.0,3.24272987181646,-1.514192077621254e-05
0.0005145022447408155,1.0,3.303624173520931,-7.589643626958187e-07
0.0005145034750888187,1.0,3.304056952679755,4.146583022775721e-05
0.0005145055043932083,1.0,3.301093294689808,8.053380211837782e-05
0.000514509090318478,1.0,3.300107780189304,9.730246426768466e-05
0.000514521598451963,1.0,3.299981136017179,9.95463636438955e-05
0.0005145378212602382,1.0,3.299998624494343,0.0001004278280080441
0.0005145653597586977,1.0,3.299999964274976,0.0001007526943593752
0.0005147544154606863,1.0,3.299999963936599,0.0001007529266557795
0.0005149544154606873,1.0,3.299999963920293,0.0001007529244863682
0.0005151544154606883,1.0,3.299999963911443,0.0001007529223488247
0.0005153544154606893,1.0,3.299999963907402,0.0001007529202425807
0.0005155544154606903,1.0,3.29999996390371,0.0001007529181671919
0.0005157544154606912,1.0,3.299999963899002,0.000100752916121646
0.0005159544154606922,1.0,3.299999963898434,0.0001007529141048592
0.0005161544154606932,1.0,3.299999963901062,0.0001007529121170626
0.0005163544154606942,1.0,3.299999963898168,0.0001007529101577766
0.0005165544154606952,1.0,3.299999963898125,0.0001007529082273563
0.0005167544154606961,1.0,3.299999963898451,0.0001007529063234215
0.0005169544154606971,1.0,3.299999963899244,0.0001007529044467893
0.0005171544154606981,1.0,3.299999963899306,0.0001007529025969446
0.0005173544154606991,1.0,3.299999963901465,0.0001007529007732834
0.0005175544154607001,1.0,3.299999963901402,0.0001007528989761254
0.000517754415460701,1.0,3.299999963902795,0.000100752897203943
0.000517954415460702,1.0,3.299999963903713,0.0001007528954573224
0.000518154415460703,1.0,3.299999963903425,0.0001007528937354109
0.000518354415460704,1.0,3.299999963903478,0.0001007528920381907
0.000518554415460705,1.0,3.2999999639062,0.0001007528903653955
0.0005187544154607059,1.0,3.299999963907565,0.0001007528887163324
0.0005189544154607069,1.0,3.299999963906989,0.0001007528870900244
0.0005191544154607079,1.0,3.299999963909027,0.000100752885487413
0.0005193544154607089,1.0,3.299999963915976,0.0001007528839077522
0.0005195544154607099,1.0,3.299999963913003,0.0001007528823503313
0.0005197544154607108,1.0,3.299999963913129,0.0001007528808158255
0.0005199544154607118,1.0,3.299999963912452,0.0001007528793022984
0.0005201544154607128,1.0,3.299999963914913,0.0001007528778105495
0.0005203544154607138,1.0,3.299999963913571,0.0001007528763405786
0.0005205544154607148,1.0,3.299999963914207,0.0001007528748914445
0.0005207544154607158,1.0,3.299999963915944,0.0001007528734626852
0.0005209544154607167,1.0,3.299999963915859,0.0001007528720545493
0.0005211544154607177,1.0,3.299999963915853,0.0001007528706663442
0.0005213544154607187,1.0,3.299999963916413,0.0001007528692975014
0.0005215544154607197,1.0,3.299999963916985,0.0001007528679489801
0.0005217544154607207,1.0,3.299999963918275,0.0001007528666195014
0.0005219544154607216,1.0,3.299999963919586,0.0001007528653085145
0.0005221544154607226,1.0,3.299999963919803,0.0001007528640166945
0.0005223544154607236,1.0,3.299999963921685,0.0001007528627429934
0.0005225544154607246,1.0,3.29999996392087,0.0001007528614878196
0.0005227544154607256,1.0,3.29999996392478,0.0001007528602504272
0.0005229544154607265,1.0,3.299999963923907,0.0001007528590304431
0.0005231544154607275,1.0,3.299999963925078,0.0001007528578289509
0.0005233544154607285,1.0,3.299999963925612,0.0001007528566435702
0.0005235544154607295,1.0,3.299999963927003,0.0001007528554752248
0.0005237544154607305,1.0,3.299999963928284,0.0001007528543232573
0.0005239544154607314,1.0,3.299999963926532,0.000100752853188414
0.0005241544154607324,1.0,3.299999963929324,0.0001007528520691671
0.0005243544154607334,1.0,3.299999963931873,0.0001007528509664758
0.0005245544154607344,1.0,3.299999963932736,0.000100752849879452
0.0005247544154607354,1.0,3.29999996393352,0.0001007528488082023
0.0005249544154607363,1.0,3.299999963934623,0.0001007528477519094
0.0005251544154607373,1.0,3.299999963935059,0.0001007528467102538
0.0005253544154607383,1.0,3.299999963936326,0.000100752845684763
0.0005255544154607393,1.0,3.299999963933974,0.000100752844673412
0.0005257544154607403,1.0,3.299999963935892,0.0001007528436760587
0.0005259544154607412,1.0,3.299999963938688,0.000100752842693609
0.0005261544154607422,1.0,3.299999963937217,0.000100752841724482
0.0005263544154607432,1.0,3.299999963936894,0.000100752840769708
0.0005265544154607442,1.0,3.299999963938936,0.0001007528398283632
0.0005267544154607452,1.0,3.299999963939468,0.0001007528389004832
0.0005269544154607462,1.0,3.299999963940358,0.0001007528379862101
0.0005271544154607471,1.0,3.299999963941211,0.0001007528370852419
0.0005273544154607481,1.0,3.299999963939552,0.0001007528361970279
0.0005275544154607491,1.0,3.299999963942329,0.0001007528353219235
0.0005277544154607501,1.0,3.299999963943117,0.0001007528344582233
0.0005279544154607511,1.0,3.299999963942679,0.000100752833607828
0.000528154415460752,1.0,3.299999963946659,0.0001007528327696007
0.000528354415460753,1.0,3.29999996394464,0.0001007528319424579
0.000528554415460754,1.0,3.299999963947343,0.0001007528311282115
0.000528754415460755,1.0,3.299999963947719,0.0001007528303255291
0.000528954415460756,1.0,3.299999963949142,0.0001007528295342687
0.0005291544154607569,1.0,3.299999963947209,0.0001007528287544125
0.0005293544154607579,1.0,3.299999963951183,0.0001007528279857296
0.0005295544154607589,1.0,3.299999963953024,0.0001007528272277582
0.0005297544154607599,1.0,3.299999963950536,0.0001007528264811021
0.0005299544154607609,1.0,3.299999963950702,0.0001007528257449976
0.0005301544154607618,1.0,3.299999963950486,0.0001007528250195867
0.0005303544154607628,1.0,3.299999963953534,0.0001007528243046919
0.0005305544154607638,1.0,3.299999963954366,0.0001007528236001533
0.0005307544154607648,1.0,3.299999963954599,0.0001007528229055445
0.0005309544154607658,1.0,3.299999963954012,0.0001007528222206879
0.0005311544154607667,1.0,3.299999963955341,0.0001007528215464183
0.0005313544154607677,1.0,3.299999963956822,0.0001007528208807641
0.0005315544154607687,1.0,3.299999963957181,0.000100752820225395
0.0005317544154607697,1.0,3.299999963958233,0.0001007528195798314
0.0005319544154607707,1.0,3.29999996396018,0.0001007528189433095
0.0005321544154607716,1.0,3.299999963960818,0.0001007528183162555
0.0005323544154607726,1.0,3.299999963961803,0.00010075281769803
0.0005325544154607736,1.0,3.299999963960875,0.0001007528170880291
0.0005327544154607746,1.0,3.299999963962918,0.0001007528164870876
0.0005329544154607756,1.0,3.299999963963566,0.0001007528158954364
0.0005331544154607766,1.0,3.299999963966116,0.0001007528153123295
0.0005333544154607775,1.0,3.299999963967776,0.0001007528147373228
0.0005335544154607785,1.0,3.299999963967752,0.0001007528141701854
0.0005337544154607795,1.0,3.299999963967991,0.0001007528136117876
0.0005339544154607805,1.0,3.299999963968423,0.0001007528130617032
0.0005341544154607815,1.0,3.299999963969137,0.0001007528125190794
0.0005343544154607824,1.0,3.299999963969658,0.0001007528119852132
0.0005345544154607834,1.0,3.299999963969545,0.0001007528114581503
0.0005347544154607844,1.0,3.299999963972058,0.0001007528109389035
0.0005349544154607854,1.0,3.299999963973268,0.0001007528104275436
0.0005351544154607864,1.0,3.299999963972799,0.0001007528099234135
0.0005353544154607873,1.0,3.299999963974685,0.0001007528094264422
0.0005355544154607883,1.0,3.299999963975747,0.0001007528089372158
0.0005357544154607893,1.0,3.299999963976346,0.0001007528084550415
0.0005359544154607903,1.0,3.299999963976687,0.0001007528079796884
0.0005361544154607913,1.0,3.299999963978184,0.0001007528075116894
0.0005363544154607922,1.0,3.299999963978056,0.000100752807049357
0.0005365544154607932,1.0,3.299999963978649,0.000100752806594734
0.0005367544154607942,1.0,3.299999963982303,0.0001007528061465236
0.0005369544154607952,1.0,3.299999963982053,0.0001007528057046371
0.0005371544154607962,1.0,3.299999963980992,0.0001007528052689856
0.0005373544154607971,1.0,3.299999963983401,0.0001007528048404928
0.0005375544154607981,1.0,3.29999996398629,0.0001007528044174534
0.0005377544154607991,1.0,3.299999963985198,0.0001007528040011287
0.0005379544154608001,1.0,3.299999963985963,0.0001007528035907902
0.0005381544154608011,1.0,3.29999996398837,0.0001007528031860296
0.000538354415460802,1.0,3.299999963984495,0.0001007528027875217
0.000538554415460803,1.0,3.299999963992016,0.0001007528023950534
0.000538754415460804,1.0,3.299999963989848,0.0001007528020081096
0.000538954415460805,1.0,3.299999963992381,0.0001007528016268501
0.000539154415460806,1.0,3.299999963992213,0.0001007528012514171
0.000539354415460807,1.0,3.299999963992912,0.0001007528008813842
0.0005395544154608079,1.0,3.29999996399319,0.0001007528005167514
0.0005397544154608089,1.0,3.299999963994658,0.0001007528001576431
0.0005399544154608099,1.0,3.299999963995775,0.0001007527998033843
0.0005401544154608109,1.0,3.299999963996762,0.0001007527994549341
0.0005403544154608119,1.0,3.29999996399654,0.0001007527991112091
0.0005405544154608128,1.0,3.299999963997352,0.0001007527987727243
0.0005407544154608138,1.0,3.299999963999687,0.0001007527984393732
0.0005409544154608148,1.0,3.299999963997657,0.0001007527981109603
0.0005411544154608158,1.0,3.299999963998173,0.000100752797787468
0.0005413544154608168,1.0,3.299999964003541,0.000100752797468079
0.0005415544154608177,1.0,3.299999964002355,0.0001007527971534329
0.0005417544154608187,1.0,3.299999964004372,0.0001007527968440626
0.0005419544154608197,1.0,3.299999964003709,0.0001007527965395418
0.0005421544154608207,1.0,3.299999964004032,0.0001007527962391065
0.0005423544154608217,1.0,3.299999964009993,0.0001007527959427924
0.0005425544154608226,1.0,3.299999964009384,0.0001007527956514699
0.0005427544154608236,1.0,3.299999964009545,0.0001007527953642863
0.0005429544154608246,1.0,3.299999964009795,0.000100752795081366
0.0005431544154608256,1.0,3.299999964010962,0.0001007527948031529
0.0005433544154608266,1.0,3.299999964012535,0.0001007527945283328
0.0005435544154608275,1.0,3.299999964013643,0.0001007527942581844
0.0005437544154608285,1.0,3.299999964015267,0.0001007527939911447
0.0005439544154608295,1.0,3.299999964015315,0.0001007527937291143
0.0005441544154608305,1.0,3.299999964016865,0.0001007527934705833
0.0005443544154608315,1.0,3.299999964019219,0.0001007527932160314
0.0005445544154608324,1.0,3.299999964018948,0.0001007527929652098
0.0005447544154608334,1.0,3.299999964020132,0.0001007527927182784
0.0005449544154608344,1.0,3.299999964021352,0.0001007527924750241
0.0005451544154608354,1.0,3.2999999640214,0.0001007527922353758
0.0005453544154608364,1.0,3.299999964023805,0.0001007527919999197
0.0005455544154608374,1.0,3.299999964026538,0.0001007527917674834
0.0005457544154608383,1.0,3.29999996402606,0.0001007527915377827
0.0005459544154608393,1.0,3.299999964028404,0.0001007527913131269
0.0005461544154608403,1.0,3.299999964028705,0.0001007527910910112
0.0005463544154608413,1.0,3.29999996402776,0.0001007527908724661
0.0005465544154608423,1.0,3.299999964031771,0.0001007527906569762
0.0005467544154608432,1.0,3.299999964030503,0.0001007527904453055
0.0005469544154608442,1.0,3.299999964030521,0.0001007527902365658
0.0005471544154608452,1.0,3.299999964032691,0.0001007527900311657
0.0005473544154608462,1.0,3.299999964033359,0.0001007527898288564
0.0005475544154608472,1.0,3.299999964035664,0.0001007527896290163
0.0005477544154608481,1.0,3.299999964036541,0.0001007527894333861
0.0005479544154608491,1.0,3.299999964035594,0.0001007527892394435
0.0005481544154608501,1.0,3.299999964037053,0.0001007527890492667
0.0005483544154608511,1.0,3.299999964040964,0.0001007527888622341
0.0005485544154608521,1.0,3.299999964042966,0.0001007527886775463
0.000548754415460853,1.0,3.299999964042931,0.000100752788495594
0.000548954415460854,1.0,3.299999964043868,0.0001007527883169458
0.000549154415460855,1.0,3.299999964042348,0.0001007527881407667
0.000549354415460856,1.0,3.299999964047882,0.0001007527879678029
0.000549554415460857,1.0,3.299999964048112,0.0001007527877971305
0.0005497544154608579,1.0,3.299999964048362,0.0001007527876294069
0.0005499544154608589,1.0,3.299999964049417,0.0001007527874639393
0.0005501544154608599,1.0,3.299999964054606,0.0001007527873014914
0.0005503544154608609,1.0,3.299999964051274,0.0001007527871414061
0.0005505544154608619,1.0,3.299999964052593,0.0001007527869839499
0.0005507544154608628,1.0,3.299999964054995,0.0001007527868287496
0.0005509544154608638,1.0,3.299999964054781,0.0001007527866759118
0.0005511544154608648,1.0,3.299999964057867,0.0001007527865252945
0.0005513544154608658,1.0,3.299999964058436,0.0001007527863773418
0.0005515544154608668,1.0,3.299999964059789,0.0001007527862323022
0.0005517544154608678,1.0,3.299999964060673,0.000100752786088897
0.0005519544154608687,1.0,3.299999964061647,0.0001007527859481207
0.0005521544154608697,1.0,3.299999964062637,0.000100752785809405
0.0005523544154608707,1.0,3.299999964067304,0.000100752785672892
0.0005525544154608717,1.0,3.299999964068143,0.0001007527855385994
0.0005527544154608727,1.0,3.299999964068221,0.000100752785405941
0.0005529544154608736,1.0,3.299999964067947,0.0001007527852760005
0.0005531544154608746,1.0,3.29999996407106,0.0001007527851481384
0.0005533544154608756,1.0,3.299999964073407,0.0001007527850218749
0.0005535544154608766,1.0,3.299999964073047,0.0001007527848980629
0.0005537544154608776,1.0,3.299999964075201,0.000100752784776187
0.0005539544154608785,1.0,3.299999964076562,0.0001007527846561053
0.0005541544154608795,1.0,3.299999964078101,0.0001007527845383861
0.0005543544154608805,1.0,3.299999964080573,0.0001007527844222479
0.0005545544154608815,1.0,3.299999964080289,0.0001007527843082058
0.0005547544154608825,1.0,3.299999964080894,0.0001007527841960466
0.0005549544154608834,1.0,3.299999964084631,0.0001007527840852908
0.0005551544154608844,1.0,3.299999964083155,0.0001007527839767376
0.0005553544154608854,1.0,3.29999996408469,0.0001007527838693746
0.0005555544154608864,1.0,3.299999964088148,0.0001007527837644452
0.0005557544154608874,1.0,3.299999964087002,0.0001007527836612744
0.0005559544154608883,1.0,3.299999964088526,0.0001007527835598977
0.0005561544154608893,1.0,3.299999964090516,0.0001007527834595158
0.0005563544154608903,1.0,3.299999964094112,0.0001007527833618339
0.0005565544154608913,1.0,3.299999964093792,0.0001007527832651824
0.0005567544154608923,1.0,3.299999964094421,0.0001007527831705736
0.0005569544154608932,1.0,3.29999996409628,0.0001007527830767287
0.0005571544154608942,1.0,3.299999964097853,0.0001007527829854062
0.0005573544154608952,1.0,3.299999964099209,0.0001007527828949185
0.0005575544154608962,1.0,3.299999964101473,0.0001007527828064027
0.0005577544154608972,1.0,3.299999964100068,0.0001007527827194678
0.0005579544154608982,1.0,3.299999964103226,0.0001007527826341849
0.0005581544154608991,1.0,3.299999964105618,0.000100752782549204
0.0005583544154609001,1.0,3.299999964105819,0.0001007527824668521
0.0005585544154609011,1.0,3.299999964110271,0.0001007527823856548
0.0005587544154609021,1.0,3.299999964110949,0.0001007527823058786
0.0005589544154609031,1.0,3.299999964109115,0.0001007527822275768
0.000559154415460904,1.0,3.299999964113008,0.0001007527821504296
0.000559354415460905,1.0,3.299999964114831,0.0001007527820747746
0.000559554415460906,1.0,3.299999964113817,0.0001007527820001143
0.000559754415460907,1.0,3.299999964116635,0.0001007527819273014
0.000559954415460908,1.0,3.299999964119162,0.0001007527818556077
0.0005601544154609089,1.0,3.299999964120315,0.0001007527817852107
0.0005603544154609099,1.0,3.299999964121442,0.0001007527817161281
0.0005605544154609109,1.0,3.299999964122859,0.0001007527816479338
0.0005607544154609119,1.0,3.299999964122736,0.0001007527815813027
0.0005609544154609129,1.0,3.299999964125797,0.0001007527815157729
0.0005611544154609138,1.0,3.299999964125073,0.000100752781451451
0.0005613544154609148,1.0,3.299999964126197,0.000100752781388266
0.0005615544154609158,1.0,3.299999964128898,0.000100752781326502
0.0005617544154609168,1.0,3.299999964130027,0.000100752781265573
0.0005619544154609178,1.0,3.299999964130711,0.0001007527812062249
0.0005621544154609187,1.0,3.299999964133872,0.0001007527811477295
0.0005623544154609197,1.0,3.299999964136387,0.0001007527810902466
0.0005625544154609207,1.0,3.299999964137346,0.0001007527810342203
0.0005627544154609217,1.0,3.299999964141952,0.0001007527809789223
0.0005629544154609227,1.0,3.299999964141822,0.0001007527809246546
0.0005631544154609236,1.0,3.299999964142379,0.0001007527808711507
0.0005633544154609246,1.0,3.299999964143845,0.0001007527808192456
0.0005635544154609256,1.0,3.29999996414528,0.000100752780768122
0.0005637544154609266,1.0,3.299999964146093,0.0001007527807181354
0.0005639544154609276,1.0,3.299999964148382,0.0001007527806688592
0.0005641544154609286,1.0,3.299999964151105,0.0001007527806206311
0.0005643544154609295,1.0,3.299999964153782,0.0001007527805733623
0.0005645544154609305,1.0,3.299999964153448,0.0001007527805278165
0.0005647544154609315,1.0,3.299999964157574,0.0001007527804818266
0.0005649544154609325,1.0,3.299999964158216,0.0001007527804383058
0.0005651544154609335,1.0,3.299999964159603,0.0001007527803941989
0.0005653544154609344,1.0,3.29999996416293,0.0001007527803518506
0.0005655544154609354,1.0,3.299999964163397,0.0001007527803096621
0.0005657544154609364,1.0,3.299999964164936,0.0001007527802688592
0.0005659544154609374,1.0,3.299999964166451,0.0001007527802288379
0.0005661544154609384,1.0,3.299999964167843,0.0001007527801898468
0.0005663544154609393,1.0,3.29999996417094,0.0001007527801513709
0.0005665544154609403,1.0,3.299999964170659,0.0001007527801139964
0.0005667544154609413,1.0,3.299999964174326,0.0001007527800775278
0.0005669544154609423,1.0,3.299999964174798,0.00010075278004145
0.0005671544154609433,1.0,3.299999964177303,0.0001007527800069354
0.0005673544154609442,1.0,3.299999964176963,0.0001007527799725273
0.0005675544154609452,1.0,3.299999964178557,0.0001007527799387233
0.0005677544154609462,1.0,3.299999964180893,0.000100752779906287
0.0005679544154609472,1.0,3.299999964183314,0.0001007527798736198
0.0005681544154609482,1.0,3.299999964182666,0.0001007527798426401
0.0005683544154609491,1.0,3.299999964184894,0.0001007527798122644
0.0005685544154609501,1.0,3.299999964187215,0.0001007527797824216
0.0005687544154609511,1.0,3.299999964190194,0.0001007527797534492
0.0005689544154609521,1.0,3.29999996419023,0.0001007527797254183
0.0005691544154609531,1.0,3.299999964192101,0.0001007527796978493
0.000569354415460954,1.0,3.299999964196615,0.0001007527796703868
0.000569554415460955,1.0,3.299999964198232,0.0001007527796443632
0.000569754415460956,1.0,3.299999964200312,0.0001007527796182862
0.000569954415460957,1.0,3.299999964200289,0.0001007527795934172
0.000570154415460958,1.0,3.299999964203046,0.0001007527795686726
0.000570354415460959,1.0,3.299999964202938,0.0001007527795449227
0.0005705544154609599,1.0,3.299999964205494,0.0001007527795219722
0.0005707544154609609,1.0,3.299999964208165,0.0001007527794993592
0.0005709544154609619,1.0,3.299999964210556,0.0001007527794774567
0.0005711544154609629,1.0,3.299999964211465,0.000100752779456016
0.0005713544154609639,1.0,3.299999964213328,0.0001007527794353925
0.0005715544154609648,1.0,3.29999996421538,0.0001007527794152309
0.0005717544154609658,1.0,3.299999964217749,0.0001007527793957443
0.0005719544154609668,1.0,3.299999964217532,0.0001007527793766839
0.0005721544154609678,1.0,3.299999964221402,0.0001007527793583164
0.0005723544154609688,1.0,3.299999964220413,0.0001007527793404107
0.0005725544154609697,1.0,3.299999964224083,0.0001007527793227893
0.0005727544154609707,1.0,3.299999964226005,0.0001007527793064823
0.0005729544154609717,1.0,3.299999964227687,0.0001007527792898911
0.0005731544154609727,1.0,3.299999964228232,0.0001007527792742059
0.0005733544154609737,1.0,3.299999964231747,0.0001007527792590891
0.0005735544154609746,1.0,3.299999964232247,0.0001007527792440967
0.0005737544154609756,1.0,3.299999964233797,0.0001007527792299746
0.0005739544154609766,1.0,3.299999964237051,0.0001007527792163855
0.0005741544154609776,1.0,3.299999964236826,0.0001007527792030273
0.0005743544154609786,1.0,3.299999964239187,0.0001007527791902908
0.0005745544154609795,1.0,3.29999996424149,0.000100752779177732
0.0005747544154609805,1.0,3.299999964243399,0.0001007527791662745
0.0005749544154609815,1.0,3.299999964244796,0.0001007527791549058
0.0005751544154609825,1.0,3.299999964246817,0.000100752779143768
0.0005753544154609835,1.0,3.299999964248324,0.0001007527791334652
0.0005755544154609844,1.0,3.299999964251036,0.0001007527791234998
0.0005757544154609854,1.0,3.299999964253276,0.0001007527791144582
0.0005759544154609864,1.0,3.299999964254313,0.0001007527791053632
0.0005761544154609874,1.0,3.299999964256386,0.0001007527790966768
0.0005763544154609884,1.0,3.299999964260299,0.0001007527790875641
0.0005765544154609894,1.0,3.299999964262522,0.0001007527790794817
0.0005767544154609903,1.0,3.299999964264301,0.0001007527790724651
0.0005769544154609913,1.0,3.29999996426558,0.0001007527790652708
0.0005771544154609923,1.0,3.299999964268337,0.0001007527790584496
0.0005773544154609933,1.0,3.299999964269281,0.000100752779051806
0.0005775544154609943,1.0,3.299999964272301,0.0001007527790461572
0.0005777544154609952,1.0,3.29999996427339,0.0001007527790407393
0.0005779544154609962,1.0,3.299999964275387,0.0001007527790354103
0.0005781544154609972,1.0,3.299999964277184,0.000100752779030774
0.0005783544154609982,1.0,3.299999964278955,0.000100752779026262
0.0005785544154609992,1.0,3.299999964280935,0.0001007527790220876
0.0005787544154610001,1.0,3.299999964280631,0.0001007527790184283
0.0005789544154610011,1.0,3.299999964283381,0.0001007527790149111
0.0005791544154610021,1.0,3.299999964286933,0.0001007527790120157
0.0005793544154610031,1.0,3.299999964287281,0.0001007527790090491
0.0005795544154610041,1.0,3.299999964289378,0.0001007527790070063
0.000579754415461005,1.0,3.299999964292075,0.0001007527790048392
0.000579954415461006,1.0,3.299999964293547,0.000100752779003276
0.000580154415461007,1.0,3.29999996429531,0.0001007527790020503
0.000580354415461008,1.0,3.29999996429726,0.0001007527790009667
0.000580554415461009,1.0,3.299999964300081,0.0001007527790001496
0.0005807544154610099,1.0,3.299999964302239,0.0001007527789994746
0.0005809544154610109,1.0,3.299999964303906,0.0001007527789995989
0.0005811544154610119,1.0,3.299999964310231,0.0001007527789995634
0.0005813544154610129,1.0,3.299999964309577,0.0001007527790000963
0.0005815544154610139,1.0,3.299999964310504,0.0001007527790008601
0.0005817544154610148,1.0,3.299999964313496,0.0001007527790025832
0.0005819544154610158,1.0,3.299999964313457,0.0001007527790036135
0.0005821544154610168,1.0,3.299999964318423,0.0001007527790051056
0.0005823544154610178,1.0,3.299999964320131,0.0001007527790068109
0.0005825544154610188,1.0,3.299999964321241,0.0001007527790092978
0.0005827544154610198,1.0,3.299999964324047,0.0001007527790114827
0.0005829544154610207,1.0,3.29999996432687,0.0001007527790145026
0.0005831544154610217,1.0,3.299999964326206,0.0001007527790171493
0.0005833544154610227,1.0,3.299999964327916,0.0001007527790201691
0.0005835544154610237,1.0,3.299999964330915,0.0001007527790235975
0.0005837544154610247,1.0,3.299999964336468,0.0001007527790275588
0.0005839544154610256,1.0,3.299999964335082,0.0001007527790317687
0.0005841544154610266,1.0,3.299999964336958,0.0001007527790358899
0.0005843544154610276,1.0,3.299999964341888,0.0001007527790405617
0.0005845544154610286,1.0,3.299999964341412,0.0001007527790448605
0.0005847544154610296,1.0,3.299999964344658,0.0001007527790498165
0.0005849544154610305,1.0,3.299999964347023,0.0001007527790549502
0.0005851544154610315,1.0,3.299999964350571,0.0001007527790604924
0.0005853544154610325,1.0,3.299999964350578,0.0001007527790656261
0.0005855544154610335,1.0,3.299999964352745,0.000100752779071719
0.0005857544154610345,1.0,3.299999964355968,0.0001007527790775988
0.0005859544154610354,1.0,3.299999964358,0.0001007527790838515
0.0005861544154610364,1.0,3.299999964359416,0.0001007527790902464
0.0005863544154610374,1.0,3.299999964359213,0.0001007527790969433
0.0005865544154610384,1.0,3.299999964362754,0.0001007527791037112
0.0005867544154610394,1.0,3.299999964364394,0.0001007527791111364
0.0005869544154610403,1.0,3.299999964366198,0.0001007527791182951
0.0005871544154610413,1.0,3.299999964367121,0.0001007527791256492
0.0005873544154610423,1.0,3.29999996437036,0.0001007527791333941
0.0005875544154610433,1.0,3.299999964371963,0.0001007527791416187
0.0005877544154610443,1.0,3.29999996437477,0.0001007527791491859
0.0005879544154610452,1.0,3.299999964376678,0.0001007527791571618
0.0005881544154610462,1.0,3.29999996437947,0.0001007527791664877
0.0005883544154610472,1.0,3.299999964381179,0.0001007527791749076
0.0005885544154610482,1.0,3.299999964384925,0.0001007527791840381
0.0005887544154610492,1.0,3.299999964387761,0.0001007527791927422
0.0005889544154610502,1.0,3.299999964389815,0.0001007527792018016
0.0005891544154610511,1.0,3.299999964390512,0.0001007527792110564
0.0005893544154610521,1.0,3.29999996439399,0.0001007527792207021
0.0005895544154610531,1.0,3.299999964395504,0.0001007527792301878
0.0005897544154610541,1.0,3.299999964395546,0.0001007527792400466
0.0005899544154610551,1.0,3.299999964400344,0.0001007527792498343
0.000590154415461056,1.0,3.299999964403377,0.0001007527792601372
0.000590354415461057,1.0,3.299999964404523,0.000100752779270671
0.000590554415461058,1.0,3.299999964404641,0.0001007527792809206
0.000590754415461059,1.0,3.299999964408849,0.000100752779291703
0.00059095441546106,1.0,3.299999964410222,0.0001007527793020947
0.0005911544154610609,1.0,3.299999964413446,0.0001007527793132858
0.0005913544154610619,1.0,3.299999964414589,0.0001007527793245124
0.0005915544154610629,1.0,3.299999964419072,0.0001007527793353304
0.0005917544154610639,1.0,3.299999964421367,0.0001007527793465036
0.0005919544154610649,1.0,3.299999964422524,0.0001007527793582631
0.0005921544154610658,1.0,3.29999996442463,0.0001007527793698272
0.0005923544154610668,1.0,3.299999964428103,0.0001007527793815512
0.0005925544154610678,1.0,3.299999964429323,0.0001007527793933462
0.0005927544154610688,1.0,3.299999964430386,0.0001007527794054787
0.0005929544154610698,1.0,3.299999964432689,0.0001007527794174513
0.0005931544154610707,1.0,3.299999964436175,0.0001007527794301701
0.0005933544154610717,1.0,3.299999964439279,0.0001007527794424091
0.0005935544154610727,1.0,3.299999964441162,0.0001007527794548969
0.0005937544154610737,1.0,3.299999964443052,0.0001007527794675801
0.0005939544154610747,1.0,3.299999964443627,0.0001007527794805475
0.0005941544154610756,1.0,3.299999964447569,0.0001007527794934439
0.0005943544154610766,1.0,3.299999964449449,0.0001007527795060027
0.0005945544154610776,1.0,3.299999964452095,0.0001007527795197517
0.0005947544154610786,1.0,3.299999964453557,0.0001007527795323816
0.0005949544154610796,1.0,3.299999964454717,0.000100752779545953
0.0005951544154610806,1.0,3.299999964459389,0.0001007527795594355
0.0005953544154610815,1.0,3.299999964459854,0.0001007527795726694
0.0005955544154610825,1.0,3.299999964462669,0.0001007527795863651
0.0005957544154610835,1.0,3.299999964467232,0.000100752779600647
0.0005959544154610845,1.0,3.299999964468575,0.000100752779614094
0.0005961544154610855,1.0,3.299999964470595,0.0001007527796283227
0.0005963544154610864,1.0,3.299999964476157,0.000100752779642569
0.0005965544154610874,1.0,3.299999964476045,0.0001007527796571352
0.0005967544154610884,1.0,3.299999964477165,0.0001007527796709197
0.0005969544154610894,1.0,3.299999964479707,0.0001007527796856279
0.0005971544154610904,1.0,3.299999964483333,0.0001007527796999098
0.0005973544154610913,1.0,3.29999996448417,0.0001007527797146358
0.0005975544154610923,1.0,3.299999964486923,0.0001007527797288112
0.0005977544154610933,1.0,3.299999964490083,0.0001007527797440345
0.0005979544154610943,1.0,3.299999964491041,0.0001007527797588671
0.0005981544154610953,1.0,3.299999964494217,0.0001007527797739662
0.0005983544154610962,1.0,3.299999964494541,0.0001007527797889941
0.0005985544154610972,1.0,3.299999964499168,0.0001007527798037024
0.0005987544154610982,1.0,3.299999964503193,0.0001007527798189613
0.0005989544154610992,1.0,3.299999964502722,0.0001007527798345399
0.0005991544154611002,1.0,3.299999964507575,0.00010075277984971
0.0005993544154611011,1.0,3.299999964507028,0.000100752779865342
0.0005995544154611021,1.0,3.299999964512145,0.0001007527798807607
0.0005997544154611031,1.0,3.299999964512913,0.0001007527798963039
0.0005999544154611041,1.0,3.299999964513774,0.00010075277991222
