time_s,v(logic_rail),v(led_a),v(bias),v(pwm),i(VLEDLOAD),i(VLREF)
0.0,0.0,0.0,-3.65568047811666e-24,1.072680687466198e-36,3.758009133937594e-30,0.0
1.6e-09,0.0,0.0,-5.379270841713389e-16,-2.012838508746083e-16,5.378790619802201e-20,0.0
1.12e-08,0.0,0.0,-3.085456335061797e-15,-7.631416056836384e-16,-6.163604200639501e-20,3.566514104878896e-20
2.12e-08,0.0,0.0,-1.266784491404805e-16,-8.744043106723984e-16,7.742188647754223e-20,3.306000709517172e-21
3.120000000000001e-08,0.0,0.0,4.4754250010751e-16,-9.579005671266244e-16,-7.893786101493259e-20,0.0
4.12e-08,0.0,0.0,1.011823135373552e-15,-1.092420016617908e-15,8.004051518771566e-20,0.0
5.119999999999999e-08,0.0,0.0,7.133896771376547e-16,-1.093569938950417e-15,-7.583602431857932e-20,0.0
6.119999999999998e-08,0.0,0.0,1.042409911178617e-15,-1.103528323865247e-15,7.42938324769131e-20,0.0
7.12e-08,0.0,0.0,-1.257587795142657e-16,-1.177553889316542e-15,-6.873933668340665e-20,1.026436201356475e-20
8.120000000000003e-08,0.0,0.0,1.501729033836488e-16,-1.154259414835826e-15,7.010513574146246e-20,0.0
9.120000000000005e-08,0.0,0.0,-6.608738047210143e-17,-1.080094437504518e-15,-7.04557186312335e-20,5.961123780711026e-21
1e-07,0.0,0.0,3.321194428182195e-17,-1.201010963573785e-15,6.88306687121866e-20,0.0
1.05e-07,0.0,0.0,-3.314667424718271e-17,-1.401953863392774e-15,-2.704413638553958e-20,3.308369556611306e-21
1.15e-07,0.0,0.0,2.355546261835338e-17,-1.356724643446347e-15,2.40976096866789e-20,0.0
1.25e-07,0.0,0.0,6.985223445301315e-16,-1.159107640936294e-15,-2.54315431344797e-20,0.0
1.35e-07,0.0,0.0,-1.106777216041757e-16,-1.178783715853517e-15,2.687646505654941e-20,0.0
1.449999999999999e-07,0.0,0.0,2.92816982086609e-16,-1.124602130870075e-15,-3.201266939503387e-20,0.0
1.549999999999999e-07,0.0,0.0,8.187673181192442e-16,-1.069545891086251e-15,2.859220450935742e-20,0.0
1.649999999999998e-07,0.0,0.0,1.647384849463365e-15,-1.032734737930395e-15,-2.760636248271754e-20,0.0
1.749999999999998e-07,0.0,0.0,1.726625372260536e-15,-1.216848063885714e-15,2.135876780243324e-20,0.0
1.849999999999998e-07,0.0,0.0,2.450527715091399e-15,-1.116750916580226e-15,2.710025674322509e-21,0.0
1.949999999999997e-07,0.0,0.0,2.874006306147538e-15,-1.096587278064942e-15,-4.912470236728883e-21,0.0
2.049999999999997e-07,0.0,0.0,2.928835506826256e-15,-1.108638841414985e-15,1.046108544155939e-20,0.0
2.149999999999996e-07,0.0,0.0,4.163983195659521e-15,-1.073750701026754e-15,-1.734273029896511e-20,0.0
2.249999999999996e-07,0.0,0.0,4.63401248069564e-15,-1.06886635490175e-15,1.589613937134122e-20,0.0
2.349999999999995e-07,0.0,0.0,4.518522702344337e-15,-1.006943916926569e-15,-1.506825961565281e-20,0.0
2.449999999999995e-07,0.0,0.0,4.547557781595223e-15,-1.081562469027962e-15,1.472125785491475e-20,0.0
2.549999999999995e-07,0.0,0.0,4.562235109970308e-15,-1.053651221061585e-15,-1.451814687958111e-20,0.0
2.649999999999994e-07,0.0,0.0,4.557321743175859e-15,-1.076281621856825e-15,1.485787065534971e-20,0.0
2.749999999999994e-07,0.0,0.0,4.508193453912116e-15,-1.247306895901982e-15,-2.674885797281114e-20,0.0
2.849999999999993e-07,0.0,0.0,4.589963719155021e-15,-1.27681617538003e-15,1.377659274914721e-20,0.0
2.949999999999993e-07,0.0,0.0,4.58287909968181e-15,-1.101664003349044e-15,-1.711539583632277e-20,0.0
3.049999999999993e-07,0.0,0.0,4.619598332182468e-15,-1.082979806231452e-15,2.262703764781004e-20,0.0
3.149999999999992e-07,0.0,0.0,4.66082206160865e-15,-1.113631956160542e-15,-1.806007075643902e-20,0.0
3.249999999999992e-07,0.0,0.0,4.696503075972301e-15,-1.185363028579276e-15,1.625865115188163e-20,0.0
3.349999999999991e-07,0.0,0.0,4.472380387784008e-15,-1.06426236637723e-15,-1.720233981711875e-20,0.0
3.449999999999991e-07,0.0,0.0,4.689674373283942e-15,-1.209905185739773e-15,1.772270163399444e-20,0.0
3.54999999999999e-07,0.0,0.0,4.624267643086683e-15,-1.261068872864e-15,-1.652584888719022e-20,0.0
3.64999999999999e-07,0.0,0.0,4.695746885069733e-15,-1.254398955504935e-15,1.606179655039064e-20,0.0
3.74999999999999e-07,0.0,0.0,4.397784708783868e-15,-1.286422944873467e-15,-1.559863944681564e-20,0.0
3.849999999999989e-07,0.0,0.0,4.288942285128004e-15,-1.257009079436683e-15,1.502453591511375e-20,0.0
3.949999999999989e-07,0.0,0.0,4.162402698974553e-15,-1.248378159622437e-15,-1.526597471744731e-20,0.0
4.049999999999988e-07,0.0,0.0,4.061796763921172e-15,-1.247748652199282e-15,1.363817421932371e-20,0.0
4.149999999999988e-07,0.0,0.0,4.234116197522091e-15,-1.2364402948265e-15,-1.38376621842919e-20,0.0
4.249999999999987e-07,0.0,0.0,4.124050980010853e-15,-1.189327760221474e-15,1.269157379601036e-20,0.0
4.349999999999987e-07,0.0,0.0,4.377795506619543e-15,-1.172091042274618e-15,-8.819613100558719e-21,0.0
4.449999999999987e-07,0.0,0.0,4.15567775651843e-15,-1.290063245125554e-15,8.772576018067149e-21,0.0
4.549999999999986e-07,0.0,0.0,4.396104530522697e-15,-1.306841324347492e-15,-6.845698713007556e-21,0.0
4.649999999999986e-07,0.0,0.0,4.201737236122574e-15,-1.368398402276331e-15,1.051541130721194e-20,0.0
4.749999999999985e-07,0.0,0.0,3.74612022634918e-15,-7.505951696944624e-16,-8.275079299444369e-21,0.0
4.849999999999987e-07,0.0,0.0,3.668952741494296e-15,-6.209117209651008e-16,2.87517028375771e-21,0.0
4.94999999999999e-07,0.0,0.0,3.65047142846037e-15,-5.342299550800765e-16,-3.263956080092682e-22,0.0
5.049999999999992e-07,0.0,0.0,3.516845022724059e-15,-6.832470912364934e-16,-3.652914239215017e-23,0.0
5.149999999999994e-07,0.0,0.0,5.169183782058711e-15,-6.773647849032431e-16,4.715408594929765e-21,0.0
5.249999999999996e-07,0.0,0.0,5.766674382046079e-15,-6.760777668668556e-16,-4.270769088799806e-21,0.0
5.349999999999999e-07,0.0,0.0,4.651926667877875e-15,-6.521714753687305e-16,7.659723350765652e-22,0.0
5.450000000000001e-07,0.0,0.0,4.494797143154009e-15,-7.114514972967532e-16,-2.388312965042989e-21,0.0
5.550000000000003e-07,0.0,0.0,4.395857722703364e-15,-7.439336550368352e-16,5.47312476736201e-21,0.0
5.650000000000005e-07,0.0,0.0,4.199650854777129e-15,-7.433912535759654e-16,-4.158110802762508e-21,0.0
5.750000000000007e-07,0.0,0.0,4.744850169884092e-15,-7.354337231223023e-16,7.270407713181698e-21,0.0
5.85000000000001e-07,0.0,0.0,4.918459598898588e-15,-6.808540943537616e-16,-6.704037844656217e-21,0.0
5.950000000000012e-07,0.0,0.0,5.113309188440402e-15,-4.297366625872153e-16,-5.545016422587337e-22,0.0
6.050000000000014e-07,0.0,0.0,4.290571618138701e-15,2.989120544414235e-16,-3.044881363818284e-21,0.0
6.150000000000016e-07,0.0,0.0,4.173625398962528e-15,3.027489437937534e-16,7.983454352925146e-21,0.0
6.250000000000019e-07,0.0,0.0,4.234636662520037e-15,2.233120245354688e-17,-8.704330145140838e-21,0.0
6.350000000000021e-07,0.0,0.0,3.946761416037408e-15,-8.34969865318776e-17,8.181044009107702e-21,0.0
6.450000000000023e-07,0.0,0.0,3.941984783370788e-15,-9.971677672369514e-17,-9.298256796724627e-21,0.0
6.550000000000025e-07,0.0,0.0,3.994270018652408e-15,-1.32473323486962e-16,8.59321967780897e-21,0.0
6.650000000000027e-07,0.0,0.0,2.753026903118159e-15,-8.407689304373174e-18,-6.589822492943452e-22,0.0
6.75000000000003e-07,0.0,0.0,1.780172152988964e-15,1.429361233643464e-17,8.797547117762052e-23,0.0
6.850000000000032e-07,0.0,0.0,1.802088580164821e-15,1.156578536420756e-16,5.291767785316529e-22,0.0
6.950000000000034e-07,0.0,0.0,1.788081335061376e-15,1.089031545067957e-16,7.47341786617042e-22,0.0
7.050000000000036e-07,0.0,0.0,1.776672247755357e-15,1.523234831798459e-17,-9.995978174452255e-22,0.0
7.150000000000038e-07,0.0,0.0,1.778970579264611e-15,1.039596948804333e-17,-2.285099589997654e-21,0.0
7.250000000000041e-07,0.0,0.0,1.81180260946152e-15,6.811701643598836e-18,2.523469928911053e-21,0.0
7.350000000000043e-07,0.0,0.0,1.84196728184278e-15,1.093187394938239e-17,-2.629231155348559e-21,0.0
7.450000000000045e-07,0.0,0.0,1.874409962037143e-15,2.518971215670583e-17,4.747987296035365e-21,0.0
7.550000000000047e-07,0.0,0.0,1.910280677081415e-15,6.826118828839224e-17,-8.612496611600188e-22,0.0
7.65000000000005e-07,0.0,0.0,1.933391303881076e-15,5.141833312033916e-17,-3.891304025638004e-21,0.0
7.750000000000052e-07,0.0,0.0,1.924504094595419e-15,6.42374720052744e-17,4.777180547042869e-21,0.0
7.850000000000054e-07,0.0,0.0,2.190196414855492e-15,1.988514371436602e-17,2.057876470507754e-20,0.0
7.950000000000056e-07,0.0,0.0,3.280105276682777e-15,5.31865016159481e-17,-1.653916447878504e-20,0.0
8.050000000000058e-07,0.0,0.0,5.107007615356828e-15,1.495515066208363e-16,7.283058305532262e-21,0.0
8.150000000000061e-07,0.0,0.0,4.305428196425254e-15,7.06613537223621e-18,-3.934462466240449e-21,0.0
8.250000000000063e-07,0.0,0.0,4.181540888144443e-15,1.477065322083443e-16,2.011134174568042e-21,0.0
8.350000000000065e-07,0.0,0.0,4.077259747636346e-15,1.675910291496095e-16,6.660964925950991e-22,0.0
8.450000000000067e-07,0.0,0.0,4.637102457242346e-15,1.021710024302049e-16,-6.400125883185097e-22,0.0
8.55000000000007e-07,0.0,0.0,4.585004550269009e-15,9.805761545465908e-17,-5.979518432192354e-22,0.0
8.650000000000072e-07,0.0,0.0,4.60460189336461e-15,1.045428128851155e-16,-8.744102701747323e-22,0.0
8.750000000000074e-07,0.0,0.0,4.566661945935122e-15,1.025422546259884e-16,-1.079882268081408e-20,0.0
8.850000000000076e-07,0.0,0.0,4.544689413054111e-15,1.064734912289773e-16,1.167639269192695e-20,0.0
8.950000000000078e-07,0.0,0.0,4.515652718663178e-15,6.619824173703375e-17,-1.100690010476452e-20,0.0
9.050000000000081e-07,0.0,0.0,4.520130588350598e-15,9.692610426042785e-17,7.855596797989726e-21,0.0
9.150000000000083e-07,0.0,0.0,4.534022402750849e-15,1.137375479644483e-16,-3.768977892460887e-21,0.0
9.250000000000085e-07,0.0,0.0,4.523297148774015e-15,6.174797156884197e-17,4.344261911061194e-21,0.0
9.350000000000087e-07,0.0,0.0,4.593906590582958e-15,2.785843275435395e-16,-8.954412716329601e-21,0.0
9.45000000000009e-07,0.0,0.0,4.550323620157787e-15,6.382300886100722e-16,5.028975375765047e-21,0.0
9.55000000000009e-07,0.0,0.0,4.542806298296149e-15,5.979041340581612e-16,-5.941330250569429e-21,0.0
9.650000000000088e-07,0.0,0.0,4.518698439259053e-15,6.062787247613876e-16,5.993548926337662e-21,0.0
9.750000000000085e-07,0.0,0.0,4.515114434280274e-15,6.123136988799503e-16,-5.685352471605171e-21,0.0
9.850000000000081e-07,0.0,0.0,4.505584139695035e-15,6.2075219778647e-16,2.212969875436395e-20,0.0
9.950000000000078e-07,0.0,0.0,4.49314629698319e-15,6.1396583626999e-16,-9.399385144196359e-20,0.0
1.000000179577629e-06,0.0,8.97888146839331e-06,1.521062456151928e-08,2.440205047175085e-08,1.611462892383446e-07,0.0
1.00000467847058e-06,0.0,0.0002339235289885255,7.291769117832655e-07,2.767471385428002e-06,1.757251446420137e-06,0.0
1.000019735901396e-06,0.0,0.0009867950697926866,3.396892037771067e-06,1.716223396846027e-05,2.012883577691142e-06,0.0
1.000265636842899e-06,0.0,0.01328184214495478,4.678707806333029e-05,0.0002565089722385504,2.007358754317806e-06,0.0
1.003401985730524e-06,0.0,0.1700992865261856,0.0005952527664137218,0.003285624711866769,1.943792277892679e-06,0.0
1.007277965127849e-06,0.0,0.3638982563924368,0.001260055669556792,0.006967077189124806,1.880841404367077e-06,0.0
1.012222897558057e-06,0.0,0.6111448779028429,0.002093187168685339,0.01159164399236334,1.82232701040524e-06,0.0
1.019185411756127e-06,0.0,0.9592705878063554,0.003250307792946138,0.01802459737228561,1.764127305682612e-06,0.0
1.028721461200268e-06,0.0,1.436073060013424,0.004819865297418388,0.02675585546261706,1.708920024351231e-06,0.0
1.038721461200268e-06,0.0,1.936073060013408,0.006456545277965069,0.03585786274620091,1.667291359776806e-06,0.0
1.048721461200268e-06,0.0,2.436073060013392,0.008088800155264496,0.0449273816114921,1.635559905362001e-06,0.0
1.058721461200268e-06,0.0,2.936073060013377,0.00971924659745159,0.0539761311493448,1.610075227065798e-06,0.0
1.068721461200267e-06,0.0,3.43607306001336,0.01134940097501066,0.06301085212892436,1.589088809177643e-06,0.0
1.078721461200267e-06,0.0,3.936073060013345,0.01298021309381628,0.07203576236234789,1.571230962336161e-06,0.0
1.088721461200267e-06,0.0,4.436073060013329,0.01461229325012823,0.0810535383243519,1.555907580839496e-06,0.0
1.098360730600133e-06,0.0,4.918036530006669,0.01618704011121744,0.08974055907170177,1.54287355436284e-06,0.0
1.100016597781517e-06,0.0,5.0,0.01645499402997161,0.09121872746702565,8.60630886015401e-09,0.0
1.100226744115786e-06,0.0,5.0,0.01645498619958206,0.09121867328183612,-4.527312712221399e-10,0.0
1.105480622839947e-06,0.0,5.0,0.01645485244129299,0.09121702483169634,5.521957503751285e-10,0.0
1.115480622839946e-06,0.0,5.0,0.01645459855685314,0.09121389841611356,-3.673814462368252e-10,0.0
1.125480622839946e-06,0.0,5.0,0.01645434434269338,0.09121076728987204,5.169855156472725e-10,0.0
1.135480622839946e-06,0.0,5.0,0.01645409074873161,0.09120764447461661,-3.328788410195127e-10,0.0
1.145480622839945e-06,0.0,5.0,0.01645383677994778,0.09120451711283298,4.83007113333267e-10,0.0
1.155480622839945e-06,0.0,5.0,0.01645358347490156,0.09120139788989412,-2.995870539146406e-10,0.0
1.165480622839945e-06,0.0,5.0,0.01645332975086307,0.09119827427728537,4.502189411559332e-10,0.0
1.175480622839944e-06,0.0,5.0,0.01645307673312317,0.09119515864139646,-2.674648734435348e-10,0.0
1.185480622839944e-06,0.0,5.0,0.01645282325508461,0.09119203877117768,4.185806225243116e-10,0.0
1.195480622839944e-06,0.0,5.0,0.01645257052273861,0.0911889267137255,-2.364726868486766e-10,0.0
1.205480622839943e-06,0.0,5.0,0.01645231729043686,0.09118581057205052,3.880530420607986e-10,0.0
1.215480622839943e-06,0.0,5.0,0.01645206484216217,0.09118270209109014,-2.065723379851558e-10,0.0
1.225480622839943e-06,0.0,5.0,0.01645181185567905,0.09117958966537267,3.585989673260404e-10,0.0
1.235480622839943e-06,0.0,5.0,0.01645155969069354,0.09117648474468712,-1.777269674485549e-10,0.0
1.245480622839942e-06,0.0,5.0,0.01645130695030317,0.09117337602426355,3.301818231327136e-10,0.0
1.255480622839942e-06,0.0,5.0,0.01645105506709177,0.09117027466280098,-1.499006395400126e-10,0.0
1.265480622839942e-06,0.0,5.0,0.01645080257325432,0.09116716964038651,3.027664909061034e-10,0.0
1.275480622839941e-06,0.0,5.0,0.01645055097023005,0.09116407182750956,-1.230588396461396e-10,0.0
1.285480622839941e-06,0.0,5.0,0.01645029872244811,0.09116097048699061,2.763190599941457e-10,0.0
1.295480622839941e-06,0.0,5.0,0.01645004739775369,0.09115787621804548,-9.716842094831257e-11,0.0
1.30548062283994e-06,0.0,5.0,0.01644979539583445,0.09115477855016826,2.508068987217005e-10,0.0
1.31548062283994e-06,0.0,5.0,0.01644954434896523,0.09115168781675867,-7.219691164350728e-11,0.0
1.32548062283994e-06,0.0,5.0,0.01644929259382784,0.09114859380893578,2.261981747742059e-10,0.0
1.335480622839939e-06,0.0,5.0,0.01644904182328991,0.0911455066037493,-4.811342088628656e-11,0.0
1.345480622839939e-06,0.0,5.0,0.01644879031429878,0.09114241624517931,2.024622637597506e-10,0.0
1.355480622839939e-06,0.0,5.0,0.01644853981872965,0.09113933255952629,-2.488767955610705e-11,0.0
1.365480622839939e-06,0.0,5.0,0.01644828855649126,0.09113624584096906,1.795696603912322e-10,0.0
1.375480622839938e-06,0.0,5.0,0.016448038334253,0.09113316567131573,-2.490590927939351e-12,0.0
1.385480622839938e-06,0.0,5.0,0.01644778731846798,0.0911300825823573,1.574918008506732e-10,0.0
1.395480622839938e-06,0.0,5.0,0.01644753736928193,0.09112700592198586,1.910568050988992e-11,0.0
1.405480622839937e-06,0.0,5.0,0.01644728659935732,0.09112392645449456,1.362010983163575e-10,0.0
1.415480622839937e-06,0.0,5.0,0.01644703692129559,0.09112085329501346,3.992854394341272e-11,0.0
1.425480622839937e-06,0.0,5.0,0.01644678639817102,0.09111777743555383,1.156707475635788e-10,0.0
1.435480622839936e-06,0.0,5.0,0.01644653699005829,0.0911147077710871,6.000400523675786e-11,0.0
1.445480622839936e-06,0.0,5.0,0.01644628671354752,0.09111163550909283,9.587500918173398e-11,0.0
1.455480622839936e-06,0.0,5.0,0.01644603757509375,0.09110856933121153,7.93576616919811e-11,0.0
1.465480622839935e-06,0.0,5.0,0.01644578754465504,0.0911055006572172,7.678908522934514e-11,0.0
1.475480622839935e-06,0.0,5.0,0.0164455386740245,0.09110243795611371,9.80136895256667e-11,0.0
1.485480622839935e-06,0.0,5.0,0.01644528888952506,0.09109937286095933,5.838887054410158e-11,0.0
1.495480622839935e-06,0.0,5.0,0.016445040285135,0.09109631362906918,1.159959629737362e-10,0.0
1.505480622839934e-06,0.0,5.0,0.01644479074693219,0.09109325209864085,4.065105932427038e-11,0.0
1.515480622839934e-06,0.0,5.0,0.01644454240887835,0.09109019632917988,1.333272194037338e-10,0.0
1.525480622839934e-06,0.0,5.0,0.01644429311713903,0.09108713835635059,2.355321618296991e-11,0.0
1.535480622839933e-06,0.0,5.0,0.01644404504363504,0.09108408604291991,1.500297165668574e-10,0.0
1.545480622839933e-06,0.0,5.0,0.01644379599712787,0.0910810316141296,7.07372285746466e-12,0.0
1.555480622839933e-06,0.0,5.0,0.01644354818700029,0.09107798274875994,1.661245220552221e-10,0.0
1.565480622839932e-06,0.0,5.0,0.0164432993860076,0.09107493185827886,-8.808648116476192e-12,0.0
1.575480622839932e-06,0.0,5.0,0.0164430518383157,0.09107188643181414,1.816325435888277e-10,0.0
1.585480622839932e-06,0.0,5.0,0.01644280328332249,0.09106883906841429,-2.411393404400108e-11,0.0
1.595480622839931e-06,0.0,5.0,0.01644255599720558,0.09106579708015246,1.965734454378865e-10,0.0
1.605480622839931e-06,0.0,5.0,0.01644230768734567,0.09106275323291728,-3.886171037748021e-11,0.0
1.615480622839931e-06,0.0,5.0,0.01644206066202664,0.09105971467283741,2.109666431826529e-10,0.0
1.625480622839931e-06,0.0,5.0,0.01644181259752436,0.09105667433683397,-5.307107295293712e-11,0.0
1.63548062283993e-06,0.0,5.0,0.01644156583148033,0.09105363919539802,2.248306819885304e-10,0.0
1.64548062283993e-06,0.0,5.0,0.01644131801244499,0.09105060236319841,-6.676015837370208e-11,0.0
1.65548062283993e-06,0.0,5.0,0.01644107150492093,0.09104757063425484,2.381835563503021e-10,0.0
1.665480622839929e-06,0.0,5.0,0.01644082392998475,0.09104453728895934,-7.994665915389554e-11,0.0
1.675480622839929e-06,0.0,5.0,0.01644057768021032,0.09104150896375103,2.510425146928785e-10,0.0
1.685480622839929e-06,0.0,5.0,0.01644033035036623,0.09103847909541046,-9.264769937344931e-11,0.0
1.695480622839928e-06,0.0,5.0,0.01644008435726708,0.09103545416591027,2.634244501698024e-10,0.0
1.705480622839928e-06,0.0,5.0,0.01643983727185769,0.0910324277678362,-1.048797458602646e-10,0.0
1.715480622839928e-06,0.0,5.0,0.01643959153436731,0.09102940623047162,2.753455453918807e-10,0.0
1.725480622839927e-06,0.0,5.0,0.01643934469300529,0.09102638329617575,-1.166586081902121e-10,0.0
1.735480622839927e-06,0.0,5.0,0.01643909921067218,0.09102336513951075,2.868214678264369e-10,0.0
1.745480622839927e-06,0.0,5.0,0.01643885261343714,0.09102034565306337,-1.279998650127734e-10,0.0
1.755480622839927e-06,0.0,5.0,0.01643860738433336,0.09101733087100512,2.978673697973111e-10,0.0
1.765480622839926e-06,0.0,5.0,0.01643836103015221,0.09101431482342011,-1.389182067990102e-10,0.0
1.775480622839926e-06,0.0,5.0,0.01643811605435962,0.09101130340912966,3.084978351941547e-10,0.0
1.785480622839926e-06,0.0,5.0,0.01643786994363646,0.09100829079663468,-1.494283240199845e-10,0.0
1.795480622839925e-06,0.0,5.0,0.01643762522015257,0.09100528274369613,3.187270926352514e-10,0.0
1.805480622839925e-06,0.0,5.0,0.01643737935276805,0.09100227355224716,-1.595438058055176e-10,0.0
1.815480622839925e-06,0.0,5.0,0.01643713488038129,0.09099926884976013,3.285686069054439e-10,0.0
1.825480622839924e-06,0.0,5.0,0.01643688925625247,0.090996263072662,-1.692782057582942e-10,0.0
1.835480622839924e-06,0.0,5.0,0.01643664503411991,0.09099326171778817,3.380357362081643e-10,0.0
1.845480622839924e-06,0.0,5.0,0.01643639965262327,0.09099025935128413,-1.786444557561051e-10,0.0
1.855480622839923e-06,0.0,5.0,0.0164361556799794,0.09098726132853655,3.471410926769725e-10,0.0
1.865480622839923e-06,0.0,5.0,0.01643591054054304,0.09098426235208784,-1.876549192425525e-10,0.0
1.875480622839923e-06,0.0,5.0,0.01643566681662577,0.09098126766246853,3.558970042283338e-10,0.0
1.885480622839923e-06,0.0,5.0,0.01643542191932455,0.09097827207605882,-1.963219596612387e-10,0.0
1.895480622839922e-06,0.0,5.0,0.01643517844317201,0.0909752807096167,3.643155323251879e-10,0.0
1.905480622839922e-06,0.0,5.0,0.01643493378764817,0.09097228849925781,-2.046571943858933e-10,0.0
1.915480622839922e-06,0.0,5.0,0.01643469055874129,0.09096930044849781,3.724080278877384e-10,0.0
1.925480622839923e-06,0.0,5.0,0.0164344461446597,0.09096631160708164,-2.126718855188781e-10,0.0
1.935480622839924e-06,0.0,5.0,0.01643420316215969,0.09096332686469634,3.801856642005053e-10,0.0
1.945480622839925e-06,0.0,5.0,0.01643395898934844,0.09096034138210572,-2.203769931818922e-10,0.0
1.955480622839925e-06,0.0,5.0,0.01643371625215471,0.09095735993900829,3.876590461138197e-10,0.0
1.965480622839926e-06,0.0,5.0,0.01643347231933071,0.09095437780713417,-2.277829978802881e-10,0.0
1.975480622839927e-06,0.0,5.0,0.01643322982744913,0.09095139966065928,3.948387607144443e-10,0.0
1.985480622839928e-06,0.0,5.0,0.01643298613545575,0.09094842087289645,-2.349001491930291e-10,0.0
1.995480622839928e-06,0.0,5.0,0.01643274388721348,0.09094544600638056,4.017345602014277e-10,0.0
2.005480622839929e-06,0.0,5.0,0.01643250043576614,0.09094247055328358,-2.417382703734372e-10,0.0
2.01548062283993e-06,0.0,5.0,0.01643225843075613,0.09093949896474429,4.083563566459336e-10,0.0
2.025480622839931e-06,0.0,5.0,0.01643201521846293,0.09093652683913926,-2.48306864930603e-10,0.0
2.035480622839931e-06,0.0,5.0,0.01643177345584871,0.09093355852441673,4.147134403942321e-10,0.0
2.045480622839932e-06,0.0,5.0,0.0164315304833912,0.09093058971412886,-2.546152232107968e-10,0.0
2.055480622839933e-06,0.0,5.0,0.0164312889624301,0.090927624666078,4.208147642847937e-10,0.0
2.065480622839934e-06,0.0,5.0,0.01643104622871638,0.09092465916415665,-2.606721381803734e-10,0.0
2.075480622839934e-06,0.0,5.0,0.01643080494873589,0.09092169737302924,4.266691390475419e-10,0.0
2.085480622839935e-06,0.0,5.0,0.01643056245387544,0.09091873517364638,-2.664861896428672e-10,0.0
2.095480622839936e-06,0.0,5.0,0.01643032141369716,0.09091577663205822,4.322850734317374e-10,0.0
2.105480622839937e-06,0.0,5.0,0.01643007915706938,0.09091281772030747,-2.720657442389918e-10,0.0
2.115480622839937e-06,0.0,5.0,0.01642983835628107,0.09090986241587494,4.376705077524523e-10,0.0
2.125480622839938e-06,0.0,5.0,0.01642959633765082,0.09090690679063214,-2.774186889931141e-10,0.0
2.135480622839939e-06,0.0,5.0,0.01642935577663054,0.09090395472274726,4.428334178518956e-10,0.0
2.14548062283994e-06,0.0,5.0,0.01642911399586815,0.09090100237156094,-2.825529286931694e-10,0.0
2.15548062283994e-06,0.0,5.0,0.0164288736728624,0.09089805352867891,4.477815308823185e-10,0.0
2.165480622839941e-06,0.0,5.0,0.01642863212944159,0.09089510444654583,-2.874757819293361e-10,0.0
2.175480622839942e-06,0.0,5.0,0.01642839204406283,0.09089215882885776,4.525220233253524e-10,0.0
2.185480622839943e-06,0.0,5.0,0.01642815073767543,0.09088921300381222,-2.921945672917925e-10,0.0
2.195480622839943e-06,0.0,5.0,0.01642791088814206,0.09088627059925505,4.570622315347439e-10,0.0
2.205480622839944e-06,0.0,5.0,0.0164276698184801,0.09088332802170773,-2.967162125722123e-10,0.0
2.215480622839945e-06,0.0,5.0,0.01642743020590494,0.09088038882131054,4.614086569765252e-10,0.0
2.225480622839946e-06,0.0,5.0,0.016427189371624,0.09087744948727938,-3.010475922715639e-10,0.0
2.235480622839946e-06,0.0,5.0,0.01642694999449892,0.09087451348337196,4.655682984966436e-10,0.0
2.245480622839947e-06,0.0,5.0,0.01642670939656866,0.09087157738470018,-3.051951190380376e-10,0.0
2.255480622839948e-06,0.0,5.0,0.01642647025381364,0.09086864457578117,4.695473911076053e-10,0.0
2.265480622839949e-06,0.0,5.0,0.01642622989049466,0.09086571170294405,-3.09165045647708e-10,0.0
2.275480622839949e-06,0.0,5.0,0.01642599098103984,0.09086278207532213,4.733520987676431e-10,0.0
2.28548062283995e-06,0.0,5.0,0.01642575085260015,0.09085985242222486,-3.129635893495131e-10,0.0
2.295480622839951e-06,0.0,5.0,0.01642551217744724,0.09085692597794925,4.769884788535794e-10,0.0
2.305480622839952e-06,0.0,5.0,0.0164252722836656,0.0908539995378667,-3.165966298845912e-10,0.0
2.315480622839953e-06,0.0,5.0,0.01642503384131462,0.09085107626472713,4.804623222887105e-10,0.0
2.325480622839953e-06,0.0,5.0,0.01642479418175133,0.09084815302663872,-3.200697094862815e-10,0.0
2.335480622839954e-06,0.0,5.0,0.01642455597162855,0.0908452329187376,4.837791180156703e-10,0.0
2.345480622839955e-06,0.0,5.0,0.01642431654604053,0.09084231287540924,-3.233884592057645e-10,0.0
2.355480622839956e-06,0.0,5.0,0.01642407856682646,0.09083939592093762,4.869443549770924e-10,0.0
2.365480622839956e-06,0.0,5.0,0.01642383937472437,0.09083647906522899,-3.265580482414432e-10,0.0
2.375480622839957e-06,0.0,5.0,0.01642360162707197,0.0908335652622943,4.899631313171061e-10,0.0
2.385480622839958e-06,0.0,5.0,0.01642336266798072,0.09083065158541914,-3.295837168459937e-10,0.0
2.395480622839959e-06,0.0,5.0,0.01642312515044716,0.09082774092267412,4.928405984705453e-10,0.0
2.405480622839959e-06,0.0,5.0,0.0164228864232969,0.09082483041445297,-3.324704210549978e-10,0.0
2.41548062283996e-06,0.0,5.0,0.01642264913507953,0.09082192289223853,4.95581659182287e-10,0.0
2.425480622839961e-06,0.0,5.0,0.01642241064054937,0.09081901554836024,-3.352227616326698e-10,0.0
2.435480622839962e-06,0.0,5.0,0.01642217358141347,0.09081611114837027,4.981909319801137e-10,0.0
2.445480622839962e-06,0.0,5.0,0.01642193531822395,0.09081320695881773,-3.378456235603178e-10,0.0
2.455480622839963e-06,0.0,5.0,0.01642169848741072,0.09081030568095841,5.006728755196921e-10,0.0
2.465480622839964e-06,0.0,5.0,0.01642146045625471,0.09080740464058575,-3.403431635129462e-10,0.0
2.475480622839965e-06,0.0,5.0,0.01642122385338736,0.0908045064714187,5.030320550380995e-10,0.0
2.485480622839965e-06,0.0,5.0,0.01642098605277958,0.09080160857011649,-3.427200888361792e-10,0.0
2.495480622839966e-06,0.0,5.0,0.01642074967727754,0.09079871350748267,5.052726272103403e-10,0.0
2.5003e-06,0.0,5.0,0.01642063515735995,0.090797318202549,7.968998252949611e-11,0.0
2.50149e-06,0.0,5.0,0.01642060696450399,0.09079697380440148,8.065925163891486e-11,0.0
2.509170000000001e-06,0.0,5.0,0.01642042505603317,0.09079475168616552,8.070977122742739e-11,0.0
2.519170000000002e-06,0.0,5.0,0.01642018829634005,0.09079185967061852,8.062656667306989e-11,0.0
2.529170000000003e-06,0.0,5.0,0.01641995165072484,0.09078896921214002,8.067012294277198e-11,0.0
2.539170000000004e-06,0.0,5.0,0.01641971511910652,0.09078608030736118,8.058910330732693e-11,0.0
2.549170000000004e-06,0.0,5.0,0.0164194787014668,0.0907831929517969,8.06303858402746e-11,0.0
2.559170000000005e-06,0.0,5.0,0.01641924239733495,0.09078030714125719,8.05516044144472e-11,0.0
2.569170000000006e-06,0.0,5.0,0.01641900620669221,0.09077742288344404,8.059093295487153e-11,0.0
2.579170000000007e-06,0.0,5.0,0.01641877012916509,0.09077454016646626,8.051415881227264e-11,0.0
2.589170000000007e-06,0.0,5.0,0.01641853416488399,0.09077165899453127,8.055149783303683e-11,0.0
2.599170000000008e-06,0.0,5.0,0.01641829831346522,0.09076877935651863,8.047673097366648e-11,0.0
2.609170000000009e-06,0.0,5.0,0.01641806257530047,0.09076590126323761,8.051204494763375e-11,0.0
2.61917000000001e-06,0.0,5.0,0.01641782695028589,0.09076302470887967,8.043926760792352e-11,0.0
2.62917000000001e-06,0.0,5.0,0.01641759143754255,0.09076014968812335,8.047289404289337e-11,0.0
2.639170000000011e-06,0.0,5.0,0.01641735603731805,0.09075727620289617,8.040198187786452e-11,0.0
2.649170000000012e-06,0.0,5.0,0.01641712074989882,0.09075440425004912,8.043354773890065e-11,0.0
2.659170000000013e-06,0.0,5.0,0.0164168855747037,0.09075153382989674,8.036460732996353e-11,0.0
2.669170000000013e-06,0.0,5.0,0.01641665051192234,0.0907486649337241,8.03945922334126e-11,0.0
2.679170000000014e-06,0.0,5.0,0.01641641556142562,0.0907457975658521,8.03273748906097e-11,0.0
2.689170000000015e-06,0.0,5.0,0.01641618072268944,0.09074293172271669,8.035558343721938e-11,0.0
2.699170000000016e-06,0.0,5.0,0.01641594599560438,0.09074006740310661,8.02900536334139e-11,0.0
2.709170000000016e-06,0.0,5.0,0.01641571138047383,0.0907372046015741,8.031662793173133e-11,0.0
2.719170000000017e-06,0.0,5.0,0.01641547687729925,0.09073434332349493,8.025282119406008e-11,0.0
2.729170000000018e-06,0.0,5.0,0.01641524248539737,0.09073148356231002,8.027781453479044e-11,0.0
2.739170000000019e-06,0.0,5.0,0.01641500820520565,0.09072862531840513,8.021558875470625e-11,0.0
2.749170000000019e-06,0.0,5.0,0.01641477403644056,0.0907257685891655,8.02391077192599e-11,0.0
2.75917000000002e-06,0.0,5.0,0.01641453997885927,0.0907229133728842,8.017833855178402e-11,0.0
2.769170000000021e-06,0.0,5.0,0.01641430603228771,0.0907200596670347,8.020036537659259e-11,0.0
2.779170000000022e-06,0.0,5.0,0.01641407219660743,0.09071720746909188,8.014123045740895e-11,0.0
2.789170000000022e-06,0.0,5.0,0.01641383847157648,0.09071435677957823,8.016180066960921e-11,0.0
2.799170000000023e-06,0.0,5.0,0.01641360485711268,0.09071150759871233,8.010412236303388e-11,0.0
2.809170000000024e-06,0.0,5.0,0.01641337135334509,0.09070865991915911,8.012330701689941e-11,0.0
2.819170000000025e-06,0.0,5.0,0.01641313795984809,0.09070581374240407,8.006699650509041e-11,0.0
2.829170000000025e-06,0.0,5.0,0.01641290467687586,0.09070296906812121,8.008486665489479e-11,0.0
2.839170000000026e-06,0.0,5.0,0.01641267150421072,0.0907001258950178,8.002994170142052e-11,0.0
2.849170000000027e-06,0.0,5.0,0.01641243844150684,0.09069728421953387,8.004658616500571e-11,0.0
2.859170000000028e-06,0.0,5.0,0.01641220548875789,0.09069444403657372,7.999290466131903e-11,0.0
2.869170000000028e-06,0.0,5.0,0.01641197264632019,0.0906916053450678,8.000827014797985e-11,0.0
2.879170000000029e-06,0.0,5.0,0.01641173991407744,0.090688768153033,7.995588538478594e-11,0.0
2.88917000000003e-06,0.0,5.0,0.01641150729140577,0.09068593245007049,7.99701850573431e-11,0.0
2.899170000000031e-06,0.0,5.0,0.01641127477758766,0.09068309823248966,7.991897268966319e-11,0.0
2.909170000000031e-06,0.0,5.0,0.01641104237337672,0.09068026550319185,7.993208220313797e-11,0.0
2.919170000000032e-06,0.0,5.0,0.01641081007851867,0.09067743425921274,7.988202446740367e-11,0.0
2.929170000000033e-06,0.0,5.0,0.01641057789248524,0.09067460450059998,7.989397934893283e-11,0.0
2.939170000000034e-06,0.0,5.0,0.01641034581561763,0.0906717762238749,7.98452005901229e-11,0.0
2.949170000000034e-06,0.0,5.0,0.01641011384762865,0.0906689494290242,7.985608965754843e-11,0.0
2.959170000000035e-06,0.0,5.0,0.01640988198874028,0.09066612411117797,7.980832342213696e-11,0.0
2.969170000000036e-06,0.0,5.0,0.01640965023900795,0.09066330026890795,7.981821772973242e-11,0.0
2.979170000000037e-06,0.0,5.0,0.01640941859773241,0.09066047790062225,7.977153507199297e-11,0.0
2.989170000000037e-06,0.0,5.0,0.01640918706464202,0.09065765700775336,7.978036356548479e-11,0.0
2.999170000000038e-06,0.0,5.0,0.01640895563976858,0.09065483758706235,7.97347289582806e-11,0.0
3.009170000000039e-06,0.0,5.0,0.01640872432282793,0.09065201964089822,7.974268703692111e-11,0.0
3.01917000000004e-06,0.0,5.0,0.01640849311414594,0.09064920316193163,7.969802942597859e-11,0.0
3.02917000000004e-06,0.0,5.0,0.01640826201321734,0.09064638814720577,7.970502827192583e-11,0.0
3.039170000000041e-06,0.0,5.0,0.01640803102088705,0.09064357460125937,7.966131213010819e-11,0.0
3.049170000000042e-06,0.0,5.0,0.01640780013629607,0.09064076251916753,7.966747608834091e-11,0.0
3.059170000000043e-06,0.0,5.0,0.01640756935935837,0.09063795189693231,7.962468365207975e-11,0.0
3.069170000000043e-06,0.0,5.0,0.01640733868968574,0.09063514273300911,7.962992390475599e-11,0.0
3.079170000000044e-06,0.0,5.0,0.01640710812745291,0.09063233503045863,7.958803741048293e-11,0.0
3.089170000000045e-06,0.0,5.0,0.01640687767279484,0.09062952878361137,7.959251382971821e-11,0.0
3.099170000000046e-06,0.0,5.0,0.01640664732530479,0.09062672399430352,7.955142669602289e-11,0.0
3.109170000000046e-06,0.0,5.0,0.01640641708484319,0.09062392065643118,7.955515704538563e-11,0.0
3.119170000000047e-06,0.0,5.0,0.0164061869512845,0.09062111877210897,7.951502914438358e-11,0.0
3.129170000000048e-06,0.0,5.0,0.01640595692443693,0.09061831833827035,7.951783578818982e-11,0.0
3.139170000000049e-06,0.0,5.0,0.01640572700441977,0.0906155193538757,7.947848948419712e-11,0.0
3.149170000000049e-06,0.0,5.0,0.01640549719149404,0.09061272181732874,7.9480603348836e-11,0.0
3.15917000000005e-06,0.0,5.0,0.01640526748472396,0.09060992572532012,7.944207416898941e-11,0.0
3.169170000000051e-06,0.0,5.0,0.0164050378836459,0.09060713107578688,7.944344196375575e-11,0.0
3.179170000000052e-06,0.0,5.0,0.01640480838971234,0.09060433787228613,7.940562332664491e-11,0.0
3.189170000000052e-06,0.0,5.0,0.01640457900199581,0.09060154610305604,7.940631610581228e-11,0.0
3.199170000000053e-06,0.0,5.0,0.01640434972023433,0.09059875577629731,7.936933235641597e-11,0.0
3.209170000000054e-06,0.0,5.0,0.01640412054419861,0.09059596689058388,7.936933235641597e-11,0.0
3.219170000000055e-06,0.0,5.0,0.01640389147403765,0.0905931794407579,7.933293480477666e-11,0.0
3.229170000000055e-06,0.0,5.0,0.01640366250944794,0.09059039342483784,7.933225978917769e-11,0.0
3.239170000000056e-06,0.0,5.0,0.01640343365109742,0.09058760883736536,7.929671488882129e-11,0.0
3.249170000000057e-06,0.0,5.0,0.0164032048983728,0.09058482568387155,7.929543591189692e-11,0.0
3.259170000000058e-06,0.0,5.0,0.01640297625071099,0.09058204395853449,7.926045944572912e-11,0.0
3.269170000000058e-06,0.0,5.0,0.01640274770824416,0.09057926366313283,7.925855874391096e-11,0.0
3.279170000000059e-06,0.0,5.0,0.01640251927085592,0.090576484794417,7.922429282047893e-11,0.0
3.28917000000006e-06,0.0,5.0,0.01640229093884433,0.09057370734738422,7.922178815733538e-11,0.0
3.299170000000061e-06,0.0,5.0,0.01640206271196268,0.0905709313269231,7.918816172236554e-11,0.0
3.309170000000061e-06,0.0,5.0,0.01640183458968518,0.09056815672541758,7.918510638860177e-11,0.0
3.319170000000062e-06,0.0,5.0,0.01640160657190591,0.09056538354380979,7.915206615138892e-11,0.0
3.329170000000063e-06,0.0,5.0,0.01640137865884428,0.0905626117798877,7.914846014700494e-11,0.0
3.339170000000064e-06,0.0,5.0,0.01640115085073139,0.09055984143473521,7.91160061075491e-11,0.0
3.349170000000064e-06,0.0,5.0,0.01640092314720815,0.09055707250610315,7.911197377752366e-11,0.0
3.359170000000065e-06,0.0,5.0,0.01640069554746929,0.09055430499175295,7.907999935441446e-11,0.0
3.369170000000066e-06,0.0,5.0,0.01640046805214346,0.09055153888742076,7.907529200879004e-11,0.0
3.379170000000067e-06,0.0,5.0,0.01640024066074709,0.09054877419553689,7.90440281284166e-11,0.0
3.389170000000067e-06,0.0,5.0,0.01640001337369792,0.09054601090810659,7.903892998428752e-11,0.0
3.399170000000068e-06,0.0,5.0,0.01639978619064097,0.09054324903196323,7.900814572026071e-11,0.0
3.409170000000069e-06,0.0,5.0,0.01639955911079981,0.0905404885625195,7.900255019621661e-11,0.0
3.41917000000007e-06,0.0,5.0,0.01639933213459942,0.0905377294951574,7.897217449426285e-11,0.0
3.42917000000007e-06,0.0,5.0,0.0163991052625809,0.09053497182992187,7.896624146241926e-11,0.0
3.439170000000071e-06,0.0,5.0,0.01639887849353138,0.09053221556542858,7.893632761324377e-11,0.0
3.449170000000072e-06,0.0,5.0,0.01639865182788803,0.09052946070378906,7.892991496505353e-11,0.0
3.459170000000073e-06,0.0,5.0,0.01639842526516537,0.09052670723402187,7.890064060434021e-11,0.0
3.469170000000073e-06,0.0,5.0,0.01639819880592238,0.09052395516403153,7.889367728552977e-11,0.0
3.479170000000074e-06,0.0,5.0,0.01639797244976429,0.0905212044886315,7.886482925045791e-11,0.0
3.489170000000075e-06,0.0,5.0,0.01639774619674295,0.0905184552074602,7.885758171455315e-11,0.0
3.499170000000076e-06,0.0,5.0,0.01639752004628887,0.0905157073181931,7.882919553225953e-11,0.0
3.509170000000076e-06,0.0,5.0,0.0163972939982911,0.09051296081997642,7.882148614357654e-11,0.0
3.519170000000077e-06,0.0,5.0,0.01639706805340249,0.09051021570852623,7.879345523265081e-11,0.0
3.529170000000078e-06,0.0,5.0,0.01639684221081017,0.09050747198619763,7.878547939044189e-11,0.0
3.539170000000079e-06,0.0,5.0,0.01639661647016853,0.09050472964968617,7.87579103322944e-11,0.0
3.549170000000079e-06,0.0,5.0,0.01639639083204823,0.0905019886965424,7.874947263730725e-11,0.0
3.55917000000008e-06,0.0,5.0,0.01639616529651667,0.09049924912283396,7.872231214123282e-11,0.0
3.569170000000081e-06,0.0,5.0,0.0163959398629362,0.0904965109331959,7.87135014113094e-11,0.0
3.579170000000082e-06,0.0,5.0,0.01639571453089138,0.09049377412638286,7.868683829515e-11,0.0
3.589170000000082e-06,0.0,5.0,0.01639548930090961,0.09049103869679935,7.867772558456388e-11,0.0
3.599170000000083e-06,0.0,5.0,0.01639526417269119,0.09048830464206446,7.865127563122521e-11,0.0
3.609170000000084e-06,0.0,5.0,0.0163950391461112,0.09048557196551205,7.864191423068156e-11,0.0
3.619170000000085e-06,0.0,5.0,0.01639481422069989,0.09048284066095837,7.861597942082632e-11,0.0
3.629170000000085e-06,0.0,5.0,0.01639458939715516,0.09048011073048495,7.860610287679926e-11,0.0
3.639170000000086e-06,0.0,5.0,0.01639436467532717,0.09047738216748132,7.85805233383119e-11,0.0
3.649170000000087e-06,0.0,5.0,0.01639414005417129,0.09047465497584614,7.857052244930608e-11,0.0
3.659170000000088e-06,0.0,5.0,0.01639391553392286,0.09047192915068392,7.854517383720783e-11,0.0
3.669170000000088e-06,0.0,5.0,0.01639369111492811,0.09046920469243157,7.853487096753931e-11,0.0
3.679170000000089e-06,0.0,5.0,0.01639346679704478,0.09046648159899782,7.850984209967216e-11,0.0
3.68917000000009e-06,0.0,5.0,0.01639324257937047,0.09046375987081924,7.849927277647773e-11,0.0
3.699170000000091e-06,0.0,5.0,0.0163930184627916,0.09046103950175015,7.847463470711524e-11,0.0
3.709170000000091e-06,0.0,5.0,0.01639279444735889,0.09045832049394127,7.846372787612133e-11,0.0
3.719170000000092e-06,0.0,5.0,0.01639257053178461,0.09045560284203323,7.843951613240031e-11,0.0
3.729170000000093e-06,0.0,5.0,0.01639234671657885,0.09045288654758737,7.842832508431208e-11,0.0
3.739170000000094e-06,0.0,5.0,0.01639212300200891,0.09045017161306972,7.8404290976275e-11,0.0
3.749170000000094e-06,0.0,5.0,0.01639189938780101,0.09044745803950933,7.839292229250283e-11,0.0
3.759170000000095e-06,0.0,5.0,0.0163916758736945,0.09044474581522076,7.836919016512844e-11,0.0
3.769170000000096e-06,0.0,5.0,0.01639145245947363,0.0904420349420409,7.835759055496716e-11,0.0
3.779170000000097e-06,0.0,5.0,0.01639122914523948,0.09043932542230802,7.833419593539226e-11,0.0
3.789170000000098e-06,0.0,5.0,0.01639100593096646,0.09043661724983638,7.832225881743149e-11,0.0
3.799170000000098e-06,0.0,5.0,0.01639078281605408,0.09043391042568363,7.829904183354053e-11,0.0
3.809170000000099e-06,0.0,5.0,0.01639055980054344,0.09043120494384899,7.8286980370601e-11,0.0
3.819170000000099e-06,0.0,5.0,0.01639033688444159,0.09042850080446951,7.826415418521471e-11,0.0
3.8291700000001e-06,0.0,5.0,0.0163901140679865,0.0904257980057315,7.825179074161249e-11,0.0
3.839170000000101e-06,0.0,5.0,0.01638989135135922,0.09042309655386335,7.82292310097521e-11,0.0
3.849170000000102e-06,0.0,5.0,0.01638966873362935,0.09042039644418429,7.82167787483079e-11,0.0
3.859170000000102e-06,0.0,5.0,0.01638944621456513,0.09041769766881796,7.81942723071527e-11,0.0
3.869170000000103e-06,0.0,5.0,0.01638922379483779,0.0904150002298149,7.818174899143494e-11,0.0
3.879170000000104e-06,0.0,5.0,0.01638900147357424,0.09041230412390537,7.815947347666886e-11,0.0
3.889170000000105e-06,0.0,5.0,0.01638877925093291,0.09040960935264156,7.814666594385678e-11,0.0
3.899170000000105e-06,0.0,5.0,0.01638855712695303,0.0904069159180715,7.812478122759537e-11,0.0
3.909170000000106e-06,0.0,5.0,0.01638833510201758,0.09040422381178037,7.811161842341541e-11,0.0
3.919170000000107e-06,0.0,5.0,0.01638811317528607,0.09040153303751515,7.809003568781669e-11,0.0
3.929170000000108e-06,0.0,5.0,0.01638789134684869,0.09039884359209142,7.807680182936317e-11,0.0
3.939170000000108e-06,0.0,5.0,0.0163876696166711,0.090396155469998,7.805530791160643e-11,0.0
3.949170000000109e-06,0.0,5.0,0.01638744798461453,0.0903934686763562,7.804193194460574e-11,0.0
3.95917000000011e-06,0.0,5.0,0.01638722645074816,0.09039078320352344,7.802061566253294e-11,0.0
3.969170000000111e-06,0.0,5.0,0.0163870050151606,0.09038809905403393,7.800713311412189e-11,0.0
3.979170000000111e-06,0.0,5.0,0.01638678367738292,0.09038541622514433,7.7986083285575e-11,0.0
3.989170000000112e-06,0.0,5.0,0.01638656243754921,0.09038273471980951,7.797233428363804e-11,0.0
3.999170000000113e-06,0.0,5.0,0.01638634129541091,0.0903800545264951,7.795151538148027e-11,0.0
4.009170000000114e-06,0.0,5.0,0.01638612025105683,0.09037737565362482,7.793760650742776e-11,0.0
4.019170000000114e-06,0.0,5.0,0.01638589930363353,0.09037469809679198,7.791692971381714e-11,0.0
4.029170000000115e-06,0.0,5.0,0.01638567845384637,0.09037202185159292,7.790298531262785e-11,0.0
4.039170000000116e-06,0.0,5.0,0.01638545770080115,0.09036934692364176,7.788257497254314e-11,0.0
4.049170000000117e-06,0.0,5.0,0.01638523704580984,0.09036667330104195,7.786843517210151e-11,0.0
4.059170000000117e-06,0.0,5.0,0.01638501648755093,0.0903640009893249,7.784811364985878e-11,0.0
4.069170000000118e-06,0.0,5.0,0.01638479602645854,0.09036132998997845,7.783388503157518e-11,0.0
4.079170000000119e-06,0.0,5.0,0.01638457566223123,0.09035866029577168,7.781375890858477e-11,0.0
4.08917000000012e-06,0.0,5.0,0.01638435539483133,0.09035599190642093,7.779938818175403e-11,0.0
4.09917000000012e-06,0.0,5.0,0.01638413522374852,0.09035332482116586,7.777942193087916e-11,0.0
4.109170000000121e-06,0.0,5.0,0.0163839151497307,0.09035065904155083,7.776496238620645e-11,0.0
4.119170000000122e-06,0.0,5.0,0.01638369517213344,0.09034799456499201,7.774512048031035e-11,0.0
4.129170000000123e-06,0.0,5.0,0.01638347529114886,0.09034533138909526,7.773053659065887e-11,0.0
4.139170000000123e-06,0.0,5.0,0.01638325550602675,0.09034266950801577,7.771096113828868e-11,0.0
4.149170000000124e-06,0.0,5.0,0.0163830358172689,0.09034000892493456,7.769607526797451e-11,0.0
4.159170000000125e-06,0.0,5.0,0.01638281622463173,0.09033734963857779,7.76768373234038e-11,0.0
4.169170000000126e-06,0.0,5.0,0.0163825967280507,0.09033469164608252,7.766184487167927e-11,0.0
4.179170000000126e-06,0.0,5.0,0.01638237732750145,0.09033203494773956,7.764262469067696e-11,0.0
4.189170000000127e-06,0.0,5.0,0.01638215802300756,0.09032937954159709,7.762757894824724e-11,0.0
4.199170000000128e-06,0.0,5.0,0.01638193881365525,0.09032672542457071,7.760848311222368e-11,0.0
4.209170000000129e-06,0.0,5.0,0.01638171970015668,0.09032407259909302,7.759341960622557e-11,0.0
4.219170000000129e-06,0.0,5.0,0.01638150068239853,0.09032142106370038,7.757448364231757e-11,0.0
4.22917000000013e-06,0.0,5.0,0.01638128176024512,0.09031877081151107,7.755934908204587e-11,0.0
4.239170000000131e-06,0.0,5.0,0.01638106293365613,0.09031612184508997,7.754044864527465e-11,0.0
4.249170000000132e-06,0.0,5.0,0.01638084420184175,0.09031347416432828,7.752517197645581e-11,0.0
4.259170000000132e-06,0.0,5.0,0.01638062556587597,0.09031082776140287,7.750644917536853e-11,0.0
4.269170000000133e-06,0.0,5.0,0.01638040702450421,0.09030818264221102,7.74911369794129e-11,0.0
4.279170000000134e-06,0.0,5.0,0.01638018857823532,0.09030553880202469,7.747260957757796e-11,0.0
4.289170000000135e-06,0.0,5.0,0.01637997022690358,0.09030289623928525,7.745720856378035e-11,0.0
4.299170000000135e-06,0.0,5.0,0.01637975197014645,0.09030025495574275,7.74387166890822e-11,0.0
4.309170000000136e-06,0.0,5.0,0.01637953380844168,0.09029761494689331,7.742320909387423e-11,0.0
4.319170000000137e-06,0.0,5.0,0.01637931574067185,0.09029497621117126,7.740489485486002e-11,0.0
4.329170000000138e-06,0.0,5.0,0.01637909776777427,0.09029233874785483,7.738935173251527e-11,0.0
4.339170000000138e-06,0.0,5.0,0.01637887988967468,0.09028970255576507,7.737114407491142e-11,0.0
4.349170000000139e-06,0.0,5.0,0.01637866210571435,0.0902870676365013,7.735547660758791e-11,0.0
4.35917000000014e-06,0.0,5.0,0.01637844441607394,0.09028443398440852,7.733739329496281e-11,0.0
4.369170000000141e-06,0.0,5.0,0.01637822682002778,0.09028180159703064,7.732169030050251e-11,0.0
4.379170000000141e-06,0.0,5.0,0.01637800931829391,0.09027917047391885,7.730371356928778e-11,0.0
4.389170000000142e-06,0.0,5.0,0.01637779191063521,0.09027654062197696,7.728801057482748e-11,0.0
4.399170000000143e-06,0.0,5.0,0.01637757459653193,0.09027391203012482,7.727005160718114e-11,0.0
4.409170000000144e-06,0.0,5.0,0.01637735737692432,0.09027128470031749,7.725422426774209e-11,0.0
4.419170000000144e-06,0.0,5.0,0.01637714025115402,0.09026865862954299,7.723654951719005e-11,0.0
4.429170000000145e-06,0.0,5.0,0.01637692321873337,0.09026603381760885,7.722058006920385e-11,0.0
4.439170000000146e-06,0.0,5.0,0.01637670627962564,0.09026341026846905,7.720290531865182e-11,0.0
4.449170000000147e-06,0.0,5.0,0.01637648943431065,0.09026078797664226,7.7186953634234e-11,0.0
4.459170000000147e-06,0.0,5.0,0.01637627268194709,0.09025816693860396,7.716950981007109e-11,0.0
4.469170000000148e-06,0.0,5.0,0.01637605602266238,0.09025554715511006,7.715345154424291e-11,0.0
4.479170000000149e-06,0.0,5.0,0.01637583945674537,0.09025292862736822,7.713598995651162e-11,0.0
4.48917000000015e-06,0.0,5.0,0.01637562298413259,0.09025031135221677,7.711994945425182e-11,0.0
4.49917000000015e-06,0.0,5.0,0.01637540660407408,0.0902476953230819,7.710257668436249e-11,0.0
4.509170000000151e-06,0.0,5.0,0.01637519031655969,0.09024508054780693,7.708646512782913e-11,0.0
4.519170000000152e-06,0.0,5.0,0.01637497412243724,0.09024246702415278,7.706923446648695e-11,0.0
4.529170000000153e-06,0.0,5.0,0.01637475802067105,0.09023985474521933,7.705312290995359e-11,0.0
4.539170000000153e-06,0.0,5.0,0.01637454201185816,0.09023724371587818,7.703585672147462e-11,0.0
4.549170000000154e-06,0.0,5.0,0.01637432609524476,0.0902346339273016,7.701965634709928e-11,0.0
4.559170000000155e-06,0.0,5.0,0.01637411027146819,0.0902320253812228,7.700255003073586e-11,0.0
4.569170000000156e-06,0.0,5.0,0.01637389453941619,0.0902294180797481,7.698636741992893e-11,0.0
4.579170000000156e-06,0.0,5.0,0.01637367889980091,0.09022681201663718,7.696934992140747e-11,0.0
4.589170000000157e-06,0.0,5.0,0.01637346335222313,0.09022420719154833,7.695307849275857e-11,0.0
4.599170000000158e-06,0.0,5.0,0.01637324789661805,0.0902216036047378,7.693622086635265e-11,0.0
4.609170000000159e-06,0.0,5.0,0.01637303253292013,0.09021900125039159,7.691991391056696e-11,0.0
4.619170000000159e-06,0.0,5.0,0.01637281726115004,0.09021640013499087,7.690307404772945e-11,0.0
4.62917000000016e-06,0.0,5.0,0.01637260208122865,0.09021380025121686,7.68866605105334e-11,0.0
4.639170000000161e-06,0.0,5.0,0.01637238699276336,0.09021120160075419,7.686992722910624e-11,0.0
4.649170000000162e-06,0.0,5.0,0.01637217199636238,0.0902086041785004,7.685351369191018e-11,0.0
4.659170000000162e-06,0.0,5.0,0.01637195709124372,0.09020600798844547,7.683688699189339e-11,0.0
4.669170000000163e-06,0.0,5.0,0.01637174227757112,0.0902034130287297,7.682047345469734e-11,0.0
4.679170000000164e-06,0.0,5.0,0.01637152755508041,0.09020081929616339,7.680386451824895e-11,0.0
4.689170000000165e-06,0.0,5.0,0.01637131292435541,0.0901982267889661,7.678736216321092e-11,0.0
4.699170000000165e-06,0.0,5.0,0.01637109838441515,0.09019563550670814,7.677089533530967e-11,0.0
4.709170000000166e-06,0.0,5.0,0.01637088393590099,0.09019304544745531,7.675449956168201e-11,0.0
4.719170000000167e-06,0.0,5.0,0.01637066957793018,0.09019045661452417,7.67379439159388e-11,0.0
4.729170000000168e-06,0.0,5.0,0.01637045531126514,0.09018786899754896,7.672144156090077e-11,0.0
4.739170000000168e-06,0.0,5.0,0.01637024113518829,0.09018528260193948,7.67050813144099e-11,0.0
4.749170000000169e-06,0.0,5.0,0.01637002704997395,0.09018269742340862,7.668854343223507e-11,0.0
4.75917000000017e-06,0.0,5.0,0.0163698130548894,0.09018011346202488,7.667227200358618e-11,0.0
4.769170000000171e-06,0.0,5.0,0.01636959915129849,0.09017753071816526,7.665569859427457e-11,0.0
4.779170000000171e-06,0.0,5.0,0.01636938533745103,0.09017494919049776,7.663948045633085e-11,0.0
4.789170000000172e-06,0.0,5.0,0.01636917161399834,0.0901723688712239,7.662285375631406e-11,0.0
4.799170000000173e-06,0.0,5.0,0.0163689579806669,0.09016978976841364,7.66067066726439e-11,0.0
4.809170000000174e-06,0.0,5.0,0.01636874443810976,0.09016721187444363,7.659013326333231e-11,0.0
4.819170000000174e-06,0.0,5.0,0.01636853098531802,0.09016463519171423,7.657398617966216e-11,0.0
4.829170000000175e-06,0.0,5.0,0.01636831762311242,0.09016205971735775,7.655741277035055e-11,0.0
4.839170000000176e-06,0.0,5.0,0.01636810435051991,0.09015948545014528,7.654133674095398e-11,0.0
4.849170000000177e-06,0.0,5.0,0.01636789116755723,0.09015691239038985,7.652476333164238e-11,0.0
4.859170000000177e-06,0.0,5.0,0.01636767807452489,0.09015434053815764,7.65087050658142e-11,0.0
4.869170000000178e-06,0.0,5.0,0.01636746507135885,0.09015176988980705,7.649204283866063e-11,0.0
4.879170000000179e-06,0.0,5.0,0.01636725215800153,0.09014920044100087,7.647609115424281e-11,0.0
4.88917000000018e-06,0.0,5.0,0.01636703933366256,0.09014663219572566,7.645948221779442e-11,0.0
4.89917000000018e-06,0.0,5.0,0.01636682659881653,0.09014406514788771,7.64435305333766e-11,0.0
4.909170000000181e-06,0.0,5.0,0.01636661395290631,0.090141499299296,7.642697488763339e-11,0.0
4.919170000000182e-06,0.0,5.0,0.01636640139657439,0.09013893465015418,7.641112978462594e-11,0.0
4.929170000000183e-06,0.0,5.0,0.01636618892929338,0.0901363711962777,7.639446755747237e-11,0.0
4.939170000000183e-06,0.0,5.0,0.01636597655100187,0.09013380893294158,7.637862245446492e-11,0.0
4.949170000000184e-06,0.0,5.0,0.01636576426179906,0.09013124786525616,7.636201351801652e-11,0.0
4.959170000000185e-06,0.0,5.0,0.01636555206132207,0.0901286879894397,7.634629275998783e-11,0.0
4.969170000000186e-06,0.0,5.0,0.01636533994993318,0.09012612930929714,7.632955947856068e-11,0.0
4.979170000000186e-06,0.0,5.0,0.01636512792748343,0.09012357181931467,7.631390977480557e-11,0.0
4.989170000000187e-06,0.0,5.0,0.01636491599330495,0.09012101551233144,7.629721202051521e-11,0.0
4.999170000000188e-06,0.0,5.0,0.01636470414832748,0.09011846039572537,7.62815623167601e-11,0.0
5.009170000000189e-06,0.0,5.0,0.0163644923910569,0.09011590646478448,7.626486456246973e-11,0.0
5.019170000000189e-06,0.0,5.0,0.01636428072260182,0.09011335372040119,7.624933920369336e-11,0.0
5.02917000000019e-06,0.0,5.0,0.01636406914224134,0.0901108021613614,7.623264144940301e-11,0.0
5.039170000000191e-06,0.0,5.0,0.01636385765029961,0.09010825178386248,7.621709832705826e-11,0.0
5.049170000000192e-06,0.0,5.0,0.01636364624620639,0.09010570258993715,7.620043609990468e-11,0.0
5.059170000000192e-06,0.0,5.0,0.01636343493032205,0.09010315457573922,7.618485745042314e-11,0.0
5.069170000000193e-06,0.0,5.0,0.01636322370294161,0.09010060773966576,7.616823075040635e-11,0.0
5.079170000000194e-06,0.0,5.0,0.01636301256308815,0.09009806208216377,7.615279420947196e-11,0.0
5.089170000000195e-06,0.0,5.0,0.01636280151101932,0.09009551759922081,7.613602540090803e-11,0.0
5.099170000000195e-06,0.0,5.0,0.01636259054640972,0.09009297429423514,7.612065991424722e-11,0.0
5.109170000000196e-06,0.0,5.0,0.0163623796697952,0.09009043216377258,7.610399768709363e-11,0.0
5.119170000000197e-06,0.0,5.0,0.01636216888039727,0.0900878912081661,7.608859667329604e-11,0.0
5.129170000000198e-06,0.0,5.0,0.01636195817845819,0.09008535142412458,7.607186339186889e-11,0.0
5.139170000000199e-06,0.0,5.0,0.0163617475645588,0.09008281281186702,7.605662225018683e-11,0.0
5.149170000000199e-06,0.0,5.0,0.01636153703760181,0.0900802753708453,7.603987120519129e-11,0.0
5.1591700000002e-06,0.0,5.0,0.01636132659860505,0.09007773909811864,7.602463006350923e-11,0.0
5.169170000000201e-06,0.0,5.0,0.0163611162457071,0.09007520399323517,7.600789678208208e-11,0.0
5.179170000000202e-06,0.0,5.0,0.0163609059801767,0.09007267005455424,7.599265564040003e-11,0.0
5.189170000000202e-06,0.0,5.0,0.01636069580159245,0.09007013728146307,7.597595788610967e-11,0.0
5.199170000000203e-06,0.0,5.0,0.01636048571001016,0.09006760567175862,7.596068121729082e-11,0.0
5.209170000000204e-06,0.0,5.0,0.01636027570529913,0.09006507522560218,7.594401899013725e-11,0.0
5.219170000000205e-06,0.0,5.0,0.01636006578731133,0.09006254594298191,7.592891995700235e-11,0.0
5.229170000000205e-06,0.0,5.0,0.01635985595588071,0.09006001781917382,7.59121866755752e-11,0.0
5.239170000000206e-06,0.0,5.0,0.01635964621130222,0.09005749085387042,7.589715869671388e-11,0.0
5.249170000000207e-06,0.0,5.0,0.01635943655291277,0.09005496504704995,7.58804964695603e-11,0.0
5.259170000000208e-06,0.0,5.0,0.01635922698095155,0.09005244040132483,7.586529085501503e-11,0.0
5.269170000000208e-06,0.0,5.0,0.01635901749556121,0.09004991690856602,7.584864639142985e-11,0.0
5.279170000000209e-06,0.0,5.0,0.01635880809679293,0.09004739456960115,7.58336894668421e-11,0.0
5.28917000000021e-06,0.0,5.0,0.01635859878341251,0.09004487338546886,7.581693842184656e-11,0.0
5.299170000000211e-06,0.0,5.0,0.01635838955616309,0.09004235335484934,7.580198149725881e-11,0.0
5.309170000000211e-06,0.0,5.0,0.01635818041480947,0.09003983447684442,7.578533703367363e-11,0.0
5.319170000000212e-06,0.0,5.0,0.01635797135975083,0.09003731675512686,7.57703268183807e-11,0.0
5.329170000000213e-06,0.0,5.0,0.01635776239085708,0.090034800181392,7.575370011836391e-11,0.0
5.339170000000214e-06,0.0,5.0,0.01635755350734762,0.0900322847496827,7.573877872091295e-11,0.0
5.349170000000214e-06,0.0,5.0,0.01635734470951248,0.09002977047077965,7.572197438521222e-11,0.0
5.359170000000215e-06,0.0,5.0,0.01635713599774444,0.0900272573343885,7.57072306234452e-11,0.0
5.369170000000216e-06,0.0,5.0,0.01635692737125592,0.09002474534265499,7.569047957844966e-11,0.0
5.379170000000217e-06,0.0,5.0,0.01635671883044757,0.09002223449571742,7.567561147170388e-11,0.0
5.389170000000217e-06,0.0,5.0,0.01635651037472656,0.09001972478982653,7.565902029882387e-11,0.0
5.399170000000218e-06,0.0,5.0,0.01635630200426708,0.09001721622405642,7.564418771921488e-11,0.0
5.409170000000219e-06,0.0,5.0,0.01635609371912399,0.09001470880053494,7.56275610191981e-11,0.0
5.41917000000022e-06,0.0,5.0,0.01635588551918092,0.09001220251397703,7.561271067602071e-11,0.0
5.42917000000022e-06,0.0,5.0,0.01635567740379137,0.09000969736455075,7.559606621243554e-11,0.0
5.439170000000221e-06,0.0,5.0,0.01635546937389749,0.09000719335521301,7.558142903207887e-11,0.0
5.449170000000222e-06,0.0,5.0,0.01635526142895219,0.09000469047864677,7.556473127778852e-11,0.0
5.459170000000223e-06,0.0,5.0,0.0163550535689851,0.090002188739429,7.555004080672667e-11,0.0
5.469170000000223e-06,0.0,5.0,0.01635484579317933,0.08999968812975989,7.55333963431415e-11,0.0
5.479170000000224e-06,0.0,5.0,0.01635463810215187,0.08999718865205358,7.551868810851125e-11,0.0
5.489170000000225e-06,0.0,5.0,0.0163544304959281,0.08999469030450129,7.550207917206286e-11,0.0
5.499170000000226e-06,0.0,5.0,0.01635422297406012,0.08999219309133269,7.548744199170621e-11,0.0
5.509170000000226e-06,0.0,5.0,0.01635401553628299,0.08998969700151027,7.54708685823946e-11,0.0
5.519170000000227e-06,0.0,5.0,0.0163538081832354,0.08998720204273764,7.545621363846955e-11,0.0
5.529170000000228e-06,0.0,5.0,0.01635360091419734,0.08998470820969881,7.543965799272634e-11,0.0
5.539170000000229e-06,0.0,5.0,0.0163533937295146,0.08998221550182153,7.542503857593808e-11,0.0
5.549170000000229e-06,0.0,5.0,0.01635318662877487,0.08997972392141422,7.54084118759213e-11,0.0
5.55917000000023e-06,0.0,5.0,0.01635297961202611,0.08997723346354694,7.539382798626982e-11,0.0
5.569170000000231e-06,0.0,5.0,0.01635277267909639,0.08997474412498789,7.53772723405266e-11,0.0
5.579170000000232e-06,0.0,5.0,0.01635256583048478,0.08997225590329155,7.536272397801192e-11,0.0
5.589170000000232e-06,0.0,5.0,0.01635235906537614,0.08996976880238682,7.534620385940549e-11,0.0
5.599170000000233e-06,0.0,5.0,0.01635215238428541,0.0899672828224416,7.53316910240276e-11,0.0
5.609170000000234e-06,0.0,5.0,0.01635194578677648,0.08996479795937092,7.531517090542117e-11,0.0
5.619170000000235e-06,0.0,5.0,0.01635173927250344,0.08996231421319835,7.530071136074845e-11,0.0
5.629170000000235e-06,0.0,5.0,0.01635153284186413,0.08995983157957925,7.528413795143685e-11,0.0
5.639170000000236e-06,0.0,5.0,0.01635132649455265,0.0899573500640389,7.526967840676412e-11,0.0
5.649170000000237e-06,0.0,5.0,0.01635112023040109,0.08995486965987928,7.525312276102091e-11,0.0
5.659170000000238e-06,0.0,5.0,0.01635091405000626,0.08995239037089908,7.52386632163482e-11,0.0
5.669170000000238e-06,0.0,5.0,0.01635070795248513,0.08994991219030844,7.522224967915214e-11,0.0
5.679170000000239e-06,0.0,5.0,0.01635050193760802,0.08994743512220982,7.52078434251846e-11,0.0
5.68917000000024e-06,0.0,5.0,0.01635029600626575,0.08994495916275926,7.5191270015873e-11,0.0
5.699170000000241e-06,0.0,5.0,0.0163500901579665,0.08994248430978496,7.517689928904226e-11,0.0
5.709170000000241e-06,0.0,5.0,0.01634988439263014,0.08994001056481642,7.51604857518462e-11,0.0
5.719170000000242e-06,0.0,5.0,0.01634967870972738,0.08993753792591706,7.514615055215224e-11,0.0
5.729170000000243e-06,0.0,5.0,0.01634947310977867,0.08993506639291346,7.51296659606826e-11,0.0
5.739170000000244e-06,0.0,5.0,0.01634926759204516,0.08993259596177913,7.511538405169383e-11,0.0
5.749170000000244e-06,0.0,5.0,0.01634906215729599,0.08993012663144011,7.50988816966558e-11,0.0
5.759170000000245e-06,0.0,5.0,0.01634885680471418,0.08992765840321584,7.508458202409862e-11,0.0
5.769170000000246e-06,0.0,5.0,0.0163486515347336,0.08992519127456461,7.506823954117615e-11,0.0
5.779170000000247e-06,0.0,5.0,0.01634844634719705,0.08992272524511966,7.505393986861897e-11,0.0
5.789170000000247e-06,0.0,5.0,0.01634824124179998,0.08992026031479862,7.503745527714934e-11,0.0
5.799170000000248e-06,0.0,5.0,0.01634803621867235,0.08991779648099582,7.502315560459216e-11,0.0
5.809170000000249e-06,0.0,5.0,0.01634783127765659,0.08991533374362977,7.500684864880647e-11,0.0
5.81917000000025e-06,0.0,5.0,0.01634762641914068,0.0899128720985905,7.499258450338608e-11,0.0
5.82917000000025e-06,0.0,5.0,0.01634742164209921,0.08991041155098618,7.497620649332681e-11,0.0
5.839170000000251e-06,0.0,5.0,0.01634721694682218,0.08990795209406457,7.49620311657484e-11,0.0
5.849170000000252e-06,0.0,5.0,0.01634701233353102,0.08990549373148907,7.494567091925753e-11,0.0
5.859170000000253e-06,0.0,5.0,0.01634680780186081,0.08990303645864357,7.493147782811071e-11,0.0
5.869170000000253e-06,0.0,5.0,0.01634660335161982,0.08990058027514622,7.491508205448306e-11,0.0
5.879170000000254e-06,0.0,5.0,0.01634639898328244,0.08989812517954408,7.490096001760982e-11,0.0
5.889170000000255e-06,0.0,5.0,0.01634619469687394,0.08989567117246412,7.488454648041376e-11,0.0
5.899170000000256e-06,0.0,5.0,0.01634599049162509,0.08989321825142714,7.487054878851929e-11,0.0
5.909170000000256e-06,0.0,5.0,0.01634578636766647,0.08989076641676491,7.485415301489162e-11,0.0
5.919170000000257e-06,0.0,5.0,0.01634558232517758,0.08988831566407457,7.483995992374482e-11,0.0
5.929170000000258e-06,0.0,5.0,0.01634537836355192,0.08988586599289632,7.48236884950959e-11,0.0
5.939170000000259e-06,0.0,5.0,0.01634517448342061,0.08988341740455673,7.480965527606465e-11,0.0
5.949170000000259e-06,0.0,5.0,0.01634497068435203,0.08988096989739272,7.479333055671056e-11,0.0
5.95917000000026e-06,0.0,5.0,0.01634476696583443,0.08987852346862427,7.47792795741109e-11,0.0
5.969170000000261e-06,0.0,5.0,0.01634456332853979,0.08987607812097967,7.47630259090304e-11,0.0
5.979170000000262e-06,0.0,5.0,0.01634435977182144,0.08987363385114802,7.474897492643073e-11,0.0
5.989170000000262e-06,0.0,5.0,0.01634415629613147,0.08987119065701157,7.473273902491862e-11,0.0
5.999170000000263e-06,0.0,5.0,0.0163439529014486,0.08986874854206366,7.471870580588735e-11,0.0
6.009170000000264e-06,0.0,5.0,0.01634374958732497,0.08986630750187342,7.470246990437523e-11,0.0
6.019170000000265e-06,0.0,5.0,0.01634354635370239,0.0898638675347981,7.468847221248077e-11,0.0
6.029170000000265e-06,0.0,5.0,0.01634334320108922,0.08986142863921619,7.467221854740025e-11,0.0
6.039170000000266e-06,0.0,5.0,0.01634314012843831,0.08985899081771008,7.465827414621096e-11,0.0
6.049170000000267e-06,0.0,5.0,0.01634293713599768,0.08985655406613086,7.464200271756205e-11,0.0
6.059170000000268e-06,0.0,5.0,0.01634273422381932,0.0898541183838652,7.462802278923598e-11,0.0
6.069170000000268e-06,0.0,5.0,0.01634253139194163,0.08985168376965957,7.461187570556582e-11,0.0
6.079170000000269e-06,0.0,5.0,0.01634232863982973,0.08984925022386143,7.459793130437653e-11,0.0
6.08917000000027e-06,0.0,5.0,0.01634212596791295,0.08984681774612896,7.458176645713799e-11,0.0
6.099170000000271e-06,0.0,5.0,0.01634192337618116,0.08984438633461031,7.456789311022227e-11,0.0
6.109170000000271e-06,0.0,5.0,0.01634172086403139,0.08984195598886918,7.455178155368891e-11,0.0
6.119170000000272e-06,0.0,5.0,0.01634151843135871,0.08983952670298354,7.453787267963641e-11,0.0
6.129170000000273e-06,0.0,5.0,0.016341316078814,0.08983709848284271,7.452170783239786e-11,0.0
6.139170000000274e-06,0.0,5.0,0.01634111380608798,0.08983467132729278,7.450776343120857e-11,0.0
6.149170000000274e-06,0.0,5.0,0.01634091161316172,0.08983224523684989,7.449175845608557e-11,0.0
6.159170000000275e-06,0.0,5.0,0.01634070949986174,0.08982982020519065,7.44777962913279e-11,0.0
6.169170000000276e-06,0.0,5.0,0.01634050746573902,0.08982739622810614,7.44617557890681e-11,0.0
6.179170000000277e-06,0.0,5.0,0.01634030551131174,0.08982497330925628,7.444793573285757e-11,0.0
6.189170000000277e-06,0.0,5.0,0.01634010363605154,0.0898225514459677,7.443184193989261e-11,0.0
6.199170000000278e-06,0.0,5.0,0.01633990184013899,0.0898201306401076,7.441798635654528e-11,0.0
6.209170000000279e-06,0.0,5.0,0.01633970012337995,0.08981771088641087,7.440199914499068e-11,0.0
6.21917000000028e-06,0.0,5.0,0.01633949848531906,0.08981529218900754,7.438819685234855e-11,0.0
6.22917000000028e-06,0.0,5.0,0.01633929692641747,0.08981287454267807,7.437213858652037e-11,0.0
6.239170000000281e-06,0.0,5.0,0.01633909544719631,0.08981045794852686,7.435833629387823e-11,0.0
6.249170000000282e-06,0.0,5.0,0.01633889404650505,0.08980804240493956,7.434229579161844e-11,0.0
6.259170000000283e-06,0.0,5.0,0.01633869272451207,0.08980562790962049,7.432856455324988e-11,0.0
6.269170000000283e-06,0.0,5.0,0.01633849148168346,0.08980321446363365,7.431245299671652e-11,0.0
6.279170000000284e-06,0.0,5.0,0.01633829031724626,0.0898008020617529,7.429875728548475e-11,0.0
6.289170000000285e-06,0.0,5.0,0.01633808923136417,0.0897983907096809,7.428280560106693e-11,0.0
6.299170000000286e-06,0.0,5.0,0.01633788822398873,0.08979598040144703,7.426907436269837e-11,0.0
6.309170000000286e-06,0.0,5.0,0.01633768729532003,0.08979357114044788,7.425315820541733e-11,0.0
6.319170000000287e-06,0.0,5.0,0.01633748644538641,0.08979116292214595,7.423940920348038e-11,0.0
6.329170000000288e-06,0.0,5.0,0.01633728567347957,0.08978875574606673,7.422343975549417e-11,0.0
6.339170000000289e-06,0.0,5.0,0.01633708497937803,0.08978634961163465,7.420977957139918e-11,0.0
6.349170000000289e-06,0.0,5.0,0.01633688436346722,0.08978394451811708,7.419384565054976e-11,0.0
6.35917000000029e-06,0.0,5.0,0.01633668382611917,0.08978154046468163,7.418023875715996e-11,0.0
6.369170000000291e-06,0.0,5.0,0.0163364833665381,0.08977913744685737,7.416430483631054e-11,0.0
6.379170000000292e-06,0.0,5.0,0.01633628298500452,0.08977673547115998,7.415062688864716e-11,0.0
6.389170000000292e-06,0.0,5.0,0.01633608268138945,0.08977433453261643,7.413467520422934e-11,0.0
6.399170000000293e-06,0.0,5.0,0.01633588245575547,0.08977193462549422,7.412105054727114e-11,0.0
6.409170000000294e-06,0.0,5.0,0.01633568230822933,0.0897695357514957,7.41052054442637e-11,0.0
6.419170000000295e-06,0.0,5.0,0.0163354822384256,0.08976713791083805,7.409158078730549e-11,0.0
6.429170000000295e-06,0.0,5.0,0.01633528224603367,0.08976474110209322,7.407575344786644e-11,0.0
6.439170000000296e-06,0.0,5.0,0.01633508233113762,0.08976234532756139,7.40622176087502e-11,0.0
6.449170000000297e-06,0.0,5.0,0.01633488249378207,0.08975995058112243,7.404630145146918e-11,0.0
6.459170000000298e-06,0.0,5.0,0.01633468273345576,0.08975755686603447,7.403273008521616e-11,0.0
6.469170000000298e-06,0.0,5.0,0.01633448305059111,0.08975516417889873,7.401693827291389e-11,0.0
6.479170000000299e-06,0.0,5.0,0.01633428344544405,0.08975277251815393,7.400336690666088e-11,0.0
6.4891700000003e-06,0.0,5.0,0.01633408391774829,0.08975038188472795,7.398753956722181e-11,0.0
6.499170000000301e-06,0.0,5.0,0.01633388446738522,0.08974799228091085,7.397403925524237e-11,0.0
6.509170000000301e-06,0.0,5.0,0.01633368509353349,0.08974560370252069,7.395830073364529e-11,0.0
6.519170000000302e-06,0.0,5.0,0.01633348579712378,0.08974321614887387,7.394472936739227e-11,0.0
6.529170000000303e-06,0.0,5.0,0.01633328657740819,0.08974082961819795,7.39289553186584e-11,0.0
6.539170000000304e-06,0.0,5.0,0.01633308743449664,0.08973844410954647,7.391547277024735e-11,0.0
6.549170000000304e-06,0.0,5.0,0.01633288836838221,0.08973605961853444,7.389973424865026e-11,0.0
6.559170000000305e-06,0.0,5.0,0.01633268937909992,0.08973367614931287,7.388625170023922e-11,0.0
6.569170000000306e-06,0.0,5.0,0.0163324904668832,0.08973129370077082,7.387045988793695e-11,0.0
6.579170000000307e-06,0.0,5.0,0.01633229163151637,0.08972891227102248,7.38569773395259e-11,0.0
6.589170000000307e-06,0.0,5.0,0.01633209287223746,0.0897265318574237,7.384134539933918e-11,0.0
6.599170000000308e-06,0.0,5.0,0.01633189418957037,0.08972415245744332,7.38279339052017e-11,0.0
6.609170000000309e-06,0.0,5.0,0.0163316955831115,0.08972177407588981,7.381210656576265e-11,0.0
6.61917000000031e-06,0.0,5.0,0.01633149705342121,0.08971939670782303,7.379878388946715e-11,0.0
6.62917000000031e-06,0.0,5.0,0.01633129859952382,0.08971702035326504,7.378309865857525e-11,0.0
6.639170000000311e-06,0.0,5.0,0.01633110022235279,0.08971464500973637,7.376965163730099e-11,0.0
6.649170000000312e-06,0.0,5.0,0.01633090192115005,0.08971227067840534,7.375396640640908e-11,0.0
6.659170000000313e-06,0.0,5.0,0.01633070369594459,0.08970989736004775,7.374067925725036e-11,0.0
6.669170000000313e-06,0.0,5.0,0.01633050554656117,0.08970752504923088,7.372497626279007e-11,0.0
6.679170000000314e-06,0.0,5.0,0.0163303074731837,0.089705153749867,7.371163582292617e-11,0.0
6.689170000000315e-06,0.0,5.0,0.01633010947570638,0.08970278345706233,7.369593282846588e-11,0.0
6.699170000000316e-06,0.0,5.0,0.01632991155448128,0.08970041417242067,7.368268120644395e-11,0.0
6.709170000000316e-06,0.0,5.0,0.01632971370903601,0.08969804589343519,7.366699597555204e-11,0.0
6.719170000000317e-06,0.0,5.0,0.01632951593909216,0.08969567861546618,7.365367329925654e-11,0.0
6.729170000000318e-06,0.0,5.0,0.01632931824466604,0.08969331234431464,7.363813017691179e-11,0.0
6.739170000000319e-06,0.0,5.0,0.01632912062618431,0.08969094707543732,7.362478973704789e-11,0.0
6.749170000000319e-06,0.0,5.0,0.01632892308257206,0.08968858281045226,7.360917556042956e-11,0.0
6.75917000000032e-06,0.0,5.0,0.01632872561482882,0.08968621954504821,7.359592393840764e-11,0.0
6.769170000000321e-06,0.0,5.0,0.01632852822224961,0.08968385728039391,7.358038081606288e-11,0.0
6.779170000000322e-06,0.0,5.0,0.01632833090472309,0.08968149601474508,7.356707590333578e-11,0.0
6.789170000000322e-06,0.0,5.0,0.01632813366249668,0.08967913574751171,7.355156830812781e-11,0.0
6.799170000000323e-06,0.0,5.0,0.01632793649604196,0.08967677648141677,7.353838774037946e-11,0.0
6.809170000000324e-06,0.0,5.0,0.01632773940405369,0.08967441820606355,7.352277356376113e-11,0.0
6.819170000000325e-06,0.0,5.0,0.01632754238705322,0.08967206092929496,7.350950417817081e-11,0.0
6.829170000000325e-06,0.0,5.0,0.01632734544503354,0.08966970464738146,7.349410316437321e-11,0.0
6.839170000000326e-06,0.0,5.0,0.01632714857834018,0.08966734935991216,7.348076272450932e-11,0.0
6.849170000000327e-06,0.0,5.0,0.01632695178602574,0.08966499506397368,7.346532618357494e-11,0.0
6.859170000000328e-06,0.0,5.0,0.01632675506877983,0.08966264175856778,7.34520923251214e-11,0.0
6.869170000000328e-06,0.0,5.0,0.01632655842611621,0.08966028944612207,7.343663802061862e-11,0.0
6.879170000000329e-06,0.0,5.0,0.01632636185835602,0.08965793812576409,7.342343968930187e-11,0.0
6.88917000000033e-06,0.0,5.0,0.01632616536487553,0.08965558779116192,7.340800314836748e-11,0.0
6.899170000000331e-06,0.0,5.0,0.01632596894638317,0.08965323845003614,7.339478705348235e-11,0.0
6.909170000000331e-06,0.0,5.0,0.01632577260168545,0.08965089009058391,7.337940380325314e-11,0.0
6.919170000000332e-06,0.0,5.0,0.01632557633187078,0.08964854271917445,7.33662232355048e-11,0.0
6.929170000000333e-06,0.0,5.0,0.01632538013649072,0.089646196337844,7.33508222217072e-11,0.0
6.939170000000334e-06,0.0,5.0,0.01632518401542599,0.08964385093670567,7.333762389039045e-11,0.0
6.949170000000334e-06,0.0,5.0,0.01632498796836884,0.08964150652385011,7.332232945800322e-11,0.0
6.959170000000335e-06,0.0,5.0,0.01632479199534769,0.08963916309109415,7.330914889025486e-11,0.0
6.969170000000336e-06,0.0,5.0,0.01632459609652679,0.08963682063799959,7.329383669429923e-11,0.0
6.979170000000337e-06,0.0,5.0,0.01632440027126364,0.08963447916531309,7.32806028358457e-11,0.0
6.989170000000337e-06,0.0,5.0,0.01632420452044148,0.0896321386758889,7.326537945773203e-11,0.0
6.999170000000338e-06,0.0,5.0,0.01632400884322083,0.08962979916938885,7.325219888998369e-11,0.0
7.009170000000339e-06,0.0,5.0,0.01632381323975924,0.08962746064619795,7.323688669402807e-11,0.0
7.01917000000034e-06,0.0,5.0,0.0163236177103941,0.0896251231001343,7.32237416534165e-11,0.0
7.02917000000034e-06,0.0,5.0,0.01632342225454917,0.08962278652607739,7.320853603887123e-11,0.0
7.039170000000341e-06,0.0,5.0,0.01632322687236714,0.08962045093000197,7.319540876182806e-11,0.0
7.049170000000342e-06,0.0,5.0,0.01632303156392581,0.08961811630798178,7.318013209300922e-11,0.0
7.059170000000343e-06,0.0,5.0,0.01632283632906809,0.08961578266233548,7.316707587023963e-11,0.0
7.069170000000344e-06,0.0,5.0,0.01632264116741673,0.08961344999072134,7.3151763674284e-11,0.0
7.079170000000344e-06,0.0,5.0,0.01632244607903778,0.08961111828923983,7.313870745151441e-11,0.0
7.089170000000345e-06,0.0,5.0,0.01632225106393038,0.08960878755849279,7.312351960053753e-11,0.0
7.099170000000346e-06,0.0,5.0,0.01632205612204077,0.08960645779627824,7.311049890490474e-11,0.0
7.109170000000347e-06,0.0,5.0,0.01632186125327842,0.08960412900812297,7.30952222360859e-11,0.0
7.119170000000347e-06,0.0,5.0,0.01632166645826997,0.08960180118881446,7.308221930402147e-11,0.0
7.129170000000348e-06,0.0,5.0,0.01632147173627661,0.08959947433610661,7.306701368947621e-11,0.0
7.139170000000349e-06,0.0,5.0,0.0163212770869307,0.08959714844902149,7.305406404811698e-11,0.0
7.14917000000035e-06,0.0,5.0,0.01632108251039553,0.08959482352542325,7.303873408859296e-11,0.0
7.15917000000035e-06,0.0,5.0,0.01632088800692581,0.08959249956779976,7.302587326507571e-11,0.0
7.169170000000351e-06,0.0,5.0,0.0163206935763344,0.08959017657535118,7.301066765053043e-11,0.0
7.179170000000352e-06,0.0,5.0,0.01632049921801726,0.08958785454650242,7.29977357727396e-11,0.0
7.189170000000353e-06,0.0,5.0,0.0163203049325877,0.08958553348369794,7.298256568533112e-11,0.0
7.199170000000353e-06,0.0,5.0,0.01632011072019973,0.08958321338230725,7.296961604397189e-11,0.0
7.209170000000354e-06,0.0,5.0,0.01631991657975266,0.08958089424196669,7.295442819299503e-11,0.0
7.219170000000355e-06,0.0,5.0,0.01631972251195835,0.08957857605573452,7.294154960590938e-11,0.0
7.229170000000356e-06,0.0,5.0,0.0163195285165236,0.08957625883008923,7.29263972820693e-11,0.0
7.239170000000356e-06,0.0,5.0,0.01631933459390111,0.08957394256113918,7.291342987714167e-11,0.0
7.249170000000357e-06,0.0,5.0,0.01631914074276387,0.08957162725030283,7.289843742541713e-11,0.0
7.259170000000358e-06,0.0,5.0,0.01631894696473452,0.08956931289771196,7.288545225692111e-11,0.0
7.269170000000359e-06,0.0,5.0,0.01631875325845491,0.08956699950076073,7.287037098735461e-11,0.0
7.279170000000359e-06,0.0,5.0,0.01631855962418225,0.08956468705859194,7.285747463670056e-11,0.0
7.28917000000036e-06,0.0,5.0,0.01631836606229824,0.08956237556914673,7.284246442140763e-11,0.0
7.299170000000361e-06,0.0,5.0,0.0163181725727412,0.08956006502907993,7.282956807075358e-11,0.0
7.309170000000362e-06,0.0,5.0,0.01631797915475301,0.08955775544044108,7.281446903761868e-11,0.0
7.319170000000362e-06,0.0,5.0,0.01631778580830728,0.08955544680746821,7.280166150480661e-11,0.0
7.329170000000363e-06,0.0,5.0,0.0163175925339512,0.08955313912458412,7.27865802352401e-11,0.0
7.339170000000364e-06,0.0,5.0,0.01631739933117015,0.0895508323917838,7.277375493885963e-11,0.0
7.349170000000365e-06,0.0,5.0,0.0163172062002141,0.08954852660528204,7.275874472356669e-11,0.0
7.359170000000365e-06,0.0,5.0,0.01631701314098567,0.08954622176880078,7.274593719075462e-11,0.0
7.369170000000366e-06,0.0,5.0,0.01631682015351165,0.08954391788177139,7.273096250259847e-11,0.0
7.379170000000367e-06,0.0,5.0,0.01631662723695412,0.08954161494010912,7.2718137206218e-11,0.0
7.389170000000368e-06,0.0,5.0,0.01631643439212688,0.0895393129423948,7.270323357233543e-11,0.0
7.399170000000368e-06,0.0,5.0,0.01631624161847687,0.08953701189069546,7.269035498524978e-11,0.0
7.409170000000369e-06,0.0,5.0,0.01631604891636496,0.08953471177741483,7.267546911493561e-11,0.0
7.41917000000037e-06,0.0,5.0,0.01631585628571407,0.08953241260807644,7.266255500071316e-11,0.0
7.429170000000371e-06,0.0,5.0,0.01631566372644406,0.08953011438245337,7.264768689396739e-11,0.0
7.439170000000371e-06,0.0,5.0,0.0163154712381322,0.08952781709762897,7.263496817899728e-11,0.0
7.449170000000372e-06,0.0,5.0,0.0163152788208415,0.08952552075174965,7.262004678154633e-11,0.0
7.459170000000373e-06,0.0,5.0,0.01631508647441484,0.08952322534403515,7.260727477587104e-11,0.0
7.469170000000374e-06,0.0,5.0,0.0163148941989657,0.08952093087697406,7.259231785128329e-11,0.0
7.479170000000374e-06,0.0,5.0,0.01631470199437297,0.08951863734627265,7.257961689988158e-11,0.0
7.489170000000375e-06,0.0,5.0,0.01631450986137361,0.0895163447551352,7.256467773886221e-11,0.0
7.499170000000376e-06,0.0,5.0,0.01631431779860042,0.08951405309764603,7.25519767874605e-11,0.0
7.509170000000377e-06,0.0,5.0,0.016314125806761,0.08951176237872566,7.253716197141991e-11,0.0
7.519170000000377e-06,0.0,5.0,0.01631393388516564,0.08950947258953518,7.252447878358659e-11,0.0
7.529170000000378e-06,0.0,5.0,0.01631374203443176,0.08950718373529981,7.250955738613563e-11,0.0
7.539170000000379e-06,0.0,5.0,0.0163135502546001,0.0895048958127688,7.249690972543909e-11,0.0
7.54917000000038e-06,0.0,5.0,0.01631335854507734,0.08950260882436559,7.248214820010368e-11,0.0
7.55917000000038e-06,0.0,5.0,0.01631316690583986,0.0895003227664163,7.246937619442839e-11,0.0
7.569170000000381e-06,0.0,5.0,0.01631297533703877,0.08949803763992308,7.245459690552458e-11,0.0
7.579170000000382e-06,0.0,5.0,0.01631278383837611,0.08949575344019435,7.244189595412288e-11,0.0
7.589170000000383e-06,0.0,5.0,0.01631259240974799,0.08949347016944828,7.242713442878745e-11,0.0
7.599170000000383e-06,0.0,5.0,0.01631240105175573,0.08949118782723389,7.241439795024895e-11,0.0
7.609170000000384e-06,0.0,5.0,0.01631220976382965,0.08948890641147549,7.239970747918712e-11,0.0
7.619170000000385e-06,0.0,5.0,0.01631201854589505,0.08948662592242165,7.238704205492219e-11,0.0
7.629170000000386e-06,0.0,5.0,0.01631182739831724,0.08948434635774066,7.237231605672356e-11,0.0
7.639170000000382e-06,0.0,5.0,0.01631163632042193,0.0894820677165097,7.235968615959542e-11,0.0
7.649170000000379e-06,0.0,5.0,0.01631144531223071,0.08947978999662054,7.23449601613968e-11,0.0
7.659170000000375e-06,0.0,5.0,0.01631125437382711,0.08947751320086281,7.233231250070027e-11,0.0
7.669170000000372e-06,0.0,5.0,0.01631106350527721,0.08947523732641156,7.231758650250164e-11,0.0
7.679170000000368e-06,0.0,5.0,0.01631087270665163,0.08947296237227069,7.23049743689419e-11,0.0
7.689170000000365e-06,0.0,5.0,0.01631068197726421,0.08947068834033241,7.229033718858525e-11,0.0
7.699170000000361e-06,0.0,5.0,0.01631049131772083,0.0894684152269769,7.227774281859389e-11,0.0
7.709170000000358e-06,0.0,5.0,0.01631030072761075,0.08946614303326171,7.226294576612169e-11,0.0
7.719170000000354e-06,0.0,5.0,0.01631011020710843,0.08946387175923083,7.225044021397231e-11,0.0
7.72917000000035e-06,0.0,5.0,0.01630991975612277,0.08946160139695392,7.223574974291047e-11,0.0
7.739170000000347e-06,0.0,5.0,0.01630972937448647,0.08945933195332131,7.22232264271927e-11,0.0
7.749170000000344e-06,0.0,5.0,0.01630953906201836,0.089457063421909,7.220860701040444e-11,0.0
7.75917000000034e-06,0.0,5.0,0.01630934881929265,0.08945479580812275,7.219601264041308e-11,0.0
7.769170000000337e-06,0.0,5.0,0.01630915864514725,0.08945252910923883,7.218142875076161e-11,0.0
7.779170000000333e-06,0.0,5.0,0.01630896854073458,0.08945026332182242,7.216888767147545e-11,0.0
7.78917000000033e-06,0.0,5.0,0.01630877850519919,0.08944799844433106,7.215426825468718e-11,0.0
7.799170000000326e-06,0.0,5.0,0.01630858853885305,0.08944573447991608,7.214172717540102e-11,0.0
7.809170000000323e-06,0.0,5.0,0.01630839864161575,0.08944347142650831,7.212716104931794e-11,0.0
7.81917000000032e-06,0.0,5.0,0.01630820881289523,0.08944120928180585,7.211463773360016e-11,0.0
7.829170000000316e-06,0.0,5.0,0.0163080190533191,0.08943894804665253,7.210012489822227e-11,0.0
7.839170000000312e-06,0.0,5.0,0.01630782936260526,0.0894366877239079,7.20875660553677e-11,0.0
7.849170000000309e-06,0.0,5.0,0.01630763974027124,0.08943442830242704,7.207308874712659e-11,0.0
7.859170000000305e-06,0.0,5.0,0.01630745018634147,0.08943216978780989,7.206056543140881e-11,0.0
7.869170000000302e-06,0.0,5.0,0.01630726070139998,0.08942991218030448,7.204607035959932e-11,0.0
7.879170000000298e-06,0.0,5.0,0.01630707128517297,0.089427655478935,7.203354704388154e-11,0.0
7.889170000000295e-06,0.0,5.0,0.0163068819373642,0.08942539968308094,7.201912302634562e-11,0.0
7.899170000000292e-06,0.0,5.0,0.01630669265839787,0.08942314479373338,7.200663523776462e-11,0.0
7.909170000000288e-06,0.0,5.0,0.01630650344756324,0.08942089081094366,7.199206911168155e-11,0.0
7.919170000000285e-06,0.0,5.0,0.0163063143050066,0.08941863772408597,7.197963461380574e-11,0.0
7.929170000000281e-06,0.0,5.0,0.01630612523082136,0.08941638554048635,7.196522835983821e-11,0.0
7.939170000000278e-06,0.0,5.0,0.01630593622474148,0.08941413425488848,7.19528293890992e-11,0.0
7.949170000000274e-06,0.0,5.0,0.01630574728693516,0.08941188387163347,7.193828102658451e-11,0.0
7.95917000000027e-06,0.0,5.0,0.01630555841706036,0.08940963438418846,7.19258642922771e-11,0.0
7.969170000000267e-06,0.0,5.0,0.0163053696155,0.08940738579600589,7.191152909258314e-11,0.0
7.979170000000264e-06,0.0,5.0,0.01630518088181613,0.08940513810359312,7.189905906757055e-11,0.0
7.98917000000026e-06,0.0,5.0,0.01630499221639267,0.08940289130566989,7.188465281360301e-11,0.0
7.99858500000013e-06,0.0,5.0,0.01630481464940712,0.08940077676450252,7.187301767630495e-11,0.0
8.000007835791879e-06,0.0002585811320060774,5.0,0.01630701645131929,0.08946306134429095,-9.510507449669858e-08,0.0
8.000241499620745e-06,0.007969487484585508,5.0,0.01636110265513791,0.09133834755558085,-9.32319151623895e-08,0.0
8.000761868011693e-06,0.02514164438588585,5.0,0.01744676756025591,0.09554801525054846,-9.718980652814735e-08,7.680315770790609e-07
8.001450415444905e-06,0.0478637096818658,5.0,0.0269282885142416,0.1014413418794133,-1.000701009666594e-07,2.089608215926517e-06
8.00229449727928e-06,0.07571841021627115,5.0,0.04665283117358295,0.1089845004023056,-1.041247995701988e-07,2.901119925039218e-06
8.003391638833002e-06,0.1119240814890668,5.0,0.07857362551434048,0.1190187690711899,-1.042019687212681e-07,3.328820236128811e-06
8.004934799698442e-06,0.1628483900486007,5.0,0.1279737110795712,0.1332557538354424,-1.06114448549105e-07,3.480963330445064e-06
8.007507515845684e-06,0.247748022907578,5.0,0.2131568348328332,0.1569400935009162,-1.047668024832526e-07,3.45266613385517e-06
8.011787471598625e-06,0.3889865627546461,5.0,0.3556413408085637,0.1959059338336811,-1.057438814165701e-07,3.328297791409735e-06
8.014270739779391e-06,0.4709344127199093,5.0,0.438214043317753,0.2182431307662343,-1.041804221522946e-07,3.265927132247419e-06
8.01600783056761e-06,0.5282584087311147,5.0,0.4958602400927951,0.2337281877073679,-1.052942362243792e-07,3.23376617592086e-06
8.017433686895445e-06,0.5753116675497002,5.0,0.5429995819653096,0.2463111254338832,-1.03763774991078e-07,3.225173669263759e-06
8.018635172699674e-06,0.6149606990892659,5.0,0.5824400308741785,0.256748873107879,-1.047486730741676e-07,3.245993653933977e-06
8.01974979496668e-06,0.6517432339004544,5.0,0.6185829765323834,0.2661720523127005,-1.030216631435488e-07,3.309835248174044e-06
8.020974986918616e-06,0.6921745683143408,5.0,0.6574417696456869,0.2759826714538882,-1.034585476987482e-07,3.466801271848688e-06
8.022362233210834e-06,0.737953695957538,5.0,0.6996452956575105,0.2858429401524301,-1.00731927275971e-07,3.823708187299098e-06
8.023385873678543e-06,0.771733831391921,5.0,0.7290513945463883,0.2918921927567716,-1.006241325428314e-07,4.26031620059411e-06
8.024074945296632e-06,0.794473194788856,5.0,0.7478453936101691,0.2957356205119089,-9.95836203508682e-08,4.65413825082901e-06
8.024700174352433e-06,0.8151057536302967,5.0,0.7641656821701491,0.3010202183511659,-1.031709124142688e-07,5.084588021525348e-06
8.02543520258295e-06,0.8393616852373823,5.0,0.7824455768648333,0.3105292471052808,-1.043707377200442e-07,5.68112072100334e-06
8.026654091198465e-06,0.879585009549353,5.0,0.8106753806643697,0.3335287220078069,-1.102184219235747e-07,6.878344912705495e-06
8.027953199137742e-06,0.9224555715454967,5.0,0.8382677591884997,0.3727254911522642,-1.18076239733339e-07,8.403494310126825e-06
8.029211339586143e-06,0.9639742063427333,5.0,0.863005820476254,0.4331680862800837,-1.324003860113387e-07,1.007867405482777e-05
8.03053486148966e-06,1.00765042915879,5.0,0.887359259750218,0.5294894917858951,-1.491706587729291e-07,1.200770861521335e-05
8.03169025519837e-06,1.045778421546202,5.0,0.9074831352654369,0.6464932889732736,-1.64394320304323e-07,1.380516508230394e-05
8.03235619816976e-06,1.067754539602109,5.0,0.9186623273109936,0.728129985368214,-1.536243880338739e-07,1.488311655755281e-05
8.032823721954838e-06,1.08318282450965,5.0,0.9263296236502386,0.7904207688177078,-1.110142644976386e-07,1.565797827043981e-05
8.033247515130854e-06,1.097167999318186,5.0,0.9331392044070336,0.8486936492555728,-1.991320905156413e-08,1.63744045646381e-05
8.03367910457634e-06,1.1114104510192,5.0,0.9399189780644266,0.906817340964052,1.242384544609954e-07,1.711950484814554e-05
8.034238975756818e-06,1.129886199974988,5.0,0.9484667930423472,0.9739267421068573,3.547937986993211e-07,1.811076230606807e-05
8.034715244050938e-06,1.145603053680963,5.0,0.9555533156802095,1.020244917371663,5.30296459245877e-07,1.897247624014667e-05
8.035025425971758e-06,1.15583905706802,5.0,0.9601075166814229,1.045261723055584,6.007548018373276e-07,1.953979612957647e-05
8.035230273857201e-06,1.162599037287648,5.0,0.9631040650092819,1.059959593307817,5.678309870162101e-07,1.99155730075001e-05
8.035443227378887e-06,1.169626503503264,5.0,0.9662335264651429,1.074603520311765,4.312603140589622e-07,2.030478990848576e-05
8.03572725947252e-06,1.178999562593155,5.0,0.9704476171297909,1.095191135329317,2.029535203397492e-07,2.081991906809402e-05
8.03600376223531e-06,1.18812415376525,5.0,0.9745512829629325,1.116412183385963,4.384041121588411e-08,2.132126957189363e-05
8.036289527304008e-06,1.197554401032268,5.0,0.9787328320931445,1.137898650411316,-4.394993636233635e-08,2.184536908371718e-05
8.036642581646265e-06,1.209205194326734,5.0,0.983773851324392,1.162052723083589,-8.666481516081404e-08,2.250538427410456e-05
8.037150719647325e-06,1.225973748361727,5.0,0.9907943599965209,1.191439789928678,-1.053776307601006e-07,2.347878568720244e-05
8.037948864486802e-06,1.252312528064485,5.0,1.001407449995039,1.228295132684085,-1.152570010597154e-07,2.504913117793156e-05
8.038957041324333e-06,1.285582363702995,5.0,1.014336468422493,1.266988490483582,-1.297613542981801e-07,2.708041024151755e-05
8.040484304321435e-06,1.33598204260735,5.0,1.033250972967606,1.320570175070667,-1.528742451882559e-07,3.02247526707954e-05
8.042958505255737e-06,1.417630673439311,5.0,1.06307510796215,1.404872219230914,-1.874528317423463e-07,3.540076195517655e-05
8.04559710011294e-06,1.504704303727012,5.0,1.094520152653703,1.493770018826958,-2.121435793399351e-07,4.095730522240615e-05
8.047912100268012e-06,1.581099308844401,5.0,1.121616190222174,1.57128052235459,-2.318262557175765e-07,4.588212254331442e-05
8.04974800826019e-06,1.641684272586289,5.0,1.142575517730304,1.632549137569734,-2.426871905712724e-07,4.984095027668508e-05
8.051359951888282e-06,1.694878412313318,5.0,1.160513218655219,1.686239860397911,-2.353556172850213e-07,5.336354459503423e-05
8.052938951232499e-06,1.746985390672455,5.0,1.177627578450927,1.73876298412526,-1.737428881264103e-07,5.686002006966446e-05
8.054736596618972e-06,1.806307688426082,5.0,1.196554737186826,1.798499250647633,4.903576437689794e-08,6.089662192934459e-05
8.056844609250097e-06,1.875872105253188,5.0,1.218056985545721,1.868498087907505,7.256633022513503e-07,6.569979917117387e-05
8.058648447915938e-06,1.935398781225942,5.0,1.235971951788259,1.928366658924354,1.877888821052581e-06,6.985870520997482e-05
8.060308321558374e-06,1.99017461142634,5.0,1.252157450085564,1.983434896816755,3.571027455396975e-06,7.371595406220553e-05
8.061915065059804e-06,2.043197146973518,5.0,1.267611372476673,2.036718958821748,5.881334282488299e-06,7.747136385530636e-05
8.063524069405657e-06,2.096294290386668,5.0,1.282908730863354,2.090056177474374,8.900800225294519e-06,8.125016648442918e-05
8.065178938416779e-06,2.150904967753706,5.0,1.298468555590951,2.144891476822347,1.274166748352804e-05,8.515433675531979e-05
8.0669146418144e-06,2.208183179875197,5.0,1.314599430820423,2.20238297810101,1.754629751344786e-05,8.92684360711306e-05
8.068762313170314e-06,2.269156334620368,5.0,1.331552513730388,2.263560873448691,2.348795032491316e-05,9.36701392296825e-05
8.070750257380033e-06,2.334758493541096,5.0,1.349535327994399,2.329361253165119,3.078527282199053e-05,9.843219062180875e-05
8.071454265468587e-06,2.357990760463374,5.0,1.35575545799521,2.352656105341459,3.358598730150667e-05,9.991022353024681e-05
8.07193890831898e-06,2.373983974526327,5.0,1.357866917987728,2.36865611956953,3.557680824379253e-05,9.991161170565385e-05
8.072719368605784e-06,2.399739163990872,5.0,1.358696257082421,2.394450326857238,3.887505890329726e-05,9.991410429069084e-05
8.074268568172968e-06,2.450862749707931,5.0,1.358802674315864,2.445692675777003,4.578564623793816e-05,9.99192060075392e-05
8.076816740515651e-06,2.534952437016486,5.0,1.358956551804514,2.529948471208736,5.808894885600671e-05,9.992759958852119e-05
8.078891788553586e-06,2.603429022268335,5.0,1.359785507913652,2.598491455526895,6.853792029398412e-05,9.993436435143545e-05
8.081057162239026e-06,2.674886353887842,5.0,1.361718674025575,2.66994904709875,7.881431607009396e-05,9.994131676798623e-05
8.08349017153239e-06,2.755175660568878,5.0,1.364705506308327,2.750226601774862,8.8221050791958e-05,9.994904701542605e-05
8.085915402198949e-06,2.835208272565312,5.0,1.367684736935624,2.830271098185791,9.45655192824936e-05,9.995675235356297e-05
8.08845772571712e-06,2.919104948664968,5.0,1.370059824348157,2.914216539075416,9.822366813731513e-05,9.996490451243166e-05
8.091043664430008e-06,3.004440926190262,5.0,1.37146617451913,2.999638155973593,9.984235338038508e-05,9.99732974751671e-05
8.094114735074517e-06,3.105786257459043,5.0,1.372197793958568,3.101112007855036,0.0001004478096926177,9.998335884635005e-05
8.098535123256461e-06,3.251659067463212,5.0,1.372518721449222,3.247177573751605,0.0001005570539981306,9.999791403460138e-05
8.100006394758763e-06,3.3,5.0,1.372562794444269,3.295733754847109,0.0001006556806116911,0.0001000027437205556
8.100129673018314e-06,3.3,5.0,1.372506730440216,3.297883998777048,0.0001006452773338963,0.000100002749326956
8.100492853104753e-06,3.3,5.0,1.372304089185522,3.299709573038174,0.0001005591432220533,0.0001000027695910814
8.101293122505165e-06,3.3,5.0,1.372004493430279,3.299956404536143,0.0001003590581435034,0.000100002799550657
8.104200068331828e-06,3.3,5.0,1.371636892629558,3.299972496106777,0.000100040648139398,0.000100002836310737
8.110011431346862e-06,3.3,5.0,1.37159380793527,3.299976766489738,9.989830273971726e-05,0.0001000028406192065
8.120011431346858e-06,3.3,5.0,1.371644667145456,3.299978574114189,9.975838089534852e-05,0.0001000028355332854
8.130011431346855e-06,3.3,5.0,1.371684865761204,3.299980064070344,9.961788746933556e-05,0.0001000028315134239
8.137658547370683e-06,3.3,5.0,1.371719404007212,3.299981791304927,9.954029415130698e-05,0.0001000028280595993
8.141715225680773e-06,3.3,5.0,1.371767987886566,3.299984858400737,9.960800113182692e-05,0.0001000028232012113
8.145310025835764e-06,3.3,5.0,1.371870974956438,3.29999031765261,9.984189579521533e-05,0.0001000028129025043
8.149375882658711e-06,3.3,5.0,1.372055632191476,3.299996679411246,0.0001002390994375303,0.0001000027944367808
8.153130312106925e-06,3.3,5.0,1.372206974145427,3.299999234602177,0.0001005150064433415,0.0001000027793025854
8.15712751779139e-06,3.3,5.0,1.372297965616014,3.29999991813029,0.0001006632481077431,0.0001000027702034384
8.162237653731009e-06,3.3,5.0,1.372342740485772,3.299999970017184,0.0001007302331096972,0.0001000027657259514
8.170193803129723e-06,3.3,5.0,1.372357841162372,3.299999994289985,0.0001007529037137579,0.0001000027642158838
8.18019380312972e-06,3.3,5.0,1.372359784333397,3.299999957381624,0.0001007550138083992,0.0001000027640215667
8.190193803129716e-06,3.3,5.0,1.372359910876163,3.299999991136167,0.00010075588764359,0.0001000027640089124
8.200193803129712e-06,3.3,5.0,1.372359922059984,3.29999995709523,0.0001007552036804994,0.000100002764007794
8.210193803129709e-06,3.3,5.0,1.372359920004195,3.299999991155045,0.0001007559084089883,0.0001000027640079996
8.220193803129705e-06,3.3,5.0,1.372359922659049,3.299999957076617,0.0001007551970310451,0.0001000027640077341
8.230193803129702e-06,3.3,5.0,1.372359920047908,3.299999991172678,0.0001007559158354566,0.0001000027640079952
8.240193803129699e-06,3.3,5.0,1.372359922658502,3.299999957064175,0.0001007551898112381,0.0001000027640077341
8.250193803129695e-06,3.3,5.0,1.372359920055288,3.299999991183229,0.0001007559229182355,0.0001000027640079945
8.260193803129692e-06,3.3,5.0,1.372359922651033,3.299999957054693,0.0001007551828676191,0.0001000027640077349
8.270193803129688e-06,3.3,5.0,1.372359920060185,3.299999991191831,0.0001007559297251283,0.000100002764007994
8.280193803129685e-06,3.3,5.0,1.372359922646029,3.2999999570459,0.000100755176195836,0.0001000027640077354
8.290193803129681e-06,3.3,5.0,1.372359920066807,3.299999991202225,0.0001007559362651235,0.0001000027640079933
8.300193803129678e-06,3.3,5.0,1.37235992264238,3.299999957040154,0.0001007551697852839,0.0001000027640077358
8.310193803129674e-06,3.3,5.0,1.372359920069871,3.299999991211235,0.0001007559425471029,0.000100002764007993
8.32019380312967e-06,3.3,5.0,1.372359922635527,3.299999957030645,0.0001007551636283956,0.0001000027640077365
8.330193803129667e-06,3.3,5.0,1.372359920075965,3.299999991220759,0.000100755948581014,0.0001000027640079924
8.340193803129664e-06,3.3,5.0,1.372359922627138,3.299999957020104,0.0001007551577144596,0.0001000027640077373
8.35019380312966e-06,3.3,5.0,1.37235992008293,3.299999991227904,0.0001007559543759164,0.0001000027640079917
8.360193803129657e-06,3.3,5.0,1.372359922625496,3.299999957011742,0.0001007551520380047,0.0001000027640077374
8.370193803129653e-06,3.3,5.0,1.372359920090034,3.299999991234869,0.0001007559599383291,0.000100002764007991
8.38019380312965e-06,3.3,5.0,1.372359922618437,3.299999957007343,0.0001007551465878399,0.0001000027640077381
8.390193803129646e-06,3.3,5.0,1.372359920095073,3.299999991242917,0.0001007559652774538,0.0001000027640079905
8.400193803129643e-06,3.3,5.0,1.372359922611253,3.299999956998025,0.0001007551413582987,0.0001000027640077389
8.41019380312964e-06,3.3,5.0,1.372359920102318,3.299999991252551,0.0001007559704000939,0.0001000027640079897
8.420193803129636e-06,3.3,5.0,1.372359922604995,3.299999956991152,0.0001007551363405702,0.0001000027640077395
8.430193803129632e-06,3.3,5.0,1.372359920108057,3.299999991260038,0.0001007559753143318,0.0001000027640079892
8.440193803129629e-06,3.3,5.0,1.372359922598078,3.299999956983983,0.0001007551315279044,0.0001000027640077402
8.450193803129625e-06,3.3,5.0,1.372359920113435,3.299999991266622,0.0001007559800270243,0.0001000027640079886
8.460193803129622e-06,3.3,5.0,1.372359922592696,3.299999956978751,0.0001007551269135155,0.0001000027640077407
8.470193803129618e-06,3.3,5.0,1.372359920120271,3.299999991270979,0.00010075598454533,0.000100002764007988
8.480193803129615e-06,3.3,5.0,1.372359922584763,3.299999956972958,0.0001007551224901206,0.0001000027640077415
8.490193803129611e-06,3.3,5.0,1.372359920129402,3.299999991281143,0.0001007559888756794,0.0001000027640079871
8.500193803129608e-06,3.3,5.0,1.372359922579369,3.299999956962957,0.0001007551182513423,0.000100002764007742
8.510193803129604e-06,3.3,5.0,1.372359920132205,3.299999991286831,0.0001007559930238812,0.0001000027640079868
8.520193803129601e-06,3.3,5.0,1.372359922572762,3.299999956960496,0.0001007551141914788,0.0001000027640077427
8.530193803129597e-06,3.3,5.0,1.372359920141344,3.299999991291735,0.000100755996997396,0.0001000027640079858
8.540193803129594e-06,3.3,5.0,1.372359922563447,3.299999956950039,0.0001007551103027494,0.0001000027640077436
8.55019380312959e-06,3.3,5.0,1.372359920149784,3.299999991300544,0.0001007560008017662,0.000100002764007985
8.560193803129587e-06,3.3,5.0,1.372359922556875,3.29999995694681,0.0001007551065810154,0.0001000027640077443
8.570193803129584e-06,3.3,5.0,1.372359920156093,3.299999991308215,0.000100756004442374,0.0001000027640079844
8.58019380312958e-06,3.3,5.0,1.372359922551287,3.299999956937884,0.0001007551030209831,0.0001000027640077449
8.590193803129577e-06,3.3,5.0,1.37235992016492,3.299999991315409,0.0001007560079249749,0.0001000027640079835
8.600193803129573e-06,3.3,5.0,1.372359922540715,3.299999956934981,0.0001007550996143571,0.0001000027640077459
8.61019380312957e-06,3.3,5.0,1.372359920169296,3.299999991320124,0.0001007560112550755,0.0001000027640079831
8.620193803129566e-06,3.3,5.0,1.372359922535926,3.299999956931045,0.0001007550963586147,0.0001000027640077464
8.630193803129563e-06,3.3,5.0,1.372359920178982,3.29999999132543,0.000100756014438378,0.0001000027640079821
8.640193803129559e-06,3.3,5.0,1.372359922528505,3.299999956925686,0.000100755093247983,0.0001000027640077471
8.650193803129556e-06,3.3,5.0,1.372359920184203,3.299999991330562,0.0001007560174778845,0.0001000027640079816
8.660193803129552e-06,3.3,5.0,1.372359922520076,3.29999995691847,0.0001007550902769196,0.000100002764007748
8.670193803129549e-06,3.3,5.0,1.372359920192713,3.299999991338438,0.0001007560203813042,0.0001000027640079807
8.680193803129545e-06,3.3,5.0,1.372359922513535,3.299999956913955,0.0001007550874415165,0.0001000027640077486
8.690193803129542e-06,3.3,5.0,1.372359920201958,3.299999991343996,0.0001007560231515682,0.0001000027640079798
8.700193803129538e-06,3.3,5.0,1.372359922505902,3.299999956909168,0.0001007550847355211,0.0001000027640077494
8.710193803129535e-06,3.3,5.0,1.3723599202106,3.299999991350371,0.0001007560257934904,0.0001000027640079789
8.720193803129531e-06,3.3,5.0,1.372359922497558,3.299999956903152,0.0001007550821561444,0.0001000027640077502
8.730193803129528e-06,3.3,5.0,1.372359920215903,3.299999991355167,0.0001007560283110677,0.0001000027640079784
8.740193803129524e-06,3.3,5.0,1.372359922490324,3.299999956898034,0.0001007550796981994,0.000100002764007751
8.75019380312952e-06,3.3,5.0,1.372359920223146,3.299999991361848,0.0001007560307089363,0.0001000027640079777
8.760193803129517e-06,3.3,5.0,1.372359922482634,3.299999956892764,0.0001007550773587908,0.0001000027640077517
8.770193803129514e-06,3.3,5.0,1.372359920230515,3.299999991364783,0.0001007560329915193,0.0001000027640079769
8.78019380312951e-06,3.3,5.0,1.372359922472914,3.299999956886631,0.0001007550751319854,0.0001000027640077527
8.790193803129507e-06,3.3,5.0,1.372359920239395,3.299999991369155,0.0001007560351628846,0.000100002764007976
8.800193803129503e-06,3.3,5.0,1.372359922467185,3.299999956885384,0.0001007550730159358,0.0001000027640077533
8.8101938031295e-06,3.3,5.0,1.372359920249386,3.299999991371781,0.0001007560372260165,0.000100002764007975
8.820193803129496e-06,3.3,5.0,1.37235992245756,3.299999956883543,0.0001007550710047801,0.0001000027640077542
8.830193803129493e-06,3.3,5.0,1.372359920256644,3.299999991378202,0.000100756039184592,0.0001000027640079743
8.84019380312949e-06,3.3,5.0,1.372359922450329,3.299999956877231,0.0001007550690967064,0.000100002764007755
8.850193803129486e-06,3.3,5.0,1.372359920262024,3.299999991381882,0.0001007560410425369,0.0001000027640079738
8.860193803129483e-06,3.3,5.0,1.372359922441049,3.29999995687316,0.0001007550672883929,0.0001000027640077559
8.870193803129479e-06,3.3,5.0,1.372359920272174,3.299999991384508,0.0001007560428036704,0.0001000027640079728
8.880193803129476e-06,3.3,5.0,1.372359922435725,3.299999956867661,0.0001007550655755053,0.0001000027640077564
8.890193803129472e-06,3.3,5.0,1.372359920278249,3.299999991389419,0.0001007560444702839,0.0001000027640079722
8.900193803129469e-06,3.3,5.0,1.372359922425377,3.299999956868638,0.0001007550639537981,0.0001000027640077574
8.910193803129465e-06,3.3,5.0,1.372359920291155,3.299999991394944,0.000100756046047067,0.0001000027640079709
8.920193803129462e-06,3.3,5.0,1.372359922418282,3.299999956863856,0.0001007550624218147,0.0001000027640077582
8.930193803129458e-06,3.3,5.0,1.372359920295985,3.299999991395612,0.0001007560475344817,0.0001000027640079704
8.940193803129455e-06,3.3,5.0,1.372359922409878,3.299999956859649,0.0001007550609764109,0.000100002764007759
8.950193803129451e-06,3.3,5.0,1.372359920305493,3.299999991400013,0.0001007560489384075,0.0001000027640079694
8.960193803129448e-06,3.3,5.0,1.372359922401408,3.299999956856968,0.0001007550596139452,0.0001000027640077599
8.970193803129444e-06,3.3,5.0,1.372359920312704,3.299999991403109,0.0001007560502603368,0.0001000027640079687
8.98019380312944e-06,3.3,5.0,1.372359922393344,3.299999956856517,0.000100755058332055,0.0001000027640077607
8.990193803129437e-06,3.3,5.0,1.372359920321378,3.299999991406922,0.000100756051502703,0.0001000027640079678
9.000193803129434e-06,3.3,5.0,1.372359922383141,3.299999956854659,0.0001007550571280937,0.0001000027640077617
9.01019380312943e-06,3.3,5.0,1.372359920327335,3.299999991411952,0.0001007560526686503,0.0001000027640079673
9.020193803129427e-06,3.3,5.0,1.372359922376817,3.299999956851951,0.0001007550559995209,0.0001000027640077623
9.030193803129423e-06,3.3,5.0,1.372359920336464,3.299999991411207,0.0001007560537607012,0.0001000027640079663
9.04019380312942e-06,3.3,5.0,1.372359922367385,3.299999956846948,0.0001007550549432103,0.0001000027640077632
9.050193803129416e-06,3.3,5.0,1.372359920344448,3.299999991414765,0.0001007560547819288,0.0001000027640079656
9.060193803129413e-06,3.3,5.0,1.372359922361661,3.299999956844157,0.0001007550539574921,0.0001000027640077638
9.07019380312941e-06,3.3,5.0,1.372359920355702,3.299999991419842,0.000100756055734358,0.0001000027640079644
9.080193803129406e-06,3.3,5.0,1.372359922351467,3.299999956845846,0.0001007550530383518,0.0001000027640077649
9.090193803129402e-06,3.3,5.0,1.372359920364611,3.299999991418231,0.0001007560566200851,0.0001000027640079635
9.100193803129399e-06,3.3,5.0,1.372359922344889,3.299999956843203,0.0001007550521858071,0.0001000027640077655
9.110193803129395e-06,3.3,5.0,1.37235992037359,3.299999991418059,0.000100756057440833,0.0001000027640079626
9.120193803129392e-06,3.3,5.0,1.372359922334727,3.299999956841529,0.0001007550513955237,0.0001000027640077665
9.130193803129388e-06,3.3,5.0,1.372359920380975,3.299999991424183,0.0001007560581994972,0.0001000027640079619
9.140193803129385e-06,3.3,5.0,1.372359922327289,3.29999995684245,0.0001007550506672529,0.0001000027640077673
9.150193803129381e-06,3.3,5.0,1.37235992038582,3.299999991426639,0.0001007560588975166,0.0001000027640079614
9.160193803129378e-06,3.3,5.0,1.372359922319575,3.299999956840871,0.0001007550499980105,0.000100002764007768
9.170193803129375e-06,3.3,5.0,1.37235992039444,3.299999991424714,0.0001007560595381953,0.0001000027640079605
9.180193803129371e-06,3.3,5.0,1.372359922314063,3.299999956839176,0.0001007550493865707,0.0001000027640077686
9.190193803129368e-06,3.3,5.0,1.372359920405175,3.299999991427958,0.0001007560601235048,0.0001000027640079595
9.200193803129364e-06,3.3,5.0,1.372359922303363,3.29999995683878,0.000100755048828617,0.0001000027640077697
9.21019380312936e-06,3.3,5.0,1.372359920411654,3.299999991428787,0.0001007560606532855,0.0001000027640079588
9.220193803129357e-06,3.3,5.0,1.37235992229304,3.299999956836654,0.0001007550483243271,0.0001000027640077707
9.230193803129354e-06,3.3,5.0,1.372359920419411,3.299999991432617,0.0001007560611314275,0.000100002764007958
9.24019380312935e-06,3.3,5.0,1.372359922287608,3.299999956839137,0.0001007550478724574,0.0001000027640077712
9.250193803129347e-06,3.3,5.0,1.372359920427364,3.299999991428986,0.0001007560615587123,0.0001000027640079573
9.260193803129343e-06,3.3,5.0,1.372359922277815,3.299999956836639,0.0001007550474696152,0.0001000027640077722
9.27019380312934e-06,3.3,5.0,1.37235992043626,3.299999991432165,0.0001007560619370231,0.0001000027640079564
9.280193803129336e-06,3.3,5.0,1.372359922269343,3.299999956838275,0.0001007550471146813,0.0001000027640077731
9.290193803129333e-06,3.3,5.0,1.372359920442152,3.299999991429728,0.0001007560622676386,0.0001000027640079558
9.30019380312933e-06,3.3,5.0,1.37235992225906,3.299999956837451,0.0001007550468063058,0.0001000027640077741
9.310193803129326e-06,3.3,5.0,1.372359920450091,3.299999991431406,0.0001007560625532057,0.000100002764007955
9.320193803129322e-06,3.3,5.0,1.372359922249935,3.299999956838326,0.0001007550465430675,0.000100002764007775
9.330193803129319e-06,3.3,5.0,1.372359920457264,3.299999991431624,0.0001007560627942218,0.0001000027640079543
9.340193803129315e-06,3.3,5.0,1.372359922242194,3.29999995684108,0.0001007550463231367,0.0001000027640077758
9.350193803129312e-06,3.3,5.0,1.372359920468989,3.299999991432529,0.0001007560629933692,0.0001000027640079531
9.360193803129308e-06,3.3,5.0,1.372359922236365,3.299999956837962,0.0001007550461455721,0.0001000027640077764
9.370193803129305e-06,3.3,5.0,1.372359920474287,3.299999991432548,0.00010075606315063,0.0001000027640079526
9.380193803129301e-06,3.3,5.0,1.372359922228087,3.299999956841259,0.0001007550460080821,0.0001000027640077772
9.390193803129298e-06,3.3,5.0,1.372359920483752,3.299999991429809,0.0001007560632684203,0.0001000027640079516
9.400193803129294e-06,3.3,5.0,1.372359922217429,3.299999956842221,0.0001007550459096719,0.0001000027640077782
9.410193803129291e-06,3.3,5.0,1.372359920492231,3.29999999142983,0.0001007560633478767,0.0001000027640079508
9.420193803129287e-06,3.3,5.0,1.372359922210731,3.299999956840238,0.0001007550458494357,0.0001000027640077789
9.430193803129284e-06,3.3,5.0,1.372359920499194,3.299999991428177,0.0001007560633893369,0.0001000027640079501
9.44019380312928e-06,3.3,5.0,1.372359922203933,3.299999956842681,0.0001007550458253127,0.0001000027640077796
9.450193803129277e-06,3.3,5.0,1.372359920508008,3.29999999142972,0.0001007560633953587,0.0001000027640079492
9.460193803129273e-06,3.3,5.0,1.372359922196206,3.29999995684565,0.0001007550458369123,0.0001000027640077804
9.47019380312927e-06,3.3,5.0,1.372359920515288,3.299999991429512,0.0001007560633669193,0.0001000027640079485
9.480193803129267e-06,3.3,5.0,1.3723599221898,3.29999995684744,0.0001007550458830799,0.000100002764007781
9.490193803129263e-06,3.3,5.0,1.372359920523502,3.299999991425697,0.0001007560633045869,0.0001000027640079476
9.50019380312926e-06,3.3,5.0,1.372359922177784,3.299999956849838,0.0001007550459610974,0.0001000027640077822
9.510193803129256e-06,3.3,5.0,1.372359920531217,3.299999991422855,0.0001007560632098183,0.0001000027640079469
9.520193803129253e-06,3.3,5.0,1.372359922170152,3.299999956849943,0.0001007550460716934,0.000100002764007783
9.530193803129249e-06,3.3,5.0,1.37235992054066,3.299999991423425,0.0001007560630840877,0.0001000027640079459
9.540193803129246e-06,3.3,5.0,1.372359922164968,3.299999956851683,0.0001007550462129315,0.0001000027640077835
9.550193803129242e-06,3.3,5.0,1.372359920548738,3.299999991426539,0.0001007560629278394,0.0001000027640079451
9.560193803129239e-06,3.3,5.0,1.372359922155695,3.299999956853357,0.0001007550463835861,0.0001000027640077844
9.570193803129235e-06,3.3,5.0,1.372359920557621,3.299999991422069,0.000100756062742441,0.0001000027640079442
9.580193803129232e-06,3.3,5.0,1.372359922148848,3.299999956856254,0.000100755046583373,0.0001000027640077851
9.590193803129228e-06,3.3,5.0,1.372359920565619,3.299999991420454,0.0001007560625288696,0.0001000027640079434
9.600193803129225e-06,3.3,5.0,1.3723599221406,3.299999956861443,0.0001007550468113862,0.0001000027640077859
9.610193803129221e-06,3.3,5.0,1.372359920572265,3.299999991418286,0.0001007560622875871,0.0001000027640079428
9.620193803129218e-06,3.3,5.0,1.372359922133055,3.299999956858798,0.0001007550470658671,0.0001000027640077867
9.630193803129214e-06,3.3,5.0,1.372359920580847,3.299999991414002,0.00010075606202005,0.0001000027640079419
9.64019380312921e-06,3.3,5.0,1.372359922124697,3.299999956866324,0.0001007550473459275,0.0001000027640077875
9.650193803129207e-06,3.3,5.0,1.372359920589233,3.299999991409985,0.0001007560617274307,0.0001000027640079411
9.660193803129204e-06,3.3,5.0,1.372359922115856,3.299999956869181,0.0001007550476511056,0.0001000027640077884
9.6701938031292e-06,3.3,5.0,1.372359920595657,3.299999991409998,0.0001007560614098003,0.0001000027640079404
9.680193803129197e-06,3.3,5.0,1.372359922107092,3.299999956871006,0.0001007550479805309,0.0001000027640077893
9.690193803129193e-06,3.3,5.0,1.372359920603001,3.299999991406526,0.0001007560610681714,0.0001000027640079397
9.70019380312919e-06,3.3,5.0,1.372359922099891,3.29999995687564,0.0001007550483333865,0.00010000276400779
9.710193803129186e-06,3.3,5.0,1.37235992061316,3.299999991404234,0.0001007560607043202,0.0001000027640079387
9.720193803129183e-06,3.3,5.0,1.372359922093312,3.299999956876718,0.0001007550487097432,0.0001000027640077907
9.73019380312918e-06,3.3,5.0,1.372359920618053,3.299999991403551,0.0001007560603170567,0.0001000027640079382
9.740193803129176e-06,3.3,5.0,1.372359922084696,3.299999956880699,0.0001007550491069543,0.0001000027640077915
9.750193803129172e-06,3.3,5.0,1.37235992062538,3.299999991395838,0.0001007560599089032,0.0001000027640079374
9.760193803129169e-06,3.3,5.0,1.372359922078866,3.299999956884165,0.0001007550495256772,0.0001000027640077921
9.770193803129165e-06,3.3,5.0,1.372359920633903,3.299999991395275,0.0001007560594802505,0.0001000027640079366
9.780193803129162e-06,3.3,5.0,1.372359922071121,3.299999956886573,0.0001007550499648104,0.0001000027640077929
9.790193803129159e-06,3.3,5.0,1.372359920642377,3.299999991393073,0.0001007560590317026,0.0001000027640079357
9.800193803129155e-06,3.3,5.0,1.372359922064723,3.299999956893791,0.0001007550504235723,0.0001000027640077935
9.810193803129152e-06,3.3,5.0,1.372359920651312,3.299999991386041,0.0001007560585640234,0.0001000027640079349
9.820193803129148e-06,3.3,5.0,1.372359922055538,3.299999956894958,0.0001007550509007195,0.0001000027640077944
9.830193803129145e-06,3.3,5.0,1.372359920658483,3.299999991384734,0.0001007560580768753,0.0001000027640079341
9.840193803129141e-06,3.3,5.0,1.372359922048755,3.299999956899728,0.0001007550513967671,0.0001000027640077951
9.850193803129138e-06,3.3,5.0,1.372359920667058,3.299999991377496,0.0001007560575723367,0.0001000027640079333
9.860193803129134e-06,3.3,5.0,1.372359922040369,3.299999956901225,0.0001007550519099566,0.000100002764007796
9.87019380312913e-06,3.3,5.0,1.372359920672723,3.299999991376393,0.0001007560570496081,0.0001000027640079327
9.880193803129127e-06,3.3,5.0,1.372359922033144,3.299999956911026,0.0001007550524409274,0.0001000027640077967
9.890193803129124e-06,3.3,5.0,1.372359920681044,3.299999991371821,0.0001007560565103773,0.0001000027640079319
9.90019380312912e-06,3.3,5.0,1.372359922027119,3.299999956916384,0.0001007550529886138,0.0001000027640077973
9.910193803129117e-06,3.3,5.0,1.372359920687299,3.299999991369155,0.0001007560559542888,0.0001000027640079313
9.920193803129113e-06,3.3,5.0,1.37235992202055,3.299999956918277,0.0001007550535520387,0.0001000027640077979
9.93019380312911e-06,3.3,5.0,1.372359920693235,3.299999991363837,0.0001007560553832433,0.0001000027640079307
9.940193803129106e-06,3.3,5.0,1.37235992201286,3.299999956922961,0.0001007550541312908,0.0001000027640077987
9.950193803129103e-06,3.3,5.0,1.372359920700101,3.299999991359007,0.0001007560547967436,0.00010000276400793
9.9601938031291e-06,3.3,5.0,1.372359922005568,3.299999956929637,0.000100755054724825,0.0001000027640077994
9.970193803129096e-06,3.3,5.0,1.372359920708924,3.299999991356476,0.000100756054196033,0.0001000027640079291
9.980193803129092e-06,3.3,5.0,1.372359921998045,3.29999995693243,0.0001007550553329607,0.0001000027640078002
9.990193803129089e-06,3.3,5.0,1.372359920713949,3.299999991348908,0.000100756053580472,0.0001000027640079286
1.000019380312909e-05,3.3,5.0,1.372359921989586,3.299999956937994,0.0001007550559544192,0.000100002764007801
1.001019380312908e-05,3.3,5.0,1.372359920724364,3.299999991345917,0.0001007560529520858,0.0001000027640079276
1.002019380312908e-05,3.3,5.0,1.372359921983991,3.299999956941494,0.0001007550565905148,0.0001000027640078016
1.003019380312907e-05,3.3,5.0,1.372359920727795,3.299999991338853,0.0001007560523098262,0.0001000027640079272
1.004019380312907e-05,3.3,5.0,1.372359921975587,3.299999956952018,0.0001007550572384232,0.0001000027640078024
1.005019380312907e-05,3.3,5.0,1.372359920734293,3.299999991332994,0.0001007560516551144,0.0001000027640079266
1.006019380312906e-05,3.3,5.0,1.372359921968698,3.299999956954086,0.0001007550578998496,0.0001000027640078031
1.007019380312906e-05,3.3,5.0,1.372359920740061,3.299999991327422,0.0001007560509878259,0.000100002764007926
1.008019380312906e-05,3.3,5.0,1.372359921961798,3.299999956960616,0.000100755058572858,0.0001000027640078038
1.009019380312905e-05,3.3,5.0,1.372359920748913,3.299999991325925,0.0001007560503092399,0.0001000027640079251
1.010019380312905e-05,3.3,5.0,1.372359921953964,3.299999956966539,0.0001007550592575369,0.0001000027640078046
1.011019380312905e-05,3.3,5.0,1.372359920759827,3.29999999131871,0.0001007560496199779,0.000100002764007924
1.012019380312904e-05,3.3,5.0,1.372359921948458,3.299999956975141,0.0001007550599530695,0.0001000027640078052
1.013019380312904e-05,3.3,5.0,1.372359920766445,3.29999999131543,0.0001007560489183525,0.0001000027640079233
1.014019380312904e-05,3.3,5.0,1.372359921941345,3.29999995697894,0.0001007550606595266,0.0001000027640078059
1.015019380312903e-05,3.3,5.0,1.372359920773021,3.299999991305807,0.0001007560482064952,0.0001000027640079227
1.016019380312903e-05,3.3,5.0,1.372359921934807,3.299999956986493,0.0001007550613769083,0.0001000027640078065
1.017019380312903e-05,3.3,5.0,1.37235992077621,3.299999991301931,0.0001007560474836779,0.0001000027640079224
1.018019380312902e-05,3.3,5.0,1.372359921926803,3.299999956987465,0.0001007550621042198,0.0001000027640078073
1.019019380312902e-05,3.3,5.0,1.372359920784303,3.299999991292326,0.0001007560467518899,0.0001000027640079216
1.020019380312902e-05,3.3,5.0,1.372359921919522,3.299999956998855,0.0001007550628411948,0.000100002764007808
1.021019380312901e-05,3.3,5.0,1.37235992079234,3.299999991287794,0.0001007560460101366,0.0001000027640079208
1.022019380312901e-05,3.3,5.0,1.372359921915011,3.299999957006666,0.00010075506358746,0.0001000027640078085
1.023019380312901e-05,3.3,5.0,1.372359920799624,3.299999991281141,0.0001007560452591462,0.00010000276400792
1.0240193803129e-05,3.3,5.0,1.372359921907413,3.299999957010748,0.0001007550643425538,0.0001000027640078093
1.0250193803129e-05,3.3,5.0,1.37235992080606,3.299999991275272,0.0001007560444993096,0.0001000027640079194
1.026019380312899e-05,3.3,5.0,1.372359921899889,3.299999957018889,0.0001007550651066182,0.00010000276400781
1.027019380312899e-05,3.3,5.0,1.372359920813225,3.299999991269216,0.0001007560437308398,0.0001000027640079187
1.028019380312899e-05,3.3,5.0,1.372359921894409,3.299999957028613,0.0001007550658796531,0.0001000027640078105
1.029019380312898e-05,3.3,5.0,1.372359920818295,3.299999991265266,0.0001007560429542166,0.0001000027640079182
1.030019380312898e-05,3.3,5.0,1.372359921887941,3.299999957033159,0.0001007550666600955,0.0001000027640078112
1.031019380312898e-05,3.3,5.0,1.372359920823006,3.299999991257335,0.0001007560421691379,0.0001000027640079177
1.032019380312897e-05,3.3,5.0,1.372359921878749,3.299999957037931,0.0001007550674481229,0.0001000027640078121
1.033019380312897e-05,3.3,5.0,1.372359920834605,3.299999991249677,0.0001007560413783039,0.0001000027640079165
1.034019380312897e-05,3.3,5.0,1.372359921875515,3.299999957045813,0.0001007550682446058,0.0001000027640078125
1.035019380312896e-05,3.3,5.0,1.372359920840732,3.299999991243364,0.0001007560405783926,0.0001000027640079159
1.036019380312896e-05,3.3,5.0,1.372359921867045,3.299999957053517,0.0001007550690473948,0.0001000027640078133
1.037019380312896e-05,3.3,5.0,1.372359920841741,3.299999991238446,0.0001007560397706832,0.0001000027640079158
1.038019380312895e-05,3.3,5.0,1.372359921861036,3.299999957058887,0.000100755069857822,0.0001000027640078139
1.039019380312895e-05,3.3,5.0,1.372359920847157,3.299999991227241,0.0001007560389568453,0.0001000027640079153
1.040019380312895e-05,3.3,5.0,1.372359921858316,3.299999957068263,0.0001007550706751061,0.0001000027640078142
1.041019380312894e-05,3.3,5.0,1.37235992085736,3.299999991220329,0.0001007560381374297,0.0001000027640079142
1.042019380312894e-05,3.3,5.0,1.37235992185147,3.299999957075393,0.0001007550714984475,0.0001000027640078148
1.043019380312894e-05,3.3,5.0,1.372359920864552,3.299999991214821,0.0001007560373106954,0.0001000027640079135
1.044019380312893e-05,3.3,5.0,1.372359921842339,3.299999957084407,0.000100755072327491,0.0001000027640078157
1.045019380312893e-05,3.3,5.0,1.372359920867978,3.299999991205051,0.0001007560364778683,0.0001000027640079132
1.046019380312893e-05,3.3,5.0,1.372359921836585,3.299999957095539,0.0001007550731638175,0.0001000027640078163
1.047019380312892e-05,3.3,5.0,1.372359920875019,3.299999991199505,0.0001007560356394989,0.0001000027640079125
1.048019380312892e-05,3.3,5.0,1.372359921834156,3.299999957101826,0.0001007550740058107,0.0001000027640078166
1.049019380312891e-05,3.3,5.0,1.372359920880964,3.299999991193302,0.0001007560347950366,0.0001000027640079119
1.050019380312891e-05,3.3,5.0,1.372359921825159,3.299999957107977,0.000100755074851694,0.0001000027640078175
1.051019380312891e-05,3.3,5.0,1.372359920884584,3.299999991181861,0.0001007560339450676,0.0001000027640079115
1.05201938031289e-05,3.3,5.0,1.372359921819679,3.299999957118092,0.0001007550757043453,0.000100002764007818
1.05301938031289e-05,3.3,5.0,1.372359920893892,3.299999991173782,0.0001007560330909775,0.0001000027640079106
1.05401938031289e-05,3.3,5.0,1.372359921815251,3.299999957127867,0.0001007550765621125,0.0001000027640078185
1.055019380312889e-05,3.3,5.0,1.372359920897712,3.299999991169899,0.0001007560322304747,0.0001000027640079102
1.056019380312889e-05,3.3,5.0,1.372359921805557,3.299999957134017,0.0001007550774232903,0.0001000027640078194
1.057019380312889e-05,3.3,5.0,1.372359920904387,3.299999991159319,0.0001007560313659751,0.0001000027640079095
1.058019380312888e-05,3.3,5.0,1.372359921801679,3.299999957142455,0.000100755078291165,0.0001000027640078198
1.059019380312888e-05,3.3,5.0,1.372359920912254,3.299999991149021,0.0001007560304973366,0.0001000027640079088
1.060019380312888e-05,3.3,5.0,1.372359921794857,3.29999995714954,0.0001007550791621838,0.0001000027640078205
1.061019380312887e-05,3.3,5.0,1.372359920917546,3.299999991140883,0.0001007560296230138,0.0001000027640079082
1.062019380312887e-05,3.3,5.0,1.372359921789779,3.29999995716128,0.0001007550800385849,0.000100002764007821
1.063019380312887e-05,3.3,5.0,1.37235992092383,3.299999991133816,0.0001007560287453692,0.0001000027640079076
1.064019380312886e-05,3.3,5.0,1.372359921783854,3.299999957167986,0.0001007550809188053,0.0001000027640078216
1.065019380312886e-05,3.3,5.0,1.372359920928591,3.299999991125657,0.0001007560278629106,0.0001000027640079071
1.066019380312886e-05,3.3,5.0,1.372359921776585,3.299999957178771,0.0001007550818022231,0.0001000027640078223
1.067019380312885e-05,3.3,5.0,1.372359920935724,3.2999999911182,0.0001007560269769882,0.0001000027640079064
1.068019380312885e-05,3.3,5.0,1.372359921772216,3.299999957185406,0.0001007550826905081,0.0001000027640078228
1.069019380312884e-05,3.3,5.0,1.372359920939723,3.299999991111082,0.000100756026087211,0.000100002764007906
1.070019380312884e-05,3.3,5.0,1.372359921767251,3.299999957192357,0.0001007550835825767,0.0001000027640078233
1.071019380312884e-05,3.3,5.0,1.372359920943099,3.299999991102348,0.0001007560251934193,0.0001000027640079057
1.072019380312883e-05,3.3,5.0,1.372359921761868,3.299999957203606,0.0001007550844777717,0.0001000027640078238
1.073019380312883e-05,3.3,5.0,1.372359920950139,3.299999991092975,0.0001007560242966611,0.000100002764007905
1.074019380312883e-05,3.3,5.0,1.372359921755668,3.299999957212598,0.0001007550853756313,0.0001000027640078244
1.075019380312882e-05,3.3,5.0,1.372359920957313,3.299999991086589,0.0001007560233967232,0.0001000027640079043
1.076019380312882e-05,3.3,5.0,1.37235992175005,3.299999957223145,0.0001007550862774166,0.000100002764007825
1.077019380312882e-05,3.3,5.0,1.372359920963105,3.299999991073312,0.000100756022493428,0.0001000027640079037
1.078019380312881e-05,3.3,5.0,1.372359921744109,3.299999957233235,0.0001007550871822217,0.0001000027640078256
1.079019380312881e-05,3.3,5.0,1.372359920967376,3.299999991066192,0.0001007560215869531,0.0001000027640079033
1.080019380312881e-05,3.3,5.0,1.37235992173925,3.299999957240491,0.0001007550880900644,0.0001000027640078261
1.08101938031288e-05,3.3,5.0,1.372359920975864,3.299999991056646,0.0001007560206787907,0.0001000027640079024
1.08201938031288e-05,3.3,5.0,1.372359921732259,3.299999957250899,0.0001007550890002874,0.0001000027640078268
1.08301938031288e-05,3.3,5.0,1.3723599209801,3.299999991048375,0.0001007560197663295,0.000100002764007902
1.084019380312879e-05,3.3,5.0,1.372359921725965,3.299999957259763,0.0001007550899136191,0.0001000027640078274
1.085019380312879e-05,3.3,5.0,1.37235992098239,3.299999991036487,0.0001007560188512215,0.0001000027640079018
1.086019380312879e-05,3.3,5.0,1.372359921722227,3.299999957272094,0.0001007550908294198,0.0001000027640078278
1.087019380312878e-05,3.3,5.0,1.372359920989624,3.299999991028777,0.000100756017934568,0.000100002764007901
1.088019380312878e-05,3.3,5.0,1.372359921717549,3.299999957278699,0.0001007550917474943,0.0001000027640078282
1.089019380312878e-05,3.3,5.0,1.372359920997167,3.299999991020261,0.0001007560170157297,0.0001000027640079003
1.090019380312877e-05,3.3,5.0,1.37235992171306,3.299999957288913,0.0001007550926684288,0.0001000027640078287
1.091019380312877e-05,3.3,5.0,1.372359920998967,3.299999991009559,0.0001007560160934808,0.0001000027640079001
1.092019380312876e-05,3.3,5.0,1.372359921705523,3.299999957302285,0.0001007550935901626,0.0001000027640078294
1.093019380312876e-05,3.3,5.0,1.37235992100498,3.29999999099832,0.0001007560151698995,0.0001000027640078995
1.094019380312876e-05,3.3,5.0,1.372359921701848,3.299999957311802,0.0001007550945155024,0.0001000027640078298
1.095019380312875e-05,3.3,5.0,1.372359921012458,3.29999999099031,0.0001007560142445064,0.0001000027640078987
1.096019380312875e-05,3.3,5.0,1.372359921695842,3.299999957318148,0.0001007550954421212,0.0001000027640078304
1.097019380312875e-05,3.3,5.0,1.372359921014693,3.299999990978463,0.0001007560133164488,0.0001000027640078985
1.098019380312874e-05,3.3,5.0,1.372359921690081,3.299999957333228,0.0001007550963709782,0.000100002764007831
1.099019380312874e-05,3.3,5.0,1.372359921021063,3.29999999097042,0.0001007560123874142,0.0001000027640078979
1.100019380312874e-05,3.3,5.0,1.372359921685564,3.299999957339689,0.00010075509730067,0.0001000027640078314
1.101019380312873e-05,3.3,5.0,1.372359921026666,3.299999990961423,0.0001007560114559815,0.0001000027640078973
1.102019380312873e-05,3.3,5.0,1.372359921679103,3.299999957352538,0.0001007550982330264,0.0001000027640078321
1.103019380312873e-05,3.3,5.0,1.372359921027332,3.299999990949649,0.0001007560105223283,0.0001000027640078973
1.104019380312872e-05,3.3,5.0,1.372359921675653,3.299999957361678,0.0001007550991665375,0.0001000027640078324
1.105019380312872e-05,3.3,5.0,1.372359921036637,3.299999990939327,0.0001007560095890482,0.0001000027640078963
1.106019380312872e-05,3.3,5.0,1.372359921672019,3.299999957374568,0.0001007551001017183,0.0001000027640078328
1.107019380312871e-05,3.3,5.0,1.372359921041973,3.29999999092774,0.0001007560086537786,0.0001000027640078958
1.108019380312871e-05,3.3,5.0,1.372359921666091,3.299999957382372,0.0001007551010383202,0.0001000027640078334
1.109019380312871e-05,3.3,5.0,1.372359921043682,3.299999990917235,0.0001007560077159332,0.0001000027640078956
1.11001938031287e-05,3.3,5.0,1.372359921661008,3.29999995739233,0.0001007551019759879,0.0001000027640078339
1.11101938031287e-05,3.3,5.0,1.372359921046401,3.299999990908368,0.0001007560067773063,0.0001000027640078953
1.11201938031287e-05,3.3,5.0,1.372359921656704,3.299999957403252,0.0001007551029144905,0.0001000027640078343
1.113019380312869e-05,3.3,5.0,1.372359921055234,3.299999990900526,0.0001007560058383596,0.0001000027640078945
1.114019380312869e-05,3.3,5.0,1.372359921650843,3.299999957417711,0.0001007551038541478,0.0001000027640078349
1.115019380312868e-05,3.3,5.0,1.372359921061424,3.299999990888627,0.000100756004897974,0.0001000027640078938
1.116019380312868e-05,3.3,5.0,1.372359921646232,3.299999957425046,0.0001007551047957413,0.0001000027640078354
1.117019380312868e-05,3.3,5.0,1.372359921064152,3.29999999087861,0.000100756003956043,0.0001000027640078936
1.118019380312867e-05,3.3,5.0,1.372359921640897,3.299999957439186,0.0001007551057373703,0.0001000027640078359
1.119019380312867e-05,3.3,5.0,1.372359921071645,3.299999990868014,0.00010075600301397,0.0001000027640078928
1.120019380312867e-05,3.3,5.0,1.372359921637474,3.29999995744594,0.0001007551066806335,0.0001000027640078362
1.121019380312866e-05,3.3,5.0,1.372359921072471,3.299999990855458,0.0001007560020701383,0.0001000027640078927
1.122019380312866e-05,3.3,5.0,1.372359921636108,3.299999957457036,0.0001007551076251047,0.0001000027640078364
1.123019380312866e-05,3.3,5.0,1.372359921077176,3.299999990846305,0.0001007560011259336,0.0001000027640078923
1.124019380312865e-05,3.3,5.0,1.372359921627538,3.299999957472032,0.0001007551085686344,0.0001000027640078372
1.125019380312865e-05,3.3,5.0,1.372359921083931,3.299999990835232,0.0001007560001817644,0.0001000027640078916
1.126019380312865e-05,3.3,5.0,1.372359921624863,3.299999957480167,0.0001007551095138161,0.0001000027640078375
1.127019380312864e-05,3.3,5.0,1.372359921087208,3.299999990819729,0.000100755999236032,0.0001000027640078913
1.128019380312864e-05,3.3,5.0,1.372359921617694,3.29999995749316,0.000100755110459957,0.0001000027640078382
1.129019380312864e-05,3.3,5.0,1.372359921093431,3.299999990812981,0.0001007559982899976,0.0001000027640078906
1.130019380312863e-05,3.3,5.0,1.372359921613779,3.299999957503861,0.000100755111405867,0.0001000027640078386
1.131019380312863e-05,3.3,5.0,1.372359921094116,3.299999990800977,0.0001007559973432527,0.0001000027640078906
1.132019380312863e-05,3.3,5.0,1.372359921611659,3.299999957512352,0.0001007551123530205,0.0001000027640078388
1.133019380312862e-05,3.3,5.0,1.372359921099902,3.299999990790033,0.000100755996396046,0.00010000276400789
1.134019380312862e-05,3.3,5.0,1.372359921605893,3.299999957526075,0.0001007551132995345,0.0001000027640078394
1.135019380312862e-05,3.3,5.0,1.372359921107217,3.299999990780285,0.0001007559954498695,0.0001000027640078893
1.136019380312861e-05,3.3,5.0,1.372359921601226,3.299999957539598,0.0001007551142473452,0.0001000027640078399
1.137019380312861e-05,3.3,5.0,1.372359921107748,3.299999990765796,0.0001007559945011528,0.0001000027640078892
1.13801938031286e-05,3.3,5.0,1.372359921596793,3.299999957547308,0.000100755115195227,0.0001000027640078403
1.13901938031286e-05,3.3,5.0,1.37235992111337,3.299999990753561,0.0001007559935535198,0.0001000027640078887
1.14001938031286e-05,3.3,5.0,1.372359921591153,3.299999957562716,0.0001007551161424693,0.0001000027640078409
1.141019380312859e-05,3.3,5.0,1.372359921118014,3.299999990744932,0.0001007559926052117,0.0001000027640078882
1.142019380312859e-05,3.3,5.0,1.372359921591332,3.299999957574624,0.0001007551170920031,0.0001000027640078409
1.143019380312859e-05,3.3,5.0,1.372359921119437,3.299999990733677,0.0001007559916564417,0.0001000027640078881
1.144019380312858e-05,3.3,5.0,1.372359921583639,3.299999957589042,0.000100755118039423,0.0001000027640078416
1.145019380312858e-05,3.3,5.0,1.37235992112714,3.299999990721467,0.0001007559907089862,0.0001000027640078873
1.146019380312858e-05,3.3,5.0,1.372359921578986,3.29999995760052,0.0001007551189875357,0.0001000027640078421
1.147019380312857e-05,3.3,5.0,1.372359921130439,3.29999999071196,0.0001007559897602341,0.0001000027640078869
1.148019380312857e-05,3.3,5.0,1.372359921577041,3.299999957610164,0.0001007551199370339,0.0001000027640078423
1.149019380312857e-05,3.3,5.0,1.37235992113387,3.299999990698427,0.0001007559888121214,0.0001000027640078866
1.150019380312856e-05,3.3,5.0,1.372359921572715,3.299999957621682,0.0001007551208853953,0.0001000027640078427
1.151019380312856e-05,3.3,5.0,1.372359921140436,3.299999990686354,0.0001007559878642218,0.000100002764007886
1.152019380312856e-05,3.3,5.0,1.372359921566399,3.299999957633291,0.0001007551218327797,0.0001000027640078433
1.153019380312855e-05,3.3,5.0,1.372359921141743,3.299999990673646,0.0001007559869151144,0.0001000027640078858
1.154019380312855e-05,3.3,5.0,1.372359921562989,3.299999957645663,0.0001007551227816385,0.0001000027640078437
1.155019380312855e-05,3.3,5.0,1.372359921145966,3.299999990663241,0.0001007559859671793,0.0001000027640078854
1.156019380312854e-05,3.3,5.0,1.372359921560524,3.299999957659293,0.000100755123729769,0.0001000027640078439
1.157019380312854e-05,3.3,5.0,1.372359921153457,3.299999990650956,0.0001007559850200969,0.0001000027640078846
1.158019380312853e-05,3.3,5.0,1.372359921555778,3.299999957672944,0.0001007551246774553,0.0001000027640078444
1.159019380312853e-05,3.3,5.0,1.372359921154059,3.299999990641975,0.0001007559840713269,0.0001000027640078846
1.160019380312853e-05,3.3,5.0,1.372359921551269,3.29999995768584,0.000100755125624822,0.0001000027640078449
1.161019380312852e-05,3.3,5.0,1.372359921160176,3.299999990630205,0.0001007559831245287,0.000100002764007884
1.162019380312852e-05,3.3,5.0,1.372359921549169,3.299999957697062,0.0001007551265724906,0.0001000027640078451
1.163019380312852e-05,3.3,5.0,1.372359921162344,3.299999990620751,0.0001007559821770733,0.0001000027640078838
1.164019380312851e-05,3.3,5.0,1.372359921542897,3.299999957711038,0.0001007551275188802,0.0001000027640078457
1.165019380312851e-05,3.3,5.0,1.372359921165686,3.299999990606715,0.0001007559812301508,0.0001000027640078834
1.166019380312851e-05,3.3,5.0,1.372359921539533,3.299999957722857,0.0001007551284654475,0.000100002764007846
1.16701938031285e-05,3.3,5.0,1.372359921171008,3.299999990591457,0.0001007559802839743,0.0001000027640078829
1.16801938031285e-05,3.3,5.0,1.372359921534911,3.299999957734975,0.0001007551294113042,0.0001000027640078465
1.16901938031285e-05,3.3,5.0,1.372359921173389,3.299999990580264,0.0001007559793378866,0.0001000027640078827
1.170019380312849e-05,3.3,5.0,1.372359921531519,3.299999957746702,0.0001007551303569478,0.0001000027640078468
1.171019380312849e-05,3.3,5.0,1.372359921177184,3.299999990566183,0.0001007559783919411,0.0001000027640078823
1.172019380312849e-05,3.3,5.0,1.372359921529908,3.299999957760149,0.0001007551313027689,0.000100002764007847
1.173019380312848e-05,3.3,5.0,1.372359921180916,3.299999990557092,0.0001007559774473989,0.0001000027640078819
1.174019380312848e-05,3.3,5.0,1.372359921522413,3.299999957770924,0.0001007551322464585,0.0001000027640078478
1.175019380312848e-05,3.3,5.0,1.372359921186372,3.299999990542806,0.0001007559765034428,0.0001000027640078814
1.176019380312847e-05,3.3,5.0,1.372359921521711,3.299999957783956,0.0001007551331911606,0.0001000027640078478
1.177019380312847e-05,3.3,5.0,1.372359921186764,3.299999990530321,0.0001007559755590072,0.0001000027640078813
1.178019380312847e-05,3.3,5.0,1.372359921518062,3.299999957799166,0.0001007551341350633,0.0001000027640078482
1.179019380312846e-05,3.3,5.0,1.37235992119199,3.299999990518565,0.0001007559746160637,0.0001000027640078808
1.180019380312846e-05,3.3,5.0,1.372359921513431,3.299999957809114,0.0001007551350774562,0.0001000027640078486
1.181019380312845e-05,3.3,5.0,1.372359921196643,3.299999990500377,0.0001007559736737952,0.0001000027640078803
1.182019380312845e-05,3.3,5.0,1.372359921509517,3.299999957819273,0.0001007551360198845,0.000100002764007849
1.183019380312845e-05,3.3,5.0,1.372359921198892,3.299999990491175,0.0001007559727314379,0.0001000027640078801
1.184019380312844e-05,3.3,5.0,1.372359921506757,3.299999957833537,0.000100755136960803,0.0001000027640078493
1.185019380312844e-05,3.3,5.0,1.372359921204711,3.299999990477427,0.0001007559717909991,0.0001000027640078795
1.186019380312844e-05,3.3,5.0,1.372359921505141,3.299999957847106,0.0001007551379027517,0.0001000027640078495
1.187019380312843e-05,3.3,5.0,1.372359921204807,3.299999990463968,0.0001007559708496365,0.0001000027640078795
1.188019380312843e-05,3.3,5.0,1.372359921500149,3.299999957861445,0.0001007551388422313,0.00010000276400785
1.189019380312843e-05,3.3,5.0,1.372359921213429,3.299999990454595,0.0001007559699107964,0.0001000027640078787
1.190019380312842e-05,3.3,5.0,1.372359921497128,3.299999957876325,0.0001007551397820129,0.0001000027640078503
1.191019380312842e-05,3.3,5.0,1.372359921212054,3.29999999044285,0.0001007559689712457,0.0001000027640078788
1.192019380312842e-05,3.3,5.0,1.372359921492496,3.299999957889681,0.0001007551407198405,0.0001000027640078508
1.193019380312841e-05,3.3,5.0,1.372359921219003,3.299999990428984,0.0001007559680336136,0.0001000027640078781
1.194019380312841e-05,3.3,5.0,1.372359921489517,3.299999957899208,0.0001007551416573839,0.000100002764007851
1.195019380312841e-05,3.3,5.0,1.372359921218991,3.299999990415719,0.0001007559670960347,0.0001000027640078781
1.19601938031284e-05,3.3,5.0,1.372359921486898,3.299999957913846,0.0001007551425948562,0.0001000027640078513
1.19701938031284e-05,3.3,5.0,1.372359921222572,3.299999990401856,0.000100755966159415,0.0001000027640078777
1.19801938031284e-05,3.3,5.0,1.372359921482345,3.299999957927411,0.0001007551435301614,0.0001000027640078518
1.199019380312839e-05,3.3,5.0,1.372359921229682,3.299999990390855,0.0001007559652243407,0.000100002764007877
1.200019380312839e-05,3.3,5.0,1.372359921478009,3.299999957944065,0.000100755144465129,0.0001000027640078522
1.201019380312839e-05,3.3,5.0,1.372359921229848,3.299999990379348,0.0001007559642894974,0.000100002764007877
1.202019380312838e-05,3.3,5.0,1.37235992147348,3.299999957954752,0.0001007551453985335,0.0001000027640078526
1.203019380312838e-05,3.3,5.0,1.372359921232605,3.299999990362058,0.0001007559633557022,0.0001000027640078767
1.204019380312837e-05,3.3,5.0,1.372359921473186,3.299999957965233,0.0001007551463326485,0.0001000027640078527
1.205019380312837e-05,3.3,5.0,1.372359921236275,3.29999999034972,0.0001007559624230793,0.0001000027640078764
1.206019380312837e-05,3.3,5.0,1.372359921468141,3.299999957982605,0.0001007551472645608,0.0001000027640078532
1.207019380312836e-05,3.3,5.0,1.372359921239105,3.299999990335809,0.0001007559614915933,0.0001000027640078761
1.208019380312836e-05,3.3,5.0,1.372359921466173,3.299999957994317,0.00010075514819626,0.0001000027640078534
1.209019380312836e-05,3.3,5.0,1.372359921242686,3.299999990320874,0.0001007559605608534,0.0001000027640078757
1.210019380312835e-05,3.3,5.0,1.3723599214629,3.299999958007242,0.0001007551491258098,0.0001000027640078537
1.211019380312835e-05,3.3,5.0,1.372359921247293,3.299999990311899,0.0001007559596316766,0.0001000027640078753
1.212019380312835e-05,3.3,5.0,1.372359921460706,3.299999958021818,0.0001007551500551286,0.0001000027640078539
1.213019380312834e-05,3.3,5.0,1.372359921248905,3.299999990296269,0.0001007559587028374,0.0001000027640078751
1.214019380312834e-05,3.3,5.0,1.372359921459238,3.299999958037117,0.0001007551509839323,0.0001000027640078541
1.215019380312834e-05,3.3,5.0,1.372359921251547,3.299999990282743,0.0001007559577749574,0.0001000027640078749
1.216019380312833e-05,3.3,5.0,1.372359921452908,3.299999958048982,0.0001007551519098583,0.0001000027640078547
1.217019380312833e-05,3.3,5.0,1.372359921255708,3.299999990270615,0.0001007559568491025,0.0001000027640078744
1.218019380312833e-05,3.3,5.0,1.372359921453942,3.299999958063264,0.000100755152836708,0.0001000027640078546
1.219019380312832e-05,3.3,5.0,1.372359921261885,3.299999990258194,0.0001007559559242956,0.0001000027640078738
1.220019380312832e-05,3.3,5.0,1.372359921445142,3.299999958077414,0.0001007551537608221,0.0001000027640078555
1.221019380312832e-05,3.3,5.0,1.372359921259703,3.299999990245049,0.00010075595499924,0.000100002764007874
1.222019380312831e-05,3.3,5.0,1.372359921444449,3.299999958089787,0.0001007551546842968,0.0001000027640078555
1.223019380312831e-05,3.3,5.0,1.372359921266047,3.299999990232922,0.0001007559540772753,0.0001000027640078734
1.22401938031283e-05,3.3,5.0,1.372359921441818,3.299999958106505,0.0001007551556072563,0.0001000027640078558
1.22501938031283e-05,3.3,5.0,1.37235992126611,3.299999990216881,0.0001007559531544224,0.0001000027640078734
1.22601938031283e-05,3.3,5.0,1.372359921440533,3.29999995811911,0.0001007551565283506,0.0001000027640078559
1.227019380312829e-05,3.3,5.0,1.372359921269574,3.299999990204542,0.0001007559522336833,0.000100002764007873
1.228019380312829e-05,3.3,5.0,1.37235992143581,3.299999958132591,0.0001007551574482192,0.0001000027640078564
1.229019380312829e-05,3.3,5.0,1.37235992127313,3.299999990190209,0.000100755951314543,0.0001000027640078727
1.230019380312828e-05,3.3,5.0,1.372359921434343,3.299999958145673,0.0001007551583673773,0.0001000027640078566
1.231019380312828e-05,3.3,5.0,1.372359921274513,3.2999999901766,0.0001007559503959356,0.0001000027640078725
1.232019380312828e-05,3.3,5.0,1.37235992143021,3.299999958162998,0.0001007551592846702,0.000100002764007857
1.233019380312827e-05,3.3,5.0,1.372359921279819,3.299999990161306,0.0001007559494790335,0.000100002764007872
1.234019380312827e-05,3.3,5.0,1.372359921428454,3.299999958171378,0.0001007551602014302,0.0001000027640078572
1.235019380312827e-05,3.3,5.0,1.372359921283723,3.299999990145411,0.0001007559485635347,0.0001000027640078716
1.236019380312826e-05,3.3,5.0,1.372359921422853,3.299999958188281,0.0001007551611158099,0.0001000027640078577
1.237019380312826e-05,3.3,5.0,1.372359921283751,3.299999990134324,0.0001007559476485866,0.0001000027640078716
1.238019380312826e-05,3.3,5.0,1.372359921421156,3.299999958201503,0.0001007551620298343,0.0001000027640078579
1.239019380312825e-05,3.3,5.0,1.372359921288357,3.299999990121469,0.0001007559467360898,0.0001000027640078712
1.240019380312825e-05,3.3,5.0,1.37235992141838,3.299999958215527,0.0001007551629420823,0.0001000027640078582
1.241019380312825e-05,3.3,5.0,1.372359921289031,3.299999990104598,0.0001007559458235575,0.0001000027640078711
1.242019380312824e-05,3.3,5.0,1.372359921417435,3.299999958230784,0.0001007551638541528,0.0001000027640078582
1.243019380312824e-05,3.3,5.0,1.372359921293375,3.299999990095071,0.0001007559449133345,0.0001000027640078707
1.244019380312824e-05,3.3,5.0,1.372359921414186,3.299999958245471,0.000100755164764056,0.0001000027640078586
1.245019380312823e-05,3.3,5.0,1.372359921294749,3.299999990080881,0.0001007559440034135,0.0001000027640078705
1.246019380312823e-05,3.3,5.0,1.372359921411582,3.299999958258018,0.0001007551656728224,0.0001000027640078588
1.247019380312822e-05,3.3,5.0,1.372359921295788,3.299999990068395,0.0001007559430951445,0.0001000027640078704
1.248019380312822e-05,3.3,5.0,1.372359921408444,3.29999995827273,0.0001007551665799723,0.0001000027640078591
1.249019380312822e-05,3.3,5.0,1.37235992130059,3.299999990051823,0.0001007559421888117,0.0001000027640078699
1.250019380312821e-05,3.3,5.0,1.372359921408694,3.299999958288733,0.0001007551674868913,0.0001000027640078591
1.251019380312821e-05,3.3,5.0,1.372359921302573,3.299999990035333,0.0001007559412837401,0.0001000027640078697
1.252019380312821e-05,3.3,5.0,1.372359921402967,3.299999958301706,0.0001007551683910036,0.0001000027640078597
1.25301938031282e-05,3.3,5.0,1.372359921304797,3.299999990025414,0.0001007559403795923,0.0001000027640078695
1.25401938031282e-05,3.3,5.0,1.372359921401717,3.299999958317877,0.0001007551692943877,0.0001000027640078598
1.25501938031282e-05,3.3,5.0,1.372359921307783,3.299999990008928,0.0001007559394767411,0.0001000027640078692
1.256019380312819e-05,3.3,5.0,1.372359921397476,3.299999958332004,0.0001007551701959065,0.0001000027640078602
1.257019380312819e-05,3.3,5.0,1.372359921310443,3.299999989994857,0.0001007559385758973,0.000100002764007869
1.258019380312819e-05,3.3,5.0,1.372359921395987,3.299999958343151,0.0001007551710964129,0.0001000027640078604
1.259019380312818e-05,3.3,5.0,1.372359921313383,3.299999989982664,0.0001007559376761903,0.0001000027640078687
1.260019380312818e-05,3.3,5.0,1.372359921393888,3.299999958363298,0.0001007551719956758,0.0001000027640078606
1.261019380312818e-05,3.3,5.0,1.372359921315322,3.299999989965198,0.0001007559367775847,0.0001000027640078685
1.262019380312817e-05,3.3,5.0,1.372359921391536,3.299999958374528,0.0001007551728934287,0.0001000027640078608
1.263019380312817e-05,3.3,5.0,1.372359921317281,3.299999989950949,0.0001007559358806488,0.0001000027640078683
1.264019380312817e-05,3.3,5.0,1.37235992138749,3.299999958386803,0.0001007551737890856,0.0001000027640078612
1.265019380312816e-05,3.3,5.0,1.372359921320246,3.299999989939836,0.0001007559349851696,0.000100002764007868
1.266019380312816e-05,3.3,5.0,1.372359921386696,3.299999958403593,0.0001007551746841741,0.0001000027640078613
1.267019380312816e-05,3.3,5.0,1.372359921324196,3.299999989922236,0.0001007559340915022,0.0001000027640078676
1.268019380312815e-05,3.3,5.0,1.372359921383935,3.29999995841959,0.0001007551755774862,0.0001000027640078616
1.269019380312815e-05,3.3,5.0,1.372359921324092,3.299999989908663,0.0001007559331983855,0.0001000027640078676
1.270019380312814e-05,3.3,5.0,1.3723599213814,3.299999958431719,0.0001007551764692884,0.0001000027640078619
1.271019380312814e-05,3.3,5.0,1.372359921328268,3.299999989897801,0.0001007559323073472,0.0001000027640078672
1.272019380312814e-05,3.3,5.0,1.37235992137952,3.299999958448011,0.0001007551773598116,0.000100002764007862
1.273019380312813e-05,3.3,5.0,1.372359921330614,3.299999989882279,0.0001007559314176944,0.0001000027640078669
1.274019380312813e-05,3.3,5.0,1.372359921376714,3.299999958461747,0.0001007551782485762,0.0001000027640078623
1.275019380312813e-05,3.3,5.0,1.372359921330753,3.299999989866779,0.0001007559305291252,0.0001000027640078669
1.276019380312812e-05,3.3,5.0,1.372359921373779,3.2999999584791,0.0001007551791359908,0.0001000027640078626
1.277019380312812e-05,3.3,5.0,1.37235992133412,3.299999989849589,0.0001007559296426343,0.0001000027640078666
1.278019380312812e-05,3.3,5.0,1.372359921371431,3.299999958491872,0.0001007551800219843,0.0001000027640078628
1.279019380312811e-05,3.3,5.0,1.372359921334505,3.299999989837644,0.0001007559287569783,0.0001000027640078665
1.280019380312811e-05,3.3,5.0,1.372359921369728,3.299999958506021,0.0001007551809068409,0.000100002764007863
1.281019380312811e-05,3.3,5.0,1.372359921338965,3.299999989824102,0.0001007559278737026,0.0001000027640078661
1.28201938031281e-05,3.3,5.0,1.372359921368621,3.299999958520151,0.0001007551817899922,0.0001000027640078631
1.28301938031281e-05,3.3,5.0,1.372359921339864,3.299999989809042,0.0001007559269911908,0.000100002764007866
1.28401938031281e-05,3.3,5.0,1.372359921367139,3.299999958533522,0.0001007551826717402,0.0001000027640078633
1.285019380312809e-05,3.3,5.0,1.372359921344338,3.299999989796344,0.0001007559261109349,0.0001000027640078656
1.286019380312809e-05,3.3,5.0,1.37235992136314,3.299999958551783,0.0001007551835512678,0.0001000027640078637
1.287019380312809e-05,3.3,5.0,1.372359921341996,3.299999989778975,0.0001007559252307146,0.0001000027640078658
1.288019380312808e-05,3.3,5.0,1.372359921361885,3.299999958566416,0.0001007551844296585,0.0001000027640078638
1.289019380312808e-05,3.3,5.0,1.372359921348726,3.299999989765324,0.0001007559243541002,0.0001000027640078651
1.290019380312808e-05,3.3,5.0,1.372359921358944,3.299999958581035,0.0001007551853067169,0.0001000027640078641
1.291019380312807e-05,3.3,5.0,1.372359921348739,3.299999989749666,0.0001007559234775214,0.0001000027640078651
1.292019380312807e-05,3.3,5.0,1.372359921358149,3.299999958596157,0.0001007551861822477,0.0001000027640078642
1.293019380312806e-05,3.3,5.0,1.37235992134956,3.2999999897337,0.0001007559226026834,0.000100002764007865
1.294019380312806e-05,3.3,5.0,1.372359921354248,3.299999958607482,0.0001007551870557179,0.0001000027640078646
1.295019380312806e-05,3.3,5.0,1.372359921353007,3.299999989719896,0.0001007559217297639,0.0001000027640078647
1.296019380312805e-05,3.3,5.0,1.372359921353256,3.299999958623748,0.0001007551879279268,0.0001000027640078647
1.297019380312805e-05,3.3,5.0,1.372359921354967,3.299999989707793,0.0001007559208580701,0.0001000027640078645
1.298019380312805e-05,3.3,5.0,1.372359921349471,3.299999958640352,0.0001007551887982174,0.000100002764007865
1.299019380312804e-05,3.3,5.0,1.372359921358663,3.299999989691264,0.0001007559199882592,0.0001000027640078641
1.300019380312804e-05,3.3,5.0,1.372359921348705,3.299999958655301,0.000100755189667442,0.0001000027640078651
1.301019380312804e-05,3.3,5.0,1.372359921357736,3.299999989677072,0.0001007559191194253,0.0001000027640078642
1.302019380312803e-05,3.3,5.0,1.37235992134656,3.299999958669058,0.0001007551905350147,0.0001000027640078654
1.303019380312803e-05,3.3,5.0,1.3723599213624,3.299999989666259,0.0001007559182530783,0.0001000027640078638
1.304019380312803e-05,3.3,5.0,1.372359921345529,3.299999958685224,0.0001007551914015216,0.0001000027640078654
1.305019380312802e-05,3.3,5.0,1.372359921361216,3.299999989648891,0.0001007559173876017,0.0001000027640078639
1.306019380312802e-05,3.3,5.0,1.372359921344024,3.299999958699248,0.0001007551922660922,0.0001000027640078656
1.307019380312802e-05,3.3,5.0,1.37235992136567,3.299999989637615,0.0001007559165245943,0.0001000027640078634
1.308019380312801e-05,3.3,5.0,1.372359921340744,3.299999958715335,0.0001007551931287089,0.0001000027640078659
1.309019380312801e-05,3.3,5.0,1.372359921368851,3.299999989618764,0.0001007559156629546,0.0001000027640078631
1.310019380312801e-05,3.3,5.0,1.372359921339964,3.299999958729555,0.0001007551939902775,0.000100002764007866
1.3110193803128e-05,3.3,5.0,1.372359921368255,3.29999998960572,0.0001007559148018301,0.0001000027640078632
1.3120193803128e-05,3.3,5.0,1.372359921338497,3.299999958746215,0.000100755194849821,0.0001000027640078661
1.313019380312799e-05,3.3,5.0,1.372359921371493,3.299999989590824,0.0001007559139432813,0.0001000027640078629
1.314019380312799e-05,3.3,5.0,1.37235992133432,3.299999958760797,0.0001007551957078014,0.0001000027640078666
1.315019380312799e-05,3.3,5.0,1.372359921372009,3.299999989575757,0.0001007559130858339,0.0001000027640078628
1.316019380312798e-05,3.3,5.0,1.372359921333177,3.2999999587764,0.0001007551965641475,0.0001000027640078667
1.317019380312798e-05,3.3,5.0,1.372359921370847,3.299999989557834,0.0001007559122296832,0.0001000027640078629
1.318019380312798e-05,3.3,5.0,1.372359921334156,3.299999958791406,0.0001007551974192501,0.0001000027640078666
1.319019380312797e-05,3.3,5.0,1.37235992137555,3.299999989542818,0.0001007559113758773,0.0001000027640078625
1.320019380312797e-05,3.3,5.0,1.372359921330002,3.299999958807374,0.0001007551982722212,0.000100002764007867
1.321019380312797e-05,3.3,5.0,1.372359921373393,3.29999998952729,0.0001007559105230306,0.0001000027640078627
1.322019380312796e-05,3.3,5.0,1.372359921330263,3.299999958823272,0.0001007551991243928,0.000100002764007867
1.323019380312796e-05,3.3,5.0,1.372359921380374,3.299999989511404,0.0001007559096729906,0.000100002764007862
1.324019380312796e-05,3.3,5.0,1.372359921327112,3.299999958835961,0.0001007551999738111,0.0001000027640078673
1.325019380312795e-05,3.3,5.0,1.372359921379557,3.299999989496698,0.0001007559088233768,0.000100002764007862
1.326019380312795e-05,3.3,5.0,1.372359921325849,3.299999958853465,0.0001007552008218972,0.0001000027640078674
1.327019380312795e-05,3.3,5.0,1.372359921385554,3.299999989482431,0.0001007559079768895,0.0001000027640078614
1.328019380312794e-05,3.3,5.0,1.37235992132377,3.29999995887016,0.000100755201668651,0.0001000027640078676
1.329019380312794e-05,3.3,5.0,1.372359921382303,3.299999989469005,0.0001007559071299048,0.0001000027640078618
1.330019380312794e-05,3.3,5.0,1.37235992131952,3.299999958883728,0.0001007552025129534,0.000100002764007868
1.331019380312793e-05,3.3,5.0,1.372359921385007,3.29999998945445,0.0001007559062857445,0.0001000027640078615
1.332019380312793e-05,3.3,5.0,1.37235992132016,3.299999958898733,0.0001007552033570959,0.000100002764007868
1.333019380312793e-05,3.3,5.0,1.372359921389351,3.299999989439041,0.0001007559054436093,0.0001000027640078611
1.334019380312792e-05,3.3,5.0,1.372359921317564,3.299999958912018,0.0001007552041989647,0.0001000027640078682
1.335019380312792e-05,3.3,5.0,1.372359921386767,3.299999989424711,0.0001007559046016694,0.0001000027640078613
1.336019380312791e-05,3.3,5.0,1.372359921317681,3.299999958929106,0.0001007552050392881,0.0001000027640078682
1.337019380312791e-05,3.3,5.0,1.372359921391759,3.299999989408161,0.0001007559037629625,0.0001000027640078608
1.338019380312791e-05,3.3,5.0,1.372359921316838,3.299999958945591,0.0001007552058780482,0.0001000027640078683
1.33901938031279e-05,3.3,5.0,1.372359921392835,3.299999989393785,0.0001007559029254103,0.0001000027640078607
1.34001938031279e-05,3.3,5.0,1.3723599213136,3.299999958962442,0.000100755206714588,0.0001000027640078686
1.34101938031279e-05,3.3,5.0,1.372359921392635,3.299999989376628,0.0001007559020891192,0.0001000027640078607
1.342019380312789e-05,3.3,5.0,1.372359921313369,3.2999999589754,0.000100755207550577,0.0001000027640078687
1.343019380312789e-05,3.3,5.0,1.372359921395778,3.299999989363341,0.0001007559012549598,0.0001000027640078604
1.344019380312789e-05,3.3,5.0,1.372359921310647,3.299999958991443,0.0001007552083837417,0.0001000027640078689
1.345019380312788e-05,3.3,5.0,1.372359921396089,3.299999989347512,0.0001007559004220794,0.0001000027640078604
1.346019380312788e-05,3.3,5.0,1.372359921309218,3.299999959008446,0.0001007552092155385,0.0001000027640078691
1.347019380312788e-05,3.3,5.0,1.372359921399213,3.299999989331724,0.000100755899591526,0.0001000027640078601
1.348019380312787e-05,3.3,5.0,1.372359921308165,3.299999959022687,0.0001007552100457189,0.0001000027640078692
1.349019380312787e-05,3.3,5.0,1.372359921396954,3.299999989316612,0.0001007558987613456,0.0001000027640078603
1.350019380312787e-05,3.3,5.0,1.372359921306045,3.299999959037638,0.0001007552108743005,0.0001000027640078694
1.351019380312786e-05,3.3,5.0,1.372359921403406,3.299999989302852,0.0001007558979342384,0.0001000027640078597
1.352019380312786e-05,3.3,5.0,1.372359921303951,3.29999995905352,0.0001007552117014078,0.0001000027640078696
1.353019380312786e-05,3.3,5.0,1.372359921402051,3.299999989286729,0.0001007558971077883,0.0001000027640078598
1.354019380312785e-05,3.3,5.0,1.372359921306167,3.299999959069076,0.0001007552125268986,0.0001000027640078694
1.355019380312785e-05,3.3,5.0,1.372359921404068,3.299999989271536,0.000100755896283168,0.0001000027640078596
1.356019380312785e-05,3.3,5.0,1.372359921303108,3.299999959084901,0.0001007552133502933,0.0001000027640078697
1.357019380312784e-05,3.3,5.0,1.372359921406403,3.299999989253244,0.0001007558954609102,0.0001000027640078593
1.358019380312784e-05,3.3,5.0,1.372359921302132,3.299999959100447,0.0001007552141725689,0.0001000027640078698
1.359019380312783e-05,3.3,5.0,1.372359921406071,3.299999989238508,0.0001007558946397715,0.0001000027640078594
1.360019380312783e-05,3.3,5.0,1.372359921299111,3.299999959113429,0.0001007552149924819,0.0001000027640078701
1.361019380312783e-05,3.3,5.0,1.372359921407597,3.299999989225125,0.0001007558938199828,0.0001000027640078592
1.362019380312782e-05,3.3,5.0,1.372359921297279,3.299999959132644,0.0001007552158104587,0.0001000027640078703
1.363019380312782e-05,3.3,5.0,1.372359921411738,3.299999989207693,0.0001007558930027343,0.0001000027640078588
1.364019380312782e-05,3.3,5.0,1.372359921297029,3.299999959148299,0.000100755216627867,0.0001000027640078703
1.365019380312781e-05,3.3,5.0,1.372359921408597,3.299999989192992,0.0001007558921855924,0.0001000027640078591
1.366019380312781e-05,3.3,5.0,1.372359921296548,3.299999959161201,0.000100755217443055,0.0001000027640078704
1.367019380312781e-05,3.3,5.0,1.372359921411483,3.299999989180177,0.0001007558913716834,0.0001000027640078588
1.36801938031278e-05,3.3,5.0,1.372359921296488,3.299999959182326,0.0001007552182569284,0.0001000027640078703
1.36901938031278e-05,3.3,5.0,1.372359921413021,3.299999989162498,0.0001007558905585738,0.0001000027640078587
1.37001938031278e-05,3.3,5.0,1.372359921293941,3.299999959193696,0.0001007552190687235,0.0001000027640078706
1.371019380312779e-05,3.3,5.0,1.372359921415543,3.299999989149048,0.0001007558897480755,0.0001000027640078584
1.372019380312779e-05,3.3,5.0,1.37235992129158,3.299999959209669,0.0001007552198784935,0.0001000027640078708
1.373019380312779e-05,3.3,5.0,1.372359921417303,3.299999989131034,0.0001007558889390516,0.0001000027640078583
1.374019380312778e-05,3.3,5.0,1.37235992129128,3.299999959228489,0.0001007552206873043,0.0001000027640078709
1.375019380312778e-05,3.3,5.0,1.372359921417972,3.299999989116966,0.0001007558881312177,0.0001000027640078582
1.376019380312778e-05,3.3,5.0,1.372359921289125,3.299999959240308,0.0001007552214945164,0.0001000027640078711
1.377019380312777e-05,3.3,5.0,1.372359921418248,3.299999989103525,0.0001007558873245919,0.0001000027640078582
1.378019380312777e-05,3.3,5.0,1.37235992128659,3.299999959255566,0.0001007552222990106,0.0001000027640078713
1.379019380312776e-05,3.3,5.0,1.372359921417972,3.299999989087052,0.0001007558865201864,0.0001000027640078582
1.380019380312776e-05,3.3,5.0,1.372359921288062,3.299999959272764,0.000100755223103416,0.0001000027640078712
1.381019380312776e-05,3.3,5.0,1.372359921420162,3.299999989073399,0.0001007558857176462,0.000100002764007858
1.382019380312775e-05,3.3,5.0,1.372359921284537,3.299999959288667,0.0001007552239041266,0.0001000027640078715
1.383019380312775e-05,3.3,5.0,1.372359921421032,3.299999989052759,0.0001007558849168468,0.0001000027640078579
1.384019380312775e-05,3.3,5.0,1.372359921282778,3.299999959305097,0.0001007552247041978,0.0001000027640078717
1.385019380312774e-05,3.3,5.0,1.372359921424706,3.299999989040147,0.0001007558841183566,0.0001000027640078575
1.386019380312774e-05,3.3,5.0,1.372359921281665,3.299999959320284,0.0001007552255032208,0.0001000027640078718
1.387019380312774e-05,3.3,5.0,1.372359921423639,3.299999989021411,0.0001007558833198487,0.0001000027640078576
1.388019380312773e-05,3.3,5.0,1.372359921282634,3.299999959336172,0.0001007552262999346,0.0001000027640078717
1.389019380312773e-05,3.3,5.0,1.372359921422975,3.29999998900874,0.0001007558825234901,0.0001000027640078577
1.390019380312773e-05,3.3,5.0,1.372359921281374,3.299999959349566,0.0001007552270948188,0.0001000027640078719
1.391019380312772e-05,3.3,5.0,1.37235992142751,3.299999988990849,0.0001007558817297606,0.0001000027640078572
1.392019380312772e-05,3.3,5.0,1.372359921279609,3.299999959366952,0.0001007552278880154,0.000100002764007872
1.393019380312772e-05,3.3,5.0,1.37235992142613,3.299999988976518,0.0001007558809367594,0.0001000027640078574
1.394019380312771e-05,3.3,5.0,1.372359921277945,3.299999959382613,0.0001007552286795245,0.0001000027640078722
1.395019380312771e-05,3.3,5.0,1.372359921428441,3.299999988960842,0.0001007558801459609,0.0001000027640078571
1.396019380312771e-05,3.3,5.0,1.372359921277867,3.299999959402253,0.0001007552294699145,0.0001000027640078722
1.39701938031277e-05,3.3,5.0,1.372359921427923,3.299999988944443,0.0001007558793563702,0.0001000027640078572
1.39801938031277e-05,3.3,5.0,1.372359921277367,3.299999959413328,0.0001007552302585814,0.0001000027640078722
1.39901938031277e-05,3.3,5.0,1.372359921430632,3.299999988930085,0.0001007558785692488,0.0001000027640078569
1.400019380312769e-05,3.3,5.0,1.372359921275473,3.299999959432826,0.0001007552310444949,0.0001000027640078724
1.401019380312769e-05,3.3,5.0,1.372359921430659,3.2999999889184,0.0001007558777834418,0.0001000027640078569
1.402019380312768e-05,3.3,5.0,1.372359921274063,3.299999959444649,0.000100755231829698,0.0001000027640078726
1.403019380312768e-05,3.3,5.0,1.372359921435428,3.29999998889755,0.0001007558769999085,0.0001000027640078565
1.404019380312768e-05,3.3,5.0,1.372359921271652,3.299999959463704,0.0001007552326132312,0.0001000027640078728
1.405019380312767e-05,3.3,5.0,1.372359921431959,3.29999998888535,0.000100755876216997,0.0001000027640078568
1.406019380312767e-05,3.3,5.0,1.372359921273404,3.299999959478106,0.0001007552333949703,0.0001000027640078726
1.407019380312767e-05,3.3,5.0,1.372359921434669,3.29999998886889,0.0001007558754365369,0.0001000027640078565
1.408019380312766e-05,3.3,5.0,1.372359921272634,3.299999959495345,0.0001007552341750219,0.0001000027640078727
1.409019380312766e-05,3.3,5.0,1.372359921436394,3.299999988853841,0.000100755874657711,0.0001000027640078564
1.410019380312766e-05,3.3,5.0,1.372359921269121,3.299999959508134,0.0001007552349525688,0.0001000027640078731
1.411019380312765e-05,3.3,5.0,1.372359921433142,3.299999988838115,0.0001007558738791693,0.0001000027640078567
1.412019380312765e-05,3.3,5.0,1.37235992126798,3.29999995952563,0.0001007552357289789,0.0001000027640078732
1.413019380312765e-05,3.3,5.0,1.372359921437001,3.29999998882057,0.0001007558731042159,0.0001000027640078563
1.414019380312764e-05,3.3,5.0,1.372359921269467,3.299999959542249,0.0001007552365046251,0.000100002764007873
1.415019380312764e-05,3.3,5.0,1.372359921438309,3.299999988804279,0.0001007558723300085,0.0001000027640078562
1.416019380312764e-05,3.3,5.0,1.372359921265708,3.299999959557798,0.0001007552372768784,0.0001000027640078734
1.417019380312763e-05,3.3,5.0,1.372359921438339,3.299999988790498,0.0001007558715578262,0.0001000027640078562
1.418019380312763e-05,3.3,5.0,1.372359921266653,3.299999959573878,0.0001007552380488831,0.0001000027640078733
1.419019380312763e-05,3.3,5.0,1.372359921441872,3.299999988773034,0.0001007558707873847,0.0001000027640078558
1.420019380312762e-05,3.3,5.0,1.372359921266546,3.299999959588533,0.0001007552388189338,0.0001000027640078733
1.421019380312762e-05,3.3,5.0,1.37235992144053,3.299999988759641,0.0001007558700179735,0.0001000027640078559
1.422019380312762e-05,3.3,5.0,1.372359921264766,3.299999959607532,0.0001007552395864798,0.0001000027640078735
1.423019380312761e-05,3.3,5.0,1.372359921440735,3.299999988739303,0.0001007558692507117,0.0001000027640078559
1.424019380312761e-05,3.3,5.0,1.372359921264777,3.299999959622897,0.000100755240353191,0.0001000027640078735
1.42501938031276e-05,3.3,5.0,1.372359921445593,3.299999988727152,0.0001007558684859546,0.0001000027640078554
1.42601938031276e-05,3.3,5.0,1.372359921261972,3.299999959637815,0.0001007552411178771,0.0001000027640078738
1.42701938031276e-05,3.3,5.0,1.372359921444277,3.299999988708753,0.0001007558677215172,0.0001000027640078556
1.428019380312759e-05,3.3,5.0,1.37235992126485,3.299999959653585,0.0001007552418814796,0.0001000027640078735
1.429019380312759e-05,3.3,5.0,1.372359921443065,3.299999988694159,0.000100755866959016,0.0001000027640078557
1.430019380312759e-05,3.3,5.0,1.372359921261413,3.299999959671096,0.0001007552426427195,0.0001000027640078739
1.431019380312758e-05,3.3,5.0,1.372359921444461,3.299999988679541,0.0001007558661986642,0.0001000027640078555
1.432019380312758e-05,3.3,5.0,1.372359921260224,3.299999959683101,0.0001007552434025562,0.000100002764007874
1.433019380312758e-05,3.3,5.0,1.37235992144602,3.299999988663668,0.0001007558654401598,0.0001000027640078554
1.434019380312757e-05,3.3,5.0,1.372359921259372,3.299999959701398,0.0001007552441606342,0.0001000027640078741
1.435019380312757e-05,3.3,5.0,1.372359921445312,3.29999998864698,0.0001007558646822772,0.0001000027640078555
1.436019380312757e-05,3.3,5.0,1.372359921259474,3.299999959718876,0.0001007552449168649,0.0001000027640078741
1.437019380312756e-05,3.3,5.0,1.372359921447479,3.299999988631077,0.0001007558639270235,0.0001000027640078553
1.438019380312756e-05,3.3,5.0,1.372359921257738,3.299999959736743,0.000100755245671479,0.0001000027640078742
1.439019380312756e-05,3.3,5.0,1.372359921447781,3.299999988617055,0.0001007558631731555,0.0001000027640078552
1.440019380312755e-05,3.3,5.0,1.372359921256705,3.299999959749793,0.0001007552464243701,0.0001000027640078743
1.441019380312755e-05,3.3,5.0,1.372359921449441,3.299999988601586,0.0001007558624212059,0.0001000027640078551
1.442019380312755e-05,3.3,5.0,1.372359921258341,3.299999959768313,0.0001007552471761598,0.0001000027640078741
1.443019380312754e-05,3.3,5.0,1.372359921449587,3.299999988583869,0.0001007558616705352,0.000100002764007855
1.444019380312754e-05,3.3,5.0,1.372359921257155,3.299999959782696,0.000100755247925889,0.0001000027640078743
1.445019380312754e-05,3.3,5.0,1.372359921450797,3.299999988570054,0.0001007558609217653,0.0001000027640078549
1.446019380312753e-05,3.3,5.0,1.372359921255516,3.29999995980195,0.0001007552486738596,0.0001000027640078744
1.447019380312753e-05,3.3,5.0,1.372359921450437,3.299999988554769,0.0001007558601743631,0.0001000027640078549
1.448019380312752e-05,3.3,5.0,1.372359921254953,3.299999959813423,0.0001007552494199472,0.0001000027640078745
1.449019380312752e-05,3.3,5.0,1.372359921451999,3.299999988537156,0.0001007558594290038,0.0001000027640078548
1.450019380312752e-05,3.3,5.0,1.372359921255168,3.299999959832087,0.0001007552501649335,0.0001000027640078745
1.451019380312751e-05,3.3,5.0,1.37235992145311,3.299999988520317,0.0001007558586853143,0.0001000027640078547
1.452019380312751e-05,3.3,5.0,1.37235992125267,3.299999959846589,0.000100755250907504,0.0001000027640078747
1.453019380312751e-05,3.3,5.0,1.372359921455889,3.299999988505537,0.0001007558579430636,0.0001000027640078544
1.45401938031275e-05,3.3,5.0,1.372359921253462,3.299999959863768,0.0001007552516492395,0.0001000027640078746
1.45501938031275e-05,3.3,5.0,1.372359921453639,3.299999988489997,0.0001007558572023405,0.0001000027640078546
1.45601938031275e-05,3.3,5.0,1.372359921252383,3.299999959881402,0.0001007552523889145,0.0001000027640078748
1.457019380312749e-05,3.3,5.0,1.372359921453413,3.299999988474176,0.0001007558564633938,0.0001000027640078546
1.458019380312749e-05,3.3,5.0,1.372359921252357,3.29999995989459,0.0001007552531267598,0.0001000027640078748
1.459019380312749e-05,3.3,5.0,1.372359921457157,3.299999988459738,0.000100755855726561,0.0001000027640078543
1.460019380312748e-05,3.3,5.0,1.372359921252926,3.299999959910764,0.0001007552538637348,0.0001000027640078747
1.461019380312748e-05,3.3,5.0,1.372359921454926,3.299999988443382,0.0001007558549905986,0.0001000027640078545
1.462019380312748e-05,3.3,5.0,1.372359921250449,3.299999959927504,0.000100755254597832,0.0001000027640078749
1.463019380312747e-05,3.3,5.0,1.372359921455074,3.299999988425914,0.0001007558542566435,0.0001000027640078545
1.464019380312747e-05,3.3,5.0,1.37235992124968,3.29999995994254,0.0001007552553307746,0.000100002764007875
1.465019380312747e-05,3.3,5.0,1.372359921458211,3.299999988408527,0.0001007558535246424,0.0001000027640078542
1.466019380312746e-05,3.3,5.0,1.372359921249729,3.299999959960525,0.0001007552560624382,0.000100002764007875
1.467019380312746e-05,3.3,5.0,1.372359921456395,3.299999988393884,0.0001007558527937248,0.0001000027640078543
1.468019380312745e-05,3.3,5.0,1.372359921248375,3.299999959975426,0.0001007552567920945,0.0001000027640078751
1.469019380312745e-05,3.3,5.0,1.372359921458629,3.299999988377301,0.000100755852065454,0.0001000027640078541
1.470019380312745e-05,3.3,5.0,1.372359921247703,3.299999959990914,0.0001007552575197614,0.0001000027640078752
1.471019380312744e-05,3.3,5.0,1.37235992145975,3.299999988361358,0.0001007558513379649,0.000100002764007854
1.472019380312744e-05,3.3,5.0,1.372359921249434,3.299999960007253,0.0001007552582470374,0.000100002764007875
1.473019380312744e-05,3.3,5.0,1.372359921459956,3.29999998834429,0.0001007558506124652,0.000100002764007854
1.474019380312743e-05,3.3,5.0,1.372359921247627,3.299999960022851,0.0001007552589716133,0.0001000027640078752
1.475019380312743e-05,3.3,5.0,1.372359921460102,3.299999988332323,0.0001007558498884399,0.000100002764007854
1.476019380312743e-05,3.3,5.0,1.372359921245301,3.299999960040078,0.0001007552596940754,0.0001000027640078755
1.477019380312742e-05,3.3,5.0,1.37235992146116,3.299999988314851,0.000100755849166191,0.0001000027640078539
1.478019380312742e-05,3.3,5.0,1.372359921247148,3.299999960055064,0.000100755260416502,0.0001000027640078753
1.479019380312742e-05,3.3,5.0,1.372359921460795,3.299999988300089,0.0001007558484451322,0.0001000027640078539
1.480019380312741e-05,3.3,5.0,1.372359921244607,3.299999960074284,0.0001007552611357666,0.0001000027640078755
1.481019380312741e-05,3.3,5.0,1.372359921461866,3.29999998828333,0.0001007558477264182,0.0001000027640078538
1.482019380312741e-05,3.3,5.0,1.372359921243733,3.299999960088191,0.000100755261854001,0.0001000027640078756
1.48301938031274e-05,3.3,5.0,1.372359921460747,3.299999988268013,0.0001007558470085924,0.0001000027640078539
1.48401938031274e-05,3.3,5.0,1.372359921243974,3.299999960104302,0.0001007552625703169,0.0001000027640078756
1.48501938031274e-05,3.3,5.0,1.372359921460768,3.299999988252074,0.0001007558462928095,0.0001000027640078539
1.486019380312739e-05,3.3,5.0,1.37235992124286,3.299999960120056,0.0001007552632852117,0.0001000027640078757
1.487019380312739e-05,3.3,5.0,1.372359921464914,3.299999988232609,0.0001007558455793535,0.0001000027640078535
1.488019380312739e-05,3.3,5.0,1.372359921244178,3.299999960135542,0.0001007552639989696,0.0001000027640078756
1.489019380312738e-05,3.3,5.0,1.372359921461293,3.299999988220426,0.0001007558448658087,0.0001000027640078539
1.490019380312738e-05,3.3,5.0,1.372359921242902,3.299999960153599,0.0001007552647102229,0.0001000027640078757
1.491019380312737e-05,3.3,5.0,1.372359921461606,3.299999988201895,0.0001007558441548929,0.0001000027640078538
1.492019380312737e-05,3.3,5.0,1.372359921243006,3.2999999601714,0.0001007552654205525,0.0001000027640078757
1.493019380312737e-05,3.3,5.0,1.372359921465565,3.299999988186271,0.0001007558434464996,0.0001000027640078534
1.494019380312736e-05,3.3,5.0,1.372359921244592,3.299999960187497,0.0001007552661295498,0.0001000027640078755
1.495019380312736e-05,3.3,5.0,1.372359921464183,3.299999988171545,0.0001007558427384438,0.0001000027640078536
1.496019380312736e-05,3.3,5.0,1.372359921240156,3.299999960204436,0.0001007552668351365,0.000100002764007876
1.497019380312735e-05,3.3,5.0,1.372359921463041,3.29999998815547,0.0001007558420323597,0.0001000027640078537
1.498019380312735e-05,3.3,5.0,1.372359921241393,3.299999960219818,0.0001007552675409364,0.0001000027640078759
1.499019380312735e-05,3.3,5.0,1.372359921463849,3.299999988140363,0.0001007558413283539,0.0001000027640078536
1.500019380312734e-05,3.3,5.0,1.372359921243162,3.299999960234451,0.000100755268245102,0.0001000027640078757
1.501019380312734e-05,3.3,5.0,1.372359921466987,3.299999988120057,0.0001007558406261956,0.0001000027640078533
1.502019380312734e-05,3.3,5.0,1.372359921240232,3.299999960249509,0.0001007552689464432,0.000100002764007876
1.503019380312733e-05,3.3,5.0,1.372359921464357,3.299999988106135,0.0001007558399243748,0.0001000027640078535
1.504019380312733e-05,3.3,5.0,1.372359921240834,3.299999960264468,0.0001007552696467363,0.0001000027640078759
1.505019380312733e-05,3.3,5.0,1.372359921465687,3.299999988091043,0.0001007558392250764,0.0001000027640078534
1.506019380312732e-05,3.3,5.0,1.372359921240687,3.299999960282749,0.0001007552703456084,0.0001000027640078759
1.507019380312732e-05,3.3,5.0,1.372359921468704,3.299999988075849,0.0001007558385279807,0.0001000027640078531
1.508019380312732e-05,3.3,5.0,1.37235992123883,3.29999996029799,0.0001007552710427752,0.0001000027640078761
1.509019380312731e-05,3.3,5.0,1.372359921465205,3.29999998805904,0.0001007558378310626,0.0001000027640078535
1.510019380312731e-05,3.3,5.0,1.372359921238604,3.299999960314183,0.0001007552717376682,0.0001000027640078761
1.511019380312731e-05,3.3,5.0,1.372359921467059,3.299999988042996,0.0001007558371364005,0.0001000027640078533
1.51201938031273e-05,3.3,5.0,1.37235992123837,3.299999960330481,0.0001007552724314244,0.0001000027640078762
1.51301938031273e-05,3.3,5.0,1.372359921467045,3.299999988025796,0.0001007558364432661,0.0001000027640078533
1.514019380312729e-05,3.3,5.0,1.372359921240564,3.299999960346237,0.0001007552731243634,0.0001000027640078759
1.515019380312729e-05,3.3,5.0,1.372359921467066,3.299999988012667,0.0001007558357518014,0.0001000027640078533
1.516019380312729e-05,3.3,5.0,1.372359921238244,3.299999960364475,0.0001007552738143004,0.0001000027640078762
1.517019380312728e-05,3.3,5.0,1.372359921470253,3.299999987996053,0.0001007558350623973,0.000100002764007853
1.518019380312728e-05,3.3,5.0,1.372359921238928,3.299999960378019,0.0001007552745038289,0.0001000027640078761
1.519019380312728e-05,3.3,5.0,1.37235992146845,3.299999987980516,0.0001007558343738636,0.0001000027640078531
1.520019380312727e-05,3.3,5.0,1.372359921238353,3.299999960398194,0.0001007552751910836,0.0001000027640078762
1.521019380312727e-05,3.3,5.0,1.372359921468649,3.299999987965143,0.0001007558336873905,0.0001000027640078531
1.522019380312727e-05,3.3,5.0,1.372359921236917,3.299999960411851,0.0001007552758768639,0.0001000027640078763
1.523019380312726e-05,3.3,5.0,1.372359921468784,3.29999998794911,0.0001007558330022497,0.0001000027640078531
1.524019380312726e-05,3.3,5.0,1.37235992123905,3.299999960428033,0.0001007552765613652,0.0001000027640078761
1.525019380312726e-05,3.3,5.0,1.372359921469678,3.299999987932518,0.000100755832319276,0.000100002764007853
1.526019380312725e-05,3.3,5.0,1.372359921235819,3.29999996044291,0.0001007552772433264,0.0001000027640078764
1.527019380312726e-05,3.3,5.0,1.37235992146778,3.29999998791611,0.0001007558316365865,0.0001000027640078532
1.528019380312726e-05,3.3,5.0,1.372359921236086,3.2999999604618,0.0001007552779244526,0.0001000027640078764
1.529019380312727e-05,3.3,5.0,1.372359921469517,3.299999987901681,0.0001007558309566504,0.000100002764007853
1.530019380312727e-05,3.3,5.0,1.372359921237249,3.299999960474997,0.0001007552786040868,0.0001000027640078763
1.531019380312728e-05,3.3,5.0,1.372359921469075,3.299999987886197,0.00010075583027794,0.0001000027640078531
1.532019380312728e-05,3.3,5.0,1.372359921235721,3.299999960492433,0.000100755279281838,0.0001000027640078764
1.533019380312729e-05,3.3,5.0,1.372359921468757,3.299999987869124,0.0001007558296009171,0.0001000027640078531
1.534019380312729e-05,3.3,5.0,1.372359921235297,3.299999960509185,0.0001007552799580082,0.0001000027640078765
1.53501938031273e-05,3.3,5.0,1.372359921470018,3.299999987851482,0.0001007558289255818,0.000100002764007853
1.53601938031273e-05,3.3,5.0,1.372359921235336,3.299999960526433,0.0001007552806328284,0.0001000027640078764
1.537019380312731e-05,3.3,5.0,1.372359921468406,3.299999987833897,0.0001007558282514188,0.0001000027640078532
1.538019380312731e-05,3.3,5.0,1.372359921235973,3.299999960542155,0.0001007552813060854,0.0001000027640078764
1.539019380312732e-05,3.3,5.0,1.372359921471417,3.29999998782003,0.000100755827579654,0.0001000027640078528
1.540019380312732e-05,3.3,5.0,1.372359921235487,3.299999960556142,0.0001007552819774062,0.0001000027640078764
1.541019380312733e-05,3.3,5.0,1.372359921470734,3.29999998780446,0.0001007558269086352,0.0001000027640078529
1.542019380312733e-05,3.3,5.0,1.372359921235152,3.29999996057125,0.0001007552826475723,0.0001000027640078765
1.543019380312734e-05,3.3,5.0,1.372359921470686,3.299999987787341,0.0001007558262393927,0.0001000027640078529
1.544019380312734e-05,3.3,5.0,1.372359921235172,3.299999960589116,0.0001007552833157667,0.0001000027640078765
1.545019380312735e-05,3.3,5.0,1.372359921472063,3.299999987768762,0.0001007558255718911,0.0001000027640078528
1.546019380312735e-05,3.3,5.0,1.372359921236216,3.299999960606692,0.0001007552839829486,0.0001000027640078764
1.547019380312736e-05,3.3,5.0,1.372359921470714,3.299999987755798,0.0001007558249058106,0.0001000027640078529
1.548019380312736e-05,3.3,5.0,1.372359921234987,3.299999960618106,0.0001007552846477679,0.0001000027640078765
1.549019380312737e-05,3.3,5.0,1.372359921471755,3.299999987738716,0.0001007558242415242,0.0001000027640078528
1.550019380312737e-05,3.3,5.0,1.372359921236383,3.299999960635553,0.0001007552853119655,0.0001000027640078763
1.551019380312738e-05,3.3,5.0,1.37235992147054,3.299999987723591,0.0001007558235782326,0.0001000027640078529
1.552019380312738e-05,3.3,5.0,1.372359921234642,3.299999960653878,0.0001007552859735873,0.0001000027640078765
1.553019380312739e-05,3.3,5.0,1.372359921469437,3.299999987708047,0.0001007558229168416,0.000100002764007853
1.554019380312739e-05,3.3,5.0,1.372359921234651,3.299999960670362,0.0001007552866338592,0.0001000027640078765
1.55501938031274e-05,3.3,5.0,1.372359921470176,3.299999987692578,0.0001007558222571027,0.000100002764007853
1.55601938031274e-05,3.3,5.0,1.372359921233258,3.29999996068528,0.000100755287292781,0.0001000027640078767
1.557019380312741e-05,3.3,5.0,1.372359921472601,3.299999987677998,0.000100755821599371,0.0001000027640078527
1.558019380312741e-05,3.3,5.0,1.372359921235043,3.299999960705207,0.0001007552879509745,0.0001000027640078765
1.559019380312742e-05,3.3,5.0,1.372359921471224,3.29999998766074,0.0001007558209420835,0.0001000027640078529
1.560019380312742e-05,3.3,5.0,1.372359921233641,3.299999960721989,0.000100755288606237,0.0001000027640078766
1.561019380312743e-05,3.3,5.0,1.372359921469944,3.299999987642514,0.0001007558202869631,0.000100002764007853
1.562019380312743e-05,3.3,5.0,1.372359921233777,3.299999960736446,0.00010075528926086,0.0001000027640078766
1.563019380312744e-05,3.3,5.0,1.372359921469897,3.299999987629726,0.0001007558196332105,0.000100002764007853
1.564019380312744e-05,3.3,5.0,1.372359921235502,3.299999960752693,0.0001007552899139909,0.0001000027640078764
1.565019380312745e-05,3.3,5.0,1.37235992147355,3.299999987616028,0.0001007558189821579,0.0001000027640078526
1.566019380312745e-05,3.3,5.0,1.372359921233161,3.29999996076778,0.0001007552905646882,0.0001000027640078767
1.567019380312746e-05,3.3,5.0,1.37235992147099,3.299999987597989,0.0001007558183311409,0.0001000027640078529
1.568019380312746e-05,3.3,5.0,1.37235992123314,3.299999960786128,0.0001007552912145861,0.0001000027640078767
1.569019380312747e-05,3.3,5.0,1.372359921470534,3.299999987582325,0.0001007558176819713,0.0001000027640078529
1.570019380312747e-05,3.3,5.0,1.372359921234038,3.299999960801239,0.0001007552918627254,0.0001000027640078766
1.571019380312748e-05,3.3,5.0,1.372359921470782,3.299999987563832,0.0001007558170345603,0.0001000027640078529
1.572019380312748e-05,3.3,5.0,1.372359921234967,3.299999960817027,0.0001007552925099232,0.0001000027640078765
1.573019380312749e-05,3.3,5.0,1.372359921468418,3.299999987551591,0.0001007558163868295,0.0001000027640078532
1.574019380312749e-05,3.3,5.0,1.372359921227757,3.299999960838858,0.0001007552931521295,0.0001000027640078772
1.57501938031275e-05,3.3,5.0,1.372359921466887,3.299999987537175,0.0001007558157419765,0.0001000027640078533
1.57601938031275e-05,3.3,5.0,1.372359921229108,3.299999960855025,0.0001007552937959345,0.0001000027640078771
1.577019380312751e-05,3.3,5.0,1.372359921465784,3.299999987521921,0.0001007558150993083,0.0001000027640078534
1.578019380312751e-05,3.3,5.0,1.372359921228749,3.29999996086739,0.0001007552944377856,0.0001000027640078771
1.579019380312752e-05,3.3,5.0,1.37235992146693,3.299999987501743,0.0001007558144582389,0.0001000027640078533
1.580019380312752e-05,3.3,5.0,1.372359921231913,3.299999960888363,0.0001007552950792635,0.0001000027640078768
1.581019380312753e-05,3.3,5.0,1.372359921467835,3.299999987487137,0.0001007558138182175,0.0001000027640078532
1.582019380312753e-05,3.3,5.0,1.372359921227855,3.299999960901309,0.0001007552957169756,0.0001000027640078772
1.583019380312754e-05,3.3,5.0,1.372359921465786,3.299999987472152,0.0001007558131795995,0.0001000027640078534
1.584019380312754e-05,3.3,5.0,1.372359921229529,3.299999960918754,0.0001007552963550963,0.000100002764007877
1.585019380312755e-05,3.3,5.0,1.372359921465188,3.29999998745432,0.0001007558125430065,0.0001000027640078535
1.586019380312755e-05,3.3,5.0,1.372359921228417,3.299999960933738,0.0001007552969904103,0.0001000027640078772
1.587019380312756e-05,3.3,5.0,1.372359921465244,3.299999987439763,0.0001007558119074793,0.0001000027640078535
1.588019380312756e-05,3.3,5.0,1.372359921228787,3.299999960948693,0.0001007552976250493,0.0001000027640078771
1.589019380312757e-05,3.3,5.0,1.37235992146547,3.299999987424501,0.0001007558112739239,0.0001000027640078534
1.590019380312757e-05,3.3,5.0,1.372359921228273,3.299999960964825,0.0001007552982580186,0.0001000027640078772
1.591019380312758e-05,3.3,5.0,1.372359921465274,3.299999987406804,0.0001007558106416297,0.0001000027640078535
1.592019380312758e-05,3.3,5.0,1.37235992123063,3.299999960979782,0.0001007552988901174,0.0001000027640078769
1.593019380312759e-05,3.3,5.0,1.372359921467768,3.299999987390553,0.0001007558100118224,0.0001000027640078532
1.594019380312759e-05,3.3,5.0,1.372359921227182,3.299999960998041,0.0001007552995191964,0.0001000027640078773
1.59501938031276e-05,3.3,5.0,1.372359921467057,3.29999998737644,0.0001007558093823881,0.0001000027640078533
1.59601938031276e-05,3.3,5.0,1.372359921229395,3.299999961012368,0.0001007553001481155,0.000100002764007877
1.597019380312761e-05,3.3,5.0,1.3723599214658,3.299999987360464,0.0001007558087542505,0.0001000027640078534
1.598019380312761e-05,3.3,5.0,1.37235992122805,3.299999961029862,0.000100755300774459,0.0001000027640078772
1.599019380312762e-05,3.3,5.0,1.37235992146594,3.299999987345031,0.0001007558081283157,0.0001000027640078534
1.600019380312762e-05,3.3,5.0,1.372359921229225,3.299999961047491,0.000100755301400305,0.0001000027640078771
1.601019380312763e-05,3.3,5.0,1.372359921466109,3.299999987330092,0.0001007558075036065,0.0001000027640078534
1.602019380312763e-05,3.3,5.0,1.372359921228632,3.299999961061974,0.0001007553020242859,0.0001000027640078771
1.603019380312764e-05,3.3,5.0,1.372359921463686,3.299999987315431,0.0001007558068797322,0.0001000027640078536
1.604019380312764e-05,3.3,5.0,1.372359921228575,3.299999961083494,0.0001007553026464193,0.0001000027640078771
1.605019380312765e-05,3.3,5.0,1.372359921466196,3.299999987298252,0.0001007558062588067,0.0001000027640078534
1.606019380312765e-05,3.3,5.0,1.37235992122856,3.2999999610927,0.0001007553032670251,0.0001000027640078771
1.607019380312766e-05,3.3,5.0,1.372359921463907,3.299999987284179,0.0001007558056379522,0.0001000027640078536
1.608019380312766e-05,3.3,5.0,1.372359921228031,3.299999961112538,0.0001007553038865118,0.0001000027640078772
1.609019380312767e-05,3.3,5.0,1.372359921466055,3.29999998726529,0.0001007558050197267,0.0001000027640078534
1.610019380312767e-05,3.3,5.0,1.372359921231413,3.299999961127271,0.0001007553045051281,0.0001000027640078769
1.611019380312768e-05,3.3,5.0,1.372359921463097,3.299999987251595,0.0001007558044020342,0.0001000027640078537
1.612019380312768e-05,3.3,5.0,1.372359921228963,3.299999961147722,0.0001007553051210798,0.0001000027640078771
1.613019380312769e-05,3.3,5.0,1.372359921464491,3.299999987237618,0.0001007558037865443,0.0001000027640078535
1.614019380312769e-05,3.3,5.0,1.372359921230255,3.299999961160307,0.0001007553057364986,0.000100002764007877
1.61501938031277e-05,3.3,5.0,1.372359921465946,3.299999987221265,0.0001007558031726709,0.0001000027640078534
1.61601938031277e-05,3.3,5.0,1.372359921229592,3.299999961177953,0.0001007553063497858,0.000100002764007877
1.617019380312771e-05,3.3,5.0,1.372359921467778,3.299999987201477,0.0001007558025600409,0.0001000027640078532
1.618019380312771e-05,3.3,5.0,1.372359921232394,3.29999996119052,0.0001007553069624691,0.0001000027640078767
1.619019380312772e-05,3.3,5.0,1.372359921466944,3.299999987189508,0.0001007558019489209,0.0001000027640078533
1.620019380312772e-05,3.3,5.0,1.372359921229324,3.299999961209366,0.000100755307572399,0.0001000027640078771
1.621019380312773e-05,3.3,5.0,1.372359921464168,3.299999987170206,0.0001007558013384403,0.0001000027640078536
1.622019380312773e-05,3.3,5.0,1.372359921230949,3.299999961224079,0.0001007553081817959,0.0001000027640078769
1.623019380312774e-05,3.3,5.0,1.372359921465719,3.29999998715486,0.0001007558007303223,0.0001000027640078534
1.624019380312774e-05,3.3,5.0,1.372359921228877,3.299999961239518,0.0001007553087893455,0.0001000027640078771
1.625019380312775e-05,3.3,5.0,1.372359921464091,3.299999987137521,0.0001007558001229327,0.0001000027640078536
1.626019380312775e-05,3.3,5.0,1.372359921229361,3.299999961257325,0.0001007553093954917,0.000100002764007877
1.627019380312776e-05,3.3,5.0,1.372359921463377,3.299999987122872,0.0001007557995171772,0.0001000027640078537
1.628019380312776e-05,3.3,5.0,1.372359921230171,3.299999961274268,0.0001007553100003057,0.000100002764007877
1.629019380312777e-05,3.3,5.0,1.372359921462316,3.299999987107531,0.0001007557989132336,0.0001000027640078537
1.630019380312777e-05,3.3,5.0,1.372359921230282,3.299999961287786,0.0001007553106033433,0.000100002764007877
1.631019380312778e-05,3.3,5.0,1.372359921464749,3.299999987091157,0.0001007557983110487,0.0001000027640078535
1.632019380312778e-05,3.3,5.0,1.372359921232369,3.299999961304165,0.0001007553112060612,0.0001000027640078768
1.633019380312779e-05,3.3,5.0,1.37235992146327,3.299999987076913,0.0001007557977095742,0.0001000027640078537
1.634019380312779e-05,3.3,5.0,1.37235992123023,3.299999961318064,0.0001007553118057948,0.000100002764007877
1.63501938031278e-05,3.3,5.0,1.372359921464095,3.29999998705784,0.0001007557971104801,0.0001000027640078536
1.63601938031278e-05,3.3,5.0,1.372359921231822,3.299999961335691,0.0001007553124051731,0.0001000027640078768
1.637019380312781e-05,3.3,5.0,1.372359921462174,3.299999987042564,0.0001007557965117591,0.0001000027640078538
1.638019380312781e-05,3.3,5.0,1.37235992123192,3.29999996135102,0.0001007553130026863,0.0001000027640078768
1.639019380312782e-05,3.3,5.0,1.3723599214609,3.299999987026281,0.0001007557959147255,0.0001000027640078539
1.640019380312782e-05,3.3,5.0,1.372359921233616,3.2999999613663,0.0001007553135992402,0.0001000027640078766
1.641019380312783e-05,3.3,5.0,1.372359921464789,3.299999987011397,0.0001007557953202144,0.0001000027640078535
1.642019380312783e-05,3.3,5.0,1.372359921230921,3.299999961383058,0.000100755314193023,0.0001000027640078769
1.643019380312784e-05,3.3,5.0,1.372359921461487,3.299999986996922,0.0001007557947257744,0.0001000027640078538
1.644019380312784e-05,3.3,5.0,1.372359921232474,3.299999961397468,0.0001007553147865926,0.0001000027640078767
1.645019380312785e-05,3.3,5.0,1.372359921463101,3.299999986979836,0.0001007557941332705,0.0001000027640078537
1.646019380312785e-05,3.3,5.0,1.372359921233151,3.299999961415821,0.0001007553153786169,0.0001000027640078767
1.647019380312786e-05,3.3,5.0,1.372359921462142,3.29999998696438,0.0001007557935423121,0.0001000027640078538
1.648019380312786e-05,3.3,5.0,1.372359921232704,3.299999961433377,0.0001007553159688469,0.0001000027640078767
1.649019380312787e-05,3.3,5.0,1.372359921461695,3.299999986949912,0.0001007557929526327,0.0001000027640078538
1.650019380312787e-05,3.3,5.0,1.372359921235821,3.299999961448147,0.0001007553165580645,0.0001000027640078764
1.651019380312788e-05,3.3,5.0,1.372359921464279,3.299999986934417,0.0001007557923651205,0.0001000027640078536
1.652019380312788e-05,3.3,5.0,1.372359921233473,3.299999961463794,0.0001007553171450971,0.0001000027640078766
1.653019380312789e-05,3.3,5.0,1.372359921461988,3.299999986919484,0.0001007557917778391,0.0001000027640078538
1.654019380312789e-05,3.3,5.0,1.372359921233269,3.29999996148025,0.0001007553177313482,0.0001000027640078767
1.65501938031279e-05,3.3,5.0,1.372359921460291,3.29999998690199,0.0001007557911922986,0.000100002764007854
1.65601938031279e-05,3.3,5.0,1.372359921233846,3.299999961495911,0.0001007553183159472,0.0001000027640078766
1.657019380312791e-05,3.3,5.0,1.3723599214618,3.299999986889126,0.0001007557906084457,0.0001000027640078538
1.658019380312791e-05,3.3,5.0,1.372359921233683,3.299999961512279,0.0001007553188988232,0.0001000027640078766
1.659019380312792e-05,3.3,5.0,1.372359921460686,3.299999986869802,0.0001007557900256763,0.0001000027640078539
1.660019380312792e-05,3.3,5.0,1.372359921236196,3.29999996152463,0.0001007553194816636,0.0001000027640078764
1.661019380312793e-05,3.3,5.0,1.37235992146035,3.299999986854505,0.0001007557894443102,0.000100002764007854
1.662019380312793e-05,3.3,5.0,1.37235992123462,3.299999961543436,0.0001007553200614487,0.0001000027640078765
1.663019380312794e-05,3.3,5.0,1.372359921458859,3.299999986839507,0.0001007557888644008,0.0001000027640078541
1.664019380312794e-05,3.3,5.0,1.372359921234497,3.299999961558523,0.0001007553206402746,0.0001000027640078765
1.665019380312795e-05,3.3,5.0,1.372359921459598,3.299999986824611,0.0001007557882864631,0.000100002764007854
1.666019380312795e-05,3.3,5.0,1.372359921235955,3.29999996157397,0.000100755321218088,0.0001000027640078764
1.667019380312796e-05,3.3,5.0,1.372359921459959,3.29999998680946,0.0001007557877097866,0.000100002764007854
1.668019380312796e-05,3.3,5.0,1.37235992123617,3.299999961592412,0.0001007553217944092,0.0001000027640078764
1.669019380312797e-05,3.3,5.0,1.37235992146034,3.299999986793291,0.0001007557871343535,0.000100002764007854
1.670019380312797e-05,3.3,5.0,1.37235992123921,3.299999961608594,0.0001007553223699133,0.0001000027640078761
1.671019380312798e-05,3.3,5.0,1.37235992145897,3.299999986777874,0.0001007557865597021,0.0001000027640078541
1.672019380312798e-05,3.3,5.0,1.372359921235721,3.299999961626093,0.0001007553229424331,0.0001000027640078764
1.673019380312799e-05,3.3,5.0,1.372359921459305,3.299999986759711,0.0001007557859870224,0.0001000027640078541
1.674019380312799e-05,3.3,5.0,1.372359921237391,3.299999961639587,0.000100755323515095,0.0001000027640078763
1.6750193803128e-05,3.3,5.0,1.372359921458721,3.299999986742576,0.0001007557854158349,0.0001000027640078541
1.6760193803128e-05,3.3,5.0,1.372359921235322,3.29999996165599,0.0001007553240850746,0.0001000027640078764
1.677019380312801e-05,3.3,5.0,1.372359921457533,3.299999986730596,0.0001007557848453757,0.0001000027640078542
1.678019380312801e-05,3.3,5.0,1.372359921235613,3.299999961675316,0.0001007553246542549,0.0001000027640078764
1.679019380312802e-05,3.3,5.0,1.372359921457401,3.299999986714919,0.0001007557842768526,0.0001000027640078543
1.680019380312802e-05,3.3,5.0,1.37235992123862,3.299999961686047,0.0001007553252227246,0.0001000027640078761
1.681019380312803e-05,3.3,5.0,1.372359921456167,3.299999986698083,0.0001007557837095198,0.0001000027640078544
1.682019380312803e-05,3.3,5.0,1.372359921237752,3.299999961701852,0.0001007553257889206,0.0001000027640078762
1.683019380312804e-05,3.3,5.0,1.37235992145874,3.299999986683484,0.0001007557831441587,0.0001000027640078541
1.684019380312804e-05,3.3,5.0,1.37235992123901,3.299999961719235,0.0001007553263545304,0.0001000027640078761
1.685019380312805e-05,3.3,5.0,1.372359921458336,3.299999986668468,0.0001007557825799345,0.0001000027640078542
1.686019380312805e-05,3.3,5.0,1.37235992123873,3.299999961735366,0.0001007553269183638,0.0001000027640078761
1.687019380312806e-05,3.3,5.0,1.372359921455724,3.299999986649641,0.0001007557820164208,0.0001000027640078544
1.688019380312806e-05,3.3,5.0,1.37235992123794,3.299999961749782,0.000100755327480261,0.0001000027640078762
1.689019380312807e-05,3.3,5.0,1.372359921454809,3.299999986634637,0.0001007557814547012,0.0001000027640078545
1.690019380312807e-05,3.3,5.0,1.372359921238535,3.299999961763403,0.0001007553280413055,0.0001000027640078761
1.691019380312808e-05,3.3,5.0,1.372359921457262,3.299999986618611,0.0001007557808948113,0.0001000027640078543
1.692019380312808e-05,3.3,5.0,1.372359921240366,3.299999961781908,0.000100755328601604,0.0001000027640078759
1.693019380312809e-05,3.3,5.0,1.372359921456181,3.299999986602191,0.0001007557803356675,0.0001000027640078544
1.694019380312809e-05,3.3,5.0,1.372359921240477,3.29999996179829,0.0001007553291600195,0.0001000027640078759
1.69501938031281e-05,3.3,5.0,1.372359921456819,3.299999986590156,0.0001007557797782645,0.0001000027640078543
1.69601938031281e-05,3.3,5.0,1.372359921238574,3.299999961811757,0.0001007553297165521,0.0001000027640078761
1.697019380312811e-05,3.3,5.0,1.372359921452952,3.299999986571269,0.0001007557792209148,0.0001000027640078547
1.698019380312811e-05,3.3,5.0,1.37235992123892,3.299999961829511,0.0001007553302717347,0.0001000027640078761
1.699019380312812e-05,3.3,5.0,1.372359921453143,3.299999986556373,0.0001007557786662651,0.0001000027640078547
1.700019380312812e-05,3.3,5.0,1.372359921238755,3.299999961844546,0.0001007553308257804,0.0001000027640078761
1.701019380312813e-05,3.3,5.0,1.372359921451361,3.299999986542656,0.000100755778112024,0.0001000027640078548
1.702019380312813e-05,3.3,5.0,1.372359921240395,3.299999961862409,0.0001007553313790978,0.0001000027640078759
1.703019380312814e-05,3.3,5.0,1.372359921454439,3.299999986526474,0.0001007557775610514,0.0001000027640078546
1.704019380312814e-05,3.3,5.0,1.372359921241672,3.299999961877704,0.0001007553319310296,0.0001000027640078758
1.705019380312815e-05,3.3,5.0,1.3723599214542,3.299999986508238,0.0001007557770099544,0.0001000027640078546
1.706019380312815e-05,3.3,5.0,1.372359921243046,3.299999961893007,0.0001007553324817891,0.0001000027640078757
1.707019380312816e-05,3.3,5.0,1.372359921452536,3.299999986495548,0.0001007557764602253,0.0001000027640078548
1.708019380312816e-05,3.3,5.0,1.372359921242215,3.29999996190926,0.0001007553330299373,0.0001000027640078758
1.709019380312817e-05,3.3,5.0,1.372359921452773,3.299999986477442,0.0001007557759120949,0.0001000027640078547
1.710019380312817e-05,3.3,5.0,1.372359921242172,3.29999996192443,0.0001007553335774104,0.0001000027640078758
1.711019380312818e-05,3.3,5.0,1.372359921449464,3.299999986462705,0.0001007557753645684,0.000100002764007855
1.712019380312818e-05,3.3,5.0,1.372359921243109,3.299999961939035,0.0001007553341234448,0.0001000027640078757
1.713019380312819e-05,3.3,5.0,1.372359921451219,3.299999986448678,0.0001007557748193334,0.0001000027640078549
1.714019380312819e-05,3.3,5.0,1.372359921243325,3.299999961957554,0.0001007553346689284,0.0001000027640078757
1.71501938031282e-05,3.3,5.0,1.37235992145218,3.299999986433325,0.000100755774275484,0.0001000027640078548
1.71601938031282e-05,3.3,5.0,1.372359921246318,3.299999961973107,0.0001007553352129555,0.0001000027640078754
1.717019380312821e-05,3.3,5.0,1.372359921451252,3.299999986418906,0.000100755773732505,0.0001000027640078549
1.718019380312821e-05,3.3,5.0,1.372359921244023,3.299999961985488,0.0001007553357546555,0.0001000027640078756
1.719019380312822e-05,3.3,5.0,1.37235992144944,3.299999986400261,0.0001007557731905386,0.0001000027640078551
1.720019380312822e-05,3.3,5.0,1.372359921245269,3.299999962002693,0.0001007553362954496,0.0001000027640078755
1.721019380312823e-05,3.3,5.0,1.372359921451848,3.299999986383459,0.0001007557726508103,0.0001000027640078548
1.722019380312823e-05,3.3,5.0,1.372359921246645,3.299999962018307,0.0001007553368354798,0.0001000027640078753
1.723019380312824e-05,3.3,5.0,1.372359921449858,3.299999986370403,0.0001007557721116682,0.000100002764007855
1.724019380312824e-05,3.3,5.0,1.372359921244825,3.29999996203424,0.000100755337373112,0.0001000027640078755
1.725019380312825e-05,3.3,5.0,1.372359921447655,3.299999986354112,0.000100755771573663,0.0001000027640078552
1.726019380312825e-05,3.3,5.0,1.372359921245504,3.299999962049456,0.0001007553379099625,0.0001000027640078754
1.727019380312826e-05,3.3,5.0,1.372359921447219,3.299999986339401,0.0001007557710372033,0.0001000027640078553
1.728019380312826e-05,3.3,5.0,1.372359921245379,3.299999962066726,0.0001007553384457295,0.0001000027640078754
1.729019380312827e-05,3.3,5.0,1.372359921448328,3.299999986323446,0.000100755770502733,0.0001000027640078552
1.730019380312827e-05,3.3,5.0,1.372359921246862,3.299999962083419,0.0001007553389802886,0.0001000027640078753
1.731019380312828e-05,3.3,5.0,1.372359921447069,3.299999986309097,0.0001007557699687069,0.0001000027640078553
1.732019380312828e-05,3.3,5.0,1.372359921247025,3.299999962098374,0.0001007553395132845,0.0001000027640078753
1.733019380312829e-05,3.3,5.0,1.372359921448139,3.299999986292055,0.0001007557694367413,0.0001000027640078552
1.734019380312829e-05,3.3,5.0,1.372359921248298,3.299999962112464,0.0001007553400452678,0.0001000027640078752
1.735019380312829e-05,3.3,5.0,1.372359921448014,3.299999986276215,0.0001007557689059126,0.0001000027640078552
1.73601938031283e-05,3.3,5.0,1.372359921248066,3.299999962127146,0.0001007553405755281,0.0001000027640078752
1.73701938031283e-05,3.3,5.0,1.372359921446443,3.299999986263816,0.0001007557683757944,0.0001000027640078553
1.738019380312831e-05,3.3,5.0,1.372359921248975,3.299999962143496,0.0001007553411047758,0.0001000027640078751
1.739019380312831e-05,3.3,5.0,1.372359921445788,3.299999986245371,0.0001007557678469907,0.0001000027640078554
1.740019380312832e-05,3.3,5.0,1.372359921248887,3.299999962159375,0.0001007553416325137,0.0001000027640078751
1.741019380312832e-05,3.3,5.0,1.372359921445323,3.299999986229379,0.0001007557673198924,0.0001000027640078555
1.742019380312833e-05,3.3,5.0,1.372359921251134,3.299999962173828,0.0001007553421596653,0.0001000027640078749
1.743019380312833e-05,3.3,5.0,1.372359921446706,3.299999986211691,0.0001007557667944993,0.0001000027640078553
1.744019380312834e-05,3.3,5.0,1.372359921250916,3.299999962189881,0.0001007553426846321,0.0001000027640078749
1.745019380312834e-05,3.3,5.0,1.37235992144611,3.299999986194854,0.0001007557662698345,0.0001000027640078554
1.746019380312835e-05,3.3,5.0,1.372359921251949,3.299999962205919,0.0001007553432086751,0.0001000027640078748
1.747019380312835e-05,3.3,5.0,1.372359921442984,3.299999986181637,0.0001007557657454007,0.0001000027640078557
1.748019380312836e-05,3.3,5.0,1.372359921251514,3.299999962221569,0.0001007553437309063,0.0001000027640078749
1.749019380312836e-05,3.3,5.0,1.372359921443623,3.299999986167661,0.0001007557652239512,0.0001000027640078556
1.750019380312837e-05,3.3,5.0,1.372359921251578,3.299999962236885,0.0001007553442524979,0.0001000027640078748
1.751019380312837e-05,3.3,5.0,1.372359921442524,3.299999986154033,0.0001007557647029102,0.0001000027640078557
1.752019380312838e-05,3.3,5.0,1.372359921251377,3.299999962255275,0.0001007553447725797,0.0001000027640078749
1.753019380312838e-05,3.3,5.0,1.372359921443034,3.299999986137317,0.0001007557641837166,0.0001000027640078557
1.754019380312839e-05,3.3,5.0,1.372359921252167,3.299999962265951,0.0001007553452914357,0.0001000027640078748
1.755019380312839e-05,3.3,5.0,1.372359921442731,3.299999986121219,0.0001007557636653046,0.0001000027640078557
1.75601938031284e-05,3.3,5.0,1.372359921255083,3.29999996228332,0.0001007553458097411,0.0001000027640078745
1.75701938031284e-05,3.3,5.0,1.372359921445162,3.299999986104914,0.0001007557631492197,0.0001000027640078555
1.758019380312841e-05,3.3,5.0,1.372359921255377,3.29999996230014,0.0001007553463262347,0.0001000027640078744
1.759019380312841e-05,3.3,5.0,1.372359921440869,3.299999986091791,0.0001007557626328327,0.0001000027640078559
1.760019380312842e-05,3.3,5.0,1.372359921251811,3.299999962317244,0.0001007553468402057,0.0001000027640078748
1.761019380312842e-05,3.3,5.0,1.372359921440347,3.299999986076075,0.00010075576211808,0.000100002764007856
1.762019380312843e-05,3.3,5.0,1.372359921253627,3.299999962330977,0.0001007553473543189,0.0001000027640078746
1.763019380312843e-05,3.3,5.0,1.37235992143993,3.299999986062952,0.0001007557616047662,0.000100002764007856
1.764019380312844e-05,3.3,5.0,1.372359921254226,3.299999962348565,0.0001007553478668512,0.0001000027640078746
1.765019380312844e-05,3.3,5.0,1.372359921439253,3.299999986046549,0.0001007557610927491,0.0001000027640078561
1.766019380312845e-05,3.3,5.0,1.372359921255023,3.299999962364718,0.0001007553483782465,0.0001000027640078745
1.767019380312845e-05,3.3,5.0,1.372359921439251,3.299999986033452,0.0001007557605823485,0.0001000027640078561
1.768019380312846e-05,3.3,5.0,1.372359921257127,3.299999962379584,0.0001007553488884695,0.0001000027640078743
1.769019380312846e-05,3.3,5.0,1.372359921440378,3.299999986015861,0.000100755760073138,0.000100002764007856
1.770019380312847e-05,3.3,5.0,1.372359921258815,3.299999962395175,0.0001007553493978576,0.0001000027640078741
1.771019380312847e-05,3.3,5.0,1.372359921440346,3.299999986002424,0.0001007557595653309,0.000100002764007856
1.772019380312848e-05,3.3,5.0,1.372359921256065,3.299999962409508,0.0001007553499050075,0.0001000027640078744
1.773019380312848e-05,3.3,5.0,1.372359921435384,3.29999998598667,0.0001007557590570975,0.0001000027640078564
1.774019380312849e-05,3.3,5.0,1.372359921257642,3.29999996242287,0.0001007553504114113,0.0001000027640078742
1.775019380312849e-05,3.3,5.0,1.372359921437112,3.299999985969232,0.0001007557585520437,0.0001000027640078563
1.77601938031285e-05,3.3,5.0,1.372359921259793,3.299999962439188,0.0001007553509167848,0.000100002764007874
1.77701938031285e-05,3.3,5.0,1.372359921437646,3.299999985955433,0.0001007557580479847,0.0001000027640078562
1.778019380312851e-05,3.3,5.0,1.372359921261187,3.299999962455344,0.0001007553514210748,0.0001000027640078739
1.779019380312851e-05,3.3,5.0,1.372359921435657,3.299999985938632,0.0001007557575442632,0.0001000027640078564
1.780019380312852e-05,3.3,5.0,1.37235992125817,3.299999962472051,0.000100755351922789,0.0001000027640078742
1.781019380312852e-05,3.3,5.0,1.372359921435369,3.299999985924672,0.0001007557570424424,0.0001000027640078564
1.782019380312853e-05,3.3,5.0,1.372359921258696,3.299999962485786,0.0001007553524241124,0.0001000027640078741
1.783019380312853e-05,3.3,5.0,1.372359921435107,3.299999985906614,0.0001007557565416696,0.0001000027640078565
1.784019380312854e-05,3.3,5.0,1.372359921259848,3.299999962501813,0.0001007553529242102,0.000100002764007874
1.785019380312854e-05,3.3,5.0,1.372359921434405,3.299999985891886,0.0001007557560418561,0.0001000027640078565
1.786019380312855e-05,3.3,5.0,1.372359921259408,3.299999962516052,0.0001007553534229046,0.0001000027640078741
1.787019380312855e-05,3.3,5.0,1.372359921432073,3.299999985875669,0.000100755755542984,0.0001000027640078568
1.788019380312856e-05,3.3,5.0,1.372359921260503,3.299999962530512,0.0001007553539207996,0.000100002764007874
1.789019380312856e-05,3.3,5.0,1.372359921435351,3.299999985860671,0.000100755755046741,0.0001000027640078565
1.790019380312857e-05,3.3,5.0,1.372359921263195,3.29999996254575,0.0001007553544177177,0.0001000027640078737
1.791019380312857e-05,3.3,5.0,1.372359921434457,3.299999985845437,0.0001007557545509775,0.0001000027640078565
1.792019380312858e-05,3.3,5.0,1.372359921262801,3.299999962562439,0.0001007553549128949,0.0001000027640078737
1.793019380312858e-05,3.3,5.0,1.372359921432065,3.299999985829754,0.0001007557540558358,0.0001000027640078568
1.794019380312859e-05,3.3,5.0,1.372359921262305,3.299999962580398,0.0001007553554066333,0.0001000027640078738
1.795019380312859e-05,3.3,5.0,1.372359921431567,3.299999985815315,0.0001007557535622573,0.0001000027640078568
1.79601938031286e-05,3.3,5.0,1.372359921263497,3.299999962589935,0.0001007553558997322,0.0001000027640078736
1.79701938031286e-05,3.3,5.0,1.372359921431482,3.299999985798954,0.0001007557530703486,0.0001000027640078568
1.798019380312861e-05,3.3,5.0,1.372359921265011,3.299999962609112,0.0001007553563916054,0.0001000027640078735
1.799019380312861e-05,3.3,5.0,1.372359921431097,3.299999985785122,0.0001007557525791859,0.0001000027640078569
1.800019380312862e-05,3.3,5.0,1.372359921263793,3.299999962624759,0.0001007553568815424,0.0001000027640078736
1.801019380312862e-05,3.3,5.0,1.37235992142996,3.299999985770116,0.00010075575208932,0.000100002764007857
1.802019380312863e-05,3.3,5.0,1.372359921265015,3.299999962636971,0.0001007553573712129,0.0001000027640078735
1.803019380312863e-05,3.3,5.0,1.372359921430514,3.299999985754708,0.0001007557516009462,0.0001000027640078569
1.804019380312864e-05,3.3,5.0,1.372359921266784,3.299999962652989,0.0001007553578595156,0.0001000027640078733
1.805019380312864e-05,3.3,5.0,1.37235992143004,3.299999985738421,0.000100755751113656,0.000100002764007857
1.806019380312865e-05,3.3,5.0,1.372359921265721,3.299999962668841,0.0001007553583457045,0.0001000027640078734
1.807019380312865e-05,3.3,5.0,1.372359921429093,3.299999985721908,0.0001007557506271119,0.0001000027640078571
1.808019380312866e-05,3.3,5.0,1.372359921267369,3.299999962685214,0.0001007553588315559,0.0001000027640078733
1.809019380312866e-05,3.3,5.0,1.37235992142823,3.299999985709042,0.0001007557501419888,0.0001000027640078572
1.810019380312867e-05,3.3,5.0,1.372359921267388,3.299999962698222,0.0001007553593161105,0.0001000027640078733
1.811019380312867e-05,3.3,5.0,1.372359921427967,3.299999985692467,0.0001007557496582868,0.0001000027640078572
1.812019380312868e-05,3.3,5.0,1.372359921267567,3.299999962714175,0.0001007553597990309,0.0001000027640078732
1.813019380312868e-05,3.3,5.0,1.372359921427507,3.299999985680108,0.0001007557491757218,0.0001000027640078572
1.814019380312869e-05,3.3,5.0,1.372359921267422,3.299999962733284,0.000100755360281063,0.0001000027640078733
1.815019380312869e-05,3.3,5.0,1.372359921424197,3.299999985663729,0.0001007557486936363,0.0001000027640078576
1.81601938031287e-05,3.3,5.0,1.372359921271484,3.299999962747332,0.0001007553607629354,0.0001000027640078728
1.81701938031287e-05,3.3,5.0,1.372359921428019,3.299999985649949,0.0001007557482145351,0.0001000027640078572
1.818019380312871e-05,3.3,5.0,1.372359921271878,3.299999962762813,0.0001007553612424451,0.0001000027640078728
1.819019380312871e-05,3.3,5.0,1.3723599214267,3.299999985635714,0.0001007557477353273,0.0001000027640078573
1.820019380312872e-05,3.3,5.0,1.372359921269366,3.299999962776929,0.0001007553617201963,0.000100002764007873
1.821019380312872e-05,3.3,5.0,1.372359921423154,3.299999985618202,0.0001007557472564925,0.0001000027640078577
1.822019380312873e-05,3.3,5.0,1.372359921269098,3.299999962793522,0.0001007553621972192,0.0001000027640078731
1.823019380312873e-05,3.3,5.0,1.372359921422439,3.299999985603108,0.0001007557467798427,0.0001000027640078577
1.824019380312874e-05,3.3,5.0,1.372359921270647,3.299999962807905,0.0001007553626738512,0.0001000027640078729
1.825019380312874e-05,3.3,5.0,1.372359921422608,3.299999985586696,0.0001007557463044186,0.0001000027640078577
1.826019380312875e-05,3.3,5.0,1.372359921271225,3.299999962822976,0.0001007553631486537,0.0001000027640078729
1.827019380312875e-05,3.3,5.0,1.372359921422043,3.299999985574098,0.0001007557458300247,0.0001000027640078578
1.828019380312876e-05,3.3,5.0,1.372359921272537,3.299999962842253,0.0001007553636227278,0.0001000027640078727
1.829019380312876e-05,3.3,5.0,1.372359921421917,3.299999985559638,0.000100755745356821,0.0001000027640078578
1.830019380312877e-05,3.3,5.0,1.372359921271284,3.299999962852597,0.0001007553640945992,0.0001000027640078729
1.831019380312877e-05,3.3,5.0,1.372359921422632,3.299999985542691,0.0001007557448850206,0.0001000027640078577
1.832019380312878e-05,3.3,5.0,1.372359921276196,3.299999962869363,0.0001007553645675897,0.0001000027640078724
1.833019380312878e-05,3.3,5.0,1.372359921424075,3.299999985527125,0.0001007557444147479,0.0001000027640078576
1.834019380312879e-05,3.3,5.0,1.372359921275254,3.299999962883823,0.0001007553650377559,0.0001000027640078725
1.835019380312879e-05,3.3,5.0,1.372359921419732,3.299999985512095,0.0001007557439439956,0.000100002764007858
1.83601938031288e-05,3.3,5.0,1.372359921273954,3.29999996289983,0.0001007553655060568,0.0001000027640078726
1.83701938031288e-05,3.3,5.0,1.372359921419427,3.299999985497386,0.0001007557434756413,0.000100002764007858
1.838019380312881e-05,3.3,5.0,1.372359921275424,3.299999962917052,0.000100755365974269,0.0001000027640078725
1.839019380312881e-05,3.3,5.0,1.372359921417825,3.299999985480162,0.0001007557430076957,0.0001000027640078582
1.840019380312882e-05,3.3,5.0,1.372359921275841,3.299999962932104,0.0001007553664410778,0.0001000027640078724
1.841019380312882e-05,3.3,5.0,1.372359921418229,3.299999985468428,0.0001007557425417217,0.0001000027640078582
1.842019380312883e-05,3.3,5.0,1.372359921276325,3.299999962944749,0.0001007553669067497,0.0001000027640078724
1.843019380312883e-05,3.3,5.0,1.372359921417473,3.299999985449894,0.0001007557420764228,0.0001000027640078582
1.844019380312884e-05,3.3,5.0,1.372359921275933,3.299999962958593,0.0001007553673710183,0.0001000027640078724
1.845019380312884e-05,3.3,5.0,1.3723599214161,3.299999985437568,0.0001007557416123141,0.0001000027640078584
1.846019380312885e-05,3.3,5.0,1.372359921279817,3.299999962975233,0.0001007553678350028,0.000100002764007872
1.847019380312885e-05,3.3,5.0,1.372359921417169,3.299999985421374,0.0001007557411499284,0.0001000027640078583
1.848019380312886e-05,3.3,5.0,1.372359921279747,3.299999962990122,0.000100755368297193,0.000100002764007872
1.849019380312886e-05,3.3,5.0,1.372359921417069,3.299999985408279,0.0001007557406884309,0.0001000027640078583
1.850019380312887e-05,3.3,5.0,1.372359921278022,3.2999999630039,0.0001007553687578912,0.0001000027640078722
1.851019380312887e-05,3.3,5.0,1.372359921415209,3.299999985391376,0.0001007557402275373,0.0001000027640078585
1.852019380312888e-05,3.3,5.0,1.372359921280865,3.299999963019423,0.0001007553692181985,0.0001000027640078719
1.853019380312888e-05,3.3,5.0,1.372359921418452,3.299999985376217,0.0001007557397685445,0.0001000027640078582
1.854019380312889e-05,3.3,5.0,1.37235992128252,3.299999963035759,0.0001007553696774933,0.0001000027640078717
1.855019380312889e-05,3.3,5.0,1.372359921416093,3.299999985360096,0.0001007557393105819,0.0001000027640078584
1.85601938031289e-05,3.3,5.0,1.372359921283787,3.299999963053257,0.0001007553701352605,0.0001000027640078716
1.85701938031289e-05,3.3,5.0,1.372359921415894,3.299999985346109,0.0001007557388536497,0.0001000027640078584
1.858019380312891e-05,3.3,5.0,1.372359921280864,3.299999963068872,0.000100755370591198,0.0001000027640078719
1.859019380312891e-05,3.3,5.0,1.37235992141206,3.299999985327403,0.0001007557383966996,0.0001000027640078588
1.860019380312892e-05,3.3,5.0,1.372359921281881,3.299999963081134,0.0001007553710466382,0.0001000027640078718
1.861019380312892e-05,3.3,5.0,1.372359921410257,3.299999985315869,0.0001007557379415792,0.000100002764007859
1.862019380312893e-05,3.3,5.0,1.372359921282365,3.299999963097453,0.000100755371500746,0.0001000027640078717
1.863019380312893e-05,3.3,5.0,1.372359921410891,3.29999998529966,0.0001007557374880043,0.0001000027640078589
1.864019380312894e-05,3.3,5.0,1.372359921283421,3.299999963113359,0.0001007553719540723,0.0001000027640078716
1.865019380312894e-05,3.3,5.0,1.372359921410679,3.299999985286221,0.0001007557370355662,0.0001000027640078589
1.866019380312895e-05,3.3,5.0,1.372359921284405,3.299999963125183,0.0001007553724062617,0.0001000027640078715
1.867019380312895e-05,3.3,5.0,1.372359921410034,3.299999985268917,0.0001007557365840696,0.000100002764007859
1.868019380312896e-05,3.3,5.0,1.372359921284066,3.299999963139828,0.0001007553728569589,0.0001000027640078716
1.869019380312896e-05,3.3,5.0,1.372359921411734,3.299999985255294,0.0001007557361341717,0.0001000027640078588
1.870019380312897e-05,3.3,5.0,1.372359921288979,3.299999963154909,0.0001007553733079404,0.0001000027640078711
1.871019380312897e-05,3.3,5.0,1.3723599214109,3.299999985240186,0.0001007557356848955,0.0001000027640078589
1.872019380312898e-05,3.3,5.0,1.372359921287007,3.299999963171223,0.0001007553737559731,0.0001000027640078713
1.873019380312898e-05,3.3,5.0,1.372359921408664,3.299999985225132,0.0001007557352362944,0.0001000027640078591
1.874019380312899e-05,3.3,5.0,1.372359921285603,3.299999963186049,0.0001007553742031887,0.0001000027640078714
1.875019380312899e-05,3.3,5.0,1.372359921407386,3.299999985208957,0.0001007557347889722,0.0001000027640078593
1.8760193803129e-05,3.3,5.0,1.372359921286728,3.299999963197856,0.0001007553746499247,0.0001000027640078713
1.8770193803129e-05,3.3,5.0,1.372359921405043,3.299999985193799,0.0001007557343428046,0.0001000027640078595
1.878019380312901e-05,3.3,5.0,1.372359921286706,3.29999996321729,0.0001007553750949376,0.0001000027640078713
1.879019380312901e-05,3.3,5.0,1.372359921404905,3.299999985184494,0.0001007557338980582,0.0001000027640078595
1.880019380312902e-05,3.3,5.0,1.37235992128852,3.299999963233542,0.0001007553755395597,0.0001000027640078712
1.881019380312902e-05,3.3,5.0,1.372359921405871,3.299999985166798,0.0001007557334545019,0.0001000027640078594
1.882019380312903e-05,3.3,5.0,1.372359921289523,3.299999963249782,0.0001007553759831871,0.000100002764007871
1.883019380312903e-05,3.3,5.0,1.372359921405281,3.299999985150958,0.0001007557330121002,0.0001000027640078595
1.884019380312904e-05,3.3,5.0,1.372359921290329,3.299999963262511,0.000100755376425198,0.000100002764007871
1.885019380312904e-05,3.3,5.0,1.372359921403697,3.299999985137259,0.0001007557325702137,0.0001000027640078596
1.886019380312905e-05,3.3,5.0,1.372359921293014,3.299999963278055,0.0001007553768667292,0.0001000027640078707
1.887019380312905e-05,3.3,5.0,1.372359921405201,3.299999985119613,0.0001007557321302278,0.0001000027640078595
1.888019380312906e-05,3.3,5.0,1.372359921293923,3.299999963292896,0.0001007553773068749,0.0001000027640078706
1.889019380312906e-05,3.3,5.0,1.372359921404486,3.299999985106477,0.0001007557316907927,0.0001000027640078595
1.890019380312907e-05,3.3,5.0,1.372359921290935,3.299999963311047,0.0001007553777449245,0.0001000027640078709
1.891019380312907e-05,3.3,5.0,1.372359921401322,3.299999985091092,0.0001007557312516062,0.0001000027640078599
1.892019380312908e-05,3.3,5.0,1.37235992129239,3.299999963323327,0.0001007553781822636,0.0001000027640078707
1.893019380312908e-05,3.3,5.0,1.372359921400326,3.299999985074248,0.0001007557308141961,0.00010000276400786
1.894019380312909e-05,3.3,5.0,1.372359921291791,3.299999963337655,0.0001007553786188566,0.0001000027640078708
1.895019380312909e-05,3.3,5.0,1.372359921398244,3.299999985062168,0.0001007557303776031,0.0001000027640078602
1.89601938031291e-05,3.3,5.0,1.37235992129151,3.299999963354297,0.0001007553790541706,0.0001000027640078709
1.89701938031291e-05,3.3,5.0,1.372359921399142,3.299999985048269,0.0001007557299429641,0.0001000027640078601
1.898019380312911e-05,3.3,5.0,1.372359921293153,3.29999996336797,0.0001007553794889517,0.0001000027640078707
1.899019380312911e-05,3.3,5.0,1.372359921399618,3.299999985032128,0.0001007557295091956,0.00010000276400786
1.900019380312912e-05,3.3,5.0,1.37235992129471,3.299999963384438,0.0001007553799229156,0.0001000027640078705
1.901019380312912e-05,3.3,5.0,1.372359921398105,3.299999985017048,0.0001007557290762619,0.0001000027640078602
1.902019380312913e-05,3.3,5.0,1.372359921295825,3.299999963398097,0.0001007553803555118,0.0001000027640078704
1.903019380312913e-05,3.3,5.0,1.372359921398858,3.299999985001359,0.0001007557286447137,0.0001000027640078601
1.904019380312914e-05,3.3,5.0,1.372359921299073,3.29999996341162,0.0001007553807876994,0.0001000027640078701
1.905019380312914e-05,3.3,5.0,1.372359921399564,3.299999984984137,0.0001007557282142137,0.00010000276400786
1.906019380312915e-05,3.3,5.0,1.372359921298993,3.299999963426881,0.0001007553812178087,0.0001000027640078701
1.907019380312915e-05,3.3,5.0,1.372359921398596,3.299999984972783,0.000100755727784211,0.0001000027640078601
1.908019380312916e-05,3.3,5.0,1.372359921299641,3.299999963442195,0.0001007553816471364,0.00010000276400787
1.909019380312916e-05,3.3,5.0,1.372359921399072,3.299999984957122,0.0001007557273558603,0.0001000027640078601
1.910019380312917e-05,3.3,5.0,1.372359921300616,3.299999963455927,0.0001007553820751851,0.0001000027640078699
1.911019380312917e-05,3.3,5.0,1.372359921396612,3.299999984942821,0.0001007557269279537,0.0001000027640078603
1.912019380312918e-05,3.3,5.0,1.372359921298605,3.299999963472037,0.0001007553825015818,0.0001000027640078701
1.913019380312918e-05,3.3,5.0,1.372359921394142,3.299999984928234,0.0001007557265010241,0.0001000027640078606
1.914019380312919e-05,3.3,5.0,1.372359921298964,3.299999963486235,0.0001007553829273035,0.0001000027640078701
1.915019380312919e-05,3.3,5.0,1.37235992139316,3.299999984912338,0.0001007557260750359,0.0001000027640078607
1.91601938031292e-05,3.3,5.0,1.372359921301737,3.299999963502687,0.0001007553833528298,0.0001000027640078698
1.91701938031292e-05,3.3,5.0,1.372359921393101,3.299999984897913,0.000100755725650913,0.0001000027640078607
1.918019380312921e-05,3.3,5.0,1.37235992130161,3.299999963518014,0.0001007553837767751,0.0001000027640078698
1.919019380312921e-05,3.3,5.0,1.372359921393427,3.299999984885194,0.000100755725227767,0.0001000027640078607
1.920019380312922e-05,3.3,5.0,1.372359921302806,3.299999963530688,0.0001007553841997434,0.0001000027640078697
1.921019380312922e-05,3.3,5.0,1.372359921391594,3.299999984869353,0.0001007557248050474,0.0001000027640078608
1.922019380312923e-05,3.3,5.0,1.372359921302421,3.299999963549203,0.0001007553846215749,0.0001000027640078698
1.923019380312923e-05,3.3,5.0,1.372359921393269,3.299999984855681,0.0001007557243842462,0.0001000027640078607
1.924019380312924e-05,3.3,5.0,1.372359921304544,3.299999963560801,0.000100755385042909,0.0001000027640078696
1.925019380312924e-05,3.3,5.0,1.372359921391767,3.299999984839132,0.0001007557239637293,0.0001000027640078608
1.926019380312925e-05,3.3,5.0,1.372359921306047,3.299999963574214,0.0001007553854628397,0.0001000027640078694
1.927019380312925e-05,3.3,5.0,1.372359921390364,3.299999984824749,0.0001007557235442426,0.0001000027640078609
1.928019380312926e-05,3.3,5.0,1.37235992130552,3.299999963590835,0.0001007553858814027,0.0001000027640078694
1.929019380312926e-05,3.3,5.0,1.372359921391675,3.299999984808402,0.0001007557231266566,0.0001000027640078608
1.930019380312927e-05,3.3,5.0,1.37235992130587,3.299999963603713,0.0001007553862989886,0.0001000027640078694
1.931019380312927e-05,3.3,5.0,1.372359921390481,3.299999984795337,0.0001007557227092838,0.0001000027640078609
1.932019380312928e-05,3.3,5.0,1.372359921308843,3.299999963617651,0.0001007553867163792,0.0001000027640078691
1.933019380312928e-05,3.3,5.0,1.372359921390556,3.299999984781245,0.0001007557222933854,0.0001000027640078609
1.934019380312929e-05,3.3,5.0,1.372359921307531,3.299999963631524,0.0001007553871313539,0.0001000027640078692
1.935019380312929e-05,3.3,5.0,1.372359921388729,3.299999984766406,0.0001007557218780732,0.0001000027640078611
1.93601938031293e-05,3.3,5.0,1.372359921306924,3.299999963649686,0.0001007553875459023,0.0001000027640078693
1.93701938031293e-05,3.3,5.0,1.372359921387378,3.299999984751953,0.0001007557214633827,0.0001000027640078612
1.938019380312931e-05,3.3,5.0,1.372359921308629,3.299999963659666,0.0001007553879593849,0.0001000027640078691
1.939019380312931e-05,3.3,5.0,1.372359921385747,3.299999984736465,0.0001007557210502731,0.0001000027640078614
1.940019380312932e-05,3.3,5.0,1.372359921309147,3.29999996367493,0.0001007553883719971,0.0001000027640078691
1.941019380312932e-05,3.3,5.0,1.372359921384989,3.299999984724882,0.0001007557206381939,0.0001000027640078615
1.942019380312933e-05,3.3,5.0,1.372359921309365,3.299999963690717,0.0001007553887834546,0.0001000027640078691
1.943019380312933e-05,3.3,5.0,1.372359921383942,3.299999984707718,0.0001007557202268074,0.0001000027640078616
1.944019380312934e-05,3.3,5.0,1.372359921308887,3.299999963706733,0.0001007553891937042,0.0001000027640078691
1.945019380312934e-05,3.3,5.0,1.372359921383125,3.299999984692535,0.0001007557198165222,0.0001000027640078617
1.946019380312935e-05,3.3,5.0,1.372359921310111,3.29999996371853,0.0001007553896032966,0.000100002764007869
1.947019380312935e-05,3.3,5.0,1.372359921382207,3.299999984677547,0.0001007557194074805,0.0001000027640078618
1.948019380312936e-05,3.3,5.0,1.372359921310801,3.299999963734353,0.0001007553900120185,0.0001000027640078689
1.949019380312936e-05,3.3,5.0,1.372359921382057,3.299999984663919,0.0001007557189996113,0.0001000027640078618
1.950019380312937e-05,3.3,5.0,1.372359921311144,3.299999963752008,0.0001007553904194615,0.0001000027640078689
1.951019380312937e-05,3.3,5.0,1.372359921386179,3.29999998464777,0.0001007557185932341,0.0001000027640078614
1.952019380312938e-05,3.3,5.0,1.372359921317011,3.299999963767489,0.0001007553908272953,0.0001000027640078683
1.953019380312938e-05,3.3,5.0,1.372359921382642,3.299999984634958,0.0001007557181870168,0.0001000027640078617
1.954019380312939e-05,3.3,5.0,1.37235992131474,3.299999963779862,0.0001007553912323224,0.0001000027640078685
1.955019380312939e-05,3.3,5.0,1.372359921381109,3.299999984621331,0.000100755717782043,0.0001000027640078619
1.95601938031294e-05,3.3,5.0,1.372359921315147,3.299999963792982,0.00010075539163671,0.0001000027640078685
1.95701938031294e-05,3.3,5.0,1.372359921379534,3.299999984606773,0.0001007557173776198,0.000100002764007862
1.958019380312941e-05,3.3,5.0,1.372359921315685,3.29999996380967,0.0001007553920401739,0.0001000027640078684
1.959019380312941e-05,3.3,5.0,1.372359921379102,3.299999984594141,0.0001007557169747243,0.0001000027640078621
1.960019380312942e-05,3.3,5.0,1.372359921315786,3.299999963823792,0.0001007553924425721,0.0001000027640078684
1.961019380312942e-05,3.3,5.0,1.372359921378164,3.299999984576406,0.0001007557165724506,0.0001000027640078622
1.962019380312943e-05,3.3,5.0,1.372359921317286,3.299999963839093,0.0001007553928441175,0.0001000027640078683
1.963019380312943e-05,3.3,5.0,1.372359921378205,3.29999998456328,0.0001007557161713847,0.0001000027640078622
1.964019380312944e-05,3.3,5.0,1.372359921316652,3.29999996385341,0.000100755393244384,0.0001000027640078683
1.965019380312944e-05,3.3,5.0,1.372359921376185,3.299999984549943,0.0001007557157709939,0.0001000027640078624
1.966019380312945e-05,3.3,5.0,1.372359921318679,3.299999963868473,0.0001007553936444373,0.0001000027640078681
1.967019380312945e-05,3.3,5.0,1.372359921375664,3.299999984532413,0.0001007557153720774,0.0001000027640078624
1.968019380312946e-05,3.3,5.0,1.37235992131761,3.299999963881411,0.0001007553940424834,0.0001000027640078682
1.969019380312946e-05,3.3,5.0,1.372359921375152,3.299999984518878,0.0001007557149740314,0.0001000027640078625
1.970019380312947e-05,3.3,5.0,1.372359921319864,3.299999963895463,0.0001007553944405649,0.000100002764007868
1.971019380312947e-05,3.3,5.0,1.372359921374467,3.299999984503505,0.0001007557145768913,0.0001000027640078625
1.972019380312948e-05,3.3,5.0,1.372359921322284,3.299999963910099,0.0001007553948375629,0.0001000027640078678
1.973019380312948e-05,3.3,5.0,1.372359921377353,3.299999984492628,0.0001007557141813677,0.0001000027640078623
1.974019380312949e-05,3.3,5.0,1.372359921322023,3.299999963926127,0.0001007553952328734,0.0001000027640078678
1.975019380312949e-05,3.3,5.0,1.372359921375803,3.299999984474122,0.0001007557137857197,0.0001000027640078624
1.97601938031295e-05,3.3,5.0,1.372359921322507,3.299999963935688,0.0001007553956278641,0.0001000027640078677
1.97701938031295e-05,3.3,5.0,1.372359921374801,3.299999984462002,0.0001007557133918126,0.0001000027640078625
1.978019380312951e-05,3.3,5.0,1.372359921323468,3.299999963957173,0.0001007553960216291,0.0001000027640078676
1.979019380312951e-05,3.3,5.0,1.372359921373143,3.299999984449024,0.0001007557129982962,0.0001000027640078627
1.980019380312952e-05,3.3,5.0,1.372359921323,3.299999963967726,0.0001007553964139553,0.0001000027640078677
1.981019380312952e-05,3.3,5.0,1.372359921371864,3.29999998443318,0.0001007557126060589,0.0001000027640078628
1.982019380312953e-05,3.3,5.0,1.372359921323079,3.29999996398309,0.0001007553968056953,0.0001000027640078677
1.983019380312953e-05,3.3,5.0,1.372359921371021,3.299999984416739,0.0001007557122146742,0.0001000027640078629
1.984019380312954e-05,3.3,5.0,1.372359921323907,3.299999963996049,0.000100755397196547,0.0001000027640078676
1.985019380312954e-05,3.3,5.0,1.372359921370488,3.299999984404802,0.0001007557118244264,0.0001000027640078629
1.986019380312955e-05,3.3,5.0,1.372359921324422,3.299999964012132,0.0001007553975862797,0.0001000027640078676
1.987019380312955e-05,3.3,5.0,1.372359921368511,3.299999984390156,0.0001007557114348535,0.0001000027640078631
1.988019380312956e-05,3.3,5.0,1.372359921325818,3.299999964026756,0.0001007553979753552,0.0001000027640078674
1.989019380312956e-05,3.3,5.0,1.372359921367791,3.299999984375976,0.0001007557110463998,0.0001000027640078632
1.990019380312957e-05,3.3,5.0,1.372359921325954,3.299999964040321,0.0001007553983631339,0.0001000027640078674
1.991019380312957e-05,3.3,5.0,1.372359921367604,3.29999998436262,0.0001007557106590297,0.0001000027640078632
1.992019380312958e-05,3.3,5.0,1.372359921327543,3.299999964054801,0.0001007553987503619,0.0001000027640078672
1.993019380312958e-05,3.3,5.0,1.372359921366626,3.299999984349092,0.0001007557102724056,0.0001000027640078633
1.994019380312959e-05,3.3,5.0,1.372359921330745,3.299999964067174,0.0001007553991371281,0.0001000027640078669
1.995019380312959e-05,3.3,5.0,1.372359921367775,3.29999998433447,0.0001007557098875579,0.0001000027640078632
1.99601938031296e-05,3.3,5.0,1.372359921330132,3.299999964084944,0.000100755399521887,0.000100002764007867
1.99701938031296e-05,3.3,5.0,1.372359921367653,3.299999984320783,0.0001007557095030122,0.0001000027640078632
1.998019380312961e-05,3.3,5.0,1.37235992132911,3.29999996409635,0.0001007553999054557,0.0001000027640078671
1.999019380312961e-05,3.3,5.0,1.372359921365105,3.299999984305174,0.0001007557091187684,0.0001000027640078635
2e-05,3.3,5.0,1.372359921330257,3.299999964117811,0.000100755400292737,0.000100002764007867
