time_s,v(logic_rail),v(led_a),v(bias),v(pwm),i(VLEDLOAD),i(VLREF)
0.0,0.0,0.0,-3.65568047811666e-24,1.072680687466198e-36,3.758009133937594e-30,0.0
1.439622732628123e-10,0.0,0.0,0.0001401328710928918,5.768778667017732e-06,-5.066171736588388e-10,1.439622732628123e-07
1.597648109153138e-09,0.0,0.0,0.01154787489307781,0.0004748608112841977,-5.657574054032086e-09,1.597648109153138e-06
4.502826216497474e-09,0.0,0.0,0.09247364558253628,0.003778728365959367,-1.635562031578956e-08,4.502826216497474e-06
7.018015973717828e-09,0.0,0.0,0.2291264986074415,0.009255091056243787,-2.648836671866972e-08,7.018015973717829e-06
8.674065905225179e-09,0.0,0.0,0.3561358880121207,0.01423957376949734,-3.379429095081001e-08,8.67406590522518e-06
9.524202616559365e-09,0.0,0.0,0.4336140539659995,0.01724050303339714,-3.772358864813356e-08,9.524202616559367e-06
1.008311368673715e-08,0.0,0.0,0.4892005263887579,0.01937840084136275,-4.02844059475687e-08,1.008311368673715e-05
1.051198329313832e-08,0.0,0.0,0.5342587562832174,0.02110329474122207,-4.209568054386381e-08,1.051198329313832e-05
1.086990068184715e-08,0.0,0.0,0.5732537361492475,0.02259080818006699,-4.331076644018142e-08,1.086990068184715e-05
1.118363900180648e-08,0.0,0.0,0.6081797724430605,0.02391928857551678,-4.394128246276876e-08,1.118363900180648e-05
1.149502224648399e-08,0.0,0.0,0.6431032935942596,0.02524432171360216,-4.394148028382446e-08,1.149502224648399e-05
1.188692581641205e-08,0.0,0.0,0.6865341634661178,0.02688778885915679,-4.280720072465163e-08,1.188692581641205e-05
1.216241865777529e-08,0.0,0.0,0.7160603153633702,0.0280025193859949,-4.120674855417871e-08,1.216241865777529e-05
1.242940258254826e-08,0.0,0.0,0.7433886849516219,0.02903253274539028,-3.905501870859459e-08,1.242940258254826e-05
1.268518589208875e-08,0.0,0.0,0.7680267940763936,0.02995978121042869,-3.650087630567761e-08,1.268518589208875e-05
1.29619890270685e-08,0.0,0.0,0.7926562105333025,0.03088546123273971,-3.331113763106214e-08,1.29619890270685e-05
1.328759331048224e-08,0.0,0.0,0.8185955753782513,0.03185908772253394,-2.922415357315599e-08,1.328759331048224e-05
1.373082739655434e-08,0.0,0.0,0.8483922881683298,0.03297593881412504,-2.362927079823671e-08,1.373082739655434e-05
1.438457141790427e-08,0.0,0.0,0.8815253327835711,0.03421597599951592,-1.64845881422409e-08,1.438457141790427e-05
1.493692216425921e-08,0.0,0.0,0.9013853146284608,0.03495835387432709,-1.200415837127639e-08,1.493692216425922e-05
1.550514801337045e-08,0.0,0.0,0.9162830540662343,0.03551481279801087,-8.802860545189232e-09,1.550514801337046e-05
1.612784088034762e-08,0.0,0.0,0.9283133848897392,0.0359639085381754,-6.55123992310412e-09,1.612784088034762e-05
1.685504926098181e-08,0.0,0.0,0.9388871155633612,0.03635844156536254,-5.016734294804115e-09,1.685504926098181e-05
1.774683614763386e-08,0.0,0.0,0.9490554062940985,0.03673768451669665,-4.051380170200506e-09,1.774683614763386e-05
1.892956303083605e-08,0.0,0.0,0.9602907263006631,0.03715654169280209,-3.488102346375843e-09,1.892956303083606e-05
2.069176357806733e-08,0.0,0.0,0.9751196213499451,0.03770907892371875,-3.166409940263654e-09,2.069176357806733e-05
2.3909824710713e-08,0.0,0.0,0.9998915168060666,0.03863137866862613,-2.900305888852128e-09,2.3909824710713e-05
2.986050799273154e-08,0.0,0.0,1.04132705740099,0.04017214605637946,-2.586156552764479e-09,2.986050799273154e-05
3.800288566140319e-08,0.0,0.0,1.091750868785244,0.0420440168118759,-2.294124858742451e-09,3.80028856614032e-05
4.790270386246921e-08,0.0,0.0,1.146356963689396,0.04406751601804682,-2.051035329346576e-09,4.790270386246921e-05
5.79027038624692e-08,0.0,0.0,1.196203478069617,0.04591155303327238,-1.87174013172535e-09,5.79027038624692e-05
6.790270386246921e-08,0.0,0.0,1.24205972879571,0.04760552047236275,-1.735180724512241e-09,6.790270386246922e-05
7.790270386246924e-08,0.0,0.0,1.284785538679301,0.04918184110887389,-1.624644468602407e-09,7.790270386246925e-05
8.790270386246926e-08,0.0,0.0,1.324969951753715,0.05066271665720215,-1.534910877153918e-09,8.790270386246927e-05
9.790270386246928e-08,0.0,0.0,1.363038182166316,0.05206416583349299,-1.458085766901235e-09,9.79027038624693e-05
1.000381937646325e-07,0.0,0.0,1.370918358361695,0.05235409696639743,-1.31855556565275e-09,0.0001
1.005981484408015e-07,0.0,0.0,1.371966317229349,0.0523926415758437,-3.537114661237183e-10,0.0001
1.017187067893072e-07,0.0,0.0,1.372323699951827,0.05240577988944467,-2.383471653149864e-11,0.0001
1.051940582703237e-07,0.0,0.0,1.372349818058899,0.05240671724995049,-2.156507333126174e-13,0.0001
1.151940582703237e-07,0.0,0.0,1.372349811570617,0.05240664984558645,2.461160459123038e-13,0.0001
1.251940582703237e-07,0.0,0.0,1.372349815180019,0.05240658279629919,-2.198784812688111e-13,0.0001
1.351940582703236e-07,0.0,0.0,1.372349811656903,0.05240651550004881,2.475213121270416e-13,0.0001
1.451940582703236e-07,0.0,0.0,1.372349815118562,0.05240644844681119,-2.210209157822963e-13,0.0001
1.551940582703236e-07,0.0,0.0,1.372349811709714,0.05240638115481357,2.484387672380242e-13,0.0001
1.651940582703235e-07,0.0,0.0,1.372349815067932,0.052406314097744,-2.217201010322683e-13,0.0001
1.751940582703235e-07,0.0,0.0,1.372349811762327,0.05240624681021397,2.489275283159985e-13,0.0001
1.851940582703234e-07,0.0,0.0,1.372349815015745,0.05240617974997139,-2.220050330463017e-13,0.0001
1.951940582703234e-07,0.0,0.0,1.372349811813401,0.05240611246564125,2.490210319598245e-13,0.0001
2.051940582703233e-07,0.0,0.0,1.372349814963613,0.05240604540301117,-2.219144970601989e-13,0.0001
2.151940582703233e-07,0.0,0.0,1.372349811864102,0.05240597812381321,2.487503444757341e-13,0.0001
2.251940582703233e-07,0.0,0.0,1.372349814917696,0.05240591105533879,-2.214682881206496e-13,0.0001
2.351940582703232e-07,0.0,0.0,1.372349811914761,0.05240584377773647,2.481372580909422e-13,0.0001
2.451940582703232e-07,0.0,0.0,1.372349814869219,0.05240577670919934,-2.207009504497286e-13,0.0001
2.551940582703232e-07,0.0,0.0,1.372349811958815,0.05240570943355664,2.472164909601941e-13,0.0001
2.651940582703231e-07,0.0,0.0,1.372349814822736,0.05240564236145244,-2.196332200577843e-13,0.0001
2.751940582703231e-07,0.0,0.0,1.372349812002033,0.05240557509030287,2.460108865384948e-13,0.0001
2.85194058270323e-07,0.0,0.0,1.37234981477605,0.05240550801505232,-2.182923493225974e-13,0.0001
2.95194058270323e-07,0.0,0.0,1.372349812051121,0.05240544074607371,2.445413562982926e-13,0.0001
3.051940582703229e-07,0.0,0.0,1.372349814737188,0.05240537366824116,-2.167001832546784e-13,0.0001
3.151940582703229e-07,0.0,0.0,1.372349812090134,0.0524053064032383,2.428307165776631e-13,0.0001
3.251940582703229e-07,0.0,0.0,1.372349814695066,0.05240523932230266,-2.148792872081284e-13,0.0001
3.351940582703228e-07,0.0,0.0,1.372349812129775,0.05240517206141768,2.409043067390944e-13,0.0001
3.451940582703228e-07,0.0,0.0,1.37234981465096,0.05240510497844306,-2.128484094921944e-13,0.0001
3.551940582703227e-07,0.0,0.0,1.372349812171675,0.0524050377195014,2.387758190094658e-13,0.0001
3.651940582703227e-07,0.0,0.0,1.3723498146173,0.05240497063474662,-2.106274719763833e-13,0.0001
3.751940582703226e-07,0.0,0.0,1.372349812207035,0.05240490337827445,2.364693339735667e-13,0.0001
3.851940582703226e-07,0.0,0.0,1.372349814575232,0.05240483628996112,-2.082352897672532e-13,0.0001
3.951940582703226e-07,0.0,0.0,1.372349812244838,0.05240476903622618,2.339943605624815e-13,0.0001
4.051940582703225e-07,0.0,0.0,1.372349814543764,0.05240470194631816,-2.05685725781317e-13,0.0001
4.151940582703225e-07,0.0,0.0,1.37234981228373,0.05240463469598694,2.313728806395973e-13,0.0001
4.251940582703224e-07,0.0,0.0,1.372349814504942,0.05240456760419838,-2.029996524528285e-13,0.0001
4.351940582703224e-07,0.0,0.0,1.372349812319157,0.0524045003562013,2.286205248465964e-13,0.0001
4.451940582703223e-07,0.0,0.0,1.372349814468351,0.05240443326113219,-2.001848481984024e-13,0.0001
4.551940582703223e-07,0.0,0.0,1.372349812352483,0.05240436601553959,2.257492830845959e-13,0.0001
4.651940582703223e-07,0.0,0.0,1.372349814436686,0.05240429891906895,-1.972577004138543e-13,0.0001
4.751940582703222e-07,0.0,0.0,1.372349812386048,0.05240423167552537,2.227726771915223e-13,0.0001
4.851940582703224e-07,0.0,0.0,1.372349814404754,0.05240416457647529,-1.942327472706535e-13,0.0001
4.951940582703226e-07,0.0,0.0,1.372349812416532,0.05240409733589749,2.197012995712452e-13,0.0001
5.051940582703228e-07,0.0,0.0,1.372349814370609,0.0524040302352366,-1.911229413234288e-13,0.0001
5.15194058270323e-07,0.0,0.0,1.372349812449667,0.05240396299468314,2.165528635607021e-13,0.0001
5.251940582703233e-07,0.0,0.0,1.372349814339662,0.05240389589449428,-1.879365016637095e-13,0.0001
5.351940582703235e-07,0.0,0.0,1.372349812480252,0.05240382865634902,2.133322560992767e-13,0.0001
5.451940582703237e-07,0.0,0.0,1.37234981431129,0.05240376155104961,-1.846832962128773e-13,0.0001
5.551940582703239e-07,0.0,0.0,1.372349812503209,0.05240369431516265,2.100517187102986e-13,0.0001
5.651940582703242e-07,0.0,0.0,1.372349814283005,0.05240362720823909,-1.813784674828125e-13,0.0001
5.751940582703244e-07,0.0,0.0,1.372349812532701,0.05240355997530899,2.067208638962349e-13,0.0001
5.851940582703246e-07,0.0,0.0,1.372349814254188,0.05240349286604961,-1.780234236748979e-13,0.0001
5.951940582703248e-07,0.0,0.0,1.372349812560848,0.05240342563429213,2.033446256552979e-13,0.0001
6.05194058270325e-07,0.0,0.0,1.372349814230133,0.05240335852326,-1.746339399397351e-13,0.0001
6.151940582703253e-07,0.0,0.0,1.372349812587716,0.05240329129367186,1.999375201431141e-13,0.0001
6.251940582703255e-07,0.0,0.0,1.372349814203264,0.05240322418165592,-1.712132897902517e-13,0.0001
6.351940582703257e-07,0.0,0.0,1.372349812614503,0.05240315695343303,1.965091970824282e-13,0.0001
6.451940582703259e-07,0.0,0.0,1.372349814175926,0.05240308984056041,-1.67768792625814e-13,0.0001
6.551940582703262e-07,0.0,0.0,1.372349812636374,0.05240302261488316,1.930544063472881e-13,0.0001
6.651940582703264e-07,0.0,0.0,1.372349814151413,0.05240295549984875,-1.643109692601165e-13,0.0001
6.751940582703266e-07,0.0,0.0,1.372349812660894,0.05240288827593279,1.895907541369375e-13,0.0001
6.851940582703268e-07,0.0,0.0,1.372349814128529,0.05240282115927013,-1.608438740466717e-13,0.0001
6.95194058270327e-07,0.0,0.0,1.372349812684389,0.05240275393661629,1.861221512131057e-13,0.0001
7.051940582703273e-07,0.0,0.0,1.372349814107541,0.05240268681954903,-1.573707869435858e-13,0.0001
7.151940582703275e-07,0.0,0.0,1.372349812707182,0.05240261959819853,1.826523136364558e-13,0.0001
7.251940582703277e-07,0.0,0.0,1.372349814081882,0.05240255247868173,-1.539030665508663e-13,0.0001
7.351940582703279e-07,0.0,0.0,1.3723498127281,0.05240248525998332,1.791863704786477e-13,0.0001
7.451940582703282e-07,0.0,0.0,1.37234981406241,0.05240241814035359,-1.504414579897228e-13,0.0001
7.551940582703284e-07,0.0,0.0,1.37234981275138,0.05240235092447103,1.757296801306483e-13,0.0001
7.651940582703286e-07,0.0,0.0,1.37234981404479,0.05240228380243649,-1.469909409288332e-13,0.0001
7.751940582703288e-07,0.0,0.0,1.372349812770203,0.05240221658844701,1.722868535614483e-13,0.0001
7.85194058270329e-07,0.0,0.0,1.372349814020372,0.05240214946528333,-1.4356047251762e-13,0.0001
7.951940582703293e-07,0.0,0.0,1.372349812788513,0.05240208225082241,1.688635363321119e-13,0.0001
8.051940582703295e-07,0.0,0.0,1.372349814002562,0.05240201512815403,-1.401448089080696e-13,0.0001
8.151940582703297e-07,0.0,0.0,1.372349812806958,0.05240194791625342,1.654618696113986e-13,0.0001
8.251940582703299e-07,0.0,0.0,1.372349813984016,0.05240188078985262,-1.367549153910899e-13,0.0001
8.351940582703301e-07,0.0,0.0,1.372349812827677,0.05240181357893454,1.620823907837317e-13,0.0001
8.451940582703304e-07,0.0,0.0,1.372349813964663,0.05240174645248629,-1.33393938875091e-13,0.0001
8.551940582703306e-07,0.0,0.0,1.372349812845815,0.05240167924378962,1.587337970356117e-13,0.0001
8.651940582703308e-07,0.0,0.0,1.37234981394746,0.05240161211644183,-1.300576343758503e-13,0.0001
8.75194058270331e-07,0.0,0.0,1.372349812863478,0.05240154490787245,1.554162092489504e-13,0.0001
8.851940582703313e-07,0.0,0.0,1.372349813929005,0.05240147777860926,-1.267571329639119e-13,0.0001
8.951940582703315e-07,0.0,0.0,1.372349812881842,0.0524014105709125,1.521332252206147e-13,0.0001
9.051940582703317e-07,0.0,0.0,1.372349813914946,0.05240134344336896,-1.234920257303099e-13,0.0001
9.151940582703319e-07,0.0,0.0,1.372349812894803,0.05240127623726612,1.488852880312134e-13,0.0001
9.251940582703321e-07,0.0,0.0,1.372349813896862,0.05240120910680364,-1.202627184612698e-13,0.0001
9.351940582703324e-07,0.0,0.0,1.372349812913156,0.05240114190208409,1.456743525455219e-13,0.0001
9.451940582703326e-07,0.0,0.0,1.372349813882232,0.05240107477100474,-1.17071128509514e-13,0.0001
9.551940582703327e-07,0.0,0.0,1.372349812927719,0.05240100756819599,1.425078114736833e-13,0.0001
9.651940582703324e-07,0.0,0.0,1.372349813866506,0.05240094043699532,-1.139229485979743e-13,0.0001
9.75194058270332e-07,0.0,0.0,1.372349812940894,0.05240087323466038,1.393794546747817e-13,0.0001
9.851940582703318e-07,0.0,0.0,1.372349813852755,0.0524008061006058,-1.108184976857882e-13,0.0001
9.951940582703315e-07,0.0,0.0,1.372349812955093,0.05240073890087962,1.362944273536255e-13,0.0001
1.000000169131592e-06,0.0,8.456579597298128e-06,1.372349828144089,0.05240072908861449,1.524991971612786e-07,0.0001
1.000004551899459e-06,0.0,0.0002275949729650974,1.372350617731833,0.05240338954041296,1.743684848358656e-06,0.0001
1.000019335837728e-06,0.0,0.0009667918864115023,1.372353116503203,0.05241763267639582,2.015213350683942e-06,0.0001
1.000252332257396e-06,0.0,0.01261661286982427,1.372381971275132,0.05264618684727244,2.010088777326479e-06,0.0001
1.003051087626244e-06,0.0,0.1525543813122213,1.372420774771728,0.05536292138005268,1.953586988225157e-06,0.0001
1.007055218177428e-06,0.0,0.3527609088714245,1.372419189579555,0.0591843640017866,1.886393015822904e-06,0.0001
1.011828877261886e-06,0.0,0.5914438630943173,1.372417937847219,0.0636631579481304,1.827728580072425e-06,0.0001
1.018500241543069e-06,0.0,0.9250120771534633,1.372417000779079,0.06984112976856678,1.769747723150448e-06,0.0001
1.027807824098422e-06,0.0,1.3903912049211,1.372416356236496,0.07837638004255715,1.713797472607224e-06,0.0001
1.037807824098422e-06,0.0,1.890391204921084,1.37241601206863,0.08748765714805722,1.670834609062745e-06,0.0001
1.047807824098421e-06,0.0,2.390391204921068,1.372415832236475,0.09656343819864853,1.638304801244276e-06,0.0001
1.057807824098421e-06,0.0,2.890391204921052,1.372415740423526,0.105616516500757,1.612280249088844e-06,0.0001
1.067807824098421e-06,0.0,3.390391204921037,1.372415701024816,0.1146540151109265,1.590919978223502e-06,0.0001
1.07780782409842e-06,0.0,3.89039120492102,1.372415694438897,0.123680254803128,1.572775679453177e-06,0.0001
1.08780782409842e-06,0.0,4.390391204921005,1.37241570774266,0.1326978704251627,1.557244334585543e-06,0.0001
1.09780782409842e-06,0.0,4.890391204920989,1.372415729824294,0.1417080970706157,1.543588121869128e-06,0.0001
1.100006391211572e-06,0.0,5.0,1.372414570643582,0.143683658621365,-8.261601337350432e-09,0.0001
1.100097905410128e-06,0.0,5.0,1.372402080716836,0.1436831557688478,-3.339146702197038e-10,0.0001
1.101870319088872e-06,0.0,5.0,1.372350249533523,0.1436806625078386,7.482850285234211e-10,0.0001
1.109993046772587e-06,0.0,5.0,1.372349797981226,0.1436780267357546,-3.973122063294366e-10,0.0001
1.119993046772586e-06,0.0,5.0,1.372349800296869,0.1436748050553839,7.516103862903468e-10,0.0001
1.129993046772586e-06,0.0,5.0,1.372349797926061,0.1436715834090256,-4.005543417784363e-10,0.0001
1.139993046772586e-06,0.0,5.0,1.372349800288285,0.143668364449003,7.545038939460458e-10,0.0001
1.149993046772585e-06,0.0,5.0,1.372349797964734,0.1436651455513609,-4.036404953333683e-10,0.0001
1.159993046772585e-06,0.0,5.0,1.372349800270681,0.1436619293071882,7.572447414949668e-10,0.0001
1.169993046772585e-06,0.0,5.0,1.3723497980013,0.1436587131558251,-4.065763335725503e-10,0.0001
1.179993046772584e-06,0.0,5.0,1.372349800258123,0.1436554996155002,7.598381514262176e-10,0.0001
1.189993046772584e-06,0.0,5.0,1.37234979803724,0.1436522862061617,-4.093667414772906e-10,0.0001
1.199993046772584e-06,0.0,5.0,1.372349800246085,0.1436490753691933,7.622892041203588e-10,0.0001
1.209993046772583e-06,0.0,5.0,1.372349798072197,0.143645864690401,-4.120169770638338e-10,0.0001
1.219993046772583e-06,0.0,5.0,1.372349800232779,0.1436426565540414,7.646028733765409e-10,0.0001
1.229993046772583e-06,0.0,5.0,1.372349798106305,0.1436394486073858,-4.145317299142359e-10,0.0001
1.239993046772583e-06,0.0,5.0,1.37234980022503,0.1436362431578968,7.667838487768197e-10,0.0001
1.249993046772582e-06,0.0,5.0,1.37234979813938,0.14363303793307,-4.169156718469846e-10,0.0001
1.259993046772582e-06,0.0,5.0,1.372349800211455,0.1436298351731425,7.68836802139683e-10,0.0001
1.269993046772582e-06,0.0,5.0,1.37234979817567,0.1436266326618535,-4.191734746805675e-10,0.0001
1.279993046772581e-06,0.0,5.0,1.372349800200806,0.1436234325813563,7.707661743572292e-10,0.0001
1.289993046772581e-06,0.0,5.0,1.372349798206205,0.1436202327853195,-4.213094016713992e-10,0.0001
1.299993046772581e-06,0.0,5.0,1.372349800193434,0.1436170353881656,7.725762109223044e-10,0.0001
1.30999304677258e-06,0.0,5.0,1.372349798237428,0.1436138382939741,-4.233277160758942e-10,0.0001
1.31999304677258e-06,0.0,5.0,1.372349800181876,0.1436106435707369,7.742710152192079e-10,0.0001
1.32999304677258e-06,0.0,5.0,1.372349798268863,0.1436074491795362,-4.252324502240778e-10,0.0001
1.339993046772579e-06,0.0,5.0,1.372349800174285,0.1436042571257116,7.758548860314907e-10,0.0001
1.349993046772579e-06,0.0,5.0,1.372349798299503,0.1436010654285292,-4.270275831552706e-10,0.0001
1.359993046772579e-06,0.0,5.0,1.372349800165768,0.1435978760364291,7.773312339642846e-10,0.0001
1.369993046772579e-06,0.0,5.0,1.372349798334254,0.143594687028286,-4.287168629824034e-10,0.0001
1.379993046772578e-06,0.0,5.0,1.37234980015644,0.1435915002967899,7.787041446383203e-10,0.0001
1.389993046772578e-06,0.0,5.0,1.372349798361569,0.1435883139786722,-4.303041443998179e-10,0.0001
1.399993046772578e-06,0.0,5.0,1.372349800152302,0.1435851299012834,7.799771707672764e-10,0.0001
1.409993046772577e-06,0.0,5.0,1.372349798389812,0.1435819462603185,-4.317927491948037e-10,0.0001
1.419993046772577e-06,0.0,5.0,1.372349800143106,0.1435787648315408,7.811537940105584e-10,0.0001
1.429993046772577e-06,0.0,5.0,1.372349798421499,0.1435755838681644,-4.331862656081764e-10,0.0001
1.439993046772576e-06,0.0,5.0,1.372349800137312,0.1435724050834904,7.822372295740455e-10,0.0001
1.449993046772576e-06,0.0,5.0,1.372349798448096,0.1435692267865877,-4.344879443729521e-10,0.0001
1.459993046772576e-06,0.0,5.0,1.372349800132024,0.1435660506442983,7.832310301714163e-10,0.0001
1.469993046772575e-06,0.0,5.0,1.372349798477381,0.1435628750122648,-4.357010006950102e-10,0.0001
1.479993046772575e-06,0.0,5.0,1.37234980012573,0.1435597015069612,7.841381623185929e-10,0.0001
1.489993046772575e-06,0.0,5.0,1.37234979850379,0.1435565285293474,-4.368285254352511e-10,0.0001
1.499993046772575e-06,0.0,5.0,1.372349800119566,0.1435533576540887,7.849615747679284e-10,0.0001
1.509993046772574e-06,0.0,5.0,1.372349798530605,0.1435501873291486,-4.378735916910071e-10,0.0001
1.519993046772574e-06,0.0,5.0,1.372349800114787,0.1435470190774863,7.85704376143892e-10,0.0001
1.529993046772574e-06,0.0,5.0,1.372349798558203,0.1435438513992491,-4.388390593967895e-10,0.0001
1.539993046772573e-06,0.0,5.0,1.372349800110343,0.1435406857707246,7.863694619081319e-10,0.0001
1.549993046772573e-06,0.0,5.0,1.372349798587699,0.1435375207317805,-4.397276996692678e-10,0.0001
1.559993046772573e-06,0.0,5.0,1.372349800107996,0.1435343577233035,7.869594788323386e-10,0.0001
1.569993046772572e-06,0.0,5.0,1.372349798608718,0.1435311953274127,-4.405421059894277e-10,0.0001
1.579993046772572e-06,0.0,5.0,1.372349800101692,0.1435280349351893,7.87476931579656e-10,0.0001
1.589993046772572e-06,0.0,5.0,1.372349798638294,0.143524875182891,-4.412850672375068e-10,0.0001
1.599993046772571e-06,0.0,5.0,1.372349800099759,0.1435217174019883,7.879246445574584e-10,0.0001
1.609993046772571e-06,0.0,5.0,1.372349798661039,0.1435185602719637,-4.419589637316701e-10,0.0001
1.619993046772571e-06,0.0,5.0,1.372349800095789,0.1435154050879673,7.883049803203424e-10,0.0001
1.629993046772571e-06,0.0,5.0,1.372349798685506,0.1435122505829923,-4.425662290807875e-10,0.0001
1.63999304677257e-06,0.0,5.0,1.372349800097549,0.1435090980026278,7.886203547136095e-10,0.0001
1.64999304677257e-06,0.0,5.0,1.372349798711235,0.143505946109401,-4.431094390022761e-10,0.0001
1.65999304677257e-06,0.0,5.0,1.372349800092834,0.1435027961215032,7.888730059468774e-10,0.0001
1.669993046772569e-06,0.0,5.0,1.372349798732683,0.143499646838711,-4.43590583015796e-10,0.0001
1.679993046772569e-06,0.0,5.0,1.372349800088882,0.1434964994393252,7.890651899933321e-10,0.0001
1.689993046772569e-06,0.0,5.0,1.372349798760476,0.1434933527631788,-4.440121302573541e-10,0.0001
1.699993046772568e-06,0.0,5.0,1.372349800089192,0.1434902079520379,7.891992161168649e-10,0.0001
1.709993046772568e-06,0.0,5.0,1.372349798781787,0.1434870638777377,-4.443759459016317e-10,0.0001
1.719993046772568e-06,0.0,5.0,1.372349800086854,0.1434839216422327,7.892769317285887e-10,0.0001
1.729993046772567e-06,0.0,5.0,1.372349798805194,0.1434807801584009,-4.446841438132676e-10,0.0001
1.739993046772567e-06,0.0,5.0,1.372349800083145,0.1434776404960336,7.893005217474158e-10,0.0001
1.749993046772567e-06,0.0,5.0,1.372349798827751,0.1434745016148309,-4.449387490390588e-10,0.0001
1.759993046772567e-06,0.0,5.0,1.372349800087852,0.1434713645258226,7.892717802937543e-10,0.0001
1.769993046772566e-06,0.0,5.0,1.372349798849135,0.1434682282262425,-4.451416978079603e-10,0.0001
1.779993046772566e-06,0.0,5.0,1.372349800084697,0.1434650937076692,7.891928389958114e-10,0.0001
1.789993046772566e-06,0.0,5.0,1.372349798871412,0.1434619599904585,-4.452948552946534e-10,0.0001
1.799993046772565e-06,0.0,5.0,1.372349800083536,0.1434588280257324,7.890652432840372e-10,0.0001
1.809993046772565e-06,0.0,5.0,1.372349798893653,0.1434556968856375,-4.453999445652723e-10,0.0001
1.819993046772565e-06,0.0,5.0,1.372349800081676,0.1434525674841803,7.888908405695449e-10,0.0001
1.829993046772564e-06,0.0,5.0,1.37234979891793,0.1434494389150593,-4.454585998681093e-10,0.0001
1.839993046772564e-06,0.0,5.0,1.372349800085763,0.1434463120643873,7.886713894456055e-10,0.0001
1.849993046772564e-06,0.0,5.0,1.372349798937822,0.1434431860621716,-4.454726686142774e-10,0.0001
1.859993046772563e-06,0.0,5.0,1.372349800083084,0.1434400617600096,7.884084175791006e-10,0.0001
1.869993046772563e-06,0.0,5.0,1.372349798959085,0.1434369383233839,-4.454437317613635e-10,0.0001
1.879993046772563e-06,0.0,5.0,1.372349800084278,0.1434338165684225,7.881036835633015e-10,0.0001
1.889993046772563e-06,0.0,5.0,1.372349798979298,0.1434306956851296,-4.45373192631271e-10,0.0001
1.899993046772562e-06,0.0,5.0,1.372349800085435,0.1434275764662991,7.877585196658376e-10,0.0001
1.909993046772562e-06,0.0,5.0,1.372349798999942,0.1434244581353224,-4.452628453444074e-10,0.0001
1.919993046772563e-06,0.0,5.0,1.372349800085689,0.1434213414500893,7.873744890807277e-10,0.0001
1.929993046772564e-06,0.0,5.0,1.372349799020937,0.1434182256687758,-4.451138267691501e-10,0.0001
1.939993046772564e-06,0.0,5.0,1.372349800088437,0.1434151115127343,7.869530306570116e-10,0.0001
1.949993046772565e-06,0.0,5.0,1.372349799040935,0.1434119982691522,-4.44927664572381e-10,0.0001
1.959993046772566e-06,0.0,5.0,1.37234980008859,0.1434088866404239,7.864954766623189e-10,0.0001
1.969993046772567e-06,0.0,5.0,1.372349799059954,0.1434057759368519,-4.447057798395715e-10,0.0001
1.979993046772567e-06,0.0,5.0,1.372349800089682,0.1434026668254592,7.860032837092579e-10,0.0001
1.989993046772568e-06,0.0,5.0,1.37234979907962,0.1433995586567141,-4.444494160205092e-10,0.0001
1.999993046772569e-06,0.0,5.0,1.372349800093117,0.1433964520589509,7.854774465576586e-10,0.0001
2.00999304677257e-06,0.0,5.0,1.372349799097775,0.1433933464195161,-4.441597632742766e-10,0.0001
2.01999304677257e-06,0.0,5.0,1.372349800093418,0.1433902423351644,7.849195106379714e-10,0.0001
2.029993046772571e-06,0.0,5.0,1.372349799116769,0.143387139218997,-4.438381538685032e-10,0.0001
2.039993046772572e-06,0.0,5.0,1.372349800097153,0.143384037639872,7.843306128185734e-10,0.0001
2.049993046772573e-06,0.0,5.0,1.372349799138106,0.1433809370400123,-4.434857069079978e-10,0.0001
2.059993046772573e-06,0.0,5.0,1.372349800099145,0.1433778379647718,7.837117478592947e-10,0.0001
2.069993046772574e-06,0.0,5.0,1.372349799157018,0.1433747398801358,-4.431036125518428e-10,0.0001
2.079993046772575e-06,0.0,5.0,1.372349800099476,0.1433716433047482,7.830642480277649e-10,0.0001
2.089993046772576e-06,0.0,5.0,1.372349799174202,0.1433685477255263,-4.426929899048471e-10,0.0001
2.099993046772576e-06,0.0,5.0,1.372349800102587,0.1433654536412215,7.823891436109509e-10,0.0001
2.109993046772577e-06,0.0,5.0,1.372349799194669,0.1433623605765157,-4.422548337268406e-10,0.0001
2.119993046772578e-06,0.0,5.0,1.372349800106958,0.143359268984786,7.816872517329987e-10,0.0001
2.129993046772579e-06,0.0,5.0,1.372349799211778,0.1433561784150697,-4.417902453590639e-10,0.0001
2.139993046772579e-06,0.0,5.0,1.372349800110669,0.1433530893078576,7.809598868979695e-10,0.0001
2.14999304677258e-06,0.0,5.0,1.372349799227544,0.1433500012363744,-4.413001485070733e-10,0.0001
2.159993046772581e-06,0.0,5.0,1.372349800112077,0.1433469146160214,7.802079017571462e-10,0.0001
2.169993046772582e-06,0.0,5.0,1.372349799246566,0.1433438290327135,-4.407855912214043e-10,0.0001
2.179993046772582e-06,0.0,5.0,1.37234980011588,0.1433407448861953,7.794322200160853e-10,0.0001
2.189993046772583e-06,0.0,5.0,1.372349799263527,0.1433376617908053,-4.402474083897712e-10,0.0001
2.199993046772584e-06,0.0,5.0,1.372349800118388,0.1433345801133445,7.786337831439117e-10,0.0001
2.209993046772585e-06,0.0,5.0,1.37234979927998,0.1433314994935286,-4.39686452663457e-10,0.0001
2.219993046772585e-06,0.0,5.0,1.372349800120927,0.1433284202850551,7.778133727376346e-10,0.0001
2.229993046772586e-06,0.0,5.0,1.372349799298968,0.1433253421433237,-4.391037365658601e-10,0.0001
2.239993046772587e-06,0.0,5.0,1.372349800127273,0.1433222653970976,7.769720723749263e-10,0.0001
2.249993046772588e-06,0.0,5.0,1.372349799316572,0.1433191897404493,-4.384999706397164e-10,0.0001
2.259993046772588e-06,0.0,5.0,1.372349800130902,0.143316115464014,7.761104504899752e-10,0.0001
2.269993046772589e-06,0.0,5.0,1.372349799332185,0.1433130422747236,-4.378759897727403e-10,0.0001
2.27999304677259e-06,0.0,5.0,1.372349800135368,0.143309970450804,7.752293952612011e-10,0.0001
2.289993046772591e-06,0.0,5.0,1.372349799351465,0.1433068997224078,-4.372326110890779e-10,0.0001
2.299993046772591e-06,0.0,5.0,1.372349800139472,0.1433038303508025,7.743296349949081e-10,0.0001
2.309993046772592e-06,0.0,5.0,1.372349799367708,0.1433007620826994,-4.365706517128753e-10,0.0001
2.319993046772593e-06,0.0,5.0,1.372349800142956,0.1432976951521296,7.734120933966526e-10,0.0001
2.329993046772594e-06,0.0,5.0,1.372349799383027,0.1432946293382164,-4.358906445511845e-10,0.0001
2.339993046772594e-06,0.0,5.0,1.37234980014707,0.1432915648492681,7.724771790285079e-10,0.0001
2.349993046772595e-06,0.0,5.0,1.372349799398383,0.1432885014852139,-4.351934244917199e-10,0.0001
2.359993046772596e-06,0.0,5.0,1.372349800149761,0.1432854394376037,7.715258688867355e-10,0.0001
2.369993046772597e-06,0.0,5.0,1.372349799415588,0.1432823785206068,-4.344797553679225e-10,0.0001
2.379993046772597e-06,0.0,5.0,1.372349800155865,0.1432793189033981,7.705586070605452e-10,0.0001
2.389993046772598e-06,0.0,5.0,1.372349799430296,0.1432762604268503,-4.337500635054337e-10,0.0001
2.399993046772599e-06,0.0,5.0,1.37234980016112,0.1432732032442366,7.69576104092673e-10,0.0001
2.4099930467726e-06,0.0,5.0,1.372349799448356,0.1432701471999134,-4.330051660283995e-10,0.0001
2.4199930467726e-06,0.0,5.0,1.372349800165364,0.1432670924339507,7.685791771072647e-10,0.0001
2.429993046772601e-06,0.0,5.0,1.37234979946332,0.1432640388270857,-4.322455780803036e-10,0.0001
2.439993046772602e-06,0.0,5.0,1.372349800168848,0.1432609864832076,7.675680570307098e-10,0.0001
2.449993046772603e-06,0.0,5.0,1.37234979947883,0.1432579353021211,-4.3147202796745e-10,0.0001
2.459993046772603e-06,0.0,5.0,1.372349800174681,0.1432548853742207,7.665436142778592e-10,0.0001
2.469993046772604e-06,0.0,5.0,1.37234979949515,0.143251836618072,-4.30684799906933e-10,0.0001
2.479993046772605e-06,0.0,5.0,1.372349800179818,0.1432487891007788,7.655063284650598e-10,0.0001
2.489993046772606e-06,0.0,5.0,1.372349799510493,0.1432457427551195,-4.298847110228987e-10,0.0001
2.498996523386303e-06,0.0,5.0,1.372349800184496,0.143243001048184,7.643699219406219e-10,0.0001
2.501e-06,0.0,5.0,1.372349799855546,0.1432423910864013,1.679656981556921e-10,0.0001
2.503170000000001e-06,0.0,5.0,1.372349799853302,0.1432417304828997,1.674658135775164e-10,0.0001
2.513170000000002e-06,0.0,5.0,1.372349799858397,0.1432386869567883,1.674114392946624e-10,0.0001
2.523170000000002e-06,0.0,5.0,1.372349799862878,0.1432356446247429,1.673445239325222e-10,0.0001
2.533170000000003e-06,0.0,5.0,1.372349799867557,0.1432326034967835,1.672899720139842e-10,0.0001
2.543170000000004e-06,0.0,5.0,1.372349799873018,0.1432295635685603,1.672234652139171e-10,0.0001
2.553170000000005e-06,0.0,5.0,1.372349799878526,0.1432265248420484,1.671687001325584e-10,0.0001
2.563170000000005e-06,0.0,5.0,1.372349799882964,0.1432234873139604,1.671025486038591e-10,0.0001
2.573170000000006e-06,0.0,5.0,1.37234979988701,0.1432204509853836,1.670476058868164e-10,0.0001
2.583170000000007e-06,0.0,5.0,1.372349799891645,0.1432174158516544,1.669817563387799e-10,0.0001
2.593170000000008e-06,0.0,5.0,1.372349799897379,0.1432143819120554,1.669266182224849e-10,0.0001
2.603170000000008e-06,0.0,5.0,1.37234979990167,0.1432113491716937,1.66861159472953e-10,0.0001
2.613170000000009e-06,0.0,5.0,1.372349799909081,0.1432083176161914,1.668059680659528e-10,0.0001
2.62317000000001e-06,0.0,5.0,1.372349799912237,0.1432052872604891,1.667407935335152e-10,0.0001
2.633170000000011e-06,0.0,5.0,1.372349799916329,0.1432022580955302,1.666853534365575e-10,0.0001
2.643170000000011e-06,0.0,5.0,1.372349799922883,0.1431992301184111,1.666204275940775e-10,0.0001
2.653170000000012e-06,0.0,5.0,1.372349799928376,0.1431962033357996,1.665650230242566e-10,0.0001
2.663170000000013e-06,0.0,5.0,1.372349799934176,0.1431931777318048,1.665005057438496e-10,0.0001
2.673170000000014e-06,0.0,5.0,1.372349799937715,0.1431901533167865,1.664447814297976e-10,0.0001
2.683170000000014e-06,0.0,5.0,1.372349799941865,0.1431871300845745,1.663805306029165e-10,0.0001
2.693170000000015e-06,0.0,5.0,1.372349799947374,0.1431841080385124,1.663248062888645e-10,0.0001
2.703170000000016e-06,0.0,5.0,1.372349799954654,0.1431810871757047,1.662608396790777e-10,0.0001
2.713170000000017e-06,0.0,5.0,1.372349799958658,0.1431780674951,1.662049377293417e-10,0.0001
2.723170000000017e-06,0.0,5.0,1.37234979996421,0.1431750489919016,1.661413441544912e-10,0.0001
2.733170000000018e-06,0.0,5.0,1.37234979996706,0.143172031669545,1.660853533869133e-10,0.0001
2.743170000000019e-06,0.0,5.0,1.372349799974143,0.1431690155296485,1.660219552113151e-10,0.0001
2.75317000000002e-06,0.0,5.0,1.372349799978609,0.1431660005684725,1.659657868080533e-10,0.0001
2.76317000000002e-06,0.0,5.0,1.37234979998451,0.1431629867864342,1.659026728495494e-10,0.0001
2.773170000000021e-06,0.0,5.0,1.372349799988771,0.1431599741808838,1.658465755005612e-10,0.0001
2.783170000000022e-06,0.0,5.0,1.372349799992036,0.1431569627559997,1.657836569413096e-10,0.0001
2.793170000000023e-06,0.0,5.0,1.372349799996536,0.1431539525061186,1.657274707744794e-10,0.0001
2.803170000000023e-06,0.0,5.0,1.372349800001769,0.1431509434242811,1.656649252501641e-10,0.0001
2.813170000000024e-06,0.0,5.0,1.372349800008914,0.1431479355112867,1.656084371026711e-10,0.0001
2.823170000000025e-06,0.0,5.0,1.372349800011813,0.1431449287711819,1.655461580318818e-10,0.0001
2.833170000000026e-06,0.0,5.0,1.372349800017447,0.1431419232000927,1.654896521208205e-10,0.0001
2.843170000000026e-06,0.0,5.0,1.372349800023704,0.1431389188013473,1.654276572671254e-10,0.0001
2.853170000000027e-06,0.0,5.0,1.37234980002844,0.1431359155739903,1.653711691196325e-10,0.0001
2.863170000000028e-06,0.0,5.0,1.372349800033501,0.1431329135125976,1.653093163744845e-10,0.0001
2.873170000000029e-06,0.0,5.0,1.372349800037205,0.1431299126188698,1.652527216455812e-10,0.0001
2.883170000000029e-06,0.0,5.0,1.372349800041043,0.143126912888013,1.651912064082328e-10,0.0001
2.89317000000003e-06,0.0,5.0,1.372349800046998,0.1431239143206278,1.651344873343508e-10,0.0001
2.903170000000031e-06,0.0,5.0,1.372349800054397,0.1431209169206393,1.650731497326863e-10,0.0001
2.913170000000032e-06,0.0,5.0,1.372349800058707,0.1431179206733802,1.650163951316674e-10,0.0001
2.923170000000032e-06,0.0,5.0,1.372349800063801,0.1431149255972172,1.649553417470973e-10,0.0001
2.933170000000033e-06,0.0,5.0,1.372349800068777,0.1431119316851823,1.648984450375313e-10,0.0001
2.943170000000034e-06,0.0,5.0,1.372349800072488,0.1431089389309753,1.648377113971922e-10,0.0001
2.953170000000035e-06,0.0,5.0,1.372349800077921,0.1431059473373117,1.647807791604894e-10,0.0001
2.963170000000035e-06,0.0,5.0,1.372349800082887,0.1431029568987462,1.647200988108555e-10,0.0001
2.973170000000036e-06,0.0,5.0,1.372349800088745,0.1430999676155648,1.646632731555631e-10,0.0001
2.983170000000037e-06,0.0,5.0,1.372349800091561,0.1430969794866881,1.646028770230235e-10,0.0001
2.993170000000038e-06,0.0,5.0,1.372349800094702,0.1430939925167324,1.645459092591839e-10,0.0001
3.003170000000038e-06,0.0,5.0,1.37234980010037,0.1430910066958721,1.644857973437386e-10,0.0001
3.013170000000039e-06,0.0,5.0,1.372349800107224,0.1430880220285298,1.644287585256254e-10,0.0001
3.02317000000004e-06,0.0,5.0,1.372349800112056,0.1430850385096041,1.643687176644537e-10,0.0001
3.033170000000041e-06,0.0,5.0,1.372349800116961,0.1430820561444977,1.643117321370457e-10,0.0001
3.043170000000041e-06,0.0,5.0,1.372349800120026,0.143079074926226,1.642519399658315e-10,0.0001
3.053170000000042e-06,0.0,5.0,1.372349800125979,0.143076094857702,1.641948478570132e-10,0.0001
3.063170000000043e-06,0.0,5.0,1.372349800130989,0.1430731159338548,1.641352688486197e-10,0.0001
3.073170000000044e-06,0.0,5.0,1.372349800136427,0.1430701381580288,1.640781767398014e-10,0.0001
3.083170000000044e-06,0.0,5.0,1.37234980014099,0.1430671615235999,1.640187576035235e-10,0.0001
3.093170000000045e-06,0.0,5.0,1.372349800144945,0.1430641860319004,1.639616477311367e-10,0.0001
3.103170000000046e-06,0.0,5.0,1.372349800150543,0.143061211681641,1.639024239941111e-10,0.0001
3.113170000000047e-06,0.0,5.0,1.372349800154539,0.1430582384744068,1.638453318852928e-10,0.0001
3.123170000000047e-06,0.0,5.0,1.372349800162487,0.1430552664148771,1.637862857839512e-10,0.0001
3.133170000000048e-06,0.0,5.0,1.372349800164256,0.1430522954949545,1.637291759115644e-10,0.0001
3.143170000000049e-06,0.0,5.0,1.372349800169097,0.1430493257088566,1.636702896823383e-10,0.0001
3.15317000000005e-06,0.0,5.0,1.372349800174979,0.1430463570658956,1.636130909921096e-10,0.0001
3.16317000000005e-06,0.0,5.0,1.372349800180219,0.143043389562308,1.635544356892726e-10,0.0001
3.173170000000051e-06,0.0,5.0,1.372349800185137,0.1430404231904025,1.634973080533175e-10,0.0001
3.183170000000052e-06,0.0,5.0,1.37234980019086,0.1430374579451127,1.634388303861645e-10,0.0001
3.193170000000053e-06,0.0,5.0,1.37234980019094,0.1430344938408268,1.633816494595042e-10,0.0001
3.203170000000053e-06,0.0,5.0,1.372349800196777,0.1430315308732293,1.633233139008983e-10,0.0001
3.213170000000054e-06,0.0,5.0,1.372349800203151,0.143028569034431,1.632661862649432e-10,0.0001
3.223170000000055e-06,0.0,5.0,1.3723498002078,0.1430256083235406,1.632079395241792e-10,0.0001
3.233170000000056e-06,0.0,5.0,1.372349800213099,0.1430226487407368,1.631508474153609e-10,0.0001
3.243170000000056e-06,0.0,5.0,1.372349800216644,0.1430196902913771,1.630928848916913e-10,0.0001
3.253170000000057e-06,0.0,5.0,1.372349800221772,0.1430167329666253,1.63035615147189e-10,0.0001
3.263170000000058e-06,0.0,5.0,1.372349800228196,0.1430137767713013,1.629778124956349e-10,0.0001
3.273170000000059e-06,0.0,5.0,1.372349800231954,0.1430108217012282,1.629207203868166e-10,0.0001
3.283170000000059e-06,0.0,5.0,1.372349800237332,0.1430078677557511,1.628630243166729e-10,0.0001
3.29317000000006e-06,0.0,5.0,1.372349800241293,0.1430049149333467,1.628059144442862e-10,0.0001
3.303170000000061e-06,0.0,5.0,1.372349800245561,0.1430019632352769,1.627484137733948e-10,0.0001
3.313170000000062e-06,0.0,5.0,1.372349800251333,0.1429990126621307,1.626912150831661e-10,0.0001
3.323170000000062e-06,0.0,5.0,1.372349800256123,0.1429960632175199,1.62633909811527e-10,0.0001
3.333170000000063e-06,0.0,5.0,1.372349800261529,0.1429931148871398,1.625767466484351e-10,0.0001
3.343170000000064e-06,0.0,5.0,1.372349800267489,0.1429901676738175,1.625195124310697e-10,0.0001
3.353170000000065e-06,0.0,5.0,1.372349800271315,0.1429872215812115,1.624624380858197e-10,0.0001
3.363170000000065e-06,0.0,5.0,1.372349800276116,0.1429842766061911,1.62405417031275e-10,0.0001
3.373170000000066e-06,0.0,5.0,1.372349800280817,0.1429813327526913,1.623483071588883e-10,0.0001
3.383170000000067e-06,0.0,5.0,1.372349800286185,0.1429783900150489,1.622914104493223e-10,0.0001
3.393170000000068e-06,0.0,5.0,1.372349800290989,0.1429754483868201,1.62234229522662e-10,0.0001
3.403170000000069e-06,0.0,5.0,1.372349800291397,0.1429725078735942,1.621775104487799e-10,0.0001
3.413170000000069e-06,0.0,5.0,1.372349800296959,0.1429695684767422,1.6212043610353e-10,0.0001
3.42317000000007e-06,0.0,5.0,1.372349800302725,0.1429666301870661,1.620638236110583e-10,0.0001
3.433170000000071e-06,0.0,5.0,1.372349800307091,0.1429636930029867,1.620067670293768e-10,0.0001
3.443170000000072e-06,0.0,5.0,1.372349800313129,0.1429607569281025,1.619502966454522e-10,0.0001
3.453170000000072e-06,0.0,5.0,1.372349800317978,0.1429578219655211,1.618932223002023e-10,0.0001
3.463170000000073e-06,0.0,5.0,1.372349800320825,0.1429548881114081,1.618369473155301e-10,0.0001
3.473170000000074e-06,0.0,5.0,1.372349800326372,0.1429519553678528,1.617799262609854e-10,0.0001
3.483170000000075e-06,0.0,5.0,1.372349800330516,0.1429490237262235,1.617237223305867e-10,0.0001
3.493170000000075e-06,0.0,5.0,1.372349800337055,0.1429460931937725,1.616667545667472e-10,0.0001
3.503170000000076e-06,0.0,5.0,1.372349800342243,0.1429431637647826,1.616107105084641e-10,0.0001
3.513170000000077e-06,0.0,5.0,1.372349800344635,0.1429402354354452,1.615537782717613e-10,0.0001
3.523170000000078e-06,0.0,5.0,1.372349800350176,0.1429373082094531,1.61497769740615e-10,0.0001
3.533170000000078e-06,0.0,5.0,1.372349800357264,0.1429343820834127,1.614409263217542e-10,0.0001
3.543170000000079e-06,0.0,5.0,1.372349800360683,0.142931457061003,1.613850598991551e-10,0.0001
3.55317000000008e-06,0.0,5.0,1.372349800365721,0.1429285331397249,1.613282697709995e-10,0.0001
3.563170000000081e-06,0.0,5.0,1.372349800369922,0.1429256103215472,1.612725454569475e-10,0.0001
3.573170000000081e-06,0.0,5.0,1.372349800375144,0.1429226885925377,1.612156665109499e-10,0.0001
3.583170000000082e-06,0.0,5.0,1.372349800378184,0.1429197679651745,1.611600665418767e-10,0.0001
3.593170000000083e-06,0.0,5.0,1.372349800384666,0.1429168484342045,1.611033297044262e-10,0.0001
3.603170000000084e-06,0.0,5.0,1.372349800390051,0.1429139299976739,1.610479073710369e-10,0.0001
3.613170000000084e-06,0.0,5.0,1.372349800394477,0.1429110126522172,1.609910994793129e-10,0.0001
3.623170000000085e-06,0.0,5.0,1.372349800394405,0.1429080964152031,1.60935783727334e-10,0.0001
3.633170000000086e-06,0.0,5.0,1.372349800400198,0.142905181267268,1.608790113627467e-10,0.0001
3.643170000000087e-06,0.0,5.0,1.372349800406294,0.1429022672129721,1.608236956107678e-10,0.0001
3.653170000000087e-06,0.0,5.0,1.372349800410142,0.1428993542455826,1.607670475911593e-10,0.0001
3.663170000000088e-06,0.0,5.0,1.372349800415328,0.1428964423715132,1.607120693469799e-10,0.0001
3.673170000000089e-06,0.0,5.0,1.372349800421556,0.1428935315811995,1.606553502730978e-10,0.0001
3.68317000000009e-06,0.0,5.0,1.372349800423823,0.1428906218835644,1.606004608467604e-10,0.0001
3.69317000000009e-06,0.0,5.0,1.372349800429967,0.1428877132611491,1.605438838814255e-10,0.0001
3.703170000000091e-06,0.0,5.0,1.372349800435211,0.1428848057310067,1.604889766915196e-10,0.0001
3.713170000000092e-06,0.0,5.0,1.372349800438848,0.1428818992786981,1.604324530168899e-10,0.0001
3.723170000000093e-06,0.0,5.0,1.372349800444312,0.1428789939151661,1.603777056990996e-10,0.0001
3.733170000000093e-06,0.0,5.0,1.372349800447864,0.1428760896379756,1.603211464973331e-10,0.0001
3.743170000000094e-06,0.0,5.0,1.372349800452886,0.1428731864359326,1.602665945787951e-10,0.0001
3.753170000000095e-06,0.0,5.0,1.372349800458031,0.1428702843230461,1.602100886677338e-10,0.0001
3.763170000000096e-06,0.0,5.0,1.372349800463011,0.1428673832848747,1.601554656949222e-10,0.0001
3.773170000000096e-06,0.0,5.0,1.372349800467165,0.1428644833293285,1.600991374195449e-10,0.0001
3.783170000000097e-06,0.0,5.0,1.372349800472266,0.1428615844524249,1.600446743188488e-10,0.0001
3.793170000000098e-06,0.0,5.0,1.372349800476012,0.1428586866519302,1.599883815706082e-10,0.0001
3.803170000000099e-06,0.0,5.0,1.372349800482016,0.1428557899310879,1.599340072877542e-10,0.0001
3.813170000000099e-06,0.0,5.0,1.372349800485338,0.1428528942821129,1.598776612488084e-10,0.0001
3.8231700000001e-06,0.0,5.0,1.372349800490483,0.142849999705775,1.598235001287751e-10,0.0001
3.8331700000001e-06,0.0,5.0,1.372349800496238,0.1428471062082198,1.597672961983765e-10,0.0001
3.843170000000101e-06,0.0,5.0,1.372349800499194,0.142844213783499,1.5971317060548e-10,0.0001
3.853170000000102e-06,0.0,5.0,1.372349800502042,0.1428413224347342,1.596569311479445e-10,0.0001
3.863170000000103e-06,0.0,5.0,1.372349800507011,0.1428384321529922,1.596028766093216e-10,0.0001
3.873170000000103e-06,0.0,5.0,1.372349800511648,0.1428355429434726,1.595467614967649e-10,0.0001
3.883170000000104e-06,0.0,5.0,1.372349800517687,0.1428326548014505,1.594928845938259e-10,0.0001
3.893170000000105e-06,0.0,5.0,1.372349800521474,0.1428297677291242,1.594368405355429e-10,0.0001
3.903170000000106e-06,0.0,5.0,1.372349800525523,0.1428268817169067,1.59383016923309e-10,0.0001
3.913170000000106e-06,0.0,5.0,1.372349800529434,0.1428239967758327,1.593269195743208e-10,0.0001
3.923170000000107e-06,0.0,5.0,1.372349800536793,0.1428211128998894,1.592731670163605e-10,0.0001
3.933170000000108e-06,0.0,5.0,1.372349800540035,0.1428182300912348,1.59217282830193e-10,0.0001
3.943170000000109e-06,0.0,5.0,1.372349800546261,0.1428153483434307,1.591635480358011e-10,0.0001
3.953170000000109e-06,0.0,5.0,1.372349800549367,0.1428124676577845,1.591076460860652e-10,0.0001
3.96317000000011e-06,0.0,5.0,1.37234980055237,0.1428095880337565,1.590541777451993e-10,0.0001
3.973170000000111e-06,0.0,5.0,1.372349800558178,0.1428067094719035,1.589983823768737e-10,0.0001
3.983170000000112e-06,0.0,5.0,1.372349800563252,0.1428038319695157,1.589448252181658e-10,0.0001
3.993170000000112e-06,0.0,5.0,1.37234980056862,0.1428009555300598,1.588890476134086e-10,0.0001
4.003170000000113e-06,0.0,5.0,1.372349800572656,0.1427980801446955,1.588357036175214e-10,0.0001
4.013170000000114e-06,0.0,5.0,1.372349800577118,0.1427952058196145,1.58780050357743e-10,0.0001
4.023170000000115e-06,0.0,5.0,1.372349800580073,0.1427923325529195,1.587267241254242e-10,0.0001
4.033170000000115e-06,0.0,5.0,1.372349800585394,0.1427894603425407,1.586710886292142e-10,0.0001
4.043170000000116e-06,0.0,5.0,1.372349800590696,0.1427865891888782,1.586178689783058e-10,0.0001
4.053170000000117e-06,0.0,5.0,1.372349800596329,0.1427837190849425,1.585623578270745e-10,0.0001
4.063170000000118e-06,0.0,5.0,1.37234980059953,0.1427808500363348,1.585091914668713e-10,0.0001
4.073170000000118e-06,0.0,5.0,1.372349800601471,0.1427779820422794,1.584536980792084e-10,0.0001
4.083170000000119e-06,0.0,5.0,1.372349800607274,0.142775115098275,1.584006738275523e-10,0.0001
4.09317000000012e-06,0.0,5.0,1.372349800611907,0.1427722492068229,1.583451626763211e-10,0.0001
4.103170000000121e-06,0.0,5.0,1.372349800616793,0.142769384366454,1.582923160603489e-10,0.0001
4.113170000000121e-06,0.0,5.0,1.372349800621478,0.1427665205724896,1.582368581998228e-10,0.0001
4.123170000000122e-06,0.0,5.0,1.372349800624145,0.1427636578256932,1.581840648745558e-10,0.0001
4.133170000000123e-06,0.0,5.0,1.372349800629211,0.1427607961291934,1.581286958318717e-10,0.0001
4.143170000000124e-06,0.0,5.0,1.372349800633515,0.142757935480638,1.580759557973099e-10,0.0001
4.153170000000124e-06,0.0,5.0,1.372349800638494,0.1427550758793636,1.58020640045331e-10,0.0001
4.163170000000125e-06,0.0,5.0,1.372349800644477,0.1427522173179413,1.579680598828848e-10,0.0001
4.173170000000126e-06,0.0,5.0,1.37234980064839,0.1427493598027219,1.579128329487478e-10,0.0001
4.183170000000127e-06,0.0,5.0,1.372349800653095,0.142746503325905,1.578602350227332e-10,0.0001
4.193170000000127e-06,0.0,5.0,1.372349800656535,0.1427436478934141,1.578051146700066e-10,0.0001
4.203170000000128e-06,0.0,5.0,1.372349800661174,0.1427407934992706,1.577525700346971e-10,0.0001
4.213170000000129e-06,0.0,5.0,1.372349800665615,0.1427379401464431,1.576974852091073e-10,0.0001
4.22317000000013e-06,0.0,5.0,1.372349800671811,0.1427350878361666,1.576451537366186e-10,0.0001
4.23317000000013e-06,0.0,5.0,1.372349800674552,0.1427322365642355,1.575900866745972e-10,0.0001
4.243170000000131e-06,0.0,5.0,1.372349800678813,0.1427293863278666,1.575378084928136e-10,0.0001
4.253170000000132e-06,0.0,5.0,1.372349800684552,0.1427265371283861,1.574829013029078e-10,0.0001
4.263170000000133e-06,0.0,5.0,1.372349800689195,0.1427236889640271,1.574306764118294e-10,0.0001
4.273170000000133e-06,0.0,5.0,1.372349800693074,0.1427208418343377,1.573757692219235e-10,0.0001
4.283170000000134e-06,0.0,5.0,1.372349800698035,0.1427179957445787,1.573236153851188e-10,0.0001
4.293170000000135e-06,0.0,5.0,1.372349800699583,0.1427151506820119,1.572687437223497e-10,0.0001
4.303170000000136e-06,0.0,5.0,1.372349800704923,0.142712306655341,1.572167142305236e-10,0.0001
4.313170000000136e-06,0.0,5.0,1.372349800709496,0.1427094636581414,1.571619669127333e-10,0.0001
4.323170000000137e-06,0.0,5.0,1.372349800714137,0.142706621691998,1.571099907116125e-10,0.0001
4.333170000000138e-06,0.0,5.0,1.372349800719094,0.1427037807603453,1.570553144480957e-10,0.0001
4.343170000000139e-06,0.0,5.0,1.372349800724353,0.1427009408638735,1.570033915376801e-10,0.0001
4.353170000000139e-06,0.0,5.0,1.372349800726841,0.1426981019924233,1.569487508013001e-10,0.0001
4.36317000000014e-06,0.0,5.0,1.37234980073172,0.14269526415217,1.568968811815896e-10,0.0001
4.373170000000141e-06,0.0,5.0,1.372349800735742,0.1426924273410838,1.568423292630516e-10,0.0001
4.383170000000142e-06,0.0,5.0,1.372349800740872,0.1426895915586383,1.567905662247515e-10,0.0001
4.393170000000142e-06,0.0,5.0,1.372349800745887,0.1426867568004381,1.567360675969187e-10,0.0001
4.403170000000143e-06,0.0,5.0,1.372349800750781,0.1426839230651361,1.566844644307341e-10,0.0001
4.413170000000144e-06,0.0,5.0,1.372349800754189,0.142681090353434,1.566300368571749e-10,0.0001
4.423170000000145e-06,0.0,5.0,1.372349800757773,0.1426782586652071,1.565784869816955e-10,0.0001
4.433170000000145e-06,0.0,5.0,1.372349800763378,0.1426754279981714,1.565240771717047e-10,0.0001
4.443170000000146e-06,0.0,5.0,1.372349800767873,0.1426725983547567,1.564725805869305e-10,0.0001
4.453170000000147e-06,0.0,5.0,1.372349800773508,0.1426697697260864,1.5641827735835e-10,0.0001
4.463170000000148e-06,0.0,5.0,1.372349800776076,0.1426669421220895,1.563668518278494e-10,0.0001
4.473170000000148e-06,0.0,5.0,1.372349800779576,0.1426641155345082,1.563125485992689e-10,0.0001
4.483170000000149e-06,0.0,5.0,1.372349800784398,0.1426612899617958,1.562612651773154e-10,0.0001
4.49317000000015e-06,0.0,5.0,1.372349800790252,0.1426584654109314,1.562071040572821e-10,0.0001
4.503170000000151e-06,0.0,5.0,1.372349800795503,0.1426556418683339,1.561558206353286e-10,0.0001
4.513170000000151e-06,0.0,5.0,1.37234980079769,0.1426528193435025,1.561017128060005e-10,0.0001
4.523170000000152e-06,0.0,5.0,1.372349800801901,0.1426499978331671,1.56050607019731e-10,0.0001
4.533170000000153e-06,0.0,5.0,1.372349800805885,0.1426471773373953,1.55996552481108e-10,0.0001
4.543170000000154e-06,0.0,5.0,1.372349800810557,0.1426443578570811,1.559454644584069e-10,0.0001
4.553170000000154e-06,0.0,5.0,1.372349800814112,0.1426415393879241,1.558914099197839e-10,0.0001
4.563170000000155e-06,0.0,5.0,1.37234980082029,0.1426387219250442,1.558403574242195e-10,0.0001
4.573170000000156e-06,0.0,5.0,1.372349800823909,0.1426359054738907,1.557864805212805e-10,0.0001
4.583170000000157e-06,0.0,5.0,1.37234980082972,0.142633090036818,1.557356234249685e-10,0.0001
4.593170000000157e-06,0.0,5.0,1.372349800834295,0.1426302755998979,1.556817465220295e-10,0.0001
4.603170000000158e-06,0.0,5.0,1.37234980083869,0.1426274621800823,1.556309071892859e-10,0.0001
4.613170000000159e-06,0.0,5.0,1.372349800843448,0.1426246497633995,1.555770658134836e-10,0.0001
4.62317000000016e-06,0.0,5.0,1.372349800848057,0.1426218383531536,1.555262975350136e-10,0.0001
4.63317000000016e-06,0.0,5.0,1.372349800852324,0.1426190279508668,1.554725627406217e-10,0.0001
4.643170000000161e-06,0.0,5.0,1.372349800854457,0.1426162185490942,1.554219188071304e-10,0.0001
4.653170000000162e-06,0.0,5.0,1.372349800859217,0.1426134101535682,1.553681840127385e-10,0.0001
4.663170000000163e-06,0.0,5.0,1.372349800864528,0.1426106027551496,1.553175400792473e-10,0.0001
4.673170000000163e-06,0.0,5.0,1.372349800869779,0.1426077963568079,1.552640006841077e-10,0.0001
4.683170000000164e-06,0.0,5.0,1.372349800872703,0.14260499096765,1.552133922777532e-10,0.0001
4.693170000000165e-06,0.0,5.0,1.372349800879872,0.1426021865744413,1.551598884097505e-10,0.0001
4.703170000000166e-06,0.0,5.0,1.372349800881712,0.1425993831800517,1.551094221119431e-10,0.0001
4.713170000000166e-06,0.0,5.0,1.372349800887578,0.1425965807885394,1.550559892982139e-10,0.0001
4.723170000000167e-06,0.0,5.0,1.372349800890833,0.142593779395301,1.550056118182486e-10,0.0001
4.733170000000168e-06,0.0,5.0,1.372349800896103,0.1425909789981944,1.54952161240951e-10,0.0001
4.743170000000169e-06,0.0,5.0,1.372349800901165,0.142588179589329,1.549018370516908e-10,0.0001
4.75317000000017e-06,0.0,5.0,1.372349800903333,0.1425853811784703,1.548485285829404e-10,0.0001
4.76317000000017e-06,0.0,5.0,1.372349800906393,0.1425825837665538,1.54798239920817e-10,0.0001
4.773170000000171e-06,0.0,5.0,1.372349800909836,0.1425797873491887,1.547450025063402e-10,0.0001
4.783170000000172e-06,0.0,5.0,1.372349800914068,0.1425769919231203,1.546948737163323e-10,0.0001
4.793170000000173e-06,0.0,5.0,1.372349800919969,0.1425741974931018,1.546416718289923e-10,0.0001
4.803170000000173e-06,0.0,5.0,1.37234980092432,0.1425714040446774,1.545915963296896e-10,0.0001
4.813170000000174e-06,0.0,5.0,1.372349800929095,0.1425686115913021,1.545384299694863e-10,0.0001
4.823170000000175e-06,0.0,5.0,1.372349800932065,0.1425658201299726,1.54488372233752e-10,0.0001
4.833170000000176e-06,0.0,5.0,1.372349800934951,0.1425630296561314,1.544352946913907e-10,0.0001
4.843170000000176e-06,0.0,5.0,1.372349800941068,0.142560240174582,1.543853790642036e-10,0.0001
4.853170000000177e-06,0.0,5.0,1.372349800946029,0.1425574516759296,1.543323725761159e-10,0.0001
4.863170000000178e-06,0.0,5.0,1.372349800950388,0.1425546641660437,1.542825457667707e-10,0.0001
4.873170000000179e-06,0.0,5.0,1.372349800953345,0.1425518776399411,1.542295925693882e-10,0.0001
4.883170000000179e-06,0.0,5.0,1.372349800958097,0.1425490921104755,1.541797479964746e-10,0.0001
4.89317000000018e-06,0.0,5.0,1.372349800962332,0.142546307557217,1.541269901983444e-10,0.0001
4.903170000000181e-06,0.0,5.0,1.372349800967003,0.1425435239875474,1.540771100982941e-10,0.0001
4.913170000000182e-06,0.0,5.0,1.372349800970972,0.1425407414020369,1.540243700637323e-10,0.0001
4.923170000000182e-06,0.0,5.0,1.372349800976395,0.1425379597998687,1.53974720890071e-10,0.0001
4.933170000000183e-06,0.0,5.0,1.372349800979241,0.1425351791784787,1.539219986190776e-10,0.0001
4.943170000000184e-06,0.0,5.0,1.372349800983496,0.1425323995362704,1.538723672089848e-10,0.0001
4.953170000000185e-06,0.0,5.0,1.372349800989293,0.1425296208734415,1.538197337558334e-10,0.0001
4.963170000000185e-06,0.0,5.0,1.372349800993076,0.1425268431928327,1.537702089271509e-10,0.0001
4.973170000000186e-06,0.0,5.0,1.372349800997405,0.1425240664881227,1.537176820554098e-10,0.0001
4.983170000000187e-06,0.0,5.0,1.372349801001153,0.142521290761699,1.536681394631589e-10,0.0001
4.993170000000188e-06,0.0,5.0,1.372349801006029,0.1425185160081859,1.536156658821231e-10,0.0001
5.003170000000188e-06,0.0,5.0,1.372349801006886,0.1425157422322794,1.535661765805774e-10,0.0001
5.013170000000189e-06,0.0,5.0,1.372349801011068,0.1425129694290975,1.535138273445202e-10,0.0001
5.02317000000019e-06,0.0,5.0,1.372349801015439,0.1425101975974871,1.534644268608165e-10,0.0001
5.033170000000191e-06,0.0,5.0,1.372349801020714,0.1425074267464453,1.534120420976226e-10,0.0001
5.043170000000191e-06,0.0,5.0,1.37234980102463,0.1425046568698546,1.533628903038764e-10,0.0001
5.053170000000192e-06,0.0,5.0,1.372349801028803,0.1425018879558209,1.533104877771141e-10,0.0001
5.063170000000193e-06,0.0,5.0,1.372349801033641,0.1424991200114947,1.532613715105047e-10,0.0001
5.073170000000194e-06,0.0,5.0,1.372349801037018,0.1424963530413406,1.532090755651527e-10,0.0001
5.083170000000194e-06,0.0,5.0,1.372349801041775,0.1424935870511461,1.531598882442697e-10,0.0001
5.093170000000195e-06,0.0,5.0,1.372349801045731,0.1424908220287842,1.531077699346017e-10,0.0001
5.103170000000196e-06,0.0,5.0,1.372349801051067,0.1424880579714042,1.530587602494027e-10,0.0001
5.113170000000197e-06,0.0,5.0,1.372349801055077,0.142485294882996,1.530066064125979e-10,0.0001
5.123170000000197e-06,0.0,5.0,1.372349801060653,0.1424825327612582,1.529575789638305e-10,0.0001
5.133170000000198e-06,0.0,5.0,1.372349801063398,0.1424797716069449,1.52905620526278e-10,0.0001
5.143170000000199e-06,0.0,5.0,1.372349801066742,0.1424770114171897,1.528567529496261e-10,0.0001
5.1531700000002e-06,0.0,5.0,1.372349801071762,0.1424742521927229,1.528046879306633e-10,0.0001
5.1631700000002e-06,0.0,5.0,1.372349801075635,0.1424714939306209,1.52755802590443e-10,0.0001
5.173170000000201e-06,0.0,5.0,1.372349801081281,0.1424687366321419,1.527038974435957e-10,0.0001
5.183170000000202e-06,0.0,5.0,1.372349801083219,0.1424659802926256,1.526551542119226e-10,0.0001
5.193170000000203e-06,0.0,5.0,1.372349801087676,0.1424632249131034,1.526033378829173e-10,0.0001
5.203170000000203e-06,0.0,5.0,1.372349801093338,0.142460470491075,1.525546479419493e-10,0.0001
5.213170000000204e-06,0.0,5.0,1.372349801095958,0.1424577170331069,1.525028138493756e-10,0.0001
5.223170000000205e-06,0.0,5.0,1.372349801101221,0.1424549645344588,1.52454230489818e-10,0.0001
5.233170000000206e-06,0.0,5.0,1.372349801104167,0.1424522129913513,1.524024496879495e-10,0.0001
5.243170000000206e-06,0.0,5.0,1.372349801108215,0.1424494624066932,1.523539196190971e-10,0.0001
5.253170000000207e-06,0.0,5.0,1.37234980110957,0.142446712779676,1.523022986893441e-10,0.0001
5.263170000000208e-06,0.0,5.0,1.372349801115564,0.1424439641141768,1.522537863840601e-10,0.0001
5.273170000000209e-06,0.0,5.0,1.372349801118406,0.1424412164015313,1.522022009814439e-10,0.0001
5.283170000000209e-06,0.0,5.0,1.372349801125207,0.1424384696395422,1.521537774940018e-10,0.0001
5.29317000000021e-06,0.0,5.0,1.372349801128272,0.1424357238315547,1.521022631456592e-10,0.0001
5.303170000000211e-06,0.0,5.0,1.372349801132824,0.1424329789717366,1.520538929489223e-10,0.0001
5.313170000000212e-06,0.0,5.0,1.372349801135794,0.1424302350681244,1.520024318912849e-10,0.0001
5.323170000000212e-06,0.0,5.0,1.372349801138975,0.1424274921161013,1.519541327488216e-10,0.0001
5.333170000000213e-06,0.0,5.0,1.372349801143786,0.1424247501152927,1.519027427454578e-10,0.0001
5.343170000000214e-06,0.0,5.0,1.372349801148959,0.1424220090617085,1.518544968936997e-10,0.0001
5.353170000000215e-06,0.0,5.0,1.372349801154692,0.1424192689616934,1.518031779446094e-10,0.0001
5.363170000000215e-06,0.0,5.0,1.372349801158006,0.1424165298055601,1.517550209106933e-10,0.0001
5.373170000000216e-06,0.0,5.0,1.372349801162462,0.1424137915994272,1.517038440701501e-10,0.0001
5.383170000000217e-06,0.0,5.0,1.372349801165577,0.1424110543431001,1.516556159819604e-10,0.0001
5.393170000000218e-06,0.0,5.0,1.372349801169942,0.1424083180275605,1.516045279592593e-10,0.0001
5.403170000000218e-06,0.0,5.0,1.372349801174943,0.1424055826563311,1.515564419796167e-10,0.0001
5.413170000000219e-06,0.0,5.0,1.372349801177158,0.1424028482298353,1.515053184297788e-10,0.0001
5.42317000000022e-06,0.0,5.0,1.372349801183215,0.142400114750278,1.514573035044098e-10,0.0001
5.433170000000221e-06,0.0,5.0,1.37234980118544,0.1423973822148066,1.514063575902558e-10,0.0001
5.443170000000221e-06,0.0,5.0,1.372349801189233,0.1423946506200615,1.513583604284552e-10,0.0001
5.453170000000222e-06,0.0,5.0,1.372349801194322,0.1423919199717364,1.51307361223596e-10,0.0001
5.463170000000223e-06,0.0,5.0,1.37234980119842,0.1423891902614694,1.512595594610477e-10,0.0001
5.473170000000224e-06,0.0,5.0,1.372349801201418,0.1423864614876849,1.512086490740305e-10,0.0001
5.483170000000224e-06,0.0,5.0,1.372349801205124,0.142383733651131,1.511607762572087e-10,0.0001
5.493170000000225e-06,0.0,5.0,1.372349801208485,0.1423810067541989,1.511099369244651e-10,0.0001
5.503170000000226e-06,0.0,5.0,1.372349801212345,0.1423782807973268,1.510622062161904e-10,0.0001
5.513170000000227e-06,0.0,5.0,1.372349801215651,0.1423755557811099,1.510115622826991e-10,0.0001
5.523170000000227e-06,0.0,5.0,1.372349801220746,0.1423728316962762,1.50963813810856e-10,0.0001
5.533170000000228e-06,0.0,5.0,1.372349801226649,0.1423701085496512,1.509131521137963e-10,0.0001
5.543170000000229e-06,0.0,5.0,1.372349801229245,0.1423673863362555,1.508655102233636e-10,0.0001
5.55317000000023e-06,0.0,5.0,1.372349801233443,0.1423646650528574,1.508149906348511e-10,0.0001
5.56317000000023e-06,0.0,5.0,1.372349801238919,0.1423619447076727,1.507673309808499e-10,0.0001
5.573170000000231e-06,0.0,5.0,1.372349801241509,0.1423592252954159,1.507167581016322e-10,0.0001
5.583170000000232e-06,0.0,5.0,1.372349801245385,0.1423565068173488,1.506693116104518e-10,0.0001
5.593170000000233e-06,0.0,5.0,1.372349801249204,0.1423537892629145,1.506187564948025e-10,0.0001
5.603170000000233e-06,0.0,5.0,1.372349801253688,0.1423510726439196,1.505713100036221e-10,0.0001
5.613170000000234e-06,0.0,5.0,1.372349801259033,0.1423483569542367,1.505209147600883e-10,0.0001
5.623170000000235e-06,0.0,5.0,1.372349801261622,0.1423456421945519,1.504735748503183e-10,0.0001
5.633170000000236e-06,0.0,5.0,1.37234980126449,0.1423429283668395,1.504232328974897e-10,0.0001
5.643170000000236e-06,0.0,5.0,1.372349801269074,0.1423402154634244,1.503758752241513e-10,0.0001
5.653170000000237e-06,0.0,5.0,1.372349801274702,0.1423375034814497,1.503256398527331e-10,0.0001
5.663170000000238e-06,0.0,5.0,1.372349801279866,0.1423347924270418,1.502783709972366e-10,0.0001
5.673170000000239e-06,0.0,5.0,1.372349801282398,0.1423320823018124,1.502281533893868e-10,0.0001
5.683170000000239e-06,0.0,5.0,1.372349801287142,0.1423293731006899,1.501809733517323e-10,0.0001
5.69317000000024e-06,0.0,5.0,1.372349801289439,0.1423266648246291,1.501308090345877e-10,0.0001
5.703170000000241e-06,0.0,5.0,1.372349801294297,0.142323957477002,1.5008366452407e-10,0.0001
5.713170000000242e-06,0.0,5.0,1.372349801298535,0.1423212510432495,1.500336067883357e-10,0.0001
5.723170000000242e-06,0.0,5.0,1.372349801301998,0.1423185455384106,1.499865333320916e-10,0.0001
5.733170000000243e-06,0.0,5.0,1.372349801306963,0.1423158409496507,1.499365644141992e-10,0.0001
5.743170000000244e-06,0.0,5.0,1.372349801310295,0.1423131372815507,1.498895264850919e-10,0.0001
5.753170000000245e-06,0.0,5.0,1.372349801312332,0.1423104345351686,1.498395575671996e-10,0.0001
5.763170000000245e-06,0.0,5.0,1.372349801316092,0.142307732702734,1.497926084559342e-10,0.0001
5.773170000000246e-06,0.0,5.0,1.372349801320979,0.1423050317972484,1.497427638830207e-10,0.0001
5.783170000000247e-06,0.0,5.0,1.372349801324048,0.1423023318068477,1.496958325353237e-10,0.0001
5.793170000000248e-06,0.0,5.0,1.372349801329476,0.1422996327355053,1.496460412531153e-10,0.0001
5.803170000000248e-06,0.0,5.0,1.372349801334598,0.1422969345775701,1.495992164868287e-10,0.0001
5.813170000000249e-06,0.0,5.0,1.372349801336891,0.1422942373323899,1.495494074410519e-10,0.0001
5.82317000000025e-06,0.0,5.0,1.372349801339277,0.1422915410001171,1.495026714926073e-10,0.0001
5.833170000000251e-06,0.0,5.0,1.372349801343823,0.1422888455937673,1.494529690282409e-10,0.0001
5.843170000000251e-06,0.0,5.0,1.372349801348176,0.1422861511065355,1.494061975526595e-10,0.0001
5.853170000000252e-06,0.0,5.0,1.372349801352255,0.1422834575267826,1.493566904875454e-10,0.0001
5.863170000000253e-06,0.0,5.0,1.37234980135682,0.1422807648587113,1.493099545391008e-10,0.0001
5.873170000000254e-06,0.0,5.0,1.372349801361905,0.1422780731072185,1.492604474739867e-10,0.0001
5.883170000000254e-06,0.0,5.0,1.372349801363742,0.1422753822612012,1.49213889161226e-10,0.0001
5.893170000000255e-06,0.0,5.0,1.372349801368248,0.1422726923261826,1.491643820961119e-10,0.0001
5.903170000000256e-06,0.0,5.0,1.37234980137307,0.1422700032988717,1.491178770740565e-10,0.0001
5.913170000000257e-06,0.0,5.0,1.372349801377001,0.1422673151798166,1.490684055360791e-10,0.0001
5.923170000000257e-06,0.0,5.0,1.372349801382159,0.1422646279693215,1.490219360411604e-10,0.0001
5.933170000000258e-06,0.0,5.0,1.372349801384644,0.142261941669363,1.489726421388671e-10,0.0001
5.943170000000259e-06,0.0,5.0,1.372349801388808,0.142259256272229,1.489261371168116e-10,0.0001
5.95317000000026e-06,0.0,5.0,1.37234980139154,0.1422565717765071,1.488769497959286e-10,0.0001
5.96317000000026e-06,0.0,5.0,1.372349801396503,0.1422538881931868,1.488304803010099e-10,0.0001
5.973170000000261e-06,0.0,5.0,1.372349801400562,0.1422512055126224,1.487813107436953e-10,0.0001
5.983170000000262e-06,0.0,5.0,1.372349801403986,0.1422485237372837,1.487350544115973e-10,0.0001
5.993170000000263e-06,0.0,5.0,1.372349801406508,0.1422458428636437,1.486859381449879e-10,0.0001
6.003170000000263e-06,0.0,5.0,1.372349801410859,0.1422431628902033,1.486396640493215e-10,0.0001
6.013170000000264e-06,0.0,5.0,1.372349801413739,0.1422404838209299,1.485905833098489e-10,0.0001
6.023170000000265e-06,0.0,5.0,1.372349801418697,0.1422378056545606,1.485443625048877e-10,0.0001
6.033170000000266e-06,0.0,5.0,1.372349801422255,0.1422351283917117,1.48495281765415e-10,0.0001
6.043170000000266e-06,0.0,5.0,1.372349801427107,0.1422324520236315,1.484491497782958e-10,0.0001
6.053170000000267e-06,0.0,5.0,1.372349801430137,0.1422297765544016,1.484002999652123e-10,0.0001
6.063170000000268e-06,0.0,5.0,1.372349801434453,0.1422271019880239,1.483542212687983e-10,0.0001
6.073170000000269e-06,0.0,5.0,1.372349801440383,0.1422244283151374,1.483052826378728e-10,0.0001
6.083170000000269e-06,0.0,5.0,1.372349801444112,0.1422217555344706,1.482593460500059e-10,0.0001
6.09317000000027e-06,0.0,5.0,1.372349801445921,0.1422190836479717,1.482104074190804e-10,0.0001
6.103170000000271e-06,0.0,5.0,1.372349801449073,0.1422164126575854,1.481645596490555e-10,0.0001
6.113170000000272e-06,0.0,5.0,1.372349801453944,0.1422137425686989,1.481157453631088e-10,0.0001
6.123170000000272e-06,0.0,5.0,1.372349801459477,0.1422110733706713,1.480698443023787e-10,0.0001
6.133170000000273e-06,0.0,5.0,1.37234980146345,0.1422084050643499,1.480211721249791e-10,0.0001
6.143170000000274e-06,0.0,5.0,1.372349801466212,0.1422057376505737,1.479753243549542e-10,0.0001
6.153170000000275e-06,0.0,5.0,1.372349801469615,0.1422030711318944,1.479267054682598e-10,0.0001
6.163170000000275e-06,0.0,5.0,1.372349801473506,0.1422004055049967,1.478809109889401e-10,0.0001
6.173170000000276e-06,0.0,5.0,1.37234980147766,0.142197740769842,1.478322565751089e-10,0.0001
6.183170000000277e-06,0.0,5.0,1.372349801481114,0.1421950769246378,1.477866930221783e-10,0.0001
6.193170000000278e-06,0.0,5.0,1.372349801487233,0.142192413972486,1.477381096626207e-10,0.0001
6.203170000000278e-06,0.0,5.0,1.372349801489009,0.1421897519071329,1.476924395282797e-10,0.0001
6.213170000000279e-06,0.0,5.0,1.372349801487567,0.1421870907257365,1.476439982772693e-10,0.0001
6.22317000000028e-06,0.0,5.0,1.372349801492492,0.1421844304317833,1.475984702514754e-10,0.0001
6.233170000000281e-06,0.0,5.0,1.372349801497061,0.142181771028148,1.475499757097598e-10,0.0001
6.243170000000281e-06,0.0,5.0,1.372349801500862,0.1421791125073101,1.475045542653764e-10,0.0001
6.253170000000282e-06,0.0,5.0,1.372349801505709,0.1421764548725045,1.474561840686395e-10,0.0001
6.263170000000283e-06,0.0,5.0,1.372349801507853,0.142173798119948,1.474106915699824e-10,0.0001
6.273170000000284e-06,0.0,5.0,1.372349801510281,0.1421711422523931,1.473624279546559e-10,0.0001
6.283170000000284e-06,0.0,5.0,1.372349801513984,0.1421684872671035,1.473170598009777e-10,0.0001
6.293170000000285e-06,0.0,5.0,1.372349801517128,0.1421658331682579,1.472688139492195e-10,0.0001
6.303170000000286e-06,0.0,5.0,1.372349801520631,0.1421631799485006,1.47223481322678e-10,0.0001
6.313170000000287e-06,0.0,5.0,1.37234980152525,0.1421605276169094,1.471753242887619e-10,0.0001
6.323170000000287e-06,0.0,5.0,1.372349801530686,0.1421578761638166,1.471300449529256e-10,0.0001
6.333170000000288e-06,0.0,5.0,1.372349801533474,0.142155225589709,1.47081958973283e-10,0.0001
6.343170000000289e-06,0.0,5.0,1.372349801537065,0.1421525758945799,1.470366263467415e-10,0.0001
6.35317000000029e-06,0.0,5.0,1.372349801540079,0.1421499270757794,1.469886824756461e-10,0.0001
6.36317000000029e-06,0.0,5.0,1.372349801545156,0.1421472791349627,1.469434741940834e-10,0.0001
6.373170000000291e-06,0.0,5.0,1.372349801548778,0.1421446320702699,1.468955480865564e-10,0.0001
6.383170000000292e-06,0.0,5.0,1.37234980155397,0.142141985880464,1.468503753321304e-10,0.0001
6.393170000000293e-06,0.0,5.0,1.372349801556423,0.1421393405675901,1.468024847517402e-10,0.0001
6.403170000000293e-06,0.0,5.0,1.372349801558921,0.1421366961279746,1.467574541058614e-10,0.0001
6.413170000000294e-06,0.0,5.0,1.372349801562828,0.1421340525607635,1.467095812890396e-10,0.0001
6.423170000000295e-06,0.0,5.0,1.372349801567274,0.1421314098636364,1.466646039338659e-10,0.0001
6.433170000000296e-06,0.0,5.0,1.372349801571629,0.1421287680485452,1.466168909891596e-10,0.0001
6.443170000000296e-06,0.0,5.0,1.372349801577106,0.1421261271058352,1.465718958704176e-10,0.0001
6.453170000000297e-06,0.0,5.0,1.372349801579927,0.1421234870309327,1.465241296350062e-10,0.0001
6.463170000000298e-06,0.0,5.0,1.372349801582014,0.1421208478283387,1.464792588612429e-10,0.0001
6.473170000000299e-06,0.0,5.0,1.372349801585459,0.1421182095028024,1.464316702615154e-10,0.0001
6.483170000000299e-06,0.0,5.0,1.372349801590679,0.1421155720432248,1.463867639606153e-10,0.0001
6.4931700000003e-06,0.0,5.0,1.372349801595416,0.1421129354500239,1.463391931244562e-10,0.0001
6.503170000000301e-06,0.0,5.0,1.372349801598841,0.1421102997284431,1.462944289321033e-10,0.0001
6.513170000000302e-06,0.0,5.0,1.372349801603989,0.1421076648761732,1.462468580959442e-10,0.0001
6.523170000000302e-06,0.0,5.0,1.37234980160621,0.1421050308912409,1.462021827214333e-10,0.0001
6.533170000000303e-06,0.0,5.0,1.372349801608927,0.1421023977761323,1.461546829395477e-10,0.0001
6.543170000000304e-06,0.0,5.0,1.372349801611025,0.1420997655264394,1.461100075650368e-10,0.0001
6.553170000000305e-06,0.0,5.0,1.37234980161468,0.1420971341350769,1.460625788374248e-10,0.0001
6.563170000000305e-06,0.0,5.0,1.372349801618776,0.1420945036168781,1.460179389900507e-10,0.0001
6.573170000000306e-06,0.0,5.0,1.372349801624044,0.142091873961572,1.459706168438491e-10,0.0001
6.583170000000307e-06,0.0,5.0,1.372349801627705,0.1420892451704011,1.459260302871801e-10,0.0001
6.593170000000308e-06,0.0,5.0,1.372349801632148,0.1420866172347226,1.458787614316837e-10,0.0001
6.603170000000308e-06,0.0,5.0,1.372349801635767,0.1420839901665678,1.458342459292883e-10,0.0001
6.613170000000309e-06,0.0,5.0,1.372349801637286,0.1420813639684772,1.457870658916338e-10,0.0001
6.62317000000031e-06,0.0,5.0,1.372349801642546,0.142078738633727,1.457426036799436e-10,0.0001
6.633170000000311e-06,0.0,5.0,1.372349801646523,0.1420761141604709,1.456955302236995e-10,0.0001
6.643170000000311e-06,0.0,5.0,1.372349801650683,0.1420734905425199,1.456509969577358e-10,0.0001
6.653170000000312e-06,0.0,5.0,1.372349801653873,0.1420708677835689,1.456039590286284e-10,0.0001
6.663170000000313e-06,0.0,5.0,1.372349801656925,0.1420682458823346,1.45559621161917e-10,0.0001
6.673170000000314e-06,0.0,5.0,1.372349801660915,0.1420656248398079,1.455125832328097e-10,0.0001
6.683170000000315e-06,0.0,5.0,1.372349801664334,0.1420630046558379,1.454683341839402e-10,0.0001
6.693170000000315e-06,0.0,5.0,1.372349801668351,0.142060385328462,1.454214383633801e-10,0.0001
6.703170000000316e-06,0.0,5.0,1.372349801672065,0.1420577668541693,1.453771004966686e-10,0.0001
6.713170000000317e-06,0.0,5.0,1.372349801676632,0.1420551492369715,1.453302046761085e-10,0.0001
6.723170000000318e-06,0.0,5.0,1.372349801680673,0.1420525324757775,1.452860266815126e-10,0.0001
6.733170000000318e-06,0.0,5.0,1.37234980168436,0.1420499165693613,1.452391841516576e-10,0.0001
6.743170000000319e-06,0.0,5.0,1.372349801686857,0.1420473015147659,1.451950416841985e-10,0.0001
6.75317000000032e-06,0.0,5.0,1.372349801690264,0.1420446873090613,1.451483234993223e-10,0.0001
6.763170000000321e-06,0.0,5.0,1.372349801695327,0.142042073955345,1.451041810318632e-10,0.0001
6.773170000000321e-06,0.0,5.0,1.372349801698149,0.1420394614576545,1.450574806105554e-10,0.0001
6.783170000000322e-06,0.0,5.0,1.372349801703247,0.1420368498091081,1.450134091973698e-10,0.0001
6.793170000000323e-06,0.0,5.0,1.372349801706355,0.1420342390097695,1.449667620667672e-10,0.0001
6.803170000000324e-06,0.0,5.0,1.372349801709671,0.1420316290644174,1.449227617078552e-10,0.0001
6.813170000000324e-06,0.0,5.0,1.372349801711462,0.142029019969201,1.448762211586629e-10,0.0001
6.823170000000325e-06,0.0,5.0,1.372349801714286,0.1420264117189094,1.448322563268878e-10,0.0001
6.833170000000326e-06,0.0,5.0,1.372349801718231,0.1420238043132982,1.447857868319691e-10,0.0001
6.843170000000327e-06,0.0,5.0,1.372349801722721,0.1420211977575698,1.447419108180359e-10,0.0001
6.853170000000327e-06,0.0,5.0,1.372349801725784,0.1420185920473412,1.446953702688436e-10,0.0001
6.863170000000328e-06,0.0,5.0,1.372349801729971,0.1420159871855795,1.446516008363208e-10,0.0001
6.873170000000329e-06,0.0,5.0,1.372349801733828,0.1420133831677285,1.446052023956757e-10,0.0001
6.88317000000033e-06,0.0,5.0,1.372349801736686,0.1420107799966415,1.44561397436016e-10,0.0001
6.89317000000033e-06,0.0,5.0,1.372349801740723,0.142008177669295,1.445150522860761e-10,0.0001
6.903170000000331e-06,0.0,5.0,1.37234980174513,0.1420055761797286,1.444713361442585e-10,0.0001
6.913170000000332e-06,0.0,5.0,1.372349801748459,0.142002975537971,1.444249909943185e-10,0.0001
6.923170000000333e-06,0.0,5.0,1.372349801752399,0.1420003757344456,1.443813636703428e-10,0.0001
6.933170000000333e-06,0.0,5.0,1.372349801757506,0.1419977767728105,1.443352139196552e-10,0.0001
6.943170000000334e-06,0.0,5.0,1.372349801760094,0.1419951786542347,1.442915688321112e-10,0.0001
6.953170000000335e-06,0.0,5.0,1.372349801762856,0.1419925813787636,1.442454013178551e-10,0.0001
6.963170000000336e-06,0.0,5.0,1.372349801766052,0.1419899849417781,1.442017917574478e-10,0.0001
6.973170000000336e-06,0.0,5.0,1.372349801770938,0.1419873893399402,1.441557130610338e-10,0.0001
6.983170000000337e-06,0.0,5.0,1.372349801774731,0.1419847945759866,1.441122456091737e-10,0.0001
6.993170000000338e-06,0.0,5.0,1.372349801779808,0.1419822006468365,1.440661491491912e-10,0.0001
7.003170000000339e-06,0.0,5.0,1.372349801782955,0.141979607557734,1.440227527516047e-10,0.0001
7.013170000000339e-06,0.0,5.0,1.372349801787882,0.1419770153019665,1.439767273458958e-10,0.0001
7.02317000000034e-06,0.0,5.0,1.372349801788028,0.1419744238865426,1.439333664754461e-10,0.0001
7.033170000000341e-06,0.0,5.0,1.372349801792249,0.1419718333118442,1.438874121240108e-10,0.0001
7.043170000000342e-06,0.0,5.0,1.372349801796003,0.1419692435658499,1.438440690171294e-10,0.0001
7.053170000000342e-06,0.0,5.0,1.37234980180105,0.1419666546499135,1.437981501928309e-10,0.0001
7.063170000000343e-06,0.0,5.0,1.37234980180491,0.1419640665708557,1.43754824849518e-10,0.0001
7.073170000000344e-06,0.0,5.0,1.372349801810227,0.1419614793231965,1.437091369516086e-10,0.0001
7.083170000000345e-06,0.0,5.0,1.372349801811936,0.1419588929140283,1.436658116082956e-10,0.0001
7.093170000000345e-06,0.0,5.0,1.37234980181499,0.141956307332904,1.436200881832494e-10,0.0001
7.103170000000346e-06,0.0,5.0,1.372349801816093,0.1419537225877121,1.435768871849152e-10,0.0001
7.113170000000347e-06,0.0,5.0,1.372349801818955,0.1419511386681456,1.43531252577711e-10,0.0001
7.123170000000348e-06,0.0,5.0,1.372349801823429,0.1419485555786894,1.434881581607872e-10,0.0001
7.133170000000348e-06,0.0,5.0,1.37234980182888,0.1419459733170857,1.43442434735741e-10,0.0001
7.143170000000349e-06,0.0,5.0,1.372349801832683,0.1419433918826502,1.433994291366591e-10,0.0001
7.15317000000035e-06,0.0,5.0,1.372349801834944,0.1419408112780286,1.433537767658866e-10,0.0001
7.163170000000351e-06,0.0,5.0,1.372349801839968,0.1419382315015756,1.433107178760995e-10,0.0001
7.173170000000351e-06,0.0,5.0,1.372349801841172,0.1419356525555877,1.432651898503057e-10,0.0001
7.183170000000352e-06,0.0,5.0,1.372349801846074,0.1419330744279528,1.432223085962026e-10,0.0001
7.193170000000353e-06,0.0,5.0,1.372349801849035,0.1419304971265,1.431767450432719e-10,0.0001
7.203170000000354e-06,0.0,5.0,1.372349801854025,0.1419279206506427,1.431338815527372e-10,0.0001
7.213170000000354e-06,0.0,5.0,1.372349801857471,0.1419253450017273,1.430884601083537e-10,0.0001
7.223170000000355e-06,0.0,5.0,1.372349801861242,0.1419227701732504,1.430455610906822e-10,0.0001
7.233170000000356e-06,0.0,5.0,1.372349801862107,0.1419201961641192,1.430002284641407e-10,0.0001
7.243170000000357e-06,0.0,5.0,1.372349801867347,0.1419176229831719,1.42957453791448e-10,0.0001
7.253170000000357e-06,0.0,5.0,1.372349801871676,0.1419150506201078,1.429120856377697e-10,0.0001
7.263170000000358e-06,0.0,5.0,1.372349801875215,0.1419124790871485,1.428693820193505e-10,0.0001
7.273170000000359e-06,0.0,5.0,1.372349801879569,0.1419099083723818,1.428241559742194e-10,0.0001
7.28317000000036e-06,0.0,5.0,1.372349801883219,0.1419073384761943,1.427813813015266e-10,0.0001
7.29317000000036e-06,0.0,5.0,1.372349801886515,0.1419047693971723,1.427362796013743e-10,0.0001
7.303170000000361e-06,0.0,5.0,1.372349801890064,0.141902201136643,1.426935937465235e-10,0.0001
7.313170000000362e-06,0.0,5.0,1.372349801893231,0.1418996336945471,1.426485098099395e-10,0.0001
7.323170000000363e-06,0.0,5.0,1.372349801896424,0.1418970670697293,1.426058239550887e-10,0.0001
7.333170000000363e-06,0.0,5.0,1.372349801901054,0.1418945012610625,1.425607755456415e-10,0.0001
7.343170000000364e-06,0.0,5.0,1.372349801905485,0.1418919362673756,1.425182317993379e-10,0.0001
7.353170000000365e-06,0.0,5.0,1.372349801908091,0.1418893720937716,1.424732544441643e-10,0.0001
7.363170000000366e-06,0.0,5.0,1.372349801909821,0.1418868087370615,1.424307106978606e-10,0.0001
7.373170000000366e-06,0.0,5.0,1.372349801912337,0.1418842461939284,1.423858043969606e-10,0.0001
7.383170000000367e-06,0.0,5.0,1.372349801916258,0.1418816844653229,1.423433139413621e-10,0.0001
7.393170000000368e-06,0.0,5.0,1.372349801919438,0.1418791235496543,1.422983721133253e-10,0.0001
7.403170000000369e-06,0.0,5.0,1.37234980192451,0.1418765634486835,1.422560948205476e-10,0.0001
7.413170000000369e-06,0.0,5.0,1.372349801926663,0.1418740041615649,1.422112062832159e-10,0.0001
7.42317000000037e-06,0.0,5.0,1.372349801931527,0.1418714456929141,1.421687868818911e-10,0.0001
7.433170000000371e-06,0.0,5.0,1.372349801936019,0.1418688880333711,1.421240049259698e-10,0.0001
7.443170000000372e-06,0.0,5.0,1.37234980193869,0.1418663311889369,1.420817453967604e-10,0.0001
7.453170000000372e-06,0.0,5.0,1.372349801940956,0.1418637751521472,1.420370167315443e-10,0.0001
7.463170000000373e-06,0.0,5.0,1.372349801944176,0.1418612199273205,1.419948104930402e-10,0.0001
7.473170000000374e-06,0.0,5.0,1.372349801949703,0.1418586655131396,1.419500818278241e-10,0.0001
7.483170000000375e-06,0.0,5.0,1.372349801952005,0.1418561119042802,1.419079466435935e-10,0.0001
7.493170000000375e-06,0.0,5.0,1.372349801954917,0.141853559104612,1.41863289032651e-10,0.0001
7.503170000000376e-06,0.0,5.0,1.372349801961589,0.1418510071070384,1.41821224902694e-10,0.0001
7.513170000000377e-06,0.0,5.0,1.372349801963568,0.141848455919215,1.417764962374779e-10,0.0001
7.523170000000378e-06,0.0,5.0,1.372349801968191,0.1418459055367736,1.417345209253629e-10,0.0001
7.533170000000378e-06,0.0,5.0,1.372349801968874,0.1418433559550719,1.416899876593991e-10,0.0001
7.543170000000379e-06,0.0,5.0,1.372349801973435,0.1418408071820565,1.416479590565789e-10,0.0001
7.55317000000038e-06,0.0,5.0,1.372349801977459,0.1418382592121631,1.416035146084571e-10,0.0001
7.563170000000381e-06,0.0,5.0,1.372349801981949,0.141835712045445,1.415614860056369e-10,0.0001
7.573170000000381e-06,0.0,5.0,1.372349801984484,0.1418331656830735,1.415171126117887e-10,0.0001
7.583170000000382e-06,0.0,5.0,1.372349801987838,0.1418306201226312,1.414751550632421e-10,0.0001
7.593170000000383e-06,0.0,5.0,1.372349801992573,0.1418280753645977,1.414308171965306e-10,0.0001
7.603170000000384e-06,0.0,5.0,1.372349801993842,0.1418255314034887,1.413889129386892e-10,0.0001
7.613170000000384e-06,0.0,5.0,1.372349801997621,0.1418229882463763,1.413446105991145e-10,0.0001
7.623170000000385e-06,0.0,5.0,1.372349802002286,0.1418204458916506,1.41302883976957e-10,0.0001
7.633170000000384e-06,0.0,5.0,1.372349802006762,0.1418179043363682,1.412586349280876e-10,0.0001
7.64317000000038e-06,0.0,5.0,1.372349802009774,0.1418153635795987,1.412168372516564e-10,0.0001
7.653170000000377e-06,0.0,5.0,1.372349802013934,0.1418128236196318,1.411726947841974e-10,0.0001
7.663170000000374e-06,0.0,5.0,1.372349802016009,0.1418102844567721,1.411308793441979e-10,0.0001
7.67317000000037e-06,0.0,5.0,1.372349802018179,0.1418077460922511,1.410868256945808e-10,0.0001
7.683170000000367e-06,0.0,5.0,1.37234980202079,0.1418052085249499,1.410451168359916e-10,0.0001
7.693170000000363e-06,0.0,5.0,1.372349802024038,0.1418026717503633,1.410010098956693e-10,0.0001
7.70317000000036e-06,0.0,5.0,1.372349802028529,0.1418001357715748,1.409594786727642e-10,0.0001
7.713170000000356e-06,0.0,5.0,1.37234980203239,0.1417976005863281,1.409153894960102e-10,0.0001
7.723170000000353e-06,0.0,5.0,1.372349802036868,0.1417950661979454,1.408738227459683e-10,0.0001
7.73317000000035e-06,0.0,5.0,1.372349802039406,0.1417925326041213,1.408298579141931e-10,0.0001
7.743170000000346e-06,0.0,5.0,1.372349802042288,0.1417899998063457,1.407883089277195e-10,0.0001
7.753170000000342e-06,0.0,5.0,1.372349802045178,0.1417874677929286,1.40744415150218e-10,0.0001
7.763170000000339e-06,0.0,5.0,1.372349802049106,0.1417849365789322,1.40702848400176e-10,0.0001
7.773170000000335e-06,0.0,5.0,1.372349802053105,0.1417824061556861,1.406590789676532e-10,0.0001
7.783170000000332e-06,0.0,5.0,1.372349802056726,0.1417798765260233,1.406176720897268e-10,0.0001
7.793170000000328e-06,0.0,5.0,1.372349802059988,0.1417773476841021,1.405738316029304e-10,0.0001
7.803170000000325e-06,0.0,5.0,1.372349802063717,0.1417748196308942,1.405325490699827e-10,0.0001
7.813170000000321e-06,0.0,5.0,1.372349802065879,0.1417722923676484,1.404887618738915e-10,0.0001
7.823170000000318e-06,0.0,5.0,1.372349802069498,0.1417697658944184,1.404474260502386e-10,0.0001
7.833170000000315e-06,0.0,5.0,1.372349802073005,0.1417672402076089,1.404037631991262e-10,0.0001
7.843170000000311e-06,0.0,5.0,1.37234980207644,0.1417647153067924,1.403624096119049e-10,0.0001
7.853170000000308e-06,0.0,5.0,1.372349802081667,0.1417621911962789,1.403188355786344e-10,0.0001
7.863170000000304e-06,0.0,5.0,1.372349802086543,0.1417596678700954,1.402775885728236e-10,0.0001
7.8731700000003e-06,0.0,5.0,1.372349802089233,0.1417571453325777,1.402339967759847e-10,0.0001
7.883170000000297e-06,0.0,5.0,1.372349802090801,0.1417546235769804,1.401927852973106e-10,0.0001
7.893170000000294e-06,0.0,5.0,1.372349802093592,0.1417521026034358,1.401493711361557e-10,0.0001
7.90317000000029e-06,0.0,5.0,1.372349802098835,0.1417495824185396,1.401081596574816e-10,0.0001
7.913170000000287e-06,0.0,5.0,1.3723498021011,0.141747063013144,1.400647099691898e-10,0.0001
7.923170000000283e-06,0.0,5.0,1.372349802106358,0.1417445443967003,1.400236228354945e-10,0.0001
7.93317000000028e-06,0.0,5.0,1.372349802108565,0.1417420265627077,1.399802619650448e-10,0.0001
7.943170000000276e-06,0.0,5.0,1.372349802113642,0.1417395095120422,1.399391393042126e-10,0.0001
7.953170000000273e-06,0.0,5.0,1.372349802115672,0.1417369932422445,1.398957961973313e-10,0.0001
7.96317000000027e-06,0.0,5.0,1.372349802117985,0.1417344777583974,1.398547623543411e-10,0.0001
7.973170000000266e-06,0.0,5.0,1.372349802119671,0.1417319630544605,1.39811472538165e-10,0.0001
7.983170000000262e-06,0.0,5.0,1.372349802123982,0.1417294491277993,1.397705630401536e-10,0.0001
7.993170000000259e-06,0.0,5.0,1.372349802127377,0.1417269359783176,1.397273087511142e-10,0.0001
8.000000574799722e-06,1.896839084322121e-05,5.0,1.372350159086872,0.1417295783333259,-2.90999652251267e-08,0.0001
8.000029974768262e-06,0.0009891673526721727,5.0,1.372356460149476,0.141969426382284,-9.490078180726669e-08,0.0001
8.000949387655352e-06,0.03132979262664035,5.0,1.372430926941482,0.1494503218555582,-9.322195905533958e-08,0.0001
8.006319499536683e-06,0.2085434847105511,5.0,1.372438212382038,0.192535713174337,-9.425061861287331e-08,0.0001
8.015504589117882e-06,0.5116514408901065,5.0,1.372436445749919,0.2639951843573836,-9.19030465916515e-08,0.0001
8.018319322278536e-06,0.6045376351917005,5.0,1.372435345698039,0.2851724457359259,-9.299843945251297e-08,0.0001
8.020335022418578e-06,0.671055739813072,5.0,1.372432926167195,0.2995712994711375,-9.097537570931791e-08,0.0001
8.02207322596721e-06,0.7284164569179218,5.0,1.372427785193373,0.310465447971533,-9.146503660781291e-08,0.0001
8.02358673309529e-06,0.7783621921445804,5.0,1.372420787076772,0.317811413655909,-8.898696865253242e-08,0.0001
8.024134080501635e-06,0.7964246565539566,5.0,1.372421672644602,0.3203628898795929,-9.122933508728947e-08,0.0001
8.024791067683974e-06,0.8181052335711386,5.0,1.372436080793807,0.3255458278732132,-9.288147580485685e-08,0.0001
8.025542547237817e-06,0.8429040588479715,5.0,1.372458249709056,0.3349500310195622,-9.70591382697117e-08,0.0001
8.02675568477524e-06,0.8829375975829483,5.0,1.372496728284475,0.3575811131350827,-1.013518484214992e-07,0.0001
8.028057158457536e-06,0.9258862290986911,5.0,1.372561934531357,0.3972165079086317,-1.126180610598604e-07,0.0001
8.029315593960864e-06,0.9674146007085053,5.0,1.372657263222256,0.4587530829968453,-1.25279863031208e-07,0.0001
8.030655663399748e-06,1.011636892191679,5.0,1.372792523063952,0.5583036535385838,-1.449665525719845e-07,0.0001
8.031745845960754e-06,1.047612916704879,5.0,1.372918980008432,0.6697966992750473,-1.542508990014235e-07,0.0001
8.032343872262944e-06,1.067347784677145,5.0,1.372982159023026,0.7424361332746809,-1.396516968697747e-07,0.0001
8.032805855013576e-06,1.082593215447997,5.0,1.373013299785796,0.802816537727723,-8.655712400704174e-08,0.0001
8.033235540100437e-06,1.096772823314429,5.0,1.373012163641757,0.860400810895187,1.197213150297416e-08,0.0001
8.033683116184962e-06,1.111542834103762,5.0,1.372961035601495,0.9184063287681596,1.685396556573571e-07,0.0001
8.034280386666428e-06,1.131252759992122,5.0,1.372805686304313,0.9856898551492618,4.059491718989838e-07,0.0001
8.034716832124205e-06,1.145655460098771,5.0,1.372657896227681,1.025295686293829,5.550053981585868e-07,0.0001
8.034998733991094e-06,1.154958221706115,5.0,1.372565295745986,1.046925903123848,6.017065034348567e-07,0.0001
8.035200337617728e-06,1.161611141385028,5.0,1.372513047715531,1.060904059179756,5.511722101515793e-07,0.0001
8.035428497221799e-06,1.169140408319359,5.0,1.372491072718626,1.07638750886548,3.895205294525417e-07,0.0001
8.03571774515286e-06,1.178685590044359,5.0,1.372521698180475,1.097399086299659,1.680140045613732e-07,0.0001
8.03599211552407e-06,1.187739812294299,5.0,1.372562774372838,1.118292932710708,2.614402898962198e-08,0.0001
8.036290415326787e-06,1.197583705783978,5.0,1.372568045937704,1.140252986147951,-4.985441847446537e-08,0.0001
8.03666568358224e-06,1.209967558213897,5.0,1.372490282594297,1.165073004486314,-8.702878307439988e-08,0.0001
8.037230033737185e-06,1.22859111332712,5.0,1.372225281721754,1.196205019032287,-1.011306103536336e-07,0.0001
8.03807573883631e-06,1.256499381598218,5.0,1.371629748230705,1.233511697640275,-1.120952227361138e-07,0.0001
8.039162962208515e-06,1.292377752881001,5.0,1.370676855086924,1.274173285422325,-1.266787828556326e-07,0.0001
8.040892313413347e-06,1.34944634264045,5.0,1.368974679837399,1.334300210380081,-1.549671147103859e-07,0.0001
8.043451817782522e-06,1.433909986823236,5.0,1.366873819730588,1.42132187749507,-1.886931300774941e-07,0.0001
8.046082357759801e-06,1.520717806073449,5.0,1.365750883778326,1.509855369795081,-2.14202808447167e-07,0.0001
8.048239254813184e-06,1.591895408835086,5.0,1.365328438048155,1.582040675949311,-2.312287907245414e-07,0.0001
8.050039455082975e-06,1.651302017738175,5.0,1.365087462040125,1.64210932422776,-2.412390039162327e-07,0.0001
8.05163155492316e-06,1.703841312464281,5.0,1.364846515561901,1.695136347917583,-2.25902222613511e-07,0.0001
8.053228993183117e-06,1.756556775042844,5.0,1.364508504525232,1.748272318492847,-1.467221347582759e-07,0.0001
8.055139744719524e-06,1.819611575744302,5.0,1.363931207986546,1.811767693027553,1.475926761108914e-07,0.0001
8.057188775257764e-06,1.887229583506215,5.0,1.363130099283663,1.879810346972283,9.180115826835922e-07,0.0001
8.058954808008645e-06,1.94550866428527,5.0,1.362373418255279,1.938426949204088,2.173156698773854e-06,0.0001
8.060602457835871e-06,1.999881108583742,5.0,1.361691825051295,1.993091446875939,3.984823576907021e-06,0.0001
8.062208526629705e-06,2.052881378780259,5.0,1.361099753027197,2.046354194231953,6.432061014137874e-06,0.0001
8.06382791996006e-06,2.106321358681952,5.0,1.360597366601586,2.100036132598891,9.609717201492091e-06,0.0001
8.065501205193705e-06,2.161539771392252,5.0,1.36017877784189,2.155481662835726,1.363791554826924e-05,0.0001
8.067263741497213e-06,2.219703469408022,5.0,1.35983396121083,2.213861475436484,1.866354251824367e-05,0.0001
8.069146287153118e-06,2.281827476052903,5.0,1.359551627961448,2.276193298025184,2.487292110494713e-05,0.0001
8.071179579219092e-06,2.348926114230041,5.0,1.359322472892941,2.343492954457722,3.24975641594917e-05,0.0001
8.073399634384206e-06,2.422187934678803,5.0,1.359150438962851,2.416949098596891,4.184995893256618e-05,0.0001
8.075880106112224e-06,2.504043501703383,5.0,1.359122513930187,2.498986296649142,5.345095508373268e-05,0.0001
8.078183499703804e-06,2.580055490225535,5.0,1.359644362883015,2.57510468804874,6.498441399888213e-05,0.0001
8.080263701534259e-06,2.648702150630544,5.0,1.361119641280161,2.643769692753638,7.521017741414573e-05,0.0001
8.082660303302532e-06,2.727790008983563,5.0,1.363836261797963,2.72284346996357,8.535711882505472e-05,0.0001
8.085052002215325e-06,2.806716073105721,5.0,1.366844107667697,2.801771239994276,9.269085834010218e-05,0.0001
8.087582430271242e-06,2.890220198950986,5.0,1.369498501123099,2.8853104873579,9.729030000535835e-05,0.0001
8.090110120582417e-06,2.973633979219766,5.0,1.371182252307083,2.96879658995986,9.946188113318392e-05,0.0001
8.092946755438537e-06,3.067242929471719,5.0,1.372087858376893,3.06251762864584,0.0001003401224662993,0.0001
8.096724716012912e-06,3.191915628426097,5.0,1.372476668544736,3.187355779710641,0.0001005671909434937,0.0001
8.100004900471725e-06,3.3,5.0,1.372565680250901,3.295697631809954,0.0001006574515105675,0.0001
8.100117690279533e-06,3.3,5.0,1.372514322255359,3.297733458917258,0.0001006504730510151,0.0001
8.100468726557305e-06,3.3,5.0,1.372315101166145,3.299671568795311,0.0001005688695604191,0.0001
8.101236956489919e-06,3.3,5.0,1.372015536525314,3.299954970443541,0.0001003711579718071,0.0001
8.104040024623268e-06,3.3,5.0,1.371634948897284,3.299972137654678,0.0001000471160287154,0.0001
8.109582754458924e-06,3.3,5.0,1.371581663580968,3.299976636989216,9.990139938011914e-05,0.0001
8.11958275445892e-06,3.3,5.0,1.371632396569641,3.299978529348782,9.976173458121088e-05,0.0001
8.129582754458917e-06,3.3,5.0,1.371673008817037,3.299979985346541,9.96204430289395e-05,0.0001
8.137435893041282e-06,3.3,5.0,1.371707613227422,3.29998172343332,9.953806817483715e-05,0.0001
8.141540740893296e-06,3.3,5.0,1.371754713086365,3.299984659764216,9.959874924609827e-05,0.0001
8.145113904519034e-06,3.3,5.0,1.371853765796456,3.299990018460286,9.982362042292428e-05,0.0001
8.149077014598606e-06,3.3,5.0,1.372032055111324,3.299996330843773,0.000100209359920619,0.0001
8.15284465428366e-06,3.3,5.0,1.37218801242129,3.299999158659099,0.0001004978677255898,0.0001
8.156804445232071e-06,3.3,5.0,1.372283090907747,3.299999880042931,0.0001006525401775206,0.0001
8.161798697559836e-06,3.3,5.0,1.372330623089441,3.299999989465018,0.0001007251334022853,0.0001
8.169441246523776e-06,3.3,5.0,1.372347267998684,3.299999975240701,0.0001007488765196064,0.0001
8.179441246523773e-06,3.3,5.0,1.372349630805152,3.299999977203286,0.0001007528039654061,0.0001
8.18944124652377e-06,3.3,5.0,1.372349795655898,3.299999971345969,0.0001007525135796107,0.0001
8.199441246523766e-06,3.3,5.0,1.37234979924129,3.299999976992796,0.000100753043061811,0.0001
8.209441246523762e-06,3.3,5.0,1.372349806775049,3.299999971240307,0.0001007525320245718,0.0001
8.219441246523759e-06,3.3,5.0,1.37234980001121,3.299999977079135,0.0001007530417738102,0.0001
8.229441246523755e-06,3.3,5.0,1.372349806788471,3.299999971146723,0.0001007525343573547,0.0001
8.239441246523752e-06,3.3,5.0,1.372349800054624,3.299999977171703,0.0001007530395991409,0.0001
8.249441246523748e-06,3.3,5.0,1.372349806753524,3.299999971051006,0.0001007525364577901,0.0001
8.259441246523745e-06,3.3,5.0,1.372349800083678,3.299999977272144,0.0001007530375766165,0.0001
8.269441246523742e-06,3.3,5.0,1.372349806722429,3.299999970956566,0.0001007525384030074,0.0001
8.279441246523738e-06,3.3,5.0,1.372349800116037,3.299999977367127,0.0001007530357063081,0.0001
8.289441246523735e-06,3.3,5.0,1.372349806686757,3.299999970859898,0.0001007525401990818,0.0001
8.299441246523731e-06,3.3,5.0,1.37234980015416,3.299999977461742,0.000100753033982567,0.0001
8.309441246523728e-06,3.3,5.0,1.372349806653954,3.299999970764761,0.0001007525418546641,0.0001
8.319441246523724e-06,3.3,5.0,1.372349800183919,3.299999977557138,0.0001007530323938112,0.0001
8.32944124652372e-06,3.3,5.0,1.372349806617302,3.299999970673402,0.0001007525433754032,0.0001
8.339441246523717e-06,3.3,5.0,1.372349800216125,3.299999977651952,0.0001007530309375716,0.0001
8.349441246523714e-06,3.3,5.0,1.372349806586936,3.299999970580989,0.0001007525447675696,0.0001
8.35944124652371e-06,3.3,5.0,1.372349800250169,3.299999977742603,0.000100753029607329,0.0001
8.369441246523707e-06,3.3,5.0,1.37234980655406,3.299999970491108,0.0001007525460382509,0.0001
8.379441246523703e-06,3.3,5.0,1.372349800278653,3.299999977832536,0.0001007530283950543,0.0001
8.3894412465237e-06,3.3,5.0,1.372349806524519,3.299999970403788,0.000100752547192421,0.0001
8.399441246523696e-06,3.3,5.0,1.372349800313888,3.299999977924095,0.0001007530272978165,0.0001
8.409441246523693e-06,3.3,5.0,1.372349806494892,3.299999970312324,0.0001007525482356221,0.0001
8.41944124652369e-06,3.3,5.0,1.37234980034254,3.29999997801224,0.0001007530263082614,0.0001
8.429441246523686e-06,3.3,5.0,1.372349806458013,3.299999970226295,0.0001007525491709806,0.0001
8.439441246523682e-06,3.3,5.0,1.372349800373707,3.299999978098415,0.0001007530254222856,0.0001
8.449441246523679e-06,3.3,5.0,1.372349806430959,3.299999970143225,0.0001007525500081598,0.0001
8.459441246523675e-06,3.3,5.0,1.372349800403082,3.299999978182858,0.0001007530246338496,0.0001
8.469441246523672e-06,3.3,5.0,1.372349806400124,3.299999970056466,0.000100752550748421,0.0001
8.479441246523668e-06,3.3,5.0,1.372349800431633,3.29999997826672,0.0001007530239392231,0.0001
8.489441246523665e-06,3.3,5.0,1.37234980636745,3.29999996997595,0.0001007525513970577,0.0001
8.499441246523661e-06,3.3,5.0,1.372349800466126,3.299999978349882,0.0001007530233347999,0.0001
8.509441246523658e-06,3.3,5.0,1.372349806338313,3.299999969895042,0.0001007525519603226,0.0001
8.519441246523654e-06,3.3,5.0,1.37234980049093,3.29999997843036,0.000100753022811876,0.0001
8.529441246523651e-06,3.3,5.0,1.372349806310702,3.299999969815208,0.0001007525524415377,0.0001
8.539441246523647e-06,3.3,5.0,1.372349800524366,3.299999978510234,0.0001007530223713927,0.0001
8.549441246523644e-06,3.3,5.0,1.372349806281178,3.299999969736967,0.0001007525528443977,0.0001
8.55944124652364e-06,3.3,5.0,1.372349800552907,3.29999997859107,0.0001007530220059429,0.0001
8.569441246523637e-06,3.3,5.0,1.372349806251234,3.29999996966085,0.0001007525531732191,0.0001
8.579441246523634e-06,3.3,5.0,1.372349800579637,3.299999978667238,0.000100753021712169,0.0001
8.58944124652363e-06,3.3,5.0,1.372349806225124,3.299999969582999,0.0001007525534321231,0.0001
8.599441246523627e-06,3.3,5.0,1.372349800611396,3.299999978746063,0.0001007530214872644,0.0001
8.609441246523623e-06,3.3,5.0,1.372349806194383,3.299999969508364,0.0001007525536240052,0.0001
8.61944124652362e-06,3.3,5.0,1.372349800635493,3.299999978817158,0.0001007530213262021,0.0001
8.629441246523616e-06,3.3,5.0,1.372349806166969,3.299999969431383,0.0001007525537538569,0.0001
8.639441246523613e-06,3.3,5.0,1.372349800664929,3.29999997889426,0.0001007530212276143,0.0001
8.649441246523609e-06,3.3,5.0,1.372349806138212,3.299999969362428,0.0001007525538237743,0.0001
8.659441246523606e-06,3.3,5.0,1.372349800692527,3.299999978966474,0.0001007530211859943,0.0001
8.669441246523602e-06,3.3,5.0,1.372349806113254,3.299999969290459,0.000100752553837843,0.0001
8.679441246523599e-06,3.3,5.0,1.372349800717121,3.299999979040229,0.0001007530211985887,0.0001
8.689441246523595e-06,3.3,5.0,1.372349806085327,3.299999969219093,0.0001007525537982658,0.0001
8.699441246523592e-06,3.3,5.0,1.372349800744607,3.29999997911049,0.0001007530212636033,0.0001
8.709441246523588e-06,3.3,5.0,1.372349806058017,3.299999969149227,0.0001007525537086486,0.0001
8.719441246523585e-06,3.3,5.0,1.372349800772153,3.299999979182068,0.0001007530213771481,0.0001
8.729441246523581e-06,3.3,5.0,1.37234980603344,3.299999969079116,0.0001007525535723842,0.0001
8.739441246523578e-06,3.3,5.0,1.372349800797412,3.299999979249236,0.0001007530215357412,0.0001
8.749441246523574e-06,3.3,5.0,1.372349806006313,3.299999969013744,0.0001007525533909116,0.0001
8.75944124652357e-06,3.3,5.0,1.372349800823748,3.29999997931722,0.000100753021738388,0.0001
8.769441246523567e-06,3.3,5.0,1.372349805981522,3.29999996894445,0.0001007525531681387,0.0001
8.779441246523564e-06,3.3,5.0,1.372349800846726,3.299999979381476,0.000100753021980541,0.0001
8.78944124652356e-06,3.3,5.0,1.372349805953387,3.299999968881624,0.0001007525529052912,0.0001
8.799441246523557e-06,3.3,5.0,1.372349800874136,3.29999997944973,0.0001007530222619514,0.0001
8.809441246523553e-06,3.3,5.0,1.372349805928066,3.299999968814891,0.0001007525526063126,0.0001
8.81944124652355e-06,3.3,5.0,1.3723498008969,3.299999979513602,0.0001007530225780186,0.0001
8.829441246523546e-06,3.3,5.0,1.372349805903236,3.299999968752519,0.0001007525522728371,0.0001
8.839441246523543e-06,3.3,5.0,1.372349800926273,3.299999979579622,0.000100753022928778,0.0001
8.84944124652354e-06,3.3,5.0,1.372349805881262,3.299999968689944,0.0001007525519074405,0.0001
8.859441246523536e-06,3.3,5.0,1.372349800948118,3.29999997964062,0.0001007530233093269,0.0001
8.869441246523532e-06,3.3,5.0,1.372349805855592,3.299999968627511,0.0001007525515114017,0.0001
8.879441246523529e-06,3.3,5.0,1.372349800973531,3.299999979702015,0.0001007530237197186,0.0001
8.889441246523526e-06,3.3,5.0,1.372349805828545,3.299999968564567,0.0001007525510872077,0.0001
8.899441246523522e-06,3.3,5.0,1.372349800996528,3.29999997976613,0.0001007530241568623,0.0001
8.909441246523519e-06,3.3,5.0,1.372349805804621,3.299999968506874,0.0001007525506365815,0.0001
8.919441246523515e-06,3.3,5.0,1.372349801019941,3.29999997982632,0.0001007530246190348,0.0001
8.929441246523512e-06,3.3,5.0,1.372349805785076,3.299999968444683,0.0001007525501634134,0.0001
8.939441246523508e-06,3.3,5.0,1.372349801042005,3.299999979886029,0.0001007530251042467,0.0001
8.949441246523505e-06,3.3,5.0,1.372349805758548,3.299999968391143,0.0001007525496657848,0.0001
8.959441246523501e-06,3.3,5.0,1.372349801067841,3.29999997994141,0.0001007530256125157,0.0001
8.969441246523498e-06,3.3,5.0,1.37234980573684,3.299999968330452,0.0001007525491489537,0.0001
8.979441246523494e-06,3.3,5.0,1.372349801090629,3.299999979999591,0.0001007530261395607,0.0001
8.98944124652349e-06,3.3,5.0,1.372349805715257,3.299999968272771,0.0001007525486123874,0.0001
8.999441246523487e-06,3.3,5.0,1.372349801113441,3.299999980058193,0.0001007530266849023,0.0001
9.009441246523484e-06,3.3,5.0,1.372349805692625,3.299999968220193,0.000100752548058466,0.0001
9.01944124652348e-06,3.3,5.0,1.372349801134417,3.299999980114725,0.0001007530272470304,0.0001
9.029441246523477e-06,3.3,5.0,1.372349805667488,3.299999968164782,0.0001007525474881312,0.0001
9.039441246523473e-06,3.3,5.0,1.372349801156677,3.299999980167158,0.0001007530278238668,0.0001
9.04944124652347e-06,3.3,5.0,1.372349805646581,3.299999968109608,0.0001007525469036032,0.0001
9.059441246523466e-06,3.3,5.0,1.372349801179079,3.299999980220866,0.0001007530284151627,0.0001
9.069441246523463e-06,3.3,5.0,1.372349805623457,3.29999996805705,0.0001007525463056104,0.0001
9.07944124652346e-06,3.3,5.0,1.372349801200938,3.299999980275551,0.0001007530290188576,0.0001
9.089441246523456e-06,3.3,5.0,1.372349805600546,3.299999968003847,0.0001007525456964621,0.0001
9.099441246523452e-06,3.3,5.0,1.3723498012231,3.299999980328903,0.0001007530296337968,0.0001
9.109441246523449e-06,3.3,5.0,1.37234980558095,3.299999967957078,0.0001007525450763892,0.0001
9.119441246523445e-06,3.3,5.0,1.37234980123752,3.299999980386959,0.0001007530302559657,0.0001
9.129441246523442e-06,3.3,5.0,1.372349805554047,3.299999967906884,0.0001007525444445924,0.0001
9.139441246523438e-06,3.3,5.0,1.37234980126022,3.299999980434687,0.000100753030889983,0.0001
9.149441246523435e-06,3.3,5.0,1.372349805531596,3.299999967857378,0.0001007525438066671,0.0001
9.159441246523431e-06,3.3,5.0,1.372349801282161,3.299999980485495,0.0001007530315316742,0.0001
9.169441246523428e-06,3.3,5.0,1.372349805511561,3.299999967807906,0.0001007525431619739,0.0001
9.179441246523424e-06,3.3,5.0,1.372349801303365,3.299999980536092,0.00010075303217857,0.0001
9.189441246523421e-06,3.3,5.0,1.372349805491349,3.29999996776164,0.0001007525425116142,0.0001
9.199441246523418e-06,3.3,5.0,1.372349801320204,3.299999980584624,0.0001007530328320207,0.0001
9.209441246523414e-06,3.3,5.0,1.372349805471792,3.299999967709549,0.0001007525418555345,0.0001
9.21944124652341e-06,3.3,5.0,1.372349801342788,3.29999998063328,0.0001007530334901964,0.0001
9.229441246523407e-06,3.3,5.0,1.37234980544948,3.299999967662861,0.0001007525411948008,0.0001
9.239441246523404e-06,3.3,5.0,1.372349801362847,3.299999980681161,0.0001007530341524222,0.0001
9.2494412465234e-06,3.3,5.0,1.372349805431995,3.299999967617696,0.0001007525405323974,0.0001
9.259441246523397e-06,3.3,5.0,1.372349801382978,3.299999980729397,0.0001007530348171527,0.0001
9.269441246523393e-06,3.3,5.0,1.372349805415165,3.299999967571861,0.0001007525398672761,0.0001
9.27944124652339e-06,3.3,5.0,1.372349801401174,3.29999998077244,0.00010075303548318,0.0001
9.289441246523386e-06,3.3,5.0,1.372349805392039,3.299999967528041,0.0001007525391994192,0.0001
9.299441246523383e-06,3.3,5.0,1.372349801421949,3.299999980820926,0.0001007530361513211,0.0001
9.30944124652338e-06,3.3,5.0,1.37234980537385,3.299999967480898,0.0001007525385318821,0.0001
9.319441246523376e-06,3.3,5.0,1.372349801438786,3.299999980861697,0.0001007530368186983,0.0001
9.329441246523372e-06,3.3,5.0,1.372349805353004,3.299999967437563,0.0001007525378631725,0.0001
9.339441246523369e-06,3.3,5.0,1.372349801460982,3.29999998090888,0.0001007530374876033,0.0001
9.349441246523365e-06,3.3,5.0,1.372349805334188,3.299999967393384,0.0001007525371956176,0.0001
9.359441246523362e-06,3.3,5.0,1.372349801479229,3.299999980950787,0.0001007530381539147,0.0001
9.369441246523358e-06,3.3,5.0,1.37234980531456,3.299999967351201,0.000100752536529697,0.0001
9.379441246523355e-06,3.3,5.0,1.372349801498516,3.299999980992857,0.0001007530388193735,0.0001
9.389441246523351e-06,3.3,5.0,1.372349805298672,3.299999967309515,0.0001007525358663343,0.0001
9.399441246523348e-06,3.3,5.0,1.372349801514699,3.299999981034417,0.0001007530394817414,0.0001
9.409441246523344e-06,3.3,5.0,1.37234980527979,3.299999967268897,0.0001007525352044815,0.0001
9.419441246523341e-06,3.3,5.0,1.372349801536918,3.299999981075393,0.0001007530401431146,0.0001
9.429441246523337e-06,3.3,5.0,1.37234980525813,3.299999967229366,0.0001007525345450801,0.0001
9.439441246523334e-06,3.3,5.0,1.372349801552747,3.299999981121907,0.0001007530407989811,0.0001
9.44944124652333e-06,3.3,5.0,1.372349805242514,3.299999967187262,0.0001007525338909189,0.0001
9.459441246523327e-06,3.3,5.0,1.372349801569241,3.299999981157558,0.000100753041451437,0.0001
9.469441246523323e-06,3.3,5.0,1.372349805222809,3.299999967150336,0.0001007525332404526,0.0001
9.47944124652332e-06,3.3,5.0,1.372349801588797,3.299999981195941,0.0001007530421003046,0.0001
9.489441246523316e-06,3.3,5.0,1.372349805207087,3.29999996710882,0.0001007525325944982,0.0001
9.499441246523313e-06,3.3,5.0,1.372349801607413,3.299999981235933,0.0001007530427431859,0.0001
9.50944124652331e-06,3.3,5.0,1.372349805190603,3.299999967072972,0.0001007525319536064,0.0001
9.519441246523306e-06,3.3,5.0,1.372349801623034,3.299999981275296,0.000100753043381502,0.0001
9.529441246523303e-06,3.3,5.0,1.372349805172618,3.299999967035032,0.0001007525313183279,0.0001
9.539441246523299e-06,3.3,5.0,1.372349801641033,3.299999981313601,0.0001007530440142758,0.0001
9.549441246523296e-06,3.3,5.0,1.372349805155326,3.299999966999316,0.0001007525306886449,0.0001
9.559441246523292e-06,3.3,5.0,1.372349801660287,3.299999981346904,0.0001007530446406192,0.0001
9.569441246523289e-06,3.3,5.0,1.372349805136185,3.299999966960913,0.0001007525300652325,0.0001
9.579441246523285e-06,3.3,5.0,1.372349801672251,3.299999981385457,0.0001007530452590046,0.0001
9.589441246523282e-06,3.3,5.0,1.372349805121827,3.299999966923994,0.0001007525294497426,0.0001
9.599441246523278e-06,3.3,5.0,1.372349801689569,3.29999998142193,0.0001007530458720431,0.0001
9.609441246523275e-06,3.3,5.0,1.372349805104151,3.299999966888695,0.0001007525288402035,0.0001
9.619441246523271e-06,3.3,5.0,1.372349801710161,3.299999981458392,0.0001007530464783847,0.0001
9.629441246523268e-06,3.3,5.0,1.372349805088624,3.299999966854028,0.0001007525282386047,0.0001
9.639441246523264e-06,3.3,5.0,1.372349801724828,3.299999981494153,0.0001007530470758268,0.0001
9.64944124652326e-06,3.3,5.0,1.372349805070675,3.29999996681943,0.000100752527644289,0.0001
9.659441246523257e-06,3.3,5.0,1.372349801741148,3.299999981530326,0.0001007530476664832,0.0001
9.669441246523254e-06,3.3,5.0,1.372349805055196,3.299999966785886,0.0001007525270580735,0.0001
9.67944124652325e-06,3.3,5.0,1.372349801756964,3.299999981559714,0.0001007530482481868,0.0001
9.689441246523247e-06,3.3,5.0,1.372349805039126,3.299999966755358,0.0001007525264802246,0.0001
9.699441246523243e-06,3.3,5.0,1.372349801773723,3.299999981594792,0.0001007530488228382,0.0001
9.70944124652324e-06,3.3,5.0,1.372349805022771,3.299999966721367,0.0001007525259109733,0.0001
9.719441246523236e-06,3.3,5.0,1.372349801786019,3.299999981626512,0.0001007530493869559,0.0001
9.729441246523233e-06,3.3,5.0,1.372349805008573,3.299999966689392,0.0001007525253493781,0.0001
9.73944124652323e-06,3.3,5.0,1.372349801803406,3.299999981657357,0.0001007530499442168,0.0001
9.749441246523226e-06,3.3,5.0,1.372349804989785,3.299999966656522,0.0001007525247971798,0.0001
9.759441246523222e-06,3.3,5.0,1.372349801819031,3.2999999816903,0.0001007530504912636,0.0001
9.769441246523219e-06,3.3,5.0,1.372349804976676,3.299999966629005,0.0001007525242545738,0.0001
9.779441246523215e-06,3.3,5.0,1.372349801835049,3.299999981724588,0.0001007530510297129,0.0001
9.789441246523212e-06,3.3,5.0,1.372349804963581,3.29999996659833,0.0001007525237212405,0.0001
9.799441246523208e-06,3.3,5.0,1.372349801849973,3.299999981755138,0.0001007530515592449,0.0001
9.809441246523205e-06,3.3,5.0,1.372349804947592,3.29999996656745,0.0001007525231972507,0.0001
9.819441246523202e-06,3.3,5.0,1.372349801865371,3.299999981785521,0.0001007530520789358,0.0001
9.829441246523198e-06,3.3,5.0,1.372349804932204,3.299999966536201,0.0001007525226818941,0.0001
9.839441246523195e-06,3.3,5.0,1.372349801878403,3.299999981812943,0.0001007530525881818,0.0001
9.849441246523191e-06,3.3,5.0,1.372349804916754,3.299999966507599,0.0001007525221768403,0.0001
9.859441246523188e-06,3.3,5.0,1.37234980189159,3.299999981840256,0.0001007530530875868,0.0001
9.869441246523184e-06,3.3,5.0,1.372349804902269,3.299999966482102,0.0001007525216820006,0.0001
9.87944124652318e-06,3.3,5.0,1.37234980191005,3.299999981869863,0.0001007530535787672,0.0001
9.889441246523177e-06,3.3,5.0,1.372349804885793,3.299999966450561,0.0001007525211963091,0.0001
9.899441246523174e-06,3.3,5.0,1.372349801923954,3.299999981901169,0.0001007530540588809,0.0001
9.90944124652317e-06,3.3,5.0,1.372349804875455,3.299999966424053,0.0001007525207225547,0.0001
9.919441246523167e-06,3.3,5.0,1.372349801937928,3.299999981928865,0.0001007530545288339,0.0001
9.929441246523163e-06,3.3,5.0,1.372349804855845,3.299999966394005,0.0001007525202562078,0.0001
9.93944124652316e-06,3.3,5.0,1.372349801953146,3.299999981953775,0.0001007530549885906,0.0001
9.949441246523156e-06,3.3,5.0,1.372349804845827,3.299999966369588,0.0001007525198025618,0.0001
9.959441246523153e-06,3.3,5.0,1.372349801964069,3.299999981982539,0.0001007530554373338,0.0001
9.96944124652315e-06,3.3,5.0,1.372349804831782,3.299999966342357,0.0001007525193583837,0.0001
9.979441246523146e-06,3.3,5.0,1.372349801979005,3.299999982008246,0.0001007530558769111,0.0001
9.989441246523142e-06,3.3,5.0,1.372349804815229,3.29999996631735,0.0001007525189231408,0.0001
9.999441246523139e-06,3.3,5.0,1.372349801995583,3.299999982036447,0.000100753056306221,0.0001
1.000944124652314e-05,3.3,5.0,1.372349804802489,3.299999966291272,0.0001007525185000836,0.0001
1.001944124652313e-05,3.3,5.0,1.372349802008913,3.299999982063556,0.0001007530567239669,0.0001
1.002944124652313e-05,3.3,5.0,1.372349804788322,3.299999966264412,0.0001007525180874182,0.0001
1.003944124652312e-05,3.3,5.0,1.372349802021168,3.299999982086943,0.0001007530571317651,0.0001
1.004944124652312e-05,3.3,5.0,1.372349804778686,3.299999966240994,0.0001007525176853398,0.0001
1.005944124652312e-05,3.3,5.0,1.372349802032868,3.299999982110476,0.0001007530575288164,0.0001
1.006944124652311e-05,3.3,5.0,1.372349804762511,3.29999996621571,0.0001007525172929781,0.0001
1.007944124652311e-05,3.3,5.0,1.372349802049699,3.29999998213707,0.0001007530579163286,0.0001
1.008944124652311e-05,3.3,5.0,1.372349804749948,3.299999966191733,0.0001007525169119673,0.0001
1.00994412465231e-05,3.3,5.0,1.372349802060612,3.299999982158,0.0001007530582918505,0.0001
1.01094412465231e-05,3.3,5.0,1.372349804737463,3.299999966168943,0.0001007525165410107,0.0001
1.01194412465231e-05,3.3,5.0,1.372349802075979,3.299999982182765,0.0001007530586578155,0.0001
1.012944124652309e-05,3.3,5.0,1.372349804722235,3.299999966145028,0.0001007525161806945,0.0001
1.013944124652309e-05,3.3,5.0,1.372349802085096,3.299999982208442,0.00010075305901195,0.0001
1.014944124652309e-05,3.3,5.0,1.372349804712273,3.299999966124722,0.0001007525158315338,0.0001
1.015944124652308e-05,3.3,5.0,1.372349802100386,3.299999982227611,0.0001007530593568474,0.0001
1.016944124652308e-05,3.3,5.0,1.372349804697519,3.299999966100871,0.000100752515492072,0.0001
1.017944124652308e-05,3.3,5.0,1.372349802111394,3.299999982250114,0.0001007530596899499,0.0001
1.018944124652307e-05,3.3,5.0,1.372349804685186,3.299999966081026,0.0001007525151641743,0.0001
1.019944124652307e-05,3.3,5.0,1.372349802126823,3.299999982275133,0.0001007530600136021,0.0001
1.020944124652307e-05,3.3,5.0,1.372349804673624,3.299999966056374,0.0001007525148464551,0.0001
1.021944124652306e-05,3.3,5.0,1.372349802139182,3.299999982299061,0.0001007530603254593,0.0001
1.022944124652306e-05,3.3,5.0,1.372349804664582,3.299999966034687,0.0001007525145397671,0.0001
1.023944124652306e-05,3.3,5.0,1.372349802150598,3.299999982319305,0.0001007530606282571,0.0001
1.024944124652305e-05,3.3,5.0,1.372349804645681,3.299999966015043,0.0001007525142417655,0.0001
1.025944124652305e-05,3.3,5.0,1.372349802163273,3.299999982339838,0.0001007530609191355,0.0001
1.026944124652304e-05,3.3,5.0,1.37234980463523,3.299999965992896,0.000100752513955772,0.0001
1.027944124652304e-05,3.3,5.0,1.372349802173296,3.299999982360125,0.000100753061199267,0.0001
1.028944124652304e-05,3.3,5.0,1.372349804622822,3.29999996597149,0.0001007525136803124,0.0001
1.029944124652303e-05,3.3,5.0,1.372349802184535,3.29999998237784,0.0001007530614698594,0.0001
1.030944124652303e-05,3.3,5.0,1.372349804612064,3.299999965951925,0.0001007525134152444,0.0001
1.031944124652303e-05,3.3,5.0,1.372349802198943,3.299999982398897,0.0001007530617304155,0.0001
1.032944124652302e-05,3.3,5.0,1.372349804602232,3.29999996593538,0.0001007525131608168,0.0001
1.033944124652302e-05,3.3,5.0,1.372349802210848,3.299999982421024,0.0001007530619799048,0.0001
1.034944124652302e-05,3.3,5.0,1.372349804587816,3.299999965917009,0.0001007525129157151,0.0001
1.035944124652301e-05,3.3,5.0,1.372349802220928,3.299999982440752,0.0001007530622193754,0.0001
1.036944124652301e-05,3.3,5.0,1.372349804577536,3.299999965896368,0.0001007525126818932,0.0001
1.037944124652301e-05,3.3,5.0,1.372349802231921,3.29999998245956,0.000100753062447886,0.0001
1.0389441246523e-05,3.3,5.0,1.372349804565249,3.299999965877586,0.0001007525124579124,0.0001
1.0399441246523e-05,3.3,5.0,1.37234980224274,3.299999982477523,0.0001007530626662358,0.0001
1.0409441246523e-05,3.3,5.0,1.372349804554912,3.299999965861286,0.0001007525122444831,0.0001
1.041944124652299e-05,3.3,5.0,1.37234980225556,3.299999982494896,0.0001007530628758103,0.0001
1.042944124652299e-05,3.3,5.0,1.37234980454041,3.299999965843014,0.0001007525120400245,0.0001
1.043944124652299e-05,3.3,5.0,1.372349802267091,3.299999982513626,0.000100753063073732,0.0001
1.044944124652298e-05,3.3,5.0,1.37234980453623,3.299999965824578,0.0001007525118480891,0.0001
1.045944124652298e-05,3.3,5.0,1.372349802276505,3.299999982529416,0.0001007530632617949,0.0001
1.046944124652298e-05,3.3,5.0,1.372349804523375,3.299999965808855,0.0001007525116640408,0.0001
1.047944124652297e-05,3.3,5.0,1.372349802288551,3.299999982547163,0.0001007530634412247,0.0001
1.048944124652297e-05,3.3,5.0,1.372349804511103,3.299999965793317,0.0001007525114905795,0.0001
1.049944124652296e-05,3.3,5.0,1.372349802298962,3.299999982564604,0.0001007530636092503,0.0001
1.050944124652296e-05,3.3,5.0,1.372349804501442,3.299999965775586,0.0001007525113271369,0.0001
1.051944124652296e-05,3.3,5.0,1.372349802311622,3.299999982583335,0.0001007530637686251,0.0001
1.052944124652295e-05,3.3,5.0,1.3723498044874,3.299999965756844,0.000100752511172665,0.0001
1.053944124652295e-05,3.3,5.0,1.372349802321077,3.299999982599675,0.0001007530639172528,0.0001
1.054944124652295e-05,3.3,5.0,1.372349804477232,3.299999965742356,0.000100752511028336,0.0001
1.055944124652294e-05,3.3,5.0,1.372349802329605,3.299999982615179,0.0001007530640562528,0.0001
1.056944124652294e-05,3.3,5.0,1.372349804466084,3.299999965727236,0.0001007525108936348,0.0001
1.057944124652294e-05,3.3,5.0,1.372349802342375,3.29999998263458,0.0001007530641861044,0.0001
1.058944124652293e-05,3.3,5.0,1.372349804455131,3.299999965711626,0.0001007525107686148,0.0001
1.059944124652293e-05,3.3,5.0,1.372349802351605,3.299999982646468,0.0001007530643062927,0.0001
1.060944124652293e-05,3.3,5.0,1.372349804445544,3.299999965696977,0.0001007525106535602,0.0001
1.061944124652292e-05,3.3,5.0,1.372349802363528,3.299999982664288,0.0001007530644167821,0.0001
1.062944124652292e-05,3.3,5.0,1.372349804438606,3.299999965683567,0.0001007525105482933,0.0001
1.063944124652292e-05,3.3,5.0,1.372349802372524,3.299999982677944,0.0001007530645184253,0.0001
1.064944124652291e-05,3.3,5.0,1.372349804423403,3.299999965667081,0.0001007525104504338,0.0001
1.065944124652291e-05,3.3,5.0,1.372349802385263,3.299999982690236,0.0001007530646112932,0.0001
1.066944124652291e-05,3.3,5.0,1.372349804416174,3.299999965655394,0.0001007525103634634,0.0001
1.06794412465229e-05,3.3,5.0,1.372349802396556,3.29999998270283,0.0001007530646953682,0.0001
1.06894412465229e-05,3.3,5.0,1.372349804410193,3.299999965635942,0.000100752510287382,0.0001
1.069944124652289e-05,3.3,5.0,1.372349802406155,3.299999982716455,0.0001007530647692113,0.0001
1.070944124652289e-05,3.3,5.0,1.37234980440007,3.29999996562304,0.0001007525102181929,0.0001
1.071944124652289e-05,3.3,5.0,1.372349802418279,3.299999982728292,0.0001007530648342615,0.0001
1.072944124652288e-05,3.3,5.0,1.372349804390168,3.299999965607525,0.0001007525101581698,0.0001
1.073944124652288e-05,3.3,5.0,1.372349802425197,3.299999982743088,0.0001007530648895595,0.0001
1.074944124652288e-05,3.3,5.0,1.372349804380142,3.299999965595484,0.0001007525101068864,0.0001
1.075944124652287e-05,3.3,5.0,1.372349802438119,3.299999982756055,0.0001007530649363665,0.0001
1.076944124652287e-05,3.3,5.0,1.372349804371995,3.299999965582354,0.0001007525100645203,0.0001
1.077944124652287e-05,3.3,5.0,1.372349802447243,3.299999982770565,0.0001007530649748602,0.0001
1.078944124652286e-05,3.3,5.0,1.372349804359681,3.299999965571406,0.0001007525100305386,0.0001
1.079944124652286e-05,3.3,5.0,1.37234980245533,3.299999982784372,0.0001007530650043832,0.0001
1.080944124652286e-05,3.3,5.0,1.372349804352302,3.299999965559196,0.0001007525100056696,0.0001
1.081944124652285e-05,3.3,5.0,1.372349802468716,3.299999982798161,0.0001007530650256285,0.0001
1.082944124652285e-05,3.3,5.0,1.372349804342911,3.299999965545047,0.0001007525099891139,0.0001
1.083944124652285e-05,3.3,5.0,1.372349802473293,3.29999998280943,0.0001007530650369083,0.0001
1.084944124652284e-05,3.3,5.0,1.372349804333264,3.299999965532835,0.0001007525099807473,0.0001
1.085944124652284e-05,3.3,5.0,1.372349802485708,3.299999982819864,0.0001007530650418111,0.0001
1.086944124652284e-05,3.3,5.0,1.372349804321897,3.299999965522734,0.0001007525099808361,0.0001
1.087944124652283e-05,3.3,5.0,1.372349802493454,3.299999982829275,0.0001007530650367129,0.0001
1.088944124652283e-05,3.3,5.0,1.372349804316723,3.29999996551126,0.0001007525099901975,0.0001
1.089944124652283e-05,3.3,5.0,1.372349802503397,3.299999982842253,0.0001007530650239232,0.0001
1.090944124652282e-05,3.3,5.0,1.372349804304439,3.29999996550035,0.0001007525100061847,0.0001
1.091944124652282e-05,3.3,5.0,1.372349802513378,3.299999982856375,0.0001007530650036904,0.0001
1.092944124652281e-05,3.3,5.0,1.372349804295139,3.299999965490936,0.0001007525100310892,0.0001
1.093944124652281e-05,3.3,5.0,1.37234980252146,3.299999982865635,0.0001007530649747536,0.0001
1.094944124652281e-05,3.3,5.0,1.372349804289761,3.299999965476398,0.0001007525100645203,0.0001
1.09594412465228e-05,3.3,5.0,1.372349802529838,3.299999982875962,0.0001007530649375034,0.0001
1.09694412465228e-05,3.3,5.0,1.372349804280004,3.299999965468732,0.0001007525101053587,0.0001
1.09794412465228e-05,3.3,5.0,1.372349802535933,3.299999982886887,0.0001007530648925616,0.0001
1.098944124652279e-05,3.3,5.0,1.3723498042685,3.299999965456612,0.0001007525101523789,0.0001
1.099944124652279e-05,3.3,5.0,1.37234980254722,3.299999982895947,0.0001007530648411716,0.0001
1.100944124652279e-05,3.3,5.0,1.372349804260251,3.299999965443926,0.0001007525102091512,0.0001
1.101944124652278e-05,3.3,5.0,1.372349802555985,3.29999998290726,0.0001007530647808998,0.0001
1.102944124652278e-05,3.3,5.0,1.372349804253298,3.299999965439094,0.0001007525102735264,0.0001
1.103944124652278e-05,3.3,5.0,1.372349802564263,3.299999982918445,0.0001007530647130785,0.0001
1.104944124652277e-05,3.3,5.0,1.372349804246029,3.299999965427419,0.000100752510345309,0.0001
1.105944124652277e-05,3.3,5.0,1.372349802572202,3.299999982928184,0.0001007530646375833,0.0001
1.106944124652277e-05,3.3,5.0,1.372349804232822,3.299999965418489,0.0001007525104231312,0.0001
1.107944124652276e-05,3.3,5.0,1.372349802583557,3.299999982935041,0.0001007530645561906,0.0001
1.108944124652276e-05,3.3,5.0,1.372349804229747,3.299999965409029,0.0001007525105102793,0.0001
1.109944124652276e-05,3.3,5.0,1.372349802589857,3.299999982948541,0.0001007530644657563,0.0001
1.110944124652275e-05,3.3,5.0,1.372349804220553,3.299999965403897,0.0001007525106034669,0.0001
1.111944124652275e-05,3.3,5.0,1.372349802599108,3.299999982955763,0.0001007530643693534,0.0001
1.112944124652275e-05,3.3,5.0,1.372349804210911,3.299999965392059,0.0001007525107041864,0.0001
1.113944124652274e-05,3.3,5.0,1.372349802606966,3.299999982964707,0.0001007530642641753,0.0001
1.114944124652274e-05,3.3,5.0,1.372349804203535,3.299999965384612,0.0001007525108116204,0.0001
1.115944124652273e-05,3.3,5.0,1.372349802613146,3.299999982973309,0.0001007530641528688,0.0001
1.116944124652273e-05,3.3,5.0,1.372349804191954,3.299999965377835,0.000100752510925325,0.0001
1.117944124652273e-05,3.3,5.0,1.372349802622783,3.299999982980381,0.0001007530640355937,0.0001
1.118944124652272e-05,3.3,5.0,1.372349804186442,3.299999965368053,0.0001007525110476272,0.0001
1.119944124652272e-05,3.3,5.0,1.372349802628733,3.299999982988374,0.0001007530639101474,0.0001
1.120944124652272e-05,3.3,5.0,1.372349804180295,3.299999965361893,0.0001007525111762354,0.0001
1.121944124652271e-05,3.3,5.0,1.372349802637229,3.299999982998759,0.0001007530637785194,0.0001
1.122944124652271e-05,3.3,5.0,1.372349804171175,3.299999965351631,0.0001007525113110609,0.0001
1.123944124652271e-05,3.3,5.0,1.372349802646875,3.299999983002397,0.0001007530636404964,0.0001
1.12494412465227e-05,3.3,5.0,1.372349804161228,3.299999965342527,0.0001007525114527787,0.0001
1.12594412465227e-05,3.3,5.0,1.372349802653998,3.299999983010577,0.0001007530634957056,0.0001
1.12694412465227e-05,3.3,5.0,1.372349804156155,3.299999965337065,0.0001007525116010867,0.0001
1.127944124652269e-05,3.3,5.0,1.37234980266426,3.299999983019871,0.0001007530633450528,0.0001
1.128944124652269e-05,3.3,5.0,1.372349804149049,3.299999965327169,0.0001007525117562692,0.0001
1.129944124652269e-05,3.3,5.0,1.372349802668963,3.299999983026317,0.0001007530631862998,0.0001
1.130944124652268e-05,3.3,5.0,1.372349804140089,3.29999996532294,0.0001007525119168697,0.0001
1.131944124652268e-05,3.3,5.0,1.372349802677684,3.299999983033314,0.0001007530630227151,0.0001
1.132944124652268e-05,3.3,5.0,1.372349804131691,3.299999965318244,0.0001007525120835985,0.0001
1.133944124652267e-05,3.3,5.0,1.372349802682096,3.299999983041096,0.0001007530628515275,0.0001
1.134944124652267e-05,3.3,5.0,1.372349804125337,3.299999965313296,0.0001007525122570065,0.0001
1.135944124652267e-05,3.3,5.0,1.372349802693529,3.299999983048689,0.000100753062676059,0.0001
1.136944124652266e-05,3.3,5.0,1.372349804115711,3.299999965303986,0.000100752512436383,0.0001
1.137944124652266e-05,3.3,5.0,1.372349802699365,3.299999983054627,0.0001007530624932364,0.0001
1.138944124652265e-05,3.3,5.0,1.372349804113092,3.29999996529854,0.0001007525126225452,0.0001
1.139944124652265e-05,3.3,5.0,1.3723498027075,3.299999983061401,0.0001007530623051557,0.0001
1.140944124652265e-05,3.3,5.0,1.372349804102898,3.299999965295372,0.00010075251281377,0.0001
1.141944124652264e-05,3.3,5.0,1.372349802714351,3.299999983066759,0.0001007530621106979,0.0001
1.142944124652264e-05,3.3,5.0,1.372349804096928,3.299999965289284,0.0001007525130108745,0.0001
1.143944124652264e-05,3.3,5.0,1.372349802723284,3.299999983074916,0.0001007530619106446,0.0001
1.144944124652263e-05,3.3,5.0,1.372349804089907,3.299999965281451,0.0001007525132138588,0.0001
1.145944124652263e-05,3.3,5.0,1.372349802728339,3.299999983078369,0.0001007530617045695,0.0001
1.146944124652263e-05,3.3,5.0,1.37234980407984,3.299999965276565,0.0001007525134214794,0.0001
1.147944124652262e-05,3.3,5.0,1.372349802737542,3.299999983081131,0.0001007530614938225,0.0001
1.148944124652262e-05,3.3,5.0,1.372349804073055,3.29999996527009,0.0001007525136360278,0.0001
1.149944124652262e-05,3.3,5.0,1.372349802740988,3.299999983090883,0.0001007530612763431,0.0001
1.150944124652261e-05,3.3,5.0,1.372349804067527,3.299999965264056,0.0001007525138560829,0.0001
1.151944124652261e-05,3.3,5.0,1.372349802752344,3.299999983093302,0.0001007530610548492,0.0001
1.152944124652261e-05,3.3,5.0,1.372349804061558,3.299999965258686,0.000100752514081467,0.0001
1.15394412465226e-05,3.3,5.0,1.372349802756611,3.299999983098567,0.0001007530608267117,0.0001
1.15494412465226e-05,3.3,5.0,1.372349804054364,3.299999965254786,0.0001007525143116651,0.0001
1.15594412465226e-05,3.3,5.0,1.372349802765363,3.299999983102605,0.000100753060593778,0.0001
1.156944124652259e-05,3.3,5.0,1.372349804050599,3.299999965251034,0.0001007525145478851,0.0001
1.157944124652259e-05,3.3,5.0,1.372349802771061,3.299999983108509,0.0001007530603553732,0.0001
1.158944124652258e-05,3.3,5.0,1.372349804039642,3.299999965247414,0.0001007525147878176,0.0001
1.159944124652258e-05,3.3,5.0,1.372349802780719,3.299999983113662,0.0001007530601125985,0.0001
1.160944124652258e-05,3.3,5.0,1.372349804035678,3.299999965243806,0.0001007525150340206,0.0001
1.161944124652257e-05,3.3,5.0,1.372349802783909,3.299999983118713,0.0001007530598635888,0.0001
1.162944124652257e-05,3.3,5.0,1.372349804025286,3.299999965237099,0.0001007525152845402,0.0001
1.163944124652257e-05,3.3,5.0,1.372349802792987,3.299999983122985,0.0001007530596108487,0.0001
1.164944124652256e-05,3.3,5.0,1.372349804020935,3.299999965233261,0.0001007525155406731,0.0001
1.165944124652256e-05,3.3,5.0,1.372349802796112,3.299999983127012,0.0001007530593515539,0.0001
1.166944124652256e-05,3.3,5.0,1.372349804013218,3.299999965228182,0.0001007525158010338,0.0001
1.167944124652255e-05,3.3,5.0,1.372349802804533,3.299999983130241,0.0001007530590890972,0.0001
1.168944124652255e-05,3.3,5.0,1.372349804005511,3.299999965227179,0.0001007525160661728,0.0001
1.169944124652255e-05,3.3,5.0,1.37234980280744,3.299999983131393,0.0001007530588204232,0.0001
1.170944124652254e-05,3.3,5.0,1.372349804001577,3.299999965223356,0.000100752516337156,0.0001
1.171944124652254e-05,3.3,5.0,1.372349802818593,3.299999983138529,0.0001007530585487294,0.0001
1.172944124652254e-05,3.3,5.0,1.372349803994957,3.299999965219627,0.0001007525166116031,0.0001
1.173944124652253e-05,3.3,5.0,1.372349802823656,3.299999983140756,0.0001007530582719197,0.0001
1.174944124652253e-05,3.3,5.0,1.372349803989785,3.299999965217022,0.0001007525168911484,0.0001
1.175944124652253e-05,3.3,5.0,1.372349802829611,3.299999983145522,0.0001007530579900297,0.0001
1.176944124652252e-05,3.3,5.0,1.3723498039834,3.29999996521607,0.000100752517174957,0.0001
1.177944124652252e-05,3.3,5.0,1.372349802835799,3.29999998314872,0.0001007530577043027,0.0001
1.178944124652252e-05,3.3,5.0,1.372349803974291,3.299999965211895,0.0001007525174628511,0.0001
1.179944124652251e-05,3.3,5.0,1.372349802841561,3.299999983150433,0.0001007530574136729,0.0001
1.180944124652251e-05,3.3,5.0,1.372349803968081,3.299999965208654,0.0001007525177547953,0.0001
1.18194412465225e-05,3.3,5.0,1.372349802848362,3.299999983154179,0.000100753057119224,0.0001
1.18294412465225e-05,3.3,5.0,1.372349803965802,3.299999965203217,0.0001007525180528503,0.0001
1.18394412465225e-05,3.3,5.0,1.372349802853845,3.299999983158162,0.0001007530568202276,0.0001
1.184944124652249e-05,3.3,5.0,1.372349803957429,3.299999965203106,0.0001007525183528947,0.0001
1.185944124652249e-05,3.3,5.0,1.37234980285959,3.299999983159418,0.0001007530565173943,0.0001
1.186944124652249e-05,3.3,5.0,1.372349803951422,3.299999965199573,0.0001007525186584636,0.0001
1.187944124652248e-05,3.3,5.0,1.372349802866839,3.299999983162109,0.0001007530562104043,0.0001
1.188944124652248e-05,3.3,5.0,1.372349803945155,3.299999965198252,0.0001007525189671767,0.0001
1.189944124652248e-05,3.3,5.0,1.372349802873644,3.299999983164078,0.0001007530558995774,0.0001
1.190944124652247e-05,3.3,5.0,1.37234980394175,3.299999965194198,0.0001007525192806504,0.0001
1.191944124652247e-05,3.3,5.0,1.37234980287507,3.299999983167775,0.0001007530555832793,0.0001
1.192944124652247e-05,3.3,5.0,1.37234980393599,3.299999965194159,0.0001007525195977123,0.0001
1.193944124652246e-05,3.3,5.0,1.372349802885539,3.299999983168719,0.0001007530552652404,0.0001
1.194944124652246e-05,3.3,5.0,1.372349803928343,3.299999965195762,0.0001007525199181315,0.0001
1.195944124652246e-05,3.3,5.0,1.372349802890818,3.299999983174299,0.0001007530549425297,0.0001
1.196944124652245e-05,3.3,5.0,1.37234980392431,3.299999965191817,0.0001007525202426364,0.0001
1.197944124652245e-05,3.3,5.0,1.372349802895512,3.299999983174231,0.0001007530546156267,0.0001
1.198944124652245e-05,3.3,5.0,1.372349803914314,3.299999965188465,0.0001007525205702144,0.0001
1.199944124652244e-05,3.3,5.0,1.372349802901456,3.299999983177024,0.000100753054285775,0.0001
1.200944124652244e-05,3.3,5.0,1.372349803909444,3.299999965186901,0.0001007525209024997,0.0001
1.201944124652244e-05,3.3,5.0,1.372349802904352,3.299999983177734,0.0001007530539514469,0.0001
1.202944124652243e-05,3.3,5.0,1.372349803903729,3.299999965184659,0.0001007525212380002,0.0001
1.203944124652243e-05,3.3,5.0,1.372349802913697,3.299999983181291,0.0001007530536151115,0.0001
1.204944124652242e-05,3.3,5.0,1.372349803898977,3.299999965186667,0.0001007525215775863,0.0001
1.205944124652242e-05,3.3,5.0,1.372349802916867,3.299999983181438,0.000100753053274122,0.0001
1.206944124652242e-05,3.3,5.0,1.372349803895125,3.299999965183668,0.0001007525219200857,0.0001
1.207944124652241e-05,3.3,5.0,1.372349802923786,3.299999983183113,0.000100753052930095,0.0001
1.208944124652241e-05,3.3,5.0,1.372349803889314,3.299999965183242,0.0001007525222657647,0.0001
1.209944124652241e-05,3.3,5.0,1.372349802926928,3.299999983179806,0.000100753052582231,0.0001
1.21094412465224e-05,3.3,5.0,1.3723498038844,3.299999965183293,0.0001007525226149432,0.0001
1.21194412465224e-05,3.3,5.0,1.372349802934953,3.29999998318232,0.0001007530522318091,0.0001
1.21294412465224e-05,3.3,5.0,1.372349803878899,3.299999965180458,0.0001007525229673013,0.0001
1.213944124652239e-05,3.3,5.0,1.372349802938343,3.299999983183731,0.0001007530518773016,0.0001
1.214944124652239e-05,3.3,5.0,1.372349803870168,3.299999965179259,0.0001007525233225549,0.0001
1.215944124652239e-05,3.3,5.0,1.372349802943027,3.299999983184092,0.0001007530515196144,0.0001
1.216944124652238e-05,3.3,5.0,1.372349803869592,3.299999965180042,0.0001007525236823915,0.0001
1.217944124652238e-05,3.3,5.0,1.372349802950587,3.299999983186358,0.0001007530511602041,0.0001
1.218944124652238e-05,3.3,5.0,1.372349803860602,3.29999996517963,0.0001007525240433117,0.0001
1.219944124652237e-05,3.3,5.0,1.37234980295234,3.299999983186963,0.0001007530507957312,0.0001
1.220944124652237e-05,3.3,5.0,1.372349803859621,3.299999965178807,0.0001007525244093478,0.0001
1.221944124652237e-05,3.3,5.0,1.372349802960497,3.299999983185435,0.0001007530504303879,0.0001
1.222944124652236e-05,3.3,5.0,1.372349803850725,3.299999965182546,0.0001007525247766629,0.0001
1.223944124652236e-05,3.3,5.0,1.372349802963845,3.299999983188451,0.0001007530500602839,0.0001
1.224944124652235e-05,3.3,5.0,1.372349803849192,3.29999996517995,0.0001007525251482057,0.0001
1.225944124652235e-05,3.3,5.0,1.372349802971576,3.299999983189262,0.0001007530496887589,0.0001
1.226944124652235e-05,3.3,5.0,1.372349803842368,3.29999996517778,0.0001007525255212406,0.0001
1.227944124652234e-05,3.3,5.0,1.372349802975051,3.299999983186233,0.0001007530493129528,0.0001
1.228944124652234e-05,3.3,5.0,1.372349803837711,3.299999965180827,0.000100752525897544,0.0001
1.229944124652234e-05,3.3,5.0,1.3723498029816,3.299999983188524,0.0001007530489353882,0.0001
1.230944124652233e-05,3.3,5.0,1.372349803832407,3.29999996518163,0.0001007525262769206,0.0001
1.231944124652233e-05,3.3,5.0,1.372349802985785,3.299999983187048,0.0001007530485547149,0.0001
1.232944124652233e-05,3.3,5.0,1.372349803829139,3.299999965179201,0.0001007525266591038,0.0001
1.233944124652232e-05,3.3,5.0,1.372349802989059,3.299999983187804,0.0001007530481714126,0.0001
1.234944124652232e-05,3.3,5.0,1.372349803823226,3.299999965181775,0.0001007525270435251,0.0001
1.235944124652232e-05,3.3,5.0,1.372349802994847,3.299999983188083,0.0001007530477855346,0.0001
1.236944124652231e-05,3.3,5.0,1.372349803816978,3.299999965181221,0.00010075252743054,0.0001
1.237944124652231e-05,3.3,5.0,1.372349802996826,3.299999983185385,0.000100753047396477,0.0001
1.238944124652231e-05,3.3,5.0,1.372349803812061,3.29999996517922,0.0001007525278200595,0.0001
1.23994412465223e-05,3.3,5.0,1.372349803004334,3.299999983188452,0.000100753047006087,0.0001
1.24094412465223e-05,3.3,5.0,1.372349803807167,3.299999965179803,0.0001007525282118173,0.0001
1.24194412465223e-05,3.3,5.0,1.372349803007324,3.299999983185378,0.0001007530466121444,0.0001
1.242944124652229e-05,3.3,5.0,1.372349803802801,3.299999965181727,0.0001007525286065948,0.0001
1.243944124652229e-05,3.3,5.0,1.37234980301255,3.299999983186998,0.0001007530462166563,0.0001
1.244944124652229e-05,3.3,5.0,1.372349803799906,3.2999999651817,0.0001007525290042678,0.0001
1.245944124652228e-05,3.3,5.0,1.372349803020409,3.299999983181808,0.0001007530458194096,0.0001
1.246944124652228e-05,3.3,5.0,1.372349803794876,3.299999965185791,0.0001007525294033264,0.0001
1.247944124652227e-05,3.3,5.0,1.372349803023096,3.299999983181483,0.0001007530454182727,0.0001
1.248944124652227e-05,3.3,5.0,1.372349803788596,3.299999965183677,0.0001007525298050139,0.0001
1.249944124652227e-05,3.3,5.0,1.372349803027323,3.299999983181125,0.0001007530450158213,0.0001
1.250944124652226e-05,3.3,5.0,1.372349803786548,3.299999965187791,0.0001007525302090463,0.0001
1.251944124652226e-05,3.3,5.0,1.372349803031058,3.299999983180822,0.0001007530446102435,0.0001
1.252944124652226e-05,3.3,5.0,1.372349803777015,3.299999965189736,0.0001007525306136649,0.0001
1.253944124652225e-05,3.3,5.0,1.372349803037476,3.299999983179988,0.0001007530442038308,0.0001
1.254944124652225e-05,3.3,5.0,1.372349803775006,3.299999965189636,0.0001007525310227066,0.0001
1.255944124652225e-05,3.3,5.0,1.37234980303972,3.2999999831802,0.0001007530437940431,0.0001
1.256944124652224e-05,3.3,5.0,1.372349803769372,3.299999965194368,0.000100752531432743,0.0001
1.257944124652224e-05,3.3,5.0,1.372349803044779,3.299999983179654,0.0001007530433829763,0.0001
1.258944124652224e-05,3.3,5.0,1.372349803764763,3.299999965194933,0.0001007525318457282,0.0001
1.259944124652223e-05,3.3,5.0,1.372349803048552,3.299999983177731,0.0001007530429694582,0.0001
1.260944124652223e-05,3.3,5.0,1.372349803761636,3.299999965197124,0.0001007525322594595,0.0001
1.261944124652223e-05,3.3,5.0,1.372349803054276,3.299999983175147,0.0001007530425542348,0.0001
1.262944124652222e-05,3.3,5.0,1.372349803756107,3.299999965196575,0.0001007525326758731,0.0001
1.263944124652222e-05,3.3,5.0,1.372349803059707,3.299999983172945,0.0001007530421370929,0.0001
1.264944124652222e-05,3.3,5.0,1.372349803755339,3.299999965199608,0.0001007525330946492,0.0001
1.265944124652221e-05,3.3,5.0,1.372349803063408,3.299999983172255,0.0001007530417182458,0.0001
1.266944124652221e-05,3.3,5.0,1.372349803750735,3.299999965202977,0.0001007525335145622,0.0001
1.267944124652221e-05,3.3,5.0,1.37234980306668,3.299999983171106,0.0001007530412965742,0.0001
1.26894412465222e-05,3.3,5.0,1.372349803746058,3.299999965200667,0.0001007525339365713,0.0001
1.26994412465222e-05,3.3,5.0,1.372349803072133,3.299999983168245,0.0001007530408746184,0.0001
1.270944124652219e-05,3.3,5.0,1.37234980374109,3.299999965205891,0.0001007525343600015,0.0001
1.271944124652219e-05,3.3,5.0,1.372349803074179,3.29999998316619,0.0001007530404492875,0.0001
1.272944124652219e-05,3.3,5.0,1.372349803736405,3.299999965205293,0.0001007525347851902,0.0001
1.273944124652218e-05,3.3,5.0,1.372349803078127,3.299999983166901,0.0001007530400228553,0.0001
1.274944124652218e-05,3.3,5.0,1.372349803733014,3.299999965207587,0.0001007525352122264,0.0001
1.275944124652218e-05,3.3,5.0,1.372349803083704,3.299999983162003,0.0001007530395954993,0.0001
1.276944124652217e-05,3.3,5.0,1.372349803729644,3.299999965208301,0.000100752535641483,0.0001
1.277944124652217e-05,3.3,5.0,1.372349803086441,3.299999983159931,0.0001007530391653545,0.0001
1.278944124652217e-05,3.3,5.0,1.372349803724221,3.299999965216053,0.0001007525360713969,0.0001
1.279944124652216e-05,3.3,5.0,1.372349803090065,3.299999983159128,0.0001007530387340728,0.0001
1.280944124652216e-05,3.3,5.0,1.372349803721363,3.299999965215252,0.0001007525365037089,0.0001
1.281944124652216e-05,3.3,5.0,1.372349803094173,3.299999983156991,0.0001007530383013701,0.0001
1.282944124652215e-05,3.3,5.0,1.372349803714634,3.299999965218092,0.0001007525369365182,0.0001
1.283944124652215e-05,3.3,5.0,1.372349803096848,3.299999983152763,0.0001007530378667133,0.0001
1.284944124652215e-05,3.3,5.0,1.372349803712059,3.299999965220045,0.0001007525373717967,0.0001
1.285944124652214e-05,3.3,5.0,1.372349803105877,3.299999983149151,0.0001007530374321632,0.0001
1.286944124652214e-05,3.3,5.0,1.37234980370676,3.29999996522556,0.0001007525378085673,0.0001
1.287944124652214e-05,3.3,5.0,1.372349803107946,3.299999983148558,0.0001007530369943445,0.0001
1.288944124652213e-05,3.3,5.0,1.372349803705275,3.299999965227217,0.0001007525382467946,0.0001
1.289944124652213e-05,3.3,5.0,1.372349803112785,3.299999983146952,0.0001007530365561173,0.0001
1.290944124652213e-05,3.3,5.0,1.372349803703167,3.299999965231585,0.0001007525386865495,0.0001
1.291944124652212e-05,3.3,5.0,1.372349803116114,3.299999983143726,0.0001007530361152965,0.0001
1.292944124652212e-05,3.3,5.0,1.372349803697113,3.299999965231176,0.0001007525391266063,0.0001
1.293944124652211e-05,3.3,5.0,1.372349803117639,3.29999998314028,0.0001007530356739607,0.0001
1.294944124652211e-05,3.3,5.0,1.37234980369382,3.299999965240427,0.0001007525395690968,0.0001
1.295944124652211e-05,3.3,5.0,1.372349803122478,3.299999983139852,0.0001007530352315057,0.0001
1.29694412465221e-05,3.3,5.0,1.372349803691001,3.299999965240163,0.0001007525400122801,0.0001
1.29794412465221e-05,3.3,5.0,1.3723498031257,3.299999983137967,0.0001007530347875053,0.0001
1.29894412465221e-05,3.3,5.0,1.372349803684741,3.299999965242602,0.0001007525404561384,0.0001
1.299944124652209e-05,3.3,5.0,1.372349803130213,3.299999983133606,0.0001007530343420483,0.0001
1.300944124652209e-05,3.3,5.0,1.372349803680374,3.299999965246616,0.0001007525409016842,0.0001
1.301944124652209e-05,3.3,5.0,1.372349803132378,3.299999983128635,0.0001007530338958097,0.0001
1.302944124652208e-05,3.3,5.0,1.372349803675714,3.299999965249561,0.0001007525413490241,0.0001
1.303944124652208e-05,3.3,5.0,1.372349803134319,3.299999983125511,0.0001007530334474395,0.0001
1.304944124652208e-05,3.3,5.0,1.372349803674286,3.299999965255303,0.0001007525417969503,0.0001
1.305944124652207e-05,3.3,5.0,1.372349803141506,3.29999998312442,0.0001007530329997798,0.0001
1.306944124652207e-05,3.3,5.0,1.372349803672631,3.299999965259673,0.000100752542246866,0.0001
1.307944124652207e-05,3.3,5.0,1.372349803145874,3.299999983122179,0.0001007530325497576,0.0001
1.308944124652206e-05,3.3,5.0,1.372349803668002,3.299999965262716,0.0001007525426971191,0.0001
1.309944124652206e-05,3.3,5.0,1.372349803146049,3.29999998311895,0.0001007530320990248,0.0001
1.310944124652206e-05,3.3,5.0,1.372349803664441,3.299999965263239,0.0001007525431484203,0.0001
1.311944124652205e-05,3.3,5.0,1.372349803153089,3.299999983114256,0.0001007530316479012,0.0001
1.312944124652205e-05,3.3,5.0,1.372349803662889,3.299999965266844,0.0001007525436011604,0.0001
1.313944124652204e-05,3.3,5.0,1.372349803156728,3.29999998311136,0.0001007530311945572,0.0001
1.314944124652204e-05,3.3,5.0,1.372349803658025,3.299999965267712,0.000100752544054238,0.0001
1.315944124652204e-05,3.3,5.0,1.372349803158202,3.2999999831046,0.0001007530307405736,0.0001
1.316944124652203e-05,3.3,5.0,1.372349803652857,3.299999965276169,0.0001007525445079906,0.0001
1.317944124652203e-05,3.3,5.0,1.372349803162002,3.299999983101685,0.0001007530302858263,0.0001
1.318944124652203e-05,3.3,5.0,1.372349803649426,3.29999996527856,0.0001007525449639281,0.0001
1.319944124652202e-05,3.3,5.0,1.372349803162819,3.299999983097727,0.0001007530298294625,0.0001
1.320944124652202e-05,3.3,5.0,1.372349803644941,3.299999965282394,0.000100752545419155,0.0001
1.321944124652202e-05,3.3,5.0,1.372349803169728,3.299999983094521,0.0001007530293733651,0.0001
1.322944124652201e-05,3.3,5.0,1.372349803646121,3.299999965286832,0.0001007525458771887,0.0001
1.323944124652201e-05,3.3,5.0,1.372349803171831,3.299999983090966,0.0001007530289159532,0.0001
1.324944124652201e-05,3.3,5.0,1.372349803638372,3.299999965287905,0.0001007525463340499,0.0001
1.3259441246522e-05,3.3,5.0,1.372349803172284,3.299999983085165,0.0001007530284569248,0.0001
1.3269441246522e-05,3.3,5.0,1.372349803635392,3.299999965295461,0.0001007525467926519,0.0001
1.3279441246522e-05,3.3,5.0,1.372349803179675,3.299999983084513,0.0001007530279989267,0.0001
1.328944124652199e-05,3.3,5.0,1.372349803633185,3.299999965299814,0.0001007525472527816,0.0001
1.329944124652199e-05,3.3,5.0,1.372349803182682,3.299999983080965,0.0001007530275391168,0.0001
1.330944124652199e-05,3.3,5.0,1.372349803630736,3.299999965304921,0.0001007525477126804,0.0001
1.331944124652198e-05,3.3,5.0,1.372349803183969,3.299999983076058,0.0001007530270780456,0.0001
1.332944124652198e-05,3.3,5.0,1.372349803628682,3.29999996531053,0.0001007525481738582,0.0001
1.333944124652198e-05,3.3,5.0,1.372349803188322,3.29999998307353,0.0001007530266169744,0.0001
1.334944124652197e-05,3.3,5.0,1.372349803626362,3.29999996531349,0.0001007525486357465,0.0001
1.335944124652197e-05,3.3,5.0,1.372349803192403,3.299999983066246,0.000100753026155548,0.0001
1.336944124652196e-05,3.3,5.0,1.37234980362047,3.299999965317867,0.0001007525490974749,0.0001
1.337944124652196e-05,3.3,5.0,1.372349803195612,3.299999983064749,0.0001007530256927004,0.0001
1.338944124652196e-05,3.3,5.0,1.372349803617993,3.29999996532006,0.0001007525495605178,0.0001
1.339944124652195e-05,3.3,5.0,1.372349803196991,3.299999983058128,0.0001007530252292489,0.0001
1.340944124652195e-05,3.3,5.0,1.372349803613979,3.299999965325519,0.000100752550024147,0.0001
1.341944124652195e-05,3.3,5.0,1.372349803197654,3.299999983054523,0.0001007530247646606,0.0001
1.342944124652194e-05,3.3,5.0,1.372349803610663,3.299999965331455,0.0001007525504877584,0.0001
1.343944124652194e-05,3.3,5.0,1.372349803203915,3.299999983050911,0.0001007530243008716,0.0001
1.344944124652194e-05,3.3,5.0,1.372349803609592,3.299999965336025,0.0001007525509532882,0.0001
1.345944124652193e-05,3.3,5.0,1.372349803207568,3.299999983047484,0.0001007530238362654,0.0001
1.346944124652193e-05,3.3,5.0,1.372349803605,3.299999965339074,0.000100752551418072,0.0001
1.347944124652193e-05,3.3,5.0,1.37234980320762,3.299999983040821,0.0001007530233698652,0.0001
1.348944124652192e-05,3.3,5.0,1.37234980360188,3.299999965341691,0.0001007525518837617,0.0001
1.349944124652192e-05,3.3,5.0,1.372349803211414,3.299999983038926,0.0001007530229043886,0.0001
1.350944124652192e-05,3.3,5.0,1.372349803598044,3.299999965347889,0.0001007525523501086,0.0001
1.351944124652191e-05,3.3,5.0,1.372349803216304,3.299999983032535,0.0001007530224380772,0.0001
1.352944124652191e-05,3.3,5.0,1.372349803599124,3.299999965350043,0.000100752552817699,0.0001
1.353944124652191e-05,3.3,5.0,1.372349803219313,3.299999983029594,0.0001007530219712328,0.0001
1.35494412465219e-05,3.3,5.0,1.372349803595419,3.299999965355639,0.0001007525532847033,0.0001
1.35594412465219e-05,3.3,5.0,1.372349803220812,3.299999983025735,0.0001007530215033582,0.0001
1.35694412465219e-05,3.3,5.0,1.372349803591637,3.299999965360733,0.0001007525537520983,0.0001
1.357944124652189e-05,3.3,5.0,1.372349803225246,3.299999983019437,0.0001007530210358744,0.0001
1.358944124652189e-05,3.3,5.0,1.372349803591346,3.299999965365907,0.0001007525542207545,0.0001
1.359944124652188e-05,3.3,5.0,1.372349803226613,3.299999983012527,0.0001007530205674491,0.0001
1.360944124652188e-05,3.3,5.0,1.372349803585507,3.29999996537324,0.0001007525546883094,0.0001
1.361944124652188e-05,3.3,5.0,1.372349803228574,3.299999983008001,0.0001007530200981889,0.0001
1.362944124652187e-05,3.3,5.0,1.372349803583558,3.29999996537591,0.0001007525551574275,0.0001
1.363944124652187e-05,3.3,5.0,1.372349803234612,3.2999999830055,0.0001007530196304919,0.0001
1.364944124652187e-05,3.3,5.0,1.372349803581735,3.299999965382757,0.000100752555626812,0.0001
1.365944124652186e-05,3.3,5.0,1.372349803234334,3.299999983001467,0.0001007530191607343,0.0001
1.366944124652186e-05,3.3,5.0,1.372349803574487,3.299999965386492,0.0001007525560950241,0.0001
1.367944124652186e-05,3.3,5.0,1.372349803236949,3.299999982994416,0.0001007530186906926,0.0001
1.368944124652185e-05,3.3,5.0,1.372349803573454,3.299999965391487,0.0001007525565654389,0.0001
1.369944124652185e-05,3.3,5.0,1.372349803240484,3.299999982989842,0.0001007530182212547,0.0001
1.370944124652185e-05,3.3,5.0,1.372349803571152,3.299999965396718,0.000100752557035161,0.0001
1.371944124652184e-05,3.3,5.0,1.372349803240977,3.299999982985284,0.0001007530177504136,0.0001
1.372944124652184e-05,3.3,5.0,1.372349803568438,3.299999965403682,0.0001007525575055936,0.0001
1.373944124652184e-05,3.3,5.0,1.372349803245325,3.299999982980157,0.0001007530172805494,0.0001
1.374944124652183e-05,3.3,5.0,1.372349803565188,3.299999965408738,0.0001007525579757775,0.0001
1.375944124652183e-05,3.3,5.0,1.372349803246954,3.299999982973337,0.0001007530168096017,0.0001
1.376944124652183e-05,3.3,5.0,1.372349803563308,3.299999965415548,0.0001007525584466364,0.0001
1.377944124652182e-05,3.3,5.0,1.372349803251742,3.299999982967992,0.0001007530163390626,0.0001
1.378944124652182e-05,3.3,5.0,1.372349803561864,3.299999965416244,0.0001007525589177084,0.0001
1.379944124652181e-05,3.3,5.0,1.372349803252298,3.299999982964632,0.0001007530158675109,0.0001
1.380944124652181e-05,3.3,5.0,1.372349803559048,3.299999965424644,0.0001007525593889759,0.0001
1.381944124652181e-05,3.3,5.0,1.37234980325852,3.299999982958537,0.0001007530153977,0.0001
1.38294412465218e-05,3.3,5.0,1.372349803558744,3.299999965429083,0.0001007525598605098,0.0001
1.38394412465218e-05,3.3,5.0,1.372349803260112,3.299999982953101,0.0001007530149261483,0.0001
1.38494412465218e-05,3.3,5.0,1.372349803550576,3.299999965434543,0.0001007525603311023,0.0001
1.385944124652179e-05,3.3,5.0,1.372349803261538,3.299999982949073,0.0001007530144539394,0.0001
1.386944124652179e-05,3.3,5.0,1.372349803551887,3.299999965442522,0.0001007525608032935,0.0001
1.387944124652179e-05,3.3,5.0,1.372349803263252,3.29999998294541,0.0001007530139830094,0.0001
1.388944124652178e-05,3.3,5.0,1.372349803549013,3.299999965446041,0.000100752561274703,0.0001
1.389944124652178e-05,3.3,5.0,1.372349803266186,3.299999982936825,0.0001007530135111202,0.0001
1.390944124652178e-05,3.3,5.0,1.372349803542635,3.299999965455289,0.0001007525617456508,0.0001
1.391944124652177e-05,3.3,5.0,1.372349803269357,3.299999982932461,0.0001007530130396041,0.0001
1.392944124652177e-05,3.3,5.0,1.372349803545425,3.299999965458391,0.000100752562218588,0.0001
1.393944124652177e-05,3.3,5.0,1.372349803269835,3.299999982927717,0.0001007530125674484,0.0001
1.394944124652176e-05,3.3,5.0,1.372349803539041,3.299999965462341,0.0001007525626895357,0.0001
1.395944124652176e-05,3.3,5.0,1.372349803272213,3.29999998292444,0.0001007530120953816,0.0001
1.396944124652176e-05,3.3,5.0,1.372349803537369,3.299999965474119,0.0001007525631616381,0.0001
1.397944124652175e-05,3.3,5.0,1.372349803277424,3.299999982916017,0.0001007530116244161,0.0001
1.398944124652175e-05,3.3,5.0,1.372349803534421,3.299999965475687,0.000100752563633545,0.0001
1.399944124652175e-05,3.3,5.0,1.372349803276625,3.299999982908936,0.0001007530111514433,0.0001
1.400944124652174e-05,3.3,5.0,1.372349803532491,3.299999965478059,0.0001007525641051678,0.0001
1.401944124652174e-05,3.3,5.0,1.372349803279548,3.299999982902442,0.0001007530106799094,0.0001
1.402944124652173e-05,3.3,5.0,1.372349803533582,3.299999965487443,0.0001007525645776076,0.0001
1.403944124652173e-05,3.3,5.0,1.372349803283769,3.299999982895942,0.0001007530102085354,0.0001
1.404944124652173e-05,3.3,5.0,1.372349803526599,3.299999965492707,0.000100752565048431,0.0001
1.405944124652172e-05,3.3,5.0,1.37234980328524,3.299999982894076,0.0001007530097363442,0.0001
1.406944124652172e-05,3.3,5.0,1.372349803527332,3.299999965495377,0.0001007525655208176,0.0001
1.407944124652172e-05,3.3,5.0,1.37234980328906,3.299999982885076,0.0001007530092650767,0.0001
1.408944124652171e-05,3.3,5.0,1.372349803526808,3.29999996550588,0.00010075256599292,0.0001
1.409944124652171e-05,3.3,5.0,1.37234980329279,3.299999982879628,0.0001007530087938981,0.0001
1.410944124652171e-05,3.3,5.0,1.372349803520764,3.299999965509308,0.0001007525664634769,0.0001
1.41194412465217e-05,3.3,5.0,1.372349803291021,3.299999982873268,0.0001007530083213339,0.0001
1.41294412465217e-05,3.3,5.0,1.372349803519683,3.299999965515681,0.0001007525669354016,0.0001
1.41394412465217e-05,3.3,5.0,1.372349803295361,3.299999982869424,0.000100753007850173,0.0001
1.414944124652169e-05,3.3,5.0,1.372349803519371,3.299999965524441,0.000100752567407273,0.0001
1.415944124652169e-05,3.3,5.0,1.372349803298621,3.299999982862563,0.000100753007379243,0.0001
1.416944124652169e-05,3.3,5.0,1.372349803515584,3.299999965529552,0.0001007525678785583,0.0001
1.417944124652168e-05,3.3,5.0,1.372349803298327,3.299999982856527,0.0001007530069074249,0.0001
1.418944124652168e-05,3.3,5.0,1.372349803510373,3.299999965534386,0.0001007525683490797,0.0001
1.419944124652168e-05,3.3,5.0,1.372349803298961,3.299999982850601,0.0001007530064358199,0.0001
1.420944124652167e-05,3.3,5.0,1.372349803512297,3.299999965541766,0.0001007525688206136,0.0001
1.421944124652167e-05,3.3,5.0,1.372349803304515,3.299999982845431,0.0001007530059657959,0.0001
1.422944124652167e-05,3.3,5.0,1.372349803509393,3.29999996554707,0.0001007525692914547,0.0001
1.423944124652166e-05,3.3,5.0,1.372349803305537,3.29999998283903,0.0001007530054946705,0.0001
1.424944124652166e-05,3.3,5.0,1.37234980350496,3.299999965553084,0.0001007525697615853,0.0001
1.425944124652165e-05,3.3,5.0,1.372349803305137,3.299999982833556,0.0001007530050233675,0.0001
1.426944124652165e-05,3.3,5.0,1.372349803504603,3.299999965561647,0.0001007525702322133,0.0001
1.427944124652165e-05,3.3,5.0,1.37234980331028,3.299999982827726,0.0001007530045538231,0.0001
1.428944124652164e-05,3.3,5.0,1.372349803504699,3.299999965570052,0.0001007525707034808,0.0001
1.429944124652164e-05,3.3,5.0,1.372349803311935,3.299999982818606,0.0001007530040834971,0.0001
1.430944124652164e-05,3.3,5.0,1.372349803498977,3.299999965572912,0.0001007525711728476,0.0001
1.431944124652163e-05,3.3,5.0,1.372349803314231,3.299999982816638,0.0001007530036134376,0.0001
1.432944124652163e-05,3.3,5.0,1.372349803500983,3.299999965580321,0.0001007525716429782,0.0001
1.433944124652163e-05,3.3,5.0,1.372349803318317,3.299999982806448,0.0001007530031442662,0.0001
1.434944124652162e-05,3.3,5.0,1.372349803498937,3.299999965585238,0.0001007525721128245,0.0001
1.435944124652162e-05,3.3,5.0,1.372349803318429,3.299999982803209,0.0001007530026747396,0.0001
1.436944124652162e-05,3.3,5.0,1.372349803494549,3.299999965592621,0.000100752572581836,0.0001
1.437944124652161e-05,3.3,5.0,1.372349803320373,3.299999982794437,0.0001007530022052307,0.0001
1.438944124652161e-05,3.3,5.0,1.372349803492606,3.29999996559964,0.0001007525730507409,0.0001
1.439944124652161e-05,3.3,5.0,1.372349803323298,3.299999982791367,0.0001007530017368231,0.0001
1.44094412465216e-05,3.3,5.0,1.372349803492438,3.299999965605098,0.0001007525735199301,0.0001
1.44194412465216e-05,3.3,5.0,1.372349803325176,3.299999982783554,0.0001007530012680248,0.0001
1.44294412465216e-05,3.3,5.0,1.372349803489122,3.299999965612694,0.0001007525739882843,0.0001
1.443944124652159e-05,3.3,5.0,1.372349803327102,3.299999982776427,0.0001007530007996528,0.0001
1.444944124652159e-05,3.3,5.0,1.372349803487144,3.299999965617061,0.0001007525744565142,0.0001
1.445944124652159e-05,3.3,5.0,1.37234980332758,3.29999998277127,0.000100753000331263,0.0001
1.446944124652158e-05,3.3,5.0,1.372349803483354,3.299999965628025,0.0001007525749237849,0.0001
1.447944124652158e-05,3.3,5.0,1.372349803326517,3.299999982762384,0.0001007529998628733,0.0001
1.448944124652157e-05,3.3,5.0,1.372349803483531,3.299999965632789,0.0001007525753918016,0.0001
1.449944124652157e-05,3.3,5.0,1.372349803332912,3.299999982753322,0.0001007529993961888,0.0001
1.450944124652157e-05,3.3,5.0,1.372349803482434,3.299999965637184,0.0001007525758596052,0.0001
1.451944124652156e-05,3.3,5.0,1.372349803334411,3.299999982751519,0.0001007529989293622,0.0001
1.452944124652156e-05,3.3,5.0,1.372349803479281,3.299999965643069,0.0001007525763262364,0.0001
1.453944124652156e-05,3.3,5.0,1.372349803334081,3.299999982741103,0.000100752998461754,0.0001
1.454944124652155e-05,3.3,5.0,1.372349803476887,3.299999965651832,0.0001007525767922814,0.0001
1.455944124652155e-05,3.3,5.0,1.372349803336143,3.299999982738341,0.0001007529979955314,0.0001
1.456944124652155e-05,3.3,5.0,1.372349803477347,3.299999965657578,0.0001007525772591968,0.0001
1.457944124652154e-05,3.3,5.0,1.372349803339282,3.299999982730835,0.0001007529975299838,0.0001
1.458944124652154e-05,3.3,5.0,1.372349803474095,3.29999996566458,0.0001007525777246378,0.0001
1.459944124652154e-05,3.3,5.0,1.372349803338577,3.299999982725169,0.0001007529970636369,0.0001
1.460944124652153e-05,3.3,5.0,1.372349803469151,3.299999965673474,0.0001007525781891373,0.0001
1.461944124652153e-05,3.3,5.0,1.372349803339222,3.299999982717075,0.0001007529965981248,0.0001
1.462944124652153e-05,3.3,5.0,1.372349803470254,3.299999965678735,0.0001007525786551468,0.0001
1.463944124652152e-05,3.3,5.0,1.372349803345454,3.299999982711145,0.0001007529961343535,0.0001
1.464944124652152e-05,3.3,5.0,1.372349803469294,3.299999965687848,0.0001007525791202325,0.0001
1.465944124652152e-05,3.3,5.0,1.372349803349404,3.299999982703405,0.0001007529956704757,0.0001
1.466944124652151e-05,3.3,5.0,1.372349803468319,3.299999965693056,0.0001007525795845189,0.0001
1.467944124652151e-05,3.3,5.0,1.372349803347473,3.299999982696886,0.0001007529952057097,0.0001
1.46894412465215e-05,3.3,5.0,1.372349803466473,3.299999965701822,0.0001007525800481836,0.0001
1.46994412465215e-05,3.3,5.0,1.372349803344711,3.299999982695137,0.0001007529947392029,0.0001
1.47094412465215e-05,3.3,5.0,1.372349803460355,3.299999965712111,0.0001007525805094502,0.0001
1.471944124652149e-05,3.3,5.0,1.372349803344379,3.299999982688295,0.0001007529942758402,0.0001
1.472944124652149e-05,3.3,5.0,1.372349803457793,3.299999965716845,0.0001007525809719957,0.0001
1.473944124652149e-05,3.3,5.0,1.372349803349279,3.299999982684459,0.0001007529938139519,0.0001
1.474944124652148e-05,3.3,5.0,1.372349803453535,3.299999965727093,0.0001007525814339728,0.0001
1.475944124652148e-05,3.3,5.0,1.372349803348152,3.299999982676512,0.0001007529933509267,0.0001
1.476944124652148e-05,3.3,5.0,1.372349803453827,3.29999996573132,0.0001007525818961809,0.0001
1.477944124652147e-05,3.3,5.0,1.372349803351682,3.299999982668226,0.0001007529928893049,0.0001
1.478944124652147e-05,3.3,5.0,1.372349803452251,3.299999965738394,0.000100752582357483,0.0001
1.479944124652147e-05,3.3,5.0,1.37234980335436,3.299999982661457,0.0001007529924285179,0.0001
1.480944124652146e-05,3.3,5.0,1.372349803452553,3.299999965748121,0.0001007525828195134,0.0001
1.481944124652146e-05,3.3,5.0,1.372349803352525,3.299999982652772,0.0001007529919667895,0.0001
1.482944124652146e-05,3.3,5.0,1.372349803446187,3.299999965753351,0.0001007525832789148,0.0001
1.483944124652145e-05,3.3,5.0,1.372349803353422,3.299999982645303,0.000100752991506269,0.0001
1.484944124652145e-05,3.3,5.0,1.372349803445111,3.299999965759707,0.0001007525837391511,0.0001
1.485944124652145e-05,3.3,5.0,1.372349803359328,3.299999982636926,0.000100752991047436,0.0001
1.486944124652144e-05,3.3,5.0,1.37234980344744,3.299999965768869,0.000100752584199867,0.0001
1.487944124652144e-05,3.3,5.0,1.37234980335872,3.299999982634074,0.0001007529905881234,0.0001
1.488944124652144e-05,3.3,5.0,1.372349803442744,3.299999965775729,0.0001007525846578829,0.0001
1.489944124652143e-05,3.3,5.0,1.372349803358239,3.299999982625586,0.0001007529901282779,0.0001
1.490944124652143e-05,3.3,5.0,1.372349803440394,3.299999965785502,0.0001007525851163961,0.0001
1.491944124652142e-05,3.3,5.0,1.372349803360284,3.29999998261867,0.0001007529896699068,0.0001
1.492944124652142e-05,3.3,5.0,1.372349803442558,3.299999965792123,0.0001007525855751225,0.0001
1.493944124652142e-05,3.3,5.0,1.372349803364735,3.299999982610712,0.000100752989212939,0.0001
1.494944124652141e-05,3.3,5.0,1.372349803439189,3.299999965797035,0.0001007525860328364,0.0001
1.495944124652141e-05,3.3,5.0,1.372349803364737,3.299999982600882,0.0001007529887550297,0.0001
1.496944124652141e-05,3.3,5.0,1.372349803438619,3.299999965804467,0.0001007525864897509,0.0001
1.49794412465214e-05,3.3,5.0,1.372349803366026,3.299999982597198,0.0001007529882986481,0.0001
1.49894412465214e-05,3.3,5.0,1.372349803435665,3.299999965812343,0.0001007525869458838,0.0001
1.49994412465214e-05,3.3,5.0,1.37234980336845,3.299999982589726,0.0001007529878426573,0.0001
1.500944124652139e-05,3.3,5.0,1.372349803436751,3.299999965816812,0.0001007525874023542,0.0001
1.501944124652139e-05,3.3,5.0,1.372349803371575,3.299999982580334,0.0001007529873874481,0.0001
1.502944124652139e-05,3.3,5.0,1.372349803432102,3.299999965824626,0.000100752587856764,0.0001
1.503944124652138e-05,3.3,5.0,1.372349803369662,3.299999982573127,0.000100752986931635,0.0001
1.504944124652138e-05,3.3,5.0,1.372349803434256,3.299999965833397,0.0001007525883121331,0.0001
1.505944124652138e-05,3.3,5.0,1.372349803373264,3.299999982563382,0.000100752986477758,0.0001
1.506944124652137e-05,3.3,5.0,1.372349803432627,3.299999965843772,0.0001007525887662765,0.0001
1.507944124652137e-05,3.3,5.0,1.372349803375549,3.299999982559952,0.0001007529860240765,0.0001
1.508944124652137e-05,3.3,5.0,1.372349803429742,3.29999996585088,0.0001007525892201357,0.0001
1.509944124652136e-05,3.3,5.0,1.372349803376492,3.299999982550182,0.0001007529855703417,0.0001
1.510944124652136e-05,3.3,5.0,1.372349803429243,3.299999965857411,0.00010075258967316,0.0001
1.511944124652136e-05,3.3,5.0,1.372349803377552,3.299999982544021,0.0001007529851178148,0.0001
1.512944124652135e-05,3.3,5.0,1.372349803426917,3.299999965864835,0.0001007525901255625,0.0001
1.513944124652135e-05,3.3,5.0,1.372349803376357,3.299999982539701,0.0001007529846650569,0.0001
1.514944124652134e-05,3.3,5.0,1.372349803425561,3.299999965874137,0.000100752590576917,0.0001
1.515944124652134e-05,3.3,5.0,1.372349803376791,3.29999998252981,0.0001007529842133471,0.0001
1.516944124652134e-05,3.3,5.0,1.37234980342379,3.299999965878625,0.0001007525910281472,0.0001
1.517944124652133e-05,3.3,5.0,1.372349803379692,3.299999982521185,0.000100752983762792,0.0001
1.518944124652133e-05,3.3,5.0,1.372349803424314,3.299999965888508,0.0001007525914791109,0.0001
1.519944124652133e-05,3.3,5.0,1.372349803382127,3.299999982512006,0.0001007529833128408,0.0001
1.520944124652132e-05,3.3,5.0,1.372349803420122,3.299999965894907,0.0001007525919284581,0.0001
1.521944124652132e-05,3.3,5.0,1.372349803380694,3.299999982507736,0.0001007529828624278,0.0001
1.522944124652132e-05,3.3,5.0,1.372349803421652,3.29999996590545,0.0001007525923783738,0.0001
1.523944124652131e-05,3.3,5.0,1.372349803382661,3.299999982499567,0.0001007529824135424,0.0001
1.524944124652131e-05,3.3,5.0,1.372349803420261,3.299999965912862,0.0001007525928272414,0.0001
1.525944124652131e-05,3.3,5.0,1.372349803385478,3.299999982492451,0.0001007529819654564,0.0001
1.526944124652131e-05,3.3,5.0,1.372349803419658,3.299999965917595,0.0001007525932756471,0.0001
1.527944124652132e-05,3.3,5.0,1.372349803385444,3.299999982483131,0.0001007529815173171,0.0001
1.528944124652132e-05,3.3,5.0,1.372349803417556,3.299999965925692,0.0001007525937227562,0.0001
1.529944124652133e-05,3.3,5.0,1.372349803390096,3.299999982476502,0.0001007529810714337,0.0001
1.530944124652133e-05,3.3,5.0,1.372349803418341,3.299999965934531,0.0001007525941699007,0.0001
1.531944124652134e-05,3.3,5.0,1.37234980339066,3.299999982466561,0.0001007529806245379,0.0001
1.532944124652134e-05,3.3,5.0,1.372349803414889,3.299999965940887,0.0001007525946156242,0.0001
1.533944124652135e-05,3.3,5.0,1.372349803389452,3.299999982460677,0.0001007529801781749,0.0001
1.534944124652135e-05,3.3,5.0,1.372349803410357,3.299999965952361,0.0001007525950607792,0.0001
1.535944124652136e-05,3.3,5.0,1.372349803391496,3.299999982453201,0.0001007529797329489,0.0001
1.536944124652136e-05,3.3,5.0,1.372349803413552,3.299999965957549,0.0001007525955065382,0.0001
1.537944124652137e-05,3.3,5.0,1.372349803396024,3.299999982445547,0.0001007529792895702,0.0001
1.538944124652137e-05,3.3,5.0,1.372349803414348,3.299999965966319,0.0001007525959512491,0.0001
1.539944124652138e-05,3.3,5.0,1.372349803393576,3.299999982435582,0.0001007529788451612,0.0001
1.540944124652138e-05,3.3,5.0,1.372349803410042,3.299999965973712,0.0001007525963939883,0.0001
1.541944124652139e-05,3.3,5.0,1.372349803394653,3.299999982428495,0.0001007529784014628,0.0001
1.542944124652139e-05,3.3,5.0,1.372349803407179,3.299999965981974,0.0001007525968361768,0.0001
1.54394412465214e-05,3.3,5.0,1.37234980339627,3.299999982420484,0.0001007529779589368,0.0001
1.54494412465214e-05,3.3,5.0,1.372349803409179,3.299999965987773,0.000100752597279289,0.0001
1.545944124652141e-05,3.3,5.0,1.372349803399288,3.299999982417058,0.0001007529775174766,0.0001
1.546944124652141e-05,3.3,5.0,1.372349803405359,3.299999966000029,0.0001007525977201453,0.0001
1.547944124652142e-05,3.3,5.0,1.372349803396488,3.299999982407899,0.000100752977075519,0.0001
1.548944124652142e-05,3.3,5.0,1.372349803403098,3.299999966004676,0.0001007525981606285,0.0001
1.549944124652143e-05,3.3,5.0,1.372349803395989,3.299999982397269,0.0001007529766345917,0.0001
1.550944124652143e-05,3.3,5.0,1.372349803400459,3.299999966013202,0.0001007525986003656,0.0001
1.551944124652144e-05,3.3,5.0,1.372349803400203,3.299999982386526,0.000100752976195423,0.0001
1.552944124652144e-05,3.3,5.0,1.372349803403595,3.299999966021009,0.0001007525990408843,0.0001
1.553944124652145e-05,3.3,5.0,1.372349803403021,3.299999982382826,0.0001007529757570004,0.0001
1.554944124652145e-05,3.3,5.0,1.372349803403343,3.299999966028592,0.0001007525994795912,0.0001
1.555944124652146e-05,3.3,5.0,1.372349803401328,3.299999982374663,0.0001007529753177429,0.0001
1.556944124652146e-05,3.3,5.0,1.372349803400006,3.299999966035491,0.0001007525999172855,0.0001
1.557944124652147e-05,3.3,5.0,1.372349803401953,3.299999982364836,0.00010075297487964,0.0001
1.558944124652147e-05,3.3,5.0,1.372349803398109,3.299999966045107,0.0001007526003546601,0.0001
1.559944124652148e-05,3.3,5.0,1.372349803404761,3.299999982355856,0.0001007529744431003,0.0001
1.560944124652148e-05,3.3,5.0,1.372349803399117,3.299999966051253,0.0001007526007918037,0.0001
1.561944124652149e-05,3.3,5.0,1.372349803406132,3.299999982347909,0.0001007529740065784,0.0001
1.562944124652149e-05,3.3,5.0,1.372349803398352,3.299999966058464,0.000100752601227846,0.0001
1.56394412465215e-05,3.3,5.0,1.372349803408027,3.299999982340599,0.0001007529735717617,0.0001
1.56494412465215e-05,3.3,5.0,1.372349803397264,3.299999966068471,0.0001007526016630357,0.0001
1.565944124652151e-05,3.3,5.0,1.372349803409123,3.299999982332175,0.0001007529731368208,0.0001
1.566944124652151e-05,3.3,5.0,1.372349803396731,3.299999966078344,0.0001007526020976036,0.0001
1.567944124652152e-05,3.3,5.0,1.372349803408969,3.299999982327454,0.000100752972702466,0.0001
1.568944124652152e-05,3.3,5.0,1.372349803393334,3.29999996608236,0.0001007526025308216,0.0001
1.569944124652153e-05,3.3,5.0,1.372349803408034,3.299999982317121,0.0001007529722686441,0.0001
1.570944124652153e-05,3.3,5.0,1.37234980339204,3.299999966092127,0.0001007526029638618,0.0001
1.571944124652154e-05,3.3,5.0,1.372349803413312,3.299999982310971,0.000100752971836421,0.0001
1.572944124652154e-05,3.3,5.0,1.372349803395147,3.299999966101624,0.0001007526033971508,0.0001
1.573944124652155e-05,3.3,5.0,1.372349803412871,3.299999982304177,0.0001007529714045886,0.0001
1.574944124652155e-05,3.3,5.0,1.372349803394186,3.299999966109046,0.000100752603828841,0.0001
1.575944124652156e-05,3.3,5.0,1.372349803412309,3.299999982294135,0.0001007529709728984,0.0001
1.576944124652156e-05,3.3,5.0,1.372349803392869,3.299999966118397,0.0001007526042597319,0.0001
1.577944124652157e-05,3.3,5.0,1.372349803412699,3.299999982286456,0.0001007529705420253,0.0001
1.578944124652157e-05,3.3,5.0,1.372349803388452,3.299999966125449,0.0001007526046891484,0.0001
1.579944124652158e-05,3.3,5.0,1.372349803415441,3.299999982278315,0.000100752970112591,0.0001
1.580944124652158e-05,3.3,5.0,1.372349803390633,3.299999966133395,0.0001007526051191866,0.0001
1.581944124652159e-05,3.3,5.0,1.372349803415223,3.299999982269739,0.0001007529696833699,0.0001
1.582944124652159e-05,3.3,5.0,1.372349803388192,3.299999966143087,0.0001007526055475551,0.0001
1.58394412465216e-05,3.3,5.0,1.372349803416141,3.299999982263641,0.0001007529692548416,0.0001
1.58494412465216e-05,3.3,5.0,1.372349803387673,3.29999996615038,0.0001007526059755683,0.0001
1.585944124652161e-05,3.3,5.0,1.372349803417843,3.299999982254714,0.0001007529688275034,0.0001
1.586944124652161e-05,3.3,5.0,1.372349803385077,3.299999966157844,0.00010075260640264,0.0001
1.587944124652162e-05,3.3,5.0,1.372349803420041,3.29999998224456,0.0001007529684009469,0.0001
1.588944124652162e-05,3.3,5.0,1.372349803386474,3.299999966168256,0.0001007526068295341,0.0001
1.589944124652163e-05,3.3,5.0,1.372349803418311,3.299999982239888,0.0001007529679745146,0.0001
1.590944124652163e-05,3.3,5.0,1.372349803381801,3.299999966175541,0.0001007526072545452,0.0001
1.591944124652164e-05,3.3,5.0,1.372349803418687,3.29999998223107,0.000100752967548864,0.0001
1.592944124652164e-05,3.3,5.0,1.372349803382693,3.299999966184943,0.000100752607679432,0.0001
1.593944124652165e-05,3.3,5.0,1.372349803418548,3.299999982223837,0.0001007529671239239,0.0001
1.594944124652165e-05,3.3,5.0,1.372349803381963,3.29999996619058,0.0001007526081036438,0.0001
1.595944124652166e-05,3.3,5.0,1.372349803421986,3.299999982212242,0.0001007529667008668,0.0001
1.596944124652166e-05,3.3,5.0,1.372349803383424,3.299999966198514,0.0001007526085281042,0.0001
1.597944124652167e-05,3.3,5.0,1.372349803422772,3.29999998220476,0.000100752966277934,0.0001
1.598944124652167e-05,3.3,5.0,1.372349803380563,3.299999966206306,0.00010075260895006,0.0001
1.599944124652168e-05,3.3,5.0,1.372349803421371,3.299999982197047,0.0001007529658548591,0.0001
1.600944124652168e-05,3.3,5.0,1.372349803378767,3.299999966215082,0.0001007526093717139,0.0001
1.601944124652169e-05,3.3,5.0,1.372349803422538,3.299999982186489,0.0001007529654332408,0.0001
1.602944124652169e-05,3.3,5.0,1.372349803379313,3.299999966224419,0.0001007526097931367,0.0001
1.60394412465217e-05,3.3,5.0,1.372349803422839,3.299999982178817,0.0001007529650123686,0.0001
1.60494412465217e-05,3.3,5.0,1.372349803379094,3.299999966231281,0.0001007526102139202,0.0001
1.605944124652171e-05,3.3,5.0,1.372349803426314,3.2999999821719,0.0001007529645932549,0.0001
1.606944124652171e-05,3.3,5.0,1.372349803380003,3.299999966239451,0.000100752610633922,0.0001
1.607944124652172e-05,3.3,5.0,1.372349803425091,3.299999982162626,0.0001007529641736794,0.0001
1.608944124652172e-05,3.3,5.0,1.372349803375098,3.299999966247083,0.0001007526110517921,0.0001
1.609944124652173e-05,3.3,5.0,1.372349803428081,3.299999982155319,0.000100752963755454,0.0001
1.610944124652173e-05,3.3,5.0,1.372349803376527,3.299999966253246,0.0001007526114704972,0.0001
1.611944124652174e-05,3.3,5.0,1.372349803429693,3.299999982146602,0.0001007529633377259,0.0001
1.612944124652174e-05,3.3,5.0,1.372349803375999,3.299999966264489,0.0001007526118878878,0.0001
1.613944124652175e-05,3.3,5.0,1.372349803429737,3.29999998213871,0.0001007529629209571,0.0001
1.614944124652175e-05,3.3,5.0,1.372349803376443,3.299999966274417,0.000100752612304781,0.0001
1.615944124652176e-05,3.3,5.0,1.372349803429748,3.29999998213273,0.0001007529625044902,0.0001
1.616944124652176e-05,3.3,5.0,1.372349803376428,3.299999966281322,0.0001007526127205728,0.0001
1.617944124652177e-05,3.3,5.0,1.372349803427218,3.299999982123647,0.0001007529620882365,0.0001
1.618944124652177e-05,3.3,5.0,1.372349803372576,3.299999966287461,0.0001007526131349436,0.0001
1.619944124652178e-05,3.3,5.0,1.3723498034303,3.299999982115696,0.0001007529616740967,0.0001
1.620944124652178e-05,3.3,5.0,1.372349803372855,3.299999966298196,0.0001007526135491367,0.0001
1.621944124652178e-05,3.3,5.0,1.372349803430728,3.29999998210668,0.0001007529612599924,0.0001
1.622944124652179e-05,3.3,5.0,1.372349803372303,3.299999966306924,0.0001007526139624772,0.0001
1.623944124652179e-05,3.3,5.0,1.372349803432387,3.299999982096569,0.0001007529608474513,0.0001
1.62494412465218e-05,3.3,5.0,1.37234980337291,3.299999966314903,0.0001007526143755512,0.0001
1.62594412465218e-05,3.3,5.0,1.37234980343331,3.299999982089407,0.0001007529604350878,0.0001
1.626944124652181e-05,3.3,5.0,1.372349803368458,3.29999996632405,0.0001007526147864581,0.0001
1.627944124652181e-05,3.3,5.0,1.372349803434645,3.2999999820832,0.0001007529600235237,0.0001
1.628944124652182e-05,3.3,5.0,1.372349803368273,3.299999966331245,0.0001007526151976314,0.0001
1.629944124652182e-05,3.3,5.0,1.372349803432443,3.299999982074882,0.0001007529596124392,0.0001
1.630944124652183e-05,3.3,5.0,1.372349803368289,3.299999966343075,0.0001007526156085205,0.0001
1.631944124652183e-05,3.3,5.0,1.372349803432421,3.299999982068872,0.0001007529592023849,0.0001
1.632944124652184e-05,3.3,5.0,1.372349803368608,3.299999966350099,0.0001007526160177931,0.0001
1.633944124652184e-05,3.3,5.0,1.372349803434596,3.299999982058711,0.0001007529587936097,0.0001
1.634944124652185e-05,3.3,5.0,1.372349803367596,3.299999966360311,0.0001007526164267993,0.0001
1.635944124652185e-05,3.3,5.0,1.372349803435267,3.299999982046884,0.0001007529583854917,0.0001
1.636944124652186e-05,3.3,5.0,1.372349803365474,3.299999966366524,0.0001007526168341712,0.0001
1.637944124652186e-05,3.3,5.0,1.372349803437245,3.299999982038636,0.0001007529579782619,0.0001
1.638944124652187e-05,3.3,5.0,1.372349803367068,3.299999966374893,0.0001007526172419339,0.0001
1.639944124652187e-05,3.3,5.0,1.372349803437318,3.299999982032177,0.0001007529575712453,0.0001
1.640944124652188e-05,3.3,5.0,1.372349803363649,3.299999966383409,0.0001007526176478492,0.0001
1.641944124652188e-05,3.3,5.0,1.372349803435893,3.299999982023882,0.0001007529571647083,0.0001
1.642944124652189e-05,3.3,5.0,1.372349803365043,3.299999966392829,0.0001007526180535513,0.0001
1.643944124652189e-05,3.3,5.0,1.372349803438858,3.299999982018007,0.0001007529567601252,0.0001
1.64494412465219e-05,3.3,5.0,1.372349803364672,3.299999966400111,0.0001007526184584008,0.0001
1.64594412465219e-05,3.3,5.0,1.372349803438524,3.299999982009993,0.0001007529563556843,0.0001
1.646944124652191e-05,3.3,5.0,1.372349803364163,3.299999966406739,0.0001007526188623444,0.0001
1.647944124652191e-05,3.3,5.0,1.372349803439804,3.299999981997061,0.0001007529559522914,0.0001
1.648944124652192e-05,3.3,5.0,1.37234980336411,3.299999966414966,0.0001007526192655063,0.0001
1.649944124652192e-05,3.3,5.0,1.372349803440079,3.299999981989646,0.0001007529555493959,0.0001
1.650944124652193e-05,3.3,5.0,1.372349803359778,3.299999966424802,0.0001007526196673005,0.0001
1.651944124652193e-05,3.3,5.0,1.372349803441368,3.299999981982012,0.0001007529551473886,0.0001
1.652944124652194e-05,3.3,5.0,1.372349803364011,3.299999966430207,0.0001007526200697163,0.0001
1.653944124652194e-05,3.3,5.0,1.37234980344179,3.29999998197276,0.0001007529547465359,0.0001
1.654944124652195e-05,3.3,5.0,1.372349803363111,3.299999966441747,0.0001007526204706934,0.0001
1.655944124652195e-05,3.3,5.0,1.372349803442664,3.299999981967446,0.0001007529543463938,0.0001
1.656944124652196e-05,3.3,5.0,1.372349803361102,3.299999966450452,0.000100752620870125,0.0001
1.657944124652196e-05,3.3,5.0,1.372349803441732,3.299999981955305,0.0001007529539462161,0.0001
1.658944124652197e-05,3.3,5.0,1.372349803360495,3.299999966458075,0.0001007526212694322,0.0001
1.659944124652197e-05,3.3,5.0,1.372349803442676,3.299999981945669,0.000100752953547726,0.0001
1.660944124652198e-05,3.3,5.0,1.372349803358293,3.299999966464382,0.0001007526216672829,0.0001
1.661944124652198e-05,3.3,5.0,1.372349803443741,3.299999981940733,0.0001007529531497865,0.0001
1.662944124652199e-05,3.3,5.0,1.37234980336147,3.299999966474363,0.0001007526220656131,0.0001
1.663944124652199e-05,3.3,5.0,1.372349803444938,3.299999981934039,0.0001007529527529662,0.0001
1.6649441246522e-05,3.3,5.0,1.372349803359903,3.299999966485351,0.0001007526224625578,0.0001
1.6659441246522e-05,3.3,5.0,1.372349803446049,3.299999981922194,0.0001007529523568564,0.0001
1.666944124652201e-05,3.3,5.0,1.372349803359997,3.299999966490983,0.0001007526228585255,0.0001
1.667944124652201e-05,3.3,5.0,1.372349803446397,3.299999981912578,0.0001007529519611373,0.0001
1.668944124652202e-05,3.3,5.0,1.372349803359632,3.299999966502271,0.0001007526232536761,0.0001
1.669944124652202e-05,3.3,5.0,1.372349803446144,3.299999981906448,0.0001007529515661999,0.0001
1.670944124652203e-05,3.3,5.0,1.372349803356747,3.299999966511239,0.0001007526236474411,0.0001
1.671944124652203e-05,3.3,5.0,1.372349803447865,3.29999998189938,0.0001007529511720796,0.0001
1.672944124652204e-05,3.3,5.0,1.372349803358409,3.299999966516855,0.0001007526240414193,0.0001
1.673944124652204e-05,3.3,5.0,1.372349803446882,3.299999981885518,0.0001007529507789719,0.0001
1.674944124652205e-05,3.3,5.0,1.372349803357068,3.299999966524227,0.0001007526244338521,0.0001
1.675944124652205e-05,3.3,5.0,1.372349803445304,3.299999981878939,0.0001007529503861483,0.0001
1.676944124652206e-05,3.3,5.0,1.372349803353739,3.299999966529789,0.0001007526248251835,0.0001
1.677944124652206e-05,3.3,5.0,1.372349803445263,3.299999981871463,0.0001007529499944439,0.0001
1.678944124652207e-05,3.3,5.0,1.372349803354127,3.299999966545241,0.0001007526252165149,0.0001
1.679944124652207e-05,3.3,5.0,1.372349803446699,3.299999981863316,0.0001007529496040717,0.0001
1.680944124652208e-05,3.3,5.0,1.372349803354404,3.299999966550904,0.0001007526256066739,0.0001
1.681944124652208e-05,3.3,5.0,1.37234980344747,3.299999981853432,0.0001007529492143212,0.0001
1.682944124652209e-05,3.3,5.0,1.372349803355778,3.299999966559863,0.0001007526259969217,0.0001
1.683944124652209e-05,3.3,5.0,1.372349803449477,3.299999981844798,0.0001007529488256721,0.0001
1.68494412465221e-05,3.3,5.0,1.372349803356741,3.299999966565447,0.0001007526263859794,0.0001
1.68594412465221e-05,3.3,5.0,1.372349803449432,3.299999981839129,0.0001007529484371118,0.0001
1.686944124652211e-05,3.3,5.0,1.372349803352334,3.29999996657722,0.0001007526267727811,0.0001
1.687944124652211e-05,3.3,5.0,1.372349803447056,3.299999981831117,0.0001007529480491733,0.0001
1.688944124652212e-05,3.3,5.0,1.372349803351485,3.299999966586805,0.0001007526271596361,0.0001
1.689944124652212e-05,3.3,5.0,1.372349803447527,3.299999981819751,0.0001007529476621584,0.0001
1.690944124652213e-05,3.3,5.0,1.37234980335215,3.299999966596109,0.0001007526275462069,0.0001
1.691944124652213e-05,3.3,5.0,1.372349803449555,3.299999981814651,0.0001007529472766712,0.0001
1.692944124652214e-05,3.3,5.0,1.372349803351911,3.299999966601865,0.0001007526279319072,0.0001
1.693944124652214e-05,3.3,5.0,1.37234980345177,3.299999981804464,0.0001007529468923031,0.0001
1.694944124652215e-05,3.3,5.0,1.372349803353602,3.29999996661046,0.0001007526283170569,0.0001
1.695944124652215e-05,3.3,5.0,1.372349803452698,3.299999981796542,0.0001007529465080771,0.0001
1.696944124652216e-05,3.3,5.0,1.372349803351776,3.299999966618715,0.0001007526287006789,0.0001
1.697944124652216e-05,3.3,5.0,1.372349803451833,3.299999981789024,0.0001007529461242775,0.0001
1.698944124652217e-05,3.3,5.0,1.372349803352176,3.299999966630865,0.0001007526290835904,0.0001
1.699944124652217e-05,3.3,5.0,1.372349803450991,3.299999981779617,0.0001007529457415969,0.0001
1.700944124652218e-05,3.3,5.0,1.372349803349854,3.299999966638355,0.0001007526294653828,0.0001
1.701944124652218e-05,3.3,5.0,1.372349803451347,3.299999981770064,0.0001007529453595203,0.0001
1.702944124652219e-05,3.3,5.0,1.372349803349661,3.299999966647424,0.0001007526298468732,0.0001
1.703944124652219e-05,3.3,5.0,1.372349803452643,3.299999981764326,0.0001007529449787582,0.0001
1.70494412465222e-05,3.3,5.0,1.372349803351258,3.299999966656006,0.0001007526302278662,0.0001
1.70594412465222e-05,3.3,5.0,1.372349803453894,3.299999981754767,0.0001007529445989376,0.0001
1.706944124652221e-05,3.3,5.0,1.372349803351673,3.299999966665357,0.0001007526306078822,0.0001
1.707944124652221e-05,3.3,5.0,1.372349803456023,3.299999981746065,0.0001007529442200585,0.0001
1.708944124652222e-05,3.3,5.0,1.372349803350085,3.299999966672413,0.0001007526309867969,0.0001
1.709944124652222e-05,3.3,5.0,1.372349803456377,3.299999981737905,0.0001007529438414102,0.0001
1.710944124652223e-05,3.3,5.0,1.372349803348859,3.299999966680313,0.0001007526313650366,0.0001
1.711944124652223e-05,3.3,5.0,1.372349803453685,3.299999981729167,0.0001007529434629752,0.0001
1.712944124652224e-05,3.3,5.0,1.37234980334826,3.299999966688684,0.0001007526317420328,0.0001
1.713944124652224e-05,3.3,5.0,1.372349803453915,3.29999998171946,0.0001007529430858901,0.0001
1.714944124652225e-05,3.3,5.0,1.372349803349047,3.299999966698495,0.0001007526321186204,0.0001
1.715944124652225e-05,3.3,5.0,1.372349803455722,3.299999981712598,0.0001007529427100308,0.0001
1.716944124652226e-05,3.3,5.0,1.372349803348873,3.299999966707307,0.0001007526324944798,0.0001
1.717944124652226e-05,3.3,5.0,1.372349803455219,3.299999981702749,0.0001007529423342958,0.0001
1.718944124652227e-05,3.3,5.0,1.372349803350508,3.299999966714988,0.0001007526328699483,0.0001
1.719944124652227e-05,3.3,5.0,1.372349803456007,3.299999981695431,0.0001007529419599641,0.0001
1.720944124652228e-05,3.3,5.0,1.372349803347766,3.29999996672427,0.0001007526332435162,0.0001
1.721944124652228e-05,3.3,5.0,1.372349803456479,3.299999981687156,0.0001007529415864851,0.0001
1.722944124652229e-05,3.3,5.0,1.372349803348506,3.299999966731679,0.0001007526336168708,0.0001
1.723944124652229e-05,3.3,5.0,1.372349803456594,3.299999981677265,0.0001007529412133969,0.0001
1.72494412465223e-05,3.3,5.0,1.372349803346526,3.299999966741579,0.0001007526339890354,0.0001
1.72594412465223e-05,3.3,5.0,1.372349803454875,3.299999981668841,0.0001007529408406639,0.0001
1.726944124652231e-05,3.3,5.0,1.372349803345346,3.299999966750511,0.0001007526343605959,0.0001
1.727944124652231e-05,3.3,5.0,1.372349803453592,3.299999981660002,0.0001007529404692455,0.0001
1.728944124652232e-05,3.3,5.0,1.37234980334495,3.299999966756932,0.0001007526347314282,0.0001
1.729944124652232e-05,3.3,5.0,1.372349803455703,3.299999981652066,0.000100752940099177,0.0001
1.730944124652233e-05,3.3,5.0,1.372349803347547,3.299999966768804,0.0001007526351024203,0.0001
1.731944124652233e-05,3.3,5.0,1.372349803458105,3.299999981644106,0.0001007529397299613,0.0001
1.732944124652234e-05,3.3,5.0,1.372349803348393,3.299999966775359,0.0001007526354721157,0.0001
1.733944124652234e-05,3.3,5.0,1.37234980345898,3.299999981632976,0.000100752939361385,0.0001
1.734944124652235e-05,3.3,5.0,1.372349803347322,3.299999966782787,0.0001007526358403722,0.0001
1.735944124652235e-05,3.3,5.0,1.372349803458506,3.29999998162695,0.0001007529389931995,0.0001
1.736944124652236e-05,3.3,5.0,1.372349803345758,3.29999996679002,0.0001007526362075097,0.0001
1.737944124652236e-05,3.3,5.0,1.372349803457735,3.299999981618905,0.0001007529386254404,0.0001
1.738944124652237e-05,3.3,5.0,1.372349803343511,3.299999966800142,0.0001007526365739365,0.0001
1.739944124652237e-05,3.3,5.0,1.372349803455817,3.299999981609087,0.0001007529382581963,0.0001
1.740944124652238e-05,3.3,5.0,1.372349803343637,3.299999966810348,0.0001007526369400259,0.0001
1.741944124652238e-05,3.3,5.0,1.372349803456101,3.29999998160061,0.0001007529378926221,0.0001
1.742944124652239e-05,3.3,5.0,1.372349803343526,3.299999966817888,0.0001007526373051738,0.0001
1.743944124652239e-05,3.3,5.0,1.372349803458831,3.299999981591738,0.00010075293752854,0.0001
1.74494412465224e-05,3.3,5.0,1.372349803346696,3.299999966828433,0.0001007526376709435,0.0001
1.74594412465224e-05,3.3,5.0,1.37234980346143,3.299999981583099,0.0001007529371651862,0.0001
1.746944124652241e-05,3.3,5.0,1.37234980334778,3.299999966836001,0.0001007526380348302,0.0001
1.747944124652241e-05,3.3,5.0,1.372349803460388,3.299999981574302,0.0001007529368014949,0.0001
1.748944124652242e-05,3.3,5.0,1.372349803345172,3.299999966841871,0.0001007526383968695,0.0001
1.749944124652242e-05,3.3,5.0,1.372349803458506,3.299999981568213,0.0001007529364384253,0.0001
1.750944124652243e-05,3.3,5.0,1.372349803343,3.299999966850625,0.0001007526387582693,0.0001
1.751944124652243e-05,3.3,5.0,1.372349803457869,3.29999998155318,0.0001007529360764926,0.0001
1.752944124652244e-05,3.3,5.0,1.372349803341672,3.299999966858657,0.0001007526391193671,0.0001
1.753944124652244e-05,3.3,5.0,1.372349803456435,3.29999998154853,0.0001007529357151994,0.0001
1.754944124652245e-05,3.3,5.0,1.372349803341162,3.299999966870497,0.0001007526394797899,0.0001
1.755944124652245e-05,3.3,5.0,1.372349803458831,3.299999981537671,0.0001007529353556648,0.0001
1.756944124652246e-05,3.3,5.0,1.372349803342249,3.299999966874567,0.0001007526398396265,0.0001
1.757944124652246e-05,3.3,5.0,1.372349803462286,3.29999998152781,0.0001007529349973026,0.0001
1.758944124652247e-05,3.3,5.0,1.372349803345711,3.299999966887165,0.0001007526401995519,0.0001
1.759944124652247e-05,3.3,5.0,1.372349803460556,3.299999981520749,0.0001007529346386384,0.0001
1.760944124652248e-05,3.3,5.0,1.372349803344002,3.299999966894271,0.0001007526405573102,0.0001
1.761944124652248e-05,3.3,5.0,1.372349803462031,3.299999981510122,0.0001007529342810577,0.0001
1.762944124652249e-05,3.3,5.0,1.372349803340702,3.299999966903789,0.0001007526409137717,0.0001
1.763944124652249e-05,3.3,5.0,1.372349803461839,3.299999981502951,0.0001007529339241876,0.0001
1.76494412465225e-05,3.3,5.0,1.372349803343324,3.299999966911676,0.0001007526412708194,0.0001
1.76594412465225e-05,3.3,5.0,1.372349803460936,3.29999998149673,0.0001007529335678682,0.0001
1.766944124652251e-05,3.3,5.0,1.372349803342095,3.299999966923602,0.000100752641626304,0.0001
1.767944124652251e-05,3.3,5.0,1.372349803460215,3.299999981485848,0.0001007529332122238,0.0001
1.768944124652252e-05,3.3,5.0,1.372349803341837,3.299999966928304,0.0001007526419811312,0.0001
1.769944124652252e-05,3.3,5.0,1.372349803462399,3.299999981482648,0.0001007529328582492,0.0001
1.770944124652253e-05,3.3,5.0,1.372349803342854,3.299999966940148,0.0001007526423354967,0.0001
1.771944124652253e-05,3.3,5.0,1.37234980346196,3.299999981469968,0.0001007529325046654,0.0001
1.772944124652254e-05,3.3,5.0,1.372349803343915,3.299999966948751,0.0001007526426890805,0.0001
1.773944124652254e-05,3.3,5.0,1.372349803462314,3.299999981464168,0.0001007529321515967,0.0001
1.774944124652255e-05,3.3,5.0,1.372349803341287,3.299999966957258,0.0001007526430409057,0.0001
1.775944124652255e-05,3.3,5.0,1.372349803460241,3.299999981452195,0.0001007529317990254,0.0001
1.776944124652256e-05,3.3,5.0,1.372349803341853,3.299999966965235,0.0001007526433928553,0.0001
1.777944124652256e-05,3.3,5.0,1.37234980346184,3.299999981447394,0.0001007529314482482,0.0001
1.778944124652257e-05,3.3,5.0,1.372349803341357,3.299999966974543,0.000100752643743668,0.0001
1.779944124652257e-05,3.3,5.0,1.372349803461608,3.299999981436652,0.0001007529310975598,0.0001
1.780944124652258e-05,3.3,5.0,1.372349803342424,3.299999966981796,0.0001007526440939656,0.0001
1.781944124652258e-05,3.3,5.0,1.372349803461315,3.299999981430908,0.0001007529307477774,0.0001
1.782944124652259e-05,3.3,5.0,1.372349803342612,3.299999966992261,0.0001007526444436592,0.0001
1.783944124652259e-05,3.3,5.0,1.372349803462963,3.299999981418604,0.0001007529303993805,0.0001
1.78494412465226e-05,3.3,5.0,1.372349803342334,3.299999966996299,0.0001007526447921449,0.0001
1.78594412465226e-05,3.3,5.0,1.372349803463505,3.29999998141232,0.0001007529300512856,0.0001
1.786944124652261e-05,3.3,5.0,1.372349803341169,3.299999967005756,0.0001007526451396713,0.0001
1.787944124652261e-05,3.3,5.0,1.372349803463076,3.299999981403721,0.0001007529297039013,0.0001
1.788944124652262e-05,3.3,5.0,1.372349803339818,3.299999967018158,0.0001007526454859899,0.0001
1.789944124652262e-05,3.3,5.0,1.372349803462576,3.299999981394881,0.0001007529293568012,0.0001
1.790944124652263e-05,3.3,5.0,1.372349803340845,3.299999967022176,0.0001007526458325926,0.0001
1.791944124652263e-05,3.3,5.0,1.372349803462723,3.299999981383993,0.0001007529290112287,0.0001
1.792944124652264e-05,3.3,5.0,1.372349803341718,3.299999967031168,0.0001007526461781473,0.0001
1.793944124652264e-05,3.3,5.0,1.372349803463874,3.299999981377613,0.0001007529286665977,0.0001
1.794944124652265e-05,3.3,5.0,1.372349803339835,3.299999967042215,0.0001007526465226362,0.0001
1.795944124652265e-05,3.3,5.0,1.372349803461356,3.299999981365661,0.0001007529283215582,0.0001
1.796944124652266e-05,3.3,5.0,1.37234980334077,3.299999967051957,0.0001007526468663079,0.0001
1.797944124652266e-05,3.3,5.0,1.37234980346205,3.299999981359913,0.0001007529279784015,0.0001
1.798944124652267e-05,3.3,5.0,1.372349803339032,3.299999967058301,0.0001007526472088428,0.0001
1.799944124652267e-05,3.3,5.0,1.372349803460748,3.299999981353414,0.0001007529276355469,0.0001
1.800944124652268e-05,3.3,5.0,1.372349803339463,3.299999967069289,0.0001007526475513422,0.0001
1.801944124652268e-05,3.3,5.0,1.372349803460437,3.299999981343165,0.0001007529272934206,0.0001
1.802944124652269e-05,3.3,5.0,1.372349803338802,3.299999967075803,0.0001007526478927935,0.0001
1.803944124652269e-05,3.3,5.0,1.372349803464654,3.299999981333035,0.0001007529269533904,0.0001
1.80494412465227e-05,3.3,5.0,1.372349803342078,3.299999967086448,0.0001007526482342626,0.0001
1.80594412465227e-05,3.3,5.0,1.372349803464425,3.299999981326871,0.0001007529266130049,0.0001
1.806944124652271e-05,3.3,5.0,1.372349803341294,3.299999967091881,0.0001007526485737954,0.0001
1.807944124652271e-05,3.3,5.0,1.372349803463191,3.299999981316921,0.0001007529262732766,0.0001
1.808944124652272e-05,3.3,5.0,1.372349803340809,3.299999967102409,0.000100752648912902,0.0001
1.809944124652272e-05,3.3,5.0,1.372349803462591,3.299999981308316,0.0001007529259340813,0.0001
1.810944124652273e-05,3.3,5.0,1.372349803340424,3.299999967113267,0.0001007526492512624,0.0001
1.811944124652273e-05,3.3,5.0,1.372349803463453,3.299999981298538,0.0001007529255966623,0.0001
1.812944124652274e-05,3.3,5.0,1.372349803340701,3.299999967117827,0.0001007526495890367,0.0001
1.813944124652274e-05,3.3,5.0,1.372349803463353,3.299999981292131,0.0001007529252593677,0.0001
1.814944124652275e-05,3.3,5.0,1.372349803339656,3.299999967127472,0.0001007526499253898,0.0001
1.815944124652275e-05,3.3,5.0,1.372349803461163,3.299999981279458,0.0001007529249227836,0.0001
1.816944124652276e-05,3.3,5.0,1.372349803338774,3.299999967135231,0.0001007526502612279,0.0001
1.817944124652276e-05,3.3,5.0,1.372349803463485,3.2999999812773,0.0001007529245870877,0.0001
1.818944124652277e-05,3.3,5.0,1.37234980334031,3.299999967145705,0.0001007526505968527,0.0001
1.819944124652277e-05,3.3,5.0,1.372349803463054,3.299999981263655,0.0001007529242524398,0.0001
1.820944124652278e-05,3.3,5.0,1.372349803341862,3.299999967157307,0.0001007526509318026,0.0001
1.821944124652278e-05,3.3,5.0,1.372349803464865,3.299999981256986,0.0001007529239187156,0.0001
1.822944124652279e-05,3.3,5.0,1.372349803340932,3.299999967164805,0.000100752651265207,0.0001
1.823944124652279e-05,3.3,5.0,1.372349803462594,3.299999981250162,0.0001007529235846007,0.0001
1.82494412465228e-05,3.3,5.0,1.372349803338754,3.299999967169607,0.0001007526515976166,0.0001
1.82594412465228e-05,3.3,5.0,1.372349803465622,3.299999981237453,0.0001007529232532035,0.0001
1.826944124652281e-05,3.3,5.0,1.372349803341451,3.299999967179255,0.0001007526519303105,0.0001
1.827944124652281e-05,3.3,5.0,1.3723498034653,3.299999981229366,0.0001007529229208472,0.0001
1.828944124652282e-05,3.3,5.0,1.372349803341038,3.299999967187348,0.0001007526522614234,0.0001
1.829944124652282e-05,3.3,5.0,1.372349803465551,3.299999981221891,0.000100752922589983,0.0001
1.830944124652283e-05,3.3,5.0,1.372349803339384,3.299999967196901,0.0001007526525917903,0.0001
1.831944124652283e-05,3.3,5.0,1.372349803461614,3.299999981209822,0.0001007529222587279,0.0001
1.832944124652284e-05,3.3,5.0,1.372349803338101,3.299999967201096,0.0001007526529211979,0.0001
1.833944124652284e-05,3.3,5.0,1.372349803462455,3.299999981203428,0.0001007529219295868,0.0001
1.834944124652285e-05,3.3,5.0,1.372349803339511,3.299999967212177,0.0001007526532503568,0.0001
1.835944124652285e-05,3.3,5.0,1.372349803463478,3.299999981194293,0.0001007529216010851,0.0001
1.836944124652286e-05,3.3,5.0,1.372349803339551,3.299999967223174,0.0001007526535791782,0.0001
1.837944124652286e-05,3.3,5.0,1.372349803464623,3.299999981187538,0.0001007529212734005,0.0001
1.838944124652287e-05,3.3,5.0,1.372349803338435,3.299999967229893,0.0001007526539066141,0.0001
1.839944124652287e-05,3.3,5.0,1.372349803463175,3.29999998117832,0.0001007529209459825,0.0001
1.840944124652288e-05,3.3,5.0,1.372349803341509,3.299999967236301,0.0001007526542340677,0.0001
1.841944124652288e-05,3.3,5.0,1.372349803466141,3.299999981169842,0.0001007529206205894,0.0001
1.842944124652289e-05,3.3,5.0,1.372349803342853,3.299999967248832,0.00010075265456042,0.0001
1.843944124652289e-05,3.3,5.0,1.372349803465745,3.299999981159037,0.0001007529202945569,0.0001
1.84494412465229e-05,3.3,5.0,1.372349803342068,3.299999967254127,0.0001007526548853511,0.0001
1.84594412465229e-05,3.3,5.0,1.372349803465435,3.29999998115225,0.000100752919969448,0.0001
1.846944124652291e-05,3.3,5.0,1.372349803340643,3.299999967263533,0.0001007526552095896,0.0001
1.847944124652291e-05,3.3,5.0,1.37234980346421,3.299999981141841,0.0001007529196451208,0.0001
1.848944124652292e-05,3.3,5.0,1.372349803339295,3.29999996727362,0.0001007526555329753,0.0001
1.849944124652292e-05,3.3,5.0,1.37234980346346,3.299999981137028,0.0001007529193215574,0.0001
1.850944124652293e-05,3.3,5.0,1.372349803340866,3.29999996728085,0.0001007526558562012,0.0001
1.851944124652293e-05,3.3,5.0,1.372349803462664,3.299999981130391,0.0001007529189987934,0.0001
1.852944124652294e-05,3.3,5.0,1.372349803340203,3.299999967290939,0.0001007526561783613,0.0001
1.853944124652294e-05,3.3,5.0,1.372349803462601,3.299999981118371,0.0001007529186768998,0.0001
1.854944124652295e-05,3.3,5.0,1.372349803338497,3.299999967301682,0.0001007526564995266,0.0001
1.855944124652295e-05,3.3,5.0,1.372349803464397,3.299999981110971,0.0001007529183559476,0.0001
1.856944124652296e-05,3.3,5.0,1.372349803339825,3.299999967308759,0.0001007526568207807,0.0001
1.857944124652296e-05,3.3,5.0,1.372349803464754,3.299999981104509,0.0001007529180358126,0.0001
1.858944124652297e-05,3.3,5.0,1.372349803340884,3.299999967318355,0.0001007526571409513,0.0001
1.859944124652297e-05,3.3,5.0,1.372349803464424,3.299999981095577,0.000100752917716246,0.0001
1.860944124652298e-05,3.3,5.0,1.372349803342104,3.299999967325316,0.0001007526574606422,0.0001
1.861944124652298e-05,3.3,5.0,1.372349803464837,3.299999981084719,0.0001007529173975853,0.0001
1.862944124652299e-05,3.3,5.0,1.372349803340941,3.299999967332982,0.00010075265777877,0.0001
1.863944124652299e-05,3.3,5.0,1.372349803461753,3.299999981075665,0.0001007529170786049,0.0001
1.8649441246523e-05,3.3,5.0,1.3723498033387,3.299999967341254,0.0001007526580959207,0.0001
1.8659441246523e-05,3.3,5.0,1.372349803461946,3.299999981070058,0.0001007529167613298,0.0001
1.866944124652301e-05,3.3,5.0,1.372349803337886,3.299999967350863,0.0001007526584128583,0.0001
1.867944124652301e-05,3.3,5.0,1.372349803461413,3.299999981060993,0.0001007529164444988,0.0001
1.868944124652302e-05,3.3,5.0,1.372349803338947,3.299999967361036,0.0001007526587294229,0.0001
1.869944124652302e-05,3.3,5.0,1.37234980346095,3.299999981053486,0.0001007529161286093,0.0001
1.870944124652303e-05,3.3,5.0,1.372349803338534,3.299999967368982,0.0001007526590447973,0.0001
1.871944124652303e-05,3.3,5.0,1.372349803461191,3.299999981045011,0.0001007529158134125,0.0001
1.872944124652304e-05,3.3,5.0,1.372349803340625,3.299999967379836,0.0001007526593601539,0.0001
1.873944124652304e-05,3.3,5.0,1.372349803462523,3.299999981033157,0.000100752915499548,0.0001
1.874944124652305e-05,3.3,5.0,1.372349803342428,3.299999967387145,0.0001007526596744625,0.0001
1.875944124652305e-05,3.3,5.0,1.372349803463976,3.299999981025198,0.0001007529151861632,0.0001
1.876944124652306e-05,3.3,5.0,1.37234980334207,3.299999967389996,0.0001007526599875631,0.0001
1.877944124652306e-05,3.3,5.0,1.372349803464583,3.29999998101747,0.0001007529148734888,0.0001
1.878944124652307e-05,3.3,5.0,1.372349803341656,3.299999967403762,0.000100752660300273,0.0001
1.879944124652307e-05,3.3,5.0,1.372349803463974,3.299999981010489,0.0001007529145609921,0.0001
1.880944124652308e-05,3.3,5.0,1.372349803341097,3.299999967411134,0.0001007526606118105,0.0001
1.881944124652308e-05,3.3,5.0,1.372349803461845,3.299999981000121,0.0001007529142490994,0.0001
1.882944124652309e-05,3.3,5.0,1.37234980334055,3.299999967420843,0.0001007526609225308,0.0001
1.883944124652309e-05,3.3,5.0,1.372349803462414,3.299999980991603,0.0001007529139384324,0.0001
1.88494412465231e-05,3.3,5.0,1.372349803340329,3.299999967428937,0.0001007526612330557,0.0001
1.88594412465231e-05,3.3,5.0,1.372349803460124,3.29999998098378,0.0001007529136279962,0.0001
1.886944124652311e-05,3.3,5.0,1.372349803338182,3.299999967437349,0.000100752661542053,0.0001
1.887944124652311e-05,3.3,5.0,1.372349803460385,3.299999980975537,0.0001007529133188391,0.0001
1.888944124652312e-05,3.3,5.0,1.372349803339153,3.299999967445607,0.0001007526618511746,0.0001
1.889944124652312e-05,3.3,5.0,1.372349803461266,3.299999980966541,0.0001007529130104813,0.0001
1.890944124652313e-05,3.3,5.0,1.372349803339967,3.29999996745575,0.0001007526621593548,0.0001
1.891944124652313e-05,3.3,5.0,1.372349803463199,3.299999980956799,0.0001007529127032604,0.0001
1.892944124652314e-05,3.3,5.0,1.372349803341377,3.299999967460957,0.0001007526624672862,0.0001
1.893944124652314e-05,3.3,5.0,1.372349803463778,3.299999980949305,0.0001007529123961638,0.0001
1.894944124652315e-05,3.3,5.0,1.372349803343824,3.29999996746926,0.0001007526627745782,0.0001
1.895944124652315e-05,3.3,5.0,1.372349803462294,3.299999980943825,0.0001007529120896712,0.0001
1.896944124652316e-05,3.3,5.0,1.372349803342243,3.29999996748083,0.0001007526630801116,0.0001
1.897944124652316e-05,3.3,5.0,1.372349803462565,3.299999980935079,0.0001007529117841734,0.0001
1.898944124652317e-05,3.3,5.0,1.372349803343003,3.299999967488553,0.000100752663385414,0.0001
1.899944124652317e-05,3.3,5.0,1.37234980346259,3.299999980923914,0.000100752911479244,0.0001
1.900944124652318e-05,3.3,5.0,1.372349803342144,3.29999996749296,0.0001007526636898461,0.0001
1.901944124652318e-05,3.3,5.0,1.37234980346147,3.299999980917798,0.0001007529111747231,0.0001
1.902944124652319e-05,3.3,5.0,1.37234980334257,3.299999967506344,0.0001007526639936386,0.0001
1.903944124652319e-05,3.3,5.0,1.372349803461364,3.299999980907675,0.0001007529108714279,0.0001
1.90494412465232e-05,3.3,5.0,1.372349803342443,3.299999967513729,0.0001007526642966673,0.0001
1.90594412465232e-05,3.3,5.0,1.372349803461195,3.299999980899476,0.0001007529105686124,0.0001
1.906944124652321e-05,3.3,5.0,1.372349803341374,3.299999967522668,0.0001007526645986302,0.0001
1.907944124652321e-05,3.3,5.0,1.372349803459514,3.29999998089185,0.0001007529102662409,0.0001
1.908944124652322e-05,3.3,5.0,1.372349803341388,3.299999967530028,0.0001007526649002379,0.0001
1.909944124652322e-05,3.3,5.0,1.372349803459725,3.299999980884062,0.0001007529099650596,0.0001
1.910944124652323e-05,3.3,5.0,1.372349803342768,3.299999967539691,0.000100752665201579,0.0001
1.911944124652323e-05,3.3,5.0,1.372349803461322,3.299999980874546,0.0001007529096648198,0.0001
1.912944124652324e-05,3.3,5.0,1.372349803344389,3.299999967548687,0.0001007526655019432,0.0001
1.913944124652324e-05,3.3,5.0,1.372349803460051,3.299999980866334,0.0001007529093646865,0.0001
1.914944124652325e-05,3.3,5.0,1.372349803342172,3.299999967556871,0.0001007526658011527,0.0001
1.915944124652325e-05,3.3,5.0,1.372349803462387,3.299999980854152,0.0001007529090659388,0.0001
1.916944124652326e-05,3.3,5.0,1.372349803344345,3.29999996756447,0.0001007526661004866,0.0001
1.917944124652326e-05,3.3,5.0,1.372349803462398,3.29999998084388,0.0001007529087678306,0.0001
1.918944124652327e-05,3.3,5.0,1.372349803344745,3.299999967568696,0.0001007526663985593,0.0001
1.919944124652327e-05,3.3,5.0,1.372349803461565,3.299999980837502,0.0001007529084700066,0.0001
1.920944124652328e-05,3.3,5.0,1.372349803344251,3.299999967581379,0.0001007526666955839,0.0001
1.921944124652328e-05,3.3,5.0,1.372349803460496,3.299999980831554,0.0001007529081728932,0.0001
1.922944124652329e-05,3.3,5.0,1.372349803343877,3.299999967588045,0.0001007526669922533,0.0001
1.923944124652329e-05,3.3,5.0,1.372349803460565,3.299999980822841,0.0001007529078764548,0.0001
1.92494412465233e-05,3.3,5.0,1.37234980334407,3.29999996759903,0.0001007526672881766,0.0001
1.92594412465233e-05,3.3,5.0,1.372349803459969,3.299999980813734,0.0001007529075807269,0.0001
1.926944124652331e-05,3.3,5.0,1.372349803344486,3.299999967606264,0.0001007526675834781,0.0001
1.927944124652331e-05,3.3,5.0,1.372349803458926,3.299999980804635,0.0001007529072858161,0.0001
1.928944124652332e-05,3.3,5.0,1.372349803343897,3.299999967614838,0.0001007526678778205,0.0001
1.929944124652332e-05,3.3,5.0,1.372349803460809,3.299999980795821,0.0001007529069919712,0.0001
1.930944124652333e-05,3.3,5.0,1.372349803344659,3.299999967621627,0.0001007526681720385,0.0001
1.931944124652333e-05,3.3,5.0,1.372349803461536,3.299999980789824,0.0001007529066988901,0.0001
1.932944124652334e-05,3.3,5.0,1.372349803342823,3.299999967631555,0.0001007526684645156,0.0001
1.933944124652334e-05,3.3,5.0,1.372349803458049,3.299999980778732,0.0001007529064049563,0.0001
1.934944124652335e-05,3.3,5.0,1.372349803343673,3.299999967639683,0.0001007526687569928,0.0001
1.935944124652335e-05,3.3,5.0,1.372349803460856,3.299999980770635,0.0001007529061138647,0.0001
1.936944124652336e-05,3.3,5.0,1.372349803345328,3.299999967648215,0.0001007526690490081,0.0001
1.937944124652336e-05,3.3,5.0,1.372349803459423,3.299999980763575,0.0001007529058222402,0.0001
1.938944124652337e-05,3.3,5.0,1.372349803345835,3.299999967659045,0.0001007526693401885,0.0001
1.939944124652337e-05,3.3,5.0,1.372349803458989,3.299999980756339,0.0001007529055315039,0.0001
1.940944124652338e-05,3.3,5.0,1.372349803345987,3.299999967664929,0.0001007526696306228,0.0001
1.941944124652338e-05,3.3,5.0,1.37234980345969,3.299999980748906,0.0001007529052416202,0.0001
1.942944124652339e-05,3.3,5.0,1.372349803343681,3.299999967675678,0.0001007526699196894,0.0001
1.943944124652339e-05,3.3,5.0,1.372349803456858,3.299999980740175,0.0001007529049518964,0.0001
1.94494412465234e-05,3.3,5.0,1.372349803344472,3.299999967682822,0.000100752670208596,0.0001
1.94594412465234e-05,3.3,5.0,1.372349803456154,3.299999980729302,0.0001007529046630963,0.0001
1.946944124652341e-05,3.3,5.0,1.372349803343819,3.299999967692054,0.0001007526704965968,0.0001
1.947944124652341e-05,3.3,5.0,1.372349803457095,3.299999980722709,0.0001007529043753976,0.0001
1.948944124652342e-05,3.3,5.0,1.372349803343988,3.299999967699297,0.0001007526707841712,0.0001
1.949944124652342e-05,3.3,5.0,1.372349803457491,3.299999980711254,0.000100752904088356,0.0001
1.950944124652343e-05,3.3,5.0,1.372349803344618,3.299999967707284,0.0001007526710712482,0.0001
1.951944124652343e-05,3.3,5.0,1.372349803456478,3.299999980702943,0.0001007529038017764,0.0001
1.952944124652344e-05,3.3,5.0,1.372349803345222,3.299999967719911,0.0001007526713575081,0.0001
1.953944124652344e-05,3.3,5.0,1.372349803456535,3.299999980696622,0.0001007529035156408,0.0001
1.954944124652345e-05,3.3,5.0,1.372349803345879,3.299999967725166,0.0001007526716431641,0.0001
1.955944124652345e-05,3.3,5.0,1.372349803458127,3.29999998069222,0.0001007529032311751,0.0001
1.956944124652346e-05,3.3,5.0,1.372349803346089,3.299999967731323,0.0001007526719278963,0.0001
1.957944124652346e-05,3.3,5.0,1.372349803456828,3.299999980683654,0.0001007529029465849,0.0001
1.958944124652347e-05,3.3,5.0,1.372349803347357,3.29999996774228,0.0001007526722124687,0.0001
1.959944124652347e-05,3.3,5.0,1.372349803458017,3.299999980674123,0.0001007529026631139,0.0001
1.960944124652348e-05,3.3,5.0,1.37234980334767,3.299999967752727,0.0001007526724957443,0.0001
1.961944124652348e-05,3.3,5.0,1.372349803457032,3.299999980663638,0.0001007529023796784,0.0001
1.962944124652349e-05,3.3,5.0,1.372349803346973,3.299999967759623,0.0001007526727783449,0.0001
1.963944124652349e-05,3.3,5.0,1.372349803455526,3.299999980656676,0.0001007529020971133,0.0001
1.96494412465235e-05,3.3,5.0,1.372349803347358,3.299999967767635,0.0001007526730605902,0.0001
1.96594412465235e-05,3.3,5.0,1.372349803455716,3.299999980646264,0.0001007529018154542,0.0001
1.966944124652351e-05,3.3,5.0,1.372349803346793,3.299999967776289,0.0001007526733416454,0.0001
1.967944124652351e-05,3.3,5.0,1.372349803455184,3.299999980639028,0.000100752901534097,0.0001
1.968944124652352e-05,3.3,5.0,1.372349803347053,3.299999967785278,0.0001007526736223986,0.0001
1.969944124652352e-05,3.3,5.0,1.372349803454295,3.29999998062986,0.0001007529012536991,0.0001
1.970944124652353e-05,3.3,5.0,1.372349803348913,3.299999967791047,0.00010075267390269,0.0001
1.971944124652353e-05,3.3,5.0,1.372349803456604,3.299999980621451,0.0001007529009745802,0.0001
1.972944124652354e-05,3.3,5.0,1.372349803346719,3.299999967799682,0.0001007526741818089,0.0001
1.973944124652354e-05,3.3,5.0,1.37234980345419,3.299999980614417,0.0001007529006950349,0.0001
1.974944124652355e-05,3.3,5.0,1.372349803347822,3.299999967809963,0.0001007526744605015,0.0001
1.975944124652355e-05,3.3,5.0,1.372349803455698,3.299999980607337,0.0001007529004170883,0.0001
1.976944124652356e-05,3.3,5.0,1.372349803349575,3.299999967818144,0.0001007526747389632,0.0001
1.977944124652356e-05,3.3,5.0,1.372349803455889,3.299999980597926,0.0001007529001393904,0.0001
1.978944124652357e-05,3.3,5.0,1.372349803348083,3.29999996782733,0.0001007526750158262,0.0001
1.979944124652357e-05,3.3,5.0,1.372349803454131,3.29999998058865,0.0001007528998620834,0.0001
1.980944124652358e-05,3.3,5.0,1.372349803348555,3.299999967833196,0.0001007526752923695,0.0001
1.981944124652358e-05,3.3,5.0,1.372349803453152,3.29999998058083,0.0001007528995853803,0.0001
1.982944124652359e-05,3.3,5.0,1.37234980334957,3.299999967845098,0.0001007526755687173,0.0001
1.983944124652359e-05,3.3,5.0,1.372349803454577,3.299999980571701,0.000100752899310116,0.0001
1.98494412465236e-05,3.3,5.0,1.372349803348266,3.299999967854056,0.0001007526758437151,0.0001
1.98594412465236e-05,3.3,5.0,1.372349803453884,3.299999980563489,0.0001007528990350116,0.0001
1.986944124652361e-05,3.3,5.0,1.372349803348471,3.299999967860589,0.0001007526761183931,0.0001
1.987944124652361e-05,3.3,5.0,1.372349803453123,3.299999980553077,0.0001007528987604402,0.0001
1.988944124652362e-05,3.3,5.0,1.372349803349104,3.299999967865075,0.0001007526763923251,0.0001
1.989944124652362e-05,3.3,5.0,1.372349803452372,3.299999980544534,0.0001007528984867746,0.0001
1.990944124652362e-05,3.3,5.0,1.372349803349251,3.29999996787258,0.0001007526766655999,0.0001
1.991944124652363e-05,3.3,5.0,1.372349803451683,3.29999998053601,0.000100752898213642,0.0001
1.992944124652363e-05,3.3,5.0,1.372349803349974,3.299999967885061,0.0001007526769384838,0.0001
1.993944124652364e-05,3.3,5.0,1.372349803454092,3.299999980528774,0.0001007528979420015,0.0001
1.994944124652364e-05,3.3,5.0,1.372349803350272,3.299999967891369,0.0001007526772108881,0.0001
1.995944124652365e-05,3.3,5.0,1.372349803453166,3.299999980524378,0.0001007528976702189,0.0001
1.996944124652365e-05,3.3,5.0,1.372349803350806,3.299999967899744,0.0001007526774821733,0.0001
1.997944124652366e-05,3.3,5.0,1.372349803454134,3.299999980514691,0.0001007528973991646,0.0001
1.998944124652366e-05,3.3,5.0,1.372349803351977,3.299999967907481,0.0001007526777531921,0.0001
1.999872062326184e-05,3.3,5.0,1.372349803452538,3.299999980483582,0.000100752897113633,0.0001
