OpenROAD dcf36133a369abc8f3c5e5738cd4d82e4903c0e0 
Features included (+) or not (-): +GPU +GUI +Python
This program is licensed under the BSD-3 license. See the LICENSE file for details.
Components of this program may be licensed under more restrictive licenses which must be honored.
[INFO ODB-0388] unsupported LEF58_EOLENCLOSURE property for layer Via1 :"
  	EOLENCLOSURE 0.34 0.06 ;"
[INFO ODB-0388] unsupported LEF58_EOLENCLOSURE property for layer Via2 :" EOLENCLOSURE 0.34 0.06 ; "
[INFO ODB-0388] unsupported LEF58_EOLENCLOSURE property for layer Via3 :" EOLENCLOSURE 0.34 0.06 ; "
[INFO ODB-0388] unsupported LEF58_EOLENCLOSURE property for layer Via4 :" EOLENCLOSURE 0.34 0.06 ; "
[INFO ODB-0227] LEF file: /Users/kimmy/Projects/open-microled-driver-asic/build/layout/pdk/gf180mcuD/libs.ref/gf180mcu_fd_sc_mcu7t5v0/techlef/gf180mcu_fd_sc_mcu7t5v0__nom.tlef, created 15 layers, 56 vias
[WARNING ODB-0220] WARNING (LEFPARS-2008): NOWIREEXTENSIONATPIN statement is obsolete in version 5.6 or later.
The NOWIREEXTENSIONATPIN statement will be ignored. See file /Users/kimmy/Projects/open-microled-driver-asic/build/layout/pdk/gf180mcuD/libs.ref/gf180mcu_fd_sc_mcu7t5v0/lef/gf180mcu_fd_sc_mcu7t5v0.lef at line 2.

[INFO ODB-0227] LEF file: /Users/kimmy/Projects/open-microled-driver-asic/build/layout/pdk/gf180mcuD/libs.ref/gf180mcu_fd_sc_mcu7t5v0/lef/gf180mcu_fd_sc_mcu7t5v0.lef, created 229 library cells
R2R_BEGIN_SETUP nom_tt_025C_3v30
Startpoint: _153_ (rising edge-triggered flip-flop clocked by clk)
Endpoint: _152_ (rising edge-triggered flip-flop clocked by clk)
Path Group: clk
Path Type: max

Fanout         Cap        Slew       Delay        Time   Description
---------------------------------------------------------------------------------------------
                                  0.000000    0.000000   clock clk (rise edge)
                                  0.000000    0.000000   clock source latency
     1    0.029944    0.222532    0.110597    0.110597 ^ clk (in)
     4    0.096325    0.218041    0.415941    0.526538 ^ clkbuf_0_clk/Z (gf180mcu_fd_sc_mcu7t5v0__clkbuf_16)
     5    0.026186    0.126389    0.343752    0.870290 ^ clkbuf_2_1__f_clk/Z (gf180mcu_fd_sc_mcu7t5v0__clkbuf_16)
                      0.126389    0.000215    0.870505 ^ _153_/CLK (gf180mcu_fd_sc_mcu7t5v0__dffq_1)
     6    0.031676    0.799151    1.496914    2.367419 ^ _153_/Q (gf180mcu_fd_sc_mcu7t5v0__dffq_1)
     4    0.025925    0.704949    1.001832    3.369250 ^ _080_/Z (gf180mcu_fd_sc_mcu7t5v0__and3_1)
     3    0.018083    1.072281    0.943285    4.312535 ^ _108_/Z (gf180mcu_fd_sc_mcu7t5v0__xor2_1)
     1    0.008630    0.650684    0.557672    4.870207 v _109_/ZN (gf180mcu_fd_sc_mcu7t5v0__aoi221_1)
     1    0.005293    1.235681    0.779437    5.649645 ^ _114_/ZN (gf180mcu_fd_sc_mcu7t5v0__oai222_1)
     1    0.005789    0.227671    0.450954    6.100598 ^ wire13/Z (gf180mcu_fd_sc_mcu7t5v0__clkbuf_1)
     1    0.007932    0.460672    0.221523    6.322121 v _119_/ZN (gf180mcu_fd_sc_mcu7t5v0__aoi21_1)
     1    0.011783    0.790895    0.638166    6.960287 ^ _122_/ZN (gf180mcu_fd_sc_mcu7t5v0__oai211_1)
     1    0.003214    0.386292    0.175942    7.136229 v _123_/ZN (gf180mcu_fd_sc_mcu7t5v0__aoi21_1)
                      0.386292    0.000062    7.136291 v _152_/D (gf180mcu_fd_sc_mcu7t5v0__dffq_1)
                                              7.136291   data arrival time

                               1000.000000 1000.000000   clock clk (rise edge)
                                  0.000000 1000.000000   clock source latency
     1    0.029944    0.222532    0.100044 1000.100098 ^ clk (in)
     4    0.096325    0.218041    0.376303 1000.476379 ^ clkbuf_0_clk/Z (gf180mcu_fd_sc_mcu7t5v0__clkbuf_16)
     5    0.025222    0.125104    0.309683 1000.786072 ^ clkbuf_2_2__f_clk/Z (gf180mcu_fd_sc_mcu7t5v0__clkbuf_16)
                      0.125104    0.000114 1000.786194 ^ _152_/CLK (gf180mcu_fd_sc_mcu7t5v0__dffq_1)
                                 -0.250000 1000.536194   clock uncertainty
                                  0.050146 1000.586304   clock reconvergence pessimism
                                 -0.453532 1000.132812   library setup time
                                           1000.132812   data required time
---------------------------------------------------------------------------------------------
                                           1000.132812   data required time
                                             -7.136291   data arrival time
---------------------------------------------------------------------------------------------
                                            992.996582   slack (MET)


Startpoint: _153_ (rising edge-triggered flip-flop clocked by clk)
Endpoint: _162_ (rising edge-triggered flip-flop clocked by clk)
Path Group: clk
Path Type: max

Fanout         Cap        Slew       Delay        Time   Description
---------------------------------------------------------------------------------------------
                                  0.000000    0.000000   clock clk (rise edge)
                                  0.000000    0.000000   clock source latency
     1    0.029944    0.222532    0.110597    0.110597 ^ clk (in)
     4    0.096325    0.218041    0.415941    0.526538 ^ clkbuf_0_clk/Z (gf180mcu_fd_sc_mcu7t5v0__clkbuf_16)
     5    0.026186    0.126389    0.343752    0.870290 ^ clkbuf_2_1__f_clk/Z (gf180mcu_fd_sc_mcu7t5v0__clkbuf_16)
                      0.126389    0.000215    0.870505 ^ _153_/CLK (gf180mcu_fd_sc_mcu7t5v0__dffq_1)
     6    0.031676    0.799151    1.496914    2.367419 ^ _153_/Q (gf180mcu_fd_sc_mcu7t5v0__dffq_1)
     4    0.026909    0.757047    1.151500    3.518919 ^ _081_/Z (gf180mcu_fd_sc_mcu7t5v0__and4_1)
     2    0.015295    0.746362    0.574063    4.092982 v _084_/ZN (gf180mcu_fd_sc_mcu7t5v0__nand4_1)
     2    0.009071    0.374797    0.395443    4.488425 ^ _085_/ZN (gf180mcu_fd_sc_mcu7t5v0__clkinv_1)
     2    0.017584    0.495983    0.635451    5.123876 ^ _086_/Z (gf180mcu_fd_sc_mcu7t5v0__and2_1)
    10    0.059740    0.739174    0.699601    5.823477 ^ fanout14/Z (gf180mcu_fd_sc_mcu7t5v0__buf_2)
     1    0.005029    0.305297    0.267951    6.091429 v _134_/ZN (gf180mcu_fd_sc_mcu7t5v0__nor2_1)
     1    0.003356    0.715563    0.615046    6.706475 ^ _135_/ZN (gf180mcu_fd_sc_mcu7t5v0__aoi211_1)
                      0.715563    0.000036    6.706511 ^ _162_/D (gf180mcu_fd_sc_mcu7t5v0__dffq_1)
                                              6.706511   data arrival time

                               1000.000000 1000.000000   clock clk (rise edge)
                                  0.000000 1000.000000   clock source latency
     1    0.029944    0.222532    0.100044 1000.100098 ^ clk (in)
     4    0.096325    0.218041    0.376303 1000.476379 ^ clkbuf_0_clk/Z (gf180mcu_fd_sc_mcu7t5v0__clkbuf_16)
     5    0.022983    0.122121    0.307409 1000.783752 ^ clkbuf_2_0__f_clk/Z (gf180mcu_fd_sc_mcu7t5v0__clkbuf_16)
                      0.122121    0.000227 1000.783997 ^ _162_/CLK (gf180mcu_fd_sc_mcu7t5v0__dffq_1)
                                 -0.250000 1000.533997   clock uncertainty
                                  0.050146 1000.584167   clock reconvergence pessimism
                                 -0.439252 1000.144836   library setup time
                                           1000.144836   data required time
---------------------------------------------------------------------------------------------
                                           1000.144836   data required time
                                             -6.706511   data arrival time
---------------------------------------------------------------------------------------------
                                            993.438354   slack (MET)


Startpoint: _153_ (rising edge-triggered flip-flop clocked by clk)
Endpoint: _161_ (rising edge-triggered flip-flop clocked by clk)
Path Group: clk
Path Type: max

Fanout         Cap        Slew       Delay        Time   Description
---------------------------------------------------------------------------------------------
                                  0.000000    0.000000   clock clk (rise edge)
                                  0.000000    0.000000   clock source latency
     1    0.029944    0.222532    0.110597    0.110597 ^ clk (in)
     4    0.096325    0.218041    0.415941    0.526538 ^ clkbuf_0_clk/Z (gf180mcu_fd_sc_mcu7t5v0__clkbuf_16)
     5    0.026186    0.126389    0.343752    0.870290 ^ clkbuf_2_1__f_clk/Z (gf180mcu_fd_sc_mcu7t5v0__clkbuf_16)
                      0.126389    0.000215    0.870505 ^ _153_/CLK (gf180mcu_fd_sc_mcu7t5v0__dffq_1)
     6    0.031676    0.799151    1.496914    2.367419 ^ _153_/Q (gf180mcu_fd_sc_mcu7t5v0__dffq_1)
     4    0.026909    0.757047    1.151500    3.518919 ^ _081_/Z (gf180mcu_fd_sc_mcu7t5v0__and4_1)
     2    0.015295    0.746362    0.574063    4.092982 v _084_/ZN (gf180mcu_fd_sc_mcu7t5v0__nand4_1)
     2    0.009071    0.374797    0.395443    4.488425 ^ _085_/ZN (gf180mcu_fd_sc_mcu7t5v0__clkinv_1)
     2    0.017584    0.495983    0.635451    5.123876 ^ _086_/Z (gf180mcu_fd_sc_mcu7t5v0__and2_1)
    10    0.059740    0.739174    0.699601    5.823477 ^ fanout14/Z (gf180mcu_fd_sc_mcu7t5v0__buf_2)
     1    0.004399    0.294672    0.256247    6.079724 v _132_/ZN (gf180mcu_fd_sc_mcu7t5v0__nor2_1)
     1    0.002896    0.685544    0.594298    6.674022 ^ _133_/ZN (gf180mcu_fd_sc_mcu7t5v0__aoi211_1)
                      0.685544    0.000029    6.674051 ^ _161_/D (gf180mcu_fd_sc_mcu7t5v0__dffq_1)
                                              6.674051   data arrival time

                               1000.000000 1000.000000   clock clk (rise edge)
                                  0.000000 1000.000000   clock source latency
     1    0.029944    0.222532    0.100044 1000.100098 ^ clk (in)
     4    0.096325    0.218041    0.376303 1000.476379 ^ clkbuf_0_clk/Z (gf180mcu_fd_sc_mcu7t5v0__clkbuf_16)
     5    0.022983    0.122121    0.307409 1000.783752 ^ clkbuf_2_0__f_clk/Z (gf180mcu_fd_sc_mcu7t5v0__clkbuf_16)
                      0.122121    0.000227 1000.783997 ^ _161_/CLK (gf180mcu_fd_sc_mcu7t5v0__dffq_1)
                                 -0.250000 1000.533997   clock uncertainty
                                  0.050146 1000.584167   clock reconvergence pessimism
                                 -0.438283 1000.145874   library setup time
                                           1000.145874   data required time
---------------------------------------------------------------------------------------------
                                           1000.145874   data required time
                                             -6.674051   data arrival time
---------------------------------------------------------------------------------------------
                                            993.471802   slack (MET)


Startpoint: _153_ (rising edge-triggered flip-flop clocked by clk)
Endpoint: _164_ (rising edge-triggered flip-flop clocked by clk)
Path Group: clk
Path Type: max

Fanout         Cap        Slew       Delay        Time   Description
---------------------------------------------------------------------------------------------
                                  0.000000    0.000000   clock clk (rise edge)
                                  0.000000    0.000000   clock source latency
     1    0.029944    0.222532    0.110597    0.110597 ^ clk (in)
     4    0.096325    0.218041    0.415941    0.526538 ^ clkbuf_0_clk/Z (gf180mcu_fd_sc_mcu7t5v0__clkbuf_16)
     5    0.026186    0.126389    0.343752    0.870290 ^ clkbuf_2_1__f_clk/Z (gf180mcu_fd_sc_mcu7t5v0__clkbuf_16)
                      0.126389    0.000215    0.870505 ^ _153_/CLK (gf180mcu_fd_sc_mcu7t5v0__dffq_1)
     6    0.031676    0.799151    1.496914    2.367419 ^ _153_/Q (gf180mcu_fd_sc_mcu7t5v0__dffq_1)
     4    0.026909    0.757047    1.151500    3.518919 ^ _081_/Z (gf180mcu_fd_sc_mcu7t5v0__and4_1)
     2    0.015295    0.746362    0.574063    4.092982 v _084_/ZN (gf180mcu_fd_sc_mcu7t5v0__nand4_1)
     2    0.009071    0.374797    0.395443    4.488425 ^ _085_/ZN (gf180mcu_fd_sc_mcu7t5v0__clkinv_1)
     2    0.017584    0.495983    0.635451    5.123876 ^ _086_/Z (gf180mcu_fd_sc_mcu7t5v0__and2_1)
    10    0.059740    0.739174    0.699601    5.823477 ^ fanout14/Z (gf180mcu_fd_sc_mcu7t5v0__buf_2)
     1    0.006533    0.366928    0.313258    6.136735 v _138_/ZN (gf180mcu_fd_sc_mcu7t5v0__oai21_1)
     1    0.002686    0.407332    0.415195    6.551930 ^ _139_/ZN (gf180mcu_fd_sc_mcu7t5v0__aoi21_1)
                      0.407332    0.000027    6.551957 ^ _164_/D (gf180mcu_fd_sc_mcu7t5v0__dffq_1)
                                              6.551957   data arrival time

                               1000.000000 1000.000000   clock clk (rise edge)
                                  0.000000 1000.000000   clock source latency
     1    0.029944    0.222532    0.100044 1000.100098 ^ clk (in)
     4    0.096325    0.218041    0.376303 1000.476379 ^ clkbuf_0_clk/Z (gf180mcu_fd_sc_mcu7t5v0__clkbuf_16)
     5    0.022983    0.122121    0.307409 1000.783752 ^ clkbuf_2_0__f_clk/Z (gf180mcu_fd_sc_mcu7t5v0__clkbuf_16)
                      0.122121    0.000227 1000.783997 ^ _164_/CLK (gf180mcu_fd_sc_mcu7t5v0__dffq_1)
                                 -0.250000 1000.533997   clock uncertainty
                                  0.050146 1000.584167   clock reconvergence pessimism
                                 -0.408381 1000.175781   library setup time
                                           1000.175781   data required time
---------------------------------------------------------------------------------------------
                                           1000.175781   data required time
                                             -6.551957   data arrival time
---------------------------------------------------------------------------------------------
                                            993.623779   slack (MET)


Startpoint: _153_ (rising edge-triggered flip-flop clocked by clk)
Endpoint: _163_ (rising edge-triggered flip-flop clocked by clk)
Path Group: clk
Path Type: max

Fanout         Cap        Slew       Delay        Time   Description
---------------------------------------------------------------------------------------------
                                  0.000000    0.000000   clock clk (rise edge)
                                  0.000000    0.000000   clock source latency
     1    0.029944    0.222532    0.110597    0.110597 ^ clk (in)
     4    0.096325    0.218041    0.415941    0.526538 ^ clkbuf_0_clk/Z (gf180mcu_fd_sc_mcu7t5v0__clkbuf_16)
     5    0.026186    0.126389    0.343752    0.870290 ^ clkbuf_2_1__f_clk/Z (gf180mcu_fd_sc_mcu7t5v0__clkbuf_16)
                      0.126389    0.000215    0.870505 ^ _153_/CLK (gf180mcu_fd_sc_mcu7t5v0__dffq_1)
     6    0.031676    0.799151    1.496914    2.367419 ^ _153_/Q (gf180mcu_fd_sc_mcu7t5v0__dffq_1)
     4    0.026909    0.757047    1.151500    3.518919 ^ _081_/Z (gf180mcu_fd_sc_mcu7t5v0__and4_1)
     2    0.015295    0.746362    0.574063    4.092982 v _084_/ZN (gf180mcu_fd_sc_mcu7t5v0__nand4_1)
     2    0.009071    0.374797    0.395443    4.488425 ^ _085_/ZN (gf180mcu_fd_sc_mcu7t5v0__clkinv_1)
     2    0.017584    0.495983    0.635451    5.123876 ^ _086_/Z (gf180mcu_fd_sc_mcu7t5v0__and2_1)
    10    0.059740    0.739174    0.699601    5.823477 ^ fanout14/Z (gf180mcu_fd_sc_mcu7t5v0__buf_2)
     1    0.004863    0.334933    0.282840    6.106317 v _136_/ZN (gf180mcu_fd_sc_mcu7t5v0__oai21_1)
     1    0.003209    0.424394    0.423390    6.529707 ^ _137_/ZN (gf180mcu_fd_sc_mcu7t5v0__aoi21_1)
                      0.424394    0.000035    6.529742 ^ _163_/D (gf180mcu_fd_sc_mcu7t5v0__dffq_1)
                                              6.529742   data arrival time

                               1000.000000 1000.000000   clock clk (rise edge)
                                  0.000000 1000.000000   clock source latency
     1    0.029944    0.222532    0.100044 1000.100098 ^ clk (in)
     4    0.096325    0.218041    0.376303 1000.476379 ^ clkbuf_0_clk/Z (gf180mcu_fd_sc_mcu7t5v0__clkbuf_16)
     5    0.022983    0.122121    0.307409 1000.783752 ^ clkbuf_2_0__f_clk/Z (gf180mcu_fd_sc_mcu7t5v0__clkbuf_16)
                      0.122121    0.000114 1000.783875 ^ _163_/CLK (gf180mcu_fd_sc_mcu7t5v0__dffq_1)
                                 -0.250000 1000.533875   clock uncertainty
                                  0.050146 1000.584045   clock reconvergence pessimism
                                 -0.410221 1000.173828   library setup time
                                           1000.173828   data required time
---------------------------------------------------------------------------------------------
                                           1000.173828   data required time
                                             -6.529742   data arrival time
---------------------------------------------------------------------------------------------
                                            993.644165   slack (MET)


Startpoint: _153_ (rising edge-triggered flip-flop clocked by clk)
Endpoint: _167_ (rising edge-triggered flip-flop clocked by clk)
Path Group: clk
Path Type: max

Fanout         Cap        Slew       Delay        Time   Description
---------------------------------------------------------------------------------------------
                                  0.000000    0.000000   clock clk (rise edge)
                                  0.000000    0.000000   clock source latency
     1    0.029944    0.222532    0.110597    0.110597 ^ clk (in)
     4    0.096325    0.218041    0.415941    0.526538 ^ clkbuf_0_clk/Z (gf180mcu_fd_sc_mcu7t5v0__clkbuf_16)
     5    0.026186    0.126389    0.343752    0.870290 ^ clkbuf_2_1__f_clk/Z (gf180mcu_fd_sc_mcu7t5v0__clkbuf_16)
                      0.126389    0.000215    0.870505 ^ _153_/CLK (gf180mcu_fd_sc_mcu7t5v0__dffq_1)
     6    0.031676    0.799151    1.496914    2.367419 ^ _153_/Q (gf180mcu_fd_sc_mcu7t5v0__dffq_1)
     4    0.026909    0.757047    1.151500    3.518919 ^ _081_/Z (gf180mcu_fd_sc_mcu7t5v0__and4_1)
     2    0.015295    0.746362    0.574063    4.092982 v _084_/ZN (gf180mcu_fd_sc_mcu7t5v0__nand4_1)
     2    0.009071    0.374797    0.395443    4.488425 ^ _085_/ZN (gf180mcu_fd_sc_mcu7t5v0__clkinv_1)
     5    0.033893    0.741276    0.555205    5.043630 v _087_/ZN (gf180mcu_fd_sc_mcu7t5v0__nand2_1)
     3    0.017658    0.973076    0.785178    5.828808 ^ _144_/ZN (gf180mcu_fd_sc_mcu7t5v0__nor2_1)
     1    0.005024    0.471268    0.379373    6.208181 v _145_/ZN (gf180mcu_fd_sc_mcu7t5v0__aoi22_1)
     1    0.003006    0.336239    0.329106    6.537286 ^ _146_/ZN (gf180mcu_fd_sc_mcu7t5v0__nor2_1)
                      0.336239    0.000031    6.537318 ^ _167_/D (gf180mcu_fd_sc_mcu7t5v0__dffq_1)
                                              6.537318   data arrival time

                               1000.000000 1000.000000   clock clk (rise edge)
                                  0.000000 1000.000000   clock source latency
     1    0.029944    0.222532    0.100044 1000.100098 ^ clk (in)
     4    0.096325    0.218041    0.376303 1000.476379 ^ clkbuf_0_clk/Z (gf180mcu_fd_sc_mcu7t5v0__clkbuf_16)
     5    0.025222    0.125104    0.309683 1000.786072 ^ clkbuf_2_2__f_clk/Z (gf180mcu_fd_sc_mcu7t5v0__clkbuf_16)
                      0.125104    0.000227 1000.786255 ^ _167_/CLK (gf180mcu_fd_sc_mcu7t5v0__dffq_1)
                                 -0.250000 1000.536316   clock uncertainty
                                  0.050146 1000.586426   clock reconvergence pessimism
                                 -0.399844 1000.186584   library setup time
                                           1000.186584   data required time
---------------------------------------------------------------------------------------------
                                           1000.186584   data required time
                                             -6.537318   data arrival time
---------------------------------------------------------------------------------------------
                                            993.649231   slack (MET)


Startpoint: _153_ (rising edge-triggered flip-flop clocked by clk)
Endpoint: _165_ (rising edge-triggered flip-flop clocked by clk)
Path Group: clk
Path Type: max

Fanout         Cap        Slew       Delay        Time   Description
---------------------------------------------------------------------------------------------
                                  0.000000    0.000000   clock clk (rise edge)
                                  0.000000    0.000000   clock source latency
     1    0.029944    0.222532    0.110597    0.110597 ^ clk (in)
     4    0.096325    0.218041    0.415941    0.526538 ^ clkbuf_0_clk/Z (gf180mcu_fd_sc_mcu7t5v0__clkbuf_16)
     5    0.026186    0.126389    0.343752    0.870290 ^ clkbuf_2_1__f_clk/Z (gf180mcu_fd_sc_mcu7t5v0__clkbuf_16)
                      0.126389    0.000215    0.870505 ^ _153_/CLK (gf180mcu_fd_sc_mcu7t5v0__dffq_1)
     6    0.031676    0.799151    1.496914    2.367419 ^ _153_/Q (gf180mcu_fd_sc_mcu7t5v0__dffq_1)
     4    0.026909    0.757047    1.151500    3.518919 ^ _081_/Z (gf180mcu_fd_sc_mcu7t5v0__and4_1)
     2    0.015295    0.746362    0.574063    4.092982 v _084_/ZN (gf180mcu_fd_sc_mcu7t5v0__nand4_1)
     2    0.009071    0.374797    0.395443    4.488425 ^ _085_/ZN (gf180mcu_fd_sc_mcu7t5v0__clkinv_1)
     2    0.017584    0.495983    0.635451    5.123876 ^ _086_/Z (gf180mcu_fd_sc_mcu7t5v0__and2_1)
    10    0.059740    0.739174    0.699601    5.823477 ^ fanout14/Z (gf180mcu_fd_sc_mcu7t5v0__buf_2)
     1    0.006133    0.358906    0.305098    6.128575 v _140_/ZN (gf180mcu_fd_sc_mcu7t5v0__oai21_1)
     1    0.003254    0.433179    0.429362    6.557938 ^ _141_/ZN (gf180mcu_fd_sc_mcu7t5v0__aoi21_1)
                      0.433179    0.000064    6.558002 ^ _165_/D (gf180mcu_fd_sc_mcu7t5v0__dffq_1)
                                              6.558002   data arrival time

                               1000.000000 1000.000000   clock clk (rise edge)
                                  0.000000 1000.000000   clock source latency
     1    0.029944    0.222532    0.100044 1000.100098 ^ clk (in)
     4    0.096325    0.218041    0.376303 1000.476379 ^ clkbuf_0_clk/Z (gf180mcu_fd_sc_mcu7t5v0__clkbuf_16)
     5    0.026186    0.126389    0.311047 1000.787415 ^ clkbuf_2_1__f_clk/Z (gf180mcu_fd_sc_mcu7t5v0__clkbuf_16)
                      0.126389    0.000227 1000.787659 ^ _165_/CLK (gf180mcu_fd_sc_mcu7t5v0__dffq_1)
                                 -0.250000 1000.537659   clock uncertainty
                                  0.082885 1000.620544   clock reconvergence pessimism
                                 -0.409947 1000.210571   library setup time
                                           1000.210571   data required time
---------------------------------------------------------------------------------------------
                                           1000.210571   data required time
                                             -6.558002   data arrival time
---------------------------------------------------------------------------------------------
                                            993.652527   slack (MET)


Startpoint: _153_ (rising edge-triggered flip-flop clocked by clk)
Endpoint: _168_ (rising edge-triggered flip-flop clocked by clk)
Path Group: clk
Path Type: max

Fanout         Cap        Slew       Delay        Time   Description
---------------------------------------------------------------------------------------------
                                  0.000000    0.000000   clock clk (rise edge)
                                  0.000000    0.000000   clock source latency
     1    0.029944    0.222532    0.110597    0.110597 ^ clk (in)
     4    0.096325    0.218041    0.415941    0.526538 ^ clkbuf_0_clk/Z (gf180mcu_fd_sc_mcu7t5v0__clkbuf_16)
     5    0.026186    0.126389    0.343752    0.870290 ^ clkbuf_2_1__f_clk/Z (gf180mcu_fd_sc_mcu7t5v0__clkbuf_16)
                      0.126389    0.000215    0.870505 ^ _153_/CLK (gf180mcu_fd_sc_mcu7t5v0__dffq_1)
     6    0.031676    0.799151    1.496914    2.367419 ^ _153_/Q (gf180mcu_fd_sc_mcu7t5v0__dffq_1)
     4    0.026909    0.757047    1.151500    3.518919 ^ _081_/Z (gf180mcu_fd_sc_mcu7t5v0__and4_1)
     2    0.015295    0.746362    0.574063    4.092982 v _084_/ZN (gf180mcu_fd_sc_mcu7t5v0__nand4_1)
     2    0.009071    0.374797    0.395443    4.488425 ^ _085_/ZN (gf180mcu_fd_sc_mcu7t5v0__clkinv_1)
     5    0.033893    0.741276    0.555205    5.043630 v _087_/ZN (gf180mcu_fd_sc_mcu7t5v0__nand2_1)
     3    0.017658    0.973076    0.785178    5.828808 ^ _144_/ZN (gf180mcu_fd_sc_mcu7t5v0__nor2_1)
     1    0.004612    0.465734    0.371911    6.200720 v _147_/ZN (gf180mcu_fd_sc_mcu7t5v0__aoi22_1)
     1    0.002631    0.319919    0.317450    6.518170 ^ _148_/ZN (gf180mcu_fd_sc_mcu7t5v0__nor2_1)
                      0.319919    0.000026    6.518196 ^ _168_/D (gf180mcu_fd_sc_mcu7t5v0__dffq_1)
                                              6.518196   data arrival time

                               1000.000000 1000.000000   clock clk (rise edge)
                                  0.000000 1000.000000   clock source latency
     1    0.029944    0.222532    0.100044 1000.100098 ^ clk (in)
     4    0.096325    0.218041    0.376303 1000.476379 ^ clkbuf_0_clk/Z (gf180mcu_fd_sc_mcu7t5v0__clkbuf_16)
     5    0.025222    0.125104    0.309683 1000.786072 ^ clkbuf_2_2__f_clk/Z (gf180mcu_fd_sc_mcu7t5v0__clkbuf_16)
                      0.125104    0.000341 1000.786377 ^ _168_/CLK (gf180mcu_fd_sc_mcu7t5v0__dffq_1)
                                 -0.250000 1000.536377   clock uncertainty
                                  0.050146 1000.586548   clock reconvergence pessimism
                                 -0.398081 1000.188416   library setup time
                                           1000.188416   data required time
---------------------------------------------------------------------------------------------
                                           1000.188416   data required time
                                             -6.518196   data arrival time
---------------------------------------------------------------------------------------------
                                            993.670166   slack (MET)


Startpoint: _153_ (rising edge-triggered flip-flop clocked by clk)
Endpoint: _166_ (rising edge-triggered flip-flop clocked by clk)
Path Group: clk
Path Type: max

Fanout         Cap        Slew       Delay        Time   Description
---------------------------------------------------------------------------------------------
                                  0.000000    0.000000   clock clk (rise edge)
                                  0.000000    0.000000   clock source latency
     1    0.029944    0.222532    0.110597    0.110597 ^ clk (in)
     4    0.096325    0.218041    0.415941    0.526538 ^ clkbuf_0_clk/Z (gf180mcu_fd_sc_mcu7t5v0__clkbuf_16)
     5    0.026186    0.126389    0.343752    0.870290 ^ clkbuf_2_1__f_clk/Z (gf180mcu_fd_sc_mcu7t5v0__clkbuf_16)
                      0.126389    0.000215    0.870505 ^ _153_/CLK (gf180mcu_fd_sc_mcu7t5v0__dffq_1)
     6    0.031676    0.799151    1.496914    2.367419 ^ _153_/Q (gf180mcu_fd_sc_mcu7t5v0__dffq_1)
     4    0.026909    0.757047    1.151500    3.518919 ^ _081_/Z (gf180mcu_fd_sc_mcu7t5v0__and4_1)
     2    0.015295    0.746362    0.574063    4.092982 v _084_/ZN (gf180mcu_fd_sc_mcu7t5v0__nand4_1)
     2    0.009071    0.374797    0.395443    4.488425 ^ _085_/ZN (gf180mcu_fd_sc_mcu7t5v0__clkinv_1)
     2    0.017584    0.495983    0.635451    5.123876 ^ _086_/Z (gf180mcu_fd_sc_mcu7t5v0__and2_1)
     5    0.034865    0.455511    0.523962    5.647839 ^ fanout15/Z (gf180mcu_fd_sc_mcu7t5v0__buf_2)
     1    0.005066    0.241145    0.233217    5.881055 v _142_/ZN (gf180mcu_fd_sc_mcu7t5v0__nor2_1)
     1    0.003248    0.708541    0.598093    6.479148 ^ _143_/ZN (gf180mcu_fd_sc_mcu7t5v0__aoi211_1)
                      0.708541    0.000036    6.479185 ^ _166_/D (gf180mcu_fd_sc_mcu7t5v0__dffq_1)
                                              6.479185   data arrival time

                               1000.000000 1000.000000   clock clk (rise edge)
                                  0.000000 1000.000000   clock source latency
     1    0.029944    0.222532    0.100044 1000.100098 ^ clk (in)
     4    0.096325    0.218041    0.376303 1000.476379 ^ clkbuf_0_clk/Z (gf180mcu_fd_sc_mcu7t5v0__clkbuf_16)
     5    0.026186    0.126389    0.311047 1000.787415 ^ clkbuf_2_1__f_clk/Z (gf180mcu_fd_sc_mcu7t5v0__clkbuf_16)
                      0.126389    0.000227 1000.787659 ^ _166_/CLK (gf180mcu_fd_sc_mcu7t5v0__dffq_1)
                                 -0.250000 1000.537659   clock uncertainty
                                  0.082885 1000.620544   clock reconvergence pessimism
                                 -0.437851 1000.182739   library setup time
                                           1000.182739   data required time
---------------------------------------------------------------------------------------------
                                           1000.182739   data required time
                                             -6.479185   data arrival time
---------------------------------------------------------------------------------------------
                                            993.703491   slack (MET)


Startpoint: _153_ (rising edge-triggered flip-flop clocked by clk)
Endpoint: _169_ (rising edge-triggered flip-flop clocked by clk)
Path Group: clk
Path Type: max

Fanout         Cap        Slew       Delay        Time   Description
---------------------------------------------------------------------------------------------
                                  0.000000    0.000000   clock clk (rise edge)
                                  0.000000    0.000000   clock source latency
     1    0.029944    0.222532    0.110597    0.110597 ^ clk (in)
     4    0.096325    0.218041    0.415941    0.526538 ^ clkbuf_0_clk/Z (gf180mcu_fd_sc_mcu7t5v0__clkbuf_16)
     5    0.026186    0.126389    0.343752    0.870290 ^ clkbuf_2_1__f_clk/Z (gf180mcu_fd_sc_mcu7t5v0__clkbuf_16)
                      0.126389    0.000215    0.870505 ^ _153_/CLK (gf180mcu_fd_sc_mcu7t5v0__dffq_1)
     6    0.031676    0.799151    1.496914    2.367419 ^ _153_/Q (gf180mcu_fd_sc_mcu7t5v0__dffq_1)
     4    0.026909    0.757047    1.151500    3.518919 ^ _081_/Z (gf180mcu_fd_sc_mcu7t5v0__and4_1)
     2    0.015295    0.746362    0.574063    4.092982 v _084_/ZN (gf180mcu_fd_sc_mcu7t5v0__nand4_1)
     2    0.009071    0.374797    0.395443    4.488425 ^ _085_/ZN (gf180mcu_fd_sc_mcu7t5v0__clkinv_1)
     2    0.017584    0.495983    0.635451    5.123876 ^ _086_/Z (gf180mcu_fd_sc_mcu7t5v0__and2_1)
     5    0.034865    0.455511    0.523962    5.647839 ^ fanout15/Z (gf180mcu_fd_sc_mcu7t5v0__buf_2)
     1    0.005033    0.278512    0.250770    5.898608 v _149_/ZN (gf180mcu_fd_sc_mcu7t5v0__oai21_1)
     1    0.002794    0.339397    0.288811    6.187419 ^ _150_/ZN (gf180mcu_fd_sc_mcu7t5v0__nor2_1)
                      0.339397    0.000028    6.187447 ^ _169_/D (gf180mcu_fd_sc_mcu7t5v0__dffq_1)
                                              6.187447   data arrival time

                               1000.000000 1000.000000   clock clk (rise edge)
                                  0.000000 1000.000000   clock source latency
     1    0.029944    0.222532    0.100044 1000.100098 ^ clk (in)
     4    0.096325    0.218041    0.376303 1000.476379 ^ clkbuf_0_clk/Z (gf180mcu_fd_sc_mcu7t5v0__clkbuf_16)
     5    0.025222    0.125104    0.309683 1000.786072 ^ clkbuf_2_2__f_clk/Z (gf180mcu_fd_sc_mcu7t5v0__clkbuf_16)
                      0.125104    0.000341 1000.786377 ^ _169_/CLK (gf180mcu_fd_sc_mcu7t5v0__dffq_1)
                                 -0.250000 1000.536377   clock uncertainty
                                  0.050146 1000.586548   clock reconvergence pessimism
                                 -0.400185 1000.186340   library setup time
                                           1000.186340   data required time
---------------------------------------------------------------------------------------------
                                           1000.186340   data required time
                                             -6.187447   data arrival time
---------------------------------------------------------------------------------------------
                                            993.998962   slack (MET)


Startpoint: _153_ (rising edge-triggered flip-flop clocked by clk)
Endpoint: _170_ (rising edge-triggered flip-flop clocked by clk)
Path Group: clk
Path Type: max

Fanout         Cap        Slew       Delay        Time   Description
---------------------------------------------------------------------------------------------
                                  0.000000    0.000000   clock clk (rise edge)
                                  0.000000    0.000000   clock source latency
     1    0.029944    0.222532    0.110597    0.110597 ^ clk (in)
     4    0.096325    0.218041    0.415941    0.526538 ^ clkbuf_0_clk/Z (gf180mcu_fd_sc_mcu7t5v0__clkbuf_16)
     5    0.026186    0.126389    0.343752    0.870290 ^ clkbuf_2_1__f_clk/Z (gf180mcu_fd_sc_mcu7t5v0__clkbuf_16)
                      0.126389    0.000215    0.870505 ^ _153_/CLK (gf180mcu_fd_sc_mcu7t5v0__dffq_1)
     6    0.031676    0.799151    1.496914    2.367419 ^ _153_/Q (gf180mcu_fd_sc_mcu7t5v0__dffq_1)
     4    0.026909    0.757047    1.151500    3.518919 ^ _081_/Z (gf180mcu_fd_sc_mcu7t5v0__and4_1)
     2    0.015295    0.746362    0.574063    4.092982 v _084_/ZN (gf180mcu_fd_sc_mcu7t5v0__nand4_1)
     2    0.009071    0.374797    0.395443    4.488425 ^ _085_/ZN (gf180mcu_fd_sc_mcu7t5v0__clkinv_1)
     2    0.017584    0.495983    0.635451    5.123876 ^ _086_/Z (gf180mcu_fd_sc_mcu7t5v0__and2_1)
     5    0.034865    0.455511    0.523962    5.647839 ^ fanout15/Z (gf180mcu_fd_sc_mcu7t5v0__buf_2)
     1    0.006023    0.235661    0.204243    5.852081 v _088_/ZN (gf180mcu_fd_sc_mcu7t5v0__nand2_1)
     1    0.002718    0.413709    0.264222    6.116303 ^ _151_/ZN (gf180mcu_fd_sc_mcu7t5v0__aoi21_1)
                      0.413709    0.000028    6.116330 ^ _170_/D (gf180mcu_fd_sc_mcu7t5v0__dffq_1)
                                              6.116330   data arrival time

                               1000.000000 1000.000000   clock clk (rise edge)
                                  0.000000 1000.000000   clock source latency
     1    0.029944    0.222532    0.100044 1000.100098 ^ clk (in)
     4    0.096325    0.218041    0.376303 1000.476379 ^ clkbuf_0_clk/Z (gf180mcu_fd_sc_mcu7t5v0__clkbuf_16)
     5    0.025222    0.125104    0.309683 1000.786072 ^ clkbuf_2_2__f_clk/Z (gf180mcu_fd_sc_mcu7t5v0__clkbuf_16)
                      0.125104    0.000114 1000.786194 ^ _170_/CLK (gf180mcu_fd_sc_mcu7t5v0__dffq_1)
                                 -0.250000 1000.536194   clock uncertainty
                                  0.050146 1000.586304   clock reconvergence pessimism
                                 -0.408212 1000.178040   library setup time
                                           1000.178040   data required time
---------------------------------------------------------------------------------------------
                                           1000.178040   data required time
                                             -6.116330   data arrival time
---------------------------------------------------------------------------------------------
                                            994.061707   slack (MET)


Startpoint: _153_ (rising edge-triggered flip-flop clocked by clk)
Endpoint: _160_ (rising edge-triggered flip-flop clocked by clk)
Path Group: clk
Path Type: max

Fanout         Cap        Slew       Delay        Time   Description
---------------------------------------------------------------------------------------------
                                  0.000000    0.000000   clock clk (rise edge)
                                  0.000000    0.000000   clock source latency
     1    0.029944    0.222532    0.110597    0.110597 ^ clk (in)
     4    0.096325    0.218041    0.415941    0.526538 ^ clkbuf_0_clk/Z (gf180mcu_fd_sc_mcu7t5v0__clkbuf_16)
     5    0.026186    0.126389    0.343752    0.870290 ^ clkbuf_2_1__f_clk/Z (gf180mcu_fd_sc_mcu7t5v0__clkbuf_16)
                      0.126389    0.000215    0.870505 ^ _153_/CLK (gf180mcu_fd_sc_mcu7t5v0__dffq_1)
     6    0.031676    0.799151    1.496914    2.367419 ^ _153_/Q (gf180mcu_fd_sc_mcu7t5v0__dffq_1)
     4    0.026909    0.757047    1.151500    3.518919 ^ _081_/Z (gf180mcu_fd_sc_mcu7t5v0__and4_1)
     2    0.015295    0.746362    0.574063    4.092982 v _084_/ZN (gf180mcu_fd_sc_mcu7t5v0__nand4_1)
     3    0.017646    0.502981    1.022284    5.115266 v _117_/Z (gf180mcu_fd_sc_mcu7t5v0__xor2_1)
     1    0.002964    0.266743    0.303211    5.418477 ^ _131_/ZN (gf180mcu_fd_sc_mcu7t5v0__nand2_1)
                      0.266743    0.000031    5.418508 ^ _160_/D (gf180mcu_fd_sc_mcu7t5v0__dffq_1)
                                              5.418508   data arrival time

                               1000.000000 1000.000000   clock clk (rise edge)
                                  0.000000 1000.000000   clock source latency
     1    0.029944    0.222532    0.100044 1000.100098 ^ clk (in)
     4    0.096325    0.218041    0.376303 1000.476379 ^ clkbuf_0_clk/Z (gf180mcu_fd_sc_mcu7t5v0__clkbuf_16)
     5    0.025650    0.125676    0.310138 1000.786499 ^ clkbuf_2_3__f_clk/Z (gf180mcu_fd_sc_mcu7t5v0__clkbuf_16)
                      0.125676    0.000227 1000.786743 ^ _160_/CLK (gf180mcu_fd_sc_mcu7t5v0__dffq_1)
                                 -0.250000 1000.536743   clock uncertainty
                                  0.050146 1000.586853   clock reconvergence pessimism
                                 -0.390113 1000.196838   library setup time
                                           1000.196838   data required time
---------------------------------------------------------------------------------------------
                                           1000.196838   data required time
                                             -5.418508   data arrival time
---------------------------------------------------------------------------------------------
                                            994.778259   slack (MET)


Startpoint: _153_ (rising edge-triggered flip-flop clocked by clk)
Endpoint: _159_ (rising edge-triggered flip-flop clocked by clk)
Path Group: clk
Path Type: max

Fanout         Cap        Slew       Delay        Time   Description
---------------------------------------------------------------------------------------------
                                  0.000000    0.000000   clock clk (rise edge)
                                  0.000000    0.000000   clock source latency
     1    0.029944    0.222532    0.110597    0.110597 ^ clk (in)
     4    0.096325    0.218041    0.415941    0.526538 ^ clkbuf_0_clk/Z (gf180mcu_fd_sc_mcu7t5v0__clkbuf_16)
     5    0.026186    0.126389    0.343752    0.870290 ^ clkbuf_2_1__f_clk/Z (gf180mcu_fd_sc_mcu7t5v0__clkbuf_16)
                      0.126389    0.000215    0.870505 ^ _153_/CLK (gf180mcu_fd_sc_mcu7t5v0__dffq_1)
     6    0.031676    0.799151    1.496914    2.367419 ^ _153_/Q (gf180mcu_fd_sc_mcu7t5v0__dffq_1)
     4    0.026909    0.757047    1.151500    3.518919 ^ _081_/Z (gf180mcu_fd_sc_mcu7t5v0__and4_1)
     1    0.008173    0.423936    0.329632    3.848551 v _083_/ZN (gf180mcu_fd_sc_mcu7t5v0__nand3_1)
     3    0.018463    0.467600    0.915763    4.764314 v _115_/Z (gf180mcu_fd_sc_mcu7t5v0__xor2_1)
     1    0.003020    0.260961    0.294156    5.058470 ^ _130_/ZN (gf180mcu_fd_sc_mcu7t5v0__nand2_1)
                      0.260961    0.000032    5.058502 ^ _159_/D (gf180mcu_fd_sc_mcu7t5v0__dffq_1)
                                              5.058502   data arrival time

                               1000.000000 1000.000000   clock clk (rise edge)
                                  0.000000 1000.000000   clock source latency
     1    0.029944    0.222532    0.100044 1000.100098 ^ clk (in)
     4    0.096325    0.218041    0.376303 1000.476379 ^ clkbuf_0_clk/Z (gf180mcu_fd_sc_mcu7t5v0__clkbuf_16)
     5    0.025650    0.125676    0.310138 1000.786499 ^ clkbuf_2_3__f_clk/Z (gf180mcu_fd_sc_mcu7t5v0__clkbuf_16)
                      0.125676    0.000000 1000.786499 ^ _159_/CLK (gf180mcu_fd_sc_mcu7t5v0__dffq_1)
                                 -0.250000 1000.536499   clock uncertainty
                                  0.050146 1000.586670   clock reconvergence pessimism
                                 -0.388905 1000.197754   library setup time
                                           1000.197754   data required time
---------------------------------------------------------------------------------------------
                                           1000.197754   data required time
                                             -5.058502   data arrival time
---------------------------------------------------------------------------------------------
                                            995.139221   slack (MET)


Startpoint: _153_ (rising edge-triggered flip-flop clocked by clk)
Endpoint: _157_ (rising edge-triggered flip-flop clocked by clk)
Path Group: clk
Path Type: max

Fanout         Cap        Slew       Delay        Time   Description
---------------------------------------------------------------------------------------------
                                  0.000000    0.000000   clock clk (rise edge)
                                  0.000000    0.000000   clock source latency
     1    0.029944    0.222532    0.110597    0.110597 ^ clk (in)
     4    0.096325    0.218041    0.415941    0.526538 ^ clkbuf_0_clk/Z (gf180mcu_fd_sc_mcu7t5v0__clkbuf_16)
     5    0.026186    0.126389    0.343752    0.870290 ^ clkbuf_2_1__f_clk/Z (gf180mcu_fd_sc_mcu7t5v0__clkbuf_16)
                      0.126389    0.000215    0.870505 ^ _153_/CLK (gf180mcu_fd_sc_mcu7t5v0__dffq_1)
     6    0.031676    0.799151    1.496914    2.367419 ^ _153_/Q (gf180mcu_fd_sc_mcu7t5v0__dffq_1)
     4    0.026909    0.757047    1.151500    3.518919 ^ _081_/Z (gf180mcu_fd_sc_mcu7t5v0__and4_1)
     2    0.012883    0.849567    0.803880    4.322798 ^ _110_/Z (gf180mcu_fd_sc_mcu7t5v0__xor2_1)
     2    0.010278    0.404350    0.342208    4.665006 v _111_/ZN (gf180mcu_fd_sc_mcu7t5v0__clkinv_1)
     1    0.002963    0.245973    0.274799    4.939805 ^ _128_/ZN (gf180mcu_fd_sc_mcu7t5v0__nand2_1)
                      0.245973    0.000031    4.939836 ^ _157_/D (gf180mcu_fd_sc_mcu7t5v0__dffq_1)
                                              4.939836   data arrival time

                               1000.000000 1000.000000   clock clk (rise edge)
                                  0.000000 1000.000000   clock source latency
     1    0.029944    0.222532    0.100044 1000.100098 ^ clk (in)
     4    0.096325    0.218041    0.376303 1000.476379 ^ clkbuf_0_clk/Z (gf180mcu_fd_sc_mcu7t5v0__clkbuf_16)
     5    0.025650    0.125676    0.310138 1000.786499 ^ clkbuf_2_3__f_clk/Z (gf180mcu_fd_sc_mcu7t5v0__clkbuf_16)
                      0.125676    0.000000 1000.786499 ^ _157_/CLK (gf180mcu_fd_sc_mcu7t5v0__dffq_1)
                                 -0.250000 1000.536499   clock uncertainty
                                  0.050146 1000.586670   clock reconvergence pessimism
                                 -0.385772 1000.200928   library setup time
                                           1000.200928   data required time
---------------------------------------------------------------------------------------------
                                           1000.200928   data required time
                                             -4.939836   data arrival time
---------------------------------------------------------------------------------------------
                                            995.261108   slack (MET)


Startpoint: _153_ (rising edge-triggered flip-flop clocked by clk)
Endpoint: _158_ (rising edge-triggered flip-flop clocked by clk)
Path Group: clk
Path Type: max

Fanout         Cap        Slew       Delay        Time   Description
---------------------------------------------------------------------------------------------
                                  0.000000    0.000000   clock clk (rise edge)
                                  0.000000    0.000000   clock source latency
     1    0.029944    0.222532    0.110597    0.110597 ^ clk (in)
     4    0.096325    0.218041    0.415941    0.526538 ^ clkbuf_0_clk/Z (gf180mcu_fd_sc_mcu7t5v0__clkbuf_16)
     5    0.026186    0.126389    0.343752    0.870290 ^ clkbuf_2_1__f_clk/Z (gf180mcu_fd_sc_mcu7t5v0__clkbuf_16)
                      0.126389    0.000215    0.870505 ^ _153_/CLK (gf180mcu_fd_sc_mcu7t5v0__dffq_1)
     6    0.031676    0.799151    1.496914    2.367419 ^ _153_/Q (gf180mcu_fd_sc_mcu7t5v0__dffq_1)
     4    0.026909    0.757047    1.151500    3.518919 ^ _081_/Z (gf180mcu_fd_sc_mcu7t5v0__and4_1)
     1    0.007738    0.328418    0.246382    3.765301 v _082_/ZN (gf180mcu_fd_sc_mcu7t5v0__nand2_1)
     3    0.017501    0.469284    0.872598    4.637899 v _113_/Z (gf180mcu_fd_sc_mcu7t5v0__xor2_1)
     1    0.002767    0.255504    0.289906    4.927805 ^ _129_/ZN (gf180mcu_fd_sc_mcu7t5v0__nand2_1)
                      0.255504    0.000028    4.927834 ^ _158_/D (gf180mcu_fd_sc_mcu7t5v0__dffq_1)
                                              4.927834   data arrival time

                               1000.000000 1000.000000   clock clk (rise edge)
                                  0.000000 1000.000000   clock source latency
     1    0.029944    0.222532    0.100044 1000.100098 ^ clk (in)
     4    0.096325    0.218041    0.376303 1000.476379 ^ clkbuf_0_clk/Z (gf180mcu_fd_sc_mcu7t5v0__clkbuf_16)
     5    0.025650    0.125676    0.310138 1000.786499 ^ clkbuf_2_3__f_clk/Z (gf180mcu_fd_sc_mcu7t5v0__clkbuf_16)
                      0.125676    0.000000 1000.786499 ^ _158_/CLK (gf180mcu_fd_sc_mcu7t5v0__dffq_1)
                                 -0.250000 1000.536499   clock uncertainty
                                  0.050146 1000.586670   clock reconvergence pessimism
                                 -0.387765 1000.198853   library setup time
                                           1000.198853   data required time
---------------------------------------------------------------------------------------------
                                           1000.198853   data required time
                                             -4.927834   data arrival time
---------------------------------------------------------------------------------------------
                                            995.270996   slack (MET)


Startpoint: _153_ (rising edge-triggered flip-flop clocked by clk)
Endpoint: _156_ (rising edge-triggered flip-flop clocked by clk)
Path Group: clk
Path Type: max

Fanout         Cap        Slew       Delay        Time   Description
---------------------------------------------------------------------------------------------
                                  0.000000    0.000000   clock clk (rise edge)
                                  0.000000    0.000000   clock source latency
     1    0.029944    0.222532    0.110597    0.110597 ^ clk (in)
     4    0.096325    0.218041    0.415941    0.526538 ^ clkbuf_0_clk/Z (gf180mcu_fd_sc_mcu7t5v0__clkbuf_16)
     5    0.026186    0.126389    0.343752    0.870290 ^ clkbuf_2_1__f_clk/Z (gf180mcu_fd_sc_mcu7t5v0__clkbuf_16)
                      0.126389    0.000215    0.870505 ^ _153_/CLK (gf180mcu_fd_sc_mcu7t5v0__dffq_1)
     6    0.031676    0.799151    1.496914    2.367419 ^ _153_/Q (gf180mcu_fd_sc_mcu7t5v0__dffq_1)
     4    0.025925    0.704949    1.001832    3.369250 ^ _080_/Z (gf180mcu_fd_sc_mcu7t5v0__and3_1)
     3    0.018083    1.072281    0.943285    4.312535 ^ _108_/Z (gf180mcu_fd_sc_mcu7t5v0__xor2_1)
     1    0.002913    0.176861    0.434227    4.746763 ^ _127_/Z (gf180mcu_fd_sc_mcu7t5v0__or2_1)
                      0.176861    0.000031    4.746794 ^ _156_/D (gf180mcu_fd_sc_mcu7t5v0__dffq_1)
                                              4.746794   data arrival time

                               1000.000000 1000.000000   clock clk (rise edge)
                                  0.000000 1000.000000   clock source latency
     1    0.029944    0.222532    0.100044 1000.100098 ^ clk (in)
     4    0.096325    0.218041    0.376303 1000.476379 ^ clkbuf_0_clk/Z (gf180mcu_fd_sc_mcu7t5v0__clkbuf_16)
     5    0.026186    0.126389    0.311047 1000.787415 ^ clkbuf_2_1__f_clk/Z (gf180mcu_fd_sc_mcu7t5v0__clkbuf_16)
                      0.126389    0.000000 1000.787415 ^ _156_/CLK (gf180mcu_fd_sc_mcu7t5v0__dffq_1)
                                 -0.250000 1000.537415   clock uncertainty
                                  0.082885 1000.620300   clock reconvergence pessimism
                                 -0.371115 1000.249207   library setup time
                                           1000.249207   data required time
---------------------------------------------------------------------------------------------
                                           1000.249207   data required time
                                             -4.746794   data arrival time
---------------------------------------------------------------------------------------------
                                            995.502441   slack (MET)


Startpoint: _153_ (rising edge-triggered flip-flop clocked by clk)
Endpoint: _155_ (rising edge-triggered flip-flop clocked by clk)
Path Group: clk
Path Type: max

Fanout         Cap        Slew       Delay        Time   Description
---------------------------------------------------------------------------------------------
                                  0.000000    0.000000   clock clk (rise edge)
                                  0.000000    0.000000   clock source latency
     1    0.029944    0.222532    0.110597    0.110597 ^ clk (in)
     4    0.096325    0.218041    0.415941    0.526538 ^ clkbuf_0_clk/Z (gf180mcu_fd_sc_mcu7t5v0__clkbuf_16)
     5    0.026186    0.126389    0.343752    0.870290 ^ clkbuf_2_1__f_clk/Z (gf180mcu_fd_sc_mcu7t5v0__clkbuf_16)
                      0.126389    0.000215    0.870505 ^ _153_/CLK (gf180mcu_fd_sc_mcu7t5v0__dffq_1)
     6    0.031676    0.799151    1.496914    2.367419 ^ _153_/Q (gf180mcu_fd_sc_mcu7t5v0__dffq_1)
     4    0.025925    0.704949    1.001832    3.369250 ^ _080_/Z (gf180mcu_fd_sc_mcu7t5v0__and3_1)
     1    0.003421    0.358089    0.204467    3.573717 v _126_/ZN (gf180mcu_fd_sc_mcu7t5v0__oai21_1)
                      0.358089    0.000069    3.573786 v _155_/D (gf180mcu_fd_sc_mcu7t5v0__dffq_1)
                                              3.573786   data arrival time

                               1000.000000 1000.000000   clock clk (rise edge)
                                  0.000000 1000.000000   clock source latency
     1    0.029944    0.222532    0.100044 1000.100098 ^ clk (in)
     4    0.096325    0.218041    0.376303 1000.476379 ^ clkbuf_0_clk/Z (gf180mcu_fd_sc_mcu7t5v0__clkbuf_16)
     5    0.026186    0.126389    0.311047 1000.787415 ^ clkbuf_2_1__f_clk/Z (gf180mcu_fd_sc_mcu7t5v0__clkbuf_16)
                      0.126389    0.000114 1000.787537 ^ _155_/CLK (gf180mcu_fd_sc_mcu7t5v0__dffq_1)
                                 -0.250000 1000.537537   clock uncertainty
                                  0.082885 1000.620422   clock reconvergence pessimism
                                 -0.443692 1000.176697   library setup time
                                           1000.176697   data required time
---------------------------------------------------------------------------------------------
                                           1000.176697   data required time
                                             -3.573786   data arrival time
---------------------------------------------------------------------------------------------
                                            996.602966   slack (MET)


Startpoint: _153_ (rising edge-triggered flip-flop clocked by clk)
Endpoint: _154_ (rising edge-triggered flip-flop clocked by clk)
Path Group: clk
Path Type: max

Fanout         Cap        Slew       Delay        Time   Description
---------------------------------------------------------------------------------------------
                                  0.000000    0.000000   clock clk (rise edge)
                                  0.000000    0.000000   clock source latency
     1    0.029944    0.222532    0.110597    0.110597 ^ clk (in)
     4    0.096325    0.218041    0.415941    0.526538 ^ clkbuf_0_clk/Z (gf180mcu_fd_sc_mcu7t5v0__clkbuf_16)
     5    0.026186    0.126389    0.343752    0.870290 ^ clkbuf_2_1__f_clk/Z (gf180mcu_fd_sc_mcu7t5v0__clkbuf_16)
                      0.126389    0.000215    0.870505 ^ _153_/CLK (gf180mcu_fd_sc_mcu7t5v0__dffq_1)
     6    0.031676    0.799151    1.496914    2.367419 ^ _153_/Q (gf180mcu_fd_sc_mcu7t5v0__dffq_1)
     2    0.011304    0.830495    0.710442    3.077861 ^ _105_/ZN (gf180mcu_fd_sc_mcu7t5v0__xnor2_1)
     1    0.002840    0.272595    0.161623    3.239484 v _125_/ZN (gf180mcu_fd_sc_mcu7t5v0__nand2_1)
                      0.272595    0.000029    3.239513 v _154_/D (gf180mcu_fd_sc_mcu7t5v0__dffq_1)
                                              3.239513   data arrival time

                               1000.000000 1000.000000   clock clk (rise edge)
                                  0.000000 1000.000000   clock source latency
     1    0.029944    0.222532    0.100044 1000.100098 ^ clk (in)
     4    0.096325    0.218041    0.376303 1000.476379 ^ clkbuf_0_clk/Z (gf180mcu_fd_sc_mcu7t5v0__clkbuf_16)
     5    0.022983    0.122121    0.307409 1000.783752 ^ clkbuf_2_0__f_clk/Z (gf180mcu_fd_sc_mcu7t5v0__clkbuf_16)
                      0.122121    0.000114 1000.783875 ^ _154_/CLK (gf180mcu_fd_sc_mcu7t5v0__dffq_1)
                                 -0.250000 1000.533875   clock uncertainty
                                  0.050146 1000.584045   clock reconvergence pessimism
                                 -0.417812 1000.166260   library setup time
                                           1000.166260   data required time
---------------------------------------------------------------------------------------------
                                           1000.166260   data required time
                                             -3.239513   data arrival time
---------------------------------------------------------------------------------------------
                                            996.926758   slack (MET)


Startpoint: _153_ (rising edge-triggered flip-flop clocked by clk)
Endpoint: _153_ (rising edge-triggered flip-flop clocked by clk)
Path Group: clk
Path Type: max

Fanout         Cap        Slew       Delay        Time   Description
---------------------------------------------------------------------------------------------
                                  0.000000    0.000000   clock clk (rise edge)
                                  0.000000    0.000000   clock source latency
     1    0.029944    0.222532    0.110597    0.110597 ^ clk (in)
     4    0.096325    0.218041    0.415941    0.526538 ^ clkbuf_0_clk/Z (gf180mcu_fd_sc_mcu7t5v0__clkbuf_16)
     5    0.026186    0.126389    0.343752    0.870290 ^ clkbuf_2_1__f_clk/Z (gf180mcu_fd_sc_mcu7t5v0__clkbuf_16)
                      0.126389    0.000215    0.870505 ^ _153_/CLK (gf180mcu_fd_sc_mcu7t5v0__dffq_1)
     6    0.031676    0.799151    1.496914    2.367419 ^ _153_/Q (gf180mcu_fd_sc_mcu7t5v0__dffq_1)
     1    0.002631    0.253659    0.174749    2.542168 v _124_/ZN (gf180mcu_fd_sc_mcu7t5v0__nand2_1)
                      0.253659    0.000026    2.542193 v _153_/D (gf180mcu_fd_sc_mcu7t5v0__dffq_1)
                                              2.542193   data arrival time

                               1000.000000 1000.000000   clock clk (rise edge)
                                  0.000000 1000.000000   clock source latency
     1    0.029944    0.222532    0.100044 1000.100098 ^ clk (in)
     4    0.096325    0.218041    0.376303 1000.476379 ^ clkbuf_0_clk/Z (gf180mcu_fd_sc_mcu7t5v0__clkbuf_16)
     5    0.026186    0.126389    0.311047 1000.787415 ^ clkbuf_2_1__f_clk/Z (gf180mcu_fd_sc_mcu7t5v0__clkbuf_16)
                      0.126389    0.000227 1000.787659 ^ _153_/CLK (gf180mcu_fd_sc_mcu7t5v0__dffq_1)
                                 -0.250000 1000.537659   clock uncertainty
                                  0.082905 1000.620544   clock reconvergence pessimism
                                 -0.412721 1000.207825   library setup time
                                           1000.207825   data required time
---------------------------------------------------------------------------------------------
                                           1000.207825   data required time
                                             -2.542193   data arrival time
---------------------------------------------------------------------------------------------
                                            997.665710   slack (MET)


R2R_END_SETUP nom_tt_025C_3v30
R2R_BEGIN_HOLD nom_tt_025C_3v30
Startpoint: _170_ (rising edge-triggered flip-flop clocked by clk)
Endpoint: _170_ (rising edge-triggered flip-flop clocked by clk)
Path Group: clk
Path Type: min

Fanout         Cap        Slew       Delay        Time   Description
---------------------------------------------------------------------------------------------
                                  0.000000    0.000000   clock clk (rise edge)
                                  0.000000    0.000000   clock source latency
     1    0.029944    0.222532    0.100064    0.100064 ^ clk (in)
     4    0.096325    0.218041    0.376327    0.476391 ^ clkbuf_0_clk/Z (gf180mcu_fd_sc_mcu7t5v0__clkbuf_16)
     5    0.025222    0.125104    0.309603    0.785994 ^ clkbuf_2_2__f_clk/Z (gf180mcu_fd_sc_mcu7t5v0__clkbuf_16)
                      0.125104    0.000193    0.786188 ^ _170_/CLK (gf180mcu_fd_sc_mcu7t5v0__dffq_1)
     2    0.011311    0.222165    0.944938    1.731126 v _170_/Q (gf180mcu_fd_sc_mcu7t5v0__dffq_1)
     1    0.005134    0.231148    0.201317    1.932443 ^ _100_/ZN (gf180mcu_fd_sc_mcu7t5v0__nand2_1)
     1    0.002718    0.151203    0.138088    2.070530 v _151_/ZN (gf180mcu_fd_sc_mcu7t5v0__aoi21_1)
                      0.151203    0.000025    2.070555 v _170_/D (gf180mcu_fd_sc_mcu7t5v0__dffq_1)
                                              2.070555   data arrival time

                                  0.000000    0.000000   clock clk (rise edge)
                                  0.000000    0.000000   clock source latency
     1    0.029944    0.222532    0.110597    0.110597 ^ clk (in)
     4    0.096325    0.218041    0.415941    0.526538 ^ clkbuf_0_clk/Z (gf180mcu_fd_sc_mcu7t5v0__clkbuf_16)
     5    0.025222    0.125104    0.342193    0.868731 ^ clkbuf_2_2__f_clk/Z (gf180mcu_fd_sc_mcu7t5v0__clkbuf_16)
                      0.125104    0.000214    0.868944 ^ _170_/CLK (gf180mcu_fd_sc_mcu7t5v0__dffq_1)
                                  0.250000    1.118944   clock uncertainty
                                 -0.082757    1.036188   clock reconvergence pessimism
                                  0.065711    1.101898   library hold time
                                              1.101898   data required time
---------------------------------------------------------------------------------------------
                                              1.101898   data required time
                                             -2.070555   data arrival time
---------------------------------------------------------------------------------------------
                                              0.968657   slack (MET)


Startpoint: _153_ (rising edge-triggered flip-flop clocked by clk)
Endpoint: _153_ (rising edge-triggered flip-flop clocked by clk)
Path Group: clk
Path Type: min

Fanout         Cap        Slew       Delay        Time   Description
---------------------------------------------------------------------------------------------
                                  0.000000    0.000000   clock clk (rise edge)
                                  0.000000    0.000000   clock source latency
     1    0.029944    0.222532    0.100064    0.100064 ^ clk (in)
     4    0.096325    0.218041    0.376327    0.476391 ^ clkbuf_0_clk/Z (gf180mcu_fd_sc_mcu7t5v0__clkbuf_16)
     5    0.026186    0.126389    0.311014    0.787405 ^ clkbuf_2_1__f_clk/Z (gf180mcu_fd_sc_mcu7t5v0__clkbuf_16)
                      0.126389    0.000194    0.787600 ^ _153_/CLK (gf180mcu_fd_sc_mcu7t5v0__dffq_1)
     6    0.031676    0.442807    1.103558    1.891158 v _153_/Q (gf180mcu_fd_sc_mcu7t5v0__dffq_1)
     1    0.002631    0.214721    0.218050    2.109208 ^ _124_/ZN (gf180mcu_fd_sc_mcu7t5v0__nand2_1)
                      0.214721    0.000023    2.109231 ^ _153_/D (gf180mcu_fd_sc_mcu7t5v0__dffq_1)
                                              2.109231   data arrival time

                                  0.000000    0.000000   clock clk (rise edge)
                                  0.000000    0.000000   clock source latency
     1    0.029944    0.222532    0.110597    0.110597 ^ clk (in)
     4    0.096325    0.218041    0.415941    0.526538 ^ clkbuf_0_clk/Z (gf180mcu_fd_sc_mcu7t5v0__clkbuf_16)
     5    0.026186    0.126389    0.343752    0.870290 ^ clkbuf_2_1__f_clk/Z (gf180mcu_fd_sc_mcu7t5v0__clkbuf_16)
                      0.126389    0.000215    0.870505 ^ _153_/CLK (gf180mcu_fd_sc_mcu7t5v0__dffq_1)
                                  0.250000    1.120505   clock uncertainty
                                 -0.082905    1.037600   clock reconvergence pessimism
                                  0.031158    1.068758   library hold time
                                              1.068758   data required time
---------------------------------------------------------------------------------------------
                                              1.068758   data required time
                                             -2.109231   data arrival time
---------------------------------------------------------------------------------------------
                                              1.040474   slack (MET)


Startpoint: _169_ (rising edge-triggered flip-flop clocked by clk)
Endpoint: _169_ (rising edge-triggered flip-flop clocked by clk)
Path Group: clk
Path Type: min

Fanout         Cap        Slew       Delay        Time   Description
---------------------------------------------------------------------------------------------
                                  0.000000    0.000000   clock clk (rise edge)
                                  0.000000    0.000000   clock source latency
     1    0.029944    0.222532    0.100064    0.100064 ^ clk (in)
     4    0.096325    0.218041    0.376327    0.476391 ^ clkbuf_0_clk/Z (gf180mcu_fd_sc_mcu7t5v0__clkbuf_16)
     5    0.025222    0.125104    0.309603    0.785994 ^ clkbuf_2_2__f_clk/Z (gf180mcu_fd_sc_mcu7t5v0__clkbuf_16)
                      0.125104    0.000374    0.786369 ^ _169_/CLK (gf180mcu_fd_sc_mcu7t5v0__dffq_1)
     2    0.010320    0.211222    0.935345    1.721714 v _169_/Q (gf180mcu_fd_sc_mcu7t5v0__dffq_1)
     1    0.005033    0.365606    0.307187    2.028901 ^ _149_/ZN (gf180mcu_fd_sc_mcu7t5v0__oai21_1)
     1    0.002794    0.189065    0.170674    2.199574 v _150_/ZN (gf180mcu_fd_sc_mcu7t5v0__nor2_1)
                      0.189065    0.000025    2.199600 v _169_/D (gf180mcu_fd_sc_mcu7t5v0__dffq_1)
                                              2.199600   data arrival time

                                  0.000000    0.000000   clock clk (rise edge)
                                  0.000000    0.000000   clock source latency
     1    0.029944    0.222532    0.110597    0.110597 ^ clk (in)
     4    0.096325    0.218041    0.415941    0.526538 ^ clkbuf_0_clk/Z (gf180mcu_fd_sc_mcu7t5v0__clkbuf_16)
     5    0.025222    0.125104    0.342193    0.868731 ^ clkbuf_2_2__f_clk/Z (gf180mcu_fd_sc_mcu7t5v0__clkbuf_16)
                      0.125104    0.000414    0.869144 ^ _169_/CLK (gf180mcu_fd_sc_mcu7t5v0__dffq_1)
                                  0.250000    1.119144   clock uncertainty
                                 -0.082776    1.036369   clock reconvergence pessimism
                                  0.057472    1.093841   library hold time
                                              1.093841   data required time
---------------------------------------------------------------------------------------------
                                              1.093841   data required time
                                             -2.199600   data arrival time
---------------------------------------------------------------------------------------------
                                              1.105759   slack (MET)


Startpoint: _168_ (rising edge-triggered flip-flop clocked by clk)
Endpoint: _168_ (rising edge-triggered flip-flop clocked by clk)
Path Group: clk
Path Type: min

Fanout         Cap        Slew       Delay        Time   Description
---------------------------------------------------------------------------------------------
                                  0.000000    0.000000   clock clk (rise edge)
                                  0.000000    0.000000   clock source latency
     1    0.029944    0.222532    0.100064    0.100064 ^ clk (in)
     4    0.096325    0.218041    0.376327    0.476391 ^ clkbuf_0_clk/Z (gf180mcu_fd_sc_mcu7t5v0__clkbuf_16)
     5    0.025222    0.125104    0.309603    0.785994 ^ clkbuf_2_2__f_clk/Z (gf180mcu_fd_sc_mcu7t5v0__clkbuf_16)
                      0.125104    0.000402    0.786396 ^ _168_/CLK (gf180mcu_fd_sc_mcu7t5v0__dffq_1)
     3    0.023106    0.348822    1.038396    1.824792 v _168_/Q (gf180mcu_fd_sc_mcu7t5v0__dffq_1)
     1    0.004612    0.316814    0.271473    2.096265 ^ _147_/ZN (gf180mcu_fd_sc_mcu7t5v0__aoi22_1)
     1    0.002631    0.176378    0.163965    2.260229 v _148_/ZN (gf180mcu_fd_sc_mcu7t5v0__nor2_1)
                      0.176378    0.000023    2.260253 v _168_/D (gf180mcu_fd_sc_mcu7t5v0__dffq_1)
                                              2.260253   data arrival time

                                  0.000000    0.000000   clock clk (rise edge)
                                  0.000000    0.000000   clock source latency
     1    0.029944    0.222532    0.110597    0.110597 ^ clk (in)
     4    0.096325    0.218041    0.415941    0.526538 ^ clkbuf_0_clk/Z (gf180mcu_fd_sc_mcu7t5v0__clkbuf_16)
     5    0.025222    0.125104    0.342193    0.868731 ^ clkbuf_2_2__f_clk/Z (gf180mcu_fd_sc_mcu7t5v0__clkbuf_16)
                      0.125104    0.000444    0.869175 ^ _168_/CLK (gf180mcu_fd_sc_mcu7t5v0__dffq_1)
                                  0.250000    1.119175   clock uncertainty
                                 -0.082779    1.036396   clock reconvergence pessimism
                                  0.060233    1.096629   library hold time
                                              1.096629   data required time
---------------------------------------------------------------------------------------------
                                              1.096629   data required time
                                             -2.260253   data arrival time
---------------------------------------------------------------------------------------------
                                              1.163624   slack (MET)


Startpoint: _161_ (rising edge-triggered flip-flop clocked by clk)
Endpoint: _161_ (rising edge-triggered flip-flop clocked by clk)
Path Group: clk
Path Type: min

Fanout         Cap        Slew       Delay        Time   Description
---------------------------------------------------------------------------------------------
                                  0.000000    0.000000   clock clk (rise edge)
                                  0.000000    0.000000   clock source latency
     1    0.029944    0.222532    0.100064    0.100064 ^ clk (in)
     4    0.096325    0.218041    0.376327    0.476391 ^ clkbuf_0_clk/Z (gf180mcu_fd_sc_mcu7t5v0__clkbuf_16)
     5    0.022983    0.122121    0.307413    0.783805 ^ clkbuf_2_0__f_clk/Z (gf180mcu_fd_sc_mcu7t5v0__clkbuf_16)
                      0.122121    0.000180    0.783985 ^ _161_/CLK (gf180mcu_fd_sc_mcu7t5v0__dffq_1)
     2    0.014560    0.258276    0.971122    1.755107 v _161_/Q (gf180mcu_fd_sc_mcu7t5v0__dffq_1)
     1    0.004399    0.362454    0.272319    2.027426 ^ _132_/ZN (gf180mcu_fd_sc_mcu7t5v0__nor2_1)
     1    0.002896    0.193359    0.233025    2.260452 v _133_/ZN (gf180mcu_fd_sc_mcu7t5v0__aoi211_1)
                      0.193359    0.000027    2.260478 v _161_/D (gf180mcu_fd_sc_mcu7t5v0__dffq_1)
                                              2.260478   data arrival time

                                  0.000000    0.000000   clock clk (rise edge)
                                  0.000000    0.000000   clock source latency
     1    0.029944    0.222532    0.110597    0.110597 ^ clk (in)
     4    0.096325    0.218041    0.415941    0.526538 ^ clkbuf_0_clk/Z (gf180mcu_fd_sc_mcu7t5v0__clkbuf_16)
     5    0.022983    0.122121    0.339773    0.866311 ^ clkbuf_2_0__f_clk/Z (gf180mcu_fd_sc_mcu7t5v0__clkbuf_16)
                      0.122121    0.000199    0.866510 ^ _161_/CLK (gf180mcu_fd_sc_mcu7t5v0__dffq_1)
                                  0.250000    1.116510   clock uncertainty
                                 -0.082525    1.033985   clock reconvergence pessimism
                                  0.055800    1.089785   library hold time
                                              1.089785   data required time
---------------------------------------------------------------------------------------------
                                              1.089785   data required time
                                             -2.260478   data arrival time
---------------------------------------------------------------------------------------------
                                              1.170693   slack (MET)


Startpoint: _167_ (rising edge-triggered flip-flop clocked by clk)
Endpoint: _167_ (rising edge-triggered flip-flop clocked by clk)
Path Group: clk
Path Type: min

Fanout         Cap        Slew       Delay        Time   Description
---------------------------------------------------------------------------------------------
                                  0.000000    0.000000   clock clk (rise edge)
                                  0.000000    0.000000   clock source latency
     1    0.029944    0.222532    0.100064    0.100064 ^ clk (in)
     4    0.096325    0.218041    0.376327    0.476391 ^ clkbuf_0_clk/Z (gf180mcu_fd_sc_mcu7t5v0__clkbuf_16)
     5    0.025222    0.125104    0.309603    0.785994 ^ clkbuf_2_2__f_clk/Z (gf180mcu_fd_sc_mcu7t5v0__clkbuf_16)
                      0.125104    0.000281    0.786276 ^ _167_/CLK (gf180mcu_fd_sc_mcu7t5v0__dffq_1)
     3    0.022718    0.344639    1.035346    1.821621 v _167_/Q (gf180mcu_fd_sc_mcu7t5v0__dffq_1)
     1    0.005024    0.324421    0.278192    2.099813 ^ _145_/ZN (gf180mcu_fd_sc_mcu7t5v0__aoi22_1)
     1    0.003006    0.182960    0.169268    2.269081 v _146_/ZN (gf180mcu_fd_sc_mcu7t5v0__nor2_1)
                      0.182960    0.000028    2.269109 v _167_/D (gf180mcu_fd_sc_mcu7t5v0__dffq_1)
                                              2.269109   data arrival time

                                  0.000000    0.000000   clock clk (rise edge)
                                  0.000000    0.000000   clock source latency
     1    0.029944    0.222532    0.110597    0.110597 ^ clk (in)
     4    0.096325    0.218041    0.415941    0.526538 ^ clkbuf_0_clk/Z (gf180mcu_fd_sc_mcu7t5v0__clkbuf_16)
     5    0.025222    0.125104    0.342193    0.868731 ^ clkbuf_2_2__f_clk/Z (gf180mcu_fd_sc_mcu7t5v0__clkbuf_16)
                      0.125104    0.000311    0.869041 ^ _167_/CLK (gf180mcu_fd_sc_mcu7t5v0__dffq_1)
                                  0.250000    1.119041   clock uncertainty
                                 -0.082766    1.036276   clock reconvergence pessimism
                                  0.058800    1.095076   library hold time
                                              1.095076   data required time
---------------------------------------------------------------------------------------------
                                              1.095076   data required time
                                             -2.269109   data arrival time
---------------------------------------------------------------------------------------------
                                              1.174033   slack (MET)


Startpoint: _164_ (rising edge-triggered flip-flop clocked by clk)
Endpoint: _164_ (rising edge-triggered flip-flop clocked by clk)
Path Group: clk
Path Type: min

Fanout         Cap        Slew       Delay        Time   Description
---------------------------------------------------------------------------------------------
                                  0.000000    0.000000   clock clk (rise edge)
                                  0.000000    0.000000   clock source latency
     1    0.029944    0.222532    0.100064    0.100064 ^ clk (in)
     4    0.096325    0.218041    0.376327    0.476391 ^ clkbuf_0_clk/Z (gf180mcu_fd_sc_mcu7t5v0__clkbuf_16)
     5    0.022983    0.122121    0.307413    0.783805 ^ clkbuf_2_0__f_clk/Z (gf180mcu_fd_sc_mcu7t5v0__clkbuf_16)
                      0.122121    0.000125    0.783930 ^ _164_/CLK (gf180mcu_fd_sc_mcu7t5v0__dffq_1)
     2    0.011861    0.229159    0.949572    1.733502 v _164_/Q (gf180mcu_fd_sc_mcu7t5v0__dffq_1)
     1    0.006533    0.402104    0.348425    2.081927 ^ _138_/ZN (gf180mcu_fd_sc_mcu7t5v0__oai21_1)
     1    0.002686    0.175329    0.207441    2.289367 v _139_/ZN (gf180mcu_fd_sc_mcu7t5v0__aoi21_1)
                      0.175329    0.000024    2.289392 v _164_/D (gf180mcu_fd_sc_mcu7t5v0__dffq_1)
                                              2.289392   data arrival time

                                  0.000000    0.000000   clock clk (rise edge)
                                  0.000000    0.000000   clock source latency
     1    0.029944    0.222532    0.110597    0.110597 ^ clk (in)
     4    0.096325    0.218041    0.415941    0.526538 ^ clkbuf_0_clk/Z (gf180mcu_fd_sc_mcu7t5v0__clkbuf_16)
     5    0.022983    0.122121    0.339773    0.866311 ^ clkbuf_2_0__f_clk/Z (gf180mcu_fd_sc_mcu7t5v0__clkbuf_16)
                      0.122121    0.000139    0.866449 ^ _164_/CLK (gf180mcu_fd_sc_mcu7t5v0__dffq_1)
                                  0.250000    1.116449   clock uncertainty
                                 -0.082519    1.033930   clock reconvergence pessimism
                                  0.059733    1.093664   library hold time
                                              1.093664   data required time
---------------------------------------------------------------------------------------------
                                              1.093664   data required time
                                             -2.289392   data arrival time
---------------------------------------------------------------------------------------------
                                              1.195728   slack (MET)


Startpoint: _162_ (rising edge-triggered flip-flop clocked by clk)
Endpoint: _162_ (rising edge-triggered flip-flop clocked by clk)
Path Group: clk
Path Type: min

Fanout         Cap        Slew       Delay        Time   Description
---------------------------------------------------------------------------------------------
                                  0.000000    0.000000   clock clk (rise edge)
                                  0.000000    0.000000   clock source latency
     1    0.029944    0.222532    0.100064    0.100064 ^ clk (in)
     4    0.096325    0.218041    0.376327    0.476391 ^ clkbuf_0_clk/Z (gf180mcu_fd_sc_mcu7t5v0__clkbuf_16)
     5    0.022983    0.122121    0.307413    0.783805 ^ clkbuf_2_0__f_clk/Z (gf180mcu_fd_sc_mcu7t5v0__clkbuf_16)
                      0.122121    0.000184    0.783988 ^ _162_/CLK (gf180mcu_fd_sc_mcu7t5v0__dffq_1)
     3    0.014324    0.255822    0.969377    1.753365 v _162_/Q (gf180mcu_fd_sc_mcu7t5v0__dffq_1)
     1    0.005029    0.388506    0.286758    2.040123 ^ _134_/ZN (gf180mcu_fd_sc_mcu7t5v0__nor2_1)
     1    0.003356    0.221618    0.243506    2.283629 v _135_/ZN (gf180mcu_fd_sc_mcu7t5v0__aoi211_1)
                      0.221618    0.000033    2.283662 v _162_/D (gf180mcu_fd_sc_mcu7t5v0__dffq_1)
                                              2.283662   data arrival time

                                  0.000000    0.000000   clock clk (rise edge)
                                  0.000000    0.000000   clock source latency
     1    0.029944    0.222532    0.110597    0.110597 ^ clk (in)
     4    0.096325    0.218041    0.415941    0.526538 ^ clkbuf_0_clk/Z (gf180mcu_fd_sc_mcu7t5v0__clkbuf_16)
     5    0.022983    0.122121    0.339773    0.866311 ^ clkbuf_2_0__f_clk/Z (gf180mcu_fd_sc_mcu7t5v0__clkbuf_16)
                      0.122121    0.000203    0.866513 ^ _162_/CLK (gf180mcu_fd_sc_mcu7t5v0__dffq_1)
                                  0.250000    1.116513   clock uncertainty
                                 -0.082525    1.033988   clock reconvergence pessimism
                                  0.049635    1.083624   library hold time
                                              1.083624   data required time
---------------------------------------------------------------------------------------------
                                              1.083624   data required time
                                             -2.283662   data arrival time
---------------------------------------------------------------------------------------------
                                              1.200038   slack (MET)


Startpoint: _163_ (rising edge-triggered flip-flop clocked by clk)
Endpoint: _163_ (rising edge-triggered flip-flop clocked by clk)
Path Group: clk
Path Type: min

Fanout         Cap        Slew       Delay        Time   Description
---------------------------------------------------------------------------------------------
                                  0.000000    0.000000   clock clk (rise edge)
                                  0.000000    0.000000   clock source latency
     1    0.029944    0.222532    0.100064    0.100064 ^ clk (in)
     4    0.096325    0.218041    0.376327    0.476391 ^ clkbuf_0_clk/Z (gf180mcu_fd_sc_mcu7t5v0__clkbuf_16)
     5    0.022983    0.122121    0.307413    0.783805 ^ clkbuf_2_0__f_clk/Z (gf180mcu_fd_sc_mcu7t5v0__clkbuf_16)
                      0.122121    0.000100    0.783905 ^ _163_/CLK (gf180mcu_fd_sc_mcu7t5v0__dffq_1)
     3    0.019116    0.306248    1.006636    1.790541 v _163_/Q (gf180mcu_fd_sc_mcu7t5v0__dffq_1)
     1    0.004863    0.363836    0.327084    2.117625 ^ _136_/ZN (gf180mcu_fd_sc_mcu7t5v0__oai21_1)
     1    0.003209    0.166789    0.208968    2.326592 v _137_/ZN (gf180mcu_fd_sc_mcu7t5v0__aoi21_1)
                      0.166789    0.000032    2.326624 v _163_/D (gf180mcu_fd_sc_mcu7t5v0__dffq_1)
                                              2.326624   data arrival time

                                  0.000000    0.000000   clock clk (rise edge)
                                  0.000000    0.000000   clock source latency
     1    0.029944    0.222532    0.110597    0.110597 ^ clk (in)
     4    0.096325    0.218041    0.415941    0.526538 ^ clkbuf_0_clk/Z (gf180mcu_fd_sc_mcu7t5v0__clkbuf_16)
     5    0.022983    0.122121    0.339773    0.866311 ^ clkbuf_2_0__f_clk/Z (gf180mcu_fd_sc_mcu7t5v0__clkbuf_16)
                      0.122121    0.000110    0.866421 ^ _163_/CLK (gf180mcu_fd_sc_mcu7t5v0__dffq_1)
                                  0.250000    1.116421   clock uncertainty
                                 -0.082516    1.033905   clock reconvergence pessimism
                                  0.061596    1.095501   library hold time
                                              1.095501   data required time
---------------------------------------------------------------------------------------------
                                              1.095501   data required time
                                             -2.326624   data arrival time
---------------------------------------------------------------------------------------------
                                              1.231123   slack (MET)


Startpoint: _166_ (rising edge-triggered flip-flop clocked by clk)
Endpoint: _166_ (rising edge-triggered flip-flop clocked by clk)
Path Group: clk
Path Type: min

Fanout         Cap        Slew       Delay        Time   Description
---------------------------------------------------------------------------------------------
                                  0.000000    0.000000   clock clk (rise edge)
                                  0.000000    0.000000   clock source latency
     1    0.029944    0.222532    0.100064    0.100064 ^ clk (in)
     4    0.096325    0.218041    0.376327    0.476391 ^ clkbuf_0_clk/Z (gf180mcu_fd_sc_mcu7t5v0__clkbuf_16)
     5    0.026186    0.126389    0.311014    0.787405 ^ clkbuf_2_1__f_clk/Z (gf180mcu_fd_sc_mcu7t5v0__clkbuf_16)
                      0.126389    0.000263    0.787669 ^ _166_/CLK (gf180mcu_fd_sc_mcu7t5v0__dffq_1)
     3    0.017579    0.290078    0.995738    1.783407 v _166_/Q (gf180mcu_fd_sc_mcu7t5v0__dffq_1)
     1    0.005066    0.390903    0.296605    2.080011 ^ _142_/ZN (gf180mcu_fd_sc_mcu7t5v0__nor2_1)
     1    0.003248    0.229707    0.242401    2.322412 v _143_/ZN (gf180mcu_fd_sc_mcu7t5v0__aoi211_1)
                      0.229707    0.000033    2.322445 v _166_/D (gf180mcu_fd_sc_mcu7t5v0__dffq_1)
                                              2.322445   data arrival time

                                  0.000000    0.000000   clock clk (rise edge)
                                  0.000000    0.000000   clock source latency
     1    0.029944    0.222532    0.110597    0.110597 ^ clk (in)
     4    0.096325    0.218041    0.415941    0.526538 ^ clkbuf_0_clk/Z (gf180mcu_fd_sc_mcu7t5v0__clkbuf_16)
     5    0.026186    0.126389    0.343752    0.870290 ^ clkbuf_2_1__f_clk/Z (gf180mcu_fd_sc_mcu7t5v0__clkbuf_16)
                      0.126389    0.000291    0.870581 ^ _166_/CLK (gf180mcu_fd_sc_mcu7t5v0__dffq_1)
                                  0.250000    1.120581   clock uncertainty
                                 -0.082912    1.037669   clock reconvergence pessimism
                                  0.048955    1.086623   library hold time
                                              1.086623   data required time
---------------------------------------------------------------------------------------------
                                              1.086623   data required time
                                             -2.322445   data arrival time
---------------------------------------------------------------------------------------------
                                              1.235822   slack (MET)


Startpoint: _170_ (rising edge-triggered flip-flop clocked by clk)
Endpoint: _152_ (rising edge-triggered flip-flop clocked by clk)
Path Group: clk
Path Type: min

Fanout         Cap        Slew       Delay        Time   Description
---------------------------------------------------------------------------------------------
                                  0.000000    0.000000   clock clk (rise edge)
                                  0.000000    0.000000   clock source latency
     1    0.029944    0.222532    0.100064    0.100064 ^ clk (in)
     4    0.096325    0.218041    0.376327    0.476391 ^ clkbuf_0_clk/Z (gf180mcu_fd_sc_mcu7t5v0__clkbuf_16)
     5    0.025222    0.125104    0.309603    0.785994 ^ clkbuf_2_2__f_clk/Z (gf180mcu_fd_sc_mcu7t5v0__clkbuf_16)
                      0.125104    0.000193    0.786188 ^ _170_/CLK (gf180mcu_fd_sc_mcu7t5v0__dffq_1)
     2    0.011311    0.222165    0.944938    1.731126 v _170_/Q (gf180mcu_fd_sc_mcu7t5v0__dffq_1)
     1    0.011783    0.647442    0.457642    2.188768 ^ _122_/ZN (gf180mcu_fd_sc_mcu7t5v0__oai211_1)
     1    0.003214    0.178662    0.160503    2.349271 v _123_/ZN (gf180mcu_fd_sc_mcu7t5v0__aoi21_1)
                      0.178662    0.000056    2.349327 v _152_/D (gf180mcu_fd_sc_mcu7t5v0__dffq_1)
                                              2.349327   data arrival time

                                  0.000000    0.000000   clock clk (rise edge)
                                  0.000000    0.000000   clock source latency
     1    0.029944    0.222532    0.110597    0.110597 ^ clk (in)
     4    0.096325    0.218041    0.415941    0.526538 ^ clkbuf_0_clk/Z (gf180mcu_fd_sc_mcu7t5v0__clkbuf_16)
     5    0.025222    0.125104    0.342193    0.868731 ^ clkbuf_2_2__f_clk/Z (gf180mcu_fd_sc_mcu7t5v0__clkbuf_16)
                      0.125104    0.000199    0.868930 ^ _152_/CLK (gf180mcu_fd_sc_mcu7t5v0__dffq_1)
                                  0.250000    1.118930   clock uncertainty
                                 -0.082736    1.036194   clock reconvergence pessimism
                                  0.059736    1.095929   library hold time
                                              1.095929   data required time
---------------------------------------------------------------------------------------------
                                              1.095929   data required time
                                             -2.349327   data arrival time
---------------------------------------------------------------------------------------------
                                              1.253397   slack (MET)


Startpoint: _165_ (rising edge-triggered flip-flop clocked by clk)
Endpoint: _165_ (rising edge-triggered flip-flop clocked by clk)
Path Group: clk
Path Type: min

Fanout         Cap        Slew       Delay        Time   Description
---------------------------------------------------------------------------------------------
                                  0.000000    0.000000   clock clk (rise edge)
                                  0.000000    0.000000   clock source latency
     1    0.029944    0.222532    0.100064    0.100064 ^ clk (in)
     4    0.096325    0.218041    0.376327    0.476391 ^ clkbuf_0_clk/Z (gf180mcu_fd_sc_mcu7t5v0__clkbuf_16)
     5    0.026186    0.126389    0.311014    0.787405 ^ clkbuf_2_1__f_clk/Z (gf180mcu_fd_sc_mcu7t5v0__clkbuf_16)
                      0.126389    0.000224    0.787630 ^ _165_/CLK (gf180mcu_fd_sc_mcu7t5v0__dffq_1)
     3    0.017594    0.290213    0.995778    1.783407 v _165_/Q (gf180mcu_fd_sc_mcu7t5v0__dffq_1)
     1    0.006133    0.392786    0.353521    2.136928 ^ _140_/ZN (gf180mcu_fd_sc_mcu7t5v0__oai21_1)
     1    0.003254    0.189662    0.213681    2.350609 v _141_/ZN (gf180mcu_fd_sc_mcu7t5v0__aoi21_1)
                      0.189662    0.000058    2.350668 v _165_/D (gf180mcu_fd_sc_mcu7t5v0__dffq_1)
                                              2.350668   data arrival time

                                  0.000000    0.000000   clock clk (rise edge)
                                  0.000000    0.000000   clock source latency
     1    0.029944    0.222532    0.110597    0.110597 ^ clk (in)
     4    0.096325    0.218041    0.415941    0.526538 ^ clkbuf_0_clk/Z (gf180mcu_fd_sc_mcu7t5v0__clkbuf_16)
     5    0.026186    0.126389    0.343752    0.870290 ^ clkbuf_2_1__f_clk/Z (gf180mcu_fd_sc_mcu7t5v0__clkbuf_16)
                      0.126389    0.000248    0.870538 ^ _165_/CLK (gf180mcu_fd_sc_mcu7t5v0__dffq_1)
                                  0.250000    1.120538   clock uncertainty
                                 -0.082908    1.037630   clock reconvergence pessimism
                                  0.057659    1.095288   library hold time
                                              1.095288   data required time
---------------------------------------------------------------------------------------------
                                              1.095288   data required time
                                             -2.350668   data arrival time
---------------------------------------------------------------------------------------------
                                              1.255379   slack (MET)


Startpoint: _155_ (rising edge-triggered flip-flop clocked by clk)
Endpoint: _155_ (rising edge-triggered flip-flop clocked by clk)
Path Group: clk
Path Type: min

Fanout         Cap        Slew       Delay        Time   Description
---------------------------------------------------------------------------------------------
                                  0.000000    0.000000   clock clk (rise edge)
                                  0.000000    0.000000   clock source latency
     1    0.029944    0.222532    0.100064    0.100064 ^ clk (in)
     4    0.096325    0.218041    0.376327    0.476391 ^ clkbuf_0_clk/Z (gf180mcu_fd_sc_mcu7t5v0__clkbuf_16)
     5    0.026186    0.126389    0.311014    0.787405 ^ clkbuf_2_1__f_clk/Z (gf180mcu_fd_sc_mcu7t5v0__clkbuf_16)
                      0.126389    0.000126    0.787531 ^ _155_/CLK (gf180mcu_fd_sc_mcu7t5v0__dffq_1)
     3    0.011673    0.226745    0.948766    1.736297 v _155_/Q (gf180mcu_fd_sc_mcu7t5v0__dffq_1)
     3    0.016513    0.723761    0.513775    2.250072 ^ _101_/ZN (gf180mcu_fd_sc_mcu7t5v0__aoi21_1)
     1    0.003421    0.267100    0.229796    2.479868 v _126_/ZN (gf180mcu_fd_sc_mcu7t5v0__oai21_1)
                      0.267100    0.000062    2.479931 v _155_/D (gf180mcu_fd_sc_mcu7t5v0__dffq_1)
                                              2.479931   data arrival time

                                  0.000000    0.000000   clock clk (rise edge)
                                  0.000000    0.000000   clock source latency
     1    0.029944    0.222532    0.110597    0.110597 ^ clk (in)
     4    0.096325    0.218041    0.415941    0.526538 ^ clkbuf_0_clk/Z (gf180mcu_fd_sc_mcu7t5v0__clkbuf_16)
     5    0.026186    0.126389    0.343752    0.870290 ^ clkbuf_2_1__f_clk/Z (gf180mcu_fd_sc_mcu7t5v0__clkbuf_16)
                      0.126389    0.000139    0.870429 ^ _155_/CLK (gf180mcu_fd_sc_mcu7t5v0__dffq_1)
                                  0.250000    1.120429   clock uncertainty
                                 -0.082898    1.037531   clock reconvergence pessimism
                                  0.040827    1.078358   library hold time
                                              1.078358   data required time
---------------------------------------------------------------------------------------------
                                              1.078358   data required time
                                             -2.479931   data arrival time
---------------------------------------------------------------------------------------------
                                              1.401572   slack (MET)


Startpoint: _159_ (rising edge-triggered flip-flop clocked by clk)
Endpoint: _159_ (rising edge-triggered flip-flop clocked by clk)
Path Group: clk
Path Type: min

Fanout         Cap        Slew       Delay        Time   Description
---------------------------------------------------------------------------------------------
                                  0.000000    0.000000   clock clk (rise edge)
                                  0.000000    0.000000   clock source latency
     1    0.029944    0.222532    0.100064    0.100064 ^ clk (in)
     4    0.096325    0.218041    0.376327    0.476391 ^ clkbuf_0_clk/Z (gf180mcu_fd_sc_mcu7t5v0__clkbuf_16)
     5    0.025650    0.125676    0.310084    0.786475 ^ clkbuf_2_3__f_clk/Z (gf180mcu_fd_sc_mcu7t5v0__clkbuf_16)
                      0.125676    0.000062    0.786537 ^ _159_/CLK (gf180mcu_fd_sc_mcu7t5v0__dffq_1)
     2    0.013148    0.383601    1.118224    1.904762 ^ _159_/Q (gf180mcu_fd_sc_mcu7t5v0__dffq_1)
     3    0.018463    0.445922    0.353112    2.257874 v _115_/Z (gf180mcu_fd_sc_mcu7t5v0__xor2_1)
     1    0.003020    0.231610    0.260501    2.518375 ^ _130_/ZN (gf180mcu_fd_sc_mcu7t5v0__nand2_1)
                      0.231610    0.000029    2.518403 ^ _159_/D (gf180mcu_fd_sc_mcu7t5v0__dffq_1)
                                              2.518403   data arrival time

                                  0.000000    0.000000   clock clk (rise edge)
                                  0.000000    0.000000   clock source latency
     1    0.029944    0.222532    0.110597    0.110597 ^ clk (in)
     4    0.096325    0.218041    0.415941    0.526538 ^ clkbuf_0_clk/Z (gf180mcu_fd_sc_mcu7t5v0__clkbuf_16)
     5    0.025650    0.125676    0.342724    0.869262 ^ clkbuf_2_3__f_clk/Z (gf180mcu_fd_sc_mcu7t5v0__clkbuf_16)
                      0.125676    0.000069    0.869331 ^ _159_/CLK (gf180mcu_fd_sc_mcu7t5v0__dffq_1)
                                  0.250000    1.119331   clock uncertainty
                                 -0.082793    1.036537   clock reconvergence pessimism
                                  0.028817    1.065354   library hold time
                                              1.065354   data required time
---------------------------------------------------------------------------------------------
                                              1.065354   data required time
                                             -2.518403   data arrival time
---------------------------------------------------------------------------------------------
                                              1.453050   slack (MET)


Startpoint: _160_ (rising edge-triggered flip-flop clocked by clk)
Endpoint: _160_ (rising edge-triggered flip-flop clocked by clk)
Path Group: clk
Path Type: min

Fanout         Cap        Slew       Delay        Time   Description
---------------------------------------------------------------------------------------------
                                  0.000000    0.000000   clock clk (rise edge)
                                  0.000000    0.000000   clock source latency
     1    0.029944    0.222532    0.100064    0.100064 ^ clk (in)
     4    0.096325    0.218041    0.376327    0.476391 ^ clkbuf_0_clk/Z (gf180mcu_fd_sc_mcu7t5v0__clkbuf_16)
     5    0.025650    0.125676    0.310084    0.786475 ^ clkbuf_2_3__f_clk/Z (gf180mcu_fd_sc_mcu7t5v0__clkbuf_16)
                      0.125676    0.000282    0.786757 ^ _160_/CLK (gf180mcu_fd_sc_mcu7t5v0__dffq_1)
     3    0.016846    0.282354    0.989861    1.776618 v _160_/Q (gf180mcu_fd_sc_mcu7t5v0__dffq_1)
     3    0.017646    1.001424    0.624278    2.400897 ^ _117_/Z (gf180mcu_fd_sc_mcu7t5v0__xor2_1)
     1    0.002964    0.269334    0.146795    2.547692 v _131_/ZN (gf180mcu_fd_sc_mcu7t5v0__nand2_1)
                      0.269334    0.000028    2.547720 v _160_/D (gf180mcu_fd_sc_mcu7t5v0__dffq_1)
                                              2.547720   data arrival time

                                  0.000000    0.000000   clock clk (rise edge)
                                  0.000000    0.000000   clock source latency
     1    0.029944    0.222532    0.110597    0.110597 ^ clk (in)
     4    0.096325    0.218041    0.415941    0.526538 ^ clkbuf_0_clk/Z (gf180mcu_fd_sc_mcu7t5v0__clkbuf_16)
     5    0.025650    0.125676    0.342724    0.869262 ^ clkbuf_2_3__f_clk/Z (gf180mcu_fd_sc_mcu7t5v0__clkbuf_16)
                      0.125676    0.000312    0.869574 ^ _160_/CLK (gf180mcu_fd_sc_mcu7t5v0__dffq_1)
                                  0.250000    1.119574   clock uncertainty
                                 -0.082817    1.036757   clock reconvergence pessimism
                                  0.040155    1.076912   library hold time
                                              1.076912   data required time
---------------------------------------------------------------------------------------------
                                              1.076912   data required time
                                             -2.547720   data arrival time
---------------------------------------------------------------------------------------------
                                              1.470808   slack (MET)


Startpoint: _158_ (rising edge-triggered flip-flop clocked by clk)
Endpoint: _158_ (rising edge-triggered flip-flop clocked by clk)
Path Group: clk
Path Type: min

Fanout         Cap        Slew       Delay        Time   Description
---------------------------------------------------------------------------------------------
                                  0.000000    0.000000   clock clk (rise edge)
                                  0.000000    0.000000   clock source latency
     1    0.029944    0.222532    0.100064    0.100064 ^ clk (in)
     4    0.096325    0.218041    0.376327    0.476391 ^ clkbuf_0_clk/Z (gf180mcu_fd_sc_mcu7t5v0__clkbuf_16)
     5    0.025650    0.125676    0.310084    0.786475 ^ clkbuf_2_3__f_clk/Z (gf180mcu_fd_sc_mcu7t5v0__clkbuf_16)
                      0.125676    0.000036    0.786511 ^ _158_/CLK (gf180mcu_fd_sc_mcu7t5v0__dffq_1)
     3    0.018468    0.299451    1.002525    1.789036 v _158_/Q (gf180mcu_fd_sc_mcu7t5v0__dffq_1)
     3    0.017501    0.994967    0.625309    2.414345 ^ _113_/Z (gf180mcu_fd_sc_mcu7t5v0__xor2_1)
     1    0.002767    0.264536    0.142795    2.557140 v _129_/ZN (gf180mcu_fd_sc_mcu7t5v0__nand2_1)
                      0.264536    0.000026    2.557165 v _158_/D (gf180mcu_fd_sc_mcu7t5v0__dffq_1)
                                              2.557165   data arrival time

                                  0.000000    0.000000   clock clk (rise edge)
                                  0.000000    0.000000   clock source latency
     1    0.029944    0.222532    0.110597    0.110597 ^ clk (in)
     4    0.096325    0.218041    0.415941    0.526538 ^ clkbuf_0_clk/Z (gf180mcu_fd_sc_mcu7t5v0__clkbuf_16)
     5    0.025650    0.125676    0.342724    0.869262 ^ clkbuf_2_3__f_clk/Z (gf180mcu_fd_sc_mcu7t5v0__clkbuf_16)
                      0.125676    0.000040    0.869302 ^ _158_/CLK (gf180mcu_fd_sc_mcu7t5v0__dffq_1)
                                  0.250000    1.119302   clock uncertainty
                                 -0.082791    1.036511   clock reconvergence pessimism
                                  0.041199    1.077710   library hold time
                                              1.077710   data required time
---------------------------------------------------------------------------------------------
                                              1.077710   data required time
                                             -2.557165   data arrival time
---------------------------------------------------------------------------------------------
                                              1.479455   slack (MET)


Startpoint: _154_ (rising edge-triggered flip-flop clocked by clk)
Endpoint: _154_ (rising edge-triggered flip-flop clocked by clk)
Path Group: clk
Path Type: min

Fanout         Cap        Slew       Delay        Time   Description
---------------------------------------------------------------------------------------------
                                  0.000000    0.000000   clock clk (rise edge)
                                  0.000000    0.000000   clock source latency
     1    0.029944    0.222532    0.100064    0.100064 ^ clk (in)
     4    0.096325    0.218041    0.376327    0.476391 ^ clkbuf_0_clk/Z (gf180mcu_fd_sc_mcu7t5v0__clkbuf_16)
     5    0.022983    0.122121    0.307413    0.783805 ^ clkbuf_2_0__f_clk/Z (gf180mcu_fd_sc_mcu7t5v0__clkbuf_16)
                      0.122121    0.000059    0.783863 ^ _154_/CLK (gf180mcu_fd_sc_mcu7t5v0__dffq_1)
     5    0.026664    0.387479    1.065485    1.849348 v _154_/Q (gf180mcu_fd_sc_mcu7t5v0__dffq_1)
     2    0.011304    0.542113    0.591776    2.441124 ^ _105_/ZN (gf180mcu_fd_sc_mcu7t5v0__xnor2_1)
     1    0.002840    0.197276    0.143998    2.585123 v _125_/ZN (gf180mcu_fd_sc_mcu7t5v0__nand2_1)
                      0.197276    0.000026    2.585149 v _154_/D (gf180mcu_fd_sc_mcu7t5v0__dffq_1)
                                              2.585149   data arrival time

                                  0.000000    0.000000   clock clk (rise edge)
                                  0.000000    0.000000   clock source latency
     1    0.029944    0.222532    0.110597    0.110597 ^ clk (in)
     4    0.096325    0.218041    0.415941    0.526538 ^ clkbuf_0_clk/Z (gf180mcu_fd_sc_mcu7t5v0__clkbuf_16)
     5    0.022983    0.122121    0.339773    0.866311 ^ clkbuf_2_0__f_clk/Z (gf180mcu_fd_sc_mcu7t5v0__clkbuf_16)
                      0.122121    0.000065    0.866375 ^ _154_/CLK (gf180mcu_fd_sc_mcu7t5v0__dffq_1)
                                  0.250000    1.116375   clock uncertainty
                                 -0.082512    1.033863   clock reconvergence pessimism
                                  0.054946    1.088809   library hold time
                                              1.088809   data required time
---------------------------------------------------------------------------------------------
                                              1.088809   data required time
                                             -2.585149   data arrival time
---------------------------------------------------------------------------------------------
                                              1.496340   slack (MET)


Startpoint: _156_ (rising edge-triggered flip-flop clocked by clk)
Endpoint: _156_ (rising edge-triggered flip-flop clocked by clk)
Path Group: clk
Path Type: min

Fanout         Cap        Slew       Delay        Time   Description
---------------------------------------------------------------------------------------------
                                  0.000000    0.000000   clock clk (rise edge)
                                  0.000000    0.000000   clock source latency
     1    0.029944    0.222532    0.100064    0.100064 ^ clk (in)
     4    0.096325    0.218041    0.376327    0.476391 ^ clkbuf_0_clk/Z (gf180mcu_fd_sc_mcu7t5v0__clkbuf_16)
     5    0.026186    0.126389    0.311014    0.787405 ^ clkbuf_2_1__f_clk/Z (gf180mcu_fd_sc_mcu7t5v0__clkbuf_16)
                      0.126389    0.000033    0.787438 ^ _156_/CLK (gf180mcu_fd_sc_mcu7t5v0__dffq_1)
     2    0.013002    0.241852    0.960036    1.747474 v _156_/Q (gf180mcu_fd_sc_mcu7t5v0__dffq_1)
     3    0.018083    0.991863    0.625401    2.372875 ^ _108_/Z (gf180mcu_fd_sc_mcu7t5v0__xor2_1)
     1    0.002913    0.171185    0.389133    2.762008 ^ _127_/Z (gf180mcu_fd_sc_mcu7t5v0__or2_1)
                      0.171185    0.000028    2.762037 ^ _156_/D (gf180mcu_fd_sc_mcu7t5v0__dffq_1)
                                              2.762037   data arrival time

                                  0.000000    0.000000   clock clk (rise edge)
                                  0.000000    0.000000   clock source latency
     1    0.029944    0.222532    0.110597    0.110597 ^ clk (in)
     4    0.096325    0.218041    0.415941    0.526538 ^ clkbuf_0_clk/Z (gf180mcu_fd_sc_mcu7t5v0__clkbuf_16)
     5    0.026186    0.126389    0.343752    0.870290 ^ clkbuf_2_1__f_clk/Z (gf180mcu_fd_sc_mcu7t5v0__clkbuf_16)
                      0.126389    0.000036    0.870326 ^ _156_/CLK (gf180mcu_fd_sc_mcu7t5v0__dffq_1)
                                  0.250000    1.120326   clock uncertainty
                                 -0.082888    1.037438   clock reconvergence pessimism
                                  0.036812    1.074250   library hold time
                                              1.074250   data required time
---------------------------------------------------------------------------------------------
                                              1.074250   data required time
                                             -2.762037   data arrival time
---------------------------------------------------------------------------------------------
                                              1.687786   slack (MET)


Startpoint: _157_ (rising edge-triggered flip-flop clocked by clk)
Endpoint: _157_ (rising edge-triggered flip-flop clocked by clk)
Path Group: clk
Path Type: min

Fanout         Cap        Slew       Delay        Time   Description
---------------------------------------------------------------------------------------------
                                  0.000000    0.000000   clock clk (rise edge)
                                  0.000000    0.000000   clock source latency
     1    0.029944    0.222532    0.100064    0.100064 ^ clk (in)
     4    0.096325    0.218041    0.376327    0.476391 ^ clkbuf_0_clk/Z (gf180mcu_fd_sc_mcu7t5v0__clkbuf_16)
     5    0.025650    0.125676    0.310084    0.786475 ^ clkbuf_2_3__f_clk/Z (gf180mcu_fd_sc_mcu7t5v0__clkbuf_16)
                      0.125676    0.000063    0.786538 ^ _157_/CLK (gf180mcu_fd_sc_mcu7t5v0__dffq_1)
     4    0.024082    0.648622    1.257675    2.044213 ^ _157_/Q (gf180mcu_fd_sc_mcu7t5v0__dffq_1)
     2    0.012883    0.381961    0.330114    2.374327 v _110_/Z (gf180mcu_fd_sc_mcu7t5v0__xor2_1)
     2    0.010278    0.326967    0.285389    2.659716 ^ _111_/ZN (gf180mcu_fd_sc_mcu7t5v0__clkinv_1)
     1    0.002963    0.164578    0.139630    2.799346 v _128_/ZN (gf180mcu_fd_sc_mcu7t5v0__nand2_1)
                      0.164578    0.000028    2.799374 v _157_/D (gf180mcu_fd_sc_mcu7t5v0__dffq_1)
                                              2.799374   data arrival time

                                  0.000000    0.000000   clock clk (rise edge)
                                  0.000000    0.000000   clock source latency
     1    0.029944    0.222532    0.110597    0.110597 ^ clk (in)
     4    0.096325    0.218041    0.415941    0.526538 ^ clkbuf_0_clk/Z (gf180mcu_fd_sc_mcu7t5v0__clkbuf_16)
     5    0.025650    0.125676    0.342724    0.869262 ^ clkbuf_2_3__f_clk/Z (gf180mcu_fd_sc_mcu7t5v0__clkbuf_16)
                      0.125676    0.000070    0.869332 ^ _157_/CLK (gf180mcu_fd_sc_mcu7t5v0__dffq_1)
                                  0.250000    1.119332   clock uncertainty
                                 -0.082793    1.036538   clock reconvergence pessimism
                                  0.062939    1.099477   library hold time
                                              1.099477   data required time
---------------------------------------------------------------------------------------------
                                              1.099477   data required time
                                             -2.799374   data arrival time
---------------------------------------------------------------------------------------------
                                              1.699897   slack (MET)


R2R_END_HOLD nom_tt_025C_3v30
