OpenROAD dcf36133a369abc8f3c5e5738cd4d82e4903c0e0 
Features included (+) or not (-): +GPU +GUI +Python
This program is licensed under the BSD-3 license. See the LICENSE file for details.
Components of this program may be licensed under more restrictive licenses which must be honored.
[INFO ODB-0388] unsupported LEF58_EOLENCLOSURE property for layer Via1 :"
  	EOLENCLOSURE 0.34 0.06 ;"
[INFO ODB-0388] unsupported LEF58_EOLENCLOSURE property for layer Via2 :" EOLENCLOSURE 0.34 0.06 ; "
[INFO ODB-0388] unsupported LEF58_EOLENCLOSURE property for layer Via3 :" EOLENCLOSURE 0.34 0.06 ; "
[INFO ODB-0388] unsupported LEF58_EOLENCLOSURE property for layer Via4 :" EOLENCLOSURE 0.34 0.06 ; "
[INFO ODB-0227] LEF file: /Users/kimmy/Projects/open-microled-driver-asic/build/layout/pdk/gf180mcuD/libs.ref/gf180mcu_fd_sc_mcu7t5v0/techlef/gf180mcu_fd_sc_mcu7t5v0__min.tlef, created 15 layers, 56 vias
[WARNING ODB-0220] WARNING (LEFPARS-2008): NOWIREEXTENSIONATPIN statement is obsolete in version 5.6 or later.
The NOWIREEXTENSIONATPIN statement will be ignored. See file /Users/kimmy/Projects/open-microled-driver-asic/build/layout/pdk/gf180mcuD/libs.ref/gf180mcu_fd_sc_mcu7t5v0/lef/gf180mcu_fd_sc_mcu7t5v0.lef at line 2.

[INFO ODB-0227] LEF file: /Users/kimmy/Projects/open-microled-driver-asic/build/layout/pdk/gf180mcuD/libs.ref/gf180mcu_fd_sc_mcu7t5v0/lef/gf180mcu_fd_sc_mcu7t5v0.lef, created 229 library cells
R2R_BEGIN_SETUP min_ss_125C_3v00
Startpoint: _153_ (rising edge-triggered flip-flop clocked by clk)
Endpoint: _152_ (rising edge-triggered flip-flop clocked by clk)
Path Group: clk
Path Type: max

Fanout         Cap        Slew       Delay        Time   Description
---------------------------------------------------------------------------------------------
                                  0.000000    0.000000   clock clk (rise edge)
                                  0.000000    0.000000   clock source latency
     1    0.029419    0.408278    0.196720    0.196720 ^ clk (in)
     4    0.095982    0.412932    0.801780    0.998500 ^ clkbuf_0_clk/Z (gf180mcu_fd_sc_mcu7t5v0__clkbuf_16)
     5    0.025271    0.241922    0.665082    1.663582 ^ clkbuf_2_1__f_clk/Z (gf180mcu_fd_sc_mcu7t5v0__clkbuf_16)
                      0.241922    0.000193    1.663774 ^ _153_/CLK (gf180mcu_fd_sc_mcu7t5v0__dffq_1)
     6    0.031287    1.516156    2.985044    4.648819 ^ _153_/Q (gf180mcu_fd_sc_mcu7t5v0__dffq_1)
     4    0.025821    1.323245    2.013922    6.662741 ^ _080_/Z (gf180mcu_fd_sc_mcu7t5v0__and3_1)
     3    0.017466    2.085506    1.861627    8.524368 ^ _108_/Z (gf180mcu_fd_sc_mcu7t5v0__xor2_1)
     1    0.008187    1.223373    1.116653    9.641021 v _109_/ZN (gf180mcu_fd_sc_mcu7t5v0__aoi221_1)
     1    0.005168    2.391875    1.576988   11.218008 ^ _114_/ZN (gf180mcu_fd_sc_mcu7t5v0__oai222_1)
     1    0.005755    0.429805    0.891553   12.109561 ^ wire13/Z (gf180mcu_fd_sc_mcu7t5v0__clkbuf_1)
     1    0.007724    0.841105    0.427737   12.537298 v _119_/ZN (gf180mcu_fd_sc_mcu7t5v0__aoi21_1)
     1    0.011074    1.533089    1.227583   13.764880 ^ _122_/ZN (gf180mcu_fd_sc_mcu7t5v0__oai211_1)
     1    0.003105    0.685662    0.366772   14.131652 v _123_/ZN (gf180mcu_fd_sc_mcu7t5v0__aoi21_1)
                      0.685662    0.000059   14.131710 v _152_/D (gf180mcu_fd_sc_mcu7t5v0__dffq_1)
                                             14.131710   data arrival time

                               1000.000000 1000.000000   clock clk (rise edge)
                                  0.000000 1000.000000   clock source latency
     1    0.029419    0.408278    0.178034 1000.178040 ^ clk (in)
     4    0.095982    0.412932    0.725322 1000.903381 ^ clkbuf_0_clk/Z (gf180mcu_fd_sc_mcu7t5v0__clkbuf_16)
     5    0.024254    0.239390    0.599243 1001.502625 ^ clkbuf_2_2__f_clk/Z (gf180mcu_fd_sc_mcu7t5v0__clkbuf_16)
                      0.239390    0.000227 1001.502869 ^ _152_/CLK (gf180mcu_fd_sc_mcu7t5v0__dffq_1)
                                 -0.250000 1001.252869   clock uncertainty
                                  0.095095 1001.347900   clock reconvergence pessimism
                                 -0.973230 1000.374634   library setup time
                                           1000.374634   data required time
---------------------------------------------------------------------------------------------
                                           1000.374634   data required time
                                            -14.131710   data arrival time
---------------------------------------------------------------------------------------------
                                            986.242920   slack (MET)


Startpoint: _153_ (rising edge-triggered flip-flop clocked by clk)
Endpoint: _162_ (rising edge-triggered flip-flop clocked by clk)
Path Group: clk
Path Type: max

Fanout         Cap        Slew       Delay        Time   Description
---------------------------------------------------------------------------------------------
                                  0.000000    0.000000   clock clk (rise edge)
                                  0.000000    0.000000   clock source latency
     1    0.029419    0.408278    0.196720    0.196720 ^ clk (in)
     4    0.095982    0.412932    0.801780    0.998500 ^ clkbuf_0_clk/Z (gf180mcu_fd_sc_mcu7t5v0__clkbuf_16)
     5    0.025271    0.241922    0.665082    1.663582 ^ clkbuf_2_1__f_clk/Z (gf180mcu_fd_sc_mcu7t5v0__clkbuf_16)
                      0.241922    0.000193    1.663774 ^ _153_/CLK (gf180mcu_fd_sc_mcu7t5v0__dffq_1)
     6    0.031287    1.516156    2.985044    4.648819 ^ _153_/Q (gf180mcu_fd_sc_mcu7t5v0__dffq_1)
     4    0.026627    1.474019    2.337777    6.986596 ^ _081_/Z (gf180mcu_fd_sc_mcu7t5v0__and4_1)
     2    0.015275    1.507422    1.180315    8.166911 v _084_/ZN (gf180mcu_fd_sc_mcu7t5v0__nand4_1)
     2    0.008873    0.732274    0.789181    8.956092 ^ _085_/ZN (gf180mcu_fd_sc_mcu7t5v0__clkinv_1)
     2    0.017110    0.938689    1.244503   10.200595 ^ _086_/Z (gf180mcu_fd_sc_mcu7t5v0__and2_1)
    10    0.059087    1.351651    1.325801   11.526396 ^ fanout14/Z (gf180mcu_fd_sc_mcu7t5v0__buf_2)
     1    0.004973    0.558002    0.526634   12.053030 v _134_/ZN (gf180mcu_fd_sc_mcu7t5v0__nor2_1)
     1    0.003249    1.408452    1.268387   13.321417 ^ _135_/ZN (gf180mcu_fd_sc_mcu7t5v0__aoi211_1)
                      1.408452    0.000035   13.321452 ^ _162_/D (gf180mcu_fd_sc_mcu7t5v0__dffq_1)
                                             13.321452   data arrival time

                               1000.000000 1000.000000   clock clk (rise edge)
                                  0.000000 1000.000000   clock source latency
     1    0.029419    0.408278    0.178034 1000.178040 ^ clk (in)
     4    0.095982    0.412932    0.725322 1000.903381 ^ clkbuf_0_clk/Z (gf180mcu_fd_sc_mcu7t5v0__clkbuf_16)
     5    0.022291    0.234488    0.595264 1001.498657 ^ clkbuf_2_0__f_clk/Z (gf180mcu_fd_sc_mcu7t5v0__clkbuf_16)
                      0.234488    0.000227 1001.498901 ^ _162_/CLK (gf180mcu_fd_sc_mcu7t5v0__dffq_1)
                                 -0.250000 1001.248901   clock uncertainty
                                  0.095095 1001.343933   clock reconvergence pessimism
                                 -0.962739 1000.381226   library setup time
                                           1000.381226   data required time
---------------------------------------------------------------------------------------------
                                           1000.381226   data required time
                                            -13.321452   data arrival time
---------------------------------------------------------------------------------------------
                                            987.059753   slack (MET)


Startpoint: _153_ (rising edge-triggered flip-flop clocked by clk)
Endpoint: _161_ (rising edge-triggered flip-flop clocked by clk)
Path Group: clk
Path Type: max

Fanout         Cap        Slew       Delay        Time   Description
---------------------------------------------------------------------------------------------
                                  0.000000    0.000000   clock clk (rise edge)
                                  0.000000    0.000000   clock source latency
     1    0.029419    0.408278    0.196720    0.196720 ^ clk (in)
     4    0.095982    0.412932    0.801780    0.998500 ^ clkbuf_0_clk/Z (gf180mcu_fd_sc_mcu7t5v0__clkbuf_16)
     5    0.025271    0.241922    0.665082    1.663582 ^ clkbuf_2_1__f_clk/Z (gf180mcu_fd_sc_mcu7t5v0__clkbuf_16)
                      0.241922    0.000193    1.663774 ^ _153_/CLK (gf180mcu_fd_sc_mcu7t5v0__dffq_1)
     6    0.031287    1.516156    2.985044    4.648819 ^ _153_/Q (gf180mcu_fd_sc_mcu7t5v0__dffq_1)
     4    0.026627    1.474019    2.337777    6.986596 ^ _081_/Z (gf180mcu_fd_sc_mcu7t5v0__and4_1)
     2    0.015275    1.507422    1.180315    8.166911 v _084_/ZN (gf180mcu_fd_sc_mcu7t5v0__nand4_1)
     2    0.008873    0.732274    0.789181    8.956092 ^ _085_/ZN (gf180mcu_fd_sc_mcu7t5v0__clkinv_1)
     2    0.017110    0.938689    1.244503   10.200595 ^ _086_/Z (gf180mcu_fd_sc_mcu7t5v0__and2_1)
    10    0.059087    1.351651    1.325801   11.526396 ^ fanout14/Z (gf180mcu_fd_sc_mcu7t5v0__buf_2)
     1    0.004410    0.539296    0.507391   12.033788 v _132_/ZN (gf180mcu_fd_sc_mcu7t5v0__nor2_1)
     1    0.002833    1.354106    1.230785   13.264573 ^ _133_/ZN (gf180mcu_fd_sc_mcu7t5v0__aoi211_1)
                      1.354106    0.000028   13.264602 ^ _161_/D (gf180mcu_fd_sc_mcu7t5v0__dffq_1)
                                             13.264602   data arrival time

                               1000.000000 1000.000000   clock clk (rise edge)
                                  0.000000 1000.000000   clock source latency
     1    0.029419    0.408278    0.178034 1000.178040 ^ clk (in)
     4    0.095982    0.412932    0.725322 1000.903381 ^ clkbuf_0_clk/Z (gf180mcu_fd_sc_mcu7t5v0__clkbuf_16)
     5    0.022291    0.234488    0.595264 1001.498657 ^ clkbuf_2_0__f_clk/Z (gf180mcu_fd_sc_mcu7t5v0__clkbuf_16)
                      0.234488    0.000227 1001.498901 ^ _161_/CLK (gf180mcu_fd_sc_mcu7t5v0__dffq_1)
                                 -0.250000 1001.248901   clock uncertainty
                                  0.095095 1001.343933   clock reconvergence pessimism
                                 -0.959448 1000.384521   library setup time
                                           1000.384521   data required time
---------------------------------------------------------------------------------------------
                                           1000.384521   data required time
                                            -13.264602   data arrival time
---------------------------------------------------------------------------------------------
                                            987.119873   slack (MET)


Startpoint: _153_ (rising edge-triggered flip-flop clocked by clk)
Endpoint: _164_ (rising edge-triggered flip-flop clocked by clk)
Path Group: clk
Path Type: max

Fanout         Cap        Slew       Delay        Time   Description
---------------------------------------------------------------------------------------------
                                  0.000000    0.000000   clock clk (rise edge)
                                  0.000000    0.000000   clock source latency
     1    0.029419    0.408278    0.196720    0.196720 ^ clk (in)
     4    0.095982    0.412932    0.801780    0.998500 ^ clkbuf_0_clk/Z (gf180mcu_fd_sc_mcu7t5v0__clkbuf_16)
     5    0.025271    0.241922    0.665082    1.663582 ^ clkbuf_2_1__f_clk/Z (gf180mcu_fd_sc_mcu7t5v0__clkbuf_16)
                      0.241922    0.000193    1.663774 ^ _153_/CLK (gf180mcu_fd_sc_mcu7t5v0__dffq_1)
     6    0.031287    1.516156    2.985044    4.648819 ^ _153_/Q (gf180mcu_fd_sc_mcu7t5v0__dffq_1)
     4    0.026627    1.474019    2.337777    6.986596 ^ _081_/Z (gf180mcu_fd_sc_mcu7t5v0__and4_1)
     2    0.015275    1.507422    1.180315    8.166911 v _084_/ZN (gf180mcu_fd_sc_mcu7t5v0__nand4_1)
     2    0.008873    0.732274    0.789181    8.956092 ^ _085_/ZN (gf180mcu_fd_sc_mcu7t5v0__clkinv_1)
     2    0.017110    0.938689    1.244503   10.200595 ^ _086_/Z (gf180mcu_fd_sc_mcu7t5v0__and2_1)
    10    0.059087    1.351651    1.325801   11.526396 ^ fanout14/Z (gf180mcu_fd_sc_mcu7t5v0__buf_2)
     1    0.006242    0.671211    0.617228   12.143624 v _138_/ZN (gf180mcu_fd_sc_mcu7t5v0__oai21_1)
     1    0.002636    0.787807    0.841060   12.984684 ^ _139_/ZN (gf180mcu_fd_sc_mcu7t5v0__aoi21_1)
                      0.787807    0.000026   12.984710 ^ _164_/D (gf180mcu_fd_sc_mcu7t5v0__dffq_1)
                                             12.984710   data arrival time

                               1000.000000 1000.000000   clock clk (rise edge)
                                  0.000000 1000.000000   clock source latency
     1    0.029419    0.408278    0.178034 1000.178040 ^ clk (in)
     4    0.095982    0.412932    0.725322 1000.903381 ^ clkbuf_0_clk/Z (gf180mcu_fd_sc_mcu7t5v0__clkbuf_16)
     5    0.022291    0.234488    0.595264 1001.498657 ^ clkbuf_2_0__f_clk/Z (gf180mcu_fd_sc_mcu7t5v0__clkbuf_16)
                      0.234488    0.000114 1001.498779 ^ _164_/CLK (gf180mcu_fd_sc_mcu7t5v0__dffq_1)
                                 -0.250000 1001.248779   clock uncertainty
                                  0.095095 1001.343811   clock reconvergence pessimism
                                 -0.886570 1000.457275   library setup time
                                           1000.457275   data required time
---------------------------------------------------------------------------------------------
                                           1000.457275   data required time
                                            -12.984710   data arrival time
---------------------------------------------------------------------------------------------
                                            987.472534   slack (MET)


Startpoint: _153_ (rising edge-triggered flip-flop clocked by clk)
Endpoint: _167_ (rising edge-triggered flip-flop clocked by clk)
Path Group: clk
Path Type: max

Fanout         Cap        Slew       Delay        Time   Description
---------------------------------------------------------------------------------------------
                                  0.000000    0.000000   clock clk (rise edge)
                                  0.000000    0.000000   clock source latency
     1    0.029419    0.408278    0.196720    0.196720 ^ clk (in)
     4    0.095982    0.412932    0.801780    0.998500 ^ clkbuf_0_clk/Z (gf180mcu_fd_sc_mcu7t5v0__clkbuf_16)
     5    0.025271    0.241922    0.665082    1.663582 ^ clkbuf_2_1__f_clk/Z (gf180mcu_fd_sc_mcu7t5v0__clkbuf_16)
                      0.241922    0.000193    1.663774 ^ _153_/CLK (gf180mcu_fd_sc_mcu7t5v0__dffq_1)
     6    0.031287    1.516156    2.985044    4.648819 ^ _153_/Q (gf180mcu_fd_sc_mcu7t5v0__dffq_1)
     4    0.026627    1.474019    2.337777    6.986596 ^ _081_/Z (gf180mcu_fd_sc_mcu7t5v0__and4_1)
     2    0.015275    1.507422    1.180315    8.166911 v _084_/ZN (gf180mcu_fd_sc_mcu7t5v0__nand4_1)
     2    0.008873    0.732274    0.789181    8.956092 ^ _085_/ZN (gf180mcu_fd_sc_mcu7t5v0__clkinv_1)
     5    0.033076    1.372699    1.051371   10.007463 v _087_/ZN (gf180mcu_fd_sc_mcu7t5v0__nand2_1)
     3    0.017462    1.878140    1.545692   11.553155 ^ _144_/ZN (gf180mcu_fd_sc_mcu7t5v0__nor2_1)
     1    0.004982    0.885879    0.770813   12.323968 v _145_/ZN (gf180mcu_fd_sc_mcu7t5v0__aoi22_1)
     1    0.002919    0.653460    0.661645   12.985613 ^ _146_/ZN (gf180mcu_fd_sc_mcu7t5v0__nor2_1)
                      0.653460    0.000029   12.985642 ^ _167_/D (gf180mcu_fd_sc_mcu7t5v0__dffq_1)
                                             12.985642   data arrival time

                               1000.000000 1000.000000   clock clk (rise edge)
                                  0.000000 1000.000000   clock source latency
     1    0.029419    0.408278    0.178034 1000.178040 ^ clk (in)
     4    0.095982    0.412932    0.725322 1000.903381 ^ clkbuf_0_clk/Z (gf180mcu_fd_sc_mcu7t5v0__clkbuf_16)
     5    0.024254    0.239390    0.599243 1001.502625 ^ clkbuf_2_2__f_clk/Z (gf180mcu_fd_sc_mcu7t5v0__clkbuf_16)
                      0.239390    0.000341 1001.502991 ^ _167_/CLK (gf180mcu_fd_sc_mcu7t5v0__dffq_1)
                                 -0.250000 1001.252991   clock uncertainty
                                  0.095095 1001.348022   clock reconvergence pessimism
                                 -0.865155 1000.482849   library setup time
                                           1000.482849   data required time
---------------------------------------------------------------------------------------------
                                           1000.482849   data required time
                                            -12.985642   data arrival time
---------------------------------------------------------------------------------------------
                                            987.497192   slack (MET)


Startpoint: _153_ (rising edge-triggered flip-flop clocked by clk)
Endpoint: _163_ (rising edge-triggered flip-flop clocked by clk)
Path Group: clk
Path Type: max

Fanout         Cap        Slew       Delay        Time   Description
---------------------------------------------------------------------------------------------
                                  0.000000    0.000000   clock clk (rise edge)
                                  0.000000    0.000000   clock source latency
     1    0.029419    0.408278    0.196720    0.196720 ^ clk (in)
     4    0.095982    0.412932    0.801780    0.998500 ^ clkbuf_0_clk/Z (gf180mcu_fd_sc_mcu7t5v0__clkbuf_16)
     5    0.025271    0.241922    0.665082    1.663582 ^ clkbuf_2_1__f_clk/Z (gf180mcu_fd_sc_mcu7t5v0__clkbuf_16)
                      0.241922    0.000193    1.663774 ^ _153_/CLK (gf180mcu_fd_sc_mcu7t5v0__dffq_1)
     6    0.031287    1.516156    2.985044    4.648819 ^ _153_/Q (gf180mcu_fd_sc_mcu7t5v0__dffq_1)
     4    0.026627    1.474019    2.337777    6.986596 ^ _081_/Z (gf180mcu_fd_sc_mcu7t5v0__and4_1)
     2    0.015275    1.507422    1.180315    8.166911 v _084_/ZN (gf180mcu_fd_sc_mcu7t5v0__nand4_1)
     2    0.008873    0.732274    0.789181    8.956092 ^ _085_/ZN (gf180mcu_fd_sc_mcu7t5v0__clkinv_1)
     2    0.017110    0.938689    1.244503   10.200595 ^ _086_/Z (gf180mcu_fd_sc_mcu7t5v0__and2_1)
    10    0.059087    1.351651    1.325801   11.526396 ^ fanout14/Z (gf180mcu_fd_sc_mcu7t5v0__buf_2)
     1    0.004778    0.624381    0.566669   12.093064 v _136_/ZN (gf180mcu_fd_sc_mcu7t5v0__oai21_1)
     1    0.003123    0.817507    0.856971   12.950036 ^ _137_/ZN (gf180mcu_fd_sc_mcu7t5v0__aoi21_1)
                      0.817507    0.000033   12.950068 ^ _163_/D (gf180mcu_fd_sc_mcu7t5v0__dffq_1)
                                             12.950068   data arrival time

                               1000.000000 1000.000000   clock clk (rise edge)
                                  0.000000 1000.000000   clock source latency
     1    0.029419    0.408278    0.178034 1000.178040 ^ clk (in)
     4    0.095982    0.412932    0.725322 1000.903381 ^ clkbuf_0_clk/Z (gf180mcu_fd_sc_mcu7t5v0__clkbuf_16)
     5    0.022291    0.234488    0.595264 1001.498657 ^ clkbuf_2_0__f_clk/Z (gf180mcu_fd_sc_mcu7t5v0__clkbuf_16)
                      0.234488    0.000114 1001.498779 ^ _163_/CLK (gf180mcu_fd_sc_mcu7t5v0__dffq_1)
                                 -0.250000 1001.248779   clock uncertainty
                                  0.095095 1001.343811   clock reconvergence pessimism
                                 -0.890984 1000.452820   library setup time
                                           1000.452820   data required time
---------------------------------------------------------------------------------------------
                                           1000.452820   data required time
                                            -12.950068   data arrival time
---------------------------------------------------------------------------------------------
                                            987.502747   slack (MET)


Startpoint: _153_ (rising edge-triggered flip-flop clocked by clk)
Endpoint: _165_ (rising edge-triggered flip-flop clocked by clk)
Path Group: clk
Path Type: max

Fanout         Cap        Slew       Delay        Time   Description
---------------------------------------------------------------------------------------------
                                  0.000000    0.000000   clock clk (rise edge)
                                  0.000000    0.000000   clock source latency
     1    0.029419    0.408278    0.196720    0.196720 ^ clk (in)
     4    0.095982    0.412932    0.801780    0.998500 ^ clkbuf_0_clk/Z (gf180mcu_fd_sc_mcu7t5v0__clkbuf_16)
     5    0.025271    0.241922    0.665082    1.663582 ^ clkbuf_2_1__f_clk/Z (gf180mcu_fd_sc_mcu7t5v0__clkbuf_16)
                      0.241922    0.000193    1.663774 ^ _153_/CLK (gf180mcu_fd_sc_mcu7t5v0__dffq_1)
     6    0.031287    1.516156    2.985044    4.648819 ^ _153_/Q (gf180mcu_fd_sc_mcu7t5v0__dffq_1)
     4    0.026627    1.474019    2.337777    6.986596 ^ _081_/Z (gf180mcu_fd_sc_mcu7t5v0__and4_1)
     2    0.015275    1.507422    1.180315    8.166911 v _084_/ZN (gf180mcu_fd_sc_mcu7t5v0__nand4_1)
     2    0.008873    0.732274    0.789181    8.956092 ^ _085_/ZN (gf180mcu_fd_sc_mcu7t5v0__clkinv_1)
     2    0.017110    0.938689    1.244503   10.200595 ^ _086_/Z (gf180mcu_fd_sc_mcu7t5v0__and2_1)
    10    0.059087    1.351651    1.325801   11.526396 ^ fanout14/Z (gf180mcu_fd_sc_mcu7t5v0__buf_2)
     1    0.005929    0.659459    0.605621   12.132017 v _140_/ZN (gf180mcu_fd_sc_mcu7t5v0__oai21_1)
     1    0.003117    0.831427    0.864466   12.996484 ^ _141_/ZN (gf180mcu_fd_sc_mcu7t5v0__aoi21_1)
                      0.831427    0.000061   12.996545 ^ _165_/D (gf180mcu_fd_sc_mcu7t5v0__dffq_1)
                                             12.996545   data arrival time

                               1000.000000 1000.000000   clock clk (rise edge)
                                  0.000000 1000.000000   clock source latency
     1    0.029419    0.408278    0.178034 1000.178040 ^ clk (in)
     4    0.095982    0.412932    0.725322 1000.903381 ^ clkbuf_0_clk/Z (gf180mcu_fd_sc_mcu7t5v0__clkbuf_16)
     5    0.025271    0.241922    0.601744 1001.505127 ^ clkbuf_2_1__f_clk/Z (gf180mcu_fd_sc_mcu7t5v0__clkbuf_16)
                      0.241922    0.000227 1001.505371 ^ _165_/CLK (gf180mcu_fd_sc_mcu7t5v0__dffq_1)
                                 -0.250000 1001.255371   clock uncertainty
                                  0.158436 1001.413818   clock reconvergence pessimism
                                 -0.890840 1000.523010   library setup time
                                           1000.523010   data required time
---------------------------------------------------------------------------------------------
                                           1000.523010   data required time
                                            -12.996545   data arrival time
---------------------------------------------------------------------------------------------
                                            987.526428   slack (MET)


Startpoint: _153_ (rising edge-triggered flip-flop clocked by clk)
Endpoint: _168_ (rising edge-triggered flip-flop clocked by clk)
Path Group: clk
Path Type: max

Fanout         Cap        Slew       Delay        Time   Description
---------------------------------------------------------------------------------------------
                                  0.000000    0.000000   clock clk (rise edge)
                                  0.000000    0.000000   clock source latency
     1    0.029419    0.408278    0.196720    0.196720 ^ clk (in)
     4    0.095982    0.412932    0.801780    0.998500 ^ clkbuf_0_clk/Z (gf180mcu_fd_sc_mcu7t5v0__clkbuf_16)
     5    0.025271    0.241922    0.665082    1.663582 ^ clkbuf_2_1__f_clk/Z (gf180mcu_fd_sc_mcu7t5v0__clkbuf_16)
                      0.241922    0.000193    1.663774 ^ _153_/CLK (gf180mcu_fd_sc_mcu7t5v0__dffq_1)
     6    0.031287    1.516156    2.985044    4.648819 ^ _153_/Q (gf180mcu_fd_sc_mcu7t5v0__dffq_1)
     4    0.026627    1.474019    2.337777    6.986596 ^ _081_/Z (gf180mcu_fd_sc_mcu7t5v0__and4_1)
     2    0.015275    1.507422    1.180315    8.166911 v _084_/ZN (gf180mcu_fd_sc_mcu7t5v0__nand4_1)
     2    0.008873    0.732274    0.789181    8.956092 ^ _085_/ZN (gf180mcu_fd_sc_mcu7t5v0__clkinv_1)
     5    0.033076    1.372699    1.051371   10.007463 v _087_/ZN (gf180mcu_fd_sc_mcu7t5v0__nand2_1)
     3    0.017462    1.878140    1.545692   11.553155 ^ _144_/ZN (gf180mcu_fd_sc_mcu7t5v0__nor2_1)
     1    0.004598    0.872505    0.757336   12.310491 v _147_/ZN (gf180mcu_fd_sc_mcu7t5v0__aoi22_1)
     1    0.002590    0.625163    0.640647   12.951138 ^ _148_/ZN (gf180mcu_fd_sc_mcu7t5v0__nor2_1)
                      0.625163    0.000025   12.951162 ^ _168_/D (gf180mcu_fd_sc_mcu7t5v0__dffq_1)
                                             12.951162   data arrival time

                               1000.000000 1000.000000   clock clk (rise edge)
                                  0.000000 1000.000000   clock source latency
     1    0.029419    0.408278    0.178034 1000.178040 ^ clk (in)
     4    0.095982    0.412932    0.725322 1000.903381 ^ clkbuf_0_clk/Z (gf180mcu_fd_sc_mcu7t5v0__clkbuf_16)
     5    0.024254    0.239390    0.599243 1001.502625 ^ clkbuf_2_2__f_clk/Z (gf180mcu_fd_sc_mcu7t5v0__clkbuf_16)
                      0.239390    0.000455 1001.503052 ^ _168_/CLK (gf180mcu_fd_sc_mcu7t5v0__dffq_1)
                                 -0.250000 1001.253052   clock uncertainty
                                  0.095095 1001.348145   clock reconvergence pessimism
                                 -0.860951 1000.487183   library setup time
                                           1000.487183   data required time
---------------------------------------------------------------------------------------------
                                           1000.487183   data required time
                                            -12.951162   data arrival time
---------------------------------------------------------------------------------------------
                                            987.535950   slack (MET)


Startpoint: _153_ (rising edge-triggered flip-flop clocked by clk)
Endpoint: _166_ (rising edge-triggered flip-flop clocked by clk)
Path Group: clk
Path Type: max

Fanout         Cap        Slew       Delay        Time   Description
---------------------------------------------------------------------------------------------
                                  0.000000    0.000000   clock clk (rise edge)
                                  0.000000    0.000000   clock source latency
     1    0.029419    0.408278    0.196720    0.196720 ^ clk (in)
     4    0.095982    0.412932    0.801780    0.998500 ^ clkbuf_0_clk/Z (gf180mcu_fd_sc_mcu7t5v0__clkbuf_16)
     5    0.025271    0.241922    0.665082    1.663582 ^ clkbuf_2_1__f_clk/Z (gf180mcu_fd_sc_mcu7t5v0__clkbuf_16)
                      0.241922    0.000193    1.663774 ^ _153_/CLK (gf180mcu_fd_sc_mcu7t5v0__dffq_1)
     6    0.031287    1.516156    2.985044    4.648819 ^ _153_/Q (gf180mcu_fd_sc_mcu7t5v0__dffq_1)
     4    0.026627    1.474019    2.337777    6.986596 ^ _081_/Z (gf180mcu_fd_sc_mcu7t5v0__and4_1)
     2    0.015275    1.507422    1.180315    8.166911 v _084_/ZN (gf180mcu_fd_sc_mcu7t5v0__nand4_1)
     2    0.008873    0.732274    0.789181    8.956092 ^ _085_/ZN (gf180mcu_fd_sc_mcu7t5v0__clkinv_1)
     2    0.017110    0.938689    1.244503   10.200595 ^ _086_/Z (gf180mcu_fd_sc_mcu7t5v0__and2_1)
     5    0.033846    0.823495    0.996079   11.196674 ^ fanout15/Z (gf180mcu_fd_sc_mcu7t5v0__buf_2)
     1    0.004983    0.432076    0.447334   11.644008 v _142_/ZN (gf180mcu_fd_sc_mcu7t5v0__nor2_1)
     1    0.003160    1.396857    1.232935   12.876943 ^ _143_/ZN (gf180mcu_fd_sc_mcu7t5v0__aoi211_1)
                      1.396857    0.000035   12.876977 ^ _166_/D (gf180mcu_fd_sc_mcu7t5v0__dffq_1)
                                             12.876977   data arrival time

                               1000.000000 1000.000000   clock clk (rise edge)
                                  0.000000 1000.000000   clock source latency
     1    0.029419    0.408278    0.178034 1000.178040 ^ clk (in)
     4    0.095982    0.412932    0.725322 1000.903381 ^ clkbuf_0_clk/Z (gf180mcu_fd_sc_mcu7t5v0__clkbuf_16)
     5    0.025271    0.241922    0.601744 1001.505127 ^ clkbuf_2_1__f_clk/Z (gf180mcu_fd_sc_mcu7t5v0__clkbuf_16)
                      0.241922    0.000227 1001.505371 ^ _166_/CLK (gf180mcu_fd_sc_mcu7t5v0__dffq_1)
                                 -0.250000 1001.255371   clock uncertainty
                                  0.158436 1001.413818   clock reconvergence pessimism
                                 -0.959792 1000.454102   library setup time
                                           1000.454102   data required time
---------------------------------------------------------------------------------------------
                                           1000.454102   data required time
                                            -12.876977   data arrival time
---------------------------------------------------------------------------------------------
                                            987.577148   slack (MET)


Startpoint: _153_ (rising edge-triggered flip-flop clocked by clk)
Endpoint: _169_ (rising edge-triggered flip-flop clocked by clk)
Path Group: clk
Path Type: max

Fanout         Cap        Slew       Delay        Time   Description
---------------------------------------------------------------------------------------------
                                  0.000000    0.000000   clock clk (rise edge)
                                  0.000000    0.000000   clock source latency
     1    0.029419    0.408278    0.196720    0.196720 ^ clk (in)
     4    0.095982    0.412932    0.801780    0.998500 ^ clkbuf_0_clk/Z (gf180mcu_fd_sc_mcu7t5v0__clkbuf_16)
     5    0.025271    0.241922    0.665082    1.663582 ^ clkbuf_2_1__f_clk/Z (gf180mcu_fd_sc_mcu7t5v0__clkbuf_16)
                      0.241922    0.000193    1.663774 ^ _153_/CLK (gf180mcu_fd_sc_mcu7t5v0__dffq_1)
     6    0.031287    1.516156    2.985044    4.648819 ^ _153_/Q (gf180mcu_fd_sc_mcu7t5v0__dffq_1)
     4    0.026627    1.474019    2.337777    6.986596 ^ _081_/Z (gf180mcu_fd_sc_mcu7t5v0__and4_1)
     2    0.015275    1.507422    1.180315    8.166911 v _084_/ZN (gf180mcu_fd_sc_mcu7t5v0__nand4_1)
     2    0.008873    0.732274    0.789181    8.956092 ^ _085_/ZN (gf180mcu_fd_sc_mcu7t5v0__clkinv_1)
     2    0.017110    0.938689    1.244503   10.200595 ^ _086_/Z (gf180mcu_fd_sc_mcu7t5v0__and2_1)
     5    0.033846    0.823495    0.996079   11.196674 ^ fanout15/Z (gf180mcu_fd_sc_mcu7t5v0__buf_2)
     1    0.005014    0.518480    0.494483   11.691156 v _149_/ZN (gf180mcu_fd_sc_mcu7t5v0__oai21_1)
     1    0.002737    0.663157    0.583398   12.274555 ^ _150_/ZN (gf180mcu_fd_sc_mcu7t5v0__nor2_1)
                      0.663157    0.000028   12.274583 ^ _169_/D (gf180mcu_fd_sc_mcu7t5v0__dffq_1)
                                             12.274583   data arrival time

                               1000.000000 1000.000000   clock clk (rise edge)
                                  0.000000 1000.000000   clock source latency
     1    0.029419    0.408278    0.178034 1000.178040 ^ clk (in)
     4    0.095982    0.412932    0.725322 1000.903381 ^ clkbuf_0_clk/Z (gf180mcu_fd_sc_mcu7t5v0__clkbuf_16)
     5    0.024254    0.239390    0.599243 1001.502625 ^ clkbuf_2_2__f_clk/Z (gf180mcu_fd_sc_mcu7t5v0__clkbuf_16)
                      0.239390    0.000341 1001.502991 ^ _169_/CLK (gf180mcu_fd_sc_mcu7t5v0__dffq_1)
                                 -0.250000 1001.252991   clock uncertainty
                                  0.095095 1001.348022   clock reconvergence pessimism
                                 -0.866596 1000.481384   library setup time
                                           1000.481384   data required time
---------------------------------------------------------------------------------------------
                                           1000.481384   data required time
                                            -12.274583   data arrival time
---------------------------------------------------------------------------------------------
                                            988.206848   slack (MET)


Startpoint: _153_ (rising edge-triggered flip-flop clocked by clk)
Endpoint: _170_ (rising edge-triggered flip-flop clocked by clk)
Path Group: clk
Path Type: max

Fanout         Cap        Slew       Delay        Time   Description
---------------------------------------------------------------------------------------------
                                  0.000000    0.000000   clock clk (rise edge)
                                  0.000000    0.000000   clock source latency
     1    0.029419    0.408278    0.196720    0.196720 ^ clk (in)
     4    0.095982    0.412932    0.801780    0.998500 ^ clkbuf_0_clk/Z (gf180mcu_fd_sc_mcu7t5v0__clkbuf_16)
     5    0.025271    0.241922    0.665082    1.663582 ^ clkbuf_2_1__f_clk/Z (gf180mcu_fd_sc_mcu7t5v0__clkbuf_16)
                      0.241922    0.000193    1.663774 ^ _153_/CLK (gf180mcu_fd_sc_mcu7t5v0__dffq_1)
     6    0.031287    1.516156    2.985044    4.648819 ^ _153_/Q (gf180mcu_fd_sc_mcu7t5v0__dffq_1)
     4    0.026627    1.474019    2.337777    6.986596 ^ _081_/Z (gf180mcu_fd_sc_mcu7t5v0__and4_1)
     2    0.015275    1.507422    1.180315    8.166911 v _084_/ZN (gf180mcu_fd_sc_mcu7t5v0__nand4_1)
     2    0.008873    0.732274    0.789181    8.956092 ^ _085_/ZN (gf180mcu_fd_sc_mcu7t5v0__clkinv_1)
     2    0.017110    0.938689    1.244503   10.200595 ^ _086_/Z (gf180mcu_fd_sc_mcu7t5v0__and2_1)
     5    0.033846    0.823495    0.996079   11.196674 ^ fanout15/Z (gf180mcu_fd_sc_mcu7t5v0__buf_2)
     1    0.005938    0.439288    0.403826   11.600500 v _088_/ZN (gf180mcu_fd_sc_mcu7t5v0__nand2_1)
     1    0.002672    0.789750    0.523383   12.123883 ^ _151_/ZN (gf180mcu_fd_sc_mcu7t5v0__aoi21_1)
                      0.789750    0.000027   12.123910 ^ _170_/D (gf180mcu_fd_sc_mcu7t5v0__dffq_1)
                                             12.123910   data arrival time

                               1000.000000 1000.000000   clock clk (rise edge)
                                  0.000000 1000.000000   clock source latency
     1    0.029419    0.408278    0.178034 1000.178040 ^ clk (in)
     4    0.095982    0.412932    0.725322 1000.903381 ^ clkbuf_0_clk/Z (gf180mcu_fd_sc_mcu7t5v0__clkbuf_16)
     5    0.024254    0.239390    0.599243 1001.502625 ^ clkbuf_2_2__f_clk/Z (gf180mcu_fd_sc_mcu7t5v0__clkbuf_16)
                      0.239390    0.000227 1001.502869 ^ _170_/CLK (gf180mcu_fd_sc_mcu7t5v0__dffq_1)
                                 -0.250000 1001.252869   clock uncertainty
                                  0.095095 1001.347900   clock reconvergence pessimism
                                 -0.885402 1000.462524   library setup time
                                           1000.462524   data required time
---------------------------------------------------------------------------------------------
                                           1000.462524   data required time
                                            -12.123910   data arrival time
---------------------------------------------------------------------------------------------
                                            988.338623   slack (MET)


Startpoint: _153_ (rising edge-triggered flip-flop clocked by clk)
Endpoint: _160_ (rising edge-triggered flip-flop clocked by clk)
Path Group: clk
Path Type: max

Fanout         Cap        Slew       Delay        Time   Description
---------------------------------------------------------------------------------------------
                                  0.000000    0.000000   clock clk (rise edge)
                                  0.000000    0.000000   clock source latency
     1    0.029419    0.408278    0.196720    0.196720 ^ clk (in)
     4    0.095982    0.412932    0.801780    0.998500 ^ clkbuf_0_clk/Z (gf180mcu_fd_sc_mcu7t5v0__clkbuf_16)
     5    0.025271    0.241922    0.665082    1.663582 ^ clkbuf_2_1__f_clk/Z (gf180mcu_fd_sc_mcu7t5v0__clkbuf_16)
                      0.241922    0.000193    1.663774 ^ _153_/CLK (gf180mcu_fd_sc_mcu7t5v0__dffq_1)
     6    0.031287    1.516156    2.985044    4.648819 ^ _153_/Q (gf180mcu_fd_sc_mcu7t5v0__dffq_1)
     4    0.026627    1.474019    2.337777    6.986596 ^ _081_/Z (gf180mcu_fd_sc_mcu7t5v0__and4_1)
     2    0.015275    1.507422    1.180315    8.166911 v _084_/ZN (gf180mcu_fd_sc_mcu7t5v0__nand4_1)
     3    0.017413    0.975144    2.079915   10.246826 v _117_/Z (gf180mcu_fd_sc_mcu7t5v0__xor2_1)
     1    0.002895    0.503649    0.600721   10.847548 ^ _131_/ZN (gf180mcu_fd_sc_mcu7t5v0__nand2_1)
                      0.503649    0.000029   10.847576 ^ _160_/D (gf180mcu_fd_sc_mcu7t5v0__dffq_1)
                                             10.847576   data arrival time

                               1000.000000 1000.000000   clock clk (rise edge)
                                  0.000000 1000.000000   clock source latency
     1    0.029419    0.408278    0.178034 1000.178040 ^ clk (in)
     4    0.095982    0.412932    0.725322 1000.903381 ^ clkbuf_0_clk/Z (gf180mcu_fd_sc_mcu7t5v0__clkbuf_16)
     5    0.024779    0.240699    0.600380 1001.503784 ^ clkbuf_2_3__f_clk/Z (gf180mcu_fd_sc_mcu7t5v0__clkbuf_16)
                      0.240699    0.000341 1001.504089 ^ _160_/CLK (gf180mcu_fd_sc_mcu7t5v0__dffq_1)
                                 -0.250000 1001.254089   clock uncertainty
                                  0.095095 1001.349121   clock reconvergence pessimism
                                 -0.842433 1000.506714   library setup time
                                           1000.506714   data required time
---------------------------------------------------------------------------------------------
                                           1000.506714   data required time
                                            -10.847576   data arrival time
---------------------------------------------------------------------------------------------
                                            989.659180   slack (MET)


Startpoint: _153_ (rising edge-triggered flip-flop clocked by clk)
Endpoint: _159_ (rising edge-triggered flip-flop clocked by clk)
Path Group: clk
Path Type: max

Fanout         Cap        Slew       Delay        Time   Description
---------------------------------------------------------------------------------------------
                                  0.000000    0.000000   clock clk (rise edge)
                                  0.000000    0.000000   clock source latency
     1    0.029419    0.408278    0.196720    0.196720 ^ clk (in)
     4    0.095982    0.412932    0.801780    0.998500 ^ clkbuf_0_clk/Z (gf180mcu_fd_sc_mcu7t5v0__clkbuf_16)
     5    0.025271    0.241922    0.665082    1.663582 ^ clkbuf_2_1__f_clk/Z (gf180mcu_fd_sc_mcu7t5v0__clkbuf_16)
                      0.241922    0.000193    1.663774 ^ _153_/CLK (gf180mcu_fd_sc_mcu7t5v0__dffq_1)
     6    0.031287    1.516156    2.985044    4.648819 ^ _153_/Q (gf180mcu_fd_sc_mcu7t5v0__dffq_1)
     4    0.026627    1.474019    2.337777    6.986596 ^ _081_/Z (gf180mcu_fd_sc_mcu7t5v0__and4_1)
     1    0.008281    0.827521    0.684659    7.671255 v _083_/ZN (gf180mcu_fd_sc_mcu7t5v0__nand3_1)
     3    0.018227    0.880679    1.848465    9.519720 v _115_/Z (gf180mcu_fd_sc_mcu7t5v0__xor2_1)
     1    0.002936    0.485350    0.572993   10.092713 ^ _130_/ZN (gf180mcu_fd_sc_mcu7t5v0__nand2_1)
                      0.485350    0.000030   10.092744 ^ _159_/D (gf180mcu_fd_sc_mcu7t5v0__dffq_1)
                                             10.092744   data arrival time

                               1000.000000 1000.000000   clock clk (rise edge)
                                  0.000000 1000.000000   clock source latency
     1    0.029419    0.408278    0.178034 1000.178040 ^ clk (in)
     4    0.095982    0.412932    0.725322 1000.903381 ^ clkbuf_0_clk/Z (gf180mcu_fd_sc_mcu7t5v0__clkbuf_16)
     5    0.024779    0.240699    0.600380 1001.503784 ^ clkbuf_2_3__f_clk/Z (gf180mcu_fd_sc_mcu7t5v0__clkbuf_16)
                      0.240699    0.000114 1001.503845 ^ _159_/CLK (gf180mcu_fd_sc_mcu7t5v0__dffq_1)
                                 -0.250000 1001.253906   clock uncertainty
                                  0.095095 1001.348938   clock reconvergence pessimism
                                 -0.838619 1000.510254   library setup time
                                           1000.510254   data required time
---------------------------------------------------------------------------------------------
                                           1000.510254   data required time
                                            -10.092744   data arrival time
---------------------------------------------------------------------------------------------
                                            990.417480   slack (MET)


Startpoint: _153_ (rising edge-triggered flip-flop clocked by clk)
Endpoint: _158_ (rising edge-triggered flip-flop clocked by clk)
Path Group: clk
Path Type: max

Fanout         Cap        Slew       Delay        Time   Description
---------------------------------------------------------------------------------------------
                                  0.000000    0.000000   clock clk (rise edge)
                                  0.000000    0.000000   clock source latency
     1    0.029419    0.408278    0.196720    0.196720 ^ clk (in)
     4    0.095982    0.412932    0.801780    0.998500 ^ clkbuf_0_clk/Z (gf180mcu_fd_sc_mcu7t5v0__clkbuf_16)
     5    0.025271    0.241922    0.665082    1.663582 ^ clkbuf_2_1__f_clk/Z (gf180mcu_fd_sc_mcu7t5v0__clkbuf_16)
                      0.241922    0.000193    1.663774 ^ _153_/CLK (gf180mcu_fd_sc_mcu7t5v0__dffq_1)
     6    0.031287    1.516156    2.985044    4.648819 ^ _153_/Q (gf180mcu_fd_sc_mcu7t5v0__dffq_1)
     4    0.026627    1.474019    2.337777    6.986596 ^ _081_/Z (gf180mcu_fd_sc_mcu7t5v0__and4_1)
     1    0.007907    0.626773    0.504460    7.491056 v _082_/ZN (gf180mcu_fd_sc_mcu7t5v0__nand2_1)
     3    0.017414    0.883322    1.761885    9.252941 v _113_/Z (gf180mcu_fd_sc_mcu7t5v0__xor2_1)
     1    0.002718    0.476557    0.566055    9.818995 ^ _129_/ZN (gf180mcu_fd_sc_mcu7t5v0__nand2_1)
                      0.476557    0.000028    9.819023 ^ _158_/D (gf180mcu_fd_sc_mcu7t5v0__dffq_1)
                                              9.819023   data arrival time

                               1000.000000 1000.000000   clock clk (rise edge)
                                  0.000000 1000.000000   clock source latency
     1    0.029419    0.408278    0.178034 1000.178040 ^ clk (in)
     4    0.095982    0.412932    0.725322 1000.903381 ^ clkbuf_0_clk/Z (gf180mcu_fd_sc_mcu7t5v0__clkbuf_16)
     5    0.024779    0.240699    0.600380 1001.503784 ^ clkbuf_2_3__f_clk/Z (gf180mcu_fd_sc_mcu7t5v0__clkbuf_16)
                      0.240699    0.000114 1001.503845 ^ _158_/CLK (gf180mcu_fd_sc_mcu7t5v0__dffq_1)
                                 -0.250000 1001.253906   clock uncertainty
                                  0.095095 1001.348938   clock reconvergence pessimism
                                 -0.836785 1000.512207   library setup time
                                           1000.512207   data required time
---------------------------------------------------------------------------------------------
                                           1000.512207   data required time
                                             -9.819023   data arrival time
---------------------------------------------------------------------------------------------
                                            990.693176   slack (MET)


Startpoint: _153_ (rising edge-triggered flip-flop clocked by clk)
Endpoint: _157_ (rising edge-triggered flip-flop clocked by clk)
Path Group: clk
Path Type: max

Fanout         Cap        Slew       Delay        Time   Description
---------------------------------------------------------------------------------------------
                                  0.000000    0.000000   clock clk (rise edge)
                                  0.000000    0.000000   clock source latency
     1    0.029419    0.408278    0.196720    0.196720 ^ clk (in)
     4    0.095982    0.412932    0.801780    0.998500 ^ clkbuf_0_clk/Z (gf180mcu_fd_sc_mcu7t5v0__clkbuf_16)
     5    0.025271    0.241922    0.665082    1.663582 ^ clkbuf_2_1__f_clk/Z (gf180mcu_fd_sc_mcu7t5v0__clkbuf_16)
                      0.241922    0.000193    1.663774 ^ _153_/CLK (gf180mcu_fd_sc_mcu7t5v0__dffq_1)
     6    0.031287    1.516156    2.985044    4.648819 ^ _153_/Q (gf180mcu_fd_sc_mcu7t5v0__dffq_1)
     4    0.026627    1.474019    2.337777    6.986596 ^ _081_/Z (gf180mcu_fd_sc_mcu7t5v0__and4_1)
     2    0.012592    1.664034    1.610986    8.597582 ^ _110_/Z (gf180mcu_fd_sc_mcu7t5v0__xor2_1)
     2    0.010253    0.769423    0.675506    9.273088 v _111_/ZN (gf180mcu_fd_sc_mcu7t5v0__clkinv_1)
     1    0.002901    0.460232    0.537193    9.810280 ^ _128_/ZN (gf180mcu_fd_sc_mcu7t5v0__nand2_1)
                      0.460232    0.000030    9.810310 ^ _157_/D (gf180mcu_fd_sc_mcu7t5v0__dffq_1)
                                              9.810310   data arrival time

                               1000.000000 1000.000000   clock clk (rise edge)
                                  0.000000 1000.000000   clock source latency
     1    0.029419    0.408278    0.178034 1000.178040 ^ clk (in)
     4    0.095982    0.412932    0.725322 1000.903381 ^ clkbuf_0_clk/Z (gf180mcu_fd_sc_mcu7t5v0__clkbuf_16)
     5    0.024779    0.240699    0.600380 1001.503784 ^ clkbuf_2_3__f_clk/Z (gf180mcu_fd_sc_mcu7t5v0__clkbuf_16)
                      0.240699    0.000114 1001.503845 ^ _157_/CLK (gf180mcu_fd_sc_mcu7t5v0__dffq_1)
                                 -0.250000 1001.253906   clock uncertainty
                                  0.095095 1001.348938   clock reconvergence pessimism
                                 -0.833382 1000.515503   library setup time
                                           1000.515503   data required time
---------------------------------------------------------------------------------------------
                                           1000.515503   data required time
                                             -9.810310   data arrival time
---------------------------------------------------------------------------------------------
                                            990.705200   slack (MET)


Startpoint: _153_ (rising edge-triggered flip-flop clocked by clk)
Endpoint: _156_ (rising edge-triggered flip-flop clocked by clk)
Path Group: clk
Path Type: max

Fanout         Cap        Slew       Delay        Time   Description
---------------------------------------------------------------------------------------------
                                  0.000000    0.000000   clock clk (rise edge)
                                  0.000000    0.000000   clock source latency
     1    0.029419    0.408278    0.196720    0.196720 ^ clk (in)
     4    0.095982    0.412932    0.801780    0.998500 ^ clkbuf_0_clk/Z (gf180mcu_fd_sc_mcu7t5v0__clkbuf_16)
     5    0.025271    0.241922    0.665082    1.663582 ^ clkbuf_2_1__f_clk/Z (gf180mcu_fd_sc_mcu7t5v0__clkbuf_16)
                      0.241922    0.000193    1.663774 ^ _153_/CLK (gf180mcu_fd_sc_mcu7t5v0__dffq_1)
     6    0.031287    1.516156    2.985044    4.648819 ^ _153_/Q (gf180mcu_fd_sc_mcu7t5v0__dffq_1)
     4    0.025821    1.323245    2.013922    6.662741 ^ _080_/Z (gf180mcu_fd_sc_mcu7t5v0__and3_1)
     3    0.017466    2.085506    1.861627    8.524368 ^ _108_/Z (gf180mcu_fd_sc_mcu7t5v0__xor2_1)
     1    0.002867    0.344130    0.881888    9.406257 ^ _127_/Z (gf180mcu_fd_sc_mcu7t5v0__or2_1)
                      0.344130    0.000029    9.406286 ^ _156_/D (gf180mcu_fd_sc_mcu7t5v0__dffq_1)
                                              9.406286   data arrival time

                               1000.000000 1000.000000   clock clk (rise edge)
                                  0.000000 1000.000000   clock source latency
     1    0.029419    0.408278    0.178034 1000.178040 ^ clk (in)
     4    0.095982    0.412932    0.725322 1000.903381 ^ clkbuf_0_clk/Z (gf180mcu_fd_sc_mcu7t5v0__clkbuf_16)
     5    0.025271    0.241922    0.601744 1001.505127 ^ clkbuf_2_1__f_clk/Z (gf180mcu_fd_sc_mcu7t5v0__clkbuf_16)
                      0.241922    0.000114 1001.505249 ^ _156_/CLK (gf180mcu_fd_sc_mcu7t5v0__dffq_1)
                                 -0.250000 1001.255249   clock uncertainty
                                  0.158436 1001.413696   clock reconvergence pessimism
                                 -0.808806 1000.604980   library setup time
                                           1000.604980   data required time
---------------------------------------------------------------------------------------------
                                           1000.604980   data required time
                                             -9.406286   data arrival time
---------------------------------------------------------------------------------------------
                                            991.198608   slack (MET)


Startpoint: _153_ (rising edge-triggered flip-flop clocked by clk)
Endpoint: _155_ (rising edge-triggered flip-flop clocked by clk)
Path Group: clk
Path Type: max

Fanout         Cap        Slew       Delay        Time   Description
---------------------------------------------------------------------------------------------
                                  0.000000    0.000000   clock clk (rise edge)
                                  0.000000    0.000000   clock source latency
     1    0.029419    0.408278    0.196720    0.196720 ^ clk (in)
     4    0.095982    0.412932    0.801780    0.998500 ^ clkbuf_0_clk/Z (gf180mcu_fd_sc_mcu7t5v0__clkbuf_16)
     5    0.025271    0.241922    0.665082    1.663582 ^ clkbuf_2_1__f_clk/Z (gf180mcu_fd_sc_mcu7t5v0__clkbuf_16)
                      0.241922    0.000193    1.663774 ^ _153_/CLK (gf180mcu_fd_sc_mcu7t5v0__dffq_1)
     6    0.031287    1.516156    2.985044    4.648819 ^ _153_/Q (gf180mcu_fd_sc_mcu7t5v0__dffq_1)
     4    0.025821    1.323245    2.013922    6.662741 ^ _080_/Z (gf180mcu_fd_sc_mcu7t5v0__and3_1)
     1    0.003287    0.673858    0.418903    7.081644 v _126_/ZN (gf180mcu_fd_sc_mcu7t5v0__oai21_1)
                      0.673858    0.000065    7.081709 v _155_/D (gf180mcu_fd_sc_mcu7t5v0__dffq_1)
                                              7.081709   data arrival time

                               1000.000000 1000.000000   clock clk (rise edge)
                                  0.000000 1000.000000   clock source latency
     1    0.029419    0.408278    0.178034 1000.178040 ^ clk (in)
     4    0.095982    0.412932    0.725322 1000.903381 ^ clkbuf_0_clk/Z (gf180mcu_fd_sc_mcu7t5v0__clkbuf_16)
     5    0.025271    0.241922    0.601744 1001.505127 ^ clkbuf_2_1__f_clk/Z (gf180mcu_fd_sc_mcu7t5v0__clkbuf_16)
                      0.241922    0.000114 1001.505249 ^ _155_/CLK (gf180mcu_fd_sc_mcu7t5v0__dffq_1)
                                 -0.250000 1001.255249   clock uncertainty
                                  0.158436 1001.413696   clock reconvergence pessimism
                                 -0.968521 1000.445251   library setup time
                                           1000.445251   data required time
---------------------------------------------------------------------------------------------
                                           1000.445251   data required time
                                             -7.081709   data arrival time
---------------------------------------------------------------------------------------------
                                            993.363586   slack (MET)


Startpoint: _153_ (rising edge-triggered flip-flop clocked by clk)
Endpoint: _154_ (rising edge-triggered flip-flop clocked by clk)
Path Group: clk
Path Type: max

Fanout         Cap        Slew       Delay        Time   Description
---------------------------------------------------------------------------------------------
                                  0.000000    0.000000   clock clk (rise edge)
                                  0.000000    0.000000   clock source latency
     1    0.029419    0.408278    0.196720    0.196720 ^ clk (in)
     4    0.095982    0.412932    0.801780    0.998500 ^ clkbuf_0_clk/Z (gf180mcu_fd_sc_mcu7t5v0__clkbuf_16)
     5    0.025271    0.241922    0.665082    1.663582 ^ clkbuf_2_1__f_clk/Z (gf180mcu_fd_sc_mcu7t5v0__clkbuf_16)
                      0.241922    0.000193    1.663774 ^ _153_/CLK (gf180mcu_fd_sc_mcu7t5v0__dffq_1)
     6    0.031287    1.516156    2.985044    4.648819 ^ _153_/Q (gf180mcu_fd_sc_mcu7t5v0__dffq_1)
     2    0.011145    1.624662    1.420304    6.069123 ^ _105_/ZN (gf180mcu_fd_sc_mcu7t5v0__xnor2_1)
     1    0.002788    0.504007    0.337956    6.407079 v _125_/ZN (gf180mcu_fd_sc_mcu7t5v0__nand2_1)
                      0.504007    0.000028    6.407107 v _154_/D (gf180mcu_fd_sc_mcu7t5v0__dffq_1)
                                              6.407107   data arrival time

                               1000.000000 1000.000000   clock clk (rise edge)
                                  0.000000 1000.000000   clock source latency
     1    0.029419    0.408278    0.178034 1000.178040 ^ clk (in)
     4    0.095982    0.412932    0.725322 1000.903381 ^ clkbuf_0_clk/Z (gf180mcu_fd_sc_mcu7t5v0__clkbuf_16)
     5    0.022291    0.234488    0.595264 1001.498657 ^ clkbuf_2_0__f_clk/Z (gf180mcu_fd_sc_mcu7t5v0__clkbuf_16)
                      0.234488    0.000114 1001.498779 ^ _154_/CLK (gf180mcu_fd_sc_mcu7t5v0__dffq_1)
                                 -0.250000 1001.248779   clock uncertainty
                                  0.095095 1001.343811   clock reconvergence pessimism
                                 -0.913446 1000.430359   library setup time
                                           1000.430359   data required time
---------------------------------------------------------------------------------------------
                                           1000.430359   data required time
                                             -6.407107   data arrival time
---------------------------------------------------------------------------------------------
                                            994.023193   slack (MET)


Startpoint: _153_ (rising edge-triggered flip-flop clocked by clk)
Endpoint: _153_ (rising edge-triggered flip-flop clocked by clk)
Path Group: clk
Path Type: max

Fanout         Cap        Slew       Delay        Time   Description
---------------------------------------------------------------------------------------------
                                  0.000000    0.000000   clock clk (rise edge)
                                  0.000000    0.000000   clock source latency
     1    0.029419    0.408278    0.196720    0.196720 ^ clk (in)
     4    0.095982    0.412932    0.801780    0.998500 ^ clkbuf_0_clk/Z (gf180mcu_fd_sc_mcu7t5v0__clkbuf_16)
     5    0.025271    0.241922    0.665082    1.663582 ^ clkbuf_2_1__f_clk/Z (gf180mcu_fd_sc_mcu7t5v0__clkbuf_16)
                      0.241922    0.000193    1.663774 ^ _153_/CLK (gf180mcu_fd_sc_mcu7t5v0__dffq_1)
     6    0.031287    1.516156    2.985044    4.648819 ^ _153_/Q (gf180mcu_fd_sc_mcu7t5v0__dffq_1)
     1    0.002590    0.482096    0.362090    5.010909 v _124_/ZN (gf180mcu_fd_sc_mcu7t5v0__nand2_1)
                      0.482096    0.000025    5.010934 v _153_/D (gf180mcu_fd_sc_mcu7t5v0__dffq_1)
                                              5.010934   data arrival time

                               1000.000000 1000.000000   clock clk (rise edge)
                                  0.000000 1000.000000   clock source latency
     1    0.029419    0.408278    0.178034 1000.178040 ^ clk (in)
     4    0.095982    0.412932    0.725322 1000.903381 ^ clkbuf_0_clk/Z (gf180mcu_fd_sc_mcu7t5v0__clkbuf_16)
     5    0.025271    0.241922    0.601744 1001.505127 ^ clkbuf_2_1__f_clk/Z (gf180mcu_fd_sc_mcu7t5v0__clkbuf_16)
                      0.241922    0.000227 1001.505371 ^ _153_/CLK (gf180mcu_fd_sc_mcu7t5v0__dffq_1)
                                 -0.250000 1001.255371   clock uncertainty
                                  0.158455 1001.413818   clock reconvergence pessimism
                                 -0.906295 1000.507507   library setup time
                                           1000.507507   data required time
---------------------------------------------------------------------------------------------
                                           1000.507507   data required time
                                             -5.010934   data arrival time
---------------------------------------------------------------------------------------------
                                            995.496521   slack (MET)


R2R_END_SETUP min_ss_125C_3v00
R2R_BEGIN_HOLD min_ss_125C_3v00
Startpoint: _170_ (rising edge-triggered flip-flop clocked by clk)
Endpoint: _170_ (rising edge-triggered flip-flop clocked by clk)
Path Group: clk
Path Type: min

Fanout         Cap        Slew       Delay        Time   Description
---------------------------------------------------------------------------------------------
                                  0.000000    0.000000   clock clk (rise edge)
                                  0.000000    0.000000   clock source latency
     1    0.029419    0.408278    0.177985    0.177985 ^ clk (in)
     4    0.095982    0.412932    0.725420    0.903405 ^ clkbuf_0_clk/Z (gf180mcu_fd_sc_mcu7t5v0__clkbuf_16)
     5    0.024254    0.239390    0.599234    1.502638 ^ clkbuf_2_2__f_clk/Z (gf180mcu_fd_sc_mcu7t5v0__clkbuf_16)
                      0.239390    0.000181    1.502820 ^ _170_/CLK (gf180mcu_fd_sc_mcu7t5v0__dffq_1)
     2    0.011237    0.409907    1.884385    3.387205 v _170_/Q (gf180mcu_fd_sc_mcu7t5v0__dffq_1)
     1    0.005140    0.438663    0.387651    3.774856 ^ _100_/ZN (gf180mcu_fd_sc_mcu7t5v0__nand2_1)
     1    0.002672    0.292510    0.275846    4.050702 v _151_/ZN (gf180mcu_fd_sc_mcu7t5v0__aoi21_1)
                      0.292510    0.000024    4.050725 v _170_/D (gf180mcu_fd_sc_mcu7t5v0__dffq_1)
                                              4.050725   data arrival time

                                  0.000000    0.000000   clock clk (rise edge)
                                  0.000000    0.000000   clock source latency
     1    0.029419    0.408278    0.196720    0.196720 ^ clk (in)
     4    0.095982    0.412932    0.801780    0.998500 ^ clkbuf_0_clk/Z (gf180mcu_fd_sc_mcu7t5v0__clkbuf_16)
     5    0.024254    0.239390    0.662311    1.660811 ^ clkbuf_2_2__f_clk/Z (gf180mcu_fd_sc_mcu7t5v0__clkbuf_16)
                      0.239390    0.000200    1.661011 ^ _170_/CLK (gf180mcu_fd_sc_mcu7t5v0__dffq_1)
                                  0.250000    1.911011   clock uncertainty
                                 -0.158191    1.752820   clock reconvergence pessimism
                                  0.098396    1.851216   library hold time
                                              1.851216   data required time
---------------------------------------------------------------------------------------------
                                              1.851216   data required time
                                             -4.050725   data arrival time
---------------------------------------------------------------------------------------------
                                              2.199510   slack (MET)


Startpoint: _153_ (rising edge-triggered flip-flop clocked by clk)
Endpoint: _153_ (rising edge-triggered flip-flop clocked by clk)
Path Group: clk
Path Type: min

Fanout         Cap        Slew       Delay        Time   Description
---------------------------------------------------------------------------------------------
                                  0.000000    0.000000   clock clk (rise edge)
                                  0.000000    0.000000   clock source latency
     1    0.029419    0.408278    0.177985    0.177985 ^ clk (in)
     4    0.095982    0.412932    0.725420    0.903405 ^ clkbuf_0_clk/Z (gf180mcu_fd_sc_mcu7t5v0__clkbuf_16)
     5    0.025271    0.241922    0.601741    1.505146 ^ clkbuf_2_1__f_clk/Z (gf180mcu_fd_sc_mcu7t5v0__clkbuf_16)
                      0.241922    0.000174    1.505320 ^ _153_/CLK (gf180mcu_fd_sc_mcu7t5v0__dffq_1)
     6    0.031287    0.793988    2.165371    3.670691 v _153_/Q (gf180mcu_fd_sc_mcu7t5v0__dffq_1)
     1    0.002590    0.399487    0.417208    4.087900 ^ _124_/ZN (gf180mcu_fd_sc_mcu7t5v0__nand2_1)
                      0.399487    0.000023    4.087922 ^ _153_/D (gf180mcu_fd_sc_mcu7t5v0__dffq_1)
                                              4.087922   data arrival time

                                  0.000000    0.000000   clock clk (rise edge)
                                  0.000000    0.000000   clock source latency
     1    0.029419    0.408278    0.196720    0.196720 ^ clk (in)
     4    0.095982    0.412932    0.801780    0.998500 ^ clkbuf_0_clk/Z (gf180mcu_fd_sc_mcu7t5v0__clkbuf_16)
     5    0.025271    0.241922    0.665082    1.663582 ^ clkbuf_2_1__f_clk/Z (gf180mcu_fd_sc_mcu7t5v0__clkbuf_16)
                      0.241922    0.000193    1.663774 ^ _153_/CLK (gf180mcu_fd_sc_mcu7t5v0__dffq_1)
                                  0.250000    1.913774   clock uncertainty
                                 -0.158455    1.755320   clock reconvergence pessimism
                                  0.042148    1.797468   library hold time
                                              1.797468   data required time
---------------------------------------------------------------------------------------------
                                              1.797468   data required time
                                             -4.087922   data arrival time
---------------------------------------------------------------------------------------------
                                              2.290455   slack (MET)


Startpoint: _169_ (rising edge-triggered flip-flop clocked by clk)
Endpoint: _169_ (rising edge-triggered flip-flop clocked by clk)
Path Group: clk
Path Type: min

Fanout         Cap        Slew       Delay        Time   Description
---------------------------------------------------------------------------------------------
                                  0.000000    0.000000   clock clk (rise edge)
                                  0.000000    0.000000   clock source latency
     1    0.029419    0.408278    0.177985    0.177985 ^ clk (in)
     4    0.095982    0.412932    0.725420    0.903405 ^ clkbuf_0_clk/Z (gf180mcu_fd_sc_mcu7t5v0__clkbuf_16)
     5    0.024254    0.239390    0.599234    1.502638 ^ clkbuf_2_2__f_clk/Z (gf180mcu_fd_sc_mcu7t5v0__clkbuf_16)
                      0.239390    0.000348    1.502987 ^ _169_/CLK (gf180mcu_fd_sc_mcu7t5v0__dffq_1)
     2    0.010269    0.390341    1.867214    3.370201 v _169_/Q (gf180mcu_fd_sc_mcu7t5v0__dffq_1)
     1    0.005014    0.682329    0.613239    3.983439 ^ _149_/ZN (gf180mcu_fd_sc_mcu7t5v0__oai21_1)
     1    0.002737    0.344359    0.331213    4.314653 v _150_/ZN (gf180mcu_fd_sc_mcu7t5v0__nor2_1)
                      0.344359    0.000024    4.314677 v _169_/D (gf180mcu_fd_sc_mcu7t5v0__dffq_1)
                                              4.314677   data arrival time

                                  0.000000    0.000000   clock clk (rise edge)
                                  0.000000    0.000000   clock source latency
     1    0.029419    0.408278    0.196720    0.196720 ^ clk (in)
     4    0.095982    0.412932    0.801780    0.998500 ^ clkbuf_0_clk/Z (gf180mcu_fd_sc_mcu7t5v0__clkbuf_16)
     5    0.024254    0.239390    0.662311    1.660811 ^ clkbuf_2_2__f_clk/Z (gf180mcu_fd_sc_mcu7t5v0__clkbuf_16)
                      0.239390    0.000385    1.661196 ^ _169_/CLK (gf180mcu_fd_sc_mcu7t5v0__dffq_1)
                                  0.250000    1.911196   clock uncertainty
                                 -0.158209    1.752987   clock reconvergence pessimism
                                  0.086752    1.839739   library hold time
                                              1.839739   data required time
---------------------------------------------------------------------------------------------
                                              1.839739   data required time
                                             -4.314677   data arrival time
---------------------------------------------------------------------------------------------
                                              2.474938   slack (MET)


Startpoint: _168_ (rising edge-triggered flip-flop clocked by clk)
Endpoint: _168_ (rising edge-triggered flip-flop clocked by clk)
Path Group: clk
Path Type: min

Fanout         Cap        Slew       Delay        Time   Description
---------------------------------------------------------------------------------------------
                                  0.000000    0.000000   clock clk (rise edge)
                                  0.000000    0.000000   clock source latency
     1    0.029419    0.408278    0.177985    0.177985 ^ clk (in)
     4    0.095982    0.412932    0.725420    0.903405 ^ clkbuf_0_clk/Z (gf180mcu_fd_sc_mcu7t5v0__clkbuf_16)
     5    0.024254    0.239390    0.599234    1.502638 ^ clkbuf_2_2__f_clk/Z (gf180mcu_fd_sc_mcu7t5v0__clkbuf_16)
                      0.239390    0.000372    1.503011 ^ _168_/CLK (gf180mcu_fd_sc_mcu7t5v0__dffq_1)
     3    0.022467    0.623174    2.044914    3.547925 v _168_/Q (gf180mcu_fd_sc_mcu7t5v0__dffq_1)
     1    0.004598    0.612905    0.526902    4.074827 ^ _147_/ZN (gf180mcu_fd_sc_mcu7t5v0__aoi22_1)
     1    0.002590    0.325400    0.319246    4.394073 v _148_/ZN (gf180mcu_fd_sc_mcu7t5v0__nor2_1)
                      0.325400    0.000023    4.394096 v _168_/D (gf180mcu_fd_sc_mcu7t5v0__dffq_1)
                                              4.394096   data arrival time

                                  0.000000    0.000000   clock clk (rise edge)
                                  0.000000    0.000000   clock source latency
     1    0.029419    0.408278    0.196720    0.196720 ^ clk (in)
     4    0.095982    0.412932    0.801780    0.998500 ^ clkbuf_0_clk/Z (gf180mcu_fd_sc_mcu7t5v0__clkbuf_16)
     5    0.024254    0.239390    0.662311    1.660811 ^ clkbuf_2_2__f_clk/Z (gf180mcu_fd_sc_mcu7t5v0__clkbuf_16)
                      0.239390    0.000411    1.661222 ^ _168_/CLK (gf180mcu_fd_sc_mcu7t5v0__dffq_1)
                                  0.250000    1.911222   clock uncertainty
                                 -0.158211    1.753011   clock reconvergence pessimism
                                  0.091010    1.844021   library hold time
                                              1.844021   data required time
---------------------------------------------------------------------------------------------
                                              1.844021   data required time
                                             -4.394096   data arrival time
---------------------------------------------------------------------------------------------
                                              2.550075   slack (MET)


Startpoint: _167_ (rising edge-triggered flip-flop clocked by clk)
Endpoint: _167_ (rising edge-triggered flip-flop clocked by clk)
Path Group: clk
Path Type: min

Fanout         Cap        Slew       Delay        Time   Description
---------------------------------------------------------------------------------------------
                                  0.000000    0.000000   clock clk (rise edge)
                                  0.000000    0.000000   clock source latency
     1    0.029419    0.408278    0.177985    0.177985 ^ clk (in)
     4    0.095982    0.412932    0.725420    0.903405 ^ clkbuf_0_clk/Z (gf180mcu_fd_sc_mcu7t5v0__clkbuf_16)
     5    0.024254    0.239390    0.599234    1.502638 ^ clkbuf_2_2__f_clk/Z (gf180mcu_fd_sc_mcu7t5v0__clkbuf_16)
                      0.239390    0.000260    1.502899 ^ _167_/CLK (gf180mcu_fd_sc_mcu7t5v0__dffq_1)
     3    0.022045    0.615157    2.038943    3.541842 v _167_/Q (gf180mcu_fd_sc_mcu7t5v0__dffq_1)
     1    0.004982    0.635564    0.538831    4.080673 ^ _145_/ZN (gf180mcu_fd_sc_mcu7t5v0__aoi22_1)
     1    0.002919    0.338901    0.329393    4.410066 v _146_/ZN (gf180mcu_fd_sc_mcu7t5v0__nor2_1)
                      0.338901    0.000027    4.410092 v _167_/D (gf180mcu_fd_sc_mcu7t5v0__dffq_1)
                                              4.410092   data arrival time

                                  0.000000    0.000000   clock clk (rise edge)
                                  0.000000    0.000000   clock source latency
     1    0.029419    0.408278    0.196720    0.196720 ^ clk (in)
     4    0.095982    0.412932    0.801780    0.998500 ^ clkbuf_0_clk/Z (gf180mcu_fd_sc_mcu7t5v0__clkbuf_16)
     5    0.024254    0.239390    0.662311    1.660811 ^ clkbuf_2_2__f_clk/Z (gf180mcu_fd_sc_mcu7t5v0__clkbuf_16)
                      0.239390    0.000288    1.661098 ^ _167_/CLK (gf180mcu_fd_sc_mcu7t5v0__dffq_1)
                                  0.250000    1.911098   clock uncertainty
                                 -0.158200    1.752899   clock reconvergence pessimism
                                  0.087978    1.840877   library hold time
                                              1.840877   data required time
---------------------------------------------------------------------------------------------
                                              1.840877   data required time
                                             -4.410092   data arrival time
---------------------------------------------------------------------------------------------
                                              2.569216   slack (MET)


Startpoint: _161_ (rising edge-triggered flip-flop clocked by clk)
Endpoint: _161_ (rising edge-triggered flip-flop clocked by clk)
Path Group: clk
Path Type: min

Fanout         Cap        Slew       Delay        Time   Description
---------------------------------------------------------------------------------------------
                                  0.000000    0.000000   clock clk (rise edge)
                                  0.000000    0.000000   clock source latency
     1    0.029419    0.408278    0.177985    0.177985 ^ clk (in)
     4    0.095982    0.412932    0.725420    0.903405 ^ clkbuf_0_clk/Z (gf180mcu_fd_sc_mcu7t5v0__clkbuf_16)
     5    0.022291    0.234488    0.595248    1.498653 ^ clkbuf_2_0__f_clk/Z (gf180mcu_fd_sc_mcu7t5v0__clkbuf_16)
                      0.234488    0.000170    1.498823 ^ _161_/CLK (gf180mcu_fd_sc_mcu7t5v0__dffq_1)
     2    0.013817    0.461412    1.922152    3.420976 v _161_/Q (gf180mcu_fd_sc_mcu7t5v0__dffq_1)
     1    0.004410    0.723778    0.536650    3.957625 ^ _132_/ZN (gf180mcu_fd_sc_mcu7t5v0__nor2_1)
     1    0.002833    0.377649    0.457888    4.415514 v _133_/ZN (gf180mcu_fd_sc_mcu7t5v0__aoi211_1)
                      0.377649    0.000026    4.415539 v _161_/D (gf180mcu_fd_sc_mcu7t5v0__dffq_1)
                                              4.415539   data arrival time

                                  0.000000    0.000000   clock clk (rise edge)
                                  0.000000    0.000000   clock source latency
     1    0.029419    0.408278    0.196720    0.196720 ^ clk (in)
     4    0.095982    0.412932    0.801780    0.998500 ^ clkbuf_0_clk/Z (gf180mcu_fd_sc_mcu7t5v0__clkbuf_16)
     5    0.022291    0.234488    0.657906    1.656406 ^ clkbuf_2_0__f_clk/Z (gf180mcu_fd_sc_mcu7t5v0__clkbuf_16)
                      0.234488    0.000188    1.656594 ^ _161_/CLK (gf180mcu_fd_sc_mcu7t5v0__dffq_1)
                                  0.250000    1.906594   clock uncertainty
                                 -0.157771    1.748823   clock reconvergence pessimism
                                  0.078081    1.826904   library hold time
                                              1.826904   data required time
---------------------------------------------------------------------------------------------
                                              1.826904   data required time
                                             -4.415539   data arrival time
---------------------------------------------------------------------------------------------
                                              2.588635   slack (MET)


Startpoint: _164_ (rising edge-triggered flip-flop clocked by clk)
Endpoint: _164_ (rising edge-triggered flip-flop clocked by clk)
Path Group: clk
Path Type: min

Fanout         Cap        Slew       Delay        Time   Description
---------------------------------------------------------------------------------------------
                                  0.000000    0.000000   clock clk (rise edge)
                                  0.000000    0.000000   clock source latency
     1    0.029419    0.408278    0.177985    0.177985 ^ clk (in)
     4    0.095982    0.412932    0.725420    0.903405 ^ clkbuf_0_clk/Z (gf180mcu_fd_sc_mcu7t5v0__clkbuf_16)
     5    0.022291    0.234488    0.595248    1.498653 ^ clkbuf_2_0__f_clk/Z (gf180mcu_fd_sc_mcu7t5v0__clkbuf_16)
                      0.234488    0.000117    1.498770 ^ _164_/CLK (gf180mcu_fd_sc_mcu7t5v0__dffq_1)
     2    0.011738    0.421468    1.892029    3.390800 v _164_/Q (gf180mcu_fd_sc_mcu7t5v0__dffq_1)
     1    0.006242    0.726432    0.680338    4.071137 ^ _138_/ZN (gf180mcu_fd_sc_mcu7t5v0__oai21_1)
     1    0.002636    0.331476    0.398013    4.469151 v _139_/ZN (gf180mcu_fd_sc_mcu7t5v0__aoi21_1)
                      0.331476    0.000024    4.469174 v _164_/D (gf180mcu_fd_sc_mcu7t5v0__dffq_1)
                                              4.469174   data arrival time

                                  0.000000    0.000000   clock clk (rise edge)
                                  0.000000    0.000000   clock source latency
     1    0.029419    0.408278    0.196720    0.196720 ^ clk (in)
     4    0.095982    0.412932    0.801780    0.998500 ^ clkbuf_0_clk/Z (gf180mcu_fd_sc_mcu7t5v0__clkbuf_16)
     5    0.022291    0.234488    0.657906    1.656406 ^ clkbuf_2_0__f_clk/Z (gf180mcu_fd_sc_mcu7t5v0__clkbuf_16)
                      0.234488    0.000130    1.656536 ^ _164_/CLK (gf180mcu_fd_sc_mcu7t5v0__dffq_1)
                                  0.250000    1.906536   clock uncertainty
                                 -0.157765    1.748770   clock reconvergence pessimism
                                  0.088441    1.837211   library hold time
                                              1.837211   data required time
---------------------------------------------------------------------------------------------
                                              1.837211   data required time
                                             -4.469174   data arrival time
---------------------------------------------------------------------------------------------
                                              2.631963   slack (MET)


Startpoint: _162_ (rising edge-triggered flip-flop clocked by clk)
Endpoint: _162_ (rising edge-triggered flip-flop clocked by clk)
Path Group: clk
Path Type: min

Fanout         Cap        Slew       Delay        Time   Description
---------------------------------------------------------------------------------------------
                                  0.000000    0.000000   clock clk (rise edge)
                                  0.000000    0.000000   clock source latency
     1    0.029419    0.408278    0.177985    0.177985 ^ clk (in)
     4    0.095982    0.412932    0.725420    0.903405 ^ clkbuf_0_clk/Z (gf180mcu_fd_sc_mcu7t5v0__clkbuf_16)
     5    0.022291    0.234488    0.595248    1.498653 ^ clkbuf_2_0__f_clk/Z (gf180mcu_fd_sc_mcu7t5v0__clkbuf_16)
                      0.234488    0.000173    1.498826 ^ _162_/CLK (gf180mcu_fd_sc_mcu7t5v0__dffq_1)
     3    0.014229    0.469113    1.928012    3.426838 v _162_/Q (gf180mcu_fd_sc_mcu7t5v0__dffq_1)
     1    0.004973    0.772025    0.565374    3.992212 ^ _134_/ZN (gf180mcu_fd_sc_mcu7t5v0__nor2_1)
     1    0.003249    0.430606    0.478109    4.470321 v _135_/ZN (gf180mcu_fd_sc_mcu7t5v0__aoi211_1)
                      0.430606    0.000031    4.470352 v _162_/D (gf180mcu_fd_sc_mcu7t5v0__dffq_1)
                                              4.470352   data arrival time

                                  0.000000    0.000000   clock clk (rise edge)
                                  0.000000    0.000000   clock source latency
     1    0.029419    0.408278    0.196720    0.196720 ^ clk (in)
     4    0.095982    0.412932    0.801780    0.998500 ^ clkbuf_0_clk/Z (gf180mcu_fd_sc_mcu7t5v0__clkbuf_16)
     5    0.022291    0.234488    0.657906    1.656406 ^ clkbuf_2_0__f_clk/Z (gf180mcu_fd_sc_mcu7t5v0__clkbuf_16)
                      0.234488    0.000191    1.656597 ^ _162_/CLK (gf180mcu_fd_sc_mcu7t5v0__dffq_1)
                                  0.250000    1.906597   clock uncertainty
                                 -0.157771    1.748826   clock reconvergence pessimism
                                  0.066199    1.815025   library hold time
                                              1.815025   data required time
---------------------------------------------------------------------------------------------
                                              1.815025   data required time
                                             -4.470352   data arrival time
---------------------------------------------------------------------------------------------
                                              2.655327   slack (MET)


Startpoint: _163_ (rising edge-triggered flip-flop clocked by clk)
Endpoint: _163_ (rising edge-triggered flip-flop clocked by clk)
Path Group: clk
Path Type: min

Fanout         Cap        Slew       Delay        Time   Description
---------------------------------------------------------------------------------------------
                                  0.000000    0.000000   clock clk (rise edge)
                                  0.000000    0.000000   clock source latency
     1    0.029419    0.408278    0.177985    0.177985 ^ clk (in)
     4    0.095982    0.412932    0.725420    0.903405 ^ clkbuf_0_clk/Z (gf180mcu_fd_sc_mcu7t5v0__clkbuf_16)
     5    0.022291    0.234488    0.595248    1.498653 ^ clkbuf_2_0__f_clk/Z (gf180mcu_fd_sc_mcu7t5v0__clkbuf_16)
                      0.234488    0.000096    1.498749 ^ _163_/CLK (gf180mcu_fd_sc_mcu7t5v0__dffq_1)
     3    0.018909    0.556376    1.993681    3.492430 v _163_/Q (gf180mcu_fd_sc_mcu7t5v0__dffq_1)
     1    0.004778    0.669241    0.645431    4.137861 ^ _136_/ZN (gf180mcu_fd_sc_mcu7t5v0__oai21_1)
     1    0.003123    0.318661    0.399737    4.537598 v _137_/ZN (gf180mcu_fd_sc_mcu7t5v0__aoi21_1)
                      0.318661    0.000030    4.537628 v _163_/D (gf180mcu_fd_sc_mcu7t5v0__dffq_1)
                                              4.537628   data arrival time

                                  0.000000    0.000000   clock clk (rise edge)
                                  0.000000    0.000000   clock source latency
     1    0.029419    0.408278    0.196720    0.196720 ^ clk (in)
     4    0.095982    0.412932    0.801780    0.998500 ^ clkbuf_0_clk/Z (gf180mcu_fd_sc_mcu7t5v0__clkbuf_16)
     5    0.022291    0.234488    0.657906    1.656406 ^ clkbuf_2_0__f_clk/Z (gf180mcu_fd_sc_mcu7t5v0__clkbuf_16)
                      0.234488    0.000106    1.656512 ^ _163_/CLK (gf180mcu_fd_sc_mcu7t5v0__dffq_1)
                                  0.250000    1.906512   clock uncertainty
                                 -0.157763    1.748749   clock reconvergence pessimism
                                  0.091316    1.840065   library hold time
                                              1.840065   data required time
---------------------------------------------------------------------------------------------
                                              1.840065   data required time
                                             -4.537628   data arrival time
---------------------------------------------------------------------------------------------
                                              2.697563   slack (MET)


Startpoint: _166_ (rising edge-triggered flip-flop clocked by clk)
Endpoint: _166_ (rising edge-triggered flip-flop clocked by clk)
Path Group: clk
Path Type: min

Fanout         Cap        Slew       Delay        Time   Description
---------------------------------------------------------------------------------------------
                                  0.000000    0.000000   clock clk (rise edge)
                                  0.000000    0.000000   clock source latency
     1    0.029419    0.408278    0.177985    0.177985 ^ clk (in)
     4    0.095982    0.412932    0.725420    0.903405 ^ clkbuf_0_clk/Z (gf180mcu_fd_sc_mcu7t5v0__clkbuf_16)
     5    0.025271    0.241922    0.601741    1.505146 ^ clkbuf_2_1__f_clk/Z (gf180mcu_fd_sc_mcu7t5v0__clkbuf_16)
                      0.241922    0.000237    1.505383 ^ _166_/CLK (gf180mcu_fd_sc_mcu7t5v0__dffq_1)
     3    0.017355    0.527416    1.973828    3.479211 v _166_/Q (gf180mcu_fd_sc_mcu7t5v0__dffq_1)
     1    0.004983    0.775750    0.581808    4.061019 ^ _142_/ZN (gf180mcu_fd_sc_mcu7t5v0__nor2_1)
     1    0.003160    0.439634    0.476543    4.537562 v _143_/ZN (gf180mcu_fd_sc_mcu7t5v0__aoi211_1)
                      0.439634    0.000031    4.537593 v _166_/D (gf180mcu_fd_sc_mcu7t5v0__dffq_1)
                                              4.537593   data arrival time

                                  0.000000    0.000000   clock clk (rise edge)
                                  0.000000    0.000000   clock source latency
     1    0.029419    0.408278    0.196720    0.196720 ^ clk (in)
     4    0.095982    0.412932    0.801780    0.998500 ^ clkbuf_0_clk/Z (gf180mcu_fd_sc_mcu7t5v0__clkbuf_16)
     5    0.025271    0.241922    0.665082    1.663582 ^ clkbuf_2_1__f_clk/Z (gf180mcu_fd_sc_mcu7t5v0__clkbuf_16)
                      0.241922    0.000262    1.663844 ^ _166_/CLK (gf180mcu_fd_sc_mcu7t5v0__dffq_1)
                                  0.250000    1.913844   clock uncertainty
                                 -0.158461    1.755383   clock reconvergence pessimism
                                  0.065966    1.821349   library hold time
                                              1.821349   data required time
---------------------------------------------------------------------------------------------
                                              1.821349   data required time
                                             -4.537593   data arrival time
---------------------------------------------------------------------------------------------
                                              2.716244   slack (MET)


Startpoint: _170_ (rising edge-triggered flip-flop clocked by clk)
Endpoint: _152_ (rising edge-triggered flip-flop clocked by clk)
Path Group: clk
Path Type: min

Fanout         Cap        Slew       Delay        Time   Description
---------------------------------------------------------------------------------------------
                                  0.000000    0.000000   clock clk (rise edge)
                                  0.000000    0.000000   clock source latency
     1    0.029419    0.408278    0.177985    0.177985 ^ clk (in)
     4    0.095982    0.412932    0.725420    0.903405 ^ clkbuf_0_clk/Z (gf180mcu_fd_sc_mcu7t5v0__clkbuf_16)
     5    0.024254    0.239390    0.599234    1.502638 ^ clkbuf_2_2__f_clk/Z (gf180mcu_fd_sc_mcu7t5v0__clkbuf_16)
                      0.239390    0.000181    1.502820 ^ _170_/CLK (gf180mcu_fd_sc_mcu7t5v0__dffq_1)
     2    0.011237    0.409907    1.884385    3.387205 v _170_/Q (gf180mcu_fd_sc_mcu7t5v0__dffq_1)
     1    0.011074    1.179957    0.861603    4.248807 ^ _122_/ZN (gf180mcu_fd_sc_mcu7t5v0__oai211_1)
     1    0.003105    0.339805    0.329766    4.578574 v _123_/ZN (gf180mcu_fd_sc_mcu7t5v0__aoi21_1)
                      0.339805    0.000053    4.578627 v _152_/D (gf180mcu_fd_sc_mcu7t5v0__dffq_1)
                                              4.578627   data arrival time

                                  0.000000    0.000000   clock clk (rise edge)
                                  0.000000    0.000000   clock source latency
     1    0.029419    0.408278    0.196720    0.196720 ^ clk (in)
     4    0.095982    0.412932    0.801780    0.998500 ^ clkbuf_0_clk/Z (gf180mcu_fd_sc_mcu7t5v0__clkbuf_16)
     5    0.024254    0.239390    0.662311    1.660811 ^ clkbuf_2_2__f_clk/Z (gf180mcu_fd_sc_mcu7t5v0__clkbuf_16)
                      0.239390    0.000183    1.660994 ^ _152_/CLK (gf180mcu_fd_sc_mcu7t5v0__dffq_1)
                                  0.250000    1.910994   clock uncertainty
                                 -0.158172    1.752822   clock reconvergence pessimism
                                  0.087775    1.840597   library hold time
                                              1.840597   data required time
---------------------------------------------------------------------------------------------
                                              1.840597   data required time
                                             -4.578627   data arrival time
---------------------------------------------------------------------------------------------
                                              2.738030   slack (MET)


Startpoint: _165_ (rising edge-triggered flip-flop clocked by clk)
Endpoint: _165_ (rising edge-triggered flip-flop clocked by clk)
Path Group: clk
Path Type: min

Fanout         Cap        Slew       Delay        Time   Description
---------------------------------------------------------------------------------------------
                                  0.000000    0.000000   clock clk (rise edge)
                                  0.000000    0.000000   clock source latency
     1    0.029419    0.408278    0.177985    0.177985 ^ clk (in)
     4    0.095982    0.412932    0.725420    0.903405 ^ clkbuf_0_clk/Z (gf180mcu_fd_sc_mcu7t5v0__clkbuf_16)
     5    0.025271    0.241922    0.601741    1.505146 ^ clkbuf_2_1__f_clk/Z (gf180mcu_fd_sc_mcu7t5v0__clkbuf_16)
                      0.241922    0.000205    1.505350 ^ _165_/CLK (gf180mcu_fd_sc_mcu7t5v0__dffq_1)
     3    0.017404    0.528308    1.974443    3.479794 v _165_/Q (gf180mcu_fd_sc_mcu7t5v0__dffq_1)
     1    0.005929    0.713137    0.692850    4.172644 ^ _140_/ZN (gf180mcu_fd_sc_mcu7t5v0__oai21_1)
     1    0.003117    0.352909    0.407238    4.579882 v _141_/ZN (gf180mcu_fd_sc_mcu7t5v0__aoi21_1)
                      0.352909    0.000056    4.579938 v _165_/D (gf180mcu_fd_sc_mcu7t5v0__dffq_1)
                                              4.579938   data arrival time

                                  0.000000    0.000000   clock clk (rise edge)
                                  0.000000    0.000000   clock source latency
     1    0.029419    0.408278    0.196720    0.196720 ^ clk (in)
     4    0.095982    0.412932    0.801780    0.998500 ^ clkbuf_0_clk/Z (gf180mcu_fd_sc_mcu7t5v0__clkbuf_16)
     5    0.025271    0.241922    0.665082    1.663582 ^ clkbuf_2_1__f_clk/Z (gf180mcu_fd_sc_mcu7t5v0__clkbuf_16)
                      0.241922    0.000227    1.663808 ^ _165_/CLK (gf180mcu_fd_sc_mcu7t5v0__dffq_1)
                                  0.250000    1.913808   clock uncertainty
                                 -0.158458    1.755350   clock reconvergence pessimism
                                  0.085452    1.840802   library hold time
                                              1.840802   data required time
---------------------------------------------------------------------------------------------
                                              1.840802   data required time
                                             -4.579938   data arrival time
---------------------------------------------------------------------------------------------
                                              2.739136   slack (MET)


Startpoint: _155_ (rising edge-triggered flip-flop clocked by clk)
Endpoint: _155_ (rising edge-triggered flip-flop clocked by clk)
Path Group: clk
Path Type: min

Fanout         Cap        Slew       Delay        Time   Description
---------------------------------------------------------------------------------------------
                                  0.000000    0.000000   clock clk (rise edge)
                                  0.000000    0.000000   clock source latency
     1    0.029419    0.408278    0.177985    0.177985 ^ clk (in)
     4    0.095982    0.412932    0.725420    0.903405 ^ clkbuf_0_clk/Z (gf180mcu_fd_sc_mcu7t5v0__clkbuf_16)
     5    0.025271    0.241922    0.601741    1.505146 ^ clkbuf_2_1__f_clk/Z (gf180mcu_fd_sc_mcu7t5v0__clkbuf_16)
                      0.241922    0.000112    1.505257 ^ _155_/CLK (gf180mcu_fd_sc_mcu7t5v0__dffq_1)
     3    0.011521    0.416460    1.890095    3.395352 v _155_/Q (gf180mcu_fd_sc_mcu7t5v0__dffq_1)
     3    0.016480    1.441568    1.020038    4.415390 ^ _101_/ZN (gf180mcu_fd_sc_mcu7t5v0__aoi21_1)
     1    0.003287    0.490401    0.469370    4.884760 v _126_/ZN (gf180mcu_fd_sc_mcu7t5v0__oai21_1)
                      0.490401    0.000059    4.884820 v _155_/D (gf180mcu_fd_sc_mcu7t5v0__dffq_1)
                                              4.884820   data arrival time

                                  0.000000    0.000000   clock clk (rise edge)
                                  0.000000    0.000000   clock source latency
     1    0.029419    0.408278    0.196720    0.196720 ^ clk (in)
     4    0.095982    0.412932    0.801780    0.998500 ^ clkbuf_0_clk/Z (gf180mcu_fd_sc_mcu7t5v0__clkbuf_16)
     5    0.025271    0.241922    0.665082    1.663582 ^ clkbuf_2_1__f_clk/Z (gf180mcu_fd_sc_mcu7t5v0__clkbuf_16)
                      0.241922    0.000124    1.663705 ^ _155_/CLK (gf180mcu_fd_sc_mcu7t5v0__dffq_1)
                                  0.250000    1.913705   clock uncertainty
                                 -0.158448    1.755257   clock reconvergence pessimism
                                  0.054560    1.809817   library hold time
                                              1.809817   data required time
---------------------------------------------------------------------------------------------
                                              1.809817   data required time
                                             -4.884820   data arrival time
---------------------------------------------------------------------------------------------
                                              3.075003   slack (MET)


Startpoint: _159_ (rising edge-triggered flip-flop clocked by clk)
Endpoint: _159_ (rising edge-triggered flip-flop clocked by clk)
Path Group: clk
Path Type: min

Fanout         Cap        Slew       Delay        Time   Description
---------------------------------------------------------------------------------------------
                                  0.000000    0.000000   clock clk (rise edge)
                                  0.000000    0.000000   clock source latency
     1    0.029419    0.408278    0.177985    0.177985 ^ clk (in)
     4    0.095982    0.412932    0.725420    0.903405 ^ clkbuf_0_clk/Z (gf180mcu_fd_sc_mcu7t5v0__clkbuf_16)
     5    0.024779    0.240699    0.600378    1.503783 ^ clkbuf_2_3__f_clk/Z (gf180mcu_fd_sc_mcu7t5v0__clkbuf_16)
                      0.240699    0.000056    1.503839 ^ _159_/CLK (gf180mcu_fd_sc_mcu7t5v0__dffq_1)
     2    0.013088    0.447914    1.913594    3.417433 v _159_/Q (gf180mcu_fd_sc_mcu7t5v0__dffq_1)
     3    0.018227    2.009837    1.241049    4.658482 ^ _115_/Z (gf180mcu_fd_sc_mcu7t5v0__xor2_1)
     1    0.002936    0.510761    0.312935    4.971417 v _130_/ZN (gf180mcu_fd_sc_mcu7t5v0__nand2_1)
                      0.510761    0.000027    4.971444 v _159_/D (gf180mcu_fd_sc_mcu7t5v0__dffq_1)
                                              4.971444   data arrival time

                                  0.000000    0.000000   clock clk (rise edge)
                                  0.000000    0.000000   clock source latency
     1    0.029419    0.408278    0.196720    0.196720 ^ clk (in)
     4    0.095982    0.412932    0.801780    0.998500 ^ clkbuf_0_clk/Z (gf180mcu_fd_sc_mcu7t5v0__clkbuf_16)
     5    0.024779    0.240699    0.663575    1.662075 ^ clkbuf_2_3__f_clk/Z (gf180mcu_fd_sc_mcu7t5v0__clkbuf_16)
                      0.240699    0.000062    1.662138 ^ _159_/CLK (gf180mcu_fd_sc_mcu7t5v0__dffq_1)
                                  0.250000    1.912137   clock uncertainty
                                 -0.158299    1.753839   clock reconvergence pessimism
                                  0.049176    1.803015   library hold time
                                              1.803015   data required time
---------------------------------------------------------------------------------------------
                                              1.803015   data required time
                                             -4.971444   data arrival time
---------------------------------------------------------------------------------------------
                                              3.168429   slack (MET)


Startpoint: _160_ (rising edge-triggered flip-flop clocked by clk)
Endpoint: _160_ (rising edge-triggered flip-flop clocked by clk)
Path Group: clk
Path Type: min

Fanout         Cap        Slew       Delay        Time   Description
---------------------------------------------------------------------------------------------
                                  0.000000    0.000000   clock clk (rise edge)
                                  0.000000    0.000000   clock source latency
     1    0.029419    0.408278    0.177985    0.177985 ^ clk (in)
     4    0.095982    0.412932    0.725420    0.903405 ^ clkbuf_0_clk/Z (gf180mcu_fd_sc_mcu7t5v0__clkbuf_16)
     5    0.024779    0.240699    0.600378    1.503783 ^ clkbuf_2_3__f_clk/Z (gf180mcu_fd_sc_mcu7t5v0__clkbuf_16)
                      0.240699    0.000261    1.504044 ^ _160_/CLK (gf180mcu_fd_sc_mcu7t5v0__dffq_1)
     3    0.016796    0.516992    1.965662    3.469706 v _160_/Q (gf180mcu_fd_sc_mcu7t5v0__dffq_1)
     3    0.017413    1.938834    1.219720    4.689426 ^ _117_/Z (gf180mcu_fd_sc_mcu7t5v0__xor2_1)
     1    0.002895    0.501767    0.310980    5.000406 v _131_/ZN (gf180mcu_fd_sc_mcu7t5v0__nand2_1)
                      0.501767    0.000027    5.000432 v _160_/D (gf180mcu_fd_sc_mcu7t5v0__dffq_1)
                                              5.000432   data arrival time

                                  0.000000    0.000000   clock clk (rise edge)
                                  0.000000    0.000000   clock source latency
     1    0.029419    0.408278    0.196720    0.196720 ^ clk (in)
     4    0.095982    0.412932    0.801780    0.998500 ^ clkbuf_0_clk/Z (gf180mcu_fd_sc_mcu7t5v0__clkbuf_16)
     5    0.024779    0.240699    0.663575    1.662075 ^ clkbuf_2_3__f_clk/Z (gf180mcu_fd_sc_mcu7t5v0__clkbuf_16)
                      0.240699    0.000289    1.662364 ^ _160_/CLK (gf180mcu_fd_sc_mcu7t5v0__dffq_1)
                                  0.250000    1.912364   clock uncertainty
                                 -0.158320    1.754044   clock reconvergence pessimism
                                  0.051714    1.805758   library hold time
                                              1.805758   data required time
---------------------------------------------------------------------------------------------
                                              1.805758   data required time
                                             -5.000432   data arrival time
---------------------------------------------------------------------------------------------
                                              3.194674   slack (MET)


Startpoint: _158_ (rising edge-triggered flip-flop clocked by clk)
Endpoint: _158_ (rising edge-triggered flip-flop clocked by clk)
Path Group: clk
Path Type: min

Fanout         Cap        Slew       Delay        Time   Description
---------------------------------------------------------------------------------------------
                                  0.000000    0.000000   clock clk (rise edge)
                                  0.000000    0.000000   clock source latency
     1    0.029419    0.408278    0.177985    0.177985 ^ clk (in)
     4    0.095982    0.412932    0.725420    0.903405 ^ clkbuf_0_clk/Z (gf180mcu_fd_sc_mcu7t5v0__clkbuf_16)
     5    0.024779    0.240699    0.600378    1.503783 ^ clkbuf_2_3__f_clk/Z (gf180mcu_fd_sc_mcu7t5v0__clkbuf_16)
                      0.240699    0.000035    1.503817 ^ _158_/CLK (gf180mcu_fd_sc_mcu7t5v0__dffq_1)
     3    0.018372    0.563776    1.987921    3.491738 v _158_/Q (gf180mcu_fd_sc_mcu7t5v0__dffq_1)
     3    0.017414    1.939484    1.233106    4.724844 ^ _113_/Z (gf180mcu_fd_sc_mcu7t5v0__xor2_1)
     1    0.002718    0.495145    0.303959    5.028803 v _129_/ZN (gf180mcu_fd_sc_mcu7t5v0__nand2_1)
                      0.495145    0.000025    5.028828 v _158_/D (gf180mcu_fd_sc_mcu7t5v0__dffq_1)
                                              5.028828   data arrival time

                                  0.000000    0.000000   clock clk (rise edge)
                                  0.000000    0.000000   clock source latency
     1    0.029419    0.408278    0.196720    0.196720 ^ clk (in)
     4    0.095982    0.412932    0.801780    0.998500 ^ clkbuf_0_clk/Z (gf180mcu_fd_sc_mcu7t5v0__clkbuf_16)
     5    0.024779    0.240699    0.663575    1.662075 ^ clkbuf_2_3__f_clk/Z (gf180mcu_fd_sc_mcu7t5v0__clkbuf_16)
                      0.240699    0.000038    1.662114 ^ _158_/CLK (gf180mcu_fd_sc_mcu7t5v0__dffq_1)
                                  0.250000    1.912113   clock uncertainty
                                 -0.158296    1.753817   clock reconvergence pessimism
                                  0.053201    1.807019   library hold time
                                              1.807019   data required time
---------------------------------------------------------------------------------------------
                                              1.807019   data required time
                                             -5.028828   data arrival time
---------------------------------------------------------------------------------------------
                                              3.221809   slack (MET)


Startpoint: _153_ (rising edge-triggered flip-flop clocked by clk)
Endpoint: _154_ (rising edge-triggered flip-flop clocked by clk)
Path Group: clk
Path Type: min

Fanout         Cap        Slew       Delay        Time   Description
---------------------------------------------------------------------------------------------
                                  0.000000    0.000000   clock clk (rise edge)
                                  0.000000    0.000000   clock source latency
     1    0.029419    0.408278    0.177985    0.177985 ^ clk (in)
     4    0.095982    0.412932    0.725420    0.903405 ^ clkbuf_0_clk/Z (gf180mcu_fd_sc_mcu7t5v0__clkbuf_16)
     5    0.025271    0.241922    0.601741    1.505146 ^ clkbuf_2_1__f_clk/Z (gf180mcu_fd_sc_mcu7t5v0__clkbuf_16)
                      0.241922    0.000174    1.505320 ^ _153_/CLK (gf180mcu_fd_sc_mcu7t5v0__dffq_1)
     6    0.031287    0.793988    2.165371    3.670691 v _153_/Q (gf180mcu_fd_sc_mcu7t5v0__dffq_1)
     2    0.011145    1.025965    1.148443    4.819134 ^ _105_/ZN (gf180mcu_fd_sc_mcu7t5v0__xnor2_1)
     1    0.002788    0.369683    0.295388    5.114522 v _125_/ZN (gf180mcu_fd_sc_mcu7t5v0__nand2_1)
                      0.369683    0.000025    5.114547 v _154_/D (gf180mcu_fd_sc_mcu7t5v0__dffq_1)
                                              5.114547   data arrival time

                                  0.000000    0.000000   clock clk (rise edge)
                                  0.000000    0.000000   clock source latency
     1    0.029419    0.408278    0.196720    0.196720 ^ clk (in)
     4    0.095982    0.412932    0.801780    0.998500 ^ clkbuf_0_clk/Z (gf180mcu_fd_sc_mcu7t5v0__clkbuf_16)
     5    0.022291    0.234488    0.657906    1.656406 ^ clkbuf_2_0__f_clk/Z (gf180mcu_fd_sc_mcu7t5v0__clkbuf_16)
                      0.234488    0.000060    1.656465 ^ _154_/CLK (gf180mcu_fd_sc_mcu7t5v0__dffq_1)
                                  0.250000    1.906466   clock uncertainty
                                 -0.095095    1.811370   clock reconvergence pessimism
                                  0.079869    1.891239   library hold time
                                              1.891239   data required time
---------------------------------------------------------------------------------------------
                                              1.891239   data required time
                                             -5.114547   data arrival time
---------------------------------------------------------------------------------------------
                                              3.223308   slack (MET)


Startpoint: _156_ (rising edge-triggered flip-flop clocked by clk)
Endpoint: _156_ (rising edge-triggered flip-flop clocked by clk)
Path Group: clk
Path Type: min

Fanout         Cap        Slew       Delay        Time   Description
---------------------------------------------------------------------------------------------
                                  0.000000    0.000000   clock clk (rise edge)
                                  0.000000    0.000000   clock source latency
     1    0.029419    0.408278    0.177985    0.177985 ^ clk (in)
     4    0.095982    0.412932    0.725420    0.903405 ^ clkbuf_0_clk/Z (gf180mcu_fd_sc_mcu7t5v0__clkbuf_16)
     5    0.025271    0.241922    0.601741    1.505146 ^ clkbuf_2_1__f_clk/Z (gf180mcu_fd_sc_mcu7t5v0__clkbuf_16)
                      0.241922    0.000032    1.505177 ^ _156_/CLK (gf180mcu_fd_sc_mcu7t5v0__dffq_1)
     2    0.012921    0.444792    1.911509    3.416686 v _156_/Q (gf180mcu_fd_sc_mcu7t5v0__dffq_1)
     3    0.017466    1.943501    1.204057    4.620743 ^ _108_/Z (gf180mcu_fd_sc_mcu7t5v0__xor2_1)
     1    0.002867    0.328853    0.788169    5.408912 ^ _127_/Z (gf180mcu_fd_sc_mcu7t5v0__or2_1)
                      0.328853    0.000027    5.408938 ^ _156_/D (gf180mcu_fd_sc_mcu7t5v0__dffq_1)
                                              5.408938   data arrival time

                                  0.000000    0.000000   clock clk (rise edge)
                                  0.000000    0.000000   clock source latency
     1    0.029419    0.408278    0.196720    0.196720 ^ clk (in)
     4    0.095982    0.412932    0.801780    0.998500 ^ clkbuf_0_clk/Z (gf180mcu_fd_sc_mcu7t5v0__clkbuf_16)
     5    0.025271    0.241922    0.665082    1.663582 ^ clkbuf_2_1__f_clk/Z (gf180mcu_fd_sc_mcu7t5v0__clkbuf_16)
                      0.241922    0.000035    1.663617 ^ _156_/CLK (gf180mcu_fd_sc_mcu7t5v0__dffq_1)
                                  0.250000    1.913617   clock uncertainty
                                 -0.158440    1.755177   clock reconvergence pessimism
                                  0.053034    1.808211   library hold time
                                              1.808211   data required time
---------------------------------------------------------------------------------------------
                                              1.808211   data required time
                                             -5.408938   data arrival time
---------------------------------------------------------------------------------------------
                                              3.600727   slack (MET)


Startpoint: _157_ (rising edge-triggered flip-flop clocked by clk)
Endpoint: _157_ (rising edge-triggered flip-flop clocked by clk)
Path Group: clk
Path Type: min

Fanout         Cap        Slew       Delay        Time   Description
---------------------------------------------------------------------------------------------
                                  0.000000    0.000000   clock clk (rise edge)
                                  0.000000    0.000000   clock source latency
     1    0.029419    0.408278    0.177985    0.177985 ^ clk (in)
     4    0.095982    0.412932    0.725420    0.903405 ^ clkbuf_0_clk/Z (gf180mcu_fd_sc_mcu7t5v0__clkbuf_16)
     5    0.024779    0.240699    0.600378    1.503783 ^ clkbuf_2_3__f_clk/Z (gf180mcu_fd_sc_mcu7t5v0__clkbuf_16)
                      0.240699    0.000058    1.503840 ^ _157_/CLK (gf180mcu_fd_sc_mcu7t5v0__dffq_1)
     4    0.023988    1.203290    2.528168    4.032009 ^ _157_/Q (gf180mcu_fd_sc_mcu7t5v0__dffq_1)
     2    0.012592    0.708460    0.648466    4.680474 v _110_/Z (gf180mcu_fd_sc_mcu7t5v0__xor2_1)
     2    0.010253    0.624549    0.548542    5.229016 ^ _111_/ZN (gf180mcu_fd_sc_mcu7t5v0__clkinv_1)
     1    0.002901    0.315371    0.279792    5.508808 v _128_/ZN (gf180mcu_fd_sc_mcu7t5v0__nand2_1)
                      0.315371    0.000027    5.508835 v _157_/D (gf180mcu_fd_sc_mcu7t5v0__dffq_1)
                                              5.508835   data arrival time

                                  0.000000    0.000000   clock clk (rise edge)
                                  0.000000    0.000000   clock source latency
     1    0.029419    0.408278    0.196720    0.196720 ^ clk (in)
     4    0.095982    0.412932    0.801780    0.998500 ^ clkbuf_0_clk/Z (gf180mcu_fd_sc_mcu7t5v0__clkbuf_16)
     5    0.024779    0.240699    0.663575    1.662075 ^ clkbuf_2_3__f_clk/Z (gf180mcu_fd_sc_mcu7t5v0__clkbuf_16)
                      0.240699    0.000064    1.662139 ^ _157_/CLK (gf180mcu_fd_sc_mcu7t5v0__dffq_1)
                                  0.250000    1.912139   clock uncertainty
                                 -0.158299    1.753840   clock reconvergence pessimism
                                  0.093585    1.847425   library hold time
                                              1.847425   data required time
---------------------------------------------------------------------------------------------
                                              1.847425   data required time
                                             -5.508835   data arrival time
---------------------------------------------------------------------------------------------
                                              3.661410   slack (MET)


R2R_END_HOLD min_ss_125C_3v00
