OpenROAD dcf36133a369abc8f3c5e5738cd4d82e4903c0e0 
Features included (+) or not (-): +GPU +GUI +Python
This program is licensed under the BSD-3 license. See the LICENSE file for details.
Components of this program may be licensed under more restrictive licenses which must be honored.
[INFO ODB-0388] unsupported LEF58_EOLENCLOSURE property for layer Via1 :"
  	EOLENCLOSURE 0.34 0.06 ;"
[INFO ODB-0388] unsupported LEF58_EOLENCLOSURE property for layer Via2 :" EOLENCLOSURE 0.34 0.06 ; "
[INFO ODB-0388] unsupported LEF58_EOLENCLOSURE property for layer Via3 :" EOLENCLOSURE 0.34 0.06 ; "
[INFO ODB-0388] unsupported LEF58_EOLENCLOSURE property for layer Via4 :" EOLENCLOSURE 0.34 0.06 ; "
[INFO ODB-0227] LEF file: /Users/kimmy/Projects/open-microled-driver-asic/build/layout/pdk/gf180mcuD/libs.ref/gf180mcu_fd_sc_mcu7t5v0/techlef/gf180mcu_fd_sc_mcu7t5v0__nom.tlef, created 15 layers, 56 vias
[WARNING ODB-0220] WARNING (LEFPARS-2008): NOWIREEXTENSIONATPIN statement is obsolete in version 5.6 or later.
The NOWIREEXTENSIONATPIN statement will be ignored. See file /Users/kimmy/Projects/open-microled-driver-asic/build/layout/pdk/gf180mcuD/libs.ref/gf180mcu_fd_sc_mcu7t5v0/lef/gf180mcu_fd_sc_mcu7t5v0.lef at line 2.

[INFO ODB-0227] LEF file: /Users/kimmy/Projects/open-microled-driver-asic/build/layout/pdk/gf180mcuD/libs.ref/gf180mcu_fd_sc_mcu7t5v0/lef/gf180mcu_fd_sc_mcu7t5v0.lef, created 229 library cells
R2R_BEGIN_SETUP nom_ss_125C_3v00
Startpoint: _153_ (rising edge-triggered flip-flop clocked by clk)
Endpoint: _152_ (rising edge-triggered flip-flop clocked by clk)
Path Group: clk
Path Type: max

Fanout         Cap        Slew       Delay        Time   Description
---------------------------------------------------------------------------------------------
                                  0.000000    0.000000   clock clk (rise edge)
                                  0.000000    0.000000   clock source latency
     1    0.030034    0.414658    0.200809    0.200809 ^ clk (in)
     4    0.096685    0.414590    0.804834    1.005643 ^ clkbuf_0_clk/Z (gf180mcu_fd_sc_mcu7t5v0__clkbuf_16)
     5    0.026176    0.244175    0.667779    1.673422 ^ clkbuf_2_1__f_clk/Z (gf180mcu_fd_sc_mcu7t5v0__clkbuf_16)
                      0.244175    0.000215    1.673636 ^ _153_/CLK (gf180mcu_fd_sc_mcu7t5v0__dffq_1)
     6    0.031909    1.543149    3.001872    4.675508 ^ _153_/Q (gf180mcu_fd_sc_mcu7t5v0__dffq_1)
     4    0.026328    1.343277    2.032446    6.707954 ^ _080_/Z (gf180mcu_fd_sc_mcu7t5v0__and3_1)
     3    0.018183    2.147714    1.900110    8.608065 ^ _108_/Z (gf180mcu_fd_sc_mcu7t5v0__xor2_1)
     1    0.008695    1.257606    1.146437    9.754501 v _109_/ZN (gf180mcu_fd_sc_mcu7t5v0__aoi221_1)
     1    0.005309    2.405824    1.593233   11.347734 ^ _114_/ZN (gf180mcu_fd_sc_mcu7t5v0__oai222_1)
     1    0.005864    0.434056    0.895309   12.243043 ^ wire13/Z (gf180mcu_fd_sc_mcu7t5v0__clkbuf_1)
     1    0.008009    0.853633    0.435466   12.678510 v _119_/ZN (gf180mcu_fd_sc_mcu7t5v0__aoi21_1)
     1    0.011845    1.598607    1.272163   13.950672 ^ _122_/ZN (gf180mcu_fd_sc_mcu7t5v0__oai211_1)
     1    0.003195    0.702671    0.369964   14.320636 v _123_/ZN (gf180mcu_fd_sc_mcu7t5v0__aoi21_1)
                      0.702671    0.000061   14.320697 v _152_/D (gf180mcu_fd_sc_mcu7t5v0__dffq_1)
                                             14.320697   data arrival time

                               1000.000000 1000.000000   clock clk (rise edge)
                                  0.000000 1000.000000   clock source latency
     1    0.030034    0.414658    0.181672 1000.181702 ^ clk (in)
     4    0.096685    0.414590    0.728164 1000.909851 ^ clkbuf_0_clk/Z (gf180mcu_fd_sc_mcu7t5v0__clkbuf_16)
     5    0.025212    0.241774    0.601744 1001.511597 ^ clkbuf_2_2__f_clk/Z (gf180mcu_fd_sc_mcu7t5v0__clkbuf_16)
                      0.241774    0.000227 1001.511841 ^ _152_/CLK (gf180mcu_fd_sc_mcu7t5v0__dffq_1)
                                 -0.250000 1001.261841   clock uncertainty
                                  0.095775 1001.357544   clock reconvergence pessimism
                                 -0.978281 1000.379272   library setup time
                                           1000.379272   data required time
---------------------------------------------------------------------------------------------
                                           1000.379272   data required time
                                            -14.320697   data arrival time
---------------------------------------------------------------------------------------------
                                            986.058594   slack (MET)


Startpoint: _153_ (rising edge-triggered flip-flop clocked by clk)
Endpoint: _162_ (rising edge-triggered flip-flop clocked by clk)
Path Group: clk
Path Type: max

Fanout         Cap        Slew       Delay        Time   Description
---------------------------------------------------------------------------------------------
                                  0.000000    0.000000   clock clk (rise edge)
                                  0.000000    0.000000   clock source latency
     1    0.030034    0.414658    0.200809    0.200809 ^ clk (in)
     4    0.096685    0.414590    0.804834    1.005643 ^ clkbuf_0_clk/Z (gf180mcu_fd_sc_mcu7t5v0__clkbuf_16)
     5    0.026176    0.244175    0.667779    1.673422 ^ clkbuf_2_1__f_clk/Z (gf180mcu_fd_sc_mcu7t5v0__clkbuf_16)
                      0.244175    0.000215    1.673636 ^ _153_/CLK (gf180mcu_fd_sc_mcu7t5v0__dffq_1)
     6    0.031909    1.543149    3.001872    4.675508 ^ _153_/Q (gf180mcu_fd_sc_mcu7t5v0__dffq_1)
     4    0.027209    1.497417    2.360215    7.035723 ^ _081_/Z (gf180mcu_fd_sc_mcu7t5v0__and4_1)
     2    0.015557    1.528143    1.193291    8.229014 v _084_/ZN (gf180mcu_fd_sc_mcu7t5v0__nand4_1)
     2    0.009098    0.745171    0.802661    9.031675 ^ _085_/ZN (gf180mcu_fd_sc_mcu7t5v0__clkinv_1)
     2    0.017764    0.937393    1.263312   10.294988 ^ _086_/Z (gf180mcu_fd_sc_mcu7t5v0__and2_1)
    10    0.060505    1.381601    1.344037   11.639025 ^ fanout14/Z (gf180mcu_fd_sc_mcu7t5v0__buf_2)
     1    0.005073    0.566773    0.532495   12.171519 v _134_/ZN (gf180mcu_fd_sc_mcu7t5v0__nor2_1)
     1    0.003337    1.420306    1.277333   13.448853 ^ _135_/ZN (gf180mcu_fd_sc_mcu7t5v0__aoi211_1)
                      1.420306    0.000036   13.448889 ^ _162_/D (gf180mcu_fd_sc_mcu7t5v0__dffq_1)
                                             13.448889   data arrival time

                               1000.000000 1000.000000   clock clk (rise edge)
                                  0.000000 1000.000000   clock source latency
     1    0.030034    0.414658    0.181672 1000.181702 ^ clk (in)
     4    0.096685    0.414590    0.728164 1000.909851 ^ clkbuf_0_clk/Z (gf180mcu_fd_sc_mcu7t5v0__clkbuf_16)
     5    0.022973    0.236192    0.597197 1001.507080 ^ clkbuf_2_0__f_clk/Z (gf180mcu_fd_sc_mcu7t5v0__clkbuf_16)
                      0.236192    0.000227 1001.507263 ^ _162_/CLK (gf180mcu_fd_sc_mcu7t5v0__dffq_1)
                                 -0.250000 1001.257263   clock uncertainty
                                  0.095775 1001.353027   clock reconvergence pessimism
                                 -0.962942 1000.390076   library setup time
                                           1000.390076   data required time
---------------------------------------------------------------------------------------------
                                           1000.390076   data required time
                                            -13.448889   data arrival time
---------------------------------------------------------------------------------------------
                                            986.941162   slack (MET)


Startpoint: _153_ (rising edge-triggered flip-flop clocked by clk)
Endpoint: _161_ (rising edge-triggered flip-flop clocked by clk)
Path Group: clk
Path Type: max

Fanout         Cap        Slew       Delay        Time   Description
---------------------------------------------------------------------------------------------
                                  0.000000    0.000000   clock clk (rise edge)
                                  0.000000    0.000000   clock source latency
     1    0.030034    0.414658    0.200809    0.200809 ^ clk (in)
     4    0.096685    0.414590    0.804834    1.005643 ^ clkbuf_0_clk/Z (gf180mcu_fd_sc_mcu7t5v0__clkbuf_16)
     5    0.026176    0.244175    0.667779    1.673422 ^ clkbuf_2_1__f_clk/Z (gf180mcu_fd_sc_mcu7t5v0__clkbuf_16)
                      0.244175    0.000215    1.673636 ^ _153_/CLK (gf180mcu_fd_sc_mcu7t5v0__dffq_1)
     6    0.031909    1.543149    3.001872    4.675508 ^ _153_/Q (gf180mcu_fd_sc_mcu7t5v0__dffq_1)
     4    0.027209    1.497417    2.360215    7.035723 ^ _081_/Z (gf180mcu_fd_sc_mcu7t5v0__and4_1)
     2    0.015557    1.528143    1.193291    8.229014 v _084_/ZN (gf180mcu_fd_sc_mcu7t5v0__nand4_1)
     2    0.009098    0.745171    0.802661    9.031675 ^ _085_/ZN (gf180mcu_fd_sc_mcu7t5v0__clkinv_1)
     2    0.017764    0.937393    1.263312   10.294988 ^ _086_/Z (gf180mcu_fd_sc_mcu7t5v0__and2_1)
    10    0.060505    1.381601    1.344037   11.639025 ^ fanout14/Z (gf180mcu_fd_sc_mcu7t5v0__buf_2)
     1    0.004443    0.545684    0.510789   12.149813 v _132_/ZN (gf180mcu_fd_sc_mcu7t5v0__nor2_1)
     1    0.002877    1.360304    1.235681   13.385494 ^ _133_/ZN (gf180mcu_fd_sc_mcu7t5v0__aoi211_1)
                      1.360304    0.000029   13.385523 ^ _161_/D (gf180mcu_fd_sc_mcu7t5v0__dffq_1)
                                             13.385523   data arrival time

                               1000.000000 1000.000000   clock clk (rise edge)
                                  0.000000 1000.000000   clock source latency
     1    0.030034    0.414658    0.181672 1000.181702 ^ clk (in)
     4    0.096685    0.414590    0.728164 1000.909851 ^ clkbuf_0_clk/Z (gf180mcu_fd_sc_mcu7t5v0__clkbuf_16)
     5    0.022973    0.236192    0.597197 1001.507080 ^ clkbuf_2_0__f_clk/Z (gf180mcu_fd_sc_mcu7t5v0__clkbuf_16)
                      0.236192    0.000227 1001.507263 ^ _161_/CLK (gf180mcu_fd_sc_mcu7t5v0__dffq_1)
                                 -0.250000 1001.257263   clock uncertainty
                                  0.095775 1001.353027   clock reconvergence pessimism
                                 -0.959309 1000.393738   library setup time
                                           1000.393738   data required time
---------------------------------------------------------------------------------------------
                                           1000.393738   data required time
                                            -13.385523   data arrival time
---------------------------------------------------------------------------------------------
                                            987.008240   slack (MET)


Startpoint: _153_ (rising edge-triggered flip-flop clocked by clk)
Endpoint: _164_ (rising edge-triggered flip-flop clocked by clk)
Path Group: clk
Path Type: max

Fanout         Cap        Slew       Delay        Time   Description
---------------------------------------------------------------------------------------------
                                  0.000000    0.000000   clock clk (rise edge)
                                  0.000000    0.000000   clock source latency
     1    0.030034    0.414658    0.200809    0.200809 ^ clk (in)
     4    0.096685    0.414590    0.804834    1.005643 ^ clkbuf_0_clk/Z (gf180mcu_fd_sc_mcu7t5v0__clkbuf_16)
     5    0.026176    0.244175    0.667779    1.673422 ^ clkbuf_2_1__f_clk/Z (gf180mcu_fd_sc_mcu7t5v0__clkbuf_16)
                      0.244175    0.000215    1.673636 ^ _153_/CLK (gf180mcu_fd_sc_mcu7t5v0__dffq_1)
     6    0.031909    1.543149    3.001872    4.675508 ^ _153_/Q (gf180mcu_fd_sc_mcu7t5v0__dffq_1)
     4    0.027209    1.497417    2.360215    7.035723 ^ _081_/Z (gf180mcu_fd_sc_mcu7t5v0__and4_1)
     2    0.015557    1.528143    1.193291    8.229014 v _084_/ZN (gf180mcu_fd_sc_mcu7t5v0__nand4_1)
     2    0.009098    0.745171    0.802661    9.031675 ^ _085_/ZN (gf180mcu_fd_sc_mcu7t5v0__clkinv_1)
     2    0.017764    0.937393    1.263312   10.294988 ^ _086_/Z (gf180mcu_fd_sc_mcu7t5v0__and2_1)
    10    0.060505    1.381601    1.344037   11.639025 ^ fanout14/Z (gf180mcu_fd_sc_mcu7t5v0__buf_2)
     1    0.006554    0.686372    0.629398   12.268422 v _138_/ZN (gf180mcu_fd_sc_mcu7t5v0__oai21_1)
     1    0.002667    0.790851    0.846074   13.114496 ^ _139_/ZN (gf180mcu_fd_sc_mcu7t5v0__aoi21_1)
                      0.790851    0.000027   13.114523 ^ _164_/D (gf180mcu_fd_sc_mcu7t5v0__dffq_1)
                                             13.114523   data arrival time

                               1000.000000 1000.000000   clock clk (rise edge)
                                  0.000000 1000.000000   clock source latency
     1    0.030034    0.414658    0.181672 1000.181702 ^ clk (in)
     4    0.096685    0.414590    0.728164 1000.909851 ^ clkbuf_0_clk/Z (gf180mcu_fd_sc_mcu7t5v0__clkbuf_16)
     5    0.022973    0.236192    0.597197 1001.507080 ^ clkbuf_2_0__f_clk/Z (gf180mcu_fd_sc_mcu7t5v0__clkbuf_16)
                      0.236192    0.000114 1001.507202 ^ _164_/CLK (gf180mcu_fd_sc_mcu7t5v0__dffq_1)
                                 -0.250000 1001.257202   clock uncertainty
                                  0.095775 1001.352905   clock reconvergence pessimism
                                 -0.886516 1000.466370   library setup time
                                           1000.466370   data required time
---------------------------------------------------------------------------------------------
                                           1000.466370   data required time
                                            -13.114523   data arrival time
---------------------------------------------------------------------------------------------
                                            987.351807   slack (MET)


Startpoint: _153_ (rising edge-triggered flip-flop clocked by clk)
Endpoint: _167_ (rising edge-triggered flip-flop clocked by clk)
Path Group: clk
Path Type: max

Fanout         Cap        Slew       Delay        Time   Description
---------------------------------------------------------------------------------------------
                                  0.000000    0.000000   clock clk (rise edge)
                                  0.000000    0.000000   clock source latency
     1    0.030034    0.414658    0.200809    0.200809 ^ clk (in)
     4    0.096685    0.414590    0.804834    1.005643 ^ clkbuf_0_clk/Z (gf180mcu_fd_sc_mcu7t5v0__clkbuf_16)
     5    0.026176    0.244175    0.667779    1.673422 ^ clkbuf_2_1__f_clk/Z (gf180mcu_fd_sc_mcu7t5v0__clkbuf_16)
                      0.244175    0.000215    1.673636 ^ _153_/CLK (gf180mcu_fd_sc_mcu7t5v0__dffq_1)
     6    0.031909    1.543149    3.001872    4.675508 ^ _153_/Q (gf180mcu_fd_sc_mcu7t5v0__dffq_1)
     4    0.027209    1.497417    2.360215    7.035723 ^ _081_/Z (gf180mcu_fd_sc_mcu7t5v0__and4_1)
     2    0.015557    1.528143    1.193291    8.229014 v _084_/ZN (gf180mcu_fd_sc_mcu7t5v0__nand4_1)
     2    0.009098    0.745171    0.802661    9.031675 ^ _085_/ZN (gf180mcu_fd_sc_mcu7t5v0__clkinv_1)
     5    0.034257    1.414553    1.080748   10.112423 v _087_/ZN (gf180mcu_fd_sc_mcu7t5v0__nand2_1)
     3    0.017845    1.914690    1.574996   11.687419 ^ _144_/ZN (gf180mcu_fd_sc_mcu7t5v0__nor2_1)
     1    0.005065    0.896404    0.777893   12.465313 v _145_/ZN (gf180mcu_fd_sc_mcu7t5v0__aoi22_1)
     1    0.002987    0.660354    0.667436   13.132749 ^ _146_/ZN (gf180mcu_fd_sc_mcu7t5v0__nor2_1)
                      0.660354    0.000031   13.132780 ^ _167_/D (gf180mcu_fd_sc_mcu7t5v0__dffq_1)
                                             13.132780   data arrival time

                               1000.000000 1000.000000   clock clk (rise edge)
                                  0.000000 1000.000000   clock source latency
     1    0.030034    0.414658    0.181672 1000.181702 ^ clk (in)
     4    0.096685    0.414590    0.728164 1000.909851 ^ clkbuf_0_clk/Z (gf180mcu_fd_sc_mcu7t5v0__clkbuf_16)
     5    0.025212    0.241774    0.601744 1001.511597 ^ clkbuf_2_2__f_clk/Z (gf180mcu_fd_sc_mcu7t5v0__clkbuf_16)
                      0.241774    0.000341 1001.511963 ^ _167_/CLK (gf180mcu_fd_sc_mcu7t5v0__dffq_1)
                                 -0.250000 1001.261963   clock uncertainty
                                  0.095775 1001.357666   clock reconvergence pessimism
                                 -0.865474 1000.492188   library setup time
                                           1000.492188   data required time
---------------------------------------------------------------------------------------------
                                           1000.492188   data required time
                                            -13.132780   data arrival time
---------------------------------------------------------------------------------------------
                                            987.359436   slack (MET)


Startpoint: _153_ (rising edge-triggered flip-flop clocked by clk)
Endpoint: _163_ (rising edge-triggered flip-flop clocked by clk)
Path Group: clk
Path Type: max

Fanout         Cap        Slew       Delay        Time   Description
---------------------------------------------------------------------------------------------
                                  0.000000    0.000000   clock clk (rise edge)
                                  0.000000    0.000000   clock source latency
     1    0.030034    0.414658    0.200809    0.200809 ^ clk (in)
     4    0.096685    0.414590    0.804834    1.005643 ^ clkbuf_0_clk/Z (gf180mcu_fd_sc_mcu7t5v0__clkbuf_16)
     5    0.026176    0.244175    0.667779    1.673422 ^ clkbuf_2_1__f_clk/Z (gf180mcu_fd_sc_mcu7t5v0__clkbuf_16)
                      0.244175    0.000215    1.673636 ^ _153_/CLK (gf180mcu_fd_sc_mcu7t5v0__dffq_1)
     6    0.031909    1.543149    3.001872    4.675508 ^ _153_/Q (gf180mcu_fd_sc_mcu7t5v0__dffq_1)
     4    0.027209    1.497417    2.360215    7.035723 ^ _081_/Z (gf180mcu_fd_sc_mcu7t5v0__and4_1)
     2    0.015557    1.528143    1.193291    8.229014 v _084_/ZN (gf180mcu_fd_sc_mcu7t5v0__nand4_1)
     2    0.009098    0.745171    0.802661    9.031675 ^ _085_/ZN (gf180mcu_fd_sc_mcu7t5v0__clkinv_1)
     2    0.017764    0.937393    1.263312   10.294988 ^ _086_/Z (gf180mcu_fd_sc_mcu7t5v0__and2_1)
    10    0.060505    1.381601    1.344037   11.639025 ^ fanout14/Z (gf180mcu_fd_sc_mcu7t5v0__buf_2)
     1    0.004884    0.633601    0.572761   12.211784 v _136_/ZN (gf180mcu_fd_sc_mcu7t5v0__oai21_1)
     1    0.003190    0.823967    0.862653   13.074438 ^ _137_/ZN (gf180mcu_fd_sc_mcu7t5v0__aoi21_1)
                      0.823967    0.000035   13.074472 ^ _163_/D (gf180mcu_fd_sc_mcu7t5v0__dffq_1)
                                             13.074472   data arrival time

                               1000.000000 1000.000000   clock clk (rise edge)
                                  0.000000 1000.000000   clock source latency
     1    0.030034    0.414658    0.181672 1000.181702 ^ clk (in)
     4    0.096685    0.414590    0.728164 1000.909851 ^ clkbuf_0_clk/Z (gf180mcu_fd_sc_mcu7t5v0__clkbuf_16)
     5    0.022973    0.236192    0.597197 1001.507080 ^ clkbuf_2_0__f_clk/Z (gf180mcu_fd_sc_mcu7t5v0__clkbuf_16)
                      0.236192    0.000114 1001.507202 ^ _163_/CLK (gf180mcu_fd_sc_mcu7t5v0__dffq_1)
                                 -0.250000 1001.257202   clock uncertainty
                                  0.095775 1001.352905   clock reconvergence pessimism
                                 -0.891437 1000.461487   library setup time
                                           1000.461487   data required time
---------------------------------------------------------------------------------------------
                                           1000.461487   data required time
                                            -13.074472   data arrival time
---------------------------------------------------------------------------------------------
                                            987.387024   slack (MET)


Startpoint: _153_ (rising edge-triggered flip-flop clocked by clk)
Endpoint: _165_ (rising edge-triggered flip-flop clocked by clk)
Path Group: clk
Path Type: max

Fanout         Cap        Slew       Delay        Time   Description
---------------------------------------------------------------------------------------------
                                  0.000000    0.000000   clock clk (rise edge)
                                  0.000000    0.000000   clock source latency
     1    0.030034    0.414658    0.200809    0.200809 ^ clk (in)
     4    0.096685    0.414590    0.804834    1.005643 ^ clkbuf_0_clk/Z (gf180mcu_fd_sc_mcu7t5v0__clkbuf_16)
     5    0.026176    0.244175    0.667779    1.673422 ^ clkbuf_2_1__f_clk/Z (gf180mcu_fd_sc_mcu7t5v0__clkbuf_16)
                      0.244175    0.000215    1.673636 ^ _153_/CLK (gf180mcu_fd_sc_mcu7t5v0__dffq_1)
     6    0.031909    1.543149    3.001872    4.675508 ^ _153_/Q (gf180mcu_fd_sc_mcu7t5v0__dffq_1)
     4    0.027209    1.497417    2.360215    7.035723 ^ _081_/Z (gf180mcu_fd_sc_mcu7t5v0__and4_1)
     2    0.015557    1.528143    1.193291    8.229014 v _084_/ZN (gf180mcu_fd_sc_mcu7t5v0__nand4_1)
     2    0.009098    0.745171    0.802661    9.031675 ^ _085_/ZN (gf180mcu_fd_sc_mcu7t5v0__clkinv_1)
     2    0.017764    0.937393    1.263312   10.294988 ^ _086_/Z (gf180mcu_fd_sc_mcu7t5v0__and2_1)
    10    0.060505    1.381601    1.344037   11.639025 ^ fanout14/Z (gf180mcu_fd_sc_mcu7t5v0__buf_2)
     1    0.006154    0.673423    0.616075   12.255099 v _140_/ZN (gf180mcu_fd_sc_mcu7t5v0__oai21_1)
     1    0.003235    0.843159    0.873970   13.129069 ^ _141_/ZN (gf180mcu_fd_sc_mcu7t5v0__aoi21_1)
                      0.843159    0.000064   13.129134 ^ _165_/D (gf180mcu_fd_sc_mcu7t5v0__dffq_1)
                                             13.129134   data arrival time

                               1000.000000 1000.000000   clock clk (rise edge)
                                  0.000000 1000.000000   clock source latency
     1    0.030034    0.414658    0.181672 1000.181702 ^ clk (in)
     4    0.096685    0.414590    0.728164 1000.909851 ^ clkbuf_0_clk/Z (gf180mcu_fd_sc_mcu7t5v0__clkbuf_16)
     5    0.026176    0.244175    0.604246 1001.514099 ^ clkbuf_2_1__f_clk/Z (gf180mcu_fd_sc_mcu7t5v0__clkbuf_16)
                      0.244175    0.000227 1001.514343 ^ _165_/CLK (gf180mcu_fd_sc_mcu7t5v0__dffq_1)
                                 -0.250000 1001.264343   clock uncertainty
                                  0.159373 1001.423706   clock reconvergence pessimism
                                 -0.891912 1000.531860   library setup time
                                           1000.531860   data required time
---------------------------------------------------------------------------------------------
                                           1000.531860   data required time
                                            -13.129134   data arrival time
---------------------------------------------------------------------------------------------
                                            987.402710   slack (MET)


Startpoint: _153_ (rising edge-triggered flip-flop clocked by clk)
Endpoint: _168_ (rising edge-triggered flip-flop clocked by clk)
Path Group: clk
Path Type: max

Fanout         Cap        Slew       Delay        Time   Description
---------------------------------------------------------------------------------------------
                                  0.000000    0.000000   clock clk (rise edge)
                                  0.000000    0.000000   clock source latency
     1    0.030034    0.414658    0.200809    0.200809 ^ clk (in)
     4    0.096685    0.414590    0.804834    1.005643 ^ clkbuf_0_clk/Z (gf180mcu_fd_sc_mcu7t5v0__clkbuf_16)
     5    0.026176    0.244175    0.667779    1.673422 ^ clkbuf_2_1__f_clk/Z (gf180mcu_fd_sc_mcu7t5v0__clkbuf_16)
                      0.244175    0.000215    1.673636 ^ _153_/CLK (gf180mcu_fd_sc_mcu7t5v0__dffq_1)
     6    0.031909    1.543149    3.001872    4.675508 ^ _153_/Q (gf180mcu_fd_sc_mcu7t5v0__dffq_1)
     4    0.027209    1.497417    2.360215    7.035723 ^ _081_/Z (gf180mcu_fd_sc_mcu7t5v0__and4_1)
     2    0.015557    1.528143    1.193291    8.229014 v _084_/ZN (gf180mcu_fd_sc_mcu7t5v0__nand4_1)
     2    0.009098    0.745171    0.802661    9.031675 ^ _085_/ZN (gf180mcu_fd_sc_mcu7t5v0__clkinv_1)
     5    0.034257    1.414553    1.080748   10.112423 v _087_/ZN (gf180mcu_fd_sc_mcu7t5v0__nand2_1)
     3    0.017845    1.914690    1.574996   11.687419 ^ _144_/ZN (gf180mcu_fd_sc_mcu7t5v0__nor2_1)
     1    0.004653    0.882009    0.763363   12.450782 v _147_/ZN (gf180mcu_fd_sc_mcu7t5v0__aoi22_1)
     1    0.002612    0.628334    0.643674   13.094456 ^ _148_/ZN (gf180mcu_fd_sc_mcu7t5v0__nor2_1)
                      0.628334    0.000026   13.094481 ^ _168_/D (gf180mcu_fd_sc_mcu7t5v0__dffq_1)
                                             13.094481   data arrival time

                               1000.000000 1000.000000   clock clk (rise edge)
                                  0.000000 1000.000000   clock source latency
     1    0.030034    0.414658    0.181672 1000.181702 ^ clk (in)
     4    0.096685    0.414590    0.728164 1000.909851 ^ clkbuf_0_clk/Z (gf180mcu_fd_sc_mcu7t5v0__clkbuf_16)
     5    0.025212    0.241774    0.601744 1001.511597 ^ clkbuf_2_2__f_clk/Z (gf180mcu_fd_sc_mcu7t5v0__clkbuf_16)
                      0.241774    0.000455 1001.512085 ^ _168_/CLK (gf180mcu_fd_sc_mcu7t5v0__dffq_1)
                                 -0.250000 1001.262085   clock uncertainty
                                  0.095775 1001.357788   clock reconvergence pessimism
                                 -0.860718 1000.497070   library setup time
                                           1000.497070   data required time
---------------------------------------------------------------------------------------------
                                           1000.497070   data required time
                                            -13.094481   data arrival time
---------------------------------------------------------------------------------------------
                                            987.402588   slack (MET)


Startpoint: _153_ (rising edge-triggered flip-flop clocked by clk)
Endpoint: _166_ (rising edge-triggered flip-flop clocked by clk)
Path Group: clk
Path Type: max

Fanout         Cap        Slew       Delay        Time   Description
---------------------------------------------------------------------------------------------
                                  0.000000    0.000000   clock clk (rise edge)
                                  0.000000    0.000000   clock source latency
     1    0.030034    0.414658    0.200809    0.200809 ^ clk (in)
     4    0.096685    0.414590    0.804834    1.005643 ^ clkbuf_0_clk/Z (gf180mcu_fd_sc_mcu7t5v0__clkbuf_16)
     5    0.026176    0.244175    0.667779    1.673422 ^ clkbuf_2_1__f_clk/Z (gf180mcu_fd_sc_mcu7t5v0__clkbuf_16)
                      0.244175    0.000215    1.673636 ^ _153_/CLK (gf180mcu_fd_sc_mcu7t5v0__dffq_1)
     6    0.031909    1.543149    3.001872    4.675508 ^ _153_/Q (gf180mcu_fd_sc_mcu7t5v0__dffq_1)
     4    0.027209    1.497417    2.360215    7.035723 ^ _081_/Z (gf180mcu_fd_sc_mcu7t5v0__and4_1)
     2    0.015557    1.528143    1.193291    8.229014 v _084_/ZN (gf180mcu_fd_sc_mcu7t5v0__nand4_1)
     2    0.009098    0.745171    0.802661    9.031675 ^ _085_/ZN (gf180mcu_fd_sc_mcu7t5v0__clkinv_1)
     2    0.017764    0.937393    1.263312   10.294988 ^ _086_/Z (gf180mcu_fd_sc_mcu7t5v0__and2_1)
     5    0.035139    0.850378    1.012746   11.307734 ^ fanout15/Z (gf180mcu_fd_sc_mcu7t5v0__buf_2)
     1    0.005110    0.441828    0.455533   11.763268 v _142_/ZN (gf180mcu_fd_sc_mcu7t5v0__nor2_1)
     1    0.003229    1.406270    1.240809   13.004076 ^ _143_/ZN (gf180mcu_fd_sc_mcu7t5v0__aoi211_1)
                      1.406270    0.000036   13.004112 ^ _166_/D (gf180mcu_fd_sc_mcu7t5v0__dffq_1)
                                             13.004112   data arrival time

                               1000.000000 1000.000000   clock clk (rise edge)
                                  0.000000 1000.000000   clock source latency
     1    0.030034    0.414658    0.181672 1000.181702 ^ clk (in)
     4    0.096685    0.414590    0.728164 1000.909851 ^ clkbuf_0_clk/Z (gf180mcu_fd_sc_mcu7t5v0__clkbuf_16)
     5    0.026176    0.244175    0.604246 1001.514099 ^ clkbuf_2_1__f_clk/Z (gf180mcu_fd_sc_mcu7t5v0__clkbuf_16)
                      0.244175    0.000227 1001.514343 ^ _166_/CLK (gf180mcu_fd_sc_mcu7t5v0__dffq_1)
                                 -0.250000 1001.264343   clock uncertainty
                                  0.159373 1001.423706   clock reconvergence pessimism
                                 -0.959682 1000.464111   library setup time
                                           1000.464111   data required time
---------------------------------------------------------------------------------------------
                                           1000.464111   data required time
                                            -13.004112   data arrival time
---------------------------------------------------------------------------------------------
                                            987.460022   slack (MET)


Startpoint: _153_ (rising edge-triggered flip-flop clocked by clk)
Endpoint: _169_ (rising edge-triggered flip-flop clocked by clk)
Path Group: clk
Path Type: max

Fanout         Cap        Slew       Delay        Time   Description
---------------------------------------------------------------------------------------------
                                  0.000000    0.000000   clock clk (rise edge)
                                  0.000000    0.000000   clock source latency
     1    0.030034    0.414658    0.200809    0.200809 ^ clk (in)
     4    0.096685    0.414590    0.804834    1.005643 ^ clkbuf_0_clk/Z (gf180mcu_fd_sc_mcu7t5v0__clkbuf_16)
     5    0.026176    0.244175    0.667779    1.673422 ^ clkbuf_2_1__f_clk/Z (gf180mcu_fd_sc_mcu7t5v0__clkbuf_16)
                      0.244175    0.000215    1.673636 ^ _153_/CLK (gf180mcu_fd_sc_mcu7t5v0__dffq_1)
     6    0.031909    1.543149    3.001872    4.675508 ^ _153_/Q (gf180mcu_fd_sc_mcu7t5v0__dffq_1)
     4    0.027209    1.497417    2.360215    7.035723 ^ _081_/Z (gf180mcu_fd_sc_mcu7t5v0__and4_1)
     2    0.015557    1.528143    1.193291    8.229014 v _084_/ZN (gf180mcu_fd_sc_mcu7t5v0__nand4_1)
     2    0.009098    0.745171    0.802661    9.031675 ^ _085_/ZN (gf180mcu_fd_sc_mcu7t5v0__clkinv_1)
     2    0.017764    0.937393    1.263312   10.294988 ^ _086_/Z (gf180mcu_fd_sc_mcu7t5v0__and2_1)
     5    0.035139    0.850378    1.012746   11.307734 ^ fanout15/Z (gf180mcu_fd_sc_mcu7t5v0__buf_2)
     1    0.005074    0.526149    0.500898   11.808632 v _149_/ZN (gf180mcu_fd_sc_mcu7t5v0__oai21_1)
     1    0.002775    0.670005    0.586859   12.395492 ^ _150_/ZN (gf180mcu_fd_sc_mcu7t5v0__nor2_1)
                      0.670005    0.000028   12.395518 ^ _169_/D (gf180mcu_fd_sc_mcu7t5v0__dffq_1)
                                             12.395518   data arrival time

                               1000.000000 1000.000000   clock clk (rise edge)
                                  0.000000 1000.000000   clock source latency
     1    0.030034    0.414658    0.181672 1000.181702 ^ clk (in)
     4    0.096685    0.414590    0.728164 1000.909851 ^ clkbuf_0_clk/Z (gf180mcu_fd_sc_mcu7t5v0__clkbuf_16)
     5    0.025212    0.241774    0.601744 1001.511597 ^ clkbuf_2_2__f_clk/Z (gf180mcu_fd_sc_mcu7t5v0__clkbuf_16)
                      0.241774    0.000455 1001.512085 ^ _169_/CLK (gf180mcu_fd_sc_mcu7t5v0__dffq_1)
                                 -0.250000 1001.262085   clock uncertainty
                                  0.095775 1001.357788   clock reconvergence pessimism
                                 -0.866907 1000.490906   library setup time
                                           1000.490906   data required time
---------------------------------------------------------------------------------------------
                                           1000.490906   data required time
                                            -12.395518   data arrival time
---------------------------------------------------------------------------------------------
                                            988.095398   slack (MET)


Startpoint: _153_ (rising edge-triggered flip-flop clocked by clk)
Endpoint: _170_ (rising edge-triggered flip-flop clocked by clk)
Path Group: clk
Path Type: max

Fanout         Cap        Slew       Delay        Time   Description
---------------------------------------------------------------------------------------------
                                  0.000000    0.000000   clock clk (rise edge)
                                  0.000000    0.000000   clock source latency
     1    0.030034    0.414658    0.200809    0.200809 ^ clk (in)
     4    0.096685    0.414590    0.804834    1.005643 ^ clkbuf_0_clk/Z (gf180mcu_fd_sc_mcu7t5v0__clkbuf_16)
     5    0.026176    0.244175    0.667779    1.673422 ^ clkbuf_2_1__f_clk/Z (gf180mcu_fd_sc_mcu7t5v0__clkbuf_16)
                      0.244175    0.000215    1.673636 ^ _153_/CLK (gf180mcu_fd_sc_mcu7t5v0__dffq_1)
     6    0.031909    1.543149    3.001872    4.675508 ^ _153_/Q (gf180mcu_fd_sc_mcu7t5v0__dffq_1)
     4    0.027209    1.497417    2.360215    7.035723 ^ _081_/Z (gf180mcu_fd_sc_mcu7t5v0__and4_1)
     2    0.015557    1.528143    1.193291    8.229014 v _084_/ZN (gf180mcu_fd_sc_mcu7t5v0__nand4_1)
     2    0.009098    0.745171    0.802661    9.031675 ^ _085_/ZN (gf180mcu_fd_sc_mcu7t5v0__clkinv_1)
     2    0.017764    0.937393    1.263312   10.294988 ^ _086_/Z (gf180mcu_fd_sc_mcu7t5v0__and2_1)
     5    0.035139    0.850378    1.012746   11.307734 ^ fanout15/Z (gf180mcu_fd_sc_mcu7t5v0__buf_2)
     1    0.006098    0.448346    0.410368   11.718102 v _088_/ZN (gf180mcu_fd_sc_mcu7t5v0__nand2_1)
     1    0.002699    0.794644    0.527434   12.245536 ^ _151_/ZN (gf180mcu_fd_sc_mcu7t5v0__aoi21_1)
                      0.794644    0.000028   12.245564 ^ _170_/D (gf180mcu_fd_sc_mcu7t5v0__dffq_1)
                                             12.245564   data arrival time

                               1000.000000 1000.000000   clock clk (rise edge)
                                  0.000000 1000.000000   clock source latency
     1    0.030034    0.414658    0.181672 1000.181702 ^ clk (in)
     4    0.096685    0.414590    0.728164 1000.909851 ^ clkbuf_0_clk/Z (gf180mcu_fd_sc_mcu7t5v0__clkbuf_16)
     5    0.025212    0.241774    0.601744 1001.511597 ^ clkbuf_2_2__f_clk/Z (gf180mcu_fd_sc_mcu7t5v0__clkbuf_16)
                      0.241774    0.000227 1001.511841 ^ _170_/CLK (gf180mcu_fd_sc_mcu7t5v0__dffq_1)
                                 -0.250000 1001.261841   clock uncertainty
                                  0.095775 1001.357544   clock reconvergence pessimism
                                 -0.885420 1000.472168   library setup time
                                           1000.472168   data required time
---------------------------------------------------------------------------------------------
                                           1000.472168   data required time
                                            -12.245564   data arrival time
---------------------------------------------------------------------------------------------
                                            988.226624   slack (MET)


Startpoint: _153_ (rising edge-triggered flip-flop clocked by clk)
Endpoint: _160_ (rising edge-triggered flip-flop clocked by clk)
Path Group: clk
Path Type: max

Fanout         Cap        Slew       Delay        Time   Description
---------------------------------------------------------------------------------------------
                                  0.000000    0.000000   clock clk (rise edge)
                                  0.000000    0.000000   clock source latency
     1    0.030034    0.414658    0.200809    0.200809 ^ clk (in)
     4    0.096685    0.414590    0.804834    1.005643 ^ clkbuf_0_clk/Z (gf180mcu_fd_sc_mcu7t5v0__clkbuf_16)
     5    0.026176    0.244175    0.667779    1.673422 ^ clkbuf_2_1__f_clk/Z (gf180mcu_fd_sc_mcu7t5v0__clkbuf_16)
                      0.244175    0.000215    1.673636 ^ _153_/CLK (gf180mcu_fd_sc_mcu7t5v0__dffq_1)
     6    0.031909    1.543149    3.001872    4.675508 ^ _153_/Q (gf180mcu_fd_sc_mcu7t5v0__dffq_1)
     4    0.027209    1.497417    2.360215    7.035723 ^ _081_/Z (gf180mcu_fd_sc_mcu7t5v0__and4_1)
     2    0.015557    1.528143    1.193291    8.229014 v _084_/ZN (gf180mcu_fd_sc_mcu7t5v0__nand4_1)
     3    0.017818    0.991483    2.094900   10.323915 v _117_/Z (gf180mcu_fd_sc_mcu7t5v0__xor2_1)
     1    0.002945    0.509266    0.607607   10.931521 ^ _131_/ZN (gf180mcu_fd_sc_mcu7t5v0__nand2_1)
                      0.509266    0.000030   10.931552 ^ _160_/D (gf180mcu_fd_sc_mcu7t5v0__dffq_1)
                                             10.931552   data arrival time

                               1000.000000 1000.000000   clock clk (rise edge)
                                  0.000000 1000.000000   clock source latency
     1    0.030034    0.414658    0.181672 1000.181702 ^ clk (in)
     4    0.096685    0.414590    0.728164 1000.909851 ^ clkbuf_0_clk/Z (gf180mcu_fd_sc_mcu7t5v0__clkbuf_16)
     5    0.025661    0.242893    0.602768 1001.512634 ^ clkbuf_2_3__f_clk/Z (gf180mcu_fd_sc_mcu7t5v0__clkbuf_16)
                      0.242893    0.000227 1001.512878 ^ _160_/CLK (gf180mcu_fd_sc_mcu7t5v0__dffq_1)
                                 -0.250000 1001.262878   clock uncertainty
                                  0.095775 1001.358582   clock reconvergence pessimism
                                 -0.842703 1000.515930   library setup time
                                           1000.515930   data required time
---------------------------------------------------------------------------------------------
                                           1000.515930   data required time
                                            -10.931552   data arrival time
---------------------------------------------------------------------------------------------
                                            989.584351   slack (MET)


Startpoint: _153_ (rising edge-triggered flip-flop clocked by clk)
Endpoint: _159_ (rising edge-triggered flip-flop clocked by clk)
Path Group: clk
Path Type: max

Fanout         Cap        Slew       Delay        Time   Description
---------------------------------------------------------------------------------------------
                                  0.000000    0.000000   clock clk (rise edge)
                                  0.000000    0.000000   clock source latency
     1    0.030034    0.414658    0.200809    0.200809 ^ clk (in)
     4    0.096685    0.414590    0.804834    1.005643 ^ clkbuf_0_clk/Z (gf180mcu_fd_sc_mcu7t5v0__clkbuf_16)
     5    0.026176    0.244175    0.667779    1.673422 ^ clkbuf_2_1__f_clk/Z (gf180mcu_fd_sc_mcu7t5v0__clkbuf_16)
                      0.244175    0.000215    1.673636 ^ _153_/CLK (gf180mcu_fd_sc_mcu7t5v0__dffq_1)
     6    0.031909    1.543149    3.001872    4.675508 ^ _153_/Q (gf180mcu_fd_sc_mcu7t5v0__dffq_1)
     4    0.027209    1.497417    2.360215    7.035723 ^ _081_/Z (gf180mcu_fd_sc_mcu7t5v0__and4_1)
     1    0.008378    0.835024    0.689008    7.724731 v _083_/ZN (gf180mcu_fd_sc_mcu7t5v0__nand3_1)
     3    0.018669    0.896100    1.859168    9.583899 v _115_/Z (gf180mcu_fd_sc_mcu7t5v0__xor2_1)
     1    0.003001    0.491394    0.580085   10.163984 ^ _130_/ZN (gf180mcu_fd_sc_mcu7t5v0__nand2_1)
                      0.491394    0.000031   10.164016 ^ _159_/D (gf180mcu_fd_sc_mcu7t5v0__dffq_1)
                                             10.164016   data arrival time

                               1000.000000 1000.000000   clock clk (rise edge)
                                  0.000000 1000.000000   clock source latency
     1    0.030034    0.414658    0.181672 1000.181702 ^ clk (in)
     4    0.096685    0.414590    0.728164 1000.909851 ^ clkbuf_0_clk/Z (gf180mcu_fd_sc_mcu7t5v0__clkbuf_16)
     5    0.025661    0.242893    0.602768 1001.512634 ^ clkbuf_2_3__f_clk/Z (gf180mcu_fd_sc_mcu7t5v0__clkbuf_16)
                      0.242893    0.000000 1001.512634 ^ _159_/CLK (gf180mcu_fd_sc_mcu7t5v0__dffq_1)
                                 -0.250000 1001.262634   clock uncertainty
                                  0.095775 1001.358337   clock reconvergence pessimism
                                 -0.839232 1000.519104   library setup time
                                           1000.519104   data required time
---------------------------------------------------------------------------------------------
                                           1000.519104   data required time
                                            -10.164016   data arrival time
---------------------------------------------------------------------------------------------
                                            990.355042   slack (MET)


Startpoint: _153_ (rising edge-triggered flip-flop clocked by clk)
Endpoint: _157_ (rising edge-triggered flip-flop clocked by clk)
Path Group: clk
Path Type: max

Fanout         Cap        Slew       Delay        Time   Description
---------------------------------------------------------------------------------------------
                                  0.000000    0.000000   clock clk (rise edge)
                                  0.000000    0.000000   clock source latency
     1    0.030034    0.414658    0.200809    0.200809 ^ clk (in)
     4    0.096685    0.414590    0.804834    1.005643 ^ clkbuf_0_clk/Z (gf180mcu_fd_sc_mcu7t5v0__clkbuf_16)
     5    0.026176    0.244175    0.667779    1.673422 ^ clkbuf_2_1__f_clk/Z (gf180mcu_fd_sc_mcu7t5v0__clkbuf_16)
                      0.244175    0.000215    1.673636 ^ _153_/CLK (gf180mcu_fd_sc_mcu7t5v0__dffq_1)
     6    0.031909    1.543149    3.001872    4.675508 ^ _153_/Q (gf180mcu_fd_sc_mcu7t5v0__dffq_1)
     4    0.027209    1.497417    2.360215    7.035723 ^ _081_/Z (gf180mcu_fd_sc_mcu7t5v0__and4_1)
     2    0.013006    1.699496    1.633775    8.669498 ^ _110_/Z (gf180mcu_fd_sc_mcu7t5v0__xor2_1)
     2    0.010391    0.782047    0.684920    9.354418 v _111_/ZN (gf180mcu_fd_sc_mcu7t5v0__clkinv_1)
     1    0.002944    0.464698    0.542546    9.896964 ^ _128_/ZN (gf180mcu_fd_sc_mcu7t5v0__nand2_1)
                      0.464698    0.000031    9.896996 ^ _157_/D (gf180mcu_fd_sc_mcu7t5v0__dffq_1)
                                              9.896996   data arrival time

                               1000.000000 1000.000000   clock clk (rise edge)
                                  0.000000 1000.000000   clock source latency
     1    0.030034    0.414658    0.181672 1000.181702 ^ clk (in)
     4    0.096685    0.414590    0.728164 1000.909851 ^ clkbuf_0_clk/Z (gf180mcu_fd_sc_mcu7t5v0__clkbuf_16)
     5    0.025661    0.242893    0.602768 1001.512634 ^ clkbuf_2_3__f_clk/Z (gf180mcu_fd_sc_mcu7t5v0__clkbuf_16)
                      0.242893    0.000000 1001.512634 ^ _157_/CLK (gf180mcu_fd_sc_mcu7t5v0__dffq_1)
                                 -0.250000 1001.262634   clock uncertainty
                                  0.095775 1001.358337   clock reconvergence pessimism
                                 -0.833662 1000.524719   library setup time
                                           1000.524719   data required time
---------------------------------------------------------------------------------------------
                                           1000.524719   data required time
                                             -9.896996   data arrival time
---------------------------------------------------------------------------------------------
                                            990.627686   slack (MET)


Startpoint: _153_ (rising edge-triggered flip-flop clocked by clk)
Endpoint: _158_ (rising edge-triggered flip-flop clocked by clk)
Path Group: clk
Path Type: max

Fanout         Cap        Slew       Delay        Time   Description
---------------------------------------------------------------------------------------------
                                  0.000000    0.000000   clock clk (rise edge)
                                  0.000000    0.000000   clock source latency
     1    0.030034    0.414658    0.200809    0.200809 ^ clk (in)
     4    0.096685    0.414590    0.804834    1.005643 ^ clkbuf_0_clk/Z (gf180mcu_fd_sc_mcu7t5v0__clkbuf_16)
     5    0.026176    0.244175    0.667779    1.673422 ^ clkbuf_2_1__f_clk/Z (gf180mcu_fd_sc_mcu7t5v0__clkbuf_16)
                      0.244175    0.000215    1.673636 ^ _153_/CLK (gf180mcu_fd_sc_mcu7t5v0__dffq_1)
     6    0.031909    1.543149    3.001872    4.675508 ^ _153_/Q (gf180mcu_fd_sc_mcu7t5v0__dffq_1)
     4    0.027209    1.497417    2.360215    7.035723 ^ _081_/Z (gf180mcu_fd_sc_mcu7t5v0__and4_1)
     1    0.007943    0.630992    0.506588    7.542311 v _082_/ZN (gf180mcu_fd_sc_mcu7t5v0__nand2_1)
     3    0.017708    0.894501    1.768735    9.311047 v _113_/Z (gf180mcu_fd_sc_mcu7t5v0__xor2_1)
     1    0.002748    0.480193    0.570560    9.881606 ^ _129_/ZN (gf180mcu_fd_sc_mcu7t5v0__nand2_1)
                      0.480193    0.000028    9.881635 ^ _158_/D (gf180mcu_fd_sc_mcu7t5v0__dffq_1)
                                              9.881635   data arrival time

                               1000.000000 1000.000000   clock clk (rise edge)
                                  0.000000 1000.000000   clock source latency
     1    0.030034    0.414658    0.181672 1000.181702 ^ clk (in)
     4    0.096685    0.414590    0.728164 1000.909851 ^ clkbuf_0_clk/Z (gf180mcu_fd_sc_mcu7t5v0__clkbuf_16)
     5    0.025661    0.242893    0.602768 1001.512634 ^ clkbuf_2_3__f_clk/Z (gf180mcu_fd_sc_mcu7t5v0__clkbuf_16)
                      0.242893    0.000000 1001.512634 ^ _158_/CLK (gf180mcu_fd_sc_mcu7t5v0__dffq_1)
                                 -0.250000 1001.262634   clock uncertainty
                                  0.095775 1001.358337   clock reconvergence pessimism
                                 -0.836895 1000.521484   library setup time
                                           1000.521484   data required time
---------------------------------------------------------------------------------------------
                                           1000.521484   data required time
                                             -9.881635   data arrival time
---------------------------------------------------------------------------------------------
                                            990.639832   slack (MET)


Startpoint: _153_ (rising edge-triggered flip-flop clocked by clk)
Endpoint: _156_ (rising edge-triggered flip-flop clocked by clk)
Path Group: clk
Path Type: max

Fanout         Cap        Slew       Delay        Time   Description
---------------------------------------------------------------------------------------------
                                  0.000000    0.000000   clock clk (rise edge)
                                  0.000000    0.000000   clock source latency
     1    0.030034    0.414658    0.200809    0.200809 ^ clk (in)
     4    0.096685    0.414590    0.804834    1.005643 ^ clkbuf_0_clk/Z (gf180mcu_fd_sc_mcu7t5v0__clkbuf_16)
     5    0.026176    0.244175    0.667779    1.673422 ^ clkbuf_2_1__f_clk/Z (gf180mcu_fd_sc_mcu7t5v0__clkbuf_16)
                      0.244175    0.000215    1.673636 ^ _153_/CLK (gf180mcu_fd_sc_mcu7t5v0__dffq_1)
     6    0.031909    1.543149    3.001872    4.675508 ^ _153_/Q (gf180mcu_fd_sc_mcu7t5v0__dffq_1)
     4    0.026328    1.343277    2.032446    6.707954 ^ _080_/Z (gf180mcu_fd_sc_mcu7t5v0__and3_1)
     3    0.018183    2.147714    1.900110    8.608065 ^ _108_/Z (gf180mcu_fd_sc_mcu7t5v0__xor2_1)
     1    0.002894    0.346587    0.887503    9.495568 ^ _127_/Z (gf180mcu_fd_sc_mcu7t5v0__or2_1)
                      0.346587    0.000031    9.495599 ^ _156_/D (gf180mcu_fd_sc_mcu7t5v0__dffq_1)
                                              9.495599   data arrival time

                               1000.000000 1000.000000   clock clk (rise edge)
                                  0.000000 1000.000000   clock source latency
     1    0.030034    0.414658    0.181672 1000.181702 ^ clk (in)
     4    0.096685    0.414590    0.728164 1000.909851 ^ clkbuf_0_clk/Z (gf180mcu_fd_sc_mcu7t5v0__clkbuf_16)
     5    0.026176    0.244175    0.604246 1001.514099 ^ clkbuf_2_1__f_clk/Z (gf180mcu_fd_sc_mcu7t5v0__clkbuf_16)
                      0.244175    0.000000 1001.514099 ^ _156_/CLK (gf180mcu_fd_sc_mcu7t5v0__dffq_1)
                                 -0.250000 1001.264099   clock uncertainty
                                  0.159373 1001.423523   clock reconvergence pessimism
                                 -0.808633 1000.614868   library setup time
                                           1000.614868   data required time
---------------------------------------------------------------------------------------------
                                           1000.614868   data required time
                                             -9.495599   data arrival time
---------------------------------------------------------------------------------------------
                                            991.119263   slack (MET)


Startpoint: _153_ (rising edge-triggered flip-flop clocked by clk)
Endpoint: _155_ (rising edge-triggered flip-flop clocked by clk)
Path Group: clk
Path Type: max

Fanout         Cap        Slew       Delay        Time   Description
---------------------------------------------------------------------------------------------
                                  0.000000    0.000000   clock clk (rise edge)
                                  0.000000    0.000000   clock source latency
     1    0.030034    0.414658    0.200809    0.200809 ^ clk (in)
     4    0.096685    0.414590    0.804834    1.005643 ^ clkbuf_0_clk/Z (gf180mcu_fd_sc_mcu7t5v0__clkbuf_16)
     5    0.026176    0.244175    0.667779    1.673422 ^ clkbuf_2_1__f_clk/Z (gf180mcu_fd_sc_mcu7t5v0__clkbuf_16)
                      0.244175    0.000215    1.673636 ^ _153_/CLK (gf180mcu_fd_sc_mcu7t5v0__dffq_1)
     6    0.031909    1.543149    3.001872    4.675508 ^ _153_/Q (gf180mcu_fd_sc_mcu7t5v0__dffq_1)
     4    0.026328    1.343277    2.032446    6.707954 ^ _080_/Z (gf180mcu_fd_sc_mcu7t5v0__and3_1)
     1    0.003402    0.683080    0.423861    7.131816 v _126_/ZN (gf180mcu_fd_sc_mcu7t5v0__oai21_1)
                      0.683080    0.000068    7.131884 v _155_/D (gf180mcu_fd_sc_mcu7t5v0__dffq_1)
                                              7.131884   data arrival time

                               1000.000000 1000.000000   clock clk (rise edge)
                                  0.000000 1000.000000   clock source latency
     1    0.030034    0.414658    0.181672 1000.181702 ^ clk (in)
     4    0.096685    0.414590    0.728164 1000.909851 ^ clkbuf_0_clk/Z (gf180mcu_fd_sc_mcu7t5v0__clkbuf_16)
     5    0.026176    0.244175    0.604246 1001.514099 ^ clkbuf_2_1__f_clk/Z (gf180mcu_fd_sc_mcu7t5v0__clkbuf_16)
                      0.244175    0.000114 1001.514221 ^ _155_/CLK (gf180mcu_fd_sc_mcu7t5v0__dffq_1)
                                 -0.250000 1001.264221   clock uncertainty
                                  0.159373 1001.423584   clock reconvergence pessimism
                                 -0.970984 1000.452637   library setup time
                                           1000.452637   data required time
---------------------------------------------------------------------------------------------
                                           1000.452637   data required time
                                             -7.131884   data arrival time
---------------------------------------------------------------------------------------------
                                            993.320679   slack (MET)


Startpoint: _153_ (rising edge-triggered flip-flop clocked by clk)
Endpoint: _154_ (rising edge-triggered flip-flop clocked by clk)
Path Group: clk
Path Type: max

Fanout         Cap        Slew       Delay        Time   Description
---------------------------------------------------------------------------------------------
                                  0.000000    0.000000   clock clk (rise edge)
                                  0.000000    0.000000   clock source latency
     1    0.030034    0.414658    0.200809    0.200809 ^ clk (in)
     4    0.096685    0.414590    0.804834    1.005643 ^ clkbuf_0_clk/Z (gf180mcu_fd_sc_mcu7t5v0__clkbuf_16)
     5    0.026176    0.244175    0.667779    1.673422 ^ clkbuf_2_1__f_clk/Z (gf180mcu_fd_sc_mcu7t5v0__clkbuf_16)
                      0.244175    0.000215    1.673636 ^ _153_/CLK (gf180mcu_fd_sc_mcu7t5v0__dffq_1)
     6    0.031909    1.543149    3.001872    4.675508 ^ _153_/Q (gf180mcu_fd_sc_mcu7t5v0__dffq_1)
     2    0.011415    1.650724    1.430110    6.105618 ^ _105_/ZN (gf180mcu_fd_sc_mcu7t5v0__xnor2_1)
     1    0.002821    0.513687    0.339398    6.445017 v _125_/ZN (gf180mcu_fd_sc_mcu7t5v0__nand2_1)
                      0.513687    0.000029    6.445045 v _154_/D (gf180mcu_fd_sc_mcu7t5v0__dffq_1)
                                              6.445045   data arrival time

                               1000.000000 1000.000000   clock clk (rise edge)
                                  0.000000 1000.000000   clock source latency
     1    0.030034    0.414658    0.181672 1000.181702 ^ clk (in)
     4    0.096685    0.414590    0.728164 1000.909851 ^ clkbuf_0_clk/Z (gf180mcu_fd_sc_mcu7t5v0__clkbuf_16)
     5    0.022973    0.236192    0.597197 1001.507080 ^ clkbuf_2_0__f_clk/Z (gf180mcu_fd_sc_mcu7t5v0__clkbuf_16)
                      0.236192    0.000114 1001.507202 ^ _154_/CLK (gf180mcu_fd_sc_mcu7t5v0__dffq_1)
                                 -0.250000 1001.257202   clock uncertainty
                                  0.095775 1001.352905   clock reconvergence pessimism
                                 -0.916123 1000.436829   library setup time
                                           1000.436829   data required time
---------------------------------------------------------------------------------------------
                                           1000.436829   data required time
                                             -6.445045   data arrival time
---------------------------------------------------------------------------------------------
                                            993.991760   slack (MET)


Startpoint: _153_ (rising edge-triggered flip-flop clocked by clk)
Endpoint: _153_ (rising edge-triggered flip-flop clocked by clk)
Path Group: clk
Path Type: max

Fanout         Cap        Slew       Delay        Time   Description
---------------------------------------------------------------------------------------------
                                  0.000000    0.000000   clock clk (rise edge)
                                  0.000000    0.000000   clock source latency
     1    0.030034    0.414658    0.200809    0.200809 ^ clk (in)
     4    0.096685    0.414590    0.804834    1.005643 ^ clkbuf_0_clk/Z (gf180mcu_fd_sc_mcu7t5v0__clkbuf_16)
     5    0.026176    0.244175    0.667779    1.673422 ^ clkbuf_2_1__f_clk/Z (gf180mcu_fd_sc_mcu7t5v0__clkbuf_16)
                      0.244175    0.000215    1.673636 ^ _153_/CLK (gf180mcu_fd_sc_mcu7t5v0__dffq_1)
     6    0.031909    1.543149    3.001872    4.675508 ^ _153_/Q (gf180mcu_fd_sc_mcu7t5v0__dffq_1)
     1    0.002612    0.487056    0.363864    5.039372 v _124_/ZN (gf180mcu_fd_sc_mcu7t5v0__nand2_1)
                      0.487056    0.000025    5.039397 v _153_/D (gf180mcu_fd_sc_mcu7t5v0__dffq_1)
                                              5.039397   data arrival time

                               1000.000000 1000.000000   clock clk (rise edge)
                                  0.000000 1000.000000   clock source latency
     1    0.030034    0.414658    0.181672 1000.181702 ^ clk (in)
     4    0.096685    0.414590    0.728164 1000.909851 ^ clkbuf_0_clk/Z (gf180mcu_fd_sc_mcu7t5v0__clkbuf_16)
     5    0.026176    0.244175    0.604246 1001.514099 ^ clkbuf_2_1__f_clk/Z (gf180mcu_fd_sc_mcu7t5v0__clkbuf_16)
                      0.244175    0.000114 1001.514221 ^ _153_/CLK (gf180mcu_fd_sc_mcu7t5v0__dffq_1)
                                 -0.250000 1001.264221   clock uncertainty
                                  0.159394 1001.423584   clock reconvergence pessimism
                                 -0.906797 1000.516846   library setup time
                                           1000.516846   data required time
---------------------------------------------------------------------------------------------
                                           1000.516846   data required time
                                             -5.039397   data arrival time
---------------------------------------------------------------------------------------------
                                            995.477478   slack (MET)


R2R_END_SETUP nom_ss_125C_3v00
R2R_BEGIN_HOLD nom_ss_125C_3v00
Startpoint: _170_ (rising edge-triggered flip-flop clocked by clk)
Endpoint: _170_ (rising edge-triggered flip-flop clocked by clk)
Path Group: clk
Path Type: min

Fanout         Cap        Slew       Delay        Time   Description
---------------------------------------------------------------------------------------------
                                  0.000000    0.000000   clock clk (rise edge)
                                  0.000000    0.000000   clock source latency
     1    0.030034    0.414658    0.181684    0.181684 ^ clk (in)
     4    0.096685    0.414590    0.728183    0.909867 ^ clkbuf_0_clk/Z (gf180mcu_fd_sc_mcu7t5v0__clkbuf_16)
     5    0.025212    0.241774    0.601750    1.511617 ^ clkbuf_2_2__f_clk/Z (gf180mcu_fd_sc_mcu7t5v0__clkbuf_16)
                      0.241774    0.000193    1.511811 ^ _170_/CLK (gf180mcu_fd_sc_mcu7t5v0__dffq_1)
     2    0.011475    0.415399    1.889220    3.401030 v _170_/Q (gf180mcu_fd_sc_mcu7t5v0__dffq_1)
     1    0.005196    0.441496    0.390849    3.791879 ^ _100_/ZN (gf180mcu_fd_sc_mcu7t5v0__nand2_1)
     1    0.002699    0.293714    0.276847    4.068727 v _151_/ZN (gf180mcu_fd_sc_mcu7t5v0__aoi21_1)
                      0.293714    0.000025    4.068751 v _170_/D (gf180mcu_fd_sc_mcu7t5v0__dffq_1)
                                              4.068751   data arrival time

                                  0.000000    0.000000   clock clk (rise edge)
                                  0.000000    0.000000   clock source latency
     1    0.030034    0.414658    0.200809    0.200809 ^ clk (in)
     4    0.096685    0.414590    0.804834    1.005643 ^ clkbuf_0_clk/Z (gf180mcu_fd_sc_mcu7t5v0__clkbuf_16)
     5    0.025212    0.241774    0.665092    1.670735 ^ clkbuf_2_2__f_clk/Z (gf180mcu_fd_sc_mcu7t5v0__clkbuf_16)
                      0.241774    0.000214    1.670949 ^ _170_/CLK (gf180mcu_fd_sc_mcu7t5v0__dffq_1)
                                  0.250000    1.920949   clock uncertainty
                                 -0.159138    1.761811   clock reconvergence pessimism
                                  0.098716    1.860526   library hold time
                                              1.860526   data required time
---------------------------------------------------------------------------------------------
                                              1.860526   data required time
                                             -4.068751   data arrival time
---------------------------------------------------------------------------------------------
                                              2.208225   slack (MET)


Startpoint: _153_ (rising edge-triggered flip-flop clocked by clk)
Endpoint: _153_ (rising edge-triggered flip-flop clocked by clk)
Path Group: clk
Path Type: min

Fanout         Cap        Slew       Delay        Time   Description
---------------------------------------------------------------------------------------------
                                  0.000000    0.000000   clock clk (rise edge)
                                  0.000000    0.000000   clock source latency
     1    0.030034    0.414658    0.181684    0.181684 ^ clk (in)
     4    0.096685    0.414590    0.728183    0.909867 ^ clkbuf_0_clk/Z (gf180mcu_fd_sc_mcu7t5v0__clkbuf_16)
     5    0.026176    0.244175    0.604181    1.514048 ^ clkbuf_2_1__f_clk/Z (gf180mcu_fd_sc_mcu7t5v0__clkbuf_16)
                      0.244175    0.000194    1.514243 ^ _153_/CLK (gf180mcu_fd_sc_mcu7t5v0__dffq_1)
     6    0.031909    0.806385    2.173809    3.688051 v _153_/Q (gf180mcu_fd_sc_mcu7t5v0__dffq_1)
     1    0.002612    0.402993    0.420955    4.109006 ^ _124_/ZN (gf180mcu_fd_sc_mcu7t5v0__nand2_1)
                      0.402993    0.000023    4.109029 ^ _153_/D (gf180mcu_fd_sc_mcu7t5v0__dffq_1)
                                              4.109029   data arrival time

                                  0.000000    0.000000   clock clk (rise edge)
                                  0.000000    0.000000   clock source latency
     1    0.030034    0.414658    0.200809    0.200809 ^ clk (in)
     4    0.096685    0.414590    0.804834    1.005643 ^ clkbuf_0_clk/Z (gf180mcu_fd_sc_mcu7t5v0__clkbuf_16)
     5    0.026176    0.244175    0.667779    1.673422 ^ clkbuf_2_1__f_clk/Z (gf180mcu_fd_sc_mcu7t5v0__clkbuf_16)
                      0.244175    0.000215    1.673636 ^ _153_/CLK (gf180mcu_fd_sc_mcu7t5v0__dffq_1)
                                  0.250000    1.923636   clock uncertainty
                                 -0.159394    1.764243   clock reconvergence pessimism
                                  0.042146    1.806389   library hold time
                                              1.806389   data required time
---------------------------------------------------------------------------------------------
                                              1.806389   data required time
                                             -4.109029   data arrival time
---------------------------------------------------------------------------------------------
                                              2.302640   slack (MET)


Startpoint: _169_ (rising edge-triggered flip-flop clocked by clk)
Endpoint: _169_ (rising edge-triggered flip-flop clocked by clk)
Path Group: clk
Path Type: min

Fanout         Cap        Slew       Delay        Time   Description
---------------------------------------------------------------------------------------------
                                  0.000000    0.000000   clock clk (rise edge)
                                  0.000000    0.000000   clock source latency
     1    0.030034    0.414658    0.181684    0.181684 ^ clk (in)
     4    0.096685    0.414590    0.728183    0.909867 ^ clkbuf_0_clk/Z (gf180mcu_fd_sc_mcu7t5v0__clkbuf_16)
     5    0.025212    0.241774    0.601750    1.511617 ^ clkbuf_2_2__f_clk/Z (gf180mcu_fd_sc_mcu7t5v0__clkbuf_16)
                      0.241774    0.000374    1.511992 ^ _169_/CLK (gf180mcu_fd_sc_mcu7t5v0__dffq_1)
     2    0.010424    0.393331    1.870556    3.382547 v _169_/Q (gf180mcu_fd_sc_mcu7t5v0__dffq_1)
     1    0.005074    0.685911    0.616908    3.999455 ^ _149_/ZN (gf180mcu_fd_sc_mcu7t5v0__oai21_1)
     1    0.002775    0.346156    0.332535    4.331990 v _150_/ZN (gf180mcu_fd_sc_mcu7t5v0__nor2_1)
                      0.346156    0.000025    4.332016 v _169_/D (gf180mcu_fd_sc_mcu7t5v0__dffq_1)
                                              4.332016   data arrival time

                                  0.000000    0.000000   clock clk (rise edge)
                                  0.000000    0.000000   clock source latency
     1    0.030034    0.414658    0.200809    0.200809 ^ clk (in)
     4    0.096685    0.414590    0.804834    1.005643 ^ clkbuf_0_clk/Z (gf180mcu_fd_sc_mcu7t5v0__clkbuf_16)
     5    0.025212    0.241774    0.665092    1.670735 ^ clkbuf_2_2__f_clk/Z (gf180mcu_fd_sc_mcu7t5v0__clkbuf_16)
                      0.241774    0.000414    1.671149 ^ _169_/CLK (gf180mcu_fd_sc_mcu7t5v0__dffq_1)
                                  0.250000    1.921148   clock uncertainty
                                 -0.159157    1.761992   clock reconvergence pessimism
                                  0.086933    1.848925   library hold time
                                              1.848925   data required time
---------------------------------------------------------------------------------------------
                                              1.848925   data required time
                                             -4.332016   data arrival time
---------------------------------------------------------------------------------------------
                                              2.483091   slack (MET)


Startpoint: _168_ (rising edge-triggered flip-flop clocked by clk)
Endpoint: _168_ (rising edge-triggered flip-flop clocked by clk)
Path Group: clk
Path Type: min

Fanout         Cap        Slew       Delay        Time   Description
---------------------------------------------------------------------------------------------
                                  0.000000    0.000000   clock clk (rise edge)
                                  0.000000    0.000000   clock source latency
     1    0.030034    0.414658    0.181684    0.181684 ^ clk (in)
     4    0.096685    0.414590    0.728183    0.909867 ^ clkbuf_0_clk/Z (gf180mcu_fd_sc_mcu7t5v0__clkbuf_16)
     5    0.025212    0.241774    0.601750    1.511617 ^ clkbuf_2_2__f_clk/Z (gf180mcu_fd_sc_mcu7t5v0__clkbuf_16)
                      0.241774    0.000402    1.512019 ^ _168_/CLK (gf180mcu_fd_sc_mcu7t5v0__dffq_1)
     3    0.023339    0.639742    2.057739    3.569758 v _168_/Q (gf180mcu_fd_sc_mcu7t5v0__dffq_1)
     1    0.004653    0.619077    0.533626    4.103384 ^ _147_/ZN (gf180mcu_fd_sc_mcu7t5v0__aoi22_1)
     1    0.002612    0.327328    0.320509    4.423892 v _148_/ZN (gf180mcu_fd_sc_mcu7t5v0__nor2_1)
                      0.327328    0.000023    4.423915 v _168_/D (gf180mcu_fd_sc_mcu7t5v0__dffq_1)
                                              4.423915   data arrival time

                                  0.000000    0.000000   clock clk (rise edge)
                                  0.000000    0.000000   clock source latency
     1    0.030034    0.414658    0.200809    0.200809 ^ clk (in)
     4    0.096685    0.414590    0.804834    1.005643 ^ clkbuf_0_clk/Z (gf180mcu_fd_sc_mcu7t5v0__clkbuf_16)
     5    0.025212    0.241774    0.665092    1.670735 ^ clkbuf_2_2__f_clk/Z (gf180mcu_fd_sc_mcu7t5v0__clkbuf_16)
                      0.241774    0.000444    1.671179 ^ _168_/CLK (gf180mcu_fd_sc_mcu7t5v0__dffq_1)
                                  0.250000    1.921179   clock uncertainty
                                 -0.159160    1.762019   clock reconvergence pessimism
                                  0.091163    1.853182   library hold time
                                              1.853182   data required time
---------------------------------------------------------------------------------------------
                                              1.853182   data required time
                                             -4.423915   data arrival time
---------------------------------------------------------------------------------------------
                                              2.570733   slack (MET)


Startpoint: _167_ (rising edge-triggered flip-flop clocked by clk)
Endpoint: _167_ (rising edge-triggered flip-flop clocked by clk)
Path Group: clk
Path Type: min

Fanout         Cap        Slew       Delay        Time   Description
---------------------------------------------------------------------------------------------
                                  0.000000    0.000000   clock clk (rise edge)
                                  0.000000    0.000000   clock source latency
     1    0.030034    0.414658    0.181684    0.181684 ^ clk (in)
     4    0.096685    0.414590    0.728183    0.909867 ^ clkbuf_0_clk/Z (gf180mcu_fd_sc_mcu7t5v0__clkbuf_16)
     5    0.025212    0.241774    0.601750    1.511617 ^ clkbuf_2_2__f_clk/Z (gf180mcu_fd_sc_mcu7t5v0__clkbuf_16)
                      0.241774    0.000281    1.511898 ^ _167_/CLK (gf180mcu_fd_sc_mcu7t5v0__dffq_1)
     3    0.022955    0.632430    2.052318    3.564217 v _167_/Q (gf180mcu_fd_sc_mcu7t5v0__dffq_1)
     1    0.005065    0.643445    0.546809    4.111026 ^ _145_/ZN (gf180mcu_fd_sc_mcu7t5v0__aoi22_1)
     1    0.002987    0.342418    0.331919    4.442945 v _146_/ZN (gf180mcu_fd_sc_mcu7t5v0__nor2_1)
                      0.342418    0.000028    4.442973 v _167_/D (gf180mcu_fd_sc_mcu7t5v0__dffq_1)
                                              4.442973   data arrival time

                                  0.000000    0.000000   clock clk (rise edge)
                                  0.000000    0.000000   clock source latency
     1    0.030034    0.414658    0.200809    0.200809 ^ clk (in)
     4    0.096685    0.414590    0.804834    1.005643 ^ clkbuf_0_clk/Z (gf180mcu_fd_sc_mcu7t5v0__clkbuf_16)
     5    0.025212    0.241774    0.665092    1.670735 ^ clkbuf_2_2__f_clk/Z (gf180mcu_fd_sc_mcu7t5v0__clkbuf_16)
                      0.241774    0.000311    1.671046 ^ _167_/CLK (gf180mcu_fd_sc_mcu7t5v0__dffq_1)
                                  0.250000    1.921046   clock uncertainty
                                 -0.159147    1.761898   clock reconvergence pessimism
                                  0.087773    1.849671   library hold time
                                              1.849671   data required time
---------------------------------------------------------------------------------------------
                                              1.849671   data required time
                                             -4.442973   data arrival time
---------------------------------------------------------------------------------------------
                                              2.593302   slack (MET)


Startpoint: _161_ (rising edge-triggered flip-flop clocked by clk)
Endpoint: _161_ (rising edge-triggered flip-flop clocked by clk)
Path Group: clk
Path Type: min

Fanout         Cap        Slew       Delay        Time   Description
---------------------------------------------------------------------------------------------
                                  0.000000    0.000000   clock clk (rise edge)
                                  0.000000    0.000000   clock source latency
     1    0.030034    0.414658    0.181684    0.181684 ^ clk (in)
     4    0.096685    0.414590    0.728183    0.909867 ^ clkbuf_0_clk/Z (gf180mcu_fd_sc_mcu7t5v0__clkbuf_16)
     5    0.022973    0.236192    0.597199    1.507066 ^ clkbuf_2_0__f_clk/Z (gf180mcu_fd_sc_mcu7t5v0__clkbuf_16)
                      0.236192    0.000180    1.507246 ^ _161_/CLK (gf180mcu_fd_sc_mcu7t5v0__dffq_1)
     2    0.014601    0.475983    1.933580    3.440826 v _161_/Q (gf180mcu_fd_sc_mcu7t5v0__dffq_1)
     1    0.004443    0.726619    0.542083    3.982909 ^ _132_/ZN (gf180mcu_fd_sc_mcu7t5v0__nor2_1)
     1    0.002877    0.379648    0.459561    4.442470 v _133_/ZN (gf180mcu_fd_sc_mcu7t5v0__aoi211_1)
                      0.379648    0.000027    4.442497 v _161_/D (gf180mcu_fd_sc_mcu7t5v0__dffq_1)
                                              4.442497   data arrival time

                                  0.000000    0.000000   clock clk (rise edge)
                                  0.000000    0.000000   clock source latency
     1    0.030034    0.414658    0.200809    0.200809 ^ clk (in)
     4    0.096685    0.414590    0.804834    1.005643 ^ clkbuf_0_clk/Z (gf180mcu_fd_sc_mcu7t5v0__clkbuf_16)
     5    0.022973    0.236192    0.660062    1.665705 ^ clkbuf_2_0__f_clk/Z (gf180mcu_fd_sc_mcu7t5v0__clkbuf_16)
                      0.236192    0.000199    1.665904 ^ _161_/CLK (gf180mcu_fd_sc_mcu7t5v0__dffq_1)
                                  0.250000    1.915904   clock uncertainty
                                 -0.158658    1.757246   clock reconvergence pessimism
                                  0.078048    1.835294   library hold time
                                              1.835294   data required time
---------------------------------------------------------------------------------------------
                                              1.835294   data required time
                                             -4.442497   data arrival time
---------------------------------------------------------------------------------------------
                                              2.607203   slack (MET)


Startpoint: _164_ (rising edge-triggered flip-flop clocked by clk)
Endpoint: _164_ (rising edge-triggered flip-flop clocked by clk)
Path Group: clk
Path Type: min

Fanout         Cap        Slew       Delay        Time   Description
---------------------------------------------------------------------------------------------
                                  0.000000    0.000000   clock clk (rise edge)
                                  0.000000    0.000000   clock source latency
     1    0.030034    0.414658    0.181684    0.181684 ^ clk (in)
     4    0.096685    0.414590    0.728183    0.909867 ^ clkbuf_0_clk/Z (gf180mcu_fd_sc_mcu7t5v0__clkbuf_16)
     5    0.022973    0.236192    0.597199    1.507066 ^ clkbuf_2_0__f_clk/Z (gf180mcu_fd_sc_mcu7t5v0__clkbuf_16)
                      0.236192    0.000125    1.507192 ^ _164_/CLK (gf180mcu_fd_sc_mcu7t5v0__dffq_1)
     2    0.012001    0.427707    1.897139    3.404331 v _164_/Q (gf180mcu_fd_sc_mcu7t5v0__dffq_1)
     1    0.006554    0.742779    0.696866    4.101197 ^ _138_/ZN (gf180mcu_fd_sc_mcu7t5v0__oai21_1)
     1    0.002667    0.333574    0.401506    4.502703 v _139_/ZN (gf180mcu_fd_sc_mcu7t5v0__aoi21_1)
                      0.333574    0.000024    4.502727 v _164_/D (gf180mcu_fd_sc_mcu7t5v0__dffq_1)
                                              4.502727   data arrival time

                                  0.000000    0.000000   clock clk (rise edge)
                                  0.000000    0.000000   clock source latency
     1    0.030034    0.414658    0.200809    0.200809 ^ clk (in)
     4    0.096685    0.414590    0.804834    1.005643 ^ clkbuf_0_clk/Z (gf180mcu_fd_sc_mcu7t5v0__clkbuf_16)
     5    0.022973    0.236192    0.660062    1.665705 ^ clkbuf_2_0__f_clk/Z (gf180mcu_fd_sc_mcu7t5v0__clkbuf_16)
                      0.236192    0.000139    1.665843 ^ _164_/CLK (gf180mcu_fd_sc_mcu7t5v0__dffq_1)
                                  0.250000    1.915843   clock uncertainty
                                 -0.158652    1.757192   clock reconvergence pessimism
                                  0.088389    1.845581   library hold time
                                              1.845581   data required time
---------------------------------------------------------------------------------------------
                                              1.845581   data required time
                                             -4.502727   data arrival time
---------------------------------------------------------------------------------------------
                                              2.657146   slack (MET)


Startpoint: _162_ (rising edge-triggered flip-flop clocked by clk)
Endpoint: _162_ (rising edge-triggered flip-flop clocked by clk)
Path Group: clk
Path Type: min

Fanout         Cap        Slew       Delay        Time   Description
---------------------------------------------------------------------------------------------
                                  0.000000    0.000000   clock clk (rise edge)
                                  0.000000    0.000000   clock source latency
     1    0.030034    0.414658    0.181684    0.181684 ^ clk (in)
     4    0.096685    0.414590    0.728183    0.909867 ^ clkbuf_0_clk/Z (gf180mcu_fd_sc_mcu7t5v0__clkbuf_16)
     5    0.022973    0.236192    0.597199    1.507066 ^ clkbuf_2_0__f_clk/Z (gf180mcu_fd_sc_mcu7t5v0__clkbuf_16)
                      0.236192    0.000183    1.507250 ^ _162_/CLK (gf180mcu_fd_sc_mcu7t5v0__dffq_1)
     3    0.014441    0.473133    1.931418    3.438668 v _162_/Q (gf180mcu_fd_sc_mcu7t5v0__dffq_1)
     1    0.005073    0.780581    0.571182    4.009851 ^ _134_/ZN (gf180mcu_fd_sc_mcu7t5v0__nor2_1)
     1    0.003337    0.436480    0.482111    4.491961 v _135_/ZN (gf180mcu_fd_sc_mcu7t5v0__aoi211_1)
                      0.436480    0.000033    4.491994 v _162_/D (gf180mcu_fd_sc_mcu7t5v0__dffq_1)
                                              4.491994   data arrival time

                                  0.000000    0.000000   clock clk (rise edge)
                                  0.000000    0.000000   clock source latency
     1    0.030034    0.414658    0.200809    0.200809 ^ clk (in)
     4    0.096685    0.414590    0.804834    1.005643 ^ clkbuf_0_clk/Z (gf180mcu_fd_sc_mcu7t5v0__clkbuf_16)
     5    0.022973    0.236192    0.660062    1.665705 ^ clkbuf_2_0__f_clk/Z (gf180mcu_fd_sc_mcu7t5v0__clkbuf_16)
                      0.236192    0.000203    1.665908 ^ _162_/CLK (gf180mcu_fd_sc_mcu7t5v0__dffq_1)
                                  0.250000    1.915908   clock uncertainty
                                 -0.158658    1.757250   clock reconvergence pessimism
                                  0.065292    1.822542   library hold time
                                              1.822542   data required time
---------------------------------------------------------------------------------------------
                                              1.822542   data required time
                                             -4.491994   data arrival time
---------------------------------------------------------------------------------------------
                                              2.669452   slack (MET)


Startpoint: _163_ (rising edge-triggered flip-flop clocked by clk)
Endpoint: _163_ (rising edge-triggered flip-flop clocked by clk)
Path Group: clk
Path Type: min

Fanout         Cap        Slew       Delay        Time   Description
---------------------------------------------------------------------------------------------
                                  0.000000    0.000000   clock clk (rise edge)
                                  0.000000    0.000000   clock source latency
     1    0.030034    0.414658    0.181684    0.181684 ^ clk (in)
     4    0.096685    0.414590    0.728183    0.909867 ^ clkbuf_0_clk/Z (gf180mcu_fd_sc_mcu7t5v0__clkbuf_16)
     5    0.022973    0.236192    0.597199    1.507066 ^ clkbuf_2_0__f_clk/Z (gf180mcu_fd_sc_mcu7t5v0__clkbuf_16)
                      0.236192    0.000100    1.507166 ^ _163_/CLK (gf180mcu_fd_sc_mcu7t5v0__dffq_1)
     3    0.019329    0.564215    2.000005    3.507172 v _163_/Q (gf180mcu_fd_sc_mcu7t5v0__dffq_1)
     1    0.004884    0.677641    0.652868    4.160039 ^ _136_/ZN (gf180mcu_fd_sc_mcu7t5v0__oai21_1)
     1    0.003190    0.323232    0.402773    4.562812 v _137_/ZN (gf180mcu_fd_sc_mcu7t5v0__aoi21_1)
                      0.323232    0.000032    4.562844 v _163_/D (gf180mcu_fd_sc_mcu7t5v0__dffq_1)
                                              4.562844   data arrival time

                                  0.000000    0.000000   clock clk (rise edge)
                                  0.000000    0.000000   clock source latency
     1    0.030034    0.414658    0.200809    0.200809 ^ clk (in)
     4    0.096685    0.414590    0.804834    1.005643 ^ clkbuf_0_clk/Z (gf180mcu_fd_sc_mcu7t5v0__clkbuf_16)
     5    0.022973    0.236192    0.660062    1.665705 ^ clkbuf_2_0__f_clk/Z (gf180mcu_fd_sc_mcu7t5v0__clkbuf_16)
                      0.236192    0.000110    1.665815 ^ _163_/CLK (gf180mcu_fd_sc_mcu7t5v0__dffq_1)
                                  0.250000    1.915815   clock uncertainty
                                 -0.158649    1.757166   clock reconvergence pessimism
                                  0.090710    1.847876   library hold time
                                              1.847876   data required time
---------------------------------------------------------------------------------------------
                                              1.847876   data required time
                                             -4.562844   data arrival time
---------------------------------------------------------------------------------------------
                                              2.714967   slack (MET)


Startpoint: _166_ (rising edge-triggered flip-flop clocked by clk)
Endpoint: _166_ (rising edge-triggered flip-flop clocked by clk)
Path Group: clk
Path Type: min

Fanout         Cap        Slew       Delay        Time   Description
---------------------------------------------------------------------------------------------
                                  0.000000    0.000000   clock clk (rise edge)
                                  0.000000    0.000000   clock source latency
     1    0.030034    0.414658    0.181684    0.181684 ^ clk (in)
     4    0.096685    0.414590    0.728183    0.909867 ^ clkbuf_0_clk/Z (gf180mcu_fd_sc_mcu7t5v0__clkbuf_16)
     5    0.026176    0.244175    0.604181    1.514048 ^ clkbuf_2_1__f_clk/Z (gf180mcu_fd_sc_mcu7t5v0__clkbuf_16)
                      0.244175    0.000263    1.514311 ^ _166_/CLK (gf180mcu_fd_sc_mcu7t5v0__dffq_1)
     3    0.017757    0.534910    1.980045    3.494356 v _166_/Q (gf180mcu_fd_sc_mcu7t5v0__dffq_1)
     1    0.005110    0.786952    0.590046    4.084402 ^ _142_/ZN (gf180mcu_fd_sc_mcu7t5v0__nor2_1)
     1    0.003229    0.447632    0.480576    4.564978 v _143_/ZN (gf180mcu_fd_sc_mcu7t5v0__aoi211_1)
                      0.447632    0.000032    4.565011 v _166_/D (gf180mcu_fd_sc_mcu7t5v0__dffq_1)
                                              4.565011   data arrival time

                                  0.000000    0.000000   clock clk (rise edge)
                                  0.000000    0.000000   clock source latency
     1    0.030034    0.414658    0.200809    0.200809 ^ clk (in)
     4    0.096685    0.414590    0.804834    1.005643 ^ clkbuf_0_clk/Z (gf180mcu_fd_sc_mcu7t5v0__clkbuf_16)
     5    0.026176    0.244175    0.667779    1.673422 ^ clkbuf_2_1__f_clk/Z (gf180mcu_fd_sc_mcu7t5v0__clkbuf_16)
                      0.244175    0.000291    1.673712 ^ _166_/CLK (gf180mcu_fd_sc_mcu7t5v0__dffq_1)
                                  0.250000    1.923712   clock uncertainty
                                 -0.159401    1.764311   clock reconvergence pessimism
                                  0.064712    1.829023   library hold time
                                              1.829023   data required time
---------------------------------------------------------------------------------------------
                                              1.829023   data required time
                                             -4.565011   data arrival time
---------------------------------------------------------------------------------------------
                                              2.735987   slack (MET)


Startpoint: _165_ (rising edge-triggered flip-flop clocked by clk)
Endpoint: _165_ (rising edge-triggered flip-flop clocked by clk)
Path Group: clk
Path Type: min

Fanout         Cap        Slew       Delay        Time   Description
---------------------------------------------------------------------------------------------
                                  0.000000    0.000000   clock clk (rise edge)
                                  0.000000    0.000000   clock source latency
     1    0.030034    0.414658    0.181684    0.181684 ^ clk (in)
     4    0.096685    0.414590    0.728183    0.909867 ^ clkbuf_0_clk/Z (gf180mcu_fd_sc_mcu7t5v0__clkbuf_16)
     5    0.026176    0.244175    0.604181    1.514048 ^ clkbuf_2_1__f_clk/Z (gf180mcu_fd_sc_mcu7t5v0__clkbuf_16)
                      0.244175    0.000224    1.514272 ^ _165_/CLK (gf180mcu_fd_sc_mcu7t5v0__dffq_1)
     3    0.017796    0.535616    1.980515    3.494787 v _165_/Q (gf180mcu_fd_sc_mcu7t5v0__dffq_1)
     1    0.006154    0.726019    0.705901    4.200688 ^ _140_/ZN (gf180mcu_fd_sc_mcu7t5v0__oai21_1)
     1    0.003235    0.360015    0.412321    4.613009 v _141_/ZN (gf180mcu_fd_sc_mcu7t5v0__aoi21_1)
                      0.360015    0.000058    4.613067 v _165_/D (gf180mcu_fd_sc_mcu7t5v0__dffq_1)
                                              4.613067   data arrival time

                                  0.000000    0.000000   clock clk (rise edge)
                                  0.000000    0.000000   clock source latency
     1    0.030034    0.414658    0.200809    0.200809 ^ clk (in)
     4    0.096685    0.414590    0.804834    1.005643 ^ clkbuf_0_clk/Z (gf180mcu_fd_sc_mcu7t5v0__clkbuf_16)
     5    0.026176    0.244175    0.667779    1.673422 ^ clkbuf_2_1__f_clk/Z (gf180mcu_fd_sc_mcu7t5v0__clkbuf_16)
                      0.244175    0.000248    1.673669 ^ _165_/CLK (gf180mcu_fd_sc_mcu7t5v0__dffq_1)
                                  0.250000    1.923669   clock uncertainty
                                 -0.159397    1.764272   clock reconvergence pessimism
                                  0.084406    1.848678   library hold time
                                              1.848678   data required time
---------------------------------------------------------------------------------------------
                                              1.848678   data required time
                                             -4.613067   data arrival time
---------------------------------------------------------------------------------------------
                                              2.764388   slack (MET)


Startpoint: _170_ (rising edge-triggered flip-flop clocked by clk)
Endpoint: _152_ (rising edge-triggered flip-flop clocked by clk)
Path Group: clk
Path Type: min

Fanout         Cap        Slew       Delay        Time   Description
---------------------------------------------------------------------------------------------
                                  0.000000    0.000000   clock clk (rise edge)
                                  0.000000    0.000000   clock source latency
     1    0.030034    0.414658    0.181684    0.181684 ^ clk (in)
     4    0.096685    0.414590    0.728183    0.909867 ^ clkbuf_0_clk/Z (gf180mcu_fd_sc_mcu7t5v0__clkbuf_16)
     5    0.025212    0.241774    0.601750    1.511617 ^ clkbuf_2_2__f_clk/Z (gf180mcu_fd_sc_mcu7t5v0__clkbuf_16)
                      0.241774    0.000193    1.511811 ^ _170_/CLK (gf180mcu_fd_sc_mcu7t5v0__dffq_1)
     2    0.011475    0.415399    1.889220    3.401030 v _170_/Q (gf180mcu_fd_sc_mcu7t5v0__dffq_1)
     1    0.011845    1.221005    0.886995    4.288025 ^ _122_/ZN (gf180mcu_fd_sc_mcu7t5v0__oai211_1)
     1    0.003195    0.342953    0.334582    4.622607 v _123_/ZN (gf180mcu_fd_sc_mcu7t5v0__aoi21_1)
                      0.342953    0.000056    4.622663 v _152_/D (gf180mcu_fd_sc_mcu7t5v0__dffq_1)
                                              4.622663   data arrival time

                                  0.000000    0.000000   clock clk (rise edge)
                                  0.000000    0.000000   clock source latency
     1    0.030034    0.414658    0.200809    0.200809 ^ clk (in)
     4    0.096685    0.414590    0.804834    1.005643 ^ clkbuf_0_clk/Z (gf180mcu_fd_sc_mcu7t5v0__clkbuf_16)
     5    0.025212    0.241774    0.665092    1.670735 ^ clkbuf_2_2__f_clk/Z (gf180mcu_fd_sc_mcu7t5v0__clkbuf_16)
                      0.241774    0.000199    1.670934 ^ _152_/CLK (gf180mcu_fd_sc_mcu7t5v0__dffq_1)
                                  0.250000    1.920934   clock uncertainty
                                 -0.159118    1.761817   clock reconvergence pessimism
                                  0.087653    1.849469   library hold time
                                              1.849469   data required time
---------------------------------------------------------------------------------------------
                                              1.849469   data required time
                                             -4.622663   data arrival time
---------------------------------------------------------------------------------------------
                                              2.773193   slack (MET)


Startpoint: _155_ (rising edge-triggered flip-flop clocked by clk)
Endpoint: _155_ (rising edge-triggered flip-flop clocked by clk)
Path Group: clk
Path Type: min

Fanout         Cap        Slew       Delay        Time   Description
---------------------------------------------------------------------------------------------
                                  0.000000    0.000000   clock clk (rise edge)
                                  0.000000    0.000000   clock source latency
     1    0.030034    0.414658    0.181684    0.181684 ^ clk (in)
     4    0.096685    0.414590    0.728183    0.909867 ^ clkbuf_0_clk/Z (gf180mcu_fd_sc_mcu7t5v0__clkbuf_16)
     5    0.026176    0.244175    0.604181    1.514048 ^ clkbuf_2_1__f_clk/Z (gf180mcu_fd_sc_mcu7t5v0__clkbuf_16)
                      0.244175    0.000126    1.514174 ^ _155_/CLK (gf180mcu_fd_sc_mcu7t5v0__dffq_1)
     3    0.011714    0.420922    1.894100    3.408274 v _155_/Q (gf180mcu_fd_sc_mcu7t5v0__dffq_1)
     3    0.016790    1.461875    1.032492    4.440766 ^ _101_/ZN (gf180mcu_fd_sc_mcu7t5v0__aoi21_1)
     1    0.003402    0.502374    0.474251    4.915017 v _126_/ZN (gf180mcu_fd_sc_mcu7t5v0__oai21_1)
                      0.502374    0.000062    4.915079 v _155_/D (gf180mcu_fd_sc_mcu7t5v0__dffq_1)
                                              4.915079   data arrival time

                                  0.000000    0.000000   clock clk (rise edge)
                                  0.000000    0.000000   clock source latency
     1    0.030034    0.414658    0.200809    0.200809 ^ clk (in)
     4    0.096685    0.414590    0.804834    1.005643 ^ clkbuf_0_clk/Z (gf180mcu_fd_sc_mcu7t5v0__clkbuf_16)
     5    0.026176    0.244175    0.667779    1.673422 ^ clkbuf_2_1__f_clk/Z (gf180mcu_fd_sc_mcu7t5v0__clkbuf_16)
                      0.244175    0.000139    1.673561 ^ _155_/CLK (gf180mcu_fd_sc_mcu7t5v0__dffq_1)
                                  0.250000    1.923561   clock uncertainty
                                 -0.159387    1.764174   clock reconvergence pessimism
                                  0.052407    1.816581   library hold time
                                              1.816581   data required time
---------------------------------------------------------------------------------------------
                                              1.816581   data required time
                                             -4.915079   data arrival time
---------------------------------------------------------------------------------------------
                                              3.098498   slack (MET)


Startpoint: _159_ (rising edge-triggered flip-flop clocked by clk)
Endpoint: _159_ (rising edge-triggered flip-flop clocked by clk)
Path Group: clk
Path Type: min

Fanout         Cap        Slew       Delay        Time   Description
---------------------------------------------------------------------------------------------
                                  0.000000    0.000000   clock clk (rise edge)
                                  0.000000    0.000000   clock source latency
     1    0.030034    0.414658    0.181684    0.181684 ^ clk (in)
     4    0.096685    0.414590    0.728183    0.909867 ^ clkbuf_0_clk/Z (gf180mcu_fd_sc_mcu7t5v0__clkbuf_16)
     5    0.025661    0.242893    0.602729    1.512596 ^ clkbuf_2_3__f_clk/Z (gf180mcu_fd_sc_mcu7t5v0__clkbuf_16)
                      0.242893    0.000062    1.512658 ^ _159_/CLK (gf180mcu_fd_sc_mcu7t5v0__dffq_1)
     2    0.013257    0.747169    2.275099    3.787758 ^ _159_/Q (gf180mcu_fd_sc_mcu7t5v0__dffq_1)
     3    0.018669    0.833770    0.694806    4.482564 v _115_/Z (gf180mcu_fd_sc_mcu7t5v0__xor2_1)
     1    0.003001    0.434630    0.507304    4.989869 ^ _130_/ZN (gf180mcu_fd_sc_mcu7t5v0__nand2_1)
                      0.434630    0.000028    4.989897 ^ _159_/D (gf180mcu_fd_sc_mcu7t5v0__dffq_1)
                                              4.989897   data arrival time

                                  0.000000    0.000000   clock clk (rise edge)
                                  0.000000    0.000000   clock source latency
     1    0.030034    0.414658    0.200809    0.200809 ^ clk (in)
     4    0.096685    0.414590    0.804834    1.005643 ^ clkbuf_0_clk/Z (gf180mcu_fd_sc_mcu7t5v0__clkbuf_16)
     5    0.025661    0.242893    0.666174    1.671817 ^ clkbuf_2_3__f_clk/Z (gf180mcu_fd_sc_mcu7t5v0__clkbuf_16)
                      0.242893    0.000069    1.671886 ^ _159_/CLK (gf180mcu_fd_sc_mcu7t5v0__dffq_1)
                                  0.250000    1.921886   clock uncertainty
                                 -0.159227    1.762658   clock reconvergence pessimism
                                  0.036965    1.799623   library hold time
                                              1.799623   data required time
---------------------------------------------------------------------------------------------
                                              1.799623   data required time
                                             -4.989897   data arrival time
---------------------------------------------------------------------------------------------
                                              3.190274   slack (MET)


Startpoint: _160_ (rising edge-triggered flip-flop clocked by clk)
Endpoint: _160_ (rising edge-triggered flip-flop clocked by clk)
Path Group: clk
Path Type: min

Fanout         Cap        Slew       Delay        Time   Description
---------------------------------------------------------------------------------------------
                                  0.000000    0.000000   clock clk (rise edge)
                                  0.000000    0.000000   clock source latency
     1    0.030034    0.414658    0.181684    0.181684 ^ clk (in)
     4    0.096685    0.414590    0.728183    0.909867 ^ clkbuf_0_clk/Z (gf180mcu_fd_sc_mcu7t5v0__clkbuf_16)
     5    0.025661    0.242893    0.602729    1.512596 ^ clkbuf_2_3__f_clk/Z (gf180mcu_fd_sc_mcu7t5v0__clkbuf_16)
                      0.242893    0.000282    1.512879 ^ _160_/CLK (gf180mcu_fd_sc_mcu7t5v0__dffq_1)
     3    0.017022    0.521200    1.969389    3.482268 v _160_/Q (gf180mcu_fd_sc_mcu7t5v0__dffq_1)
     3    0.017818    1.973813    1.240296    4.722564 ^ _117_/Z (gf180mcu_fd_sc_mcu7t5v0__xor2_1)
     1    0.002945    0.508500    0.313086    5.035649 v _131_/ZN (gf180mcu_fd_sc_mcu7t5v0__nand2_1)
                      0.508500    0.000028    5.035677 v _160_/D (gf180mcu_fd_sc_mcu7t5v0__dffq_1)
                                              5.035677   data arrival time

                                  0.000000    0.000000   clock clk (rise edge)
                                  0.000000    0.000000   clock source latency
     1    0.030034    0.414658    0.200809    0.200809 ^ clk (in)
     4    0.096685    0.414590    0.804834    1.005643 ^ clkbuf_0_clk/Z (gf180mcu_fd_sc_mcu7t5v0__clkbuf_16)
     5    0.025661    0.242893    0.666174    1.671817 ^ clkbuf_2_3__f_clk/Z (gf180mcu_fd_sc_mcu7t5v0__clkbuf_16)
                      0.242893    0.000312    1.672129 ^ _160_/CLK (gf180mcu_fd_sc_mcu7t5v0__dffq_1)
                                  0.250000    1.922129   clock uncertainty
                                 -0.159250    1.762879   clock reconvergence pessimism
                                  0.050410    1.813289   library hold time
                                              1.813289   data required time
---------------------------------------------------------------------------------------------
                                              1.813289   data required time
                                             -5.035677   data arrival time
---------------------------------------------------------------------------------------------
                                              3.222388   slack (MET)


Startpoint: _158_ (rising edge-triggered flip-flop clocked by clk)
Endpoint: _158_ (rising edge-triggered flip-flop clocked by clk)
Path Group: clk
Path Type: min

Fanout         Cap        Slew       Delay        Time   Description
---------------------------------------------------------------------------------------------
                                  0.000000    0.000000   clock clk (rise edge)
                                  0.000000    0.000000   clock source latency
     1    0.030034    0.414658    0.181684    0.181684 ^ clk (in)
     4    0.096685    0.414590    0.728183    0.909867 ^ clkbuf_0_clk/Z (gf180mcu_fd_sc_mcu7t5v0__clkbuf_16)
     5    0.025661    0.242893    0.602729    1.512596 ^ clkbuf_2_3__f_clk/Z (gf180mcu_fd_sc_mcu7t5v0__clkbuf_16)
                      0.242893    0.000036    1.512632 ^ _158_/CLK (gf180mcu_fd_sc_mcu7t5v0__dffq_1)
     3    0.018671    0.569652    1.992676    3.505309 v _158_/Q (gf180mcu_fd_sc_mcu7t5v0__dffq_1)
     3    0.017708    1.964970    1.248845    4.754153 ^ _113_/Z (gf180mcu_fd_sc_mcu7t5v0__xor2_1)
     1    0.002748    0.499811    0.305218    5.059371 v _129_/ZN (gf180mcu_fd_sc_mcu7t5v0__nand2_1)
                      0.499811    0.000025    5.059397 v _158_/D (gf180mcu_fd_sc_mcu7t5v0__dffq_1)
                                              5.059397   data arrival time

                                  0.000000    0.000000   clock clk (rise edge)
                                  0.000000    0.000000   clock source latency
     1    0.030034    0.414658    0.200809    0.200809 ^ clk (in)
     4    0.096685    0.414590    0.804834    1.005643 ^ clkbuf_0_clk/Z (gf180mcu_fd_sc_mcu7t5v0__clkbuf_16)
     5    0.025661    0.242893    0.666174    1.671817 ^ clkbuf_2_3__f_clk/Z (gf180mcu_fd_sc_mcu7t5v0__clkbuf_16)
                      0.242893    0.000040    1.671857 ^ _158_/CLK (gf180mcu_fd_sc_mcu7t5v0__dffq_1)
                                  0.250000    1.921857   clock uncertainty
                                 -0.159224    1.762632   clock reconvergence pessimism
                                  0.052677    1.815309   library hold time
                                              1.815309   data required time
---------------------------------------------------------------------------------------------
                                              1.815309   data required time
                                             -5.059397   data arrival time
---------------------------------------------------------------------------------------------
                                              3.244087   slack (MET)


Startpoint: _153_ (rising edge-triggered flip-flop clocked by clk)
Endpoint: _154_ (rising edge-triggered flip-flop clocked by clk)
Path Group: clk
Path Type: min

Fanout         Cap        Slew       Delay        Time   Description
---------------------------------------------------------------------------------------------
                                  0.000000    0.000000   clock clk (rise edge)
                                  0.000000    0.000000   clock source latency
     1    0.030034    0.414658    0.181684    0.181684 ^ clk (in)
     4    0.096685    0.414590    0.728183    0.909867 ^ clkbuf_0_clk/Z (gf180mcu_fd_sc_mcu7t5v0__clkbuf_16)
     5    0.026176    0.244175    0.604181    1.514048 ^ clkbuf_2_1__f_clk/Z (gf180mcu_fd_sc_mcu7t5v0__clkbuf_16)
                      0.244175    0.000194    1.514243 ^ _153_/CLK (gf180mcu_fd_sc_mcu7t5v0__dffq_1)
     6    0.031909    0.806385    2.173809    3.688051 v _153_/Q (gf180mcu_fd_sc_mcu7t5v0__dffq_1)
     2    0.011415    1.038271    1.166492    4.854543 ^ _105_/ZN (gf180mcu_fd_sc_mcu7t5v0__xnor2_1)
     1    0.002821    0.372630    0.296996    5.151539 v _125_/ZN (gf180mcu_fd_sc_mcu7t5v0__nand2_1)
                      0.372630    0.000026    5.151565 v _154_/D (gf180mcu_fd_sc_mcu7t5v0__dffq_1)
                                              5.151565   data arrival time

                                  0.000000    0.000000   clock clk (rise edge)
                                  0.000000    0.000000   clock source latency
     1    0.030034    0.414658    0.200809    0.200809 ^ clk (in)
     4    0.096685    0.414590    0.804834    1.005643 ^ clkbuf_0_clk/Z (gf180mcu_fd_sc_mcu7t5v0__clkbuf_16)
     5    0.022973    0.236192    0.660062    1.665705 ^ clkbuf_2_0__f_clk/Z (gf180mcu_fd_sc_mcu7t5v0__clkbuf_16)
                      0.236192    0.000065    1.665770 ^ _154_/CLK (gf180mcu_fd_sc_mcu7t5v0__dffq_1)
                                  0.250000    1.915770   clock uncertainty
                                 -0.095775    1.819994   clock reconvergence pessimism
                                  0.079623    1.899617   library hold time
                                              1.899617   data required time
---------------------------------------------------------------------------------------------
                                              1.899617   data required time
                                             -5.151565   data arrival time
---------------------------------------------------------------------------------------------
                                              3.251948   slack (MET)


Startpoint: _156_ (rising edge-triggered flip-flop clocked by clk)
Endpoint: _156_ (rising edge-triggered flip-flop clocked by clk)
Path Group: clk
Path Type: min

Fanout         Cap        Slew       Delay        Time   Description
---------------------------------------------------------------------------------------------
                                  0.000000    0.000000   clock clk (rise edge)
                                  0.000000    0.000000   clock source latency
     1    0.030034    0.414658    0.181684    0.181684 ^ clk (in)
     4    0.096685    0.414590    0.728183    0.909867 ^ clkbuf_0_clk/Z (gf180mcu_fd_sc_mcu7t5v0__clkbuf_16)
     5    0.026176    0.244175    0.604181    1.514048 ^ clkbuf_2_1__f_clk/Z (gf180mcu_fd_sc_mcu7t5v0__clkbuf_16)
                      0.244175    0.000033    1.514081 ^ _156_/CLK (gf180mcu_fd_sc_mcu7t5v0__dffq_1)
     2    0.013116    0.448403    1.914807    3.428888 v _156_/Q (gf180mcu_fd_sc_mcu7t5v0__dffq_1)
     3    0.018183    2.005456    1.239222    4.668110 ^ _108_/Z (gf180mcu_fd_sc_mcu7t5v0__xor2_1)
     1    0.002894    0.331479    0.793226    5.461337 ^ _127_/Z (gf180mcu_fd_sc_mcu7t5v0__or2_1)
                      0.331479    0.000028    5.461364 ^ _156_/D (gf180mcu_fd_sc_mcu7t5v0__dffq_1)
                                              5.461364   data arrival time

                                  0.000000    0.000000   clock clk (rise edge)
                                  0.000000    0.000000   clock source latency
     1    0.030034    0.414658    0.200809    0.200809 ^ clk (in)
     4    0.096685    0.414590    0.804834    1.005643 ^ clkbuf_0_clk/Z (gf180mcu_fd_sc_mcu7t5v0__clkbuf_16)
     5    0.026176    0.244175    0.667779    1.673422 ^ clkbuf_2_1__f_clk/Z (gf180mcu_fd_sc_mcu7t5v0__clkbuf_16)
                      0.244175    0.000036    1.673458 ^ _156_/CLK (gf180mcu_fd_sc_mcu7t5v0__dffq_1)
                                  0.250000    1.923458   clock uncertainty
                                 -0.159377    1.764081   clock reconvergence pessimism
                                  0.053162    1.817242   library hold time
                                              1.817242   data required time
---------------------------------------------------------------------------------------------
                                              1.817242   data required time
                                             -5.461364   data arrival time
---------------------------------------------------------------------------------------------
                                              3.644122   slack (MET)


Startpoint: _157_ (rising edge-triggered flip-flop clocked by clk)
Endpoint: _157_ (rising edge-triggered flip-flop clocked by clk)
Path Group: clk
Path Type: min

Fanout         Cap        Slew       Delay        Time   Description
---------------------------------------------------------------------------------------------
                                  0.000000    0.000000   clock clk (rise edge)
                                  0.000000    0.000000   clock source latency
     1    0.030034    0.414658    0.181684    0.181684 ^ clk (in)
     4    0.096685    0.414590    0.728183    0.909867 ^ clkbuf_0_clk/Z (gf180mcu_fd_sc_mcu7t5v0__clkbuf_16)
     5    0.025661    0.242893    0.602729    1.512596 ^ clkbuf_2_3__f_clk/Z (gf180mcu_fd_sc_mcu7t5v0__clkbuf_16)
                      0.242893    0.000063    1.512659 ^ _157_/CLK (gf180mcu_fd_sc_mcu7t5v0__dffq_1)
     4    0.024307    1.216815    2.536249    4.048908 ^ _157_/Q (gf180mcu_fd_sc_mcu7t5v0__dffq_1)
     2    0.013006    0.717418    0.662403    4.711311 v _110_/Z (gf180mcu_fd_sc_mcu7t5v0__xor2_1)
     2    0.010391    0.631438    0.554931    5.266242 ^ _111_/ZN (gf180mcu_fd_sc_mcu7t5v0__clkinv_1)
     1    0.002944    0.317828    0.281263    5.547506 v _128_/ZN (gf180mcu_fd_sc_mcu7t5v0__nand2_1)
                      0.317828    0.000028    5.547534 v _157_/D (gf180mcu_fd_sc_mcu7t5v0__dffq_1)
                                              5.547534   data arrival time

                                  0.000000    0.000000   clock clk (rise edge)
                                  0.000000    0.000000   clock source latency
     1    0.030034    0.414658    0.200809    0.200809 ^ clk (in)
     4    0.096685    0.414590    0.804834    1.005643 ^ clkbuf_0_clk/Z (gf180mcu_fd_sc_mcu7t5v0__clkbuf_16)
     5    0.025661    0.242893    0.666174    1.671817 ^ clkbuf_2_3__f_clk/Z (gf180mcu_fd_sc_mcu7t5v0__clkbuf_16)
                      0.242893    0.000070    1.671887 ^ _157_/CLK (gf180mcu_fd_sc_mcu7t5v0__dffq_1)
                                  0.250000    1.921887   clock uncertainty
                                 -0.159227    1.762659   clock reconvergence pessimism
                                  0.093573    1.856233   library hold time
                                              1.856233   data required time
---------------------------------------------------------------------------------------------
                                              1.856233   data required time
                                             -5.547534   data arrival time
---------------------------------------------------------------------------------------------
                                              3.691301   slack (MET)


R2R_END_HOLD nom_ss_125C_3v00
