time_s,LED_rail_supply_current_A,analog_logic_supply_current_A,buffer_supply_current_A,pwm_V,led_k_V,gate_V,bias_V,pwm_b_V
5.144821764796555e-04,-3.098609285823173e-12,-9.999961981029532e-05,6.131137856754492e-10,2.956110474545661e-09,3.104693717133820e+00,1.837198724168611e-04,1.374761027588022e+00,3.299999990881599e+00
5.144910882398277e-04,-2.294570214389502e-11,-1.000003844583095e-04,-6.338471547359982e-10,1.813586111946836e-08,3.104696473202148e+00,1.837204980789595e-04,1.374761028385656e+00,3.299999983511421e+00
5.145000000000000e-04,-3.098236250886899e-12,-9.999961981197066e-05,6.131136796693639e-10,2.956204083030388e-09,3.104699231158284e+00,1.837198721798696e-04,1.374761027588738e+00,3.299999990881810e+00
5.145000002288767e-04,5.522476588110114e-09,-9.992393346491315e-05,4.199577719985441e-06,6.041515126415390e-06,3.104699507938423e+00,1.846379994125674e-04,1.374761453149138e+00,3.300001216136696e+00
5.145000006866301e-04,1.522514888926962e-08,-9.985116507568927e-05,4.137570257995516e-06,1.849558875824108e-05,3.104699994829581e+00,1.863037931674514e-04,1.374762194012846e+00,3.300003782250164e+00
5.145000016021370e-04,2.329117312890872e-08,-9.981739489638538e-05,4.223838667359489e-06,3.938184649647920e-05,3.104700404410253e+00,1.880848727849257e-04,1.374762769517057e+00,3.300008424105772e+00
5.145000034331508e-04,2.472894269453518e-08,-9.983076990353818e-05,4.246787460601137e-06,7.685508202298482e-05,3.104700491814763e+00,1.901836190068470e-04,1.374763257532900e+00,3.300016748806133e+00
5.145000057684139e-04,2.174349848269031e-08,-9.984282238219812e-05,4.373768078201542e-06,1.214499387233303e-04,3.104700361717420e+00,1.923981810976651e-04,1.374763774431546e+00,3.300026280096585e+00
5.145000104389404e-04,1.364989816829421e-08,-9.986676922705580e-05,4.489947710667730e-06,1.985626535596736e-04,3.104699986593934e+00,1.953281338291015e-04,1.374764388834428e+00,3.300042359527960e+00
5.145000197799932e-04,5.352792143836771e-09,-9.990641743078776e-05,4.801112586081126e-06,3.149457721929001e-04,3.104699604833766e+00,1.983768651243448e-04,1.374765331478281e+00,3.300064983481291e+00
5.145000345130184e-04,-7.843416929831371e-11,-9.994996795555557e-05,5.097338862325396e-06,4.194936959657818e-04,3.104699351100481e+00,1.991263952990063e-04,1.374765875473731e+00,3.300081746157128e+00
5.145000484229013e-04,-1.594674582522382e-09,-9.997749088998309e-05,5.370702096962788e-06,4.573960154700028e-04,3.104699275698314e+00,1.980527962636967e-04,1.374765904550617e+00,3.300083488385251e+00
5.145000647630882e-04,-2.860351976524678e-09,-9.999633937586005e-05,5.535173480748439e-06,4.571562872495960e-04,3.104699205171228e+00,1.958400304938645e-04,1.374765459392053e+00,3.300076104563691e+00
5.145000810708192e-04,-2.851187982516601e-09,-1.000081735970658e-04,5.717821791959718e-06,4.306796940131869e-04,3.104699194918511e+00,1.934247013986389e-04,1.374764918230731e+00,3.300063852689142e+00
5.145001007757448e-04,-2.963948023820828e-09,-1.000136290285790e-04,5.802316314620637e-06,3.833241444681684e-04,3.104699175991422e+00,1.904997572655801e-04,1.374764099846487e+00,3.300047363178660e+00
5.145001215391529e-04,-2.260509471968541e-09,-1.000166236313078e-04,5.924934224595931e-06,3.300096182652723e-04,3.104699199244568e+00,1.879268433308460e-04,1.374763380325429e+00,3.300031095487309e+00
5.145001463779003e-04,-1.932148258193545e-09,-1.000149514424754e-04,5.950577910270981e-06,2.714863489083317e-04,3.104699205759649e+00,1.854358794865059e-04,1.374762565699095e+00,3.300015104906701e+00
5.145001651276716e-04,-1.330430542539896e-09,-1.000152363021840e-04,6.007596947942072e-06,2.337982575797266e-04,3.104699231333605e+00,1.840805121891950e-04,1.374762134009828e+00,3.300005734893049e+00
5.145001773540152e-04,-1.529569896435712e-09,-1.000146482215801e-04,5.961683696523813e-06,2.106758484812165e-04,3.104699219270924e+00,1.832243113791818e-04,1.374761802849729e+00,3.300000491671460e+00
5.145001877433805e-04,-1.488970621382757e-09,-1.000188994832721e-04,5.958649208978496e-06,1.900948010282374e-04,3.104699219231649e+00,1.825131728475296e-04,1.374761575406860e+00,3.299996117935802e+00
5.145001979429654e-04,-2.241517588347230e-09,-1.000231299289893e-04,5.838331337171141e-06,1.650523531622758e-04,3.104699178338878e+00,1.815114734702064e-04,1.374761200716173e+00,3.299991134431931e+00
5.145002088527024e-04,-3.112034988733692e-09,-1.000361031148041e-04,5.698982683696574e-06,1.283051869298475e-04,3.104699128311179e+00,1.800482244401097e-04,1.374760732791773e+00,3.299983956636288e+00
5.145002204035109e-04,-5.060779709881169e-09,-1.000537162983152e-04,5.348528181832393e-06,6.930027348522489e-05,3.104699018456213e+00,1.775689803215925e-04,1.374759891573928e+00,3.299972678820581e+00
5.145002318439697e-04,-7.189225360720864e-09,-1.000822743291372e-04,4.899640828967312e-06,-1.794856648250381e-05,3.104698891808296e+00,1.740314757610467e-04,1.374758765046830e+00,3.299956136946861e+00
5.145002444890250e-04,-1.016262581990390e-08,-1.001164081632513e-04,4.120160129927098e-06,-1.577241494822202e-04,3.104698709820084e+00,1.685198119820571e-04,1.374756948916223e+00,3.299930084330401e+00
5.145002564256824e-04,-1.226770855913828e-08,-1.001531180457667e-04,3.246238333248940e-06,-3.335481593493241e-04,3.104698562812913e+00,1.620708387895574e-04,1.374754854641642e+00,3.299897942761213e+00
5.145002686772846e-04,-1.432961845529435e-08,-1.001859852389213e-04,2.102806922358873e-06,-5.572585587143887e-04,3.104698408187243e+00,1.543173238195397e-04,1.374752236551631e+00,3.299858162819644e+00
5.145002820923904e-04,-1.552264464868558e-08,-1.002212469202667e-04,7.323305702137009e-07,-8.451566506221421e-04,3.104698284691870e+00,1.451039069530728e-04,1.374749096154568e+00,3.299808655565305e+00
5.145002869483721e-04,-1.456188835638472e-08,-1.002182939578149e-04,3.795485467706043e-08,-9.551175261908610e-04,3.104698309427831e+00,1.419521902749784e-04,1.374747977361181e+00,3.299790448769855e+00
5.145002933737658e-04,-1.569637677070745e-08,-1.002422889626040e-04,-5.844448063010681e-07,-1.107269970792634e-03,3.104698221680900e+00,1.374816088215272e-04,1.374746368236952e+00,3.299765653232375e+00
5.145002995832250e-04,-1.596583946286700e-08,-1.002466331993433e-04,-1.472216648789463e-06,-1.261509291098170e-03,3.104698176746369e+00,1.331000864040293e-04,1.374744774292466e+00,3.299741003567707e+00
5.145003094187329e-04,-1.651554118700660e-08,-1.002727636268659e-04,-2.597954679366800e-06,-1.518166290855208e-03,3.104698098058691e+00,1.260112510160236e-04,1.374742183298818e+00,3.299701042860610e+00
5.145003290897488e-04,-1.694043707436976e-08,-1.002991851633163e-04,-5.404117015840249e-06,-2.070898899769431e-03,3.104697971150871e+00,1.117190537094142e-04,1.374736782652433e+00,3.299619289527259e+00
5.145003480531686e-04,-1.750929945379398e-08,-1.003377848106427e-04,-8.022136231899724e-06,-2.649422728313843e-03,3.104697837643191e+00,9.779472909052377e-05,1.374731354615297e+00,3.299539112097304e+00
5.145003632584539e-04,-1.816105968180382e-08,-1.003588018139815e-04,-1.043377803233730e-05,-3.147346015648179e-03,3.104697717658169e+00,8.637917772995831e-05,1.374726783862588e+00,3.299473628786910e+00
5.145003770066888e-04,-1.914475803124760e-08,-1.003939490525374e-04,-1.240963816334825e-05,-3.628064612764860e-03,3.104697585630189e+00,7.565001749992543e-05,1.374722453164915e+00,3.299412632207684e+00
5.145003900625488e-04,-2.050450911630919e-08,-1.004200783342881e-04,-1.454468076902823e-05,-4.118244759687396e-03,3.104697433772395e+00,6.482017621097668e-05,1.374718044958022e+00,3.299351875985923e+00
5.145004024779917e-04,-2.230683856643823e-08,-1.004630953030415e-04,-1.631674218189277e-05,-4.622138688771213e-03,3.104697257228342e+00,5.368078675557252e-05,1.374713539323223e+00,3.299290151788986e+00
5.145004139435218e-04,-2.465430183909434e-08,-1.004992423395439e-04,-1.816253742823580e-05,-5.129403532631446e-03,3.104697051954865e+00,4.229160380260508e-05,1.374708949737405e+00,3.299228082486870e+00
5.145004245048129e-04,-2.746071828943486e-08,-1.005521975654870e-04,-1.957278329042480e-05,-5.641263643128397e-03,3.104696821416312e+00,3.056427380709720e-05,1.374704297002087e+00,3.299164943610701e+00
5.145004340850201e-04,-3.096145269401718e-08,-1.005999869881498e-04,-2.102466019136530e-05,-6.153015676605915e-03,3.104696554274552e+00,1.845747217722201e-05,1.374699542326332e+00,3.299100868489406e+00
5.145004428149245e-04,-3.500452527296916e-08,-1.006652085072538e-04,-2.203451976021340e-05,-6.668514837318846e-03,3.104696256999519e+00,5.872504066082148e-06,1.374694695806934e+00,3.299035013848367e+00
5.145004507217860e-04,-3.994169493273803e-08,-1.007274594903416e-04,-2.309554939736498e-05,-7.187149658829728e-03,3.104695911921327e+00,-7.310811105531609e-06,1.374689680693888e+00,3.298967199060590e+00
5.145004579883840e-04,-4.557882487779552e-08,-1.008088590475878e-04,-2.373896294969806e-05,-7.717670558423819e-03,3.104695526740986e+00,-2.128517246460960e-05,1.374684470214169e+00,3.298896049394244e+00
5.145004647442055e-04,-5.234243874233102e-08,-1.008905270752960e-04,-2.446470809271439e-05,-8.269051038042092e-03,3.104695078262637e+00,-3.641048918279436e-05,1.374678896360833e+00,3.298820179498088e+00
5.145004713040736e-04,-5.999591499508682e-08,-1.009953778748199e-04,-2.481870243264651e-05,-8.868718895387869e-03,3.104694572419045e+00,-5.337034695236861e-05,1.374672757055897e+00,3.298735567688814e+00
5.145004783628341e-04,-6.930108647287825e-08,-1.011125001567330e-04,-2.532236027234445e-05,-9.596751664944014e-03,3.104693954281135e+00,-7.451687879464619e-05,1.374665174428307e+00,3.298630478783014e+00
5.145004851615411e-04,-7.768592599780022e-08,-1.012400461252374e-04,-2.547647152753262e-05,-1.038366417055545e-02,3.104693367354334e+00,-9.749380878688693e-05,1.374657024188716e+00,3.298514974381738e+00
5.145004923740224e-04,-8.487554641681272e-08,-1.013580019754279e-04,-2.582172626468520e-05,-1.130748501910332e-02,3.104692810894371e+00,-1.241522691545347e-04,1.374647553644955e+00,3.298378422437930e+00
5.145004981465124e-04,-8.888993932379408e-08,-1.014527836966817e-04,-2.585845463192346e-05,-1.210586790688814e-02,3.104692441532714e+00,-1.466042584063696e-04,1.374639546059383e+00,3.298260533260059e+00
5.145005049553198e-04,-9.297019892065550e-08,-1.015478885151546e-04,-2.614509729718114e-05,-1.310827433984119e-02,3.104692029236083e+00,-1.741317015788175e-04,1.374629598560690e+00,3.298113521553089e+00
5.145005095821741e-04,-9.334879976910516e-08,-1.016020796087177e-04,-2.629163775739928e-05,-1.381852722857838e-02,3.104691865263250e+00,-1.928360553451029e-04,1.374622785157199e+00,3.298010576620083e+00
5.145005126718116e-04,-9.196656244006562e-08,-1.016166108414165e-04,-2.670425498854949e-05,-1.429995357244524e-02,3.104691838047996e+00,-2.049949962547216e-04,1.374618287133063e+00,3.297941822391120e+00
5.145005153088482e-04,-8.862089194386358e-08,-1.016207736572626e-04,-2.701801220296896e-05,-1.470923169321303e-02,3.104691925234034e+00,-2.147095800603844e-04,1.374614658117748e+00,3.297884398975267e+00
5.145005179059784e-04,-8.324659456340755e-08,-1.015972681602738e-04,-2.770044601976281e-05,-1.510568565713449e-02,3.104692118912001e+00,-2.234465219566075e-04,1.374611305596168e+00,3.297830129821262e+00
5.145005209612094e-04,-7.401751389926603e-08,-1.015561379628043e-04,-2.849355872695421e-05,-1.555504246810635e-02,3.104692499675447e+00,-2.321916645164476e-04,1.374607816082535e+00,3.297770919725251e+00
5.145005237369826e-04,-6.397924490988971e-08,-1.014922119757812e-04,-2.954114089680054e-05,-1.594215380511226e-02,3.104692937367310e+00,-2.386172053733064e-04,1.374605047552875e+00,3.297722559261159e+00
5.145005273262853e-04,-5.124397685199455e-08,-1.014159372483993e-04,-3.064822073316399e-05,-1.640857894525461e-02,3.104693504977479e+00,-2.449247083400592e-04,1.374601983654097e+00,3.297668397561138e+00
5.145005295692215e-04,-4.466703288477647e-08,-1.013645415641178e-04,-3.142267510698842e-05,-1.668170794623717e-02,3.104693797972035e+00,-2.480006008444908e-04,1.374600260472782e+00,3.297639035034375e+00
5.145005321931069e-04,-3.758055554206608e-08,-1.013136793891570e-04,-3.210566001175463e-05,-1.698343325532447e-02,3.104694116446232e+00,-2.507661008592113e-04,1.374598479720738e+00,3.297608909492081e+00
5.145005355400649e-04,-2.924349635682888e-08,-1.012373848759541e-04,-3.309570784030723e-05,-1.734114716392576e-02,3.104694496342606e+00,-2.531483153851875e-04,1.374596526276601e+00,3.297576901653628e+00
5.145005385970080e-04,-2.109546498721415e-08,-1.011681842100707e-04,-3.384039095230753e-05,-1.763896553081732e-02,3.104694878553508e+00,-2.540121844994961e-04,1.374595154567601e+00,3.297554313683205e+00
5.145005422469667e-04,-9.386325284937991e-09,-1.010558356391811e-04,-3.497595060347953e-05,-1.795240441563314e-02,3.104695446249507e+00,-2.530530919968681e-04,1.374594149586544e+00,3.297536817766104e+00
5.145005463392916e-04,6.901798524777681e-09,-1.009106674599109e-04,-3.618908866653890e-05,-1.823772642539430e-02,3.104696260212056e+00,-2.488046630685049e-04,1.374594026722959e+00,3.297531666457529e+00
5.145005514097731e-04,3.159528291982183e-08,-1.006733250732995e-04,-3.810931337215454e-05,-1.847276053716493e-02,3.104697529648161e+00,-2.379952968608222e-04,1.374595597968491e+00,3.297550588440631e+00
5.145005576421297e-04,6.792375017647401e-08,-1.003215413737926e-04,-4.063854342462671e-05,-1.854202097554080e-02,3.104699453426389e+00,-2.148597455332990e-04,1.374600575290539e+00,3.297619553874048e+00
5.145005656584211e-04,1.223785567071312e-07,-9.974793743076490e-05,-4.468418201721010e-05,-1.819804119483060e-02,3.104702437918811e+00,-1.668773230568984e-04,1.374612652259362e+00,3.297795896844935e+00
5.145005729262484e-04,1.787037016286186e-07,-9.912843843627838e-05,-4.877281447547605e-05,-1.738903247161669e-02,3.104705628307356e+00,-1.035217369376745e-04,1.374629882328370e+00,3.298053821139805e+00
5.145005809201199e-04,2.480430683925172e-07,-9.831544095892207e-05,-5.412455905028314e-05,-1.585504238569007e-02,3.104709677488101e+00,-9.434041724327040e-06,1.374656697765157e+00,3.298461113653708e+00
5.145005882302256e-04,3.185580194263460e-07,-9.746333697069520e-05,-5.950606791582622e-05,-1.377708486090923e-02,3.104713909379309e+00,1.012620949538641e-04,1.374689284726145e+00,3.298960168289951e+00
5.145005959999247e-04,4.012711311106309e-07,-9.641799167781451e-05,-6.613017479015797e-05,-1.076212938605471e-02,3.104718997886573e+00,2.473841916979308e-04,1.374733355145189e+00,3.299638404007704e+00
5.145006031947968e-04,4.889583565380329e-07,-9.535567592469595e-05,-7.276434362106976e-05,-7.137043826940925e-03,3.104724472944690e+00,4.118694140238976e-04,1.374783859146401e+00,3.300421710941690e+00
5.145006101211605e-04,5.835444040834526e-07,-9.420221946108039e-05,-7.991785663405562e-05,-2.796863590066495e-03,3.104730466779619e+00,5.996380289572123e-04,1.374842272889005e+00,3.301337420974666e+00
5.145006165587986e-04,6.706816854561149e-07,-9.301286838868282e-05,-8.689480853852670e-05,2.049483930855099e-03,3.104736197750992e+00,8.004701885322770e-04,1.374905456111746e+00,3.302334579516576e+00
5.145006225227406e-04,7.615160110817365e-07,-9.177199025874584e-05,-9.397072034193700e-05,7.308270672229763e-03,3.104742192834745e+00,1.011889187251547e-03,1.374972783557137e+00,3.303391514495352e+00
5.145006278487937e-04,8.552846361063737e-07,-9.054118052393655e-05,-1.004865596377480e-04,1.270612291568717e-02,3.104748346264888e+00,1.224483042190848e-03,1.375041044284880e+00,3.304457910231228e+00
5.145006340719389e-04,9.711179741565824e-07,-8.896468271961867e-05,-1.086772688787654e-04,1.993572454488836e-02,3.104756071346845e+00,1.503138193423487e-03,1.375131050952768e+00,3.305863156996280e+00
5.145006400326348e-04,1.094802427005076e-06,-8.729020843231981e-05,-1.167564759644375e-04,2.788389545684794e-02,3.104764350060602e+00,1.803917082328260e-03,1.375228858933665e+00,3.307384976541294e+00
5.145006459078530e-04,1.228804528899813e-06,-8.545875525564650e-05,-1.252327801125210e-04,3.680250183839025e-02,3.104773371896373e+00,2.136015544568912e-03,1.375337433186665e+00,3.309070519306467e+00
5.145006514049504e-04,1.368836869751616e-06,-8.356144539139973e-05,-1.333031321714130e-04,4.622708909124901e-02,3.104782801809522e+00,2.482610342280725e-03,1.375451299231648e+00,3.310832037557008e+00
5.145006566674147e-04,1.518533774366032e-06,-8.153795909098303e-05,-1.414320905971530e-04,5.633697249354017e-02,3.104792870401895e+00,2.850791298845471e-03,1.375572711292839e+00,3.312704311023071e+00
5.145006615822011e-04,1.677494381407824e-06,-7.943011278085302e-05,-1.490800369725397e-04,6.685355370641220e-02,3.104803489266912e+00,3.231421362356410e-03,1.375698627279892e+00,3.314637365127819e+00
5.145006656082415e-04,1.827127685004454e-06,-7.748269851272657e-05,-1.556842713719570e-04,7.633766041087450e-02,3.104813369926485e+00,3.573893963844956e-03,1.375812169451177e+00,3.316371302471324e+00
5.145006686709612e-04,1.958266658888958e-06,-7.583179514335246e-05,-1.607553721766710e-04,8.414476596809289e-02,3.104821897988352e+00,3.856258246020058e-03,1.375905916614741e+00,3.317794036897624e+00
5.145006712788318e-04,2.084714812223693e-06,-7.427286364304777e-05,-1.653957870268413e-04,9.124569723433948e-02,3.104830012930961e+00,4.113954842832512e-03,1.375991512784216e+00,3.319085793623892e+00
5.145006739430487e-04,2.227555067598613e-06,-7.254960711442508e-05,-1.701352677955002e-04,9.897489894123115e-02,3.104839108127798e+00,4.395410237464776e-03,1.376084947209033e+00,3.320490332064690e+00
5.145006768261561e-04,2.387342736437231e-06,-7.059563394976337e-05,-1.754807955332545e-04,1.079091049218173e-01,3.104849359438241e+00,4.720542841275574e-03,1.376192655992371e+00,3.322112012234660e+00
5.145006803058091e-04,2.564926612912272e-06,-6.828399583767332e-05,-1.816724684115345e-04,1.194734652180226e-01,3.104861168069973e+00,5.137501736150555e-03,1.376330402938680e+00,3.324206314595864e+00
5.145006832650600e-04,2.696739207031923e-06,-6.637565134718279e-05,-1.870786686849321e-04,1.299559967725664e-01,3.104870405614126e+00,5.510159067030743e-03,1.376453483735421e+00,3.326098094334927e+00
5.145006866386253e-04,2.833501249380616e-06,-6.423936439034580e-05,-1.929582799000507e-04,1.426072324832003e-01,3.104880415188232e+00,5.953266520298831e-03,1.376600291904653e+00,3.328371271770066e+00
5.145006897603913e-04,2.948067177911268e-06,-6.231342115496153e-05,-1.982101049848501e-04,1.549567901420461e-01,3.104889211572182e+00,6.378714685415309e-03,1.376741869730413e+00,3.330578927162708e+00
5.145006923134092e-04,3.032424167198483e-06,-6.079432951077491e-05,-2.019719776366052e-04,1.654956236744134e-01,3.104896024844484e+00,6.736226010359034e-03,1.376861380836446e+00,3.332453474555206e+00
5.145006949665866e-04,3.112096711422735e-06,-5.925754336078992e-05,-2.057287400729591e-04,1.768475245468578e-01,3.104902779675147e+00,7.115790674651571e-03,1.376988891597744e+00,3.334462442302705e+00
5.145006977861248e-04,3.189161845323779e-06,-5.767950295507561e-05,-2.091586885719972e-04,1.893388591532084e-01,3.104909652997514e+00,7.527163640984822e-03,1.377127864415866e+00,3.336660600457430e+00
5.145007008525662e-04,3.266075909792304e-06,-5.600853125268382e-05,-2.127290034579676e-04,2.034037280952243e-01,3.104916863470180e+00,7.983064608376507e-03,1.377282883469304e+00,3.339119924815536e+00
5.145007043418728e-04,3.346332592372020e-06,-5.417240796977096e-05,-2.161658270287887e-04,2.199897932252877e-01,3.104924798277364e+00,8.511508472866594e-03,1.377463885366031e+00,3.341998817577998e+00
5.145007083958509e-04,3.430332331341019e-06,-5.211729440905150e-05,-2.198730742713409e-04,2.399985397914048e-01,3.104933668090172e+00,9.136756318898560e-03,1.377679870575314e+00,3.345441467274097e+00
5.145007128848075e-04,3.511774232954762e-06,-4.995455086591505e-05,-2.232061039102862e-04,2.630248305030207e-01,3.104943037278602e+00,9.840887819805282e-03,1.377925451445066e+00,3.349362939484378e+00
5.145007179746216e-04,3.589101511490694e-06,-4.764445348851407e-05,-2.265617232387345e-04,2.901571025819236e-01,3.104953047098383e+00,1.065079293027154e-02,1.378211039065545e+00,3.353929147203181e+00
5.145007227926641e-04,3.647610406002228e-06,-4.561180658210439e-05,-2.290073911421819e-04,3.167582900873253e-01,3.104961899193222e+00,1.142527817850518e-02,1.378487323163083e+00,3.358349863659510e+00
5.145007277750031e-04,3.692557215512066e-06,-4.367212781641456e-05,-2.312415208034353e-04,3.451074192567696e-01,3.104970362886513e+00,1.223025407837553e-02,1.378777933241093e+00,3.363000699937420e+00
5.145007324683346e-04,3.720844967208675e-06,-4.200667601060136e-05,-2.327681491706705e-04,3.725061386911622e-01,3.104977691456191e+00,1.298901396828589e-02,1.379055256477407e+00,3.367437214415887e+00
5.145007373200383e-04,3.736847154126449e-06,-4.044337678186332e-05,-2.341986234175731e-04,4.014451314067957e-01,3.104984641841171e+00,1.377068868368155e-02,1.379344649138827e+00,3.372061482246530e+00
5.145007420366539e-04,3.741383311549468e-06,-3.907823709345036e-05,-2.351327434449604e-04,4.300960790751936e-01,3.104990864149821e+00,1.452551838320547e-02,1.379627916055703e+00,3.376578333233181e+00
5.145007469835714e-04,3.736661326968344e-06,-3.779493266759614e-05,-2.360716165399714e-04,4.606093574631001e-01,3.104996916150952e+00,1.530973406064054e-02,1.379926493721766e+00,3.381323060476209e+00
5.145007516508572e-04,3.725692235679728e-06,-3.672032903501894e-05,-2.365996571488860e-04,4.897617201871123e-01,3.105002287915338e+00,1.604141014866398e-02,1.380209331525408e+00,3.385794913144773e+00
5.145007564982185e-04,3.710063819038906e-06,-3.572831310203834e-05,-2.371850642389293e-04,5.203421779515008e-01,3.105007633228869e+00,1.679238108566323e-02,1.380504308181321e+00,3.390424545836137e+00
5.145007612354943e-04,3.693701864190130e-06,-3.487995923982949e-05,-2.374439520062743e-04,5.504632171082646e-01,3.105012776979204e+00,1.751810165437790e-02,1.380794361739905e+00,3.394927700495430e+00
5.145007662364715e-04,3.678801513299218e-06,-3.410260895899078e-05,-2.377820888065609e-04,5.824429514911471e-01,3.105018299117107e+00,1.827752477130890e-02,1.381103781407546e+00,3.399653866234832e+00
5.145007707179640e-04,3.672070931340782e-06,-3.351601728049967e-05,-2.378105249640882e-04,6.111990996515285e-01,3.105023562266247e+00,1.895579691036917e-02,1.381385931017695e+00,3.403863618830633e+00
5.145007745856276e-04,3.674032513046738e-06,-3.308993660323105e-05,-2.379427663983833e-04,6.360439295655110e-01,3.105028489908021e+00,1.954329837765432e-02,1.381635166682127e+00,3.407477699446729e+00
5.145007782758511e-04,3.684048178925620e-06,-3.276011242661886e-05,-2.378400367153243e-04,6.597327222843657e-01,3.105033606200066e+00,2.010963831778953e-02,1.381879825395985e+00,3.410910072223417e+00
5.145007822820888e-04,3.704242872629576e-06,-3.248429828568093e-05,-2.378772602356388e-04,6.853885543107159e-01,3.105039647268097e+00,2.073581801381981e-02,1.382155156448299e+00,3.414618570343723e+00
5.145007860261282e-04,3.731235073317490e-06,-3.231182243244242e-05,-2.376969264964457e-04,7.092696268731417e-01,3.105045728951420e+00,2.133643974056665e-02,1.382423328481653e+00,3.418065514304051e+00
5.145007902212377e-04,3.763911134925108e-06,-3.220266517378199e-05,-2.376584149056903e-04,7.358802152793992e-01,3.105052707477644e+00,2.203141658806031e-02,1.382736492949858e+00,3.421899033068847e+00
5.145007943977967e-04,3.791323074487790e-06,-3.218195207883040e-05,-2.374018042971572e-04,7.621938358703139e-01,3.105059441818347e+00,2.274886984831246e-02,1.383059852817690e+00,3.425673081040094e+00
5.145007987036581e-04,3.804507454528844e-06,-3.222900835482679e-05,-2.372971710787422e-04,7.891264228073799e-01,3.105065660550244e+00,2.351469362758166e-02,1.383400189968706e+00,3.429500938350400e+00
5.145008022870340e-04,3.798656717673848e-06,-3.231517414153222e-05,-2.370165193890908e-04,8.113947757059528e-01,3.105069999160264e+00,2.417001922962650e-02,1.383683409842644e+00,3.432622635065973e+00
5.145008059531410e-04,3.778082021984458e-06,-3.243934583996565e-05,-2.369017380052391e-04,8.340521366772429e-01,3.105073692035258e+00,2.485525898312133e-02,1.383967601113988e+00,3.435742007042137e+00
5.145008098585221e-04,3.742645466516675e-06,-3.261058743483638e-05,-2.365666103570487e-04,8.580643045688375e-01,3.105076912811970e+00,2.559965841031362e-02,1.384258046244867e+00,3.438968272325771e+00
5.145008138315120e-04,3.696534380687039e-06,-3.282358038712524e-05,-2.363983357325520e-04,8.823768555247966e-01,3.105079631239607e+00,2.637111495231858e-02,1.384534415581604e+00,3.442134499367552e+00
5.145008179763302e-04,3.643123643627261e-06,-3.309165140409931e-05,-2.360144313839108e-04,9.076320340852793e-01,3.105082131872529e+00,2.719132189392099e-02,1.384796224131951e+00,3.445299985047416e+00
5.145008222509518e-04,3.586487190073568e-06,-3.341710855743447e-05,-2.357944025802660e-04,9.335741335683079e-01,3.105084553229480e+00,2.805502343461948e-02,1.385032329202378e+00,3.448405066275272e+00
5.145008269075321e-04,3.525833175906795e-06,-3.383330839552303e-05,-2.353429958930392e-04,9.617246206226981e-01,3.105087150295707e+00,2.901907896527692e-02,1.385244669934507e+00,3.451590575402768e+00
5.145008319707336e-04,3.462272894193402e-06,-3.435799615106262e-05,-2.350321299418471e-04,9.922114903989617e-01,3.105089986777944e+00,3.009847566836941e-02,1.385416610312993e+00,3.454807694287040e+00
5.145008376758449e-04,3.393347967289712e-06,-3.504277714365633e-05,-2.344637994178926e-04,1.026417128609922e+00,3.105093189102374e+00,3.135872921853068e-02,1.385530080452312e+00,3.458109353548630e+00
5.145008440587675e-04,3.318251376033115e-06,-3.592324469954662e-05,-2.340055939056819e-04,1.064505152145058e+00,3.105096716532496e+00,3.283050940975782e-02,1.385548653065002e+00,3.461378990307651e+00
5.145008514966614e-04,3.231205421197897e-06,-3.710098189273896e-05,-2.332410860773362e-04,1.108644674081053e+00,3.105100645172435e+00,3.463645533868649e-02,1.385416294439434e+00,3.464600174727039e+00
5.145008600587984e-04,3.129314298654235e-06,-3.864979986213845e-05,-2.325266989072519e-04,1.159123263094497e+00,3.105104808324877e+00,3.684738540667045e-02,1.385046742590504e+00,3.467492903768032e+00
5.145008702906349e-04,3.003080328017743e-06,-4.076096879740099e-05,-2.314139608803608e-04,1.218961522393849e+00,3.105109163030910e+00,3.968930623811082e-02,1.384283857482416e+00,3.469761540834003e+00
5.145008820253634e-04,2.850721527277583e-06,-4.350579119686137e-05,-2.302614397059240e-04,1.286910651801422e+00,3.105113222666984e+00,4.323402327453851e-02,1.382957747631597e+00,3.470712126566010e+00
5.145008942076112e-04,2.682839367743467e-06,-4.669080079348936e-05,-2.287728416101583e-04,1.356647131144518e+00,3.105116288510251e+00,4.725261723708838e-02,1.381050100119644e+00,3.469768375113474e+00
5.145009069514321e-04,2.495668388441258e-06,-5.034807474648988e-05,-2.272769209980634e-04,1.428677393028481e+00,3.105118149265610e+00,5.183862020097477e-02,1.378455628683244e+00,3.466608438690591e+00
5.145009187412950e-04,2.310254375071791e-06,-5.399460877439932e-05,-2.255662461973656e-04,1.494434732574862e+00,3.105118511533326e+00,5.643527841432264e-02,1.375496754813066e+00,3.461650539143578e+00
5.145009299501528e-04,2.121259221766619e-06,-5.766958871717243e-05,-2.239634452931424e-04,1.556120155338560e+00,3.105117506839540e+00,6.112157700896557e-02,1.372179018596758e+00,3.455074807705673e+00
5.145009413030806e-04,1.914914149306751e-06,-6.157403023689784e-05,-2.219532649454427e-04,1.617715170019896e+00,3.105114980449621e+00,6.617851197335868e-02,1.368315049141984e+00,3.446515865563467e+00
5.145009529967031e-04,1.684064034602612e-06,-6.576175168379818e-05,-2.198165175939341e-04,1.680152880822740e+00,3.105110593789102e+00,7.170565154973495e-02,1.363807421981961e+00,3.435648344230939e+00
5.145009649077527e-04,1.426902791049484e-06,-7.017230434485397e-05,-2.171266522917577e-04,1.742602028369158e+00,3.105104036785154e+00,7.765482064775074e-02,1.358671635493998e+00,3.422375928594327e+00
5.145009759307953e-04,1.166769779207127e-06,-7.435568366811443e-05,-2.144841385489283e-04,1.799258203993587e+00,3.105095892374640e+00,8.343282166155822e-02,1.353438025163271e+00,3.408052638957537e+00
5.145009866944215e-04,8.913396631236859e-07,-7.850419791693208e-05,-2.113976217742730e-04,1.853421960413988e+00,3.105085889011063e+00,8.931143554760740e-02,1.347892673129964e+00,3.392115213762601e+00
5.145009933472107e-04,7.097924092357156e-07,-8.108683972242974e-05,-2.094751749813936e-04,1.886285541225199e+00,3.105078623998059e+00,9.305494954202122e-02,1.344255498768040e+00,3.381276596502911e+00
5.145009999999999e-04,5.208365769569790e-07,-8.366942028097916e-05,-2.072704481362439e-04,1.918651900587721e+00,3.105070569658573e+00,9.687732960559130e-02,1.340462736056676e+00,3.369665595955700e+00
5.145010000214952e-04,5.200258186875695e-07,-8.369262985553520e-05,-2.109797259169590e-04,1.918755498135997e+00,3.105070532926733e+00,9.688977697281692e-02,1.340450219801039e+00,3.369626779196837e+00
5.145010000644856e-04,5.181471008484928e-07,-8.372780227801115e-05,-2.108505666238555e-04,1.918962430351624e+00,3.105070446589262e+00,9.691463152892479e-02,1.340425164924482e+00,3.369549077325236e+00
5.145010001504667e-04,5.139419432041714e-07,-8.376896505061147e-05,-2.107890942903622e-04,1.919375622268035e+00,3.105070251439322e+00,9.696425879097710e-02,1.340374983494877e+00,3.369393473308568e+00
5.145010003224286e-04,5.060136343680576e-07,-8.385467026298117e-05,-2.107210218963139e-04,1.920202070563113e+00,3.105069884885173e+00,9.706360319150838e-02,1.340274540468649e+00,3.369081939976177e+00
5.145010006663525e-04,4.916013522092421e-07,-8.401449256042478e-05,-2.105992534826331e-04,1.921855270514060e+00,3.105069222687872e+00,9.726269396637231e-02,1.340073515253989e+00,3.368457379274406e+00
5.145010013542003e-04,4.675636355032376e-07,-8.428726289042753e-05,-2.103537940500190e-04,1.925159317707090e+00,3.105068133140944e+00,9.766209319569238e-02,1.339670680681410e+00,3.367202180675930e+00
5.145010027298960e-04,4.264761886894897e-07,-8.480520491641138e-05,-2.098713628564671e-04,1.931753976277275e+00,3.105066288220486e+00,9.846411698801387e-02,1.338860664485878e+00,3.364667371661425e+00
5.145010054812872e-04,3.506445661970170e-07,-8.583242914415774e-05,-2.088903327442393e-04,1.944884956421874e+00,3.105062860872948e+00,1.000786280899392e-01,1.337222074203769e+00,3.359498714939058e+00
5.145010109840697e-04,1.959462476507079e-07,-8.790459334157339e-05,-2.069039831661153e-04,1.970902236194857e+00,3.105055638837174e+00,1.033464262647703e-01,1.333870111565057e+00,3.348758744437460e+00
5.145010179968960e-04,-1.705944582389152e-08,-9.055074628670560e-05,-2.043074484315583e-04,2.003562307511736e+00,3.105045203942040e+00,1.075809894133300e-01,1.329455932122332e+00,3.334278723323152e+00
5.145010247841274e-04,-2.345155569506707e-07,-9.312042935808696e-05,-2.017440464570427e-04,2.034618561025428e+00,3.105034043073046e+00,1.117491250653894e-01,1.325036105410476e+00,3.319400927325799e+00
5.145010305882712e-04,-4.267631005418215e-07,-9.531887920433812e-05,-1.995069776153414e-04,2.060733691938979e+00,3.105023780226695e+00,1.153647655934542e-01,1.321145042939509e+00,3.305991695363441e+00
5.145010323234755e-04,-4.848233216171727e-07,-9.598717748257610e-05,-1.988363064859990e-04,2.068461374305864e+00,3.105020608937811e+00,1.164545868374508e-01,1.319962329343276e+00,3.301858748230083e+00
5.145010334559738e-04,-5.182036697383430e-07,-9.654047304609022e-05,-1.983856354656976e-04,2.073487006043709e+00,3.105018747227187e+00,1.171685319021568e-01,1.319185883391951e+00,3.299132816050255e+00
5.145010342839925e-04,-5.328751136914056e-07,-9.716893274301813e-05,-1.980533224620683e-04,2.077156291505193e+00,3.105017866006790e+00,1.176927758586501e-01,1.318616290409894e+00,3.297129984728587e+00
5.145010354022656e-04,-5.508697153934483e-07,-9.784848177738090e-05,-1.976065575532331e-04,2.082103400955202e+00,3.105016760663718e+00,1.184029350679461e-01,1.317843967288473e+00,3.294411703046757e+00
5.145010362412062e-04,-5.706218250835227e-07,-9.814660366890869e-05,-1.972797409572481e-04,2.085805514452855e+00,3.105015613423407e+00,1.189364778727823e-01,1.317261972182740e+00,3.292358678953954e+00
5.145010374790905e-04,-6.109087917351153e-07,-9.860116721983519e-05,-1.967852971284294e-04,2.091252999354533e+00,3.105013350898002e+00,1.197248041985388e-01,1.316399409547429e+00,3.289301605324506e+00
5.145010387921428e-04,-6.649340651811164e-07,-9.895095099615957e-05,-1.962692808565402e-04,2.097011078932935e+00,3.105010365341534e+00,1.205622949470459e-01,1.315479527356436e+00,3.286019070327983e+00
5.145010408761266e-04,-7.640990449110652e-07,-9.951592285004378e-05,-1.954352323374232e-04,2.106107094386436e+00,3.105004901628344e+00,1.218944087853082e-01,1.314009440480650e+00,3.280718875875660e+00
5.145010432957014e-04,-8.923700894704345e-07,-1.000367685197467e-04,-1.944716372926924e-04,2.116602366115651e+00,3.104997807693929e+00,1.234454114679924e-01,1.312287294175943e+00,3.274417304812463e+00
5.145010472400318e-04,-1.121375474028158e-06,-1.007923653524609e-04,-1.928759598411626e-04,2.133564141154204e+00,3.104985008791362e+00,1.259834749375334e-01,1.309445430812258e+00,3.263774811410284e+00
5.145010505164083e-04,-1.338059995411728e-06,-1.011347514817167e-04,-1.915464659929762e-04,2.147520123553935e+00,3.104972806152824e+00,1.280996241892507e-01,1.307052913334710e+00,3.254548813580158e+00
5.145010535064665e-04,-1.562007434191687e-06,-1.012930959666406e-04,-1.903115533104948e-04,2.160157774857214e+00,3.104960136045438e+00,1.300358393733648e-01,1.304844762328615e+00,3.245780272515099e+00
5.145010562925871e-04,-1.800706203795161e-06,-1.011368993713304e-04,-1.891587304610712e-04,2.171855482528376e+00,3.104946609761201e+00,1.318430034566640e-01,1.302766346291409e+00,3.237267913014991e+00
5.145010588382903e-04,-2.051488952780206e-06,-1.007822578026001e-04,-1.880837240887672e-04,2.182485355513398e+00,3.104932404831623e+00,1.334954864831679e-01,1.300849973074027e+00,3.229158779141472e+00
5.145010612920009e-04,-2.328338212368580e-06,-1.001240611065127e-04,-1.870449764349302e-04,2.192685716448076e+00,3.104916736750686e+00,1.350881939351034e-01,1.298987409680654e+00,3.220999305129608e+00
5.145010636740474e-04,-2.634538051434904e-06,-9.923621630523632e-05,-1.860137243837086e-04,2.202553284662617e+00,3.104899418431421e+00,1.366332119431488e-01,1.297164928015514e+00,3.212710949360999e+00
5.145010661853346e-04,-2.997112826314125e-06,-9.798072035452366e-05,-1.849219055843106e-04,2.212927240350768e+00,3.104878886980186e+00,1.382598341797316e-01,1.295228429212109e+00,3.203532415909405e+00
5.145010686468777e-04,-3.384920424313181e-06,-9.656101704803982e-05,-1.838288623784045e-04,2.223073485877487e+00,3.104856827575314e+00,1.398516705057431e-01,1.293315335409466e+00,3.194056915780031e+00
5.145010714717658e-04,-3.844510826226527e-06,-9.485854131375240e-05,-1.825725071309655e-04,2.234693571038310e+00,3.104830378243859e+00,1.416763104521501e-01,1.291101695460460e+00,3.182573942258163e+00
5.145010739382276e-04,-4.228260592039762e-06,-9.357525591997226e-05,-1.814629548789734e-04,2.244814839215498e+00,3.104807807702960e+00,1.432697423101158e-01,1.289153123146560e+00,3.172030128412912e+00
5.145010758708213e-04,-4.499924214872580e-06,-9.277404955815153e-05,-1.806015069350603e-04,2.252723731406307e+00,3.104791358474828e+00,1.445203078584705e-01,1.287616049355094e+00,3.163458367743973e+00
5.145010779001693e-04,-4.752139090701408e-06,-9.215532443189673e-05,-1.796890988074376e-04,2.261001754655856e+00,3.104775557524465e+00,1.458368810361564e-01,1.285992364782466e+00,3.154196330216996e+00
5.145010802225803e-04,-4.999061135734368e-06,-9.171584543301073e-05,-1.786559263559155e-04,2.270433983798401e+00,3.104759363512061e+00,1.473492274208544e-01,1.284122174631138e+00,3.143307675626904e+00
5.145010824315060e-04,-5.195506339660399e-06,-9.154693984836162e-05,-1.776676306011945e-04,2.279357742720171e+00,3.104745714935634e+00,1.487943695475762e-01,1.282331626578713e+00,3.132701615332569e+00
5.145010848395010e-04,-5.378550097766694e-06,-9.153709415177832e-05,-1.765987227156683e-04,2.289026887372338e+00,3.104732236308936e+00,1.503777819463777e-01,1.280366894693205e+00,3.120897113601177e+00
5.145010874423541e-04,-5.549055806998299e-06,-9.172617065036421e-05,-1.754361111830308e-04,2.299404756224613e+00,3.104718878098578e+00,1.520991801697779e-01,1.278228483970740e+00,3.107884119332268e+00
5.145010903030169e-04,-5.715038894557184e-06,-9.206994139090422e-05,-1.741645836356037e-04,2.310718615934539e+00,3.104705103744248e+00,1.540030672617275e-01,1.275861120548243e+00,3.093308245944558e+00
5.145010934152162e-04,-5.878966663569602e-06,-9.260056245125017e-05,-1.727715372136876e-04,2.322916353745379e+00,3.104690776242149e+00,1.560886392416486e-01,1.273265846795527e+00,3.077151325174168e+00
5.145010967822873e-04,-6.044184011496784e-06,-9.328596930480405e-05,-1.712671454515245e-04,2.335983527848549e+00,3.104675693825057e+00,1.583617315422368e-01,1.270435686245236e+00,3.059343188570249e+00
5.145011002738614e-04,-6.206279783661645e-06,-9.413081674133932e-05,-1.696940914476167e-04,2.349395300902671e+00,3.104660321041491e+00,1.607372530431967e-01,1.267477338051737e+00,3.040535455791947e+00
5.145011038195137e-04,-6.363769973955075e-06,-9.509061057849155e-05,-1.680953313341753e-04,2.362876442272381e+00,3.104644873410764e+00,1.631688810851689e-01,1.264449726174446e+00,3.021096098627644e+00
5.145011072987245e-04,-6.512251390308338e-06,-9.615256078065422e-05,-1.665109195350846e-04,2.375977020751364e+00,3.104629837232157e+00,1.655741596450106e-01,1.261456944111444e+00,3.001699045489647e+00
5.145011107294335e-04,-6.653554436567705e-06,-9.728834274952570e-05,-1.649451602550950e-04,2.388778945842253e+00,3.104615097149322e+00,1.679649206292117e-01,1.258485624580988e+00,2.982268979360892e+00
5.145011141153150e-04,-6.788636058988746e-06,-9.850417070147327e-05,-1.633838241574860e-04,2.401308185803821e+00,3.104600609402410e+00,1.703433057254398e-01,1.255534296560018e+00,2.962804328844787e+00
5.145011175746866e-04,-6.923235433443781e-06,-9.980401378411057e-05,-1.617855597822833e-04,2.414007590833584e+00,3.104585819379576e+00,1.727929248015763e-01,1.252500414980015e+00,2.942627033086226e+00
5.145011212301740e-04,-7.063173625340285e-06,-1.012230971349802e-04,-1.600822525508095e-04,2.427319309098905e+00,3.104570134949760e+00,1.754029977165654e-01,1.249275040176711e+00,2.920992206428532e+00
5.145011254821606e-04,-7.225439539698814e-06,-1.028563502347460e-04,-1.581014284230512e-04,2.442663702473725e+00,3.104551698163724e+00,1.784664732242227e-01,1.245499135002118e+00,2.895426609716333e+00
5.145011295573932e-04,-7.382960317382642e-06,-1.043453459882071e-04,-1.561980702661816e-04,2.457221540445894e+00,3.104533706333559e+00,1.814293784609896e-01,1.241856625148750e+00,2.870522878820196e+00
5.145011324778766e-04,-7.498320414182219e-06,-1.053235909841064e-04,-1.548432752593881e-04,2.467556703366394e+00,3.104520553507175e+00,1.835680533690148e-01,1.239232509669807e+00,2.852435501580757e+00
5.145011353993516e-04,-7.615378169386761e-06,-1.062469541528185e-04,-1.534860669951969e-04,2.477806103964332e+00,3.104507197912939e+00,1.857196723763112e-01,1.236596481683355e+00,2.834142103978579e+00
5.145011385032886e-04,-7.741582887476200e-06,-1.071286693783084e-04,-1.520578240553440e-04,2.488589972835391e+00,3.104492788082278e+00,1.880184586873911e-01,1.233784197495870e+00,2.814487922589263e+00
5.145011418690861e-04,-7.880072579776881e-06,-1.079993135465191e-04,-1.505123962100758e-04,2.500150916002964e+00,3.104476929304612e+00,1.905253928940267e-01,1.230721745251296e+00,2.792922682327881e+00
5.145011450268549e-04,-8.010880149797035e-06,-1.087225101082420e-04,-1.490784978796554e-04,2.510863586545236e+00,3.104461862335333e+00,1.928903067842260e-01,1.227837022635448e+00,2.772452450006588e+00
5.145011484168416e-04,-8.151198483762473e-06,-1.094351482707430e-04,-1.475438077380305e-04,2.522212117038154e+00,3.104445536618906e+00,1.954426035514994e-01,1.224728569917515e+00,2.750222733974284e+00
5.145011518458173e-04,-8.292399376180897e-06,-1.100773410065370e-04,-1.460097920666907e-04,2.533524839990323e+00,3.104428895674728e+00,1.980380861721499e-01,1.221573090323182e+00,2.727472185692408e+00
5.145011556106867e-04,-8.445814143968194e-06,-1.107295617698924e-04,-1.443333073745318e-04,2.545747256052981e+00,3.104410517046103e+00,2.009035127643699e-01,1.218096680170076e+00,2.702189481014075e+00
5.145011595437157e-04,-8.603773490690886e-06,-1.113463798732796e-04,-1.426038641893262e-04,2.558289649534291e+00,3.104391224829544e+00,2.039142461610572e-01,1.214453256733601e+00,2.675442408213049e+00
5.145011639646335e-04,-8.778204295921827e-06,-1.119951349823064e-04,-1.406728088818211e-04,2.572109716519873e+00,3.104369445910277e+00,2.073193895868078e-01,1.210345597812870e+00,2.644974214450732e+00
5.145011687186985e-04,-8.962097944816977e-06,-1.126388320551663e-04,-1.386245055201081e-04,2.586643144600766e+00,3.104345920439593e+00,2.110057848595169e-01,1.205916525057759e+00,2.611740162836658e+00
5.145011741927938e-04,-9.169367704181669e-06,-1.133399487865772e-04,-1.362879038988546e-04,2.602961427028529e+00,3.104318691862097e+00,2.152821830990017e-01,1.200805221170290e+00,2.572877439125153e+00
5.145011802456449e-04,-9.393039385304920e-06,-1.140657572756822e-04,-1.337452654540423e-04,2.620496962169120e+00,3.104288416915288e+00,2.200505022878886e-01,1.195144443580000e+00,2.529174010686503e+00
5.145011873981021e-04,-9.648910643068748e-06,-1.148799941341790e-04,-1.307832626854660e-04,2.640549150374696e+00,3.104252480955193e+00,2.257397248216435e-01,1.188450943355229e+00,2.476557905555648e+00
5.145011955367851e-04,-9.926681075679428e-06,-1.157494916014031e-04,-1.274865615844540e-04,2.662511052297960e+00,3.104211521118292e+00,2.322871684630637e-01,1.180840224179559e+00,2.415437606113605e+00
5.145012054579786e-04,-1.024278825190086e-05,-1.167458454963860e-04,-1.235635058448602e-04,2.688091688403616e+00,3.104161714350319e+00,2.403788286776241e-01,1.171590189495634e+00,2.339202590691787e+00
5.145012148789756e-04,-1.051756940896445e-05,-1.176264472227064e-04,-1.199529995173270e-04,2.711210983353060e+00,3.104114742408046e+00,2.481804502160355e-01,1.162854217469533e+00,2.265134206192726e+00
5.145012239199434e-04,-1.075655981744097e-05,-1.184206935469793e-04,-1.165823779912666e-04,2.732363747134489e+00,3.104070111480552e+00,2.557828567008969e-01,1.154533461028818e+00,2.192599770149942e+00
5.145012335236808e-04,-1.098222388602813e-05,-1.192069484853234e-04,-1.131187045502791e-04,2.753767268900084e+00,3.104023354535423e+00,2.639929555966213e-01,1.145782031670046e+00,2.114079157980436e+00
5.145012423932578e-04,-1.116292562010193e-05,-1.198854536006214e-04,-1.100153613513795e-04,2.772596958940902e+00,3.103980945292221e+00,2.717100672004901e-01,1.137795912468796e+00,2.040290625121052e+00
5.145012512635009e-04,-1.131521045735787e-05,-1.205172714644091e-04,-1.070151416060253e-04,2.790564955020758e+00,3.103939452734153e+00,2.795711067532792e-01,1.129917492514562e+00,1.965351198467480e+00
5.145012596287149e-04,-1.143059285228523e-05,-1.210722734428073e-04,-1.042696717095796e-04,2.806750442585651e+00,3.103901353927742e+00,2.871305582694361e-01,1.122599772347639e+00,1.893692941457618e+00
5.145012677882035e-04,-1.151430280457069e-05,-1.215762898667656e-04,-1.016806678246101e-04,2.821855501761789e+00,3.103865358014683e+00,2.946567494153812e-01,1.115578492197424e+00,1.822935240164446e+00
5.145012753826346e-04,-1.156380241113544e-05,-1.220119214909367e-04,-9.934030227523259e-05,2.835330396822753e+00,3.103833103844581e+00,3.018132144881175e-01,1.109156108445097e+00,1.756364301540209e+00
5.145012825488273e-04,-1.158201000194828e-05,-1.223960570856617e-04,-9.720382023261437e-05,2.847544827759757e+00,3.103804011215930e+00,3.087161948068466e-01,1.103203234645574e+00,1.692962878570307e+00
5.145012891031096e-04,-1.157064162445556e-05,-1.227220505821729e-04,-9.530351722782703e-05,2.858299857992235e+00,3.103778796366845e+00,3.151724502421978e-01,1.097855895340964e+00,1.634518512942424e+00
5.145012951460651e-04,-1.153213666548317e-05,-1.230055833147686e-04,-9.360859375646152e-05,2.867867081420966e+00,3.103757001150788e+00,3.212600996689790e-01,1.093012705292794e+00,1.580283365842744e+00
5.145013006365901e-04,-1.146967939361324e-05,-1.232445221853064e-04,-9.211045623769195e-05,2.876268781844682e+00,3.103738666313421e+00,3.269164983596415e-01,1.088688154530034e+00,1.530747127723669e+00
5.145013056951192e-04,-1.138507869188024e-05,-1.234550345633304e-04,-9.077705811906084e-05,2.883760801498203e+00,3.103723253438365e+00,3.322451997475312e-01,1.084770606056955e+00,1.484919234492831e+00
5.145013103659956e-04,-1.128119968619848e-05,-1.236340236844383e-04,-8.957936332635043e-05,2.890462372117701e+00,3.103710459449728e+00,3.372759672374114e-01,1.081212358934841e+00,1.442467818379329e+00
5.145013147858097e-04,-1.115851338738941e-05,-1.237966494734731e-04,-8.848556991614832e-05,2.896608315854636e+00,3.103699742906021e+00,3.421432958072280e-01,1.077899564967644e+00,1.402201599010243e+00
5.145013190406351e-04,-1.101836964169670e-05,-1.239346666820642e-04,-8.746013862114477e-05,2.902342488590756e+00,3.103690718343279e+00,3.469349663409185e-01,1.074761997080844e+00,1.363371878822130e+00
5.145013233106054e-04,-1.085829579168154e-05,-1.240593643090255e-04,-8.646632414486370e-05,2.907916527348671e+00,3.103682851097756e+00,3.518539816747789e-01,1.071665895841202e+00,1.324363553810579e+00
5.145013278171815e-04,-1.067387058674277e-05,-1.241521529673985e-04,-8.544365417959812e-05,2.913605687404343e+00,3.103675585842880e+00,3.571673331860392e-01,1.068457380896267e+00,1.283186313746300e+00
5.145013332206299e-04,-1.044161381438605e-05,-1.242048315054278e-04,-8.425943673992079e-05,2.920174547858172e+00,3.103667813762631e+00,3.636961421663941e-01,1.064693202529672e+00,1.233880239348317e+00
5.145013384383200e-04,-1.021517275086828e-05,-1.241576241081754e-04,-8.314361220245915e-05,2.926272708670864e+00,3.103660824048263e+00,3.701458511156771e-01,1.061146800343690e+00,1.186442170356454e+00
5.145013431941684e-04,-1.000572107783163e-05,-1.240335542034736e-04,-8.215277938586179e-05,2.931640732848521e+00,3.103654958024948e+00,3.761289718016796e-01,1.057992059994078e+00,1.143458241432950e+00
5.145013477865086e-04,-9.791940854583375e-06,-1.238272282493766e-04,-8.120786730637485e-05,2.936670894311336e+00,3.103650200460831e+00,3.819842259596660e-01,1.055017707137461e+00,1.102278771768705e+00
5.145013523648852e-04,-9.561734158690799e-06,-1.235562272335850e-04,-8.028260006075910e-05,2.941554056826731e+00,3.103646656626921e+00,3.878842273709089e-01,1.052123950616190e+00,1.061628933435306e+00
5.145013570712073e-04,-9.304740507992820e-06,-1.232016228097485e-04,-7.933749423394273e-05,2.946454945340151e+00,3.103644421088841e+00,3.940019793439317e-01,1.049224777977037e+00,1.020343859706837e+00
5.145013619464397e-04,-9.017344008167699e-06,-1.227794083267032e-04,-7.837141818680638e-05,2.951423312727672e+00,3.103643615285125e+00,4.003836363127320e-01,1.046303001342145e+00,9.781886835860357e-01
5.145013670640748e-04,-8.695834323763225e-06,-1.222714673931928e-04,-7.736041466979173e-05,2.956538780927315e+00,3.103644290111535e+00,4.071182045067501e-01,1.043325686855905e+00,9.346799097359355e-01
5.145013712250116e-04,-8.422286037607223e-06,-1.218354131247710e-04,-7.654678457690936e-05,2.960633880999244e+00,3.103645866624586e+00,4.126125723590449e-01,1.040972916896864e+00,8.999043850395947e-01
5.145013748196096e-04,-8.179032755378929e-06,-1.214354233100388e-04,-7.584333059933762e-05,2.964131739815779e+00,3.103647891088023e+00,4.173677439477045e-01,1.038989465499559e+00,8.703145846868187e-01
5.145013781470734e-04,-7.949124623362197e-06,-1.210679429134487e-04,-7.519862608382024e-05,2.967340245545618e+00,3.103650269248466e+00,4.217740143305057e-01,1.037193927176218e+00,8.433053391686313e-01
5.145013813163021e-04,-7.726078111435358e-06,-1.207084605830671e-04,-7.458301245303090e-05,2.970372074849613e+00,3.103652981815761e+00,4.259735186802809e-01,1.035519914494989e+00,8.179229531327481e-01
5.145013847936427e-04,-7.476196257719809e-06,-1.203252654843038e-04,-7.391433798026247e-05,2.973673551535549e+00,3.103656495075815e+00,4.305837537219047e-01,1.033723614398143e+00,7.904560087729815e-01
5.145013879300195e-04,-7.245236047474097e-06,-1.199734203358987e-04,-7.330934672231262e-05,2.976630272287565e+00,3.103660199105466e+00,4.347442868126732e-01,1.032139676641472e+00,7.660237322631955e-01
5.145013912419196e-04,-6.994405823362998e-06,-1.196042474475293e-04,-7.267547246121219e-05,2.979732900575645e+00,3.103664728783775e+00,4.391393558130428e-01,1.030504259580464e+00,7.405783726612449e-01
5.145013947630459e-04,-6.719729549335002e-06,-1.191846106908502e-04,-7.199666852032236e-05,2.983012879193745e+00,3.103670259032090e+00,4.438116904481280e-01,1.028807280080507e+00,7.139376160435120e-01
5.145013992177357e-04,-6.358738104314115e-06,-1.186133962006988e-04,-7.113767990030983e-05,2.987143159904874e+00,3.103678411157394e+00,4.497146972592340e-01,1.026721754268951e+00,6.808869955527329e-01
5.145014020343326e-04,-6.122618585194944e-06,-1.182015857189325e-04,-7.058592191870424e-05,2.989748668335879e+00,3.103684244971149e+00,4.534364651746815e-01,1.025438333796962e+00,6.603987630953420e-01
5.145014048445189e-04,-5.879725032972433e-06,-1.177761989639204e-04,-7.003614395099406e-05,2.992348090611264e+00,3.103690659800640e+00,4.571376588979035e-01,1.024184939179876e+00,6.403011953371900e-01
5.145014081168616e-04,-5.584568871256496e-06,-1.172325012148096e-04,-6.938521758591046e-05,2.995379007032922e+00,3.103699044603726e+00,4.614286141628752e-01,1.022759234521242e+00,6.173593977470103e-01
5.145014111913016e-04,-5.295017337768742e-06,-1.167054272305159e-04,-6.877158525431830e-05,2.998234448818874e+00,3.103707840037095e+00,4.654384284362578e-01,1.021452738889899e+00,5.962813295369270e-01
5.145014144527167e-04,-4.973656976282742e-06,-1.161134928036430e-04,-6.811057523444700e-05,3.001275234408349e+00,3.103718218880561e+00,4.696675811537828e-01,1.020101406750695e+00,5.744464648674552e-01
5.145014180092054e-04,-4.606650003772389e-06,-1.154621487934430e-04,-6.738636951390180e-05,3.004608082786827e+00,3.103730781297224e+00,4.742492318620296e-01,1.018668040537235e+00,5.512706957709116e-01
5.145014219037267e-04,-4.187041247764173e-06,-1.147261565733522e-04,-6.658130720093937e-05,3.008280831123940e+00,3.103745944190386e+00,4.792298685737161e-01,1.017146036230230e+00,5.266663067795442e-01
5.145014263624580e-04,-3.687416662042781e-06,-1.138891723243557e-04,-6.565309188790030e-05,3.012517970823321e+00,3.103764961455027e+00,4.848851249001502e-01,1.015463771896012e+00,4.995026072770557e-01
5.145014314303659e-04,-3.100721578665061e-06,-1.129300340214027e-04,-6.458168137343631e-05,3.017377606104711e+00,3.103788452811622e+00,4.912525857186769e-01,1.013628487208897e+00,4.699345677670267e-01
5.145014375157915e-04,-2.378714131307108e-06,-1.118052098275947e-04,-6.328222889515162e-05,3.023274299390445e+00,3.103818889698895e+00,4.988136940881420e-01,1.011530507123633e+00,4.362577857354819e-01
5.145014446799398e-04,-1.515822465009281e-06,-1.105056155111909e-04,-6.172739561987688e-05,3.030298091973730e+00,3.103857296046768e+00,5.075958220350912e-01,1.009204943184288e+00,3.991296649234471e-01
5.145014518217765e-04,-6.511914158692511e-07,-1.092698868231606e-04,-6.016056068330231e-05,3.037379878029496e+00,3.103897900347825e+00,5.162196950334532e-01,1.007037604906060e+00,3.647635307035525e-01
5.145014584041526e-04,1.434634509643595e-07,-1.081734942334493e-04,-5.869838836490075e-05,3.043967030984175e+00,3.103937067347816e+00,5.240493632386868e-01,1.005169520865437e+00,3.353546358855010e-01
5.145014647486213e-04,9.036227927126938e-07,-1.071785252114081e-04,-5.728159893595209e-05,3.050359386250298e+00,3.103976206032840e+00,5.314853918204243e-01,1.003482877626518e+00,3.089875578115547e-01
5.145014710161519e-04,1.646529492656951e-06,-1.062399964347168e-04,-5.587112771881535e-05,3.056704260323845e+00,3.104016068958292e+00,5.387218605166494e-01,1.001923188689917e+00,2.847680912088397e-01
5.145014777173992e-04,2.429957441073410e-06,-1.053080842255746e-04,-5.436124317805193e-05,3.063507359915608e+00,3.104059883847147e+00,5.463357530278065e-01,1.000368972153645e+00,2.607875854739357e-01
5.145014839602479e-04,3.148316769060328e-06,-1.044898455941361e-04,-5.294947799366789e-05,3.069850069126622e+00,3.104101720599872e+00,5.533114540228227e-01,9.990232768600394e-01,2.401394614730318e-01
5.145014903912886e-04,3.875228155148930e-06,-1.037159478080293e-04,-5.149945312412255e-05,3.076375285881482e+00,3.104145742583605e+00,5.603764975574533e-01,9.977366943085154e-01,2.204796814047498e-01
5.145014965353015e-04,4.556219465016026e-06,-1.030238992263531e-04,-5.011447988829294e-05,3.082588840437215e+00,3.104188595674200e+00,5.670095465202154e-01,9.965990391217933e-01,2.031375124238001e-01
5.145015028751925e-04,5.244036036892025e-06,-1.023755216900890e-04,-4.869492892355988e-05,3.088967066115709e+00,3.104233545169060e+00,5.737326211820182e-01,9.955157358477881e-01,1.866267161657363e-01
5.145015090564539e-04,5.899046784453160e-06,-1.017882182981341e-04,-4.731623164039485e-05,3.095141649344554e+00,3.104278000491979e+00,5.801672928196141e-01,9.945452931238935e-01,1.717978141912830e-01
5.145015154255831e-04,6.556903693916011e-06,-1.012457136489962e-04,-4.591012636191585e-05,3.101446980441338e+00,3.104324374628806e+00,5.866721415236027e-01,9.936309189735534e-01,1.577405099998968e-01
5.145015217218969e-04,7.189066500231517e-06,-1.007515854839048e-04,-4.453031969592888e-05,3.107612933118018e+00,3.104370690023458e+00,5.929767595375957e-01,9.928095063918743e-01,1.449795823596808e-01
5.145015282024124e-04,7.819874830602285e-06,-1.003024012262938e-04,-4.312949677929335e-05,3.113879077187092e+00,3.104418758657244e+00,5.993346290213521e-01,9.920467367841451e-01,1.329385579932098e-01
5.145015346779984e-04,8.428802450556190e-06,-9.989276572374968e-05,-4.174491596710594e-05,3.120049665446195e+00,3.104467084772526e+00,6.055547410150302e-01,9.913654039215622e-01,1.219316372719757e-01
5.145015413405404e-04,9.031935128081952e-06,-9.952727142991721e-05,-4.034467761624788e-05,3.126294537000876e+00,3.104517009504679e+00,6.118161334799154e-01,9.907457014114087e-01,1.115920870380459e-01
5.145015480558812e-04,9.614478331943927e-06,-9.919484807708066e-05,-3.895366401752248e-05,3.132473909342607e+00,3.104567414369084e+00,6.179861507408966e-01,9.902014948298292e-01,1.020997676836015e-01
5.145015549674058e-04,1.018637727898772e-05,-9.890506382775892e-05,-3.755153098134765e-05,3.138705439925099e+00,3.104619264450982e+00,6.241900318109738e-01,9.897224990846339e-01,9.322152747781076e-02
5.145015619843587e-04,1.073694347324059e-05,-9.864333441617490e-05,-3.615377128990544e-05,3.144891775401020e+00,3.104671741027142e+00,6.303386899018046e-01,9.893171543120950e-01,8.505182506849006e-02
5.145015692135797e-04,1.127153773418862e-05,-9.842224194986306e-05,-3.474879178005329e-05,3.151111172975040e+00,3.104725506800821e+00,6.365180858212304e-01,9.889814785014632e-01,7.744291392015146e-02
5.145015765994537e-04,1.178238415535313e-05,-9.822511080194431e-05,-3.334496510750439e-05,3.157298410382610e+00,3.104779983197499e+00,6.426720071234366e-01,9.887209511561849e-01,7.043576096747511e-02
5.145015842212230e-04,1.227146714155233e-05,-9.806627149624284e-05,-3.193736211838763e-05,3.163501876240513e+00,3.104835590699677e+00,6.488576524523384e-01,9.885358033010525e-01,6.393702111100512e-02
5.145015920526122e-04,1.273303887277075e-05,-9.792788200459157e-05,-3.052898407536464e-05,3.169680543664185e+00,3.104891944689565e+00,6.550439039287425e-01,9.884303546693266e-01,5.795497909793720e-02
5.145016001522448e-04,1.316668268665930e-05,-9.782521164940131e-05,-2.911998937712488e-05,3.175860144108036e+00,3.104949274366075e+00,6.612669894867383e-01,9.884077193130039e-01,5.243057465597448e-02
5.145016085193495e-04,1.356801905753366e-05,-9.773984037006615e-05,-2.770936920299065e-05,3.182017677721959e+00,3.105007353266171e+00,6.675152602129673e-01,9.884724507655415e-01,4.735290500474585e-02
5.145016171976377e-04,1.393503152564798e-05,-9.768746859489484e-05,-2.630117304897065e-05,3.188161698869513e+00,3.105066263057628e+00,6.738098520600826e-01,9.886297626604710e-01,4.268414401550488e-02
5.145016262097198e-04,1.426420987777996e-05,-9.764945955301452e-05,-2.489145155137833e-05,3.194282404942858e+00,3.105125907682075e+00,6.801546119488223e-01,9.888856215698354e-01,3.840285381009034e-02
5.145016355893745e-04,1.455258971196125e-05,-9.764163665090892e-05,-2.348724065712546e-05,3.200375322515463e+00,3.105186258509336e+00,6.865601109722096e-01,9.892469858682953e-01,3.448403545527461e-02
5.145016450828415e-04,1.479033818550954e-05,-9.764485371187978e-05,-2.212443254158948e-05,3.206259064012823e+00,3.105245484330088e+00,6.928478792323652e-01,9.897064299117698e-01,3.100398380974469e-02
5.145016545593388e-04,1.497629838169354e-05,-9.767292105250625e-05,-2.082775004090564e-05,3.211854590878953e+00,3.105302718928484e+00,6.989385157064761e-01,9.902541608888434e-01,2.795428092599379e-02
5.145016641396088e-04,1.511529656352914e-05,-9.770600182268609e-05,-1.957415938521965e-05,3.217236810998612e+00,3.105358659906513e+00,7.049172175847117e-01,9.908936336094093e-01,2.524487928400456e-02
5.145016738458598e-04,1.520934714884001e-05,-9.775899739293438e-05,-1.836743549965641e-05,3.222416772365592e+00,3.105413382680695e+00,7.108014521209726e-01,9.916247872405656e-01,2.283215120318215e-02
5.145016837604415e-04,1.526037509277253e-05,-9.781322157649800e-05,-1.719267145731685e-05,3.227433741284879e+00,3.105467272947873e+00,7.166423009844326e-01,9.924535336339343e-01,2.066647552578496e-02
5.145016938928030e-04,1.526939738450403e-05,-9.788413744414919e-05,-1.605668372126025e-05,3.232285301624083e+00,3.105520294631395e+00,7.224445288577637e-01,9.933813316076325e-01,1.872280928399206e-02
5.145017043177459e-04,1.523712437801458e-05,-9.795361470170341e-05,-1.494747689627387e-05,3.236997983521085e+00,3.105572729032151e+00,7.282486803462578e-01,9.944164530091484e-01,1.696799467858224e-02
5.145017150555656e-04,1.516410050908954e-05,-9.803747792089325e-05,-1.387181104986220e-05,3.241569377169503e+00,3.105624556540097e+00,7.340621034402861e-01,9.955631198008745e-01,1.538369510189016e-02
5.145017261869417e-04,1.505005895187858e-05,-9.811796644480864e-05,-1.281908819846160e-05,3.246019893834364e+00,3.105676013397701e+00,7.399229839398132e-01,9.968328993090443e-01,1.394596745212462e-02
5.145017377444856e-04,1.489496011245359e-05,-9.821112282252934e-05,-1.179626464192719e-05,3.250346112852712e+00,3.105727077884679e+00,7.458412820195264e-01,9.982332363405966e-01,1.264127301720165e-02
5.145017498229820e-04,1.469751058740351e-05,-9.829943565723643e-05,-1.079370291362680e-05,3.254564271361658e+00,3.105777953258794e+00,7.518565584159210e-01,9.997801397720466e-01,1.145167522574674e-02
5.145017624760338e-04,1.445683939759954e-05,-9.839910090266645e-05,-9.818385963292286e-06,3.258670702139718e+00,3.105828615996873e+00,7.579844555852537e-01,1.001485878392083e+00,1.036675035162639e-02
5.145017758268289e-04,1.417027819486813e-05,-9.849280174356690e-05,-8.861227561223143e-06,3.262679249915371e+00,3.105879246249642e+00,7.642712059580236e-01,1.003373456408655e+00,9.372530224500015e-03
5.145017900865346e-04,1.383261897293417e-05,-9.859768998433936e-05,-7.921480053751209e-06,3.266618460232898e+00,3.105930232158502e+00,7.707975263295920e-01,1.005481419174106e+00,8.453469625563079e-03
5.145018055192342e-04,1.343596601800820e-05,-9.869705383577645e-05,-6.987274738546477e-06,3.270513521129097e+00,3.105981926371224e+00,7.776578942420110e-01,1.007860802665250e+00,7.596862625330570e-03
5.145018223315053e-04,1.297314276781245e-05,-9.880732749675517e-05,-6.066297210494830e-06,3.274357373016743e+00,3.106034251483276e+00,7.849105137123472e-01,1.010558235728054e+00,6.798207412654684e-03
5.145018409057870e-04,1.243125088409167e-05,-9.891168479436484e-05,-5.149260977275680e-06,3.278164353455289e+00,3.106087362071230e+00,7.926776113806103e-01,1.013653059535782e+00,6.048731243709643e-03
5.145018617553460e-04,1.179247858674168e-05,-9.902712898377285e-05,-4.239767421222428e-06,3.281944334177328e+00,3.106141271238239e+00,8.011161961737455e-01,1.017253772084277e+00,5.341248483293904e-03
5.145018826278442e-04,1.112685022760837e-05,-9.912327828462294e-05,-3.436992897231885e-06,3.285262843727511e+00,3.106189306107590e+00,8.092942454978398e-01,1.020975834313968e+00,4.746987704628138e-03
5.145019047481446e-04,1.040013445366847e-05,-9.922264736427123e-05,-2.696097670529069e-06,3.288332159720811e+00,3.106233914491340e+00,8.176938871505568e-01,1.025030206520720e+00,4.216551279693016e-03
5.145019270182051e-04,9.650824602221858e-06,-9.930339238741035e-05,-2.045160772223204e-06,3.291013460347835e+00,3.106272355376520e+00,8.258974097782388e-01,1.029208745996314e+00,3.765902042476343e-03
5.145019506252050e-04,8.842145920425621e-06,-9.938696200977288e-05,-1.451930507986546e-06,3.293465749651928e+00,3.106306134415837e+00,8.343411937529575e-01,1.033725776622706e+00,3.361990128407789e-03
5.145019746289351e-04,8.007800456312081e-06,-9.945327486038570e-05,-9.319489605450496e-07,3.295601802563461e+00,3.106333174748458e+00,8.426837911282939e-01,1.038393575166576e+00,3.014780366943297e-03
5.145020000091900e-04,7.115797166893228e-06,-9.952225909386729e-05,-4.667499954530005e-07,3.297522967340969e+00,3.106353828481192e+00,8.512613343514371e-01,1.043392760938211e+00,2.704460779725037e-03
5.145020260058788e-04,6.193851165662151e-06,-9.957524499713434e-05,-6.199774487181059e-08,3.299182507438741e+00,3.106366554986848e+00,8.598094308435016e-01,1.048563388919029e+00,2.436261410386114e-03
5.145020534747137e-04,5.213642385136635e-06,-9.962905592157598e-05,2.808045949313800e-07,3.300653359892222e+00,3.106370818423625e+00,8.686021322868658e-01,1.054063534604595e+00,2.198596850290134e-03
5.145020819215308e-04,4.191865202983619e-06,-9.967090749917836e-05,5.908548337502852e-07,3.301917040571082e+00,3.106365219908716e+00,8.774691062174780e-01,1.059780906815648e+00,1.992586717952305e-03
5.145021117881118e-04,3.113855288724293e-06,-9.971653842132000e-05,8.550502062874251e-07,3.302998973993240e+00,3.106348419925553e+00,8.865375627294712e-01,1.065788498462410e+00,1.810841474484730e-03
5.145021428631481e-04,1.988478350917061e-06,-9.974779214053892e-05,1.076364671917753e-06,3.303903877419393e+00,3.106319113656992e+00,8.957307137809042e-01,1.072026536408801e+00,1.652901298678996e-03
5.145021760650239e-04,7.821307056553317e-07,-9.978401186625264e-05,1.261819161298011e-06,3.304666713542789e+00,3.106274443973251e+00,9.053002817155039e-01,1.078658752429497e+00,1.512986869404101e-03
5.145022107707009e-04,-4.817780348743972e-07,-9.980690877999257e-05,1.411443935944186e-06,3.305281061510340e+00,3.106213031208810e+00,9.150439435251180e-01,1.085537087024535e+00,1.392671623855490e-03
5.145022479072746e-04,-1.837141686994587e-06,-9.983531757004194e-05,1.529857053471624e-06,3.305772548058866e+00,3.106130635278997e+00,9.251967652348306e-01,1.092817323713818e+00,1.287523239366755e-03
5.145022872016607e-04,-3.273271964271546e-06,-9.985152480883272e-05,1.619639691969148e-06,3.306144888214991e+00,3.106024704811219e+00,9.356521101025543e-01,1.100412732737193e+00,1.197374709362602e-03
5.145023296414698e-04,-4.826044888147780e-06,-9.987392613860028e-05,1.683109547758127e-06,3.306414574358255e+00,3.105888648147215e+00,9.466335469016331e-01,1.108473597844104e+00,1.119097031339928e-03
5.145023753020733e-04,-6.497092098193408e-06,-9.988507361370462e-05,1.723461024053061e-06,3.306587626876575e+00,3.105717223111415e+00,9.581097894505566e-01,1.116963580374577e+00,1.051937381613612e-03
5.145024250233530e-04,-8.315986107877565e-06,-9.990297626660141e-05,1.741242121806765e-06,3.306673467836361e+00,3.105501097262198e+00,9.702307942515326e-01,1.125976661699881e+00,9.940243768354899e-04
5.145024768164272e-04,-1.020770023327691e-05,-9.990988193666379e-05,1.740326167823996e-06,3.306680165165749e+00,3.105243451761492e+00,9.824630532035716e-01,1.135094441590058e+00,9.462734354710906e-04
5.145025323606576e-04,-1.223089440193795e-05,-9.992402738843916e-05,1.722206338894664e-06,3.306621327102557e+00,3.104930469900000e+00,9.951580528688979e-01,1.144554650421014e+00,9.055046736806768e-04
5.145025903818541e-04,-1.433530808660058e-05,-9.992802955592892e-05,1.691957694711837e-06,3.306509825442426e+00,3.104563289139682e+00,1.007974156565749e+00,1.154078857289282e+00,8.712836976757245e-04
5.145026523102671e-04,-1.656814135863619e-05,-9.993982299095568e-05,1.649686390251558e-06,3.306353844440101e+00,3.104126417035252e+00,1.021174870305263e+00,1.163838970979376e+00,8.415195813082322e-04
5.145027168310436e-04,-1.887602160700289e-05,-9.994206102239893e-05,1.600489029562615e-06,3.306166072517872e+00,3.103622419425033e+00,1.034425684905838e+00,1.173565423949504e+00,8.157966035823045e-04
5.145027849211884e-04,-2.128715303922127e-05,-9.995244603087197e-05,1.543829634752440e-06,3.305952154103445e+00,3.103037202582163e+00,1.047877086227048e+00,1.183349049618444e+00,7.928205998098599e-04
5.145028552817686e-04,-2.374786448886460e-05,-9.995364264553401e-05,1.484420939962430e-06,3.305723122166241e+00,3.102375827915449e+00,1.061226215996560e+00,1.192953768697867e+00,7.722889217546666e-04
5.145029285582368e-04,-2.627281685273167e-05,-9.996318818572715e-05,1.421222622004257e-06,3.305482621415147e+00,3.101626943030863e+00,1.074557782952681e+00,1.202429549535296e+00,7.534386097732773e-04
5.145030035863792e-04,-2.881372209478164e-05,-9.996374846082577e-05,1.358254558762236e-06,3.305238838047878e+00,3.100797913851498e+00,1.087629076434663e+00,1.211597588849499e+00,7.361179621347385e-04
5.145030808448549e-04,-3.137903766451080e-05,-9.997274825582907e-05,1.293987188617663e-06,3.304993511742647e+00,3.099879922927052e+00,1.100501839126380e+00,1.220499770730117e+00,7.199065320316537e-04
5.145031594277806e-04,-3.393118832665812e-05,-9.997286622862713e-05,1.231706641818513e-06,3.304751846024466e+00,3.098880921370529e+00,1.113009416497767e+00,1.229023045041698e+00,7.047502978497699e-04
5.145032392953131e-04,-3.646267908341008e-05,-9.998143136460772e-05,1.169862336463741e-06,3.304515516827738e+00,3.097799965996072e+00,1.125141526303829e+00,1.237166923642433e+00,6.905017373753124e-04
5.145033187788224e-04,-3.891674117598845e-05,-9.998109964276399e-05,1.111888553546680e-06,3.304290177035818e+00,3.096660427551118e+00,1.136659501852791e+00,1.244782684823193e+00,6.772954573776012e-04
5.145033996573007e-04,-4.134490825574835e-05,-9.998925244812854e-05,1.054585110215626e-06,3.304071192981720e+00,3.095437584469340e+00,1.147835173931340e+00,1.252061879482631e+00,6.647498060467536e-04
5.145034811674078e-04,-4.371996165513883e-05,-9.998860389436452e-05,1.000570636121873e-06,3.303860970813850e+00,3.094142666197384e+00,1.158566824278017e+00,1.258947914584493e+00,6.529070428140488e-04
5.145035646616237e-04,-4.607670505598085e-05,-9.999646909681052e-05,9.470098827049002e-07,3.303656341330085e+00,3.092753365015872e+00,1.169031656431594e+00,1.265563388444301e+00,6.415516236398835e-04
5.145036494053628e-04,-4.838925138054853e-05,-9.999558079995912e-05,8.964622322721321e-07,3.303459396937550e+00,3.091280542743541e+00,1.179131811026883e+00,1.271854307970404e+00,6.307462148355469e-04
5.145037364664084e-04,-5.068154515317849e-05,-1.000032097714552e-04,8.463277800272095e-07,3.303267942285951e+00,3.089704116708809e+00,1.188987330376221e+00,1.277903127576714e+00,6.203605618546674e-04
5.145038252474518e-04,-5.293228815970955e-05,-1.000021139240142e-04,7.990526838578801e-07,3.303083557625031e+00,3.088033059304622e+00,1.198520552145849e+00,1.283669265841531e+00,6.104437111053539e-04
5.145039166489467e-04,-5.515873088596371e-05,-1.000095319483365e-04,7.521758068237092e-07,3.302904649097978e+00,3.086248491429938e+00,1.207817407917534e+00,1.289211677943085e+00,6.009118227679266e-04
5.145040096100559e-04,-5.733003480959190e-05,-1.000082263866039e-04,7.083303878951267e-07,3.302733449919744e+00,3.084369575570599e+00,1.216762119113798e+00,1.294468584189488e+00,5.918541264461228e-04
5.145041045882541e-04,-5.945328652849815e-05,-1.000154039000758e-04,6.652399328505292e-07,3.302569142684809e+00,3.082386363529279e+00,1.225397484670468e+00,1.299473184735106e+00,5.832333222550682e-04
5.145042012041677e-04,-6.151668228440946e-05,-1.000138701288204e-04,6.251366664637936e-07,3.302412348742666e+00,3.080306181878262e+00,1.233688338796533e+00,1.304212823879986e+00,5.750551638754286e-04
5.145043000081486e-04,-6.352889144226729e-05,-1.000208171054996e-04,5.857040917004101e-07,3.302262156935500e+00,3.078116623547720e+00,1.241681314836418e+00,1.308721531160500e+00,5.672813900376169e-04
5.145044007314391e-04,-6.548133674242243e-05,-1.000190690944888e-04,5.491241919930794e-07,3.302118933765202e+00,3.075823012740651e+00,1.249353207101701e+00,1.312993074542945e+00,5.599066374477467e-04
5.145045038221171e-04,-6.737982926470556e-05,-1.000257991455253e-04,5.131310184280771e-07,3.301982020972579e+00,3.073414565257408e+00,1.256736856526073e+00,1.317052263723776e+00,5.529083248158417e-04
5.145046090922517e-04,-6.921806854697357e-05,-1.000238475728737e-04,4.798781791514298e-07,3.301851618015794e+00,3.070895067099619e+00,1.263817045546597e+00,1.320896834562624e+00,5.462738253552547e-04
5.145047169282017e-04,-7.100017430524366e-05,-1.000303715665259e-04,4.471254529412858e-07,3.301727220833282e+00,3.068254722445072e+00,1.270618195019175e+00,1.324545829519678e+00,5.399901172900573e-04
5.145048272147659e-04,-7.272166444288423e-05,-1.000282256913705e-04,4.170088972402319e-07,3.301608906865794e+00,3.065495799558978e+00,1.277131155260981e+00,1.327999748486786e+00,5.340393260176397e-04
5.145049402930745e-04,-7.438547778632190e-05,-1.000345532589848e-04,3.873034938424465e-07,3.301496282707348e+00,3.062609269272080e+00,1.283374365467492e+00,1.331273473197278e+00,5.284152072348899e-04
5.145050561089699e-04,-7.598849427179380e-05,-1.000322214320425e-04,3.601372935266686e-07,3.301389343742625e+00,3.059596033187705e+00,1.289342934322240e+00,1.334369211494009e+00,5.230965075213083e-04
5.145051749721238e-04,-7.753285471937224e-05,-1.000383612773324e-04,3.332930893846166e-07,3.301287775812155e+00,3.056447614353603e+00,1.295051098297490e+00,1.337298832247624e+00,5.180818212673939e-04
5.145052968819675e-04,-7.901648162351185e-05,-1.000358509432440e-04,3.088977514025236e-07,3.301191521246572e+00,3.053163638188933e+00,1.300497011167116e+00,1.340065577661495e+00,5.133491119936771e-04
5.145054221287391e-04,-8.044100366453214e-05,-1.000418113983953e-04,2.847360366060649e-07,3.301100320782028e+00,3.049735962340731e+00,1.305692003320435e+00,1.342679124705714e+00,5.088985948285426e-04
5.145055507614966e-04,-8.180515970188998e-05,-1.000391303451769e-04,2.629360322493011e-07,3.301014075497334e+00,3.046162964129937e+00,1.310636451621154e+00,1.345143318431931e+00,5.047047529430810e-04
5.145056830616418e-04,-8.311027140424434e-05,-1.000449186630164e-04,2.412827409242452e-07,3.300932570197690e+00,3.042436618096409e+00,1.315339704081087e+00,1.347466223045366e+00,5.007736448217581e-04
5.145058191248305e-04,-8.435571346446471e-05,-1.000420737234887e-04,2.219096860848817e-07,3.300855685096218e+00,3.038554077583560e+00,1.319803731282401e+00,1.349651978121552e+00,4.970797839335461e-04
5.145059592354770e-04,-8.554266657521473e-05,-1.000476975535202e-04,2.025985368840019e-07,3.300783232895960e+00,3.034507151322269e+00,1.324036626517199e+00,1.351707481392109e+00,4.936295816267037e-04
5.145061035362992e-04,-8.667101572616424e-05,-1.000446957831581e-04,1.854893005452354e-07,3.300715079088413e+00,3.030291709008173e+00,1.328041542716370e+00,1.353636982878373e+00,4.903973833298630e-04
5.145062523245689e-04,-8.774189885836129e-05,-1.000501625695657e-04,1.683592634110503e-07,3.300651057765802e+00,3.025899142288664e+00,1.331825768093719e+00,1.355446500269932e+00,4.873910009481280e-04
5.145064057932284e-04,-8.875561988855543e-05,-1.000470110543011e-04,1.533558469669619e-07,3.300591025870239e+00,3.021323909260385e+00,1.335393357728480e+00,1.357140284243185e+00,4.845847375238489e-04
5.145065642639962e-04,-8.971334746409446e-05,-1.000523282770422e-04,1.382511723252229e-07,3.300534833384722e+00,3.016556664870135e+00,1.338751135637026e+00,1.358723692173297e+00,4.819874693690941e-04
5.145067279858761e-04,-9.061573276106919e-05,-1.000490342221125e-04,1.252005118542626e-07,3.300482332885753e+00,3.011590254184083e+00,1.341903853964906e+00,1.360200907822963e+00,4.795736190377748e-04
5.145068973182475e-04,-9.146402178901516e-05,-1.000542094707003e-04,1.119704357745320e-07,3.300433386344505e+00,3.006414213137952e+00,1.344858105154817e+00,1.361576787139069e+00,4.773528949179032e-04
5.145070725755273e-04,-9.225915665089692e-05,-1.000507802432010e-04,1.007241532239911e-07,3.300387844715997e+00,3.001019471046046e+00,1.347619190412360e+00,1.362855410454706e+00,4.752999456733058e-04
5.145072541708162e-04,-9.300248774369983e-05,-1.000558212485704e-04,8.922256874151317e-08,3.300345579173799e+00,2.995393966552383e+00,1.350193625885356e+00,1.364041249046681e+00,4.734251504681084e-04
5.145074424978688e-04,-9.369520219948760e-05,-1.000522643855180e-04,7.963668058867620e-08,3.300306440812217e+00,2.989526275262051e+00,1.352587151884028e+00,1.365138263518729e+00,4.717034510080905e-04
5.145076380439641e-04,-9.433876687348422e-05,-1.000571790189168e-04,6.972179892380083e-08,3.300270308010693e+00,2.983402120228941e+00,1.354806306027655e+00,1.366150626851344e+00,4.701457854961270e-04
5.145078413023522e-04,-9.493457490409432e-05,-1.000535022074108e-04,6.165640822596551e-08,3.300237033086953e+00,2.977007099067616e+00,1.356857182241911e+00,1.367082176199313e+00,4.687274305892817e-04
5.145080528616195e-04,-9.548421037491997e-05,-1.000582984483751e-04,5.319042321684345e-08,3.300206500189462e+00,2.970323894866195e+00,1.358746394667287e+00,1.367936850477345e+00,4.674598099613349e-04
5.145082733435432e-04,-9.598923784551864e-05,-1.000545094732462e-04,4.650941469970458e-08,3.300178563497432e+00,2.963334237172789e+00,1.360480320582983e+00,1.368718367000042e+00,4.663185646794097e-04
5.145085034753154e-04,-9.645135098550375e-05,-1.000591953455331e-04,3.935818756535016e-08,3.300153111889813e+00,2.956016636084805e+00,1.362065674167451e+00,1.369430478501944e+00,4.653155609897994e-04
5.145087440494039e-04,-9.687225400565672e-05,-1.000553020062875e-04,3.392894047762453e-08,3.300130001752884e+00,2.948347670362456e+00,1.363509054889628e+00,1.370076789773781e+00,4.644268319914640e-04
5.145089959846443e-04,-9.725373631525605e-05,-1.000598854789715e-04,2.796171629206221e-08,3.300109125956431e+00,2.940300071669331e+00,1.364817277245393e+00,1.370660902854695e+00,4.636646738361128e-04
5.145092603065167e-04,-9.759761172280072e-05,-1.000558954675483e-04,2.365485536649445e-08,3.300090343272164e+00,2.931843384855961e+00,1.365997106764392e+00,1.371186318473142e+00,4.630055487228340e-04
5.145095382034938e-04,-9.790574696129886e-05,-1.000603843115916e-04,1.874403323232423e-08,3.300073550056677e+00,2.922942214589690e+00,1.367055441410567e+00,1.371656513698336e+00,4.624622040341461e-04
5.145098310285198e-04,-9.818003629649033e-05,-1.000563050387664e-04,1.543324300149066e-08,3.300058607579093e+00,2.913556236415565e+00,1.367999158981785e+00,1.372074892942519e+00,4.620115927984730e-04
5.145101403585962e-04,-9.842240191691678e-05,-1.000607066219560e-04,1.145422595995433e-08,3.300045415378821e+00,2.903638369690673e+00,1.368835211404478e+00,1.372444825999232e+00,4.616669800205155e-04
5.145104680219319e-04,-9.863478955355012e-05,-1.000565449677839e-04,9.016153889592800e-09,3.300033837339653e+00,2.893134013034080e+00,1.369570535286774e+00,1.372769626522312e+00,4.614059186110878e-04
5.145108161726581e-04,-9.881915199207461e-05,-1.000608659492135e-04,5.847308290289801e-09,3.300023776087621e+00,2.881978793920418e+00,1.370212097158588e+00,1.373052567570625e+00,4.612423299474210e-04
5.145111873548607e-04,-9.897745658737370e-05,-1.000566278833587e-04,4.161599606141408e-09,3.300015098322645e+00,2.870096709171730e+00,1.370766837527889e+00,1.373296874110173e+00,4.611545634142148e-04
5.145115846130628e-04,-9.911165851303485e-05,-1.000608737360666e-04,1.684371395806669e-09,3.300007709889219e+00,2.857396851875100e+00,1.371241689597578e+00,1.373505726074956e+00,4.611574635319368e-04
5.145120116182342e-04,-9.922371437183123e-05,-1.000565636985605e-04,6.338906314720189e-10,3.300001480683123e+00,2.843769743390948e+00,1.371643539179517e+00,1.373682256910630e+00,4.612305466936544e-04
5.145124728548405e-04,-9.931554679163304e-05,-1.000607375727134e-04,-1.268023562898786e-09,3.299996333292682e+00,2.829081869958809e+00,1.371979228977792e+00,1.373829551187336e+00,4.613906859577991e-04
5.145129738684303e-04,-9.938906781272642e-05,-1.000563580421103e-04,-1.792960910552106e-09,3.299992113417332e+00,2.813168515544996e+00,1.372255525981646e+00,1.373950639676687e+00,4.616171079975260e-04
5.145135216094500e-04,-9.944612681332634e-05,-1.000604597937418e-04,-3.232051999567895e-09,3.299988748523228e+00,2.795823888482845e+00,1.372479114568153e+00,1.374048494059293e+00,4.619319283203640e-04
5.145141249247221e-04,-9.948853431357554e-05,-1.000560069269958e-04,-3.344187781268673e-09,3.299986120134304e+00,2.776787114680893e+00,1.372656560487516e+00,1.374126027677645e+00,4.623175674698890e-04
5.145147953983723e-04,-9.951801717985723e-05,-1.000600297517479e-04,-4.423249798320934e-09,3.299984147987229e+00,2.755718128946302e+00,1.372794328046858e+00,1.374186089307764e+00,4.627997724892083e-04
5.145155482460027e-04,-9.953622148837119e-05,-1.000554899630760e-04,-4.224371451296452e-09,3.299982718504783e+00,2.732173477890669e+00,1.372898691641734e+00,1.374231438546307e+00,4.633706364809627e-04
5.145164043594067e-04,-9.954467452759977e-05,-1.000594102244826e-04,-5.040871875331417e-09,3.299981762064950e+00,2.705548946566329e+00,1.372975796689160e+00,1.374264761656331e+00,4.640686771217544e-04
5.145173928165349e-04,-9.954480561852455e-05,-1.000547421134765e-04,-4.622479938835376e-09,3.299981178412593e+00,2.675013558394013e+00,1.373031605413023e+00,1.374288655173576e+00,4.649108480426249e-04
5.145185558304997e-04,-9.953796593454092e-05,-1.000584849771015e-04,-5.258791046982721e-09,3.299980918799335e+00,2.639380504315032e+00,1.373072014834054e+00,1.374305656360540e+00,4.659840164224366e-04
5.145199560734531e-04,-9.952573404749990e-05,-1.000535414510813e-04,-4.688598809762301e-09,3.299980919311361e+00,2.596936251105566e+00,1.373103119807645e+00,1.374318337700181e+00,4.674153080045764e-04
5.145214635029554e-04,-9.951268735085242e-05,-1.000569263024056e-04,-5.194972034213160e-09,3.299981161150415e+00,2.551879027261273e+00,1.373128553049225e+00,1.374328242974815e+00,4.692688893246991e-04
5.145226982586993e-04,-9.950516697872294e-05,-1.000517795777480e-04,-4.538030988231971e-09,3.299981494457741e+00,2.515559667019051e+00,1.373149069034072e+00,1.374335929169395e+00,4.711725342885351e-04
5.145237204678886e-04,-9.950296969068254e-05,-1.000551236416451e-04,-5.005940156325378e-09,3.299981885353125e+00,2.485989277091465e+00,1.373168510826491e+00,1.374343060885332e+00,4.731600596256391e-04
5.145246310473845e-04,-9.950561881153411e-05,-1.000498605450150e-04,-4.320562525401111e-09,3.299982326327992e+00,2.460119232072215e+00,1.373189281604892e+00,1.374350595996805e+00,4.753562970399714e-04
5.145254785062922e-04,-9.951322922470487e-05,-1.000529730993170e-04,-4.753455113247110e-09,3.299982852868753e+00,2.436533629788257e+00,1.373212827212587e+00,1.374359082784378e+00,4.778862801869324e-04
5.145262793058206e-04,-9.952626720798455e-05,-1.000474006013128e-04,-4.025290979187299e-09,3.299983456120316e+00,2.414777450240481e+00,1.373240001189184e+00,1.374368846302042e+00,4.807983532548669e-04
5.145270413862513e-04,-9.954498820775718e-05,-1.000501588348911e-04,-4.412390791235281e-09,3.299984159890756e+00,2.394651070259162e+00,1.373271428962261e+00,1.374380123743250e+00,4.841467012377017e-04
5.145277726257241e-04,-9.956974808865829e-05,-1.000442025008493e-04,-3.635515883083205e-09,3.299984948151484e+00,2.375969418233471e+00,1.373307711046182e+00,1.374393150135322e+00,4.879472554283885e-04
5.145284816096987e-04,-9.960076362111173e-05,-1.000465497700273e-04,-3.973551624364579e-09,3.299985842109439e+00,2.358545983613021e+00,1.373349508384856e+00,1.374408181711414e+00,4.922481734630953e-04
5.145292505080445e-04,-9.964279266500134e-05,-1.000399186667488e-04,-3.117502473675939e-09,3.299986932435510e+00,2.340538212150199e+00,1.373403046052440e+00,1.374427496703580e+00,4.976034781925915e-04
5.145299461420056e-04,-9.968841596475278e-05,-1.000417649275618e-04,-3.401720253651104e-09,3.299988035194941e+00,2.325143978227889e+00,1.373459331152221e+00,1.374447882782830e+00,5.030718693065825e-04
5.145306744358679e-04,-9.974355610190236e-05,-1.000347475548577e-04,-2.509446678100473e-09,3.299989263501564e+00,2.310043204421652e+00,1.373526375390541e+00,1.374472288513795e+00,5.093458556865458e-04
5.145313637775439e-04,-9.980186477092437e-05,-1.000362146111823e-04,-2.763689540000491e-09,3.299990484155926e+00,2.296782936914826e+00,1.373597163060716e+00,1.374498202999274e+00,5.157171125875273e-04
5.145321056481919e-04,-9.986996790605565e-05,-1.000288282287570e-04,-1.848289474265885e-09,3.299991800433106e+00,2.283698396975800e+00,1.373680411186477e+00,1.374528873954801e+00,5.228770768396818e-04
5.145328544008786e-04,-9.994233071477857e-05,-1.000298838956547e-04,-2.082223454700971e-09,3.299993102253115e+00,2.271773617799287e+00,1.373770372399709e+00,1.374562253499332e+00,5.302366862635342e-04
5.145337104981543e-04,-1.000270882808642e-04,-1.000220125435011e-04,-1.149244865298271e-09,3.299994485525050e+00,2.259717357450703e+00,1.373877961217966e+00,1.374602484194593e+00,5.385567277714896e-04
5.145347048941530e-04,-1.001239410956813e-04,-1.000223021464999e-04,-1.353469537656963e-09,3.299995904788862e+00,2.247754086920422e+00,1.374004958563841e+00,1.374650397154422e+00,5.477383124838720e-04
5.145354736367899e-04,-1.001949440028617e-04,-1.000152467017807e-04,-5.456796136584307e-10,3.299996806828863e+00,2.239914568855762e+00,1.374101481407333e+00,1.374687138854869e+00,5.542264692097678e-04
5.145361933104563e-04,-1.002576401572632e-04,-1.000170880755306e-04,-9.295263929036067e-10,3.299997536742154e+00,2.233592408083158e+00,1.374188389278183e+00,1.374720420103752e+00,5.598268244885210e-04
5.145369178612603e-04,-1.003153478574105e-04,-1.000106788625189e-04,-2.040913592364057e-10,3.299998121254343e+00,2.228125140353319e+00,1.374271020047060e+00,1.374752249685507e+00,5.648520676386314e-04
5.145377093706408e-04,-1.003726768162706e-04,-1.000128330704517e-04,-6.422851880754360e-10,3.299998643601627e+00,2.223066420656422e+00,1.374354500393328e+00,1.374784580200478e+00,5.697276572694987e-04
5.145384499063044e-04,-1.004197962418942e-04,-1.000069075160717e-04,2.521726948045317e-11,3.299999004006613e+00,2.219091825144432e+00,1.374425453111521e+00,1.374812202924023e+00,5.736495087434108e-04
5.145392317041838e-04,-1.004639518959073e-04,-1.000096115390920e-04,-4.703173775134817e-10,3.299999306934976e+00,2.215579782967124e+00,1.374492550172733e+00,1.374838434744602e+00,5.772413338087330e-04
5.145399835922291e-04,-1.005002220570929e-04,-1.000041271895672e-04,1.561410429149388e-10,3.299999507975837e+00,2.212770255090814e+00,1.374549532368152e+00,1.374860802933332e+00,5.801484551397054e-04
5.145407749402974e-04,-1.005335021523414e-04,-1.000072522235773e-04,-3.752805439552839e-10,3.299999674056195e+00,2.210320751846423e+00,1.374601861745317e+00,1.374881411880618e+00,5.827535207442947e-04
5.145415590573659e-04,-1.005609287831923e-04,-1.000021034725009e-04,2.262789324731500e-10,3.299999777749725e+00,2.208325215968952e+00,1.374646492526495e+00,1.374899044706213e+00,5.848851208123165e-04
5.145423947636202e-04,-1.005859535803778e-04,-1.000055308738887e-04,-3.261097296491246e-10,3.299999864451025e+00,2.206589653663905e+00,1.374686906441646e+00,1.374915052003529e+00,5.867802721303589e-04
5.145432437401329e-04,-1.006064392217211e-04,-1.000006315603327e-04,2.611135856457053e-10,3.299999911465065e+00,2.205166608014685e+00,1.374721246445906e+00,1.374928687907268e+00,5.883332540973945e-04
5.145441563877406e-04,-1.006248942812994e-04,-1.000042876192648e-04,-3.033818886903993e-10,3.299999952869582e+00,2.203945617562565e+00,1.374751652192180e+00,1.374940785037342e+00,5.896912677438468e-04
5.145451021129611e-04,-1.006397008144190e-04,-9.999958237694744e-05,2.759687948428620e-10,3.299999968179474e+00,2.202950540913826e+00,1.374777123842736e+00,1.374950939615247e+00,5.907925520847939e-04
5.145461279502075e-04,-1.006528311899969e-04,-1.000034155304984e-04,-2.950971443223444e-10,3.299999985520510e+00,2.202114736251402e+00,1.374799041201653e+00,1.374959689703056e+00,5.917345114248508e-04
5.145472110910848e-04,-1.006630074165428e-04,-9.999886187057072e-05,2.804619749252320e-10,3.299999984980230e+00,2.201444820657401e+00,1.374816975082684e+00,1.374966861101767e+00,5.924821136103062e-04
5.145483991495066e-04,-1.006718766228366e-04,-1.000028314665421e-04,-2.937474321140662e-10,3.299999991330702e+00,2.200898993930057e+00,1.374831851069600e+00,1.374972815341625e+00,5.931035232394834e-04
5.145496783964799e-04,-1.006783713030081e-04,-9.999839422970905e-05,2.804574261219130e-10,3.299999984492584e+00,2.200474279679475e+00,1.374843597689091e+00,1.374977523284015e+00,5.935790181414394e-04
5.145511024292671e-04,-1.006839411686612e-04,-1.000024663573492e-04,-2.949323127882378e-10,3.299999987262573e+00,2.200143125700881e+00,1.374852872738581e+00,1.374981242347710e+00,5.939595474239029e-04
5.145526709301624e-04,-1.006876416315307e-04,-9.999811521098042e-05,2.791886380448149e-10,3.299999979197668e+00,2.199897658504014e+00,1.374859813647024e+00,1.374984028772064e+00,5.942336121711640e-04
5.145544534134542e-04,-1.006907997488539e-04,-1.000022606955780e-04,-2.964286137943938e-10,3.299999981891291e+00,2.199718573801543e+00,1.374864918087683e+00,1.374986077756797e+00,5.944418124506117e-04
5.145564741882323e-04,-1.006925356165346e-04,-9.999796898597783e-05,2.781043603100910e-10,3.299999974690190e+00,2.199596105129703e+00,1.374868426053168e+00,1.374987487688684e+00,5.945767013212859e-04
5.145588438891413e-04,-1.006940969988292e-04,-1.000021623189336e-04,-2.973883376641541e-10,3.299999978490929e+00,2.199515995939266e+00,1.374870734222016e+00,1.374988414363121e+00,5.946724975164967e-04
5.145616450201071e-04,-1.006946176020875e-04,-9.999790703961014e-05,2.775708310660174e-10,3.299999972388111e+00,2.199468623391753e+00,1.374872101187733e+00,1.374988964541981e+00,5.947220800660316e-04
5.145650917863691e-04,-1.006952825051889e-04,-1.000021270482896e-04,-2.978084376285755e-10,3.299999977080941e+00,2.199443437150833e+00,1.374872831632137e+00,1.374989257384344e+00,5.947551896570615e-04
5.145694531384108e-04,-1.006952094720716e-04,-9.999788947931643e-05,2.774255185213091e-10,3.299999971662589e+00,2.199432471927004e+00,1.374873147265907e+00,1.374989385045993e+00,5.947633114592562e-04
5.145753272147033e-04,-1.006955189639704e-04,-1.000021200071069e-04,-2.979191968494261e-10,3.299999976782449e+00,2.199428946026189e+00,1.374873250815628e+00,1.374989425892390e+00,5.947716799768771e-04
5.145838033393791e-04,-1.006952759890324e-04,-9.999788751394211e-05,2.774332246919623e-10,3.299999971599895e+00,2.199428430180559e+00,1.374873264282223e+00,1.374989432075076e+00,5.947679404134504e-04
5.145938033393791e-04,-1.006955268096589e-04,-1.000021197659073e-04,-2.979395826291446e-10,3.299999976773836e+00,2.199428451230869e+00,1.374873265180573e+00,1.374989431667383e+00,5.947722325527564e-04
5.146038033393792e-04,-1.006952757626890e-04,-9.999788752811651e-05,2.774512369329917e-10,3.299999971605101e+00,2.199428459081075e+00,1.374873263442446e+00,1.374989431731602e+00,5.947679190322002e-04
5.146138033393792e-04,-1.006955266275290e-04,-1.000021197637191e-04,-2.979570138097106e-10,3.299999976770879e+00,2.199428447305601e+00,1.374873265293318e+00,1.374989431714528e+00,5.947722259103949e-04
5.146238033393793e-04,-1.006952759998149e-04,-9.999788752860664e-05,2.774685629036528e-10,3.299999971607640e+00,2.199428459620390e+00,1.374873263428208e+00,1.374989431724208e+00,5.947679292817277e-04
5.146338033393793e-04,-1.006955263832977e-04,-1.000021197634434e-04,-2.979744645188702e-10,3.299999976767879e+00,2.199428447240611e+00,1.374873265293453e+00,1.374989431716450e+00,5.947722153704223e-04
5.146438033393794e-04,-1.006952762448100e-04,-9.999788752874242e-05,2.774857333055354e-10,3.299999971609550e+00,2.199428459619055e+00,1.374873263431275e+00,1.374989431723843e+00,5.947679396534742e-04
5.146538033393794e-04,-1.006955261389421e-04,-1.000021197632679e-04,-2.979916614064948e-10,3.299999976765878e+00,2.199428447250956e+00,1.374873265290321e+00,1.374989431716691e+00,5.947722052301853e-04
5.146638033393794e-04,-1.006952764883663e-04,-9.999788752901003e-05,2.775031537758191e-10,3.299999971612393e+00,2.199428459607519e+00,1.374873263434056e+00,1.374989431723472e+00,5.947679495612745e-04
5.146738033393795e-04,-1.006955258960075e-04,-1.000021197629637e-04,-2.980088887348278e-10,3.299999976763790e+00,2.199428447262750e+00,1.374873265287212e+00,1.374989431716782e+00,5.947721955499542e-04
5.146838033393795e-04,-1.006952767305193e-04,-9.999788752918614e-05,2.775202937544449e-10,3.299999971614136e+00,2.199428459595812e+00,1.374873263436962e+00,1.374989431723279e+00,5.947679590158659e-04
5.146938033393796e-04,-1.006955256545473e-04,-1.000021197628239e-04,-2.980260864698110e-10,3.299999976761838e+00,2.199428447274455e+00,1.374873265284322e+00,1.374989431716962e+00,5.947721863157825e-04
5.147038033393796e-04,-1.006952769713044e-04,-9.999788752938138e-05,2.775376254823880e-10,3.299999971616590e+00,2.199428459584107e+00,1.374873263440015e+00,1.374989431723333e+00,5.947679680367324e-04
5.147138033393797e-04,-1.006955254145082e-04,-1.000021197626651e-04,-2.980434482421517e-10,3.299999976759284e+00,2.199428447286059e+00,1.374873265281527e+00,1.374989431716993e+00,5.947721775025284e-04
5.147238033393797e-04,-1.006952772106863e-04,-9.999788752944856e-05,2.775548599679896e-10,3.299999971618640e+00,2.199428459572482e+00,1.374873263442882e+00,1.374989431723354e+00,5.947679766468458e-04
5.147338033393798e-04,-1.006955251758725e-04,-1.000021197625252e-04,-2.980607066466732e-10,3.299999976757154e+00,2.199428447297622e+00,1.374873265278538e+00,1.374989431716876e+00,5.947721690917401e-04
5.147438033393798e-04,-1.006952774486826e-04,-9.999788752960761e-05,2.775721180504245e-10,3.299999971620758e+00,2.199428459560933e+00,1.374873263445967e+00,1.374989431723509e+00,5.947679848633437e-04
5.147538033393799e-04,-1.006955249385334e-04,-1.000021197624387e-04,-2.980778474230665e-10,3.299999976755499e+00,2.199428447309138e+00,1.374873265275735e+00,1.374989431716799e+00,5.947721610669567e-04
5.147638033393799e-04,-1.006952776852223e-04,-9.999788752976684e-05,2.775892076261397e-10,3.299999971622208e+00,2.199428459549489e+00,1.374873263448634e+00,1.374989431723500e+00,5.947679926991401e-04
5.147738033393800e-04,-1.006955247026332e-04,-1.000021197623331e-04,-2.980951294560757e-10,3.299999976753320e+00,2.199428447320591e+00,1.374873265272959e+00,1.374989431716656e+00,5.947721534140042e-04
5.147838033393800e-04,-1.006952779204474e-04,-9.999788752985336e-05,2.776064188556064e-10,3.299999971624100e+00,2.199428459538097e+00,1.374873263451128e+00,1.374989431723537e+00,5.947680001745032e-04
5.147938033393801e-04,-1.006955244681008e-04,-1.000021197621739e-04,-2.981123261960154e-10,3.299999976751494e+00,2.199428447331977e+00,1.374873265270425e+00,1.374989431716590e+00,5.947721461134420e-04
5.148038033393801e-04,-1.006952781543581e-04,-9.999788752995908e-05,2.776236577782342e-10,3.299999971626077e+00,2.199428459526720e+00,1.374873263453965e+00,1.374989431723775e+00,5.947680073053739e-04
5.148138033393802e-04,-1.006955242347586e-04,-1.000021197621236e-04,-2.981295037836177e-10,3.299999976749765e+00,2.199428447343351e+00,1.374873265267273e+00,1.374989431716191e+00,5.947721391479475e-04
5.148238033393802e-04,-1.006952783869720e-04,-9.999788753004568e-05,2.776408369631101e-10,3.299999971627803e+00,2.199428459515461e+00,1.374873263456799e+00,1.374989431724010e+00,5.947680141078985e-04
5.148338033393803e-04,-1.006955240029263e-04,-1.000021197620541e-04,-2.981467114770476e-10,3.299999976747942e+00,2.199428447354538e+00,1.374873265265025e+00,1.374989431716208e+00,5.947721325054343e-04
5.148438033393803e-04,-1.006952786182715e-04,-9.999788753011521e-05,2.776580199319887e-10,3.299999971629518e+00,2.199428459504186e+00,1.374873263459495e+00,1.374989431724256e+00,5.947680205958925e-04
5.148538033393804e-04,-1.006955237722663e-04,-1.000021197619482e-04,-2.981637617168780e-10,3.299999976746743e+00,2.199428447365737e+00,1.374873265262242e+00,1.374989431715978e+00,5.947721261704979e-04
5.148638033393804e-04,-1.006952788482742e-04,-9.999788753018479e-05,2.776751509326939e-10,3.299999971631019e+00,2.199428459493016e+00,1.374873263462241e+00,1.374989431724519e+00,5.947680267804742e-04
5.148738033393805e-04,-1.006955235428854e-04,-1.000021197619152e-04,-2.981812098755131e-10,3.299999976744038e+00,2.199428447376880e+00,1.374873265259491e+00,1.374989431715685e+00,5.947721201286088e-04
5.148838033393805e-04,-1.006952790769268e-04,-9.999788753025437e-05,2.776923314911434e-10,3.299999971632685e+00,2.199428459481954e+00,1.374873263464649e+00,1.374989431724636e+00,5.947680326832191e-04
5.148938033393806e-04,-1.006955233148545e-04,-1.000021197618456e-04,-2.981983974467992e-10,3.299999976742355e+00,2.199428447387966e+00,1.374873265257033e+00,1.374989431715502e+00,5.947721143643819e-04
5.149038033393806e-04,-1.006952793044248e-04,-9.999788753025151e-05,2.777092730131620e-10,3.299999971633416e+00,2.199428459470864e+00,1.374873263467426e+00,1.374989431724949e+00,5.947680383099866e-04
5.149138033393807e-04,-1.006955230879782e-04,-1.000021197617758e-04,-2.982153557298910e-10,3.299999976741567e+00,2.199428447398991e+00,1.374873265254275e+00,1.374989431715193e+00,5.947721088738471e-04
5.149238033393807e-04,-1.006952795305018e-04,-9.999788753030395e-05,2.777265072550392e-10,3.299999971635254e+00,2.199428459459975e+00,1.374873263469570e+00,1.374989431725075e+00,5.947680436694851e-04
5.149338033393808e-04,-1.006955228624874e-04,-1.000021197617595e-04,-2.982324651472884e-10,3.299999976740217e+00,2.199428447409960e+00,1.374873265251884e+00,1.374989431714984e+00,5.947721036406713e-04
5.149438033393808e-04,-1.006952797555484e-04,-9.999788753037367e-05,2.777436558602745e-10,3.299999971636745e+00,2.199428459448949e+00,1.374873263472388e+00,1.374989431725427e+00,5.947680487793235e-04
5.149538033393809e-04,-1.006955226380803e-04,-1.000021197616344e-04,-2.982497081514476e-10,3.299999976738376e+00,2.199428447420851e+00,1.374873265249226e+00,1.374989431714649e+00,5.947720986506344e-04
5.149638033393809e-04,-1.006952799791917e-04,-9.999788753042624e-05,2.777607853292112e-10,3.299999971638141e+00,2.199428459438148e+00,1.374873263474649e+00,1.374989431725572e+00,5.947680536515780e-04
5.149738033393810e-04,-1.006955224149343e-04,-1.000021197616544e-04,-2.982667542909010e-10,3.299999976737306e+00,2.199428447431721e+00,1.374873265246758e+00,1.374989431714480e+00,5.947720938949302e-04
5.149838033393810e-04,-1.006952802018048e-04,-9.999788753047893e-05,2.777777982991369e-10,3.299999971639078e+00,2.199428459427282e+00,1.374873263477421e+00,1.374989431725936e+00,5.947680582930172e-04
5.149938033393811e-04,-1.006955221931206e-04,-1.000021197616017e-04,-2.982838133310286e-10,3.299999976736200e+00,2.199428447442427e+00,1.374873265244507e+00,1.374989431714303e+00,5.947720893659355e-04
5.150038033393811e-04,-1.006952804231566e-04,-9.999788753051444e-05,2.777949140382903e-10,3.299999971640394e+00,2.199428459416494e+00,1.374873263479887e+00,1.374989431726173e+00,5.947680627134121e-04
5.150138033393812e-04,-1.006955219723017e-04,-1.000021197616217e-04,-2.983009484958997e-10,3.299999976734818e+00,2.199428447453199e+00,1.374873265241876e+00,1.374989431713967e+00,5.947720850505555e-04
5.150238033393812e-04,-1.006952806433360e-04,-9.999788753056691e-05,2.778122353195031e-10,3.299999971642477e+00,2.199428459405804e+00,1.374873263482515e+00,1.374989431726520e+00,5.947680669285548e-04
5.150338033393813e-04,-1.006955217527440e-04,-1.000021197615862e-04,-2.983180454119572e-10,3.299999976733603e+00,2.199428447463852e+00,1.374873265239302e+00,1.374989431713676e+00,5.947720809344955e-04
5.150438033393813e-04,-1.006952808622542e-04,-9.999788753056622e-05,2.778292613271913e-10,3.299999971643413e+00,2.199428459395175e+00,1.374873263484892e+00,1.374989431726684e+00,5.947680709449455e-04
5.150538033393814e-04,-1.006955215343765e-04,-1.000021197616061e-04,-2.983350320902140e-10,3.299999976732827e+00,2.199428447474470e+00,1.374873265237143e+00,1.374989431713472e+00,5.947720770167232e-04
5.150638033393814e-04,-1.006952810801066e-04,-9.999788753063815e-05,2.778462997021559e-10,3.299999971644383e+00,2.199428459384571e+00,1.374873263487154e+00,1.374989431726902e+00,5.947680747668223e-04
5.150738033393815e-04,-1.006955213172168e-04,-1.000021197615705e-04,-2.983521131751770e-10,3.299999976731701e+00,2.199428447484991e+00,1.374873265234960e+00,1.374989431713323e+00,5.947720732878897e-04
5.150838033393815e-04,-1.006952812967867e-04,-9.999788753063737e-05,2.778634509714774e-10,3.299999971645769e+00,2.199428459373991e+00,1.374873263489459e+00,1.374989431727121e+00,5.947680784061818e-04
5.150938033393816e-04,-1.006955211010520e-04,-1.000021197614794e-04,-2.983692361981286e-10,3.299999976730431e+00,2.199428447495548e+00,1.374873265232355e+00,1.374989431712973e+00,5.947720697351058e-04
5.151038033393816e-04,-1.006952815124008e-04,-9.999788753060046e-05,2.778803689381648e-10,3.299999971646248e+00,2.199428459363495e+00,1.374873263492163e+00,1.374989431727556e+00,5.947680818722001e-04
5.151138033393817e-04,-1.006955208860773e-04,-1.000021197615163e-04,-2.983861779765255e-10,3.299999976729866e+00,2.199428447505959e+00,1.374873265230136e+00,1.374989431712740e+00,5.947720663565329e-04
5.151238033393817e-04,-1.006952817267183e-04,-9.999788753067239e-05,2.778974643048437e-10,3.299999971647396e+00,2.199428459353109e+00,1.374873263494312e+00,1.374989431727733e+00,5.947680851672443e-04
5.151338033393818e-04,-1.006955206721861e-04,-1.000021197614978e-04,-2.984032036876504e-10,3.299999976728990e+00,2.199428447516413e+00,1.374873265227553e+00,1.374989431712427e+00,5.947720631415262e-04
5.151438033393818e-04,-1.006952819401298e-04,-9.999788753065452e-05,2.779145511851414e-10,3.299999971648500e+00,2.199428459342687e+00,1.374873263496871e+00,1.374989431728074e+00,5.947680883039470e-04
5.151538033393819e-04,-1.006955204594319e-04,-1.000021197614621e-04,-2.984201748392724e-10,3.299999976728338e+00,2.199428447526731e+00,1.374873265225339e+00,1.374989431712279e+00,5.947720600824677e-04
5.151638033393819e-04,-1.006952821522801e-04,-9.999788753067313e-05,2.779315271066584e-10,3.299999971649165e+00,2.199428459332395e+00,1.374873263499068e+00,1.374989431728242e+00,5.947680912860849e-04
5.151738033393820e-04,-1.006955202477435e-04,-1.000021197614799e-04,-2.984372858811916e-10,3.299999976727161e+00,2.199428447537060e+00,1.374873265223109e+00,1.374989431712031e+00,5.947720571740585e-04
5.151838033393820e-04,-1.006952823633646e-04,-9.999788753072796e-05,2.779485939822923e-10,3.299999971650167e+00,2.199428459322145e+00,1.374873263501046e+00,1.374989431728371e+00,5.947680941229102e-04
5.151938033393820e-04,-1.006955200369609e-04,-1.000021197614059e-04,-2.984544271864761e-10,3.299999976725880e+00,2.199428447547424e+00,1.374873265220193e+00,1.374989431711551e+00,5.947720544047692e-04
5.152038033393821e-04,-1.006952825734543e-04,-9.999788753080204e-05,2.779656054833602e-10,3.299999971650943e+00,2.199428459311969e+00,1.374873263503547e+00,1.374989431728691e+00,5.947680968244280e-04
5.152138033393821e-04,-1.006955198275640e-04,-1.000021197613510e-04,-2.984713799342250e-10,3.299999976725337e+00,2.199428447557549e+00,1.374873265218265e+00,1.374989431711406e+00,5.947720517725714e-04
5.152238033393822e-04,-1.006952827823716e-04,-9.999788753078426e-05,2.779826324168085e-10,3.299999971651765e+00,2.199428459301791e+00,1.374873263505575e+00,1.374989431728878e+00,5.947680993900405e-04
5.152338033393822e-04,-1.006955196192506e-04,-1.000021197613132e-04,-2.984883958154639e-10,3.299999976724561e+00,2.199428447567655e+00,1.374873265216446e+00,1.374989431711299e+00,5.947720492716464e-04
5.152438033393823e-04,-1.006952829903830e-04,-9.999788753085840e-05,2.779996282855488e-10,3.299999971652458e+00,2.199428459291564e+00,1.374873263507986e+00,1.374989431729194e+00,5.947681018283050e-04
5.152538033393823e-04,-1.006955194117722e-04,-1.000021197612754e-04,-2.985054062615256e-10,3.299999976723815e+00,2.199428447577763e+00,1.374873265214097e+00,1.374989431710995e+00,5.947720468951771e-04
5.152638033393824e-04,-1.006952831973819e-04,-9.999788753085987e-05,2.780166175738208e-10,3.299999971653118e+00,2.199428459281480e+00,1.374873263510389e+00,1.374989431729531e+00,5.947681041447070e-04
5.152738033393824e-04,-1.006955192052351e-04,-1.000021197612376e-04,-2.985222741255936e-10,3.299999976723626e+00,2.199428447587849e+00,1.374873265211460e+00,1.374989431710634e+00,5.947720446385812e-04
5.152838033393825e-04,-1.006952834031195e-04,-9.999788753089766e-05,2.780335952311987e-10,3.299999971653725e+00,2.199428459271559e+00,1.374873263512279e+00,1.374989431729598e+00,5.947681063414090e-04
5.152938033393825e-04,-1.006955189999771e-04,-1.000021197611997e-04,-2.985392231837700e-10,3.299999976723134e+00,2.199428447597847e+00,1.374873265209672e+00,1.374989431710542e+00,5.947720424989146e-04
5.153038033393826e-04,-1.006952836080756e-04,-9.999788753095468e-05,2.780505888888037e-10,3.299999971654384e+00,2.199428459261490e+00,1.374873263514658e+00,1.374989431729944e+00,5.947681084263303e-04
5.153138033393826e-04,-1.006955187955184e-04,-1.000021197611793e-04,-2.985564682480479e-10,3.299999976721516e+00,2.199428447607812e+00,1.374873265207256e+00,1.374989431710197e+00,5.947720404653356e-04
5.153238033393827e-04,-1.006952838119125e-04,-9.999788753102876e-05,2.780675990194084e-10,3.299999971655092e+00,2.199428459251598e+00,1.374873263516857e+00,1.374989431730167e+00,5.947681104099466e-04
5.153338033393827e-04,-1.006955185922499e-04,-1.000021197611222e-04,-2.985733747065254e-10,3.299999976721209e+00,2.199428447617688e+00,1.374873265205293e+00,1.374989431710119e+00,5.947720385337056e-04
5.153438033393828e-04,-1.006952840147547e-04,-9.999788753108575e-05,2.780846033969011e-10,3.299999971655773e+00,2.199428459241701e+00,1.374873263518838e+00,1.374989431730393e+00,5.947681122903943e-04
5.153538033393828e-04,-1.006955183899051e-04,-1.000021197609562e-04,-2.985902935606137e-10,3.299999976720861e+00,2.199428447627568e+00,1.374873265202968e+00,1.374989431709775e+00,5.947720367026289e-04
5.153638033393829e-04,-1.006952842166377e-04,-9.999788753110636e-05,2.781016762909034e-10,3.299999971656707e+00,2.199428459231849e+00,1.374873263521048e+00,1.374989431730623e+00,5.947681140739395e-04
5.153738033393829e-04,-1.006955181885551e-04,-1.000021197609356e-04,-2.986073422343205e-10,3.299999976720026e+00,2.199428447637357e+00,1.374873265200989e+00,1.374989431709652e+00,5.947720349647222e-04
5.153838033393830e-04,-1.006952844175259e-04,-9.999788753125533e-05,2.781185020554179e-10,3.299999971656684e+00,2.199428459222056e+00,1.374873263523300e+00,1.374989431730836e+00,5.947681157656351e-04
5.153938033393830e-04,-1.006955179880754e-04,-1.000021197609148e-04,-2.986241742004104e-10,3.299999976720028e+00,2.199428447647156e+00,1.374873265198640e+00,1.374989431709310e+00,5.947720333203412e-04
5.154038033393831e-04,-1.006952846175081e-04,-9.999788753127590e-05,2.781355967839687e-10,3.299999971657686e+00,2.199428459212288e+00,1.374873263525527e+00,1.374989431731082e+00,5.947681173658721e-04
5.154138033393831e-04,-1.006955177886616e-04,-1.000021197608022e-04,-2.986411319749396e-10,3.299999976719554e+00,2.199428447656844e+00,1.374873265196642e+00,1.374989431709125e+00,5.947720317624048e-04
5.154238033393832e-04,-1.006952848163890e-04,-9.999788753131580e-05,2.781525747521729e-10,3.299999971658233e+00,2.199428459202639e+00,1.374873263527243e+00,1.374989431731134e+00,5.947681188815738e-04
5.154338033393832e-04,-1.006955175901537e-04,-1.000021197607261e-04,-2.986582193982060e-10,3.299999976718591e+00,2.199428447666577e+00,1.374873265194677e+00,1.374989431708932e+00,5.947720302860947e-04
5.154438033393833e-04,-1.006952850144173e-04,-9.999788753139201e-05,2.781695154870609e-10,3.299999971658627e+00,2.199428459192984e+00,1.374873263529367e+00,1.374989431731408e+00,5.947681203189681e-04
5.154538033393833e-04,-1.006955173925518e-04,-1.000021197606500e-04,-2.986752753692749e-10,3.299999976717759e+00,2.199428447676226e+00,1.374873265192470e+00,1.374989431708664e+00,5.947720288871758e-04
5.154638033393834e-04,-1.006952852115574e-04,-9.999788753157724e-05,2.781863917796699e-10,3.299999971658766e+00,2.199428459183359e+00,1.374873263531668e+00,1.374989431731733e+00,5.947681216801236e-04
5.154738033393834e-04,-1.006955171959446e-04,-1.000021197605738e-04,-2.986922186253789e-10,3.299999976717368e+00,2.199428447685796e+00,1.374873265190344e+00,1.374989431708407e+00,5.947720275644419e-04
5.154838033393835e-04,-1.006952854076139e-04,-9.999788753163615e-05,2.782035163379478e-10,3.299999971659851e+00,2.199428459173832e+00,1.374873263533387e+00,1.374989431731782e+00,5.947681229669577e-04
5.154919016696918e-04,-1.006955169771152e-04,-1.000021197604970e-04,-2.987110786964250e-10,3.299999976717213e+00,2.199428447696590e+00,1.374873265186741e+00,1.374989431707804e+00,5.947720261458545e-04
5.155000000000001e-04,-1.006952856479727e-04,-9.999788753186155e-05,2.782239863786958e-10,3.299999971658828e+00,2.199428459162434e+00,1.374873263533592e+00,1.374989431731341e+00,5.947681244481955e-04
5.155000002573102e-04,-1.007016531808204e-04,-1.000639050318038e-04,-3.387350429420477e-06,3.299993635433502e+00,2.199428140453274e+00,1.374872221299831e+00,1.374988848209218e+00,5.933982453266908e-04
5.155000007719305e-04,-1.007145091678864e-04,-1.001146423856148e-04,-3.169184199288908e-06,3.299979954323661e+00,2.199427496305161e+00,1.374870133999889e+00,1.374987575082478e+00,5.903006050694562e-04
5.155000018011711e-04,-1.007299978647537e-04,-1.001197040134557e-04,-3.223251675851614e-06,3.299956117875349e+00,2.199426716158432e+00,1.374867836102866e+00,1.374985908242234e+00,5.845681216780039e-04
5.155000033918338e-04,-1.007372623193205e-04,-1.001212017322562e-04,-3.071944590705679e-06,3.299923799105239e+00,2.199426340371220e+00,1.374866800601773e+00,1.374984755768433e+00,5.775198236314848e-04
5.155000062203424e-04,-1.007352357464554e-04,-1.001011031620416e-04,-3.037868832652919e-06,3.299873496107246e+00,2.199426417840277e+00,1.374865716080824e+00,1.374983451111284e+00,5.674926612402934e-04
5.155000116173488e-04,-1.007205720895001e-04,-1.000713067714570e-04,-2.806516633366434e-06,3.299800306031262e+00,2.199427114850996e+00,1.374864252463412e+00,1.374982161930196e+00,5.544750153536879e-04
5.155000189553489e-04,-1.007082226074764e-04,-1.000395307985459e-04,-2.711436111325103e-06,3.299734544982214e+00,2.199427703695757e+00,1.374862878148981e+00,1.374981025366606e+00,5.456713081159179e-04
5.155000261459493e-04,-1.006998484186673e-04,-1.000226045292968e-04,-2.540734667212371e-06,3.299697661457125e+00,2.199428109792802e+00,1.374862302366232e+00,1.374980619079269e+00,5.436853534007885e-04
5.155000346704122e-04,-1.006946221082074e-04,-1.000068008621311e-04,-2.513798891470187e-06,3.299675028371215e+00,2.199428368157226e+00,1.374861983727744e+00,1.374980449985634e+00,5.460469665868084e-04
5.155000437171788e-04,-1.006910002385410e-04,-1.000001901869989e-04,-2.391776022148338e-06,3.299667667083269e+00,2.199428554389746e+00,1.374862125452085e+00,1.374980693930708e+00,5.515206769408611e-04
5.155000550905930e-04,-1.006895008472276e-04,-9.999294888778497e-05,-2.396283506548001e-06,3.299670648165431e+00,2.199428641813432e+00,1.374862459363041e+00,1.374981103425658e+00,5.598572092616573e-04
5.155000677517764e-04,-1.006886060625901e-04,-9.999242229674067e-05,-2.298831899744670e-06,3.299683078375299e+00,2.199428703500114e+00,1.374863102856100e+00,1.374981785525978e+00,5.691406672491243e-04
5.155000841930324e-04,-1.006891913453457e-04,-9.999017315157608e-05,-2.316602834506454e-06,3.299703355941161e+00,2.199428696682270e+00,1.374863887571954e+00,1.374982585381598e+00,5.794555331574494e-04
5.155001036694621e-04,-1.006896521417246e-04,-9.999281443546102e-05,-2.226785140332341e-06,3.299728803240933e+00,2.199428698004390e+00,1.374864872723375e+00,1.374983562513235e+00,5.886412709417529e-04
5.155001309920743e-04,-1.006910586395406e-04,-9.999270643527477e-05,-2.240702517469311e-06,3.299760134523609e+00,2.199428656387983e+00,1.374865961188991e+00,1.374984625482765e+00,5.966511271626769e-04
5.155001670688174e-04,-1.006919007627473e-04,-9.999638157308117e-05,-2.142988327212853e-06,3.299793640606657e+00,2.199428643523281e+00,1.374867174395505e+00,1.374985789502433e+00,6.014337389586920e-04
5.155001792193740e-04,-1.006924743980021e-04,-9.999512072579944e-05,-2.191613925142408e-06,3.299802460531360e+00,2.199428622851253e+00,1.374867449768754e+00,1.374986047445192e+00,6.020009677742442e-04
5.155001972637079e-04,-1.006925496247603e-04,-9.999745549562728e-05,-2.144854678272741e-06,3.299814747018636e+00,2.199428629729578e+00,1.374867916149403e+00,1.374986480519456e+00,6.024028807459675e-04
5.155002061191506e-04,-1.006929225925858e-04,-9.999586580650408e-05,-2.241767568700621e-06,3.299819868933477e+00,2.199428615874153e+00,1.374868069416796e+00,1.374986617712813e+00,6.024316032309995e-04
5.155002133659191e-04,-1.006927461380015e-04,-9.999762972862990e-05,-2.238763039140628e-06,3.299824455257596e+00,2.199428628463649e+00,1.374868266366154e+00,1.374986794473239e+00,6.024613236723693e-04
5.155002198320739e-04,-1.006929660968083e-04,-9.999579645147588e-05,-2.387215113516728e-06,3.299828104876833e+00,2.199428620791497e+00,1.374868376664613e+00,1.374986889854809e+00,6.024679385283945e-04
5.155002261331369e-04,-1.006927365482503e-04,-9.999728615376493e-05,-2.463025527665896e-06,3.299832364892073e+00,2.199428635510496e+00,1.374868564966268e+00,1.374987051896006e+00,6.025464003776667e-04
5.155002324143482e-04,-1.006927909459633e-04,-9.999508182557420e-05,-2.707835411600215e-06,3.299836508920620e+00,2.199428636130135e+00,1.374868706395698e+00,1.374987170691312e+00,6.026715673703874e-04
5.155002394339307e-04,-1.006924051458248e-04,-9.999597974662787e-05,-2.924122194327735e-06,3.299842462452589e+00,2.199428659385802e+00,1.374868968580681e+00,1.374987386698803e+00,6.029996878664575e-04
5.155002461208606e-04,-1.006921694738629e-04,-9.999295106632448e-05,-3.275821804933728e-06,3.299848909152381e+00,2.199428675369341e+00,1.374869216329704e+00,1.374987588505084e+00,6.035123104171460e-04
5.155002547644797e-04,-1.006913128068766e-04,-9.999228843805784e-05,-3.607577768594147e-06,3.299860545689546e+00,2.199428724595201e+00,1.374869720406706e+00,1.374987991505399e+00,6.047079671826077e-04
5.155002595025000e-04,-1.006908747410619e-04,-9.998869729748881e-05,-3.842145060746873e-06,3.299868318080442e+00,2.199428750629926e+00,1.374870028747292e+00,1.374988238654856e+00,6.056438841699890e-04
5.155002653155116e-04,-1.006899683670461e-04,-9.998785443067005e-05,-4.029085135156201e-06,3.299880569468624e+00,2.199428801817405e+00,1.374870553284549e+00,1.374988652309695e+00,6.072031082247038e-04
5.155002727256190e-04,-1.006888194095658e-04,-9.998196259378241e-05,-4.338689278058925e-06,3.299899991662069e+00,2.199428868305836e+00,1.374871333407950e+00,1.374989272680670e+00,6.098490517448487e-04
5.155002794487967e-04,-1.006874696872585e-04,-9.997955758006328e-05,-4.547627908695331e-06,3.299922803157014e+00,2.199428945713668e+00,1.374872264600815e+00,1.374990004536547e+00,6.130191815745552e-04
5.155002873750915e-04,-1.006859283978513e-04,-9.997219046935081e-05,-4.896373537413604e-06,3.299955908388983e+00,2.199429036818348e+00,1.374873554219209e+00,1.374991024887969e+00,6.176782617077698e-04
5.155002961897483e-04,-1.006840396238430e-04,-9.996757546157191e-05,-5.240199473361296e-06,3.300002230462070e+00,2.199429149957186e+00,1.374875349588646e+00,1.374992432164783e+00,6.240893594115840e-04
5.155003069109040e-04,-1.006818791379373e-04,-9.995733684415715e-05,-5.805514495574790e-06,3.300071928104944e+00,2.199429285147363e+00,1.374877962213887e+00,1.374994481836085e+00,6.334809533126172e-04
5.155003199519378e-04,-1.006797972217156e-04,-9.995056049586437e-05,-6.499332699124390e-06,3.300176341875523e+00,2.199429427890547e+00,1.374881775966027e+00,1.374997449646279e+00,6.466989891035733e-04
5.155003367056269e-04,-1.006778433180101e-04,-9.993788108891369e-05,-7.623873485111594e-06,3.300338893100780e+00,2.199429582010605e+00,1.374887554978186e+00,1.375001909453499e+00,6.654872973842148e-04
5.155003511013148e-04,-1.006775416200013e-04,-9.993465615632861e-05,-8.655805527833736e-06,3.300499303647208e+00,2.199429648726378e+00,1.374893086135692e+00,1.375006128988246e+00,6.818640692446881e-04
5.155003668076833e-04,-1.006761483719600e-04,-9.992181374298385e-05,-9.936973866176230e-06,3.300697431074524e+00,2.199429777239305e+00,1.374899971815798e+00,1.375011312469235e+00,7.002864521332064e-04
5.155003882880131e-04,-1.006755863491228e-04,-9.991430539254874e-05,-1.181514016260952e-05,3.301008066925455e+00,2.199429889753870e+00,1.374910532674123e+00,1.375019186428297e+00,7.261338249396071e-04
5.155004133607143e-04,-1.006747623514882e-04,-9.989638345795740e-05,-1.428748142244104e-05,3.301428835372620e+00,2.199430032451158e+00,1.374924766529966e+00,1.375029625086482e+00,7.571492082862867e-04
5.155004346188908e-04,-1.006741608451590e-04,-9.988628100202902e-05,-1.651922926723984e-05,3.301839857659232e+00,2.199430151172234e+00,1.374938545546173e+00,1.375039619087065e+00,7.848477010843048e-04
5.155004533853772e-04,-1.006731456894484e-04,-9.986830901515496e-05,-1.864312509263932e-05,3.302250186944928e+00,2.199430282894443e+00,1.374952299603303e+00,1.375049500136302e+00,8.112568835652037e-04
5.155004709094623e-04,-1.006718404736374e-04,-9.985586973317953e-05,-2.066958759451257e-05,3.302681319472566e+00,2.199430427585400e+00,1.374966712370549e+00,1.375059805599676e+00,8.385449392993524e-04
5.155004873593430e-04,-1.006700158522235e-04,-9.983445975287744e-05,-2.266707827903928e-05,3.303135585998201e+00,2.199430598348451e+00,1.374981919824690e+00,1.375070636410557e+00,8.673683652894941e-04
5.155005026037854e-04,-1.006675957541815e-04,-9.981770407438671e-05,-2.451673966887595e-05,3.303608509660002e+00,2.199430799419170e+00,1.374997771254399e+00,1.375081912276053e+00,8.979087943829000e-04
5.155005167241000e-04,-1.006645673161656e-04,-9.979191551227910e-05,-2.628177863567711e-05,3.304099622345361e+00,2.199431032648214e+00,1.375014270915793e+00,1.375093649461830e+00,9.304596040011224e-04
5.155005297707118e-04,-1.006607286716700e-04,-9.977001924952438e-05,-2.787807131877898e-05,3.304608636801697e+00,2.199431309136084e+00,1.375031436619438e+00,1.375105873810374e+00,9.653233587298413e-04
5.155005418648788e-04,-1.006561322841505e-04,-9.973877341216799e-05,-2.937691456826044e-05,3.305136981478137e+00,2.199431627601501e+00,1.375049308813172e+00,1.375118633562593e+00,1.002805541975830e-03
5.155005530501335e-04,-1.006505185704788e-04,-9.971057902189564e-05,-3.070456504633628e-05,3.305684432418851e+00,2.199432001801858e+00,1.375067928171090e+00,1.375131958342839e+00,1.043137752488737e-03
5.155005634220344e-04,-1.006439478556977e-04,-9.967261487415828e-05,-3.192856917773385e-05,3.306252183278505e+00,2.199432429845821e+00,1.375087310496165e+00,1.375145883705635e+00,1.086563707919928e-03
5.155005730160786e-04,-1.006361327114859e-04,-9.963680811513432e-05,-3.298350041624861e-05,3.306839774224223e+00,2.199432926649523e+00,1.375107501780611e+00,1.375160434135365e+00,1.133258620234993e-03
5.155005819150600e-04,-1.006271129043269e-04,-9.959067709424437e-05,-3.393212418321824e-05,3.307448509856201e+00,2.199433491226159e+00,1.375128513381233e+00,1.375175645005178e+00,1.183460666539988e-03
5.155005901629030e-04,-1.006165732602717e-04,-9.954565487762742e-05,-3.471833440823192e-05,3.308078839278831e+00,2.199434139897599e+00,1.375150428849157e+00,1.375191562519986e+00,1.237398651374390e-03
5.155005978616506e-04,-1.006045105540777e-04,-9.948944114157774e-05,-3.540174025565242e-05,3.308735165731830e+00,2.199434874345130e+00,1.375173362298635e+00,1.375208298483570e+00,1.295580473514251e-03
5.155006051179481e-04,-1.005905412239939e-04,-9.943272139350058e-05,-3.594021521790123e-05,3.309425657177929e+00,2.199435715834586e+00,1.375197660891072e+00,1.375226090316890e+00,1.358919796338063e-03
5.155006121500918e-04,-1.005745311974983e-04,-9.936275160766944e-05,-3.639650660943861e-05,3.310172286121452e+00,2.199436676445110e+00,1.375224037501479e+00,1.375245493309260e+00,1.429581838016322e-03
5.155006197402333e-04,-1.005546587402185e-04,-9.928325084588206e-05,-3.677264576967027e-05,3.311077124638244e+00,2.199437870665019e+00,1.375256110409441e+00,1.375269168433407e+00,1.517623740756654e-03
5.155006268875937e-04,-1.005348801124874e-04,-9.919721845648555e-05,-3.707535931910970e-05,3.312031530565294e+00,2.199439077382645e+00,1.375289858389552e+00,1.375294179940100e+00,1.612219405318008e-03
5.155006351120580e-04,-1.005128814857804e-04,-9.910291438866124e-05,-3.736119810243593e-05,3.313258439939383e+00,2.199440462879479e+00,1.375332995828014e+00,1.375326213477554e+00,1.734443041854161e-03
5.155006425984686e-04,-1.004950352265190e-04,-9.901409161147352e-05,-3.761855414457659e-05,3.314493989204982e+00,2.199441645385559e+00,1.375376066237649e+00,1.375358234951644e+00,1.856483123473360e-03
5.155006510627353e-04,-1.004774020570522e-04,-9.892227579085174e-05,-3.788157615227151e-05,3.316024719377465e+00,2.199442885445303e+00,1.375429045664393e+00,1.375397582222178e+00,2.004603144564035e-03
5.155006599056808e-04,-1.004627415146898e-04,-9.882714316384686e-05,-3.818234333561135e-05,3.317768819674819e+00,2.199444021522171e+00,1.375488862275356e+00,1.375441941328021e+00,2.167959520604066e-03
5.155006673454685e-04,-1.004550726438004e-04,-9.876267776713650e-05,-3.846918419969456e-05,3.319340971835206e+00,2.199444760475777e+00,1.375542222332690e+00,1.375481400124150e+00,2.309178914083270e-03
5.155006730783217e-04,-1.004554678324467e-04,-9.872607214226142e-05,-3.877251103496758e-05,3.320603108492044e+00,2.199445018483986e+00,1.375584374067120e+00,1.375512490814323e+00,2.416930180577483e-03
5.155006783082623e-04,-1.004651849151407e-04,-9.872533004498277e-05,-3.912049313844419e-05,3.321771577358257e+00,2.199444780195773e+00,1.375622465538757e+00,1.375540462874392e+00,2.509807278353835e-03
5.155006837428606e-04,-1.004913196083947e-04,-9.876723678096427e-05,-3.960231437375968e-05,3.322965533637695e+00,2.199443710223151e+00,1.375659766287992e+00,1.375567655811903e+00,2.593276779655606e-03
5.155006896493737e-04,-1.005467730172106e-04,-9.889936000060268e-05,-4.023416661213683e-05,3.324173466271961e+00,2.199441144712881e+00,1.375694629920828e+00,1.375592610173274e+00,2.656015016968468e-03
5.155006954069486e-04,-1.006350949762193e-04,-9.912549954489147e-05,-4.094609283885372e-05,3.325172405123686e+00,2.199436844739970e+00,1.375719213140323e+00,1.375609363396296e+00,2.672757145464272e-03
5.155007010129185e-04,-1.007547028838331e-04,-9.945103383303003e-05,-4.169657815488082e-05,3.325880753468144e+00,2.199430856847767e+00,1.375730881801964e+00,1.375615721225736e+00,2.630628865774152e-03
5.155007070471874e-04,-1.009153794153263e-04,-9.989478316796194e-05,-4.259381604440858e-05,3.326249253842447e+00,2.199422640290150e+00,1.375726776685822e+00,1.375609031981609e+00,2.505425566465432e-03
5.155007129077797e-04,-1.010954079541405e-04,-1.004103319523554e-04,-4.355003622322912e-05,3.326132187849834e+00,2.199413255452802e+00,1.375703988877331e+00,1.375587261889702e+00,2.294275434815717e-03
5.155007193941174e-04,-1.013135990171001e-04,-1.010473729047219e-04,-4.474172762087360e-05,3.325370761176692e+00,2.199401655507925e+00,1.375654893326137e+00,1.375543884295849e+00,1.950161737351096e-03
5.155007260922592e-04,-1.015534669729269e-04,-1.017758341571955e-04,-4.610919586036447e-05,3.323809521390870e+00,2.199388633596783e+00,1.375575738384499e+00,1.375476241103003e+00,1.469078838788024e-03
5.155007334769098e-04,-1.018314447303083e-04,-1.026441828033001e-04,-4.781154211441839e-05,3.321083571635549e+00,2.199373208057747e+00,1.375452164002956e+00,1.375372773439562e+00,7.879892577673552e-04
5.155007408802503e-04,-1.021229631163968e-04,-1.035922624550965e-04,-4.971020565003482e-05,3.317198106631192e+00,2.199356669318106e+00,1.375287037041540e+00,1.375236462099169e+00,-5.516323072541879e-05
5.155007485443788e-04,-1.024387239930248e-04,-1.046485762226927e-04,-5.189103947096914e-05,3.311849838973070e+00,2.199338372867930e+00,1.375068952422480e+00,1.375058404794636e+00,-1.099850915331560e-03
5.155007559267179e-04,-1.027562745270351e-04,-1.057477032027774e-04,-5.416866198641921e-05,3.305316110395869e+00,2.199319601307011e+00,1.374810071191775e+00,1.374848871277502e+00,-2.274610559864482e-03
5.155007609402315e-04,-1.029767697607155e-04,-1.065243961606047e-04,-5.587556784178640e-05,3.300057824162691e+00,2.199306335808783e+00,1.374605635403512e+00,1.374684383695626e+00,-3.167261601822921e-03
5.155007639134525e-04,-1.030944155412640e-04,-1.069399264291960e-04,-5.736639337886631e-05,3.296633515258766e+00,2.199299022233109e+00,1.374475376111993e+00,1.374579620355307e+00,-3.727989836032498e-03
5.155007667358059e-04,-1.032229593600355e-04,-1.074486277708661e-04,-5.790428932901235e-05,3.293144483713191e+00,2.199291165657360e+00,1.374341295400570e+00,1.374472750075364e+00,-4.286700945914650e-03
5.155007697533388e-04,-1.033650216502159e-04,-1.079350025278940e-04,-5.937705087213171e-05,3.289151417196929e+00,2.199282451152936e+00,1.374189058848769e+00,1.374351361822868e+00,-4.912809494221916e-03
5.155007757884044e-04,-1.036538736490868e-04,-1.090329876544900e-04,-6.113834217417248e-05,3.280315490756649e+00,2.199264521149639e+00,1.373855307507009e+00,1.374086208149281e+00,-6.254037991005363e-03
5.155007816990474e-04,-1.039472799762321e-04,-1.101154060209227e-04,-6.363848223151576e-05,3.270513431707197e+00,2.199246085434823e+00,1.373488127940765e+00,1.373795902393084e+00,-7.686316172048249e-03
5.155007891762281e-04,-1.043311457072917e-04,-1.116152396844333e-04,-6.590729770768541e-05,3.256379404456397e+00,2.199221614553058e+00,1.372963786152173e+00,1.373383319378470e+00,-9.671585521215944e-03
5.155007959448360e-04,-1.046960413765098e-04,-1.130193777035296e-04,-6.852682636146052e-05,3.241806214211402e+00,2.199198078214280e+00,1.372426996138060e+00,1.372963123292676e+00,-1.164362131291884e-02
5.155008027791193e-04,-1.050815383031568e-04,-1.145659939025123e-04,-7.023029258490164e-05,3.225250944284729e+00,2.199172940801755e+00,1.371821300729932e+00,1.372491172115328e+00,-1.381285871970366e-02
5.155008092445393e-04,-1.054708169355435e-04,-1.160983317445718e-04,-7.215595076096527e-05,3.207756324217157e+00,2.199147423499590e+00,1.371183879734620e+00,1.371996788655050e+00,-1.604259878004581e-02
5.155008142545234e-04,-1.057934832154074e-04,-1.174029280859038e-04,-7.265785717396121e-05,3.192880967021341e+00,2.199126238448615e+00,1.370643570676946e+00,1.371579332364488e+00,-1.789968170759217e-02
5.155008181078853e-04,-1.060614610167433e-04,-1.184487604835748e-04,-7.330305828412983e-05,3.180593103782945e+00,2.199108723687877e+00,1.370197479530442e+00,1.371235699057259e+00,-1.941327848450424e-02
5.155008215302556e-04,-1.063165098228537e-04,-1.194679596642499e-04,-7.293339730506648e-05,3.169016443134999e+00,2.199092134458176e+00,1.369777401867986e+00,1.370912888165231e+00,-2.082632954801413e-02
5.155008244584133e-04,-1.065549892894992e-04,-1.203823840890333e-04,-7.284958192019105e-05,3.158576789818297e+00,2.199076781314570e+00,1.369397960440616e+00,1.370621932695024e+00,-2.209297835580799e-02
5.155008272281559e-04,-1.068003847406408e-04,-1.213368244055435e-04,-7.182291906728001e-05,3.148212979577345e+00,2.199061131970166e+00,1.369020760286351e+00,1.370333232763925e+00,-2.334590376472449e-02
5.155008297096722e-04,-1.070436390978315e-04,-1.222455581617575e-04,-7.105353549123919e-05,3.138488236681447e+00,2.199045818273965e+00,1.368665734069784e+00,1.370061970843272e+00,-2.451981077267609e-02
5.155008321491484e-04,-1.073064390448088e-04,-1.232319283595348e-04,-6.935110029679044e-05,3.128490166853362e+00,2.199029455235549e+00,1.368299787599556e+00,1.369782758623157e+00,-2.572705191219544e-02
5.155008347837909e-04,-1.076206622961741e-04,-1.243674761887303e-04,-6.759745149665724e-05,3.117160830818539e+00,2.199010108554372e+00,1.367883810731201e+00,1.369465775446933e+00,-2.709748776805544e-02
5.155008371619151e-04,-1.079282765974234e-04,-1.254759219378189e-04,-6.517153993679988e-05,3.106429842621281e+00,2.198991295778227e+00,1.367489195864681e+00,1.369165318270740e+00,-2.839892554485704e-02
5.155008399382255e-04,-1.083016370486191e-04,-1.267760048135805e-04,-6.279517842579855e-05,3.093271486094585e+00,2.198968428583430e+00,1.367006149702811e+00,1.368797634042760e+00,-2.999789852467523e-02
5.155008424232115e-04,-1.086278521958518e-04,-1.279211716543702e-04,-6.036853560704217e-05,3.080924015021426e+00,2.198948182420679e+00,1.366555557239104e+00,1.368454630730241e+00,-3.149804287610400e-02
5.155008444027705e-04,-1.088702724974090e-04,-1.287659584494312e-04,-5.912505317840486e-05,3.070716784702140e+00,2.198932812070989e+00,1.366185699398779e+00,1.368173174281048e+00,-3.273492178374864e-02
5.155008465320506e-04,-1.091097571339396e-04,-1.296461535145006e-04,-5.743797443869956e-05,3.059388195527091e+00,2.198917238722421e+00,1.365777833239058e+00,1.367863083990613e+00,-3.410176706614201e-02
5.155008489065719e-04,-1.093512433827860e-04,-1.305458177934884e-04,-5.633806458098267e-05,3.046346341529836e+00,2.198901035277670e+00,1.365311247701694e+00,1.367508920429280e+00,-3.566540159181253e-02
5.155008513737224e-04,-1.095758341606369e-04,-1.314432533143734e-04,-5.485918321783070e-05,3.032360757201059e+00,2.198885399614128e+00,1.364813948640447e+00,1.367132203647413e+00,-3.732850415083667e-02
5.155008541665579e-04,-1.098031357400976e-04,-1.323786386779090e-04,-5.391844544042993e-05,3.016016164329844e+00,2.198868920021738e+00,1.364235923353120e+00,1.366695507806820e+00,-3.925265967749591e-02
5.155008574845205e-04,-1.100401737443270e-04,-1.334363380318209e-04,-5.247572251387437e-05,2.995923550467843e+00,2.198850837942227e+00,1.363529441557365e+00,1.366163507800110e+00,-4.158782389903189e-02
5.155008614090548e-04,-1.102801719674885e-04,-1.345742156488463e-04,-5.161414749578055e-05,2.971256976182266e+00,2.198831282907787e+00,1.362667297864573e+00,1.365517108242277e+00,-4.440809057449371e-02
5.155008649436616e-04,-1.104613209654239e-04,-1.355345842838588e-04,-5.069286520893942e-05,2.948247754936322e+00,2.198815274254762e+00,1.361867688364350e+00,1.364920449112714e+00,-4.699280487358264e-02
5.155008678075490e-04,-1.105861548056132e-04,-1.362464343494928e-04,-5.065251083535782e-05,2.929078926712327e+00,2.198803314873736e+00,1.361204482222179e+00,1.364427803449161e+00,-4.911270436912271e-02
5.155008703091921e-04,-1.106801458465546e-04,-1.368508932526135e-04,-5.038408502549559e-05,2.911965732425482e+00,2.198793568004994e+00,1.360614491001007e+00,1.363991283953349e+00,-5.098016813945142e-02
5.155008727647598e-04,-1.107610047091469e-04,-1.374034771677443e-04,-5.078314793163483e-05,2.894842568184796e+00,2.198784529752524e+00,1.360025836066891e+00,1.363557499252328e+00,-5.282585226313709e-02
5.155008754657218e-04,-1.108393107885454e-04,-1.380093029216991e-04,-5.085462474744856e-05,2.875644577292474e+00,2.198775079451661e+00,1.359367617229213e+00,1.363074554646311e+00,-5.486928965029413e-02
5.155008782226511e-04,-1.109123870499786e-04,-1.386033855358293e-04,-5.136470475229722e-05,2.855658072989637e+00,2.198765737106262e+00,1.358683898980182e+00,1.362575389987921e+00,-5.696976166299526e-02
5.155008804495730e-04,-1.109686703484449e-04,-1.390983997756618e-04,-5.117310119641937e-05,2.839225079510567e+00,2.198758301414707e+00,1.358122781509723e+00,1.362167653732668e+00,-5.867801336288994e-02
5.155008824585244e-04,-1.110182312007914e-04,-1.395310633047160e-04,-5.131680494745092e-05,2.824177172974714e+00,2.198751634677248e+00,1.357609779175931e+00,1.361796458891943e+00,-6.022878449851077e-02
5.155008847213425e-04,-1.110708736869127e-04,-1.400319182781783e-04,-5.081641071908274e-05,2.806974195401239e+00,2.198744263442236e+00,1.357024562847907e+00,1.361374873755049e+00,-6.198694502023339e-02
5.155008872161079e-04,-1.111230580915502e-04,-1.405625635534892e-04,-5.062280639785672e-05,2.787697075604090e+00,2.198736405761943e+00,1.356370676020801e+00,1.360906375059352e+00,-6.393974690819057e-02
5.155008898126375e-04,-1.111666949166014e-04,-1.411176724207704e-04,-4.984454571873519e-05,2.767291346421318e+00,2.198728739519433e+00,1.355681318742098e+00,1.360415646716078e+00,-6.598806571648110e-02
5.155008928401654e-04,-1.111996695232377e-04,-1.417358099312396e-04,-4.938002502706476e-05,2.743063058296519e+00,2.198720677050041e+00,1.354867447721790e+00,1.359841184505233e+00,-6.839663082137622e-02
5.155008964149403e-04,-1.112056733504864e-04,-1.424676156429904e-04,-4.827353651608466e-05,2.713859927505901e+00,2.198712796311083e+00,1.353895309014123e+00,1.359163498240619e+00,-7.126851684313290e-02
5.155008993275422e-04,-1.111753998349342e-04,-1.430615647216509e-04,-4.777489461616195e-05,2.689589758714821e+00,2.198708146453604e+00,1.353097579044291e+00,1.358616430681059e+00,-7.363206726282642e-02
5.155009018059690e-04,-1.111159562145615e-04,-1.435968274302776e-04,-4.691789909572121e-05,2.668597535296333e+00,2.198705900749743e+00,1.352417793095686e+00,1.358158725657405e+00,-7.566158510945167e-02
5.155009040477989e-04,-1.110287954623103e-04,-1.441025180351045e-04,-4.657972862315629e-05,2.649333908073204e+00,2.198705576027030e+00,1.351804845822010e+00,1.357754788957187e+00,-7.751375066308797e-02
5.155009061187222e-04,-1.109118174438385e-04,-1.446222312700215e-04,-4.583184872248429e-05,2.631299624994489e+00,2.198707145386067e+00,1.351243157676021e+00,1.357394066640530e+00,-7.924035924619041e-02
5.155009080940682e-04,-1.107610437013519e-04,-1.451635121030886e-04,-4.556733569078535e-05,2.613875507326401e+00,2.198710658931504e+00,1.350714021312305e+00,1.357064800091776e+00,-8.090325294134139e-02
5.155009100083820e-04,-1.105717811767838e-04,-1.457694964004481e-04,-4.487394064761309e-05,2.596775354374398e+00,2.198716290584801e+00,1.350210105650977e+00,1.356763173195574e+00,-8.253133760424093e-02
5.155009120459914e-04,-1.103195150417625e-04,-1.465082484058954e-04,-4.460677759116648e-05,2.578334050891308e+00,2.198724920756303e+00,1.349685885613157e+00,1.356464604591505e+00,-8.428394696339282e-02
5.155009139615561e-04,-1.100321225405877e-04,-1.473539664622464e-04,-4.392953837734607e-05,2.560768145458221e+00,2.198735654594095e+00,1.349206726043506e+00,1.356207901168895e+00,-8.595069649495940e-02
5.155009159947354e-04,-1.096785270278423e-04,-1.484318227418378e-04,-4.367091579447887e-05,2.541883657217947e+00,2.198749612000756e+00,1.348713632854709e+00,1.355961884580851e+00,-8.773921145777021e-02
5.155009176381567e-04,-1.093620383920814e-04,-1.495400281818651e-04,-4.306046045633846e-05,2.526448888094698e+00,2.198762542861751e+00,1.348326783789946e+00,1.355782309705462e+00,-8.919687620376666e-02
5.155009190655545e-04,-1.090722851679117e-04,-1.506690045605880e-04,-4.293536683870199e-05,2.512932318696254e+00,2.198774607714874e+00,1.347998641292249e+00,1.355638807419258e+00,-9.046866810745841e-02
5.155009204100520e-04,-1.087924556713772e-04,-1.519448599946701e-04,-4.238717479493298e-05,2.500120933960886e+00,2.198786397033426e+00,1.347695560753848e+00,1.355512673594147e+00,-9.166823171958453e-02
5.155009216881899e-04,-1.085243271627902e-04,-1.533534385459666e-04,-4.228129861737471e-05,2.487884555498671e+00,2.198797783061793e+00,1.347412338698385e+00,1.355399581412255e+00,-9.280680711073654e-02
5.155009230792344e-04,-1.082338849551191e-04,-1.551267278183839e-04,-4.170610659629978e-05,2.474522376575045e+00,2.198810187329957e+00,1.347108903930591e+00,1.355282555954788e+00,-9.404000248394306e-02
5.155009243398585e-04,-1.079744406322759e-04,-1.569632193630162e-04,-4.158446218056292e-05,2.462389132954428e+00,2.198821312538412e+00,1.346837746501951e+00,1.355180806046875e+00,-9.514869462336800e-02
5.155009256502821e-04,-1.077109443448555e-04,-1.590482227861843e-04,-4.101485038044768e-05,2.449769613702035e+00,2.198832638811810e+00,1.346559274875475e+00,1.355078399686135e+00,-9.628891295772239e-02
5.155009269490233e-04,-1.074582572925244e-04,-1.612640765771058e-04,-4.086759525564913e-05,2.437269340401865e+00,2.198843510974970e+00,1.346286213543098e+00,1.354979526478354e+00,-9.740416922457702e-02
5.155009284136026e-04,-1.071859731460946e-04,-1.638376882948428e-04,-4.024705018039410e-05,2.423194915010004e+00,2.198855218109695e+00,1.345981152145265e+00,1.354870345418272e+00,-9.864198238826496e-02
5.155009300881458e-04,-1.068956950978651e-04,-1.667516836701026e-04,-3.999088605508369e-05,2.407142007322731e+00,2.198867649733327e+00,1.345635069863461e+00,1.354747608473947e+00,-1.000305508696797e-01
5.155009317324013e-04,-1.066371488155261e-04,-1.694293940634942e-04,-3.932855780403644e-05,2.391423101681560e+00,2.198878626524782e+00,1.345296860535474e+00,1.354628293459399e+00,-1.013670517464081e-01
5.155009329419322e-04,-1.064664559519492e-04,-1.712089951391491e-04,-3.921321013570345e-05,2.379884478149687e+00,2.198885780506975e+00,1.345048423725523e+00,1.354540860893407e+00,-1.023345844822375e-01
5.155009341351391e-04,-1.063139344892362e-04,-1.728195443122706e-04,-3.868989603256854e-05,2.368516896310022e+00,2.198892084817748e+00,1.344803371681664e+00,1.354454728191311e+00,-1.032773078510194e-01
5.155009354201535e-04,-1.061666805950025e-04,-1.743635405703241e-04,-3.856786950548423e-05,2.356285880438787e+00,2.198898064304540e+00,1.344539267721905e+00,1.354361969976708e+00,-1.042807794483183e-01
5.155009368018217e-04,-1.060268063630011e-04,-1.758186655318585e-04,-3.801430644718897e-05,2.343140397647699e+00,2.198903612267772e+00,1.344254772855098e+00,1.354262033364526e+00,-1.053475363246291e-01
5.155009381203552e-04,-1.059094677477147e-04,-1.770247748543171e-04,-3.790043922699579e-05,2.330593762731051e+00,2.198908135035446e+00,1.343982634152176e+00,1.354166403579106e+00,-1.063549671182627e-01
5.155009395205905e-04,-1.057992161974432e-04,-1.781517703086693e-04,-3.736100910778306e-05,2.317260770767205e+00,2.198912253590009e+00,1.343692908064382e+00,1.354064529282836e+00,-1.074144268013651e-01
5.155009409444573e-04,-1.056994511814792e-04,-1.791574424422407e-04,-3.723737571923582e-05,2.303687335592357e+00,2.198915855709372e+00,1.343397526505832e+00,1.353960613737141e+00,-1.084814283248224e-01
5.155009425030847e-04,-1.056010921837682e-04,-1.801368704089225e-04,-3.667863368500985e-05,2.288805593177303e+00,2.198919288835451e+00,1.343073323029834e+00,1.353846495052367e+00,-1.096378590902777e-01
5.155009441342896e-04,-1.055069775995356e-04,-1.810576774994723e-04,-3.652353637882719e-05,2.273199448308910e+00,2.198922473687687e+00,1.342733114039199e+00,1.353726706881042e+00,-1.108352823884021e-01
5.155009459552932e-04,-1.054088336300509e-04,-1.819983853725341e-04,-3.592469971197339e-05,2.255735066391285e+00,2.198925719988262e+00,1.342352303656175e+00,1.353592602524701e+00,-1.121561755366839e-01
5.155009479185495e-04,-1.053077167550888e-04,-1.829436934911594e-04,-3.571526267767018e-05,2.236853043555271e+00,2.198929026494699e+00,1.341940650624170e+00,1.353447668528398e+00,-1.135607213980805e-01
5.155009501569705e-04,-1.051947255974318e-04,-1.839682646365903e-04,-3.504926870588165e-05,2.215254940791699e+00,2.198932732145990e+00,1.341470048745792e+00,1.353282071916638e+00,-1.151358710696519e-01
5.155009526380117e-04,-1.050691488556445e-04,-1.850705144173652e-04,-3.475592887651988e-05,2.191228964334983e+00,2.198936918858469e+00,1.340947044361089e+00,1.353098236724366e+00,-1.168466601003570e-01
5.155009555243813e-04,-1.049195950189520e-04,-1.863354641870059e-04,-3.398881548611712e-05,2.163165419898784e+00,2.198942046377703e+00,1.340336969717967e+00,1.352884159922509e+00,-1.187866132726629e-01
5.155009587917622e-04,-1.047435318520797e-04,-1.877724370675207e-04,-3.357698510263485e-05,2.131257764204231e+00,2.198948301163548e+00,1.339644538917719e+00,1.352641798527480e+00,-1.209115981138727e-01
5.155009626169628e-04,-1.045266569505222e-04,-1.894783369430095e-04,-3.267881642630138e-05,2.093726634520967e+00,2.198956319460871e+00,1.338831841631412e+00,1.352358346552746e+00,-1.232947158109482e-01
5.155009669117153e-04,-1.042687351750117e-04,-1.914429105927390e-04,-3.213826389677255e-05,2.051381738506584e+00,2.198966257194199e+00,1.337917303327335e+00,1.352040896834063e+00,-1.258237289728865e-01
5.155009716611274e-04,-1.039659649902304e-04,-1.936821228134115e-04,-3.115257513310606e-05,2.004327608664207e+00,2.198978402958968e+00,1.336904122085440e+00,1.351691340472940e+00,-1.284239068186543e-01
5.155009765871012e-04,-1.036332545417941e-04,-1.960890229450787e-04,-3.059158816982528e-05,1.955306769677708e+00,2.198992261550265e+00,1.335852105489055e+00,1.351331030091862e+00,-1.308847091892905e-01
5.155009818280391e-04,-1.032593894155766e-04,-1.987434776565325e-04,-2.962436648305295e-05,1.902948994503435e+00,2.199008386466285e+00,1.334732524944110e+00,1.350950818660727e+00,-1.332184254171034e-01
5.155009872364929e-04,-1.028530692275743e-04,-2.015891587144312e-04,-2.909526515296725e-05,1.848743611312424e+00,2.199026491216276e+00,1.333577962210347e+00,1.350562530418856e+00,-1.352973932989075e-01
5.155009929061748e-04,-1.024055626734856e-04,-2.046817146630143e-04,-2.818362478714154e-05,1.791781627986017e+00,2.199047051389778e+00,1.332369811704232e+00,1.350160695921664e+00,-1.370933755986576e-01
5.155009964530875e-04,-1.021144365078221e-04,-2.066721108184492e-04,-2.797945314418103e-05,1.756096805366356e+00,2.199060743931787e+00,1.331615732236237e+00,1.349912380007765e+00,-1.380071905613160e-01
5.155010000000000e-04,-1.018148935264519e-04,-2.087035311691332e-04,-2.739073690387412e-05,1.720391337107411e+00,2.199075074348369e+00,1.330863431400007e+00,1.349666685512664e+00,-1.387516498164003e-01
5.155010000158726e-04,-1.018133651483168e-04,-2.086947915781440e-04,-2.308946998513395e-05,1.720231659418955e+00,2.199075148370424e+00,1.330860094096137e+00,1.349665602811072e+00,-1.387545600810252e-01
5.155010000476177e-04,-1.018100426070702e-04,-2.086884661674255e-04,-2.321735063699915e-05,1.719912544870852e+00,2.199075309714693e+00,1.330853461095832e+00,1.349663456087517e+00,-1.387603214364375e-01
5.155010001111080e-04,-1.018027945329115e-04,-2.087139863256514e-04,-2.325446214340409e-05,1.719275042084772e+00,2.199075662622229e+00,1.330840304569409e+00,1.349659219220290e+00,-1.387716708182410e-01
5.155010002380884e-04,-1.017887195397228e-04,-2.087691410691972e-04,-2.324655355604537e-05,1.718000011234207e+00,2.199076347659587e+00,1.330813947853013e+00,1.349650754593485e+00,-1.387942506796902e-01
5.155010004920494e-04,-1.017619380335368e-04,-2.088713484403702e-04,-2.320916340638248e-05,1.715448548791542e+00,2.199077650383479e+00,1.330760915997086e+00,1.349633663652665e+00,-1.388388869311760e-01
5.155010009999713e-04,-1.017126395447611e-04,-2.091415865742131e-04,-2.313915167109040e-05,1.710343379252834e+00,2.199080046602067e+00,1.330654124495398e+00,1.349599082992127e+00,-1.389257517274594e-01
5.155010020158152e-04,-1.016215970113556e-04,-2.097454195126623e-04,-2.298781720805253e-05,1.700128962697540e+00,2.199084476062767e+00,1.330439540047032e+00,1.349529656050775e+00,-1.390896190642203e-01
5.155010040139391e-04,-1.014496887966700e-04,-2.109788090165711e-04,-2.270815805767417e-05,1.680028563394348e+00,2.199092884525273e+00,1.330017058449362e+00,1.349393415532682e+00,-1.393714126884441e-01
5.155010076340656e-04,-1.011416615606676e-04,-2.132239796049947e-04,-2.222638073918790e-05,1.643592100960410e+00,2.199108126736036e+00,1.329253047773376e+00,1.349148535967730e+00,-1.397402416742866e-01
5.155010122845856e-04,-1.007317421860100e-04,-2.161515138754056e-04,-2.167999444521870e-05,1.596775451983319e+00,2.199128762993916e+00,1.328275556246619e+00,1.348838694986304e+00,-1.399351611368377e-01
5.155010181345460e-04,-1.001878683573522e-04,-2.198772089659285e-04,-2.108647081410318e-05,1.537930563249487e+00,2.199156708545075e+00,1.327053906027949e+00,1.348457801610156e+00,-1.397110670379083e-01
5.155010235649267e-04,-9.965477380882950e-05,-2.233821481799325e-04,-2.063982965658211e-05,1.483417221831855e+00,2.199184663544093e+00,1.325929880593230e+00,1.348114652319542e+00,-1.390099771644581e-01
5.155010294102983e-04,-9.905111101606315e-05,-2.271914626600204e-04,-2.023306689465653e-05,1.424934338858423e+00,2.199216929738668e+00,1.324733165399352e+00,1.347758484902485e+00,-1.376942959935180e-01
5.155010349787977e-04,-9.844632243297360e-05,-2.308552529631893e-04,-1.992242886373639e-05,1.369477828503968e+00,2.199249844807004e+00,1.323608477139929e+00,1.347434139802038e+00,-1.358726439654852e-01
5.155010409694493e-04,-9.776306998656628e-05,-2.348094923367114e-04,-1.962776915257738e-05,1.310174449502973e+00,2.199287677539681e+00,1.322418171527579e+00,1.347103736652069e+00,-1.332611610445846e-01
5.155010466653606e-04,-9.708105289031003e-05,-2.385615906875584e-04,-1.939219088660828e-05,1.254209282978575e+00,2.199326064831214e+00,1.321308176667776e+00,1.346809169499245e+00,-1.301197665855369e-01
5.155010524720650e-04,-9.635324956203909e-05,-2.423257762743735e-04,-1.915944338621915e-05,1.197672164010755e+00,2.199367662756545e+00,1.320201072433281e+00,1.346529463655413e+00,-1.262190634858579e-01
5.155010577467008e-04,-9.566274888716100e-05,-2.456555055911314e-04,-1.896285010398407e-05,1.146860640974950e+00,2.199407683327588e+00,1.319219066395292e+00,1.346293894242952e+00,-1.220298002307349e-01
5.155010629009370e-04,-9.495898162600006e-05,-2.487741742097251e-04,-1.875623602864180e-05,1.097811627417746e+00,2.199448975915852e+00,1.318283399627111e+00,1.346081144054028e+00,-1.173056543385750e-01
5.155010676256713e-04,-9.428680532084136e-05,-2.514922289216797e-04,-1.856585535526333e-05,1.053464415542605e+00,2.199488843858902e+00,1.317448290986711e+00,1.345901645900856e+00,-1.123957002466721e-01
5.155010723117404e-04,-9.359354287113667e-05,-2.540268660679263e-04,-1.835431608243227e-05,1.010150496650806e+00,2.199530367503260e+00,1.316643085982737e+00,1.345738728667911e+00,-1.069468086401185e-01
5.155010768219840e-04,-9.290186105806689e-05,-2.563157694555946e-04,-1.814495806566633e-05,9.691703611669764e-01,2.199572191365626e+00,1.315891107214641e+00,1.345596419584342e+00,-1.011288186476752e-01
5.155010814811422e-04,-9.216360831736728e-05,-2.585167035771438e-04,-1.790394477770369e-05,9.276421288555565e-01,2.199617261380729e+00,1.315139256100023e+00,1.345464626887580e+00,-9.449714345611258e-02
5.155010861282388e-04,-9.140449116481612e-05,-2.605600638635254e-04,-1.765647748470593e-05,8.871011486215838e-01,2.199664061738069e+00,1.314415603175052e+00,1.345348701115894e+00,-8.722068594809577e-02
5.155010904957766e-04,-9.067043917978871e-05,-2.623433357804154e-04,-1.740263371349354e-05,8.498470425637531e-01,2.199709740084906e+00,1.313760131476963e+00,1.345253933727279e+00,-7.974519708515608e-02
5.155010939178552e-04,-9.007974456443427e-05,-2.636634832069665e-04,-1.720442369789751e-05,8.212517013542451e-01,2.199746768380588e+00,1.313263557536892e+00,1.345189203339573e+00,-7.343016679142826e-02
5.155010967512884e-04,-8.957845764158270e-05,-2.647057524882834e-04,-1.702989626202825e-05,7.979761748467253e-01,2.199778351671867e+00,1.312863840055126e+00,1.345141859534317e+00,-6.787558821751218e-02
5.155010992504491e-04,-8.912472540412956e-05,-2.655998497059373e-04,-1.688301403466543e-05,7.777473008669449e-01,2.199807030599233e+00,1.312519899908402e+00,1.345104685968837e+00,-6.271294985883016e-02
5.155011015248211e-04,-8.870007880263834e-05,-2.663921178374121e-04,-1.674275745075221e-05,7.595786998439523e-01,2.199833919155936e+00,1.312213886996636e+00,1.345074480278788e+00,-5.778258084767159e-02
5.155011036662181e-04,-8.828743554607845e-05,-2.671293285697403e-04,-1.662026590100417e-05,7.426761720103607e-01,2.199860058931174e+00,1.311931821488990e+00,1.345049079233216e+00,-5.292039336359258e-02
5.155011057221535e-04,-8.787717584988988e-05,-2.678255474609972e-04,-1.649800925290951e-05,7.266271071761679e-01,2.199886031547515e+00,1.311666484536717e+00,1.345027355479082e+00,-4.803263830418416e-02
5.155011079426058e-04,-8.741616235687380e-05,-2.685695280322105e-04,-1.637693076050459e-05,7.094819651986645e-01,2.199915175242533e+00,1.311385918540509e+00,1.345006714108152e+00,-4.248836834492354e-02
5.155011099851979e-04,-8.697406670713184e-05,-2.692382017661917e-04,-1.626143034287729e-05,6.938752622228356e-01,2.199943072392111e+00,1.311133315950793e+00,1.344990233406803e+00,-3.712296197656301e-02
5.155011121622241e-04,-8.648513277924499e-05,-2.699262030277815e-04,-1.614580252610898e-05,6.774109438633544e-01,2.199973898626920e+00,1.310869993380096e+00,1.344975326589721e+00,-3.110286621772284e-02
5.155011145492228e-04,-8.593313537831895e-05,-2.706293305008302e-04,-1.600841630360643e-05,6.595617380223908e-01,2.200008745805983e+00,1.310588489963785e+00,1.344962260958479e+00,-2.412812340512424e-02
5.155011172998527e-04,-8.528883310921734e-05,-2.713542922534354e-04,-1.584634210490883e-05,6.392737295030948e-01,2.200049646545970e+00,1.310273964691637e+00,1.344951819247677e+00,-1.560289182973417e-02
5.155011191077065e-04,-8.486932365127222e-05,-2.717629709704015e-04,-1.572346159848583e-05,6.261180369963243e-01,2.200076525938065e+00,1.310073289515980e+00,1.344947897442057e+00,-9.724974465844997e-03
5.155011209817957e-04,-8.444127201493137e-05,-2.721528984985363e-04,-1.559803801042956e-05,6.126439086116517e-01,2.200104209905003e+00,1.309870483141144e+00,1.344946423456342e+00,-3.415646179069712e-03
5.155011221468730e-04,-8.418395762955901e-05,-2.723329863096908e-04,-1.550155131918442e-05,6.043605174581085e-01,2.200121061572075e+00,1.309747287634899e+00,1.344946988681275e+00,6.088993627326886e-04
5.155011231606724e-04,-8.397209667420205e-05,-2.723660401301744e-04,-1.540167393402810e-05,5.972290399837124e-01,2.200135171182256e+00,1.309642338855289e+00,1.344948708625153e+00,4.161665221374978e-03
5.155011242262229e-04,-8.373408852293443e-05,-2.725735280725697e-04,-1.533492499094573e-05,5.897949620681858e-01,2.200150816193347e+00,1.309533415503156e+00,1.344951224849336e+00,7.955169934883634e-03
5.155011252283373e-04,-8.351375560581423e-05,-2.727356255532970e-04,-1.525407209106534e-05,5.828553996438198e-01,2.200165401027949e+00,1.309432505356447e+00,1.344954328253496e+00,1.158255945358034e-02
5.155011263436377e-04,-8.327983270734043e-05,-2.728603063130880e-04,-1.515789238886582e-05,5.752029318020673e-01,2.200181119638450e+00,1.309322240794249e+00,1.344958764320041e+00,1.567825456405915e-02
5.155011276169052e-04,-8.301149207254346e-05,-2.730361691010647e-04,-1.505882248413015e-05,5.665542881908830e-01,2.200199193522860e+00,1.309198659805380e+00,1.344965017203052e+00,2.042840077225392e-02
5.155011292309812e-04,-8.268645465824412e-05,-2.731820085534136e-04,-1.490978282619985e-05,5.557338879627975e-01,2.200221445477200e+00,1.309045914507099e+00,1.344974929966405e+00,2.655576797353023e-02
5.155011310731448e-04,-8.231834310502243e-05,-2.733718422860657e-04,-1.475679656406676e-05,5.435801572959755e-01,2.200246827898968e+00,1.308876578337165e+00,1.344988751898013e+00,3.368894126962613e-02
5.155011335530565e-04,-8.183872454584309e-05,-2.735449938456796e-04,-1.452286086889107e-05,5.275553442448447e-01,2.200280412996875e+00,1.308657253582385e+00,1.345011702841276e+00,4.351702186925160e-02
5.155011363719377e-04,-8.130178295513338e-05,-2.737393896128024e-04,-1.427323026077441e-05,5.098099140662142e-01,2.200318465626920e+00,1.308419627404479e+00,1.345043553144173e+00,5.499350085801991e-02
5.155011401498415e-04,-8.060360202993514e-05,-2.738985282614745e-04,-1.390924401845608e-05,4.868132987668584e-01,2.200368861858573e+00,1.308120598165244e+00,1.345095800748848e+00,7.086592549425623e-02
5.155011444863396e-04,-7.982328261757834e-05,-2.740378329769963e-04,-1.350537270672229e-05,4.615188295248530e-01,2.200426298828248e+00,1.307804154770059e+00,1.345168732907603e+00,8.975718882168220e-02
5.155011504978376e-04,-7.878740567186419e-05,-2.740759530065218e-04,-1.291463783168143e-05,4.283765964765492e-01,2.200504722977048e+00,1.307411807333183e+00,1.345291985208208e+00,1.170833642727307e-01
5.155011570674509e-04,-7.771159849737322e-05,-2.740106827549332e-04,-1.228285611555914e-05,3.946526000633460e-01,2.200589002546476e+00,1.307042352511520e+00,1.345454483635672e+00,1.483889303540641e-01
5.155011637747189e-04,-7.668029552890935e-05,-2.737947673810820e-04,-1.161878935199274e-05,3.628213753290689e-01,2.200673103493827e+00,1.306726351973673e+00,1.345648530660468e+00,1.818175071705508e-01
5.155011702936634e-04,-7.573956961092768e-05,-2.735144875435418e-04,-1.099616159953968e-05,3.342953589077134e-01,2.200753037610633e+00,1.306475378340325e+00,1.345862306465891e+00,2.156435963915533e-01
5.155011763524211e-04,-7.492292337819243e-05,-2.731631121319291e-04,-1.040841957044229e-05,3.098144228738157e-01,2.200825497431996e+00,1.306289134675563e+00,1.346081592933328e+00,2.481920742536644e-01
5.155011823374262e-04,-7.416647753860764e-05,-2.727902506494593e-04,-9.856680325448394e-06,2.874519720207113e-01,2.200895488205775e+00,1.306147014250316e+00,1.346316001181724e+00,2.813326977481546e-01
5.155011880549547e-04,-7.349249868898858e-05,-2.723768373471078e-04,-9.325146759081206e-06,2.676878250618380e-01,2.200960718503299e+00,1.306047959255433e+00,1.346555137957901e+00,3.138575338511824e-01
5.155011938637588e-04,-7.285276632508789e-05,-2.719511577158094e-04,-8.816964750131891e-06,2.491150929142125e-01,2.201025482793345e+00,1.305981851099253e+00,1.346811877920143e+00,3.477160799497930e-01
5.155011995234109e-04,-7.227484016425825e-05,-2.714964498390438e-04,-8.320254904075132e-06,2.323952553458812e-01,2.201086982215786e+00,1.305949080960625e+00,1.347074260334702e+00,3.814454634507060e-01
5.155012053792153e-04,-7.172047156713282e-05,-2.710307141152793e-04,-7.840093341359823e-06,2.164365236290191e-01,2.201149071228290e+00,1.305946140500094e+00,1.347357142580272e+00,4.170589800574159e-01
5.155012111337361e-04,-7.121915490623812e-05,-2.705464151815625e-04,-7.369433125504318e-06,2.019992149114065e-01,2.201208492960581e+00,1.305972470425425e+00,1.347645373947465e+00,4.527111137131788e-01
5.155012171112913e-04,-7.073915380198761e-05,-2.700585351666357e-04,-6.916037596858331e-06,1.882212615753148e-01,2.201268735553135e+00,1.306029241260885e+00,1.347954282750033e+00,4.903720791808970e-01
5.155012229846612e-04,-7.030542667996534e-05,-2.695695556459476e-04,-6.474468603215346e-06,1.758102972958175e-01,2.201326535963405e+00,1.306113972589171e+00,1.348266236483173e+00,5.279365655656442e-01
5.155012290782663e-04,-6.988715873778154e-05,-2.690969615651235e-04,-6.053285292110687e-06,1.640260226381176e-01,2.201385399612865e+00,1.306233274064164e+00,1.348597556374311e+00,5.674204214909343e-01
5.155012334738186e-04,-6.960078886314128e-05,-2.687698122068522e-04,-5.750249387035827e-06,1.561695089629190e-01,2.201427378392225e+00,1.306341472802593e+00,1.348840921274556e+00,5.961740657387987e-01
5.155012372445823e-04,-6.936115481402175e-05,-2.685219980143421e-04,-5.513303293976718e-06,1.498301380706860e-01,2.201463270272049e+00,1.306450648313988e+00,1.349052196393076e+00,6.209848733267954e-01
5.155012407909923e-04,-6.914074303111653e-05,-2.683038996871020e-04,-5.284631813217820e-06,1.441858974984217e-01,2.201496927174990e+00,1.306568837280758e+00,1.349252860743727e+00,6.444106743783472e-01
5.155012442715161e-04,-6.892737915175209e-05,-2.681254360277987e-04,-5.081402500205413e-06,1.389293858190477e-01,2.201529948348266e+00,1.306700845512222e+00,1.349451379682403e+00,6.674580243058333e-01
5.155012480187556e-04,-6.870461453033619e-05,-2.679532139813260e-04,-4.857096048268973e-06,1.335655863386112e-01,2.201565300433277e+00,1.306861382940982e+00,1.349666664708582e+00,6.923022394525009e-01
5.155012516294783e-04,-6.850247724095829e-05,-2.678190990978544e-04,-4.661425008697429e-06,1.286708238054882e-01,2.201598876907104e+00,1.307033855377394e+00,1.349875341829157e+00,7.162436916413643e-01
5.155012556219197e-04,-6.830632251114812e-05,-2.676766537843468e-04,-4.440584187791926e-06,1.235530146511028e-01,2.201634776006822e+00,1.307241865010687e+00,1.350107164942934e+00,7.426956637277387e-01
5.155012607045988e-04,-6.812364133243057e-05,-2.675022399286841e-04,-4.185125148798295e-06,1.174576932262517e-01,2.201677288997551e+00,1.307524674994964e+00,1.350403390578617e+00,7.763252399495905e-01
5.155012638003857e-04,-6.806139841462403e-05,-2.673747024387492e-04,-4.026390483619409e-06,1.139650137460976e-01,2.201700790073203e+00,1.307701179390119e+00,1.350584163282451e+00,7.967880961224930e-01
5.155012669691139e-04,-6.804309112960275e-05,-2.672420512914295e-04,-3.879946126060635e-06,1.105534843932178e-01,2.201722585306055e+00,1.307881075365625e+00,1.350769371158948e+00,8.177250142888586e-01
5.155012709828733e-04,-6.808354089438487e-05,-2.670456079679189e-04,-3.688937741516103e-06,1.064590578823034e-01,2.201746978615093e+00,1.308102483177898e+00,1.351004006447208e+00,8.442456885024107e-01
5.155012746341081e-04,-6.818341478878402e-05,-2.668542906176891e-04,-3.531235635307922e-06,1.029454783478561e-01,2.201765939391794e+00,1.308292344013180e+00,1.351217331425170e+00,8.683839334443678e-01
5.155012785012843e-04,-6.834887830987305e-05,-2.666340000311482e-04,-3.360667164206472e-06,9.943214321949391e-02,2.201782907948849e+00,1.308477155059419e+00,1.351443041246732e+00,8.939731539394373e-01
5.155012826793084e-04,-6.858912910561079e-05,-2.663877924372138e-04,-3.193603650047628e-06,9.586438942790880e-02,2.201797963857768e+00,1.308652821688868e+00,1.351686404665003e+00,9.216540827682778e-01
5.155012872338548e-04,-6.891480941316877e-05,-2.661070809089448e-04,-3.010677921498861e-06,9.222905071198867e-02,2.201810889360940e+00,1.308810622761304e+00,1.351950930118159e+00,9.518755460767527e-01
5.155012923457327e-04,-6.934823711699414e-05,-2.657878204857086e-04,-2.825166848544003e-06,8.844350655506730e-02,2.201821561270798e+00,1.308939291388771e+00,1.352246554457729e+00,9.858530857904489e-01
5.155012980540199e-04,-6.990375289446141e-05,-2.654240763770622e-04,-2.621729108192790e-06,8.455679043484358e-02,2.201829269899488e+00,1.309014352774777e+00,1.352574703369090e+00,1.023862561790002e+00
5.155013047032066e-04,-7.063132568683974e-05,-2.649990077869534e-04,-2.409906191394450e-06,8.044277405418911e-02,2.201833278462377e+00,1.308999356464698e+00,1.352953755770265e+00,1.068214211787324e+00
5.155013122904056e-04,-7.154997281912392e-05,-2.645082375777770e-04,-2.179696623123859e-06,7.623706308098652e-02,2.201832056660722e+00,1.308832366236299e+00,1.353381334047246e+00,1.118899610326151e+00
5.155013210449105e-04,-7.270874740346392e-05,-2.639366403858121e-04,-1.947482118535303e-06,7.195576837968312e-02,2.201823719875562e+00,1.308419464433298e+00,1.353867077422397e+00,1.177444668502160e+00
5.155013296010235e-04,-7.392711900923735e-05,-2.633632456524713e-04,-1.736654817670450e-06,6.828933627997121e-02,2.201809068527117e+00,1.307765658200425e+00,1.354332898826107e+00,1.234683175724621e+00
5.155013388869143e-04,-7.533050287765866e-05,-2.627184471839794e-04,-1.540039103215442e-06,6.480867097513635e-02,2.201786479545834e+00,1.306749544155462e+00,1.354827349582157e+00,1.296775160774635e+00
5.155013482002756e-04,-7.680855384160870e-05,-2.620299490809623e-04,-1.358258147820387e-06,6.176644512776368e-02,2.201757406753279e+00,1.305383533058060e+00,1.355310643795237e+00,1.358972052059242e+00
5.155013583457920e-04,-7.848247231340713e-05,-2.612159880694362e-04,-1.191369940903194e-06,5.888700224601760e-02,2.201719113531044e+00,1.303469493642113e+00,1.355821675640247e+00,1.426576760932723e+00
5.155013675051358e-04,-8.003621239117811e-05,-2.603923967976248e-04,-1.052547319979798e-06,5.662049554906506e-02,2.201679252134049e+00,1.301335831012435e+00,1.356268415807628e+00,1.487419471882868e+00
5.155013771336737e-04,-8.169793002432604e-05,-2.594064274325787e-04,-9.310532895699983e-07,5.452607753528032e-02,2.201632625714117e+00,1.298654198923926e+00,1.356722357814343e+00,1.551107585959529e+00
5.155013864234294e-04,-8.331861207804172e-05,-2.582741891667196e-04,-8.215492352802746e-07,5.274511536415183e-02,2.201583522248786e+00,1.295621238530249e+00,1.357144476103934e+00,1.612200024792244e+00
5.155013944099710e-04,-8.472039441551963e-05,-2.571110835270880e-04,-7.440374149985297e-07,5.137708786349329e-02,2.201538320411846e+00,1.292650890854598e+00,1.357494525467483e+00,1.664353610600777e+00
5.155014015930585e-04,-8.598351611491486e-05,-2.558673734576756e-04,-6.749204645430631e-07,5.025998693257107e-02,2.201495518773592e+00,1.289684265707384e+00,1.357798913170490e+00,1.710884938953882e+00
5.155014083772232e-04,-8.717688704497197e-05,-2.544893941745665e-04,-6.214654991215604e-07,4.929422856692330e-02,2.201453310793977e+00,1.286620093934669e+00,1.358077117221739e+00,1.754424192720108e+00
5.155014150067645e-04,-8.833971966933154e-05,-2.529223681781272e-04,-5.671202613347509e-07,4.842820204329444e-02,2.201410581533068e+00,1.283375455337346e+00,1.358340108262415e+00,1.796504863484268e+00
5.155014220751759e-04,-8.957205783613268e-05,-2.509978248061766e-04,-5.198072660403996e-07,4.758522712943022e-02,2.201363611550420e+00,1.279640060658075e+00,1.358610721415293e+00,1.840762460456294e+00
5.155014286246156e-04,-9.070158847322665e-05,-2.489639547219786e-04,-4.730718930685705e-07,4.687592976338954e-02,2.201319077347756e+00,1.275922660287111e+00,1.358852348886306e+00,1.881114677683878e+00
5.155014353914640e-04,-9.184679291765710e-05,-2.466446401523204e-04,-4.340668941574625e-07,4.621357026858481e-02,2.201272537134739e+00,1.271822065800915e+00,1.359092748849762e+00,1.922046415255551e+00
5.155014421036674e-04,-9.295043439463761e-05,-2.441342412690120e-04,-3.922260931515627e-07,4.562446679382190e-02,2.201226403278420e+00,1.267493998287298e+00,1.359321894212706e+00,1.961800015293396e+00
5.155014493575111e-04,-9.409249836578217e-05,-2.412664171646219e-04,-3.566684602855013e-07,4.505856037016191e-02,2.201177370054829e+00,1.262526683608987e+00,1.359559154527109e+00,2.003733079352385e+00
5.155014571941237e-04,-9.524954239696363e-05,-2.380340036681528e-04,-3.165652826312431e-07,4.451945793951341e-02,2.201126349213397e+00,1.256825475519942e+00,1.359803445008167e+00,2.047771189416811e+00
5.155014666493705e-04,-9.651792482858204e-05,-2.340747798727780e-04,-2.809261279349340e-07,4.394808232497291e-02,2.201068774319648e+00,1.249491807204507e+00,1.360081808939377e+00,2.099112045008518e+00
5.155014742967367e-04,-9.742646699429606e-05,-2.308860178619624e-04,-2.525813931995182e-07,4.353051027664238e-02,2.201026335612330e+00,1.243203736129725e+00,1.360294065506943e+00,2.139204974788965e+00
5.155014819180685e-04,-9.822509036985131e-05,-2.277356158665587e-04,-2.341407060789105e-07,4.313645897388927e-02,2.200988026343785e+00,1.236627341455804e+00,1.360494384981347e+00,2.177909386458373e+00
5.155014897508003e-04,-9.893043100138846e-05,-2.245616858679379e-04,-2.144018911842164e-07,4.273906714768930e-02,2.200953200223117e+00,1.229554307528693e+00,1.360688877954484e+00,2.216418603548301e+00
5.155014980797727e-04,-9.955425853681269e-05,-2.212478235828052e-04,-2.031176770837591e-07,4.231001781736429e-02,2.200921327825484e+00,1.221693103033072e+00,1.360883383242080e+00,2.256001217758495e+00
5.155015062089363e-04,-1.000385084942436e-04,-2.180945051183458e-04,-1.911278627896141e-07,4.187239337092162e-02,2.200895517284215e+00,1.213692275202931e+00,1.361061358916274e+00,2.293322575690596e+00
5.155015146989928e-04,-1.004183923698711e-04,-2.148624428735771e-04,-1.871193410770919e-07,4.138527912182308e-02,2.200874096448107e+00,1.205001182125237e+00,1.361235163730343e+00,2.330966211800356e+00
5.155015234025296e-04,-1.006773094011172e-04,-2.116344155325657e-04,-1.813190685745225e-07,4.084609066335481e-02,2.200858091679282e+00,1.195748352909870e+00,1.361401014438511e+00,2.368189787563599e+00
5.155015325484114e-04,-1.008137925901877e-04,-2.083094143257292e-04,-1.828871007701110e-07,4.023032172557531e-02,2.200847685529157e+00,1.185665020388315e+00,1.361562424265004e+00,2.405866206390670e+00
5.155015420655621e-04,-1.008139881630078e-04,-2.049395946631493e-04,-1.821672860381716e-07,3.953245641946175e-02,2.200843822633593e+00,1.174796619929054e+00,1.361717022446455e+00,2.443559881535934e+00
5.155015521712857e-04,-1.006649276658535e-04,-2.014381855946073e-04,-1.881731587258802e-07,3.872669747960301e-02,2.200847350994191e+00,1.162855919546062e+00,1.361867044390977e+00,2.481955286172774e+00
5.155015627664362e-04,-1.003526904477282e-04,-1.978668069866112e-04,-1.913288425335239e-07,3.781190278150189e-02,2.200859366449161e+00,1.149916736249821e+00,1.362009573164249e+00,2.520472052923120e+00
5.155015736917554e-04,-9.987530707461182e-05,-1.942703757731984e-04,-2.001474704227071e-07,3.679815381979137e-02,2.200880432609262e+00,1.136149062501135e+00,1.362141730566470e+00,2.558395291637301e+00
5.155015842937748e-04,-9.927126283724511e-05,-1.908751309354345e-04,-2.046973367000211e-07,3.575231336053476e-02,2.200909111877909e+00,1.122400504606182e+00,1.362256545948372e+00,2.593521276314027e+00
5.155015949369329e-04,-9.853587806283662e-05,-1.875429217742203e-04,-2.136246975672273e-07,3.464890833618675e-02,2.200945835374554e+00,1.108238831269582e+00,1.362359476383295e+00,2.627189293358040e+00
5.155016052943452e-04,-9.770375524292511e-05,-1.843865453042881e-04,-2.176319654920138e-07,3.353164088011169e-02,2.200989081355316e+00,1.094134730744914e+00,1.362448649892246e+00,2.658479644121994e+00
5.155016156334038e-04,-9.676667265587816e-05,-1.813062522529048e-04,-2.253403866050508e-07,3.238188723479908e-02,2.201039465555750e+00,1.079761661056882e+00,1.362527722322004e+00,2.688322397353228e+00
5.155016256931044e-04,-9.575937848291707e-05,-1.783893778643532e-04,-2.278996337525730e-07,3.123763942872986e-02,2.201095284989689e+00,1.065516965450209e+00,1.362595881578190e+00,2.716075969731650e+00
5.155016356931983e-04,-9.467220647192313e-05,-1.755567332784095e-04,-2.338460936960187e-07,3.008237927425717e-02,2.201157224740002e+00,1.051123975107750e+00,1.362655809242039e+00,2.742460484699393e+00
5.155016454600331e-04,-9.353455731013220e-05,-1.728655991100359e-04,-2.346990420669901e-07,2.894310109106353e-02,2.201223746930269e+00,1.036862507626817e+00,1.362707444365793e+00,2.767114881655614e+00
5.155016551808869e-04,-9.233561582841069e-05,-1.702520631078354e-04,-2.388401824402525e-07,2.780416396010751e-02,2.201295620766102e+00,1.022486734365681e+00,1.362752704305545e+00,2.790601737929223e+00
5.155016647328304e-04,-9.109965819881785e-05,-1.677560340340026e-04,-2.380621130323010e-07,2.668491779852252e-02,2.201371522265207e+00,1.008201663401056e+00,1.362791747076949e+00,2.812697370433340e+00
5.155016742539668e-04,-8.981804938880691e-05,-1.653319383823933e-04,-2.405516053948030e-07,2.557360749912125e-02,2.201452113607718e+00,9.938219624508765e-01,1.362825834186700e+00,2.833788847538635e+00
5.155016836410047e-04,-8.851213086643731e-05,-1.630113707464568e-04,-2.383307987598035e-07,2.448576144915124e-02,2.201536169001265e+00,9.795218432194518e-01,1.362855150212928e+00,2.853705609472184e+00
5.155016929815586e-04,-8.717711624674954e-05,-1.607649909678878e-04,-2.393930063659440e-07,2.341430417951208e-02,2.201624101688501e+00,9.651847326450443e-01,1.362880521131812e+00,2.872691310514989e+00
5.155017021819228e-04,-8.583199849292803e-05,-1.586185341562389e-04,-2.359768181256007e-07,2.237220262237769e-02,2.201714731671274e+00,9.509692902349035e-01,1.362902139366256e+00,2.890610414885965e+00
5.155017112889779e-04,-8.447526587696777e-05,-1.565541918931546e-04,-2.358908681350880e-07,2.135597180238173e-02,2.201808205738248e+00,9.368167363769487e-01,1.362920572114022e+00,2.907612168403177e+00
5.155017202170220e-04,-8.312307719713266e-05,-1.545921717933640e-04,-2.315820883913588e-07,2.037613174554616e-02,2.201903402161225e+00,9.228720620826928e-01,1.362936012021814e+00,2.923595259645164e+00
5.155017289833366e-04,-8.177572151506843e-05,-1.527219679169280e-04,-2.306755989643195e-07,1.943133900978982e-02,2.202000253923296e+00,9.091186840319638e-01,1.362948863597825e+00,2.938653347557875e+00
5.155017375117095e-04,-8.044576048748545e-05,-1.509582161547274e-04,-2.258175732224482e-07,1.852950441989482e-02,2.202097744480790e+00,8.956846920170395e-01,1.362959302603375e+00,2.952719886957637e+00
5.155017458024639e-04,-7.913349411062490e-05,-1.492940929451924e-04,-2.244409384527072e-07,1.766995698444580e-02,2.202195698557288e+00,8.825765300373415e-01,1.362967621350250e+00,2.965862639715021e+00
5.155017537945621e-04,-7.784704962526936e-05,-1.477382263736105e-04,-2.193809841854428e-07,1.685764574975575e-02,2.202293290697924e+00,8.698958860530913e-01,1.362973967057588e+00,2.978052318159676e+00
5.155017614860318e-04,-7.658508603212503e-05,-1.462844459427735e-04,-2.178615938373491e-07,1.609125058411266e-02,2.202390381391029e+00,8.576496938073318e-01,1.362978551950780e+00,2.989353326073275e+00
5.155017688380426e-04,-7.535095090368663e-05,-1.449352200647671e-04,-2.128999422069485e-07,1.537259806237769e-02,2.202486426866357e+00,8.459022719756601e-01,1.362981492089175e+00,2.999773492729579e+00
5.155017758574712e-04,-7.414098670550110e-05,-1.436834782098244e-04,-2.114929216219524e-07,1.469909360503649e-02,2.202581435370675e+00,8.346442718682359e-01,1.362982942037259e+00,3.009384112552538e+00
5.155017825291784e-04,-7.295454417656791e-05,-1.425266287740766e-04,-2.068420668044792e-07,1.406998022321271e-02,2.202675165024081e+00,8.239009293443196e-01,1.362982988545729e+00,3.018221081651583e+00
5.155017888711555e-04,-7.178625624975857e-05,-1.414569695860203e-04,-2.057056882103378e-07,1.348168876169423e-02,2.202767786939572e+00,8.136439341899887e-01,1.362981743556063e+00,3.026359525468517e+00
5.155017948860978e-04,-7.063309025165401e-05,-1.404689140930261e-04,-2.014829648981752e-07,1.293196060901929e-02,2.202859291851022e+00,8.038693998655688e-01,1.362979268008993e+00,3.033848434031599e+00
5.155018005987708e-04,-6.948913711341112e-05,-1.395552156412707e-04,-2.006887499279430e-07,1.241696927849426e-02,2.202949954163615e+00,7.945376118012751e-01,1.362975641955854e+00,3.040758568752076e+00
5.155018060214248e-04,-6.835051240332028e-05,-1.387091828065828e-04,-1.969372322469243e-07,1.193396196626269e-02,2.203039895771470e+00,7.856291499863131e-01,1.362970905377351e+00,3.047139430719419e+00
5.155018111804123e-04,-6.721166607283627e-05,-1.379248341295958e-04,-1.964979474683093e-07,1.147940800325613e-02,2.203129425611385e+00,7.771015003986311e-01,1.362965115010529e+00,3.053051882089798e+00
5.155018160913049e-04,-6.606879963248949e-05,-1.371954848886897e-04,-1.932143593058440e-07,1.105065597197775e-02,2.203218717648730e+00,7.689298276011933e-01,1.362958295160891e+00,3.058539466270126e+00
5.155018207789339e-04,-6.491711159652872e-05,-1.365166631026690e-04,-1.931102018881919e-07,1.064469959860732e-02,2.203308073200571e+00,7.610739031714503e-01,1.362950485771895e+00,3.063651856178507e+00
5.155018252588922e-04,-6.375327734124872e-05,-1.358821342684053e-04,-1.902660125043714e-07,1.025922225815052e-02,2.203397674953577e+00,7.535087856401480e-01,1.362941699826659e+00,3.068424915608039e+00
5.155018295534216e-04,-6.257325779652226e-05,-1.352888131831413e-04,-1.904615175797059e-07,9.891748964654550e-03,2.203487802223167e+00,7.461982379588881e-01,1.362931964573343e+00,3.072898371246698e+00
5.155018337073896e-04,-6.136516046764475e-05,-1.347269134915808e-04,-1.880071377465928e-07,9.537735219666710e-03,2.203579317206946e+00,7.390665743587005e-01,1.362921200472075e+00,3.077131770945643e+00
5.155018377726869e-04,-6.011379246031360e-05,-1.341905524877592e-04,-1.884407061438050e-07,9.192442231761057e-03,2.203673343130496e+00,7.320239292476239e-01,1.362909292746460e+00,3.081186770637718e+00
5.155018417420702e-04,-5.882001995475852e-05,-1.336776085734988e-04,-1.863195647596557e-07,8.855965463506154e-03,2.203769770076835e+00,7.250815242883720e-01,1.362896238835048e+00,3.085063201672140e+00
5.155018456408422e-04,-5.747546021265385e-05,-1.331863821636537e-04,-1.869631692376201e-07,8.525958362136264e-03,2.203869214328823e+00,7.181938123241229e-01,1.362881963681031e+00,3.088791848290432e+00
5.155018494668828e-04,-5.608008398480982e-05,-1.327140517837898e-04,-1.851376959475795e-07,8.202184152124101e-03,2.203971661832678e+00,7.113631387532696e-01,1.362866452158623e+00,3.092375961651174e+00
5.155018532451734e-04,-5.462518813623155e-05,-1.322593853307666e-04,-1.859552427862150e-07,7.882425432159220e-03,2.204077770824966e+00,7.045434032456442e-01,1.362849608855518e+00,3.095843253548585e+00
5.155018569786645e-04,-5.310945664455238e-05,-1.318189510084327e-04,-1.843703304000634e-07,7.566118923533006e-03,2.204187652869319e+00,6.977275208217305e-01,1.362831395009129e+00,3.099199966697087e+00
5.155018606934569e-04,-5.152330615139880e-05,-1.313917654430948e-04,-1.853068914406950e-07,7.251051001649592e-03,2.204302056698864e+00,6.908658050204927e-01,1.362811683420320e+00,3.102472105023709e+00
5.155018643988631e-04,-4.986332968123355e-05,-1.309737016375008e-04,-1.838837590627899e-07,6.936231697274475e-03,2.204421286907698e+00,6.839385490728805e-01,1.362790392737665e+00,3.105669568722060e+00
5.155018681265776e-04,-4.811723263405191e-05,-1.305634988089753e-04,-1.848555512135582e-07,6.619089439544213e-03,2.204546333775897e+00,6.768834095536438e-01,1.362767330634691e+00,3.108820218803274e+00
5.155018718978240e-04,-4.627685142918017e-05,-1.301558066341208e-04,-1.834767872720741e-07,6.297774420836140e-03,2.204677913086260e+00,6.696562173756352e-01,1.362742320869200e+00,3.111941326700634e+00
5.155018757610375e-04,-4.432211243594956e-05,-1.297479360383373e-04,-1.843475803278739e-07,5.968481719164470e-03,2.204817668715797e+00,6.621588567795863e-01,1.362715011657801e+00,3.115070490295375e+00
5.155018797686132e-04,-4.223085895655024e-05,-1.293314516642217e-04,-1.828184353268159e-07,5.627000220204974e-03,2.204967472569781e+00,6.542822500963407e-01,1.362684958496834e+00,3.118245312045686e+00
5.155018840286538e-04,-3.995460232078321e-05,-1.288980279177992e-04,-1.833280841578287e-07,5.264930508485679e-03,2.205131272773476e+00,6.458029404570066e-01,1.362651271062253e+00,3.121542362524736e+00
5.155018887325677e-04,-3.740424922046862e-05,-1.284257265092663e-04,-1.812224680876289e-07,4.867234475668071e-03,2.205316299696283e+00,6.363216080864136e-01,1.362612272505868e+00,3.125092595055160e+00
5.155018944487566e-04,-3.430392619844361e-05,-1.278618938143925e-04,-1.805421202302623e-07,4.389340728986592e-03,2.205544490766304e+00,6.246535264702950e-01,1.362562953880768e+00,3.129283942154613e+00
5.155018986138096e-04,-3.208430053600955e-05,-1.274534171566102e-04,-1.775882094345205e-07,4.046513821176449e-03,2.205711045578942e+00,6.160684282750856e-01,1.362526179929526e+00,3.132256414054455e+00
5.155019019313761e-04,-3.036182393417866e-05,-1.271309061828841e-04,-1.769102539173405e-07,3.777914936610195e-03,2.205842764700371e+00,6.091925489801222e-01,1.362496685590580e+00,3.134577015567585e+00
5.155019053033657e-04,-2.866471408206186e-05,-1.268032662016217e-04,-1.737278236844478e-07,3.509661603130616e-03,2.205975134250969e+00,6.021791736712707e-01,1.362466713271151e+00,3.136894580051349e+00
5.155019087169686e-04,-2.701612166579173e-05,-1.264737047316687e-04,-1.723533014527522e-07,3.243862514242465e-03,2.206106822287045e+00,5.950635614953174e-01,1.362436610922851e+00,3.139199997848277e+00
5.155019121217688e-04,-2.545122646031919e-05,-1.261444244438847e-04,-1.685483075257711e-07,2.985137636870158e-03,2.206235305864139e+00,5.879603306935639e-01,1.362407013475413e+00,3.141460202130338e+00
5.155019158522448e-04,-2.383751105947588e-05,-1.257861082805851e-04,-1.662799029004503e-07,2.709881189221324e-03,2.206372233386934e+00,5.801821187117017e-01,1.362375299368025e+00,3.143893259622807e+00
5.155019192242373e-04,-2.247616420574153e-05,-1.254616373082473e-04,-1.619348218170423e-07,2.468965953754443e-03,2.206492148438983e+00,5.731648251804201e-01,1.362347446394858e+00,3.146055019298497e+00
5.155019227254372e-04,-2.116312254353395e-05,-1.251274609616431e-04,-1.593490606832233e-07,2.227350426750594e-03,2.206612575112181e+00,5.659012811510089e-01,1.362319497268651e+00,3.148263325161273e+00
5.155019260285256e-04,-2.001817372324757e-05,-1.248121688302309e-04,-1.546742718313230e-07,2.007595497832887e-03,2.206722310182221e+00,5.590768596632716e-01,1.362294136857898e+00,3.150313972421944e+00
5.155019294971562e-04,-1.891269346741345e-05,-1.244842793253192e-04,-1.517526041048168e-07,1.785742115013601e-03,2.206833480147798e+00,5.519466485768815e-01,1.362268665155567e+00,3.152434309704701e+00
5.155019328502884e-04,-1.793454733713409e-05,-1.241678778491932e-04,-1.467496066651627e-07,1.579988660991581e-03,2.206937115112457e+00,5.450945909508299e-01,1.362245231656391e+00,3.154452845020092e+00
5.155019363853622e-04,-1.699538669696202e-05,-1.238382287088706e-04,-1.435108795401898e-07,1.372509282071211e-03,2.207042438788504e+00,5.379193954022929e-01,1.362221863868349e+00,3.156548632136084e+00
5.155019398668500e-04,-1.615639926577109e-05,-1.235148232981027e-04,-1.381919723957347e-07,1.177511047994759e-03,2.207142475810985e+00,5.309060704550036e-01,1.362200224316786e+00,3.158581199073121e+00
5.155019435461576e-04,-1.535585435851764e-05,-1.231777959531576e-04,-1.346528522258264e-07,9.814948209833085e-04,2.207244478072435e+00,5.235556401362675e-01,1.362178880214374e+00,3.160696189352243e+00
5.155019472259917e-04,-1.463541596648091e-05,-1.228427372679512e-04,-1.290270156307168e-07,7.955066356183990e-04,2.207343023739508e+00,5.162706312121764e-01,1.362159110992105e+00,3.162778380271948e+00
5.155019511236271e-04,-1.395164237342775e-05,-1.224935308277214e-04,-1.251978210087388e-07,6.093064382900290e-04,2.207443959405910e+00,5.086301096833558e-01,1.362139913846385e+00,3.164948538896403e+00
5.155019550735644e-04,-1.333235202946162e-05,-1.221425442515802e-04,-1.192704761602710e-07,4.314970312833812e-04,2.207543052421302e+00,5.009690741637908e-01,1.362122279475797e+00,3.167111697377311e+00
5.155019592680078e-04,-1.274664698268771e-05,-1.217765645324094e-04,-1.151570334653127e-07,2.543423455708630e-04,2.207645154008716e+00,4.929265790409513e-01,1.362105562014302e+00,3.169369813193517e+00
5.155019635684180e-04,-1.221268408397327e-05,-1.214052976791153e-04,-1.089319046138995e-07,8.457194547995277e-05,2.207746949450988e+00,4.847820142346025e-01,1.362090544803259e+00,3.171644299557982e+00
5.155019681491736e-04,-1.170837711731557e-05,-1.210196650131450e-04,-1.035591021130939e-07,-8.422276461057598e-05,2.207852585638308e+00,4.762207244503155e-01,1.362076875762950e+00,3.174022590250520e+00
5.155019728924539e-04,-1.124510712751450e-05,-1.206239426933446e-04,-9.679609150899944e-08,-2.465184528012610e-04,2.207959427550985e+00,4.674811522104980e-01,1.362065234098053e+00,3.176438075968044e+00
5.155019779690506e-04,-1.080557377685656e-05,-1.202088794875916e-04,-9.222076384276603e-08,-4.061059180920805e-04,2.208071356571368e+00,4.582698757104905e-01,1.362055579186274e+00,3.178971450943680e+00
5.155019832821996e-04,-1.039753043686878e-05,-1.197820904327716e-04,-8.523597974338951e-08,-5.586255656652101e-04,2.208186278579841e+00,4.487875941602396e-01,1.362048497340744e+00,3.181566807630542e+00
5.155019889782190e-04,-1.000904085748280e-05,-1.193354169018211e-04,-8.042995904682662e-08,-7.066652559683757e-04,2.208307400518200e+00,4.388018699692597e-01,1.362044284982083e+00,3.184286982870927e+00
5.155019949950817e-04,-9.643331263621408e-06,-1.188729528205638e-04,-7.325540021556644e-08,-8.470607068702540e-04,2.208433464778225e+00,4.284553638153375e-01,1.362043531438020e+00,3.187092239684569e+00
5.155020014833505e-04,-9.290904811315588e-06,-1.183878064469014e-04,-6.826121894210436e-08,-9.814244850740075e-04,2.208567656147195e+00,4.175294087283012e-01,1.362046877735238e+00,3.190040838707189e+00
5.155020083901523e-04,-8.953826758947431e-06,-1.178833513152456e-04,-6.094747434231851e-08,-1.106821152747343e-03,2.208708937570734e+00,4.061604136742499e-01,1.362055036173965e+00,3.193094907148274e+00
5.155020158718612e-04,-8.624301688303776e-06,-1.173537972818379e-04,-5.585368288726543e-08,-1.223966243030962e-03,2.208860533637951e+00,3.941468006891471e-01,1.362069064850622e+00,3.196307438958834e+00
5.155020238903421e-04,-8.303419375493976e-06,-1.168018290378276e-04,-4.850687526916709e-08,-1.330225447617673e-03,2.209021721851073e+00,3.816154444914193e-01,1.362089874972127e+00,3.199643380868995e+00
5.155020326068057e-04,-7.984829769917129e-06,-1.162230018767430e-04,-4.345599904957928e-08,-1.425501275082931e-03,2.209195760027122e+00,3.683912755784152e-01,1.362119021494989e+00,3.203148201389236e+00
5.155020419930162e-04,-7.669277631702359e-06,-1.156200280206621e-04,-3.624983818613701e-08,-1.507442474020796e-03,2.209382123175510e+00,3.546064471698507e-01,1.362157670957818e+00,3.206785891376416e+00
5.155020522075401e-04,-7.351883246030783e-06,-1.149904738336697e-04,-3.145741538502341e-08,-1.575366442340349e-03,2.209583961877226e+00,3.401306122350621e-01,1.362207884539390e+00,3.210590013762623e+00
5.155020632172600e-04,-7.033777441080163e-06,-1.143381651635479e-04,-2.464441373403950e-08,-1.627389620457717e-03,2.209800641374315e+00,3.251262585789208e-01,1.362270999607915e+00,3.214517385780071e+00
5.155020751568289e-04,-6.711942139187160e-06,-1.136638110955088e-04,-2.039970290439497e-08,-1.662736149899204e-03,2.210034789914437e+00,3.095366916806230e-01,1.362349356095117e+00,3.218582748519121e+00
5.155020879573813e-04,-6.388756322838335e-06,-1.129736638374650e-04,-1.429195686336309e-08,-1.680487896561421e-03,2.210285047682632e+00,2.935859699989508e-01,1.362444029407078e+00,3.222728166024993e+00
5.155021016944209e-04,-6.063551345917434e-06,-1.122725053496227e-04,-1.091114656188803e-08,-1.680569501388356e-03,2.210552836818306e+00,2.773148323823399e-01,1.362556976790497e+00,3.226944124272467e+00
5.155021162340883e-04,-5.740262436869786e-06,-1.115690260284745e-04,-5.797070459359413e-09,-1.663674764360236e-03,2.210835506043893e+00,2.610091901197270e-01,1.362688224612981e+00,3.231158286699038e+00
5.155021315817873e-04,-5.420059531541372e-06,-1.108706564364657e-04,-3.504932261729504e-09,-1.631030004512658e-03,2.211133078144917e+00,2.447739566181254e-01,1.362838590924117e+00,3.235345759160706e+00
5.155021475628969e-04,-5.107206978006845e-06,-1.101854600768369e-04,4.862938605205816e-10,-1.584899915615971e-03,2.211442104701040e+00,2.288829065969770e-01,1.363006709642713e+00,3.239438519248478e+00
5.155021641620799e-04,-4.802974310805925e-06,-1.095197908483520e-04,1.672901495966697e-09,-1.527374709620672e-03,2.211762195683626e+00,2.134154600843303e-01,1.363192363340276e+00,3.243418729400100e+00
5.155021812303763e-04,-4.510322131853345e-06,-1.088777867905997e-04,4.629102634502624e-09,-1.461235904814778e-03,2.212090411916117e+00,1.985526236605310e-01,1.363393482909978e+00,3.247242340147408e+00
5.155021987757042e-04,-4.229671735259815e-06,-1.082631987885812e-04,4.779286318270587e-09,-1.388467225976447e-03,2.212426814288515e+00,1.843104868144896e-01,1.363609501984197e+00,3.250907383365682e+00
5.155022163585144e-04,-3.967407410833263e-06,-1.076871973182895e-04,7.062806496726834e-09,-1.312962173115818e-03,2.212762940211213e+00,1.710272123572060e-01,1.363833942377743e+00,3.254328578268259e+00
5.155022342969270e-04,-3.718421665958177e-06,-1.071411973182215e-04,6.485424818427912e-09,-1.234951203328766e-03,2.213104820400773e+00,1.584307954385321e-01,1.364069705637509e+00,3.257577201221840e+00
5.155022523962648e-04,-3.484778175074782e-06,-1.066268602686111e-04,8.176322277367963e-09,-1.156702525948619e-03,2.213448706973212e+00,1.466356343121054e-01,1.364313159505334e+00,3.260624659202535e+00
5.155022708999943e-04,-3.263243657855158e-06,-1.061396639561653e-04,7.117802368555786e-09,-1.078198831846905e-03,2.213799157909076e+00,1.354620901448798e-01,1.364566526690504e+00,3.263517889887957e+00
5.155022896556043e-04,-3.055139922455569e-06,-1.056796839436680e-04,8.423340176130098e-09,-1.001077266196180e-03,2.214153234495303e+00,1.249864313308341e-01,1.364826693298236e+00,3.266237494659381e+00
5.155023088528493e-04,-2.858355558274101e-06,-1.052449658660774e-04,7.056061877297631e-09,-9.252486884347104e-04,2.214514440047138e+00,1.150867536544191e-01,1.365095268574560e+00,3.268815163057426e+00
5.155023283537853e-04,-2.673830101883739e-06,-1.048347827184244e-04,8.117976378803875e-09,-8.519684194244199e-04,2.214880120016556e+00,1.058198871424696e-01,1.365369296630602e+00,3.271236025134003e+00
5.155023480876766e-04,-2.501951148751319e-06,-1.044528379032234e-04,6.566736500984595e-09,-7.818644978378780e-04,2.215248885329191e+00,9.719107824079042e-02,1.365646760194436e+00,3.273498242726264e+00
5.155023681086366e-04,-2.341464923837494e-06,-1.040935936185529e-04,7.492691705021765e-09,-7.151345960428482e-04,2.215621710052664e+00,8.914697026405452e-02,1.365927417438801e+00,3.275615250273028e+00
5.155023884393942e-04,-2.191917999766618e-06,-1.037589971260612e-04,5.846037420903562e-09,-6.518599128590604e-04,2.215998951191140e+00,8.165266279429668e-02,1.366210628466485e+00,3.277595534484508e+00
5.155024091359531e-04,-2.052269028926107e-06,-1.034439458768321e-04,6.706837134456567e-09,-5.921164098275419e-04,2.216381594955238e+00,7.466508201263915e-02,1.366496222291292e+00,3.279449799976088e+00
5.155024302175218e-04,-1.922206750894079e-06,-1.031507704549745e-04,5.021369671335236e-09,-5.358964131495075e-04,2.216769916036875e+00,6.815805297813816e-02,1.366783536069145e+00,3.281184205536597e+00
5.155024517351821e-04,-1.800883431130190e-06,-1.028747791737527e-04,5.862772619285584e-09,-4.832224277867867e-04,2.217164786826628e+00,6.209811792006970e-02,1.367072331299388e+00,3.282806923114256e+00
5.155024737139177e-04,-1.688034210282213e-06,-1.026184447986574e-04,4.175079549154524e-09,-4.340072090425929e-04,2.217566570262813e+00,5.646248090622368e-02,1.367362018376345e+00,3.284323221841927e+00
5.155024962057153e-04,-1.582930726055226e-06,-1.023773232113653e-04,5.026404165216539e-09,-3.882322936730339e-04,2.217976130607358e+00,5.122358211436127e-02,1.367652339373673e+00,3.285739740807593e+00
5.155025192425518e-04,-1.485345902402374e-06,-1.021539921447935e-04,3.359565764547557e-09,-3.457580812782262e-04,2.218393936309162e+00,4.636123368669985e-02,1.367942762189215e+00,3.287061088352392e+00
5.155025428790806e-04,-1.394642667506135e-06,-1.019441931167075e-04,4.238981727273903e-09,-3.065414575881896e-04,2.218820871574759e+00,4.185234149430698e-02,1.368233002959566e+00,3.288292760705661e+00
5.155025671554441e-04,-1.310626137506349e-06,-1.017505855794239e-04,2.606878410118545e-09,-2.704092472406762e-04,2.219257525246201e+00,3.767883735678994e-02,1.368522570080064e+00,3.289438849370995e+00
5.155025921312765e-04,-1.232728727241922e-06,-1.015690481998969e-04,3.524899578630166e-09,-2.373034641024567e-04,2.219704837416241e+00,3.382097399678866e-02,1.368811153356828e+00,3.290504011039634e+00
5.155026178566645e-04,-1.160782505408436e-06,-1.014023037644408e-04,1.935047388640494e-09,-2.070300637720403e-04,2.220163541004250e+00,3.026240887324196e-02,1.369098289059952e+00,3.291491933848281e+00
5.155026443989395e-04,-1.094273568934684e-06,-1.012463330242906e-04,2.896861439854037e-09,-1.795228455947336e-04,2.220634672216772e+00,2.698593347788755e-02,1.369383640475099e+00,3.292406654087290e+00
5.155026718205714e-04,-1.033056603606669e-06,-1.011039082798165e-04,1.352338303902942e-09,-1.545758868211948e-04,2.221119140420204e+00,2.397663050549285e-02,1.369666760739563e+00,3.293251541875435e+00
5.155027001999842e-04,-9.766596298844965e-07,-1.009710865623770e-04,2.359415479246552e-09,-1.321195008305254e-04,2.221618126283357e+00,2.121923778258286e-02,1.369947286182368e+00,3.294030174130731e+00
5.155027296154635e-04,-9.249561899195292e-07,-1.008506787687802e-04,8.602112592034566e-10,-1.119423113996753e-04,2.222132761111205e+00,1.870002342864866e-02,1.370224777259126e+00,3.294745670419517e+00
5.155027601610165e-04,-8.775072432810893e-07,-1.007387989031244e-04,1.911447103001339e-09,-9.397461365124231e-05,2.222664432048490e+00,1.640523086677050e-02,1.370498842549074e+00,3.295401268677556e+00
5.155027919356584e-04,-8.342018642294724e-07,-1.006382876282688e-04,4.554345490303168e-10,-7.800421983842877e-05,2.223214557162694e+00,1.432211824772265e-02,1.370769041410194e+00,3.295999892671471e+00
5.155028250551907e-04,-7.946269195392708e-07,-1.005453012717127e-04,1.547981946999416e-09,-6.396402031685577e-05,2.223784813807593e+00,1.243810369916417e-02,1.371034953406786e+00,3.296544532486752e+00
5.155028596465269e-04,-7.586840258645699e-07,-1.004627030553521e-04,1.316313295153946e-10,-5.164439943158516e-05,2.224377000681996e+00,1.074127522274334e-02,1.371296129178071e+00,3.297037961139986e+00
5.155028958562066e-04,-7.259802996663345e-07,-1.003866804424144e-04,1.261518117191749e-09,-4.098286449263918e-05,2.224993203551808e+00,9.219976049840884e-03,1.371552117485232e+00,3.297482990440754e+00
5.155029338497698e-04,-6.964271448629822e-07,-1.003201133353859e-04,-1.195686887446163e-10,-3.177487070263952e-05,2.225635740838844e+00,7.862993137669397e-03,1.371802453188272e+00,3.297882279847025e+00
5.155029738178777e-04,-6.696472100421735e-07,-1.002592118083677e-04,1.043024939633751e-09,-2.396415382606566e-05,2.226307280514321e+00,6.659407459189380e-03,1.372046651877684e+00,3.298238515962657e+00
5.155030159812413e-04,-6.455590448729842e-07,-1.002068677779371e-04,-3.076609489165764e-10,-1.735312619195899e-05,2.227010872653172e+00,5.598600346508157e-03,1.372284225888952e+00,3.298554274870799e+00
5.155030605954938e-04,-6.237966713341925e-07,-1.001593075676786e-04,8.826993348644964e-10,-1.189308600708490e-05,2.227750033626056e+00,4.670252767222030e-03,1.372514654678371e+00,3.298832157749542e+00
5.155031079629914e-04,-6.042830629339468e-07,-1.001194316427771e-04,-4.426059730086659e-10,-7.394877664682767e-06,2.228528879473311e+00,3.864261034821216e-03,1.372737421462514e+00,3.299074680642599e+00
5.155031584382956e-04,-5.866596097660326e-07,-1.000834781419717e-04,7.705426809898865e-10,-3.818521846612972e-06,2.229352200969030e+00,3.170810452777401e-03,1.372951966043959e+00,3.299284387469616e+00
5.155032124497029e-04,-5.708505624325844e-07,-1.000543539496681e-04,-5.343243416031677e-10,-9.845127222273992e-07,2.230225730220939e+00,2.580259000569408e-03,1.373157736039054e+00,3.299463750073675e+00
5.155032705089228e-04,-5.565004066844514e-07,-1.000283083494230e-04,6.986814461426749e-10,1.131446905599639e-06,2.231156248962531e+00,2.083239329928808e-03,1.373354127691356e+00,3.299615270809836e+00
5.155033332483094e-04,-5.435298409074696e-07,-1.000082483407433e-04,-5.906472766802400e-10,2.706189263882647e-06,2.232152056261083e+00,1.670548489168526e-03,1.373540546746132e+00,3.299741385531664e+00
5.155034014435178e-04,-5.315810117458020e-07,-9.999043729175716e-05,6.539947619445417e-10,3.762365215892283e-06,2.233223213264709e+00,1.333246947418993e-03,1.373716344420702e+00,3.299844562538701e+00
5.155034760781280e-04,-5.205648583518629e-07,-9.997779141311674e-05,-6.246615947673923e-10,4.452647603614739e-06,2.234382334326570e+00,1.062585733878343e-03,1.373880878294319e+00,3.299927189800599e+00
5.155035583998415e-04,-5.101106858552973e-07,-9.996658310223456e-05,6.294519904978646e-10,4.782903909126583e-06,2.235645199295627e+00,8.500878290413435e-04,1.374033452437078e+00,3.299991685078326e+00
5.155036500496730e-04,-5.000760104890978e-07,-9.996005894990903e-05,-6.406298669633526e-10,4.915050793436501e-06,2.237032289024349e+00,6.875326341487619e-04,1.374173385416787e+00,3.300041051144189e+00
5.155037532249591e-04,-4.901691029814137e-07,-9.995335120566750e-05,6.176193121838752e-10,4.769526276939824e-06,2.238570610386695e+00,5.669311458597507e-04,1.374299967368912e+00,3.300076576385197e+00
5.155038707878820e-04,-4.800743350087678e-07,-9.995111367772218e-05,-6.461979170541165e-10,4.543726659878453e-06,2.240294326912047e+00,4.808206138924822e-04,1.374412364432047e+00,3.300100362904136e+00
5.155040072135599e-04,-4.694482439794590e-07,-9.994814128265857e-05,6.165319417934765e-10,4.237003717393671e-06,2.242256946516488e+00,4.218438964289628e-04,1.374510094504348e+00,3.300114930206792e+00
5.155041684764932e-04,-4.578906837017505e-07,-9.994882801215178e-05,-6.456714355185600e-10,3.938573873754905e-06,2.244526574161656e+00,3.834540328390101e-04,1.374592322701245e+00,3.300122233720147e+00
5.155043641802264e-04,-4.448666786095734e-07,-9.994821722042959e-05,6.179781069955073e-10,3.609851080357836e-06,2.247210814134241e+00,3.594890718204092e-04,1.374658580797339e+00,3.300124274364013e+00
5.155046097293159e-04,-4.296605605914883e-07,-9.995069721181295e-05,-6.439952091285287e-10,3.330580606961099e-06,2.250475484423415e+00,3.445563545429357e-04,1.374708592405796e+00,3.300122459593708e+00
5.155049039099895e-04,-4.127220961648581e-07,-9.995140978061972e-05,6.195998626800226e-10,3.068115958544325e-06,2.254244354280430e+00,3.348471915022349e-04,1.374740398511092e+00,3.300118409729524e+00
5.155052493775617e-04,-3.943644015648451e-07,-9.995465604708852e-05,-6.428568874780831e-10,2.884290159860424e-06,2.258485825629113e+00,3.270275854225146e-04,1.374757734708732e+00,3.300113212262603e+00
5.155056761935458e-04,-3.736439161840244e-07,-9.995595583964852e-05,6.203569087250016e-10,2.692657036080910e-06,2.263473366553763e+00,3.190856489312871e-04,1.374766005391181e+00,3.300107229480123e+00
5.155062264510783e-04,-3.497231293926595e-07,-9.995986430089305e-05,-6.424487965577822e-10,2.534149898800213e-06,2.269531039269754e+00,3.101832071954663e-04,1.374768877381889e+00,3.300100242056474e+00
5.155068059904228e-04,-3.273226547974295e-07,-9.996136382489587e-05,6.205971962256210e-10,2.364902271524134e-06,2.275504032356112e+00,3.019357130167759e-04,1.374769088592898e+00,3.300093781269337e+00
5.155074355563679e-04,-3.059250972227423e-07,-9.996496771060006e-05,-6.423083828746133e-10,2.236668265627826e-06,2.281574410224640e+00,2.940570181631481e-04,1.374768697707166e+00,3.300087539858057e+00
5.155080865956469e-04,-2.862785414271818e-07,-9.996615011214342e-05,6.207114296206788e-10,2.087128106744117e-06,2.287446431180788e+00,2.868730821809129e-04,1.374768216915565e+00,3.300081900492484e+00
5.155087994817613e-04,-2.674383934077318e-07,-9.996944851818336e-05,-6.422152098329915e-10,1.974589965703179e-06,2.293459892741187e+00,2.799599534605310e-04,1.374767736253187e+00,3.300076411683606e+00
5.155095471370860e-04,-2.499127649925603e-07,-9.997038806599930e-05,6.208026651841437e-10,1.837725145655879e-06,2.299353895079998e+00,2.735823578661879e-04,1.374767287799293e+00,3.300071402421648e+00
5.155103625986394e-04,-2.332584728427511e-07,-9.997342555297559e-05,-6.421417280123556e-10,1.738240489042533e-06,2.305359186345961e+00,2.674888578569690e-04,1.374766861874276e+00,3.300066555400796e+00
5.155112217269381e-04,-2.177162313578285e-07,-9.997413803719870e-05,6.208778873368373e-10,1.613575675841970e-06,2.311265891799186e+00,2.618579441592587e-04,1.374766466217030e+00,3.300062131094492e+00
5.155121555728154e-04,-2.030644231466872e-07,-9.997693699472190e-05,-6.420840810948841e-10,1.526423024483406e-06,2.317257878179104e+00,2.565110483170599e-04,1.374766093296586e+00,3.300057869970609e+00
5.155131437509234e-04,-1.893426203948556e-07,-9.997744111946671e-05,6.209391742723548e-10,1.413301971928967e-06,2.323172352041247e+00,2.515601704737276e-04,1.374765745861406e+00,3.300053979357862e+00
5.155142153665215e-04,-1.764918717341024e-07,-9.998002590916688e-05,-6.420392921269558e-10,1.337565504310959e-06,2.329153315806321e+00,2.468811958716841e-04,1.374765420221204e+00,3.300050243344713e+00
5.155153532795755e-04,-1.644202731511391e-07,-9.998034121613030e-05,6.209885911065117e-10,1.235189356365633e-06,2.335073046837537e+00,2.425425634058747e-04,1.374765116052626e+00,3.300046834020569e+00
5.155165850465061e-04,-1.531811399359262e-07,-9.998273467132602e-05,-6.420048239554842e-10,1.169941276957196e-06,2.341044272303778e+00,2.384581637425277e-04,1.374764832361361e+00,3.300043566235733e+00
5.155178966474867e-04,-1.425938750933276e-07,-9.998288019012228e-05,6.210280939886567e-10,1.077458099220387e-06,2.346966939870273e+00,2.346669024529495e-04,1.374764566748509e+00,3.300040587866754e+00
5.155193144988761e-04,-1.327892097470473e-07,-9.998510358488630e-05,-6.419785542374017e-10,1.021767686256577e-06,2.352929364526533e+00,2.311091542397046e-04,1.374764320111250e+00,3.300037735446531e+00
5.155208275956104e-04,-1.235277252432943e-07,-9.998509749466575e-05,6.210594564679224e-10,9.383039673220333e-07,2.358853149756241e+00,2.278041759789303e-04,1.374764088666929e+00,3.300035140480075e+00
5.155224615912197e-04,-1.149938158596930e-07,-9.998717042389042e-05,-6.419587297018311e-10,8.912578106678077e-07,2.364807485763996e+00,2.247108916498448e-04,1.374763874619903e+00,3.300032654884614e+00
5.155242084448468e-04,-1.069095781004725e-07,-9.998702974526501e-05,6.210842236923091e-10,8.159484726047082e-07,2.370730932225474e+00,2.218356748662495e-04,1.374763673290186e+00,3.300030399186834e+00
5.155260934217665e-04,-9.949675110823563e-08,-9.998897007189928e-05,-6.419439189216174e-10,7.766685500084095e-07,2.376677705419172e+00,2.191504910112997e-04,1.374763487825760e+00,3.300028236301569e+00
5.155281114478636e-04,-9.245271483840356e-08,-9.998871049564668e-05,6.211037055348278e-10,7.086787759987059e-07,2.382599645277133e+00,2.166534283757658e-04,1.374763312946069e+00,3.300026279491599e+00
5.155302877772840e-04,-8.602535937277112e-08,-9.999053436277873e-05,-6.419329704518145e-10,6.763347556001932e-07,2.388539241912349e+00,2.143256786416248e-04,1.374763152458372e+00,3.300024399572377e+00
5.155326203571302e-04,-7.989660432264345e-08,-9.999017018433946e-05,6.211189884114906e-10,6.148749764455460e-07,2.394458737169594e+00,2.121601451132516e-04,1.374763000730666e+00,3.300022705080214e+00
5.155351348183680e-04,-7.433279965232687e-08,-9.999189207442956e-05,-6.419249704267004e-10,5.886932106502838e-07,2.400391437353373e+00,2.101445992613044e-04,1.374762862025751e+00,3.300021072571894e+00
5.155378322370548e-04,-6.900657045241787e-08,-9.999143619066886e-05,6.211309598261635e-10,5.330283247080808e-07,2.406307732646455e+00,2.082688284466336e-04,1.374762730496906e+00,3.300019607571985e+00
5.155407390277933e-04,-6.419742794597227e-08,-9.999306901255468e-05,-6.419191990417889e-10,5.122969001242897e-07,2.412233736062181e+00,2.065253439185775e-04,1.374762610748917e+00,3.300018190871181e+00
5.155438595589973e-04,-5.957276274407009e-08,-9.999253296457127e-05,6.211403317479232e-10,4.617512160078197e-07,2.418146221391074e+00,2.049021804851873e-04,1.374762496805670e+00,3.300016926119528e+00
5.155472214627986e-04,-5.542158186946922e-08,-9.999408816675431e-05,-6.419150978936645e-10,4.458215734590551e-07,2.424065666999235e+00,2.033953046095424e-04,1.374762393529191e+00,3.300015697260668e+00
5.155508326227516e-04,-5.140867451194908e-08,-9.999348221663001e-05,6.211476720753304e-10,3.997808273962310e-07,2.429973848180938e+00,2.019918829364795e-04,1.374762294870183e+00,3.300014606850305e+00
5.155547223581387e-04,-4.782999285871115e-08,-9.999496990320413e-05,-6.419122364026741e-10,3.880672169569952e-07,2.435886829288016e+00,2.006904346403535e-04,1.374762205876982e+00,3.300013541206571e+00
5.155589023548505e-04,-4.434939701161711e-08,-9.999430312821492e-05,6.211534282855826e-10,3.459777501645107e-07,2.441790304543740e+00,1.994778196550696e-04,1.374762120477815e+00,3.300012602289625e+00
5.155634041339607e-04,-4.126799574413753e-08,-9.999573218185877e-05,-6.419102869012470e-10,3.379552207037901e-07,2.447696880318161e+00,1.983544709379535e-04,1.374762043856209e+00,3.300011678257798e+00
5.155682435417128e-04,-3.824974950453197e-08,-9.999501257236490e-05,6.211579515255315e-10,2.993215475470508e-07,2.453595321707748e+00,1.973072868671830e-04,1.374761969946350e+00,3.300010870779312e+00
5.155734548707661e-04,-3.559965799829201e-08,-9.999639077778734e-05,-6.419090009404489e-10,2.945224615246221e-07,2.459495525946753e+00,1.963381575868794e-04,1.374761904030900e+00,3.300010069453522e+00
5.155790585644678e-04,-3.298238646101681e-08,-9.999562534089221e-05,6.211615156155869e-10,2.589040205645882e-07,2.465388664627578e+00,1.954342220099962e-04,1.374761840062383e+00,3.300009375869850e+00
5.155850923232464e-04,-3.070591877110673e-08,-9.999695950326753e-05,-6.419081921674536e-10,2.569138743792044e-07,2.471282512457239e+00,1.945984971556541e-04,1.374761783403684e+00,3.300008680747267e+00
5.155915817125077e-04,-2.843595132154264e-08,-9.999615436809324e-05,6.211643332594683e-10,2.239209728748747e-07,2.477170126964372e+00,1.938184712823899e-04,1.374761728030551e+00,3.300008085738634e+00
5.155985685555911e-04,-2.648279439645962e-08,-9.999745041612917e-05,-6.419077222350483e-10,2.243741248650099e-07,2.483057619890916e+00,1.930980461049525e-04,1.374761679372972e+00,3.300007482464416e+00
5.156060841644285e-04,-2.451332349898139e-08,-9.999661092677082e-05,6.211665694517509e-10,1.936634175539387e-07,2.488939526815832e+00,1.924251079797807e-04,1.374761631423566e+00,3.300006972698630e+00
5.156141752935224e-04,-2.283969028474275e-08,-9.999787401982076e-05,-6.419074886388613e-10,1.962385381626772e-07,2.494820656566953e+00,1.918042633005643e-04,1.374761589669061e+00,3.300006448796375e+00
5.156228797385689e-04,-2.112998516060061e-08,-9.999700482762956e-05,6.211683514352966e-10,1.675086549960575e-07,2.500696703132489e+00,1.912238076902167e-04,1.374761548130091e+00,3.300006012682819e+00
5.156322501026055e-04,-1.969783817293291e-08,-9.999823944690040e-05,-6.419074166856896e-10,1.719242652807751e-07,2.506571454516784e+00,1.906889162177059e-04,1.374761512335209e+00,3.300005557322805e+00
5.156422501026056e-04,-1.822306691670605e-08,-9.999734336450408e-05,6.211697785948391e-10,1.449931959398948e-07,2.512395714987238e+00,1.901920247955555e-04,1.374761476587672e+00,3.300005187804702e+00
5.156522501026056e-04,-1.709375892736120e-08,-9.999854240285480e-05,-6.419075055471642e-10,1.517349845432127e-07,2.517821028721860e+00,1.897647670955946e-04,1.374761448251659e+00,3.300004818384384e+00
5.156622501026057e-04,-1.595297217341085e-08,-9.999760785278858e-05,6.211709545231052e-10,1.273813325813586e-07,2.522898497405180e+00,1.893864944966298e-04,1.374761420730167e+00,3.300004543566358e+00
5.156722501026057e-04,-1.509718602923926e-08,-9.999877470535786e-05,-6.419077899327469e-10,1.362326515826729e-07,2.527669971305590e+00,1.890563808340763e-04,1.374761399129107e+00,3.300004251776411e+00
5.156822501026058e-04,-1.418345443218727e-08,-9.999781411508433e-05,6.211719793411910e-10,1.136350644550029e-07,2.532170206100554e+00,1.887587167669683e-04,1.374761377195115e+00,3.300004041330044e+00
5.156922501026058e-04,-1.351798026752449e-08,-9.999895845595413e-05,-6.419081931744113e-10,1.239562506280017e-07,2.536428329479189e+00,1.884961753254807e-04,1.374761360278952e+00,3.300003803563813e+00
5.157022501026059e-04,-1.276557572885140e-08,-9.999797946695909e-05,6.211729095615089e-10,1.026087017762787e-07,2.540469045755767e+00,1.882557663324086e-04,1.374761342313558e+00,3.300003638842699e+00
5.157122501026059e-04,-1.223780371609196e-08,-9.999910741312821e-05,-6.419086733485410e-10,1.139945739018626e-07,2.544313435901898e+00,1.880421077875798e-04,1.374761328786571e+00,3.300003440180786e+00
5.157222501026060e-04,-1.160411445502718e-08,-9.999811497978702e-05,6.211737777033329e-10,9.356835891097449e-08,2.547979685775417e+00,1.878438192303081e-04,1.374761313741006e+00,3.300003309099126e+00
5.157322501026060e-04,-1.117916378481909e-08,-9.999923058830738e-05,-6.419092046741044e-10,1.057498796418912e-07,2.551483539631898e+00,1.876666563191185e-04,1.374761302744377e+00,3.300003139645729e+00
5.157422501026061e-04,-1.063536082659966e-08,-9.999822806313698e-05,6.211746031650249e-10,8.602225577218128e-08,2.554838771997590e+00,1.875002518548804e-04,1.374761289909080e+00,3.300003034026000e+00
5.157522501026061e-04,-1.028919726656086e-08,-9.999933412960159e-05,-6.419097719262419e-10,9.881383518189738e-08,2.558057448906089e+00,1.873510514930216e-04,1.374761280851532e+00,3.300002886967188e+00
5.157622501026062e-04,-9.815082794434327e-09,-9.999832386110672e-05,6.211753983146469e-10,7.962850917957489e-08,2.561150253457747e+00,1.872093611337348e-04,1.374761269729417e+00,3.300002801082421e+00
5.157722501026062e-04,-9.530609993563255e-09,-9.999942237594061e-05,-6.419103643983939e-10,9.289799459402138e-08,2.564126634541710e+00,1.870820546417654e-04,1.374761262190245e+00,3.300002671563909e+00
5.157822501026063e-04,-9.111614293205727e-09,-9.999840605890681e-05,6.211761713166691e-10,7.414210008167737e-08,2.566995044733781e+00,1.869599073466734e-04,1.374761252423130e+00,3.300002601280682e+00
5.157922501026063e-04,-8.876340341773536e-09,-9.999949847527847e-05,-6.419109757566178e-10,8.779286048944894e-08,2.569763020201898e+00,1.868500612874224e-04,1.374761246094773e+00,3.300002485762811e+00
5.158022501026064e-04,-8.501690412915374e-09,-9.999847736237150e-05,6.211769279590725e-10,6.938282874665068e-08,2.572437363894776e+00,1.867436341569203e-04,1.374761237417283e+00,3.300002428027163e+00
5.158122501026064e-04,-8.306266451457712e-09,-9.999956476901827e-05,-6.419116012588444e-10,8.334248409698456e-08,2.575024180052000e+00,1.866479311012587e-04,1.374761232070068e+00,3.300002323856291e+00
5.158222501026065e-04,-7.967827485716451e-09,-9.999853980718920e-05,6.211776718426423e-10,6.521516125321100e-08,2.577529025733667e+00,1.865543375268669e-04,1.374761224282280e+00,3.300002276356731e+00
5.158322501026065e-04,-7.805154801504566e-09,-9.999962303055686e-05,-6.419122372685729e-10,7.942877585668164e-08,2.579956918067248e+00,1.864702589145993e-04,1.374761219741302e+00,3.300002181520128e+00
5.158422501026066e-04,-7.496664732459247e-09,-9.999859494768073e-05,6.211784059991860e-10,6.153544486598086e-08,2.582312454847088e+00,1.863872776467623e-04,1.374761212689484e+00,3.300002142482743e+00
5.158522501026066e-04,-7.361207415984561e-09,-9.999967463267763e-05,-6.419128815639413e-10,7.596014818883839e-08,2.584599804864967e+00,1.863128592021891e-04,1.374761208818673e+00,3.300002055409642e+00
5.158622501026067e-04,-7.077772220670520e-09,-9.999864399790595e-05,6.211791319613128e-10,5.826271979664246e-08,2.586822816103298e+00,1.862387541653007e-04,1.374761202382062e+00,3.300002023446963e+00
5.158722501026067e-04,-6.965179867451932e-09,-9.999972065173059e-05,-6.419135321879858e-10,7.286480764837260e-08,2.588984990692738e+00,1.861724526131021e-04,1.374761199074371e+00,3.300001942901993e+00
5.158822501026068e-04,-6.702918064066532e-09,-9.999868791651127e-05,6.211798517568985e-10,5.533304477421162e-08,2.591089581842928e+00,1.861058470385716e-04,1.374761193157820e+00,3.300001916911888e+00
5.158922501026068e-04,-6.609717807665172e-09,-9.999976194412732e-05,-6.419141876273691e-10,7.008561285000053e-08,2.593139559412391e+00,1.860464305181749e-04,1.374761190327832e+00,3.300001841909590e+00
5.159022501026069e-04,-6.365511659028878e-09,-9.999872747138909e-05,6.211805662223315e-10,5.269519471542387e-08,2.595137698792562e+00,1.859862186015051e-04,1.374761184854773e+00,3.300001821005443e+00
5.159122501026069e-04,-6.288897850398323e-09,-9.999979919957015e-05,-6.419148471564011e-10,6.757652227375796e-08,2.597086539735656e+00,1.859326919422643e-04,1.374761182433241e+00,3.300001750751399e+00
5.159222501026070e-04,-6.060214218367444e-09,-9.999876328298986e-05,6.211812764419635e-10,5.030766528122778e-08,2.598988469381665e+00,1.858779753380387e-04,1.374761177341042e+00,3.300001734219007e+00
5.159322501026070e-04,-5.997895410475573e-09,-9.999983297974386e-05,-6.419155097889371e-10,6.529999378206188e-08,2.600845676163716e+00,1.858295258364817e-04,1.374761175272148e+00,3.300001668060001e+00
5.159422501026071e-04,-5.782655175951001e-09,-9.999879586134826e-05,6.211819829008786e-10,4.813645876522213e-08,2.602660228498259e+00,1.857795672162140e-04,1.374761170509798e+00,3.300001655307042e+00
5.159522501026071e-04,-5.732741715919199e-09,-9.999986374668449e-05,-6.419161748096731e-10,6.322515616809147e-08,2.604434025043719e+00,1.857355246857589e-04,1.374761168746745e+00,3.300001592709195e+00
5.159622501026072e-04,-5.529222310146631e-09,-9.999882562695256e-05,6.211826860963123e-10,4.615345486481042e-08,2.606168870129947e+00,1.856897132070805e-04,1.374761164271989e+00,3.300001583245881e+00
5.159722501026072e-04,-5.490141962299911e-09,-9.999989188462162e-05,-6.419168420120397e-10,6.132636262742783e-08,2.607866421279745e+00,1.856495200698998e-04,1.374761162776258e+00,3.300001523762741e+00
5.159822501026073e-04,-5.296904127677360e-09,-9.999885293051619e-05,6.211833864919123e-10,4.433521085490116e-08,2.609528262150784e+00,1.856073453848854e-04,1.374761158553513e+00,3.300001517181160e+00
5.159922501026073e-04,-5.267338089171014e-09,-9.999991771472411e-05,-6.419175106485600e-10,5.958213270925790e-08,2.611155847979397e+00,1.855705339836021e-04,1.374761157292560e+00,3.300001460437850e+00
