OpenROAD dcf36133a369abc8f3c5e5738cd4d82e4903c0e0 
Features included (+) or not (-): +GPU +GUI +Python
This program is licensed under the BSD-3 license. See the LICENSE file for details.
Components of this program may be licensed under more restrictive licenses which must be honored.
[INFO ODB-0388] unsupported LEF58_EOLENCLOSURE property for layer Via1 :"
  	EOLENCLOSURE 0.34 0.06 ;"
[INFO ODB-0388] unsupported LEF58_EOLENCLOSURE property for layer Via2 :" EOLENCLOSURE 0.34 0.06 ; "
[INFO ODB-0388] unsupported LEF58_EOLENCLOSURE property for layer Via3 :" EOLENCLOSURE 0.34 0.06 ; "
[INFO ODB-0388] unsupported LEF58_EOLENCLOSURE property for layer Via4 :" EOLENCLOSURE 0.34 0.06 ; "
[INFO ODB-0227] LEF file: /Users/kimmy/Projects/open-microled-driver-asic/build/layout/pdk/gf180mcuD/libs.ref/gf180mcu_fd_sc_mcu7t5v0/techlef/gf180mcu_fd_sc_mcu7t5v0__max.tlef, created 15 layers, 56 vias
[WARNING ODB-0220] WARNING (LEFPARS-2008): NOWIREEXTENSIONATPIN statement is obsolete in version 5.6 or later.
The NOWIREEXTENSIONATPIN statement will be ignored. See file /Users/kimmy/Projects/open-microled-driver-asic/build/layout/pdk/gf180mcuD/libs.ref/gf180mcu_fd_sc_mcu7t5v0/lef/gf180mcu_fd_sc_mcu7t5v0.lef at line 2.

[INFO ODB-0227] LEF file: /Users/kimmy/Projects/open-microled-driver-asic/build/layout/pdk/gf180mcuD/libs.ref/gf180mcu_fd_sc_mcu7t5v0/lef/gf180mcu_fd_sc_mcu7t5v0.lef, created 229 library cells
R2R_BEGIN_SETUP max_ss_125C_3v00
Startpoint: _153_ (rising edge-triggered flip-flop clocked by clk)
Endpoint: _152_ (rising edge-triggered flip-flop clocked by clk)
Path Group: clk
Path Type: max

Fanout         Cap        Slew       Delay        Time   Description
---------------------------------------------------------------------------------------------
                                  0.000000    0.000000   clock clk (rise edge)
                                  0.000000    0.000000   clock source latency
     1    0.030784    0.422451    0.205788    0.205788 ^ clk (in)
     4    0.097550    0.416631    0.808580    1.014367 ^ clkbuf_0_clk/Z (gf180mcu_fd_sc_mcu7t5v0__clkbuf_16)
     5    0.027271    0.246893    0.671034    1.685402 ^ clkbuf_2_1__f_clk/Z (gf180mcu_fd_sc_mcu7t5v0__clkbuf_16)
                      0.246893    0.000239    1.685640 ^ _153_/CLK (gf180mcu_fd_sc_mcu7t5v0__dffq_1)
     6    0.032677    1.576485    3.022637    4.708277 ^ _153_/Q (gf180mcu_fd_sc_mcu7t5v0__dffq_1)
     4    0.026930    1.367150    2.054676    6.762953 ^ _080_/Z (gf180mcu_fd_sc_mcu7t5v0__and3_1)
     3    0.019021    2.220464    1.945124    8.708077 ^ _108_/Z (gf180mcu_fd_sc_mcu7t5v0__xor2_1)
     1    0.009296    1.298066    1.182055    9.890132 v _109_/ZN (gf180mcu_fd_sc_mcu7t5v0__aoi221_1)
     1    0.005481    2.422769    1.612786   11.502918 ^ _114_/ZN (gf180mcu_fd_sc_mcu7t5v0__oai222_1)
     1    0.005997    0.439199    0.899862   12.402781 ^ wire13/Z (gf180mcu_fd_sc_mcu7t5v0__clkbuf_1)
     1    0.008360    0.868989    0.444956   12.847736 v _119_/ZN (gf180mcu_fd_sc_mcu7t5v0__aoi21_1)
     1    0.012744    1.674781    1.324304   14.172041 ^ _122_/ZN (gf180mcu_fd_sc_mcu7t5v0__oai211_1)
     1    0.003306    0.723212    0.374089   14.546130 v _123_/ZN (gf180mcu_fd_sc_mcu7t5v0__aoi21_1)
                      0.723212    0.000064   14.546194 v _152_/D (gf180mcu_fd_sc_mcu7t5v0__dffq_1)
                                             14.546194   data arrival time

                               1000.000000 1000.000000   clock clk (rise edge)
                                  0.000000 1000.000000   clock source latency
     1    0.030784    0.422451    0.186219 1000.186218 ^ clk (in)
     4    0.097550    0.416631    0.731575 1000.917847 ^ clkbuf_0_clk/Z (gf180mcu_fd_sc_mcu7t5v0__clkbuf_16)
     5    0.026378    0.244674    0.604814 1001.522644 ^ clkbuf_2_2__f_clk/Z (gf180mcu_fd_sc_mcu7t5v0__clkbuf_16)
                      0.244674    0.000114 1001.522766 ^ _152_/CLK (gf180mcu_fd_sc_mcu7t5v0__dffq_1)
                                 -0.250000 1001.272766   clock uncertainty
                                  0.096606 1001.369385   clock reconvergence pessimism
                                 -0.984374 1000.384949   library setup time
                                           1000.384949   data required time
---------------------------------------------------------------------------------------------
                                           1000.384949   data required time
                                            -14.546194   data arrival time
---------------------------------------------------------------------------------------------
                                            985.838745   slack (MET)


Startpoint: _153_ (rising edge-triggered flip-flop clocked by clk)
Endpoint: _162_ (rising edge-triggered flip-flop clocked by clk)
Path Group: clk
Path Type: max

Fanout         Cap        Slew       Delay        Time   Description
---------------------------------------------------------------------------------------------
                                  0.000000    0.000000   clock clk (rise edge)
                                  0.000000    0.000000   clock source latency
     1    0.030784    0.422451    0.205788    0.205788 ^ clk (in)
     4    0.097550    0.416631    0.808580    1.014367 ^ clkbuf_0_clk/Z (gf180mcu_fd_sc_mcu7t5v0__clkbuf_16)
     5    0.027271    0.246893    0.671034    1.685402 ^ clkbuf_2_1__f_clk/Z (gf180mcu_fd_sc_mcu7t5v0__clkbuf_16)
                      0.246893    0.000239    1.685640 ^ _153_/CLK (gf180mcu_fd_sc_mcu7t5v0__dffq_1)
     6    0.032677    1.576485    3.022637    4.708277 ^ _153_/Q (gf180mcu_fd_sc_mcu7t5v0__dffq_1)
     4    0.027927    1.478169    2.387500    7.095777 ^ _081_/Z (gf180mcu_fd_sc_mcu7t5v0__and4_1)
     2    0.015894    1.548611    1.207696    8.303473 v _084_/ZN (gf180mcu_fd_sc_mcu7t5v0__nand4_1)
     2    0.009372    0.760035    0.818123    9.121595 ^ _085_/ZN (gf180mcu_fd_sc_mcu7t5v0__clkinv_1)
     2    0.018570    0.969782    1.286584   10.408179 ^ _086_/Z (gf180mcu_fd_sc_mcu7t5v0__and2_1)
    10    0.062215    1.417747    1.371481   11.779660 ^ fanout14/Z (gf180mcu_fd_sc_mcu7t5v0__buf_2)
     1    0.005196    0.577486    0.539693   12.319353 v _134_/ZN (gf180mcu_fd_sc_mcu7t5v0__nor2_1)
     1    0.003449    1.435442    1.288696   13.608049 ^ _135_/ZN (gf180mcu_fd_sc_mcu7t5v0__aoi211_1)
                      1.435442    0.000038   13.608088 ^ _162_/D (gf180mcu_fd_sc_mcu7t5v0__dffq_1)
                                             13.608088   data arrival time

                               1000.000000 1000.000000   clock clk (rise edge)
                                  0.000000 1000.000000   clock source latency
     1    0.030784    0.422451    0.186219 1000.186218 ^ clk (in)
     4    0.097550    0.416631    0.731575 1000.917847 ^ clkbuf_0_clk/Z (gf180mcu_fd_sc_mcu7t5v0__clkbuf_16)
     5    0.023816    0.238293    0.599584 1001.517395 ^ clkbuf_2_0__f_clk/Z (gf180mcu_fd_sc_mcu7t5v0__clkbuf_16)
                      0.238293    0.000227 1001.517639 ^ _162_/CLK (gf180mcu_fd_sc_mcu7t5v0__dffq_1)
                                 -0.250000 1001.267639   clock uncertainty
                                  0.096606 1001.364258   clock reconvergence pessimism
                                 -0.963224 1000.401001   library setup time
                                           1000.401001   data required time
---------------------------------------------------------------------------------------------
                                           1000.401001   data required time
                                            -13.608088   data arrival time
---------------------------------------------------------------------------------------------
                                            986.792908   slack (MET)


Startpoint: _153_ (rising edge-triggered flip-flop clocked by clk)
Endpoint: _161_ (rising edge-triggered flip-flop clocked by clk)
Path Group: clk
Path Type: max

Fanout         Cap        Slew       Delay        Time   Description
---------------------------------------------------------------------------------------------
                                  0.000000    0.000000   clock clk (rise edge)
                                  0.000000    0.000000   clock source latency
     1    0.030784    0.422451    0.205788    0.205788 ^ clk (in)
     4    0.097550    0.416631    0.808580    1.014367 ^ clkbuf_0_clk/Z (gf180mcu_fd_sc_mcu7t5v0__clkbuf_16)
     5    0.027271    0.246893    0.671034    1.685402 ^ clkbuf_2_1__f_clk/Z (gf180mcu_fd_sc_mcu7t5v0__clkbuf_16)
                      0.246893    0.000239    1.685640 ^ _153_/CLK (gf180mcu_fd_sc_mcu7t5v0__dffq_1)
     6    0.032677    1.576485    3.022637    4.708277 ^ _153_/Q (gf180mcu_fd_sc_mcu7t5v0__dffq_1)
     4    0.027927    1.478169    2.387500    7.095777 ^ _081_/Z (gf180mcu_fd_sc_mcu7t5v0__and4_1)
     2    0.015894    1.548611    1.207696    8.303473 v _084_/ZN (gf180mcu_fd_sc_mcu7t5v0__nand4_1)
     2    0.009372    0.760035    0.818123    9.121595 ^ _085_/ZN (gf180mcu_fd_sc_mcu7t5v0__clkinv_1)
     2    0.018570    0.969782    1.286584   10.408179 ^ _086_/Z (gf180mcu_fd_sc_mcu7t5v0__and2_1)
    10    0.062215    1.417747    1.371481   11.779660 ^ fanout14/Z (gf180mcu_fd_sc_mcu7t5v0__buf_2)
     1    0.004479    0.553310    0.514786   12.294447 v _132_/ZN (gf180mcu_fd_sc_mcu7t5v0__nor2_1)
     1    0.002933    1.368144    1.241810   13.536257 ^ _133_/ZN (gf180mcu_fd_sc_mcu7t5v0__aoi211_1)
                      1.368144    0.000030   13.536287 ^ _161_/D (gf180mcu_fd_sc_mcu7t5v0__dffq_1)
                                             13.536287   data arrival time

                               1000.000000 1000.000000   clock clk (rise edge)
                                  0.000000 1000.000000   clock source latency
     1    0.030784    0.422451    0.186219 1000.186218 ^ clk (in)
     4    0.097550    0.416631    0.731575 1000.917847 ^ clkbuf_0_clk/Z (gf180mcu_fd_sc_mcu7t5v0__clkbuf_16)
     5    0.023816    0.238293    0.599584 1001.517395 ^ clkbuf_2_0__f_clk/Z (gf180mcu_fd_sc_mcu7t5v0__clkbuf_16)
                      0.238293    0.000114 1001.517517 ^ _161_/CLK (gf180mcu_fd_sc_mcu7t5v0__dffq_1)
                                 -0.250000 1001.267517   clock uncertainty
                                  0.096606 1001.364136   clock reconvergence pessimism
                                 -0.959149 1000.404968   library setup time
                                           1000.404968   data required time
---------------------------------------------------------------------------------------------
                                           1000.404968   data required time
                                            -13.536287   data arrival time
---------------------------------------------------------------------------------------------
                                            986.868713   slack (MET)


Startpoint: _153_ (rising edge-triggered flip-flop clocked by clk)
Endpoint: _167_ (rising edge-triggered flip-flop clocked by clk)
Path Group: clk
Path Type: max

Fanout         Cap        Slew       Delay        Time   Description
---------------------------------------------------------------------------------------------
                                  0.000000    0.000000   clock clk (rise edge)
                                  0.000000    0.000000   clock source latency
     1    0.030784    0.422451    0.205788    0.205788 ^ clk (in)
     4    0.097550    0.416631    0.808580    1.014367 ^ clkbuf_0_clk/Z (gf180mcu_fd_sc_mcu7t5v0__clkbuf_16)
     5    0.027271    0.246893    0.671034    1.685402 ^ clkbuf_2_1__f_clk/Z (gf180mcu_fd_sc_mcu7t5v0__clkbuf_16)
                      0.246893    0.000239    1.685640 ^ _153_/CLK (gf180mcu_fd_sc_mcu7t5v0__dffq_1)
     6    0.032677    1.576485    3.022637    4.708277 ^ _153_/Q (gf180mcu_fd_sc_mcu7t5v0__dffq_1)
     4    0.027927    1.478169    2.387500    7.095777 ^ _081_/Z (gf180mcu_fd_sc_mcu7t5v0__and4_1)
     2    0.015894    1.548611    1.207696    8.303473 v _084_/ZN (gf180mcu_fd_sc_mcu7t5v0__nand4_1)
     2    0.009372    0.760035    0.818123    9.121595 ^ _085_/ZN (gf180mcu_fd_sc_mcu7t5v0__clkinv_1)
     5    0.035660    1.464248    1.115598   10.237194 v _087_/ZN (gf180mcu_fd_sc_mcu7t5v0__nand2_1)
     3    0.018307    1.958408    1.610193   11.847386 ^ _144_/ZN (gf180mcu_fd_sc_mcu7t5v0__nor2_1)
     1    0.005162    0.909004    0.786388   12.633775 v _145_/ZN (gf180mcu_fd_sc_mcu7t5v0__aoi22_1)
     1    0.003069    0.668578    0.674379   13.308153 ^ _146_/ZN (gf180mcu_fd_sc_mcu7t5v0__nor2_1)
                      0.668578    0.000032   13.308186 ^ _167_/D (gf180mcu_fd_sc_mcu7t5v0__dffq_1)
                                             13.308186   data arrival time

                               1000.000000 1000.000000   clock clk (rise edge)
                                  0.000000 1000.000000   clock source latency
     1    0.030784    0.422451    0.186219 1000.186218 ^ clk (in)
     4    0.097550    0.416631    0.731575 1000.917847 ^ clkbuf_0_clk/Z (gf180mcu_fd_sc_mcu7t5v0__clkbuf_16)
     5    0.026378    0.244674    0.604814 1001.522644 ^ clkbuf_2_2__f_clk/Z (gf180mcu_fd_sc_mcu7t5v0__clkbuf_16)
                      0.244674    0.000227 1001.522888 ^ _167_/CLK (gf180mcu_fd_sc_mcu7t5v0__dffq_1)
                                 -0.250000 1001.272888   clock uncertainty
                                  0.096606 1001.369507   clock reconvergence pessimism
                                 -0.865837 1000.503662   library setup time
                                           1000.503662   data required time
---------------------------------------------------------------------------------------------
                                           1000.503662   data required time
                                            -13.308186   data arrival time
---------------------------------------------------------------------------------------------
                                            987.195496   slack (MET)


Startpoint: _153_ (rising edge-triggered flip-flop clocked by clk)
Endpoint: _164_ (rising edge-triggered flip-flop clocked by clk)
Path Group: clk
Path Type: max

Fanout         Cap        Slew       Delay        Time   Description
---------------------------------------------------------------------------------------------
                                  0.000000    0.000000   clock clk (rise edge)
                                  0.000000    0.000000   clock source latency
     1    0.030784    0.422451    0.205788    0.205788 ^ clk (in)
     4    0.097550    0.416631    0.808580    1.014367 ^ clkbuf_0_clk/Z (gf180mcu_fd_sc_mcu7t5v0__clkbuf_16)
     5    0.027271    0.246893    0.671034    1.685402 ^ clkbuf_2_1__f_clk/Z (gf180mcu_fd_sc_mcu7t5v0__clkbuf_16)
                      0.246893    0.000239    1.685640 ^ _153_/CLK (gf180mcu_fd_sc_mcu7t5v0__dffq_1)
     6    0.032677    1.576485    3.022637    4.708277 ^ _153_/Q (gf180mcu_fd_sc_mcu7t5v0__dffq_1)
     4    0.027927    1.478169    2.387500    7.095777 ^ _081_/Z (gf180mcu_fd_sc_mcu7t5v0__and4_1)
     2    0.015894    1.548611    1.207696    8.303473 v _084_/ZN (gf180mcu_fd_sc_mcu7t5v0__nand4_1)
     2    0.009372    0.760035    0.818123    9.121595 ^ _085_/ZN (gf180mcu_fd_sc_mcu7t5v0__clkinv_1)
     2    0.018570    0.969782    1.286584   10.408179 ^ _086_/Z (gf180mcu_fd_sc_mcu7t5v0__and2_1)
    10    0.062215    1.417747    1.371481   11.779660 ^ fanout14/Z (gf180mcu_fd_sc_mcu7t5v0__buf_2)
     1    0.006918    0.704036    0.643625   12.423285 v _138_/ZN (gf180mcu_fd_sc_mcu7t5v0__oai21_1)
     1    0.002705    0.796894    0.852074   13.275359 ^ _139_/ZN (gf180mcu_fd_sc_mcu7t5v0__aoi21_1)
                      0.796894    0.000027   13.275386 ^ _164_/D (gf180mcu_fd_sc_mcu7t5v0__dffq_1)
                                             13.275386   data arrival time

                               1000.000000 1000.000000   clock clk (rise edge)
                                  0.000000 1000.000000   clock source latency
     1    0.030784    0.422451    0.186219 1000.186218 ^ clk (in)
     4    0.097550    0.416631    0.731575 1000.917847 ^ clkbuf_0_clk/Z (gf180mcu_fd_sc_mcu7t5v0__clkbuf_16)
     5    0.023816    0.238293    0.599584 1001.517395 ^ clkbuf_2_0__f_clk/Z (gf180mcu_fd_sc_mcu7t5v0__clkbuf_16)
                      0.238293    0.000114 1001.517517 ^ _164_/CLK (gf180mcu_fd_sc_mcu7t5v0__dffq_1)
                                 -0.250000 1001.267517   clock uncertainty
                                  0.096606 1001.364136   clock reconvergence pessimism
                                 -0.886790 1000.477417   library setup time
                                           1000.477417   data required time
---------------------------------------------------------------------------------------------
                                           1000.477417   data required time
                                            -13.275386   data arrival time
---------------------------------------------------------------------------------------------
                                            987.201965   slack (MET)


Startpoint: _153_ (rising edge-triggered flip-flop clocked by clk)
Endpoint: _163_ (rising edge-triggered flip-flop clocked by clk)
Path Group: clk
Path Type: max

Fanout         Cap        Slew       Delay        Time   Description
---------------------------------------------------------------------------------------------
                                  0.000000    0.000000   clock clk (rise edge)
                                  0.000000    0.000000   clock source latency
     1    0.030784    0.422451    0.205788    0.205788 ^ clk (in)
     4    0.097550    0.416631    0.808580    1.014367 ^ clkbuf_0_clk/Z (gf180mcu_fd_sc_mcu7t5v0__clkbuf_16)
     5    0.027271    0.246893    0.671034    1.685402 ^ clkbuf_2_1__f_clk/Z (gf180mcu_fd_sc_mcu7t5v0__clkbuf_16)
                      0.246893    0.000239    1.685640 ^ _153_/CLK (gf180mcu_fd_sc_mcu7t5v0__dffq_1)
     6    0.032677    1.576485    3.022637    4.708277 ^ _153_/Q (gf180mcu_fd_sc_mcu7t5v0__dffq_1)
     4    0.027927    1.478169    2.387500    7.095777 ^ _081_/Z (gf180mcu_fd_sc_mcu7t5v0__and4_1)
     2    0.015894    1.548611    1.207696    8.303473 v _084_/ZN (gf180mcu_fd_sc_mcu7t5v0__nand4_1)
     2    0.009372    0.760035    0.818123    9.121595 ^ _085_/ZN (gf180mcu_fd_sc_mcu7t5v0__clkinv_1)
     2    0.018570    0.969782    1.286584   10.408179 ^ _086_/Z (gf180mcu_fd_sc_mcu7t5v0__and2_1)
    10    0.062215    1.417747    1.371481   11.779660 ^ fanout14/Z (gf180mcu_fd_sc_mcu7t5v0__buf_2)
     1    0.005006    0.644586    0.579981   12.359642 v _136_/ZN (gf180mcu_fd_sc_mcu7t5v0__oai21_1)
     1    0.003274    0.831936    0.869607   13.229248 ^ _137_/ZN (gf180mcu_fd_sc_mcu7t5v0__aoi21_1)
                      0.831936    0.000036   13.229284 ^ _163_/D (gf180mcu_fd_sc_mcu7t5v0__dffq_1)
                                             13.229284   data arrival time

                               1000.000000 1000.000000   clock clk (rise edge)
                                  0.000000 1000.000000   clock source latency
     1    0.030784    0.422451    0.186219 1000.186218 ^ clk (in)
     4    0.097550    0.416631    0.731575 1000.917847 ^ clkbuf_0_clk/Z (gf180mcu_fd_sc_mcu7t5v0__clkbuf_16)
     5    0.023816    0.238293    0.599584 1001.517395 ^ clkbuf_2_0__f_clk/Z (gf180mcu_fd_sc_mcu7t5v0__clkbuf_16)
                      0.238293    0.000114 1001.517517 ^ _163_/CLK (gf180mcu_fd_sc_mcu7t5v0__dffq_1)
                                 -0.250000 1001.267517   clock uncertainty
                                  0.096606 1001.364136   clock reconvergence pessimism
                                 -0.891996 1000.472168   library setup time
                                           1000.472168   data required time
---------------------------------------------------------------------------------------------
                                           1000.472168   data required time
                                            -13.229284   data arrival time
---------------------------------------------------------------------------------------------
                                            987.242859   slack (MET)


Startpoint: _153_ (rising edge-triggered flip-flop clocked by clk)
Endpoint: _168_ (rising edge-triggered flip-flop clocked by clk)
Path Group: clk
Path Type: max

Fanout         Cap        Slew       Delay        Time   Description
---------------------------------------------------------------------------------------------
                                  0.000000    0.000000   clock clk (rise edge)
                                  0.000000    0.000000   clock source latency
     1    0.030784    0.422451    0.205788    0.205788 ^ clk (in)
     4    0.097550    0.416631    0.808580    1.014367 ^ clkbuf_0_clk/Z (gf180mcu_fd_sc_mcu7t5v0__clkbuf_16)
     5    0.027271    0.246893    0.671034    1.685402 ^ clkbuf_2_1__f_clk/Z (gf180mcu_fd_sc_mcu7t5v0__clkbuf_16)
                      0.246893    0.000239    1.685640 ^ _153_/CLK (gf180mcu_fd_sc_mcu7t5v0__dffq_1)
     6    0.032677    1.576485    3.022637    4.708277 ^ _153_/Q (gf180mcu_fd_sc_mcu7t5v0__dffq_1)
     4    0.027927    1.478169    2.387500    7.095777 ^ _081_/Z (gf180mcu_fd_sc_mcu7t5v0__and4_1)
     2    0.015894    1.548611    1.207696    8.303473 v _084_/ZN (gf180mcu_fd_sc_mcu7t5v0__nand4_1)
     2    0.009372    0.760035    0.818123    9.121595 ^ _085_/ZN (gf180mcu_fd_sc_mcu7t5v0__clkinv_1)
     5    0.035660    1.464248    1.115598   10.237194 v _087_/ZN (gf180mcu_fd_sc_mcu7t5v0__nand2_1)
     3    0.018307    1.958408    1.610193   11.847386 ^ _144_/ZN (gf180mcu_fd_sc_mcu7t5v0__nor2_1)
     1    0.004720    0.893445    0.770650   12.618037 v _147_/ZN (gf180mcu_fd_sc_mcu7t5v0__aoi22_1)
     1    0.002641    0.632282    0.647419   13.265456 ^ _148_/ZN (gf180mcu_fd_sc_mcu7t5v0__nor2_1)
                      0.632282    0.000026   13.265482 ^ _168_/D (gf180mcu_fd_sc_mcu7t5v0__dffq_1)
                                             13.265482   data arrival time

                               1000.000000 1000.000000   clock clk (rise edge)
                                  0.000000 1000.000000   clock source latency
     1    0.030784    0.422451    0.186219 1000.186218 ^ clk (in)
     4    0.097550    0.416631    0.731575 1000.917847 ^ clkbuf_0_clk/Z (gf180mcu_fd_sc_mcu7t5v0__clkbuf_16)
     5    0.026378    0.244674    0.604814 1001.522644 ^ clkbuf_2_2__f_clk/Z (gf180mcu_fd_sc_mcu7t5v0__clkbuf_16)
                      0.244674    0.000455 1001.523071 ^ _168_/CLK (gf180mcu_fd_sc_mcu7t5v0__dffq_1)
                                 -0.250000 1001.273071   clock uncertainty
                                  0.096606 1001.369751   clock reconvergence pessimism
                                 -0.860447 1000.509216   library setup time
                                           1000.509216   data required time
---------------------------------------------------------------------------------------------
                                           1000.509216   data required time
                                            -13.265482   data arrival time
---------------------------------------------------------------------------------------------
                                            987.243774   slack (MET)


Startpoint: _153_ (rising edge-triggered flip-flop clocked by clk)
Endpoint: _165_ (rising edge-triggered flip-flop clocked by clk)
Path Group: clk
Path Type: max

Fanout         Cap        Slew       Delay        Time   Description
---------------------------------------------------------------------------------------------
                                  0.000000    0.000000   clock clk (rise edge)
                                  0.000000    0.000000   clock source latency
     1    0.030784    0.422451    0.205788    0.205788 ^ clk (in)
     4    0.097550    0.416631    0.808580    1.014367 ^ clkbuf_0_clk/Z (gf180mcu_fd_sc_mcu7t5v0__clkbuf_16)
     5    0.027271    0.246893    0.671034    1.685402 ^ clkbuf_2_1__f_clk/Z (gf180mcu_fd_sc_mcu7t5v0__clkbuf_16)
                      0.246893    0.000239    1.685640 ^ _153_/CLK (gf180mcu_fd_sc_mcu7t5v0__dffq_1)
     6    0.032677    1.576485    3.022637    4.708277 ^ _153_/Q (gf180mcu_fd_sc_mcu7t5v0__dffq_1)
     4    0.027927    1.478169    2.387500    7.095777 ^ _081_/Z (gf180mcu_fd_sc_mcu7t5v0__and4_1)
     2    0.015894    1.548611    1.207696    8.303473 v _084_/ZN (gf180mcu_fd_sc_mcu7t5v0__nand4_1)
     2    0.009372    0.760035    0.818123    9.121595 ^ _085_/ZN (gf180mcu_fd_sc_mcu7t5v0__clkinv_1)
     2    0.018570    0.969782    1.286584   10.408179 ^ _086_/Z (gf180mcu_fd_sc_mcu7t5v0__and2_1)
    10    0.062215    1.417747    1.371481   11.779660 ^ fanout14/Z (gf180mcu_fd_sc_mcu7t5v0__buf_2)
     1    0.006422    0.689172    0.627956   12.407617 v _140_/ZN (gf180mcu_fd_sc_mcu7t5v0__oai21_1)
     1    0.003375    0.856963    0.885053   13.292669 ^ _141_/ZN (gf180mcu_fd_sc_mcu7t5v0__aoi21_1)
                      0.856963    0.000068   13.292737 ^ _165_/D (gf180mcu_fd_sc_mcu7t5v0__dffq_1)
                                             13.292737   data arrival time

                               1000.000000 1000.000000   clock clk (rise edge)
                                  0.000000 1000.000000   clock source latency
     1    0.030784    0.422451    0.186219 1000.186218 ^ clk (in)
     4    0.097550    0.416631    0.731575 1000.917847 ^ clkbuf_0_clk/Z (gf180mcu_fd_sc_mcu7t5v0__clkbuf_16)
     5    0.027271    0.246893    0.607088 1001.524902 ^ clkbuf_2_1__f_clk/Z (gf180mcu_fd_sc_mcu7t5v0__clkbuf_16)
                      0.246893    0.000227 1001.525146 ^ _165_/CLK (gf180mcu_fd_sc_mcu7t5v0__dffq_1)
                                 -0.250000 1001.275146   clock uncertainty
                                  0.160514 1001.435669   clock reconvergence pessimism
                                 -0.893152 1000.542542   library setup time
                                           1000.542542   data required time
---------------------------------------------------------------------------------------------
                                           1000.542542   data required time
                                            -13.292737   data arrival time
---------------------------------------------------------------------------------------------
                                            987.249817   slack (MET)


Startpoint: _153_ (rising edge-triggered flip-flop clocked by clk)
Endpoint: _166_ (rising edge-triggered flip-flop clocked by clk)
Path Group: clk
Path Type: max

Fanout         Cap        Slew       Delay        Time   Description
---------------------------------------------------------------------------------------------
                                  0.000000    0.000000   clock clk (rise edge)
                                  0.000000    0.000000   clock source latency
     1    0.030784    0.422451    0.205788    0.205788 ^ clk (in)
     4    0.097550    0.416631    0.808580    1.014367 ^ clkbuf_0_clk/Z (gf180mcu_fd_sc_mcu7t5v0__clkbuf_16)
     5    0.027271    0.246893    0.671034    1.685402 ^ clkbuf_2_1__f_clk/Z (gf180mcu_fd_sc_mcu7t5v0__clkbuf_16)
                      0.246893    0.000239    1.685640 ^ _153_/CLK (gf180mcu_fd_sc_mcu7t5v0__dffq_1)
     6    0.032677    1.576485    3.022637    4.708277 ^ _153_/Q (gf180mcu_fd_sc_mcu7t5v0__dffq_1)
     4    0.027927    1.478169    2.387500    7.095777 ^ _081_/Z (gf180mcu_fd_sc_mcu7t5v0__and4_1)
     2    0.015894    1.548611    1.207696    8.303473 v _084_/ZN (gf180mcu_fd_sc_mcu7t5v0__nand4_1)
     2    0.009372    0.760035    0.818123    9.121595 ^ _085_/ZN (gf180mcu_fd_sc_mcu7t5v0__clkinv_1)
     2    0.018570    0.969782    1.286584   10.408179 ^ _086_/Z (gf180mcu_fd_sc_mcu7t5v0__and2_1)
     5    0.036689    0.882847    1.038227   11.446406 ^ fanout15/Z (gf180mcu_fd_sc_mcu7t5v0__buf_2)
     1    0.005253    0.453400    0.465263   11.911670 v _142_/ZN (gf180mcu_fd_sc_mcu7t5v0__nor2_1)
     1    0.003312    1.417582    1.250258   13.161927 ^ _143_/ZN (gf180mcu_fd_sc_mcu7t5v0__aoi211_1)
                      1.417582    0.000038   13.161965 ^ _166_/D (gf180mcu_fd_sc_mcu7t5v0__dffq_1)
                                             13.161965   data arrival time

                               1000.000000 1000.000000   clock clk (rise edge)
                                  0.000000 1000.000000   clock source latency
     1    0.030784    0.422451    0.186219 1000.186218 ^ clk (in)
     4    0.097550    0.416631    0.731575 1000.917847 ^ clkbuf_0_clk/Z (gf180mcu_fd_sc_mcu7t5v0__clkbuf_16)
     5    0.027271    0.246893    0.607088 1001.524902 ^ clkbuf_2_1__f_clk/Z (gf180mcu_fd_sc_mcu7t5v0__clkbuf_16)
                      0.246893    0.000341 1001.525269 ^ _166_/CLK (gf180mcu_fd_sc_mcu7t5v0__dffq_1)
                                 -0.250000 1001.275269   clock uncertainty
                                  0.160514 1001.435791   clock reconvergence pessimism
                                 -0.959546 1000.476257   library setup time
                                           1000.476257   data required time
---------------------------------------------------------------------------------------------
                                           1000.476257   data required time
                                            -13.161965   data arrival time
---------------------------------------------------------------------------------------------
                                            987.314270   slack (MET)


Startpoint: _153_ (rising edge-triggered flip-flop clocked by clk)
Endpoint: _169_ (rising edge-triggered flip-flop clocked by clk)
Path Group: clk
Path Type: max

Fanout         Cap        Slew       Delay        Time   Description
---------------------------------------------------------------------------------------------
                                  0.000000    0.000000   clock clk (rise edge)
                                  0.000000    0.000000   clock source latency
     1    0.030784    0.422451    0.205788    0.205788 ^ clk (in)
     4    0.097550    0.416631    0.808580    1.014367 ^ clkbuf_0_clk/Z (gf180mcu_fd_sc_mcu7t5v0__clkbuf_16)
     5    0.027271    0.246893    0.671034    1.685402 ^ clkbuf_2_1__f_clk/Z (gf180mcu_fd_sc_mcu7t5v0__clkbuf_16)
                      0.246893    0.000239    1.685640 ^ _153_/CLK (gf180mcu_fd_sc_mcu7t5v0__dffq_1)
     6    0.032677    1.576485    3.022637    4.708277 ^ _153_/Q (gf180mcu_fd_sc_mcu7t5v0__dffq_1)
     4    0.027927    1.478169    2.387500    7.095777 ^ _081_/Z (gf180mcu_fd_sc_mcu7t5v0__and4_1)
     2    0.015894    1.548611    1.207696    8.303473 v _084_/ZN (gf180mcu_fd_sc_mcu7t5v0__nand4_1)
     2    0.009372    0.760035    0.818123    9.121595 ^ _085_/ZN (gf180mcu_fd_sc_mcu7t5v0__clkinv_1)
     2    0.018570    0.969782    1.286584   10.408179 ^ _086_/Z (gf180mcu_fd_sc_mcu7t5v0__and2_1)
     5    0.036689    0.882847    1.038227   11.446406 ^ fanout15/Z (gf180mcu_fd_sc_mcu7t5v0__buf_2)
     1    0.005140    0.535182    0.508483   11.954890 v _149_/ZN (gf180mcu_fd_sc_mcu7t5v0__oai21_1)
     1    0.002824    0.678454    0.591171   12.546061 ^ _150_/ZN (gf180mcu_fd_sc_mcu7t5v0__nor2_1)
                      0.678454    0.000028   12.546089 ^ _169_/D (gf180mcu_fd_sc_mcu7t5v0__dffq_1)
                                             12.546089   data arrival time

                               1000.000000 1000.000000   clock clk (rise edge)
                                  0.000000 1000.000000   clock source latency
     1    0.030784    0.422451    0.186219 1000.186218 ^ clk (in)
     4    0.097550    0.416631    0.731575 1000.917847 ^ clkbuf_0_clk/Z (gf180mcu_fd_sc_mcu7t5v0__clkbuf_16)
     5    0.026378    0.244674    0.604814 1001.522644 ^ clkbuf_2_2__f_clk/Z (gf180mcu_fd_sc_mcu7t5v0__clkbuf_16)
                      0.244674    0.000341 1001.522949 ^ _169_/CLK (gf180mcu_fd_sc_mcu7t5v0__dffq_1)
                                 -0.250000 1001.272949   clock uncertainty
                                  0.096606 1001.369629   clock reconvergence pessimism
                                 -0.867304 1000.502319   library setup time
                                           1000.502319   data required time
---------------------------------------------------------------------------------------------
                                           1000.502319   data required time
                                            -12.546089   data arrival time
---------------------------------------------------------------------------------------------
                                            987.956177   slack (MET)


Startpoint: _153_ (rising edge-triggered flip-flop clocked by clk)
Endpoint: _170_ (rising edge-triggered flip-flop clocked by clk)
Path Group: clk
Path Type: max

Fanout         Cap        Slew       Delay        Time   Description
---------------------------------------------------------------------------------------------
                                  0.000000    0.000000   clock clk (rise edge)
                                  0.000000    0.000000   clock source latency
     1    0.030784    0.422451    0.205788    0.205788 ^ clk (in)
     4    0.097550    0.416631    0.808580    1.014367 ^ clkbuf_0_clk/Z (gf180mcu_fd_sc_mcu7t5v0__clkbuf_16)
     5    0.027271    0.246893    0.671034    1.685402 ^ clkbuf_2_1__f_clk/Z (gf180mcu_fd_sc_mcu7t5v0__clkbuf_16)
                      0.246893    0.000239    1.685640 ^ _153_/CLK (gf180mcu_fd_sc_mcu7t5v0__dffq_1)
     6    0.032677    1.576485    3.022637    4.708277 ^ _153_/Q (gf180mcu_fd_sc_mcu7t5v0__dffq_1)
     4    0.027927    1.478169    2.387500    7.095777 ^ _081_/Z (gf180mcu_fd_sc_mcu7t5v0__and4_1)
     2    0.015894    1.548611    1.207696    8.303473 v _084_/ZN (gf180mcu_fd_sc_mcu7t5v0__nand4_1)
     2    0.009372    0.760035    0.818123    9.121595 ^ _085_/ZN (gf180mcu_fd_sc_mcu7t5v0__clkinv_1)
     2    0.018570    0.969782    1.286584   10.408179 ^ _086_/Z (gf180mcu_fd_sc_mcu7t5v0__and2_1)
     5    0.036689    0.882847    1.038227   11.446406 ^ fanout15/Z (gf180mcu_fd_sc_mcu7t5v0__buf_2)
     1    0.006282    0.458998    0.418100   11.864507 v _088_/ZN (gf180mcu_fd_sc_mcu7t5v0__nand2_1)
     1    0.002733    0.800581    0.532300   12.396808 ^ _151_/ZN (gf180mcu_fd_sc_mcu7t5v0__aoi21_1)
                      0.800581    0.000028   12.396835 ^ _170_/D (gf180mcu_fd_sc_mcu7t5v0__dffq_1)
                                             12.396835   data arrival time

                               1000.000000 1000.000000   clock clk (rise edge)
                                  0.000000 1000.000000   clock source latency
     1    0.030784    0.422451    0.186219 1000.186218 ^ clk (in)
     4    0.097550    0.416631    0.731575 1000.917847 ^ clkbuf_0_clk/Z (gf180mcu_fd_sc_mcu7t5v0__clkbuf_16)
     5    0.026378    0.244674    0.604814 1001.522644 ^ clkbuf_2_2__f_clk/Z (gf180mcu_fd_sc_mcu7t5v0__clkbuf_16)
                      0.244674    0.000227 1001.522888 ^ _170_/CLK (gf180mcu_fd_sc_mcu7t5v0__dffq_1)
                                 -0.250000 1001.272888   clock uncertainty
                                  0.096606 1001.369507   clock reconvergence pessimism
                                 -0.885440 1000.484131   library setup time
                                           1000.484131   data required time
---------------------------------------------------------------------------------------------
                                           1000.484131   data required time
                                            -12.396835   data arrival time
---------------------------------------------------------------------------------------------
                                            988.087219   slack (MET)


Startpoint: _153_ (rising edge-triggered flip-flop clocked by clk)
Endpoint: _160_ (rising edge-triggered flip-flop clocked by clk)
Path Group: clk
Path Type: max

Fanout         Cap        Slew       Delay        Time   Description
---------------------------------------------------------------------------------------------
                                  0.000000    0.000000   clock clk (rise edge)
                                  0.000000    0.000000   clock source latency
     1    0.030784    0.422451    0.205788    0.205788 ^ clk (in)
     4    0.097550    0.416631    0.808580    1.014367 ^ clkbuf_0_clk/Z (gf180mcu_fd_sc_mcu7t5v0__clkbuf_16)
     5    0.027271    0.246893    0.671034    1.685402 ^ clkbuf_2_1__f_clk/Z (gf180mcu_fd_sc_mcu7t5v0__clkbuf_16)
                      0.246893    0.000239    1.685640 ^ _153_/CLK (gf180mcu_fd_sc_mcu7t5v0__dffq_1)
     6    0.032677    1.576485    3.022637    4.708277 ^ _153_/Q (gf180mcu_fd_sc_mcu7t5v0__dffq_1)
     4    0.027927    1.478169    2.387500    7.095777 ^ _081_/Z (gf180mcu_fd_sc_mcu7t5v0__and4_1)
     2    0.015894    1.548611    1.207696    8.303473 v _084_/ZN (gf180mcu_fd_sc_mcu7t5v0__nand4_1)
     3    0.018286    1.005217    2.110942   10.414414 v _117_/Z (gf180mcu_fd_sc_mcu7t5v0__xor2_1)
     1    0.003006    0.514898    0.614181   11.028595 ^ _131_/ZN (gf180mcu_fd_sc_mcu7t5v0__nand2_1)
                      0.514898    0.000032   11.028627 ^ _160_/D (gf180mcu_fd_sc_mcu7t5v0__dffq_1)
                                             11.028627   data arrival time

                               1000.000000 1000.000000   clock clk (rise edge)
                                  0.000000 1000.000000   clock source latency
     1    0.030784    0.422451    0.186219 1000.186218 ^ clk (in)
     4    0.097550    0.416631    0.731575 1000.917847 ^ clkbuf_0_clk/Z (gf180mcu_fd_sc_mcu7t5v0__clkbuf_16)
     5    0.026722    0.245529    0.605496 1001.523315 ^ clkbuf_2_3__f_clk/Z (gf180mcu_fd_sc_mcu7t5v0__clkbuf_16)
                      0.245529    0.000341 1001.523682 ^ _160_/CLK (gf180mcu_fd_sc_mcu7t5v0__dffq_1)
                                 -0.250000 1001.273682   clock uncertainty
                                  0.096606 1001.370300   clock reconvergence pessimism
                                 -0.842764 1000.527527   library setup time
                                           1000.527527   data required time
---------------------------------------------------------------------------------------------
                                           1000.527527   data required time
                                            -11.028627   data arrival time
---------------------------------------------------------------------------------------------
                                            989.498901   slack (MET)


Startpoint: _153_ (rising edge-triggered flip-flop clocked by clk)
Endpoint: _159_ (rising edge-triggered flip-flop clocked by clk)
Path Group: clk
Path Type: max

Fanout         Cap        Slew       Delay        Time   Description
---------------------------------------------------------------------------------------------
                                  0.000000    0.000000   clock clk (rise edge)
                                  0.000000    0.000000   clock source latency
     1    0.030784    0.422451    0.205788    0.205788 ^ clk (in)
     4    0.097550    0.416631    0.808580    1.014367 ^ clkbuf_0_clk/Z (gf180mcu_fd_sc_mcu7t5v0__clkbuf_16)
     5    0.027271    0.246893    0.671034    1.685402 ^ clkbuf_2_1__f_clk/Z (gf180mcu_fd_sc_mcu7t5v0__clkbuf_16)
                      0.246893    0.000239    1.685640 ^ _153_/CLK (gf180mcu_fd_sc_mcu7t5v0__dffq_1)
     6    0.032677    1.576485    3.022637    4.708277 ^ _153_/Q (gf180mcu_fd_sc_mcu7t5v0__dffq_1)
     4    0.027927    1.478169    2.387500    7.095777 ^ _081_/Z (gf180mcu_fd_sc_mcu7t5v0__and4_1)
     1    0.008495    0.838729    0.693086    7.788863 v _083_/ZN (gf180mcu_fd_sc_mcu7t5v0__nand3_1)
     3    0.019190    0.914213    1.869932    9.658795 v _115_/Z (gf180mcu_fd_sc_mcu7t5v0__xor2_1)
     1    0.003077    0.498526    0.588462   10.247256 ^ _130_/ZN (gf180mcu_fd_sc_mcu7t5v0__nand2_1)
                      0.498526    0.000033   10.247290 ^ _159_/D (gf180mcu_fd_sc_mcu7t5v0__dffq_1)
                                             10.247290   data arrival time

                               1000.000000 1000.000000   clock clk (rise edge)
                                  0.000000 1000.000000   clock source latency
     1    0.030784    0.422451    0.186219 1000.186218 ^ clk (in)
     4    0.097550    0.416631    0.731575 1000.917847 ^ clkbuf_0_clk/Z (gf180mcu_fd_sc_mcu7t5v0__clkbuf_16)
     5    0.026722    0.245529    0.605496 1001.523315 ^ clkbuf_2_3__f_clk/Z (gf180mcu_fd_sc_mcu7t5v0__clkbuf_16)
                      0.245529    0.000114 1001.523438 ^ _159_/CLK (gf180mcu_fd_sc_mcu7t5v0__dffq_1)
                                 -0.250000 1001.273438   clock uncertainty
                                  0.096606 1001.370056   clock reconvergence pessimism
                                 -0.839943 1000.530151   library setup time
                                           1000.530151   data required time
---------------------------------------------------------------------------------------------
                                           1000.530151   data required time
                                            -10.247290   data arrival time
---------------------------------------------------------------------------------------------
                                            990.282898   slack (MET)


Startpoint: _153_ (rising edge-triggered flip-flop clocked by clk)
Endpoint: _157_ (rising edge-triggered flip-flop clocked by clk)
Path Group: clk
Path Type: max

Fanout         Cap        Slew       Delay        Time   Description
---------------------------------------------------------------------------------------------
                                  0.000000    0.000000   clock clk (rise edge)
                                  0.000000    0.000000   clock source latency
     1    0.030784    0.422451    0.205788    0.205788 ^ clk (in)
     4    0.097550    0.416631    0.808580    1.014367 ^ clkbuf_0_clk/Z (gf180mcu_fd_sc_mcu7t5v0__clkbuf_16)
     5    0.027271    0.246893    0.671034    1.685402 ^ clkbuf_2_1__f_clk/Z (gf180mcu_fd_sc_mcu7t5v0__clkbuf_16)
                      0.246893    0.000239    1.685640 ^ _153_/CLK (gf180mcu_fd_sc_mcu7t5v0__dffq_1)
     6    0.032677    1.576485    3.022637    4.708277 ^ _153_/Q (gf180mcu_fd_sc_mcu7t5v0__dffq_1)
     4    0.027927    1.478169    2.387500    7.095777 ^ _081_/Z (gf180mcu_fd_sc_mcu7t5v0__and4_1)
     2    0.013500    1.741860    1.659162    8.754939 ^ _110_/Z (gf180mcu_fd_sc_mcu7t5v0__xor2_1)
     2    0.010561    0.797387    0.696438    9.451378 v _111_/ZN (gf180mcu_fd_sc_mcu7t5v0__clkinv_1)
     1    0.002997    0.470173    0.549102   10.000480 ^ _128_/ZN (gf180mcu_fd_sc_mcu7t5v0__nand2_1)
                      0.470173    0.000032   10.000512 ^ _157_/D (gf180mcu_fd_sc_mcu7t5v0__dffq_1)
                                             10.000512   data arrival time

                               1000.000000 1000.000000   clock clk (rise edge)
                                  0.000000 1000.000000   clock source latency
     1    0.030784    0.422451    0.186219 1000.186218 ^ clk (in)
     4    0.097550    0.416631    0.731575 1000.917847 ^ clkbuf_0_clk/Z (gf180mcu_fd_sc_mcu7t5v0__clkbuf_16)
     5    0.026722    0.245529    0.605496 1001.523315 ^ clkbuf_2_3__f_clk/Z (gf180mcu_fd_sc_mcu7t5v0__clkbuf_16)
                      0.245529    0.000114 1001.523438 ^ _157_/CLK (gf180mcu_fd_sc_mcu7t5v0__dffq_1)
                                 -0.250000 1001.273438   clock uncertainty
                                  0.096606 1001.370056   clock reconvergence pessimism
                                 -0.834023 1000.536072   library setup time
                                           1000.536072   data required time
---------------------------------------------------------------------------------------------
                                           1000.536072   data required time
                                            -10.000512   data arrival time
---------------------------------------------------------------------------------------------
                                            990.535583   slack (MET)


Startpoint: _153_ (rising edge-triggered flip-flop clocked by clk)
Endpoint: _158_ (rising edge-triggered flip-flop clocked by clk)
Path Group: clk
Path Type: max

Fanout         Cap        Slew       Delay        Time   Description
---------------------------------------------------------------------------------------------
                                  0.000000    0.000000   clock clk (rise edge)
                                  0.000000    0.000000   clock source latency
     1    0.030784    0.422451    0.205788    0.205788 ^ clk (in)
     4    0.097550    0.416631    0.808580    1.014367 ^ clkbuf_0_clk/Z (gf180mcu_fd_sc_mcu7t5v0__clkbuf_16)
     5    0.027271    0.246893    0.671034    1.685402 ^ clkbuf_2_1__f_clk/Z (gf180mcu_fd_sc_mcu7t5v0__clkbuf_16)
                      0.246893    0.000239    1.685640 ^ _153_/CLK (gf180mcu_fd_sc_mcu7t5v0__dffq_1)
     6    0.032677    1.576485    3.022637    4.708277 ^ _153_/Q (gf180mcu_fd_sc_mcu7t5v0__dffq_1)
     4    0.027927    1.478169    2.387500    7.095777 ^ _081_/Z (gf180mcu_fd_sc_mcu7t5v0__and4_1)
     1    0.007988    0.635824    0.507316    7.603094 v _082_/ZN (gf180mcu_fd_sc_mcu7t5v0__nand2_1)
     3    0.018060    0.907729    1.776841    9.379934 v _113_/Z (gf180mcu_fd_sc_mcu7t5v0__xor2_1)
     1    0.002785    0.484574    0.575960    9.955894 ^ _129_/ZN (gf180mcu_fd_sc_mcu7t5v0__nand2_1)
                      0.484574    0.000029    9.955923 ^ _158_/D (gf180mcu_fd_sc_mcu7t5v0__dffq_1)
                                              9.955923   data arrival time

                               1000.000000 1000.000000   clock clk (rise edge)
                                  0.000000 1000.000000   clock source latency
     1    0.030784    0.422451    0.186219 1000.186218 ^ clk (in)
     4    0.097550    0.416631    0.731575 1000.917847 ^ clkbuf_0_clk/Z (gf180mcu_fd_sc_mcu7t5v0__clkbuf_16)
     5    0.026722    0.245529    0.605496 1001.523315 ^ clkbuf_2_3__f_clk/Z (gf180mcu_fd_sc_mcu7t5v0__clkbuf_16)
                      0.245529    0.000114 1001.523438 ^ _158_/CLK (gf180mcu_fd_sc_mcu7t5v0__dffq_1)
                                 -0.250000 1001.273438   clock uncertainty
                                  0.096606 1001.370056   clock reconvergence pessimism
                                 -0.837030 1000.533020   library setup time
                                           1000.533020   data required time
---------------------------------------------------------------------------------------------
                                           1000.533020   data required time
                                             -9.955923   data arrival time
---------------------------------------------------------------------------------------------
                                            990.577087   slack (MET)


Startpoint: _153_ (rising edge-triggered flip-flop clocked by clk)
Endpoint: _156_ (rising edge-triggered flip-flop clocked by clk)
Path Group: clk
Path Type: max

Fanout         Cap        Slew       Delay        Time   Description
---------------------------------------------------------------------------------------------
                                  0.000000    0.000000   clock clk (rise edge)
                                  0.000000    0.000000   clock source latency
     1    0.030784    0.422451    0.205788    0.205788 ^ clk (in)
     4    0.097550    0.416631    0.808580    1.014367 ^ clkbuf_0_clk/Z (gf180mcu_fd_sc_mcu7t5v0__clkbuf_16)
     5    0.027271    0.246893    0.671034    1.685402 ^ clkbuf_2_1__f_clk/Z (gf180mcu_fd_sc_mcu7t5v0__clkbuf_16)
                      0.246893    0.000239    1.685640 ^ _153_/CLK (gf180mcu_fd_sc_mcu7t5v0__dffq_1)
     6    0.032677    1.576485    3.022637    4.708277 ^ _153_/Q (gf180mcu_fd_sc_mcu7t5v0__dffq_1)
     4    0.026930    1.367150    2.054676    6.762953 ^ _080_/Z (gf180mcu_fd_sc_mcu7t5v0__and3_1)
     3    0.019021    2.220464    1.945124    8.708077 ^ _108_/Z (gf180mcu_fd_sc_mcu7t5v0__xor2_1)
     1    0.002924    0.349402    0.894026    9.602103 ^ _127_/Z (gf180mcu_fd_sc_mcu7t5v0__or2_1)
                      0.349402    0.000032    9.602136 ^ _156_/D (gf180mcu_fd_sc_mcu7t5v0__dffq_1)
                                              9.602136   data arrival time

                               1000.000000 1000.000000   clock clk (rise edge)
                                  0.000000 1000.000000   clock source latency
     1    0.030784    0.422451    0.186219 1000.186218 ^ clk (in)
     4    0.097550    0.416631    0.731575 1000.917847 ^ clkbuf_0_clk/Z (gf180mcu_fd_sc_mcu7t5v0__clkbuf_16)
     5    0.027271    0.246893    0.607088 1001.524902 ^ clkbuf_2_1__f_clk/Z (gf180mcu_fd_sc_mcu7t5v0__clkbuf_16)
                      0.246893    0.000000 1001.524902 ^ _156_/CLK (gf180mcu_fd_sc_mcu7t5v0__dffq_1)
                                 -0.250000 1001.274902   clock uncertainty
                                  0.160514 1001.435425   clock reconvergence pessimism
                                 -0.808395 1000.627014   library setup time
                                           1000.627014   data required time
---------------------------------------------------------------------------------------------
                                           1000.627014   data required time
                                             -9.602136   data arrival time
---------------------------------------------------------------------------------------------
                                            991.024902   slack (MET)


Startpoint: _153_ (rising edge-triggered flip-flop clocked by clk)
Endpoint: _155_ (rising edge-triggered flip-flop clocked by clk)
Path Group: clk
Path Type: max

Fanout         Cap        Slew       Delay        Time   Description
---------------------------------------------------------------------------------------------
                                  0.000000    0.000000   clock clk (rise edge)
                                  0.000000    0.000000   clock source latency
     1    0.030784    0.422451    0.205788    0.205788 ^ clk (in)
     4    0.097550    0.416631    0.808580    1.014367 ^ clkbuf_0_clk/Z (gf180mcu_fd_sc_mcu7t5v0__clkbuf_16)
     5    0.027271    0.246893    0.671034    1.685402 ^ clkbuf_2_1__f_clk/Z (gf180mcu_fd_sc_mcu7t5v0__clkbuf_16)
                      0.246893    0.000239    1.685640 ^ _153_/CLK (gf180mcu_fd_sc_mcu7t5v0__dffq_1)
     6    0.032677    1.576485    3.022637    4.708277 ^ _153_/Q (gf180mcu_fd_sc_mcu7t5v0__dffq_1)
     4    0.026930    1.367150    2.054676    6.762953 ^ _080_/Z (gf180mcu_fd_sc_mcu7t5v0__and3_1)
     1    0.003540    0.694236    0.429853    7.192806 v _126_/ZN (gf180mcu_fd_sc_mcu7t5v0__oai21_1)
                      0.694236    0.000072    7.192878 v _155_/D (gf180mcu_fd_sc_mcu7t5v0__dffq_1)
                                              7.192878   data arrival time

                               1000.000000 1000.000000   clock clk (rise edge)
                                  0.000000 1000.000000   clock source latency
     1    0.030784    0.422451    0.186219 1000.186218 ^ clk (in)
     4    0.097550    0.416631    0.731575 1000.917847 ^ clkbuf_0_clk/Z (gf180mcu_fd_sc_mcu7t5v0__clkbuf_16)
     5    0.027271    0.246893    0.607088 1001.524902 ^ clkbuf_2_1__f_clk/Z (gf180mcu_fd_sc_mcu7t5v0__clkbuf_16)
                      0.246893    0.000114 1001.525024 ^ _155_/CLK (gf180mcu_fd_sc_mcu7t5v0__dffq_1)
                                 -0.250000 1001.275024   clock uncertainty
                                  0.160514 1001.435547   clock reconvergence pessimism
                                 -0.973964 1000.461609   library setup time
                                           1000.461609   data required time
---------------------------------------------------------------------------------------------
                                           1000.461609   data required time
                                             -7.192878   data arrival time
---------------------------------------------------------------------------------------------
                                            993.268738   slack (MET)


Startpoint: _153_ (rising edge-triggered flip-flop clocked by clk)
Endpoint: _154_ (rising edge-triggered flip-flop clocked by clk)
Path Group: clk
Path Type: max

Fanout         Cap        Slew       Delay        Time   Description
---------------------------------------------------------------------------------------------
                                  0.000000    0.000000   clock clk (rise edge)
                                  0.000000    0.000000   clock source latency
     1    0.030784    0.422451    0.205788    0.205788 ^ clk (in)
     4    0.097550    0.416631    0.808580    1.014367 ^ clkbuf_0_clk/Z (gf180mcu_fd_sc_mcu7t5v0__clkbuf_16)
     5    0.027271    0.246893    0.671034    1.685402 ^ clkbuf_2_1__f_clk/Z (gf180mcu_fd_sc_mcu7t5v0__clkbuf_16)
                      0.246893    0.000239    1.685640 ^ _153_/CLK (gf180mcu_fd_sc_mcu7t5v0__dffq_1)
     6    0.032677    1.576485    3.022637    4.708277 ^ _153_/Q (gf180mcu_fd_sc_mcu7t5v0__dffq_1)
     2    0.011733    1.681311    1.441742    6.150019 ^ _105_/ZN (gf180mcu_fd_sc_mcu7t5v0__xnor2_1)
     1    0.002862    0.525307    0.341185    6.491204 v _125_/ZN (gf180mcu_fd_sc_mcu7t5v0__nand2_1)
                      0.525307    0.000030    6.491234 v _154_/D (gf180mcu_fd_sc_mcu7t5v0__dffq_1)
                                              6.491234   data arrival time

                               1000.000000 1000.000000   clock clk (rise edge)
                                  0.000000 1000.000000   clock source latency
     1    0.030784    0.422451    0.186219 1000.186218 ^ clk (in)
     4    0.097550    0.416631    0.731575 1000.917847 ^ clkbuf_0_clk/Z (gf180mcu_fd_sc_mcu7t5v0__clkbuf_16)
     5    0.023816    0.238293    0.599584 1001.517395 ^ clkbuf_2_0__f_clk/Z (gf180mcu_fd_sc_mcu7t5v0__clkbuf_16)
                      0.238293    0.000000 1001.517395 ^ _154_/CLK (gf180mcu_fd_sc_mcu7t5v0__dffq_1)
                                 -0.250000 1001.267395   clock uncertainty
                                  0.096606 1001.364014   clock reconvergence pessimism
                                 -0.919447 1000.444519   library setup time
                                           1000.444519   data required time
---------------------------------------------------------------------------------------------
                                           1000.444519   data required time
                                             -6.491234   data arrival time
---------------------------------------------------------------------------------------------
                                            993.953369   slack (MET)


Startpoint: _153_ (rising edge-triggered flip-flop clocked by clk)
Endpoint: _153_ (rising edge-triggered flip-flop clocked by clk)
Path Group: clk
Path Type: max

Fanout         Cap        Slew       Delay        Time   Description
---------------------------------------------------------------------------------------------
                                  0.000000    0.000000   clock clk (rise edge)
                                  0.000000    0.000000   clock source latency
     1    0.030784    0.422451    0.205788    0.205788 ^ clk (in)
     4    0.097550    0.416631    0.808580    1.014367 ^ clkbuf_0_clk/Z (gf180mcu_fd_sc_mcu7t5v0__clkbuf_16)
     5    0.027271    0.246893    0.671034    1.685402 ^ clkbuf_2_1__f_clk/Z (gf180mcu_fd_sc_mcu7t5v0__clkbuf_16)
                      0.246893    0.000239    1.685640 ^ _153_/CLK (gf180mcu_fd_sc_mcu7t5v0__dffq_1)
     6    0.032677    1.576485    3.022637    4.708277 ^ _153_/Q (gf180mcu_fd_sc_mcu7t5v0__dffq_1)
     1    0.002641    0.493240    0.366115    5.074392 v _124_/ZN (gf180mcu_fd_sc_mcu7t5v0__nand2_1)
                      0.493240    0.000026    5.074418 v _153_/D (gf180mcu_fd_sc_mcu7t5v0__dffq_1)
                                              5.074418   data arrival time

                               1000.000000 1000.000000   clock clk (rise edge)
                                  0.000000 1000.000000   clock source latency
     1    0.030784    0.422451    0.186219 1000.186218 ^ clk (in)
     4    0.097550    0.416631    0.731575 1000.917847 ^ clkbuf_0_clk/Z (gf180mcu_fd_sc_mcu7t5v0__clkbuf_16)
     5    0.027271    0.246893    0.607088 1001.524902 ^ clkbuf_2_1__f_clk/Z (gf180mcu_fd_sc_mcu7t5v0__clkbuf_16)
                      0.246893    0.000227 1001.525146 ^ _153_/CLK (gf180mcu_fd_sc_mcu7t5v0__dffq_1)
                                 -0.250000 1001.275146   clock uncertainty
                                  0.160537 1001.435669   clock reconvergence pessimism
                                 -0.907450 1000.528198   library setup time
                                           1000.528198   data required time
---------------------------------------------------------------------------------------------
                                           1000.528198   data required time
                                             -5.074418   data arrival time
---------------------------------------------------------------------------------------------
                                            995.453796   slack (MET)


R2R_END_SETUP max_ss_125C_3v00
R2R_BEGIN_HOLD max_ss_125C_3v00
Startpoint: _170_ (rising edge-triggered flip-flop clocked by clk)
Endpoint: _170_ (rising edge-triggered flip-flop clocked by clk)
Path Group: clk
Path Type: min

Fanout         Cap        Slew       Delay        Time   Description
---------------------------------------------------------------------------------------------
                                  0.000000    0.000000   clock clk (rise edge)
                                  0.000000    0.000000   clock source latency
     1    0.030784    0.422451    0.186189    0.186189 ^ clk (in)
     4    0.097550    0.416631    0.731572    0.917761 ^ clkbuf_0_clk/Z (gf180mcu_fd_sc_mcu7t5v0__clkbuf_16)
     5    0.026378    0.244674    0.604815    1.522576 ^ clkbuf_2_2__f_clk/Z (gf180mcu_fd_sc_mcu7t5v0__clkbuf_16)
                      0.244674    0.000207    1.522783 ^ _170_/CLK (gf180mcu_fd_sc_mcu7t5v0__dffq_1)
     2    0.011758    0.421949    1.894982    3.417765 v _170_/Q (gf180mcu_fd_sc_mcu7t5v0__dffq_1)
     1    0.005259    0.444742    0.394588    3.812353 ^ _100_/ZN (gf180mcu_fd_sc_mcu7t5v0__nand2_1)
     1    0.002733    0.295186    0.278060    4.090413 v _151_/ZN (gf180mcu_fd_sc_mcu7t5v0__aoi21_1)
                      0.295186    0.000025    4.090438 v _170_/D (gf180mcu_fd_sc_mcu7t5v0__dffq_1)
                                              4.090438   data arrival time

                                  0.000000    0.000000   clock clk (rise edge)
                                  0.000000    0.000000   clock source latency
     1    0.030784    0.422451    0.205788    0.205788 ^ clk (in)
     4    0.097550    0.416631    0.808580    1.014367 ^ clkbuf_0_clk/Z (gf180mcu_fd_sc_mcu7t5v0__clkbuf_16)
     5    0.026378    0.244674    0.668480    1.682847 ^ clkbuf_2_2__f_clk/Z (gf180mcu_fd_sc_mcu7t5v0__clkbuf_16)
                      0.244674    0.000229    1.683076 ^ _170_/CLK (gf180mcu_fd_sc_mcu7t5v0__dffq_1)
                                  0.250000    1.933076   clock uncertainty
                                 -0.160293    1.772783   clock reconvergence pessimism
                                  0.099102    1.871885   library hold time
                                              1.871885   data required time
---------------------------------------------------------------------------------------------
                                              1.871885   data required time
                                             -4.090438   data arrival time
---------------------------------------------------------------------------------------------
                                              2.218553   slack (MET)


Startpoint: _153_ (rising edge-triggered flip-flop clocked by clk)
Endpoint: _153_ (rising edge-triggered flip-flop clocked by clk)
Path Group: clk
Path Type: min

Fanout         Cap        Slew       Delay        Time   Description
---------------------------------------------------------------------------------------------
                                  0.000000    0.000000   clock clk (rise edge)
                                  0.000000    0.000000   clock source latency
     1    0.030784    0.422451    0.186189    0.186189 ^ clk (in)
     4    0.097550    0.416631    0.731572    0.917761 ^ clkbuf_0_clk/Z (gf180mcu_fd_sc_mcu7t5v0__clkbuf_16)
     5    0.027271    0.246893    0.607126    1.524887 ^ clkbuf_2_1__f_clk/Z (gf180mcu_fd_sc_mcu7t5v0__clkbuf_16)
                      0.246893    0.000216    1.525103 ^ _153_/CLK (gf180mcu_fd_sc_mcu7t5v0__dffq_1)
     6    0.032677    0.821713    2.184215    3.709318 v _153_/Q (gf180mcu_fd_sc_mcu7t5v0__dffq_1)
     1    0.002641    0.407385    0.425632    4.134950 ^ _124_/ZN (gf180mcu_fd_sc_mcu7t5v0__nand2_1)
                      0.407385    0.000024    4.134974 ^ _153_/D (gf180mcu_fd_sc_mcu7t5v0__dffq_1)
                                              4.134974   data arrival time

                                  0.000000    0.000000   clock clk (rise edge)
                                  0.000000    0.000000   clock source latency
     1    0.030784    0.422451    0.205788    0.205788 ^ clk (in)
     4    0.097550    0.416631    0.808580    1.014367 ^ clkbuf_0_clk/Z (gf180mcu_fd_sc_mcu7t5v0__clkbuf_16)
     5    0.027271    0.246893    0.671034    1.685402 ^ clkbuf_2_1__f_clk/Z (gf180mcu_fd_sc_mcu7t5v0__clkbuf_16)
                      0.246893    0.000239    1.685640 ^ _153_/CLK (gf180mcu_fd_sc_mcu7t5v0__dffq_1)
                                  0.250000    1.935640   clock uncertainty
                                 -0.160537    1.775103   clock reconvergence pessimism
                                  0.042121    1.817224   library hold time
                                              1.817224   data required time
---------------------------------------------------------------------------------------------
                                              1.817224   data required time
                                             -4.134974   data arrival time
---------------------------------------------------------------------------------------------
                                              2.317749   slack (MET)


Startpoint: _169_ (rising edge-triggered flip-flop clocked by clk)
Endpoint: _169_ (rising edge-triggered flip-flop clocked by clk)
Path Group: clk
Path Type: min

Fanout         Cap        Slew       Delay        Time   Description
---------------------------------------------------------------------------------------------
                                  0.000000    0.000000   clock clk (rise edge)
                                  0.000000    0.000000   clock source latency
     1    0.030784    0.422451    0.186189    0.186189 ^ clk (in)
     4    0.097550    0.416631    0.731572    0.917761 ^ clkbuf_0_clk/Z (gf180mcu_fd_sc_mcu7t5v0__clkbuf_16)
     5    0.026378    0.244674    0.604815    1.522576 ^ clkbuf_2_2__f_clk/Z (gf180mcu_fd_sc_mcu7t5v0__clkbuf_16)
                      0.244674    0.000404    1.522979 ^ _169_/CLK (gf180mcu_fd_sc_mcu7t5v0__dffq_1)
     2    0.010611    0.396968    1.874621    3.397600 v _169_/Q (gf180mcu_fd_sc_mcu7t5v0__dffq_1)
     1    0.005140    0.693919    0.620988    4.018588 ^ _149_/ZN (gf180mcu_fd_sc_mcu7t5v0__oai21_1)
     1    0.002824    0.349220    0.334674    4.353262 v _150_/ZN (gf180mcu_fd_sc_mcu7t5v0__nor2_1)
                      0.349220    0.000026    4.353288 v _169_/D (gf180mcu_fd_sc_mcu7t5v0__dffq_1)
                                              4.353288   data arrival time

                                  0.000000    0.000000   clock clk (rise edge)
                                  0.000000    0.000000   clock source latency
     1    0.030784    0.422451    0.205788    0.205788 ^ clk (in)
     4    0.097550    0.416631    0.808580    1.014367 ^ clkbuf_0_clk/Z (gf180mcu_fd_sc_mcu7t5v0__clkbuf_16)
     5    0.026378    0.244674    0.668480    1.682847 ^ clkbuf_2_2__f_clk/Z (gf180mcu_fd_sc_mcu7t5v0__clkbuf_16)
                      0.244674    0.000446    1.683293 ^ _169_/CLK (gf180mcu_fd_sc_mcu7t5v0__dffq_1)
                                  0.250000    1.933293   clock uncertainty
                                 -0.160314    1.772979   clock reconvergence pessimism
                                  0.086955    1.859934   library hold time
                                              1.859934   data required time
---------------------------------------------------------------------------------------------
                                              1.859934   data required time
                                             -4.353288   data arrival time
---------------------------------------------------------------------------------------------
                                              2.493353   slack (MET)


Startpoint: _168_ (rising edge-triggered flip-flop clocked by clk)
Endpoint: _168_ (rising edge-triggered flip-flop clocked by clk)
Path Group: clk
Path Type: min

Fanout         Cap        Slew       Delay        Time   Description
---------------------------------------------------------------------------------------------
                                  0.000000    0.000000   clock clk (rise edge)
                                  0.000000    0.000000   clock source latency
     1    0.030784    0.422451    0.186189    0.186189 ^ clk (in)
     4    0.097550    0.416631    0.731572    0.917761 ^ clkbuf_0_clk/Z (gf180mcu_fd_sc_mcu7t5v0__clkbuf_16)
     5    0.026378    0.244674    0.604815    1.522576 ^ clkbuf_2_2__f_clk/Z (gf180mcu_fd_sc_mcu7t5v0__clkbuf_16)
                      0.244674    0.000435    1.523011 ^ _168_/CLK (gf180mcu_fd_sc_mcu7t5v0__dffq_1)
     3    0.024378    0.659593    2.073043    3.596054 v _168_/Q (gf180mcu_fd_sc_mcu7t5v0__dffq_1)
     1    0.004720    0.626503    0.541741    4.137795 ^ _147_/ZN (gf180mcu_fd_sc_mcu7t5v0__aoi22_1)
     1    0.002641    0.329697    0.322070    4.459866 v _148_/ZN (gf180mcu_fd_sc_mcu7t5v0__nor2_1)
                      0.329697    0.000024    4.459889 v _168_/D (gf180mcu_fd_sc_mcu7t5v0__dffq_1)
                                              4.459889   data arrival time

                                  0.000000    0.000000   clock clk (rise edge)
                                  0.000000    0.000000   clock source latency
     1    0.030784    0.422451    0.205788    0.205788 ^ clk (in)
     4    0.097550    0.416631    0.808580    1.014367 ^ clkbuf_0_clk/Z (gf180mcu_fd_sc_mcu7t5v0__clkbuf_16)
     5    0.026378    0.244674    0.668480    1.682847 ^ clkbuf_2_2__f_clk/Z (gf180mcu_fd_sc_mcu7t5v0__clkbuf_16)
                      0.244674    0.000481    1.683328 ^ _168_/CLK (gf180mcu_fd_sc_mcu7t5v0__dffq_1)
                                  0.250000    1.933328   clock uncertainty
                                 -0.160317    1.773011   clock reconvergence pessimism
                                  0.091344    1.864355   library hold time
                                              1.864355   data required time
---------------------------------------------------------------------------------------------
                                              1.864355   data required time
                                             -4.459889   data arrival time
---------------------------------------------------------------------------------------------
                                              2.595535   slack (MET)


Startpoint: _167_ (rising edge-triggered flip-flop clocked by clk)
Endpoint: _167_ (rising edge-triggered flip-flop clocked by clk)
Path Group: clk
Path Type: min

Fanout         Cap        Slew       Delay        Time   Description
---------------------------------------------------------------------------------------------
                                  0.000000    0.000000   clock clk (rise edge)
                                  0.000000    0.000000   clock source latency
     1    0.030784    0.422451    0.186189    0.186189 ^ clk (in)
     4    0.097550    0.416631    0.731572    0.917761 ^ clkbuf_0_clk/Z (gf180mcu_fd_sc_mcu7t5v0__clkbuf_16)
     5    0.026378    0.244674    0.604815    1.522576 ^ clkbuf_2_2__f_clk/Z (gf180mcu_fd_sc_mcu7t5v0__clkbuf_16)
                      0.244674    0.000305    1.522881 ^ _167_/CLK (gf180mcu_fd_sc_mcu7t5v0__dffq_1)
     3    0.024027    0.652874    2.068089    3.590969 v _167_/Q (gf180mcu_fd_sc_mcu7t5v0__dffq_1)
     1    0.005162    0.652732    0.556291    4.147260 ^ _145_/ZN (gf180mcu_fd_sc_mcu7t5v0__aoi22_1)
     1    0.003069    0.346608    0.334940    4.482200 v _146_/ZN (gf180mcu_fd_sc_mcu7t5v0__nor2_1)
                      0.346608    0.000029    4.482229 v _167_/D (gf180mcu_fd_sc_mcu7t5v0__dffq_1)
                                              4.482229   data arrival time

                                  0.000000    0.000000   clock clk (rise edge)
                                  0.000000    0.000000   clock source latency
     1    0.030784    0.422451    0.205788    0.205788 ^ clk (in)
     4    0.097550    0.416631    0.808580    1.014367 ^ clkbuf_0_clk/Z (gf180mcu_fd_sc_mcu7t5v0__clkbuf_16)
     5    0.026378    0.244674    0.668480    1.682847 ^ clkbuf_2_2__f_clk/Z (gf180mcu_fd_sc_mcu7t5v0__clkbuf_16)
                      0.244674    0.000337    1.683184 ^ _167_/CLK (gf180mcu_fd_sc_mcu7t5v0__dffq_1)
                                  0.250000    1.933184   clock uncertainty
                                 -0.160303    1.772881   clock reconvergence pessimism
                                  0.087542    1.860423   library hold time
                                              1.860423   data required time
---------------------------------------------------------------------------------------------
                                              1.860423   data required time
                                             -4.482229   data arrival time
---------------------------------------------------------------------------------------------
                                              2.621806   slack (MET)


Startpoint: _161_ (rising edge-triggered flip-flop clocked by clk)
Endpoint: _161_ (rising edge-triggered flip-flop clocked by clk)
Path Group: clk
Path Type: min

Fanout         Cap        Slew       Delay        Time   Description
---------------------------------------------------------------------------------------------
                                  0.000000    0.000000   clock clk (rise edge)
                                  0.000000    0.000000   clock source latency
     1    0.030784    0.422451    0.186189    0.186189 ^ clk (in)
     4    0.097550    0.416631    0.731572    0.917761 ^ clkbuf_0_clk/Z (gf180mcu_fd_sc_mcu7t5v0__clkbuf_16)
     5    0.023816    0.238293    0.599594    1.517356 ^ clkbuf_2_0__f_clk/Z (gf180mcu_fd_sc_mcu7t5v0__clkbuf_16)
                      0.238293    0.000192    1.517547 ^ _161_/CLK (gf180mcu_fd_sc_mcu7t5v0__dffq_1)
     2    0.015530    0.493386    1.947135    3.464682 v _161_/Q (gf180mcu_fd_sc_mcu7t5v0__dffq_1)
     1    0.004479    0.729776    0.548440    4.013123 ^ _132_/ZN (gf180mcu_fd_sc_mcu7t5v0__nor2_1)
     1    0.002933    0.382177    0.461605    4.474727 v _133_/ZN (gf180mcu_fd_sc_mcu7t5v0__aoi211_1)
                      0.382177    0.000028    4.474755 v _161_/D (gf180mcu_fd_sc_mcu7t5v0__dffq_1)
                                              4.474755   data arrival time

                                  0.000000    0.000000   clock clk (rise edge)
                                  0.000000    0.000000   clock source latency
     1    0.030784    0.422451    0.205788    0.205788 ^ clk (in)
     4    0.097550    0.416631    0.808580    1.014367 ^ clkbuf_0_clk/Z (gf180mcu_fd_sc_mcu7t5v0__clkbuf_16)
     5    0.023816    0.238293    0.662710    1.677077 ^ clkbuf_2_0__f_clk/Z (gf180mcu_fd_sc_mcu7t5v0__clkbuf_16)
                      0.238293    0.000212    1.677289 ^ _161_/CLK (gf180mcu_fd_sc_mcu7t5v0__dffq_1)
                                  0.250000    1.927289   clock uncertainty
                                 -0.159742    1.767547   clock reconvergence pessimism
                                  0.077992    1.845539   library hold time
                                              1.845539   data required time
---------------------------------------------------------------------------------------------
                                              1.845539   data required time
                                             -4.474755   data arrival time
---------------------------------------------------------------------------------------------
                                              2.629216   slack (MET)


Startpoint: _164_ (rising edge-triggered flip-flop clocked by clk)
Endpoint: _164_ (rising edge-triggered flip-flop clocked by clk)
Path Group: clk
Path Type: min

Fanout         Cap        Slew       Delay        Time   Description
---------------------------------------------------------------------------------------------
                                  0.000000    0.000000   clock clk (rise edge)
                                  0.000000    0.000000   clock source latency
     1    0.030784    0.422451    0.186189    0.186189 ^ clk (in)
     4    0.097550    0.416631    0.731572    0.917761 ^ clkbuf_0_clk/Z (gf180mcu_fd_sc_mcu7t5v0__clkbuf_16)
     5    0.023816    0.238293    0.599594    1.517356 ^ clkbuf_2_0__f_clk/Z (gf180mcu_fd_sc_mcu7t5v0__clkbuf_16)
                      0.238293    0.000134    1.517490 ^ _164_/CLK (gf180mcu_fd_sc_mcu7t5v0__dffq_1)
     2    0.012313    0.433500    1.902065    3.419555 v _164_/Q (gf180mcu_fd_sc_mcu7t5v0__dffq_1)
     1    0.006918    0.761716    0.715799    4.135355 ^ _138_/ZN (gf180mcu_fd_sc_mcu7t5v0__oai21_1)
     1    0.002705    0.339470    0.405642    4.540996 v _139_/ZN (gf180mcu_fd_sc_mcu7t5v0__aoi21_1)
                      0.339470    0.000024    4.541020 v _164_/D (gf180mcu_fd_sc_mcu7t5v0__dffq_1)
                                              4.541020   data arrival time

                                  0.000000    0.000000   clock clk (rise edge)
                                  0.000000    0.000000   clock source latency
     1    0.030784    0.422451    0.205788    0.205788 ^ clk (in)
     4    0.097550    0.416631    0.808580    1.014367 ^ clkbuf_0_clk/Z (gf180mcu_fd_sc_mcu7t5v0__clkbuf_16)
     5    0.023816    0.238293    0.662710    1.677077 ^ clkbuf_2_0__f_clk/Z (gf180mcu_fd_sc_mcu7t5v0__clkbuf_16)
                      0.238293    0.000149    1.677226 ^ _164_/CLK (gf180mcu_fd_sc_mcu7t5v0__dffq_1)
                                  0.250000    1.927226   clock uncertainty
                                 -0.159736    1.767490   clock reconvergence pessimism
                                  0.087581    1.855071   library hold time
                                              1.855071   data required time
---------------------------------------------------------------------------------------------
                                              1.855071   data required time
                                             -4.541020   data arrival time
---------------------------------------------------------------------------------------------
                                              2.685950   slack (MET)


Startpoint: _162_ (rising edge-triggered flip-flop clocked by clk)
Endpoint: _162_ (rising edge-triggered flip-flop clocked by clk)
Path Group: clk
Path Type: min

Fanout         Cap        Slew       Delay        Time   Description
---------------------------------------------------------------------------------------------
                                  0.000000    0.000000   clock clk (rise edge)
                                  0.000000    0.000000   clock source latency
     1    0.030784    0.422451    0.186189    0.186189 ^ clk (in)
     4    0.097550    0.416631    0.731572    0.917761 ^ clkbuf_0_clk/Z (gf180mcu_fd_sc_mcu7t5v0__clkbuf_16)
     5    0.023816    0.238293    0.599594    1.517356 ^ clkbuf_2_0__f_clk/Z (gf180mcu_fd_sc_mcu7t5v0__clkbuf_16)
                      0.238293    0.000195    1.517551 ^ _162_/CLK (gf180mcu_fd_sc_mcu7t5v0__dffq_1)
     3    0.014689    0.477738    1.935423    3.452974 v _162_/Q (gf180mcu_fd_sc_mcu7t5v0__dffq_1)
     1    0.005196    0.791071    0.578217    4.031191 ^ _134_/ZN (gf180mcu_fd_sc_mcu7t5v0__nor2_1)
     1    0.003449    0.443895    0.487172    4.518363 v _135_/ZN (gf180mcu_fd_sc_mcu7t5v0__aoi211_1)
                      0.443895    0.000035    4.518398 v _162_/D (gf180mcu_fd_sc_mcu7t5v0__dffq_1)
                                              4.518398   data arrival time

                                  0.000000    0.000000   clock clk (rise edge)
                                  0.000000    0.000000   clock source latency
     1    0.030784    0.422451    0.205788    0.205788 ^ clk (in)
     4    0.097550    0.416631    0.808580    1.014367 ^ clkbuf_0_clk/Z (gf180mcu_fd_sc_mcu7t5v0__clkbuf_16)
     5    0.023816    0.238293    0.662710    1.677077 ^ clkbuf_2_0__f_clk/Z (gf180mcu_fd_sc_mcu7t5v0__clkbuf_16)
                      0.238293    0.000216    1.677293 ^ _162_/CLK (gf180mcu_fd_sc_mcu7t5v0__dffq_1)
                                  0.250000    1.927293   clock uncertainty
                                 -0.159742    1.767551   clock reconvergence pessimism
                                  0.064134    1.831685   library hold time
                                              1.831685   data required time
---------------------------------------------------------------------------------------------
                                              1.831685   data required time
                                             -4.518398   data arrival time
---------------------------------------------------------------------------------------------
                                              2.686714   slack (MET)


Startpoint: _163_ (rising edge-triggered flip-flop clocked by clk)
Endpoint: _163_ (rising edge-triggered flip-flop clocked by clk)
Path Group: clk
Path Type: min

Fanout         Cap        Slew       Delay        Time   Description
---------------------------------------------------------------------------------------------
                                  0.000000    0.000000   clock clk (rise edge)
                                  0.000000    0.000000   clock source latency
     1    0.030784    0.422451    0.186189    0.186189 ^ clk (in)
     4    0.097550    0.416631    0.731572    0.917761 ^ clkbuf_0_clk/Z (gf180mcu_fd_sc_mcu7t5v0__clkbuf_16)
     5    0.023816    0.238293    0.599594    1.517356 ^ clkbuf_2_0__f_clk/Z (gf180mcu_fd_sc_mcu7t5v0__clkbuf_16)
                      0.238293    0.000104    1.517460 ^ _163_/CLK (gf180mcu_fd_sc_mcu7t5v0__dffq_1)
     3    0.019833    0.573607    2.007597    3.525057 v _163_/Q (gf180mcu_fd_sc_mcu7t5v0__dffq_1)
     1    0.005006    0.687406    0.661574    4.186631 ^ _136_/ZN (gf180mcu_fd_sc_mcu7t5v0__oai21_1)
     1    0.003274    0.328866    0.406445    4.593076 v _137_/ZN (gf180mcu_fd_sc_mcu7t5v0__aoi21_1)
                      0.328866    0.000033    4.593110 v _163_/D (gf180mcu_fd_sc_mcu7t5v0__dffq_1)
                                              4.593110   data arrival time

                                  0.000000    0.000000   clock clk (rise edge)
                                  0.000000    0.000000   clock source latency
     1    0.030784    0.422451    0.205788    0.205788 ^ clk (in)
     4    0.097550    0.416631    0.808580    1.014367 ^ clkbuf_0_clk/Z (gf180mcu_fd_sc_mcu7t5v0__clkbuf_16)
     5    0.023816    0.238293    0.662710    1.677077 ^ clkbuf_2_0__f_clk/Z (gf180mcu_fd_sc_mcu7t5v0__clkbuf_16)
                      0.238293    0.000115    1.677192 ^ _163_/CLK (gf180mcu_fd_sc_mcu7t5v0__dffq_1)
                                  0.250000    1.927192   clock uncertainty
                                 -0.159732    1.767460   clock reconvergence pessimism
                                  0.089962    1.857422   library hold time
                                              1.857422   data required time
---------------------------------------------------------------------------------------------
                                              1.857422   data required time
                                             -4.593110   data arrival time
---------------------------------------------------------------------------------------------
                                              2.735687   slack (MET)


Startpoint: _166_ (rising edge-triggered flip-flop clocked by clk)
Endpoint: _166_ (rising edge-triggered flip-flop clocked by clk)
Path Group: clk
Path Type: min

Fanout         Cap        Slew       Delay        Time   Description
---------------------------------------------------------------------------------------------
                                  0.000000    0.000000   clock clk (rise edge)
                                  0.000000    0.000000   clock source latency
     1    0.030784    0.422451    0.186189    0.186189 ^ clk (in)
     4    0.097550    0.416631    0.731572    0.917761 ^ clkbuf_0_clk/Z (gf180mcu_fd_sc_mcu7t5v0__clkbuf_16)
     5    0.027271    0.246893    0.607126    1.524887 ^ clkbuf_2_1__f_clk/Z (gf180mcu_fd_sc_mcu7t5v0__clkbuf_16)
                      0.246893    0.000292    1.525179 ^ _166_/CLK (gf180mcu_fd_sc_mcu7t5v0__dffq_1)
     3    0.018240    0.543917    1.987518    3.512697 v _166_/Q (gf180mcu_fd_sc_mcu7t5v0__dffq_1)
     1    0.005253    0.799723    0.599496    4.112193 ^ _142_/ZN (gf180mcu_fd_sc_mcu7t5v0__nor2_1)
     1    0.003312    0.457127    0.485314    4.597507 v _143_/ZN (gf180mcu_fd_sc_mcu7t5v0__aoi211_1)
                      0.457127    0.000034    4.597541 v _166_/D (gf180mcu_fd_sc_mcu7t5v0__dffq_1)
                                              4.597541   data arrival time

                                  0.000000    0.000000   clock clk (rise edge)
                                  0.000000    0.000000   clock source latency
     1    0.030784    0.422451    0.205788    0.205788 ^ clk (in)
     4    0.097550    0.416631    0.808580    1.014367 ^ clkbuf_0_clk/Z (gf180mcu_fd_sc_mcu7t5v0__clkbuf_16)
     5    0.027271    0.246893    0.671034    1.685402 ^ clkbuf_2_1__f_clk/Z (gf180mcu_fd_sc_mcu7t5v0__clkbuf_16)
                      0.246893    0.000323    1.685724 ^ _166_/CLK (gf180mcu_fd_sc_mcu7t5v0__dffq_1)
                                  0.250000    1.935724   clock uncertainty
                                 -0.160545    1.775179   clock reconvergence pessimism
                                  0.063231    1.838410   library hold time
                                              1.838410   data required time
---------------------------------------------------------------------------------------------
                                              1.838410   data required time
                                             -4.597541   data arrival time
---------------------------------------------------------------------------------------------
                                              2.759131   slack (MET)


Startpoint: _165_ (rising edge-triggered flip-flop clocked by clk)
Endpoint: _165_ (rising edge-triggered flip-flop clocked by clk)
Path Group: clk
Path Type: min

Fanout         Cap        Slew       Delay        Time   Description
---------------------------------------------------------------------------------------------
                                  0.000000    0.000000   clock clk (rise edge)
                                  0.000000    0.000000   clock source latency
     1    0.030784    0.422451    0.186189    0.186189 ^ clk (in)
     4    0.097550    0.416631    0.731572    0.917761 ^ clkbuf_0_clk/Z (gf180mcu_fd_sc_mcu7t5v0__clkbuf_16)
     5    0.027271    0.246893    0.607126    1.524887 ^ clkbuf_2_1__f_clk/Z (gf180mcu_fd_sc_mcu7t5v0__clkbuf_16)
                      0.246893    0.000246    1.525133 ^ _165_/CLK (gf180mcu_fd_sc_mcu7t5v0__dffq_1)
     3    0.018278    0.544597    1.987964    3.513097 v _165_/Q (gf180mcu_fd_sc_mcu7t5v0__dffq_1)
     1    0.006422    0.741161    0.721496    4.234593 ^ _140_/ZN (gf180mcu_fd_sc_mcu7t5v0__oai21_1)
     1    0.003375    0.368497    0.418364    4.652956 v _141_/ZN (gf180mcu_fd_sc_mcu7t5v0__aoi21_1)
                      0.368497    0.000061    4.653017 v _165_/D (gf180mcu_fd_sc_mcu7t5v0__dffq_1)
                                              4.653017   data arrival time

                                  0.000000    0.000000   clock clk (rise edge)
                                  0.000000    0.000000   clock source latency
     1    0.030784    0.422451    0.205788    0.205788 ^ clk (in)
     4    0.097550    0.416631    0.808580    1.014367 ^ clkbuf_0_clk/Z (gf180mcu_fd_sc_mcu7t5v0__clkbuf_16)
     5    0.027271    0.246893    0.671034    1.685402 ^ clkbuf_2_1__f_clk/Z (gf180mcu_fd_sc_mcu7t5v0__clkbuf_16)
                      0.246893    0.000271    1.685673 ^ _165_/CLK (gf180mcu_fd_sc_mcu7t5v0__dffq_1)
                                  0.250000    1.935673   clock uncertainty
                                 -0.160540    1.775133   clock reconvergence pessimism
                                  0.083163    1.858296   library hold time
                                              1.858296   data required time
---------------------------------------------------------------------------------------------
                                              1.858296   data required time
                                             -4.653017   data arrival time
---------------------------------------------------------------------------------------------
                                              2.794721   slack (MET)


Startpoint: _170_ (rising edge-triggered flip-flop clocked by clk)
Endpoint: _152_ (rising edge-triggered flip-flop clocked by clk)
Path Group: clk
Path Type: min

Fanout         Cap        Slew       Delay        Time   Description
---------------------------------------------------------------------------------------------
                                  0.000000    0.000000   clock clk (rise edge)
                                  0.000000    0.000000   clock source latency
     1    0.030784    0.422451    0.186189    0.186189 ^ clk (in)
     4    0.097550    0.416631    0.731572    0.917761 ^ clkbuf_0_clk/Z (gf180mcu_fd_sc_mcu7t5v0__clkbuf_16)
     5    0.026378    0.244674    0.604815    1.522576 ^ clkbuf_2_2__f_clk/Z (gf180mcu_fd_sc_mcu7t5v0__clkbuf_16)
                      0.244674    0.000207    1.522783 ^ _170_/CLK (gf180mcu_fd_sc_mcu7t5v0__dffq_1)
     2    0.011758    0.421949    1.894982    3.417765 v _170_/Q (gf180mcu_fd_sc_mcu7t5v0__dffq_1)
     1    0.012744    1.268822    0.916622    4.334387 ^ _122_/ZN (gf180mcu_fd_sc_mcu7t5v0__oai211_1)
     1    0.003306    0.346892    0.338231    4.672618 v _123_/ZN (gf180mcu_fd_sc_mcu7t5v0__aoi21_1)
                      0.346892    0.000058    4.672676 v _152_/D (gf180mcu_fd_sc_mcu7t5v0__dffq_1)
                                              4.672676   data arrival time

                                  0.000000    0.000000   clock clk (rise edge)
                                  0.000000    0.000000   clock source latency
     1    0.030784    0.422451    0.205788    0.205788 ^ clk (in)
     4    0.097550    0.416631    0.808580    1.014367 ^ clkbuf_0_clk/Z (gf180mcu_fd_sc_mcu7t5v0__clkbuf_16)
     5    0.026378    0.244674    0.668480    1.682847 ^ clkbuf_2_2__f_clk/Z (gf180mcu_fd_sc_mcu7t5v0__clkbuf_16)
                      0.244674    0.000217    1.683064 ^ _152_/CLK (gf180mcu_fd_sc_mcu7t5v0__dffq_1)
                                  0.250000    1.933064   clock uncertainty
                                 -0.160271    1.772793   clock reconvergence pessimism
                                  0.087478    1.860272   library hold time
                                              1.860272   data required time
---------------------------------------------------------------------------------------------
                                              1.860272   data required time
                                             -4.672676   data arrival time
---------------------------------------------------------------------------------------------
                                              2.812404   slack (MET)


Startpoint: _155_ (rising edge-triggered flip-flop clocked by clk)
Endpoint: _155_ (rising edge-triggered flip-flop clocked by clk)
Path Group: clk
Path Type: min

Fanout         Cap        Slew       Delay        Time   Description
---------------------------------------------------------------------------------------------
                                  0.000000    0.000000   clock clk (rise edge)
                                  0.000000    0.000000   clock source latency
     1    0.030784    0.422451    0.186189    0.186189 ^ clk (in)
     4    0.097550    0.416631    0.731572    0.917761 ^ clkbuf_0_clk/Z (gf180mcu_fd_sc_mcu7t5v0__clkbuf_16)
     5    0.027271    0.246893    0.607126    1.524887 ^ clkbuf_2_1__f_clk/Z (gf180mcu_fd_sc_mcu7t5v0__clkbuf_16)
                      0.246893    0.000141    1.525028 ^ _155_/CLK (gf180mcu_fd_sc_mcu7t5v0__dffq_1)
     3    0.011945    0.426389    1.898892    3.423920 v _155_/Q (gf180mcu_fd_sc_mcu7t5v0__dffq_1)
     3    0.017164    1.486448    1.047582    4.471502 ^ _101_/ZN (gf180mcu_fd_sc_mcu7t5v0__aoi21_1)
     1    0.003540    0.516678    0.480158    4.951660 v _126_/ZN (gf180mcu_fd_sc_mcu7t5v0__oai21_1)
                      0.516678    0.000065    4.951725 v _155_/D (gf180mcu_fd_sc_mcu7t5v0__dffq_1)
                                              4.951725   data arrival time

                                  0.000000    0.000000   clock clk (rise edge)
                                  0.000000    0.000000   clock source latency
     1    0.030784    0.422451    0.205788    0.205788 ^ clk (in)
     4    0.097550    0.416631    0.808580    1.014367 ^ clkbuf_0_clk/Z (gf180mcu_fd_sc_mcu7t5v0__clkbuf_16)
     5    0.027271    0.246893    0.671034    1.685402 ^ clkbuf_2_1__f_clk/Z (gf180mcu_fd_sc_mcu7t5v0__clkbuf_16)
                      0.246893    0.000156    1.685557 ^ _155_/CLK (gf180mcu_fd_sc_mcu7t5v0__dffq_1)
                                  0.250000    1.935557   clock uncertainty
                                 -0.160529    1.775028   clock reconvergence pessimism
                                  0.048793    1.823821   library hold time
                                              1.823821   data required time
---------------------------------------------------------------------------------------------
                                              1.823821   data required time
                                             -4.951725   data arrival time
---------------------------------------------------------------------------------------------
                                              3.127904   slack (MET)


Startpoint: _159_ (rising edge-triggered flip-flop clocked by clk)
Endpoint: _159_ (rising edge-triggered flip-flop clocked by clk)
Path Group: clk
Path Type: min

Fanout         Cap        Slew       Delay        Time   Description
---------------------------------------------------------------------------------------------
                                  0.000000    0.000000   clock clk (rise edge)
                                  0.000000    0.000000   clock source latency
     1    0.030784    0.422451    0.186189    0.186189 ^ clk (in)
     4    0.097550    0.416631    0.731572    0.917761 ^ clkbuf_0_clk/Z (gf180mcu_fd_sc_mcu7t5v0__clkbuf_16)
     5    0.026722    0.245529    0.605565    1.523326 ^ clkbuf_2_3__f_clk/Z (gf180mcu_fd_sc_mcu7t5v0__clkbuf_16)
                      0.245529    0.000068    1.523394 ^ _159_/CLK (gf180mcu_fd_sc_mcu7t5v0__dffq_1)
     2    0.013463    0.755934    2.280639    3.804033 ^ _159_/Q (gf180mcu_fd_sc_mcu7t5v0__dffq_1)
     3    0.019190    0.843916    0.707906    4.511939 v _115_/Z (gf180mcu_fd_sc_mcu7t5v0__xor2_1)
     1    0.003077    0.444800    0.512568    5.024506 ^ _130_/ZN (gf180mcu_fd_sc_mcu7t5v0__nand2_1)
                      0.444800    0.000030    5.024536 ^ _159_/D (gf180mcu_fd_sc_mcu7t5v0__dffq_1)
                                              5.024536   data arrival time

                                  0.000000    0.000000   clock clk (rise edge)
                                  0.000000    0.000000   clock source latency
     1    0.030784    0.422451    0.205788    0.205788 ^ clk (in)
     4    0.097550    0.416631    0.808580    1.014367 ^ clkbuf_0_clk/Z (gf180mcu_fd_sc_mcu7t5v0__clkbuf_16)
     5    0.026722    0.245529    0.669309    1.683676 ^ clkbuf_2_3__f_clk/Z (gf180mcu_fd_sc_mcu7t5v0__clkbuf_16)
                      0.245529    0.000075    1.683751 ^ _159_/CLK (gf180mcu_fd_sc_mcu7t5v0__dffq_1)
                                  0.250000    1.933751   clock uncertainty
                                 -0.160357    1.773394   clock reconvergence pessimism
                                  0.036034    1.809428   library hold time
                                              1.809428   data required time
---------------------------------------------------------------------------------------------
                                              1.809428   data required time
                                             -5.024536   data arrival time
---------------------------------------------------------------------------------------------
                                              3.215108   slack (MET)


Startpoint: _160_ (rising edge-triggered flip-flop clocked by clk)
Endpoint: _160_ (rising edge-triggered flip-flop clocked by clk)
Path Group: clk
Path Type: min

Fanout         Cap        Slew       Delay        Time   Description
---------------------------------------------------------------------------------------------
                                  0.000000    0.000000   clock clk (rise edge)
                                  0.000000    0.000000   clock source latency
     1    0.030784    0.422451    0.186189    0.186189 ^ clk (in)
     4    0.097550    0.416631    0.731572    0.917761 ^ clkbuf_0_clk/Z (gf180mcu_fd_sc_mcu7t5v0__clkbuf_16)
     5    0.026722    0.245529    0.605565    1.523326 ^ clkbuf_2_3__f_clk/Z (gf180mcu_fd_sc_mcu7t5v0__clkbuf_16)
                      0.245529    0.000306    1.523632 ^ _160_/CLK (gf180mcu_fd_sc_mcu7t5v0__dffq_1)
     3    0.017295    0.526295    1.973896    3.497527 v _160_/Q (gf180mcu_fd_sc_mcu7t5v0__dffq_1)
     3    0.018286    2.014500    1.264140    4.761668 ^ _117_/Z (gf180mcu_fd_sc_mcu7t5v0__xor2_1)
     1    0.003006    0.516522    0.315760    5.077427 v _131_/ZN (gf180mcu_fd_sc_mcu7t5v0__nand2_1)
                      0.516522    0.000028    5.077456 v _160_/D (gf180mcu_fd_sc_mcu7t5v0__dffq_1)
                                              5.077456   data arrival time

                                  0.000000    0.000000   clock clk (rise edge)
                                  0.000000    0.000000   clock source latency
     1    0.030784    0.422451    0.205788    0.205788 ^ clk (in)
     4    0.097550    0.416631    0.808580    1.014367 ^ clkbuf_0_clk/Z (gf180mcu_fd_sc_mcu7t5v0__clkbuf_16)
     5    0.026722    0.245529    0.669309    1.683676 ^ clkbuf_2_3__f_clk/Z (gf180mcu_fd_sc_mcu7t5v0__clkbuf_16)
                      0.245529    0.000338    1.684014 ^ _160_/CLK (gf180mcu_fd_sc_mcu7t5v0__dffq_1)
                                  0.250000    1.934014   clock uncertainty
                                 -0.160382    1.773632   clock reconvergence pessimism
                                  0.048517    1.822149   library hold time
                                              1.822149   data required time
---------------------------------------------------------------------------------------------
                                              1.822149   data required time
                                             -5.077456   data arrival time
---------------------------------------------------------------------------------------------
                                              3.255307   slack (MET)


Startpoint: _158_ (rising edge-triggered flip-flop clocked by clk)
Endpoint: _158_ (rising edge-triggered flip-flop clocked by clk)
Path Group: clk
Path Type: min

Fanout         Cap        Slew       Delay        Time   Description
---------------------------------------------------------------------------------------------
                                  0.000000    0.000000   clock clk (rise edge)
                                  0.000000    0.000000   clock source latency
     1    0.030784    0.422451    0.186189    0.186189 ^ clk (in)
     4    0.097550    0.416631    0.731572    0.917761 ^ clkbuf_0_clk/Z (gf180mcu_fd_sc_mcu7t5v0__clkbuf_16)
     5    0.026722    0.245529    0.605565    1.523326 ^ clkbuf_2_3__f_clk/Z (gf180mcu_fd_sc_mcu7t5v0__clkbuf_16)
                      0.245529    0.000037    1.523363 ^ _158_/CLK (gf180mcu_fd_sc_mcu7t5v0__dffq_1)
     3    0.019026    0.576634    1.998334    3.521697 v _158_/Q (gf180mcu_fd_sc_mcu7t5v0__dffq_1)
     3    0.018060    1.995401    1.267621    4.789319 ^ _113_/Z (gf180mcu_fd_sc_mcu7t5v0__xor2_1)
     1    0.002785    0.505439    0.306791    5.096110 v _129_/ZN (gf180mcu_fd_sc_mcu7t5v0__nand2_1)
                      0.505439    0.000026    5.096136 v _158_/D (gf180mcu_fd_sc_mcu7t5v0__dffq_1)
                                              5.096136   data arrival time

                                  0.000000    0.000000   clock clk (rise edge)
                                  0.000000    0.000000   clock source latency
     1    0.030784    0.422451    0.205788    0.205788 ^ clk (in)
     4    0.097550    0.416631    0.808580    1.014367 ^ clkbuf_0_clk/Z (gf180mcu_fd_sc_mcu7t5v0__clkbuf_16)
     5    0.026722    0.245529    0.669309    1.683676 ^ clkbuf_2_3__f_clk/Z (gf180mcu_fd_sc_mcu7t5v0__clkbuf_16)
                      0.245529    0.000041    1.683717 ^ _158_/CLK (gf180mcu_fd_sc_mcu7t5v0__dffq_1)
                                  0.250000    1.933717   clock uncertainty
                                 -0.160354    1.773363   clock reconvergence pessimism
                                  0.052001    1.825365   library hold time
                                              1.825365   data required time
---------------------------------------------------------------------------------------------
                                              1.825365   data required time
                                             -5.096136   data arrival time
---------------------------------------------------------------------------------------------
                                              3.270771   slack (MET)


Startpoint: _153_ (rising edge-triggered flip-flop clocked by clk)
Endpoint: _154_ (rising edge-triggered flip-flop clocked by clk)
Path Group: clk
Path Type: min

Fanout         Cap        Slew       Delay        Time   Description
---------------------------------------------------------------------------------------------
                                  0.000000    0.000000   clock clk (rise edge)
                                  0.000000    0.000000   clock source latency
     1    0.030784    0.422451    0.186189    0.186189 ^ clk (in)
     4    0.097550    0.416631    0.731572    0.917761 ^ clkbuf_0_clk/Z (gf180mcu_fd_sc_mcu7t5v0__clkbuf_16)
     5    0.027271    0.246893    0.607126    1.524887 ^ clkbuf_2_1__f_clk/Z (gf180mcu_fd_sc_mcu7t5v0__clkbuf_16)
                      0.246893    0.000216    1.525103 ^ _153_/CLK (gf180mcu_fd_sc_mcu7t5v0__dffq_1)
     6    0.032677    0.821713    2.184215    3.709318 v _153_/Q (gf180mcu_fd_sc_mcu7t5v0__dffq_1)
     2    0.011733    1.052714    1.187916    4.897234 ^ _105_/ZN (gf180mcu_fd_sc_mcu7t5v0__xnor2_1)
     1    0.002862    0.376154    0.298949    5.196183 v _125_/ZN (gf180mcu_fd_sc_mcu7t5v0__nand2_1)
                      0.376154    0.000027    5.196210 v _154_/D (gf180mcu_fd_sc_mcu7t5v0__dffq_1)
                                              5.196210   data arrival time

                                  0.000000    0.000000   clock clk (rise edge)
                                  0.000000    0.000000   clock source latency
     1    0.030784    0.422451    0.205788    0.205788 ^ clk (in)
     4    0.097550    0.416631    0.808580    1.014367 ^ clkbuf_0_clk/Z (gf180mcu_fd_sc_mcu7t5v0__clkbuf_16)
     5    0.023816    0.238293    0.662710    1.677077 ^ clkbuf_2_0__f_clk/Z (gf180mcu_fd_sc_mcu7t5v0__clkbuf_16)
                      0.238293    0.000070    1.677148 ^ _154_/CLK (gf180mcu_fd_sc_mcu7t5v0__dffq_1)
                                  0.250000    1.927148   clock uncertainty
                                 -0.096606    1.830541   clock reconvergence pessimism
                                  0.079344    1.909886   library hold time
                                              1.909886   data required time
---------------------------------------------------------------------------------------------
                                              1.909886   data required time
                                             -5.196210   data arrival time
---------------------------------------------------------------------------------------------
                                              3.286325   slack (MET)


Startpoint: _156_ (rising edge-triggered flip-flop clocked by clk)
Endpoint: _156_ (rising edge-triggered flip-flop clocked by clk)
Path Group: clk
Path Type: min

Fanout         Cap        Slew       Delay        Time   Description
---------------------------------------------------------------------------------------------
                                  0.000000    0.000000   clock clk (rise edge)
                                  0.000000    0.000000   clock source latency
     1    0.030784    0.422451    0.186189    0.186189 ^ clk (in)
     4    0.097550    0.416631    0.731572    0.917761 ^ clkbuf_0_clk/Z (gf180mcu_fd_sc_mcu7t5v0__clkbuf_16)
     5    0.027271    0.246893    0.607126    1.524887 ^ clkbuf_2_1__f_clk/Z (gf180mcu_fd_sc_mcu7t5v0__clkbuf_16)
                      0.246893    0.000033    1.524920 ^ _156_/CLK (gf180mcu_fd_sc_mcu7t5v0__dffq_1)
     2    0.013351    0.452760    1.918787    3.443707 v _156_/Q (gf180mcu_fd_sc_mcu7t5v0__dffq_1)
     3    0.019021    2.077914    1.280381    4.724088 ^ _108_/Z (gf180mcu_fd_sc_mcu7t5v0__xor2_1)
     1    0.002924    0.334529    0.799101    5.523189 ^ _127_/Z (gf180mcu_fd_sc_mcu7t5v0__or2_1)
                      0.334529    0.000029    5.523218 ^ _156_/D (gf180mcu_fd_sc_mcu7t5v0__dffq_1)
                                              5.523218   data arrival time

                                  0.000000    0.000000   clock clk (rise edge)
                                  0.000000    0.000000   clock source latency
     1    0.030784    0.422451    0.205788    0.205788 ^ clk (in)
     4    0.097550    0.416631    0.808580    1.014367 ^ clkbuf_0_clk/Z (gf180mcu_fd_sc_mcu7t5v0__clkbuf_16)
     5    0.027271    0.246893    0.671034    1.685402 ^ clkbuf_2_1__f_clk/Z (gf180mcu_fd_sc_mcu7t5v0__clkbuf_16)
                      0.246893    0.000037    1.685438 ^ _156_/CLK (gf180mcu_fd_sc_mcu7t5v0__dffq_1)
                                  0.250000    1.935438   clock uncertainty
                                 -0.160518    1.774920   clock reconvergence pessimism
                                  0.053335    1.828255   library hold time
                                              1.828255   data required time
---------------------------------------------------------------------------------------------
                                              1.828255   data required time
                                             -5.523218   data arrival time
---------------------------------------------------------------------------------------------
                                              3.694963   slack (MET)


Startpoint: _157_ (rising edge-triggered flip-flop clocked by clk)
Endpoint: _157_ (rising edge-triggered flip-flop clocked by clk)
Path Group: clk
Path Type: min

Fanout         Cap        Slew       Delay        Time   Description
---------------------------------------------------------------------------------------------
                                  0.000000    0.000000   clock clk (rise edge)
                                  0.000000    0.000000   clock source latency
     1    0.030784    0.422451    0.186189    0.186189 ^ clk (in)
     4    0.097550    0.416631    0.731572    0.917761 ^ clkbuf_0_clk/Z (gf180mcu_fd_sc_mcu7t5v0__clkbuf_16)
     5    0.026722    0.245529    0.605565    1.523326 ^ clkbuf_2_3__f_clk/Z (gf180mcu_fd_sc_mcu7t5v0__clkbuf_16)
                      0.245529    0.000069    1.523395 ^ _157_/CLK (gf180mcu_fd_sc_mcu7t5v0__dffq_1)
     4    0.024691    1.233113    2.545984    4.069379 ^ _157_/Q (gf180mcu_fd_sc_mcu7t5v0__dffq_1)
     2    0.013500    0.729364    0.678392    4.747771 v _110_/Z (gf180mcu_fd_sc_mcu7t5v0__xor2_1)
     2    0.010561    0.640054    0.563084    5.310855 ^ _111_/ZN (gf180mcu_fd_sc_mcu7t5v0__clkinv_1)
     1    0.002997    0.320880    0.283094    5.593949 v _128_/ZN (gf180mcu_fd_sc_mcu7t5v0__nand2_1)
                      0.320880    0.000029    5.593978 v _157_/D (gf180mcu_fd_sc_mcu7t5v0__dffq_1)
                                              5.593978   data arrival time

                                  0.000000    0.000000   clock clk (rise edge)
                                  0.000000    0.000000   clock source latency
     1    0.030784    0.422451    0.205788    0.205788 ^ clk (in)
     4    0.097550    0.416631    0.808580    1.014367 ^ clkbuf_0_clk/Z (gf180mcu_fd_sc_mcu7t5v0__clkbuf_16)
     5    0.026722    0.245529    0.669309    1.683676 ^ clkbuf_2_3__f_clk/Z (gf180mcu_fd_sc_mcu7t5v0__clkbuf_16)
                      0.245529    0.000076    1.683752 ^ _157_/CLK (gf180mcu_fd_sc_mcu7t5v0__dffq_1)
                                  0.250000    1.933752   clock uncertainty
                                 -0.160357    1.773395   clock reconvergence pessimism
                                  0.093536    1.866931   library hold time
                                              1.866931   data required time
---------------------------------------------------------------------------------------------
                                              1.866931   data required time
                                             -5.593978   data arrival time
---------------------------------------------------------------------------------------------
                                              3.727047   slack (MET)


R2R_END_HOLD max_ss_125C_3v00
